Timestamp(KST),BTC_Price($),1m_Rolling_Liq($),1m_Long_Liq($),1m_Short_Liq($),Liq_Threshold($),1m_OI_Speed(%),OI_Speed_Threshold(%),1m_Price_Delta($),1m_Price_Slope,Signal,Bot_State
="2026-08-08 00:00:00",64957,365854,215780,150073,300000,-0.0044,0.2000,+0.0,+0.0000,NONE,RUNNING
="2026-08-08 00:01:00",64978,562746,315014,247731,300000,+0.0166,0.2000,+0.0,+0.0000,NONE,RUNNING
="2026-08-08 00:02:00",64958,525049,311209,213839,300000,+0.0026,0.2000,+0.0,+0.0000,NONE,RUNNING
="2026-08-08 00:03:00",64957,441454,252159,189295,300000,+0.0005,0.2000,+0.0,+0.0000,NONE,RUNNING
="2026-08-08 00:04:00",64938,282255,122058,160196,300000,+0.0001,0.2000,+0.0,+0.0000,NONE,RUNNING
="2026-08-08 00:05:00",64894,518978,506487,12491,300000,+0.0295,0.2000,+0.0,+0.0000,NONE,RUNNING
="2026-08-08 00:06:00",64941,69106,40134,28971,300000,+0.0035,0.2000,+0.0,+0.0000,NONE,RUNNING
="2026-08-08 00:07:00",64982,275608,95303,180305,300000,+0.0181,0.2000,+0.0,+0.0000,NONE,RUNNING
="2026-08-08 00:08:00",64935,110134,68067,42067,300000,-0.0045,0.2000,+0.0,+0.0000,NONE,RUNNING
="2026-08-08 00:09:00",64975,129731,29852,99878,300000,+0.0058,0.2000,+0.0,+0.0000,NONE,RUNNING
="2026-08-08 00:10:00",65027,503909,101033,402876,300000,-0.0053,0.2000,+0.0,+0.0000,NONE,RUNNING
="2026-08-08 00:11:00",65015,419408,406405,13003,300000,+0.0214,0.2000,+0.0,+0.0000,NONE,RUNNING
="2026-08-08 00:12:00",64949,114246,49179,65067,300000,+0.0074,0.2000,+0.0,+0.0000,NONE,RUNNING
="2026-08-08 00:13:00",64946,176593,85891,90701,300000,+0.0048,0.2000,+0.0,+0.0000,NONE,RUNNING
="2026-08-08 00:14:00",64950,136361,82034,54327,300000,-0.0030,0.2000,+0.0,+0.0000,NONE,RUNNING
="2026-08-08 00:15:01",64965,84931,25314,59617,300000,-0.0056,0.2000,+0.0,+0.0000,NONE,RUNNING
="2026-08-08 00:16:01",64947,290086,84537,205548,300000,-0.0032,0.2000,+0.0,+0.0000,NONE,RUNNING
="2026-08-08 00:17:01",64979,322564,243691,78872,300000,+0.0079,0.2000,+0.0,+0.0000,NONE,RUNNING
="2026-08-08 00:18:01",65001,261570,114348,147221,300000,+0.0247,0.2000,+0.0,+0.0000,NONE,RUNNING
="2026-08-08 00:19:01",64984,106649,106649,0,300000,+0.0042,0.2000,+0.0,+0.0000,NONE,RUNNING
="2026-08-08 00:20:01",64984,107269,93337,13932,300000,+0.0002,0.2000,+0.0,+0.0000,NONE,RUNNING
="2026-08-08 00:21:01",65033,37327,12597,24729,300000,-0.0027,0.2000,+0.0,+0.0000,NONE,RUNNING
="2026-08-08 00:22:01",64985,311722,277294,34427,300000,+0.0129,0.2000,+0.0,+0.0000,NONE,RUNNING
="2026-08-08 00:23:01",65008,164963,0,164963,300000,+0.0028,0.2000,+0.0,+0.0000,NONE,RUNNING
="2026-08-08 00:24:01",65014,183505,115533,67972,300000,-0.0044,0.2000,+0.0,+0.0000,NONE,RUNNING
="2026-08-08 00:25:01",65029,0,0,0,300000,+0.0067,0.2000,+0.0,+0.0000,NONE,RUNNING
="2026-08-08 00:26:01",65046,166357,111590,54767,300000,-0.0031,0.2000,+0.0,+0.0000,NONE,RUNNING
="2026-08-08 00:27:01",65046,519378,191941,327436,300000,+0.0102,0.2000,+0.0,+0.0000,NONE,RUNNING
="2026-08-08 00:28:01",65029,224497,164739,59757,300000,+0.0038,0.2000,+0.0,+0.0000,NONE,RUNNING
="2026-08-08 00:29:01",65026,82125,82125,0,300000,+0.0042,0.2000,+0.0,+0.0000,NONE,RUNNING
="2026-08-08 00:30:02",65025,132084,132084,0,300000,+0.0080,0.2000,+0.0,+0.0000,NONE,RUNNING
="2026-08-08 00:31:02",65013,335559,318500,17059,300000,+0.0107,0.2000,+0.0,+0.0000,NONE,RUNNING
="2026-08-08 00:32:02",65044,166502,99951,66551,300000,-0.0053,0.2000,+0.0,+0.0000,NONE,RUNNING
="2026-08-08 00:32:59",65125,367765,61527,306238,300000,+0.1299,0.2000,+0.0,+0.0000,NONE,RUNNING
="2026-08-08 00:33:00",65125,367765,61527,306238,300000,+0.1299,0.2000,+0.0,+0.0000,NONE,RUNNING
="2026-08-08 00:33:01",65125,367765,61527,306238,300000,+0.1299,0.2000,+0.0,+0.0000,NONE,RUNNING
="2026-08-08 00:33:02",65126,432621,61527,371093,300000,+0.1299,0.2000,+0.0,+0.0000,NONE,RUNNING
="2026-08-08 00:33:03",65136,432621,61527,371093,300000,+0.1296,0.2000,+0.0,+0.0000,NONE,RUNNING
="2026-08-08 00:33:04",65136,390171,19078,371093,300000,+0.1296,0.2000,+0.0,+0.0000,NONE,RUNNING
="2026-08-08 00:33:05",65136,390171,19078,371093,300000,+0.1268,0.2000,+0.0,+0.0000,NONE,RUNNING
="2026-08-08 00:33:06",65136,390171,19078,371093,300000,+0.1354,0.2000,+0.0,+0.0000,NONE,RUNNING
="2026-08-08 00:33:07",65136,390171,19078,371093,300000,+0.1375,0.2000,+0.0,+0.0000,NONE,RUNNING
="2026-08-08 00:33:08",65136,390171,19078,371093,300000,+0.1375,0.2000,+0.0,+0.0000,NONE,RUNNING
="2026-08-08 00:33:09",65136,390171,19078,371093,300000,+0.1377,0.2000,+0.0,+0.0000,NONE,RUNNING
="2026-08-08 00:33:10",65136,390171,19078,371093,300000,+0.1350,0.2000,+0.0,+0.0000,NONE,RUNNING
="2026-08-08 00:33:11",65136,390171,19078,371093,300000,+0.1350,0.2000,+0.0,+0.0000,NONE,RUNNING
="2026-08-08 00:33:12",65136,390171,19078,371093,300000,+0.1334,0.2000,+0.0,+0.0000,NONE,RUNNING
="2026-08-08 00:33:13",65136,390171,19078,371093,300000,+0.1334,0.2000,+0.0,+0.0000,NONE,RUNNING
="2026-08-08 00:33:14",65136,529919,158825,371093,300000,+0.1334,0.2000,+0.0,+0.0000,NONE,RUNNING
="2026-08-08 00:33:15",65126,540046,168952,371093,300000,+0.1333,0.2000,+0.0,+0.0000,NONE,RUNNING
="2026-08-08 00:33:16",65126,540046,168952,371093,300000,+0.1338,0.2000,+0.0,+0.0000,NONE,RUNNING
="2026-08-08 00:33:17",65126,520968,149874,371093,300000,+0.1338,0.2000,+0.0,+0.0000,NONE,RUNNING
="2026-08-08 00:33:18",65126,520968,149874,371093,300000,+0.1338,0.2000,+0.0,+0.0000,NONE,RUNNING
="2026-08-08 00:33:19",65116,602501,231407,371093,300000,+0.1338,0.2000,+0.0,+0.0000,NONE,RUNNING
="2026-08-08 00:33:20",65116,591894,231407,360487,300000,+0.1337,0.2000,+0.0,+0.0000,NONE,RUNNING
="2026-08-08 00:33:21",65116,617152,256665,360487,300000,+0.1336,0.2000,+0.0,+0.0000,NONE,RUNNING
="2026-08-08 00:33:22",65116,617152,256665,360487,300000,+0.1336,0.2000,+0.0,+0.0000,NONE,RUNNING
="2026-08-08 00:33:23",65104,641867,281380,360487,300000,+0.1319,0.2000,+0.0,+0.0000,NONE,RUNNING
="2026-08-08 00:33:24",65104,692644,332157,360487,300000,+0.1333,0.2000,+0.0,+0.0000,NONE,RUNNING
="2026-08-08 00:33:25",65097,692644,332157,360487,300000,+0.1333,0.2000,+0.0,+0.0000,NONE,RUNNING
="2026-08-08 00:33:26",65097,692644,332157,360487,300000,+0.1317,0.2000,+0.0,+0.0000,NONE,RUNNING
="2026-08-08 00:33:27",65097,692644,332157,360487,300000,+0.1319,0.2000,+0.0,+0.0000,NONE,RUNNING
="2026-08-08 00:33:28",65097,692644,332157,360487,300000,+0.1319,0.2000,+0.0,+0.0000,NONE,RUNNING
="2026-08-08 00:33:29",65097,717859,357372,360487,300000,+0.1235,0.2000,+0.0,+0.0000,NONE,RUNNING
="2026-08-08 00:33:30",65096,717859,357372,360487,300000,+0.1235,0.2000,+0.0,+0.0000,NONE,RUNNING
="2026-08-08 00:33:31",65096,717859,357372,360487,300000,+0.1208,0.2000,+0.0,+0.0000,NONE,RUNNING
="2026-08-08 00:33:32",65096,764395,403908,360487,300000,+0.1208,0.2000,+0.0,+0.0000,NONE,RUNNING
="2026-08-08 00:33:33",65096,764395,403908,360487,300000,+0.1209,0.2000,+0.0,+0.0000,NONE,RUNNING
="2026-08-08 00:33:34",65096,764395,403908,360487,300000,+0.1210,0.2000,+0.0,+0.0000,NONE,RUNNING
="2026-08-08 00:33:35",65096,764395,403908,360487,300000,+0.1192,0.2000,+0.0,+0.0000,NONE,RUNNING
="2026-08-08 00:33:36",65096,764395,403908,360487,300000,+0.1196,0.2000,+0.0,+0.0000,NONE,RUNNING
="2026-08-08 00:33:37",65100,764395,403908,360487,300000,+0.1196,0.2000,+0.0,+0.0000,NONE,RUNNING
="2026-08-08 00:33:38",65100,764395,403908,360487,300000,+0.1196,0.2000,+0.0,+0.0000,NONE,RUNNING
="2026-08-08 00:33:39",65100,764395,403908,360487,300000,+0.1196,0.2000,+0.0,+0.0000,NONE,RUNNING
="2026-08-08 00:33:40",65100,736841,403908,332933,300000,+0.1196,0.2000,+0.0,+0.0000,NONE,RUNNING
="2026-08-08 00:33:41",65100,736841,403908,332933,300000,+0.1196,0.2000,+0.0,+0.0000,NONE,RUNNING
="2026-08-08 00:33:42",65100,669429,403908,265520,300000,+0.1180,0.2000,+0.0,+0.0000,NONE,RUNNING
="2026-08-08 00:33:43",65100,686318,403908,282409,300000,+0.1180,0.2000,+0.0,+0.0000,NONE,RUNNING
="2026-08-08 00:33:44",65100,712230,429820,282409,300000,+0.1243,0.2000,+0.0,+0.0000,NONE,RUNNING
="2026-08-08 00:33:45",65094,712230,429820,282409,300000,+0.1243,0.2000,+0.0,+0.0000,NONE,RUNNING
="2026-08-08 00:33:46",65094,712230,429820,282409,300000,+0.1246,0.2000,+0.0,+0.0000,NONE,RUNNING
="2026-08-08 00:33:47",65094,763302,480892,282409,300000,+0.1246,0.2000,+0.0,+0.0000,NONE,RUNNING
="2026-08-08 00:33:49",65094,788455,506045,282409,300000,+0.1245,0.2000,+0.0,+0.0000,NONE,RUNNING
="2026-08-08 00:33:50",65094,788455,506045,282409,300000,+0.1245,0.2000,+0.0,+0.0000,NONE,RUNNING
="2026-08-08 00:33:51",65094,738417,506045,232372,300000,+0.1199,0.2000,+0.0,+0.0000,NONE,RUNNING
="2026-08-08 00:33:52",65094,738417,506045,232372,300000,+0.1199,0.2000,+0.0,+0.0000,NONE,RUNNING
="2026-08-08 00:33:53",65094,724035,531665,192369,300000,+0.1199,0.2000,+0.0,+0.0000,NONE,RUNNING
="2026-08-08 00:33:54",65094,724035,531665,192369,300000,+0.1199,0.2000,+0.0,+0.0000,NONE,RUNNING
="2026-08-08 00:33:55",65094,724035,531665,192369,300000,+0.1199,0.2000,+0.0,+0.0000,NONE,RUNNING
="2026-08-08 00:33:56",65094,631259,531665,99594,300000,+0.1263,0.2000,+0.0,+0.0000,NONE,RUNNING
="2026-08-08 00:33:57",65094,613410,531665,81744,300000,+0.0735,0.2000,+0.0,+0.0000,NONE,RUNNING
="2026-08-08 00:33:58",65094,613410,531665,81744,300000,+0.0735,0.2000,+0.0,+0.0000,NONE,RUNNING
="2026-08-08 00:33:59",65094,613410,531665,81744,300000,+0.0735,0.2000,+0.0,+0.0000,NONE,RUNNING
="2026-08-08 00:34:00",65094,624515,531665,92850,300000,+0.0111,0.2000,+0.0,+0.0000,NONE,RUNNING
="2026-08-08 00:34:01",65096,624515,531665,92850,300000,+0.0111,0.2000,+0.0,+0.0000,NONE,RUNNING
="2026-08-08 00:34:02",65096,559660,531665,27994,300000,+0.0109,0.2000,+0.0,+0.0000,NONE,RUNNING
="2026-08-08 00:34:03",65096,559660,531665,27994,300000,+0.0111,0.2000,+0.0,+0.0000,NONE,RUNNING
="2026-08-08 00:34:04",65096,559660,531665,27994,300000,+0.0111,0.2000,+0.0,+0.0000,NONE,RUNNING
="2026-08-08 00:34:05",65096,559660,531665,27994,300000,+0.0092,0.2000,+0.0,+0.0000,NONE,RUNNING
="2026-08-08 00:34:06",65096,559660,531665,27994,300000,+0.0006,0.2000,+0.0,+0.0000,NONE,RUNNING
="2026-08-08 00:34:07",65096,559660,531665,27994,300000,+0.0006,0.2000,+0.0,+0.0000,NONE,RUNNING
="2026-08-08 00:34:08",65096,559660,531665,27994,300000,+0.0000,0.2000,+0.0,+0.0000,NONE,RUNNING
="2026-08-08 00:34:09",65096,585349,557354,27994,300000,+0.0000,0.2000,+0.0,+0.0000,NONE,RUNNING
="2026-08-08 00:34:10",65096,585349,557354,27994,300000,-0.0002,0.2000,+0.0,+0.0000,NONE,RUNNING
="2026-08-08 00:34:11",65082,621856,593861,27994,300000,-0.0002,0.2000,+0.0,+0.0000,NONE,RUNNING
="2026-08-08 00:34:12",65081,621856,593861,27994,300000,+0.0015,0.2000,+0.0,+0.0000,NONE,RUNNING
="2026-08-08 00:34:13",65081,621856,593861,27994,300000,+0.0015,0.2000,+0.0,+0.0000,NONE,RUNNING
="2026-08-08 00:34:14",65081,596746,568752,27994,300000,+0.0011,0.2000,+0.0,+0.0000,NONE,RUNNING
="2026-08-08 00:34:15",65081,482108,454113,27994,300000,+0.0011,0.2000,+0.0,+0.0000,NONE,RUNNING
="2026-08-08 00:34:16",65081,471981,443986,27994,300000,+0.0012,0.2000,+0.0,+0.0000,NONE,RUNNING
="2026-08-08 00:34:17",65081,471981,443986,27994,300000,+0.0029,0.2000,+0.0,+0.0000,NONE,RUNNING
="2026-08-08 00:34:18",65081,471981,443986,27994,300000,+0.0029,0.2000,+0.0,+0.0000,NONE,RUNNING
="2026-08-08 00:34:19",65081,390449,362454,27994,300000,+0.0029,0.2000,+0.0,+0.0000,NONE,RUNNING
="2026-08-08 00:34:20",65081,390449,362454,27994,300000,+0.0029,0.2000,+0.0,+0.0000,NONE,RUNNING
="2026-08-08 00:34:21",65081,390449,362454,27994,300000,+0.0029,0.2000,+0.0,+0.0000,NONE,RUNNING
="2026-08-08 00:34:22",65081,365190,337195,27994,300000,+0.0031,0.2000,+0.0,+0.0000,NONE,RUNNING
="2026-08-08 00:34:23",65081,340475,312481,27994,300000,+0.0030,0.2000,+0.0,+0.0000,NONE,RUNNING
="2026-08-08 00:34:24",65081,289698,261703,27994,300000,+0.0016,0.2000,+0.0,+0.0000,NONE,RUNNING
="2026-08-08 00:34:25",65081,289698,261703,27994,300000,+0.0016,0.2000,+0.0,+0.0000,NONE,RUNNING
="2026-08-08 00:34:26",65081,289698,261703,27994,300000,+0.0020,0.2000,+0.0,+0.0000,NONE,RUNNING
="2026-08-08 00:34:27",65081,289698,261703,27994,300000,+0.0020,0.2000,+0.0,+0.0000,NONE,RUNNING
="2026-08-08 00:34:28",65076,327469,299474,27994,300000,+0.0018,0.2000,+0.0,+0.0000,NONE,RUNNING
="2026-08-08 00:34:29",65070,388093,360098,27994,300000,+0.0018,0.2000,+0.0,+0.0000,NONE,RUNNING
="2026-08-08 00:34:30",65066,362878,334883,27994,300000,+0.0018,0.2000,+0.0,+0.0000,NONE,RUNNING
="2026-08-08 00:34:31",65066,452950,334883,118067,300000,+0.0045,0.2000,+0.0,+0.0000,NONE,RUNNING
="2026-08-08 00:34:32",65066,406415,288348,118067,300000,+0.0045,0.2000,+0.0,+0.0000,NONE,RUNNING
="2026-08-08 00:34:33",65066,406415,288348,118067,300000,+0.0040,0.2000,+0.0,+0.0000,NONE,RUNNING
="2026-08-08 00:34:34",65066,406415,288348,118067,300000,+0.0039,0.2000,+0.0,+0.0000,NONE,RUNNING
="2026-08-08 00:34:35",65066,432275,314208,118067,300000,+0.0040,0.2000,+0.0,+0.0000,NONE,RUNNING
="2026-08-08 00:34:36",65059,432275,314208,118067,300000,+0.0040,0.2000,+0.0,+0.0000,NONE,RUNNING
="2026-08-08 00:34:37",65059,432275,314208,118067,300000,+0.0036,0.2000,+0.0,+0.0000,NONE,RUNNING
="2026-08-08 00:34:38",65059,432275,314208,118067,300000,+0.0036,0.2000,+0.0,+0.0000,NONE,RUNNING
="2026-08-08 00:34:39",65059,432275,314208,118067,300000,+0.0051,0.2000,+0.0,+0.0000,NONE,RUNNING
="2026-08-08 00:34:40",65059,432275,314208,118067,300000,+0.0051,0.2000,+0.0,+0.0000,NONE,RUNNING
="2026-08-08 00:34:41",65059,432275,314208,118067,300000,+0.0051,0.2000,+0.0,+0.0000,NONE,RUNNING
="2026-08-08 00:34:42",65059,432275,314208,118067,300000,+0.0051,0.2000,+0.0,+0.0000,NONE,RUNNING
="2026-08-08 00:34:43",65059,432275,314208,118067,300000,+0.0067,0.2000,+0.0,+0.0000,NONE,RUNNING
="2026-08-08 00:34:44",65059,415386,314208,101177,300000,+0.0067,0.2000,+0.0,+0.0000,NONE,RUNNING
="2026-08-08 00:34:45",65059,389474,288296,101177,300000,+0.0067,0.2000,+0.0,+0.0000,NONE,RUNNING
="2026-08-08 00:34:46",65059,389474,288296,101177,300000,+0.0063,0.2000,+0.0,+0.0000,NONE,RUNNING
="2026-08-08 00:34:47",65059,389474,288296,101177,300000,+0.0063,0.2000,+0.0,+0.0000,NONE,RUNNING
="2026-08-08 00:34:48",65059,313248,212070,101177,300000,+0.0051,0.2000,+0.0,+0.0000,NONE,RUNNING
="2026-08-08 00:34:49",65059,313248,212070,101177,300000,+0.0053,0.2000,+0.0,+0.0000,NONE,RUNNING
="2026-08-08 00:34:50",65059,313248,212070,101177,300000,+0.0053,0.2000,+0.0,+0.0000,NONE,RUNNING
="2026-08-08 00:34:51",65059,313248,212070,101177,300000,+0.0128,0.2000,+0.0,+0.0000,NONE,RUNNING
="2026-08-08 00:34:52",65059,287628,186450,101177,300000,+0.0128,0.2000,+0.0,+0.0000,NONE,RUNNING
="2026-08-08 00:34:53",65059,287628,186450,101177,300000,+0.0128,0.2000,+0.0,+0.0000,NONE,RUNNING
="2026-08-08 00:34:54",65059,287628,186450,101177,300000,+0.0130,0.2000,+0.0,+0.0000,NONE,RUNNING
="2026-08-08 00:34:55",65059,287628,186450,101177,300000,+0.0066,0.2000,+0.0,+0.0000,NONE,RUNNING
="2026-08-08 00:35:55",65072,142934,142934,0,300000,+0.0052,0.2000,+0.0,+0.0000,NONE,RUNNING
="2026-08-08 00:36:55",65068,141511,128743,12767,300000,+0.0104,0.2000,+0.0,+0.0000,NONE,RUNNING
="2026-08-08 00:37:55",65026,443764,334695,109069,300000,+0.0148,0.2000,+0.0,+0.0000,NONE,RUNNING
="2026-08-08 00:38:55",64992,619046,520109,98936,300000,-0.0029,0.2000,+0.0,+0.0000,NONE,RUNNING
="2026-08-08 00:39:55",64997,27423,0,27423,300000,+0.0081,0.2000,+0.0,+0.0000,NONE,RUNNING
="2026-08-08 00:40:56",65006,188740,88494,100246,300000,+0.0126,0.2000,+0.0,+0.0000,NONE,RUNNING
="2026-08-08 00:41:56",65016,361706,218421,143285,300000,+0.0138,0.2000,+0.0,+0.0000,NONE,RUNNING
="2026-08-08 00:42:56",65022,287714,273703,14011,300000,+0.0113,0.2000,+0.0,+0.0000,NONE,RUNNING
="2026-08-08 00:43:56",65031,158963,113453,45509,300000,+0.0206,0.2000,+0.0,+0.0000,NONE,RUNNING
="2026-08-08 00:44:56",65022,172533,172533,0,300000,+0.0296,0.2000,+0.0,+0.0000,NONE,RUNNING
="2026-08-08 00:45:56",65022,233927,194920,39006,300000,+0.0086,0.2000,+0.0,+0.0000,NONE,RUNNING
="2026-08-08 00:46:56",65013,256585,246558,10026,300000,+0.0057,0.2000,+0.0,+0.0000,NONE,RUNNING
="2026-08-08 00:47:56",65004,1254554,1222208,32345,300000,+0.0213,0.2000,+0.0,+0.0000,NONE,RUNNING
="2026-08-08 00:48:56",65008,160228,148134,12094,300000,+0.0082,0.2000,+0.0,+0.0000,NONE,RUNNING
="2026-08-08 00:49:56",65005,440568,371122,69445,300000,+0.0097,0.2000,+0.0,+0.0000,NONE,RUNNING
="2026-08-08 00:50:56",65025,95765,12810,82955,300000,-0.0015,0.2000,+0.0,+0.0000,NONE,RUNNING
="2026-08-08 00:51:56",65014,315186,315186,0,300000,-0.0053,0.2000,+0.0,+0.0000,NONE,RUNNING
="2026-08-08 00:52:56",64981,328575,305131,23444,300000,-0.0054,0.2000,+0.0,+0.0000,NONE,RUNNING
="2026-08-08 00:53:56",64946,417697,392369,25328,300000,-0.0118,0.2000,+0.0,+0.0000,NONE,RUNNING
="2026-08-08 00:54:57",64952,160944,57838,103106,300000,-0.0153,0.2000,+0.0,+0.0000,NONE,RUNNING
="2026-08-08 00:55:57",64952,473225,357406,115819,300000,-0.0098,0.2000,+0.0,+0.0000,NONE,RUNNING
="2026-08-08 00:56:57",64959,45577,18095,27481,300000,+0.0021,0.2000,+0.0,+0.0000,NONE,RUNNING
="2026-08-08 00:57:57",64956,280492,235715,44776,300000,-0.0005,0.2000,+0.0,+0.0000,NONE,RUNNING
="2026-08-08 00:58:57",64936,577245,577245,0,300000,-0.0059,0.2000,+0.0,+0.0000,NONE,RUNNING
="2026-08-08 00:59:57",64910,506056,317664,188392,300000,-0.0079,0.2000,+0.0,+0.0000,NONE,RUNNING
="2026-08-08 01:00:57",64931,480800,192636,288163,300000,-0.0080,0.2000,+0.0,+0.0000,NONE,RUNNING
="2026-08-08 01:01:57",64948,1391213,298832,1092381,300000,-0.0166,0.2000,+0.0,+0.0000,NONE,RUNNING
="2026-08-08 01:02:57",64965,123486,123486,0,300000,-0.0082,0.2000,+0.0,+0.0000,NONE,RUNNING
="2026-08-08 01:03:57",64966,553210,353655,199554,300000,-0.0006,0.2000,+0.0,+0.0000,NONE,RUNNING
="2026-08-08 01:04:57",64974,294278,269257,25020,300000,+0.0029,0.2000,+0.0,+0.0000,NONE,RUNNING
="2026-08-08 01:05:57",64974,316863,267842,49021,300000,+0.0062,0.2000,+0.0,+0.0000,NONE,RUNNING
="2026-08-08 01:06:57",64997,54533,0,54533,300000,+0.0165,0.2000,+0.0,+0.0000,NONE,RUNNING
="2026-08-08 01:07:57",65009,352490,168935,183555,300000,+0.0307,0.2000,+0.0,+0.0000,NONE,RUNNING
="2026-08-08 01:08:57",65000,342263,327980,14282,300000,+0.0105,0.2000,+0.0,+0.0000,NONE,RUNNING
="2026-08-08 01:09:57",65021,55418,23016,32401,300000,-0.0048,0.2000,+0.0,+0.0000,NONE,RUNNING
="2026-08-08 01:10:57",65016,40604,40604,0,300000,+0.0151,0.2000,+0.0,+0.0000,NONE,RUNNING
="2026-08-08 01:11:58",65002,113941,113941,0,300000,-0.0024,0.2000,+0.0,+0.0000,NONE,RUNNING
="2026-08-08 01:12:58",65002,23929,0,23929,300000,+0.0019,0.2000,+0.0,+0.0000,NONE,RUNNING
="2026-08-08 01:13:58",65061,280322,163159,117162,300000,-0.0362,0.2000,+0.0,+0.0000,NONE,RUNNING
="2026-08-08 01:14:58",65050,297513,268785,28728,300000,-0.0268,0.2000,+0.0,+0.0000,NONE,RUNNING
="2026-08-08 01:15:58",65016,112827,112827,0,300000,-0.0107,0.2000,+0.0,+0.0000,NONE,RUNNING
="2026-08-08 01:16:58",65026,308794,169643,139150,300000,+0.0045,0.2000,+0.0,+0.0000,NONE,RUNNING
="2026-08-08 01:17:58",64997,651020,472605,178414,300000,+0.0275,0.2000,+0.0,+0.0000,NONE,RUNNING
="2026-08-08 01:18:58",65001,51995,16401,35593,300000,+0.0018,0.2000,+0.0,+0.0000,NONE,RUNNING
="2026-08-08 01:19:58",64987,193797,158207,35590,300000,+0.0154,0.2000,+0.0,+0.0000,NONE,RUNNING
="2026-08-08 01:20:58",65026,1289382,855478,433903,300000,+0.0170,0.2000,+0.0,+0.0000,NONE,RUNNING
="2026-08-08 01:21:58",65000,66813,66813,0,300000,+0.0006,0.2000,+0.0,+0.0000,NONE,RUNNING
="2026-08-08 01:22:58",64981,157094,133617,23476,300000,-0.0055,0.2000,+0.0,+0.0000,NONE,RUNNING
="2026-08-08 01:23:58",64934,764282,729497,34784,300000,+0.0095,0.2000,+0.0,+0.0000,NONE,RUNNING
="2026-08-08 01:24:58",64925,201798,182970,18828,300000,-0.0174,0.2000,+0.0,+0.0000,NONE,RUNNING
="2026-08-08 01:25:58",64923,434002,203811,230190,300000,-0.0207,0.2000,+0.0,+0.0000,NONE,RUNNING
="2026-08-08 01:26:58",64913,194267,161494,32772,300000,-0.0054,0.2000,+0.0,+0.0000,NONE,RUNNING
="2026-08-08 01:27:58",64920,196765,172877,23887,300000,-0.0183,0.2000,+0.0,+0.0000,NONE,RUNNING
="2026-08-08 01:28:58",64930,807459,576732,230726,300000,-0.0086,0.2000,+0.0,+0.0000,NONE,RUNNING
="2026-08-08 01:29:58",64931,13123,0,13123,300000,+0.0072,0.2000,+0.0,+0.0000,NONE,RUNNING
="2026-08-08 01:30:58",64924,443534,414040,29493,300000,-0.0038,0.2000,+0.0,+0.0000,NONE,RUNNING
="2026-08-08 01:31:37",64886,1967791,1876527,91264,300000,-0.1009,0.2000,+0.0,+0.0000,NONE,RUNNING
="2026-08-08 01:31:38",64886,1967791,1876527,91264,300000,-0.1009,0.2000,+0.0,+0.0000,NONE,RUNNING
="2026-08-08 01:31:39",64886,1994898,1876527,118371,300000,-0.1033,0.2000,+0.0,+0.0000,NONE,RUNNING
="2026-08-08 01:31:40",64886,1994898,1876527,118371,300000,-0.1034,0.2000,+0.0,+0.0000,NONE,RUNNING
="2026-08-08 01:31:41",64886,1994898,1876527,118371,300000,-0.1034,0.2000,+0.0,+0.0000,NONE,RUNNING
="2026-08-08 01:31:42",64886,2550958,2432586,118371,300000,-0.1034,0.2000,+0.0,+0.0000,NONE,RUNNING
="2026-08-08 01:31:43",64887,2550958,2432586,118371,300000,-0.1034,0.2000,+0.0,+0.0000,NONE,RUNNING
="2026-08-08 01:31:44",64887,2550958,2432586,118371,300000,-0.1034,0.2000,+0.0,+0.0000,NONE,RUNNING
="2026-08-08 01:31:45",64887,2550958,2432586,118371,300000,-0.1000,0.2000,+0.0,+0.0000,NONE,RUNNING
="2026-08-08 01:31:46",64887,2550958,2432586,118371,300000,-0.0990,0.2000,+0.0,+0.0000,NONE,RUNNING
="2026-08-08 01:31:47",64887,2550958,2432586,118371,300000,-0.0990,0.2000,+0.0,+0.0000,NONE,RUNNING
="2026-08-08 01:31:48",64888,2550958,2432586,118371,300000,-0.1032,0.2000,+0.0,+0.0000,NONE,RUNNING
="2026-08-08 01:31:49",64888,2550958,2432586,118371,300000,-0.1021,0.2000,+0.0,+0.0000,NONE,RUNNING
="2026-08-08 01:31:50",64887,2550958,2432586,118371,300000,-0.1065,0.2000,+0.0,+0.0000,NONE,RUNNING
="2026-08-08 01:31:51",64888,2550958,2432586,118371,300000,-0.1065,0.2000,+0.0,+0.0000,NONE,RUNNING
="2026-08-08 01:31:52",64888,2550958,2432586,118371,300000,-0.1058,0.2000,+0.0,+0.0000,NONE,RUNNING
="2026-08-08 01:31:53",64888,2550958,2432586,118371,300000,-0.1058,0.2000,+0.0,+0.0000,NONE,RUNNING
="2026-08-08 01:31:54",64888,2540707,2422336,118371,300000,-0.1070,0.2000,+0.0,+0.0000,NONE,RUNNING
="2026-08-08 01:31:55",64886,2540707,2422336,118371,300000,-0.1070,0.2000,+0.0,+0.0000,NONE,RUNNING
="2026-08-08 01:31:56",64880,2591743,2473371,118371,300000,-0.1070,0.2000,+0.0,+0.0000,NONE,RUNNING
="2026-08-08 01:31:57",64880,2591743,2473371,118371,300000,-0.1066,0.2000,+0.0,+0.0000,NONE,RUNNING
="2026-08-08 01:31:58",64880,2591743,2473371,118371,300000,-0.1080,0.2000,+0.0,+0.0000,NONE,RUNNING
="2026-08-08 01:31:59",64880,2591743,2473371,118371,300000,-0.1080,0.2000,+0.0,+0.0000,NONE,RUNNING
="2026-08-08 01:32:00",64880,2591743,2473371,118371,300000,-0.1089,0.2000,+0.0,+0.0000,NONE,RUNNING
="2026-08-08 01:32:01",64878,2591743,2473371,118371,300000,-0.1089,0.2000,+0.0,+0.0000,NONE,RUNNING
="2026-08-08 01:32:02",64877,2591743,2473371,118371,300000,-0.1101,0.2000,+0.0,+0.0000,NONE,RUNNING
="2026-08-08 01:32:03",64875,2591743,2473371,118371,300000,-0.1111,0.2000,+0.0,+0.0000,NONE,RUNNING
="2026-08-08 01:32:04",64874,2591743,2473371,118371,300000,-0.1111,0.2000,+0.0,+0.0000,NONE,RUNNING
="2026-08-08 01:32:05",64874,2542629,2424258,118371,300000,-0.1111,0.2000,+0.0,+0.0000,NONE,RUNNING
="2026-08-08 01:32:06",64874,2542629,2424258,118371,300000,-0.1112,0.2000,+0.0,+0.0000,NONE,RUNNING
="2026-08-08 01:32:07",64874,2542629,2424258,118371,300000,-0.1115,0.2000,+0.0,+0.0000,NONE,RUNNING
="2026-08-08 01:32:08",64874,2542629,2424258,118371,300000,-0.1115,0.2000,+0.0,+0.0000,NONE,RUNNING
="2026-08-08 01:32:09",64873,2542629,2424258,118371,300000,-0.1115,0.2000,+0.0,+0.0000,NONE,RUNNING
="2026-08-08 01:32:10",64876,2464396,2346024,118371,300000,-0.1179,0.2000,+0.0,+0.0000,NONE,RUNNING
="2026-08-08 01:32:11",64878,2464396,2346024,118371,300000,-0.1179,0.2000,+0.0,+0.0000,NONE,RUNNING
="2026-08-08 01:32:12",64878,2464396,2346024,118371,300000,-0.1192,0.2000,+0.0,+0.0000,NONE,RUNNING
="2026-08-08 01:32:13",64878,2464396,2346024,118371,300000,-0.1192,0.2000,+0.0,+0.0000,NONE,RUNNING
="2026-08-08 01:32:14",64877,2464396,2346024,118371,300000,-0.1192,0.2000,+0.0,+0.0000,NONE,RUNNING
="2026-08-08 01:32:15",64880,2464396,2346024,118371,300000,-0.1225,0.2000,+0.0,+0.0000,NONE,RUNNING
="2026-08-08 01:32:16",64880,2464396,2346024,118371,300000,-0.1109,0.2000,+0.0,+0.0000,NONE,RUNNING
="2026-08-08 01:32:17",64880,2464396,2346024,118371,300000,-0.1109,0.2000,+0.0,+0.0000,NONE,RUNNING
="2026-08-08 01:32:18",64880,2464396,2346024,118371,300000,-0.1109,0.2000,+0.0,+0.0000,NONE,RUNNING
="2026-08-08 01:32:19",64885,2464396,2346024,118371,300000,-0.1204,0.2000,+0.0,+0.0000,NONE,RUNNING
="2026-08-08 01:32:20",64886,2454049,2335678,118371,300000,-0.1204,0.2000,+0.0,+0.0000,NONE,RUNNING
="2026-08-08 01:32:21",64886,2454049,2335678,118371,300000,-0.1208,0.2000,+0.0,+0.0000,NONE,RUNNING
="2026-08-08 01:32:22",64886,2454049,2335678,118371,300000,-0.1208,0.2000,+0.0,+0.0000,NONE,RUNNING
="2026-08-08 01:32:23",64886,2454049,2335678,118371,300000,-0.1209,0.2000,+0.0,+0.0000,NONE,RUNNING
="2026-08-08 01:32:24",64886,2454049,2335678,118371,300000,-0.1211,0.2000,+0.0,+0.0000,NONE,RUNNING
="2026-08-08 01:32:25",64889,2615719,2335678,280040,300000,-0.1211,0.2000,+0.0,+0.0000,NONE,RUNNING
="2026-08-08 01:32:26",64893,2615719,2335678,280040,300000,-0.1212,0.2000,+0.0,+0.0000,NONE,RUNNING
="2026-08-08 01:32:27",64893,909712,694102,215609,300000,-0.1212,0.2000,+0.0,+0.0000,NONE,RUNNING
="2026-08-08 01:32:28",64895,909712,694102,215609,300000,-0.1212,0.2000,+0.0,+0.0000,NONE,RUNNING
="2026-08-08 01:32:29",64895,822704,607095,215609,300000,-0.1212,0.2000,+0.0,+0.0000,NONE,RUNNING
="2026-08-08 01:32:30",64896,822704,607095,215609,300000,-0.1212,0.2000,+0.0,+0.0000,NONE,RUNNING
="2026-08-08 01:32:31",64896,795871,607095,188776,300000,-0.1235,0.2000,+0.0,+0.0000,NONE,RUNNING
="2026-08-08 01:32:32",64896,795871,607095,188776,300000,-0.0372,0.2000,+0.0,+0.0000,NONE,RUNNING
="2026-08-08 01:32:33",64896,795871,607095,188776,300000,-0.0372,0.2000,+0.0,+0.0000,NONE,RUNNING
="2026-08-08 01:32:34",64896,795871,607095,188776,300000,-0.0373,0.2000,+0.0,+0.0000,NONE,RUNNING
="2026-08-08 01:32:35",64896,795871,607095,188776,300000,-0.0338,0.2000,+0.0,+0.0000,NONE,RUNNING
="2026-08-08 01:32:36",64896,795871,607095,188776,300000,-0.0338,0.2000,+0.0,+0.0000,NONE,RUNNING
="2026-08-08 01:32:37",64896,795871,607095,188776,300000,-0.0326,0.2000,+0.0,+0.0000,NONE,RUNNING
="2026-08-08 01:32:38",64896,795871,607095,188776,300000,-0.0302,0.2000,+0.0,+0.0000,NONE,RUNNING
="2026-08-08 01:32:39",64896,768764,607095,161669,300000,-0.0302,0.2000,+0.0,+0.0000,NONE,RUNNING
="2026-08-08 01:32:40",64904,782203,607095,175108,300000,-0.0302,0.2000,+0.0,+0.0000,NONE,RUNNING
="2026-08-08 01:32:41",64907,782203,607095,175108,300000,-0.0302,0.2000,+0.0,+0.0000,NONE,RUNNING
="2026-08-08 01:32:42",64907,226143,51035,175108,300000,-0.0303,0.2000,+0.0,+0.0000,NONE,RUNNING
="2026-08-08 01:32:43",64907,226143,51035,175108,300000,-0.0303,0.2000,+0.0,+0.0000,NONE,RUNNING
="2026-08-08 01:32:44",64907,226143,51035,175108,300000,-0.0337,0.2000,+0.0,+0.0000,NONE,RUNNING
="2026-08-08 01:32:45",64907,226143,51035,175108,300000,-0.0337,0.2000,+0.0,+0.0000,NONE,RUNNING
="2026-08-08 01:32:46",64907,226143,51035,175108,300000,-0.0351,0.2000,+0.0,+0.0000,NONE,RUNNING
="2026-08-08 01:32:47",64907,226143,51035,175108,300000,-0.0308,0.2000,+0.0,+0.0000,NONE,RUNNING
="2026-08-08 01:32:48",64907,244025,51035,192990,300000,-0.0308,0.2000,+0.0,+0.0000,NONE,RUNNING
="2026-08-08 01:32:49",64910,244025,51035,192990,300000,-0.0307,0.2000,+0.0,+0.0000,NONE,RUNNING
="2026-08-08 01:32:50",64910,320076,51035,269041,300000,-0.0264,0.2000,+0.0,+0.0000,NONE,RUNNING
="2026-08-08 01:32:51",64910,1377176,51035,1326140,300000,-0.0267,0.2000,+0.0,+0.0000,NONE,RUNNING
="2026-08-08 01:32:52",64915,1442096,115955,1326140,300000,-0.0267,0.2000,+0.0,+0.0000,NONE,RUNNING
="2026-08-08 01:32:53",64920,1442096,115955,1326140,300000,-0.0267,0.2000,+0.0,+0.0000,NONE,RUNNING
="2026-08-08 01:32:54",64920,1442096,115955,1326140,300000,-0.0114,0.2000,+0.0,+0.0000,NONE,RUNNING
="2026-08-08 01:32:55",64926,1391061,64920,1326140,300000,-0.0114,0.2000,+0.0,+0.0000,NONE,RUNNING
="2026-08-08 01:32:56",64936,1409279,64920,1344359,300000,-0.0118,0.2000,+0.0,+0.0000,NONE,RUNNING
="2026-08-08 01:32:57",64941,1409279,64920,1344359,300000,-0.0118,0.2000,+0.0,+0.0000,NONE,RUNNING
="2026-08-08 01:32:58",64942,1409279,64920,1344359,300000,-0.0118,0.2000,+0.0,+0.0000,NONE,RUNNING
="2026-08-08 01:32:59",64942,1409279,64920,1344359,300000,-0.0109,0.2000,+0.0,+0.0000,NONE,RUNNING
="2026-08-08 01:33:01",64942,1409279,64920,1344359,300000,-0.0109,0.2000,+0.0,+0.0000,NONE,RUNNING
="2026-08-08 01:33:02",64944,1409279,64920,1344359,300000,-0.0019,0.2000,+0.0,+0.0000,NONE,RUNNING
="2026-08-08 01:33:03",64944,1409279,64920,1344359,300000,-0.0019,0.2000,+0.0,+0.0000,NONE,RUNNING
="2026-08-08 01:33:04",64944,1409279,64920,1344359,300000,-0.0009,0.2000,+0.0,+0.0000,NONE,RUNNING
="2026-08-08 01:33:05",64943,1409279,64920,1344359,300000,-0.0009,0.2000,+0.0,+0.0000,NONE,RUNNING
="2026-08-08 01:33:06",64943,1409279,64920,1344359,300000,-0.0008,0.2000,+0.0,+0.0000,NONE,RUNNING
="2026-08-08 01:33:07",64943,1409279,64920,1344359,300000,-0.0008,0.2000,+0.0,+0.0000,NONE,RUNNING
="2026-08-08 01:33:08",64946,1409279,64920,1344359,300000,+0.0011,0.2000,+0.0,+0.0000,NONE,RUNNING
="2026-08-08 01:33:09",64952,1440390,64920,1375470,300000,+0.0011,0.2000,+0.0,+0.0000,NONE,RUNNING
="2026-08-08 01:33:10",64955,1440390,64920,1375470,300000,+0.0075,0.2000,+0.0,+0.0000,NONE,RUNNING
="2026-08-08 01:33:11",64955,1465314,64920,1400394,300000,+0.0065,0.2000,+0.0,+0.0000,NONE,RUNNING
="2026-08-08 01:33:12",64955,1465314,64920,1400394,300000,+0.0065,0.2000,+0.0,+0.0000,NONE,RUNNING
="2026-08-08 01:33:13",64955,1465314,64920,1400394,300000,+0.0077,0.2000,+0.0,+0.0000,NONE,RUNNING
="2026-08-08 01:33:14",64955,1465314,64920,1400394,300000,+0.0077,0.2000,+0.0,+0.0000,NONE,RUNNING
="2026-08-08 01:33:15",64955,1465314,64920,1400394,300000,+0.0110,0.2000,+0.0,+0.0000,NONE,RUNNING
="2026-08-08 01:33:16",64955,1465314,64920,1400394,300000,+0.0110,0.2000,+0.0,+0.0000,NONE,RUNNING
="2026-08-08 01:33:17",64956,1465314,64920,1400394,300000,+0.0105,0.2000,+0.0,+0.0000,NONE,RUNNING
="2026-08-08 01:33:18",64956,1465314,64920,1400394,300000,+0.0200,0.2000,+0.0,+0.0000,NONE,RUNNING
="2026-08-08 01:33:19",64956,1465314,64920,1400394,300000,+0.0200,0.2000,+0.0,+0.0000,NONE,RUNNING
="2026-08-08 01:33:20",64955,1465314,64920,1400394,300000,+0.0200,0.2000,+0.0,+0.0000,NONE,RUNNING
="2026-08-08 01:33:21",64955,1465314,64920,1400394,300000,+0.0203,0.2000,+0.0,+0.0000,NONE,RUNNING
="2026-08-08 01:33:22",64955,1465314,64920,1400394,300000,+0.0203,0.2000,+0.0,+0.0000,NONE,RUNNING
="2026-08-08 01:33:23",64955,1465314,64920,1400394,300000,+0.0202,0.2000,+0.0,+0.0000,NONE,RUNNING
="2026-08-08 01:33:24",64955,1465314,64920,1400394,300000,+0.0204,0.2000,+0.0,+0.0000,NONE,RUNNING
="2026-08-08 01:33:25",64955,1465314,64920,1400394,300000,+0.0204,0.2000,+0.0,+0.0000,NONE,RUNNING
="2026-08-08 01:33:26",64955,1303645,64920,1238725,300000,+0.0209,0.2000,+0.0,+0.0000,NONE,RUNNING
="2026-08-08 01:33:27",64955,1303645,64920,1238725,300000,+0.0209,0.2000,+0.0,+0.0000,NONE,RUNNING
="2026-08-08 01:33:28",64955,1303645,64920,1238725,300000,+0.0209,0.2000,+0.0,+0.0000,NONE,RUNNING
="2026-08-08 01:33:29",64955,1303645,64920,1238725,300000,+0.0208,0.2000,+0.0,+0.0000,NONE,RUNNING
="2026-08-08 01:33:30",64955,1303645,64920,1238725,300000,+0.0208,0.2000,+0.0,+0.0000,NONE,RUNNING
="2026-08-08 01:33:31",64955,1303645,64920,1238725,300000,+0.0231,0.2000,+0.0,+0.0000,NONE,RUNNING
="2026-08-08 01:34:31",64955,294390,276002,18388,300000,+0.0001,0.2000,+0.0,+0.0000,NONE,RUNNING
="2026-08-08 01:35:31",64967,12113,0,12113,300000,-0.0034,0.2000,+0.0,+0.0000,NONE,RUNNING
="2026-08-08 01:36:31",64971,152909,45874,107034,300000,+0.0034,0.2000,+0.0,+0.0000,NONE,RUNNING
="2026-08-08 01:37:31",64953,142145,127876,14269,300000,+0.0042,0.2000,+0.0,+0.0000,NONE,RUNNING
="2026-08-08 01:38:31",64928,239997,208997,31000,300000,-0.0057,0.2000,+0.0,+0.0000,NONE,RUNNING
="2026-08-08 01:39:31",64954,44710,0,44710,300000,-0.0070,0.2000,+0.0,+0.0000,NONE,RUNNING
="2026-08-08 01:40:31",64959,53337,0,53337,300000,+0.0032,0.2000,+0.0,+0.0000,NONE,RUNNING
="2026-08-08 01:41:31",64964,142741,0,142741,300000,+0.0024,0.2000,+0.0,+0.0000,NONE,RUNNING
="2026-08-08 01:42:31",64953,151027,151027,0,300000,-0.0043,0.2000,+0.0,+0.0000,NONE,RUNNING
="2026-08-08 01:43:31",64960,52906,12803,40102,300000,-0.0015,0.2000,+0.0,+0.0000,NONE,RUNNING
="2026-08-08 01:44:31",64946,261641,246044,15596,300000,+0.0030,0.2000,+0.0,+0.0000,NONE,RUNNING
="2026-08-08 01:45:31",64938,205482,124086,81395,300000,-0.0006,0.2000,+0.0,+0.0000,NONE,RUNNING
="2026-08-08 01:46:31",64949,325747,144863,180883,300000,-0.0019,0.2000,+0.0,+0.0000,NONE,RUNNING
="2026-08-08 01:47:32",64925,202351,147857,54493,300000,-0.0016,0.2000,+0.0,+0.0000,NONE,RUNNING
="2026-08-08 01:48:32",64915,122447,122447,0,300000,-0.0013,0.2000,+0.0,+0.0000,NONE,RUNNING
="2026-08-08 01:49:32",64918,229724,179311,50412,300000,-0.0015,0.2000,+0.0,+0.0000,NONE,RUNNING
="2026-08-08 01:50:32",64947,282261,171080,111181,300000,-0.0076,0.2000,+0.0,+0.0000,NONE,RUNNING
="2026-08-08 01:51:32",64940,145223,145223,0,300000,+0.0025,0.2000,+0.0,+0.0000,NONE,RUNNING
="2026-08-08 01:52:32",64902,111914,93907,18006,300000,-0.0006,0.2000,+0.0,+0.0000,NONE,RUNNING
="2026-08-08 01:53:32",64896,126321,126321,0,300000,-0.0109,0.2000,+0.0,+0.0000,NONE,RUNNING
="2026-08-08 01:54:32",64892,0,0,0,300000,-0.0002,0.2000,+0.0,+0.0000,NONE,RUNNING
="2026-08-08 01:55:32",64868,802561,712853,89708,300000,-0.0233,0.2000,+0.0,+0.0000,NONE,RUNNING
="2026-08-08 01:56:32",64849,469927,459869,10058,300000,-0.0106,0.2000,+0.0,+0.0000,NONE,RUNNING
="2026-08-08 01:57:32",64859,98907,39419,59488,300000,-0.0060,0.2000,+0.0,+0.0000,NONE,RUNNING
="2026-08-08 01:58:32",64836,232719,232719,0,300000,-0.0691,0.2000,+0.0,+0.0000,NONE,RUNNING
="2026-08-08 01:59:32",64834,463474,257537,205936,300000,-0.0380,0.2000,+0.0,+0.0000,NONE,RUNNING
="2026-08-08 02:00:32",64818,813110,564956,248154,300000,-0.0152,0.2000,+0.0,+0.0000,NONE,RUNNING
="2026-08-08 02:01:32",64811,3779712,3567440,212271,300000,-0.0132,0.2000,+0.0,+0.0000,NONE,RUNNING
="2026-08-08 02:02:32",64720,1337349,1092334,245014,300000,-0.1707,0.2000,+0.0,+0.0000,NONE,RUNNING
="2026-08-08 02:02:33",64720,1350204,1105190,245014,300000,-0.1707,0.2000,+0.0,+0.0000,NONE,RUNNING
="2026-08-08 02:02:34",64720,1330762,1105190,225571,300000,-0.1684,0.2000,+0.0,+0.0000,NONE,RUNNING
="2026-08-08 02:02:35",64721,1330762,1105190,225571,300000,-0.1684,0.2000,+0.0,+0.0000,NONE,RUNNING
="2026-08-08 02:02:36",64721,1330762,1105190,225571,300000,-0.1914,0.2000,+0.0,+0.0000,NONE,RUNNING
="2026-08-08 02:02:37",64729,1330762,1105190,225571,300000,-0.1733,0.2000,+0.0,+0.0000,NONE,RUNNING
="2026-08-08 02:02:38",64736,1330762,1105190,225571,300000,-0.1733,0.2000,+0.0,+0.0000,NONE,RUNNING
="2026-08-08 02:02:39",64737,1330762,1105190,225571,300000,-0.1777,0.2000,+0.0,+0.0000,NONE,RUNNING
="2026-08-08 02:02:40",64731,1330762,1105190,225571,300000,-0.1778,0.2000,+0.0,+0.0000,NONE,RUNNING
="2026-08-08 02:02:41",64731,1330762,1105190,225571,300000,-0.1778,0.2000,+0.0,+0.0000,NONE,RUNNING
="2026-08-08 02:02:42",64737,1330762,1105190,225571,300000,-0.1778,0.2000,+0.0,+0.0000,NONE,RUNNING
="2026-08-08 02:02:43",64737,1330762,1105190,225571,300000,-0.1781,0.2000,+0.0,+0.0000,NONE,RUNNING
="2026-08-08 02:02:44",64745,1396395,1105190,291204,300000,-0.1810,0.2000,+0.0,+0.0000,NONE,RUNNING
="2026-08-08 02:02:45",64767,1396395,1105190,291204,300000,-0.1810,0.2000,+0.0,+0.0000,NONE,RUNNING
="2026-08-08 02:02:46",64767,1396395,1105190,291204,300000,-0.1810,0.2000,+0.0,+0.0000,NONE,RUNNING
="2026-08-08 02:02:47",64761,1396395,1105190,291204,300000,-0.1788,0.2000,+0.0,+0.0000,NONE,RUNNING
="2026-08-08 02:02:48",64761,1396395,1105190,291204,300000,-0.1788,0.2000,+0.0,+0.0000,NONE,RUNNING
="2026-08-08 02:02:49",64761,1525993,1234788,291204,300000,-0.1823,0.2000,+0.0,+0.0000,NONE,RUNNING
="2026-08-08 02:02:50",64750,1525993,1234788,291204,300000,-0.1734,0.2000,+0.0,+0.0000,NONE,RUNNING
="2026-08-08 02:02:51",64736,1525993,1234788,291204,300000,-0.1734,0.2000,+0.0,+0.0000,NONE,RUNNING
="2026-08-08 02:02:52",64730,1537959,1246754,291204,300000,-0.1735,0.2000,+0.0,+0.0000,NONE,RUNNING
="2026-08-08 02:02:53",64719,1537959,1246754,291204,300000,-0.1725,0.2000,+0.0,+0.0000,NONE,RUNNING
="2026-08-08 02:02:54",64718,1537959,1246754,291204,300000,-0.1725,0.2000,+0.0,+0.0000,NONE,RUNNING
="2026-08-08 02:02:55",64708,1537959,1246754,291204,300000,-0.1728,0.2000,+0.0,+0.0000,NONE,RUNNING
="2026-08-08 02:02:56",64714,1635423,1246754,388668,300000,-0.1728,0.2000,+0.0,+0.0000,NONE,RUNNING
="2026-08-08 02:02:57",64717,1635423,1246754,388668,300000,-0.1328,0.2000,+0.0,+0.0000,NONE,RUNNING
="2026-08-08 02:02:58",64717,1635423,1246754,388668,300000,-0.1310,0.2000,+0.0,+0.0000,NONE,RUNNING
="2026-08-08 02:02:59",64719,1672457,1246754,425703,300000,-0.1310,0.2000,+0.0,+0.0000,NONE,RUNNING
="2026-08-08 02:03:00",64730,1683161,1257458,425703,300000,-0.1303,0.2000,+0.0,+0.0000,NONE,RUNNING
="2026-08-08 02:03:01",64730,1683161,1257458,425703,300000,-0.1303,0.2000,+0.0,+0.0000,NONE,RUNNING
="2026-08-08 02:03:02",64733,1707760,1257458,450301,300000,-0.1308,0.2000,+0.0,+0.0000,NONE,RUNNING
="2026-08-08 02:03:03",64738,1392476,942174,450301,300000,-0.1302,0.2000,+0.0,+0.0000,NONE,RUNNING
="2026-08-08 02:03:04",64747,1440649,942174,498475,300000,-0.1302,0.2000,+0.0,+0.0000,NONE,RUNNING
="2026-08-08 02:03:05",64760,1451701,942174,509526,300000,-0.1302,0.2000,+0.0,+0.0000,NONE,RUNNING
="2026-08-08 02:03:06",64762,1407361,897835,509526,300000,-0.1393,0.2000,+0.0,+0.0000,NONE,RUNNING
="2026-08-08 02:03:07",64762,1407361,897835,509526,300000,-0.1218,0.2000,+0.0,+0.0000,NONE,RUNNING
="2026-08-08 02:03:08",64761,1407361,897835,509526,300000,-0.1218,0.2000,+0.0,+0.0000,NONE,RUNNING
="2026-08-08 02:03:09",64761,1407361,897835,509526,300000,-0.1258,0.2000,+0.0,+0.0000,NONE,RUNNING
="2026-08-08 02:03:10",64763,1407361,897835,509526,300000,-0.1217,0.2000,+0.0,+0.0000,NONE,RUNNING
="2026-08-08 02:03:11",64775,1456280,897835,558445,300000,-0.1217,0.2000,+0.0,+0.0000,NONE,RUNNING
="2026-08-08 02:03:12",64775,1456280,897835,558445,300000,-0.1286,0.2000,+0.0,+0.0000,NONE,RUNNING
="2026-08-08 02:03:13",64775,1456280,897835,558445,300000,-0.1286,0.2000,+0.0,+0.0000,NONE,RUNNING
="2026-08-08 02:03:14",64775,1456280,897835,558445,300000,-0.1073,0.2000,+0.0,+0.0000,NONE,RUNNING
="2026-08-08 02:03:15",64775,1495640,897835,597805,300000,-0.1045,0.2000,+0.0,+0.0000,NONE,RUNNING
="2026-08-08 02:03:16",64775,1495640,897835,597805,300000,-0.1045,0.2000,+0.0,+0.0000,NONE,RUNNING
="2026-08-08 02:03:17",64775,1420687,822882,597805,300000,-0.1045,0.2000,+0.0,+0.0000,NONE,RUNNING
="2026-08-08 02:03:18",64775,915166,317361,597805,300000,-0.1060,0.2000,+0.0,+0.0000,NONE,RUNNING
="2026-08-08 02:03:20",64775,915166,317361,597805,300000,-0.1060,0.2000,+0.0,+0.0000,NONE,RUNNING
="2026-08-08 02:03:21",64775,915166,317361,597805,300000,-0.1013,0.2000,+0.0,+0.0000,NONE,RUNNING
="2026-08-08 02:03:22",64775,915166,317361,597805,300000,-0.1047,0.2000,+0.0,+0.0000,NONE,RUNNING
="2026-08-08 02:03:23",64775,915166,317361,597805,300000,-0.1047,0.2000,+0.0,+0.0000,NONE,RUNNING
="2026-08-08 02:03:24",64775,915166,317361,597805,300000,-0.0953,0.2000,+0.0,+0.0000,NONE,RUNNING
="2026-08-08 02:03:25",64775,915166,317361,597805,300000,-0.0955,0.2000,+0.0,+0.0000,NONE,RUNNING
="2026-08-08 02:03:26",64775,759805,317361,442443,300000,-0.0886,0.2000,+0.0,+0.0000,NONE,RUNNING
="2026-08-08 02:03:27",64768,939197,496753,442443,300000,-0.0886,0.2000,+0.0,+0.0000,NONE,RUNNING
="2026-08-08 02:03:28",64766,810811,368367,442443,300000,-0.0886,0.2000,+0.0,+0.0000,NONE,RUNNING
="2026-08-08 02:03:29",64766,727312,355078,372233,300000,-0.0893,0.2000,+0.0,+0.0000,NONE,RUNNING
="2026-08-08 02:03:30",64766,727312,355078,372233,300000,-0.0846,0.2000,+0.0,+0.0000,NONE,RUNNING
="2026-08-08 02:03:31",64766,727312,355078,372233,300000,-0.0846,0.2000,+0.0,+0.0000,NONE,RUNNING
="2026-08-08 02:03:32",64766,727312,355078,372233,300000,-0.0876,0.2000,+0.0,+0.0000,NONE,RUNNING
="2026-08-08 02:03:33",64766,727312,355078,372233,300000,-0.0031,0.2000,+0.0,+0.0000,NONE,RUNNING
="2026-08-08 02:03:34",64766,714456,342223,372233,300000,-0.0031,0.2000,+0.0,+0.0000,NONE,RUNNING
="2026-08-08 02:03:35",64764,714456,342223,372233,300000,-0.0031,0.2000,+0.0,+0.0000,NONE,RUNNING
="2026-08-08 02:03:36",64764,714456,342223,372233,300000,+0.0200,0.2000,+0.0,+0.0000,NONE,RUNNING
="2026-08-08 02:03:37",64764,714456,342223,372233,300000,+0.0200,0.2000,+0.0,+0.0000,NONE,RUNNING
="2026-08-08 02:03:38",64764,714456,342223,372233,300000,+0.0183,0.2000,+0.0,+0.0000,NONE,RUNNING
="2026-08-08 02:03:39",64764,714456,342223,372233,300000,+0.0226,0.2000,+0.0,+0.0000,NONE,RUNNING
="2026-08-08 02:03:40",64764,742797,370564,372233,300000,+0.0226,0.2000,+0.0,+0.0000,NONE,RUNNING
="2026-08-08 02:03:41",64764,742797,370564,372233,300000,+0.0137,0.2000,+0.0,+0.0000,NONE,RUNNING
="2026-08-08 02:03:42",64764,742797,370564,372233,300000,+0.0137,0.2000,+0.0,+0.0000,NONE,RUNNING
="2026-08-08 02:03:43",64765,742797,370564,372233,300000,+0.0131,0.2000,+0.0,+0.0000,NONE,RUNNING
="2026-08-08 02:03:44",64765,709633,370564,339069,300000,+0.0131,0.2000,+0.0,+0.0000,NONE,RUNNING
="2026-08-08 02:03:45",64765,677164,370564,306600,300000,+0.0160,0.2000,+0.0,+0.0000,NONE,RUNNING
="2026-08-08 02:03:46",64765,677164,370564,306600,300000,+0.0174,0.2000,+0.0,+0.0000,NONE,RUNNING
="2026-08-08 02:03:47",64765,677164,370564,306600,300000,+0.0174,0.2000,+0.0,+0.0000,NONE,RUNNING
="2026-08-08 02:03:48",64765,677164,370564,306600,300000,+0.0152,0.2000,+0.0,+0.0000,NONE,RUNNING
="2026-08-08 02:03:49",64765,586926,240966,345960,300000,+0.0152,0.2000,+0.0,+0.0000,NONE,RUNNING
="2026-08-08 02:03:50",64765,586926,240966,345960,300000,+0.0063,0.2000,+0.0,+0.0000,NONE,RUNNING
="2026-08-08 02:03:51",64765,586926,240966,345960,300000,+0.0063,0.2000,+0.0,+0.0000,NONE,RUNNING
="2026-08-08 02:03:52",64766,574960,229000,345960,300000,+0.0022,0.2000,+0.0,+0.0000,NONE,RUNNING
="2026-08-08 02:03:53",64766,574960,229000,345960,300000,+0.0022,0.2000,+0.0,+0.0000,NONE,RUNNING
="2026-08-08 02:03:54",64766,574960,229000,345960,300000,+0.0012,0.2000,+0.0,+0.0000,NONE,RUNNING
="2026-08-08 02:03:55",64766,574960,229000,345960,300000,+0.0014,0.2000,+0.0,+0.0000,NONE,RUNNING
="2026-08-08 02:03:56",64766,477496,229000,248496,300000,+0.0014,0.2000,+0.0,+0.0000,NONE,RUNNING
="2026-08-08 02:03:57",64766,488225,229000,259225,300000,-0.0387,0.2000,+0.0,+0.0000,NONE,RUNNING
="2026-08-08 02:03:58",64767,488225,229000,259225,300000,-0.0387,0.2000,+0.0,+0.0000,NONE,RUNNING
="2026-08-08 02:03:59",64770,488225,229000,259225,300000,-0.0387,0.2000,+0.0,+0.0000,NONE,RUNNING
="2026-08-08 02:04:00",64772,440487,218295,222191,300000,-0.0394,0.2000,+0.0,+0.0000,NONE,RUNNING
="2026-08-08 02:04:01",64771,440487,218295,222191,300000,-0.0427,0.2000,+0.0,+0.0000,NONE,RUNNING
="2026-08-08 02:04:02",64771,415888,218295,197592,300000,-0.0427,0.2000,+0.0,+0.0000,NONE,RUNNING
="2026-08-08 02:04:03",64771,415888,218295,197592,300000,-0.0433,0.2000,+0.0,+0.0000,NONE,RUNNING
="2026-08-08 02:04:04",64771,415888,218295,197592,300000,-0.0432,0.2000,+0.0,+0.0000,NONE,RUNNING
="2026-08-08 02:04:05",64771,356663,218295,138367,300000,-0.0432,0.2000,+0.0,+0.0000,NONE,RUNNING
="2026-08-08 02:04:06",64773,356663,218295,138367,300000,-0.0341,0.2000,+0.0,+0.0000,NONE,RUNNING
="2026-08-08 02:04:07",64773,356663,218295,138367,300000,-0.0341,0.2000,+0.0,+0.0000,NONE,RUNNING
="2026-08-08 02:04:08",64767,538611,288971,249640,300000,-0.0397,0.2000,+0.0,+0.0000,NONE,RUNNING
="2026-08-08 02:04:09",64767,538611,288971,249640,300000,-0.0357,0.2000,+0.0,+0.0000,NONE,RUNNING
="2026-08-08 02:04:10",64767,538611,288971,249640,300000,-0.0260,0.2000,+0.0,+0.0000,NONE,RUNNING
="2026-08-08 02:04:11",64764,517398,316676,200722,300000,-0.0260,0.2000,+0.0,+0.0000,NONE,RUNNING
="2026-08-08 02:04:12",64756,517398,316676,200722,300000,-0.0190,0.2000,+0.0,+0.0000,NONE,RUNNING
="2026-08-08 02:04:13",64756,517398,316676,200722,300000,-0.0190,0.2000,+0.0,+0.0000,NONE,RUNNING
="2026-08-08 02:04:14",64756,517398,316676,200722,300000,-0.0190,0.2000,+0.0,+0.0000,NONE,RUNNING
="2026-08-08 02:04:15",64756,517398,316676,200722,300000,-0.0217,0.2000,+0.0,+0.0000,NONE,RUNNING
="2026-08-08 02:04:16",64756,478038,316676,161362,300000,-0.0217,0.2000,+0.0,+0.0000,NONE,RUNNING
="2026-08-08 02:04:17",64756,478038,316676,161362,300000,-0.0213,0.2000,+0.0,+0.0000,NONE,RUNNING
="2026-08-08 02:04:18",64756,523379,362017,161362,300000,-0.0198,0.2000,+0.0,+0.0000,NONE,RUNNING
="2026-08-08 02:04:19",64756,523379,362017,161362,300000,-0.0198,0.2000,+0.0,+0.0000,NONE,RUNNING
="2026-08-08 02:04:20",64756,523379,362017,161362,300000,-0.0198,0.2000,+0.0,+0.0000,NONE,RUNNING
="2026-08-08 02:04:21",64756,523379,362017,161362,300000,-0.0198,0.2000,+0.0,+0.0000,NONE,RUNNING
="2026-08-08 02:04:22",64756,523379,362017,161362,300000,-0.0164,0.2000,+0.0,+0.0000,NONE,RUNNING
="2026-08-08 02:05:22",64742,290587,146700,143887,300000,-0.0375,0.2000,+0.0,+0.0000,NONE,RUNNING
="2026-08-08 02:06:22",64767,551641,468794,82847,300000,-0.0153,0.2000,+0.0,+0.0000,NONE,RUNNING
="2026-08-08 02:07:22",64791,396230,279725,116504,300000,-0.0015,0.2000,+0.0,+0.0000,NONE,RUNNING
="2026-08-08 02:08:22",64812,523150,43465,479685,300000,+0.0003,0.2000,+0.0,+0.0000,NONE,RUNNING
="2026-08-08 02:09:23",64791,98031,65412,32619,300000,+0.0013,0.2000,+0.0,+0.0000,NONE,RUNNING
="2026-08-08 02:10:23",64776,57825,43700,14124,300000,+0.0565,0.2000,+0.0,+0.0000,NONE,RUNNING
="2026-08-08 02:11:23",64755,84389,64505,19883,300000,+0.0054,0.2000,+0.0,+0.0000,NONE,RUNNING
="2026-08-08 02:12:23",64756,27765,27765,0,300000,+0.0095,0.2000,+0.0,+0.0000,NONE,RUNNING
="2026-08-08 02:12:56",64726,190219,110227,79992,300000,+0.1604,0.2000,+0.0,+0.0000,NONE,RUNNING
="2026-08-08 02:12:57",64713,190219,110227,79992,300000,+0.1604,0.2000,+0.0,+0.0000,NONE,RUNNING
="2026-08-08 02:12:58",64710,190219,110227,79992,300000,+0.1604,0.2000,+0.0,+0.0000,NONE,RUNNING
="2026-08-08 02:12:59",64707,190219,110227,79992,300000,+0.1604,0.2000,+0.0,+0.0000,NONE,RUNNING
="2026-08-08 02:13:00",64707,190219,110227,79992,300000,+0.1604,0.2000,+0.0,+0.0000,NONE,RUNNING
="2026-08-08 02:13:01",64707,190219,110227,79992,300000,+0.1621,0.2000,+0.0,+0.0000,NONE,RUNNING
="2026-08-08 02:13:02",64704,190219,110227,79992,300000,+0.1621,0.2000,+0.0,+0.0000,NONE,RUNNING
="2026-08-08 02:13:03",64706,190219,110227,79992,300000,+0.1593,0.2000,+0.0,+0.0000,NONE,RUNNING
="2026-08-08 02:13:04",64706,190219,110227,79992,300000,+0.1592,0.2000,+0.0,+0.0000,NONE,RUNNING
="2026-08-08 02:13:05",64706,190219,110227,79992,300000,+0.1592,0.2000,+0.0,+0.0000,NONE,RUNNING
="2026-08-08 02:13:06",64706,190219,110227,79992,300000,+0.1570,0.2000,+0.0,+0.0000,NONE,RUNNING
="2026-08-08 02:13:07",64706,190219,110227,79992,300000,+0.1570,0.2000,+0.0,+0.0000,NONE,RUNNING
="2026-08-08 02:13:08",64706,190219,110227,79992,300000,+0.1585,0.2000,+0.0,+0.0000,NONE,RUNNING
="2026-08-08 02:13:09",64706,190219,110227,79992,300000,+0.1656,0.2000,+0.0,+0.0000,NONE,RUNNING
="2026-08-08 02:13:10",64706,190219,110227,79992,300000,+0.1656,0.2000,+0.0,+0.0000,NONE,RUNNING
="2026-08-08 02:13:11",64706,190219,110227,79992,300000,+0.1653,0.2000,+0.0,+0.0000,NONE,RUNNING
="2026-08-08 02:13:12",64706,190219,110227,79992,300000,+0.1631,0.2000,+0.0,+0.0000,NONE,RUNNING
="2026-08-08 02:13:13",64707,190219,110227,79992,300000,+0.1631,0.2000,+0.0,+0.0000,NONE,RUNNING
="2026-08-08 02:13:14",64707,190219,110227,79992,300000,+0.1630,0.2000,+0.0,+0.0000,NONE,RUNNING
="2026-08-08 02:13:15",64707,190219,110227,79992,300000,+0.1730,0.2000,+0.0,+0.0000,NONE,RUNNING
="2026-08-08 02:13:16",64707,190219,110227,79992,300000,+0.1730,0.2000,+0.0,+0.0000,NONE,RUNNING
="2026-08-08 02:13:17",64707,210780,110227,100553,300000,+0.1640,0.2000,+0.0,+0.0000,NONE,RUNNING
="2026-08-08 02:13:18",64707,210780,110227,100553,300000,+0.1598,0.2000,+0.0,+0.0000,NONE,RUNNING
="2026-08-08 02:13:19",64707,210780,110227,100553,300000,+0.1598,0.2000,+0.0,+0.0000,NONE,RUNNING
="2026-08-08 02:13:20",64707,210780,110227,100553,300000,+0.1598,0.2000,+0.0,+0.0000,NONE,RUNNING
="2026-08-08 02:13:21",64707,210780,110227,100553,300000,+0.1595,0.2000,+0.0,+0.0000,NONE,RUNNING
="2026-08-08 02:13:22",64707,210780,110227,100553,300000,+0.1595,0.2000,+0.0,+0.0000,NONE,RUNNING
="2026-08-08 02:13:23",64707,210780,110227,100553,300000,+0.1591,0.2000,+0.0,+0.0000,NONE,RUNNING
="2026-08-08 02:13:24",64707,197829,97276,100553,300000,+0.1591,0.2000,+0.0,+0.0000,NONE,RUNNING
="2026-08-08 02:13:25",64707,197829,97276,100553,300000,+0.1586,0.2000,+0.0,+0.0000,NONE,RUNNING
="2026-08-08 02:13:26",64707,197829,97276,100553,300000,+0.1586,0.2000,+0.0,+0.0000,NONE,RUNNING
="2026-08-08 02:13:27",64707,197829,97276,100553,300000,+0.1566,0.2000,+0.0,+0.0000,NONE,RUNNING
="2026-08-08 02:13:28",64707,197829,97276,100553,300000,+0.1566,0.2000,+0.0,+0.0000,NONE,RUNNING
="2026-08-08 02:13:29",64707,197829,97276,100553,300000,+0.1566,0.2000,+0.0,+0.0000,NONE,RUNNING
="2026-08-08 02:13:30",64707,197829,97276,100553,300000,+0.1566,0.2000,+0.0,+0.0000,NONE,RUNNING
="2026-08-08 02:13:31",64707,207829,107276,100553,300000,+0.1565,0.2000,+0.0,+0.0000,NONE,RUNNING
="2026-08-08 02:13:32",64707,165741,107276,58464,300000,+0.1565,0.2000,+0.0,+0.0000,NONE,RUNNING
="2026-08-08 02:13:33",64706,198111,139646,58464,300000,+0.1537,0.2000,+0.0,+0.0000,NONE,RUNNING
="2026-08-08 02:13:34",64706,198111,139646,58464,300000,+0.1537,0.2000,+0.0,+0.0000,NONE,RUNNING
="2026-08-08 02:13:35",64706,198111,139646,58464,300000,+0.1544,0.2000,+0.0,+0.0000,NONE,RUNNING
="2026-08-08 02:13:36",64706,198111,139646,58464,300000,+0.1542,0.2000,+0.0,+0.0000,NONE,RUNNING
="2026-08-08 02:13:37",64706,378076,139646,238430,300000,+0.1542,0.2000,+0.0,+0.0000,NONE,RUNNING
="2026-08-08 02:13:38",64711,378076,139646,238430,300000,+0.1544,0.2000,+0.0,+0.0000,NONE,RUNNING
="2026-08-08 02:13:39",64713,378076,139646,238430,300000,+0.1552,0.2000,+0.0,+0.0000,NONE,RUNNING
="2026-08-08 02:13:40",64721,378076,139646,238430,300000,+0.1552,0.2000,+0.0,+0.0000,NONE,RUNNING
="2026-08-08 02:13:41",64721,400709,162279,238430,300000,+0.1558,0.2000,+0.0,+0.0000,NONE,RUNNING
="2026-08-08 02:13:42",64721,362806,162279,200526,300000,+0.1567,0.2000,+0.0,+0.0000,NONE,RUNNING
="2026-08-08 02:13:43",64721,362806,162279,200526,300000,+0.1567,0.2000,+0.0,+0.0000,NONE,RUNNING
="2026-08-08 02:13:44",64716,362806,162279,200526,300000,+0.1569,0.2000,+0.0,+0.0000,NONE,RUNNING
="2026-08-08 02:13:45",64716,362806,162279,200526,300000,+0.1569,0.2000,+0.0,+0.0000,NONE,RUNNING
="2026-08-08 02:13:46",64716,362806,162279,200526,300000,+0.1569,0.2000,+0.0,+0.0000,NONE,RUNNING
="2026-08-08 02:13:47",64716,362806,162279,200526,300000,+0.1577,0.2000,+0.0,+0.0000,NONE,RUNNING
="2026-08-08 02:13:48",64716,362806,162279,200526,300000,+0.1568,0.2000,+0.0,+0.0000,NONE,RUNNING
="2026-08-08 02:13:49",64714,375078,174551,200526,300000,+0.1568,0.2000,+0.0,+0.0000,NONE,RUNNING
="2026-08-08 02:13:50",64714,375078,174551,200526,300000,+0.1576,0.2000,+0.0,+0.0000,NONE,RUNNING
="2026-08-08 02:13:51",64714,375078,174551,200526,300000,+0.1549,0.2000,+0.0,+0.0000,NONE,RUNNING
="2026-08-08 02:13:52",64714,358618,158091,200526,300000,+0.1549,0.2000,+0.0,+0.0000,NONE,RUNNING
="2026-08-08 02:13:53",64714,277802,77275,200526,300000,+0.1549,0.2000,+0.0,+0.0000,NONE,RUNNING
="2026-08-08 02:13:54",64714,277802,77275,200526,300000,+0.1549,0.2000,+0.0,+0.0000,NONE,RUNNING
="2026-08-08 02:13:55",64714,277802,77275,200526,300000,+0.1540,0.2000,+0.0,+0.0000,NONE,RUNNING
="2026-08-08 02:13:56",64714,277802,77275,200526,300000,-0.0025,0.2000,+0.0,+0.0000,NONE,RUNNING
="2026-08-08 02:13:57",64712,277802,77275,200526,300000,-0.0025,0.2000,+0.0,+0.0000,NONE,RUNNING
="2026-08-08 02:13:58",64701,329590,129064,200526,300000,-0.0026,0.2000,+0.0,+0.0000,NONE,RUNNING
="2026-08-08 02:13:59",64700,329590,129064,200526,300000,-0.0026,0.2000,+0.0,+0.0000,NONE,RUNNING
="2026-08-08 02:14:00",64700,329590,129064,200526,300000,-0.0026,0.2000,+0.0,+0.0000,NONE,RUNNING
="2026-08-08 02:14:01",64700,329590,129064,200526,300000,-0.0027,0.2000,+0.0,+0.0000,NONE,RUNNING
="2026-08-08 02:14:02",64700,329590,129064,200526,300000,+0.0001,0.2000,+0.0,+0.0000,NONE,RUNNING
="2026-08-08 02:14:03",64700,329590,129064,200526,300000,+0.0001,0.2000,+0.0,+0.0000,NONE,RUNNING
="2026-08-08 02:14:04",64700,329590,129064,200526,300000,-0.0092,0.2000,+0.0,+0.0000,NONE,RUNNING
="2026-08-08 02:14:05",64700,353277,152750,200526,300000,-0.0070,0.2000,+0.0,+0.0000,NONE,RUNNING
="2026-08-08 02:14:06",64700,353277,152750,200526,300000,-0.0070,0.2000,+0.0,+0.0000,NONE,RUNNING
="2026-08-08 02:14:07",64700,353277,152750,200526,300000,-0.0070,0.2000,+0.0,+0.0000,NONE,RUNNING
="2026-08-08 02:14:08",64700,353277,152750,200526,300000,-0.0070,0.2000,+0.0,+0.0000,NONE,RUNNING
="2026-08-08 02:14:09",64700,353277,152750,200526,300000,-0.0141,0.2000,+0.0,+0.0000,NONE,RUNNING
="2026-08-08 02:14:10",64700,353277,152750,200526,300000,-0.0103,0.2000,+0.0,+0.0000,NONE,RUNNING
="2026-08-08 02:14:11",64700,353277,152750,200526,300000,-0.0080,0.2000,+0.0,+0.0000,NONE,RUNNING
="2026-08-08 02:14:12",64700,353277,152750,200526,300000,-0.0080,0.2000,+0.0,+0.0000,NONE,RUNNING
="2026-08-08 02:14:13",64700,353277,152750,200526,300000,-0.0071,0.2000,+0.0,+0.0000,NONE,RUNNING
="2026-08-08 02:14:14",64700,353277,152750,200526,300000,-0.0171,0.2000,+0.0,+0.0000,NONE,RUNNING
="2026-08-08 02:14:15",64700,353277,152750,200526,300000,-0.0179,0.2000,+0.0,+0.0000,NONE,RUNNING
="2026-08-08 02:14:16",64700,353277,152750,200526,300000,-0.0179,0.2000,+0.0,+0.0000,NONE,RUNNING
="2026-08-08 02:14:17",64700,332716,152750,179965,300000,-0.0179,0.2000,+0.0,+0.0000,NONE,RUNNING
="2026-08-08 02:14:18",64700,332716,152750,179965,300000,-0.0137,0.2000,+0.0,+0.0000,NONE,RUNNING
="2026-08-08 02:14:19",64700,332716,152750,179965,300000,-0.0187,0.2000,+0.0,+0.0000,NONE,RUNNING
="2026-08-08 02:14:20",64700,332716,152750,179965,300000,-0.0184,0.2000,+0.0,+0.0000,NONE,RUNNING
="2026-08-08 02:14:21",64700,332716,152750,179965,300000,-0.0184,0.2000,+0.0,+0.0000,NONE,RUNNING
="2026-08-08 02:14:22",64700,332716,152750,179965,300000,-0.0194,0.2000,+0.0,+0.0000,NONE,RUNNING
="2026-08-08 02:14:23",64700,347255,167290,179965,300000,-0.0194,0.2000,+0.0,+0.0000,NONE,RUNNING
="2026-08-08 02:14:24",64700,358037,178071,179965,300000,-0.0194,0.2000,+0.0,+0.0000,NONE,RUNNING
="2026-08-08 02:14:25",64700,358037,178071,179965,300000,-0.0195,0.2000,+0.0,+0.0000,NONE,RUNNING
="2026-08-08 02:14:26",64700,358037,178071,179965,300000,-0.0175,0.2000,+0.0,+0.0000,NONE,RUNNING
="2026-08-08 02:14:27",64700,358037,178071,179965,300000,-0.0175,0.2000,+0.0,+0.0000,NONE,RUNNING
="2026-08-08 02:14:28",64700,358037,178071,179965,300000,-0.0196,0.2000,+0.0,+0.0000,NONE,RUNNING
="2026-08-08 02:14:30",64700,358037,178071,179965,300000,-0.0196,0.2000,+0.0,+0.0000,NONE,RUNNING
="2026-08-08 02:14:31",64700,358037,178071,179965,300000,-0.0196,0.2000,+0.0,+0.0000,NONE,RUNNING
="2026-08-08 02:14:32",64700,348036,168071,179965,300000,-0.0196,0.2000,+0.0,+0.0000,NONE,RUNNING
="2026-08-08 02:14:33",64700,348036,168071,179965,300000,-0.0168,0.2000,+0.0,+0.0000,NONE,RUNNING
="2026-08-08 02:14:34",64700,315667,135701,179965,300000,-0.0168,0.2000,+0.0,+0.0000,NONE,RUNNING
="2026-08-08 02:14:35",64700,315667,135701,179965,300000,-0.0207,0.2000,+0.0,+0.0000,NONE,RUNNING
="2026-08-08 02:14:36",64700,315667,135701,179965,300000,-0.0207,0.2000,+0.0,+0.0000,NONE,RUNNING
="2026-08-08 02:14:37",64700,135701,135701,0,300000,-0.0205,0.2000,+0.0,+0.0000,NONE,RUNNING
="2026-08-08 02:14:38",64700,135701,135701,0,300000,-0.0204,0.2000,+0.0,+0.0000,NONE,RUNNING
="2026-08-08 02:14:39",64700,135701,135701,0,300000,-0.0211,0.2000,+0.0,+0.0000,NONE,RUNNING
="2026-08-08 02:14:40",64700,135701,135701,0,300000,-0.0211,0.2000,+0.0,+0.0000,NONE,RUNNING
="2026-08-08 02:14:41",64700,113068,113068,0,300000,-0.0217,0.2000,+0.0,+0.0000,NONE,RUNNING
="2026-08-08 02:14:42",64700,113068,113068,0,300000,-0.0217,0.2000,+0.0,+0.0000,NONE,RUNNING
="2026-08-08 02:14:43",64700,113068,113068,0,300000,-0.0227,0.2000,+0.0,+0.0000,NONE,RUNNING
="2026-08-08 02:14:44",64700,113068,113068,0,300000,-0.0223,0.2000,+0.0,+0.0000,NONE,RUNNING
="2026-08-08 02:14:45",64700,113068,113068,0,300000,-0.0223,0.2000,+0.0,+0.0000,NONE,RUNNING
="2026-08-08 02:14:46",64700,113068,113068,0,300000,-0.0223,0.2000,+0.0,+0.0000,NONE,RUNNING
="2026-08-08 02:14:47",64700,113068,113068,0,300000,-0.0223,0.2000,+0.0,+0.0000,NONE,RUNNING
="2026-08-08 02:14:48",64700,113068,113068,0,300000,-0.0223,0.2000,+0.0,+0.0000,NONE,RUNNING
="2026-08-08 02:14:49",64700,100796,100796,0,300000,-0.0213,0.2000,+0.0,+0.0000,NONE,RUNNING
="2026-08-08 02:14:50",64700,100796,100796,0,300000,-0.0241,0.2000,+0.0,+0.0000,NONE,RUNNING
="2026-08-08 02:14:51",64700,100796,100796,0,300000,-0.0241,0.2000,+0.0,+0.0000,NONE,RUNNING
="2026-08-08 02:14:52",64700,100796,100796,0,300000,-0.0214,0.2000,+0.0,+0.0000,NONE,RUNNING
="2026-08-08 02:14:53",64700,100796,100796,0,300000,-0.0214,0.2000,+0.0,+0.0000,NONE,RUNNING
="2026-08-08 02:14:54",64700,100796,100796,0,300000,-0.0214,0.2000,+0.0,+0.0000,NONE,RUNNING
="2026-08-08 02:14:55",64700,100796,100796,0,300000,-0.0204,0.2000,+0.0,+0.0000,NONE,RUNNING
="2026-08-08 02:14:56",64700,100796,100796,0,300000,-0.0274,0.2000,+0.0,+0.0000,NONE,RUNNING
="2026-08-08 02:15:56",64663,616750,547098,69652,300000,-0.0415,0.2000,+0.0,+0.0000,NONE,RUNNING
="2026-08-08 02:16:56",64730,188858,14439,174418,300000,-0.0506,0.2000,+0.0,+0.0000,NONE,RUNNING
="2026-08-08 02:17:56",64722,51276,18372,32903,300000,+0.0174,0.2000,+0.0,+0.0000,NONE,RUNNING
="2026-08-08 02:18:56",64722,0,0,0,300000,+0.0307,0.2000,+0.0,+0.0000,NONE,RUNNING
="2026-08-08 02:19:56",64703,38779,12176,26603,300000,+0.0190,0.2000,+0.0,+0.0000,NONE,RUNNING
="2026-08-08 02:20:56",64715,394300,65474,328826,300000,+0.0057,0.2000,+0.0,+0.0000,NONE,RUNNING
="2026-08-08 02:21:56",64672,69592,69592,0,300000,+0.0074,0.2000,+0.0,+0.0000,NONE,RUNNING
="2026-08-08 02:22:56",64651,295622,195764,99857,300000,+0.0329,0.2000,+0.0,+0.0000,NONE,RUNNING
="2026-08-08 02:23:56",64650,281655,181835,99819,300000,+0.0148,0.2000,+0.0,+0.0000,NONE,RUNNING
="2026-08-08 02:24:56",64623,228817,149984,78833,300000,+0.0077,0.2000,+0.0,+0.0000,NONE,RUNNING
="2026-08-08 02:25:56",64623,283153,154154,128999,300000,+0.0222,0.2000,+0.0,+0.0000,NONE,RUNNING
="2026-08-08 02:26:57",64620,149219,117776,31442,300000,+0.0178,0.2000,+0.0,+0.0000,NONE,RUNNING
="2026-08-08 02:27:57",64609,72798,21587,51211,300000,-0.0002,0.2000,+0.0,+0.0000,NONE,RUNNING
="2026-08-08 02:28:57",64589,407814,407814,0,300000,+0.0149,0.2000,+0.0,+0.0000,NONE,RUNNING
="2026-08-08 02:29:04",0,0,0,0,300000,+0.0000,0.2000,+0.0,+0.0000,NONE,RUNNING
="2026-08-08 02:30:04",64594,1291607,806675,484931,300000,-0.0291,0.2000,+0.0,+0.0000,NONE,RUNNING
="2026-08-08 02:31:04",64580,116999,64351,52648,300000,-0.0718,0.2000,+0.0,+0.0000,NONE,RUNNING
="2026-08-08 02:31:54",0,0,0,0,500000,+0.0000,0.1800,+0.0,+0.0000,NONE,RUNNING
="2026-08-08 02:32:54",64556,393467,153424,240043,500000,-0.0074,0.1800,+0.0,+0.0000,NONE,RUNNING
="2026-08-08 02:33:54",64581,1652440,1366883,285556,500000,-0.0609,0.1800,+0.0,+0.0000,NONE,RUNNING
="2026-08-08 02:34:54",64583,781480,286351,495128,500000,-0.0032,0.1800,+0.0,+0.0000,NONE,RUNNING
="2026-08-08 02:35:54",64568,533017,363303,169713,500000,-0.0131,0.1800,+0.0,+0.0000,NONE,RUNNING
="2026-08-08 02:36:54",64568,164335,14657,149677,500000,-0.0023,0.1800,+0.0,+0.0000,NONE,RUNNING
="2026-08-08 02:37:54",64623,240893,128989,111904,500000,-0.0187,0.1800,+0.0,+0.0000,NONE,RUNNING
="2026-08-08 02:38:12",0,0,0,0,500000,+0.0000,0.1800,+0.0,+0.0000,NONE,RUNNING
="2026-08-08 02:39:12",64655,1117547,829558,287988,500000,+0.0083,0.1800,+0.0,+0.0000,NONE,RUNNING
="2026-08-08 02:40:12",64678,151721,19284,132436,500000,+0.0577,0.1800,+0.0,+0.0000,NONE,RUNNING
="2026-08-08 02:41:12",64671,125789,83041,42748,500000,+0.0226,0.1800,+0.0,+0.0000,NONE,RUNNING
="2026-08-08 02:42:12",64681,234703,79491,155211,500000,-0.0001,0.1800,+0.0,+0.0000,NONE,RUNNING
="2026-08-08 02:43:12",64682,206286,0,206286,500000,-0.0087,0.1800,+0.0,+0.0000,NONE,RUNNING
="2026-08-08 02:44:12",64667,238814,72644,166169,500000,+0.0011,0.1800,+0.0,+0.0000,NONE,RUNNING
="2026-08-08 02:45:12",64689,513779,53652,460127,500000,-0.0085,0.1800,+0.0,+0.0000,NONE,RUNNING
="2026-08-08 02:46:12",64723,403383,196402,206980,500000,-0.0337,0.1800,+0.0,+0.0000,NONE,RUNNING
="2026-08-08 02:47:12",64692,97829,87821,10007,500000,-0.0067,0.1800,+0.0,+0.0000,NONE,RUNNING
="2026-08-08 02:48:12",64678,149776,25806,123969,500000,+0.0510,0.1800,+0.0,+0.0000,NONE,RUNNING
="2026-08-08 02:49:12",64664,193118,193118,0,500000,-0.0039,0.1800,+0.0,+0.0000,NONE,RUNNING
="2026-08-08 02:50:12",64674,758561,110676,647884,500000,-0.0136,0.1800,+0.0,+0.0000,NONE,RUNNING
="2026-08-08 02:51:12",64707,84835,74340,10494,500000,+0.0082,0.1800,+0.0,+0.0000,NONE,RUNNING
="2026-08-08 02:51:29",0,0,0,0,500000,+0.0000,0.1800,+0.0,+0.0000,NONE,RUNNING
="2026-08-08 02:52:29",64704,51099,51099,0,500000,-0.0064,0.1800,+0.0,+0.0000,NONE,RUNNING
="2026-08-08 02:53:29",64704,77884,26573,51310,500000,-0.0056,0.1800,+0.0,+0.0000,NONE,RUNNING
="2026-08-08 02:54:29",64707,372423,51260,321163,500000,-0.0031,0.1800,+0.0,+0.0000,NONE,RUNNING
="2026-08-08 02:55:29",64754,135512,88642,46869,300000,-0.0287,0.0900,+0.0,+0.0000,NONE,RUNNING
="2026-08-08 02:56:29",64748,212900,200392,12508,100000,-0.0023,0.0900,+0.0,+0.0000,NONE,RUNNING
="2026-08-08 02:57:30",64742,294433,194629,99803,100000,+0.0075,0.0900,+0.0,+0.0000,NONE,RUNNING
="2026-08-08 02:58:30",64746,188959,129384,59574,100000,-0.0014,0.0900,+0.0,+0.0000,NONE,RUNNING
="2026-08-08 02:59:30",64754,133055,0,133055,100000,-0.0087,0.0900,+0.0,+0.0000,NONE,RUNNING
="2026-08-08 03:00:30",64781,289382,196286,93095,100000,-0.0055,0.0900,+0.0,+0.0000,NONE,RUNNING
="2026-08-08 03:01:30",64849,322149,0,322149,100000,+0.0313,0.0900,+0.0,+0.0000,NONE,RUNNING
="2026-08-08 03:02:30",64837,112818,15836,96981,100000,-0.0029,0.0900,+0.0,+0.0000,NONE,RUNNING
="2026-08-08 03:03:30",64850,161371,147607,13763,100000,-0.0055,0.0900,+0.0,+0.0000,NONE,RUNNING
="2026-08-08 03:04:30",64861,88233,62520,25712,100000,-0.0134,0.0900,+0.0,+0.0000,NONE,RUNNING
="2026-08-08 03:05:30",64849,243845,175709,68135,100000,-0.0280,0.0900,+0.0,+0.0000,NONE,RUNNING
="2026-08-08 03:06:30",64852,134857,11826,123031,100000,+0.0024,0.0900,+0.0,+0.0000,NONE,RUNNING
="2026-08-08 03:07:30",64842,80730,0,80730,100000,+0.0060,0.0900,+0.0,+0.0000,NONE,RUNNING
="2026-08-08 03:08:30",64859,89490,72393,17096,100000,-0.0090,0.0900,+0.0,+0.0000,NONE,RUNNING
="2026-08-08 03:09:30",64864,71965,0,71965,100000,-0.0409,0.0900,+0.0,+0.0000,NONE,RUNNING
="2026-08-08 03:09:35",64863,71965,0,71965,100000,-0.0459,0.0900,+0.0,+0.0000,NONE,RUNNING
="2026-08-08 03:09:36",64863,71965,0,71965,100000,-0.0459,0.0900,+0.0,+0.0000,NONE,RUNNING
="2026-08-08 03:09:37",64862,71965,0,71965,100000,-0.0459,0.0900,+0.0,+0.0000,NONE,RUNNING
="2026-08-08 03:09:38",64862,71965,0,71965,100000,-0.0459,0.0900,+0.0,+0.0000,NONE,RUNNING
="2026-08-08 03:09:39",64862,71965,0,71965,100000,-0.0459,0.0900,+0.0,+0.0000,NONE,RUNNING
="2026-08-08 03:09:40",64862,71965,0,71965,100000,-0.0459,0.0900,+0.0,+0.0000,NONE,RUNNING
="2026-08-08 03:09:41",64862,71965,0,71965,100000,-0.0460,0.0900,+0.0,+0.0000,NONE,RUNNING
="2026-08-08 03:09:42",64862,71965,0,71965,100000,-0.0485,0.0900,+0.0,+0.0000,NONE,RUNNING
="2026-08-08 03:09:43",64862,71965,0,71965,100000,-0.0468,0.0900,+0.0,+0.0000,NONE,RUNNING
="2026-08-08 03:09:44",64862,71965,0,71965,100000,-0.0468,0.0900,+0.0,+0.0000,NONE,RUNNING
="2026-08-08 03:09:45",64862,71965,0,71965,100000,-0.0468,0.0900,+0.0,+0.0000,NONE,RUNNING
="2026-08-08 03:09:46",64862,71965,0,71965,100000,-0.0468,0.0900,+0.0,+0.0000,NONE,RUNNING
="2026-08-08 03:09:47",64862,71965,0,71965,100000,-0.0468,0.0900,+0.0,+0.0000,NONE,RUNNING
="2026-08-08 03:09:48",64862,71965,0,71965,100000,-0.0468,0.0900,+0.0,+0.0000,NONE,RUNNING
="2026-08-08 03:09:49",64862,71965,0,71965,100000,-0.0469,0.0900,+0.0,+0.0000,NONE,RUNNING
="2026-08-08 03:09:50",64862,71965,0,71965,100000,-0.0469,0.0900,+0.0,+0.0000,NONE,RUNNING
="2026-08-08 03:09:51",64862,0,0,0,100000,-0.0473,0.0900,+0.0,+0.0000,NONE,RUNNING
="2026-08-08 03:09:52",64862,0,0,0,100000,-0.0473,0.0900,+0.0,+0.0000,NONE,RUNNING
="2026-08-08 03:09:53",64862,0,0,0,100000,-0.0168,0.0900,+0.0,+0.0000,NONE,RUNNING
="2026-08-08 03:09:54",64862,0,0,0,100000,-0.0169,0.0900,+0.0,+0.0000,NONE,RUNNING
="2026-08-08 03:09:55",64862,0,0,0,100000,-0.0169,0.0900,+0.0,+0.0000,NONE,RUNNING
="2026-08-08 03:09:56",64862,0,0,0,100000,-0.0169,0.0900,+0.0,+0.0000,NONE,RUNNING
="2026-08-08 03:09:57",64862,0,0,0,100000,-0.0169,0.0900,+0.0,+0.0000,NONE,RUNNING
="2026-08-08 03:09:58",64862,0,0,0,100000,-0.0169,0.0900,+0.0,+0.0000,NONE,RUNNING
="2026-08-08 03:09:59",64862,14532,14532,0,100000,-0.0140,0.0900,+0.0,+0.0000,NONE,RUNNING
="2026-08-08 03:10:00",64862,14532,14532,0,100000,-0.0136,0.0900,+0.0,+0.0000,NONE,RUNNING
="2026-08-08 03:10:01",64862,14532,14532,0,100000,-0.0136,0.0900,+0.0,+0.0000,NONE,RUNNING
="2026-08-08 03:10:02",64862,14532,14532,0,100000,-0.0136,0.0900,+0.0,+0.0000,NONE,RUNNING
="2026-08-08 03:10:03",64862,14532,14532,0,100000,-0.0136,0.0900,+0.0,+0.0000,NONE,RUNNING
="2026-08-08 03:10:04",64862,14532,14532,0,100000,-0.0136,0.0900,+0.0,+0.0000,NONE,RUNNING
="2026-08-08 03:10:05",64868,14532,14532,0,100000,-0.0140,0.0900,+0.0,+0.0000,NONE,RUNNING
="2026-08-08 03:10:06",64868,14532,14532,0,100000,-0.0140,0.0900,+0.0,+0.0000,NONE,RUNNING
="2026-08-08 03:10:07",64868,14532,14532,0,100000,-0.0143,0.0900,+0.0,+0.0000,NONE,RUNNING
="2026-08-08 03:10:08",64868,14532,14532,0,100000,-0.0149,0.0900,+0.0,+0.0000,NONE,RUNNING
="2026-08-08 03:10:09",64868,14532,14532,0,100000,-0.0149,0.0900,+0.0,+0.0000,NONE,RUNNING
="2026-08-08 03:10:10",64868,14532,14532,0,100000,-0.0159,0.0900,+0.0,+0.0000,NONE,RUNNING
="2026-08-08 03:10:12",64868,14532,14532,0,100000,-0.0159,0.0900,+0.0,+0.0000,NONE,RUNNING
="2026-08-08 03:10:13",64868,14532,14532,0,100000,-0.0159,0.0900,+0.0,+0.0000,NONE,RUNNING
="2026-08-08 03:10:14",64868,14532,14532,0,100000,-0.0159,0.0900,+0.0,+0.0000,NONE,RUNNING
="2026-08-08 03:10:15",64868,14532,14532,0,100000,-0.0116,0.0900,+0.0,+0.0000,NONE,RUNNING
="2026-08-08 03:10:16",64868,14532,14532,0,100000,-0.0116,0.0900,+0.0,+0.0000,NONE,RUNNING
="2026-08-08 03:10:17",64868,14532,14532,0,100000,-0.0116,0.0900,+0.0,+0.0000,NONE,RUNNING
="2026-08-08 03:10:18",64868,14532,14532,0,100000,-0.0116,0.0900,+0.0,+0.0000,NONE,RUNNING
="2026-08-08 03:10:19",64868,14532,14532,0,100000,-0.0114,0.0900,+0.0,+0.0000,NONE,RUNNING
="2026-08-08 03:10:20",64868,14532,14532,0,100000,-0.0114,0.0900,+0.0,+0.0000,NONE,RUNNING
="2026-08-08 03:10:21",64871,14532,14532,0,100000,-0.0109,0.0900,+0.0,+0.0000,NONE,RUNNING
="2026-08-08 03:10:22",64871,14532,14532,0,100000,-0.0109,0.0900,+0.0,+0.0000,NONE,RUNNING
="2026-08-08 03:10:23",64871,14532,14532,0,100000,-0.0109,0.0900,+0.0,+0.0000,NONE,RUNNING
="2026-08-08 03:10:24",64874,14532,14532,0,100000,-0.0109,0.0900,+0.0,+0.0000,NONE,RUNNING
="2026-08-08 03:10:25",64879,14532,14532,0,100000,-0.0065,0.0900,+0.0,+0.0000,NONE,RUNNING
="2026-08-08 03:10:26",64879,14532,14532,0,100000,-0.0065,0.0900,+0.0,+0.0000,NONE,RUNNING
="2026-08-08 03:10:27",64879,14532,14532,0,100000,-0.0065,0.0900,+0.0,+0.0000,NONE,RUNNING
="2026-08-08 03:10:28",64879,14532,14532,0,100000,-0.0065,0.0900,+0.0,+0.0000,NONE,RUNNING
="2026-08-08 03:10:29",64879,14532,14532,0,100000,-0.0065,0.0900,+0.0,+0.0000,NONE,RUNNING
="2026-08-08 03:10:30",64879,14532,14532,0,100000,-0.0066,0.0900,+0.0,+0.0000,NONE,RUNNING
="2026-08-08 03:10:31",64879,14532,14532,0,100000,-0.0066,0.0900,+0.0,+0.0000,NONE,RUNNING
="2026-08-08 03:10:32",64879,14532,14532,0,100000,-0.0095,0.0900,+0.0,+0.0000,NONE,RUNNING
="2026-08-08 03:10:33",64879,14532,14532,0,100000,-0.0095,0.0900,+0.0,+0.0000,NONE,RUNNING
="2026-08-08 03:10:34",64879,14532,14532,0,100000,-0.0094,0.0900,+0.0,+0.0000,NONE,RUNNING
="2026-08-08 03:10:35",64879,14532,14532,0,100000,-0.0094,0.0900,+0.0,+0.0000,NONE,RUNNING
="2026-08-08 03:10:36",64879,14532,14532,0,100000,-0.0067,0.0900,+0.0,+0.0000,NONE,RUNNING
="2026-08-08 03:10:37",64879,14532,14532,0,100000,-0.0067,0.0900,+0.0,+0.0000,NONE,RUNNING
="2026-08-08 03:10:38",64879,14532,14532,0,100000,-0.0068,0.0900,+0.0,+0.0000,NONE,RUNNING
="2026-08-08 03:10:39",64879,14532,14532,0,100000,-0.0068,0.0900,+0.0,+0.0000,NONE,RUNNING
="2026-08-08 03:10:40",64879,14532,14532,0,100000,-0.0068,0.0900,+0.0,+0.0000,NONE,RUNNING
="2026-08-08 03:10:41",64879,14532,14532,0,100000,-0.0070,0.0900,+0.0,+0.0000,NONE,RUNNING
="2026-08-08 03:10:42",64879,14532,14532,0,100000,-0.0045,0.0900,+0.0,+0.0000,NONE,RUNNING
="2026-08-08 03:10:43",64879,14532,14532,0,100000,-0.0045,0.0900,+0.0,+0.0000,NONE,RUNNING
="2026-08-08 03:10:44",64879,14532,14532,0,100000,-0.0045,0.0900,+0.0,+0.0000,NONE,RUNNING
="2026-08-08 03:10:45",64879,14532,14532,0,100000,-0.0044,0.0900,+0.0,+0.0000,NONE,RUNNING
="2026-08-08 03:10:46",64879,14532,14532,0,100000,-0.0044,0.0900,+0.0,+0.0000,NONE,RUNNING
="2026-08-08 03:10:47",64879,79412,14532,64879,100000,-0.0041,0.0900,+0.0,+0.0000,NONE,RUNNING
="2026-08-08 03:10:48",64879,79412,14532,64879,100000,-0.0041,0.0900,+0.0,+0.0000,NONE,RUNNING
="2026-08-08 03:10:49",64879,79412,14532,64879,100000,-0.0041,0.0900,+0.0,+0.0000,NONE,RUNNING
="2026-08-08 03:10:50",64879,79412,14532,64879,100000,-0.0041,0.0900,+0.0,+0.0000,NONE,RUNNING
="2026-08-08 03:11:50",64866,42774,42774,0,100000,-0.0004,0.0900,+0.0,+0.0000,NONE,RUNNING
="2026-08-08 03:12:50",64877,92763,82206,10556,100000,-0.0206,0.0900,+0.0,+0.0000,NONE,RUNNING
="2026-08-08 03:13:50",64880,317180,247722,69457,100000,-0.0026,0.0900,+0.0,+0.0000,NONE,RUNNING
="2026-08-08 03:14:50",64849,128723,128723,0,100000,-0.0012,0.0900,+0.0,+0.0000,NONE,RUNNING
="2026-08-08 03:15:50",64844,166160,0,166160,100000,-0.0154,0.0900,+0.0,+0.0000,NONE,RUNNING
="2026-08-08 03:16:50",64828,71814,0,71814,100000,-0.0363,0.0900,+0.0,+0.0000,NONE,RUNNING
="2026-08-08 03:17:28",64845,182862,14272,168590,100000,-0.0570,0.0900,+0.0,+0.0000,NONE,RUNNING
="2026-08-08 03:17:29",64845,182862,14272,168590,100000,-0.0570,0.0900,+0.0,+0.0000,NONE,RUNNING
="2026-08-08 03:17:30",64845,182862,14272,168590,100000,-0.0579,0.0900,+0.0,+0.0000,NONE,RUNNING
="2026-08-08 03:17:31",64845,182862,14272,168590,100000,-0.0579,0.0900,+0.0,+0.0000,NONE,RUNNING
="2026-08-08 03:17:32",64845,182862,14272,168590,100000,-0.0578,0.0900,+0.0,+0.0000,NONE,RUNNING
="2026-08-08 03:17:33",64845,182862,14272,168590,100000,-0.0578,0.0900,+0.0,+0.0000,NONE,RUNNING
="2026-08-08 03:17:34",64845,182862,14272,168590,100000,-0.0570,0.0900,+0.0,+0.0000,NONE,RUNNING
="2026-08-08 03:17:35",64845,182862,14272,168590,100000,-0.0585,0.0900,+0.0,+0.0000,NONE,RUNNING
="2026-08-08 03:17:36",64845,182862,14272,168590,100000,-0.0585,0.0900,+0.0,+0.0000,NONE,RUNNING
="2026-08-08 03:17:37",64845,182862,14272,168590,100000,-0.0512,0.0900,+0.0,+0.0000,NONE,RUNNING
="2026-08-08 03:17:38",64844,182862,14272,168590,100000,-0.0512,0.0900,+0.0,+0.0000,NONE,RUNNING
="2026-08-08 03:17:39",64844,158379,14272,144107,100000,-0.0512,0.0900,+0.0,+0.0000,NONE,RUNNING
="2026-08-08 03:17:40",64844,123379,14272,109107,100000,-0.0512,0.0900,+0.0,+0.0000,NONE,RUNNING
="2026-08-08 03:17:41",64844,141733,32626,109107,100000,-0.0512,0.0900,+0.0,+0.0000,NONE,RUNNING
="2026-08-08 03:17:42",64838,141733,32626,109107,100000,-0.0477,0.0900,+0.0,+0.0000,NONE,RUNNING
="2026-08-08 03:17:43",64841,175271,32626,142645,100000,-0.0477,0.0900,+0.0,+0.0000,NONE,RUNNING
="2026-08-08 03:17:44",64842,175271,32626,142645,100000,-0.0467,0.0900,+0.0,+0.0000,NONE,RUNNING
="2026-08-08 03:17:45",64842,175271,32626,142645,100000,-0.0447,0.0900,+0.0,+0.0000,NONE,RUNNING
="2026-08-08 03:17:46",64842,175271,32626,142645,100000,-0.0447,0.0900,+0.0,+0.0000,NONE,RUNNING
="2026-08-08 03:17:47",64842,175271,32626,142645,100000,-0.0461,0.0900,+0.0,+0.0000,NONE,RUNNING
="2026-08-08 03:17:48",64842,175271,32626,142645,100000,-0.0449,0.0900,+0.0,+0.0000,NONE,RUNNING
="2026-08-08 03:17:49",64841,175271,32626,142645,100000,-0.0449,0.0900,+0.0,+0.0000,NONE,RUNNING
="2026-08-08 03:17:50",64841,175271,32626,142645,100000,-0.0427,0.0900,+0.0,+0.0000,NONE,RUNNING
="2026-08-08 03:17:51",64842,175271,32626,142645,100000,-0.0427,0.0900,+0.0,+0.0000,NONE,RUNNING
="2026-08-08 03:17:52",64842,175271,32626,142645,100000,-0.0427,0.0900,+0.0,+0.0000,NONE,RUNNING
="2026-08-08 03:17:53",64841,175271,32626,142645,100000,-0.0426,0.0900,+0.0,+0.0000,NONE,RUNNING
="2026-08-08 03:17:54",64841,175271,32626,142645,100000,-0.0426,0.0900,+0.0,+0.0000,NONE,RUNNING
="2026-08-08 03:17:55",64842,175271,32626,142645,100000,-0.0430,0.0900,+0.0,+0.0000,NONE,RUNNING
="2026-08-08 03:17:56",64842,175271,32626,142645,100000,-0.0416,0.0900,+0.0,+0.0000,NONE,RUNNING
="2026-08-08 03:17:57",64841,205254,32626,172627,100000,-0.0416,0.0900,+0.0,+0.0000,NONE,RUNNING
="2026-08-08 03:17:58",64842,205254,32626,172627,100000,-0.0415,0.0900,+0.0,+0.0000,NONE,RUNNING
="2026-08-08 03:17:59",64842,205254,32626,172627,100000,-0.0422,0.0900,+0.0,+0.0000,NONE,RUNNING
="2026-08-08 03:18:00",64842,205254,32626,172627,100000,-0.0422,0.0900,+0.0,+0.0000,NONE,RUNNING
="2026-08-08 03:18:01",64841,205254,32626,172627,100000,-0.0422,0.0900,+0.0,+0.0000,NONE,RUNNING
="2026-08-08 03:18:02",64841,205254,32626,172627,100000,-0.0422,0.0900,+0.0,+0.0000,NONE,RUNNING
="2026-08-08 03:18:03",64841,205254,32626,172627,100000,-0.0422,0.0900,+0.0,+0.0000,NONE,RUNNING
="2026-08-08 03:18:04",64841,146888,32626,114261,100000,-0.0423,0.0900,+0.0,+0.0000,NONE,RUNNING
="2026-08-08 03:18:05",64842,126632,32626,94005,100000,-0.0424,0.0900,+0.0,+0.0000,NONE,RUNNING
="2026-08-08 03:18:06",64842,126632,32626,94005,100000,-0.0424,0.0900,+0.0,+0.0000,NONE,RUNNING
="2026-08-08 03:18:07",64842,126632,32626,94005,100000,-0.0386,0.0900,+0.0,+0.0000,NONE,RUNNING
="2026-08-08 03:18:08",64842,126632,32626,94005,100000,-0.0381,0.0900,+0.0,+0.0000,NONE,RUNNING
="2026-08-08 03:18:09",64842,126632,32626,94005,100000,-0.0381,0.0900,+0.0,+0.0000,NONE,RUNNING
="2026-08-08 03:18:10",64841,108830,32626,76204,100000,-0.0382,0.0900,+0.0,+0.0000,NONE,RUNNING
="2026-08-08 03:18:11",64842,108830,32626,76204,100000,-0.0382,0.0900,+0.0,+0.0000,NONE,RUNNING
="2026-08-08 03:18:12",64842,108830,32626,76204,100000,-0.0382,0.0900,+0.0,+0.0000,NONE,RUNNING
="2026-08-08 03:18:13",64842,108830,32626,76204,100000,-0.0387,0.0900,+0.0,+0.0000,NONE,RUNNING
="2026-08-08 03:18:14",64842,108830,32626,76204,100000,-0.0388,0.0900,+0.0,+0.0000,NONE,RUNNING
="2026-08-08 03:18:15",64842,108830,32626,76204,100000,-0.0388,0.0900,+0.0,+0.0000,NONE,RUNNING
="2026-08-08 03:18:16",64841,108830,32626,76204,100000,-0.0388,0.0900,+0.0,+0.0000,NONE,RUNNING
="2026-08-08 03:18:17",64842,108830,32626,76204,100000,-0.0388,0.0900,+0.0,+0.0000,NONE,RUNNING
="2026-08-08 03:18:18",64842,108830,32626,76204,100000,-0.0388,0.0900,+0.0,+0.0000,NONE,RUNNING
="2026-08-08 03:18:19",64842,108830,32626,76204,100000,-0.0385,0.0900,+0.0,+0.0000,NONE,RUNNING
="2026-08-08 03:18:20",64842,108830,32626,76204,100000,-0.0398,0.0900,+0.0,+0.0000,NONE,RUNNING
="2026-08-08 03:18:21",64843,108830,32626,76204,100000,-0.0398,0.0900,+0.0,+0.0000,NONE,RUNNING
="2026-08-08 03:18:22",64843,94558,18354,76204,100000,-0.0398,0.0900,+0.0,+0.0000,NONE,RUNNING
="2026-08-08 03:18:23",64843,81874,18354,63520,100000,-0.0482,0.0900,+0.0,+0.0000,NONE,RUNNING
="2026-08-08 03:18:24",64843,81874,18354,63520,100000,-0.0482,0.0900,+0.0,+0.0000,NONE,RUNNING
="2026-08-08 03:18:25",64843,81874,18354,63520,100000,-0.0482,0.0900,+0.0,+0.0000,NONE,RUNNING
="2026-08-08 03:18:26",64843,81874,18354,63520,100000,-0.0479,0.0900,+0.0,+0.0000,NONE,RUNNING
="2026-08-08 03:18:27",64843,81874,18354,63520,100000,-0.0479,0.0900,+0.0,+0.0000,NONE,RUNNING
="2026-08-08 03:18:28",64843,81874,18354,63520,100000,-0.0078,0.0900,+0.0,+0.0000,NONE,RUNNING
="2026-08-08 03:18:29",64843,81874,18354,63520,100000,-0.0069,0.0900,+0.0,+0.0000,NONE,RUNNING
="2026-08-08 03:18:30",64843,81874,18354,63520,100000,-0.0069,0.0900,+0.0,+0.0000,NONE,RUNNING
="2026-08-08 03:18:31",64843,81874,18354,63520,100000,-0.0070,0.0900,+0.0,+0.0000,NONE,RUNNING
="2026-08-08 03:18:32",64843,81874,18354,63520,100000,-0.0070,0.0900,+0.0,+0.0000,NONE,RUNNING
="2026-08-08 03:18:33",64843,81874,18354,63520,100000,-0.0070,0.0900,+0.0,+0.0000,NONE,RUNNING
="2026-08-08 03:18:34",64843,81874,18354,63520,100000,-0.0055,0.0900,+0.0,+0.0000,NONE,RUNNING
="2026-08-08 03:18:35",64843,81874,18354,63520,100000,-0.0055,0.0900,+0.0,+0.0000,NONE,RUNNING
="2026-08-08 03:18:36",64843,81874,18354,63520,100000,-0.0055,0.0900,+0.0,+0.0000,NONE,RUNNING
="2026-08-08 03:18:37",64843,81874,18354,63520,100000,-0.0055,0.0900,+0.0,+0.0000,NONE,RUNNING
="2026-08-08 03:18:38",64843,81874,18354,63520,100000,-0.0055,0.0900,+0.0,+0.0000,NONE,RUNNING
="2026-08-08 03:18:39",64843,81874,18354,63520,100000,-0.0055,0.0900,+0.0,+0.0000,NONE,RUNNING
="2026-08-08 03:18:40",64843,81874,18354,63520,100000,-0.0055,0.0900,+0.0,+0.0000,NONE,RUNNING
="2026-08-08 03:18:41",64843,63520,0,63520,100000,-0.0055,0.0900,+0.0,+0.0000,NONE,RUNNING
="2026-08-08 03:18:42",64843,29982,0,29982,100000,-0.0055,0.0900,+0.0,+0.0000,NONE,RUNNING
="2026-08-08 03:18:43",64843,29982,0,29982,100000,-0.0065,0.0900,+0.0,+0.0000,NONE,RUNNING
="2026-08-08 03:18:44",64843,29982,0,29982,100000,-0.0065,0.0900,+0.0,+0.0000,NONE,RUNNING
="2026-08-08 03:18:46",64843,29982,0,29982,100000,-0.0065,0.0900,+0.0,+0.0000,NONE,RUNNING
="2026-08-08 03:18:47",64843,29982,0,29982,100000,-0.0051,0.0900,+0.0,+0.0000,NONE,RUNNING
="2026-08-08 03:18:48",64843,29982,0,29982,100000,-0.0063,0.0900,+0.0,+0.0000,NONE,RUNNING
="2026-08-08 03:18:49",64843,29982,0,29982,100000,-0.0063,0.0900,+0.0,+0.0000,NONE,RUNNING
="2026-08-08 03:18:50",64843,29982,0,29982,100000,-0.0084,0.0900,+0.0,+0.0000,NONE,RUNNING
="2026-08-08 03:18:51",64843,29982,0,29982,100000,-0.0084,0.0900,+0.0,+0.0000,NONE,RUNNING
="2026-08-08 03:18:52",64843,29982,0,29982,100000,-0.0085,0.0900,+0.0,+0.0000,NONE,RUNNING
="2026-08-08 03:18:53",64843,29982,0,29982,100000,-0.0087,0.0900,+0.0,+0.0000,NONE,RUNNING
="2026-08-08 03:18:54",64843,29982,0,29982,100000,-0.0087,0.0900,+0.0,+0.0000,NONE,RUNNING
="2026-08-08 03:18:55",64843,29982,0,29982,100000,-0.0087,0.0900,+0.0,+0.0000,NONE,RUNNING
="2026-08-08 03:18:56",64843,29982,0,29982,100000,-0.0087,0.0900,+0.0,+0.0000,NONE,RUNNING
="2026-08-08 03:18:57",64843,0,0,0,100000,-0.0100,0.0900,+0.0,+0.0000,NONE,RUNNING
="2026-08-08 03:18:58",64843,0,0,0,100000,-0.0100,0.0900,+0.0,+0.0000,NONE,RUNNING
="2026-08-08 03:18:59",64843,0,0,0,100000,-0.0100,0.0900,+0.0,+0.0000,NONE,RUNNING
="2026-08-08 03:19:00",64843,0,0,0,100000,-0.0093,0.0900,+0.0,+0.0000,NONE,RUNNING
="2026-08-08 03:19:01",64843,0,0,0,100000,-0.0095,0.0900,+0.0,+0.0000,NONE,RUNNING
="2026-08-08 03:19:02",64843,0,0,0,100000,-0.0095,0.0900,+0.0,+0.0000,NONE,RUNNING
="2026-08-08 03:19:03",64843,0,0,0,100000,-0.0095,0.0900,+0.0,+0.0000,NONE,RUNNING
="2026-08-08 03:19:04",64843,0,0,0,100000,-0.0089,0.0900,+0.0,+0.0000,NONE,RUNNING
="2026-08-08 03:19:05",64843,0,0,0,100000,-0.0088,0.0900,+0.0,+0.0000,NONE,RUNNING
="2026-08-08 03:19:06",64841,0,0,0,100000,-0.0088,0.0900,+0.0,+0.0000,NONE,RUNNING
="2026-08-08 03:19:07",64839,0,0,0,100000,-0.0088,0.0900,+0.0,+0.0000,NONE,RUNNING
="2026-08-08 03:19:08",64839,0,0,0,100000,-0.0093,0.0900,+0.0,+0.0000,NONE,RUNNING
="2026-08-08 03:19:09",64838,18009,18009,0,100000,-0.0093,0.0900,+0.0,+0.0000,NONE,RUNNING
="2026-08-08 03:19:10",64837,18009,18009,0,100000,-0.0121,0.0900,+0.0,+0.0000,NONE,RUNNING
="2026-08-08 03:19:11",64837,18009,18009,0,100000,-0.0121,0.0900,+0.0,+0.0000,NONE,RUNNING
="2026-08-08 03:19:12",64837,18009,18009,0,100000,-0.0121,0.0900,+0.0,+0.0000,NONE,RUNNING
="2026-08-08 03:19:13",64837,18009,18009,0,100000,-0.0121,0.0900,+0.0,+0.0000,NONE,RUNNING
="2026-08-08 03:19:14",64837,18009,18009,0,100000,-0.0120,0.0900,+0.0,+0.0000,NONE,RUNNING
="2026-08-08 03:19:15",64837,18009,18009,0,100000,-0.0120,0.0900,+0.0,+0.0000,NONE,RUNNING
="2026-08-08 03:19:16",64837,18009,18009,0,100000,-0.0148,0.0900,+0.0,+0.0000,NONE,RUNNING
="2026-08-08 03:19:17",64837,18009,18009,0,100000,-0.0148,0.0900,+0.0,+0.0000,NONE,RUNNING
="2026-08-08 03:19:18",64837,18009,18009,0,100000,-0.0148,0.0900,+0.0,+0.0000,NONE,RUNNING
="2026-08-08 03:19:19",64837,18009,18009,0,100000,-0.0156,0.0900,+0.0,+0.0000,NONE,RUNNING
="2026-08-08 03:19:20",64837,18009,18009,0,100000,-0.0142,0.0900,+0.0,+0.0000,NONE,RUNNING
="2026-08-08 03:19:21",64837,18009,18009,0,100000,-0.0142,0.0900,+0.0,+0.0000,NONE,RUNNING
="2026-08-08 03:19:22",64837,18009,18009,0,100000,-0.0142,0.0900,+0.0,+0.0000,NONE,RUNNING
="2026-08-08 03:19:23",64843,40961,18009,22952,100000,-0.0059,0.0900,+0.0,+0.0000,NONE,RUNNING
="2026-08-08 03:19:24",64843,40961,18009,22952,100000,-0.0059,0.0900,+0.0,+0.0000,NONE,RUNNING
="2026-08-08 03:19:25",64843,40961,18009,22952,100000,-0.0024,0.0900,+0.0,+0.0000,NONE,RUNNING
="2026-08-08 03:19:26",64843,40961,18009,22952,100000,-0.0027,0.0900,+0.0,+0.0000,NONE,RUNNING
="2026-08-08 03:19:27",64843,40961,18009,22952,100000,-0.0027,0.0900,+0.0,+0.0000,NONE,RUNNING
="2026-08-08 03:19:28",64843,40961,18009,22952,100000,-0.0027,0.0900,+0.0,+0.0000,NONE,RUNNING
="2026-08-08 03:20:28",64840,0,0,0,100000,-0.0072,0.0900,+0.0,+0.0000,NONE,RUNNING
="2026-08-08 03:21:28",64817,31162,31162,0,100000,-0.0035,0.0900,+0.0,+0.0000,NONE,RUNNING
="2026-08-08 03:22:28",64808,0,0,0,100000,-0.0108,0.0900,+0.0,+0.0000,NONE,RUNNING
="2026-08-08 03:23:28",64822,236682,0,236682,100000,-0.0052,0.0900,+0.0,+0.0000,NONE,RUNNING
="2026-08-08 03:24:28",64808,50218,50218,0,100000,+0.0070,0.0900,+0.0,+0.0000,NONE,RUNNING
="2026-08-08 03:25:28",64805,22737,22737,0,100000,+0.0353,0.0900,+0.0,+0.0000,NONE,RUNNING
="2026-08-08 03:26:28",64794,82348,82348,0,100000,+0.0081,0.0900,+0.0,+0.0000,NONE,RUNNING
="2026-08-08 03:27:28",64828,118413,47330,71082,100000,-0.0215,0.0900,+0.0,+0.0000,NONE,RUNNING
="2026-08-08 03:28:29",64821,132159,132159,0,100000,-0.0044,0.0900,+0.0,+0.0000,NONE,RUNNING
="2026-08-08 03:29:29",64819,0,0,0,100000,+0.0014,0.0900,+0.0,+0.0000,NONE,RUNNING
="2026-08-08 03:30:29",64812,315096,303725,11371,100000,+0.0020,0.0900,+0.0,+0.0000,NONE,RUNNING
="2026-08-08 03:31:29",64837,162465,102467,59997,100000,+0.0244,0.0900,+0.0,+0.0000,NONE,RUNNING
="2026-08-08 03:32:29",64825,17261,17261,0,100000,+0.0085,0.0900,+0.0,+0.0000,NONE,RUNNING
="2026-08-08 03:33:29",64831,0,0,0,100000,-0.0004,0.0900,+0.0,+0.0000,NONE,RUNNING
="2026-08-08 03:34:29",64808,188533,139577,48956,100000,+0.0001,0.0900,+0.0,+0.0000,NONE,RUNNING
="2026-08-08 03:35:29",64792,101587,21464,80123,100000,-0.0053,0.0900,+0.0,+0.0000,NONE,RUNNING
="2026-08-08 03:36:29",64768,58239,58239,0,100000,+0.0019,0.0900,+0.0,+0.0000,NONE,RUNNING
="2026-08-08 03:37:29",64781,87670,0,87670,100000,-0.0062,0.0900,+0.0,+0.0000,NONE,RUNNING
="2026-08-08 03:38:29",64770,33305,33305,0,100000,-0.0040,0.0900,+0.0,+0.0000,NONE,RUNNING
="2026-08-08 03:39:29",64751,25828,25828,0,100000,-0.0032,0.0900,+0.0,+0.0000,NONE,RUNNING
="2026-08-08 03:40:29",64760,1060644,735471,325173,100000,-0.0078,0.0900,+0.0,+0.0000,NONE,RUNNING
="2026-08-08 03:41:29",64783,197126,33811,163314,100000,-0.0005,0.0900,+0.0,+0.0000,NONE,RUNNING
="2026-08-08 03:42:29",64750,0,0,0,100000,+0.0076,0.0900,+0.0,+0.0000,NONE,RUNNING
="2026-08-08 03:43:29",64740,96032,72880,23152,100000,+0.0027,0.0900,+0.0,+0.0000,NONE,RUNNING
="2026-08-08 03:44:29",64746,0,0,0,100000,+0.0020,0.0900,+0.0,+0.0000,NONE,RUNNING
="2026-08-08 03:45:29",64727,226480,106718,119762,100000,+0.0071,0.0900,+0.0,+0.0000,NONE,RUNNING
="2026-08-08 03:46:30",64742,89540,42110,47430,100000,+0.0045,0.0900,+0.0,+0.0000,NONE,RUNNING
="2026-08-08 03:47:30",64728,282751,72129,210621,100000,+0.0073,0.0900,+0.0,+0.0000,NONE,RUNNING
="2026-08-08 03:48:30",64718,93259,14036,79222,100000,+0.0072,0.0900,+0.0,+0.0000,NONE,RUNNING
="2026-08-08 03:49:30",64713,39072,39072,0,100000,+0.0028,0.0900,+0.0,+0.0000,NONE,RUNNING
="2026-08-08 03:50:30",64709,249325,200396,48929,100000,+0.0084,0.0900,+0.0,+0.0000,NONE,RUNNING
="2026-08-08 03:51:30",64708,79186,79186,0,100000,-0.0025,0.0900,+0.0,+0.0000,NONE,RUNNING
="2026-08-08 03:52:30",64688,57528,57528,0,100000,-0.0049,0.0900,+0.0,+0.0000,NONE,RUNNING
="2026-08-08 03:53:30",64678,13543,0,13543,100000,+0.0029,0.0900,+0.0,+0.0000,NONE,RUNNING
="2026-08-08 03:54:30",64676,0,0,0,100000,+0.0128,0.0900,+0.0,+0.0000,NONE,RUNNING
="2026-08-08 03:55:30",64676,0,0,0,100000,+0.0020,0.0900,+0.0,+0.0000,NONE,RUNNING
="2026-08-08 03:56:30",64695,13611,0,13611,100000,-0.0025,0.0900,+0.0,+0.0000,NONE,RUNNING
="2026-08-08 03:57:30",64705,57175,57175,0,100000,+0.0008,0.0900,+0.0,+0.0000,NONE,RUNNING
="2026-08-08 03:58:30",64712,48545,15077,33467,100000,-0.0050,0.0900,+0.0,+0.0000,NONE,RUNNING
="2026-08-08 03:59:30",64713,27564,0,27564,100000,+0.0106,0.0900,+0.0,+0.0000,NONE,RUNNING
="2026-08-08 04:00:30",64744,580246,97406,482840,100000,+0.0053,0.0900,+0.0,+0.0000,NONE,RUNNING
="2026-08-08 04:01:30",64840,212565,33021,179543,100000,-0.0046,0.0900,+0.0,+0.0000,NONE,RUNNING
="2026-08-08 04:02:30",64828,34029,21555,12473,100000,+0.0077,0.0900,+0.0,+0.0000,NONE,RUNNING
="2026-08-08 04:03:31",64778,210410,210410,0,100000,+0.0081,0.0900,+0.0,+0.0000,NONE,RUNNING
="2026-08-08 04:04:31",64779,61918,61918,0,100000,+0.0059,0.0900,+0.0,+0.0000,NONE,RUNNING
="2026-08-08 04:05:31",64801,187889,18309,169579,100000,+0.0125,0.0900,+0.0,+0.0000,NONE,RUNNING
="2026-08-08 04:06:31",64803,67787,10368,57418,100000,-0.0003,0.0900,+0.0,+0.0000,NONE,RUNNING
="2026-08-08 04:07:31",64799,257833,257833,0,100000,-0.0043,0.0900,+0.0,+0.0000,NONE,RUNNING
="2026-08-08 04:08:31",64805,200907,186412,14494,100000,-0.0007,0.0900,+0.0,+0.0000,NONE,RUNNING
="2026-08-08 04:09:31",64830,101137,0,101137,100000,-0.0013,0.0900,+0.0,+0.0000,NONE,RUNNING
="2026-08-08 04:10:31",64866,30815,0,30815,100000,-0.0174,0.0900,+0.0,+0.0000,NONE,RUNNING
="2026-08-08 04:11:31",64837,348293,348293,0,100000,+0.0090,0.0900,+0.0,+0.0000,NONE,RUNNING
="2026-08-08 04:12:31",64850,233112,37366,195745,100000,+0.0007,0.0900,+0.0,+0.0000,NONE,RUNNING
="2026-08-08 04:13:31",64851,65500,0,65500,100000,-0.0017,0.0900,+0.0,+0.0000,NONE,RUNNING
="2026-08-08 04:14:31",64835,65632,0,65632,100000,+0.0039,0.0900,+0.0,+0.0000,NONE,RUNNING
="2026-08-08 04:15:31",64845,64839,0,64839,100000,-0.0001,0.0900,+0.0,+0.0000,NONE,RUNNING
="2026-08-08 04:16:31",64869,0,0,0,100000,-0.0037,0.0900,+0.0,+0.0000,NONE,RUNNING
="2026-08-08 04:17:31",64862,658705,409151,249554,100000,-0.0206,0.0900,+0.0,+0.0000,NONE,RUNNING
="2026-08-08 04:18:31",64882,188932,0,188932,100000,-0.0180,0.0900,+0.0,+0.0000,NONE,RUNNING
="2026-08-08 04:19:31",64888,105115,70451,34663,100000,+0.0025,0.0900,+0.0,+0.0000,NONE,RUNNING
="2026-08-08 04:20:31",64886,0,0,0,100000,+0.0032,0.0900,+0.0,+0.0000,NONE,RUNNING
="2026-08-08 04:21:31",64908,394207,149615,244592,100000,-0.0003,0.0900,+0.0,+0.0000,NONE,RUNNING
="2026-08-08 04:22:31",64914,0,0,0,100000,-0.0178,0.0900,+0.0,+0.0000,NONE,RUNNING
="2026-08-08 04:23:32",64924,267283,78683,188599,100000,+0.0027,0.0900,+0.0,+0.0000,NONE,RUNNING
="2026-08-08 04:24:32",64934,111191,32476,78715,100000,+0.0031,0.0900,+0.0,+0.0000,NONE,RUNNING
="2026-08-08 04:25:32",64933,50952,50952,0,100000,-0.0048,0.0900,+0.0,+0.0000,NONE,RUNNING
="2026-08-08 04:26:32",64938,305298,97405,207893,100000,-0.0061,0.0900,+0.0,+0.0000,NONE,RUNNING
="2026-08-08 04:27:32",64957,198914,19639,179275,100000,-0.0020,0.0900,+0.0,+0.0000,NONE,RUNNING
="2026-08-08 04:28:32",64978,877665,323349,554315,100000,+0.0069,0.0900,+0.0,+0.0000,NONE,RUNNING
="2026-08-08 04:29:23",64940,356586,307044,49542,100000,-0.0454,0.0900,+0.0,+0.0000,NONE,RUNNING
="2026-08-08 04:29:24",64940,356586,307044,49542,100000,-0.0454,0.0900,+0.0,+0.0000,NONE,RUNNING
="2026-08-08 04:29:25",64940,356586,307044,49542,100000,-0.0454,0.0900,+0.0,+0.0000,NONE,RUNNING
="2026-08-08 04:29:26",64939,356586,307044,49542,100000,-0.0403,0.0900,+0.0,+0.0000,NONE,RUNNING
="2026-08-08 04:29:27",64939,356586,307044,49542,100000,-0.0400,0.0900,+0.0,+0.0000,NONE,RUNNING
="2026-08-08 04:29:28",64939,356586,307044,49542,100000,-0.0400,0.0900,+0.0,+0.0000,NONE,RUNNING
="2026-08-08 04:29:29",64939,356586,307044,49542,100000,-0.0400,0.0900,+0.0,+0.0000,NONE,RUNNING
="2026-08-08 04:29:30",64939,356586,307044,49542,100000,-0.0400,0.0900,+0.0,+0.0000,NONE,RUNNING
="2026-08-08 04:29:31",64939,356586,307044,49542,100000,-0.0384,0.0900,+0.0,+0.0000,NONE,RUNNING
="2026-08-08 04:29:32",64939,172461,122919,49542,100000,-0.0384,0.0900,+0.0,+0.0000,NONE,RUNNING
="2026-08-08 04:29:33",64939,172461,122919,49542,100000,-0.0388,0.0900,+0.0,+0.0000,NONE,RUNNING
="2026-08-08 04:29:35",64939,172461,122919,49542,100000,-0.0388,0.0900,+0.0,+0.0000,NONE,RUNNING
="2026-08-08 04:29:36",64940,172461,122919,49542,100000,-0.0388,0.0900,+0.0,+0.0000,NONE,RUNNING
="2026-08-08 04:29:37",64940,172461,122919,49542,100000,-0.0399,0.0900,+0.0,+0.0000,NONE,RUNNING
="2026-08-08 04:29:38",64940,172461,122919,49542,100000,-0.0401,0.0900,+0.0,+0.0000,NONE,RUNNING
="2026-08-08 04:29:39",64940,172461,122919,49542,100000,-0.0401,0.0900,+0.0,+0.0000,NONE,RUNNING
="2026-08-08 04:29:40",64940,145530,95988,49542,100000,-0.0417,0.0900,+0.0,+0.0000,NONE,RUNNING
="2026-08-08 04:29:41",64940,145530,95988,49542,100000,-0.0417,0.0900,+0.0,+0.0000,NONE,RUNNING
="2026-08-08 04:29:42",64940,145530,95988,49542,100000,-0.0417,0.0900,+0.0,+0.0000,NONE,RUNNING
="2026-08-08 04:29:43",64940,145530,95988,49542,100000,-0.0414,0.0900,+0.0,+0.0000,NONE,RUNNING
="2026-08-08 04:29:44",64940,145530,95988,49542,100000,-0.0414,0.0900,+0.0,+0.0000,NONE,RUNNING
="2026-08-08 04:29:45",64940,145530,95988,49542,100000,-0.0414,0.0900,+0.0,+0.0000,NONE,RUNNING
="2026-08-08 04:29:46",64940,49542,0,49542,100000,-0.0444,0.0900,+0.0,+0.0000,NONE,RUNNING
="2026-08-08 04:29:47",64940,49542,0,49542,100000,-0.0444,0.0900,+0.0,+0.0000,NONE,RUNNING
="2026-08-08 04:29:48",64940,49542,0,49542,100000,-0.0442,0.0900,+0.0,+0.0000,NONE,RUNNING
="2026-08-08 04:29:49",64940,49542,0,49542,100000,-0.0421,0.0900,+0.0,+0.0000,NONE,RUNNING
="2026-08-08 04:29:50",64940,49542,0,49542,100000,-0.0421,0.0900,+0.0,+0.0000,NONE,RUNNING
="2026-08-08 04:29:51",64940,49542,0,49542,100000,-0.0428,0.0900,+0.0,+0.0000,NONE,RUNNING
="2026-08-08 04:29:52",64940,49542,0,49542,100000,-0.0424,0.0900,+0.0,+0.0000,NONE,RUNNING
="2026-08-08 04:29:53",64940,49542,0,49542,100000,-0.0424,0.0900,+0.0,+0.0000,NONE,RUNNING
="2026-08-08 04:29:54",64940,49542,0,49542,100000,-0.0025,0.0900,+0.0,+0.0000,NONE,RUNNING
="2026-08-08 04:29:55",64940,49542,0,49542,100000,-0.0025,0.0900,+0.0,+0.0000,NONE,RUNNING
="2026-08-08 04:29:56",64940,49542,0,49542,100000,-0.0025,0.0900,+0.0,+0.0000,NONE,RUNNING
="2026-08-08 04:29:57",64940,49542,0,49542,100000,-0.0021,0.0900,+0.0,+0.0000,NONE,RUNNING
="2026-08-08 04:29:58",64940,49542,0,49542,100000,-0.0025,0.0900,+0.0,+0.0000,NONE,RUNNING
="2026-08-08 04:29:59",64940,49542,0,49542,100000,-0.0025,0.0900,+0.0,+0.0000,NONE,RUNNING
="2026-08-08 04:30:00",64940,49542,0,49542,100000,-0.0025,0.0900,+0.0,+0.0000,NONE,RUNNING
="2026-08-08 04:30:01",64940,49542,0,49542,100000,-0.0030,0.0900,+0.0,+0.0000,NONE,RUNNING
="2026-08-08 04:30:02",64940,49542,0,49542,100000,-0.0034,0.0900,+0.0,+0.0000,NONE,RUNNING
="2026-08-08 04:30:03",64940,49542,0,49542,100000,-0.0034,0.0900,+0.0,+0.0000,NONE,RUNNING
="2026-08-08 04:30:04",64940,29158,0,29158,100000,-0.0034,0.0900,+0.0,+0.0000,NONE,RUNNING
="2026-08-08 04:30:05",64940,29158,0,29158,100000,-0.0034,0.0900,+0.0,+0.0000,NONE,RUNNING
="2026-08-08 04:30:06",64940,0,0,0,100000,-0.0034,0.0900,+0.0,+0.0000,NONE,RUNNING
="2026-08-08 04:30:07",64941,0,0,0,100000,-0.0030,0.0900,+0.0,+0.0000,NONE,RUNNING
="2026-08-08 04:30:08",64945,34999,0,34999,100000,-0.0033,0.0900,+0.0,+0.0000,NONE,RUNNING
="2026-08-08 04:30:09",64945,34999,0,34999,100000,-0.0033,0.0900,+0.0,+0.0000,NONE,RUNNING
="2026-08-08 04:30:10",64945,34999,0,34999,100000,-0.0048,0.0900,+0.0,+0.0000,NONE,RUNNING
="2026-08-08 04:30:11",64945,34999,0,34999,100000,-0.0048,0.0900,+0.0,+0.0000,NONE,RUNNING
="2026-08-08 04:30:12",64945,34999,0,34999,100000,-0.0048,0.0900,+0.0,+0.0000,NONE,RUNNING
="2026-08-08 04:30:13",64945,34999,0,34999,100000,-0.0048,0.0900,+0.0,+0.0000,NONE,RUNNING
="2026-08-08 04:30:14",64945,34999,0,34999,100000,-0.0050,0.0900,+0.0,+0.0000,NONE,RUNNING
="2026-08-08 04:30:15",64945,34999,0,34999,100000,-0.0050,0.0900,+0.0,+0.0000,NONE,RUNNING
="2026-08-08 04:30:16",64945,34999,0,34999,100000,-0.0050,0.0900,+0.0,+0.0000,NONE,RUNNING
="2026-08-08 04:30:17",64945,34999,0,34999,100000,-0.0026,0.0900,+0.0,+0.0000,NONE,RUNNING
="2026-08-08 04:30:18",64945,34999,0,34999,100000,-0.0027,0.0900,+0.0,+0.0000,NONE,RUNNING
="2026-08-08 04:30:19",64945,34999,0,34999,100000,-0.0027,0.0900,+0.0,+0.0000,NONE,RUNNING
="2026-08-08 04:30:20",64945,34999,0,34999,100000,-0.0027,0.0900,+0.0,+0.0000,NONE,RUNNING
="2026-08-08 04:30:21",64945,34999,0,34999,100000,-0.0058,0.0900,+0.0,+0.0000,NONE,RUNNING
="2026-08-08 04:30:22",64945,34999,0,34999,100000,-0.0058,0.0900,+0.0,+0.0000,NONE,RUNNING
="2026-08-08 04:30:23",64945,34999,0,34999,100000,-0.0060,0.0900,+0.0,+0.0000,NONE,RUNNING
="2026-08-08 04:30:24",64945,34999,0,34999,100000,-0.0031,0.0900,+0.0,+0.0000,NONE,RUNNING
="2026-08-08 04:30:25",64945,34999,0,34999,100000,-0.0031,0.0900,+0.0,+0.0000,NONE,RUNNING
="2026-08-08 04:31:25",64949,179643,57871,121771,100000,+0.0031,0.0900,+0.0,+0.0000,NONE,RUNNING
="2026-08-08 04:32:25",64943,39700,11297,28402,100000,+0.0068,0.0900,+0.0,+0.0000,NONE,RUNNING
="2026-08-08 04:33:25",64975,465800,42764,423036,100000,+0.0040,0.0900,+0.0,+0.0000,NONE,RUNNING
="2026-08-08 04:34:25",64960,95638,66806,28832,100000,+0.0016,0.0900,+0.0,+0.0000,NONE,RUNNING
="2026-08-08 04:35:25",64991,1056589,197556,859032,100000,+0.0013,0.0900,+0.0,+0.0000,NONE,RUNNING
="2026-08-08 04:35:29",64974,1041589,197556,844032,100000,-0.0569,0.0900,+0.0,+0.0000,NONE,RUNNING
="2026-08-08 04:35:30",64974,1041589,197556,844032,100000,-0.0569,0.0900,+0.0,+0.0000,NONE,RUNNING
="2026-08-08 04:35:31",64974,1041589,197556,844032,100000,-0.0569,0.0900,+0.0,+0.0000,NONE,RUNNING
="2026-08-08 04:35:32",64974,1041589,197556,844032,100000,-0.0643,0.0900,+0.0,+0.0000,NONE,RUNNING
="2026-08-08 04:35:33",64974,1041589,197556,844032,100000,-0.0643,0.0900,+0.0,+0.0000,NONE,RUNNING
="2026-08-08 04:35:34",64974,1041589,197556,844032,100000,-0.0643,0.0900,+0.0,+0.0000,NONE,RUNNING
="2026-08-08 04:35:35",64974,1041589,197556,844032,100000,-0.0662,0.0900,+0.0,+0.0000,NONE,RUNNING
="2026-08-08 04:35:36",64975,1041589,197556,844032,100000,-0.0662,0.0900,+0.0,+0.0000,NONE,RUNNING
="2026-08-08 04:35:37",64975,1041589,197556,844032,100000,-0.0662,0.0900,+0.0,+0.0000,NONE,RUNNING
="2026-08-08 04:35:38",64976,1041589,197556,844032,100000,-0.0662,0.0900,+0.0,+0.0000,NONE,RUNNING
="2026-08-08 04:35:39",64975,1041589,197556,844032,100000,-0.0723,0.0900,+0.0,+0.0000,NONE,RUNNING
="2026-08-08 04:35:40",64976,1041589,197556,844032,100000,-0.0723,0.0900,+0.0,+0.0000,NONE,RUNNING
="2026-08-08 04:35:41",64976,1041589,197556,844032,100000,-0.0724,0.0900,+0.0,+0.0000,NONE,RUNNING
="2026-08-08 04:35:42",64977,1041589,197556,844032,100000,-0.0716,0.0900,+0.0,+0.0000,NONE,RUNNING
="2026-08-08 04:35:43",64977,1041589,197556,844032,100000,-0.0716,0.0900,+0.0,+0.0000,NONE,RUNNING
="2026-08-08 04:35:44",64977,1041589,197556,844032,100000,-0.0716,0.0900,+0.0,+0.0000,NONE,RUNNING
="2026-08-08 04:35:45",64977,1041589,197556,844032,100000,-0.0713,0.0900,+0.0,+0.0000,NONE,RUNNING
="2026-08-08 04:35:46",64977,1041589,197556,844032,100000,-0.0713,0.0900,+0.0,+0.0000,NONE,RUNNING
="2026-08-08 04:35:47",64977,1041589,197556,844032,100000,-0.0713,0.0900,+0.0,+0.0000,NONE,RUNNING
="2026-08-08 04:35:48",64977,1041589,197556,844032,100000,-0.0710,0.0900,+0.0,+0.0000,NONE,RUNNING
="2026-08-08 04:35:49",64977,1041589,197556,844032,100000,-0.0710,0.0900,+0.0,+0.0000,NONE,RUNNING
="2026-08-08 04:35:50",64977,649031,197556,451474,100000,-0.0705,0.0900,+0.0,+0.0000,NONE,RUNNING
="2026-08-08 04:35:51",64977,271941,197556,74385,100000,-0.0705,0.0900,+0.0,+0.0000,NONE,RUNNING
="2026-08-08 04:35:52",64977,271941,197556,74385,100000,-0.0705,0.0900,+0.0,+0.0000,NONE,RUNNING
="2026-08-08 04:35:53",64977,249153,197556,51597,100000,-0.0704,0.0900,+0.0,+0.0000,NONE,RUNNING
="2026-08-08 04:35:54",64977,249153,197556,51597,100000,-0.0704,0.0900,+0.0,+0.0000,NONE,RUNNING
="2026-08-08 04:35:55",64977,249153,197556,51597,100000,-0.0704,0.0900,+0.0,+0.0000,NONE,RUNNING
="2026-08-08 04:35:56",64977,249153,197556,51597,100000,-0.0681,0.0900,+0.0,+0.0000,NONE,RUNNING
="2026-08-08 04:35:57",64978,249153,197556,51597,100000,-0.0681,0.0900,+0.0,+0.0000,NONE,RUNNING
="2026-08-08 04:35:58",64979,345527,197556,147970,100000,-0.0681,0.0900,+0.0,+0.0000,NONE,RUNNING
="2026-08-08 04:36:00",64990,497959,197556,300403,100000,-0.0681,0.0900,+0.0,+0.0000,NONE,RUNNING
="2026-08-08 04:36:01",64997,497959,197556,300403,100000,-0.0681,0.0900,+0.0,+0.0000,NONE,RUNNING
="2026-08-08 04:36:02",64997,497959,197556,300403,100000,-0.0690,0.0900,+0.0,+0.0000,NONE,RUNNING
="2026-08-08 04:36:03",64997,497959,197556,300403,100000,-0.0690,0.0900,+0.0,+0.0000,NONE,RUNNING
="2026-08-08 04:36:04",64997,497959,197556,300403,100000,-0.0704,0.0900,+0.0,+0.0000,NONE,RUNNING
="2026-08-08 04:36:05",64994,497959,197556,300403,100000,-0.0702,0.0900,+0.0,+0.0000,NONE,RUNNING
="2026-08-08 04:36:06",64994,497959,197556,300403,100000,-0.0702,0.0900,+0.0,+0.0000,NONE,RUNNING
="2026-08-08 04:36:07",64994,497959,197556,300403,100000,-0.0635,0.0900,+0.0,+0.0000,NONE,RUNNING
="2026-08-08 04:36:08",64987,497959,197556,300403,100000,-0.0655,0.0900,+0.0,+0.0000,NONE,RUNNING
="2026-08-08 04:36:09",64987,497959,197556,300403,100000,-0.0655,0.0900,+0.0,+0.0000,NONE,RUNNING
="2026-08-08 04:36:10",64987,497959,197556,300403,100000,-0.0600,0.0900,+0.0,+0.0000,NONE,RUNNING
="2026-08-08 04:36:11",64987,542755,210792,331963,100000,-0.0591,0.0900,+0.0,+0.0000,NONE,RUNNING
="2026-08-08 04:36:12",64988,542755,210792,331963,100000,-0.0591,0.0900,+0.0,+0.0000,NONE,RUNNING
="2026-08-08 04:36:13",64988,542755,210792,331963,100000,-0.0626,0.0900,+0.0,+0.0000,NONE,RUNNING
="2026-08-08 04:36:14",64988,542755,210792,331963,100000,-0.0626,0.0900,+0.0,+0.0000,NONE,RUNNING
="2026-08-08 04:36:15",64988,542755,210792,331963,100000,-0.0626,0.0900,+0.0,+0.0000,NONE,RUNNING
="2026-08-08 04:36:16",64988,542755,210792,331963,100000,-0.0619,0.0900,+0.0,+0.0000,NONE,RUNNING
="2026-08-08 04:36:17",64988,542755,210792,331963,100000,-0.0618,0.0900,+0.0,+0.0000,NONE,RUNNING
="2026-08-08 04:36:18",64997,568431,210792,357639,100000,-0.0618,0.0900,+0.0,+0.0000,NONE,RUNNING
="2026-08-08 04:36:19",64997,568431,210792,357639,100000,-0.0612,0.0900,+0.0,+0.0000,NONE,RUNNING
="2026-08-08 04:36:20",64997,568431,210792,357639,100000,-0.0612,0.0900,+0.0,+0.0000,NONE,RUNNING
="2026-08-08 04:36:21",64997,568431,210792,357639,100000,-0.0612,0.0900,+0.0,+0.0000,NONE,RUNNING
="2026-08-08 04:36:22",64997,568431,210792,357639,100000,-0.0350,0.0900,+0.0,+0.0000,NONE,RUNNING
="2026-08-08 04:36:23",65018,1052168,210792,841376,100000,-0.0352,0.0900,+0.0,+0.0000,NONE,RUNNING
="2026-08-08 04:36:24",65031,1375047,210792,1164254,100000,-0.0352,0.0900,+0.0,+0.0000,NONE,RUNNING
="2026-08-08 04:36:25",65028,1212495,13235,1199259,100000,-0.0392,0.0900,+0.0,+0.0000,NONE,RUNNING
="2026-08-08 04:36:26",65028,1212495,13235,1199259,100000,-0.0392,0.0900,+0.0,+0.0000,NONE,RUNNING
="2026-08-08 04:36:27",65028,1212495,13235,1199259,100000,-0.0392,0.0900,+0.0,+0.0000,NONE,RUNNING
="2026-08-08 04:36:28",65000,1223064,23804,1199259,100000,-0.0392,0.0900,+0.0,+0.0000,NONE,RUNNING
="2026-08-08 04:36:29",65006,1223064,23804,1199259,100000,-0.0403,0.0900,+0.0,+0.0000,NONE,RUNNING
="2026-08-08 04:36:30",65006,1223064,23804,1199259,100000,+0.0180,0.0900,+0.0,+0.0000,NONE,RUNNING
="2026-08-08 04:36:31",65006,1223064,23804,1199259,100000,-0.0446,0.0900,+0.0,+0.0000,NONE,RUNNING
="2026-08-08 04:36:32",65006,1223064,23804,1199259,100000,-0.0446,0.0900,+0.0,+0.0000,NONE,RUNNING
="2026-08-08 04:36:33",65006,1223064,23804,1199259,100000,-0.0373,0.0900,+0.0,+0.0000,NONE,RUNNING
="2026-08-08 04:36:34",65006,1223064,23804,1199259,100000,-0.0373,0.0900,+0.0,+0.0000,NONE,RUNNING
="2026-08-08 04:36:35",65006,1223064,23804,1199259,100000,-0.0492,0.0900,+0.0,+0.0000,NONE,RUNNING
="2026-08-08 04:36:36",65006,1223064,23804,1199259,100000,-0.0492,0.0900,+0.0,+0.0000,NONE,RUNNING
="2026-08-08 04:36:37",65006,1223064,23804,1199259,100000,-0.0493,0.0900,+0.0,+0.0000,NONE,RUNNING
="2026-08-08 04:36:38",65006,1223064,23804,1199259,100000,-0.0493,0.0900,+0.0,+0.0000,NONE,RUNNING
="2026-08-08 04:36:39",65006,1223064,23804,1199259,100000,-0.0431,0.0900,+0.0,+0.0000,NONE,RUNNING
="2026-08-08 04:36:40",65006,1223064,23804,1199259,100000,-0.0429,0.0900,+0.0,+0.0000,NONE,RUNNING
="2026-08-08 04:36:41",65006,1223064,23804,1199259,100000,-0.0429,0.0900,+0.0,+0.0000,NONE,RUNNING
="2026-08-08 04:36:42",65007,1223064,23804,1199259,100000,-0.0437,0.0900,+0.0,+0.0000,NONE,RUNNING
="2026-08-08 04:36:43",65007,1223064,23804,1199259,100000,-0.0437,0.0900,+0.0,+0.0000,NONE,RUNNING
="2026-08-08 04:36:44",65007,1223064,23804,1199259,100000,-0.0437,0.0900,+0.0,+0.0000,NONE,RUNNING
="2026-08-08 04:36:45",65007,1223064,23804,1199259,100000,-0.0440,0.0900,+0.0,+0.0000,NONE,RUNNING
="2026-08-08 04:36:46",65007,1223064,23804,1199259,100000,-0.0431,0.0900,+0.0,+0.0000,NONE,RUNNING
="2026-08-08 04:36:47",65007,1223064,23804,1199259,100000,-0.0431,0.0900,+0.0,+0.0000,NONE,RUNNING
="2026-08-08 04:36:48",65007,1223064,23804,1199259,100000,-0.0434,0.0900,+0.0,+0.0000,NONE,RUNNING
="2026-08-08 04:36:49",65007,1223064,23804,1199259,100000,-0.0434,0.0900,+0.0,+0.0000,NONE,RUNNING
="2026-08-08 04:36:50",65007,1262528,63268,1199259,100000,-0.0434,0.0900,+0.0,+0.0000,NONE,RUNNING
="2026-08-08 04:36:51",65007,1262528,63268,1199259,100000,-0.0434,0.0900,+0.0,+0.0000,NONE,RUNNING
="2026-08-08 04:36:52",65007,1262528,63268,1199259,100000,-0.0442,0.0900,+0.0,+0.0000,NONE,RUNNING
="2026-08-08 04:36:53",65007,1262528,63268,1199259,100000,-0.0442,0.0900,+0.0,+0.0000,NONE,RUNNING
="2026-08-08 04:36:54",65007,1262528,63268,1199259,100000,-0.0443,0.0900,+0.0,+0.0000,NONE,RUNNING
="2026-08-08 04:36:55",65007,1262528,63268,1199259,100000,-0.0443,0.0900,+0.0,+0.0000,NONE,RUNNING
="2026-08-08 04:36:56",65007,1262528,63268,1199259,100000,-0.0437,0.0900,+0.0,+0.0000,NONE,RUNNING
="2026-08-08 04:36:57",65007,1386925,63268,1323657,100000,-0.0437,0.0900,+0.0,+0.0000,NONE,RUNNING
="2026-08-08 04:36:58",65009,1313836,63268,1250567,100000,-0.0432,0.0900,+0.0,+0.0000,NONE,RUNNING
="2026-08-08 04:36:59",65009,1173119,63268,1109851,100000,-0.0432,0.0900,+0.0,+0.0000,NONE,RUNNING
="2026-08-08 04:37:00",65009,1138120,63268,1074851,100000,-0.0432,0.0900,+0.0,+0.0000,NONE,RUNNING
="2026-08-08 04:37:01",65009,1138120,63268,1074851,100000,-0.0432,0.0900,+0.0,+0.0000,NONE,RUNNING
="2026-08-08 04:37:02",65009,1138120,63268,1074851,100000,-0.0432,0.0900,+0.0,+0.0000,NONE,RUNNING
="2026-08-08 04:37:03",65009,1138120,63268,1074851,100000,-0.0418,0.0900,+0.0,+0.0000,NONE,RUNNING
="2026-08-08 04:37:04",65009,1138120,63268,1074851,100000,-0.0338,0.0900,+0.0,+0.0000,NONE,RUNNING
="2026-08-08 04:37:05",65009,1138120,63268,1074851,100000,-0.0338,0.0900,+0.0,+0.0000,NONE,RUNNING
="2026-08-08 04:37:06",65009,1138120,63268,1074851,100000,-0.0406,0.0900,+0.0,+0.0000,NONE,RUNNING
="2026-08-08 04:37:07",65009,1138120,63268,1074851,100000,-0.0406,0.0900,+0.0,+0.0000,NONE,RUNNING
="2026-08-08 04:37:08",65009,1138120,63268,1074851,100000,-0.0405,0.0900,+0.0,+0.0000,NONE,RUNNING
="2026-08-08 04:37:09",65009,1138120,63268,1074851,100000,-0.0461,0.0900,+0.0,+0.0000,NONE,RUNNING
="2026-08-08 04:37:10",65009,1182248,63268,1118979,100000,-0.0461,0.0900,+0.0,+0.0000,NONE,RUNNING
="2026-08-08 04:37:11",65011,1137451,50032,1087419,100000,-0.0461,0.0900,+0.0,+0.0000,NONE,RUNNING
="2026-08-08 04:37:12",65011,1137451,50032,1087419,100000,-0.0427,0.0900,+0.0,+0.0000,NONE,RUNNING
="2026-08-08 04:37:13",65011,1137451,50032,1087419,100000,-0.0444,0.0900,+0.0,+0.0000,NONE,RUNNING
="2026-08-08 04:37:14",65011,1137451,50032,1087419,100000,-0.0444,0.0900,+0.0,+0.0000,NONE,RUNNING
="2026-08-08 04:37:15",65011,1137451,50032,1087419,100000,-0.0444,0.0900,+0.0,+0.0000,NONE,RUNNING
="2026-08-08 04:37:16",65011,1137451,50032,1087419,100000,-0.0451,0.0900,+0.0,+0.0000,NONE,RUNNING
="2026-08-08 04:37:17",65011,1111776,50032,1061743,100000,-0.0451,0.0900,+0.0,+0.0000,NONE,RUNNING
="2026-08-08 04:37:18",65012,1111776,50032,1061743,100000,-0.0456,0.0900,+0.0,+0.0000,NONE,RUNNING
="2026-08-08 04:37:19",65012,1111776,50032,1061743,100000,-0.0456,0.0900,+0.0,+0.0000,NONE,RUNNING
="2026-08-08 04:37:20",65013,1141314,50032,1091282,100000,-0.0483,0.0900,+0.0,+0.0000,NONE,RUNNING
="2026-08-08 04:37:21",65020,1141314,50032,1091282,100000,-0.0746,0.0900,+0.0,+0.0000,NONE,RUNNING
="2026-08-08 04:37:22",65020,640979,50032,590947,100000,-0.0746,0.0900,+0.0,+0.0000,NONE,RUNNING
="2026-08-08 04:37:23",65020,605980,50032,555947,100000,-0.0746,0.0900,+0.0,+0.0000,NONE,RUNNING
="2026-08-08 04:37:24",65020,248096,50032,198063,100000,-0.0746,0.0900,+0.0,+0.0000,NONE,RUNNING
="2026-08-08 04:37:25",65020,324016,125952,198063,100000,-0.0706,0.0900,+0.0,+0.0000,NONE,RUNNING
="2026-08-08 04:37:26",65002,324016,125952,198063,100000,-0.0701,0.0900,+0.0,+0.0000,NONE,RUNNING
="2026-08-08 04:37:27",65003,333272,115383,217889,100000,-0.0690,0.0900,+0.0,+0.0000,NONE,RUNNING
="2026-08-08 04:37:28",65003,333272,115383,217889,100000,-0.0690,0.0900,+0.0,+0.0000,NONE,RUNNING
="2026-08-08 04:37:29",65003,347997,115383,232614,100000,-0.0645,0.0900,+0.0,+0.0000,NONE,RUNNING
="2026-08-08 04:37:30",65003,347997,115383,232614,100000,-0.0019,0.0900,+0.0,+0.0000,NONE,RUNNING
="2026-08-08 04:37:31",65003,347997,115383,232614,100000,-0.0019,0.0900,+0.0,+0.0000,NONE,RUNNING
="2026-08-08 04:37:32",65003,347997,115383,232614,100000,-0.0626,0.0900,+0.0,+0.0000,NONE,RUNNING
="2026-08-08 04:37:34",65003,347997,115383,232614,100000,-0.0626,0.0900,+0.0,+0.0000,NONE,RUNNING
="2026-08-08 04:37:35",65003,347997,115383,232614,100000,-0.0552,0.0900,+0.0,+0.0000,NONE,RUNNING
="2026-08-08 04:37:36",65003,347997,115383,232614,100000,-0.0552,0.0900,+0.0,+0.0000,NONE,RUNNING
="2026-08-08 04:37:37",65003,347997,115383,232614,100000,-0.0552,0.0900,+0.0,+0.0000,NONE,RUNNING
="2026-08-08 04:37:38",65003,347997,115383,232614,100000,-0.0551,0.0900,+0.0,+0.0000,NONE,RUNNING
="2026-08-08 04:37:39",65003,347997,115383,232614,100000,-0.0551,0.0900,+0.0,+0.0000,NONE,RUNNING
="2026-08-08 04:37:40",65003,347997,115383,232614,100000,-0.0551,0.0900,+0.0,+0.0000,NONE,RUNNING
="2026-08-08 04:37:41",65003,347997,115383,232614,100000,-0.0553,0.0900,+0.0,+0.0000,NONE,RUNNING
="2026-08-08 04:37:42",65003,347997,115383,232614,100000,-0.0553,0.0900,+0.0,+0.0000,NONE,RUNNING
="2026-08-08 04:37:43",65003,347997,115383,232614,100000,-0.0553,0.0900,+0.0,+0.0000,NONE,RUNNING
="2026-08-08 04:37:44",65003,347997,115383,232614,100000,-0.0553,0.0900,+0.0,+0.0000,NONE,RUNNING
="2026-08-08 04:37:45",65003,347997,115383,232614,100000,-0.0561,0.0900,+0.0,+0.0000,NONE,RUNNING
="2026-08-08 04:37:46",65003,347997,115383,232614,100000,-0.0561,0.0900,+0.0,+0.0000,NONE,RUNNING
="2026-08-08 04:37:47",65003,347997,115383,232614,100000,-0.0570,0.0900,+0.0,+0.0000,NONE,RUNNING
="2026-08-08 04:37:48",65003,359430,115383,244047,100000,-0.0570,0.0900,+0.0,+0.0000,NONE,RUNNING
="2026-08-08 04:37:49",65003,359430,115383,244047,100000,-0.0578,0.0900,+0.0,+0.0000,NONE,RUNNING
="2026-08-08 04:37:50",65003,319966,75919,244047,100000,-0.0578,0.0900,+0.0,+0.0000,NONE,RUNNING
="2026-08-08 04:37:51",65003,319966,75919,244047,100000,-0.0579,0.0900,+0.0,+0.0000,NONE,RUNNING
="2026-08-08 04:37:52",65003,319966,75919,244047,100000,-0.0571,0.0900,+0.0,+0.0000,NONE,RUNNING
="2026-08-08 04:37:53",65003,319966,75919,244047,100000,-0.0571,0.0900,+0.0,+0.0000,NONE,RUNNING
="2026-08-08 04:37:54",64996,399966,75919,324046,100000,-0.0572,0.0900,+0.0,+0.0000,NONE,RUNNING
="2026-08-08 04:37:55",64996,399966,75919,324046,100000,-0.0572,0.0900,+0.0,+0.0000,NONE,RUNNING
="2026-08-08 04:37:56",64973,463945,88914,375030,100000,-0.0578,0.0900,+0.0,+0.0000,NONE,RUNNING
="2026-08-08 04:37:57",64973,463945,88914,375030,100000,-0.0588,0.0900,+0.0,+0.0000,NONE,RUNNING
="2026-08-08 04:37:58",64973,339547,88914,250632,100000,-0.0592,0.0900,+0.0,+0.0000,NONE,RUNNING
="2026-08-08 04:37:59",64973,339547,88914,250632,100000,-0.0592,0.0900,+0.0,+0.0000,NONE,RUNNING
="2026-08-08 04:38:00",64970,339547,88914,250632,100000,-0.0586,0.0900,+0.0,+0.0000,NONE,RUNNING
="2026-08-08 04:38:01",64964,357433,106801,250632,100000,-0.0586,0.0900,+0.0,+0.0000,NONE,RUNNING
="2026-08-08 04:38:02",64962,357433,106801,250632,100000,-0.0586,0.0900,+0.0,+0.0000,NONE,RUNNING
="2026-08-08 04:38:03",64962,357433,106801,250632,100000,-0.0586,0.0900,+0.0,+0.0000,NONE,RUNNING
="2026-08-08 04:38:04",64962,357433,106801,250632,100000,-0.1344,0.0900,+0.0,+0.0000,SHORT,RUNNING
="2026-08-08 04:38:05",64962,357433,106801,250632,100000,-0.1344,0.0900,+0.0,+0.0000,SHORT,RUNNING
="2026-08-08 04:38:06",64962,357433,106801,250632,100000,-0.1360,0.0900,+0.0,+0.0000,SHORT,RUNNING
="2026-08-08 04:38:07",64962,357433,106801,250632,100000,-0.1360,0.0900,+0.0,+0.0000,SHORT,RUNNING
="2026-08-08 04:38:08",64962,357433,106801,250632,100000,-0.1360,0.0900,+0.0,+0.0000,SHORT,RUNNING
="2026-08-08 04:38:09",64962,357433,106801,250632,100000,-0.1382,0.0900,+0.0,+0.0000,SHORT,RUNNING
="2026-08-08 04:38:10",64962,357433,106801,250632,100000,-0.1382,0.0900,+0.0,+0.0000,SHORT,RUNNING
="2026-08-08 04:38:11",64962,313305,106801,206504,100000,-0.1382,0.0900,+0.0,+0.0000,SHORT,RUNNING
="2026-08-08 04:38:12",64962,313305,106801,206504,100000,-0.1380,0.0900,+0.0,+0.0000,SHORT,RUNNING
="2026-08-08 04:38:13",64962,313305,106801,206504,100000,-0.1363,0.0900,+0.0,+0.0000,SHORT,RUNNING
="2026-08-08 04:38:14",64962,313305,106801,206504,100000,-0.1363,0.0900,+0.0,+0.0000,SHORT,RUNNING
="2026-08-08 04:38:15",64962,313305,106801,206504,100000,-0.1362,0.0900,+0.0,+0.0000,SHORT,RUNNING
="2026-08-08 04:38:16",64962,313305,106801,206504,100000,-0.1362,0.0900,+0.0,+0.0000,SHORT,RUNNING
="2026-08-08 04:38:17",64962,313305,106801,206504,100000,-0.1362,0.0900,+0.0,+0.0000,SHORT,RUNNING
="2026-08-08 04:38:18",64962,313305,106801,206504,100000,-0.1347,0.0900,+0.0,+0.0000,SHORT,RUNNING
="2026-08-08 04:38:19",64962,313305,106801,206504,100000,-0.1347,0.0900,+0.0,+0.0000,SHORT,RUNNING
="2026-08-08 04:38:20",64962,283767,106801,176966,100000,-0.1347,0.0900,+0.0,+0.0000,SHORT,RUNNING
="2026-08-08 04:38:21",64962,283767,106801,176966,100000,-0.1319,0.0900,+0.0,+0.0000,SHORT,RUNNING
="2026-08-08 04:38:22",64962,283767,106801,176966,100000,-0.1319,0.0900,+0.0,+0.0000,SHORT,RUNNING
="2026-08-08 04:38:23",64962,283767,106801,176966,100000,-0.1319,0.0900,+0.0,+0.0000,SHORT,RUNNING
="2026-08-08 04:38:24",64962,283767,106801,176966,100000,-0.1319,0.0900,+0.0,+0.0000,SHORT,RUNNING
="2026-08-08 04:38:25",64962,283767,106801,176966,100000,-0.1319,0.0900,+0.0,+0.0000,SHORT,RUNNING
="2026-08-08 04:38:26",64962,207848,30881,176966,100000,-0.1324,0.0900,+0.0,+0.0000,SHORT,RUNNING
="2026-08-08 04:38:27",64962,188022,30881,157141,100000,-0.1324,0.0900,+0.0,+0.0000,SHORT,RUNNING
="2026-08-08 04:38:28",64962,188022,30881,157141,100000,-0.1322,0.0900,+0.0,+0.0000,SHORT,RUNNING
="2026-08-08 04:38:29",64962,173297,30881,142416,100000,-0.1322,0.0900,+0.0,+0.0000,SHORT,RUNNING
="2026-08-08 04:38:30",64962,173297,30881,142416,100000,-0.1367,0.0900,+0.0,+0.0000,SHORT,RUNNING
="2026-08-08 04:38:31",64962,173297,30881,142416,100000,-0.1367,0.0900,+0.0,+0.0000,SHORT,RUNNING
="2026-08-08 04:38:32",64962,173297,30881,142416,100000,-0.0760,0.0900,+0.0,+0.0000,NONE,RUNNING
="2026-08-08 04:38:33",64962,173297,30881,142416,100000,-0.0752,0.0900,+0.0,+0.0000,NONE,RUNNING
="2026-08-08 04:38:34",64962,173297,30881,142416,100000,-0.0752,0.0900,+0.0,+0.0000,NONE,RUNNING
="2026-08-08 04:38:35",64962,312409,30881,281527,100000,-0.0752,0.0900,+0.0,+0.0000,NONE,RUNNING
="2026-08-08 04:38:36",64971,368313,30881,337432,100000,-0.0708,0.0900,+0.0,+0.0000,NONE,RUNNING
="2026-08-08 04:38:37",64971,405228,30881,374346,100000,-0.0704,0.0900,+0.0,+0.0000,NONE,RUNNING
="2026-08-08 04:38:38",64971,405228,30881,374346,100000,-0.0704,0.0900,+0.0,+0.0000,NONE,RUNNING
="2026-08-08 04:38:39",64971,405228,30881,374346,100000,-0.0704,0.0900,+0.0,+0.0000,NONE,RUNNING
="2026-08-08 04:38:40",64971,405228,30881,374346,100000,-0.0717,0.0900,+0.0,+0.0000,NONE,RUNNING
="2026-08-08 04:38:41",64971,405228,30881,374346,100000,-0.0717,0.0900,+0.0,+0.0000,NONE,RUNNING
="2026-08-08 04:38:42",64971,405228,30881,374346,100000,-0.0717,0.0900,+0.0,+0.0000,NONE,RUNNING
="2026-08-08 04:38:43",64971,422600,30881,391718,100000,-0.0717,0.0900,+0.0,+0.0000,NONE,RUNNING
="2026-08-08 04:38:44",64971,422600,30881,391718,100000,-0.0709,0.0900,+0.0,+0.0000,NONE,RUNNING
="2026-08-08 04:38:45",64971,422600,30881,391718,100000,-0.0701,0.0900,+0.0,+0.0000,NONE,RUNNING
="2026-08-08 04:38:46",64971,422600,30881,391718,100000,-0.0701,0.0900,+0.0,+0.0000,NONE,RUNNING
="2026-08-08 04:38:47",64971,411167,30881,380285,100000,-0.0701,0.0900,+0.0,+0.0000,NONE,RUNNING
="2026-08-08 04:38:48",64971,411167,30881,380285,100000,-0.0693,0.0900,+0.0,+0.0000,NONE,RUNNING
="2026-08-08 04:38:49",64971,411167,30881,380285,100000,-0.0684,0.0900,+0.0,+0.0000,NONE,RUNNING
="2026-08-08 04:38:50",64970,411167,30881,380285,100000,-0.0684,0.0900,+0.0,+0.0000,NONE,RUNNING
="2026-08-08 04:38:51",64968,411167,30881,380285,100000,-0.0682,0.0900,+0.0,+0.0000,NONE,RUNNING
="2026-08-08 04:38:52",64968,411167,30881,380285,100000,-0.0685,0.0900,+0.0,+0.0000,NONE,RUNNING
="2026-08-08 04:38:53",64968,411167,30881,380285,100000,-0.0685,0.0900,+0.0,+0.0000,NONE,RUNNING
="2026-08-08 04:38:54",64968,331167,30881,300286,100000,-0.0684,0.0900,+0.0,+0.0000,NONE,RUNNING
="2026-08-08 04:38:55",64968,267188,17886,249302,100000,-0.0684,0.0900,+0.0,+0.0000,NONE,RUNNING
="2026-08-08 04:38:56",64968,267188,17886,249302,100000,-0.0683,0.0900,+0.0,+0.0000,NONE,RUNNING
="2026-08-08 04:38:57",64968,267188,17886,249302,100000,-0.0674,0.0900,+0.0,+0.0000,NONE,RUNNING
="2026-08-08 04:38:58",64968,267188,17886,249302,100000,-0.0690,0.0900,+0.0,+0.0000,NONE,RUNNING
="2026-08-08 04:38:59",64968,267188,17886,249302,100000,-0.0690,0.0900,+0.0,+0.0000,NONE,RUNNING
="2026-08-08 04:39:00",64968,249302,0,249302,100000,-0.0697,0.0900,+0.0,+0.0000,NONE,RUNNING
="2026-08-08 04:39:01",64968,249302,0,249302,100000,-0.0697,0.0900,+0.0,+0.0000,NONE,RUNNING
="2026-08-08 04:39:02",64967,249302,0,249302,100000,-0.0019,0.0900,+0.0,+0.0000,NONE,RUNNING
="2026-08-08 04:39:03",64967,852351,603049,249302,100000,-0.0019,0.0900,+0.0,+0.0000,NONE,RUNNING
="2026-08-08 04:39:04",64958,852351,603049,249302,100000,+0.0008,0.0900,+0.0,+0.0000,NONE,RUNNING
="2026-08-08 04:39:05",64950,852351,603049,249302,100000,+0.0008,0.0900,+0.0,+0.0000,NONE,RUNNING
="2026-08-08 04:39:06",64950,852351,603049,249302,100000,+0.0025,0.0900,+0.0,+0.0000,NONE,RUNNING
="2026-08-08 04:39:07",64950,852351,603049,249302,100000,-0.0046,0.0900,+0.0,+0.0000,NONE,RUNNING
="2026-08-08 04:39:08",64950,852351,603049,249302,100000,-0.0025,0.0900,+0.0,+0.0000,NONE,RUNNING
="2026-08-08 04:39:09",64948,852351,603049,249302,100000,-0.0025,0.0900,+0.0,+0.0000,NONE,RUNNING
="2026-08-08 04:39:10",64948,852351,603049,249302,100000,-0.0025,0.0900,+0.0,+0.0000,NONE,RUNNING
="2026-08-08 04:39:11",64948,852351,603049,249302,100000,-0.0036,0.0900,+0.0,+0.0000,NONE,RUNNING
="2026-08-08 04:39:12",64948,974110,603049,371061,100000,-0.0036,0.0900,+0.0,+0.0000,NONE,RUNNING
="2026-08-08 04:39:13",64949,1021787,603049,418738,100000,-0.0036,0.0900,+0.0,+0.0000,NONE,RUNNING
="2026-08-08 04:39:14",64954,1069861,603049,466811,100000,-0.0044,0.0900,+0.0,+0.0000,NONE,RUNNING
="2026-08-08 04:39:15",64957,1069861,603049,466811,100000,-0.0046,0.0900,+0.0,+0.0000,NONE,RUNNING
="2026-08-08 04:39:16",64958,1069861,603049,466811,100000,-0.0046,0.0900,+0.0,+0.0000,NONE,RUNNING
="2026-08-08 04:39:17",64958,1069861,603049,466811,100000,-0.0038,0.0900,+0.0,+0.0000,NONE,RUNNING
="2026-08-08 04:39:19",64958,1069861,603049,466811,100000,-0.0053,0.0900,+0.0,+0.0000,NONE,RUNNING
="2026-08-08 04:39:20",64958,1069861,603049,466811,100000,-0.0053,0.0900,+0.0,+0.0000,NONE,RUNNING
="2026-08-08 04:39:21",64963,1090839,603049,487790,100000,-0.0070,0.0900,+0.0,+0.0000,NONE,RUNNING
="2026-08-08 04:39:22",64963,1090839,603049,487790,100000,-0.0070,0.0900,+0.0,+0.0000,NONE,RUNNING
="2026-08-08 04:39:23",64963,1090839,603049,487790,100000,-0.0070,0.0900,+0.0,+0.0000,NONE,RUNNING
="2026-08-08 04:39:24",64963,1090839,603049,487790,100000,-0.0070,0.0900,+0.0,+0.0000,NONE,RUNNING
="2026-08-08 04:39:25",64963,1090839,603049,487790,100000,-0.0071,0.0900,+0.0,+0.0000,NONE,RUNNING
="2026-08-08 04:39:26",64963,1090839,603049,487790,100000,-0.0071,0.0900,+0.0,+0.0000,NONE,RUNNING
="2026-08-08 04:39:27",64963,1090839,603049,487790,100000,-0.0061,0.0900,+0.0,+0.0000,NONE,RUNNING
="2026-08-08 04:39:28",64963,1090839,603049,487790,100000,-0.0063,0.0900,+0.0,+0.0000,NONE,RUNNING
="2026-08-08 04:39:29",64963,1090839,603049,487790,100000,-0.0063,0.0900,+0.0,+0.0000,NONE,RUNNING
="2026-08-08 04:39:30",64963,1090839,603049,487790,100000,-0.0071,0.0900,+0.0,+0.0000,NONE,RUNNING
="2026-08-08 04:39:31",64966,1090839,603049,487790,100000,-0.0071,0.0900,+0.0,+0.0000,NONE,RUNNING
="2026-08-08 04:39:32",64966,1090839,603049,487790,100000,-0.0071,0.0900,+0.0,+0.0000,NONE,RUNNING
="2026-08-08 04:39:33",64966,1090839,603049,487790,100000,-0.0071,0.0900,+0.0,+0.0000,NONE,RUNNING
="2026-08-08 04:39:34",64966,1090839,603049,487790,100000,-0.0078,0.0900,+0.0,+0.0000,NONE,RUNNING
="2026-08-08 04:39:35",64967,1123095,603049,520045,100000,-0.0078,0.0900,+0.0,+0.0000,NONE,RUNNING
="2026-08-08 04:39:36",64968,928079,603049,325029,100000,-0.0082,0.0900,+0.0,+0.0000,NONE,RUNNING
="2026-08-08 04:39:37",64968,891164,603049,288115,100000,-0.0086,0.0900,+0.0,+0.0000,NONE,RUNNING
="2026-08-08 04:39:38",64968,891164,603049,288115,100000,-0.0086,0.0900,+0.0,+0.0000,NONE,RUNNING
="2026-08-08 04:39:39",64973,933211,603049,330162,100000,-0.0086,0.0900,+0.0,+0.0000,NONE,RUNNING
="2026-08-08 04:39:40",64974,955325,603049,352276,100000,-0.0099,0.0900,+0.0,+0.0000,NONE,RUNNING
="2026-08-08 04:39:41",64975,955325,603049,352276,100000,-0.0099,0.0900,+0.0,+0.0000,NONE,RUNNING
="2026-08-08 04:39:42",64977,955325,603049,352276,100000,-0.0099,0.0900,+0.0,+0.0000,NONE,RUNNING
="2026-08-08 04:39:43",64977,937953,603049,334904,100000,-0.0107,0.0900,+0.0,+0.0000,NONE,RUNNING
="2026-08-08 04:39:44",64977,937953,603049,334904,100000,-0.0107,0.0900,+0.0,+0.0000,NONE,RUNNING
="2026-08-08 04:39:45",64977,937953,603049,334904,100000,-0.0116,0.0900,+0.0,+0.0000,NONE,RUNNING
="2026-08-08 04:39:46",64977,937953,603049,334904,100000,-0.0116,0.0900,+0.0,+0.0000,NONE,RUNNING
="2026-08-08 04:39:47",64977,937953,603049,334904,100000,-0.0116,0.0900,+0.0,+0.0000,NONE,RUNNING
="2026-08-08 04:39:48",64977,937953,603049,334904,100000,-0.0116,0.0900,+0.0,+0.0000,NONE,RUNNING
="2026-08-08 04:39:49",64985,950853,603049,347804,100000,-0.0116,0.0900,+0.0,+0.0000,NONE,RUNNING
="2026-08-08 04:39:50",64989,950853,603049,347804,100000,-0.0125,0.0900,+0.0,+0.0000,NONE,RUNNING
="2026-08-08 04:39:51",64989,1015337,603049,412287,100000,-0.0118,0.0900,+0.0,+0.0000,NONE,RUNNING
="2026-08-08 04:39:52",64989,1015337,603049,412287,100000,-0.0115,0.0900,+0.0,+0.0000,NONE,RUNNING
="2026-08-08 04:39:53",64989,1015337,603049,412287,100000,-0.0115,0.0900,+0.0,+0.0000,NONE,RUNNING
="2026-08-08 04:39:54",64989,1015337,603049,412287,100000,-0.0115,0.0900,+0.0,+0.0000,NONE,RUNNING
="2026-08-08 04:39:55",64991,1015337,603049,412287,100000,-0.0104,0.0900,+0.0,+0.0000,NONE,RUNNING
="2026-08-08 04:39:56",64991,1015337,603049,412287,100000,-0.0105,0.0900,+0.0,+0.0000,NONE,RUNNING
="2026-08-08 04:39:57",64991,1015337,603049,412287,100000,-0.0105,0.0900,+0.0,+0.0000,NONE,RUNNING
="2026-08-08 04:39:58",64991,1015337,603049,412287,100000,-0.0105,0.0900,+0.0,+0.0000,NONE,RUNNING
="2026-08-08 04:39:59",64991,1015337,603049,412287,100000,-0.0089,0.0900,+0.0,+0.0000,NONE,RUNNING
="2026-08-08 04:40:00",64991,1015337,603049,412287,100000,-0.0089,0.0900,+0.0,+0.0000,NONE,RUNNING
="2026-08-08 04:40:01",64991,1015337,603049,412287,100000,-0.0111,0.0900,+0.0,+0.0000,NONE,RUNNING
="2026-08-08 04:40:02",64991,1015337,603049,412287,100000,-0.0111,0.0900,+0.0,+0.0000,NONE,RUNNING
="2026-08-08 04:41:02",65014,1055945,75518,980426,100000,+0.0019,0.0900,+0.0,+0.0000,NONE,RUNNING
="2026-08-08 04:42:02",64996,121220,55666,65554,100000,-0.0064,0.0900,+0.0,+0.0000,NONE,RUNNING
="2026-08-08 04:43:02",65003,44194,0,44194,100000,-0.0011,0.0900,+0.0,+0.0000,NONE,RUNNING
="2026-08-08 04:44:02",64982,350198,286603,63595,100000,-0.0005,0.0900,+0.0,+0.0000,NONE,RUNNING
="2026-08-08 04:45:02",64972,200948,48884,152063,100000,+0.0038,0.0900,+0.0,+0.0000,NONE,RUNNING
="2026-08-08 04:46:02",65000,246263,0,246263,100000,+0.0012,0.0900,+0.0,+0.0000,NONE,RUNNING
="2026-08-08 04:47:02",64993,477552,263156,214396,100000,+0.0069,0.0900,+0.0,+0.0000,NONE,RUNNING
="2026-08-08 04:48:02",65001,74430,13470,60960,100000,+0.0024,0.0900,+0.0,+0.0000,NONE,RUNNING
="2026-08-08 04:49:02",64978,59423,59423,0,100000,+0.0056,0.0900,+0.0,+0.0000,NONE,RUNNING
="2026-08-08 04:50:02",64968,291961,84268,207693,100000,-0.0052,0.0900,+0.0,+0.0000,NONE,RUNNING
="2026-08-08 04:51:02",64993,200972,64978,135994,100000,-0.0076,0.0900,+0.0,+0.0000,NONE,RUNNING
="2026-08-08 04:52:02",64966,190015,190015,0,100000,+0.0028,0.0900,+0.0,+0.0000,NONE,RUNNING
="2026-08-08 04:53:02",64950,156988,60170,96818,100000,-0.0042,0.0900,+0.0,+0.0000,NONE,RUNNING
="2026-08-08 04:54:03",64961,458613,176340,282273,100000,+0.0020,0.0900,+0.0,+0.0000,NONE,RUNNING
="2026-08-08 04:55:03",64952,106202,70486,35715,100000,+0.0123,0.0900,+0.0,+0.0000,NONE,RUNNING
="2026-08-08 04:56:03",64953,99551,16880,82670,100000,-0.0026,0.0900,+0.0,+0.0000,NONE,RUNNING
="2026-08-08 04:57:03",64966,459502,268613,190889,100000,+0.0134,0.0900,+0.0,+0.0000,NONE,RUNNING
="2026-08-08 04:58:03",64967,69999,0,69999,100000,+0.0009,0.0900,+0.0,+0.0000,NONE,RUNNING
="2026-08-08 04:59:03",64980,313692,0,313692,100000,-0.0067,0.0600,+0.0,+0.0000,NONE,RUNNING
="2026-08-08 05:00:03",64961,1132527,591414,541113,100000,+0.0044,0.0600,+0.0,+0.0000,NONE,RUNNING
="2026-08-08 05:00:15",64964,885013,343720,541293,100000,+0.0316,0.0600,+0.0,+0.0000,NONE,RUNNING
="2026-08-08 05:00:16",64964,885013,343720,541293,100000,+0.0316,0.0600,+0.0,+0.0000,NONE,RUNNING
="2026-08-08 05:00:17",64963,812290,270997,541293,100000,+0.0305,0.0600,+0.0,+0.0000,NONE,RUNNING
="2026-08-08 05:00:18",64963,812290,270997,541293,100000,+0.0305,0.0600,+0.0,+0.0000,NONE,RUNNING
="2026-08-08 05:00:19",64963,794823,253530,541293,100000,+0.0305,0.0600,+0.0,+0.0000,NONE,RUNNING
="2026-08-08 05:00:20",64963,772935,231641,541293,100000,+0.0304,0.0600,+0.0,+0.0000,NONE,RUNNING
="2026-08-08 05:00:21",64963,772935,231641,541293,100000,+0.0313,0.0600,+0.0,+0.0000,NONE,RUNNING
="2026-08-08 05:00:22",64963,772935,231641,541293,100000,+0.0313,0.0600,+0.0,+0.0000,NONE,RUNNING
="2026-08-08 05:00:23",64960,772935,231641,541293,100000,+0.0309,0.0600,+0.0,+0.0000,NONE,RUNNING
="2026-08-08 05:00:24",64960,758216,231641,526574,100000,+0.0310,0.0600,+0.0,+0.0000,NONE,RUNNING
="2026-08-08 05:00:25",64960,741256,231641,509614,100000,+0.0310,0.0600,+0.0,+0.0000,NONE,RUNNING
="2026-08-08 05:00:26",64960,741256,231641,509614,100000,+0.0310,0.0600,+0.0,+0.0000,NONE,RUNNING
="2026-08-08 05:00:27",64960,723229,213614,509614,100000,+0.0310,0.0600,+0.0,+0.0000,NONE,RUNNING
="2026-08-08 05:00:28",64960,700615,213614,487001,100000,+0.0300,0.0600,+0.0,+0.0000,NONE,RUNNING
="2026-08-08 05:00:29",64960,688856,213614,475241,100000,+0.0298,0.0600,+0.0,+0.0000,NONE,RUNNING
="2026-08-08 05:00:30",64960,688856,213614,475241,100000,+0.0298,0.0600,+0.0,+0.0000,NONE,RUNNING
="2026-08-08 05:00:31",64960,688856,213614,475241,100000,+0.0298,0.0600,+0.0,+0.0000,NONE,RUNNING
="2026-08-08 05:00:32",64960,662730,187488,475241,100000,+0.0298,0.0600,+0.0,+0.0000,NONE,RUNNING
="2026-08-08 05:00:33",64960,662730,187488,475241,100000,+0.0296,0.0600,+0.0,+0.0000,NONE,RUNNING
="2026-08-08 05:00:34",64960,662730,187488,475241,100000,+0.0296,0.0600,+0.0,+0.0000,NONE,RUNNING
="2026-08-08 05:00:35",64960,662730,187488,475241,100000,+0.0296,0.0600,+0.0,+0.0000,NONE,RUNNING
="2026-08-08 05:00:36",64960,662730,187488,475241,100000,+0.0296,0.0600,+0.0,+0.0000,NONE,RUNNING
="2026-08-08 05:00:37",64960,662730,187488,475241,100000,+0.0313,0.0600,+0.0,+0.0000,NONE,RUNNING
="2026-08-08 05:00:38",64960,662730,187488,475241,100000,+0.0319,0.0600,+0.0,+0.0000,NONE,RUNNING
="2026-08-08 05:00:39",64960,662730,187488,475241,100000,+0.0319,0.0600,+0.0,+0.0000,NONE,RUNNING
="2026-08-08 05:00:40",64960,662730,187488,475241,100000,+0.0319,0.0600,+0.0,+0.0000,NONE,RUNNING
="2026-08-08 05:00:41",64960,662730,187488,475241,100000,+0.0298,0.0600,+0.0,+0.0000,NONE,RUNNING
="2026-08-08 05:00:42",64960,662730,187488,475241,100000,+0.0298,0.0600,+0.0,+0.0000,NONE,RUNNING
="2026-08-08 05:00:43",64960,662730,187488,475241,100000,+0.0298,0.0600,+0.0,+0.0000,NONE,RUNNING
="2026-08-08 05:00:44",64960,662730,187488,475241,100000,+0.0298,0.0600,+0.0,+0.0000,NONE,RUNNING
="2026-08-08 05:00:45",64960,655136,222241,432895,100000,+0.0298,0.0600,+0.0,+0.0000,NONE,RUNNING
="2026-08-08 05:00:46",64960,655136,222241,432895,100000,+0.0297,0.0600,+0.0,+0.0000,NONE,RUNNING
="2026-08-08 05:00:47",64960,624306,222241,402064,100000,+0.0307,0.0600,+0.0,+0.0000,NONE,RUNNING
="2026-08-08 05:00:48",64960,593407,191342,402064,100000,+0.0307,0.0600,+0.0,+0.0000,NONE,RUNNING
="2026-08-08 05:00:49",64960,593407,191342,402064,100000,+0.0307,0.0600,+0.0,+0.0000,NONE,RUNNING
="2026-08-08 05:00:50",64960,593407,191342,402064,100000,+0.0307,0.0600,+0.0,+0.0000,NONE,RUNNING
="2026-08-08 05:00:51",64960,559252,191342,367910,100000,+0.0307,0.0600,+0.0,+0.0000,NONE,RUNNING
="2026-08-08 05:00:52",64960,559252,191342,367910,100000,+0.0294,0.0600,+0.0,+0.0000,NONE,RUNNING
="2026-08-08 05:00:53",64959,559252,191342,367910,100000,+0.0294,0.0600,+0.0,+0.0000,NONE,RUNNING
="2026-08-08 05:00:54",64959,559252,191342,367910,100000,+0.0301,0.0600,+0.0,+0.0000,NONE,RUNNING
="2026-08-08 05:00:55",64959,537164,169254,367910,100000,+0.0301,0.0600,+0.0,+0.0000,NONE,RUNNING
="2026-08-08 05:00:56",64959,519375,151464,367910,100000,+0.0301,0.0600,+0.0,+0.0000,NONE,RUNNING
="2026-08-08 05:00:57",64959,519375,151464,367910,100000,+0.0301,0.0600,+0.0,+0.0000,NONE,RUNNING
="2026-08-08 05:00:58",64959,519375,151464,367910,100000,+0.0305,0.0600,+0.0,+0.0000,NONE,RUNNING
="2026-08-08 05:00:59",64959,457378,151464,305913,100000,+0.0305,0.0600,+0.0,+0.0000,NONE,RUNNING
="2026-08-08 05:01:00",64959,319564,151464,168099,100000,+0.0305,0.0600,+0.0,+0.0000,NONE,RUNNING
="2026-08-08 05:01:01",64959,217758,151464,66293,100000,+0.0305,0.0600,+0.0,+0.0000,NONE,RUNNING
="2026-08-08 05:01:02",64959,217758,151464,66293,100000,+0.0305,0.0600,+0.0,+0.0000,NONE,RUNNING
="2026-08-08 05:01:03",64959,217758,151464,66293,100000,+0.0298,0.0600,+0.0,+0.0000,NONE,RUNNING
="2026-08-08 05:01:04",64959,217758,151464,66293,100000,+0.0298,0.0600,+0.0,+0.0000,NONE,RUNNING
="2026-08-08 05:01:05",64959,217758,151464,66293,100000,+0.0297,0.0600,+0.0,+0.0000,NONE,RUNNING
="2026-08-08 05:01:06",64959,101046,34753,66293,100000,+0.0283,0.0600,+0.0,+0.0000,NONE,RUNNING
="2026-08-08 05:01:07",64959,101046,34753,66293,100000,+0.0283,0.0600,+0.0,+0.0000,NONE,RUNNING
="2026-08-08 05:01:08",64959,101046,34753,66293,100000,+0.0284,0.0600,+0.0,+0.0000,NONE,RUNNING
="2026-08-08 05:01:09",64959,68567,34753,33813,100000,+0.0211,0.0600,+0.0,+0.0000,NONE,RUNNING
="2026-08-08 05:01:10",64959,314473,34753,279719,100000,+0.0212,0.0600,+0.0,+0.0000,NONE,RUNNING
="2026-08-08 05:01:11",64973,280659,34753,245906,100000,+0.0212,0.0600,+0.0,+0.0000,NONE,RUNNING
="2026-08-08 05:01:12",64973,280659,34753,245906,100000,+0.0165,0.0600,+0.0,+0.0000,NONE,RUNNING
="2026-08-08 05:01:13",64973,280659,34753,245906,100000,+0.0165,0.0600,+0.0,+0.0000,NONE,RUNNING
="2026-08-08 05:01:14",64973,280659,34753,245906,100000,+0.0174,0.0600,+0.0,+0.0000,NONE,RUNNING
="2026-08-08 05:01:15",64973,280659,34753,245906,100000,+0.0014,0.0600,+0.0,+0.0000,NONE,RUNNING
="2026-08-08 05:01:16",64973,280659,34753,245906,100000,+0.0014,0.0600,+0.0,+0.0000,NONE,RUNNING
="2026-08-08 05:01:17",64973,516588,34753,481835,100000,+0.0014,0.0600,+0.0,+0.0000,NONE,RUNNING
="2026-08-08 05:01:18",64974,516588,34753,481835,100000,+0.0014,0.0600,+0.0,+0.0000,NONE,RUNNING
="2026-08-08 05:01:19",64974,516588,34753,481835,100000,+0.0014,0.0600,+0.0,+0.0000,NONE,RUNNING
="2026-08-08 05:01:20",64974,516588,34753,481835,100000,+0.0015,0.0600,+0.0,+0.0000,NONE,RUNNING
="2026-08-08 05:01:21",64974,516588,34753,481835,100000,+0.0006,0.0600,+0.0,+0.0000,NONE,RUNNING
="2026-08-08 05:01:22",64974,516588,34753,481835,100000,+0.0016,0.0600,+0.0,+0.0000,NONE,RUNNING
="2026-08-08 05:01:24",64974,516588,34753,481835,100000,+0.0016,0.0600,+0.0,+0.0000,NONE,RUNNING
="2026-08-08 05:01:25",64974,516588,34753,481835,100000,+0.0015,0.0600,+0.0,+0.0000,NONE,RUNNING
="2026-08-08 05:01:26",64974,516588,34753,481835,100000,+0.0015,0.0600,+0.0,+0.0000,NONE,RUNNING
="2026-08-08 05:01:27",64974,516588,34753,481835,100000,+0.0015,0.0600,+0.0,+0.0000,NONE,RUNNING
="2026-08-08 05:01:28",64974,516588,34753,481835,100000,+0.0026,0.0600,+0.0,+0.0000,NONE,RUNNING
="2026-08-08 05:01:29",64974,516588,34753,481835,100000,+0.0026,0.0600,+0.0,+0.0000,NONE,RUNNING
="2026-08-08 05:01:30",64974,516588,34753,481835,100000,+0.0026,0.0600,+0.0,+0.0000,NONE,RUNNING
="2026-08-08 05:01:31",64974,516588,34753,481835,100000,+0.0026,0.0600,+0.0,+0.0000,NONE,RUNNING
="2026-08-08 05:01:32",64974,516588,34753,481835,100000,+0.0028,0.0600,+0.0,+0.0000,NONE,RUNNING
="2026-08-08 05:01:33",64974,516588,34753,481835,100000,+0.0028,0.0600,+0.0,+0.0000,NONE,RUNNING
="2026-08-08 05:01:34",64974,516588,34753,481835,100000,+0.0029,0.0600,+0.0,+0.0000,NONE,RUNNING
="2026-08-08 05:01:35",64974,516588,34753,481835,100000,+0.0030,0.0600,+0.0,+0.0000,NONE,RUNNING
="2026-08-08 05:01:36",64974,516588,34753,481835,100000,+0.0030,0.0600,+0.0,+0.0000,NONE,RUNNING
="2026-08-08 05:01:37",64974,516588,34753,481835,100000,+0.0013,0.0600,+0.0,+0.0000,NONE,RUNNING
="2026-08-08 05:01:38",64974,516588,34753,481835,100000,+0.0013,0.0600,+0.0,+0.0000,NONE,RUNNING
="2026-08-08 05:01:39",65007,1437896,34753,1403143,100000,+0.0012,0.0600,+0.0,+0.0000,NONE,RUNNING
="2026-08-08 05:01:40",65011,1437896,34753,1403143,100000,+0.0012,0.0600,+0.0,+0.0000,NONE,RUNNING
="2026-08-08 05:01:41",65031,1956802,56786,1900015,100000,+0.0012,0.0600,+0.0,+0.0000,NONE,RUNNING
="2026-08-08 05:01:42",65017,1978874,78858,1900015,100000,+0.0004,0.0600,+0.0,+0.0000,NONE,RUNNING
="2026-08-08 05:01:43",65044,2357128,78858,2278269,100000,+0.0004,0.0600,+0.0,+0.0000,NONE,RUNNING
="2026-08-08 05:01:44",65046,2646551,78858,2567692,100000,+0.0004,0.0600,+0.0,+0.0000,NONE,RUNNING
="2026-08-08 05:01:45",65046,2646551,78858,2567692,100000,+0.0115,0.0600,+0.0,+0.0000,NONE,RUNNING
="2026-08-08 05:01:46",65040,2611797,44105,2567692,100000,+0.0116,0.0600,+0.0,+0.0000,NONE,RUNNING
="2026-08-08 05:01:47",65040,2611797,44105,2567692,100000,+0.0116,0.0600,+0.0,+0.0000,NONE,RUNNING
="2026-08-08 05:01:48",65040,2611797,44105,2567692,100000,+0.0116,0.0600,+0.0,+0.0000,NONE,RUNNING
="2026-08-08 05:01:49",65040,2611797,44105,2567692,100000,+0.0116,0.0600,+0.0,+0.0000,NONE,RUNNING
="2026-08-08 05:01:50",65032,2611797,44105,2567692,100000,+0.0116,0.0600,+0.0,+0.0000,NONE,RUNNING
="2026-08-08 05:01:51",65032,2611797,44105,2567692,100000,+0.0205,0.0600,+0.0,+0.0000,NONE,RUNNING
="2026-08-08 05:01:52",65032,2611797,44105,2567692,100000,+0.0218,0.0600,+0.0,+0.0000,NONE,RUNNING
="2026-08-08 05:01:53",65032,2611797,44105,2567692,100000,+0.0218,0.0600,+0.0,+0.0000,NONE,RUNNING
="2026-08-08 05:01:54",65028,2611797,44105,2567692,100000,+0.0219,0.0600,+0.0,+0.0000,NONE,RUNNING
="2026-08-08 05:01:55",65018,2611797,44105,2567692,100000,+0.0219,0.0600,+0.0,+0.0000,NONE,RUNNING
="2026-08-08 05:01:56",65018,2611797,44105,2567692,100000,+0.0219,0.0600,+0.0,+0.0000,NONE,RUNNING
="2026-08-08 05:01:57",65017,2611797,44105,2567692,100000,+0.0219,0.0600,+0.0,+0.0000,NONE,RUNNING
="2026-08-08 05:01:58",65017,2611797,44105,2567692,100000,+0.0215,0.0600,+0.0,+0.0000,NONE,RUNNING
="2026-08-08 05:01:59",65012,2611797,44105,2567692,100000,+0.0215,0.0600,+0.0,+0.0000,NONE,RUNNING
="2026-08-08 05:02:00",65012,2611797,44105,2567692,100000,+0.0239,0.0600,+0.0,+0.0000,NONE,RUNNING
="2026-08-08 05:02:01",65010,2611797,44105,2567692,100000,+0.0239,0.0600,+0.0,+0.0000,NONE,RUNNING
="2026-08-08 05:02:02",65010,2611797,44105,2567692,100000,+0.0239,0.0600,+0.0,+0.0000,NONE,RUNNING
="2026-08-08 05:03:02",64967,112260,28592,83668,100000,-0.0136,0.0600,+0.0,+0.0000,NONE,RUNNING
="2026-08-08 05:04:02",64988,390705,0,390705,100000,-0.0028,0.0600,+0.0,+0.0000,NONE,RUNNING
="2026-08-08 05:05:02",64966,49145,38517,10628,100000,-0.0147,0.0600,+0.0,+0.0000,NONE,RUNNING
="2026-08-08 05:06:02",64981,584679,0,584679,100000,-0.0012,0.0600,+0.0,+0.0000,NONE,RUNNING
="2026-08-08 05:07:02",64982,0,0,0,100000,-0.0007,0.0600,+0.0,+0.0000,NONE,RUNNING
="2026-08-08 05:08:02",64982,267329,0,267329,100000,+0.0008,0.0600,+0.0,+0.0000,NONE,RUNNING
="2026-08-08 05:09:02",65000,135218,11475,123743,100000,-0.0007,0.0600,+0.0,+0.0000,NONE,RUNNING
="2026-08-08 05:10:02",64990,395828,26001,369827,100000,+0.0036,0.0600,+0.0,+0.0000,NONE,RUNNING
="2026-08-08 05:11:02",64985,130578,130578,0,100000,+0.0022,0.0600,+0.0,+0.0000,NONE,RUNNING
="2026-08-08 05:12:02",65000,60075,15015,45060,100000,-0.0020,0.0600,+0.0,+0.0000,NONE,RUNNING
="2026-08-08 05:13:02",64991,184298,96595,87703,100000,+0.0026,0.0600,+0.0,+0.0000,NONE,RUNNING
="2026-08-08 05:14:03",64990,0,0,0,100000,+0.0013,0.0600,+0.0,+0.0000,NONE,RUNNING
="2026-08-08 05:15:03",64988,207664,64178,143486,100000,+0.0006,0.0600,+0.0,+0.0000,NONE,RUNNING
="2026-08-08 05:16:03",64982,0,0,0,100000,-0.0034,0.0600,+0.0,+0.0000,NONE,RUNNING
="2026-08-08 05:17:03",64982,0,0,0,100000,-0.0015,0.0600,+0.0,+0.0000,NONE,RUNNING
="2026-08-08 05:18:03",64969,146720,146720,0,100000,-0.0222,0.0600,+0.0,+0.0000,NONE,RUNNING
="2026-08-08 05:19:03",64975,399699,343546,56152,100000,-0.0030,0.0600,+0.0,+0.0000,NONE,RUNNING
="2026-08-08 05:20:03",64983,383222,208207,175014,100000,-0.0010,0.0600,+0.0,+0.0000,NONE,RUNNING
="2026-08-08 05:21:03",64972,45316,45316,0,100000,+0.0009,0.0600,+0.0,+0.0000,NONE,RUNNING
="2026-08-08 05:22:03",64957,50722,50722,0,100000,-0.0027,0.0600,+0.0,+0.0000,NONE,RUNNING
="2026-08-08 05:23:03",64969,37681,0,37681,100000,+0.0039,0.0600,+0.0,+0.0000,NONE,RUNNING
="2026-08-08 05:24:03",64975,220687,32508,188179,100000,+0.0046,0.0600,+0.0,+0.0000,NONE,RUNNING
="2026-08-08 05:25:03",64988,11673,11673,0,100000,+0.0147,0.0600,+0.0,+0.0000,NONE,RUNNING
="2026-08-08 05:26:03",65002,85893,0,85893,100000,+0.0037,0.0600,+0.0,+0.0000,NONE,RUNNING
="2026-08-08 05:27:03",64993,89156,89156,0,100000,+0.0068,0.0600,+0.0,+0.0000,NONE,RUNNING
="2026-08-08 05:28:03",64993,64993,64993,0,100000,+0.0006,0.0600,+0.0,+0.0000,NONE,RUNNING
="2026-08-08 05:29:03",64984,33995,33995,0,100000,+0.0030,0.0600,+0.0,+0.0000,NONE,RUNNING
="2026-08-08 05:30:03",64980,18967,18967,0,100000,-0.0031,0.0600,+0.0,+0.0000,NONE,RUNNING
="2026-08-08 05:31:03",64970,41094,41094,0,100000,+0.0016,0.0600,+0.0,+0.0000,NONE,RUNNING
="2026-08-08 05:32:03",64963,0,0,0,100000,-0.0015,0.0600,+0.0,+0.0000,NONE,RUNNING
="2026-08-08 05:33:03",64958,44827,44827,0,100000,-0.0068,0.0600,+0.0,+0.0000,NONE,RUNNING
="2026-08-08 05:34:03",64953,13169,13169,0,100000,-0.0278,0.0600,+0.0,+0.0000,NONE,RUNNING
="2026-08-08 05:35:03",64948,36375,36375,0,100000,+0.0020,0.0600,+0.0,+0.0000,NONE,RUNNING
="2026-08-08 05:36:03",64948,0,0,0,100000,+0.0021,0.0600,+0.0,+0.0000,NONE,RUNNING
="2026-08-08 05:37:04",64957,107318,11287,96031,100000,-0.0090,0.0600,+0.0,+0.0000,NONE,RUNNING
="2026-08-08 05:38:04",64958,241492,227103,14388,100000,+0.0051,0.0600,+0.0,+0.0000,NONE,RUNNING
="2026-08-08 05:39:04",64958,266787,156957,109830,100000,+0.0068,0.0600,+0.0,+0.0000,NONE,RUNNING
="2026-08-08 05:40:04",64958,267154,267154,0,100000,-0.0024,0.0600,+0.0,+0.0000,NONE,RUNNING
="2026-08-08 05:41:04",64956,305987,305987,0,100000,+0.0059,0.0600,+0.0,+0.0000,NONE,RUNNING
="2026-08-08 05:42:04",64956,100000,0,100000,100000,+0.0028,0.0600,+0.0,+0.0000,NONE,RUNNING
="2026-08-08 05:43:04",64956,0,0,0,100000,+0.0008,0.0600,+0.0,+0.0000,NONE,RUNNING
="2026-08-08 05:44:04",64956,0,0,0,100000,+0.0004,0.0600,+0.0,+0.0000,NONE,RUNNING
="2026-08-08 05:45:04",64956,0,0,0,100000,-0.0001,0.0600,+0.0,+0.0000,NONE,RUNNING
="2026-08-08 05:46:04",64961,0,0,0,100000,-0.0045,0.0600,+0.0,+0.0000,NONE,RUNNING
="2026-08-08 05:47:04",64961,0,0,0,100000,-0.0024,0.0600,+0.0,+0.0000,NONE,RUNNING
="2026-08-08 05:48:04",64969,310556,0,310556,100000,-0.0055,0.0600,+0.0,+0.0000,NONE,RUNNING
="2026-08-08 05:49:04",64967,177637,177637,0,100000,-0.0059,0.0600,+0.0,+0.0000,NONE,RUNNING
="2026-08-08 05:50:04",64970,213937,83680,130257,100000,+0.0040,0.0600,+0.0,+0.0000,NONE,RUNNING
="2026-08-08 05:51:04",64963,62679,62679,0,100000,+0.0140,0.0600,+0.0,+0.0000,NONE,RUNNING
="2026-08-08 05:52:04",64963,0,0,0,100000,+0.0030,0.0600,+0.0,+0.0000,NONE,RUNNING
="2026-08-08 05:53:04",64975,203230,0,203230,100000,+0.0107,0.0600,+0.0,+0.0000,NONE,RUNNING
="2026-08-08 05:54:05",64975,0,0,0,100000,+0.0044,0.0600,+0.0,+0.0000,NONE,RUNNING
="2026-08-08 05:55:05",64971,292370,292370,0,100000,+0.0016,0.0600,+0.0,+0.0000,NONE,RUNNING
="2026-08-08 05:56:05",64967,211819,211819,0,100000,+0.0003,0.0600,+0.0,+0.0000,NONE,RUNNING
="2026-08-08 05:57:05",64971,82763,68557,14206,100000,-0.0000,0.0600,+0.0,+0.0000,NONE,RUNNING
="2026-08-08 05:58:05",64971,24578,24578,0,100000,-0.0080,0.0600,+0.0,+0.0000,NONE,RUNNING
="2026-08-08 05:59:05",64972,12175,0,12175,100000,+0.0043,0.0600,+0.0,+0.0000,NONE,RUNNING
="2026-08-08 06:00:05",64971,0,0,0,50000,+0.0045,0.0600,+0.0,+0.0000,NONE,RUNNING
="2026-08-08 06:01:05",64972,0,0,0,50000,-0.0066,0.0600,+0.0,+0.0000,NONE,RUNNING
="2026-08-08 06:02:05",64971,112170,112170,0,50000,-0.0098,0.0600,+0.0,+0.0000,NONE,RUNNING
="2026-08-08 06:03:05",64971,30176,30176,0,50000,+0.0156,0.0600,+0.0,+0.0000,NONE,RUNNING
="2026-08-08 06:04:05",64971,0,0,0,50000,+0.0021,0.0600,+0.0,+0.0000,NONE,RUNNING
="2026-08-08 06:05:05",64972,10009,0,10009,50000,-0.0076,0.0600,+0.0,+0.0000,NONE,RUNNING
="2026-08-08 06:06:05",64972,0,0,0,50000,-0.0005,0.0600,+0.0,+0.0000,NONE,RUNNING
="2026-08-08 06:07:05",64972,13499,0,13499,50000,+0.0006,0.0600,+0.0,+0.0000,NONE,RUNNING
="2026-08-08 06:08:05",64972,0,0,0,50000,-0.0009,0.0600,+0.0,+0.0000,NONE,RUNNING
="2026-08-08 06:09:05",64972,12053,0,12053,50000,-0.0018,0.0600,+0.0,+0.0000,NONE,RUNNING
="2026-08-08 06:10:05",64972,1011605,1011605,0,50000,-0.0040,0.0600,+0.0,+0.0000,NONE,RUNNING
="2026-08-08 06:11:05",64972,593714,462249,131465,50000,+0.0004,0.0600,+0.0,+0.0000,NONE,RUNNING
="2026-08-08 06:12:05",64991,77897,10917,66980,50000,-0.0120,0.0600,+0.0,+0.0000,NONE,RUNNING
="2026-08-08 06:13:06",65019,82344,0,82344,50000,-0.0051,0.0600,+0.0,+0.0000,NONE,RUNNING
="2026-08-08 06:14:06",64994,510689,510689,0,50000,+0.0028,0.0600,+0.0,+0.0000,NONE,RUNNING
="2026-08-08 06:15:06",65002,26516,0,26516,50000,+0.0080,0.0600,+0.0,+0.0000,NONE,RUNNING
="2026-08-08 06:16:06",64991,106072,69802,36269,50000,+0.0052,0.0600,+0.0,+0.0000,NONE,RUNNING
="2026-08-08 06:17:06",64990,99667,29507,70159,50000,+0.0021,0.0600,+0.0,+0.0000,NONE,RUNNING
="2026-08-08 06:18:06",64958,161860,161860,0,50000,-0.0039,0.0600,+0.0,+0.0000,NONE,RUNNING
="2026-08-08 06:19:06",64963,36728,10933,25794,50000,-0.0026,0.0600,+0.0,+0.0000,NONE,RUNNING
="2026-08-08 06:20:06",64963,15024,15024,0,50000,+0.0019,0.0600,+0.0,+0.0000,NONE,RUNNING
="2026-08-08 06:20:48",64982,93470,47458,46012,50000,-0.0484,0.0600,+0.0,+0.0000,NONE,RUNNING
="2026-08-08 06:20:49",64982,93470,47458,46012,50000,-0.0484,0.0600,+0.0,+0.0000,NONE,RUNNING
="2026-08-08 06:20:50",64982,93470,47458,46012,50000,-0.0484,0.0600,+0.0,+0.0000,NONE,RUNNING
="2026-08-08 06:20:51",64982,93470,47458,46012,50000,-0.0484,0.0600,+0.0,+0.0000,NONE,RUNNING
="2026-08-08 06:20:52",64982,93470,47458,46012,50000,-0.0484,0.0600,+0.0,+0.0000,NONE,RUNNING
="2026-08-08 06:20:53",64982,93470,47458,46012,50000,-0.0484,0.0600,+0.0,+0.0000,NONE,RUNNING
="2026-08-08 06:20:54",64982,93470,47458,46012,50000,-0.0484,0.0600,+0.0,+0.0000,NONE,RUNNING
="2026-08-08 06:20:55",64982,93470,47458,46012,50000,-0.0447,0.0600,+0.0,+0.0000,NONE,RUNNING
="2026-08-08 06:20:56",64976,151060,105048,46012,50000,-0.0447,0.0600,+0.0,+0.0000,NONE,RUNNING
="2026-08-08 06:20:57",64972,151060,105048,46012,50000,-0.0447,0.0600,+0.0,+0.0000,NONE,RUNNING
="2026-08-08 06:20:58",64972,151060,105048,46012,50000,-0.0445,0.0600,+0.0,+0.0000,NONE,RUNNING
="2026-08-08 06:20:59",64970,151060,105048,46012,50000,-0.0446,0.0600,+0.0,+0.0000,NONE,RUNNING
="2026-08-08 06:21:00",64963,151060,105048,46012,50000,-0.0446,0.0600,+0.0,+0.0000,NONE,RUNNING
="2026-08-08 06:21:01",64963,151060,105048,46012,50000,-0.0476,0.0600,+0.0,+0.0000,NONE,RUNNING
="2026-08-08 06:21:02",64963,151060,105048,46012,50000,-0.0476,0.0600,+0.0,+0.0000,NONE,RUNNING
="2026-08-08 06:21:03",64963,151060,105048,46012,50000,-0.0476,0.0600,+0.0,+0.0000,NONE,RUNNING
="2026-08-08 06:21:04",64963,151060,105048,46012,50000,-0.0476,0.0600,+0.0,+0.0000,NONE,RUNNING
="2026-08-08 06:21:05",64963,151060,105048,46012,50000,-0.0476,0.0600,+0.0,+0.0000,NONE,RUNNING
="2026-08-08 06:21:06",64963,151060,105048,46012,50000,-0.0476,0.0600,+0.0,+0.0000,NONE,RUNNING
="2026-08-08 06:21:07",64963,151060,105048,46012,50000,-0.0476,0.0600,+0.0,+0.0000,NONE,RUNNING
="2026-08-08 06:21:08",64963,151060,105048,46012,50000,-0.0476,0.0600,+0.0,+0.0000,NONE,RUNNING
="2026-08-08 06:21:09",64963,151060,105048,46012,50000,-0.0475,0.0600,+0.0,+0.0000,NONE,RUNNING
="2026-08-08 06:21:10",64963,151060,105048,46012,50000,-0.0470,0.0600,+0.0,+0.0000,NONE,RUNNING
="2026-08-08 06:21:11",64963,151060,105048,46012,50000,-0.0473,0.0600,+0.0,+0.0000,NONE,RUNNING
="2026-08-08 06:21:12",64963,151060,105048,46012,50000,-0.0473,0.0600,+0.0,+0.0000,NONE,RUNNING
="2026-08-08 06:21:13",64963,151060,105048,46012,50000,-0.0487,0.0600,+0.0,+0.0000,NONE,RUNNING
="2026-08-08 06:21:14",64963,151060,105048,46012,50000,-0.0487,0.0600,+0.0,+0.0000,NONE,RUNNING
="2026-08-08 06:21:15",64963,151060,105048,46012,50000,-0.0487,0.0600,+0.0,+0.0000,NONE,RUNNING
="2026-08-08 06:21:16",64963,151060,105048,46012,50000,-0.0485,0.0600,+0.0,+0.0000,NONE,RUNNING
="2026-08-08 06:21:17",64963,151060,105048,46012,50000,-0.0485,0.0600,+0.0,+0.0000,NONE,RUNNING
="2026-08-08 06:21:18",64963,151060,105048,46012,50000,-0.0483,0.0600,+0.0,+0.0000,NONE,RUNNING
="2026-08-08 06:21:19",64963,151060,105048,46012,50000,-0.0483,0.0600,+0.0,+0.0000,NONE,RUNNING
="2026-08-08 06:21:20",64963,151060,105048,46012,50000,-0.0483,0.0600,+0.0,+0.0000,NONE,RUNNING
="2026-08-08 06:21:21",64963,151060,105048,46012,50000,-0.0483,0.0600,+0.0,+0.0000,NONE,RUNNING
="2026-08-08 06:21:22",64963,151060,105048,46012,50000,-0.0483,0.0600,+0.0,+0.0000,NONE,RUNNING
="2026-08-08 06:21:23",64963,151060,105048,46012,50000,-0.0483,0.0600,+0.0,+0.0000,NONE,RUNNING
="2026-08-08 06:21:24",64963,151060,105048,46012,50000,-0.0483,0.0600,+0.0,+0.0000,NONE,RUNNING
="2026-08-08 06:21:25",64963,151060,105048,46012,50000,-0.0483,0.0600,+0.0,+0.0000,NONE,RUNNING
="2026-08-08 06:21:26",64963,151060,105048,46012,50000,-0.0483,0.0600,+0.0,+0.0000,NONE,RUNNING
="2026-08-08 06:21:27",64963,151060,105048,46012,50000,-0.0484,0.0600,+0.0,+0.0000,NONE,RUNNING
="2026-08-08 06:21:28",64963,151060,105048,46012,50000,-0.0484,0.0600,+0.0,+0.0000,NONE,RUNNING
="2026-08-08 06:21:29",64963,151060,105048,46012,50000,-0.0484,0.0600,+0.0,+0.0000,NONE,RUNNING
="2026-08-08 06:21:30",64963,151060,105048,46012,50000,-0.0484,0.0600,+0.0,+0.0000,NONE,RUNNING
="2026-08-08 06:21:31",64963,151060,105048,46012,50000,-0.0484,0.0600,+0.0,+0.0000,NONE,RUNNING
="2026-08-08 06:21:32",64963,151060,105048,46012,50000,-0.0484,0.0600,+0.0,+0.0000,NONE,RUNNING
="2026-08-08 06:21:33",64963,151060,105048,46012,50000,-0.0485,0.0600,+0.0,+0.0000,NONE,RUNNING
="2026-08-08 06:21:34",64963,151060,105048,46012,50000,-0.0485,0.0600,+0.0,+0.0000,NONE,RUNNING
="2026-08-08 06:21:35",64963,151060,105048,46012,50000,-0.0485,0.0600,+0.0,+0.0000,NONE,RUNNING
="2026-08-08 06:21:36",64963,151060,105048,46012,50000,-0.0447,0.0600,+0.0,+0.0000,NONE,RUNNING
="2026-08-08 06:21:37",64963,151060,105048,46012,50000,-0.0447,0.0600,+0.0,+0.0000,NONE,RUNNING
="2026-08-08 06:21:39",64963,151060,105048,46012,50000,-0.0447,0.0600,+0.0,+0.0000,NONE,RUNNING
="2026-08-08 06:21:40",64963,151060,105048,46012,50000,-0.0447,0.0600,+0.0,+0.0000,NONE,RUNNING
="2026-08-08 06:21:41",64963,151060,105048,46012,50000,-0.0434,0.0600,+0.0,+0.0000,NONE,RUNNING
="2026-08-08 06:21:42",64963,151060,105048,46012,50000,-0.0434,0.0600,+0.0,+0.0000,NONE,RUNNING
="2026-08-08 06:21:43",64963,151060,105048,46012,50000,-0.0434,0.0600,+0.0,+0.0000,NONE,RUNNING
="2026-08-08 06:21:44",64963,57590,57590,0,50000,-0.0434,0.0600,+0.0,+0.0000,NONE,RUNNING
="2026-08-08 06:21:45",64963,57590,57590,0,50000,-0.0434,0.0600,+0.0,+0.0000,NONE,RUNNING
="2026-08-08 06:21:46",64963,57590,57590,0,50000,-0.0434,0.0600,+0.0,+0.0000,NONE,RUNNING
="2026-08-08 06:21:47",64963,57590,57590,0,50000,-0.0434,0.0600,+0.0,+0.0000,NONE,RUNNING
="2026-08-08 06:21:48",64963,57590,57590,0,50000,-0.0434,0.0600,+0.0,+0.0000,NONE,RUNNING
="2026-08-08 06:21:49",64963,57590,57590,0,50000,+0.0015,0.0600,+0.0,+0.0000,NONE,RUNNING
="2026-08-08 06:21:50",64963,57590,57590,0,50000,+0.0015,0.0600,+0.0,+0.0000,NONE,RUNNING
="2026-08-08 06:21:51",64963,57590,57590,0,50000,+0.0015,0.0600,+0.0,+0.0000,NONE,RUNNING
="2026-08-08 06:21:52",64963,57590,57590,0,50000,+0.0015,0.0600,+0.0,+0.0000,NONE,RUNNING
="2026-08-08 06:21:53",64963,57590,57590,0,50000,+0.0015,0.0600,+0.0,+0.0000,NONE,RUNNING
="2026-08-08 06:21:54",64963,57590,57590,0,50000,+0.0015,0.0600,+0.0,+0.0000,NONE,RUNNING
="2026-08-08 06:21:55",64963,57590,57590,0,50000,-0.0023,0.0600,+0.0,+0.0000,NONE,RUNNING
="2026-08-08 06:21:56",64963,0,0,0,50000,-0.0023,0.0600,+0.0,+0.0000,NONE,RUNNING
="2026-08-08 06:21:57",64963,0,0,0,50000,-0.0023,0.0600,+0.0,+0.0000,NONE,RUNNING
="2026-08-08 06:21:58",64963,0,0,0,50000,-0.0023,0.0600,+0.0,+0.0000,NONE,RUNNING
="2026-08-08 06:21:59",64963,0,0,0,50000,-0.0025,0.0600,+0.0,+0.0000,NONE,RUNNING
="2026-08-08 06:22:00",64963,0,0,0,50000,-0.0025,0.0600,+0.0,+0.0000,NONE,RUNNING
="2026-08-08 06:22:01",64963,0,0,0,50000,+0.0005,0.0600,+0.0,+0.0000,NONE,RUNNING
="2026-08-08 06:22:02",64963,0,0,0,50000,+0.0005,0.0600,+0.0,+0.0000,NONE,RUNNING
="2026-08-08 06:22:03",64963,0,0,0,50000,+0.0005,0.0600,+0.0,+0.0000,NONE,RUNNING
="2026-08-08 06:22:04",64963,0,0,0,50000,+0.0005,0.0600,+0.0,+0.0000,NONE,RUNNING
="2026-08-08 06:22:05",64963,0,0,0,50000,+0.0005,0.0600,+0.0,+0.0000,NONE,RUNNING
="2026-08-08 06:22:06",64963,0,0,0,50000,+0.0005,0.0600,+0.0,+0.0000,NONE,RUNNING
="2026-08-08 06:22:07",64963,0,0,0,50000,+0.0005,0.0600,+0.0,+0.0000,NONE,RUNNING
="2026-08-08 06:22:08",64963,0,0,0,50000,+0.0005,0.0600,+0.0,+0.0000,NONE,RUNNING
="2026-08-08 06:22:09",64963,0,0,0,50000,+0.0005,0.0600,+0.0,+0.0000,NONE,RUNNING
="2026-08-08 06:22:10",64963,0,0,0,50000,-0.0000,0.0600,+0.0,+0.0000,NONE,RUNNING
="2026-08-08 06:22:11",64963,0,0,0,50000,-0.0002,0.0600,+0.0,+0.0000,NONE,RUNNING
="2026-08-08 06:22:12",64963,0,0,0,50000,-0.0002,0.0600,+0.0,+0.0000,NONE,RUNNING
="2026-08-08 06:22:13",64963,0,0,0,50000,+0.0013,0.0600,+0.0,+0.0000,NONE,RUNNING
="2026-08-08 06:22:14",64963,0,0,0,50000,+0.0013,0.0600,+0.0,+0.0000,NONE,RUNNING
="2026-08-08 06:22:15",64963,0,0,0,50000,+0.0012,0.0600,+0.0,+0.0000,NONE,RUNNING
="2026-08-08 06:22:16",64963,0,0,0,50000,+0.0010,0.0600,+0.0,+0.0000,NONE,RUNNING
="2026-08-08 06:22:17",64963,0,0,0,50000,+0.0010,0.0600,+0.0,+0.0000,NONE,RUNNING
="2026-08-08 06:22:18",64963,0,0,0,50000,+0.0010,0.0600,+0.0,+0.0000,NONE,RUNNING
="2026-08-08 06:22:19",64963,0,0,0,50000,+0.0010,0.0600,+0.0,+0.0000,NONE,RUNNING
="2026-08-08 06:22:20",64963,0,0,0,50000,+0.0010,0.0600,+0.0,+0.0000,NONE,RUNNING
="2026-08-08 06:22:21",64963,0,0,0,50000,+0.0008,0.0600,+0.0,+0.0000,NONE,RUNNING
="2026-08-08 06:22:22",64963,0,0,0,50000,+0.0008,0.0600,+0.0,+0.0000,NONE,RUNNING
="2026-08-08 06:22:23",64963,0,0,0,50000,+0.0008,0.0600,+0.0,+0.0000,NONE,RUNNING
="2026-08-08 06:22:24",64963,0,0,0,50000,+0.0008,0.0600,+0.0,+0.0000,NONE,RUNNING
="2026-08-08 06:22:25",64963,0,0,0,50000,+0.0008,0.0600,+0.0,+0.0000,NONE,RUNNING
="2026-08-08 06:22:26",64963,0,0,0,50000,+0.0008,0.0600,+0.0,+0.0000,NONE,RUNNING
="2026-08-08 06:22:27",64963,0,0,0,50000,+0.0008,0.0600,+0.0,+0.0000,NONE,RUNNING
="2026-08-08 06:22:28",64963,0,0,0,50000,+0.0008,0.0600,+0.0,+0.0000,NONE,RUNNING
="2026-08-08 06:22:29",64963,0,0,0,50000,+0.0008,0.0600,+0.0,+0.0000,NONE,RUNNING
="2026-08-08 06:22:30",64963,0,0,0,50000,-0.0005,0.0600,+0.0,+0.0000,NONE,RUNNING
="2026-08-08 06:22:31",64963,0,0,0,50000,-0.0005,0.0600,+0.0,+0.0000,NONE,RUNNING
="2026-08-08 06:22:32",64963,0,0,0,50000,-0.0005,0.0600,+0.0,+0.0000,NONE,RUNNING
="2026-08-08 06:22:33",64963,0,0,0,50000,-0.0004,0.0600,+0.0,+0.0000,NONE,RUNNING
="2026-08-08 06:22:34",64963,0,0,0,50000,-0.0004,0.0600,+0.0,+0.0000,NONE,RUNNING
="2026-08-08 06:22:35",64963,0,0,0,50000,-0.0004,0.0600,+0.0,+0.0000,NONE,RUNNING
="2026-08-08 06:22:36",64963,0,0,0,50000,-0.0004,0.0600,+0.0,+0.0000,NONE,RUNNING
="2026-08-08 06:22:37",64963,0,0,0,50000,-0.0004,0.0600,+0.0,+0.0000,NONE,RUNNING
="2026-08-08 06:22:38",64963,0,0,0,50000,-0.0004,0.0600,+0.0,+0.0000,NONE,RUNNING
="2026-08-08 06:22:39",64963,0,0,0,50000,-0.0007,0.0600,+0.0,+0.0000,NONE,RUNNING
="2026-08-08 06:22:40",64963,0,0,0,50000,-0.0007,0.0600,+0.0,+0.0000,NONE,RUNNING
="2026-08-08 06:22:41",64963,0,0,0,50000,-0.0020,0.0600,+0.0,+0.0000,NONE,RUNNING
="2026-08-08 06:22:42",64963,0,0,0,50000,-0.0020,0.0600,+0.0,+0.0000,NONE,RUNNING
="2026-08-08 06:22:43",64963,0,0,0,50000,-0.0020,0.0600,+0.0,+0.0000,NONE,RUNNING
="2026-08-08 06:22:44",64958,123584,123584,0,50000,-0.0020,0.0600,+0.0,+0.0000,NONE,RUNNING
="2026-08-08 06:22:45",64958,123584,123584,0,50000,-0.0020,0.0600,+0.0,+0.0000,NONE,RUNNING
="2026-08-08 06:22:46",64958,123584,123584,0,50000,-0.0020,0.0600,+0.0,+0.0000,NONE,RUNNING
="2026-08-08 06:22:47",64958,123584,123584,0,50000,-0.0020,0.0600,+0.0,+0.0000,NONE,RUNNING
="2026-08-08 06:23:47",64950,85742,69736,16006,50000,-0.0090,0.0600,+0.0,+0.0000,NONE,RUNNING
="2026-08-08 06:24:47",64985,34768,10110,24658,50000,-0.0029,0.0600,+0.0,+0.0000,NONE,RUNNING
="2026-08-08 06:25:47",64986,92170,92170,0,50000,-0.0021,0.0600,+0.0,+0.0000,NONE,RUNNING
="2026-08-08 06:26:47",64986,0,0,0,50000,+0.0004,0.0600,+0.0,+0.0000,NONE,RUNNING
="2026-08-08 06:27:47",64986,15997,15997,0,50000,+0.0023,0.0600,+0.0,+0.0000,NONE,RUNNING
="2026-08-08 06:28:47",64996,103559,52970,50588,50000,+0.0015,0.0600,+0.0,+0.0000,NONE,RUNNING
="2026-08-08 06:29:47",64996,0,0,0,50000,+0.0015,0.0600,+0.0,+0.0000,NONE,RUNNING
="2026-08-08 06:30:48",64998,24356,24356,0,50000,+0.0032,0.0600,+0.0,+0.0000,NONE,RUNNING
="2026-08-08 06:31:48",65012,108832,0,108832,50000,+0.0036,0.0600,+0.0,+0.0000,NONE,RUNNING
="2026-08-08 06:32:48",65000,248766,163936,84830,50000,+0.0161,0.0600,+0.0,+0.0000,NONE,RUNNING
="2026-08-08 06:33:48",64996,58558,58558,0,50000,+0.0033,0.0600,+0.0,+0.0000,NONE,RUNNING
="2026-08-08 06:34:48",65002,13311,13311,0,50000,+0.0050,0.0600,+0.0,+0.0000,NONE,RUNNING
="2026-08-08 06:35:48",65014,150913,31335,119578,50000,+0.0061,0.0600,+0.0,+0.0000,NONE,RUNNING
="2026-08-08 06:36:48",65013,170267,139266,31000,50000,-0.0053,0.0600,+0.0,+0.0000,NONE,RUNNING
="2026-08-08 06:37:48",65012,0,0,0,50000,-0.0023,0.0600,+0.0,+0.0000,NONE,RUNNING
="2026-08-08 06:38:48",65015,411387,304893,106493,50000,+0.0014,0.0600,+0.0,+0.0000,NONE,RUNNING
="2026-08-08 06:39:48",65015,0,0,0,50000,-0.0005,0.0600,+0.0,+0.0000,NONE,RUNNING
="2026-08-08 06:40:48",65025,10057,10057,0,50000,+0.0038,0.0600,+0.0,+0.0000,NONE,RUNNING
="2026-08-08 06:41:48",65061,699692,257663,442028,50000,-0.0029,0.0600,+0.0,+0.0000,NONE,RUNNING
="2026-08-08 06:42:48",65069,207754,172613,35141,50000,+0.0015,0.0600,+0.0,+0.0000,NONE,RUNNING
="2026-08-08 06:43:48",65050,183824,53070,130754,50000,-0.0025,0.0600,+0.0,+0.0000,NONE,RUNNING
="2026-08-08 06:44:48",65020,176524,159229,17295,50000,+0.0137,0.0600,+0.0,+0.0000,NONE,RUNNING
="2026-08-08 06:45:48",65022,0,0,0,50000,-0.0092,0.0600,+0.0,+0.0000,NONE,RUNNING
="2026-08-08 06:46:48",65026,133449,88535,44913,50000,+0.0012,0.0600,+0.0,+0.0000,NONE,RUNNING
="2026-08-08 06:47:48",65000,0,0,0,50000,-0.0014,0.0600,+0.0,+0.0000,NONE,RUNNING
="2026-08-08 06:48:49",64990,27316,27316,0,50000,-0.0036,0.0600,+0.0,+0.0000,NONE,RUNNING
="2026-08-08 06:49:49",64970,32256,11495,20760,50000,-0.0061,0.0600,+0.0,+0.0000,NONE,RUNNING
="2026-08-08 06:50:49",64974,0,0,0,50000,+0.0012,0.0600,+0.0,+0.0000,NONE,RUNNING
="2026-08-08 06:51:49",64968,101783,91692,10090,50000,+0.0122,0.0600,+0.0,+0.0000,NONE,RUNNING
="2026-08-08 06:52:49",64962,34498,34498,0,50000,-0.0027,0.0600,+0.0,+0.0000,NONE,RUNNING
="2026-08-08 06:53:49",64950,355658,0,355658,50000,+0.0243,0.0600,+0.0,+0.0000,NONE,RUNNING
="2026-08-08 06:54:49",64950,0,0,0,50000,+0.0045,0.0600,+0.0,+0.0000,NONE,RUNNING
="2026-08-08 06:55:49",64947,0,0,0,50000,-0.0067,0.0600,+0.0,+0.0000,NONE,RUNNING
="2026-08-08 06:56:49",64938,188536,113198,75337,50000,-0.0077,0.0600,+0.0,+0.0000,NONE,RUNNING
="2026-08-08 06:57:49",64938,17956,17956,0,50000,+0.0019,0.0600,+0.0,+0.0000,NONE,RUNNING
="2026-08-08 06:58:49",64938,0,0,0,50000,-0.0025,0.0600,+0.0,+0.0000,NONE,RUNNING
="2026-08-08 06:59:49",64928,226952,131502,95449,50000,-0.0106,0.0600,+0.0,+0.0000,NONE,RUNNING
="2026-08-08 07:00:49",64900,122054,122054,0,50000,+0.0074,0.0600,+0.0,+0.0000,NONE,RUNNING
="2026-08-08 07:01:31",64918,142918,75706,67211,50000,-0.0303,0.0600,+0.0,+0.0000,NONE,RUNNING
="2026-08-08 07:01:32",64921,142918,75706,67211,50000,-0.0303,0.0600,+0.0,+0.0000,NONE,RUNNING
="2026-08-08 07:01:33",64921,142918,75706,67211,50000,-0.0305,0.0600,+0.0,+0.0000,NONE,RUNNING
="2026-08-08 07:01:34",64921,142918,75706,67211,50000,-0.0305,0.0600,+0.0,+0.0000,NONE,RUNNING
="2026-08-08 07:01:35",64922,142918,75706,67211,50000,-0.0305,0.0600,+0.0,+0.0000,NONE,RUNNING
="2026-08-08 07:01:36",64922,77997,10785,67211,50000,-0.0305,0.0600,+0.0,+0.0000,NONE,RUNNING
="2026-08-08 07:01:37",64921,77997,10785,67211,50000,-0.0305,0.0600,+0.0,+0.0000,NONE,RUNNING
="2026-08-08 07:01:38",64921,77997,10785,67211,50000,-0.0302,0.0600,+0.0,+0.0000,NONE,RUNNING
="2026-08-08 07:01:39",64922,77997,10785,67211,50000,-0.0312,0.0600,+0.0,+0.0000,NONE,RUNNING
="2026-08-08 07:01:40",64922,77997,10785,67211,50000,-0.0312,0.0600,+0.0,+0.0000,NONE,RUNNING
="2026-08-08 07:01:41",64922,77997,10785,67211,50000,-0.0313,0.0600,+0.0,+0.0000,NONE,RUNNING
="2026-08-08 07:01:42",64922,77997,10785,67211,50000,-0.0313,0.0600,+0.0,+0.0000,NONE,RUNNING
="2026-08-08 07:01:43",64921,77997,10785,67211,50000,-0.0313,0.0600,+0.0,+0.0000,NONE,RUNNING
="2026-08-08 07:01:44",64922,77997,10785,67211,50000,-0.0317,0.0600,+0.0,+0.0000,NONE,RUNNING
="2026-08-08 07:01:45",64921,77997,10785,67211,50000,-0.0317,0.0600,+0.0,+0.0000,NONE,RUNNING
="2026-08-08 07:01:46",64922,77997,10785,67211,50000,-0.0317,0.0600,+0.0,+0.0000,NONE,RUNNING
="2026-08-08 07:01:47",64920,359189,291978,67211,50000,-0.0319,0.0600,+0.0,+0.0000,NONE,RUNNING
="2026-08-08 07:01:48",64920,359189,291978,67211,50000,-0.0319,0.0600,+0.0,+0.0000,NONE,RUNNING
="2026-08-08 07:01:49",64920,359189,291978,67211,50000,-0.0320,0.0600,+0.0,+0.0000,NONE,RUNNING
="2026-08-08 07:01:50",64920,359189,291978,67211,50000,-0.0166,0.0600,+0.0,+0.0000,NONE,RUNNING
="2026-08-08 07:01:51",64920,359189,291978,67211,50000,-0.0166,0.0600,+0.0,+0.0000,NONE,RUNNING
="2026-08-08 07:01:52",64920,359189,291978,67211,50000,-0.0166,0.0600,+0.0,+0.0000,NONE,RUNNING
="2026-08-08 07:01:53",64920,359189,291978,67211,50000,-0.0166,0.0600,+0.0,+0.0000,NONE,RUNNING
="2026-08-08 07:01:54",64920,359189,291978,67211,50000,-0.0164,0.0600,+0.0,+0.0000,NONE,RUNNING
="2026-08-08 07:01:55",64920,359189,291978,67211,50000,-0.0164,0.0600,+0.0,+0.0000,NONE,RUNNING
="2026-08-08 07:01:56",64920,359189,291978,67211,50000,-0.0158,0.0600,+0.0,+0.0000,NONE,RUNNING
="2026-08-08 07:01:57",64920,359189,291978,67211,50000,-0.0158,0.0600,+0.0,+0.0000,NONE,RUNNING
="2026-08-08 07:01:58",64920,359189,291978,67211,50000,-0.0151,0.0600,+0.0,+0.0000,NONE,RUNNING
="2026-08-08 07:01:59",64920,359189,291978,67211,50000,-0.0149,0.0600,+0.0,+0.0000,NONE,RUNNING
="2026-08-08 07:02:00",64920,387485,320274,67211,50000,-0.0149,0.0600,+0.0,+0.0000,NONE,RUNNING
="2026-08-08 07:02:01",64920,361194,320274,40919,50000,-0.0149,0.0600,+0.0,+0.0000,NONE,RUNNING
="2026-08-08 07:02:02",64920,361194,320274,40919,50000,-0.0076,0.0600,+0.0,+0.0000,NONE,RUNNING
="2026-08-08 07:02:03",64920,335634,320274,15359,50000,-0.0076,0.0600,+0.0,+0.0000,NONE,RUNNING
="2026-08-08 07:02:04",64920,335634,320274,15359,50000,-0.0076,0.0600,+0.0,+0.0000,NONE,RUNNING
="2026-08-08 07:02:05",64920,335634,320274,15359,50000,-0.0082,0.0600,+0.0,+0.0000,NONE,RUNNING
="2026-08-08 07:02:06",64915,373330,357970,15359,50000,-0.0082,0.0600,+0.0,+0.0000,NONE,RUNNING
="2026-08-08 07:02:07",64915,373330,357970,15359,50000,-0.0082,0.0600,+0.0,+0.0000,NONE,RUNNING
="2026-08-08 07:02:08",64915,373330,357970,15359,50000,-0.0047,0.0600,+0.0,+0.0000,NONE,RUNNING
="2026-08-08 07:02:09",64915,373330,357970,15359,50000,-0.0046,0.0600,+0.0,+0.0000,NONE,RUNNING
="2026-08-08 07:02:10",64915,357970,357970,0,50000,-0.0046,0.0600,+0.0,+0.0000,NONE,RUNNING
="2026-08-08 07:02:11",64916,357970,357970,0,50000,-0.0045,0.0600,+0.0,+0.0000,NONE,RUNNING
="2026-08-08 07:02:12",64916,357970,357970,0,50000,-0.0045,0.0600,+0.0,+0.0000,NONE,RUNNING
="2026-08-08 07:02:13",64916,357970,357970,0,50000,-0.0039,0.0600,+0.0,+0.0000,NONE,RUNNING
="2026-08-08 07:02:14",64915,357970,357970,0,50000,-0.0039,0.0600,+0.0,+0.0000,NONE,RUNNING
="2026-08-08 07:02:15",64904,357970,357970,0,50000,-0.0039,0.0600,+0.0,+0.0000,NONE,RUNNING
="2026-08-08 07:02:16",64904,357970,357970,0,50000,-0.0040,0.0600,+0.0,+0.0000,NONE,RUNNING
="2026-08-08 07:02:17",64904,357970,357970,0,50000,-0.0003,0.0600,+0.0,+0.0000,NONE,RUNNING
="2026-08-08 07:02:18",64904,357970,357970,0,50000,-0.0014,0.0600,+0.0,+0.0000,NONE,RUNNING
="2026-08-08 07:02:19",64904,357970,357970,0,50000,-0.0014,0.0600,+0.0,+0.0000,NONE,RUNNING
="2026-08-08 07:02:20",64904,357970,357970,0,50000,-0.0009,0.0600,+0.0,+0.0000,NONE,RUNNING
="2026-08-08 07:02:21",64904,357970,357970,0,50000,-0.0009,0.0600,+0.0,+0.0000,NONE,RUNNING
="2026-08-08 07:02:22",64904,357970,357970,0,50000,-0.0009,0.0600,+0.0,+0.0000,NONE,RUNNING
="2026-08-08 07:02:23",64904,357970,357970,0,50000,-0.0009,0.0600,+0.0,+0.0000,NONE,RUNNING
="2026-08-08 07:02:24",64904,357970,357970,0,50000,-0.0009,0.0600,+0.0,+0.0000,NONE,RUNNING
="2026-08-08 07:02:25",64904,443145,357970,85175,50000,-0.0010,0.0600,+0.0,+0.0000,NONE,RUNNING
="2026-08-08 07:02:26",64906,443145,357970,85175,50000,-0.0008,0.0600,+0.0,+0.0000,NONE,RUNNING
="2026-08-08 07:02:27",64906,443145,357970,85175,50000,-0.0008,0.0600,+0.0,+0.0000,NONE,RUNNING
="2026-08-08 07:02:28",64906,443145,357970,85175,50000,-0.0026,0.0600,+0.0,+0.0000,NONE,RUNNING
="2026-08-08 07:02:29",64906,443145,357970,85175,50000,-0.0026,0.0600,+0.0,+0.0000,NONE,RUNNING
="2026-08-08 07:02:30",64905,443145,357970,85175,50000,-0.0026,0.0600,+0.0,+0.0000,NONE,RUNNING
="2026-08-08 07:02:31",64905,443145,357970,85175,50000,-0.0028,0.0600,+0.0,+0.0000,NONE,RUNNING
="2026-08-08 07:02:32",64906,443145,357970,85175,50000,-0.0026,0.0600,+0.0,+0.0000,NONE,RUNNING
="2026-08-08 07:02:33",64907,443145,357970,85175,50000,-0.0026,0.0600,+0.0,+0.0000,NONE,RUNNING
="2026-08-08 07:02:34",64907,443145,357970,85175,50000,-0.0010,0.0600,+0.0,+0.0000,NONE,RUNNING
="2026-08-08 07:02:35",64907,443145,357970,85175,50000,-0.0010,0.0600,+0.0,+0.0000,NONE,RUNNING
="2026-08-08 07:02:36",64907,443145,357970,85175,50000,-0.0010,0.0600,+0.0,+0.0000,NONE,RUNNING
="2026-08-08 07:02:37",64907,443145,357970,85175,50000,-0.0010,0.0600,+0.0,+0.0000,NONE,RUNNING
="2026-08-08 07:02:39",64907,443145,357970,85175,50000,-0.0001,0.0600,+0.0,+0.0000,NONE,RUNNING
="2026-08-08 07:02:40",64907,443145,357970,85175,50000,-0.0001,0.0600,+0.0,+0.0000,NONE,RUNNING
="2026-08-08 07:02:41",64907,443145,357970,85175,50000,-0.0002,0.0600,+0.0,+0.0000,NONE,RUNNING
="2026-08-08 07:02:42",64907,443145,357970,85175,50000,-0.0002,0.0600,+0.0,+0.0000,NONE,RUNNING
="2026-08-08 07:02:43",64907,443145,357970,85175,50000,-0.0002,0.0600,+0.0,+0.0000,NONE,RUNNING
="2026-08-08 07:02:44",64907,443145,357970,85175,50000,+0.0002,0.0600,+0.0,+0.0000,NONE,RUNNING
="2026-08-08 07:02:45",64907,443145,357970,85175,50000,+0.0002,0.0600,+0.0,+0.0000,NONE,RUNNING
="2026-08-08 07:02:46",64907,443145,357970,85175,50000,+0.0001,0.0600,+0.0,+0.0000,NONE,RUNNING
="2026-08-08 07:02:47",64913,151167,65992,85175,50000,+0.0001,0.0600,+0.0,+0.0000,NONE,RUNNING
="2026-08-08 07:02:48",64913,151167,65992,85175,50000,+0.0001,0.0600,+0.0,+0.0000,NONE,RUNNING
="2026-08-08 07:02:49",64913,151167,65992,85175,50000,+0.0003,0.0600,+0.0,+0.0000,NONE,RUNNING
="2026-08-08 07:03:49",64922,32941,0,32941,50000,-0.0002,0.0600,+0.0,+0.0000,NONE,RUNNING
="2026-08-08 07:04:49",64929,68636,30824,37812,50000,+0.0038,0.0600,+0.0,+0.0000,NONE,RUNNING
="2026-08-08 07:05:49",64910,928366,928366,0,50000,+0.0020,0.0600,+0.0,+0.0000,NONE,RUNNING
="2026-08-08 07:06:49",64910,0,0,0,50000,+0.0012,0.0600,+0.0,+0.0000,NONE,RUNNING
="2026-08-08 07:07:49",64921,83911,0,83911,50000,-0.0043,0.0600,+0.0,+0.0000,NONE,RUNNING
="2026-08-08 07:08:49",64922,0,0,0,50000,+0.0008,0.0600,+0.0,+0.0000,NONE,RUNNING
="2026-08-08 07:09:49",64922,0,0,0,50000,+0.0002,0.0600,+0.0,+0.0000,NONE,RUNNING
="2026-08-08 07:10:49",64923,0,0,0,50000,-0.0002,0.0600,+0.0,+0.0000,NONE,RUNNING
="2026-08-08 07:11:49",64923,66695,0,66695,50000,+0.0004,0.0600,+0.0,+0.0000,NONE,RUNNING
="2026-08-08 07:12:49",64923,0,0,0,50000,-0.0006,0.0600,+0.0,+0.0000,NONE,RUNNING
="2026-08-08 07:13:49",64923,0,0,0,50000,-0.0005,0.0600,+0.0,+0.0000,NONE,RUNNING
="2026-08-08 07:14:49",64926,53719,42980,10738,50000,-0.0036,0.0600,+0.0,+0.0000,NONE,RUNNING
="2026-08-08 07:15:49",64932,59667,12420,47247,50000,-0.0005,0.0600,+0.0,+0.0000,NONE,RUNNING
="2026-08-08 07:16:49",64934,0,0,0,50000,-0.0006,0.0600,+0.0,+0.0000,NONE,RUNNING
="2026-08-08 07:17:49",64946,93605,20706,72899,50000,-0.0020,0.0600,+0.0,+0.0000,NONE,RUNNING
="2026-08-08 07:18:49",64934,99279,99279,0,50000,+0.0081,0.0600,+0.0,+0.0000,NONE,RUNNING
="2026-08-08 07:19:24",64914,3019578,2901003,118574,50000,+0.0378,0.0600,+0.0,+0.0000,NONE,RUNNING
="2026-08-08 07:19:25",64913,3019578,2901003,118574,50000,+0.0378,0.0600,+0.0,+0.0000,NONE,RUNNING
="2026-08-08 07:19:26",64913,3019578,2901003,118574,50000,+0.0386,0.0600,+0.0,+0.0000,NONE,RUNNING
="2026-08-08 07:19:27",64913,3019578,2901003,118574,50000,+0.0388,0.0600,+0.0,+0.0000,NONE,RUNNING
="2026-08-08 07:19:28",64913,3019578,2901003,118574,50000,+0.0388,0.0600,+0.0,+0.0000,NONE,RUNNING
="2026-08-08 07:19:29",64913,3019578,2901003,118574,50000,+0.0388,0.0600,+0.0,+0.0000,NONE,RUNNING
="2026-08-08 07:19:30",64913,3019578,2901003,118574,50000,+0.0388,0.0600,+0.0,+0.0000,NONE,RUNNING
="2026-08-08 07:19:31",64913,3019578,2901003,118574,50000,+0.0381,0.0600,+0.0,+0.0000,NONE,RUNNING
="2026-08-08 07:19:32",64913,3019578,2901003,118574,50000,+0.0381,0.0600,+0.0,+0.0000,NONE,RUNNING
="2026-08-08 07:19:33",64913,3019578,2901003,118574,50000,+0.0381,0.0600,+0.0,+0.0000,NONE,RUNNING
="2026-08-08 07:19:34",64913,3019578,2901003,118574,50000,+0.0381,0.0600,+0.0,+0.0000,NONE,RUNNING
="2026-08-08 07:19:35",64913,3019578,2901003,118574,50000,+0.0381,0.0600,+0.0,+0.0000,NONE,RUNNING
="2026-08-08 07:19:36",64913,3019578,2901003,118574,50000,+0.0381,0.0600,+0.0,+0.0000,NONE,RUNNING
="2026-08-08 07:19:37",64913,3019578,2901003,118574,50000,+0.0375,0.0600,+0.0,+0.0000,NONE,RUNNING
="2026-08-08 07:19:38",64913,3019578,2901003,118574,50000,+0.0375,0.0600,+0.0,+0.0000,NONE,RUNNING
="2026-08-08 07:19:39",64913,3019578,2901003,118574,50000,+0.0381,0.0600,+0.0,+0.0000,NONE,RUNNING
="2026-08-08 07:19:40",64913,3019578,2901003,118574,50000,+0.0374,0.0600,+0.0,+0.0000,NONE,RUNNING
="2026-08-08 07:19:41",64913,3019578,2901003,118574,50000,+0.0374,0.0600,+0.0,+0.0000,NONE,RUNNING
="2026-08-08 07:19:42",64913,3019578,2901003,118574,50000,+0.0374,0.0600,+0.0,+0.0000,NONE,RUNNING
="2026-08-08 07:19:43",64913,2920298,2801723,118574,50000,+0.0374,0.0600,+0.0,+0.0000,NONE,RUNNING
="2026-08-08 07:19:44",64913,2920298,2801723,118574,50000,+0.0374,0.0600,+0.0,+0.0000,NONE,RUNNING
="2026-08-08 07:19:45",64913,2920298,2801723,118574,50000,+0.0374,0.0600,+0.0,+0.0000,NONE,RUNNING
="2026-08-08 07:19:46",64913,2920298,2801723,118574,50000,+0.0368,0.0600,+0.0,+0.0000,NONE,RUNNING
="2026-08-08 07:19:47",64913,2920298,2801723,118574,50000,+0.0271,0.0600,+0.0,+0.0000,NONE,RUNNING
="2026-08-08 07:19:48",64913,2920298,2801723,118574,50000,+0.0271,0.0600,+0.0,+0.0000,NONE,RUNNING
="2026-08-08 07:19:49",64913,2920298,2801723,118574,50000,+0.0271,0.0600,+0.0,+0.0000,NONE,RUNNING
="2026-08-08 07:19:50",64909,2920298,2801723,118574,50000,+0.0249,0.0600,+0.0,+0.0000,NONE,RUNNING
="2026-08-08 07:19:51",64909,2920298,2801723,118574,50000,+0.0249,0.0600,+0.0,+0.0000,NONE,RUNNING
="2026-08-08 07:19:52",64909,2920298,2801723,118574,50000,+0.0257,0.0600,+0.0,+0.0000,NONE,RUNNING
="2026-08-08 07:19:53",64909,2920298,2801723,118574,50000,+0.0257,0.0600,+0.0,+0.0000,NONE,RUNNING
="2026-08-08 07:19:54",64909,2920298,2801723,118574,50000,+0.0257,0.0600,+0.0,+0.0000,NONE,RUNNING
="2026-08-08 07:19:55",64909,2920298,2801723,118574,50000,+0.0257,0.0600,+0.0,+0.0000,NONE,RUNNING
="2026-08-08 07:19:56",64909,2920298,2801723,118574,50000,+0.0257,0.0600,+0.0,+0.0000,NONE,RUNNING
="2026-08-08 07:19:57",64909,2920298,2801723,118574,50000,+0.0256,0.0600,+0.0,+0.0000,NONE,RUNNING
="2026-08-08 07:19:58",64909,2920298,2801723,118574,50000,+0.0256,0.0600,+0.0,+0.0000,NONE,RUNNING
="2026-08-08 07:19:59",64909,2920298,2801723,118574,50000,+0.0258,0.0600,+0.0,+0.0000,NONE,RUNNING
="2026-08-08 07:20:00",64909,2920298,2801723,118574,50000,+0.0258,0.0600,+0.0,+0.0000,NONE,RUNNING
="2026-08-08 07:20:01",64909,2920298,2801723,118574,50000,+0.0258,0.0600,+0.0,+0.0000,NONE,RUNNING
="2026-08-08 07:20:02",64909,2920298,2801723,118574,50000,+0.0258,0.0600,+0.0,+0.0000,NONE,RUNNING
="2026-08-08 07:20:03",64909,2920298,2801723,118574,50000,+0.0258,0.0600,+0.0,+0.0000,NONE,RUNNING
="2026-08-08 07:20:04",64909,2908793,2790219,118574,50000,+0.0257,0.0600,+0.0,+0.0000,NONE,RUNNING
="2026-08-08 07:20:05",64909,2908793,2790219,118574,50000,+0.0257,0.0600,+0.0,+0.0000,NONE,RUNNING
="2026-08-08 07:20:06",64909,2908793,2790219,118574,50000,+0.0269,0.0600,+0.0,+0.0000,NONE,RUNNING
="2026-08-08 07:20:07",64909,2908793,2790219,118574,50000,+0.0269,0.0600,+0.0,+0.0000,NONE,RUNNING
="2026-08-08 07:20:08",64909,2908793,2790219,118574,50000,+0.0259,0.0600,+0.0,+0.0000,NONE,RUNNING
="2026-08-08 07:20:09",64909,2908793,2790219,118574,50000,+0.0259,0.0600,+0.0,+0.0000,NONE,RUNNING
="2026-08-08 07:20:10",64909,2908793,2790219,118574,50000,+0.0259,0.0600,+0.0,+0.0000,NONE,RUNNING
="2026-08-08 07:20:11",64909,2908793,2790219,118574,50000,+0.0259,0.0600,+0.0,+0.0000,NONE,RUNNING
="2026-08-08 07:20:12",64909,2908793,2790219,118574,50000,+0.0256,0.0600,+0.0,+0.0000,NONE,RUNNING
="2026-08-08 07:20:13",64909,2908793,2790219,118574,50000,+0.0256,0.0600,+0.0,+0.0000,NONE,RUNNING
="2026-08-08 07:20:14",64909,2908793,2790219,118574,50000,+0.0256,0.0600,+0.0,+0.0000,NONE,RUNNING
="2026-08-08 07:20:15",64909,2908793,2790219,118574,50000,+0.0256,0.0600,+0.0,+0.0000,NONE,RUNNING
="2026-08-08 07:20:16",64909,2908793,2790219,118574,50000,+0.0256,0.0600,+0.0,+0.0000,NONE,RUNNING
="2026-08-08 07:20:17",64909,2908793,2790219,118574,50000,+0.0256,0.0600,+0.0,+0.0000,NONE,RUNNING
="2026-08-08 07:20:18",64909,2908793,2790219,118574,50000,+0.0256,0.0600,+0.0,+0.0000,NONE,RUNNING
="2026-08-08 07:20:19",64909,2908793,2790219,118574,50000,+0.0256,0.0600,+0.0,+0.0000,NONE,RUNNING
="2026-08-08 07:20:20",64909,2908793,2790219,118574,50000,+0.0255,0.0600,+0.0,+0.0000,NONE,RUNNING
="2026-08-08 07:20:21",64909,62308,0,62308,50000,+0.0255,0.0600,+0.0,+0.0000,NONE,RUNNING
="2026-08-08 07:20:22",64909,0,0,0,50000,+0.0255,0.0600,+0.0,+0.0000,NONE,RUNNING
="2026-08-08 07:20:23",64909,0,0,0,50000,+0.0255,0.0600,+0.0,+0.0000,NONE,RUNNING
="2026-08-08 07:20:24",64909,0,0,0,50000,-0.0026,0.0600,+0.0,+0.0000,NONE,RUNNING
="2026-08-08 07:20:25",64909,0,0,0,50000,-0.0026,0.0600,+0.0,+0.0000,NONE,RUNNING
="2026-08-08 07:20:26",64909,0,0,0,50000,-0.0028,0.0600,+0.0,+0.0000,NONE,RUNNING
="2026-08-08 07:20:27",64909,0,0,0,50000,-0.0029,0.0600,+0.0,+0.0000,NONE,RUNNING
="2026-08-08 07:20:28",64909,0,0,0,50000,-0.0029,0.0600,+0.0,+0.0000,NONE,RUNNING
="2026-08-08 07:20:29",64909,0,0,0,50000,-0.0029,0.0600,+0.0,+0.0000,NONE,RUNNING
="2026-08-08 07:20:30",64909,0,0,0,50000,-0.0022,0.0600,+0.0,+0.0000,NONE,RUNNING
="2026-08-08 07:20:31",64909,0,0,0,50000,-0.0022,0.0600,+0.0,+0.0000,NONE,RUNNING
="2026-08-08 07:20:32",64909,0,0,0,50000,-0.0023,0.0600,+0.0,+0.0000,NONE,RUNNING
="2026-08-08 07:20:33",64909,0,0,0,50000,-0.0023,0.0600,+0.0,+0.0000,NONE,RUNNING
="2026-08-08 07:20:34",64909,0,0,0,50000,-0.0023,0.0600,+0.0,+0.0000,NONE,RUNNING
="2026-08-08 07:20:35",64909,0,0,0,50000,-0.0018,0.0600,+0.0,+0.0000,NONE,RUNNING
="2026-08-08 07:20:36",64909,0,0,0,50000,-0.0013,0.0600,+0.0,+0.0000,NONE,RUNNING
="2026-08-08 07:20:37",64909,0,0,0,50000,-0.0013,0.0600,+0.0,+0.0000,NONE,RUNNING
="2026-08-08 07:20:38",64909,0,0,0,50000,-0.0013,0.0600,+0.0,+0.0000,NONE,RUNNING
="2026-08-08 07:20:39",64909,0,0,0,50000,-0.0006,0.0600,+0.0,+0.0000,NONE,RUNNING
="2026-08-08 07:20:40",64909,0,0,0,50000,-0.0006,0.0600,+0.0,+0.0000,NONE,RUNNING
="2026-08-08 07:20:41",64909,0,0,0,50000,-0.0006,0.0600,+0.0,+0.0000,NONE,RUNNING
="2026-08-08 07:20:42",64909,0,0,0,50000,-0.0006,0.0600,+0.0,+0.0000,NONE,RUNNING
="2026-08-08 07:20:43",64909,0,0,0,50000,-0.0006,0.0600,+0.0,+0.0000,NONE,RUNNING
="2026-08-08 07:20:44",64909,0,0,0,50000,-0.0006,0.0600,+0.0,+0.0000,NONE,RUNNING
="2026-08-08 07:20:45",64909,0,0,0,50000,-0.0009,0.0600,+0.0,+0.0000,NONE,RUNNING
="2026-08-08 07:20:46",64909,0,0,0,50000,-0.0003,0.0600,+0.0,+0.0000,NONE,RUNNING
="2026-08-08 07:21:46",64909,0,0,0,50000,+0.0041,0.0600,+0.0,+0.0000,NONE,RUNNING
="2026-08-08 07:22:46",64909,0,0,0,50000,+0.0066,0.0600,+0.0,+0.0000,NONE,RUNNING
="2026-08-08 07:23:46",64909,19178,19178,0,50000,+0.0020,0.0600,+0.0,+0.0000,NONE,RUNNING
="2026-08-08 07:24:46",64909,0,0,0,50000,+0.0008,0.0600,+0.0,+0.0000,NONE,RUNNING
="2026-08-08 07:25:47",64924,1459148,0,1459148,50000,-0.0002,0.0600,+0.0,+0.0000,NONE,RUNNING
="2026-08-08 07:26:47",64924,32462,0,32462,50000,+0.0015,0.0600,+0.0,+0.0000,NONE,RUNNING
="2026-08-08 07:27:47",64924,0,0,0,50000,+0.0009,0.0600,+0.0,+0.0000,NONE,RUNNING
="2026-08-08 07:28:47",64924,0,0,0,50000,+0.0004,0.0600,+0.0,+0.0000,NONE,RUNNING
="2026-08-08 07:29:47",64924,0,0,0,50000,-0.0002,0.0600,+0.0,+0.0000,NONE,RUNNING
="2026-08-08 07:30:47",64924,35563,35563,0,50000,+0.0065,0.0600,+0.0,+0.0000,NONE,RUNNING
="2026-08-08 07:31:47",64924,0,0,0,50000,+0.0002,0.0600,+0.0,+0.0000,NONE,RUNNING
="2026-08-08 07:32:47",64888,756834,756834,0,50000,+0.0129,0.0600,+0.0,+0.0000,NONE,RUNNING
="2026-08-08 07:33:47",64892,223416,0,223416,50000,-0.0094,0.0600,+0.0,+0.0000,NONE,RUNNING
="2026-08-08 07:34:47",64881,327661,316471,11189,50000,-0.0067,0.0600,+0.0,+0.0000,NONE,RUNNING
="2026-08-08 07:35:47",64872,16965,16965,0,50000,-0.0039,0.0600,+0.0,+0.0000,NONE,RUNNING
="2026-08-08 07:36:47",64872,11112,11112,0,50000,-0.0025,0.0600,+0.0,+0.0000,NONE,RUNNING
="2026-08-08 07:37:47",64856,224218,224218,0,50000,-0.0028,0.0600,+0.0,+0.0000,NONE,RUNNING
="2026-08-08 07:38:47",64871,333745,190433,143311,50000,+0.0150,0.0600,+0.0,+0.0000,NONE,RUNNING
="2026-08-08 07:39:47",64871,33689,33689,0,50000,+0.0020,0.0600,+0.0,+0.0000,NONE,RUNNING
="2026-08-08 07:40:47",64871,0,0,0,50000,-0.0005,0.0600,+0.0,+0.0000,NONE,RUNNING
="2026-08-08 07:41:48",64853,462210,351111,111099,50000,+0.0244,0.0600,+0.0,+0.0000,NONE,RUNNING
="2026-08-08 07:42:48",64856,140348,129315,11032,50000,-0.0015,0.0600,+0.0,+0.0000,NONE,RUNNING
="2026-08-08 07:43:48",64856,0,0,0,50000,+0.0030,0.0600,+0.0,+0.0000,NONE,RUNNING
="2026-08-08 07:44:48",64869,191097,0,191097,50000,+0.0138,0.0600,+0.0,+0.0000,NONE,RUNNING
="2026-08-08 07:45:48",64877,206776,0,206776,50000,+0.0025,0.0600,+0.0,+0.0000,NONE,RUNNING
="2026-08-08 07:46:48",64888,356436,154239,202197,50000,+0.0105,0.0600,+0.0,+0.0000,NONE,RUNNING
="2026-08-08 07:47:48",64895,0,0,0,50000,-0.0097,0.0600,+0.0,+0.0000,NONE,RUNNING
="2026-08-08 07:48:48",64898,48559,11408,37150,50000,+0.0045,0.0600,+0.0,+0.0000,NONE,RUNNING
="2026-08-08 07:49:48",64898,0,0,0,50000,-0.0028,0.0600,+0.0,+0.0000,NONE,RUNNING
="2026-08-08 07:50:48",64898,0,0,0,50000,-0.0015,0.0600,+0.0,+0.0000,NONE,RUNNING
="2026-08-08 07:51:48",64898,124715,0,124715,50000,-0.0002,0.0600,+0.0,+0.0000,NONE,RUNNING
="2026-08-08 07:52:48",64921,91827,23580,68247,50000,-0.0114,0.0600,+0.0,+0.0000,NONE,RUNNING
="2026-08-08 07:53:48",64921,36989,11792,25196,50000,-0.0048,0.0600,+0.0,+0.0000,NONE,RUNNING
="2026-08-08 07:54:48",64878,3519504,3387951,131552,50000,+0.0133,0.0600,+0.0,+0.0000,NONE,RUNNING
="2026-08-08 07:55:48",64881,89588,0,89588,50000,+0.0056,0.0600,+0.0,+0.0000,NONE,RUNNING
="2026-08-08 07:56:48",64881,11114,11114,0,50000,+0.0009,0.0600,+0.0,+0.0000,NONE,RUNNING
="2026-08-08 07:57:48",64881,64761,64761,0,50000,+0.0007,0.0600,+0.0,+0.0000,NONE,RUNNING
="2026-08-08 07:58:48",64881,27608,27608,0,50000,+0.0007,0.0600,+0.0,+0.0000,NONE,RUNNING
="2026-08-08 07:59:48",64888,1352352,20179,1332172,50000,+0.0127,0.0600,+0.0,+0.0000,NONE,RUNNING
="2026-08-08 08:00:49",64883,103582,103582,0,50000,-0.0023,0.0600,+0.0,+0.0000,NONE,RUNNING
="2026-08-08 08:01:49",64883,94008,94008,0,50000,+0.0009,0.0600,+0.0,+0.0000,NONE,RUNNING
="2026-08-08 08:02:49",64883,90515,90515,0,50000,+0.0016,0.0600,+0.0,+0.0000,NONE,RUNNING
="2026-08-08 08:03:49",64883,0,0,0,50000,+0.0035,0.0600,+0.0,+0.0000,NONE,RUNNING
="2026-08-08 08:04:49",64890,698250,21809,676441,50000,+0.0025,0.0600,+0.0,+0.0000,NONE,RUNNING
="2026-08-08 08:05:49",64890,31776,31776,0,50000,+0.0039,0.0600,+0.0,+0.0000,NONE,RUNNING
="2026-08-08 08:06:49",64890,0,0,0,50000,+0.0088,0.0600,+0.0,+0.0000,NONE,RUNNING
="2026-08-08 08:07:49",64890,23142,23142,0,50000,-0.0005,0.0600,+0.0,+0.0000,NONE,RUNNING
="2026-08-08 08:08:49",64890,39959,39959,0,50000,-0.0012,0.0600,+0.0,+0.0000,NONE,RUNNING
="2026-08-08 08:09:49",64890,0,0,0,50000,+0.0001,0.0600,+0.0,+0.0000,NONE,RUNNING
="2026-08-08 08:10:49",64888,243267,243267,0,50000,-0.0009,0.0600,+0.0,+0.0000,NONE,RUNNING
="2026-08-08 08:11:49",64888,0,0,0,50000,+0.0014,0.0600,+0.0,+0.0000,NONE,RUNNING
="2026-08-08 08:12:49",64888,199633,199633,0,50000,-0.0014,0.0600,+0.0,+0.0000,NONE,RUNNING
="2026-08-08 08:13:49",64888,13419,13419,0,50000,+0.0004,0.0600,+0.0,+0.0000,NONE,RUNNING
="2026-08-08 08:14:49",64890,976312,629448,346864,50000,-0.0003,0.0600,+0.0,+0.0000,NONE,RUNNING
="2026-08-08 08:15:49",64890,0,0,0,50000,+0.0006,0.0600,+0.0,+0.0000,NONE,RUNNING
="2026-08-08 08:16:49",64889,0,0,0,50000,+0.0002,0.0600,+0.0,+0.0000,NONE,RUNNING
="2026-08-08 08:17:49",64885,23910,23910,0,50000,+0.0004,0.0600,+0.0,+0.0000,NONE,RUNNING
="2026-08-08 08:18:49",64877,85331,85331,0,50000,-0.0041,0.0600,+0.0,+0.0000,NONE,RUNNING
="2026-08-08 08:19:49",64874,2584691,1402811,1181880,50000,-0.0126,0.0600,+0.0,+0.0000,NONE,RUNNING
="2026-08-08 08:20:50",64875,2218485,1797471,421014,50000,-0.0014,0.0600,+0.0,+0.0000,NONE,RUNNING
="2026-08-08 08:21:50",64875,83160,37747,45412,50000,+0.0017,0.0600,+0.0,+0.0000,NONE,RUNNING
="2026-08-08 08:22:50",64875,0,0,0,50000,+0.0000,0.0600,+0.0,+0.0000,NONE,RUNNING
="2026-08-08 08:23:50",64874,55534,10121,45412,50000,+0.0002,0.0600,+0.0,+0.0000,NONE,RUNNING
="2026-08-08 08:24:50",64880,158285,0,158285,50000,+0.0070,0.0600,+0.0,+0.0000,NONE,RUNNING
="2026-08-08 08:25:50",64880,91530,91530,0,50000,+0.0066,0.0600,+0.0,+0.0000,NONE,RUNNING
="2026-08-08 08:26:50",64880,10005,0,10005,50000,+0.0006,0.0600,+0.0,+0.0000,NONE,RUNNING
="2026-08-08 08:27:50",64880,10001,0,10001,50000,+0.0027,0.0600,+0.0,+0.0000,NONE,RUNNING
="2026-08-08 08:28:50",64880,56755,45975,10779,50000,+0.0037,0.0600,+0.0,+0.0000,NONE,RUNNING
="2026-08-08 08:29:50",64888,674490,0,674490,50000,-0.0083,0.0600,+0.0,+0.0000,NONE,RUNNING
="2026-08-08 08:30:50",64888,22594,0,22594,50000,-0.0023,0.0600,+0.0,+0.0000,NONE,RUNNING
="2026-08-08 08:31:50",64888,0,0,0,50000,-0.0023,0.0600,+0.0,+0.0000,NONE,RUNNING
="2026-08-08 08:32:50",64888,11382,0,11382,50000,+0.0007,0.0600,+0.0,+0.0000,NONE,RUNNING
="2026-08-08 08:33:50",64888,0,0,0,50000,-0.0038,0.0600,+0.0,+0.0000,NONE,RUNNING
="2026-08-08 08:34:50",64888,1056510,1034861,21649,50000,-0.0017,0.0600,+0.0,+0.0000,NONE,RUNNING
="2026-08-08 08:35:50",64889,705902,180021,525881,50000,+0.0005,0.0600,+0.0,+0.0000,NONE,RUNNING
="2026-08-08 08:36:50",64889,22731,22731,0,50000,-0.0008,0.0600,+0.0,+0.0000,NONE,RUNNING
="2026-08-08 08:37:50",64889,0,0,0,50000,+0.0016,0.0600,+0.0,+0.0000,NONE,RUNNING
="2026-08-08 08:38:50",64889,0,0,0,50000,+0.0002,0.0600,+0.0,+0.0000,NONE,RUNNING
="2026-08-08 08:39:50",64900,1401629,289616,1112013,50000,-0.0005,0.0600,+0.0,+0.0000,NONE,RUNNING
="2026-08-08 08:40:51",64900,29606,0,29606,50000,-0.0015,0.0600,+0.0,+0.0000,NONE,RUNNING
="2026-08-08 08:41:51",64900,0,0,0,50000,-0.0025,0.0600,+0.0,+0.0000,NONE,RUNNING
="2026-08-08 08:42:51",64900,28242,28242,0,50000,-0.0015,0.0600,+0.0,+0.0000,NONE,RUNNING
="2026-08-08 08:43:51",64900,0,0,0,50000,+0.0003,0.0600,+0.0,+0.0000,NONE,RUNNING
="2026-08-08 08:44:51",64894,479747,479747,0,50000,+0.0053,0.0600,+0.0,+0.0000,NONE,RUNNING
="2026-08-08 08:45:51",64901,160595,0,160595,50000,-0.0017,0.0600,+0.0,+0.0000,NONE,RUNNING
="2026-08-08 08:46:51",64904,34762,34762,0,50000,-0.0020,0.0600,+0.0,+0.0000,NONE,RUNNING
="2026-08-08 08:47:51",64907,57587,0,57587,50000,+0.0049,0.0600,+0.0,+0.0000,NONE,RUNNING
="2026-08-08 08:48:51",64907,0,0,0,50000,-0.0013,0.0600,+0.0,+0.0000,NONE,RUNNING
="2026-08-08 08:49:51",64914,159425,0,159425,50000,-0.0084,0.0600,+0.0,+0.0000,NONE,RUNNING
="2026-08-08 08:50:51",64913,0,0,0,50000,-0.0004,0.0600,+0.0,+0.0000,NONE,RUNNING
="2026-08-08 08:51:51",64913,22719,22719,0,50000,-0.0095,0.0600,+0.0,+0.0000,NONE,RUNNING
="2026-08-08 08:52:51",64913,15881,15881,0,50000,-0.0008,0.0600,+0.0,+0.0000,NONE,RUNNING
="2026-08-08 08:53:51",64913,0,0,0,50000,-0.0007,0.0600,+0.0,+0.0000,NONE,RUNNING
="2026-08-08 08:54:51",64917,766063,0,766063,50000,-0.0032,0.0600,+0.0,+0.0000,NONE,RUNNING
="2026-08-08 08:55:51",64917,235227,84315,150912,50000,-0.0099,0.0600,+0.0,+0.0000,NONE,RUNNING
="2026-08-08 08:56:52",64917,12830,12830,0,50000,-0.0033,0.0600,+0.0,+0.0000,NONE,RUNNING
="2026-08-08 08:57:52",64917,18332,0,18332,50000,-0.0008,0.0600,+0.0,+0.0000,NONE,RUNNING
="2026-08-08 08:58:52",64917,53704,25967,27737,50000,+0.0005,0.0600,+0.0,+0.0000,NONE,RUNNING
="2026-08-08 08:59:52",64923,389177,90985,298192,100000,-0.0023,0.0600,+0.0,+0.0000,NONE,RUNNING
="2026-08-08 09:00:52",64909,601301,232590,368711,100000,+0.0145,0.0600,+0.0,+0.0000,NONE,RUNNING
="2026-08-08 09:01:52",64907,142754,54727,88026,100000,+0.0003,0.0600,+0.0,+0.0000,NONE,RUNNING
="2026-08-08 09:02:52",64907,68260,39152,29107,100000,-0.0010,0.0600,+0.0,+0.0000,NONE,RUNNING
="2026-08-08 09:03:52",64907,236948,64062,172885,100000,-0.0000,0.0600,+0.0,+0.0000,NONE,RUNNING
="2026-08-08 09:04:52",64920,459905,283077,176827,100000,-0.0043,0.0600,+0.0,+0.0000,NONE,RUNNING
="2026-08-08 09:05:52",64929,0,0,0,100000,-0.0098,0.0600,+0.0,+0.0000,NONE,RUNNING
="2026-08-08 09:06:52",64930,0,0,0,100000,-0.0077,0.0600,+0.0,+0.0000,NONE,RUNNING
="2026-08-08 09:07:52",64945,192796,47881,144915,100000,+0.0028,0.0600,+0.0,+0.0000,NONE,RUNNING
="2026-08-08 09:08:52",64954,0,0,0,100000,-0.0070,0.0600,+0.0,+0.0000,NONE,RUNNING
="2026-08-08 09:09:52",64907,2005823,1948858,56965,100000,+0.0128,0.0600,+0.0,+0.0000,NONE,RUNNING
="2026-08-08 09:10:52",64900,28156,17766,10389,100000,+0.0014,0.0600,+0.0,+0.0000,NONE,RUNNING
="2026-08-08 09:11:52",64900,65668,65668,0,100000,-0.0000,0.0600,+0.0,+0.0000,NONE,RUNNING
="2026-08-08 09:12:52",64900,62907,0,62907,100000,-0.0006,0.0600,+0.0,+0.0000,NONE,RUNNING
="2026-08-08 09:13:52",64900,0,0,0,100000,-0.0072,0.0600,+0.0,+0.0000,NONE,RUNNING
="2026-08-08 09:14:52",64900,10100,10100,0,100000,+0.0029,0.0600,+0.0,+0.0000,NONE,RUNNING
="2026-08-08 09:15:53",64893,910220,464032,446188,100000,-0.0090,0.0600,+0.0,+0.0000,NONE,RUNNING
="2026-08-08 09:16:53",64893,14586,0,14586,100000,+0.0005,0.0600,+0.0,+0.0000,NONE,RUNNING
="2026-08-08 09:17:53",64867,92168,78049,14119,100000,-0.0206,0.0600,+0.0,+0.0000,NONE,RUNNING
="2026-08-08 09:18:53",64868,10005,10005,0,100000,-0.0020,0.0600,+0.0,+0.0000,NONE,RUNNING
="2026-08-08 09:19:21",64844,5787070,5446660,340410,100000,-0.0500,0.0600,+0.0,+0.0000,NONE,RUNNING
="2026-08-08 09:19:22",64823,6348741,5486212,862528,100000,-0.0501,0.0600,+0.0,+0.0000,NONE,RUNNING
="2026-08-08 09:19:23",64823,6348741,5486212,862528,100000,-0.0501,0.0600,+0.0,+0.0000,NONE,RUNNING
="2026-08-08 09:19:24",64823,6348741,5486212,862528,100000,-0.0501,0.0600,+0.0,+0.0000,NONE,RUNNING
="2026-08-08 09:19:25",64823,6348741,5486212,862528,100000,-0.0500,0.0600,+0.0,+0.0000,NONE,RUNNING
="2026-08-08 09:19:26",64823,6348741,5486212,862528,100000,-0.0485,0.0600,+0.0,+0.0000,NONE,RUNNING
="2026-08-08 09:19:27",64823,6348741,5486212,862528,100000,-0.0485,0.0600,+0.0,+0.0000,NONE,RUNNING
="2026-08-08 09:19:28",64823,6348741,5486212,862528,100000,-0.0485,0.0600,+0.0,+0.0000,NONE,RUNNING
="2026-08-08 09:19:29",64823,6348741,5486212,862528,100000,-0.0497,0.0600,+0.0,+0.0000,NONE,RUNNING
="2026-08-08 09:19:30",64823,6348741,5486212,862528,100000,-0.0497,0.0600,+0.0,+0.0000,NONE,RUNNING
="2026-08-08 09:19:31",64823,6348741,5486212,862528,100000,-0.0491,0.0600,+0.0,+0.0000,NONE,RUNNING
="2026-08-08 09:19:32",64823,6359759,5486212,873546,100000,-0.0494,0.0600,+0.0,+0.0000,NONE,RUNNING
="2026-08-08 09:19:33",64823,6359759,5486212,873546,100000,-0.0494,0.0600,+0.0,+0.0000,NONE,RUNNING
="2026-08-08 09:19:34",64823,6359759,5486212,873546,100000,-0.0493,0.0600,+0.0,+0.0000,NONE,RUNNING
="2026-08-08 09:19:35",64823,6359759,5486212,873546,100000,-0.0503,0.0600,+0.0,+0.0000,NONE,RUNNING
="2026-08-08 09:19:36",64823,6359759,5486212,873546,100000,-0.0503,0.0600,+0.0,+0.0000,NONE,RUNNING
="2026-08-08 09:19:37",64823,6359759,5486212,873546,100000,-0.0503,0.0600,+0.0,+0.0000,NONE,RUNNING
="2026-08-08 09:19:38",64823,6359759,5486212,873546,100000,-0.0512,0.0600,+0.0,+0.0000,NONE,RUNNING
="2026-08-08 09:19:39",64823,6359759,5486212,873546,100000,-0.0512,0.0600,+0.0,+0.0000,NONE,RUNNING
="2026-08-08 09:19:40",64823,6359759,5486212,873546,100000,-0.0512,0.0600,+0.0,+0.0000,NONE,RUNNING
="2026-08-08 09:19:41",64823,6359759,5486212,873546,100000,-0.0513,0.0600,+0.0,+0.0000,NONE,RUNNING
="2026-08-08 09:19:42",64823,6359759,5486212,873546,100000,-0.0512,0.0600,+0.0,+0.0000,NONE,RUNNING
="2026-08-08 09:19:43",64823,6359759,5486212,873546,100000,-0.0512,0.0600,+0.0,+0.0000,NONE,RUNNING
="2026-08-08 09:19:44",64823,6359759,5486212,873546,100000,-0.0503,0.0600,+0.0,+0.0000,NONE,RUNNING
="2026-08-08 09:19:45",64823,6359759,5486212,873546,100000,-0.0503,0.0600,+0.0,+0.0000,NONE,RUNNING
="2026-08-08 09:19:46",64823,6502778,5486212,1016565,100000,-0.0503,0.0600,+0.0,+0.0000,NONE,RUNNING
="2026-08-08 09:19:47",64824,6502778,5486212,1016565,100000,-0.0503,0.0600,+0.0,+0.0000,NONE,RUNNING
="2026-08-08 09:19:48",64824,6502778,5486212,1016565,100000,-0.0502,0.0600,+0.0,+0.0000,NONE,RUNNING
="2026-08-08 09:19:49",64824,6502778,5486212,1016565,100000,-0.0501,0.0600,+0.0,+0.0000,NONE,RUNNING
="2026-08-08 09:19:50",64828,6519349,5486212,1033136,100000,-0.0501,0.0600,+0.0,+0.0000,NONE,RUNNING
="2026-08-08 09:19:51",64828,6519349,5486212,1033136,100000,-0.0723,0.0600,+0.0,+0.0000,SHORT,RUNNING
="2026-08-08 09:19:52",64828,6519349,5486212,1033136,100000,-0.0723,0.0600,+0.0,+0.0000,SHORT,RUNNING
="2026-08-08 09:19:53",64828,6519349,5486212,1033136,100000,-0.0723,0.0600,+0.0,+0.0000,SHORT,RUNNING
="2026-08-08 09:19:54",64828,6519349,5486212,1033136,100000,-0.0745,0.0600,+0.0,+0.0000,SHORT,RUNNING
="2026-08-08 09:19:55",64828,6496784,5463648,1033136,100000,-0.0664,0.0600,+0.0,+0.0000,SHORT,RUNNING
="2026-08-08 09:19:56",64828,6496784,5463648,1033136,100000,-0.0664,0.0600,+0.0,+0.0000,SHORT,RUNNING
="2026-08-08 09:19:57",64828,6496784,5463648,1033136,100000,-0.0665,0.0600,+0.0,+0.0000,SHORT,RUNNING
="2026-08-08 09:19:58",64828,6496784,5463648,1033136,100000,-0.0664,0.0600,+0.0,+0.0000,SHORT,RUNNING
="2026-08-08 09:19:59",64828,6496784,5463648,1033136,100000,-0.0665,0.0600,+0.0,+0.0000,SHORT,RUNNING
="2026-08-08 09:20:00",64828,6496784,5463648,1033136,100000,-0.0665,0.0600,+0.0,+0.0000,SHORT,RUNNING
="2026-08-08 09:20:01",64828,6496784,5463648,1033136,100000,-0.0665,0.0600,+0.0,+0.0000,SHORT,RUNNING
="2026-08-08 09:20:02",64828,6496784,5463648,1033136,100000,-0.0665,0.0600,+0.0,+0.0000,SHORT,RUNNING
="2026-08-08 09:20:03",64828,6496784,5463648,1033136,100000,-0.0665,0.0600,+0.0,+0.0000,SHORT,RUNNING
="2026-08-08 09:20:04",64828,6496784,5463648,1033136,100000,-0.0664,0.0600,+0.0,+0.0000,SHORT,RUNNING
="2026-08-08 09:20:05",64828,6496784,5463648,1033136,100000,-0.0677,0.0600,+0.0,+0.0000,SHORT,RUNNING
="2026-08-08 09:20:06",64828,6482790,5449654,1033136,100000,-0.0677,0.0600,+0.0,+0.0000,SHORT,RUNNING
="2026-08-08 09:20:07",64828,6482790,5449654,1033136,100000,-0.0676,0.0600,+0.0,+0.0000,SHORT,RUNNING
="2026-08-08 09:20:08",64828,6482790,5449654,1033136,100000,-0.0676,0.0600,+0.0,+0.0000,SHORT,RUNNING
="2026-08-08 09:20:09",64828,6482790,5449654,1033136,100000,-0.0676,0.0600,+0.0,+0.0000,SHORT,RUNNING
="2026-08-08 09:20:10",64828,6482790,5449654,1033136,100000,-0.0518,0.0600,+0.0,+0.0000,NONE,RUNNING
="2026-08-08 09:20:11",64828,6482790,5449654,1033136,100000,-0.0518,0.0600,+0.0,+0.0000,NONE,RUNNING
="2026-08-08 09:20:12",64828,6482790,5449654,1033136,100000,-0.0535,0.0600,+0.0,+0.0000,NONE,RUNNING
="2026-08-08 09:20:13",64828,6482790,5449654,1033136,100000,-0.0327,0.0600,+0.0,+0.0000,NONE,RUNNING
="2026-08-08 09:20:14",64828,6482790,5449654,1033136,100000,-0.0327,0.0600,+0.0,+0.0000,NONE,RUNNING
="2026-08-08 09:20:15",64828,6482790,5449654,1033136,100000,-0.0327,0.0600,+0.0,+0.0000,NONE,RUNNING
="2026-08-08 09:20:16",64828,6482790,5449654,1033136,100000,-0.0327,0.0600,+0.0,+0.0000,NONE,RUNNING
="2026-08-08 09:20:17",64828,6482790,5449654,1033136,100000,-0.0327,0.0600,+0.0,+0.0000,NONE,RUNNING
="2026-08-08 09:20:18",64828,6482790,5449654,1033136,100000,-0.0327,0.0600,+0.0,+0.0000,NONE,RUNNING
="2026-08-08 09:20:19",64828,6482790,5449654,1033136,100000,-0.0287,0.0600,+0.0,+0.0000,NONE,RUNNING
="2026-08-08 09:20:20",64828,6482790,5449654,1033136,100000,-0.0287,0.0600,+0.0,+0.0000,NONE,RUNNING
="2026-08-08 09:20:21",64828,180607,10000,170607,100000,-0.0290,0.0600,+0.0,+0.0000,NONE,RUNNING
="2026-08-08 09:20:22",64828,170607,0,170607,100000,-0.0288,0.0600,+0.0,+0.0000,NONE,RUNNING
="2026-08-08 09:20:23",64828,170607,0,170607,100000,-0.0288,0.0600,+0.0,+0.0000,NONE,RUNNING
="2026-08-08 09:20:24",64828,170607,0,170607,100000,-0.0288,0.0600,+0.0,+0.0000,NONE,RUNNING
="2026-08-08 09:20:25",64828,170607,0,170607,100000,-0.0304,0.0600,+0.0,+0.0000,NONE,RUNNING
="2026-08-08 09:20:26",64828,170607,0,170607,100000,-0.0304,0.0600,+0.0,+0.0000,NONE,RUNNING
="2026-08-08 09:20:27",64828,170607,0,170607,100000,-0.0305,0.0600,+0.0,+0.0000,NONE,RUNNING
="2026-08-08 09:20:28",64828,170607,0,170607,100000,-0.0293,0.0600,+0.0,+0.0000,NONE,RUNNING
="2026-08-08 09:20:29",64828,170607,0,170607,100000,-0.0293,0.0600,+0.0,+0.0000,NONE,RUNNING
="2026-08-08 09:20:30",64828,170607,0,170607,100000,-0.0293,0.0600,+0.0,+0.0000,NONE,RUNNING
="2026-08-08 09:20:31",64828,159589,0,159589,100000,-0.0291,0.0600,+0.0,+0.0000,NONE,RUNNING
="2026-08-08 09:20:32",64828,159589,0,159589,100000,-0.0291,0.0600,+0.0,+0.0000,NONE,RUNNING
="2026-08-08 09:20:33",64828,159589,0,159589,100000,-0.0295,0.0600,+0.0,+0.0000,NONE,RUNNING
="2026-08-08 09:20:34",64828,159589,0,159589,100000,-0.0286,0.0600,+0.0,+0.0000,NONE,RUNNING
="2026-08-08 09:20:35",64828,159589,0,159589,100000,-0.0286,0.0600,+0.0,+0.0000,NONE,RUNNING
="2026-08-08 09:20:36",64828,159589,0,159589,100000,-0.0285,0.0600,+0.0,+0.0000,NONE,RUNNING
="2026-08-08 09:20:37",64828,159589,0,159589,100000,-0.0276,0.0600,+0.0,+0.0000,NONE,RUNNING
="2026-08-08 09:20:38",64828,159589,0,159589,100000,-0.0276,0.0600,+0.0,+0.0000,NONE,RUNNING
="2026-08-08 09:20:39",64828,159589,0,159589,100000,-0.0276,0.0600,+0.0,+0.0000,NONE,RUNNING
="2026-08-08 09:20:41",64828,159589,0,159589,100000,-0.0275,0.0600,+0.0,+0.0000,NONE,RUNNING
="2026-08-08 09:20:42",64828,159589,0,159589,100000,-0.0270,0.0600,+0.0,+0.0000,NONE,RUNNING
="2026-08-08 09:20:43",64828,159589,0,159589,100000,-0.0270,0.0600,+0.0,+0.0000,NONE,RUNNING
="2026-08-08 09:20:44",64828,159589,0,159589,100000,-0.0279,0.0600,+0.0,+0.0000,NONE,RUNNING
="2026-08-08 09:20:45",64828,159589,0,159589,100000,-0.0279,0.0600,+0.0,+0.0000,NONE,RUNNING
="2026-08-08 09:20:46",64828,159589,0,159589,100000,-0.0280,0.0600,+0.0,+0.0000,NONE,RUNNING
="2026-08-08 09:20:47",64828,16570,0,16570,100000,-0.0280,0.0600,+0.0,+0.0000,NONE,RUNNING
="2026-08-08 09:20:48",64828,16570,0,16570,100000,-0.0280,0.0600,+0.0,+0.0000,NONE,RUNNING
="2026-08-08 09:20:49",64828,16570,0,16570,100000,-0.0280,0.0600,+0.0,+0.0000,NONE,RUNNING
="2026-08-08 09:20:50",64828,0,0,0,100000,-0.0280,0.0600,+0.0,+0.0000,NONE,RUNNING
="2026-08-08 09:20:51",64828,0,0,0,100000,-0.0059,0.0600,+0.0,+0.0000,NONE,RUNNING
="2026-08-08 09:20:52",64828,0,0,0,100000,-0.0059,0.0600,+0.0,+0.0000,NONE,RUNNING
="2026-08-08 09:20:53",64828,0,0,0,100000,-0.0037,0.0600,+0.0,+0.0000,NONE,RUNNING
="2026-08-08 09:20:54",64828,0,0,0,100000,-0.0037,0.0600,+0.0,+0.0000,NONE,RUNNING
="2026-08-08 09:20:55",64828,0,0,0,100000,-0.0037,0.0600,+0.0,+0.0000,NONE,RUNNING
="2026-08-08 09:20:56",64828,0,0,0,100000,-0.0037,0.0600,+0.0,+0.0000,NONE,RUNNING
="2026-08-08 09:20:57",64828,0,0,0,100000,-0.0036,0.0600,+0.0,+0.0000,NONE,RUNNING
="2026-08-08 09:20:58",64828,0,0,0,100000,-0.0042,0.0600,+0.0,+0.0000,NONE,RUNNING
="2026-08-08 09:20:59",64828,0,0,0,100000,-0.0041,0.0600,+0.0,+0.0000,NONE,RUNNING
="2026-08-08 09:21:00",64828,0,0,0,100000,-0.0041,0.0600,+0.0,+0.0000,NONE,RUNNING
="2026-08-08 09:21:01",64828,0,0,0,100000,-0.0041,0.0600,+0.0,+0.0000,NONE,RUNNING
="2026-08-08 09:21:02",64828,0,0,0,100000,-0.0041,0.0600,+0.0,+0.0000,NONE,RUNNING
="2026-08-08 09:21:03",64828,0,0,0,100000,-0.0041,0.0600,+0.0,+0.0000,NONE,RUNNING
="2026-08-08 09:21:04",64828,0,0,0,100000,-0.0040,0.0600,+0.0,+0.0000,NONE,RUNNING
="2026-08-08 09:21:05",64828,0,0,0,100000,-0.0040,0.0600,+0.0,+0.0000,NONE,RUNNING
="2026-08-08 09:21:06",64828,0,0,0,100000,-0.0027,0.0600,+0.0,+0.0000,NONE,RUNNING
="2026-08-08 09:21:07",64828,0,0,0,100000,-0.0027,0.0600,+0.0,+0.0000,NONE,RUNNING
="2026-08-08 09:21:08",64828,0,0,0,100000,-0.0027,0.0600,+0.0,+0.0000,NONE,RUNNING
="2026-08-08 09:21:09",64828,0,0,0,100000,-0.0027,0.0600,+0.0,+0.0000,NONE,RUNNING
="2026-08-08 09:21:10",64828,0,0,0,100000,-0.0026,0.0600,+0.0,+0.0000,NONE,RUNNING
="2026-08-08 09:21:11",64828,0,0,0,100000,-0.0026,0.0600,+0.0,+0.0000,NONE,RUNNING
="2026-08-08 09:21:12",64828,0,0,0,100000,-0.0009,0.0600,+0.0,+0.0000,NONE,RUNNING
="2026-08-08 09:21:13",64828,0,0,0,100000,-0.0009,0.0600,+0.0,+0.0000,NONE,RUNNING
="2026-08-08 09:21:14",64828,0,0,0,100000,-0.0007,0.0600,+0.0,+0.0000,NONE,RUNNING
="2026-08-08 09:21:15",64828,0,0,0,100000,-0.0007,0.0600,+0.0,+0.0000,NONE,RUNNING
="2026-08-08 09:21:16",64828,0,0,0,100000,-0.0007,0.0600,+0.0,+0.0000,NONE,RUNNING
="2026-08-08 09:21:17",64828,0,0,0,100000,-0.0007,0.0600,+0.0,+0.0000,NONE,RUNNING
="2026-08-08 09:21:18",64828,0,0,0,100000,-0.0007,0.0600,+0.0,+0.0000,NONE,RUNNING
="2026-08-08 09:21:19",64828,0,0,0,100000,-0.0007,0.0600,+0.0,+0.0000,NONE,RUNNING
="2026-08-08 09:21:20",64828,0,0,0,100000,-0.0007,0.0600,+0.0,+0.0000,NONE,RUNNING
="2026-08-08 09:21:21",64828,0,0,0,100000,-0.0004,0.0600,+0.0,+0.0000,NONE,RUNNING
="2026-08-08 09:21:22",64828,0,0,0,100000,-0.0004,0.0600,+0.0,+0.0000,NONE,RUNNING
="2026-08-08 09:21:23",64828,30728,0,30728,100000,-0.0010,0.0600,+0.0,+0.0000,NONE,RUNNING
="2026-08-08 09:21:24",64833,43250,0,43250,100000,-0.0010,0.0600,+0.0,+0.0000,NONE,RUNNING
="2026-08-08 09:21:25",64833,43250,0,43250,100000,-0.0008,0.0600,+0.0,+0.0000,NONE,RUNNING
="2026-08-08 09:21:26",64833,43250,0,43250,100000,-0.0008,0.0600,+0.0,+0.0000,NONE,RUNNING
="2026-08-08 09:21:27",64833,43250,0,43250,100000,-0.0008,0.0600,+0.0,+0.0000,NONE,RUNNING
="2026-08-08 09:21:28",64833,43250,0,43250,100000,-0.0008,0.0600,+0.0,+0.0000,NONE,RUNNING
="2026-08-08 09:22:28",64845,29953,0,29953,100000,-0.0099,0.0600,+0.0,+0.0000,NONE,RUNNING
="2026-08-08 09:23:28",64857,54665,0,54665,100000,+0.0015,0.0600,+0.0,+0.0000,NONE,RUNNING
="2026-08-08 09:24:28",64861,0,0,0,100000,+0.0034,0.0600,+0.0,+0.0000,NONE,RUNNING
="2026-08-08 09:25:28",64861,0,0,0,100000,+0.0043,0.0600,+0.0,+0.0000,NONE,RUNNING
="2026-08-08 09:26:28",64861,0,0,0,100000,+0.0009,0.0600,+0.0,+0.0000,NONE,RUNNING
="2026-08-08 09:27:28",64861,14716,0,14716,100000,+0.0003,0.0600,+0.0,+0.0000,NONE,RUNNING
="2026-08-08 09:28:28",64868,0,0,0,100000,+0.0005,0.0600,+0.0,+0.0000,NONE,RUNNING
="2026-08-08 09:29:28",64880,54099,0,54099,100000,-0.0080,0.0600,+0.0,+0.0000,NONE,RUNNING
="2026-08-08 09:30:28",64881,13511,0,13511,100000,-0.0030,0.0600,+0.0,+0.0000,NONE,RUNNING
="2026-08-08 09:31:28",64886,12816,0,12816,100000,+0.0000,0.0600,+0.0,+0.0000,NONE,RUNNING
="2026-08-08 09:32:28",64874,324275,324275,0,100000,+0.0075,0.0600,+0.0,+0.0000,NONE,RUNNING
="2026-08-08 09:33:28",64880,0,0,0,100000,+0.0038,0.0600,+0.0,+0.0000,NONE,RUNNING
="2026-08-08 09:34:29",64886,1017835,1006717,11117,100000,-0.0009,0.0600,+0.0,+0.0000,NONE,RUNNING
="2026-08-08 09:35:29",64874,287893,287893,0,100000,-0.0026,0.0600,+0.0,+0.0000,NONE,RUNNING
="2026-08-08 09:36:29",64874,0,0,0,100000,+0.0041,0.0600,+0.0,+0.0000,NONE,RUNNING
="2026-08-08 09:37:29",64874,14719,14719,0,100000,+0.0009,0.0600,+0.0,+0.0000,NONE,RUNNING
="2026-08-08 09:38:29",64874,0,0,0,100000,+0.0007,0.0600,+0.0,+0.0000,NONE,RUNNING
="2026-08-08 09:39:29",64888,2238608,542424,1696183,100000,-0.0037,0.0600,+0.0,+0.0000,NONE,RUNNING
="2026-08-08 09:40:29",64896,725337,324444,400892,100000,-0.0024,0.0600,+0.0,+0.0000,NONE,RUNNING
="2026-08-08 09:41:29",64870,66915,55141,11774,100000,-0.0105,0.0600,+0.0,+0.0000,NONE,RUNNING
="2026-08-08 09:42:29",64870,0,0,0,100000,-0.0039,0.0600,+0.0,+0.0000,NONE,RUNNING
="2026-08-08 09:43:29",64875,47338,34581,12757,100000,-0.0082,0.0600,+0.0,+0.0000,NONE,RUNNING
="2026-08-08 09:44:29",64897,2309070,50790,2258280,100000,+0.0052,0.0600,+0.0,+0.0000,NONE,RUNNING
="2026-08-08 09:45:29",64900,86523,25960,60562,100000,-0.0029,0.0600,+0.0,+0.0000,NONE,RUNNING
="2026-08-08 09:46:29",64901,47831,32486,15345,100000,-0.0008,0.0600,+0.0,+0.0000,NONE,RUNNING
="2026-08-08 09:47:29",64901,45979,45979,0,100000,+0.0069,0.0600,+0.0,+0.0000,NONE,RUNNING
="2026-08-08 09:48:29",64901,16808,16808,0,100000,-0.0008,0.0600,+0.0,+0.0000,NONE,RUNNING
="2026-08-08 09:49:29",64901,0,0,0,100000,+0.0002,0.0600,+0.0,+0.0000,NONE,RUNNING
="2026-08-08 09:50:29",64899,367606,367606,0,100000,-0.0001,0.0600,+0.0,+0.0000,NONE,RUNNING
="2026-08-08 09:51:29",64899,0,0,0,100000,-0.0022,0.0600,+0.0,+0.0000,NONE,RUNNING
="2026-08-08 09:52:30",64899,0,0,0,100000,-0.0019,0.0600,+0.0,+0.0000,NONE,RUNNING
="2026-08-08 09:53:30",64901,20000,10000,10000,100000,-0.0007,0.0600,+0.0,+0.0000,NONE,RUNNING
="2026-08-08 09:54:30",64908,194535,0,194535,100000,+0.0004,0.0600,+0.0,+0.0000,NONE,RUNNING
="2026-08-08 09:55:30",64913,207919,0,207919,100000,-0.0047,0.0600,+0.0,+0.0000,NONE,RUNNING
="2026-08-08 09:56:30",64913,70914,10914,59999,100000,-0.0005,0.0600,+0.0,+0.0000,NONE,RUNNING
="2026-08-08 09:57:30",64913,0,0,0,100000,+0.0017,0.0600,+0.0,+0.0000,NONE,RUNNING
="2026-08-08 09:58:30",64915,78708,20584,58123,100000,+0.0010,0.0600,+0.0,+0.0000,NONE,RUNNING
="2026-08-08 09:59:30",64915,1261554,657331,604223,100000,+0.0082,0.0600,+0.0,+0.0000,NONE,RUNNING
="2026-08-08 10:00:30",64915,2666774,730237,1936537,100000,-0.0115,0.0600,+0.0,+0.0000,NONE,RUNNING
="2026-08-08 10:01:30",64918,12053,0,12053,100000,-0.0002,0.0600,+0.0,+0.0000,NONE,RUNNING
="2026-08-08 10:02:30",64918,0,0,0,100000,-0.0001,0.0600,+0.0,+0.0000,NONE,RUNNING
="2026-08-08 10:03:30",64918,0,0,0,100000,-0.0004,0.0600,+0.0,+0.0000,NONE,RUNNING
="2026-08-08 10:04:30",64918,0,0,0,100000,+0.0044,0.0600,+0.0,+0.0000,NONE,RUNNING
="2026-08-08 10:05:30",64918,10224,10224,0,100000,+0.0113,0.0600,+0.0,+0.0000,NONE,RUNNING
="2026-08-08 10:06:30",64912,132590,132590,0,100000,+0.0016,0.0600,+0.0,+0.0000,NONE,RUNNING
="2026-08-08 10:07:30",64910,227815,97995,129820,100000,-0.0101,0.0600,+0.0,+0.0000,NONE,RUNNING
="2026-08-08 10:08:30",64910,0,0,0,100000,-0.0143,0.0600,+0.0,+0.0000,NONE,RUNNING
="2026-08-08 10:09:30",64911,453739,111924,341814,100000,-0.0039,0.0600,+0.0,+0.0000,NONE,RUNNING
="2026-08-08 10:10:31",64912,1178638,477845,700793,100000,-0.0042,0.0600,+0.0,+0.0000,NONE,RUNNING
="2026-08-08 10:11:31",64953,5972728,1026304,4946424,100000,-0.0171,0.0600,+0.0,+0.0000,NONE,RUNNING
="2026-08-08 10:12:31",64957,31262,31262,0,100000,+0.0045,0.0600,+0.0,+0.0000,NONE,RUNNING
="2026-08-08 10:13:31",64957,94648,0,94648,100000,-0.0018,0.0600,+0.0,+0.0000,NONE,RUNNING
="2026-08-08 10:14:31",64957,0,0,0,100000,-0.0008,0.0600,+0.0,+0.0000,NONE,RUNNING
="2026-08-08 10:15:31",64956,23281,0,23281,100000,-0.0043,0.0600,+0.0,+0.0000,NONE,RUNNING
="2026-08-08 10:16:31",64923,47466,47466,0,100000,+0.0044,0.0600,+0.0,+0.0000,NONE,RUNNING
="2026-08-08 10:17:31",64926,153264,0,153264,100000,-0.0044,0.0600,+0.0,+0.0000,NONE,RUNNING
="2026-08-08 10:18:31",64939,25090,0,25090,100000,+0.0003,0.0600,+0.0,+0.0000,NONE,RUNNING
="2026-08-08 10:19:31",64942,50330,0,50330,100000,+0.0052,0.0600,+0.0,+0.0000,NONE,RUNNING
="2026-08-08 10:20:31",64932,109441,32286,77155,100000,-0.0010,0.0600,+0.0,+0.0000,NONE,RUNNING
="2026-08-08 10:21:31",64919,0,0,0,100000,+0.0026,0.0600,+0.0,+0.0000,NONE,RUNNING
="2026-08-08 10:22:31",64917,13634,13634,0,100000,+0.0009,0.0600,+0.0,+0.0000,NONE,RUNNING
="2026-08-08 10:23:31",64920,122413,0,122413,100000,+0.0037,0.0600,+0.0,+0.0000,NONE,RUNNING
="2026-08-08 10:24:31",64920,68433,0,68433,100000,+0.0003,0.0600,+0.0,+0.0000,NONE,RUNNING
="2026-08-08 10:25:31",64920,0,0,0,100000,-0.0020,0.0600,+0.0,+0.0000,NONE,RUNNING
="2026-08-08 10:26:32",64920,0,0,0,100000,+0.0015,0.0600,+0.0,+0.0000,NONE,RUNNING
="2026-08-08 10:27:32",64920,0,0,0,100000,-0.0011,0.0600,+0.0,+0.0000,NONE,RUNNING
="2026-08-08 10:28:32",64920,0,0,0,100000,+0.0003,0.0600,+0.0,+0.0000,NONE,RUNNING
="2026-08-08 10:29:32",64908,295273,295273,0,100000,+0.0030,0.0600,+0.0,+0.0000,NONE,RUNNING
="2026-08-08 10:30:32",64908,0,0,0,100000,+0.0010,0.0600,+0.0,+0.0000,NONE,RUNNING
="2026-08-08 10:31:32",64908,0,0,0,100000,-0.0006,0.0600,+0.0,+0.0000,NONE,RUNNING
="2026-08-08 10:32:32",64908,24989,24989,0,100000,-0.0022,0.0600,+0.0,+0.0000,NONE,RUNNING
="2026-08-08 10:33:32",64912,309523,0,309523,100000,-0.0067,0.0600,+0.0,+0.0000,NONE,RUNNING
="2026-08-08 10:34:32",64919,344297,61853,282444,100000,-0.0112,0.0600,+0.0,+0.0000,NONE,RUNNING
="2026-08-08 10:35:32",64924,0,0,0,100000,-0.0016,0.0600,+0.0,+0.0000,NONE,RUNNING
="2026-08-08 10:36:32",64931,771075,12969,758106,100000,-0.0016,0.0600,+0.0,+0.0000,NONE,RUNNING
="2026-08-08 10:37:32",64934,10119,0,10119,100000,-0.0025,0.0600,+0.0,+0.0000,NONE,RUNNING
="2026-08-08 10:38:32",64934,0,0,0,100000,+0.0008,0.0600,+0.0,+0.0000,NONE,RUNNING
="2026-08-08 10:39:32",64932,0,0,0,100000,+0.0076,0.0600,+0.0,+0.0000,NONE,RUNNING
="2026-08-08 10:40:32",64932,0,0,0,100000,+0.0025,0.0600,+0.0,+0.0000,NONE,RUNNING
="2026-08-08 10:41:32",64932,12963,12963,0,100000,+0.0062,0.0600,+0.0,+0.0000,NONE,RUNNING
="2026-08-08 10:42:32",64933,366539,0,366539,100000,+0.0011,0.0600,+0.0,+0.0000,NONE,RUNNING
="2026-08-08 10:43:32",64936,11115,0,11115,100000,+0.0013,0.0600,+0.0,+0.0000,NONE,RUNNING
="2026-08-08 10:44:32",64935,649362,649362,0,100000,-0.0040,0.0600,+0.0,+0.0000,NONE,RUNNING
="2026-08-08 10:45:32",64928,26243,26243,0,100000,+0.0003,0.0600,+0.0,+0.0000,NONE,RUNNING
="2026-08-08 10:46:33",64909,96684,96684,0,100000,-0.0014,0.0600,+0.0,+0.0000,NONE,RUNNING
="2026-08-08 10:47:33",64912,146683,35803,110880,100000,-0.0018,0.0600,+0.0,+0.0000,NONE,RUNNING
="2026-08-08 10:48:33",64914,194171,10103,184067,100000,+0.0010,0.0600,+0.0,+0.0000,NONE,RUNNING
="2026-08-08 10:49:33",64924,1060484,0,1060484,100000,-0.0083,0.0600,+0.0,+0.0000,NONE,RUNNING
="2026-08-08 10:50:33",64924,0,0,0,100000,-0.0015,0.0600,+0.0,+0.0000,NONE,RUNNING
="2026-08-08 10:51:33",64924,0,0,0,100000,-0.0003,0.0600,+0.0,+0.0000,NONE,RUNNING
="2026-08-08 10:52:33",64924,0,0,0,100000,+0.0006,0.0600,+0.0,+0.0000,NONE,RUNNING
="2026-08-08 10:53:33",64922,53303,53303,0,100000,-0.0024,0.0600,+0.0,+0.0000,NONE,RUNNING
="2026-08-08 10:54:33",64922,0,0,0,100000,-0.0012,0.0600,+0.0,+0.0000,NONE,RUNNING
="2026-08-08 10:55:33",64918,51987,51987,0,100000,+0.0047,0.0600,+0.0,+0.0000,NONE,RUNNING
="2026-08-08 10:56:33",64916,38992,12983,26009,100000,+0.0004,0.0600,+0.0,+0.0000,NONE,RUNNING
="2026-08-08 10:57:33",64916,12983,0,12983,100000,+0.0001,0.0600,+0.0,+0.0000,NONE,RUNNING
="2026-08-08 10:58:33",64920,12155,0,12155,100000,-0.0056,0.0600,+0.0,+0.0000,NONE,RUNNING
="2026-08-08 10:59:33",64913,347701,347701,0,100000,+0.0062,0.0600,+0.0,+0.0000,NONE,RUNNING
="2026-08-08 11:00:33",64908,52227,52227,0,100000,+0.0037,0.0600,+0.0,+0.0000,NONE,RUNNING
="2026-08-08 11:01:33",64907,0,0,0,100000,+0.0026,0.0600,+0.0,+0.0000,NONE,RUNNING
="2026-08-08 11:02:33",64907,30797,30797,0,100000,+0.0004,0.0600,+0.0,+0.0000,NONE,RUNNING
="2026-08-08 11:03:33",64900,23195,23195,0,100000,+0.0036,0.0600,+0.0,+0.0000,NONE,RUNNING
="2026-08-08 11:04:34",64909,544463,0,544463,100000,-0.0129,0.0600,+0.0,+0.0000,NONE,RUNNING
="2026-08-08 11:05:34",64909,129819,0,129819,100000,-0.0038,0.0600,+0.0,+0.0000,NONE,RUNNING
="2026-08-08 11:06:34",64909,0,0,0,100000,-0.0021,0.0600,+0.0,+0.0000,NONE,RUNNING
="2026-08-08 11:07:34",64909,0,0,0,100000,+0.0017,0.0600,+0.0,+0.0000,NONE,RUNNING
="2026-08-08 11:08:34",64913,87652,0,87652,100000,+0.0076,0.0600,+0.0,+0.0000,NONE,RUNNING
="2026-08-08 11:09:34",64903,829105,829105,0,100000,+0.0011,0.0600,+0.0,+0.0000,NONE,RUNNING
="2026-08-08 11:10:34",64900,322420,322420,0,100000,+0.0024,0.0600,+0.0,+0.0000,NONE,RUNNING
="2026-08-08 11:11:34",64894,155233,155233,0,100000,+0.0041,0.0600,+0.0,+0.0000,NONE,RUNNING
="2026-08-08 11:12:34",64894,0,0,0,100000,+0.0003,0.0600,+0.0,+0.0000,NONE,RUNNING
="2026-08-08 11:13:34",64894,33153,13680,19473,100000,-0.0008,0.0600,+0.0,+0.0000,NONE,RUNNING
="2026-08-08 11:14:34",64901,628290,0,628290,100000,-0.0132,0.0600,+0.0,+0.0000,NONE,RUNNING
="2026-08-08 11:15:34",64901,433755,176927,256828,100000,+0.0069,0.0600,+0.0,+0.0000,NONE,RUNNING
="2026-08-08 11:16:34",64901,23364,23364,0,100000,+0.0009,0.0600,+0.0,+0.0000,NONE,RUNNING
="2026-08-08 11:17:34",64901,0,0,0,100000,-0.0012,0.0600,+0.0,+0.0000,NONE,RUNNING
="2026-08-08 11:18:34",64901,0,0,0,100000,+0.0005,0.0600,+0.0,+0.0000,NONE,RUNNING
="2026-08-08 11:19:34",64907,575242,30021,545221,100000,-0.0027,0.0600,+0.0,+0.0000,NONE,RUNNING
="2026-08-08 11:20:34",64908,249389,0,249389,100000,-0.0002,0.0600,+0.0,+0.0000,NONE,RUNNING
="2026-08-08 11:21:34",64908,0,0,0,100000,+0.0022,0.0600,+0.0,+0.0000,NONE,RUNNING
="2026-08-08 11:22:34",64908,99137,15578,83559,100000,+0.0007,0.0600,+0.0,+0.0000,NONE,RUNNING
="2026-08-08 11:23:35",64912,198432,0,198432,100000,-0.0039,0.0600,+0.0,+0.0000,NONE,RUNNING
="2026-08-08 11:24:35",64907,1193917,1193917,0,100000,+0.0073,0.0600,+0.0,+0.0000,NONE,RUNNING
="2026-08-08 11:25:35",64910,265380,10123,255256,100000,+0.0119,0.0600,+0.0,+0.0000,NONE,RUNNING
="2026-08-08 11:26:35",64917,22703,0,22703,100000,-0.0034,0.0600,+0.0,+0.0000,NONE,RUNNING
="2026-08-08 11:27:35",64917,0,0,0,100000,-0.0013,0.0600,+0.0,+0.0000,NONE,RUNNING
="2026-08-08 11:28:35",64920,206209,80659,125550,100000,-0.0012,0.0600,+0.0,+0.0000,NONE,RUNNING
="2026-08-08 11:29:35",64926,22594,0,22594,100000,-0.0022,0.0600,+0.0,+0.0000,NONE,RUNNING
="2026-08-08 11:30:35",64947,105450,0,105450,100000,-0.0020,0.0600,+0.0,+0.0000,NONE,RUNNING
="2026-08-08 11:31:35",64957,46352,0,46352,100000,+0.0095,0.0600,+0.0,+0.0000,NONE,RUNNING
="2026-08-08 11:32:35",64957,12525,0,12525,100000,+0.0045,0.0600,+0.0,+0.0000,NONE,RUNNING
="2026-08-08 11:33:35",64957,12991,0,12991,100000,+0.0025,0.0600,+0.0,+0.0000,NONE,RUNNING
="2026-08-08 11:34:29",64918,5478434,5082068,396365,100000,+0.0455,0.0600,+0.0,+0.0000,NONE,RUNNING
="2026-08-08 11:34:30",64916,5478434,5082068,396365,100000,+0.0450,0.0600,+0.0,+0.0000,NONE,RUNNING
="2026-08-08 11:34:31",64916,5478434,5082068,396365,100000,+0.0450,0.0600,+0.0,+0.0000,NONE,RUNNING
="2026-08-08 11:34:32",64916,5478434,5082068,396365,100000,+0.0476,0.0600,+0.0,+0.0000,NONE,RUNNING
="2026-08-08 11:34:33",64916,5478434,5082068,396365,100000,+0.0476,0.0600,+0.0,+0.0000,NONE,RUNNING
="2026-08-08 11:34:34",64916,5478434,5082068,396365,100000,+0.0476,0.0600,+0.0,+0.0000,NONE,RUNNING
="2026-08-08 11:34:35",64916,5478434,5082068,396365,100000,+0.0476,0.0600,+0.0,+0.0000,NONE,RUNNING
="2026-08-08 11:34:36",64916,5478434,5082068,396365,100000,+0.0485,0.0600,+0.0,+0.0000,NONE,RUNNING
="2026-08-08 11:34:37",64916,5478434,5082068,396365,100000,+0.0485,0.0600,+0.0,+0.0000,NONE,RUNNING
="2026-08-08 11:34:38",64916,5478434,5082068,396365,100000,+0.0485,0.0600,+0.0,+0.0000,NONE,RUNNING
="2026-08-08 11:34:39",64916,5478434,5082068,396365,100000,+0.0492,0.0600,+0.0,+0.0000,NONE,RUNNING
="2026-08-08 11:34:40",64916,5478434,5082068,396365,100000,+0.0492,0.0600,+0.0,+0.0000,NONE,RUNNING
="2026-08-08 11:34:41",64916,5478434,5082068,396365,100000,+0.0493,0.0600,+0.0,+0.0000,NONE,RUNNING
="2026-08-08 11:34:42",64916,5478434,5082068,396365,100000,+0.0493,0.0600,+0.0,+0.0000,NONE,RUNNING
="2026-08-08 11:34:43",64916,5478434,5082068,396365,100000,+0.0493,0.0600,+0.0,+0.0000,NONE,RUNNING
="2026-08-08 11:34:44",64916,5478434,5082068,396365,100000,+0.0493,0.0600,+0.0,+0.0000,NONE,RUNNING
="2026-08-08 11:34:45",64916,5478434,5082068,396365,100000,+0.0493,0.0600,+0.0,+0.0000,NONE,RUNNING
="2026-08-08 11:34:46",64916,5478434,5082068,396365,100000,+0.0493,0.0600,+0.0,+0.0000,NONE,RUNNING
="2026-08-08 11:34:47",64916,5478434,5082068,396365,100000,+0.0493,0.0600,+0.0,+0.0000,NONE,RUNNING
="2026-08-08 11:34:48",64916,5478434,5082068,396365,100000,+0.0501,0.0600,+0.0,+0.0000,NONE,RUNNING
="2026-08-08 11:34:49",64916,5478434,5082068,396365,100000,+0.0500,0.0600,+0.0,+0.0000,NONE,RUNNING
="2026-08-08 11:34:50",64916,5478434,5082068,396365,100000,+0.0500,0.0600,+0.0,+0.0000,NONE,RUNNING
="2026-08-08 11:34:51",64916,5478434,5082068,396365,100000,+0.0500,0.0600,+0.0,+0.0000,NONE,RUNNING
="2026-08-08 11:34:52",64916,5478434,5082068,396365,100000,+0.0500,0.0600,+0.0,+0.0000,NONE,RUNNING
="2026-08-08 11:34:53",64916,5496810,5100445,396365,100000,+0.0500,0.0600,+0.0,+0.0000,NONE,RUNNING
="2026-08-08 11:34:54",64916,5496810,5100445,396365,100000,+0.0499,0.0600,+0.0,+0.0000,NONE,RUNNING
="2026-08-08 11:34:55",64916,5436009,5039643,396365,100000,+0.0498,0.0600,+0.0,+0.0000,NONE,RUNNING
="2026-08-08 11:34:56",64916,5436009,5039643,396365,100000,+0.0498,0.0600,+0.0,+0.0000,NONE,RUNNING
="2026-08-08 11:34:57",64916,5436009,5039643,396365,100000,+0.0496,0.0600,+0.0,+0.0000,NONE,RUNNING
="2026-08-08 11:34:58",64916,5436009,5039643,396365,100000,+0.0457,0.0600,+0.0,+0.0000,NONE,RUNNING
="2026-08-08 11:34:59",64916,5436009,5039643,396365,100000,+0.0457,0.0600,+0.0,+0.0000,NONE,RUNNING
="2026-08-08 11:35:00",64916,5436009,5039643,396365,100000,+0.0457,0.0600,+0.0,+0.0000,NONE,RUNNING
="2026-08-08 11:35:01",64916,5436009,5039643,396365,100000,+0.0457,0.0600,+0.0,+0.0000,NONE,RUNNING
="2026-08-08 11:35:02",64916,5436009,5039643,396365,100000,+0.0441,0.0600,+0.0,+0.0000,NONE,RUNNING
="2026-08-08 11:35:03",64916,5436009,5039643,396365,100000,+0.0438,0.0600,+0.0,+0.0000,NONE,RUNNING
="2026-08-08 11:35:04",64916,5436009,5039643,396365,100000,+0.0437,0.0600,+0.0,+0.0000,NONE,RUNNING
="2026-08-08 11:35:05",64916,5436009,5039643,396365,100000,+0.0437,0.0600,+0.0,+0.0000,NONE,RUNNING
="2026-08-08 11:35:06",64916,5436009,5039643,396365,100000,+0.0437,0.0600,+0.0,+0.0000,NONE,RUNNING
="2026-08-08 11:35:07",64916,5436009,5039643,396365,100000,+0.0436,0.0600,+0.0,+0.0000,NONE,RUNNING
="2026-08-08 11:35:08",64916,5436009,5039643,396365,100000,+0.0436,0.0600,+0.0,+0.0000,NONE,RUNNING
="2026-08-08 11:35:09",64916,5436009,5039643,396365,100000,+0.0436,0.0600,+0.0,+0.0000,NONE,RUNNING
="2026-08-08 11:35:10",64916,5436009,5039643,396365,100000,+0.0436,0.0600,+0.0,+0.0000,NONE,RUNNING
="2026-08-08 11:35:11",64916,5436009,5039643,396365,100000,+0.0436,0.0600,+0.0,+0.0000,NONE,RUNNING
="2026-08-08 11:35:12",64916,5436009,5039643,396365,100000,+0.0436,0.0600,+0.0,+0.0000,NONE,RUNNING
="2026-08-08 11:35:13",64916,5436009,5039643,396365,100000,+0.0434,0.0600,+0.0,+0.0000,NONE,RUNNING
="2026-08-08 11:35:14",64916,5436009,5039643,396365,100000,+0.0405,0.0600,+0.0,+0.0000,NONE,RUNNING
="2026-08-08 11:35:15",64916,5436009,5039643,396365,100000,+0.0439,0.0600,+0.0,+0.0000,NONE,RUNNING
="2026-08-08 11:35:16",64916,5436009,5039643,396365,100000,+0.0439,0.0600,+0.0,+0.0000,NONE,RUNNING
="2026-08-08 11:35:18",64916,5436009,5039643,396365,100000,+0.0441,0.0600,+0.0,+0.0000,NONE,RUNNING
="2026-08-08 11:35:19",64916,5436009,5039643,396365,100000,+0.0441,0.0600,+0.0,+0.0000,NONE,RUNNING
="2026-08-08 11:35:20",64924,5449277,5039643,409633,100000,+0.0441,0.0600,+0.0,+0.0000,NONE,RUNNING
="2026-08-08 11:35:21",64924,5449277,5039643,409633,100000,+0.0440,0.0600,+0.0,+0.0000,NONE,RUNNING
="2026-08-08 11:35:22",64924,5449277,5039643,409633,100000,+0.0447,0.0600,+0.0,+0.0000,NONE,RUNNING
="2026-08-08 11:35:23",64924,5395645,5039643,356002,100000,+0.0447,0.0600,+0.0,+0.0000,NONE,RUNNING
="2026-08-08 11:35:24",64924,229825,165077,64748,100000,+0.0447,0.0600,+0.0,+0.0000,NONE,RUNNING
="2026-08-08 11:35:25",64923,31644,18376,13268,100000,+0.0446,0.0600,+0.0,+0.0000,NONE,RUNNING
="2026-08-08 11:35:26",64923,31644,18376,13268,100000,+0.0446,0.0600,+0.0,+0.0000,NONE,RUNNING
="2026-08-08 11:35:27",64924,31644,18376,13268,100000,+0.0429,0.0600,+0.0,+0.0000,NONE,RUNNING
="2026-08-08 11:35:28",64924,31644,18376,13268,100000,+0.0429,0.0600,+0.0,+0.0000,NONE,RUNNING
="2026-08-08 11:35:29",64924,31644,18376,13268,100000,+0.0429,0.0600,+0.0,+0.0000,NONE,RUNNING
="2026-08-08 11:35:30",64924,31644,18376,13268,100000,+0.0084,0.0600,+0.0,+0.0000,NONE,RUNNING
="2026-08-08 11:35:31",64924,31644,18376,13268,100000,+0.0084,0.0600,+0.0,+0.0000,NONE,RUNNING
="2026-08-08 11:35:32",64924,31644,18376,13268,100000,+0.0084,0.0600,+0.0,+0.0000,NONE,RUNNING
="2026-08-08 11:35:33",64924,31644,18376,13268,100000,+0.0058,0.0600,+0.0,+0.0000,NONE,RUNNING
="2026-08-08 11:35:34",64923,31644,18376,13268,100000,+0.0058,0.0600,+0.0,+0.0000,NONE,RUNNING
="2026-08-08 11:35:35",64923,31644,18376,13268,100000,+0.0058,0.0600,+0.0,+0.0000,NONE,RUNNING
="2026-08-08 11:35:36",64924,31644,18376,13268,100000,+0.0049,0.0600,+0.0,+0.0000,NONE,RUNNING
="2026-08-08 11:35:37",64924,31644,18376,13268,100000,+0.0049,0.0600,+0.0,+0.0000,NONE,RUNNING
="2026-08-08 11:35:38",64924,31644,18376,13268,100000,+0.0049,0.0600,+0.0,+0.0000,NONE,RUNNING
="2026-08-08 11:35:39",64923,31644,18376,13268,100000,+0.0043,0.0600,+0.0,+0.0000,NONE,RUNNING
="2026-08-08 11:35:40",64924,31644,18376,13268,100000,+0.0043,0.0600,+0.0,+0.0000,NONE,RUNNING
="2026-08-08 11:35:41",64923,31644,18376,13268,100000,+0.0042,0.0600,+0.0,+0.0000,NONE,RUNNING
="2026-08-08 11:35:42",64923,31644,18376,13268,100000,+0.0041,0.0600,+0.0,+0.0000,NONE,RUNNING
="2026-08-08 11:35:43",64924,31644,18376,13268,100000,+0.0041,0.0600,+0.0,+0.0000,NONE,RUNNING
="2026-08-08 11:35:44",64924,31644,18376,13268,100000,+0.0040,0.0600,+0.0,+0.0000,NONE,RUNNING
="2026-08-08 11:35:45",64923,31644,18376,13268,100000,+0.0040,0.0600,+0.0,+0.0000,NONE,RUNNING
="2026-08-08 11:35:46",64924,31644,18376,13268,100000,+0.0040,0.0600,+0.0,+0.0000,NONE,RUNNING
="2026-08-08 11:35:47",64924,31644,18376,13268,100000,+0.0032,0.0600,+0.0,+0.0000,NONE,RUNNING
="2026-08-08 11:35:48",64924,31644,18376,13268,100000,+0.0032,0.0600,+0.0,+0.0000,NONE,RUNNING
="2026-08-08 11:35:49",64924,31644,18376,13268,100000,+0.0028,0.0600,+0.0,+0.0000,NONE,RUNNING
="2026-08-08 11:35:50",64924,31644,18376,13268,100000,+0.0028,0.0600,+0.0,+0.0000,NONE,RUNNING
="2026-08-08 11:35:51",64924,31644,18376,13268,100000,+0.0029,0.0600,+0.0,+0.0000,NONE,RUNNING
="2026-08-08 11:35:52",64924,31644,18376,13268,100000,+0.0029,0.0600,+0.0,+0.0000,NONE,RUNNING
="2026-08-08 11:35:53",64923,13268,0,13268,100000,+0.0029,0.0600,+0.0,+0.0000,NONE,RUNNING
="2026-08-08 11:35:54",64923,13268,0,13268,100000,+0.0029,0.0600,+0.0,+0.0000,NONE,RUNNING
="2026-08-08 11:35:55",64924,13268,0,13268,100000,+0.0029,0.0600,+0.0,+0.0000,NONE,RUNNING
="2026-08-08 11:35:56",64924,13268,0,13268,100000,+0.0029,0.0600,+0.0,+0.0000,NONE,RUNNING
="2026-08-08 11:35:57",64924,13268,0,13268,100000,+0.0029,0.0600,+0.0,+0.0000,NONE,RUNNING
="2026-08-08 11:35:58",64924,13268,0,13268,100000,+0.0031,0.0600,+0.0,+0.0000,NONE,RUNNING
="2026-08-08 11:35:59",64924,13268,0,13268,100000,+0.0031,0.0600,+0.0,+0.0000,NONE,RUNNING
="2026-08-08 11:36:00",64923,13268,0,13268,100000,+0.0030,0.0600,+0.0,+0.0000,NONE,RUNNING
="2026-08-08 11:36:01",64923,13268,0,13268,100000,+0.0030,0.0600,+0.0,+0.0000,NONE,RUNNING
="2026-08-08 11:36:02",64924,13268,0,13268,100000,+0.0030,0.0600,+0.0,+0.0000,NONE,RUNNING
="2026-08-08 11:36:03",64924,13268,0,13268,100000,+0.0033,0.0600,+0.0,+0.0000,NONE,RUNNING
="2026-08-08 11:36:04",64924,13268,0,13268,100000,+0.0033,0.0600,+0.0,+0.0000,NONE,RUNNING
="2026-08-08 11:36:05",64924,13268,0,13268,100000,+0.0033,0.0600,+0.0,+0.0000,NONE,RUNNING
="2026-08-08 11:36:06",64924,13268,0,13268,100000,+0.0033,0.0600,+0.0,+0.0000,NONE,RUNNING
="2026-08-08 11:36:07",64924,13268,0,13268,100000,+0.0033,0.0600,+0.0,+0.0000,NONE,RUNNING
="2026-08-08 11:36:08",64924,13268,0,13268,100000,+0.0017,0.0600,+0.0,+0.0000,NONE,RUNNING
="2026-08-08 11:36:09",64924,13268,0,13268,100000,+0.0017,0.0600,+0.0,+0.0000,NONE,RUNNING
="2026-08-08 11:36:10",64923,13268,0,13268,100000,+0.0017,0.0600,+0.0,+0.0000,NONE,RUNNING
="2026-08-08 11:36:11",64924,13268,0,13268,100000,+0.0018,0.0600,+0.0,+0.0000,NONE,RUNNING
="2026-08-08 11:36:12",64924,13268,0,13268,100000,+0.0020,0.0600,+0.0,+0.0000,NONE,RUNNING
="2026-08-08 11:36:13",64923,13268,0,13268,100000,+0.0020,0.0600,+0.0,+0.0000,NONE,RUNNING
="2026-08-08 11:36:14",64923,13268,0,13268,100000,+0.0028,0.0600,+0.0,+0.0000,NONE,RUNNING
="2026-08-08 11:36:15",64923,13268,0,13268,100000,+0.0028,0.0600,+0.0,+0.0000,NONE,RUNNING
="2026-08-08 11:36:16",64923,13268,0,13268,100000,-0.0006,0.0600,+0.0,+0.0000,NONE,RUNNING
="2026-08-08 11:36:17",64924,13268,0,13268,100000,-0.0006,0.0600,+0.0,+0.0000,NONE,RUNNING
="2026-08-08 11:36:18",64924,13268,0,13268,100000,-0.0006,0.0600,+0.0,+0.0000,NONE,RUNNING
="2026-08-08 11:36:19",64923,0,0,0,100000,-0.0006,0.0600,+0.0,+0.0000,NONE,RUNNING
="2026-08-08 11:36:20",64924,0,0,0,100000,-0.0006,0.0600,+0.0,+0.0000,NONE,RUNNING
="2026-08-08 11:36:21",64924,0,0,0,100000,-0.0013,0.0600,+0.0,+0.0000,NONE,RUNNING
="2026-08-08 11:36:22",64924,0,0,0,100000,-0.0013,0.0600,+0.0,+0.0000,NONE,RUNNING
="2026-08-08 11:36:23",64924,0,0,0,100000,-0.0013,0.0600,+0.0,+0.0000,NONE,RUNNING
="2026-08-08 11:36:24",64924,0,0,0,100000,-0.0013,0.0600,+0.0,+0.0000,NONE,RUNNING
="2026-08-08 11:37:24",64924,99397,99397,0,100000,-0.0011,0.0600,+0.0,+0.0000,NONE,RUNNING
="2026-08-08 11:38:24",64923,32743,0,32743,100000,-0.0001,0.0600,+0.0,+0.0000,NONE,RUNNING
="2026-08-08 11:39:24",64911,148628,148628,0,100000,+0.0036,0.0600,+0.0,+0.0000,NONE,RUNNING
="2026-08-08 11:40:24",64922,1539760,337592,1202167,100000,-0.0291,0.0600,+0.0,+0.0000,NONE,RUNNING
="2026-08-08 11:41:24",64922,26022,0,26022,100000,-0.0007,0.0600,+0.0,+0.0000,NONE,RUNNING
="2026-08-08 11:42:25",64922,0,0,0,100000,-0.0002,0.0600,+0.0,+0.0000,NONE,RUNNING
="2026-08-08 11:43:25",64922,0,0,0,100000,+0.0001,0.0600,+0.0,+0.0000,NONE,RUNNING
="2026-08-08 11:44:25",64922,26942,0,26942,100000,-0.0001,0.0600,+0.0,+0.0000,NONE,RUNNING
="2026-08-08 11:45:25",64918,174355,44510,129844,100000,+0.0002,0.0600,+0.0,+0.0000,NONE,RUNNING
="2026-08-08 11:46:25",64918,0,0,0,100000,+0.0079,0.0600,+0.0,+0.0000,NONE,RUNNING
="2026-08-08 11:47:25",64918,88699,21994,66704,100000,+0.0011,0.0600,+0.0,+0.0000,NONE,RUNNING
="2026-08-08 11:48:25",64918,0,0,0,100000,-0.0021,0.0600,+0.0,+0.0000,NONE,RUNNING
="2026-08-08 11:49:25",64918,0,0,0,100000,-0.0027,0.0600,+0.0,+0.0000,NONE,RUNNING
="2026-08-08 11:50:25",64930,674299,0,674299,100000,-0.0060,0.0600,+0.0,+0.0000,NONE,RUNNING
="2026-08-08 11:51:25",64923,97780,97780,0,100000,-0.0026,0.0600,+0.0,+0.0000,NONE,RUNNING
="2026-08-08 11:52:25",64923,761980,0,761980,100000,+0.0034,0.0600,+0.0,+0.0000,NONE,RUNNING
="2026-08-08 11:53:25",64923,0,0,0,100000,-0.0007,0.0600,+0.0,+0.0000,NONE,RUNNING
="2026-08-08 11:54:25",64923,0,0,0,100000,+0.0000,0.0600,+0.0,+0.0000,NONE,RUNNING
="2026-08-08 11:55:25",64923,0,0,0,100000,-0.0001,0.0600,+0.0,+0.0000,NONE,RUNNING
="2026-08-08 11:56:25",64923,79324,23716,55607,100000,+0.0017,0.0600,+0.0,+0.0000,NONE,RUNNING
="2026-08-08 11:57:26",64923,0,0,0,100000,+0.0033,0.0600,+0.0,+0.0000,NONE,RUNNING
="2026-08-08 11:58:26",64923,547465,0,547465,100000,+0.0006,0.0600,+0.0,+0.0000,NONE,RUNNING
="2026-08-08 11:59:26",64923,0,0,0,100000,-0.0002,0.0600,+0.0,+0.0000,NONE,RUNNING
="2026-08-08 12:00:26",64923,37313,12313,24999,100000,+0.0006,0.0600,+0.0,+0.0000,NONE,RUNNING
="2026-08-08 12:01:26",64923,259727,259727,0,100000,+0.0023,0.0600,+0.0,+0.0000,NONE,RUNNING
="2026-08-08 12:02:26",64923,41992,41992,0,100000,-0.0003,0.0600,+0.0,+0.0000,NONE,RUNNING
="2026-08-08 12:03:26",64923,0,0,0,100000,-0.0001,0.0600,+0.0,+0.0000,NONE,RUNNING
="2026-08-08 12:04:26",64918,282198,282198,0,100000,-0.0029,0.0600,+0.0,+0.0000,NONE,RUNNING
="2026-08-08 12:05:26",64940,3493525,113092,3380432,100000,-0.0167,0.0600,+0.0,+0.0000,NONE,RUNNING
="2026-08-08 12:06:26",64933,60050,60050,0,100000,-0.0008,0.0600,+0.0,+0.0000,NONE,RUNNING
="2026-08-08 12:07:26",64933,129633,129633,0,100000,-0.0008,0.0600,+0.0,+0.0000,NONE,RUNNING
="2026-08-08 12:08:26",64933,10064,10064,0,100000,+0.0019,0.0600,+0.0,+0.0000,NONE,RUNNING
="2026-08-08 12:09:26",64933,0,0,0,100000,-0.0019,0.0600,+0.0,+0.0000,NONE,RUNNING
="2026-08-08 12:10:26",64933,64933,0,64933,100000,-0.0054,0.0600,+0.0,+0.0000,NONE,RUNNING
="2026-08-08 12:11:26",64933,78677,54651,24026,100000,-0.0021,0.0600,+0.0,+0.0000,NONE,RUNNING
="2026-08-08 12:12:26",64933,57455,0,57455,100000,-0.0013,0.0600,+0.0,+0.0000,NONE,RUNNING
="2026-08-08 12:13:27",64936,0,0,0,100000,-0.0007,0.0600,+0.0,+0.0000,NONE,RUNNING
="2026-08-08 12:14:27",64937,139614,64937,74676,100000,+0.0032,0.0600,+0.0,+0.0000,NONE,RUNNING
="2026-08-08 12:15:27",64932,613827,613827,0,100000,+0.0045,0.0600,+0.0,+0.0000,NONE,RUNNING
="2026-08-08 12:16:27",64948,167298,0,167298,100000,-0.0034,0.0600,+0.0,+0.0000,NONE,RUNNING
="2026-08-08 12:17:27",64955,75812,0,75812,100000,+0.0019,0.0600,+0.0,+0.0000,NONE,RUNNING
="2026-08-08 12:18:27",64963,35275,0,35275,100000,+0.0007,0.0600,+0.0,+0.0000,NONE,RUNNING
="2026-08-08 12:19:27",64976,119689,0,119689,100000,+0.0000,0.0600,+0.0,+0.0000,NONE,RUNNING
="2026-08-08 12:20:27",64993,183663,14605,169057,100000,-0.0087,0.0600,+0.0,+0.0000,NONE,RUNNING
="2026-08-08 12:21:27",65000,185785,89826,95958,100000,+0.0022,0.0600,+0.0,+0.0000,NONE,RUNNING
="2026-08-08 12:22:27",64999,62192,0,62192,100000,+0.0104,0.0600,+0.0,+0.0000,NONE,RUNNING
="2026-08-08 12:23:27",65000,128050,0,128050,100000,+0.0045,0.0600,+0.0,+0.0000,NONE,RUNNING
="2026-08-08 12:24:27",65009,324903,145951,178952,100000,+0.0168,0.0600,+0.0,+0.0000,NONE,RUNNING
="2026-08-08 12:25:27",65001,61398,61398,0,100000,+0.0019,0.0600,+0.0,+0.0000,NONE,RUNNING
="2026-08-08 12:26:27",65029,2119103,33656,2085446,100000,+0.0104,0.0600,+0.0,+0.0000,NONE,RUNNING
="2026-08-08 12:27:27",65032,414460,56627,357832,100000,+0.0136,0.0600,+0.0,+0.0000,NONE,RUNNING
="2026-08-08 12:28:27",65030,33777,33777,0,100000,-0.0009,0.0600,+0.0,+0.0000,NONE,RUNNING
="2026-08-08 12:29:27",65030,19999,19999,0,100000,+0.0013,0.0600,+0.0,+0.0000,NONE,RUNNING
="2026-08-08 12:30:28",65030,0,0,0,100000,+0.0050,0.0600,+0.0,+0.0000,NONE,RUNNING
="2026-08-08 12:31:28",65040,539153,24715,514438,100000,+0.0020,0.0600,+0.0,+0.0000,NONE,RUNNING
="2026-08-08 12:32:28",65040,15609,15609,0,100000,+0.0117,0.0600,+0.0,+0.0000,NONE,RUNNING
="2026-08-08 12:33:28",65047,148716,0,148716,100000,+0.0120,0.0600,+0.0,+0.0000,NONE,RUNNING
="2026-08-08 12:34:28",65058,227504,10000,217504,100000,+0.0032,0.0600,+0.0,+0.0000,NONE,RUNNING
="2026-08-08 12:35:28",65071,360271,13680,346591,100000,+0.0106,0.0600,+0.0,+0.0000,NONE,RUNNING
="2026-08-08 12:36:28",65071,55860,0,55860,100000,+0.0025,0.0600,+0.0,+0.0000,NONE,RUNNING
="2026-08-08 12:37:28",65047,186789,94977,91812,100000,+0.0211,0.0600,+0.0,+0.0000,NONE,RUNNING
="2026-08-08 12:37:31",65038,199673,107861,91812,100000,+0.0344,0.0600,+0.0,+0.0000,NONE,RUNNING
="2026-08-08 12:37:32",65037,162459,107861,54598,100000,+0.0344,0.0600,+0.0,+0.0000,NONE,RUNNING
="2026-08-08 12:37:33",65036,162459,107861,54598,100000,+0.0341,0.0600,+0.0,+0.0000,NONE,RUNNING
="2026-08-08 12:37:34",65036,162459,107861,54598,100000,+0.0341,0.0600,+0.0,+0.0000,NONE,RUNNING
="2026-08-08 12:37:35",65034,162459,107861,54598,100000,+0.0341,0.0600,+0.0,+0.0000,NONE,RUNNING
="2026-08-08 12:37:36",65034,162459,107861,54598,100000,+0.0314,0.0600,+0.0,+0.0000,NONE,RUNNING
="2026-08-08 12:37:37",65034,162459,107861,54598,100000,+0.0314,0.0600,+0.0,+0.0000,NONE,RUNNING
="2026-08-08 12:37:38",65033,162459,107861,54598,100000,+0.0322,0.0600,+0.0,+0.0000,NONE,RUNNING
="2026-08-08 12:37:39",65032,147583,92985,54598,100000,+0.0321,0.0600,+0.0,+0.0000,NONE,RUNNING
="2026-08-08 12:37:40",65031,134827,80229,54598,100000,+0.0321,0.0600,+0.0,+0.0000,NONE,RUNNING
="2026-08-08 12:37:41",65026,109403,54804,54598,100000,+0.0321,0.0600,+0.0,+0.0000,NONE,RUNNING
="2026-08-08 12:37:42",65026,109403,54804,54598,100000,+0.0321,0.0600,+0.0,+0.0000,NONE,RUNNING
="2026-08-08 12:37:43",65026,109403,54804,54598,100000,+0.0205,0.0600,+0.0,+0.0000,NONE,RUNNING
="2026-08-08 12:37:44",65026,97898,43299,54598,100000,+0.0205,0.0600,+0.0,+0.0000,NONE,RUNNING
="2026-08-08 12:37:45",65026,97898,43299,54598,100000,+0.0205,0.0600,+0.0,+0.0000,NONE,RUNNING
="2026-08-08 12:37:46",65026,83736,29138,54598,100000,+0.0205,0.0600,+0.0,+0.0000,NONE,RUNNING
="2026-08-08 12:37:47",65026,173169,118570,54598,100000,+0.0196,0.0600,+0.0,+0.0000,NONE,RUNNING
="2026-08-08 12:37:48",65022,143368,118570,24798,100000,+0.0173,0.0600,+0.0,+0.0000,NONE,RUNNING
="2026-08-08 12:37:49",65022,143368,118570,24798,100000,+0.0173,0.0600,+0.0,+0.0000,NONE,RUNNING
="2026-08-08 12:37:50",65022,143368,118570,24798,100000,+0.0173,0.0600,+0.0,+0.0000,NONE,RUNNING
="2026-08-08 12:37:51",65022,143368,118570,24798,100000,+0.0173,0.0600,+0.0,+0.0000,NONE,RUNNING
="2026-08-08 12:37:52",65022,143368,118570,24798,100000,+0.0151,0.0600,+0.0,+0.0000,NONE,RUNNING
="2026-08-08 12:37:53",65022,143368,118570,24798,100000,+0.0144,0.0600,+0.0,+0.0000,NONE,RUNNING
="2026-08-08 12:37:54",65020,143368,118570,24798,100000,+0.0145,0.0600,+0.0,+0.0000,NONE,RUNNING
="2026-08-08 12:37:55",65020,143368,118570,24798,100000,+0.0145,0.0600,+0.0,+0.0000,NONE,RUNNING
="2026-08-08 12:37:56",65020,143368,118570,24798,100000,+0.0143,0.0600,+0.0,+0.0000,NONE,RUNNING
="2026-08-08 12:37:58",65020,143368,118570,24798,100000,+0.0141,0.0600,+0.0,+0.0000,NONE,RUNNING
="2026-08-08 12:37:59",65020,143368,118570,24798,100000,+0.0141,0.0600,+0.0,+0.0000,NONE,RUNNING
="2026-08-08 12:38:00",65020,143368,118570,24798,100000,+0.0141,0.0600,+0.0,+0.0000,NONE,RUNNING
="2026-08-08 12:38:01",65020,143368,118570,24798,100000,+0.0141,0.0600,+0.0,+0.0000,NONE,RUNNING
="2026-08-08 12:38:02",65020,200133,175335,24798,100000,+0.0105,0.0600,+0.0,+0.0000,NONE,RUNNING
="2026-08-08 12:38:03",65020,200133,175335,24798,100000,+0.0103,0.0600,+0.0,+0.0000,NONE,RUNNING
="2026-08-08 12:38:04",65020,183879,159081,24798,100000,+0.0103,0.0600,+0.0,+0.0000,NONE,RUNNING
="2026-08-08 12:38:05",65020,183879,159081,24798,100000,+0.0103,0.0600,+0.0,+0.0000,NONE,RUNNING
="2026-08-08 12:38:06",65020,183879,159081,24798,100000,+0.0103,0.0600,+0.0,+0.0000,NONE,RUNNING
="2026-08-08 12:38:07",65020,183879,159081,24798,100000,+0.0103,0.0600,+0.0,+0.0000,NONE,RUNNING
="2026-08-08 12:38:08",65020,183879,159081,24798,100000,+0.0104,0.0600,+0.0,+0.0000,NONE,RUNNING
="2026-08-08 12:38:09",65020,183879,159081,24798,100000,+0.0080,0.0600,+0.0,+0.0000,NONE,RUNNING
="2026-08-08 12:38:10",65020,183879,159081,24798,100000,+0.0080,0.0600,+0.0,+0.0000,NONE,RUNNING
="2026-08-08 12:38:11",65020,183879,159081,24798,100000,+0.0080,0.0600,+0.0,+0.0000,NONE,RUNNING
="2026-08-08 12:38:12",65020,194282,169484,24798,100000,+0.0088,0.0600,+0.0,+0.0000,NONE,RUNNING
="2026-08-08 12:38:13",65020,194282,169484,24798,100000,+0.0088,0.0600,+0.0,+0.0000,NONE,RUNNING
="2026-08-08 12:38:14",65020,200693,200693,0,100000,+0.0088,0.0600,+0.0,+0.0000,NONE,RUNNING
="2026-08-08 12:38:15",65020,200693,200693,0,100000,+0.0088,0.0600,+0.0,+0.0000,NONE,RUNNING
="2026-08-08 12:38:16",65020,231903,231903,0,100000,+0.0088,0.0600,+0.0,+0.0000,NONE,RUNNING
="2026-08-08 12:38:17",65020,231903,231903,0,100000,+0.0120,0.0600,+0.0,+0.0000,NONE,RUNNING
="2026-08-08 12:38:18",65020,273516,273516,0,100000,+0.0124,0.0600,+0.0,+0.0000,NONE,RUNNING
="2026-08-08 12:38:19",65020,273516,273516,0,100000,+0.0124,0.0600,+0.0,+0.0000,NONE,RUNNING
="2026-08-08 12:38:20",65020,331722,331722,0,100000,+0.0124,0.0600,+0.0,+0.0000,NONE,RUNNING
="2026-08-08 12:38:21",65020,350155,350155,0,100000,+0.0124,0.0600,+0.0,+0.0000,NONE,RUNNING
="2026-08-08 12:38:22",65020,394141,394141,0,100000,+0.0125,0.0600,+0.0,+0.0000,NONE,RUNNING
="2026-08-08 12:38:23",65020,394141,394141,0,100000,+0.0128,0.0600,+0.0,+0.0000,NONE,RUNNING
="2026-08-08 12:38:24",65020,408140,394141,13999,100000,+0.0114,0.0600,+0.0,+0.0000,NONE,RUNNING
="2026-08-08 12:38:25",65020,408140,394141,13999,100000,+0.0114,0.0600,+0.0,+0.0000,NONE,RUNNING
="2026-08-08 12:38:26",65020,408140,394141,13999,100000,+0.0113,0.0600,+0.0,+0.0000,NONE,RUNNING
="2026-08-08 12:38:27",65020,408140,394141,13999,100000,+0.0118,0.0600,+0.0,+0.0000,NONE,RUNNING
="2026-08-08 12:38:28",65020,424799,410799,13999,100000,+0.0118,0.0600,+0.0,+0.0000,NONE,RUNNING
="2026-08-08 12:38:29",65020,411915,397915,13999,100000,+0.0074,0.0600,+0.0,+0.0000,NONE,RUNNING
="2026-08-08 12:38:30",65020,411915,397915,13999,100000,+0.0074,0.0600,+0.0,+0.0000,NONE,RUNNING
="2026-08-08 12:38:31",65020,411915,397915,13999,100000,+0.0074,0.0600,+0.0,+0.0000,NONE,RUNNING
="2026-08-08 12:38:32",65020,411915,397915,13999,100000,-0.0015,0.0600,+0.0,+0.0000,NONE,RUNNING
="2026-08-08 12:38:33",65020,411915,397915,13999,100000,-0.0010,0.0600,+0.0,+0.0000,NONE,RUNNING
="2026-08-08 12:38:34",65020,411915,397915,13999,100000,-0.0010,0.0600,+0.0,+0.0000,NONE,RUNNING
="2026-08-08 12:38:35",65020,426076,412076,13999,100000,-0.0010,0.0600,+0.0,+0.0000,NONE,RUNNING
="2026-08-08 12:38:36",65020,426076,412076,13999,100000,-0.0010,0.0600,+0.0,+0.0000,NONE,RUNNING
="2026-08-08 12:38:37",65020,426076,412076,13999,100000,-0.0010,0.0600,+0.0,+0.0000,NONE,RUNNING
="2026-08-08 12:38:38",65020,426076,412076,13999,100000,-0.0018,0.0600,+0.0,+0.0000,NONE,RUNNING
="2026-08-08 12:38:39",65020,426076,412076,13999,100000,-0.0018,0.0600,+0.0,+0.0000,NONE,RUNNING
="2026-08-08 12:38:40",65020,426076,412076,13999,100000,-0.0018,0.0600,+0.0,+0.0000,NONE,RUNNING
="2026-08-08 12:38:41",65020,426076,412076,13999,100000,-0.0018,0.0600,+0.0,+0.0000,NONE,RUNNING
="2026-08-08 12:38:42",65020,426076,412076,13999,100000,-0.0025,0.0600,+0.0,+0.0000,NONE,RUNNING
="2026-08-08 12:39:42",65020,154353,118726,35627,100000,+0.0002,0.0600,+0.0,+0.0000,NONE,RUNNING
="2026-08-08 12:40:42",65007,770817,654036,116781,100000,+0.0033,0.0600,+0.0,+0.0000,NONE,RUNNING
="2026-08-08 12:41:42",65007,0,0,0,100000,-0.0042,0.0600,+0.0,+0.0000,NONE,RUNNING
="2026-08-08 12:42:42",65012,42875,0,42875,100000,-0.0034,0.0600,+0.0,+0.0000,NONE,RUNNING
="2026-08-08 12:43:42",65015,0,0,0,100000,+0.0026,0.0600,+0.0,+0.0000,NONE,RUNNING
="2026-08-08 12:44:42",65015,52591,52591,0,100000,+0.0004,0.0600,+0.0,+0.0000,NONE,RUNNING
="2026-08-08 12:45:42",65015,0,0,0,100000,+0.0032,0.0600,+0.0,+0.0000,NONE,RUNNING
="2026-08-08 12:46:42",65015,37692,37692,0,100000,+0.0027,0.0600,+0.0,+0.0000,NONE,RUNNING
="2026-08-08 12:47:42",65015,0,0,0,100000,+0.0003,0.0600,+0.0,+0.0000,NONE,RUNNING
="2026-08-08 12:48:42",65015,0,0,0,100000,+0.0016,0.0600,+0.0,+0.0000,NONE,RUNNING
="2026-08-08 12:49:42",65031,74763,0,74763,100000,-0.0048,0.0600,+0.0,+0.0000,NONE,RUNNING
="2026-08-08 12:50:42",65031,0,0,0,100000,+0.0026,0.0600,+0.0,+0.0000,NONE,RUNNING
="2026-08-08 12:51:42",65031,0,0,0,100000,+0.0004,0.0600,+0.0,+0.0000,NONE,RUNNING
="2026-08-08 12:52:42",65030,120319,74345,45973,100000,-0.0005,0.0600,+0.0,+0.0000,NONE,RUNNING
="2026-08-08 12:53:43",65009,32871,32871,0,100000,-0.0018,0.0600,+0.0,+0.0000,NONE,RUNNING
="2026-08-08 12:54:43",65000,129999,0,129999,100000,-0.0006,0.0600,+0.0,+0.0000,NONE,RUNNING
="2026-08-08 12:55:43",65019,151611,91909,59701,100000,-0.0164,0.0600,+0.0,+0.0000,NONE,RUNNING
="2026-08-08 12:56:43",65022,56174,45050,11123,100000,+0.0024,0.0600,+0.0,+0.0000,NONE,RUNNING
="2026-08-08 12:57:43",65016,28743,0,28743,100000,+0.0037,0.0600,+0.0,+0.0000,NONE,RUNNING
="2026-08-08 12:58:43",65026,73583,0,73583,100000,+0.0013,0.0600,+0.0,+0.0000,NONE,RUNNING
="2026-08-08 12:59:43",65033,91155,0,91155,100000,+0.0023,0.0600,+0.0,+0.0000,NONE,RUNNING
="2026-08-08 13:00:43",65018,170561,47829,122732,100000,-0.0063,0.0600,+0.0,+0.0000,NONE,RUNNING
="2026-08-08 13:01:43",65028,71310,0,71310,100000,-0.0134,0.0600,+0.0,+0.0000,NONE,RUNNING
="2026-08-08 13:02:43",65043,223973,0,223973,100000,-0.0033,0.0600,+0.0,+0.0000,NONE,RUNNING
="2026-08-08 13:03:43",65062,94787,12161,82625,100000,+0.0050,0.0600,+0.0,+0.0000,NONE,RUNNING
="2026-08-08 13:04:43",65047,91483,64555,26928,100000,+0.0096,0.0600,+0.0,+0.0000,NONE,RUNNING
="2026-08-08 13:05:43",65012,930720,930720,0,100000,+0.0057,0.0600,+0.0,+0.0000,NONE,RUNNING
="2026-08-08 13:06:43",65000,20384,20384,0,100000,-0.0026,0.0600,+0.0,+0.0000,NONE,RUNNING
="2026-08-08 13:07:43",64997,24999,0,24999,100000,+0.0017,0.0600,+0.0,+0.0000,NONE,RUNNING
="2026-08-08 13:08:43",64978,302797,0,302797,100000,-0.0170,0.0600,+0.0,+0.0000,NONE,RUNNING
="2026-08-08 13:09:43",64975,22067,22067,0,100000,+0.0048,0.0600,+0.0,+0.0000,NONE,RUNNING
="2026-08-08 13:10:43",64976,604125,0,604125,100000,+0.0057,0.0600,+0.0,+0.0000,NONE,RUNNING
="2026-08-08 13:11:44",64976,10396,10396,0,100000,+0.0012,0.0600,+0.0,+0.0000,NONE,RUNNING
="2026-08-08 13:12:44",64976,10396,10396,0,100000,+0.0015,0.0600,+0.0,+0.0000,NONE,RUNNING
="2026-08-08 13:13:44",64981,74945,0,74945,100000,-0.0027,0.0600,+0.0,+0.0000,NONE,RUNNING
="2026-08-08 13:14:44",64981,0,0,0,100000,+0.0002,0.0600,+0.0,+0.0000,NONE,RUNNING
="2026-08-08 13:15:44",64976,78154,52162,25992,100000,-0.0020,0.0600,+0.0,+0.0000,NONE,RUNNING
="2026-08-08 13:16:44",64976,100938,0,100938,100000,+0.0062,0.0600,+0.0,+0.0000,NONE,RUNNING
="2026-08-08 13:17:44",64976,53509,53509,0,100000,-0.0010,0.0600,+0.0,+0.0000,NONE,RUNNING
="2026-08-08 13:18:44",64993,159586,17077,142509,100000,+0.0000,0.0600,+0.0,+0.0000,NONE,RUNNING
="2026-08-08 13:19:44",64993,24577,24577,0,100000,-0.0004,0.0600,+0.0,+0.0000,NONE,RUNNING
="2026-08-08 13:20:44",64985,64985,0,64985,100000,-0.0004,0.0600,+0.0,+0.0000,NONE,RUNNING
="2026-08-08 13:21:44",64985,0,0,0,100000,+0.0012,0.0600,+0.0,+0.0000,NONE,RUNNING
="2026-08-08 13:22:44",64986,56392,27831,28561,100000,-0.0017,0.0600,+0.0,+0.0000,NONE,RUNNING
="2026-08-08 13:23:44",64986,45490,45490,0,100000,+0.0018,0.0600,+0.0,+0.0000,NONE,RUNNING
="2026-08-08 13:24:44",64984,0,0,0,100000,-0.0008,0.0600,+0.0,+0.0000,NONE,RUNNING
="2026-08-08 13:25:44",64982,170370,12296,158073,100000,+0.0029,0.0600,+0.0,+0.0000,NONE,RUNNING
="2026-08-08 13:26:44",64999,102834,45967,56866,100000,-0.0063,0.0600,+0.0,+0.0000,NONE,RUNNING
="2026-08-08 13:27:44",65001,29673,0,29673,100000,+0.0011,0.0600,+0.0,+0.0000,NONE,RUNNING
="2026-08-08 13:28:44",65001,0,0,0,100000,+0.0022,0.0600,+0.0,+0.0000,NONE,RUNNING
="2026-08-08 13:29:44",65001,0,0,0,100000,+0.0004,0.0600,+0.0,+0.0000,NONE,RUNNING
="2026-08-08 13:30:45",65000,332205,105906,226298,100000,+0.0234,0.0600,+0.0,+0.0000,NONE,RUNNING
="2026-08-08 13:31:45",65004,79387,0,79387,100000,+0.0005,0.0600,+0.0,+0.0000,NONE,RUNNING
="2026-08-08 13:32:45",65005,0,0,0,100000,-0.0031,0.0600,+0.0,+0.0000,NONE,RUNNING
="2026-08-08 13:33:45",65033,616007,0,616007,100000,+0.0113,0.0600,+0.0,+0.0000,NONE,RUNNING
="2026-08-08 13:34:45",65018,218336,168336,49999,100000,+0.0060,0.0600,+0.0,+0.0000,NONE,RUNNING
="2026-08-08 13:35:45",65018,100093,26011,74082,100000,-0.0013,0.0600,+0.0,+0.0000,NONE,RUNNING
="2026-08-08 13:36:45",65018,0,0,0,100000,+0.0005,0.0600,+0.0,+0.0000,NONE,RUNNING
="2026-08-08 13:37:45",65028,111322,0,111322,100000,+0.0010,0.0600,+0.0,+0.0000,NONE,RUNNING
="2026-08-08 13:38:45",65028,0,0,0,100000,+0.0035,0.0600,+0.0,+0.0000,NONE,RUNNING
="2026-08-08 13:39:45",65036,12300,0,12300,100000,-0.0023,0.0600,+0.0,+0.0000,NONE,RUNNING
="2026-08-08 13:40:45",65058,195816,27820,167996,100000,-0.0079,0.0600,+0.0,+0.0000,NONE,RUNNING
="2026-08-08 13:41:45",65058,0,0,0,100000,+0.0019,0.0600,+0.0,+0.0000,NONE,RUNNING
="2026-08-08 13:42:45",65063,285469,138883,146586,100000,+0.0112,0.0600,+0.0,+0.0000,NONE,RUNNING
="2026-08-08 13:43:45",65045,531015,169594,361420,100000,+0.0137,0.0600,+0.0,+0.0000,NONE,RUNNING
="2026-08-08 13:44:45",65034,99739,70807,28931,100000,-0.0026,0.0600,+0.0,+0.0000,NONE,RUNNING
="2026-08-08 13:45:45",65038,275389,0,275389,100000,+0.0237,0.0600,+0.0,+0.0000,NONE,RUNNING
="2026-08-08 13:46:45",65038,11310,0,11310,100000,+0.0017,0.0600,+0.0,+0.0000,NONE,RUNNING
="2026-08-08 13:47:46",65038,48137,24996,23141,100000,+0.0079,0.0600,+0.0,+0.0000,NONE,RUNNING
="2026-08-08 13:48:46",65038,109588,109588,0,100000,+0.0053,0.0600,+0.0,+0.0000,NONE,RUNNING
="2026-08-08 13:49:46",65031,106934,57290,49644,100000,-0.0002,0.0600,+0.0,+0.0000,NONE,RUNNING
="2026-08-08 13:50:46",65031,70304,0,70304,100000,+0.0028,0.0600,+0.0,+0.0000,NONE,RUNNING
="2026-08-08 13:51:46",65015,128429,128429,0,100000,+0.0021,0.0600,+0.0,+0.0000,NONE,RUNNING
="2026-08-08 13:52:46",65011,0,0,0,100000,-0.0017,0.0600,+0.0,+0.0000,NONE,RUNNING
="2026-08-08 13:53:46",65014,107626,0,107626,100000,+0.0080,0.0600,+0.0,+0.0000,NONE,RUNNING
="2026-08-08 13:54:46",65014,19500,19500,0,100000,-0.0009,0.0600,+0.0,+0.0000,NONE,RUNNING
="2026-08-08 13:55:46",65014,12911,12911,0,100000,+0.0006,0.0600,+0.0,+0.0000,NONE,RUNNING
="2026-08-08 13:56:46",65009,31102,11052,20049,100000,-0.0005,0.0600,+0.0,+0.0000,NONE,RUNNING
="2026-08-08 13:57:46",65010,65086,65086,0,100000,+0.0002,0.0600,+0.0,+0.0000,NONE,RUNNING
="2026-08-08 13:58:46",65008,12004,12004,0,100000,-0.0056,0.0600,+0.0,+0.0000,NONE,RUNNING
="2026-08-08 13:59:46",65013,1608535,60489,1548046,100000,-0.0032,0.0600,+0.0,+0.0000,NONE,RUNNING
="2026-08-08 14:00:46",65010,251712,23881,227830,100000,+0.0036,0.0600,+0.0,+0.0000,NONE,RUNNING
="2026-08-08 14:01:46",65010,16902,16902,0,100000,+0.0038,0.0600,+0.0,+0.0000,NONE,RUNNING
="2026-08-08 14:02:46",65010,0,0,0,100000,+0.0015,0.0600,+0.0,+0.0000,NONE,RUNNING
="2026-08-08 14:03:46",65009,193843,193843,0,100000,+0.0103,0.0600,+0.0,+0.0000,NONE,RUNNING
="2026-08-08 14:04:46",65009,119911,70616,49294,100000,-0.0014,0.0600,+0.0,+0.0000,NONE,RUNNING
="2026-08-08 14:05:46",65009,32999,0,32999,100000,+0.0013,0.0600,+0.0,+0.0000,NONE,RUNNING
="2026-08-08 14:06:47",65009,0,0,0,100000,+0.0006,0.0600,+0.0,+0.0000,NONE,RUNNING
="2026-08-08 14:07:47",65009,0,0,0,100000,-0.0009,0.0600,+0.0,+0.0000,NONE,RUNNING
="2026-08-08 14:08:47",65013,866872,629519,237352,100000,-0.0003,0.0600,+0.0,+0.0000,NONE,RUNNING
="2026-08-08 14:09:47",65007,366016,366016,0,100000,+0.0027,0.0600,+0.0,+0.0000,NONE,RUNNING
="2026-08-08 14:10:47",65000,117909,117909,0,100000,+0.0027,0.0600,+0.0,+0.0000,NONE,RUNNING
="2026-08-08 14:11:47",65000,10495,10495,0,100000,-0.0016,0.0600,+0.0,+0.0000,NONE,RUNNING
="2026-08-08 14:12:47",65000,0,0,0,100000,+0.0002,0.0600,+0.0,+0.0000,NONE,RUNNING
="2026-08-08 14:13:47",64998,24479,24479,0,100000,-0.0007,0.0600,+0.0,+0.0000,NONE,RUNNING
="2026-08-08 14:14:47",64994,0,0,0,100000,+0.0005,0.0600,+0.0,+0.0000,NONE,RUNNING
="2026-08-08 14:15:47",65000,160691,0,160691,100000,-0.0073,0.0600,+0.0,+0.0000,NONE,RUNNING
="2026-08-08 14:16:47",65001,41055,0,41055,100000,-0.0061,0.0600,+0.0,+0.0000,NONE,RUNNING
="2026-08-08 14:17:47",65001,0,0,0,100000,-0.0008,0.0600,+0.0,+0.0000,NONE,RUNNING
="2026-08-08 14:18:47",65001,0,0,0,100000,-0.0004,0.0600,+0.0,+0.0000,NONE,RUNNING
="2026-08-08 14:19:47",65001,0,0,0,100000,+0.0007,0.0600,+0.0,+0.0000,NONE,RUNNING
="2026-08-08 14:20:47",65001,19967,19967,0,100000,-0.0009,0.0600,+0.0,+0.0000,NONE,RUNNING
="2026-08-08 14:21:47",65003,0,0,0,100000,-0.0004,0.0600,+0.0,+0.0000,NONE,RUNNING
="2026-08-08 14:22:47",65011,11402,0,11402,100000,+0.0020,0.0600,+0.0,+0.0000,NONE,RUNNING
="2026-08-08 14:23:47",65013,15932,15932,0,100000,-0.0001,0.0600,+0.0,+0.0000,NONE,RUNNING
="2026-08-08 14:24:47",65017,95008,0,95008,100000,-0.0006,0.0600,+0.0,+0.0000,NONE,RUNNING
="2026-08-08 14:25:48",65017,0,0,0,100000,+0.0001,0.0600,+0.0,+0.0000,NONE,RUNNING
="2026-08-08 14:26:48",65017,0,0,0,100000,+0.0013,0.0600,+0.0,+0.0000,NONE,RUNNING
="2026-08-08 14:27:48",65017,0,0,0,100000,-0.0003,0.0600,+0.0,+0.0000,NONE,RUNNING
="2026-08-08 14:28:48",65018,253852,150744,103108,100000,+0.0028,0.0600,+0.0,+0.0000,NONE,RUNNING
="2026-08-08 14:29:48",65018,126558,0,126558,100000,-0.0021,0.0600,+0.0,+0.0000,NONE,RUNNING
="2026-08-08 14:30:48",65015,33420,33420,0,100000,-0.0022,0.0600,+0.0,+0.0000,NONE,RUNNING
="2026-08-08 14:31:48",65015,0,0,0,100000,-0.0005,0.0600,+0.0,+0.0000,NONE,RUNNING
="2026-08-08 14:32:48",65012,124999,0,124999,100000,-0.0033,0.0600,+0.0,+0.0000,NONE,RUNNING
="2026-08-08 14:33:48",65015,99999,99999,0,100000,-0.0015,0.0600,+0.0,+0.0000,NONE,RUNNING
="2026-08-08 14:34:48",65017,0,0,0,100000,+0.0002,0.0600,+0.0,+0.0000,NONE,RUNNING
="2026-08-08 14:35:48",65017,0,0,0,100000,+0.0012,0.0600,+0.0,+0.0000,NONE,RUNNING
="2026-08-08 14:36:48",65017,34703,0,34703,100000,+0.0011,0.0600,+0.0,+0.0000,NONE,RUNNING
="2026-08-08 14:37:48",65017,206686,0,206686,100000,-0.0004,0.0600,+0.0,+0.0000,NONE,RUNNING
="2026-08-08 14:38:48",65017,0,0,0,100000,+0.0031,0.0600,+0.0,+0.0000,NONE,RUNNING
="2026-08-08 14:39:48",65017,0,0,0,100000,-0.0021,0.0600,+0.0,+0.0000,NONE,RUNNING
="2026-08-08 14:40:48",65017,14999,14999,0,100000,+0.0003,0.0600,+0.0,+0.0000,NONE,RUNNING
="2026-08-08 14:41:48",65017,429035,429035,0,100000,+0.0009,0.0600,+0.0,+0.0000,NONE,RUNNING
="2026-08-08 14:42:48",65017,0,0,0,100000,+0.0007,0.0600,+0.0,+0.0000,NONE,RUNNING
="2026-08-08 14:43:48",65017,0,0,0,100000,-0.0003,0.0600,+0.0,+0.0000,NONE,RUNNING
="2026-08-08 14:44:48",65017,0,0,0,100000,+0.0001,0.0600,+0.0,+0.0000,NONE,RUNNING
="2026-08-08 14:45:48",65016,381890,56569,325320,100000,+0.0024,0.0600,+0.0,+0.0000,NONE,RUNNING
="2026-08-08 14:46:48",65003,156199,156199,0,100000,-0.0025,0.0600,+0.0,+0.0000,NONE,RUNNING
="2026-08-08 14:47:49",65003,10378,10378,0,100000,+0.0006,0.0600,+0.0,+0.0000,NONE,RUNNING
="2026-08-08 14:48:49",65002,10009,10009,0,100000,-0.0014,0.0600,+0.0,+0.0000,NONE,RUNNING
="2026-08-08 14:49:49",65002,0,0,0,100000,-0.0005,0.0600,+0.0,+0.0000,NONE,RUNNING
="2026-08-08 14:50:49",65002,0,0,0,100000,-0.0008,0.0600,+0.0,+0.0000,NONE,RUNNING
="2026-08-08 14:51:49",64990,167546,167546,0,100000,-0.0214,0.0600,+0.0,+0.0000,NONE,RUNNING
="2026-08-08 14:52:49",64976,98721,98721,0,100000,+0.0040,0.0600,+0.0,+0.0000,NONE,RUNNING
="2026-08-08 14:53:49",64982,137511,15474,122036,100000,-0.0102,0.0600,+0.0,+0.0000,NONE,RUNNING
="2026-08-08 14:54:49",64982,43113,43113,0,100000,+0.0012,0.0600,+0.0,+0.0000,NONE,RUNNING
="2026-08-08 14:55:49",64990,76063,10326,65736,100000,-0.0146,0.0600,+0.0,+0.0000,NONE,RUNNING
="2026-08-08 14:56:49",64990,0,0,0,100000,+0.0017,0.0600,+0.0,+0.0000,NONE,RUNNING
="2026-08-08 14:57:49",64990,78093,0,78093,100000,+0.0003,0.0600,+0.0,+0.0000,NONE,RUNNING
="2026-08-08 14:58:49",64990,0,0,0,100000,-0.0026,0.0600,+0.0,+0.0000,NONE,RUNNING
="2026-08-08 14:59:49",64995,307681,70079,237602,100000,-0.0059,0.0600,+0.0,+0.0000,NONE,RUNNING
="2026-08-08 15:00:49",65000,53554,0,53554,100000,+0.0019,0.0600,+0.0,+0.0000,NONE,RUNNING
="2026-08-08 15:01:49",65000,227501,227501,0,100000,-0.0041,0.0600,+0.0,+0.0000,NONE,RUNNING
="2026-08-08 15:02:49",65000,13000,13000,0,100000,-0.0006,0.0600,+0.0,+0.0000,NONE,RUNNING
="2026-08-08 15:03:49",65000,0,0,0,100000,-0.0009,0.0600,+0.0,+0.0000,NONE,RUNNING
="2026-08-08 15:04:49",64990,47025,47025,0,100000,-0.0013,0.0600,+0.0,+0.0000,NONE,RUNNING
="2026-08-08 15:05:50",64989,0,0,0,100000,-0.0001,0.0600,+0.0,+0.0000,NONE,RUNNING
="2026-08-08 15:06:50",64982,31289,11310,19979,100000,-0.0048,0.0600,+0.0,+0.0000,NONE,RUNNING
="2026-08-08 15:07:50",64980,20057,20057,0,100000,-0.0052,0.0600,+0.0,+0.0000,NONE,RUNNING
="2026-08-08 15:08:50",64980,0,0,0,100000,-0.0169,0.0600,+0.0,+0.0000,NONE,RUNNING
="2026-08-08 15:09:50",64981,0,0,0,100000,-0.0072,0.0600,+0.0,+0.0000,NONE,RUNNING
="2026-08-08 15:10:50",64983,0,0,0,100000,+0.0006,0.0600,+0.0,+0.0000,NONE,RUNNING
="2026-08-08 15:11:50",64983,42924,22924,19999,100000,-0.0000,0.0600,+0.0,+0.0000,NONE,RUNNING
="2026-08-08 15:12:50",64983,0,0,0,100000,+0.0007,0.0600,+0.0,+0.0000,NONE,RUNNING
="2026-08-08 15:13:50",64980,151914,151914,0,100000,+0.0059,0.0600,+0.0,+0.0000,NONE,RUNNING
="2026-08-08 15:14:50",64980,0,0,0,100000,+0.0042,0.0600,+0.0,+0.0000,NONE,RUNNING
="2026-08-08 15:15:50",64980,0,0,0,100000,+0.0065,0.0600,+0.0,+0.0000,NONE,RUNNING
="2026-08-08 15:16:50",64980,0,0,0,100000,-0.0017,0.0600,+0.0,+0.0000,NONE,RUNNING
="2026-08-08 15:17:50",64980,13686,13686,0,100000,+0.0002,0.0600,+0.0,+0.0000,NONE,RUNNING
="2026-08-08 15:18:50",64980,32490,0,32490,100000,-0.0017,0.0600,+0.0,+0.0000,NONE,RUNNING
="2026-08-08 15:19:50",64980,184602,184602,0,100000,-0.0001,0.0600,+0.0,+0.0000,NONE,RUNNING
="2026-08-08 15:20:50",64976,10396,10396,0,100000,+0.0076,0.0600,+0.0,+0.0000,NONE,RUNNING
="2026-08-08 15:21:50",64980,270434,0,270434,100000,-0.0056,0.0600,+0.0,+0.0000,NONE,RUNNING
="2026-08-08 15:22:50",64980,0,0,0,100000,-0.0029,0.0600,+0.0,+0.0000,NONE,RUNNING
="2026-08-08 15:23:51",64980,17715,17715,0,100000,+0.0021,0.0600,+0.0,+0.0000,NONE,RUNNING
="2026-08-08 15:24:51",64980,375585,375585,0,100000,+0.0005,0.0600,+0.0,+0.0000,NONE,RUNNING
="2026-08-08 15:25:51",64980,55150,55150,0,100000,-0.0006,0.0600,+0.0,+0.0000,NONE,RUNNING
="2026-08-08 15:26:51",64980,0,0,0,100000,-0.0001,0.0600,+0.0,+0.0000,NONE,RUNNING
="2026-08-08 15:27:51",64980,0,0,0,100000,+0.0094,0.0600,+0.0,+0.0000,NONE,RUNNING
="2026-08-08 15:28:51",64968,2555413,2490875,64537,100000,+0.0018,0.0600,+0.0,+0.0000,NONE,RUNNING
="2026-08-08 15:29:51",64968,229546,0,229546,100000,+0.0269,0.0600,+0.0,+0.0000,NONE,RUNNING
="2026-08-08 15:30:51",64975,295017,191020,103996,100000,+0.0015,0.0600,+0.0,+0.0000,NONE,RUNNING
="2026-08-08 15:31:51",64968,112397,112397,0,100000,+0.0074,0.0600,+0.0,+0.0000,NONE,RUNNING
="2026-08-08 15:32:51",64968,32321,32321,0,100000,-0.0042,0.0600,+0.0,+0.0000,NONE,RUNNING
="2026-08-08 15:33:51",64968,0,0,0,100000,-0.0005,0.0600,+0.0,+0.0000,NONE,RUNNING
="2026-08-08 15:34:51",64968,393143,393143,0,100000,-0.0034,0.0600,+0.0,+0.0000,NONE,RUNNING
="2026-08-08 15:35:51",64968,32519,21575,10944,100000,-0.0009,0.0600,+0.0,+0.0000,NONE,RUNNING
="2026-08-08 15:36:51",64968,73876,73876,0,100000,+0.0153,0.0600,+0.0,+0.0000,NONE,RUNNING
="2026-08-08 15:37:51",64968,10005,0,10005,100000,-0.0009,0.0600,+0.0,+0.0000,NONE,RUNNING
="2026-08-08 15:38:51",64968,64968,64968,0,100000,+0.0005,0.0600,+0.0,+0.0000,NONE,RUNNING
="2026-08-08 15:39:51",64968,0,0,0,100000,+0.0000,0.0600,+0.0,+0.0000,NONE,RUNNING
="2026-08-08 15:40:51",64968,0,0,0,100000,-0.0000,0.0600,+0.0,+0.0000,NONE,RUNNING
="2026-08-08 15:41:51",64968,15464,15464,0,100000,-0.0000,0.0600,+0.0,+0.0000,NONE,RUNNING
="2026-08-08 15:42:52",64977,405483,162276,243206,100000,+0.0009,0.0600,+0.0,+0.0000,NONE,RUNNING
="2026-08-08 15:43:52",64960,2220723,2184804,35919,100000,+0.0191,0.0600,+0.0,+0.0000,NONE,RUNNING
="2026-08-08 15:44:52",64990,2645349,71787,2573561,100000,-0.0120,0.0600,+0.0,+0.0000,NONE,RUNNING
="2026-08-08 15:45:52",64991,15835,0,15835,100000,-0.0055,0.0600,+0.0,+0.0000,NONE,RUNNING
="2026-08-08 15:46:52",64991,89429,0,89429,100000,+0.0003,0.0600,+0.0,+0.0000,NONE,RUNNING
="2026-08-08 15:47:52",65006,2779499,256846,2522653,100000,-0.0124,0.0600,+0.0,+0.0000,NONE,RUNNING
="2026-08-08 15:48:52",65006,332365,332365,0,100000,-0.0009,0.0600,+0.0,+0.0000,NONE,RUNNING
="2026-08-08 15:49:52",65006,196623,196623,0,100000,+0.0005,0.0600,+0.0,+0.0000,NONE,RUNNING
="2026-08-08 15:50:52",65014,142134,0,142134,100000,+0.0025,0.0600,+0.0,+0.0000,NONE,RUNNING
="2026-08-08 15:51:52",65014,65013,65013,0,100000,+0.0044,0.0600,+0.0,+0.0000,NONE,RUNNING
="2026-08-08 15:52:52",65008,410804,410804,0,100000,+0.0051,0.0600,+0.0,+0.0000,NONE,RUNNING
="2026-08-08 15:53:52",65008,0,0,0,100000,-0.0031,0.0600,+0.0,+0.0000,NONE,RUNNING
="2026-08-08 15:54:52",65007,154059,154059,0,100000,-0.0019,0.0600,+0.0,+0.0000,NONE,RUNNING
="2026-08-08 15:55:52",65007,868423,868423,0,100000,-0.0029,0.0600,+0.0,+0.0000,NONE,RUNNING
="2026-08-08 15:56:52",65007,381702,381702,0,100000,+0.0032,0.0600,+0.0,+0.0000,NONE,RUNNING
="2026-08-08 15:57:53",65006,0,0,0,100000,+0.0031,0.0600,+0.0,+0.0000,NONE,RUNNING
="2026-08-08 15:58:53",65006,107621,107621,0,100000,+0.0020,0.0600,+0.0,+0.0000,NONE,RUNNING
="2026-08-08 15:59:53",65006,0,0,0,100000,-0.0012,0.0600,+0.0,+0.0000,NONE,RUNNING
="2026-08-08 16:00:53",65004,124666,112279,12387,100000,-0.0094,0.0600,+0.0,+0.0000,NONE,RUNNING
="2026-08-08 16:01:53",65004,409206,409206,0,100000,+0.0031,0.0600,+0.0,+0.0000,NONE,RUNNING
="2026-08-08 16:02:53",65004,678311,652309,26001,100000,+0.0042,0.0600,+0.0,+0.0000,NONE,RUNNING
="2026-08-08 16:03:53",65004,313786,313786,0,100000,+0.0032,0.0600,+0.0,+0.0000,NONE,RUNNING
="2026-08-08 16:04:53",65004,0,0,0,100000,+0.0010,0.0600,+0.0,+0.0000,NONE,RUNNING
="2026-08-08 16:05:53",65004,11567,11567,0,100000,+0.0041,0.0600,+0.0,+0.0000,NONE,RUNNING
="2026-08-08 16:06:53",65004,30000,0,30000,100000,-0.0003,0.0600,+0.0,+0.0000,NONE,RUNNING
="2026-08-08 16:07:53",65004,220437,0,220437,100000,-0.0009,0.0600,+0.0,+0.0000,NONE,RUNNING
="2026-08-08 16:08:53",65004,43875,43875,0,100000,-0.0001,0.0600,+0.0,+0.0000,NONE,RUNNING
="2026-08-08 16:09:53",65004,99491,0,99491,100000,-0.0001,0.0600,+0.0,+0.0000,NONE,RUNNING
="2026-08-08 16:10:53",65004,0,0,0,100000,+0.0003,0.0600,+0.0,+0.0000,NONE,RUNNING
="2026-08-08 16:11:53",65004,17876,17876,0,100000,+0.0007,0.0600,+0.0,+0.0000,NONE,RUNNING
="2026-08-08 16:12:53",64998,335578,160405,175172,100000,+0.0045,0.0600,+0.0,+0.0000,NONE,RUNNING
="2026-08-08 16:13:53",64998,119099,64998,54101,100000,-0.0030,0.0600,+0.0,+0.0000,NONE,RUNNING
="2026-08-08 16:14:53",64994,249217,249217,0,100000,+0.0029,0.0600,+0.0,+0.0000,NONE,RUNNING
="2026-08-08 16:15:53",64991,298314,298314,0,100000,+0.0017,0.0600,+0.0,+0.0000,NONE,RUNNING
="2026-08-08 16:16:53",64989,355661,307844,47817,100000,+0.0000,0.0600,+0.0,+0.0000,NONE,RUNNING
="2026-08-08 16:17:53",64989,34737,0,34737,100000,-0.0008,0.0600,+0.0,+0.0000,NONE,RUNNING
="2026-08-08 16:18:54",64989,11543,11543,0,100000,-0.0001,0.0600,+0.0,+0.0000,NONE,RUNNING
="2026-08-08 16:19:54",64989,0,0,0,100000,+0.0016,0.0600,+0.0,+0.0000,NONE,RUNNING
="2026-08-08 16:20:54",64989,0,0,0,100000,-0.0000,0.0600,+0.0,+0.0000,NONE,RUNNING
="2026-08-08 16:21:54",64992,382660,126147,256513,100000,+0.0008,0.0600,+0.0,+0.0000,NONE,RUNNING
="2026-08-08 16:22:54",64992,42457,0,42457,100000,-0.0071,0.0600,+0.0,+0.0000,NONE,RUNNING
="2026-08-08 16:23:54",64992,0,0,0,100000,-0.0012,0.0600,+0.0,+0.0000,NONE,RUNNING
="2026-08-08 16:24:54",64995,369306,0,369306,100000,+0.0028,0.0600,+0.0,+0.0000,NONE,RUNNING
="2026-08-08 16:25:54",64995,0,0,0,100000,+0.0010,0.0600,+0.0,+0.0000,NONE,RUNNING
="2026-08-08 16:26:54",64995,67833,49555,18277,100000,-0.0003,0.0600,+0.0,+0.0000,NONE,RUNNING
="2026-08-08 16:27:54",64995,39998,11055,28943,100000,-0.0029,0.0600,+0.0,+0.0000,NONE,RUNNING
="2026-08-08 16:28:54",64995,0,0,0,100000,+0.0005,0.0600,+0.0,+0.0000,NONE,RUNNING
="2026-08-08 16:29:54",64995,36512,36512,0,100000,-0.0007,0.0600,+0.0,+0.0000,NONE,RUNNING
="2026-08-08 16:30:54",64995,55709,0,55709,100000,+0.0004,0.0600,+0.0,+0.0000,NONE,RUNNING
="2026-08-08 16:31:54",64995,46104,29231,16872,100000,+0.0049,0.0600,+0.0,+0.0000,NONE,RUNNING
="2026-08-08 16:32:54",64995,0,0,0,100000,+0.0037,0.0600,+0.0,+0.0000,NONE,RUNNING
="2026-08-08 16:33:54",64995,0,0,0,100000,+0.0016,0.0600,+0.0,+0.0000,NONE,RUNNING
="2026-08-08 16:34:54",64995,48103,0,48103,100000,+0.0056,0.0600,+0.0,+0.0000,NONE,RUNNING
="2026-08-08 16:35:55",64995,19845,19845,0,100000,+0.0055,0.0600,+0.0,+0.0000,NONE,RUNNING
="2026-08-08 16:36:55",64989,189105,189105,0,100000,+0.0051,0.0600,+0.0,+0.0000,NONE,RUNNING
="2026-08-08 16:37:55",64988,51942,51942,0,100000,+0.0002,0.0600,+0.0,+0.0000,NONE,RUNNING
="2026-08-08 16:38:55",64956,260558,260558,0,100000,-0.0138,0.0600,+0.0,+0.0000,NONE,RUNNING
="2026-08-08 16:39:55",64956,0,0,0,100000,+0.0008,0.0600,+0.0,+0.0000,NONE,RUNNING
="2026-08-08 16:40:55",64952,46371,46371,0,100000,-0.0032,0.0600,+0.0,+0.0000,NONE,RUNNING
="2026-08-08 16:41:55",64951,101413,0,101413,100000,+0.0055,0.0600,+0.0,+0.0000,NONE,RUNNING
="2026-08-08 16:42:55",64957,2312251,228897,2083353,100000,-0.0067,0.0600,+0.0,+0.0000,NONE,RUNNING
="2026-08-08 16:43:55",64957,21887,11527,10359,100000,+0.0040,0.0600,+0.0,+0.0000,NONE,RUNNING
="2026-08-08 16:44:55",64954,308054,287557,20497,100000,+0.0071,0.0600,+0.0,+0.0000,NONE,RUNNING
="2026-08-08 16:45:55",64954,160841,140122,20719,100000,-0.0014,0.0600,+0.0,+0.0000,NONE,RUNNING
="2026-08-08 16:46:55",64952,21770,11408,10361,100000,+0.0007,0.0600,+0.0,+0.0000,NONE,RUNNING
="2026-08-08 16:47:55",64952,35614,0,35614,100000,+0.0016,0.0600,+0.0,+0.0000,NONE,RUNNING
="2026-08-08 16:48:55",64952,70854,0,70854,100000,-0.0002,0.0600,+0.0,+0.0000,NONE,RUNNING
="2026-08-08 16:49:55",64954,82051,0,82051,100000,-0.0069,0.0600,+0.0,+0.0000,NONE,RUNNING
="2026-08-08 16:50:55",64954,25981,0,25981,100000,+0.0007,0.0600,+0.0,+0.0000,NONE,RUNNING
="2026-08-08 16:51:56",64954,12990,0,12990,100000,-0.0007,0.0600,+0.0,+0.0000,NONE,RUNNING
="2026-08-08 16:52:56",64959,99194,29163,70031,100000,+0.0004,0.0600,+0.0,+0.0000,NONE,RUNNING
="2026-08-08 16:53:56",64959,64959,64959,0,100000,-0.0065,0.0600,+0.0,+0.0000,NONE,RUNNING
="2026-08-08 16:54:56",64960,0,0,0,100000,+0.0002,0.0600,+0.0,+0.0000,NONE,RUNNING
="2026-08-08 16:55:56",64960,0,0,0,100000,-0.0029,0.0600,+0.0,+0.0000,NONE,RUNNING
="2026-08-08 16:56:56",64960,10635,10635,0,100000,-0.0009,0.0600,+0.0,+0.0000,NONE,RUNNING
="2026-08-08 16:57:56",64960,23992,23992,0,100000,-0.0004,0.0600,+0.0,+0.0000,NONE,RUNNING
="2026-08-08 16:58:56",64960,51915,51915,0,100000,+0.0008,0.0600,+0.0,+0.0000,NONE,RUNNING
="2026-08-08 16:59:56",64960,0,0,0,100000,+0.0015,0.0600,+0.0,+0.0000,NONE,RUNNING
="2026-08-08 17:00:56",64948,133599,133599,0,100000,-0.0182,0.0600,+0.0,+0.0000,NONE,RUNNING
="2026-08-08 17:01:02",64958,726252,133599,592653,100000,-0.0320,0.0600,+0.0,+0.0000,NONE,RUNNING
="2026-08-08 17:01:03",64958,641415,48762,592653,100000,-0.0320,0.0600,+0.0,+0.0000,NONE,RUNNING
="2026-08-08 17:01:04",64958,614403,21749,592653,100000,-0.0321,0.0600,+0.0,+0.0000,NONE,RUNNING
="2026-08-08 17:01:05",64958,614403,21749,592653,100000,-0.0321,0.0600,+0.0,+0.0000,NONE,RUNNING
="2026-08-08 17:01:06",64958,614403,21749,592653,100000,-0.0321,0.0600,+0.0,+0.0000,NONE,RUNNING
="2026-08-08 17:01:07",64958,592653,0,592653,100000,-0.0321,0.0600,+0.0,+0.0000,NONE,RUNNING
="2026-08-08 17:01:08",64958,592653,0,592653,100000,-0.0321,0.0600,+0.0,+0.0000,NONE,RUNNING
="2026-08-08 17:01:09",64958,592653,0,592653,100000,-0.0321,0.0600,+0.0,+0.0000,NONE,RUNNING
="2026-08-08 17:01:10",64958,592653,0,592653,100000,-0.0117,0.0600,+0.0,+0.0000,NONE,RUNNING
="2026-08-08 17:01:11",64958,592653,0,592653,100000,-0.0118,0.0600,+0.0,+0.0000,NONE,RUNNING
="2026-08-08 17:01:12",64958,592653,0,592653,100000,-0.0118,0.0600,+0.0,+0.0000,NONE,RUNNING
="2026-08-08 17:01:13",64958,592653,0,592653,100000,-0.0118,0.0600,+0.0,+0.0000,NONE,RUNNING
="2026-08-08 17:01:14",64958,592653,0,592653,100000,-0.0116,0.0600,+0.0,+0.0000,NONE,RUNNING
="2026-08-08 17:01:15",64958,592653,0,592653,100000,-0.0120,0.0600,+0.0,+0.0000,NONE,RUNNING
="2026-08-08 17:01:16",64958,592653,0,592653,100000,-0.0113,0.0600,+0.0,+0.0000,NONE,RUNNING
="2026-08-08 17:01:17",64958,592653,0,592653,100000,-0.0113,0.0600,+0.0,+0.0000,NONE,RUNNING
="2026-08-08 17:01:18",64958,592653,0,592653,100000,-0.0113,0.0600,+0.0,+0.0000,NONE,RUNNING
="2026-08-08 17:01:19",64958,592653,0,592653,100000,-0.0113,0.0600,+0.0,+0.0000,NONE,RUNNING
="2026-08-08 17:01:20",64958,592653,0,592653,100000,-0.0113,0.0600,+0.0,+0.0000,NONE,RUNNING
="2026-08-08 17:01:21",64958,592653,0,592653,100000,-0.0112,0.0600,+0.0,+0.0000,NONE,RUNNING
="2026-08-08 17:01:22",64958,592653,0,592653,100000,-0.0112,0.0600,+0.0,+0.0000,NONE,RUNNING
="2026-08-08 17:01:23",64958,592653,0,592653,100000,-0.0112,0.0600,+0.0,+0.0000,NONE,RUNNING
="2026-08-08 17:01:24",64958,592653,0,592653,100000,-0.0112,0.0600,+0.0,+0.0000,NONE,RUNNING
="2026-08-08 17:01:25",64958,592653,0,592653,100000,-0.0112,0.0600,+0.0,+0.0000,NONE,RUNNING
="2026-08-08 17:01:26",64958,592653,0,592653,100000,-0.0116,0.0600,+0.0,+0.0000,NONE,RUNNING
="2026-08-08 17:01:27",64958,592653,0,592653,100000,-0.0112,0.0600,+0.0,+0.0000,NONE,RUNNING
="2026-08-08 17:01:28",64958,592653,0,592653,100000,-0.0112,0.0600,+0.0,+0.0000,NONE,RUNNING
="2026-08-08 17:01:29",64958,592653,0,592653,100000,-0.0112,0.0600,+0.0,+0.0000,NONE,RUNNING
="2026-08-08 17:01:30",64958,592653,0,592653,100000,-0.0113,0.0600,+0.0,+0.0000,NONE,RUNNING
="2026-08-08 17:01:31",64958,592653,0,592653,100000,-0.0113,0.0600,+0.0,+0.0000,NONE,RUNNING
="2026-08-08 17:01:32",64958,592653,0,592653,100000,-0.0118,0.0600,+0.0,+0.0000,NONE,RUNNING
="2026-08-08 17:01:33",64958,592653,0,592653,100000,-0.0117,0.0600,+0.0,+0.0000,NONE,RUNNING
="2026-08-08 17:01:34",64958,592653,0,592653,100000,-0.0117,0.0600,+0.0,+0.0000,NONE,RUNNING
="2026-08-08 17:01:35",64958,592653,0,592653,100000,-0.0118,0.0600,+0.0,+0.0000,NONE,RUNNING
="2026-08-08 17:01:36",64958,592653,0,592653,100000,-0.0118,0.0600,+0.0,+0.0000,NONE,RUNNING
="2026-08-08 17:01:37",64958,592653,0,592653,100000,-0.0118,0.0600,+0.0,+0.0000,NONE,RUNNING
="2026-08-08 17:01:38",64958,592653,0,592653,100000,-0.0118,0.0600,+0.0,+0.0000,NONE,RUNNING
="2026-08-08 17:01:39",64958,592653,0,592653,100000,-0.0118,0.0600,+0.0,+0.0000,NONE,RUNNING
="2026-08-08 17:01:40",64958,592653,0,592653,100000,-0.0117,0.0600,+0.0,+0.0000,NONE,RUNNING
="2026-08-08 17:01:41",64958,592653,0,592653,100000,-0.0117,0.0600,+0.0,+0.0000,NONE,RUNNING
="2026-08-08 17:01:42",64958,592653,0,592653,100000,-0.0117,0.0600,+0.0,+0.0000,NONE,RUNNING
="2026-08-08 17:01:43",64958,592653,0,592653,100000,-0.0117,0.0600,+0.0,+0.0000,NONE,RUNNING
="2026-08-08 17:01:44",64958,592653,0,592653,100000,-0.0117,0.0600,+0.0,+0.0000,NONE,RUNNING
="2026-08-08 17:01:45",64958,592653,0,592653,100000,-0.0115,0.0600,+0.0,+0.0000,NONE,RUNNING
="2026-08-08 17:01:46",64958,592653,0,592653,100000,-0.0115,0.0600,+0.0,+0.0000,NONE,RUNNING
="2026-08-08 17:01:47",64958,592653,0,592653,100000,-0.0116,0.0600,+0.0,+0.0000,NONE,RUNNING
="2026-08-08 17:01:48",64958,592653,0,592653,100000,-0.0143,0.0600,+0.0,+0.0000,NONE,RUNNING
="2026-08-08 17:01:49",64958,592653,0,592653,100000,-0.0143,0.0600,+0.0,+0.0000,NONE,RUNNING
="2026-08-08 17:01:50",64958,592653,0,592653,100000,-0.0145,0.0600,+0.0,+0.0000,NONE,RUNNING
="2026-08-08 17:01:51",64958,592653,0,592653,100000,-0.0145,0.0600,+0.0,+0.0000,NONE,RUNNING
="2026-08-08 17:01:52",64958,592653,0,592653,100000,-0.0145,0.0600,+0.0,+0.0000,NONE,RUNNING
="2026-08-08 17:01:53",64958,592653,0,592653,100000,-0.0145,0.0600,+0.0,+0.0000,NONE,RUNNING
="2026-08-08 17:01:54",64958,592653,0,592653,100000,-0.0142,0.0600,+0.0,+0.0000,NONE,RUNNING
="2026-08-08 17:01:55",64958,592653,0,592653,100000,-0.0142,0.0600,+0.0,+0.0000,NONE,RUNNING
="2026-08-08 17:01:56",64958,592653,0,592653,100000,-0.0142,0.0600,+0.0,+0.0000,NONE,RUNNING
="2026-08-08 17:01:57",64958,592653,0,592653,100000,-0.0142,0.0600,+0.0,+0.0000,NONE,RUNNING
="2026-08-08 17:01:58",64958,592653,0,592653,100000,-0.0142,0.0600,+0.0,+0.0000,NONE,RUNNING
="2026-08-08 17:01:59",64958,65719,0,65719,100000,-0.0142,0.0600,+0.0,+0.0000,NONE,RUNNING
="2026-08-08 17:02:00",64958,0,0,0,100000,-0.0142,0.0600,+0.0,+0.0000,NONE,RUNNING
="2026-08-08 17:02:01",64958,0,0,0,100000,-0.0146,0.0600,+0.0,+0.0000,NONE,RUNNING
="2026-08-08 17:02:02",64958,0,0,0,100000,-0.0027,0.0600,+0.0,+0.0000,NONE,RUNNING
="2026-08-08 17:02:03",64958,0,0,0,100000,-0.0027,0.0600,+0.0,+0.0000,NONE,RUNNING
="2026-08-08 17:02:04",64958,0,0,0,100000,-0.0027,0.0600,+0.0,+0.0000,NONE,RUNNING
="2026-08-08 17:02:05",64958,0,0,0,100000,-0.0026,0.0600,+0.0,+0.0000,NONE,RUNNING
="2026-08-08 17:02:06",64958,0,0,0,100000,-0.0026,0.0600,+0.0,+0.0000,NONE,RUNNING
="2026-08-08 17:02:08",64958,0,0,0,100000,-0.0028,0.0600,+0.0,+0.0000,NONE,RUNNING
="2026-08-08 17:02:09",64958,0,0,0,100000,-0.0028,0.0600,+0.0,+0.0000,NONE,RUNNING
="2026-08-08 17:02:10",64958,0,0,0,100000,-0.0028,0.0600,+0.0,+0.0000,NONE,RUNNING
="2026-08-08 17:03:10",64958,0,0,0,100000,+0.0043,0.0600,+0.0,+0.0000,NONE,RUNNING
="2026-08-08 17:04:10",64958,0,0,0,100000,-0.0008,0.0600,+0.0,+0.0000,NONE,RUNNING
="2026-08-08 17:05:10",64958,0,0,0,100000,+0.0004,0.0600,+0.0,+0.0000,NONE,RUNNING
="2026-08-08 17:06:10",64958,17651,0,17651,100000,+0.0004,0.0600,+0.0,+0.0000,NONE,RUNNING
="2026-08-08 17:07:10",64958,0,0,0,100000,-0.0005,0.0600,+0.0,+0.0000,NONE,RUNNING
="2026-08-08 17:08:10",64958,0,0,0,100000,-0.0026,0.0600,+0.0,+0.0000,NONE,RUNNING
="2026-08-08 17:09:10",64958,111336,111336,0,100000,-0.0012,0.0600,+0.0,+0.0000,NONE,RUNNING
="2026-08-08 17:10:10",64958,35143,35143,0,100000,+0.0005,0.0600,+0.0,+0.0000,NONE,RUNNING
="2026-08-08 17:11:10",64958,0,0,0,100000,-0.0001,0.0600,+0.0,+0.0000,NONE,RUNNING
="2026-08-08 17:12:10",64958,45446,25447,19999,100000,-0.0009,0.0600,+0.0,+0.0000,NONE,RUNNING
="2026-08-08 17:13:10",64965,204828,0,204828,100000,-0.0039,0.0600,+0.0,+0.0000,NONE,RUNNING
="2026-08-08 17:14:10",64965,19981,19981,0,100000,-0.0039,0.0600,+0.0,+0.0000,NONE,RUNNING
="2026-08-08 17:15:10",64966,139808,77340,62467,100000,+0.0009,0.0600,+0.0,+0.0000,NONE,RUNNING
="2026-08-08 17:16:10",64966,19999,0,19999,100000,+0.0012,0.0600,+0.0,+0.0000,NONE,RUNNING
="2026-08-08 17:17:10",64965,0,0,0,100000,-0.0007,0.0600,+0.0,+0.0000,NONE,RUNNING
="2026-08-08 17:18:10",64963,642946,642946,0,100000,+0.0016,0.0600,+0.0,+0.0000,NONE,RUNNING
="2026-08-08 17:19:10",64963,0,0,0,100000,+0.0023,0.0600,+0.0,+0.0000,NONE,RUNNING
="2026-08-08 17:20:10",64963,215433,16434,198998,100000,-0.0013,0.0600,+0.0,+0.0000,NONE,RUNNING
="2026-08-08 17:21:10",64963,0,0,0,100000,-0.0007,0.0600,+0.0,+0.0000,NONE,RUNNING
="2026-08-08 17:22:10",64963,15344,15344,0,100000,+0.0055,0.0600,+0.0,+0.0000,NONE,RUNNING
="2026-08-08 17:23:10",64963,0,0,0,100000,+0.0005,0.0600,+0.0,+0.0000,NONE,RUNNING
="2026-08-08 17:24:10",64963,19488,19488,0,100000,+0.0017,0.0600,+0.0,+0.0000,NONE,RUNNING
="2026-08-08 17:25:10",64963,0,0,0,100000,+0.0001,0.0600,+0.0,+0.0000,NONE,RUNNING
="2026-08-08 17:26:11",64963,0,0,0,100000,-0.0005,0.0600,+0.0,+0.0000,NONE,RUNNING
="2026-08-08 17:27:11",64963,12246,0,12246,100000,+0.0002,0.0600,+0.0,+0.0000,NONE,RUNNING
="2026-08-08 17:28:11",64975,339809,55272,284537,100000,-0.0074,0.0600,+0.0,+0.0000,NONE,RUNNING
="2026-08-08 17:29:11",64975,36707,26311,10396,100000,+0.0015,0.0600,+0.0,+0.0000,NONE,RUNNING
="2026-08-08 17:30:11",64975,0,0,0,100000,+0.0002,0.0600,+0.0,+0.0000,NONE,RUNNING
="2026-08-08 17:31:11",64980,63981,0,63981,100000,-0.0007,0.0600,+0.0,+0.0000,NONE,RUNNING
="2026-08-08 17:32:11",64979,0,0,0,100000,-0.0017,0.0600,+0.0,+0.0000,NONE,RUNNING
="2026-08-08 17:33:11",64979,90971,90971,0,100000,-0.0039,0.0600,+0.0,+0.0000,NONE,RUNNING
="2026-08-08 17:34:11",64992,102331,0,102331,100000,-0.0004,0.0600,+0.0,+0.0000,NONE,RUNNING
="2026-08-08 17:35:11",65006,334190,45504,288686,100000,-0.0039,0.0600,+0.0,+0.0000,NONE,RUNNING
="2026-08-08 17:36:11",65005,845448,758192,87256,100000,-0.0106,0.0600,+0.0,+0.0000,NONE,RUNNING
="2026-08-08 17:37:11",65003,229334,229334,0,100000,+0.0043,0.0600,+0.0,+0.0000,NONE,RUNNING
="2026-08-08 17:38:11",65003,49332,39318,10013,100000,-0.0002,0.0600,+0.0,+0.0000,NONE,RUNNING
="2026-08-08 17:39:11",65003,0,0,0,100000,-0.0016,0.0600,+0.0,+0.0000,NONE,RUNNING
="2026-08-08 17:40:11",65003,25293,11694,13598,100000,-0.0011,0.0600,+0.0,+0.0000,NONE,RUNNING
="2026-08-08 17:41:11",65003,21234,21234,0,100000,-0.0008,0.0600,+0.0,+0.0000,NONE,RUNNING
="2026-08-08 17:42:11",65005,171565,32502,139062,100000,+0.0046,0.0600,+0.0,+0.0000,NONE,RUNNING
="2026-08-08 17:43:11",65005,0,0,0,100000,-0.0057,0.0600,+0.0,+0.0000,NONE,RUNNING
="2026-08-08 17:44:12",65015,899818,0,899818,100000,-0.0026,0.0600,+0.0,+0.0000,NONE,RUNNING
="2026-08-08 17:45:12",65015,32975,32975,0,100000,+0.0014,0.0600,+0.0,+0.0000,NONE,RUNNING
="2026-08-08 17:46:12",65001,351691,319259,32431,100000,+0.0094,0.0600,+0.0,+0.0000,NONE,RUNNING
="2026-08-08 17:46:50",64994,130865,130865,0,100000,+0.0361,0.0600,+0.0,+0.0000,NONE,RUNNING
="2026-08-08 17:46:51",64994,130865,130865,0,100000,+0.0361,0.0600,+0.0,+0.0000,NONE,RUNNING
="2026-08-08 17:46:52",64994,130865,130865,0,100000,+0.0348,0.0600,+0.0,+0.0000,NONE,RUNNING
="2026-08-08 17:46:53",64994,130865,130865,0,100000,+0.0348,0.0600,+0.0,+0.0000,NONE,RUNNING
="2026-08-08 17:46:54",64994,130865,130865,0,100000,+0.0346,0.0600,+0.0,+0.0000,NONE,RUNNING
="2026-08-08 17:46:55",64994,130865,130865,0,100000,+0.0346,0.0600,+0.0,+0.0000,NONE,RUNNING
="2026-08-08 17:46:56",64994,130865,130865,0,100000,+0.0346,0.0600,+0.0,+0.0000,NONE,RUNNING
="2026-08-08 17:46:57",64994,130865,130865,0,100000,+0.0346,0.0600,+0.0,+0.0000,NONE,RUNNING
="2026-08-08 17:46:58",64994,130865,130865,0,100000,+0.0346,0.0600,+0.0,+0.0000,NONE,RUNNING
="2026-08-08 17:46:59",64994,130865,130865,0,100000,+0.0346,0.0600,+0.0,+0.0000,NONE,RUNNING
="2026-08-08 17:47:00",64994,130865,130865,0,100000,+0.0345,0.0600,+0.0,+0.0000,NONE,RUNNING
="2026-08-08 17:47:01",64994,130865,130865,0,100000,+0.0345,0.0600,+0.0,+0.0000,NONE,RUNNING
="2026-08-08 17:47:02",64994,75970,75970,0,100000,+0.0345,0.0600,+0.0,+0.0000,NONE,RUNNING
="2026-08-08 17:47:03",64994,75970,75970,0,100000,+0.0345,0.0600,+0.0,+0.0000,NONE,RUNNING
="2026-08-08 17:47:04",64994,75970,75970,0,100000,+0.0344,0.0600,+0.0,+0.0000,NONE,RUNNING
="2026-08-08 17:47:05",64994,75970,75970,0,100000,+0.0344,0.0600,+0.0,+0.0000,NONE,RUNNING
="2026-08-08 17:47:06",64994,75970,75970,0,100000,+0.0344,0.0600,+0.0,+0.0000,NONE,RUNNING
="2026-08-08 17:47:07",64994,55406,55406,0,100000,+0.0336,0.0600,+0.0,+0.0000,NONE,RUNNING
="2026-08-08 17:47:08",64994,55406,55406,0,100000,+0.0334,0.0600,+0.0,+0.0000,NONE,RUNNING
="2026-08-08 17:47:09",64994,55406,55406,0,100000,+0.0334,0.0600,+0.0,+0.0000,NONE,RUNNING
="2026-08-08 17:47:10",64994,55406,55406,0,100000,+0.0334,0.0600,+0.0,+0.0000,NONE,RUNNING
="2026-08-08 17:47:11",64994,55406,55406,0,100000,+0.0334,0.0600,+0.0,+0.0000,NONE,RUNNING
="2026-08-08 17:47:12",64994,45384,45384,0,100000,+0.0334,0.0600,+0.0,+0.0000,NONE,RUNNING
="2026-08-08 17:47:13",64994,45384,45384,0,100000,+0.0334,0.0600,+0.0,+0.0000,NONE,RUNNING
="2026-08-08 17:47:14",64994,45384,45384,0,100000,+0.0312,0.0600,+0.0,+0.0000,NONE,RUNNING
="2026-08-08 17:47:15",64994,45384,45384,0,100000,+0.0310,0.0600,+0.0,+0.0000,NONE,RUNNING
="2026-08-08 17:47:16",64994,45384,45384,0,100000,+0.0310,0.0600,+0.0,+0.0000,NONE,RUNNING
="2026-08-08 17:47:17",64994,45384,45384,0,100000,+0.0310,0.0600,+0.0,+0.0000,NONE,RUNNING
="2026-08-08 17:47:18",64994,45384,45384,0,100000,+0.0311,0.0600,+0.0,+0.0000,NONE,RUNNING
="2026-08-08 17:47:19",64994,45384,45384,0,100000,+0.0311,0.0600,+0.0,+0.0000,NONE,RUNNING
="2026-08-08 17:47:20",64994,45384,45384,0,100000,+0.0310,0.0600,+0.0,+0.0000,NONE,RUNNING
="2026-08-08 17:47:21",64994,45384,45384,0,100000,+0.0309,0.0600,+0.0,+0.0000,NONE,RUNNING
="2026-08-08 17:47:22",64994,45384,45384,0,100000,+0.0309,0.0600,+0.0,+0.0000,NONE,RUNNING
="2026-08-08 17:47:23",64994,45384,45384,0,100000,+0.0302,0.0600,+0.0,+0.0000,NONE,RUNNING
="2026-08-08 17:47:24",64994,45384,45384,0,100000,+0.0295,0.0600,+0.0,+0.0000,NONE,RUNNING
="2026-08-08 17:47:25",64994,45384,45384,0,100000,+0.0295,0.0600,+0.0,+0.0000,NONE,RUNNING
="2026-08-08 17:47:26",64994,45384,45384,0,100000,+0.0295,0.0600,+0.0,+0.0000,NONE,RUNNING
="2026-08-08 17:47:27",64994,22065,22065,0,100000,+0.0295,0.0600,+0.0,+0.0000,NONE,RUNNING
="2026-08-08 17:47:28",64994,22065,22065,0,100000,+0.0295,0.0600,+0.0,+0.0000,NONE,RUNNING
="2026-08-08 17:47:29",64994,22065,22065,0,100000,+0.0293,0.0600,+0.0,+0.0000,NONE,RUNNING
="2026-08-08 17:47:30",64994,22065,22065,0,100000,+0.0295,0.0600,+0.0,+0.0000,NONE,RUNNING
="2026-08-08 17:47:31",64994,22065,22065,0,100000,+0.0295,0.0600,+0.0,+0.0000,NONE,RUNNING
="2026-08-08 17:47:32",64994,22065,22065,0,100000,+0.0296,0.0600,+0.0,+0.0000,NONE,RUNNING
="2026-08-08 17:47:33",64994,22065,22065,0,100000,+0.0296,0.0600,+0.0,+0.0000,NONE,RUNNING
="2026-08-08 17:47:34",64994,22065,22065,0,100000,+0.0296,0.0600,+0.0,+0.0000,NONE,RUNNING
="2026-08-08 17:47:35",64994,22065,22065,0,100000,+0.0296,0.0600,+0.0,+0.0000,NONE,RUNNING
="2026-08-08 17:47:36",64994,22065,22065,0,100000,+0.0296,0.0600,+0.0,+0.0000,NONE,RUNNING
="2026-08-08 17:47:38",64994,22065,22065,0,100000,+0.0296,0.0600,+0.0,+0.0000,NONE,RUNNING
="2026-08-08 17:47:39",64994,0,0,0,100000,+0.0298,0.0600,+0.0,+0.0000,NONE,RUNNING
="2026-08-08 17:47:40",64994,0,0,0,100000,+0.0298,0.0600,+0.0,+0.0000,NONE,RUNNING
="2026-08-08 17:47:41",64994,0,0,0,100000,+0.0291,0.0600,+0.0,+0.0000,NONE,RUNNING
="2026-08-08 17:47:42",64994,0,0,0,100000,+0.0291,0.0600,+0.0,+0.0000,NONE,RUNNING
="2026-08-08 17:47:43",64994,0,0,0,100000,+0.0291,0.0600,+0.0,+0.0000,NONE,RUNNING
="2026-08-08 17:47:44",64991,10781,10781,0,100000,+0.0291,0.0600,+0.0,+0.0000,NONE,RUNNING
="2026-08-08 17:47:45",64991,10781,10781,0,100000,+0.0291,0.0600,+0.0,+0.0000,NONE,RUNNING
="2026-08-08 17:47:46",64991,10781,10781,0,100000,+0.0286,0.0600,+0.0,+0.0000,NONE,RUNNING
="2026-08-08 17:47:47",64991,10781,10781,0,100000,+0.0286,0.0600,+0.0,+0.0000,NONE,RUNNING
="2026-08-08 17:47:48",64991,10781,10781,0,100000,+0.0286,0.0600,+0.0,+0.0000,NONE,RUNNING
="2026-08-08 17:47:49",64991,10781,10781,0,100000,+0.0284,0.0600,+0.0,+0.0000,NONE,RUNNING
="2026-08-08 17:47:50",64991,10781,10781,0,100000,+0.0284,0.0600,+0.0,+0.0000,NONE,RUNNING
="2026-08-08 17:47:51",64991,10781,10781,0,100000,-0.0025,0.0600,+0.0,+0.0000,NONE,RUNNING
="2026-08-08 17:47:52",64991,10781,10781,0,100000,-0.0025,0.0600,+0.0,+0.0000,NONE,RUNNING
="2026-08-08 17:47:53",64991,10781,10781,0,100000,-0.0025,0.0600,+0.0,+0.0000,NONE,RUNNING
="2026-08-08 17:47:54",64991,10781,10781,0,100000,-0.0023,0.0600,+0.0,+0.0000,NONE,RUNNING
="2026-08-08 17:47:55",64991,10781,10781,0,100000,+0.0004,0.0600,+0.0,+0.0000,NONE,RUNNING
="2026-08-08 17:47:56",64991,10781,10781,0,100000,+0.0004,0.0600,+0.0,+0.0000,NONE,RUNNING
="2026-08-08 17:47:57",64991,10781,10781,0,100000,+0.0004,0.0600,+0.0,+0.0000,NONE,RUNNING
="2026-08-08 17:47:58",64991,10781,10781,0,100000,+0.0004,0.0600,+0.0,+0.0000,NONE,RUNNING
="2026-08-08 17:47:59",64991,10781,10781,0,100000,+0.0004,0.0600,+0.0,+0.0000,NONE,RUNNING
="2026-08-08 17:48:00",64991,10781,10781,0,100000,+0.0005,0.0600,+0.0,+0.0000,NONE,RUNNING
="2026-08-08 17:48:01",64991,10781,10781,0,100000,+0.0013,0.0600,+0.0,+0.0000,NONE,RUNNING
="2026-08-08 17:48:02",64991,10781,10781,0,100000,+0.0013,0.0600,+0.0,+0.0000,NONE,RUNNING
="2026-08-08 17:48:03",64991,10781,10781,0,100000,+0.0013,0.0600,+0.0,+0.0000,NONE,RUNNING
="2026-08-08 17:48:04",64991,10781,10781,0,100000,+0.0012,0.0600,+0.0,+0.0000,NONE,RUNNING
="2026-08-08 17:48:05",64991,10781,10781,0,100000,+0.0012,0.0600,+0.0,+0.0000,NONE,RUNNING
="2026-08-08 17:48:06",64991,10781,10781,0,100000,+0.0013,0.0600,+0.0,+0.0000,NONE,RUNNING
="2026-08-08 17:48:07",64991,10781,10781,0,100000,+0.0013,0.0600,+0.0,+0.0000,NONE,RUNNING
="2026-08-08 17:48:08",64991,10781,10781,0,100000,+0.0010,0.0600,+0.0,+0.0000,NONE,RUNNING
="2026-08-08 17:48:09",64991,10781,10781,0,100000,+0.0012,0.0600,+0.0,+0.0000,NONE,RUNNING
="2026-08-08 17:48:10",64991,10781,10781,0,100000,+0.0012,0.0600,+0.0,+0.0000,NONE,RUNNING
="2026-08-08 17:48:11",64991,10781,10781,0,100000,+0.0012,0.0600,+0.0,+0.0000,NONE,RUNNING
="2026-08-08 17:49:11",64991,0,0,0,100000,-0.0016,0.0600,+0.0,+0.0000,NONE,RUNNING
="2026-08-08 17:50:11",64992,12998,12998,0,100000,-0.0006,0.0600,+0.0,+0.0000,NONE,RUNNING
="2026-08-08 17:51:11",64992,38528,0,38528,100000,-0.0001,0.0600,+0.0,+0.0000,NONE,RUNNING
="2026-08-08 17:52:11",64992,22941,0,22941,100000,+0.0013,0.0600,+0.0,+0.0000,NONE,RUNNING
="2026-08-08 17:53:11",64992,17563,17563,0,100000,+0.0023,0.0600,+0.0,+0.0000,NONE,RUNNING
="2026-08-08 17:54:11",64992,0,0,0,100000,+0.0005,0.0600,+0.0,+0.0000,NONE,RUNNING
="2026-08-08 17:55:11",64992,0,0,0,100000,+0.0064,0.0600,+0.0,+0.0000,NONE,RUNNING
="2026-08-08 17:56:11",64992,0,0,0,100000,+0.0002,0.0600,+0.0,+0.0000,NONE,RUNNING
="2026-08-08 17:57:11",64992,0,0,0,100000,+0.0011,0.0600,+0.0,+0.0000,NONE,RUNNING
="2026-08-08 17:58:11",64992,16779,16779,0,100000,+0.0005,0.0600,+0.0,+0.0000,NONE,RUNNING
="2026-08-08 17:59:12",64992,154584,11601,142982,100000,-0.0007,0.0600,+0.0,+0.0000,NONE,RUNNING
="2026-08-08 18:00:12",64994,509823,11458,498365,100000,+0.0005,0.0600,+0.0,+0.0000,NONE,RUNNING
="2026-08-08 18:01:12",64997,0,0,0,100000,-0.0042,0.0600,+0.0,+0.0000,NONE,RUNNING
="2026-08-08 18:02:12",64997,0,0,0,100000,-0.0016,0.0600,+0.0,+0.0000,NONE,RUNNING
="2026-08-08 18:03:12",64997,16320,0,16320,100000,-0.0034,0.0600,+0.0,+0.0000,NONE,RUNNING
="2026-08-08 18:04:12",65003,95274,30684,64590,100000,+0.0014,0.0600,+0.0,+0.0000,NONE,RUNNING
="2026-08-08 18:05:12",64996,1167276,1037268,130008,100000,+0.0008,0.0600,+0.0,+0.0000,NONE,RUNNING
="2026-08-08 18:06:12",64996,18180,18180,0,100000,-0.0007,0.0600,+0.0,+0.0000,NONE,RUNNING
="2026-08-08 18:07:12",64996,0,0,0,100000,-0.0006,0.0600,+0.0,+0.0000,NONE,RUNNING
="2026-08-08 18:08:12",64996,0,0,0,100000,-0.0002,0.0600,+0.0,+0.0000,NONE,RUNNING
="2026-08-08 18:09:12",64996,293073,0,293073,100000,-0.0000,0.0600,+0.0,+0.0000,NONE,RUNNING
="2026-08-08 18:10:12",64996,368505,45497,323008,100000,-0.0005,0.0600,+0.0,+0.0000,NONE,RUNNING
="2026-08-08 18:11:12",64996,0,0,0,100000,-0.0010,0.0600,+0.0,+0.0000,NONE,RUNNING
="2026-08-08 18:12:12",64996,0,0,0,100000,+0.0005,0.0600,+0.0,+0.0000,NONE,RUNNING
="2026-08-08 18:13:12",64998,36400,0,36400,100000,-0.0017,0.0600,+0.0,+0.0000,NONE,RUNNING
="2026-08-08 18:14:12",64998,543365,237058,306306,100000,-0.0013,0.0600,+0.0,+0.0000,NONE,RUNNING
="2026-08-08 18:15:13",65007,813610,0,813610,100000,-0.0004,0.0600,+0.0,+0.0000,NONE,RUNNING
="2026-08-08 18:16:13",65009,130059,0,130059,100000,+0.0029,0.0600,+0.0,+0.0000,NONE,RUNNING
="2026-08-08 18:17:13",65019,151547,0,151547,100000,+0.0024,0.0600,+0.0,+0.0000,NONE,RUNNING
="2026-08-08 18:18:13",65022,90045,0,90045,100000,+0.0019,0.0600,+0.0,+0.0000,NONE,RUNNING
="2026-08-08 18:19:13",65022,120056,0,120056,100000,+0.0013,0.0600,+0.0,+0.0000,NONE,RUNNING
="2026-08-08 18:20:13",65022,190227,29910,160317,100000,+0.0016,0.0600,+0.0,+0.0000,NONE,RUNNING
="2026-08-08 18:21:13",65022,239115,39013,200101,100000,+0.0037,0.0600,+0.0,+0.0000,NONE,RUNNING
="2026-08-08 18:22:13",65019,427235,217130,210104,100000,+0.0161,0.0600,+0.0,+0.0000,NONE,RUNNING
="2026-08-08 18:23:13",65019,368868,0,368868,100000,+0.0023,0.0600,+0.0,+0.0000,NONE,RUNNING
="2026-08-08 18:24:13",65019,190097,0,190097,100000,+0.0027,0.0600,+0.0,+0.0000,NONE,RUNNING
="2026-08-08 18:25:13",65019,217880,36375,181504,100000,+0.0012,0.0600,+0.0,+0.0000,NONE,RUNNING
="2026-08-08 18:26:13",65019,210110,0,210110,100000,+0.0034,0.0600,+0.0,+0.0000,NONE,RUNNING
="2026-08-08 18:27:13",65020,160084,0,160084,100000,+0.0053,0.0600,+0.0,+0.0000,NONE,RUNNING
="2026-08-08 18:28:13",65022,120060,0,120060,100000,+0.0047,0.0600,+0.0,+0.0000,NONE,RUNNING
="2026-08-08 18:29:13",65022,480243,290147,190096,100000,+0.0035,0.0600,+0.0,+0.0000,NONE,RUNNING
="2026-08-08 18:30:13",65020,1144940,922839,222100,100000,+0.0025,0.0600,+0.0,+0.0000,NONE,RUNNING
="2026-08-08 18:31:13",65023,728769,140737,588031,100000,+0.0154,0.0600,+0.0,+0.0000,NONE,RUNNING
="2026-08-08 18:32:13",65023,210108,0,210108,100000,+0.0052,0.0600,+0.0,+0.0000,NONE,RUNNING
="2026-08-08 18:33:13",65029,165325,0,165325,100000,+0.0089,0.0600,+0.0,+0.0000,NONE,RUNNING
="2026-08-08 18:34:13",65007,849922,639842,210079,100000,+0.0178,0.0600,+0.0,+0.0000,NONE,RUNNING
="2026-08-08 18:35:14",65007,530676,232155,298520,100000,+0.0002,0.0600,+0.0,+0.0000,NONE,RUNNING
="2026-08-08 18:36:14",65007,240210,50133,190076,100000,-0.0016,0.0600,+0.0,+0.0000,NONE,RUNNING
="2026-08-08 18:37:14",65007,277439,77359,200080,100000,-0.0004,0.0600,+0.0,+0.0000,NONE,RUNNING
="2026-08-08 18:38:14",65007,237955,0,237955,100000,-0.0001,0.0600,+0.0,+0.0000,NONE,RUNNING
="2026-08-08 18:39:14",65014,1028411,96805,931605,100000,+0.0015,0.0600,+0.0,+0.0000,NONE,RUNNING
="2026-08-08 18:40:14",65015,848027,0,848027,100000,+0.0010,0.0600,+0.0,+0.0000,NONE,RUNNING
="2026-08-08 18:41:14",65015,399916,120839,279076,100000,+0.0027,0.0600,+0.0,+0.0000,NONE,RUNNING
="2026-08-08 18:42:14",65012,120824,67823,53000,100000,+0.0027,0.0600,+0.0,+0.0000,NONE,RUNNING
="2026-08-08 18:43:14",65012,213208,23104,190103,100000,+0.0035,0.0600,+0.0,+0.0000,NONE,RUNNING
="2026-08-08 18:44:14",65012,214311,14202,200108,100000,-0.0063,0.0600,+0.0,+0.0000,NONE,RUNNING
="2026-08-08 18:45:14",65012,180097,0,180097,100000,-0.0002,0.0600,+0.0,+0.0000,NONE,RUNNING
="2026-08-08 18:46:14",65012,195559,84516,111043,100000,+0.0017,0.0600,+0.0,+0.0000,NONE,RUNNING
="2026-08-08 18:47:14",65013,270822,116006,154816,100000,-0.0013,0.0600,+0.0,+0.0000,NONE,RUNNING
="2026-08-08 18:48:14",65013,274122,69155,204966,100000,-0.0007,0.0600,+0.0,+0.0000,NONE,RUNNING
="2026-08-08 18:49:14",65008,185365,147870,37494,100000,+0.0057,0.0600,+0.0,+0.0000,NONE,RUNNING
="2026-08-08 18:50:14",64997,220947,138440,82506,100000,-0.0158,0.0600,+0.0,+0.0000,NONE,RUNNING
="2026-08-08 18:51:14",64997,279259,279259,0,100000,-0.0005,0.0600,+0.0,+0.0000,NONE,RUNNING
="2026-08-08 18:52:14",64996,0,0,0,100000,-0.0064,0.0600,+0.0,+0.0000,NONE,RUNNING
="2026-08-08 18:53:14",64992,70436,70436,0,100000,-0.0019,0.0600,+0.0,+0.0000,NONE,RUNNING
="2026-08-08 18:54:14",64992,343570,0,343570,100000,-0.0035,0.0600,+0.0,+0.0000,NONE,RUNNING
="2026-08-08 18:55:15",64992,47468,28980,18487,100000,-0.0035,0.0600,+0.0,+0.0000,NONE,RUNNING
="2026-08-08 18:56:15",64994,127537,20613,106924,100000,-0.0061,0.0600,+0.0,+0.0000,NONE,RUNNING
="2026-08-08 18:57:15",64994,0,0,0,100000,-0.0019,0.0600,+0.0,+0.0000,NONE,RUNNING
="2026-08-08 18:58:15",64994,100769,10032,90737,100000,+0.0019,0.0600,+0.0,+0.0000,NONE,RUNNING
="2026-08-08 18:59:15",64994,18000,18000,0,100000,+0.0005,0.0600,+0.0,+0.0000,NONE,RUNNING
="2026-08-08 19:00:15",64994,0,0,0,100000,-0.0026,0.0600,+0.0,+0.0000,NONE,RUNNING
="2026-08-08 19:01:15",64994,29610,0,29610,100000,+0.0000,0.0600,+0.0,+0.0000,NONE,RUNNING
="2026-08-08 19:02:15",64994,0,0,0,100000,+0.0004,0.0600,+0.0,+0.0000,NONE,RUNNING
="2026-08-08 19:03:15",64994,0,0,0,100000,+0.0037,0.0600,+0.0,+0.0000,NONE,RUNNING
="2026-08-08 19:04:15",64994,0,0,0,100000,+0.0002,0.0600,+0.0,+0.0000,NONE,RUNNING
="2026-08-08 19:05:15",64994,16898,16898,0,100000,+0.0010,0.0600,+0.0,+0.0000,NONE,RUNNING
="2026-08-08 19:06:15",64994,0,0,0,100000,-0.0003,0.0600,+0.0,+0.0000,NONE,RUNNING
="2026-08-08 19:07:15",64994,17949,17949,0,100000,-0.0037,0.0600,+0.0,+0.0000,NONE,RUNNING
="2026-08-08 19:08:15",64994,0,0,0,100000,-0.0007,0.0600,+0.0,+0.0000,NONE,RUNNING
="2026-08-08 19:09:15",65003,555615,13000,542614,100000,-0.0098,0.0600,+0.0,+0.0000,NONE,RUNNING
="2026-08-08 19:10:15",65008,16252,0,16252,100000,+0.0023,0.0600,+0.0,+0.0000,NONE,RUNNING
="2026-08-08 19:11:15",65008,33300,0,33300,100000,+0.0029,0.0600,+0.0,+0.0000,NONE,RUNNING
="2026-08-08 19:12:15",65008,0,0,0,100000,-0.0013,0.0600,+0.0,+0.0000,NONE,RUNNING
="2026-08-08 19:13:15",65008,12999,0,12999,100000,-0.0001,0.0600,+0.0,+0.0000,NONE,RUNNING
="2026-08-08 19:14:16",65002,282962,282962,0,100000,-0.0006,0.0600,+0.0,+0.0000,NONE,RUNNING
="2026-08-08 19:15:16",64996,263056,263056,0,100000,+0.0080,0.0600,+0.0,+0.0000,NONE,RUNNING
="2026-08-08 19:16:16",64998,81097,0,81097,100000,+0.0002,0.0600,+0.0,+0.0000,NONE,RUNNING
="2026-08-08 19:17:16",64998,65913,36018,29894,100000,-0.0005,0.0600,+0.0,+0.0000,NONE,RUNNING
="2026-08-08 19:18:16",64998,0,0,0,100000,+0.0029,0.0600,+0.0,+0.0000,NONE,RUNNING
="2026-08-08 19:19:16",64998,0,0,0,100000,+0.0003,0.0600,+0.0,+0.0000,NONE,RUNNING
="2026-08-08 19:20:16",64998,0,0,0,100000,+0.0049,0.0600,+0.0,+0.0000,NONE,RUNNING
="2026-08-08 19:21:16",64998,47726,47726,0,100000,+0.0030,0.0600,+0.0,+0.0000,NONE,RUNNING
="2026-08-08 19:22:16",64998,47727,47727,0,100000,+0.0019,0.0600,+0.0,+0.0000,NONE,RUNNING
="2026-08-08 19:23:16",64998,25635,25635,0,100000,-0.0005,0.0600,+0.0,+0.0000,NONE,RUNNING
="2026-08-08 19:24:16",65003,26597,0,26597,100000,+0.0206,0.0600,+0.0,+0.0000,NONE,RUNNING
="2026-08-08 19:25:16",65008,0,0,0,100000,+0.0006,0.0600,+0.0,+0.0000,NONE,RUNNING
="2026-08-08 19:26:16",65008,0,0,0,100000,-0.0008,0.0600,+0.0,+0.0000,NONE,RUNNING
="2026-08-08 19:27:16",65008,0,0,0,100000,-0.0027,0.0600,+0.0,+0.0000,NONE,RUNNING
="2026-08-08 19:28:16",65008,0,0,0,100000,+0.0011,0.0600,+0.0,+0.0000,NONE,RUNNING
="2026-08-08 19:29:16",65015,0,0,0,100000,-0.0063,0.0600,+0.0,+0.0000,NONE,RUNNING
="2026-08-08 19:30:16",65021,96808,96808,0,100000,-0.0012,0.0600,+0.0,+0.0000,NONE,RUNNING
="2026-08-08 19:31:17",65021,0,0,0,100000,+0.0018,0.0600,+0.0,+0.0000,NONE,RUNNING
="2026-08-08 19:32:17",65021,0,0,0,100000,+0.0015,0.0600,+0.0,+0.0000,NONE,RUNNING
="2026-08-08 19:33:17",65021,0,0,0,100000,+0.0027,0.0600,+0.0,+0.0000,NONE,RUNNING
="2026-08-08 19:34:17",65021,0,0,0,100000,+0.0001,0.0600,+0.0,+0.0000,NONE,RUNNING
="2026-08-08 19:35:17",65021,0,0,0,100000,+0.0086,0.0600,+0.0,+0.0000,NONE,RUNNING
="2026-08-08 19:36:17",65021,130042,130042,0,100000,+0.0013,0.0600,+0.0,+0.0000,NONE,RUNNING
="2026-08-08 19:37:17",65021,113576,0,113576,100000,+0.0033,0.0600,+0.0,+0.0000,NONE,RUNNING
="2026-08-08 19:38:17",65015,220832,220832,0,100000,+0.0048,0.0600,+0.0,+0.0000,NONE,RUNNING
="2026-08-08 19:39:17",65015,366720,0,366720,100000,+0.0012,0.0600,+0.0,+0.0000,NONE,RUNNING
="2026-08-08 19:40:17",65022,522733,26006,496726,100000,-0.0055,0.0600,+0.0,+0.0000,NONE,RUNNING
="2026-08-08 19:41:17",65013,408032,408032,0,100000,-0.0005,0.0600,+0.0,+0.0000,NONE,RUNNING
="2026-08-08 19:42:17",65010,220204,220204,0,100000,-0.0026,0.0600,+0.0,+0.0000,NONE,RUNNING
="2026-08-08 19:43:17",65010,39656,39656,0,100000,-0.0007,0.0600,+0.0,+0.0000,NONE,RUNNING
="2026-08-08 19:44:17",65010,96938,96938,0,100000,-0.0030,0.0600,+0.0,+0.0000,NONE,RUNNING
="2026-08-08 19:45:17",65010,32088,20719,11368,100000,-0.0019,0.0600,+0.0,+0.0000,NONE,RUNNING
="2026-08-08 19:46:17",65010,0,0,0,100000,-0.0014,0.0600,+0.0,+0.0000,NONE,RUNNING
="2026-08-08 19:47:17",65010,15523,0,15523,100000,+0.0005,0.0600,+0.0,+0.0000,NONE,RUNNING
="2026-08-08 19:48:17",65010,10804,0,10804,100000,+0.0005,0.0600,+0.0,+0.0000,NONE,RUNNING
="2026-08-08 19:49:17",65010,114301,99999,14302,100000,+0.0001,0.0600,+0.0,+0.0000,NONE,RUNNING
="2026-08-08 19:50:17",65010,0,0,0,100000,+0.0025,0.0600,+0.0,+0.0000,NONE,RUNNING
="2026-08-08 19:51:17",65010,0,0,0,100000,+0.0016,0.0600,+0.0,+0.0000,NONE,RUNNING
="2026-08-08 19:52:18",65010,0,0,0,100000,+0.0002,0.0600,+0.0,+0.0000,NONE,RUNNING
="2026-08-08 19:53:18",65010,0,0,0,100000,+0.0005,0.0600,+0.0,+0.0000,NONE,RUNNING
="2026-08-08 19:54:18",65012,425863,242264,183599,100000,+0.0017,0.0600,+0.0,+0.0000,NONE,RUNNING
="2026-08-08 19:55:18",65010,943542,943542,0,100000,+0.0008,0.0600,+0.0,+0.0000,NONE,RUNNING
="2026-08-08 19:56:18",65010,0,0,0,100000,+0.0015,0.0600,+0.0,+0.0000,NONE,RUNNING
="2026-08-08 19:57:18",65010,159859,118968,40891,100000,+0.0002,0.0600,+0.0,+0.0000,NONE,RUNNING
="2026-08-08 19:58:18",65010,21985,21985,0,100000,+0.0010,0.0600,+0.0,+0.0000,NONE,RUNNING
="2026-08-08 19:59:18",65010,168827,113901,54926,100000,+0.0004,0.0600,+0.0,+0.0000,NONE,RUNNING
="2026-08-08 20:00:18",65005,263342,263342,0,100000,+0.0051,0.0600,+0.0,+0.0000,NONE,RUNNING
="2026-08-08 20:01:18",65005,0,0,0,100000,+0.0008,0.0600,+0.0,+0.0000,NONE,RUNNING
="2026-08-08 20:02:18",65005,0,0,0,100000,+0.0015,0.0600,+0.0,+0.0000,NONE,RUNNING
="2026-08-08 20:03:18",65005,0,0,0,100000,+0.0024,0.0600,+0.0,+0.0000,NONE,RUNNING
="2026-08-08 20:04:18",65002,668849,470182,198667,100000,-0.0025,0.0600,+0.0,+0.0000,NONE,RUNNING
="2026-08-08 20:05:18",65001,673580,245732,427848,100000,+0.0016,0.0600,+0.0,+0.0000,NONE,RUNNING
="2026-08-08 20:06:18",65001,134757,27946,106811,100000,+0.0004,0.0600,+0.0,+0.0000,NONE,RUNNING
="2026-08-08 20:07:18",65001,197139,197139,0,100000,+0.0001,0.0600,+0.0,+0.0000,NONE,RUNNING
="2026-08-08 20:08:18",65001,13513,0,13513,100000,+0.0011,0.0600,+0.0,+0.0000,NONE,RUNNING
="2026-08-08 20:09:18",65001,316571,0,316571,100000,-0.0006,0.0600,+0.0,+0.0000,NONE,RUNNING
="2026-08-08 20:10:19",65006,755024,0,755024,100000,-0.0007,0.0600,+0.0,+0.0000,NONE,RUNNING
="2026-08-08 20:11:19",65024,234677,86109,148567,100000,-0.0004,0.0600,+0.0,+0.0000,NONE,RUNNING
="2026-08-08 20:12:19",65021,102086,102086,0,100000,-0.0137,0.0600,+0.0,+0.0000,NONE,RUNNING
="2026-08-08 20:13:19",65018,20806,20806,0,100000,+0.0010,0.0600,+0.0,+0.0000,NONE,RUNNING
="2026-08-08 20:14:19",65018,0,0,0,100000,-0.0009,0.0600,+0.0,+0.0000,NONE,RUNNING
="2026-08-08 20:15:19",65018,0,0,0,100000,+0.0002,0.0600,+0.0,+0.0000,NONE,RUNNING
="2026-08-08 20:16:19",65000,183812,183812,0,100000,-0.0002,0.0600,+0.0,+0.0000,NONE,RUNNING
="2026-08-08 20:17:19",65000,0,0,0,100000,-0.0005,0.0600,+0.0,+0.0000,NONE,RUNNING
="2026-08-08 20:18:19",65000,0,0,0,100000,-0.0048,0.0600,+0.0,+0.0000,NONE,RUNNING
="2026-08-08 20:19:19",65000,13520,13520,0,100000,-0.0018,0.0600,+0.0,+0.0000,NONE,RUNNING
="2026-08-08 20:20:19",64989,278035,278035,0,100000,+0.0028,0.0600,+0.0,+0.0000,NONE,RUNNING
="2026-08-08 20:21:19",64989,49948,49948,0,100000,-0.0010,0.0600,+0.0,+0.0000,NONE,RUNNING
="2026-08-08 20:22:19",64984,95318,95318,0,100000,-0.0017,0.0600,+0.0,+0.0000,NONE,RUNNING
="2026-08-08 20:23:19",64984,18780,18780,0,100000,+0.0045,0.0600,+0.0,+0.0000,NONE,RUNNING
="2026-08-08 20:24:19",64978,87066,59837,27228,100000,+0.0050,0.0600,+0.0,+0.0000,NONE,RUNNING
="2026-08-08 20:25:19",64978,0,0,0,100000,+0.0007,0.0600,+0.0,+0.0000,NONE,RUNNING
="2026-08-08 20:26:19",64978,372919,372919,0,100000,-0.0009,0.0600,+0.0,+0.0000,NONE,RUNNING
="2026-08-08 20:27:19",64973,581615,581615,0,100000,+0.0014,0.0600,+0.0,+0.0000,NONE,RUNNING
="2026-08-08 20:28:19",64973,268708,268708,0,100000,-0.0008,0.0600,+0.0,+0.0000,NONE,RUNNING
="2026-08-08 20:29:19",64973,144686,50662,94023,100000,-0.0115,0.0600,+0.0,+0.0000,NONE,RUNNING
="2026-08-08 20:30:20",64973,110002,110002,0,100000,-0.0015,0.0600,+0.0,+0.0000,NONE,RUNNING
="2026-08-08 20:31:20",64970,68165,68165,0,100000,+0.0038,0.0600,+0.0,+0.0000,NONE,RUNNING
="2026-08-08 20:32:20",64970,325643,325643,0,100000,+0.0171,0.0600,+0.0,+0.0000,NONE,RUNNING
="2026-08-08 20:33:20",64970,120415,0,120415,100000,-0.0026,0.0600,+0.0,+0.0000,NONE,RUNNING
="2026-08-08 20:34:20",64971,92744,65006,27738,100000,+0.0112,0.0600,+0.0,+0.0000,NONE,RUNNING
="2026-08-08 20:35:20",64971,11822,11822,0,100000,-0.0025,0.0600,+0.0,+0.0000,NONE,RUNNING
="2026-08-08 20:36:20",64970,104601,104601,0,100000,+0.0014,0.0600,+0.0,+0.0000,NONE,RUNNING
="2026-08-08 20:37:20",64970,173753,160835,12917,100000,-0.0004,0.0600,+0.0,+0.0000,NONE,RUNNING
="2026-08-08 20:38:20",64970,38982,38982,0,100000,-0.0011,0.0600,+0.0,+0.0000,NONE,RUNNING
="2026-08-08 20:39:20",64970,14293,14293,0,100000,+0.0037,0.0600,+0.0,+0.0000,NONE,RUNNING
="2026-08-08 20:40:20",64970,0,0,0,100000,-0.0007,0.0600,+0.0,+0.0000,NONE,RUNNING
="2026-08-08 20:41:20",64970,0,0,0,100000,+0.0014,0.0600,+0.0,+0.0000,NONE,RUNNING
="2026-08-08 20:42:20",64970,52756,52756,0,100000,-0.0006,0.0600,+0.0,+0.0000,NONE,RUNNING
="2026-08-08 20:43:20",64970,10156,10156,0,100000,-0.0027,0.0600,+0.0,+0.0000,NONE,RUNNING
="2026-08-08 20:44:20",64970,373803,373803,0,100000,+0.0010,0.0600,+0.0,+0.0000,NONE,RUNNING
="2026-08-08 20:45:20",64962,138909,138909,0,100000,+0.0022,0.0600,+0.0,+0.0000,NONE,RUNNING
="2026-08-08 20:46:20",64957,219488,182528,36959,100000,+0.0023,0.0600,+0.0,+0.0000,NONE,RUNNING
="2026-08-08 20:47:20",64957,243358,151066,92292,100000,-0.0036,0.0600,+0.0,+0.0000,NONE,RUNNING
="2026-08-08 20:48:20",64957,70044,40689,29354,100000,-0.0020,0.0600,+0.0,+0.0000,NONE,RUNNING
="2026-08-08 20:49:20",64957,104248,104248,0,100000,+0.0011,0.0600,+0.0,+0.0000,NONE,RUNNING
="2026-08-08 20:50:20",64957,0,0,0,100000,+0.0012,0.0600,+0.0,+0.0000,NONE,RUNNING
="2026-08-08 20:51:20",64957,225294,225294,0,100000,-0.0011,0.0600,+0.0,+0.0000,NONE,RUNNING
="2026-08-08 20:52:21",64957,0,0,0,100000,-0.0051,0.0600,+0.0,+0.0000,NONE,RUNNING
="2026-08-08 20:53:21",64964,692880,97414,595465,100000,-0.0028,0.0600,+0.0,+0.0000,NONE,RUNNING
="2026-08-08 20:54:21",64964,0,0,0,100000,-0.0012,0.0600,+0.0,+0.0000,NONE,RUNNING
="2026-08-08 20:55:21",64964,0,0,0,100000,+0.0021,0.0600,+0.0,+0.0000,NONE,RUNNING
="2026-08-08 20:56:21",64964,35504,35504,0,100000,-0.0012,0.0600,+0.0,+0.0000,NONE,RUNNING
="2026-08-08 20:57:21",64964,0,0,0,100000,+0.0025,0.0600,+0.0,+0.0000,NONE,RUNNING
="2026-08-08 20:58:21",64965,36050,0,36050,100000,-0.0089,0.0600,+0.0,+0.0000,NONE,RUNNING
="2026-08-08 20:59:21",64965,0,0,0,100000,-0.0006,0.0600,+0.0,+0.0000,NONE,RUNNING
="2026-08-08 21:00:21",64967,251694,191829,59865,100000,+0.0036,0.0600,+0.0,+0.0000,NONE,RUNNING
="2026-08-08 21:01:21",64962,250139,250139,0,100000,+0.0050,0.0600,+0.0,+0.0000,NONE,RUNNING
="2026-08-08 21:02:21",64962,0,0,0,100000,+0.0041,0.0600,+0.0,+0.0000,NONE,RUNNING
="2026-08-08 21:03:21",64962,0,0,0,100000,+0.0047,0.0600,+0.0,+0.0000,NONE,RUNNING
="2026-08-08 21:04:21",64958,82059,82059,0,100000,-0.0048,0.0600,+0.0,+0.0000,NONE,RUNNING
="2026-08-08 21:05:21",64958,0,0,0,100000,-0.0010,0.0600,+0.0,+0.0000,NONE,RUNNING
="2026-08-08 21:06:21",64958,14586,14586,0,100000,+0.0102,0.0600,+0.0,+0.0000,NONE,RUNNING
="2026-08-08 21:07:21",64942,216183,216183,0,100000,+0.0077,0.0600,+0.0,+0.0000,NONE,RUNNING
="2026-08-08 21:08:21",64925,192508,192508,0,100000,-0.0057,0.0600,+0.0,+0.0000,NONE,RUNNING
="2026-08-08 21:09:21",64925,191362,18032,173330,100000,-0.0018,0.0600,+0.0,+0.0000,NONE,RUNNING
="2026-08-08 21:10:22",64929,243758,80516,163242,100000,-0.0127,0.0600,+0.0,+0.0000,NONE,RUNNING
="2026-08-08 21:11:22",64932,86499,64945,21553,100000,+0.0038,0.0600,+0.0,+0.0000,NONE,RUNNING
="2026-08-08 21:12:22",64932,510489,510489,0,100000,-0.0034,0.0600,+0.0,+0.0000,NONE,RUNNING
="2026-08-08 21:13:22",64941,213325,52796,160528,100000,-0.0026,0.0600,+0.0,+0.0000,NONE,RUNNING
="2026-08-08 21:14:22",64973,426279,335940,90339,100000,-0.0182,0.0600,+0.0,+0.0000,NONE,RUNNING
="2026-08-08 21:15:22",65007,347702,0,347702,100000,-0.0071,0.0600,+0.0,+0.0000,NONE,RUNNING
="2026-08-08 21:16:22",65045,926939,256122,670816,100000,+0.0180,0.0600,+0.0,+0.0000,NONE,RUNNING
="2026-08-08 21:17:22",65037,59919,19999,39919,100000,+0.0039,0.0600,+0.0,+0.0000,NONE,RUNNING
="2026-08-08 21:18:22",65038,213376,86706,126669,100000,+0.0052,0.0600,+0.0,+0.0000,NONE,RUNNING
="2026-08-08 21:19:22",65027,271805,226625,45179,100000,-0.0006,0.0600,+0.0,+0.0000,NONE,RUNNING
="2026-08-08 21:20:22",65002,323372,284368,39004,100000,-0.0032,0.0600,+0.0,+0.0000,NONE,RUNNING
="2026-08-08 21:21:22",64997,185681,185681,0,100000,-0.0013,0.0600,+0.0,+0.0000,NONE,RUNNING
="2026-08-08 21:22:22",64987,144561,114064,30497,100000,+0.0002,0.0600,+0.0,+0.0000,NONE,RUNNING
="2026-08-08 21:23:22",64987,37201,37201,0,100000,-0.0005,0.0600,+0.0,+0.0000,NONE,RUNNING
="2026-08-08 21:24:22",64987,0,0,0,100000,+0.0010,0.0600,+0.0,+0.0000,NONE,RUNNING
="2026-08-08 21:25:22",64987,25886,25886,0,100000,-0.0004,0.0600,+0.0,+0.0000,NONE,RUNNING
="2026-08-08 21:26:22",64985,255827,235827,19999,100000,+0.0067,0.0600,+0.0,+0.0000,NONE,RUNNING
="2026-08-08 21:27:22",64974,95554,95554,0,100000,-0.0028,0.0600,+0.0,+0.0000,NONE,RUNNING
="2026-08-08 21:28:23",64974,48080,32486,15593,100000,-0.0001,0.0600,+0.0,+0.0000,NONE,RUNNING
="2026-08-08 21:29:23",64974,0,0,0,100000,-0.0009,0.0600,+0.0,+0.0000,NONE,RUNNING
="2026-08-08 21:30:23",64986,509029,32487,476542,100000,-0.0123,0.0600,+0.0,+0.0000,NONE,RUNNING
="2026-08-08 21:31:23",64986,0,0,0,100000,-0.0030,0.0600,+0.0,+0.0000,NONE,RUNNING
="2026-08-08 21:32:23",64986,19905,19905,0,100000,-0.0014,0.0600,+0.0,+0.0000,NONE,RUNNING
="2026-08-08 21:33:23",64986,0,0,0,100000,-0.0144,0.0600,+0.0,+0.0000,NONE,RUNNING
="2026-08-08 21:34:23",64986,0,0,0,100000,-0.0014,0.0600,+0.0,+0.0000,NONE,RUNNING
="2026-08-08 21:35:23",64999,124688,0,124688,100000,-0.0257,0.0600,+0.0,+0.0000,NONE,RUNNING
="2026-08-08 21:36:23",64999,0,0,0,100000,-0.0056,0.0600,+0.0,+0.0000,NONE,RUNNING
="2026-08-08 21:37:23",65000,0,0,0,100000,-0.0011,0.0600,+0.0,+0.0000,NONE,RUNNING
="2026-08-08 21:38:23",65002,126119,126119,0,100000,-0.0195,0.0600,+0.0,+0.0000,NONE,RUNNING
="2026-08-08 21:39:23",65010,24051,0,24051,100000,-0.0158,0.0600,+0.0,+0.0000,NONE,RUNNING
="2026-08-08 21:40:23",65018,30475,0,30475,100000,-0.0094,0.0600,+0.0,+0.0000,NONE,RUNNING
="2026-08-08 21:41:23",65019,79374,20022,59352,100000,-0.0001,0.0600,+0.0,+0.0000,NONE,RUNNING
="2026-08-08 21:42:23",65023,10531,0,10531,100000,+0.0188,0.0600,+0.0,+0.0000,NONE,RUNNING
="2026-08-08 21:43:23",65023,24316,24316,0,100000,-0.0001,0.0600,+0.0,+0.0000,NONE,RUNNING
="2026-08-08 21:44:23",65005,892176,692760,199415,100000,-0.0042,0.0600,+0.0,+0.0000,NONE,RUNNING
="2026-08-08 21:45:23",65005,11582,0,11582,100000,-0.0015,0.0600,+0.0,+0.0000,NONE,RUNNING
="2026-08-08 21:46:23",65005,250683,0,250683,100000,-0.0010,0.0600,+0.0,+0.0000,NONE,RUNNING
="2026-08-08 21:47:23",65005,59999,0,59999,100000,+0.0002,0.0600,+0.0,+0.0000,NONE,RUNNING
="2026-08-08 21:48:23",65005,20017,20017,0,100000,+0.0008,0.0600,+0.0,+0.0000,NONE,RUNNING
="2026-08-08 21:49:23",65007,261954,10066,251887,100000,+0.0037,0.0600,+0.0,+0.0000,NONE,RUNNING
="2026-08-08 21:50:24",65017,683295,13001,670294,100000,-0.0004,0.0600,+0.0,+0.0000,NONE,RUNNING
="2026-08-08 21:51:24",65025,558411,180255,378156,100000,-0.0039,0.0600,+0.0,+0.0000,NONE,RUNNING
="2026-08-08 21:52:24",65025,32615,16256,16358,100000,+0.0007,0.0600,+0.0,+0.0000,NONE,RUNNING
="2026-08-08 21:53:24",65025,16256,16256,0,100000,+0.0025,0.0600,+0.0,+0.0000,NONE,RUNNING
="2026-08-08 21:54:24",65026,130808,70187,60620,100000,+0.0023,0.0600,+0.0,+0.0000,NONE,RUNNING
="2026-08-08 21:55:24",65021,333446,333446,0,100000,+0.0022,0.0600,+0.0,+0.0000,NONE,RUNNING
="2026-08-08 21:56:24",65020,32969,32969,0,100000,-0.0005,0.0600,+0.0,+0.0000,NONE,RUNNING
="2026-08-08 21:57:24",65013,10025,10025,0,100000,+0.0019,0.0600,+0.0,+0.0000,NONE,RUNNING
="2026-08-08 21:58:24",65008,49238,49238,0,100000,-0.0012,0.0600,+0.0,+0.0000,NONE,RUNNING
="2026-08-08 21:59:24",65008,24476,24476,0,100000,-0.0009,0.0600,+0.0,+0.0000,NONE,RUNNING
="2026-08-08 22:00:24",65008,12869,0,12869,100000,-0.0033,0.0600,+0.0,+0.0000,NONE,RUNNING
="2026-08-08 22:01:24",65008,98595,18943,79652,100000,-0.0009,0.0600,+0.0,+0.0000,NONE,RUNNING
="2026-08-08 22:02:24",65008,29662,0,29662,100000,+0.0042,0.0600,+0.0,+0.0000,NONE,RUNNING
="2026-08-08 22:03:24",65008,0,0,0,100000,+0.0006,0.0600,+0.0,+0.0000,NONE,RUNNING
="2026-08-08 22:04:24",65008,130016,130016,0,100000,+0.0027,0.0600,+0.0,+0.0000,NONE,RUNNING
="2026-08-08 22:05:24",65008,955844,837369,118474,100000,+0.0004,0.0600,+0.0,+0.0000,NONE,RUNNING
="2026-08-08 22:06:24",65008,489163,395607,93556,100000,-0.0006,0.0600,+0.0,+0.0000,NONE,RUNNING
="2026-08-08 22:07:24",65008,0,0,0,100000,+0.0001,0.0600,+0.0,+0.0000,NONE,RUNNING
="2026-08-08 22:08:25",65016,268397,0,268397,100000,+0.0006,0.0600,+0.0,+0.0000,NONE,RUNNING
="2026-08-08 22:09:25",65015,0,0,0,100000,+0.0011,0.0600,+0.0,+0.0000,NONE,RUNNING
="2026-08-08 22:09:48",65002,59772,59772,0,100000,-0.0333,0.0600,+0.0,+0.0000,NONE,RUNNING
="2026-08-08 22:09:49",65002,59772,59772,0,100000,-0.0333,0.0600,+0.0,+0.0000,NONE,RUNNING
="2026-08-08 22:09:50",65002,59772,59772,0,100000,-0.0333,0.0600,+0.0,+0.0000,NONE,RUNNING
="2026-08-08 22:09:51",65002,59772,59772,0,100000,-0.0333,0.0600,+0.0,+0.0000,NONE,RUNNING
="2026-08-08 22:09:52",65002,59772,59772,0,100000,-0.0337,0.0600,+0.0,+0.0000,NONE,RUNNING
="2026-08-08 22:09:53",65002,59772,59772,0,100000,-0.0337,0.0600,+0.0,+0.0000,NONE,RUNNING
="2026-08-08 22:09:54",65002,59772,59772,0,100000,-0.0339,0.0600,+0.0,+0.0000,NONE,RUNNING
="2026-08-08 22:09:55",65002,59772,59772,0,100000,-0.0339,0.0600,+0.0,+0.0000,NONE,RUNNING
="2026-08-08 22:09:56",65002,59772,59772,0,100000,-0.0339,0.0600,+0.0,+0.0000,NONE,RUNNING
="2026-08-08 22:09:57",65002,59772,59772,0,100000,-0.0339,0.0600,+0.0,+0.0000,NONE,RUNNING
="2026-08-08 22:09:58",65002,59772,59772,0,100000,-0.0367,0.0600,+0.0,+0.0000,NONE,RUNNING
="2026-08-08 22:09:59",65002,59772,59772,0,100000,-0.0367,0.0600,+0.0,+0.0000,NONE,RUNNING
="2026-08-08 22:10:00",65002,59772,59772,0,100000,-0.0367,0.0600,+0.0,+0.0000,NONE,RUNNING
="2026-08-08 22:10:01",65002,59772,59772,0,100000,-0.0367,0.0600,+0.0,+0.0000,NONE,RUNNING
="2026-08-08 22:10:02",65002,59772,59772,0,100000,-0.0367,0.0600,+0.0,+0.0000,NONE,RUNNING
="2026-08-08 22:10:03",65002,59772,59772,0,100000,-0.0367,0.0600,+0.0,+0.0000,NONE,RUNNING
="2026-08-08 22:10:04",65002,59772,59772,0,100000,-0.0370,0.0600,+0.0,+0.0000,NONE,RUNNING
="2026-08-08 22:10:05",65002,59772,59772,0,100000,-0.0370,0.0600,+0.0,+0.0000,NONE,RUNNING
="2026-08-08 22:10:06",65002,59772,59772,0,100000,-0.0370,0.0600,+0.0,+0.0000,NONE,RUNNING
="2026-08-08 22:10:07",65002,59772,59772,0,100000,-0.0394,0.0600,+0.0,+0.0000,NONE,RUNNING
="2026-08-08 22:10:08",65002,59772,59772,0,100000,-0.0394,0.0600,+0.0,+0.0000,NONE,RUNNING
="2026-08-08 22:10:09",65002,59772,59772,0,100000,-0.0394,0.0600,+0.0,+0.0000,NONE,RUNNING
="2026-08-08 22:10:10",65002,59772,59772,0,100000,-0.0394,0.0600,+0.0,+0.0000,NONE,RUNNING
="2026-08-08 22:10:11",65002,59772,59772,0,100000,-0.0394,0.0600,+0.0,+0.0000,NONE,RUNNING
="2026-08-08 22:10:12",65002,59772,59772,0,100000,-0.0393,0.0600,+0.0,+0.0000,NONE,RUNNING
="2026-08-08 22:10:13",65002,59772,59772,0,100000,-0.0393,0.0600,+0.0,+0.0000,NONE,RUNNING
="2026-08-08 22:10:14",65002,59772,59772,0,100000,-0.0393,0.0600,+0.0,+0.0000,NONE,RUNNING
="2026-08-08 22:10:15",65002,59772,59772,0,100000,-0.0393,0.0600,+0.0,+0.0000,NONE,RUNNING
="2026-08-08 22:10:16",65002,59772,59772,0,100000,-0.0393,0.0600,+0.0,+0.0000,NONE,RUNNING
="2026-08-08 22:10:17",65002,59772,59772,0,100000,-0.0393,0.0600,+0.0,+0.0000,NONE,RUNNING
="2026-08-08 22:10:18",65002,59772,59772,0,100000,-0.0395,0.0600,+0.0,+0.0000,NONE,RUNNING
="2026-08-08 22:10:19",65002,59772,59772,0,100000,-0.0394,0.0600,+0.0,+0.0000,NONE,RUNNING
="2026-08-08 22:10:20",65002,59772,59772,0,100000,-0.0404,0.0600,+0.0,+0.0000,NONE,RUNNING
="2026-08-08 22:10:21",65002,59772,59772,0,100000,-0.0403,0.0600,+0.0,+0.0000,NONE,RUNNING
="2026-08-08 22:10:22",65002,59772,59772,0,100000,-0.0403,0.0600,+0.0,+0.0000,NONE,RUNNING
="2026-08-08 22:10:23",65002,59772,59772,0,100000,-0.0403,0.0600,+0.0,+0.0000,NONE,RUNNING
="2026-08-08 22:10:24",65002,59772,59772,0,100000,-0.0403,0.0600,+0.0,+0.0000,NONE,RUNNING
="2026-08-08 22:10:25",65002,59772,59772,0,100000,-0.0403,0.0600,+0.0,+0.0000,NONE,RUNNING
="2026-08-08 22:10:26",65004,59772,59772,0,100000,-0.0403,0.0600,+0.0,+0.0000,NONE,RUNNING
="2026-08-08 22:10:27",65004,59772,59772,0,100000,-0.0404,0.0600,+0.0,+0.0000,NONE,RUNNING
="2026-08-08 22:10:28",65004,59772,59772,0,100000,-0.0404,0.0600,+0.0,+0.0000,NONE,RUNNING
="2026-08-08 22:10:29",65004,59772,59772,0,100000,-0.0404,0.0600,+0.0,+0.0000,NONE,RUNNING
="2026-08-08 22:10:30",65004,59772,59772,0,100000,-0.0404,0.0600,+0.0,+0.0000,NONE,RUNNING
="2026-08-08 22:10:31",65004,59772,59772,0,100000,-0.0494,0.0600,+0.0,+0.0000,NONE,RUNNING
="2026-08-08 22:10:32",65004,59772,59772,0,100000,-0.0494,0.0600,+0.0,+0.0000,NONE,RUNNING
="2026-08-08 22:10:33",65004,59772,59772,0,100000,-0.0494,0.0600,+0.0,+0.0000,NONE,RUNNING
="2026-08-08 22:10:34",65004,59772,59772,0,100000,-0.0501,0.0600,+0.0,+0.0000,NONE,RUNNING
="2026-08-08 22:10:35",65004,59772,59772,0,100000,-0.0501,0.0600,+0.0,+0.0000,NONE,RUNNING
="2026-08-08 22:10:36",65004,59772,59772,0,100000,-0.0501,0.0600,+0.0,+0.0000,NONE,RUNNING
="2026-08-08 22:10:37",65004,59772,59772,0,100000,-0.0502,0.0600,+0.0,+0.0000,NONE,RUNNING
="2026-08-08 22:10:38",65004,59772,59772,0,100000,-0.0502,0.0600,+0.0,+0.0000,NONE,RUNNING
="2026-08-08 22:10:39",65004,59772,59772,0,100000,-0.0502,0.0600,+0.0,+0.0000,NONE,RUNNING
="2026-08-08 22:10:40",65004,59772,59772,0,100000,-0.0502,0.0600,+0.0,+0.0000,NONE,RUNNING
="2026-08-08 22:10:41",65004,59772,59772,0,100000,-0.0502,0.0600,+0.0,+0.0000,NONE,RUNNING
="2026-08-08 22:10:42",65004,59772,59772,0,100000,-0.0504,0.0600,+0.0,+0.0000,NONE,RUNNING
="2026-08-08 22:10:43",65004,0,0,0,100000,-0.0504,0.0600,+0.0,+0.0000,NONE,RUNNING
="2026-08-08 22:10:44",65004,0,0,0,100000,-0.0504,0.0600,+0.0,+0.0000,NONE,RUNNING
="2026-08-08 22:10:45",65004,0,0,0,100000,-0.0504,0.0600,+0.0,+0.0000,NONE,RUNNING
="2026-08-08 22:10:46",65004,0,0,0,100000,-0.0504,0.0600,+0.0,+0.0000,NONE,RUNNING
="2026-08-08 22:10:47",65004,0,0,0,100000,-0.0504,0.0600,+0.0,+0.0000,NONE,RUNNING
="2026-08-08 22:10:48",65004,0,0,0,100000,-0.0156,0.0600,+0.0,+0.0000,NONE,RUNNING
="2026-08-08 22:10:49",65004,0,0,0,100000,-0.0156,0.0600,+0.0,+0.0000,NONE,RUNNING
="2026-08-08 22:10:50",65004,0,0,0,100000,-0.0156,0.0600,+0.0,+0.0000,NONE,RUNNING
="2026-08-08 22:10:51",65004,0,0,0,100000,-0.0153,0.0600,+0.0,+0.0000,NONE,RUNNING
="2026-08-08 22:10:52",65004,0,0,0,100000,-0.0153,0.0600,+0.0,+0.0000,NONE,RUNNING
="2026-08-08 22:10:53",65004,0,0,0,100000,-0.0153,0.0600,+0.0,+0.0000,NONE,RUNNING
="2026-08-08 22:10:54",65004,0,0,0,100000,-0.0153,0.0600,+0.0,+0.0000,NONE,RUNNING
="2026-08-08 22:10:55",65004,0,0,0,100000,-0.0153,0.0600,+0.0,+0.0000,NONE,RUNNING
="2026-08-08 22:10:56",65004,0,0,0,100000,-0.0153,0.0600,+0.0,+0.0000,NONE,RUNNING
="2026-08-08 22:10:57",65004,0,0,0,100000,-0.0124,0.0600,+0.0,+0.0000,NONE,RUNNING
="2026-08-08 22:10:58",65004,0,0,0,100000,-0.0124,0.0600,+0.0,+0.0000,NONE,RUNNING
="2026-08-08 22:10:59",65004,0,0,0,100000,-0.0124,0.0600,+0.0,+0.0000,NONE,RUNNING
="2026-08-08 22:11:00",65004,0,0,0,100000,-0.0124,0.0600,+0.0,+0.0000,NONE,RUNNING
="2026-08-08 22:11:01",65004,0,0,0,100000,-0.0124,0.0600,+0.0,+0.0000,NONE,RUNNING
="2026-08-08 22:11:02",65004,0,0,0,100000,-0.0124,0.0600,+0.0,+0.0000,NONE,RUNNING
="2026-08-08 22:11:03",65004,0,0,0,100000,-0.0122,0.0600,+0.0,+0.0000,NONE,RUNNING
="2026-08-08 22:11:04",65004,0,0,0,100000,-0.0122,0.0600,+0.0,+0.0000,NONE,RUNNING
="2026-08-08 22:11:05",65004,0,0,0,100000,-0.0122,0.0600,+0.0,+0.0000,NONE,RUNNING
="2026-08-08 22:11:06",65004,0,0,0,100000,-0.0098,0.0600,+0.0,+0.0000,NONE,RUNNING
="2026-08-08 22:11:07",65004,0,0,0,100000,-0.0098,0.0600,+0.0,+0.0000,NONE,RUNNING
="2026-08-08 22:11:08",65004,0,0,0,100000,-0.0098,0.0600,+0.0,+0.0000,NONE,RUNNING
="2026-08-08 22:11:09",65004,0,0,0,100000,-0.0098,0.0600,+0.0,+0.0000,NONE,RUNNING
="2026-08-08 22:11:10",65004,0,0,0,100000,-0.0098,0.0600,+0.0,+0.0000,NONE,RUNNING
="2026-08-08 22:11:11",65004,0,0,0,100000,-0.0098,0.0600,+0.0,+0.0000,NONE,RUNNING
="2026-08-08 22:11:12",65004,0,0,0,100000,-0.0097,0.0600,+0.0,+0.0000,NONE,RUNNING
="2026-08-08 22:11:13",65004,0,0,0,100000,-0.0097,0.0600,+0.0,+0.0000,NONE,RUNNING
="2026-08-08 22:11:14",65004,0,0,0,100000,-0.0098,0.0600,+0.0,+0.0000,NONE,RUNNING
="2026-08-08 22:11:15",65004,0,0,0,100000,-0.0098,0.0600,+0.0,+0.0000,NONE,RUNNING
="2026-08-08 22:11:16",65004,0,0,0,100000,-0.0098,0.0600,+0.0,+0.0000,NONE,RUNNING
="2026-08-08 22:11:17",65004,0,0,0,100000,-0.0098,0.0600,+0.0,+0.0000,NONE,RUNNING
="2026-08-08 22:11:18",65004,0,0,0,100000,-0.0099,0.0600,+0.0,+0.0000,NONE,RUNNING
="2026-08-08 22:11:19",65004,0,0,0,100000,-0.0099,0.0600,+0.0,+0.0000,NONE,RUNNING
="2026-08-08 22:11:20",65004,0,0,0,100000,-0.0099,0.0600,+0.0,+0.0000,NONE,RUNNING
="2026-08-08 22:11:21",65004,0,0,0,100000,-0.0100,0.0600,+0.0,+0.0000,NONE,RUNNING
="2026-08-08 22:11:22",65004,0,0,0,100000,-0.0100,0.0600,+0.0,+0.0000,NONE,RUNNING
="2026-08-08 22:11:23",65004,0,0,0,100000,-0.0100,0.0600,+0.0,+0.0000,NONE,RUNNING
="2026-08-08 22:11:24",65004,0,0,0,100000,-0.0100,0.0600,+0.0,+0.0000,NONE,RUNNING
="2026-08-08 22:11:25",65004,0,0,0,100000,-0.0100,0.0600,+0.0,+0.0000,NONE,RUNNING
="2026-08-08 22:11:26",65004,0,0,0,100000,-0.0103,0.0600,+0.0,+0.0000,NONE,RUNNING
="2026-08-08 22:11:28",65004,0,0,0,100000,-0.0103,0.0600,+0.0,+0.0000,NONE,RUNNING
="2026-08-08 22:11:29",65004,0,0,0,100000,-0.0103,0.0600,+0.0,+0.0000,NONE,RUNNING
="2026-08-08 22:11:30",65004,0,0,0,100000,-0.0103,0.0600,+0.0,+0.0000,NONE,RUNNING
="2026-08-08 22:11:31",65004,0,0,0,100000,-0.0013,0.0600,+0.0,+0.0000,NONE,RUNNING
="2026-08-08 22:11:32",65004,0,0,0,100000,-0.0013,0.0600,+0.0,+0.0000,NONE,RUNNING
="2026-08-08 22:11:33",65004,0,0,0,100000,-0.0013,0.0600,+0.0,+0.0000,NONE,RUNNING
="2026-08-08 22:11:34",65004,0,0,0,100000,-0.0013,0.0600,+0.0,+0.0000,NONE,RUNNING
="2026-08-08 22:11:35",65004,0,0,0,100000,-0.0005,0.0600,+0.0,+0.0000,NONE,RUNNING
="2026-08-08 22:11:36",65004,0,0,0,100000,-0.0005,0.0600,+0.0,+0.0000,NONE,RUNNING
="2026-08-08 22:11:37",65004,0,0,0,100000,-0.0004,0.0600,+0.0,+0.0000,NONE,RUNNING
="2026-08-08 22:11:38",65004,0,0,0,100000,-0.0004,0.0600,+0.0,+0.0000,NONE,RUNNING
="2026-08-08 22:11:39",65004,0,0,0,100000,-0.0004,0.0600,+0.0,+0.0000,NONE,RUNNING
="2026-08-08 22:11:40",65004,0,0,0,100000,-0.0004,0.0600,+0.0,+0.0000,NONE,RUNNING
="2026-08-08 22:11:41",65004,0,0,0,100000,-0.0004,0.0600,+0.0,+0.0000,NONE,RUNNING
="2026-08-08 22:11:42",65004,0,0,0,100000,-0.0004,0.0600,+0.0,+0.0000,NONE,RUNNING
="2026-08-08 22:12:42",65004,14893,14893,0,100000,-0.0013,0.0600,+0.0,+0.0000,NONE,RUNNING
="2026-08-08 22:13:42",65005,185816,0,185816,100000,-0.0039,0.0600,+0.0,+0.0000,NONE,RUNNING
="2026-08-08 22:14:42",65005,641946,641946,0,100000,+0.0007,0.0600,+0.0,+0.0000,NONE,RUNNING
="2026-08-08 22:15:42",65005,0,0,0,100000,-0.0006,0.0600,+0.0,+0.0000,NONE,RUNNING
="2026-08-08 22:16:42",65005,50074,24722,25352,100000,+0.0009,0.0600,+0.0,+0.0000,NONE,RUNNING
="2026-08-08 22:17:42",65015,263283,0,263283,100000,-0.0039,0.0600,+0.0,+0.0000,NONE,RUNNING
="2026-08-08 22:18:42",65016,0,0,0,100000,-0.0022,0.0600,+0.0,+0.0000,NONE,RUNNING
="2026-08-08 22:19:42",65016,0,0,0,100000,+0.0028,0.0600,+0.0,+0.0000,NONE,RUNNING
="2026-08-08 22:20:42",65015,53002,13003,39999,100000,-0.0006,0.0600,+0.0,+0.0000,NONE,RUNNING
="2026-08-08 22:21:42",65014,156670,126155,30515,100000,-0.0021,0.0600,+0.0,+0.0000,NONE,RUNNING
="2026-08-08 22:22:42",65014,0,0,0,100000,-0.0038,0.0600,+0.0,+0.0000,NONE,RUNNING
="2026-08-08 22:23:42",65014,10753,10753,0,100000,-0.0017,0.0600,+0.0,+0.0000,NONE,RUNNING
="2026-08-08 22:24:42",65014,26005,26005,0,100000,-0.0011,0.0600,+0.0,+0.0000,NONE,RUNNING
="2026-08-08 22:25:42",65014,0,0,0,100000,-0.0010,0.0600,+0.0,+0.0000,NONE,RUNNING
="2026-08-08 22:26:42",65014,97522,32507,65014,100000,-0.0049,0.0600,+0.0,+0.0000,NONE,RUNNING
="2026-08-08 22:27:43",65014,32714,14786,17927,100000,+0.0023,0.0600,+0.0,+0.0000,NONE,RUNNING
="2026-08-08 22:28:43",65017,337258,0,337258,100000,-0.0020,0.0600,+0.0,+0.0000,NONE,RUNNING
="2026-08-08 22:29:43",65017,50773,26463,24309,100000,-0.0023,0.0900,+0.0,+0.0000,NONE,RUNNING
="2026-08-08 22:30:43",65017,0,0,0,100000,-0.0053,0.0900,+0.0,+0.0000,NONE,RUNNING
="2026-08-08 22:31:43",65009,283066,191394,91671,100000,-0.0007,0.0900,+0.0,+0.0000,NONE,RUNNING
="2026-08-08 22:32:43",65009,0,0,0,100000,+0.0013,0.0900,+0.0,+0.0000,NONE,RUNNING
="2026-08-08 22:33:43",65006,318565,318565,0,100000,-0.0029,0.0900,+0.0,+0.0000,NONE,RUNNING
="2026-08-08 22:34:43",65006,0,0,0,100000,-0.0002,0.0900,+0.0,+0.0000,NONE,RUNNING
="2026-08-08 22:35:43",65006,72128,72128,0,100000,+0.0015,0.0900,+0.0,+0.0000,NONE,RUNNING
="2026-08-08 22:36:43",65006,0,0,0,100000,-0.0005,0.0900,+0.0,+0.0000,NONE,RUNNING
="2026-08-08 22:37:43",65006,0,0,0,100000,-0.0027,0.0900,+0.0,+0.0000,NONE,RUNNING
="2026-08-08 22:38:43",65006,0,0,0,100000,-0.0013,0.0900,+0.0,+0.0000,NONE,RUNNING
="2026-08-08 22:39:43",65006,618642,32372,586270,100000,-0.0011,0.0900,+0.0,+0.0000,NONE,RUNNING
="2026-08-08 22:40:43",65007,95057,45718,49339,100000,-0.0059,0.0900,+0.0,+0.0000,NONE,RUNNING
="2026-08-08 22:41:43",65007,0,0,0,100000,-0.0009,0.0900,+0.0,+0.0000,NONE,RUNNING
="2026-08-08 22:42:43",65007,14999,0,14999,100000,+0.0017,0.0900,+0.0,+0.0000,NONE,RUNNING
="2026-08-08 22:43:43",65007,0,0,0,100000,-0.0004,0.0900,+0.0,+0.0000,NONE,RUNNING
="2026-08-08 22:44:43",65008,775516,49808,725708,100000,+0.0010,0.0900,+0.0,+0.0000,NONE,RUNNING
="2026-08-08 22:45:43",65008,63477,0,63477,100000,+0.0067,0.0900,+0.0,+0.0000,NONE,RUNNING
="2026-08-08 22:46:44",65000,212633,212633,0,100000,-0.0015,0.0900,+0.0,+0.0000,NONE,RUNNING
="2026-08-08 22:47:44",65000,61246,61246,0,100000,-0.0056,0.0900,+0.0,+0.0000,NONE,RUNNING
="2026-08-08 22:48:44",65000,398690,34164,364526,100000,+0.0030,0.0900,+0.0,+0.0000,NONE,RUNNING
="2026-08-08 22:49:44",65010,1212253,51615,1160637,100000,-0.0007,0.0900,+0.0,+0.0000,NONE,RUNNING
="2026-08-08 22:50:44",65010,0,0,0,100000,+0.0022,0.0900,+0.0,+0.0000,NONE,RUNNING
="2026-08-08 22:51:44",65015,332363,0,332363,100000,+0.0001,0.0900,+0.0,+0.0000,NONE,RUNNING
="2026-08-08 22:52:44",65015,0,0,0,100000,-0.0005,0.0900,+0.0,+0.0000,NONE,RUNNING
="2026-08-08 22:53:44",65015,0,0,0,100000,-0.0002,0.0900,+0.0,+0.0000,NONE,RUNNING
="2026-08-08 22:54:44",65015,0,0,0,100000,-0.0013,0.0900,+0.0,+0.0000,NONE,RUNNING
="2026-08-08 22:55:44",65015,0,0,0,100000,-0.0094,0.0900,+0.0,+0.0000,NONE,RUNNING
="2026-08-08 22:56:44",65015,23075,10072,13003,100000,-0.0029,0.0900,+0.0,+0.0000,NONE,RUNNING
="2026-08-08 22:57:44",65015,140256,140256,0,100000,-0.0006,0.0900,+0.0,+0.0000,NONE,RUNNING
="2026-08-08 22:58:44",65015,0,0,0,100000,-0.0037,0.0900,+0.0,+0.0000,NONE,RUNNING
="2026-08-08 22:59:44",65015,647498,620191,27306,100000,-0.0001,0.0900,+0.0,+0.0000,NONE,RUNNING
="2026-08-08 23:00:44",65015,130030,130030,0,100000,+0.0000,0.0900,+0.0,+0.0000,NONE,RUNNING
="2026-08-08 23:01:44",65015,0,0,0,100000,-0.0008,0.0900,+0.0,+0.0000,NONE,RUNNING
="2026-08-08 23:02:44",65015,0,0,0,100000,+0.0002,0.0900,+0.0,+0.0000,NONE,RUNNING
="2026-08-08 23:03:44",65015,0,0,0,100000,-0.0004,0.0900,+0.0,+0.0000,NONE,RUNNING
="2026-08-08 23:04:44",65015,166199,38394,127804,100000,-0.0020,0.0900,+0.0,+0.0000,NONE,RUNNING
="2026-08-08 23:05:45",65029,219983,11999,207983,100000,-0.0204,0.0900,+0.0,+0.0000,NONE,RUNNING
="2026-08-08 23:06:45",65030,116946,93299,23646,100000,+0.0065,0.0900,+0.0,+0.0000,NONE,RUNNING
="2026-08-08 23:07:45",65030,167386,129669,37717,100000,+0.0007,0.0900,+0.0,+0.0000,NONE,RUNNING
="2026-08-08 23:08:45",65029,199181,32482,166698,100000,+0.0008,0.0900,+0.0,+0.0000,NONE,RUNNING
="2026-08-08 23:09:45",65030,0,0,0,100000,+0.0005,0.0900,+0.0,+0.0000,NONE,RUNNING
="2026-08-08 23:10:45",65030,39012,39012,0,100000,+0.0005,0.0900,+0.0,+0.0000,NONE,RUNNING
="2026-08-08 23:11:45",65042,66167,14487,51679,100000,-0.0035,0.0900,+0.0,+0.0000,NONE,RUNNING
="2026-08-08 23:12:45",65045,78313,0,78313,100000,-0.0005,0.0900,+0.0,+0.0000,NONE,RUNNING
="2026-08-08 23:13:45",65053,80343,0,80343,100000,+0.0021,0.0900,+0.0,+0.0000,NONE,RUNNING
="2026-08-08 23:14:45",65058,40428,0,40428,100000,-0.0067,0.0900,+0.0,+0.0000,NONE,RUNNING
="2026-08-08 23:15:45",65048,446293,170490,275802,100000,+0.0209,0.0900,+0.0,+0.0000,NONE,RUNNING
="2026-08-08 23:16:45",65048,12334,0,12334,100000,-0.0001,0.0900,+0.0,+0.0000,NONE,RUNNING
="2026-08-08 23:17:45",65048,24999,0,24999,100000,-0.0008,0.0900,+0.0,+0.0000,NONE,RUNNING
="2026-08-08 23:18:45",65048,29303,15361,13941,100000,+0.0031,0.0900,+0.0,+0.0000,NONE,RUNNING
="2026-08-08 23:19:45",65060,411851,0,411851,100000,+0.0082,0.0900,+0.0,+0.0000,NONE,RUNNING
="2026-08-08 23:20:45",65060,0,0,0,100000,-0.0000,0.0900,+0.0,+0.0000,NONE,RUNNING
="2026-08-08 23:21:45",65060,43160,0,43160,100000,-0.0045,0.0900,+0.0,+0.0000,NONE,RUNNING
="2026-08-08 23:22:45",65063,11583,0,11583,100000,+0.0036,0.0900,+0.0,+0.0000,NONE,RUNNING
="2026-08-08 23:23:45",65099,109542,12219,97322,100000,+0.0025,0.0900,+0.0,+0.0000,NONE,RUNNING
="2026-08-08 23:24:46",65122,376947,100770,276177,100000,-0.0120,0.0900,+0.0,+0.0000,NONE,RUNNING
="2026-08-08 23:25:46",65115,190471,40086,150384,100000,+0.0195,0.0900,+0.0,+0.0000,NONE,RUNNING
="2026-08-08 23:26:46",65117,428661,208905,219755,100000,-0.0170,0.0900,+0.0,+0.0000,NONE,RUNNING
="2026-08-08 23:27:37",65111,427476,331379,96096,100000,+0.0492,0.0900,+0.0,+0.0000,NONE,RUNNING
="2026-08-08 23:27:38",65111,331379,331379,0,100000,+0.0492,0.0900,+0.0,+0.0000,NONE,RUNNING
="2026-08-08 23:27:39",65111,331379,331379,0,100000,+0.0495,0.0900,+0.0,+0.0000,NONE,RUNNING
="2026-08-08 23:27:40",65111,331379,331379,0,100000,+0.0495,0.0900,+0.0,+0.0000,NONE,RUNNING
="2026-08-08 23:27:41",65111,331379,331379,0,100000,+0.0492,0.0900,+0.0,+0.0000,NONE,RUNNING
="2026-08-08 23:27:42",65111,331379,331379,0,100000,+0.0325,0.0900,+0.0,+0.0000,NONE,RUNNING
="2026-08-08 23:27:43",65111,331379,331379,0,100000,+0.0325,0.0900,+0.0,+0.0000,NONE,RUNNING
="2026-08-08 23:27:44",65111,331379,331379,0,100000,+0.0335,0.0900,+0.0,+0.0000,NONE,RUNNING
="2026-08-08 23:27:45",65111,331379,331379,0,100000,+0.0335,0.0900,+0.0,+0.0000,NONE,RUNNING
="2026-08-08 23:27:46",65111,331379,331379,0,100000,+0.0335,0.0900,+0.0,+0.0000,NONE,RUNNING
="2026-08-08 23:27:47",65111,331379,331379,0,100000,+0.0335,0.0900,+0.0,+0.0000,NONE,RUNNING
="2026-08-08 23:27:48",65111,331379,331379,0,100000,+0.0323,0.0900,+0.0,+0.0000,NONE,RUNNING
="2026-08-08 23:27:49",65111,331379,331379,0,100000,+0.0323,0.0900,+0.0,+0.0000,NONE,RUNNING
="2026-08-08 23:27:50",65111,331379,331379,0,100000,+0.0380,0.0900,+0.0,+0.0000,NONE,RUNNING
="2026-08-08 23:27:51",65111,331379,331379,0,100000,+0.0380,0.0900,+0.0,+0.0000,NONE,RUNNING
="2026-08-08 23:27:52",65111,331379,331379,0,100000,+0.0380,0.0900,+0.0,+0.0000,NONE,RUNNING
="2026-08-08 23:27:53",65111,331379,331379,0,100000,+0.0385,0.0900,+0.0,+0.0000,NONE,RUNNING
="2026-08-08 23:27:54",65111,331379,331379,0,100000,+0.0385,0.0900,+0.0,+0.0000,NONE,RUNNING
="2026-08-08 23:27:55",65111,331379,331379,0,100000,+0.0386,0.0900,+0.0,+0.0000,NONE,RUNNING
="2026-08-08 23:27:56",65111,331379,331379,0,100000,+0.0387,0.0900,+0.0,+0.0000,NONE,RUNNING
="2026-08-08 23:27:57",65111,331379,331379,0,100000,+0.0385,0.0900,+0.0,+0.0000,NONE,RUNNING
="2026-08-08 23:27:58",65111,331379,331379,0,100000,+0.0385,0.0900,+0.0,+0.0000,NONE,RUNNING
="2026-08-08 23:27:59",65111,331379,331379,0,100000,+0.0400,0.0900,+0.0,+0.0000,NONE,RUNNING
="2026-08-08 23:28:00",65111,331379,331379,0,100000,+0.0400,0.0900,+0.0,+0.0000,NONE,RUNNING
="2026-08-08 23:28:01",65111,331379,331379,0,100000,+0.0401,0.0900,+0.0,+0.0000,NONE,RUNNING
="2026-08-08 23:28:02",65111,331379,331379,0,100000,+0.0409,0.0900,+0.0,+0.0000,NONE,RUNNING
="2026-08-08 23:28:03",65111,331379,331379,0,100000,+0.0390,0.0900,+0.0,+0.0000,NONE,RUNNING
="2026-08-08 23:28:04",65111,331379,331379,0,100000,+0.0390,0.0900,+0.0,+0.0000,NONE,RUNNING
="2026-08-08 23:28:05",65111,331379,331379,0,100000,+0.0390,0.0900,+0.0,+0.0000,NONE,RUNNING
="2026-08-08 23:28:06",65111,331379,331379,0,100000,+0.0390,0.0900,+0.0,+0.0000,NONE,RUNNING
="2026-08-08 23:28:07",65111,331379,331379,0,100000,+0.0390,0.0900,+0.0,+0.0000,NONE,RUNNING
="2026-08-08 23:28:08",65111,331379,331379,0,100000,+0.0407,0.0900,+0.0,+0.0000,NONE,RUNNING
="2026-08-08 23:28:09",65111,331379,331379,0,100000,+0.0407,0.0900,+0.0,+0.0000,NONE,RUNNING
="2026-08-08 23:28:10",65111,291653,291653,0,100000,+0.0441,0.0900,+0.0,+0.0000,NONE,RUNNING
="2026-08-08 23:28:11",65111,291653,291653,0,100000,+0.0441,0.0900,+0.0,+0.0000,NONE,RUNNING
="2026-08-08 23:28:12",65111,291653,291653,0,100000,+0.0441,0.0900,+0.0,+0.0000,NONE,RUNNING
="2026-08-08 23:28:13",65111,291653,291653,0,100000,+0.0439,0.0900,+0.0,+0.0000,NONE,RUNNING
="2026-08-08 23:28:14",65111,291653,291653,0,100000,+0.0445,0.0900,+0.0,+0.0000,NONE,RUNNING
="2026-08-08 23:28:15",65111,291653,291653,0,100000,+0.0445,0.0900,+0.0,+0.0000,NONE,RUNNING
="2026-08-08 23:28:16",65111,239559,239559,0,100000,+0.0448,0.0900,+0.0,+0.0000,NONE,RUNNING
="2026-08-08 23:28:17",65111,239559,239559,0,100000,+0.0448,0.0900,+0.0,+0.0000,NONE,RUNNING
="2026-08-08 23:28:18",65111,239559,239559,0,100000,+0.0448,0.0900,+0.0,+0.0000,NONE,RUNNING
="2026-08-08 23:28:19",65111,239559,239559,0,100000,+0.0452,0.0900,+0.0,+0.0000,NONE,RUNNING
="2026-08-08 23:28:20",65111,239559,239559,0,100000,+0.0459,0.0900,+0.0,+0.0000,NONE,RUNNING
="2026-08-08 23:28:21",65111,73636,73636,0,100000,+0.0459,0.0900,+0.0,+0.0000,NONE,RUNNING
="2026-08-08 23:28:22",65111,73636,73636,0,100000,+0.0189,0.0900,+0.0,+0.0000,NONE,RUNNING
="2026-08-08 23:28:23",65111,73636,73636,0,100000,+0.0193,0.0900,+0.0,+0.0000,NONE,RUNNING
="2026-08-08 23:28:24",65111,73636,73636,0,100000,+0.0193,0.0900,+0.0,+0.0000,NONE,RUNNING
="2026-08-08 23:28:25",65111,73636,73636,0,100000,+0.0193,0.0900,+0.0,+0.0000,NONE,RUNNING
="2026-08-08 23:28:26",65111,73636,73636,0,100000,+0.0193,0.0900,+0.0,+0.0000,NONE,RUNNING
="2026-08-08 23:28:27",65111,73636,73636,0,100000,+0.0193,0.0900,+0.0,+0.0000,NONE,RUNNING
="2026-08-08 23:28:28",65111,73636,73636,0,100000,+0.0195,0.0900,+0.0,+0.0000,NONE,RUNNING
="2026-08-08 23:28:29",65111,73636,73636,0,100000,+0.0188,0.0900,+0.0,+0.0000,NONE,RUNNING
="2026-08-08 23:28:30",65111,73636,73636,0,100000,+0.0188,0.0900,+0.0,+0.0000,NONE,RUNNING
="2026-08-08 23:28:31",65111,73636,73636,0,100000,+0.0188,0.0900,+0.0,+0.0000,NONE,RUNNING
="2026-08-08 23:28:32",65111,0,0,0,100000,+0.0188,0.0900,+0.0,+0.0000,NONE,RUNNING
="2026-08-08 23:28:33",65111,0,0,0,100000,+0.0190,0.0900,+0.0,+0.0000,NONE,RUNNING
="2026-08-08 23:28:34",65111,0,0,0,100000,+0.0190,0.0900,+0.0,+0.0000,NONE,RUNNING
="2026-08-08 23:28:35",65111,0,0,0,100000,+0.0197,0.0900,+0.0,+0.0000,NONE,RUNNING
="2026-08-08 23:28:36",65111,0,0,0,100000,+0.0199,0.0900,+0.0,+0.0000,NONE,RUNNING
="2026-08-08 23:28:37",65111,4928346,0,4928346,100000,+0.0123,0.0900,+0.0,+0.0000,NONE,RUNNING
="2026-08-08 23:28:38",65138,4928346,0,4928346,100000,+0.0008,0.0900,+0.0,+0.0000,NONE,RUNNING
="2026-08-08 23:28:39",65138,4928346,0,4928346,100000,+0.0008,0.0900,+0.0,+0.0000,NONE,RUNNING
="2026-08-08 23:28:40",65138,4928346,0,4928346,100000,+0.0011,0.0900,+0.0,+0.0000,NONE,RUNNING
="2026-08-08 23:28:41",65138,4945106,16760,4928346,100000,+0.0011,0.0900,+0.0,+0.0000,NONE,RUNNING
="2026-08-08 23:28:42",65138,4945106,16760,4928346,100000,+0.0011,0.0900,+0.0,+0.0000,NONE,RUNNING
="2026-08-08 23:28:43",65138,4945106,16760,4928346,100000,+0.0000,0.0900,+0.0,+0.0000,NONE,RUNNING
="2026-08-08 23:28:44",65138,4945106,16760,4928346,100000,+0.0000,0.0900,+0.0,+0.0000,NONE,RUNNING
="2026-08-08 23:28:45",65138,4945106,16760,4928346,100000,+0.0009,0.0900,+0.0,+0.0000,NONE,RUNNING
="2026-08-08 23:28:47",65138,4945106,16760,4928346,100000,+0.0009,0.0900,+0.0,+0.0000,NONE,RUNNING
="2026-08-08 23:28:48",65138,4990702,62356,4928346,100000,+0.0009,0.0900,+0.0,+0.0000,NONE,RUNNING
="2026-08-08 23:28:49",65138,4990702,62356,4928346,100000,+0.0009,0.0900,+0.0,+0.0000,NONE,RUNNING
="2026-08-08 23:28:50",65138,4990702,62356,4928346,100000,-0.0048,0.0900,+0.0,+0.0000,NONE,RUNNING
="2026-08-08 23:28:51",65148,5051301,62356,4988944,100000,-0.0013,0.0900,+0.0,+0.0000,NONE,RUNNING
="2026-08-08 23:28:52",65140,5114937,125993,4988944,100000,-0.0013,0.0900,+0.0,+0.0000,NONE,RUNNING
="2026-08-08 23:28:53",65140,5114937,125993,4988944,100000,-0.0017,0.0900,+0.0,+0.0000,NONE,RUNNING
="2026-08-08 23:28:54",65140,5114937,125993,4988944,100000,-0.0017,0.0900,+0.0,+0.0000,NONE,RUNNING
="2026-08-08 23:28:55",65138,5216862,227917,4988944,100000,+0.0042,0.0900,+0.0,+0.0000,NONE,RUNNING
="2026-08-08 23:28:56",65138,5216862,227917,4988944,100000,+0.0042,0.0900,+0.0,+0.0000,NONE,RUNNING
="2026-08-08 23:28:57",65138,5216862,227917,4988944,100000,+0.0041,0.0900,+0.0,+0.0000,NONE,RUNNING
="2026-08-08 23:28:58",65138,5216862,227917,4988944,100000,-0.0319,0.0900,+0.0,+0.0000,NONE,RUNNING
="2026-08-08 23:28:59",65138,5216862,227917,4988944,100000,-0.0319,0.0900,+0.0,+0.0000,NONE,RUNNING
="2026-08-08 23:29:00",65138,5216862,227917,4988944,100000,-0.0335,0.0900,+0.0,+0.0000,NONE,RUNNING
="2026-08-08 23:29:01",65138,5216862,227917,4988944,100000,-0.0346,0.0900,+0.0,+0.0000,NONE,RUNNING
="2026-08-08 23:29:02",65138,5216862,227917,4988944,100000,-0.0346,0.0900,+0.0,+0.0000,NONE,RUNNING
="2026-08-08 23:29:03",65138,5216862,227917,4988944,100000,-0.0355,0.0900,+0.0,+0.0000,NONE,RUNNING
="2026-08-08 23:29:04",65138,5216862,227917,4988944,100000,-0.0347,0.0900,+0.0,+0.0000,NONE,RUNNING
="2026-08-08 23:29:05",65138,5216862,227917,4988944,100000,-0.0347,0.0900,+0.0,+0.0000,NONE,RUNNING
="2026-08-08 23:29:06",65138,5216862,227917,4988944,100000,-0.0347,0.0900,+0.0,+0.0000,NONE,RUNNING
="2026-08-08 23:29:07",65138,5216862,227917,4988944,100000,-0.0347,0.0900,+0.0,+0.0000,NONE,RUNNING
="2026-08-08 23:29:08",65138,5216862,227917,4988944,100000,-0.0347,0.0900,+0.0,+0.0000,NONE,RUNNING
="2026-08-08 23:29:09",65137,5282767,293823,4988944,100000,-0.0364,0.0900,+0.0,+0.0000,NONE,RUNNING
="2026-08-08 23:29:10",65137,5282767,293823,4988944,100000,-0.0364,0.0900,+0.0,+0.0000,NONE,RUNNING
="2026-08-08 23:29:11",65137,5282767,293823,4988944,100000,-0.0347,0.0900,+0.0,+0.0000,NONE,RUNNING
="2026-08-08 23:29:12",65137,5282767,293823,4988944,100000,-0.0347,0.0900,+0.0,+0.0000,NONE,RUNNING
="2026-08-08 23:29:13",65137,5282767,293823,4988944,100000,-0.0319,0.0900,+0.0,+0.0000,NONE,RUNNING
="2026-08-08 23:29:14",65137,5282767,293823,4988944,100000,-0.0319,0.0900,+0.0,+0.0000,NONE,RUNNING
="2026-08-08 23:29:15",65137,5282767,293823,4988944,100000,-0.0325,0.0900,+0.0,+0.0000,NONE,RUNNING
="2026-08-08 23:29:16",65137,5307643,318699,4988944,100000,-0.0325,0.0900,+0.0,+0.0000,NONE,RUNNING
="2026-08-08 23:29:17",65136,5307643,318699,4988944,100000,-0.0325,0.0900,+0.0,+0.0000,NONE,RUNNING
="2026-08-08 23:29:18",65136,5307643,318699,4988944,100000,-0.0325,0.0900,+0.0,+0.0000,NONE,RUNNING
="2026-08-08 23:29:19",65136,5307643,318699,4988944,100000,-0.0324,0.0900,+0.0,+0.0000,NONE,RUNNING
="2026-08-08 23:29:20",65136,5307643,318699,4988944,100000,-0.0331,0.0900,+0.0,+0.0000,NONE,RUNNING
="2026-08-08 23:29:21",65136,5307643,318699,4988944,100000,-0.0331,0.0900,+0.0,+0.0000,NONE,RUNNING
="2026-08-08 23:30:21",65137,797216,284591,512625,100000,+0.0332,0.0900,+0.0,+0.0000,NONE,RUNNING
="2026-08-08 23:31:21",65151,99074,57159,41914,100000,-0.0178,0.0900,+0.0,+0.0000,NONE,RUNNING
="2026-08-08 23:32:21",65161,740572,315883,424689,100000,+0.0322,0.0900,+0.0,+0.0000,NONE,RUNNING
="2026-08-08 23:33:21",65162,31906,0,31906,100000,+0.0187,0.0900,+0.0,+0.0000,NONE,RUNNING
="2026-08-08 23:34:21",65161,358024,119197,238827,100000,-0.0040,0.0900,+0.0,+0.0000,NONE,RUNNING
="2026-08-08 23:35:21",65188,189738,0,189738,100000,+0.0084,0.0900,+0.0,+0.0000,NONE,RUNNING
="2026-08-08 23:36:21",65179,110430,110430,0,100000,-0.0095,0.0900,+0.0,+0.0000,NONE,RUNNING
="2026-08-08 23:37:21",65179,74368,45227,29141,100000,-0.0064,0.0900,+0.0,+0.0000,NONE,RUNNING
="2026-08-08 23:38:21",65187,609049,210055,398994,100000,+0.0027,0.0900,+0.0,+0.0000,NONE,RUNNING
="2026-08-08 23:38:44",65178,713509,146462,567046,100000,+0.0457,0.0900,+0.0,+0.0000,NONE,RUNNING
="2026-08-08 23:38:45",65178,217494,36406,181087,100000,+0.0457,0.0900,+0.0,+0.0000,NONE,RUNNING
="2026-08-08 23:38:46",65178,217494,36406,181087,100000,+0.0422,0.0900,+0.0,+0.0000,NONE,RUNNING
="2026-08-08 23:38:47",65178,217494,36406,181087,100000,+0.0422,0.0900,+0.0,+0.0000,NONE,RUNNING
="2026-08-08 23:38:48",65178,217494,36406,181087,100000,+0.0422,0.0900,+0.0,+0.0000,NONE,RUNNING
="2026-08-08 23:38:49",65178,217494,36406,181087,100000,+0.0413,0.0900,+0.0,+0.0000,NONE,RUNNING
="2026-08-08 23:38:50",65178,217494,36406,181087,100000,+0.0413,0.0900,+0.0,+0.0000,NONE,RUNNING
="2026-08-08 23:38:52",65178,217494,36406,181087,100000,+0.0417,0.0900,+0.0,+0.0000,NONE,RUNNING
="2026-08-08 23:38:53",65178,217494,36406,181087,100000,+0.0416,0.0900,+0.0,+0.0000,NONE,RUNNING
="2026-08-08 23:38:54",65178,217494,36406,181087,100000,+0.0416,0.0900,+0.0,+0.0000,NONE,RUNNING
="2026-08-08 23:38:55",65166,230337,49249,181087,100000,+0.0495,0.0900,+0.0,+0.0000,NONE,RUNNING
="2026-08-08 23:38:56",65166,230337,49249,181087,100000,+0.0471,0.0900,+0.0,+0.0000,NONE,RUNNING
="2026-08-08 23:38:57",65166,230337,49249,181087,100000,+0.0452,0.0900,+0.0,+0.0000,NONE,RUNNING
="2026-08-08 23:38:58",65166,230337,49249,181087,100000,+0.0452,0.0900,+0.0,+0.0000,NONE,RUNNING
="2026-08-08 23:38:59",65164,230337,49249,181087,100000,+0.0449,0.0900,+0.0,+0.0000,NONE,RUNNING
="2026-08-08 23:39:00",65164,230337,49249,181087,100000,+0.0449,0.0900,+0.0,+0.0000,NONE,RUNNING
="2026-08-08 23:39:01",65164,244743,49249,195493,100000,+0.0446,0.0900,+0.0,+0.0000,NONE,RUNNING
="2026-08-08 23:39:02",65164,244743,49249,195493,100000,+0.0447,0.0900,+0.0,+0.0000,NONE,RUNNING
="2026-08-08 23:39:03",65163,303342,107848,195493,100000,+0.0447,0.0900,+0.0,+0.0000,NONE,RUNNING
="2026-08-08 23:39:04",65163,303342,107848,195493,100000,+0.0452,0.0900,+0.0,+0.0000,NONE,RUNNING
="2026-08-08 23:39:05",65163,303342,107848,195493,100000,+0.0454,0.0900,+0.0,+0.0000,NONE,RUNNING
="2026-08-08 23:39:06",65163,303342,107848,195493,100000,+0.0454,0.0900,+0.0,+0.0000,NONE,RUNNING
="2026-08-08 23:39:07",65163,303342,107848,195493,100000,+0.0454,0.0900,+0.0,+0.0000,NONE,RUNNING
="2026-08-08 23:39:08",65163,303342,107848,195493,100000,+0.0464,0.0900,+0.0,+0.0000,NONE,RUNNING
="2026-08-08 23:39:09",65163,303342,107848,195493,100000,+0.0464,0.0900,+0.0,+0.0000,NONE,RUNNING
="2026-08-08 23:39:10",65163,303342,107848,195493,100000,+0.0468,0.0900,+0.0,+0.0000,NONE,RUNNING
="2026-08-08 23:39:11",65163,303342,107848,195493,100000,+0.0468,0.0900,+0.0,+0.0000,NONE,RUNNING
="2026-08-08 23:39:12",65163,303342,107848,195493,100000,+0.0468,0.0900,+0.0,+0.0000,NONE,RUNNING
="2026-08-08 23:39:13",65163,303342,107848,195493,100000,+0.0468,0.0900,+0.0,+0.0000,NONE,RUNNING
="2026-08-08 23:39:14",65163,303342,107848,195493,100000,+0.0483,0.0900,+0.0,+0.0000,NONE,RUNNING
="2026-08-08 23:39:15",65163,303342,107848,195493,100000,+0.0483,0.0900,+0.0,+0.0000,NONE,RUNNING
="2026-08-08 23:39:16",65163,303342,107848,195493,100000,+0.0485,0.0900,+0.0,+0.0000,NONE,RUNNING
="2026-08-08 23:39:17",65163,303342,107848,195493,100000,+0.0464,0.0900,+0.0,+0.0000,NONE,RUNNING
="2026-08-08 23:39:18",65163,303342,107848,195493,100000,+0.0464,0.0900,+0.0,+0.0000,NONE,RUNNING
="2026-08-08 23:39:19",65163,303342,107848,195493,100000,+0.0453,0.0900,+0.0,+0.0000,NONE,RUNNING
="2026-08-08 23:39:20",65163,303342,107848,195493,100000,+0.0453,0.0900,+0.0,+0.0000,NONE,RUNNING
="2026-08-08 23:39:21",65163,303342,107848,195493,100000,+0.0457,0.0900,+0.0,+0.0000,NONE,RUNNING
="2026-08-08 23:39:22",65163,303342,107848,195493,100000,+0.0457,0.0900,+0.0,+0.0000,NONE,RUNNING
="2026-08-08 23:39:23",65162,303342,107848,195493,100000,+0.0457,0.0900,+0.0,+0.0000,NONE,RUNNING
="2026-08-08 23:39:24",65162,303342,107848,195493,100000,+0.0439,0.0900,+0.0,+0.0000,NONE,RUNNING
="2026-08-08 23:39:25",65162,303342,107848,195493,100000,+0.0430,0.0900,+0.0,+0.0000,NONE,RUNNING
="2026-08-08 23:39:26",65162,303342,107848,195493,100000,+0.0430,0.0900,+0.0,+0.0000,NONE,RUNNING
="2026-08-08 23:39:27",65162,303342,107848,195493,100000,+0.0430,0.0900,+0.0,+0.0000,NONE,RUNNING
="2026-08-08 23:39:28",65162,303342,107848,195493,100000,+0.0428,0.0900,+0.0,+0.0000,NONE,RUNNING
="2026-08-08 23:39:29",65162,303342,107848,195493,100000,+0.0428,0.0900,+0.0,+0.0000,NONE,RUNNING
="2026-08-08 23:39:30",65161,303342,107848,195493,100000,+0.0415,0.0900,+0.0,+0.0000,NONE,RUNNING
="2026-08-08 23:39:31",65160,303342,107848,195493,100000,+0.0418,0.0900,+0.0,+0.0000,NONE,RUNNING
="2026-08-08 23:39:32",65154,303342,107848,195493,100000,+0.0418,0.0900,+0.0,+0.0000,NONE,RUNNING
="2026-08-08 23:39:33",65154,303342,107848,195493,100000,+0.0418,0.0900,+0.0,+0.0000,NONE,RUNNING
="2026-08-08 23:39:34",65154,303342,107848,195493,100000,+0.0313,0.0900,+0.0,+0.0000,NONE,RUNNING
="2026-08-08 23:39:35",65154,142252,107848,34403,100000,+0.0313,0.0900,+0.0,+0.0000,NONE,RUNNING
="2026-08-08 23:39:36",65154,142252,107848,34403,100000,+0.0305,0.0900,+0.0,+0.0000,NONE,RUNNING
="2026-08-08 23:39:37",65154,142252,107848,34403,100000,+0.0305,0.0900,+0.0,+0.0000,NONE,RUNNING
="2026-08-08 23:39:38",65154,142252,107848,34403,100000,+0.0305,0.0900,+0.0,+0.0000,NONE,RUNNING
="2026-08-08 23:39:39",65154,157889,123485,34403,100000,+0.0280,0.0900,+0.0,+0.0000,NONE,RUNNING
="2026-08-08 23:39:40",65154,157889,123485,34403,100000,+0.0274,0.0900,+0.0,+0.0000,NONE,RUNNING
="2026-08-08 23:39:41",65154,157889,123485,34403,100000,+0.0274,0.0900,+0.0,+0.0000,NONE,RUNNING
="2026-08-08 23:39:42",65154,101484,87078,14405,100000,+0.0274,0.0900,+0.0,+0.0000,NONE,RUNNING
="2026-08-08 23:39:43",65154,101484,87078,14405,100000,+0.0274,0.0900,+0.0,+0.0000,NONE,RUNNING
="2026-08-08 23:39:44",65154,101484,87078,14405,100000,+0.0274,0.0900,+0.0,+0.0000,NONE,RUNNING
="2026-08-08 23:39:45",65154,101484,87078,14405,100000,-0.0058,0.0900,+0.0,+0.0000,NONE,RUNNING
="2026-08-08 23:39:46",65154,111909,97503,14405,100000,-0.0058,0.0900,+0.0,+0.0000,NONE,RUNNING
="2026-08-08 23:39:47",65154,111909,97503,14405,100000,-0.0063,0.0900,+0.0,+0.0000,NONE,RUNNING
="2026-08-08 23:39:48",65148,111909,97503,14405,100000,-0.0063,0.0900,+0.0,+0.0000,NONE,RUNNING
="2026-08-08 23:39:49",65148,111909,97503,14405,100000,-0.0105,0.0900,+0.0,+0.0000,NONE,RUNNING
="2026-08-08 23:39:50",65148,111909,97503,14405,100000,-0.0105,0.0900,+0.0,+0.0000,NONE,RUNNING
="2026-08-08 23:39:51",65148,111909,97503,14405,100000,-0.0109,0.0900,+0.0,+0.0000,NONE,RUNNING
="2026-08-08 23:39:52",65148,111909,97503,14405,100000,-0.0109,0.0900,+0.0,+0.0000,NONE,RUNNING
="2026-08-08 23:39:53",65148,111909,97503,14405,100000,-0.0109,0.0900,+0.0,+0.0000,NONE,RUNNING
="2026-08-08 23:39:54",65148,99066,84660,14405,100000,-0.0188,0.0900,+0.0,+0.0000,NONE,RUNNING
="2026-08-08 23:39:55",65148,148988,113400,35588,100000,-0.0197,0.0900,+0.0,+0.0000,NONE,RUNNING
="2026-08-08 23:39:56",65148,148988,113400,35588,100000,-0.0197,0.0900,+0.0,+0.0000,NONE,RUNNING
="2026-08-08 23:39:57",65148,148988,113400,35588,100000,-0.0178,0.0900,+0.0,+0.0000,NONE,RUNNING
="2026-08-08 23:39:58",65148,148988,113400,35588,100000,-0.0178,0.0900,+0.0,+0.0000,NONE,RUNNING
="2026-08-08 23:39:59",65148,148988,113400,35588,100000,-0.0241,0.0900,+0.0,+0.0000,NONE,RUNNING
="2026-08-08 23:40:00",65148,163417,142235,21182,100000,-0.0241,0.0900,+0.0,+0.0000,NONE,RUNNING
="2026-08-08 23:40:01",65144,163417,142235,21182,100000,-0.0243,0.0900,+0.0,+0.0000,NONE,RUNNING
="2026-08-08 23:40:02",65144,251574,230392,21182,100000,-0.0243,0.0900,+0.0,+0.0000,NONE,RUNNING
="2026-08-08 23:40:03",65139,192975,171793,21182,100000,-0.0248,0.0900,+0.0,+0.0000,NONE,RUNNING
="2026-08-08 23:40:04",65139,192975,171793,21182,100000,-0.0248,0.0900,+0.0,+0.0000,NONE,RUNNING
="2026-08-08 23:40:05",65139,192975,171793,21182,100000,-0.0262,0.0900,+0.0,+0.0000,NONE,RUNNING
="2026-08-08 23:40:06",65139,192975,171793,21182,100000,-0.0262,0.0900,+0.0,+0.0000,NONE,RUNNING
="2026-08-08 23:40:07",65139,192975,171793,21182,100000,-0.0262,0.0900,+0.0,+0.0000,NONE,RUNNING
="2026-08-08 23:40:08",65139,192975,171793,21182,100000,-0.0260,0.0900,+0.0,+0.0000,NONE,RUNNING
="2026-08-08 23:40:09",65139,192975,171793,21182,100000,-0.0264,0.0900,+0.0,+0.0000,NONE,RUNNING
="2026-08-08 23:40:10",65139,192975,171793,21182,100000,-0.0264,0.0900,+0.0,+0.0000,NONE,RUNNING
="2026-08-08 23:40:11",65136,192975,171793,21182,100000,-0.0273,0.0900,+0.0,+0.0000,NONE,RUNNING
="2026-08-08 23:40:12",65136,192975,171793,21182,100000,-0.0273,0.0900,+0.0,+0.0000,NONE,RUNNING
="2026-08-08 23:40:13",65136,192975,171793,21182,100000,-0.0273,0.0900,+0.0,+0.0000,NONE,RUNNING
="2026-08-08 23:40:14",65136,192975,171793,21182,100000,-0.0281,0.0900,+0.0,+0.0000,NONE,RUNNING
="2026-08-08 23:40:15",65136,192975,171793,21182,100000,-0.0282,0.0900,+0.0,+0.0000,NONE,RUNNING
="2026-08-08 23:40:16",65136,192975,171793,21182,100000,-0.0282,0.0900,+0.0,+0.0000,NONE,RUNNING
="2026-08-08 23:40:17",65136,192975,171793,21182,100000,-0.0307,0.0900,+0.0,+0.0000,NONE,RUNNING
="2026-08-08 23:40:18",65136,192975,171793,21182,100000,-0.0296,0.0900,+0.0,+0.0000,NONE,RUNNING
="2026-08-08 23:40:19",65136,192975,171793,21182,100000,-0.0296,0.0900,+0.0,+0.0000,NONE,RUNNING
="2026-08-08 23:40:20",65136,192975,171793,21182,100000,-0.0297,0.0900,+0.0,+0.0000,NONE,RUNNING
="2026-08-08 23:40:21",65136,192975,171793,21182,100000,-0.0297,0.0900,+0.0,+0.0000,NONE,RUNNING
="2026-08-08 23:40:22",65136,192975,171793,21182,100000,-0.0297,0.0900,+0.0,+0.0000,NONE,RUNNING
="2026-08-08 23:41:23",65124,43302,43302,0,100000,+0.0204,0.0900,+0.0,+0.0000,NONE,RUNNING
="2026-08-08 23:42:23",65118,111386,111386,0,100000,-0.0001,0.0900,+0.0,+0.0000,NONE,RUNNING
="2026-08-08 23:43:23",65117,77823,20794,57028,100000,+0.0005,0.0900,+0.0,+0.0000,NONE,RUNNING
="2026-08-08 23:44:23",65116,28457,28457,0,100000,-0.0028,0.0900,+0.0,+0.0000,NONE,RUNNING
="2026-08-08 23:45:23",65116,205014,0,205014,100000,+0.0041,0.0900,+0.0,+0.0000,NONE,RUNNING
="2026-08-08 23:46:23",65123,128869,38494,90374,100000,-0.0091,0.0900,+0.0,+0.0000,NONE,RUNNING
="2026-08-08 23:47:23",65137,179290,36744,142545,100000,+0.0085,0.0900,+0.0,+0.0000,NONE,RUNNING
="2026-08-08 23:48:23",65147,35973,0,35973,100000,+0.0389,0.0900,+0.0,+0.0000,NONE,RUNNING
="2026-08-08 23:49:23",65149,36564,0,36564,100000,+0.0057,0.0900,+0.0,+0.0000,NONE,RUNNING
="2026-08-08 23:50:23",65156,162412,0,162412,100000,+0.0084,0.0900,+0.0,+0.0000,NONE,RUNNING
="2026-08-08 23:51:23",65156,119237,0,119237,100000,+0.0115,0.0900,+0.0,+0.0000,NONE,RUNNING
="2026-08-08 23:52:23",65155,305627,239354,66273,100000,-0.0082,0.0900,+0.0,+0.0000,NONE,RUNNING
="2026-08-08 23:53:23",65155,24151,0,24151,100000,-0.0004,0.0900,+0.0,+0.0000,NONE,RUNNING
="2026-08-08 23:54:23",65155,508451,508451,0,100000,+0.0035,0.0900,+0.0,+0.0000,NONE,RUNNING
="2026-08-08 23:55:23",65155,132571,32577,99993,100000,+0.0029,0.0900,+0.0,+0.0000,NONE,RUNNING
="2026-08-08 23:56:23",65165,170989,10274,160715,100000,-0.0020,0.0900,+0.0,+0.0000,NONE,RUNNING
="2026-08-08 23:57:24",65180,186226,0,186226,100000,+0.0123,0.0900,+0.0,+0.0000,NONE,RUNNING
="2026-08-08 23:58:24",65153,278097,278097,0,100000,-0.0167,0.0900,+0.0,+0.0000,NONE,RUNNING
="2026-08-08 23:59:24",65129,140868,124843,16024,100000,+0.0215,0.0900,+0.0,+0.0000,NONE,RUNNING
