Timestamp(KST),BTC_Price($),1m_Rolling_Liq($),1m_Long_Liq($),1m_Short_Liq($),Liq_Threshold($),1m_OI_Speed(%),OI_Speed_Threshold(%),5s_Price_Delta($),1m_Price_Delta($),1m_Price_Slope,Signal,Bot_State
="2026-08-25 00:00:00",79510,1286102,381329,904772,650000,+0.0000,0.1800,+0.9,+32.9,+0.5317,NONE,STOPPED
="2026-08-25 00:00:01",79516,1364329,420916,943412,650000,+0.0000,0.1800,+6.0,+32.0,+0.6313,NONE,STOPPED
="2026-08-25 00:00:02",79516,1383290,441138,942151,650000,+0.0000,0.1800,+6.0,+32.0,+0.6313,NONE,STOPPED
="2026-08-25 00:00:03",79502,1641361,510456,1130904,650000,+0.0000,0.1800,-8.5,+16.4,+0.7731,NONE,STOPPED
="2026-08-25 00:00:04",79496,1678168,510456,1167711,650000,+0.0000,0.1800,-14.9,+10.0,+0.7703,NONE,STOPPED
="2026-08-25 00:00:05",79496,1678167,510456,1167710,650000,+0.0000,0.1800,-14.9,+10.0,+0.7703,NONE,STOPPED
="2026-08-25 00:00:06",79483,1668164,510456,1157707,650000,+0.0000,0.1800,-32.7,-2.7,+0.7103,NONE,STOPPED
="2026-08-25 00:00:07",79482,1668164,510456,1157707,650000,+0.0000,0.1800,-40.0,-4.0,+0.6532,NONE,STOPPED
="2026-08-25 00:00:08",79482,1772024,510456,1261567,650000,+0.0000,0.1800,-40.0,-4.0,+0.6532,NONE,STOPPED
="2026-08-25 00:00:09",79485,1752014,500451,1251562,650000,+0.0000,0.1800,-10.8,+9.8,+0.5677,NONE,STOPPED
="2026-08-25 00:00:10",79470,1752014,500451,1251562,650000,+0.0000,0.1800,-26.0,-5.4,+0.4661,NONE,STOPPED
="2026-08-25 00:00:11",79467,1810999,500451,1310548,650000,+0.0000,0.1800,-15.4,-5.6,+0.3649,NONE,STOPPED
="2026-08-25 00:00:12",79467,1782406,481863,1300543,650000,+0.0000,0.1800,-14.0,-14.7,+0.2710,NONE,STOPPED
="2026-08-25 00:00:13",79467,1782406,481863,1300543,650000,+0.0000,0.1800,-17.2,-14.7,+0.1907,NONE,STOPPED
="2026-08-25 00:00:14",79479,1875725,481863,1393862,650000,+0.0000,0.1800,-5.2,+2.0,+0.1645,NONE,STOPPED
="2026-08-25 00:00:15",79480,1865720,481863,1383857,650000,+0.0000,0.1800,+10.2,+2.2,+0.1384,NONE,STOPPED
="2026-08-25 00:00:16",79472,1912469,616244,1296225,650000,+0.0000,0.1800,+5.0,-3.0,+0.0861,NONE,STOPPED
="2026-08-25 00:00:17",79472,1912469,616244,1296225,650000,+0.0000,0.1800,+5.0,-3.0,+0.0371,NONE,STOPPED
="2026-08-25 00:00:18",79464,1912470,616244,1296225,650000,+0.0000,0.1800,-4.0,-12.0,-0.0424,NONE,STOPPED
="2026-08-25 00:00:19",79464,1912470,616244,1296225,650000,+0.0000,0.1800,-16.0,-14.0,-0.1143,NONE,STOPPED
="2026-08-25 00:00:20",79464,1912470,616244,1296225,650000,+0.0000,0.1800,-16.2,-14.0,-0.1779,NONE,STOPPED
="2026-08-25 00:00:21",79467,1912471,616244,1296227,650000,+0.0000,0.1800,-5.0,-11.5,-0.2196,NONE,STOPPED
="2026-08-25 00:00:22",79494,1955762,616244,1339517,650000,+0.0000,0.1800,+21.7,+15.2,-0.1521,NONE,STOPPED
="2026-08-25 00:00:23",79494,1965766,616244,1349522,650000,+0.0000,0.1800,+30.6,+15.2,-0.0908,NONE,STOPPED
="2026-08-25 00:00:24",79494,2015154,675635,1339518,650000,+0.0000,0.1800,+30.6,+15.2,-0.0354,NONE,STOPPED
="2026-08-25 00:00:25",79495,2015154,675635,1339518,650000,+0.0000,0.1800,+32.0,+16.5,+0.0199,NONE,STOPPED
="2026-08-25 00:00:26",79514,2025157,675635,1349521,650000,+0.0000,0.1800,+46.3,+34.8,+0.1406,NONE,STOPPED
="2026-08-25 00:00:27",79519,1946472,596951,1349521,650000,+0.0000,0.1800,+24.6,+39.8,+0.2685,NONE,STOPPED
="2026-08-25 00:00:28",79519,1946472,596951,1349521,650000,+0.0000,0.1800,+24.6,+39.8,+0.3828,NONE,STOPPED
="2026-08-25 00:00:29",79516,1956477,596951,1359526,650000,+0.0000,0.1800,+21.4,+35.8,+0.4721,NONE,STOPPED
="2026-08-25 00:00:30",79516,1946474,596951,1349523,650000,+0.0000,0.1800,+20.0,+35.9,+0.5513,NONE,STOPPED
="2026-08-25 00:00:31",79516,1946474,596951,1349523,650000,+0.0000,0.1800,+20.0,+35.9,+0.5513,NONE,STOPPED
="2026-08-25 00:00:32",79516,1956478,596951,1359527,650000,+0.0000,0.1800,-3.3,+35.9,+0.6818,NONE,STOPPED
="2026-08-25 00:00:33",79500,1862759,513235,1349524,650000,+0.0000,0.1800,-18.7,+36.6,+0.6743,NONE,STOPPED
="2026-08-25 00:00:34",79498,1926638,577113,1349524,650000,+0.0000,0.1800,-17.6,+34.4,+0.6470,NONE,STOPPED
="2026-08-25 00:00:35",79486,1936643,577113,1359529,650000,+0.0000,0.1800,-30.0,+13.7,+0.5712,NONE,STOPPED
="2026-08-25 00:00:36",79475,2007344,594992,1412352,650000,+0.0000,0.1800,-40.1,+6.1,+0.4659,NONE,STOPPED
="2026-08-25 00:00:37",79475,2007344,594992,1412352,650000,+0.0000,0.1800,-40.1,+6.1,+0.3672,NONE,STOPPED
="2026-08-25 00:00:38",79475,2575930,1053333,1522597,650000,+0.0000,0.1800,-24.6,+6.1,+0.2763,NONE,STOPPED
="2026-08-25 00:00:39",79464,2584206,1053333,1530873,650000,+0.0000,0.1800,-33.5,-4.9,+0.1495,NONE,STOPPED
="2026-08-25 00:00:40",79455,2584206,1053333,1530873,650000,+0.0000,0.1800,-30.0,-14.2,-0.0008,NONE,STOPPED
="2026-08-25 00:00:41",79451,2353908,1108888,1245020,650000,+0.0000,0.1800,-24.9,-18.8,-0.1562,NONE,STOPPED
="2026-08-25 00:00:42",79454,2343904,1108888,1235016,650000,+0.0000,0.1800,-21.7,-15.6,-0.2848,NONE,STOPPED
="2026-08-25 00:00:43",79454,2343904,1108888,1235016,650000,+0.0000,0.1800,-21.8,-15.6,-0.4008,NONE,STOPPED
="2026-08-25 00:00:44",79422,2353908,1108888,1245020,650000,+0.0000,0.1800,-42.6,-47.5,-0.6292,NONE,STOPPED
="2026-08-25 00:00:45",79422,2343904,1108888,1235016,650000,+0.0000,0.1800,-33.7,-47.5,-0.8342,NONE,STOPPED
="2026-08-25 00:00:46",79416,2382233,1147217,1235016,650000,+0.0000,0.1800,-35.1,-53.8,-1.0420,NONE,STOPPED
="2026-08-25 00:00:47",79398,2459915,1224900,1235015,650000,+0.0000,0.1800,-55.6,-72.8,-1.2949,NONE,STOPPED
="2026-08-25 00:00:48",79424,2473659,1171103,1302556,650000,+0.0000,0.1800,-30.0,-47.2,-1.4192,NONE,STOPPED
="2026-08-25 00:00:49",79426,2473659,1171103,1302556,650000,+0.0000,0.1800,+4.6,-44.5,-1.5174,NONE,STOPPED
="2026-08-25 00:00:50",79427,2621434,1308873,1312560,650000,+0.0000,0.1800,+5.7,-43.4,-1.5976,NONE,STOPPED
="2026-08-25 00:00:51",79428,2611430,1308873,1302556,650000,+0.0000,0.1800,+12.0,-43.4,-1.6657,NONE,STOPPED
="2026-08-25 00:00:52",79428,2611430,1308873,1302556,650000,+0.0000,0.1800,+29.4,-43.4,-1.7226,NONE,STOPPED
="2026-08-25 00:00:53",79463,2649574,1308873,1340700,650000,+0.0000,0.1800,+39.7,-20.1,-1.6295,NONE,STOPPED
="2026-08-25 00:00:54",79454,2779009,1430037,1348972,650000,+0.0000,0.1800,+28.1,-55.0,-1.5681,NONE,STOPPED
="2026-08-25 00:00:55",79454,2679329,1405784,1273545,650000,+0.0000,0.1800,+26.8,-55.2,-1.4927,NONE,STOPPED
="2026-08-25 00:00:56",79454,2679330,1405784,1273546,650000,+0.0000,0.1800,+26.8,-56.2,-1.4187,NONE,STOPPED
="2026-08-25 00:00:57",79454,2635570,1376380,1259189,650000,+0.0000,0.1800,+26.8,-56.2,-1.3454,NONE,STOPPED
="2026-08-25 00:00:58",79454,2635570,1376380,1259189,650000,+0.0000,0.1800,-9.1,-56.2,-1.2736,NONE,STOPPED
="2026-08-25 00:00:59",79454,2510298,1376380,1133917,650000,+0.0000,0.1800,-9.1,-56.2,-1.2736,NONE,STOPPED
="2026-08-25 00:01:00",79454,2510298,1376380,1133917,650000,+0.0000,0.1800,-0.2,-61.2,-1.1343,NONE,STOPPED
="2026-08-25 00:01:01",79446,2586631,1369310,1217320,650000,+0.0000,0.1800,-8.3,-75.6,-1.0962,NONE,STOPPED
="2026-08-25 00:01:02",79455,2584761,1349088,1235673,650000,+0.0000,0.1800,+0.7,-47.0,-1.0176,NONE,STOPPED
="2026-08-25 00:01:03",79459,2352097,1279770,1072326,650000,+0.0000,0.1800,+5.2,-36.0,-0.9354,NONE,STOPPED
="2026-08-25 00:01:04",79459,2315290,1279770,1035520,650000,+0.0000,0.1800,+5.2,-36.0,-0.8607,NONE,STOPPED
="2026-08-25 00:01:05",79459,2315289,1279770,1035519,650000,+0.0000,0.1800,+5.2,-23.3,-0.7893,NONE,STOPPED
="2026-08-25 00:01:06",79454,2351094,1315574,1035519,650000,+0.0000,0.1800,+8.3,-27.2,-0.7492,NONE,STOPPED
="2026-08-25 00:01:07",79446,2351094,1315574,1035519,650000,+0.0000,0.1800,-9.4,-39.2,-0.7448,NONE,STOPPED
="2026-08-25 00:01:08",79434,2257239,1315574,941665,650000,+0.0000,0.1800,-26.0,-51.2,-0.7826,NONE,STOPPED
="2026-08-25 00:01:09",79434,2257239,1315574,941665,650000,+0.0000,0.1800,-25.2,-35.2,-0.8104,NONE,STOPPED
="2026-08-25 00:01:10",79435,2257239,1315574,941665,650000,+0.0000,0.1800,-24.0,-32.0,-0.8365,NONE,STOPPED
="2026-08-25 00:01:11",79436,2208258,1315574,892683,650000,+0.0000,0.1800,-18.7,-31.9,-0.8580,NONE,STOPPED
="2026-08-25 00:01:12",79438,2208258,1315574,892683,650000,+0.0000,0.1800,-8.0,-30.0,-0.8671,NONE,STOPPED
="2026-08-25 00:01:13",79445,2208258,1315574,892683,650000,+0.0000,0.1800,+12.0,-34.0,-0.8413,NONE,STOPPED
="2026-08-25 00:01:14",79445,2243217,1433849,809368,650000,+0.0000,0.1800,+12.0,-34.0,-0.8413,NONE,STOPPED
="2026-08-25 00:01:15",79439,2243217,1433849,809368,650000,+0.0000,0.1800,+3.3,-33.7,-0.8095,NONE,STOPPED
="2026-08-25 00:01:16",79444,2097186,1299468,797718,650000,+0.0000,0.1800,+8.3,-28.6,-0.7828,NONE,STOPPED
="2026-08-25 00:01:17",79444,2107190,1299468,807722,650000,+0.0000,0.1800,+6.4,-19.6,-0.7557,NONE,STOPPED
="2026-08-25 00:01:18",79438,2097185,1299468,797717,650000,+0.0000,0.1800,-8.0,-26.0,-0.7585,NONE,STOPPED
="2026-08-25 00:01:19",79438,2097185,1299468,797717,650000,+0.0000,0.1800,-5.3,-26.0,-0.7585,NONE,STOPPED
="2026-08-25 00:01:20",79436,2107190,1299468,807721,650000,+0.0000,0.1800,-6.6,-27.2,-0.7510,NONE,STOPPED
="2026-08-25 00:01:21",79436,2097185,1299468,797717,650000,+0.0000,0.1800,-8.4,-58.6,-0.7608,NONE,STOPPED
="2026-08-25 00:01:22",79406,2082139,1320163,761976,650000,+0.0000,0.1800,-38.4,-88.6,-0.8585,NONE,STOPPED
="2026-08-25 00:01:23",79400,2082139,1320163,761976,650000,+0.0000,0.1800,-38.0,-94.6,-0.9655,NONE,STOPPED
="2026-08-25 00:01:24",79400,2022748,1260771,761976,650000,+0.0000,0.1800,-38.0,-96.0,-1.0572,NONE,STOPPED
="2026-08-25 00:01:25",79398,2022748,1260771,761976,650000,+0.0000,0.1800,-38.8,-116.2,-1.1417,NONE,STOPPED
="2026-08-25 00:01:26",79398,2022750,1260771,761978,650000,+0.0000,0.1800,-38.0,-121.3,-1.2014,NONE,STOPPED
="2026-08-25 00:01:27",79401,2022750,1260771,761978,650000,+0.0000,0.1800,-4.0,-117.3,-1.2300,NONE,STOPPED
="2026-08-25 00:01:28",79401,2039523,1277545,761978,650000,+0.0000,0.1800,+2.0,-114.0,-1.2487,NONE,STOPPED
="2026-08-25 00:01:29",79401,2039523,1277545,761978,650000,+0.0000,0.1800,+2.0,-114.0,-1.2604,NONE,STOPPED
="2026-08-25 00:01:30",79401,2039523,1277545,761978,650000,+0.0000,0.1800,+4.0,-114.0,-1.2639,NONE,STOPPED
="2026-08-25 00:01:31",79398,2039523,1277545,761978,650000,+0.0000,0.1800,+0.0,-118.0,-1.2753,NONE,STOPPED
="2026-08-25 00:01:32",79398,2118325,1356348,761977,650000,+0.0000,0.1800,-4.0,-102.6,-1.2782,NONE,STOPPED
="2026-08-25 00:01:33",79398,2065455,1303477,761977,650000,+0.0000,0.1800,-4.0,-100.4,-1.2829,NONE,STOPPED
="2026-08-25 00:01:34",79364,2121513,1239598,881915,650000,+0.0000,0.1800,-38.0,-122.0,-1.4139,NONE,STOPPED
="2026-08-25 00:01:35",79389,2149413,1254219,895194,650000,+0.0000,0.1800,-12.0,-85.9,-1.4314,NONE,STOPPED
="2026-08-25 00:01:36",79389,2078712,1236340,842371,650000,+0.0000,0.1800,-8.0,-85.9,-1.4466,NONE,STOPPED
="2026-08-25 00:01:37",79389,2078712,1236340,842371,650000,+0.0000,0.1800,-8.4,-86.3,-1.4555,NONE,STOPPED
="2026-08-25 00:01:38",79389,1520131,778000,742130,650000,+0.0000,0.1800,-8.0,-74.9,-1.4556,NONE,STOPPED
="2026-08-25 00:01:39",79403,1514915,778000,736915,650000,+0.0000,0.1800,+40.0,-52.0,-1.4014,NONE,STOPPED
="2026-08-25 00:01:40",79415,1530338,778000,752337,650000,+0.0000,0.1800,+25.8,-35.2,-1.3060,NONE,STOPPED
="2026-08-25 00:01:41",79419,1464778,722445,742333,650000,+0.0000,0.1800,+30.0,-34.2,-1.2015,NONE,STOPPED
="2026-08-25 00:01:42",79398,1486288,743954,742333,650000,+0.0000,0.1800,+8.4,-56.2,-1.1862,NONE,STOPPED
="2026-08-25 00:01:43",79396,1496292,743954,752337,650000,+0.0000,0.1800,+6.0,-26.3,-1.1753,NONE,STOPPED
="2026-08-25 00:01:44",79396,1486287,743954,742332,650000,+0.0000,0.1800,-8.0,-26.3,-1.1799,NONE,STOPPED
="2026-08-25 00:01:45",79400,1486287,743954,742332,650000,+0.0000,0.1800,-15.2,-15.3,-1.1625,NONE,STOPPED
="2026-08-25 00:01:46",79400,1457962,705625,752336,650000,+0.0000,0.1800,-19.3,+2.1,-1.1471,NONE,STOPPED
="2026-08-25 00:01:47",79400,1340264,597931,742333,650000,+0.0000,0.1800,+2.7,-23.5,-1.1408,NONE,STOPPED
="2026-08-25 00:01:48",79400,1440406,765615,674791,650000,+0.0000,0.1800,+4.7,-26.2,-1.1171,NONE,STOPPED
="2026-08-25 00:01:49",79396,1450410,765615,684795,650000,+0.0000,0.1800,-0.0,-32.0,-1.1089,NONE,STOPPED
="2026-08-25 00:01:50",79394,1302636,627844,674791,650000,+0.0000,0.1800,-6.0,-33.3,-1.1025,NONE,STOPPED
="2026-08-25 00:01:51",79394,1302636,627844,674791,650000,+0.0000,0.1800,-6.0,-33.3,-1.0930,NONE,STOPPED
="2026-08-25 00:01:52",79394,1312641,627844,684796,650000,+0.0000,0.1800,-6.0,-69.2,-1.0807,NONE,STOPPED
="2026-08-25 00:01:53",79395,1276502,627844,648657,650000,+0.0000,0.1800,-5.3,-59.6,-1.0414,NONE,STOPPED
="2026-08-25 00:01:54",79405,1141044,506680,634363,650000,+0.0000,0.1800,+10.0,-48.8,-0.9647,NONE,STOPPED
="2026-08-25 00:01:55",79413,1176047,531680,644367,650000,+0.0000,0.1800,+19.2,-40.9,-0.8605,NONE,STOPPED
="2026-08-25 00:01:56",79414,1166042,531680,634362,650000,+0.0000,0.1800,+19.3,-40.8,-0.7613,NONE,STOPPED
="2026-08-25 00:01:57",79406,1166042,531680,634362,650000,+0.0000,0.1800,+11.6,-48.4,-0.6976,NONE,STOPPED
="2026-08-25 00:01:58",79399,1191518,547151,644366,650000,+0.0000,0.1800,+3.8,-55.6,-0.6638,NONE,STOPPED
="2026-08-25 00:01:59",79399,1296117,547151,748965,650000,+0.0000,0.1800,-6.0,-54.8,-0.6263,NONE,STOPPED
="2026-08-25 00:02:00",79399,1314459,547151,767307,650000,+0.0000,0.1800,-13.8,-46.4,-0.5886,NONE,STOPPED
="2026-08-25 00:02:01",79401,1169902,514635,655267,650000,+0.0000,0.1800,-12.6,-54.1,-0.5503,NONE,STOPPED
="2026-08-25 00:02:02",79401,1141546,514635,626911,650000,+0.0000,0.1800,-4.9,-58.6,-0.5069,NONE,STOPPED
="2026-08-25 00:02:03",79402,1106137,514635,591502,650000,+0.0000,0.1800,+3.5,-57.3,-0.4564,NONE,STOPPED
="2026-08-25 00:02:04",79402,1116141,514635,601505,650000,+0.0000,0.1800,+2.7,-57.3,-0.4071,NONE,STOPPED
="2026-08-25 00:02:05",79402,1106137,514635,591501,650000,+0.0000,0.1800,+2.7,-52.1,-0.3589,NONE,STOPPED
="2026-08-25 00:02:06",79402,1070332,478830,591501,650000,+0.0000,0.1800,+1.3,-43.3,-0.3151,NONE,STOPPED
="2026-08-25 00:02:07",79415,1098294,478830,619463,650000,+0.0000,0.1800,+14.6,-18.0,-0.2259,NONE,STOPPED
="2026-08-25 00:02:08",79414,1113288,503830,609458,650000,+0.0000,0.1800,+12.0,-20.1,-0.1552,NONE,STOPPED
="2026-08-25 00:02:09",79416,1160767,503830,656937,650000,+0.0000,0.1800,+13.7,-19.6,-0.0827,NONE,STOPPED
="2026-08-25 00:02:10",79419,1170771,503830,666941,650000,+0.0000,0.1800,+16.9,-16.5,-0.0024,NONE,STOPPED
="2026-08-25 00:02:11",79419,1160768,503830,656937,650000,+0.0000,0.1800,+16.9,-18.4,+0.0715,NONE,STOPPED
="2026-08-25 00:02:12",79419,1160768,503830,656937,650000,+0.0000,0.1800,+3.6,-26.4,+0.1406,NONE,STOPPED
="2026-08-25 00:02:13",79419,1170771,503830,666941,650000,+0.0000,0.1800,+4.9,-23.8,+0.2089,NONE,STOPPED
="2026-08-25 00:02:14",79419,1059542,385555,673986,650000,+0.0000,0.1800,+3.2,-19.7,+0.2703,NONE,STOPPED
="2026-08-25 00:02:15",79419,1059542,385555,673986,650000,+0.0000,0.1800,+3.2,-24.8,+0.3242,NONE,STOPPED
="2026-08-25 00:02:16",79432,1069546,385555,683990,650000,+0.0000,0.1800,+12.4,-12.4,+0.4249,NONE,STOPPED
="2026-08-25 00:02:17",79432,1059542,385555,673986,650000,+0.0000,0.1800,+13.4,-5.1,+0.5202,NONE,STOPPED
="2026-08-25 00:02:18",79422,1059542,385555,673986,650000,+0.0000,0.1800,+2.9,-15.6,+0.5617,NONE,STOPPED
="2026-08-25 00:02:19",79416,1069547,385555,683991,650000,+0.0000,0.1800,-3.3,-20.5,+0.5748,NONE,STOPPED
="2026-08-25 00:02:20",79416,1059543,385555,673987,650000,+0.0000,0.1800,-3.3,-19.8,+0.5857,NONE,STOPPED
="2026-08-25 00:02:21",79416,1059543,385555,673987,650000,+0.0000,0.1800,-15.8,+10.2,+0.5948,NONE,STOPPED
="2026-08-25 00:02:22",79419,1102868,364860,738007,650000,+0.0000,0.1800,-13.9,+19.0,+0.5953,NONE,STOPPED
="2026-08-25 00:02:23",79429,1109561,364860,744700,650000,+0.0000,0.1800,+7.5,+29.9,+0.6329,NONE,STOPPED
="2026-08-25 00:02:24",79429,1109561,364860,744700,650000,+0.0000,0.1800,+13.7,+31.9,+0.6645,NONE,STOPPED
="2026-08-25 00:02:25",79449,1164711,364860,799851,650000,+0.0000,0.1800,+33.8,+52.0,+0.7677,NONE,STOPPED
="2026-08-25 00:02:26",79451,1212533,364860,847672,650000,+0.0000,0.1800,+35.8,+50.0,+0.8658,NONE,STOPPED
="2026-08-25 00:02:27",79456,1212533,364860,847672,650000,+0.0000,0.1800,+37.8,+54.8,+0.9724,NONE,STOPPED
="2026-08-25 00:02:28",79468,1313828,348087,965741,650000,+0.0000,0.1800,+38.1,+66.0,+1.1089,NONE,STOPPED
="2026-08-25 00:02:29",79472,1322975,348087,974888,650000,+0.0000,0.1800,+42.5,+70.5,+1.2459,NONE,STOPPED
="2026-08-25 00:02:30",79472,1347056,358385,988670,650000,+0.0000,0.1800,+22.5,+74.5,+1.3653,NONE,STOPPED
="2026-08-25 00:02:31",79484,1347056,358385,988670,650000,+0.0000,0.1800,+32.0,+86.0,+1.5109,NONE,STOPPED
="2026-08-25 00:02:32",79485,1283498,279583,1003915,650000,+0.0000,0.1800,+29.2,+88.0,+1.6449,NONE,STOPPED
="2026-08-25 00:02:33",79488,1283498,279583,1003915,650000,+0.0000,0.1800,+20.1,+124.1,+1.7681,NONE,STOPPED
="2026-08-25 00:02:34",79488,1173565,279583,893981,650000,+0.0000,0.1800,+15.6,+98.1,+1.8526,NONE,STOPPED
="2026-08-25 00:02:35",79488,1203232,264962,938270,650000,+0.0000,0.1800,+15.6,+98.1,+1.8526,NONE,STOPPED
="2026-08-25 00:02:36",79513,1203232,264962,938270,650000,+0.0000,0.1800,+29.9,+124.3,+2.1822,NONE,STOPPED
="2026-08-25 00:02:37",79511,1213235,264962,948273,650000,+0.0000,0.1800,+25.4,+121.4,+2.3088,NONE,STOPPED
="2026-08-25 00:02:38",79492,1203231,264962,938268,650000,+0.0000,0.1800,+3.9,+88.0,+2.3395,NONE,STOPPED
="2026-08-25 00:02:39",79492,1190167,264962,925205,650000,+0.0000,0.1800,+3.9,+76.2,+2.3669,NONE,STOPPED
="2026-08-25 00:02:40",79492,1184750,264962,919788,650000,+0.0000,0.1800,-18.0,+72.0,+2.3907,NONE,STOPPED
="2026-08-25 00:02:41",79490,1184750,264962,919788,650000,+0.0000,0.1800,-19.3,+70.7,+2.3628,NONE,STOPPED
="2026-08-25 00:02:42",79496,1194652,243452,951199,650000,+0.0000,0.1800,-14.4,+100.9,+2.4153,NONE,STOPPED
="2026-08-25 00:02:43",79495,1184648,243452,941195,650000,+0.0000,0.1800,+3.7,+99.7,+2.4123,NONE,STOPPED
="2026-08-25 00:02:44",79492,1184648,243452,941195,650000,+0.0000,0.1800,+0.0,+96.0,+2.3650,NONE,STOPPED
="2026-08-25 00:02:45",79473,1194652,243452,951200,650000,+0.0000,0.1800,-18.2,+73.1,+2.2856,NONE,STOPPED
="2026-08-25 00:02:46",79472,1184649,243452,941196,650000,+0.0000,0.1800,-18.3,+71.7,+2.1808,NONE,STOPPED
="2026-08-25 00:02:47",79472,1184649,243452,941196,650000,+0.0000,0.1800,-24.5,+71.7,+2.1808,NONE,STOPPED
="2026-08-25 00:02:48",79470,1026971,75769,951201,650000,+0.0000,0.1800,-25.7,+74.0,+1.9675,NONE,STOPPED
="2026-08-25 00:02:49",79467,1016967,75769,941197,650000,+0.0000,0.1800,-24.6,+72.7,+1.8470,NONE,STOPPED
="2026-08-25 00:02:50",79467,1016967,75769,941197,650000,+0.0000,0.1800,-6.4,+72.7,+1.7297,NONE,STOPPED
="2026-08-25 00:02:51",79487,1070399,75769,994629,650000,+0.0000,0.1800,+15.6,+93.3,+1.6964,NONE,STOPPED
="2026-08-25 00:02:52",79487,1060394,75769,984625,650000,+0.0000,0.1800,+15.6,+92.6,+1.6587,NONE,STOPPED
="2026-08-25 00:02:53",79487,1048385,75769,972615,650000,+0.0000,0.1800,+18.0,+82.0,+1.6176,NONE,STOPPED
="2026-08-25 00:02:54",79487,1050606,100769,949836,650000,+0.0000,0.1800,+20.6,+74.1,+1.5795,NONE,STOPPED
="2026-08-25 00:02:55",79488,1015602,75769,939833,650000,+0.0000,0.1800,+20.6,+74.0,+1.5430,NONE,STOPPED
="2026-08-25 00:02:56",79507,1045019,75769,969249,650000,+0.0000,0.1800,+19.3,+101.0,+1.5787,NONE,STOPPED
="2026-08-25 00:02:57",79510,1080022,100769,979252,650000,+0.0000,0.1800,+22.5,+111.3,+1.6119,NONE,STOPPED
="2026-08-25 00:02:58",79517,1097840,85297,1012543,650000,+0.0000,0.1800,+29.3,+117.3,+1.6569,NONE,STOPPED
="2026-08-25 00:02:59",79521,1033221,85297,947923,650000,+0.0000,0.1800,+33.4,+121.4,+1.7061,NONE,STOPPED
="2026-08-25 00:03:00",79521,1024883,85297,939585,650000,+0.0000,0.1800,+33.4,+120.0,+1.7425,NONE,STOPPED
="2026-08-25 00:03:01",79521,1014880,85297,929582,650000,+0.0000,0.1800,+14.1,+120.0,+1.7680,NONE,STOPPED
="2026-08-25 00:03:02",79524,1047303,85297,962005,650000,+0.0000,0.1800,+13.5,+121.3,+1.7928,NONE,STOPPED
="2026-08-25 00:03:03",79532,1047303,85297,962005,650000,+0.0000,0.1800,+15.2,+129.8,+1.8406,NONE,STOPPED
="2026-08-25 00:03:04",79553,1059767,85297,974469,650000,+0.0000,0.1800,+32.4,+151.1,+1.9579,NONE,STOPPED
="2026-08-25 00:03:05",79568,1084767,110297,974469,650000,+0.0000,0.1800,+47.2,+165.9,+2.1123,NONE,STOPPED
="2026-08-25 00:03:06",79592,1155809,110297,1045511,650000,+0.0000,0.1800,+71.0,+176.4,+2.3347,NONE,STOPPED
="2026-08-25 00:03:07",79592,1127847,110297,1017550,650000,+0.0000,0.1800,+68.4,+177.7,+2.5331,NONE,STOPPED
="2026-08-25 00:03:08",79600,1127847,110297,1017550,650000,+0.0000,0.1800,+67.5,+183.6,+2.7302,NONE,STOPPED
="2026-08-25 00:03:09",79599,1090372,110297,980074,650000,+0.0000,0.1800,+46.2,+180.4,+2.8978,NONE,STOPPED
="2026-08-25 00:03:10",79607,1096047,110297,985749,650000,+0.0000,0.1800,+39.4,+188.4,+3.0702,NONE,STOPPED
="2026-08-25 00:03:11",79607,1096047,110297,985749,650000,+0.0000,0.1800,+15.6,+188.4,+3.2134,NONE,STOPPED
="2026-08-25 00:03:12",79607,1166319,124416,1041903,650000,+0.0000,0.1800,+15.6,+188.4,+3.2134,NONE,STOPPED
="2026-08-25 00:03:13",79596,1156316,124416,1031899,650000,+0.0000,0.1800,-3.0,+177.4,+3.3396,NONE,STOPPED
="2026-08-25 00:03:14",79594,1139266,124416,1014850,650000,+0.0000,0.1800,-6.0,+174.4,+3.3623,NONE,STOPPED
="2026-08-25 00:03:15",79586,1149270,124416,1024854,650000,+0.0000,0.1800,-22.0,+154.0,+3.3378,NONE,STOPPED
="2026-08-25 00:03:16",79576,1139266,124416,1014850,650000,+0.0000,0.1800,-32.0,+143.0,+3.2705,NONE,STOPPED
="2026-08-25 00:03:17",79576,1196984,172130,1024854,650000,+0.0000,0.1800,-20.4,+154.1,+3.1992,NONE,STOPPED
="2026-08-25 00:03:18",79587,1217127,172130,1044996,650000,+0.0000,0.1800,-9.2,+171.5,+3.1590,NONE,STOPPED
="2026-08-25 00:03:19",79587,1207122,172130,1034991,650000,+0.0000,0.1800,-6.0,+171.8,+3.1063,NONE,STOPPED
="2026-08-25 00:03:20",79588,1236952,191957,1044995,650000,+0.0000,0.1800,+2.0,+171.8,+3.0450,NONE,STOPPED
="2026-08-25 00:03:21",79570,1236952,191957,1044995,650000,+0.0000,0.1800,-6.0,+151.0,+2.9057,NONE,STOPPED
="2026-08-25 00:03:22",79562,1110949,191957,918992,650000,+0.0000,0.1800,-14.5,+132.1,+2.7372,NONE,STOPPED
="2026-08-25 00:03:23",79562,1104257,191957,912300,650000,+0.0000,0.1800,-25.7,+132.1,+2.5786,NONE,STOPPED
="2026-08-25 00:03:24",79578,1104257,191957,912300,650000,+0.0000,0.1800,-10.0,+128.0,+2.4857,NONE,STOPPED
="2026-08-25 00:03:25",79587,1049106,191957,857149,650000,+0.0000,0.1800,-0.3,+135.7,+2.4398,NONE,STOPPED
="2026-08-25 00:03:26",79587,1001284,191957,809327,650000,+0.0000,0.1800,-0.3,+135.7,+2.4398,NONE,STOPPED
="2026-08-25 00:03:27",79607,1001284,191957,809327,650000,+0.0000,0.1800,+46.0,+140.0,+2.4841,NONE,STOPPED
="2026-08-25 00:03:28",79608,883215,191957,691257,650000,+0.0000,0.1800,+46.0,+135.5,+2.4950,NONE,STOPPED
="2026-08-25 00:03:29",79608,874066,191957,682109,650000,+0.0000,0.1800,+46.0,+135.5,+2.4950,NONE,STOPPED
="2026-08-25 00:03:30",79604,921403,253076,668327,650000,+0.0000,0.1800,+16.4,+120.2,+2.4727,NONE,STOPPED
="2026-08-25 00:03:31",79599,921403,253076,668327,650000,+0.0000,0.1800,-8.4,+113.6,+2.4296,NONE,STOPPED
="2026-08-25 00:03:32",79610,906158,253076,653082,650000,+0.0000,0.1800,+2.0,+121.9,+2.4224,NONE,STOPPED
="2026-08-25 00:03:33",79611,906158,253076,653082,650000,+0.0000,0.1800,+4.0,+123.9,+2.4148,NONE,STOPPED
="2026-08-25 00:03:34",79611,896154,253076,643078,650000,+0.0000,0.1800,+4.0,+102.0,+2.3978,NONE,STOPPED
="2026-08-25 00:03:35",79610,838587,253076,585511,650000,+0.0000,0.1800,+6.5,+96.8,+2.3806,NONE,STOPPED
="2026-08-25 00:03:36",79610,838587,253076,585511,650000,+0.0000,0.1800,+11.1,+99.3,+2.3584,NONE,STOPPED
="2026-08-25 00:03:37",79610,828583,253076,575507,650000,+0.0000,0.1800,+0.7,+118.7,+2.3278,NONE,STOPPED
="2026-08-25 00:03:38",79611,838586,253076,585510,650000,+0.0000,0.1800,-0.0,+120.0,+2.2843,NONE,STOPPED
="2026-08-25 00:03:39",79611,838586,253076,585510,650000,+0.0000,0.1800,+0.0,+120.0,+2.2351,NONE,STOPPED
="2026-08-25 00:03:40",79611,828581,253076,575505,650000,+0.0000,0.1800,+1.3,+121.3,+2.1808,NONE,STOPPED
="2026-08-25 00:03:41",79611,854307,253076,601230,650000,+0.0000,0.1800,+1.3,+115.1,+2.1211,NONE,STOPPED
="2026-08-25 00:03:42",79614,822895,253076,569819,650000,+0.0000,0.1800,+3.3,+118.3,+2.0690,NONE,STOPPED
="2026-08-25 00:03:43",79614,822895,253076,569819,650000,+0.0000,0.1800,+2.9,+122.9,+2.0153,NONE,STOPPED
="2026-08-25 00:03:44",79638,837638,253076,584561,650000,+0.0000,0.1800,+26.0,+164.2,+2.0449,NONE,STOPPED
="2026-08-25 00:03:45",79653,837637,253076,584560,650000,+0.0000,0.1800,+41.5,+181.1,+2.1107,NONE,STOPPED
="2026-08-25 00:03:46",79653,857426,272865,584560,650000,+0.0000,0.1800,+41.5,+181.1,+2.1107,NONE,STOPPED
="2026-08-25 00:03:47",79611,857426,272865,584560,650000,+0.0000,0.1800,-2.3,+141.7,+1.9382,NONE,STOPPED
="2026-08-25 00:03:48",79611,857425,272865,584560,650000,+0.0000,0.1800,-3.2,+144.3,+1.8168,NONE,STOPPED
="2026-08-25 00:03:49",79611,857425,272865,584560,650000,+0.0000,0.1800,-3.2,+144.3,+1.8168,NONE,STOPPED
="2026-08-25 00:03:50",79569,1015018,390454,624564,650000,+0.0000,0.1800,-84.1,+81.4,+1.3338,NONE,STOPPED
="2026-08-25 00:03:51",79560,961586,390454,571132,650000,+0.0000,0.1800,-67.5,+72.5,+1.0527,NONE,STOPPED
="2026-08-25 00:03:52",79556,1000005,417124,582880,650000,+0.0000,0.1800,-55.5,+68.2,+0.7745,NONE,STOPPED
="2026-08-25 00:03:53",79556,1010009,417124,592885,650000,+0.0000,0.1800,-55.5,+68.2,+0.5165,NONE,STOPPED
="2026-08-25 00:03:54",79556,975006,392124,582881,650000,+0.0000,0.1800,-33.8,+68.2,+0.2774,NONE,STOPPED
="2026-08-25 00:03:55",79556,975006,392124,582881,650000,+0.0000,0.1800,-33.8,+68.2,+0.2774,NONE,STOPPED
="2026-08-25 00:03:56",79573,983268,392124,591144,650000,+0.0000,0.1800,+12.5,+62.6,-0.0713,NONE,STOPPED
="2026-08-25 00:03:57",79576,948265,367125,581140,650000,+0.0000,0.1800,+20.7,+59.6,-0.1731,NONE,STOPPED
="2026-08-25 00:03:58",79576,904971,367125,537846,650000,+0.0000,0.1800,+20.7,+59.6,-0.1731,NONE,STOPPED
="2026-08-25 00:03:59",79575,864991,367125,497866,650000,+0.0000,0.1800,+18.9,+53.7,-0.3535,NONE,STOPPED
="2026-08-25 00:04:00",79575,854987,367125,487862,650000,+0.0000,0.1800,+18.9,+53.7,-0.4365,NONE,STOPPED
="2026-08-25 00:04:01",79576,854987,367125,487862,650000,+0.0000,0.1800,+3.3,+52.4,-0.5085,NONE,STOPPED
="2026-08-25 00:04:02",79576,854427,367125,487302,650000,+0.0000,0.1800,-0.5,+43.9,-0.5737,NONE,STOPPED
="2026-08-25 00:04:03",79583,864430,367125,497305,650000,+0.0000,0.1800,+6.3,+29.5,-0.6023,NONE,STOPPED
="2026-08-25 00:04:04",79583,841962,367125,474837,650000,+0.0000,0.1800,+6.3,+29.5,-0.6023,NONE,STOPPED
="2026-08-25 00:04:05",79578,816963,342125,474837,650000,+0.0000,0.1800,+3.4,-13.9,-0.6475,NONE,STOPPED
="2026-08-25 00:04:06",79578,745920,342125,403795,650000,+0.0000,0.1800,+2.2,-13.9,-0.6512,NONE,STOPPED
="2026-08-25 00:04:07",79570,745920,342125,403795,650000,+0.0000,0.1800,-6.4,-30.0,-0.6858,NONE,STOPPED
="2026-08-25 00:04:08",79585,720920,317125,403795,650000,+0.0000,0.1800,+2.7,-14.1,-0.6486,NONE,STOPPED
="2026-08-25 00:04:09",79586,710917,317125,393791,650000,+0.0000,0.1800,+5.4,-22.0,-0.6124,NONE,STOPPED
="2026-08-25 00:04:10",79594,705958,317125,388832,650000,+0.0000,0.1800,+15.5,-14.0,-0.5416,NONE,STOPPED
="2026-08-25 00:04:11",79594,705958,317125,388832,650000,+0.0000,0.1800,+15.5,-3.0,-0.4753,NONE,STOPPED
="2026-08-25 00:04:12",79582,635685,303007,332678,650000,+0.0000,0.1800,+12.0,-15.0,-0.4667,NONE,STOPPED
="2026-08-25 00:04:13",79582,635685,303007,332678,650000,+0.0000,0.1800,-3.9,-12.0,-0.4574,NONE,STOPPED
="2026-08-25 00:04:14",79582,635685,303007,332678,650000,+0.0000,0.1800,-4.0,-4.0,-0.4491,NONE,STOPPED
="2026-08-25 00:04:15",79582,625681,303007,322674,650000,+0.0000,0.1800,-12.0,+6.0,-0.4450,NONE,STOPPED
="2026-08-25 00:04:16",79582,625681,303007,322674,650000,+0.0000,0.1800,-12.0,+5.5,-0.4463,NONE,STOPPED
="2026-08-25 00:04:17",79576,567963,255293,312670,650000,+0.0000,0.1800,-6.0,-11.7,-0.4698,NONE,STOPPED
="2026-08-25 00:04:18",79548,588626,296098,292528,650000,+0.0000,0.1800,-34.0,-40.0,-0.5924,NONE,STOPPED
="2026-08-25 00:04:19",79532,598643,306115,292528,650000,+0.0000,0.1800,-49.1,-55.1,-0.7598,NONE,STOPPED
="2026-08-25 00:04:20",79530,568812,286288,282524,650000,+0.0000,0.1800,-51.0,-39.0,-0.9162,NONE,STOPPED
="2026-08-25 00:04:21",79530,568812,286288,282524,650000,+0.0000,0.1800,-51.0,-39.0,-1.0349,NONE,STOPPED
="2026-08-25 00:04:22",79518,568812,286288,282524,650000,+0.0000,0.1800,-58.0,-44.0,-1.2533,NONE,STOPPED
="2026-08-25 00:04:23",79504,558807,286288,272519,650000,+0.0000,0.1800,-44.0,-74.0,-1.4747,NONE,STOPPED
="2026-08-25 00:04:24",79504,558807,286288,272519,650000,+0.0000,0.1800,-44.0,-74.0,-1.4747,NONE,STOPPED
="2026-08-25 00:04:25",79540,558807,286288,272519,650000,+0.0000,0.1800,+9.0,-68.0,-1.5812,NONE,STOPPED
="2026-08-25 00:04:26",79546,548804,286288,262516,650000,+0.0000,0.1800,+15.0,-62.0,-1.5666,NONE,STOPPED
="2026-08-25 00:04:27",79546,548804,286288,262516,650000,+0.0000,0.1800,+15.0,-62.0,-1.5666,NONE,STOPPED
="2026-08-25 00:04:28",79540,548804,286288,262516,650000,+0.0000,0.1800,+36.0,-68.0,-1.5684,NONE,STOPPED
="2026-08-25 00:04:29",79545,538800,286288,252512,650000,+0.0000,0.1800,+13.7,-58.5,-1.5383,NONE,STOPPED
="2026-08-25 00:04:30",79548,467382,214870,252512,650000,+0.0000,0.1800,+8.0,-51.6,-1.4986,NONE,STOPPED
="2026-08-25 00:04:31",79547,467382,214870,252512,650000,+0.0000,0.1800,+2.0,-62.0,-1.4599,NONE,STOPPED
="2026-08-25 00:04:32",79544,834814,214870,619943,650000,+0.0000,0.1800,+3.9,-68.0,-1.4287,NONE,STOPPED
="2026-08-25 00:04:33",79546,834814,214870,619943,650000,+0.0000,0.1800,+6.9,-65.1,-1.3822,NONE,STOPPED
="2026-08-25 00:04:34",79549,834814,214870,619943,650000,+0.0000,0.1800,+4.3,-60.7,-1.3222,NONE,STOPPED
="2026-08-25 00:04:35",79549,837913,227974,609939,650000,+0.0000,0.1800,+2.0,-60.7,-1.2631,NONE,STOPPED
="2026-08-25 00:04:36",79559,837913,227974,609939,650000,+0.0000,0.1800,+11.5,-51.2,-1.1673,NONE,STOPPED
="2026-08-25 00:04:37",79564,837913,227974,609939,650000,+0.0000,0.1800,+20.0,-48.0,-1.0577,NONE,STOPPED
="2026-08-25 00:04:38",79564,827910,227974,599936,650000,+0.0000,0.1800,+17.1,-48.0,-0.9530,NONE,STOPPED
="2026-08-25 00:04:39",79564,827910,227974,599936,650000,+0.0000,0.1800,+17.1,-48.0,-0.9530,NONE,STOPPED
="2026-08-25 00:04:40",79568,850393,227974,622418,650000,+0.0000,0.1800,+18.0,-44.0,-0.7368,NONE,STOPPED
="2026-08-25 00:04:41",79568,840390,227974,612415,650000,+0.0000,0.1800,+8.5,-46.0,-0.6341,NONE,STOPPED
="2026-08-25 00:04:42",79568,824667,227974,596693,650000,+0.0000,0.1800,+8.5,-46.9,-0.5361,NONE,STOPPED
="2026-08-25 00:04:43",79564,824667,227974,596693,650000,+0.0000,0.1800,+0.7,-73.3,-0.4562,NONE,STOPPED
="2026-08-25 00:04:44",79552,809925,227974,581950,650000,+0.0000,0.1800,-14.0,-101.4,-0.4156,NONE,STOPPED
="2026-08-25 00:04:45",79552,799921,227974,571947,650000,+0.0000,0.1800,-14.0,-101.4,-0.4156,NONE,STOPPED
="2026-08-25 00:04:46",79550,780132,208185,571947,650000,+0.0000,0.1800,-18.0,-61.7,-0.3368,NONE,STOPPED
="2026-08-25 00:04:47",79544,780132,208185,571947,650000,+0.0000,0.1800,-24.0,-67.7,-0.3406,NONE,STOPPED
="2026-08-25 00:04:48",79553,803052,228073,574978,650000,+0.0000,0.1800,-10.7,-36.1,-0.3021,NONE,STOPPED
="2026-08-25 00:04:49",79553,823159,248180,574978,650000,+0.0000,0.1800,+1.9,-15.4,-0.2772,NONE,STOPPED
="2026-08-25 00:04:50",79553,665566,130591,534975,650000,+0.0000,0.1800,+1.9,-6.6,-0.2650,NONE,STOPPED
="2026-08-25 00:04:51",79553,665566,130591,534975,650000,+0.0000,0.1800,+3.9,-2.2,-0.2580,NONE,STOPPED
="2026-08-25 00:04:52",79553,706701,183475,523226,650000,+0.0000,0.1800,+9.9,-2.2,-0.2535,NONE,STOPPED
="2026-08-25 00:04:53",79544,696697,183475,513222,650000,+0.0000,0.1800,-9.9,-12.2,-0.2874,NONE,STOPPED
="2026-08-25 00:04:54",79532,919072,405850,513222,650000,+0.0000,0.1800,-21.9,-24.2,-0.3640,NONE,STOPPED
="2026-08-25 00:04:55",79516,919072,405850,513222,650000,+0.0000,0.1800,-37.0,-56.1,-0.4906,NONE,STOPPED
="2026-08-25 00:04:56",79513,881393,405850,475543,650000,+0.0000,0.1800,-40.8,-63.8,-0.6082,NONE,STOPPED
="2026-08-25 00:04:57",79513,881393,405850,475543,650000,+0.0000,0.1800,-40.8,-63.8,-0.7094,NONE,STOPPED
="2026-08-25 00:04:58",79500,881393,405850,475543,650000,+0.0000,0.1800,-44.0,-75.1,-0.8485,NONE,STOPPED
="2026-08-25 00:04:59",79500,881393,405850,475543,650000,+0.0000,0.1800,-44.0,-75.1,-0.8526,NONE,STOPPED
="2026-08-25 00:05:00",79500,871389,405850,465539,650000,+0.0000,0.1800,-16.9,-76.3,-1.0786,NONE,STOPPED
="2026-08-25 00:05:01",79500,986091,520551,465539,650000,+0.0000,0.1800,-13.1,-76.4,-1.1702,NONE,STOPPED
="2026-08-25 00:05:02",79500,1084152,618612,465539,650000,+0.0000,0.1800,-13.1,-76.4,-1.1702,NONE,STOPPED
="2026-08-25 00:05:03",79490,1052289,618612,433676,650000,+0.0000,0.1800,-9.3,-89.9,-1.4018,NONE,STOPPED
="2026-08-25 00:05:04",79490,1052289,618612,433676,650000,+0.0000,0.1800,-9.3,-87.8,-1.4800,NONE,STOPPED
="2026-08-25 00:05:05",79513,1063653,618612,445041,650000,+0.0000,0.1800,+13.1,-65.4,-1.4586,NONE,STOPPED
="2026-08-25 00:05:06",79513,1073657,618612,455044,650000,+0.0000,0.1800,+13.1,-56.9,-1.4335,NONE,STOPPED
="2026-08-25 00:05:07",79521,1073657,618612,455044,650000,+0.0000,0.1800,+37.7,-64.2,-1.3766,NONE,STOPPED
="2026-08-25 00:05:08",79534,1370403,618612,751791,650000,+0.0000,0.1800,+44.3,-51.0,-1.2586,NONE,STOPPED
="2026-08-25 00:05:09",79520,1504876,618612,886264,650000,+0.0000,0.1800,+29.3,-74.0,-1.2046,NONE,STOPPED
="2026-08-25 00:05:10",79520,1494157,618612,875544,650000,+0.0000,0.1800,+6.9,-74.0,-1.1453,NONE,STOPPED
="2026-08-25 00:05:11",79512,1508713,618612,890100,650000,+0.0000,0.1800,-1.1,-70.0,-1.1170,NONE,STOPPED
="2026-08-25 00:05:12",79512,1518718,618612,900105,650000,+0.0000,0.1800,-9.7,-70.0,-1.0929,NONE,STOPPED
="2026-08-25 00:05:13",79510,1518718,618612,900105,650000,+0.0000,0.1800,-11.7,-72.0,-1.0799,NONE,STOPPED
="2026-08-25 00:05:14",79488,1531439,631333,900105,650000,+0.0000,0.1800,-31.1,-93.1,-1.1331,NONE,STOPPED
="2026-08-25 00:05:15",79486,1541443,631333,910109,650000,+0.0000,0.1800,-33.9,-95.9,-1.1918,NONE,STOPPED
="2026-08-25 00:05:16",79486,1541443,631333,910109,650000,+0.0000,0.1800,-33.9,-95.9,-1.1918,NONE,STOPPED
="2026-08-25 00:05:17",79490,1500637,590528,910109,650000,+0.0000,0.1800,-21.2,-57.3,-1.2612,NONE,STOPPED
="2026-08-25 00:05:18",79500,1581491,590528,990963,650000,+0.0000,0.1800,-9.2,-32.1,-1.2533,NONE,STOPPED
="2026-08-25 00:05:19",79494,1595322,604359,990963,650000,+0.0000,0.1800,+5.8,-36.3,-1.2746,NONE,STOPPED
="2026-08-25 00:05:20",79486,1595322,604359,990963,650000,+0.0000,0.1800,-0.1,-45.0,-1.3249,NONE,STOPPED
="2026-08-25 00:05:21",79486,1605327,604359,1000967,650000,+0.0000,0.1800,-0.2,-32.0,-1.3662,NONE,STOPPED
="2026-08-25 00:05:22",79488,1605327,604359,1000967,650000,+0.0000,0.1800,-1.9,-15.2,-1.3962,NONE,STOPPED
="2026-08-25 00:05:23",79498,1605327,604359,1000967,650000,+0.0000,0.1800,-2.0,-33.1,-1.3889,NONE,STOPPED
="2026-08-25 00:05:24",79494,1615331,604359,1010972,650000,+0.0000,0.1800,-0.7,-46.0,-1.3810,NONE,STOPPED
="2026-08-25 00:05:25",79482,1615331,604359,1010972,650000,+0.0000,0.1800,-3.9,-63.9,-1.4111,NONE,STOPPED
="2026-08-25 00:05:26",79482,1615331,604359,1010972,650000,+0.0000,0.1800,-4.0,-58.1,-1.4299,NONE,STOPPED
="2026-08-25 00:05:27",79480,1625337,604359,1020977,650000,+0.0000,0.1800,-8.8,-60.0,-1.4528,NONE,STOPPED
="2026-08-25 00:05:28",79480,1625337,604359,1020977,650000,+0.0000,0.1800,-18.9,-65.7,-1.4683,NONE,STOPPED
="2026-08-25 00:05:29",79480,1625337,604359,1020977,650000,+0.0000,0.1800,-14.0,-68.0,-1.4736,NONE,STOPPED
="2026-08-25 00:05:30",79468,1635342,604359,1030982,650000,+0.0000,0.1800,-14.1,-80.0,-1.5179,NONE,STOPPED
="2026-08-25 00:05:31",79466,1635342,604359,1030982,650000,+0.0000,0.1800,-15.3,-77.3,-1.5571,NONE,STOPPED
="2026-08-25 00:05:32",79462,1272337,604359,667977,650000,+0.0000,0.1800,-18.0,-84.9,-1.6069,NONE,STOPPED
="2026-08-25 00:05:33",79452,1282341,604359,677982,650000,+0.0000,0.1800,-27.1,-97.0,-1.6793,NONE,STOPPED
="2026-08-25 00:05:34",79444,1353169,675187,677982,650000,+0.0000,0.1800,-35.1,-105.1,-1.7673,NONE,STOPPED
="2026-08-25 00:05:35",79448,1340065,662083,677982,650000,+0.0000,0.1800,-19.1,-110.6,-1.8241,NONE,STOPPED
="2026-08-25 00:05:36",79423,1379802,701820,677982,650000,+0.0000,0.1800,-43.1,-140.4,-1.9609,NONE,STOPPED
="2026-08-25 00:05:37",79422,1379802,701820,677982,650000,+0.0000,0.1800,-40.0,-142.0,-2.0794,NONE,STOPPED
="2026-08-25 00:05:38",79424,1389805,701820,687985,650000,+0.0000,0.1800,-28.4,-141.4,-2.1674,NONE,STOPPED
="2026-08-25 00:05:39",79427,1389805,701820,687985,650000,+0.0000,0.1800,-16.9,-140.0,-2.2230,NONE,STOPPED
="2026-08-25 00:05:40",79416,1380031,714528,665502,650000,+0.0000,0.1800,-32.8,-151.9,-2.3083,NONE,STOPPED
="2026-08-25 00:05:41",79416,1522264,856761,665502,650000,+0.0000,0.1800,-32.8,-151.9,-2.3083,NONE,STOPPED
="2026-08-25 00:05:42",79426,1864379,1188873,675505,650000,+0.0000,0.1800,+4.6,-138.0,-2.4077,NONE,STOPPED
="2026-08-25 00:05:43",79426,1864379,1188873,675505,650000,+0.0000,0.1800,+2.1,-125.3,-2.4047,NONE,STOPPED
="2026-08-25 00:05:44",79426,1876878,1188873,688005,650000,+0.0000,0.1800,+2.1,-125.3,-2.4047,NONE,STOPPED
="2026-08-25 00:05:45",79463,1876878,1188873,688005,650000,+0.0000,0.1800,+47.2,-86.7,-2.2297,NONE,STOPPED
="2026-08-25 00:05:46",79463,1876878,1188873,688005,650000,+0.0000,0.1800,+53.9,-80.7,-2.0800,NONE,STOPPED
="2026-08-25 00:05:47",79463,1876878,1188873,688005,650000,+0.0000,0.1800,+36.7,-90.6,-1.9394,NONE,STOPPED
="2026-08-25 00:05:48",79463,1872452,1184878,687573,650000,+0.0000,0.1800,+37.3,-89.9,-1.7954,NONE,STOPPED
="2026-08-25 00:05:49",79492,1852344,1164771,687573,650000,+0.0000,0.1800,+62.0,-61.9,-1.5479,NONE,STOPPED
="2026-08-25 00:05:50",79516,1852344,1164771,687573,650000,+0.0000,0.1800,+52.6,-37.9,-1.2230,NONE,STOPPED
="2026-08-25 00:05:51",79516,1862348,1164771,697577,650000,+0.0000,0.1800,+52.6,-37.9,-0.9228,NONE,STOPPED
="2026-08-25 00:05:52",79508,2116012,1085217,1030795,650000,+0.0000,0.1800,+44.7,-36.0,-0.6767,NONE,STOPPED
="2026-08-25 00:05:53",79523,2225944,1085217,1140727,650000,+0.0000,0.1800,+59.6,-8.4,-0.3946,NONE,STOPPED
="2026-08-25 00:05:54",79533,2013572,862842,1150730,650000,+0.0000,0.1800,+41.5,+16.6,-0.1044,NONE,STOPPED
="2026-08-25 00:05:55",79533,2029479,878749,1150730,650000,+0.0000,0.1800,+17.5,+20.4,+0.1512,NONE,STOPPED
="2026-08-25 00:05:56",79533,2041729,878749,1162980,650000,+0.0000,0.1800,+17.5,+20.4,+0.3808,NONE,STOPPED
="2026-08-25 00:05:57",79529,2051734,878749,1172985,650000,+0.0000,0.1800,+21.7,+29.7,+0.5738,NONE,STOPPED
="2026-08-25 00:05:58",79527,2051734,878749,1172985,650000,+0.0000,0.1800,+19.1,+27.1,+0.7027,NONE,STOPPED
="2026-08-25 00:05:59",79527,2051734,878749,1172985,650000,+0.0000,0.1800,-6.4,+27.1,+0.8698,NONE,STOPPED
="2026-08-25 00:06:00",79514,2061738,878749,1182989,650000,+0.0000,0.1800,-19.5,+14.0,+0.9433,NONE,STOPPED
="2026-08-25 00:06:01",79514,1947036,764047,1182989,650000,+0.0000,0.1800,-19.5,+14.0,+0.9433,NONE,STOPPED
="2026-08-25 00:06:02",79506,1848975,665986,1182989,650000,+0.0000,0.1800,-23.7,+15.3,+0.9951,NONE,STOPPED
="2026-08-25 00:06:03",79508,1848976,665986,1182989,650000,+0.0000,0.1800,-18.5,+18.0,+1.0234,NONE,STOPPED
="2026-08-25 00:06:04",79508,1861697,678707,1182989,650000,+0.0000,0.1800,-18.5,-4.4,+1.0464,NONE,STOPPED
="2026-08-25 00:06:05",79511,1850333,678707,1171625,650000,+0.0000,0.1800,-2.4,-1.5,+1.0895,NONE,STOPPED
="2026-08-25 00:06:06",79519,1850333,678707,1171625,650000,+0.0000,0.1800,+13.6,-2.0,+1.1580,NONE,STOPPED
="2026-08-25 00:06:07",79519,1850333,678707,1171625,650000,+0.0000,0.1800,+13.6,-2.0,+1.1580,NONE,STOPPED
="2026-08-25 00:06:08",79517,1553586,678707,874878,650000,+0.0000,0.1800,+8.4,-2.9,+1.2780,NONE,STOPPED
="2026-08-25 00:06:09",79510,1429117,678707,750409,650000,+0.0000,0.1800,+2.1,-9.2,+1.2925,NONE,STOPPED
="2026-08-25 00:06:10",79524,1429117,678707,750409,650000,+0.0000,0.1800,+13.0,+12.6,+1.3575,NONE,STOPPED
="2026-08-25 00:06:11",79525,1414560,678707,735853,650000,+0.0000,0.1800,+6.2,+13.9,+1.4138,NONE,STOPPED
="2026-08-25 00:06:12",79525,1404555,678707,725848,650000,+0.0000,0.1800,+6.2,+15.9,+1.4616,NONE,STOPPED
="2026-08-25 00:06:13",79526,1404555,678707,725848,650000,+0.0000,0.1800,+8.9,+37.1,+1.5009,NONE,STOPPED
="2026-08-25 00:06:14",79526,1391835,665987,725848,650000,+0.0000,0.1800,+15.2,+39.9,+1.5202,NONE,STOPPED
="2026-08-25 00:06:15",79525,1391834,665987,725847,650000,+0.0000,0.1800,+1.4,+39.8,+1.5315,NONE,STOPPED
="2026-08-25 00:06:16",79528,1411173,665987,745185,650000,+0.0000,0.1800,+3.0,+38.2,+1.5484,NONE,STOPPED
="2026-08-25 00:06:17",79530,1411173,665987,745185,650000,+0.0000,0.1800,+4.5,+29.5,+1.5673,NONE,STOPPED
="2026-08-25 00:06:18",79543,1355254,665987,689267,650000,+0.0000,0.1800,+18.0,+49.3,+1.6388,NONE,STOPPED
="2026-08-25 00:06:19",79535,1345722,656455,689267,650000,+0.0000,0.1800,+9.6,+49.6,+1.6626,NONE,STOPPED
="2026-08-25 00:06:20",79540,1345722,656455,689267,650000,+0.0000,0.1800,+15.0,+55.0,+1.6949,NONE,STOPPED
="2026-08-25 00:06:21",79543,1335717,656455,679262,650000,+0.0000,0.1800,+17.0,+57.0,+1.6988,NONE,STOPPED
="2026-08-25 00:06:22",79549,1360729,656455,704273,650000,+0.0000,0.1800,+18.9,+50.4,+1.7757,NONE,STOPPED
="2026-08-25 00:06:23",79549,1360729,656455,704273,650000,+0.0000,0.1800,+5.3,+55.3,+1.8204,NONE,STOPPED
="2026-08-25 00:06:24",79568,1371920,656455,715465,650000,+0.0000,0.1800,+33.4,+86.9,+1.9290,NONE,STOPPED
="2026-08-25 00:06:25",79568,1371920,656455,715465,650000,+0.0000,0.1800,+28.0,+86.9,+2.0138,NONE,STOPPED
="2026-08-25 00:06:26",79568,1371920,656455,715465,650000,+0.0000,0.1800,+25.9,+88.9,+2.0833,NONE,STOPPED
="2026-08-25 00:06:27",79582,1371919,656455,715463,650000,+0.0000,0.1800,+33.6,+102.9,+2.1920,NONE,STOPPED
="2026-08-25 00:06:28",79591,1395991,656455,739535,650000,+0.0000,0.1800,+42.2,+111.5,+2.3158,NONE,STOPPED
="2026-08-25 00:06:29",79591,1395991,656455,739535,650000,+0.0000,0.1800,+22.5,+123.5,+2.4194,NONE,STOPPED
="2026-08-25 00:06:30",79591,1395990,656455,739534,650000,+0.0000,0.1800,+22.5,+124.8,+2.4970,NONE,STOPPED
="2026-08-25 00:06:31",79592,1822190,674690,1147499,650000,+0.0000,0.1800,+23.1,+130.0,+2.5589,NONE,STOPPED
="2026-08-25 00:06:32",79606,1855707,674690,1181016,650000,+0.0000,0.1800,+23.1,+153.1,+2.6566,NONE,STOPPED
="2026-08-25 00:06:33",79606,1883846,674690,1209156,650000,+0.0000,0.1800,+23.1,+153.1,+2.6566,NONE,STOPPED
="2026-08-25 00:06:34",79613,1813018,603862,1209156,650000,+0.0000,0.1800,+22.5,+165.1,+2.8299,NONE,STOPPED
="2026-08-25 00:06:35",79634,1813018,603862,1209156,650000,+0.0000,0.1800,+43.2,+211.1,+2.9711,NONE,STOPPED
="2026-08-25 00:06:36",79634,1773282,564126,1209156,650000,+0.0000,0.1800,+42.7,+212.7,+3.0706,NONE,STOPPED
="2026-08-25 00:06:37",79642,1823478,564126,1259352,650000,+0.0000,0.1800,+36.9,+218.3,+3.1776,NONE,STOPPED
="2026-08-25 00:06:38",79642,1813474,564126,1249348,650000,+0.0000,0.1800,+30.9,+214.9,+3.2611,NONE,STOPPED
="2026-08-25 00:06:39",79642,1823478,564126,1259351,650000,+0.0000,0.1800,+30.9,+214.9,+3.2611,NONE,STOPPED
="2026-08-25 00:06:40",79626,1810769,551417,1259351,650000,+0.0000,0.1800,-8.7,+216.6,+3.2923,NONE,STOPPED
="2026-08-25 00:06:41",79618,1668536,409184,1259351,650000,+0.0000,0.1800,-16.7,+191.4,+3.2132,NONE,STOPPED
="2026-08-25 00:06:42",79618,1336425,77072,1259352,650000,+0.0000,0.1800,-24.9,+191.3,+3.1364,NONE,STOPPED
="2026-08-25 00:06:43",79617,1336425,77072,1259352,650000,+0.0000,0.1800,-24.9,+188.0,+3.0521,NONE,STOPPED
="2026-08-25 00:06:44",79617,1323925,77072,1246853,650000,+0.0000,0.1800,-24.9,+154.6,+2.9632,NONE,STOPPED
="2026-08-25 00:06:45",79617,1333929,77072,1256856,650000,+0.0000,0.1800,-24.9,+154.6,+2.9632,NONE,STOPPED
="2026-08-25 00:06:46",79625,1333929,77072,1256856,650000,+0.0000,0.1800,+7.3,+161.9,+2.8368,NONE,STOPPED
="2026-08-25 00:06:47",79625,1333929,77072,1256856,650000,+0.0000,0.1800,+7.3,+161.3,+2.7771,NONE,STOPPED
="2026-08-25 00:06:48",79625,1366022,77072,1288949,650000,+0.0000,0.1800,+7.3,+161.3,+2.7771,NONE,STOPPED
="2026-08-25 00:06:49",79626,1350129,61179,1288949,650000,+0.0000,0.1800,+8.0,+110.0,+2.6605,NONE,STOPPED
="2026-08-25 00:06:50",79618,1376057,77103,1298954,650000,+0.0000,0.1800,+0.0,+102.0,+2.5847,NONE,STOPPED
="2026-08-25 00:06:51",79618,1366054,77103,1288950,650000,+0.0000,0.1800,+0.0,+102.0,+2.5847,NONE,STOPPED
="2026-08-25 00:06:52",79610,981553,77103,904449,650000,+0.0000,0.1800,-15.3,+86.4,+2.3613,NONE,STOPPED
="2026-08-25 00:06:53",79610,932908,77103,855805,650000,+0.0000,0.1800,-16.0,+76.5,+2.2580,NONE,STOPPED
="2026-08-25 00:06:54",79610,922905,77103,845802,650000,+0.0000,0.1800,-16.0,+76.5,+2.1617,NONE,STOPPED
="2026-08-25 00:06:55",79612,906998,61196,845802,650000,+0.0000,0.1800,-5.0,+79.5,+2.0781,NONE,STOPPED
="2026-08-25 00:06:56",79612,904752,61196,843555,650000,+0.0000,0.1800,+3.0,+83.3,+1.9943,NONE,STOPPED
="2026-08-25 00:06:57",79613,909694,61196,848497,650000,+0.0000,0.1800,+4.0,+86.9,+1.9121,NONE,STOPPED
="2026-08-25 00:06:58",79614,909694,61196,848497,650000,+0.0000,0.1800,+4.0,+86.9,+1.8283,NONE,STOPPED
="2026-08-25 00:06:59",79614,939600,81100,858500,650000,+0.0000,0.1800,+4.0,+100.0,+1.7447,NONE,STOPPED
="2026-08-25 00:07:00",79621,929596,81100,848495,650000,+0.0000,0.1800,+8.1,+115.1,+1.6810,NONE,STOPPED
="2026-08-25 00:07:01",79621,929596,81100,848495,650000,+0.0000,0.1800,+8.1,+115.1,+1.6102,NONE,STOPPED
="2026-08-25 00:07:02",79625,962595,81100,881495,650000,+0.0000,0.1800,+11.1,+116.4,+1.5531,NONE,STOPPED
="2026-08-25 00:07:03",79627,967536,81100,886436,650000,+0.0000,0.1800,+14.0,+119.3,+1.5059,NONE,STOPPED
="2026-08-25 00:07:04",79630,954815,68378,886436,650000,+0.0000,0.1800,+16.0,+118.4,+1.4628,NONE,STOPPED
="2026-08-25 00:07:05",79630,954815,68378,886436,650000,+0.0000,0.1800,+16.0,+118.4,+1.4628,NONE,STOPPED
="2026-08-25 00:07:06",79647,944811,68378,876433,650000,+0.0000,0.1800,+25.9,+127.4,+1.4845,NONE,STOPPED
="2026-08-25 00:07:07",79664,973690,68378,905312,650000,+0.0000,0.1800,+38.9,+146.9,+1.5576,NONE,STOPPED
="2026-08-25 00:07:08",79687,1010716,68378,942337,650000,+0.0000,0.1800,+59.3,+176.5,+1.7044,NONE,STOPPED
="2026-08-25 00:07:09",79687,1000712,68378,932333,650000,+0.0000,0.1800,+57.3,+162.7,+1.8240,NONE,STOPPED
="2026-08-25 00:07:10",79687,1000712,68378,932333,650000,+0.0000,0.1800,+44.4,+161.4,+1.9305,NONE,STOPPED
="2026-08-25 00:07:11",79712,1174279,68378,1105900,650000,+0.0000,0.1800,+64.9,+186.1,+2.1137,NONE,STOPPED
="2026-08-25 00:07:12",79704,1174279,68378,1105900,650000,+0.0000,0.1800,+40.3,+178.3,+2.2387,NONE,STOPPED
="2026-08-25 00:07:13",79704,1207207,68378,1138828,650000,+0.0000,0.1800,+16.7,+178.0,+2.3399,NONE,STOPPED
="2026-08-25 00:07:14",79686,1228058,79224,1148833,650000,+0.0000,0.1800,-0.6,+160.7,+2.3529,NONE,STOPPED
="2026-08-25 00:07:15",79686,1218054,79224,1138829,650000,+0.0000,0.1800,-0.6,+157.8,+2.3533,NONE,STOPPED
="2026-08-25 00:07:16",79686,1198716,79224,1119491,650000,+0.0000,0.1800,-25.3,+156.4,+2.3440,NONE,STOPPED
="2026-08-25 00:07:17",79687,1227285,79224,1148060,650000,+0.0000,0.1800,-16.3,+144.0,+2.3301,NONE,STOPPED
="2026-08-25 00:07:18",79707,1227379,79224,1148154,650000,+0.0000,0.1800,+4.0,+172.4,+2.3924,NONE,STOPPED
="2026-08-25 00:07:19",79708,1213062,64908,1148154,650000,+0.0000,0.1800,+21.3,+167.0,+2.4325,NONE,STOPPED
="2026-08-25 00:07:20",79714,1223065,64908,1158157,650000,+0.0000,0.1800,+27.3,+171.0,+2.4838,NONE,STOPPED
="2026-08-25 00:07:21",79728,1596344,64908,1531436,650000,+0.0000,0.1800,+42.1,+179.6,+2.5773,NONE,STOPPED
="2026-08-25 00:07:22",79728,1655128,75432,1579695,650000,+0.0000,0.1800,+40.2,+178.9,+2.6510,NONE,STOPPED
="2026-08-25 00:07:23",79728,1696298,75432,1620866,650000,+0.0000,0.1800,+20.2,+159.3,+2.7055,NONE,STOPPED
="2026-08-25 00:07:24",79728,1675103,75432,1599670,650000,+0.0000,0.1800,+20.2,+159.3,+2.7542,NONE,STOPPED
="2026-08-25 00:07:25",79720,1675103,75432,1599670,650000,+0.0000,0.1800,+6.0,+151.1,+2.7545,NONE,STOPPED
="2026-08-25 00:07:26",79707,1685107,75432,1609674,650000,+0.0000,0.1800,-20.9,+125.1,+2.6963,NONE,STOPPED
="2026-08-25 00:07:27",79674,1691302,91631,1599671,650000,+0.0000,0.1800,-54.2,+82.5,+2.5082,NONE,STOPPED
="2026-08-25 00:07:28",79674,1667230,91631,1575598,650000,+0.0000,0.1800,-54.2,+82.5,+2.5082,NONE,STOPPED
="2026-08-25 00:07:29",79694,1667230,91631,1575598,650000,+0.0000,0.1800,-33.8,+102.9,+2.3114,NONE,STOPPED
="2026-08-25 00:07:30",79695,1657226,91631,1565594,650000,+0.0000,0.1800,-24.2,+103.8,+2.2204,NONE,STOPPED
="2026-08-25 00:07:31",79690,1231026,73396,1157630,650000,+0.0000,0.1800,-17.2,+98.8,+2.1087,NONE,STOPPED
="2026-08-25 00:07:32",79690,1183079,73396,1109682,650000,+0.0000,0.1800,+16.9,+78.9,+2.0090,NONE,STOPPED
="2026-08-25 00:07:33",79691,1144935,73396,1071539,650000,+0.0000,0.1800,-2.1,+77.1,+1.9140,NONE,STOPPED
="2026-08-25 00:07:34",79691,1144935,73396,1071539,650000,+0.0000,0.1800,-2.1,+77.1,+1.9140,NONE,STOPPED
="2026-08-25 00:07:35",79694,1174791,73396,1101394,650000,+0.0000,0.1800,-1.1,+60.0,+1.7672,NONE,STOPPED
="2026-08-25 00:07:36",79694,1174791,73396,1101394,650000,+0.0000,0.1800,+3.8,+51.8,+1.7012,NONE,STOPPED
="2026-08-25 00:07:37",79694,1124595,73396,1051198,650000,+0.0000,0.1800,+3.8,+51.8,+1.6233,NONE,STOPPED
="2026-08-25 00:07:38",79694,1156697,73396,1083300,650000,+0.0000,0.1800,+3.6,+51.8,+1.5789,NONE,STOPPED
="2026-08-25 00:07:39",79670,1146693,73396,1073297,650000,+0.0000,0.1800,-24.0,+44.0,+1.4218,NONE,STOPPED
="2026-08-25 00:07:40",79663,1190448,117150,1073297,650000,+0.0000,0.1800,-31.4,+45.3,+1.2381,NONE,STOPPED
="2026-08-25 00:07:41",79659,1190448,117150,1073297,650000,+0.0000,0.1800,-35.1,+41.6,+1.0473,NONE,STOPPED
="2026-08-25 00:07:42",79656,1180444,117150,1063293,650000,+0.0000,0.1800,-38.3,+38.4,+0.8571,NONE,STOPPED
="2026-08-25 00:07:43",79634,1180444,117150,1063293,650000,+0.0000,0.1800,-60.1,+16.6,+0.5956,NONE,STOPPED
="2026-08-25 00:07:44",79634,1180444,117150,1063293,650000,+0.0000,0.1800,-35.8,+16.2,+0.3536,NONE,STOPPED
="2026-08-25 00:07:45",79634,1170441,117150,1053290,650000,+0.0000,0.1800,-29.1,+8.9,+0.1315,NONE,STOPPED
="2026-08-25 00:07:46",79635,1170441,117150,1053290,650000,+0.0000,0.1800,-24.1,+10.2,-0.0624,NONE,STOPPED
="2026-08-25 00:07:47",79635,1180444,117150,1063293,650000,+0.0000,0.1800,-24.0,+9.6,-0.2390,NONE,STOPPED
="2026-08-25 00:07:48",79635,1135747,117150,1018596,650000,+0.0000,0.1800,+1.0,+9.6,-0.3995,NONE,STOPPED
="2026-08-25 00:07:49",79635,1135747,117150,1018596,650000,+0.0000,0.1800,+1.4,+17.6,-0.5454,NONE,STOPPED
="2026-08-25 00:07:50",79635,1119822,101227,1018595,650000,+0.0000,0.1800,+1.4,+25.6,-0.6826,NONE,STOPPED
="2026-08-25 00:07:51",79635,1119822,101227,1018595,650000,+0.0000,0.1800,+0.1,+25.6,-0.8118,NONE,STOPPED
="2026-08-25 00:07:52",79638,1119822,101227,1018595,650000,+0.0000,0.1800,+2.5,+28.1,-0.9193,NONE,STOPPED
="2026-08-25 00:07:53",79635,1119822,101227,1018594,650000,+0.0000,0.1800,+0.0,+25.6,-1.0263,NONE,STOPPED
="2026-08-25 00:07:54",79638,1197596,101227,1096369,650000,+0.0000,0.1800,+2.5,+25.1,-1.1131,NONE,STOPPED
="2026-08-25 00:07:55",79642,1197596,101227,1096369,650000,+0.0000,0.1800,+6.4,+29.0,-1.1741,NONE,STOPPED
="2026-08-25 00:07:56",79641,1187593,101227,1086366,650000,+0.0000,0.1800,+6.4,+28.0,-1.2285,NONE,STOPPED
="2026-08-25 00:07:57",79643,1172646,101227,1071419,650000,+0.0000,0.1800,+5.0,+29.1,-1.2721,NONE,STOPPED
="2026-08-25 00:07:58",79643,1182653,101227,1081426,650000,+0.0000,0.1800,+7.5,+29.1,-1.3103,NONE,STOPPED
="2026-08-25 00:07:59",79643,1162751,81323,1081427,650000,+0.0000,0.1800,+5.0,+21.9,-1.3437,NONE,STOPPED
="2026-08-25 00:08:00",79635,1162751,81323,1081427,650000,+0.0000,0.1800,-6.4,+14.5,-1.3974,NONE,STOPPED
="2026-08-25 00:08:01",79634,1220983,129550,1091433,650000,+0.0000,0.1800,-7.8,+9.1,-1.4496,NONE,STOPPED
="2026-08-25 00:08:02",79634,1891639,833205,1058433,650000,+0.0000,0.1800,-8.9,+6.2,-1.4924,NONE,STOPPED
="2026-08-25 00:08:03",79634,1876694,833205,1043488,650000,+0.0000,0.1800,-8.9,+4.2,-1.5269,NONE,STOPPED
="2026-08-25 00:08:04",79634,1886700,833205,1053494,650000,+0.0000,0.1800,-8.9,-8.7,-1.5543,NONE,STOPPED
="2026-08-25 00:08:05",79634,1977816,912839,1064977,650000,+0.0000,0.1800,-1.4,-12.9,-1.5685,NONE,STOPPED
="2026-08-25 00:08:06",79647,1999504,912839,1086664,650000,+0.0000,0.1800,+13.8,-16.0,-1.5215,NONE,STOPPED
="2026-08-25 00:08:07",79634,2006321,938530,1067791,650000,+0.0000,0.1800,+0.0,-53.1,-1.5191,NONE,STOPPED
="2026-08-25 00:08:08",79604,2374799,1344033,1030765,650000,+0.0000,0.1800,-30.2,-83.3,-1.6158,NONE,STOPPED
="2026-08-25 00:08:09",79604,2374799,1344033,1030765,650000,+0.0000,0.1800,-30.2,-83.3,-1.6972,NONE,STOPPED
="2026-08-25 00:08:10",79614,2391034,1360268,1030765,650000,+0.0000,0.1800,-20.2,-98.0,-1.7257,NONE,STOPPED
="2026-08-25 00:08:11",79613,2217467,1360268,857199,650000,+0.0000,0.1800,-34.0,-90.3,-1.7301,NONE,STOPPED
="2026-08-25 00:08:12",79614,2217467,1360268,857199,650000,+0.0000,0.1800,-20.2,-90.0,-1.7314,NONE,STOPPED
="2026-08-25 00:08:13",79621,2184539,1360268,824270,650000,+0.0000,0.1800,+17.5,-65.2,-1.6963,NONE,STOPPED
="2026-08-25 00:08:14",79626,2163688,1349422,814266,650000,+0.0000,0.1800,+22.2,-60.6,-1.6497,NONE,STOPPED
="2026-08-25 00:08:15",79626,2163688,1349422,814266,650000,+0.0000,0.1800,+12.2,-60.6,-1.6014,NONE,STOPPED
="2026-08-25 00:08:16",79604,2173693,1349422,824270,650000,+0.0000,0.1800,-10.0,-84.0,-1.6378,NONE,STOPPED
="2026-08-25 00:08:17",79604,2145123,1349422,795701,650000,+0.0000,0.1800,-10.0,-104.0,-1.6636,NONE,STOPPED
="2026-08-25 00:08:18",79605,2120095,1349422,770673,650000,+0.0000,0.1800,-16.0,-102.6,-1.6624,NONE,STOPPED
="2026-08-25 00:08:19",79605,2130100,1349422,780678,650000,+0.0000,0.1800,-20.7,-108.6,-1.6538,NONE,STOPPED
="2026-08-25 00:08:20",79591,2120097,1349422,770675,650000,+0.0000,0.1800,-34.2,-136.9,-1.6870,NONE,STOPPED
="2026-08-25 00:08:21",79591,1746818,1349422,397396,650000,+0.0000,0.1800,-34.2,-136.9,-1.6870,NONE,STOPPED
="2026-08-25 00:08:22",79592,1673027,1338897,334129,650000,+0.0000,0.1800,-11.4,-135.6,-1.6965,NONE,STOPPED
="2026-08-25 00:08:23",79588,1631856,1338897,292958,650000,+0.0000,0.1800,-17.4,-140.2,-1.7064,NONE,STOPPED
="2026-08-25 00:08:24",79586,1631856,1338897,292958,650000,+0.0000,0.1800,-19.4,-134.0,-1.7139,NONE,STOPPED
="2026-08-25 00:08:25",79589,1631856,1338897,292958,650000,+0.0000,0.1800,-2.0,-118.0,-1.7010,NONE,STOPPED
="2026-08-25 00:08:26",79592,1621852,1338897,282954,650000,+0.0000,0.1800,-1.1,-82.0,-1.6798,NONE,STOPPED
="2026-08-25 00:08:27",79601,1605653,1322698,282954,650000,+0.0000,0.1800,+8.5,-92.0,-1.6376,NONE,STOPPED
="2026-08-25 00:08:28",79594,1615657,1322698,292959,650000,+0.0000,0.1800,+6.3,-100.1,-1.6076,NONE,STOPPED
="2026-08-25 00:08:29",79592,1615657,1322698,292959,650000,+0.0000,0.1800,+6.0,-103.8,-1.5812,NONE,STOPPED
="2026-08-25 00:08:30",79589,1615657,1322698,292959,650000,+0.0000,0.1800,-0.3,-101.2,-1.5578,NONE,STOPPED
="2026-08-25 00:08:31",79588,1625662,1322698,302963,650000,+0.0000,0.1800,-4.0,-102.9,-1.5385,NONE,STOPPED
="2026-08-25 00:08:32",79588,1625662,1322698,302963,650000,+0.0000,0.1800,-4.0,-102.9,-1.5385,NONE,STOPPED
="2026-08-25 00:08:33",79560,1625662,1322698,302963,650000,+0.0000,0.1800,-34.3,-134.0,-1.6903,NONE,STOPPED
="2026-08-25 00:08:34",79560,1625662,1322698,302963,650000,+0.0000,0.1800,-32.0,-134.7,-1.7414,NONE,STOPPED
="2026-08-25 00:08:35",79571,1595806,1322698,273107,650000,+0.0000,0.1800,-18.2,-123.2,-1.7341,NONE,STOPPED
="2026-08-25 00:08:36",79573,1595806,1322698,273107,650000,+0.0000,0.1800,-14.6,-121.3,-1.7113,NONE,STOPPED
="2026-08-25 00:08:37",79573,1595806,1322698,273107,650000,+0.0000,0.1800,+13.4,-121.3,-1.6820,NONE,STOPPED
="2026-08-25 00:08:38",79573,1573708,1322698,251009,650000,+0.0000,0.1800,+13.4,-96.6,-1.6469,NONE,STOPPED
="2026-08-25 00:08:39",79566,1573708,1322698,251009,650000,+0.0000,0.1800,+6.2,-97.0,-1.6494,NONE,STOPPED
="2026-08-25 00:08:40",79546,1529954,1278944,251009,650000,+0.0000,0.1800,-25.4,-113.6,-1.7269,NONE,STOPPED
="2026-08-25 00:08:41",79546,1539958,1278944,261014,650000,+0.0000,0.1800,-27.4,-110.4,-1.7915,NONE,STOPPED
="2026-08-25 00:08:42",79564,1539958,1278944,261014,650000,+0.0000,0.1800,-9.4,-70.6,-1.7740,NONE,STOPPED
="2026-08-25 00:08:43",79570,1549963,1278944,271018,650000,+0.0000,0.1800,-2.5,-63.3,-1.7371,NONE,STOPPED
="2026-08-25 00:08:44",79560,1594286,1278944,315341,650000,+0.0000,0.1800,-6.0,-73.9,-1.7388,NONE,STOPPED
="2026-08-25 00:08:45",79560,1594286,1278944,315341,650000,+0.0000,0.1800,+14.3,-75.2,-1.7337,NONE,STOPPED
="2026-08-25 00:08:46",79560,1644072,1318725,325346,650000,+0.0000,0.1800,+14.0,-75.6,-1.7229,NONE,STOPPED
="2026-08-25 00:08:47",79549,1634068,1318725,315342,650000,+0.0000,0.1800,-14.9,-86.4,-1.7486,NONE,STOPPED
="2026-08-25 00:08:48",79549,1634068,1318725,315342,650000,+0.0000,0.1800,-21.7,-86.4,-1.7649,NONE,STOPPED
="2026-08-25 00:08:49",79547,1634068,1318725,315342,650000,+0.0000,0.1800,-12.4,-87.7,-1.7777,NONE,STOPPED
="2026-08-25 00:08:50",79547,1624064,1318725,305338,650000,+0.0000,0.1800,-12.4,-87.7,-1.7821,NONE,STOPPED
="2026-08-25 00:08:51",79550,1624064,1318725,305338,650000,+0.0000,0.1800,-9.5,-87.5,-1.7684,NONE,STOPPED
="2026-08-25 00:08:52",79557,1624064,1318725,305338,650000,+0.0000,0.1800,+8.9,-77.6,-1.7183,NONE,STOPPED
="2026-08-25 00:08:53",79560,1614060,1318725,295334,650000,+0.0000,0.1800,+10.9,-78.1,-1.6596,NONE,STOPPED
="2026-08-25 00:08:54",79560,1536285,1318725,217560,650000,+0.0000,0.1800,+12.1,-82.0,-1.5980,NONE,STOPPED
="2026-08-25 00:08:55",79560,1562201,1334637,227563,650000,+0.0000,0.1800,+12.1,-82.0,-1.5331,NONE,STOPPED
="2026-08-25 00:08:56",79561,1562201,1334637,227563,650000,+0.0000,0.1800,+10.6,-81.9,-1.4628,NONE,STOPPED
="2026-08-25 00:08:57",79567,1562201,1334637,227563,650000,+0.0000,0.1800,+10.0,-75.1,-1.3653,NONE,STOPPED
="2026-08-25 00:08:58",79571,1562197,1334637,227559,650000,+0.0000,0.1800,+11.5,-71.6,-1.2569,NONE,STOPPED
="2026-08-25 00:08:59",79571,1552193,1334637,217555,650000,+0.0000,0.1800,+11.5,-64.1,-1.1526,NONE,STOPPED
="2026-08-25 00:09:00",79571,1552193,1334637,217555,650000,+0.0000,0.1800,+11.5,-62.7,-1.0567,NONE,STOPPED
="2026-08-25 00:09:01",79587,1493961,1286410,207550,650000,+0.0000,0.1800,+26.8,-46.2,-0.9012,NONE,STOPPED
="2026-08-25 00:09:02",79596,790306,582756,207550,650000,+0.0000,0.1800,+28.0,-38.2,-0.7245,NONE,STOPPED
="2026-08-25 00:09:03",79595,790306,582756,207550,650000,+0.0000,0.1800,+24.5,-38.2,-0.5603,NONE,STOPPED
="2026-08-25 00:09:04",79613,805537,582756,222781,650000,+0.0000,0.1800,+41.8,-20.8,-0.3405,NONE,STOPPED
="2026-08-25 00:09:05",79636,714420,503122,211298,650000,+0.0000,0.1800,+65.1,-11.4,-0.0480,NONE,STOPPED
="2026-08-25 00:09:06",79636,692733,503122,189611,650000,+0.0000,0.1800,+48.6,+2.4,+0.2270,NONE,STOPPED
="2026-08-25 00:09:07",79636,682040,477431,204609,650000,+0.0000,0.1800,+40.6,+32.6,+0.4694,NONE,STOPPED
="2026-08-25 00:09:08",79644,299972,71927,228044,650000,+0.0000,0.1800,+48.0,+40.0,+0.6999,NONE,STOPPED
="2026-08-25 00:09:09",79644,299972,71927,228044,650000,+0.0000,0.1800,+30.7,+30.0,+0.9070,NONE,STOPPED
="2026-08-25 00:09:10",79638,293742,55693,238049,650000,+0.0000,0.1800,+2.0,+24.6,+1.0774,NONE,STOPPED
="2026-08-25 00:09:11",79634,293742,55693,238049,650000,+0.0000,0.1800,-2.6,+20.0,+1.2115,NONE,STOPPED
="2026-08-25 00:09:12",79634,293742,55693,238049,650000,+0.0000,0.1800,-2.6,+12.5,+1.3305,NONE,STOPPED
="2026-08-25 00:09:13",79624,321381,73327,248053,650000,+0.0000,0.1800,-20.0,-2.2,+1.4011,NONE,STOPPED
="2026-08-25 00:09:14",79625,321381,73327,248053,650000,+0.0000,0.1800,-18.0,-0.2,+1.4731,NONE,STOPPED
="2026-08-25 00:09:15",79626,321381,73327,248053,650000,+0.0000,0.1800,-12.6,+22.0,+1.5358,NONE,STOPPED
="2026-08-25 00:09:16",79628,311376,73327,238049,650000,+0.0000,0.1800,-5.9,+24.0,+1.5844,NONE,STOPPED
="2026-08-25 00:09:17",79621,311376,73327,238049,650000,+0.0000,0.1800,-12.6,+15.9,+1.5985,NONE,STOPPED
="2026-08-25 00:09:18",79610,321393,83343,238049,650000,+0.0000,0.1800,-13.1,+5.5,+1.5675,NONE,STOPPED
="2026-08-25 00:09:19",79617,311388,83343,228044,650000,+0.0000,0.1800,-8.4,+25.6,+1.5619,NONE,STOPPED
="2026-08-25 00:09:20",79617,311388,83343,228044,650000,+0.0000,0.1800,-8.4,+24.5,+1.5450,NONE,STOPPED
="2026-08-25 00:09:21",79612,321393,83343,238049,650000,+0.0000,0.1800,-16.0,+19.4,+1.5042,NONE,STOPPED
="2026-08-25 00:09:22",79612,311389,83343,228045,650000,+0.0000,0.1800,-9.4,+24.0,+1.4628,NONE,STOPPED
="2026-08-25 00:09:23",79612,311389,83343,228045,650000,+0.0000,0.1800,+1.1,+26.0,+1.4185,NONE,STOPPED
="2026-08-25 00:09:24",79596,311389,83343,228045,650000,+0.0000,0.1800,-14.8,+6.1,+1.3112,NONE,STOPPED
="2026-08-25 00:09:25",79592,321393,83343,238049,650000,+0.0000,0.1800,-25.3,+0.4,+1.1980,NONE,STOPPED
="2026-08-25 00:09:26",79584,321393,83343,238049,650000,+0.0000,0.1800,-28.0,-17.1,+1.0611,NONE,STOPPED
="2026-08-25 00:09:27",79574,331398,83343,248054,650000,+0.0000,0.1800,-37.6,-19.9,+0.9025,NONE,STOPPED
="2026-08-25 00:09:28",79574,321394,83343,238050,650000,+0.0000,0.1800,-37.6,-17.6,+0.7530,NONE,STOPPED
="2026-08-25 00:09:29",79574,321394,83343,238050,650000,+0.0000,0.1800,-21.7,-15.3,+0.6146,NONE,STOPPED
="2026-08-25 00:09:30",79601,321394,83343,238050,650000,+0.0000,0.1800,+9.6,+14.0,+0.5939,NONE,STOPPED
="2026-08-25 00:09:31",79602,311390,83343,228046,650000,+0.0000,0.1800,+18.0,+42.0,+0.5723,NONE,STOPPED
="2026-08-25 00:09:32",79595,311390,83343,228046,650000,+0.0000,0.1800,+21.0,+35.4,+0.5081,NONE,STOPPED
="2026-08-25 00:09:33",79595,311390,83343,228046,650000,+0.0000,0.1800,+21.0,+35.4,+0.4471,NONE,STOPPED
="2026-08-25 00:09:34",79595,311390,83343,228046,650000,+0.0000,0.1800,+21.0,+23.9,+0.3891,NONE,STOPPED
="2026-08-25 00:09:35",79599,311390,83343,228046,650000,+0.0000,0.1800,-2.1,+26.5,+0.3586,NONE,STOPPED
="2026-08-25 00:09:36",79608,311390,83343,228046,650000,+0.0000,0.1800,+6.9,+35.5,+0.3649,NONE,STOPPED
="2026-08-25 00:09:37",79604,311390,83343,228046,650000,+0.0000,0.1800,+9.2,+31.2,+0.3519,NONE,STOPPED
="2026-08-25 00:09:38",79604,301386,83343,218042,650000,+0.0000,0.1800,+9.2,+38.4,+0.3380,NONE,STOPPED
="2026-08-25 00:09:39",79604,311390,83343,228046,650000,+0.0000,0.1800,+8.6,+58.0,+0.3167,NONE,STOPPED
="2026-08-25 00:09:40",79602,311390,83343,228046,650000,+0.0000,0.1800,+2.1,+56.0,+0.2749,NONE,STOPPED
="2026-08-25 00:09:41",79602,301386,83343,218042,650000,+0.0000,0.1800,-6.9,+38.0,+0.2340,NONE,STOPPED
="2026-08-25 00:09:42",79602,301386,83343,218042,650000,+0.0000,0.1800,-2.6,+31.2,+0.2050,NONE,STOPPED
="2026-08-25 00:09:43",79604,291381,83343,208037,650000,+0.0000,0.1800,-0.6,+43.7,+0.1884,NONE,STOPPED
="2026-08-25 00:09:44",79605,286244,122529,163714,650000,+0.0000,0.1800,+2.0,+45.7,+0.1729,NONE,STOPPED
="2026-08-25 00:09:45",79619,286244,122529,163714,650000,+0.0000,0.1800,+17.7,+59.7,+0.2098,NONE,STOPPED
="2026-08-25 00:09:46",79620,236457,82747,153710,650000,+0.0000,0.1800,+18.0,+70.9,+0.2416,NONE,STOPPED
="2026-08-25 00:09:47",79629,236457,82747,153710,650000,+0.0000,0.1800,+27.7,+80.6,+0.3244,NONE,STOPPED
="2026-08-25 00:09:48",79629,236457,82747,153710,650000,+0.0000,0.1800,+25.7,+81.9,+0.3471,NONE,STOPPED
="2026-08-25 00:09:49",79631,236457,82747,153710,650000,+0.0000,0.1800,+25.6,+83.8,+0.3937,NONE,STOPPED
="2026-08-25 00:09:50",79631,236457,82747,153710,650000,+0.0000,0.1800,+25.6,+83.8,+0.3937,NONE,STOPPED
="2026-08-25 00:09:51",79617,258805,82747,176058,650000,+0.0000,0.1800,-2.4,+59.6,+0.4098,NONE,STOPPED
="2026-08-25 00:09:52",79604,290114,114056,176058,650000,+0.0000,0.1800,-24.9,+44.9,+0.3408,NONE,STOPPED
="2026-08-25 00:09:53",79607,290114,114056,176058,650000,+0.0000,0.1800,-22.0,+47.7,+0.2877,NONE,STOPPED
="2026-08-25 00:09:54",79607,300118,114056,186062,650000,+0.0000,0.1800,-23.9,+47.7,+0.2366,NONE,STOPPED
="2026-08-25 00:09:55",79607,274203,98144,176059,650000,+0.0000,0.1800,-23.9,+46.6,+0.1876,NONE,STOPPED
="2026-08-25 00:09:56",79607,274203,98144,176059,650000,+0.0000,0.1800,-9.9,+39.7,+0.1413,NONE,STOPPED
="2026-08-25 00:09:57",79607,284208,98144,186063,650000,+0.0000,0.1800,+2.9,+36.2,+0.1011,NONE,STOPPED
="2026-08-25 00:09:58",79601,274204,98144,176059,650000,+0.0000,0.1800,-5.7,+30.5,+0.0424,NONE,STOPPED
="2026-08-25 00:09:59",79600,274204,98144,176059,650000,+0.0000,0.1800,-6.8,+29.5,-0.0165,NONE,STOPPED
="2026-08-25 00:10:00",79597,284208,98144,186064,650000,+0.0000,0.1800,-10.4,+9.3,-0.0857,NONE,STOPPED
="2026-08-25 00:10:01",79580,284208,98144,186064,650000,+0.0000,0.1800,-27.7,-16.0,-0.2068,NONE,STOPPED
="2026-08-25 00:10:02",79562,284208,98144,186064,650000,+0.0000,0.1800,-45.7,-34.0,-0.3816,NONE,STOPPED
="2026-08-25 00:10:03",79563,311193,98144,213048,650000,+0.0000,0.1800,-38.0,-49.3,-0.5311,NONE,STOPPED
="2026-08-25 00:10:04",79573,301188,98144,203044,650000,+0.0000,0.1800,-27.9,-63.6,-0.6194,NONE,STOPPED
="2026-08-25 00:10:05",79573,317785,98144,219641,650000,+0.0000,0.1800,-24.3,-63.6,-0.6829,NONE,STOPPED
="2026-08-25 00:10:06",79573,327790,98144,229645,650000,+0.0000,0.1800,-7.0,-63.6,-0.7367,NONE,STOPPED
="2026-08-25 00:10:07",79573,302786,98144,204642,650000,+0.0000,0.1800,+12.0,-70.0,-0.7779,NONE,STOPPED
="2026-08-25 00:10:08",79575,279351,98144,181206,650000,+0.0000,0.1800,+11.8,-68.3,-0.7998,NONE,STOPPED
="2026-08-25 00:10:09",79570,289355,98144,191211,650000,+0.0000,0.1800,-2.3,-67.9,-0.8351,NONE,STOPPED
="2026-08-25 00:10:10",79570,279351,98144,181207,650000,+0.0000,0.1800,-2.3,-67.9,-0.8351,NONE,STOPPED
="2026-08-25 00:10:11",79562,279351,98144,181207,650000,+0.0000,0.1800,-10.3,-71.3,-0.9496,NONE,STOPPED
="2026-08-25 00:10:12",79563,289356,98144,191212,650000,+0.0000,0.1800,-10.8,-60.8,-0.9926,NONE,STOPPED
="2026-08-25 00:10:13",79563,261717,80510,181207,650000,+0.0000,0.1800,-12.6,-62.8,-1.0329,NONE,STOPPED
="2026-08-25 00:10:14",79583,369982,80510,289472,650000,+0.0000,0.1800,+12.3,-43.0,-0.9866,NONE,STOPPED
="2026-08-25 00:10:15",79560,419089,129617,289472,650000,+0.0000,0.1800,-3.2,-68.0,-1.0301,NONE,STOPPED
="2026-08-25 00:10:16",79560,419089,129617,289472,650000,+0.0000,0.1800,-2.7,-61.4,-1.0638,NONE,STOPPED
="2026-08-25 00:10:17",79560,419089,129617,289472,650000,+0.0000,0.1800,-3.2,-50.9,-1.0936,NONE,STOPPED
="2026-08-25 00:10:18",79536,429208,129731,299476,650000,+0.0000,0.1800,-27.2,-81.6,-1.2158,NONE,STOPPED
="2026-08-25 00:10:19",79530,497825,129731,368094,650000,+0.0000,0.1800,-52.3,-86.9,-1.3382,NONE,STOPPED
="2026-08-25 00:10:20",79556,553506,129731,423774,650000,+0.0000,0.1800,-3.6,-55.6,-1.3435,NONE,STOPPED
="2026-08-25 00:10:21",79553,553506,129731,423774,650000,+0.0000,0.1800,-6.4,-58.4,-1.3576,NONE,STOPPED
="2026-08-25 00:10:22",79550,553506,129731,423774,650000,+0.0000,0.1800,-9.8,-61.8,-1.3783,NONE,STOPPED
="2026-08-25 00:10:23",79550,553506,129731,423774,650000,+0.0000,0.1800,+14.2,-45.9,-1.3919,NONE,STOPPED
="2026-08-25 00:10:24",79555,553506,129731,423774,650000,+0.0000,0.1800,+24.9,-36.7,-1.3874,NONE,STOPPED
="2026-08-25 00:10:25",79567,543502,129731,413770,650000,+0.0000,0.1800,+11.6,-16.0,-1.3330,NONE,STOPPED
="2026-08-25 00:10:26",79567,782091,368321,413770,650000,+0.0000,0.1800,+14.4,-6.4,-1.2847,NONE,STOPPED
="2026-08-25 00:10:27",79567,782091,368321,413770,650000,+0.0000,0.1800,+17.8,-6.4,-1.3180,NONE,STOPPED
="2026-08-25 00:10:28",79566,772086,368321,403765,650000,+0.0000,0.1800,+16.3,-7.9,-1.2135,NONE,STOPPED
="2026-08-25 00:10:29",79559,782091,368321,413770,650000,+0.0000,0.1800,+3.8,-42.6,-1.2062,NONE,STOPPED
="2026-08-25 00:10:30",79559,782091,368321,413770,650000,+0.0000,0.1800,+3.8,-42.6,-1.2062,NONE,STOPPED
="2026-08-25 00:10:31",79573,782091,368321,413770,650000,+0.0000,0.1800,+6.0,-21.4,-1.0714,NONE,STOPPED
="2026-08-25 00:10:32",79574,792096,368321,423775,650000,+0.0000,0.1800,+7.5,-21.4,-0.9967,NONE,STOPPED
="2026-08-25 00:10:33",79579,792096,368321,423775,650000,+0.0000,0.1800,+13.5,-15.4,-0.9024,NONE,STOPPED
="2026-08-25 00:10:34",79602,850123,368321,481802,650000,+0.0000,0.1800,+43.5,+3.0,-0.7249,NONE,STOPPED
="2026-08-25 00:10:35",79606,860127,368321,491806,650000,+0.0000,0.1800,+40.9,-2.0,-0.5437,NONE,STOPPED
="2026-08-25 00:10:36",79606,860127,368321,491806,650000,+0.0000,0.1800,+32.9,+2.2,-0.3722,NONE,STOPPED
="2026-08-25 00:10:37",79600,860127,368321,491806,650000,+0.0000,0.1800,+26.2,-4.4,-0.2437,NONE,STOPPED
="2026-08-25 00:10:38",79600,870132,368321,501811,650000,+0.0000,0.1800,+20.0,-4.0,-0.1264,NONE,STOPPED
="2026-08-25 00:10:39",79593,860127,368321,491806,650000,+0.0000,0.1800,-8.9,-8.1,-0.0430,NONE,STOPPED
="2026-08-25 00:10:40",79573,860127,368321,491806,650000,+0.0000,0.1800,-33.4,-28.5,-0.0474,NONE,STOPPED
="2026-08-25 00:10:41",79573,870131,368321,501810,650000,+0.0000,0.1800,-33.4,-28.6,-0.0501,NONE,STOPPED
="2026-08-25 00:10:42",79573,870131,368321,501810,650000,+0.0000,0.1800,-26.7,-30.6,-0.0513,NONE,STOPPED
="2026-08-25 00:10:43",79573,870131,368321,501810,650000,+0.0000,0.1800,-26.6,-32.5,-0.0500,NONE,STOPPED
="2026-08-25 00:10:44",79578,830946,329135,501810,650000,+0.0000,0.1800,-15.9,-41.7,-0.0285,NONE,STOPPED
="2026-08-25 00:10:45",79581,830946,329135,501810,650000,+0.0000,0.1800,+7.8,-38.7,+0.0134,NONE,STOPPED
="2026-08-25 00:10:46",79581,830946,329135,501810,650000,+0.0000,0.1800,+7.8,-48.4,+0.0533,NONE,STOPPED
="2026-08-25 00:10:47",79580,840950,329135,511815,650000,+0.0000,0.1800,+6.8,-49.5,+0.0932,NONE,STOPPED
="2026-08-25 00:10:48",79579,840950,329135,511815,650000,+0.0000,0.1800,+5.8,-52.4,+0.1272,NONE,STOPPED
="2026-08-25 00:10:49",79578,840950,329135,511815,650000,+0.0000,0.1800,+0.5,-53.1,+0.1586,NONE,STOPPED
="2026-08-25 00:10:50",79578,850955,329135,521819,650000,+0.0000,0.1800,-3.2,-39.6,+0.1873,NONE,STOPPED
="2026-08-25 00:10:51",79578,828607,329135,499471,650000,+0.0000,0.1800,-3.2,-26.8,+0.2069,NONE,STOPPED
="2026-08-25 00:10:52",79578,797298,297827,499471,650000,+0.0000,0.1800,-2.1,-29.6,+0.2302,NONE,STOPPED
="2026-08-25 00:10:53",79578,807302,297827,509475,650000,+0.0000,0.1800,-1.1,-29.6,+0.2309,NONE,STOPPED
="2026-08-25 00:10:54",79578,797298,297827,499471,650000,+0.0000,0.1800,-0.4,-29.6,+0.2432,NONE,STOPPED
="2026-08-25 00:10:55",79581,797298,297827,499471,650000,+0.0000,0.1800,+3.3,-26.4,+0.2678,NONE,STOPPED
="2026-08-25 00:10:56",79583,797298,297827,499471,650000,+0.0000,0.1800,+5.9,-23.7,+0.3010,NONE,STOPPED
="2026-08-25 00:10:57",79584,797297,297827,499470,650000,+0.0000,0.1800,+6.4,-17.5,+0.3335,NONE,STOPPED
="2026-08-25 00:10:58",79584,797297,297827,499470,650000,+0.0000,0.1800,+6.4,-16.4,+0.3581,NONE,STOPPED
="2026-08-25 00:10:59",79585,797297,297827,499470,650000,+0.0000,0.1800,+7.9,-11.3,+0.3946,NONE,STOPPED
="2026-08-25 00:11:00",79586,787293,297827,489466,650000,+0.0000,0.1800,+4.6,+6.0,+0.4185,NONE,STOPPED
="2026-08-25 00:11:01",79586,797296,297827,499469,650000,+0.0000,0.1800,+2.4,+24.4,+0.4309,NONE,STOPPED
="2026-08-25 00:11:02",79586,797296,297827,499469,650000,+0.0000,0.1800,+1.9,+22.4,+0.4302,NONE,STOPPED
="2026-08-25 00:11:03",79586,787292,297827,489465,650000,+0.0000,0.1800,+0.4,+13.4,+0.4289,NONE,STOPPED
="2026-08-25 00:11:04",79585,780316,297827,482489,650000,+0.0000,0.1800,-0.6,+12.4,+0.4275,NONE,STOPPED
="2026-08-25 00:11:05",79568,773682,323022,450659,650000,+0.0000,0.1800,-18.0,-5.0,+0.3571,NONE,STOPPED
="2026-08-25 00:11:06",79568,763677,323022,440655,650000,+0.0000,0.1800,-18.0,-5.0,+0.3571,NONE,STOPPED
="2026-08-25 00:11:07",79560,818866,368206,450660,650000,+0.0000,0.1800,-26.4,-15.8,+0.2023,NONE,STOPPED
="2026-08-25 00:11:08",79552,818866,368206,450660,650000,+0.0000,0.1800,-34.0,-18.3,+0.0918,NONE,STOPPED
="2026-08-25 00:11:09",79552,808862,368206,440655,650000,+0.0000,0.1800,-33.0,-18.3,+0.0918,NONE,STOPPED
="2026-08-25 00:11:10",79550,856694,406033,450660,650000,+0.0000,0.1800,-18.0,-12.7,-0.1264,NONE,STOPPED
="2026-08-25 00:11:11",79554,856694,406033,450660,650000,+0.0000,0.1800,-14.0,-9.2,-0.2070,NONE,STOPPED
="2026-08-25 00:11:12",79565,846689,406033,440655,650000,+0.0000,0.1800,+5.7,+2.5,-0.2340,NONE,STOPPED
="2026-08-25 00:11:13",79574,846689,406033,440655,650000,+0.0000,0.1800,+21.6,-9.0,-0.2259,NONE,STOPPED
="2026-08-25 00:11:14",79572,738424,406033,332391,650000,+0.0000,0.1800,+22.7,+12.7,-0.2113,NONE,STOPPED
="2026-08-25 00:11:15",79570,689317,356926,332391,650000,+0.0000,0.1800,+20.0,+10.0,-0.2218,NONE,STOPPED
="2026-08-25 00:11:16",79560,699322,356926,342395,650000,+0.0000,0.1800,+6.0,+0.0,-0.2702,NONE,STOPPED
="2026-08-25 00:11:17",79560,699322,356926,342395,650000,+0.0000,0.1800,-5.7,+24.0,-0.3137,NONE,STOPPED
="2026-08-25 00:11:18",79567,679187,346795,332391,650000,+0.0000,0.1800,-6.8,+36.5,-0.3395,NONE,STOPPED
="2026-08-25 00:11:19",79567,610569,346795,263773,650000,+0.0000,0.1800,-5.5,+10.8,-0.3667,NONE,STOPPED
="2026-08-25 00:11:20",79567,554889,346795,208093,650000,+0.0000,0.1800,-2.8,+13.6,-0.3768,NONE,STOPPED
="2026-08-25 00:11:21",79567,544883,346795,198087,650000,+0.0000,0.1800,+7.2,+17.0,-0.3872,NONE,STOPPED
="2026-08-25 00:11:22",79567,544883,346795,198087,650000,+0.0000,0.1800,+7.2,+17.0,-0.3987,NONE,STOPPED
="2026-08-25 00:11:23",79567,544883,346795,198087,650000,+0.0000,0.1800,-0.0,+11.5,-0.4090,NONE,STOPPED
="2026-08-25 00:11:24",79567,584627,386539,198087,650000,+0.0000,0.1800,-0.0,-0.8,-0.4149,NONE,STOPPED
="2026-08-25 00:11:25",79567,584627,386539,198087,650000,+0.0000,0.1800,+0.0,-0.8,-0.4124,NONE,STOPPED
="2026-08-25 00:11:26",79570,346038,147950,198087,650000,+0.0000,0.1800,+3.4,+4.1,-0.3960,NONE,STOPPED
="2026-08-25 00:11:27",79570,346038,147950,198087,650000,+0.0000,0.1800,+3.4,+4.1,-0.3811,NONE,STOPPED
="2026-08-25 00:11:28",79571,346038,147950,198087,650000,+0.0000,0.1800,+4.0,+11.8,-0.3648,NONE,STOPPED
="2026-08-25 00:11:29",79571,336033,147950,188083,650000,+0.0000,0.1800,+4.2,+5.4,-0.3528,NONE,STOPPED
="2026-08-25 00:11:30",79578,336033,147950,188083,650000,+0.0000,0.1800,+11.1,+4.3,-0.3108,NONE,STOPPED
="2026-08-25 00:11:31",79580,336033,147950,188083,650000,+0.0000,0.1800,+10.3,+6.9,-0.2575,NONE,STOPPED
="2026-08-25 00:11:32",79583,365452,147950,217502,650000,+0.0000,0.1800,+13.4,+4.0,-0.1965,NONE,STOPPED
="2026-08-25 00:11:33",79591,403702,160685,243017,650000,+0.0000,0.1800,+20.4,-11.3,-0.1079,NONE,STOPPED
="2026-08-25 00:11:34",79591,345675,160685,184990,650000,+0.0000,0.1800,+20.1,-15.3,-0.0134,NONE,STOPPED
="2026-08-25 00:11:35",79591,335671,160685,174986,650000,+0.0000,0.1800,+13.2,-15.3,+0.0756,NONE,STOPPED
="2026-08-25 00:11:36",79591,335671,160685,174986,650000,+0.0000,0.1800,+10.7,-8.6,+0.1573,NONE,STOPPED
="2026-08-25 00:11:37",79591,335671,160685,174986,650000,+0.0000,0.1800,+7.6,-8.5,+0.2280,NONE,STOPPED
="2026-08-25 00:11:38",79591,325666,160685,164981,650000,+0.0000,0.1800,-0.0,-2.4,+0.2922,NONE,STOPPED
="2026-08-25 00:11:39",79591,325666,160685,164981,650000,+0.0000,0.1800,-0.0,+18.1,+0.3468,NONE,STOPPED
="2026-08-25 00:11:40",79591,325666,160685,164981,650000,+0.0000,0.1800,-0.0,+18.1,+0.3835,NONE,STOPPED
="2026-08-25 00:11:41",79591,315663,160685,154977,650000,+0.0000,0.1800,+0.0,+18.1,+0.4155,NONE,STOPPED
="2026-08-25 00:11:42",79582,368125,180823,187302,650000,+0.0000,0.1800,-9.5,+8.6,+0.4060,NONE,STOPPED
="2026-08-25 00:11:43",79579,368125,180823,187302,650000,+0.0000,0.1800,-12.3,+1.3,+0.3855,NONE,STOPPED
="2026-08-25 00:11:44",79578,368125,180823,187302,650000,+0.0000,0.1800,-13.5,-3.3,+0.3635,NONE,STOPPED
="2026-08-25 00:11:45",79576,368125,180823,187302,650000,+0.0000,0.1800,-15.5,-5.3,+0.3370,NONE,STOPPED
="2026-08-25 00:11:46",79573,368125,180823,187302,650000,+0.0000,0.1800,-18.3,-7.0,+0.3018,NONE,STOPPED
="2026-08-25 00:11:47",79569,358121,180823,177297,650000,+0.0000,0.1800,-12.8,-10.0,+0.2531,NONE,STOPPED
="2026-08-25 00:11:48",79569,374034,180823,193211,650000,+0.0000,0.1800,-10.0,-9.3,+0.2080,NONE,STOPPED
="2026-08-25 00:11:49",79569,374034,180823,193211,650000,+0.0000,0.1800,-8.8,-8.8,+0.1664,NONE,STOPPED
="2026-08-25 00:11:50",79569,364030,180823,183207,650000,+0.0000,0.1800,-6.8,-8.9,+0.1283,NONE,STOPPED
="2026-08-25 00:11:51",79569,364030,180823,183207,650000,+0.0000,0.1800,-4.0,-8.9,+0.0936,NONE,STOPPED
="2026-08-25 00:11:52",79572,364030,180823,183207,650000,+0.0000,0.1800,+2.7,-6.1,+0.0729,NONE,STOPPED
="2026-08-25 00:11:53",79588,354026,180823,173203,650000,+0.0000,0.1800,+18.8,+9.9,+0.1164,NONE,STOPPED
="2026-08-25 00:11:54",79602,396227,198014,198213,650000,+0.0000,0.1800,+33.6,+24.7,+0.2078,NONE,STOPPED
="2026-08-25 00:11:55",79603,396227,198014,198213,650000,+0.0000,0.1800,+34.7,+20.0,+0.3064,NONE,STOPPED
="2026-08-25 00:11:56",79604,396227,198014,198213,650000,+0.0000,0.1800,+34.8,+19.5,+0.3914,NONE,STOPPED
="2026-08-25 00:11:57",79616,558691,198014,360677,650000,+0.0000,0.1800,+44.9,+30.9,+0.5180,NONE,STOPPED
="2026-08-25 00:11:58",79624,584017,198014,386003,650000,+0.0000,0.1800,+36.0,+38.0,+0.6594,NONE,STOPPED
="2026-08-25 00:11:59",79632,584017,198014,386003,650000,+0.0000,0.1800,+29.2,+46.1,+0.8168,NONE,STOPPED
="2026-08-25 00:12:00",79632,584017,198014,386003,650000,+0.0000,0.1800,+28.1,+45.6,+0.9568,NONE,STOPPED
="2026-08-25 00:12:01",79632,574014,198014,375999,650000,+0.0000,0.1800,+28.1,+45.6,+1.0808,NONE,STOPPED
="2026-08-25 00:12:02",79632,574014,198014,375999,650000,+0.0000,0.1800,+15.1,+45.6,+1.1898,NONE,STOPPED
="2026-08-25 00:12:03",79632,574014,198014,375999,650000,+0.0000,0.1800,+8.1,+46.6,+1.2848,NONE,STOPPED
="2026-08-25 00:12:04",79628,564010,198014,365995,650000,+0.0000,0.1800,-4.1,+60.0,+1.3507,NONE,STOPPED
="2026-08-25 00:12:05",79629,563792,172818,390973,650000,+0.0000,0.1800,-3.0,+61.1,+1.3998,NONE,STOPPED
="2026-08-25 00:12:06",79629,563792,172818,390973,650000,+0.0000,0.1800,-3.0,+69.1,+1.4393,NONE,STOPPED
="2026-08-25 00:12:07",79629,508604,127635,380968,650000,+0.0000,0.1800,-2.9,+76.7,+1.4650,NONE,STOPPED
="2026-08-25 00:12:08",79619,508604,127635,380968,650000,+0.0000,0.1800,-12.1,+70.0,+1.4425,NONE,STOPPED
="2026-08-25 00:12:09",79618,508604,127635,380968,650000,+0.0000,0.1800,-9.3,+68.7,+1.4098,NONE,STOPPED
="2026-08-25 00:12:10",79606,470775,89807,380967,650000,+0.0000,0.1800,-23.1,+52.0,+1.3249,NONE,STOPPED
="2026-08-25 00:12:11",79606,470775,89807,380967,650000,+0.0000,0.1800,-23.1,+40.3,+1.2450,NONE,STOPPED
="2026-08-25 00:12:12",79604,470775,89807,380967,650000,+0.0000,0.1800,-25.1,+30.0,+1.1667,NONE,STOPPED
="2026-08-25 00:12:13",79604,502076,89807,412269,650000,+0.0000,0.1800,-15.6,+31.7,+1.0981,NONE,STOPPED
="2026-08-25 00:12:14",79604,502076,89807,412269,650000,+0.0000,0.1800,-15.6,+31.7,+1.0981,NONE,STOPPED
="2026-08-25 00:12:15",79605,517211,89807,427403,650000,+0.0000,0.1800,-0.1,+45.9,+0.9708,NONE,STOPPED
="2026-08-25 00:12:16",79623,568765,89807,478957,650000,+0.0000,0.1800,+18.0,+64.0,+0.9768,NONE,STOPPED
="2026-08-25 00:12:17",79623,568765,89807,478957,650000,+0.0000,0.1800,+20.0,+56.8,+0.9776,NONE,STOPPED
="2026-08-25 00:12:18",79624,568765,89807,478957,650000,+0.0000,0.1800,+19.6,+56.8,+0.9781,NONE,STOPPED
="2026-08-25 00:12:19",79624,578769,89807,488961,650000,+0.0000,0.1800,+19.6,+56.8,+0.9743,NONE,STOPPED
="2026-08-25 00:12:20",79624,578769,89807,488961,650000,+0.0000,0.1800,+18.1,+56.8,+0.9664,NONE,STOPPED
="2026-08-25 00:12:21",79620,578769,89807,488961,650000,+0.0000,0.1800,-4.0,+52.8,+0.9395,NONE,STOPPED
="2026-08-25 00:12:22",79620,588774,89807,498966,650000,+0.0000,0.1800,-4.0,+52.8,+0.9395,NONE,STOPPED
="2026-08-25 00:12:23",79619,588774,89807,498966,650000,+0.0000,0.1800,-4.5,+52.3,+0.8768,NONE,STOPPED
="2026-08-25 00:12:24",79619,549030,50063,498966,650000,+0.0000,0.1800,-4.5,+52.3,+0.8436,NONE,STOPPED
="2026-08-25 00:12:25",79619,588805,50063,538741,650000,+0.0000,0.1800,-4.5,+52.3,+0.8436,NONE,STOPPED
="2026-08-25 00:12:26",79618,588805,50063,538741,650000,+0.0000,0.1800,-1.2,+48.2,+0.7719,NONE,STOPPED
="2026-08-25 00:12:27",79608,588805,50063,538741,650000,+0.0000,0.1800,-11.5,+36.8,+0.6942,NONE,STOPPED
="2026-08-25 00:12:28",79608,598809,50063,548745,650000,+0.0000,0.1800,-11.5,+36.6,+0.6209,NONE,STOPPED
="2026-08-25 00:12:29",79615,598809,50063,548745,650000,+0.0000,0.1800,-3.6,+37.6,+0.5819,NONE,STOPPED
="2026-08-25 00:12:30",79620,598809,50063,548745,650000,+0.0000,0.1800,+1.7,+39.6,+0.5656,NONE,STOPPED
="2026-08-25 00:12:31",79620,608813,50063,558749,650000,+0.0000,0.1800,+1.7,+36.5,+0.5494,NONE,STOPPED
="2026-08-25 00:12:32",79620,608813,50063,558749,650000,+0.0000,0.1800,+12.5,+28.9,+0.5338,NONE,STOPPED
="2026-08-25 00:12:33",79620,531139,37329,493810,650000,+0.0000,0.1800,+12.5,+29.0,+0.5216,NONE,STOPPED
="2026-08-25 00:12:34",79620,541144,37329,503814,650000,+0.0000,0.1800,+4.6,+28.9,+0.5082,NONE,STOPPED
="2026-08-25 00:12:35",79620,541144,37329,503814,650000,+0.0000,0.1800,+4.6,+28.9,+0.4937,NONE,STOPPED
="2026-08-25 00:12:36",79620,541144,37329,503814,650000,+0.0000,0.1800,-0.0,+28.9,+0.4784,NONE,STOPPED
="2026-08-25 00:12:37",79620,551147,37329,513818,650000,+0.0000,0.1800,+4.6,+29.0,+0.4622,NONE,STOPPED
="2026-08-25 00:12:38",79625,561287,37329,523958,650000,+0.0000,0.1800,+5.5,+34.5,+0.4667,NONE,STOPPED
="2026-08-25 00:12:39",79627,561287,37329,523958,650000,+0.0000,0.1800,+7.2,+36.1,+0.4750,NONE,STOPPED
="2026-08-25 00:12:40",79627,571291,37329,533961,650000,+0.0000,0.1800,+7.2,+36.1,+0.4801,NONE,STOPPED
="2026-08-25 00:12:41",79627,571291,37329,533961,650000,+0.0000,0.1800,+7.2,+45.7,+0.4824,NONE,STOPPED
="2026-08-25 00:12:42",79627,518828,17191,501637,650000,+0.0000,0.1800,+7.2,+45.7,+0.4857,NONE,STOPPED
="2026-08-25 00:12:43",79627,539212,17191,522021,650000,+0.0000,0.1800,+1.7,+49.7,+0.4659,NONE,STOPPED
="2026-08-25 00:12:44",79627,539212,17191,522021,650000,+0.0000,0.1800,+0.0,+51.7,+0.4529,NONE,STOPPED
="2026-08-25 00:12:45",79627,539212,17191,522021,650000,+0.0000,0.1800,+0.0,+51.7,+0.4529,NONE,STOPPED
="2026-08-25 00:12:46",79627,539212,17191,522021,650000,+0.0000,0.1800,+0.0,+58.4,+0.4176,NONE,STOPPED
="2026-08-25 00:12:47",79627,591563,69541,522021,650000,+0.0000,0.1800,-0.0,+58.4,+0.3944,NONE,STOPPED
="2026-08-25 00:12:48",79627,575649,69541,506108,650000,+0.0000,0.1800,-0.0,+58.4,+0.3944,NONE,STOPPED
="2026-08-25 00:12:49",79630,575649,69541,506108,650000,+0.0000,0.1800,+2.8,+61.2,+0.3559,NONE,STOPPED
="2026-08-25 00:12:50",79638,575649,69541,506108,650000,+0.0000,0.1800,+10.3,+68.8,+0.3688,NONE,STOPPED
="2026-08-25 00:12:51",79650,604752,69541,535210,650000,+0.0000,0.1800,+22.3,+78.0,+0.4238,NONE,STOPPED
="2026-08-25 00:12:52",79650,604752,69541,535210,650000,+0.0000,0.1800,+22.3,+62.0,+0.4713,NONE,STOPPED
="2026-08-25 00:12:53",79650,604752,69541,535210,650000,+0.0000,0.1800,+22.3,+47.1,+0.5203,NONE,STOPPED
="2026-08-25 00:12:54",79650,572553,52350,520202,650000,+0.0000,0.1800,+19.5,+46.0,+0.5704,NONE,STOPPED
="2026-08-25 00:12:55",79648,572553,52350,520202,650000,+0.0000,0.1800,+11.0,+45.0,+0.6096,NONE,STOPPED
="2026-08-25 00:12:56",79648,572553,52350,520202,650000,+0.0000,0.1800,-2.0,+31.1,+0.6385,NONE,STOPPED
="2026-08-25 00:12:57",79648,410088,52350,357738,650000,+0.0000,0.1800,-1.3,+24.7,+0.6724,NONE,STOPPED
="2026-08-25 00:12:58",79656,703429,70682,632747,650000,+0.0000,0.1800,+7.0,+24.9,+0.7370,NONE,STOPPED
="2026-08-25 00:12:59",79656,703429,70682,632747,650000,+0.0000,0.1800,+7.0,+24.9,+0.7979,NONE,STOPPED
="2026-08-25 00:13:00",79648,713433,70682,642750,650000,+0.0000,0.1800,-0.4,+16.5,+0.8183,NONE,STOPPED
="2026-08-25 00:13:01",79648,713433,70682,642750,650000,+0.0000,0.1800,+0.6,+16.5,+0.8345,NONE,STOPPED
="2026-08-25 00:13:02",79648,713433,70682,642750,650000,+0.0000,0.1800,+0.6,+16.5,+0.8277,NONE,STOPPED
="2026-08-25 00:13:03",79654,723438,70682,652755,650000,+0.0000,0.1800,-2.6,+26.4,+0.8783,NONE,STOPPED
="2026-08-25 00:13:04",79654,750098,70682,679415,650000,+0.0000,0.1800,-2.6,+25.3,+0.9019,NONE,STOPPED
="2026-08-25 00:13:05",79672,750210,70682,679527,650000,+0.0000,0.1800,+24.1,+43.6,+0.9923,NONE,STOPPED
="2026-08-25 00:13:06",79683,785575,70682,714892,650000,+0.0000,0.1800,+34.7,+54.2,+1.1122,NONE,STOPPED
="2026-08-25 00:13:07",79690,807045,70682,736362,650000,+0.0000,0.1800,+41.4,+70.0,+1.2431,NONE,STOPPED
="2026-08-25 00:13:08",79700,807045,70682,736362,650000,+0.0000,0.1800,+45.6,+81.3,+1.3908,NONE,STOPPED
="2026-08-25 00:13:09",79683,832638,86271,746366,650000,+0.0000,0.1800,+29.6,+77.9,+1.4561,NONE,STOPPED
="2026-08-25 00:13:10",79683,822634,86271,736362,650000,+0.0000,0.1800,+11.2,+77.9,+1.5022,NONE,STOPPED
="2026-08-25 00:13:11",79683,822634,86271,736362,650000,+0.0000,0.1800,+0.7,+80.0,+1.5381,NONE,STOPPED
="2026-08-25 00:13:12",79683,832638,86271,746367,650000,+0.0000,0.1800,-6.0,+79.5,+1.5632,NONE,STOPPED
="2026-08-25 00:13:13",79682,801337,86271,715065,650000,+0.0000,0.1800,-18.0,+77.6,+1.5724,NONE,STOPPED
="2026-08-25 00:13:14",79678,801337,86271,715065,650000,+0.0000,0.1800,-5.9,+72.1,+1.5587,NONE,STOPPED
="2026-08-25 00:13:15",79676,796208,86271,709936,650000,+0.0000,0.1800,-7.9,+52.0,+1.5333,NONE,STOPPED
="2026-08-25 00:13:16",79677,734649,86271,648377,650000,+0.0000,0.1800,-6.7,+53.3,+1.5021,NONE,STOPPED
="2026-08-25 00:13:17",79683,734649,86271,648377,650000,+0.0000,0.1800,-0.7,+59.3,+1.5261,NONE,STOPPED
="2026-08-25 00:13:18",79683,758902,86271,672630,650000,+0.0000,0.1800,+1.3,+59.3,+1.5259,NONE,STOPPED
="2026-08-25 00:13:19",79683,748898,86271,662626,650000,+0.0000,0.1800,+1.3,+59.3,+1.5259,NONE,STOPPED
="2026-08-25 00:13:20",79684,758901,86271,672630,650000,+0.0000,0.1800,+8.0,+64.1,+1.5127,NONE,STOPPED
="2026-08-25 00:13:21",79682,758901,86271,672630,650000,+0.0000,0.1800,+4.7,+62.5,+1.4897,NONE,STOPPED
="2026-08-25 00:13:22",79682,748896,86271,662625,650000,+0.0000,0.1800,+4.7,+62.5,+1.4897,NONE,STOPPED
="2026-08-25 00:13:23",79682,748896,86271,662625,650000,+0.0000,0.1800,-1.3,+62.5,+1.4328,NONE,STOPPED
="2026-08-25 00:13:24",79682,758901,86271,672630,650000,+0.0000,0.1800,-1.3,+63.2,+1.4000,NONE,STOPPED
="2026-08-25 00:13:25",79682,719127,86271,632855,650000,+0.0000,0.1800,-2.1,+63.2,+1.3642,NONE,STOPPED
="2026-08-25 00:13:26",79682,745727,86271,659455,650000,+0.0000,0.1800,+0.0,+74.0,+1.3262,NONE,STOPPED
="2026-08-25 00:13:27",79648,745727,86271,659455,650000,+0.0000,0.1800,-33.4,+40.6,+1.1499,NONE,STOPPED
="2026-08-25 00:13:28",79646,756976,86271,670705,650000,+0.0000,0.1800,-36.0,+30.1,+0.9748,NONE,STOPPED
="2026-08-25 00:13:29",79646,756976,86271,670705,650000,+0.0000,0.1800,-36.0,+25.5,+0.8164,NONE,STOPPED
="2026-08-25 00:13:30",79645,756976,86271,670705,650000,+0.0000,0.1800,-36.0,+25.5,+0.6718,NONE,STOPPED
="2026-08-25 00:13:31",79650,746972,86271,660700,650000,+0.0000,0.1800,-32.0,+29.5,+0.5532,NONE,STOPPED
="2026-08-25 00:13:32",79650,756976,86271,670704,650000,+0.0000,0.1800,+1.4,+29.5,+0.4428,NONE,STOPPED
="2026-08-25 00:13:33",79650,784564,86271,698292,650000,+0.0000,0.1800,+1.4,+29.5,+0.4428,NONE,STOPPED
="2026-08-25 00:13:34",79672,774559,86271,688287,650000,+0.0000,0.1800,+26.4,+51.9,+0.4100,NONE,STOPPED
="2026-08-25 00:13:35",79674,774559,86271,688287,650000,+0.0000,0.1800,+28.2,+53.7,+0.3984,NONE,STOPPED
="2026-08-25 00:13:36",79676,774559,86271,688287,650000,+0.0000,0.1800,+26.2,+55.8,+0.3926,NONE,STOPPED
="2026-08-25 00:13:37",79677,804441,86271,718169,650000,+0.0000,0.1800,+28.0,+52.0,+0.3911,NONE,STOPPED
="2026-08-25 00:13:38",79682,794301,86271,708029,650000,+0.0000,0.1800,+9.6,+54.3,+0.4055,NONE,STOPPED
="2026-08-25 00:13:39",79685,834770,86271,748498,650000,+0.0000,0.1800,+13.6,+58.3,+0.4320,NONE,STOPPED
="2026-08-25 00:13:40",79686,824766,86271,738494,650000,+0.0000,0.1800,+11.8,+58.3,+0.4530,NONE,STOPPED
="2026-08-25 00:13:41",79697,824766,86271,738494,650000,+0.0000,0.1800,+21.4,+70.0,+0.5140,NONE,STOPPED
="2026-08-25 00:13:42",79669,894011,130394,763617,650000,+0.0000,0.1800,-8.4,+42.0,+0.4568,NONE,STOPPED
="2026-08-25 00:13:43",79694,873627,130394,743232,650000,+0.0000,0.1800,+12.0,+66.3,+0.4968,NONE,STOPPED
="2026-08-25 00:13:44",79694,883631,130394,753236,650000,+0.0000,0.1800,+8.0,+66.3,+0.5296,NONE,STOPPED
="2026-08-25 00:13:45",79692,958277,205040,753236,650000,+0.0000,0.1800,+6.3,+64.6,+0.5491,NONE,STOPPED
="2026-08-25 00:13:46",79692,958277,205040,753236,650000,+0.0000,0.1800,-5.3,+64.6,+0.5631,NONE,STOPPED
="2026-08-25 00:13:47",79692,915931,152689,763241,650000,+0.0000,0.1800,+22.7,+64.6,+0.5721,NONE,STOPPED
="2026-08-25 00:13:48",79692,915931,152689,763241,650000,+0.0000,0.1800,-1.7,+61.8,+0.5764,NONE,STOPPED
="2026-08-25 00:13:49",79692,925935,152689,773246,650000,+0.0000,0.1800,-1.9,+54.1,+0.5774,NONE,STOPPED
="2026-08-25 00:13:50",79686,925935,152689,773246,650000,+0.0000,0.1800,-6.3,+36.0,+0.5555,NONE,STOPPED
="2026-08-25 00:13:51",79686,896833,152689,744143,650000,+0.0000,0.1800,-6.3,+36.0,+0.5398,NONE,STOPPED
="2026-08-25 00:13:52",79686,896833,152689,744143,650000,+0.0000,0.1800,-6.3,+36.0,+0.5228,NONE,STOPPED
="2026-08-25 00:13:53",79683,906837,152689,754148,650000,+0.0000,0.1800,-8.6,+33.7,+0.4959,NONE,STOPPED
="2026-08-25 00:13:54",79682,896835,152689,744145,650000,+0.0000,0.1800,-10.1,+33.0,+0.4623,NONE,STOPPED
="2026-08-25 00:13:55",79682,896835,152689,744145,650000,+0.0000,0.1800,-4.0,+34.0,+0.4289,NONE,STOPPED
="2026-08-25 00:13:56",79666,917385,163236,754149,650000,+0.0000,0.1800,-19.4,+17.9,+0.3355,NONE,STOPPED
="2026-08-25 00:13:57",79665,907382,163236,744146,650000,+0.0000,0.1800,-20.7,+8.4,+0.2444,NONE,STOPPED
="2026-08-25 00:13:58",79664,588715,144903,443812,650000,+0.0000,0.1800,-19.7,+7.0,+0.1601,NONE,STOPPED
="2026-08-25 00:13:59",79664,598720,144903,453817,650000,+0.0000,0.1800,-19.7,+7.0,+0.1601,NONE,STOPPED
="2026-08-25 00:14:00",79664,588716,144903,443813,650000,+0.0000,0.1800,-18.0,+15.4,+0.0065,NONE,STOPPED
="2026-08-25 00:14:01",79665,588716,144903,443813,650000,+0.0000,0.1800,-0.6,+17.4,-0.0559,NONE,STOPPED
="2026-08-25 00:14:02",79665,588715,144903,443812,650000,+0.0000,0.1800,+0.7,+11.6,-0.1134,NONE,STOPPED
="2026-08-25 00:14:03",79682,640553,144903,495650,650000,+0.0000,0.1800,+18.3,+28.0,-0.0991,NONE,STOPPED
="2026-08-25 00:14:04",79682,613893,144903,468989,650000,+0.0000,0.1800,+18.7,+10.0,-0.0858,NONE,STOPPED
="2026-08-25 00:14:05",79682,598807,144903,453903,650000,+0.0000,0.1800,+18.7,-0.6,-0.0635,NONE,STOPPED
="2026-08-25 00:14:06",79682,563442,144903,418539,650000,+0.0000,0.1800,+16.7,-7.4,-0.0370,NONE,STOPPED
="2026-08-25 00:14:07",79682,541972,144903,397069,650000,+0.0000,0.1800,+16.7,-17.4,-0.0088,NONE,STOPPED
="2026-08-25 00:14:08",79681,551977,144903,407073,650000,+0.0000,0.1800,-1.0,-2.6,+0.0184,NONE,STOPPED
="2026-08-25 00:14:09",79676,526384,129314,397069,650000,+0.0000,0.1800,-6.2,-7.5,+0.0151,NONE,STOPPED
="2026-08-25 00:14:10",79676,526384,129314,397069,650000,+0.0000,0.1800,-6.2,-7.5,+0.0123,NONE,STOPPED
="2026-08-25 00:14:11",79676,536388,129314,407073,650000,+0.0000,0.1800,-6.6,-8.0,+0.0083,NONE,STOPPED
="2026-08-25 00:14:12",79684,551485,129314,422170,650000,+0.0000,0.1800,+1.4,+2.0,+0.0363,NONE,STOPPED
="2026-08-25 00:14:13",79684,551485,129314,422170,650000,+0.0000,0.1800,+2.7,+6.1,+0.0605,NONE,STOPPED
="2026-08-25 00:14:14",79681,561489,129314,432174,650000,+0.0000,0.1800,+4.9,+5.3,+0.0695,NONE,STOPPED
="2026-08-25 00:14:15",79642,551484,129314,422169,650000,+0.0000,0.1800,-34.4,-35.3,-0.0768,NONE,STOPPED
="2026-08-25 00:14:16",79616,551484,129314,422169,650000,+0.0000,0.1800,-60.0,-67.3,-0.3092,NONE,STOPPED
="2026-08-25 00:14:17",79596,561489,129314,432174,650000,+0.0000,0.1800,-88.0,-87.3,-0.5921,NONE,STOPPED
="2026-08-25 00:14:18",79603,537235,129314,407921,650000,+0.0000,0.1800,-80.1,-79.3,-0.8141,NONE,STOPPED
="2026-08-25 00:14:19",79596,537235,129314,407921,650000,+0.0000,0.1800,-85.4,-88.1,-1.0427,NONE,STOPPED
="2026-08-25 00:14:20",79596,537236,129314,407922,650000,+0.0000,0.1800,-46.0,-86.0,-1.2450,NONE,STOPPED
="2026-08-25 00:14:21",79596,537236,129314,407922,650000,+0.0000,0.1800,-20.0,-86.0,-1.4245,NONE,STOPPED
="2026-08-25 00:14:22",79615,578091,129314,448776,650000,+0.0000,0.1800,+20.0,-66.0,-1.5040,NONE,STOPPED
="2026-08-25 00:14:23",79617,588095,129314,458780,650000,+0.0000,0.1800,+14.0,-64.0,-1.5629,NONE,STOPPED
="2026-08-25 00:14:24",79616,590083,141308,448775,650000,+0.0000,0.1800,+20.1,-65.9,-1.6180,NONE,STOPPED
="2026-08-25 00:14:25",79614,590083,141308,448775,650000,+0.0000,0.1800,+18.0,-68.0,-1.6705,NONE,STOPPED
="2026-08-25 00:14:26",79614,573488,141308,432180,650000,+0.0000,0.1800,+18.0,-34.6,-1.7122,NONE,STOPPED
="2026-08-25 00:14:27",79617,573488,141308,432180,650000,+0.0000,0.1800,+2.0,-28.0,-1.7487,NONE,STOPPED
="2026-08-25 00:14:28",79617,603269,192342,410926,650000,+0.0000,0.1800,+2.0,-28.0,-1.7788,NONE,STOPPED
="2026-08-25 00:14:29",79616,613274,192342,420931,650000,+0.0000,0.1800,-0.1,-30.0,-1.8091,NONE,STOPPED
="2026-08-25 00:14:30",79613,657073,192342,464730,650000,+0.0000,0.1800,-0.3,-32.3,-1.7969,NONE,STOPPED
="2026-08-25 00:14:31",79612,657073,192342,464730,650000,+0.0000,0.1800,-2.0,-38.0,-1.8690,NONE,STOPPED
="2026-08-25 00:14:32",79612,657074,192342,464731,650000,+0.0000,0.1800,-6.0,-60.4,-1.8892,NONE,STOPPED
="2026-08-25 00:14:33",79612,629487,192342,437144,650000,+0.0000,0.1800,-6.0,-60.4,-1.8892,NONE,STOPPED
="2026-08-25 00:14:34",79612,629487,192342,437144,650000,+0.0000,0.1800,-4.0,-62.2,-1.8816,NONE,STOPPED
="2026-08-25 00:14:35",79599,662993,215844,447149,650000,+0.0000,0.1800,-14.7,-77.2,-1.9184,NONE,STOPPED
="2026-08-25 00:14:36",79592,662993,215844,447149,650000,+0.0000,0.1800,-21.7,-86.0,-1.9710,NONE,STOPPED
="2026-08-25 00:14:37",79582,623108,215844,407264,650000,+0.0000,0.1800,-30.0,-100.0,-2.0494,NONE,STOPPED
="2026-08-25 00:14:38",79577,633112,215844,417267,650000,+0.0000,0.1800,-34.8,-108.8,-2.1288,NONE,STOPPED
="2026-08-25 00:14:39",79577,592643,215844,376798,650000,+0.0000,0.1800,-34.8,-108.8,-2.1481,NONE,STOPPED
="2026-08-25 00:14:40",79589,643592,215844,427748,650000,+0.0000,0.1800,-9.0,-107.7,-2.1877,NONE,STOPPED
="2026-08-25 00:14:41",79596,653596,215844,437751,650000,+0.0000,0.1800,+4.0,-73.6,-2.1464,NONE,STOPPED
="2026-08-25 00:14:42",79596,584351,171722,412629,650000,+0.0000,0.1800,+14.0,-98.0,-2.1173,NONE,STOPPED
="2026-08-25 00:14:43",79592,584351,171722,412629,650000,+0.0000,0.1800,+14.8,-102.0,-2.0841,NONE,STOPPED
="2026-08-25 00:14:44",79592,584351,171722,412629,650000,+0.0000,0.1800,+14.8,-100.3,-2.0455,NONE,STOPPED
="2026-08-25 00:14:45",79592,509705,97075,412629,650000,+0.0000,0.1800,+2.0,-100.3,-2.0029,NONE,STOPPED
="2026-08-25 00:14:46",79592,526380,97075,429304,650000,+0.0000,0.1800,-4.0,-100.3,-1.9559,NONE,STOPPED
="2026-08-25 00:14:47",79588,588514,159210,429304,650000,+0.0000,0.1800,-8.0,-104.3,-1.9205,NONE,STOPPED
="2026-08-25 00:14:48",79599,599123,159210,439912,650000,+0.0000,0.1800,+8.0,-92.1,-1.8334,NONE,STOPPED
="2026-08-25 00:14:49",79599,589118,159210,429908,650000,+0.0000,0.1800,+8.0,-86.0,-1.7466,NONE,STOPPED
="2026-08-25 00:14:50",79592,599121,159210,439911,650000,+0.0000,0.1800,+0.0,-94.0,-1.6948,NONE,STOPPED
="2026-08-25 00:14:51",79592,599121,159210,439911,650000,+0.0000,0.1800,+0.0,-94.0,-1.6402,NONE,STOPPED
="2026-08-25 00:14:52",79592,599121,159210,439911,650000,+0.0000,0.1800,+4.0,-91.7,-1.5833,NONE,STOPPED
="2026-08-25 00:14:53",79588,599122,159210,439911,650000,+0.0000,0.1800,-12.0,-94.0,-1.5413,NONE,STOPPED
="2026-08-25 00:14:54",79551,599122,159210,439911,650000,+0.0000,0.1800,-48.7,-130.7,-1.6400,NONE,STOPPED
="2026-08-25 00:14:55",79551,599122,159210,439911,650000,+0.0000,0.1800,-40.8,-115.3,-1.7213,NONE,STOPPED
="2026-08-25 00:14:56",79544,588576,148663,439912,650000,+0.0000,0.1800,-48.0,-121.3,-1.8242,NONE,STOPPED
="2026-08-25 00:14:57",79557,588576,148663,439912,650000,+0.0000,0.1800,-34.1,-106.1,-1.8558,NONE,STOPPED
="2026-08-25 00:14:58",79557,588576,148663,439912,650000,+0.0000,0.1800,-30.1,-106.1,-1.8773,NONE,STOPPED
="2026-08-25 00:14:59",79559,610970,148663,462306,650000,+0.0000,0.1800,+8.3,-104.4,-1.8821,NONE,STOPPED
="2026-08-25 00:15:00",79548,610970,148663,462306,650000,+0.0000,0.1800,-2.4,-117.2,-1.9204,NONE,STOPPED
="2026-08-25 00:15:01",79544,610970,148663,462306,650000,+0.0000,0.1800,+0.2,-121.7,-1.9632,NONE,STOPPED
="2026-08-25 00:15:02",79546,610971,148663,462307,650000,+0.0000,0.1800,-11.8,-136.2,-1.9860,NONE,STOPPED
="2026-08-25 00:15:03",79528,559132,148663,410468,650000,+0.0000,0.1800,-29.9,-154.7,-2.0583,NONE,STOPPED
="2026-08-25 00:15:04",79538,582119,148663,433455,650000,+0.0000,0.1800,-21.6,-144.7,-2.0747,NONE,STOPPED
="2026-08-25 00:15:05",79540,582119,148663,433455,650000,+0.0000,0.1800,-8.7,-142.5,-2.0711,NONE,STOPPED
="2026-08-25 00:15:06",79544,596310,148663,447646,650000,+0.0000,0.1800,-0.3,-138.6,-2.0428,NONE,STOPPED
="2026-08-25 00:15:07",79557,596310,148663,447646,650000,+0.0000,0.1800,+11.9,-123.4,-1.9527,NONE,STOPPED
="2026-08-25 00:15:08",79557,613362,148663,464698,650000,+0.0000,0.1800,+30.0,-118.5,-1.9364,NONE,STOPPED
="2026-08-25 00:15:09",79550,631314,166615,464698,650000,+0.0000,0.1800,+12.0,-126.4,-1.8018,NONE,STOPPED
="2026-08-25 00:15:10",79534,631314,166615,464698,650000,+0.0000,0.1800,-6.1,-142.0,-1.8033,NONE,STOPPED
="2026-08-25 00:15:11",79559,621309,166615,454694,650000,+0.0000,0.1800,+15.3,-124.7,-1.6970,NONE,STOPPED
="2026-08-25 00:15:12",79562,596208,166615,429593,650000,+0.0000,0.1800,+4.0,-122.1,-1.5764,NONE,STOPPED
="2026-08-25 00:15:13",79568,611673,166615,445058,650000,+0.0000,0.1800,+9.1,-113.4,-1.4349,NONE,STOPPED
="2026-08-25 00:15:14",79568,601669,166615,435054,650000,+0.0000,0.1800,+9.1,-113.4,-1.4349,NONE,STOPPED
="2026-08-25 00:15:15",79570,601669,166615,435054,650000,+0.0000,0.1800,+36.0,-46.0,-1.1856,NONE,STOPPED
="2026-08-25 00:15:16",79572,601669,166615,435054,650000,+0.0000,0.1800,+12.7,-24.0,-1.0840,NONE,STOPPED
="2026-08-25 00:15:17",79572,591665,166615,425049,650000,+0.0000,0.1800,+12.7,-24.0,-1.0840,NONE,STOPPED
="2026-08-25 00:15:18",79579,591665,166615,425049,650000,+0.0000,0.1800,+11.7,-16.3,-0.8847,NONE,STOPPED
="2026-08-25 00:15:19",79579,601669,166615,435053,650000,+0.0000,0.1800,+11.8,-16.3,-0.7819,NONE,STOPPED
="2026-08-25 00:15:20",79579,591664,166615,425049,650000,+0.0000,0.1800,+9.7,-16.3,-0.6860,NONE,STOPPED
="2026-08-25 00:15:21",79579,591664,166615,425049,650000,+0.0000,0.1800,+7.7,-36.3,-0.5964,NONE,STOPPED
="2026-08-25 00:15:22",79589,579030,166615,412414,650000,+0.0000,0.1800,+17.8,-28.2,-0.4616,NONE,STOPPED
="2026-08-25 00:15:23",79589,569026,166615,402410,650000,+0.0000,0.1800,+10.3,-26.1,-0.3347,NONE,STOPPED
="2026-08-25 00:15:24",79590,557032,154621,402410,650000,+0.0000,0.1800,+10.3,-24.0,-0.2183,NONE,STOPPED
="2026-08-25 00:15:25",79589,567037,154621,412415,650000,+0.0000,0.1800,+10.2,-24.0,-0.1119,NONE,STOPPED
="2026-08-25 00:15:26",79590,557032,154621,402410,650000,+0.0000,0.1800,+10.3,-28.0,-0.0137,NONE,STOPPED
="2026-08-25 00:15:27",79596,557032,154621,402410,650000,+0.0000,0.1800,+6.2,-22.0,+0.1026,NONE,STOPPED
="2026-08-25 00:15:28",79599,505998,103587,402410,650000,+0.0000,0.1800,+10.0,-16.0,+0.2249,NONE,STOPPED
="2026-08-25 00:15:29",79603,512180,119773,392406,650000,+0.0000,0.1800,+13.2,-10.4,+0.3481,NONE,STOPPED
="2026-08-25 00:15:30",79603,468380,119773,348606,650000,+0.0000,0.1800,+13.2,-8.8,+0.4588,NONE,STOPPED
="2026-08-25 00:15:31",79609,560361,119773,440587,650000,+0.0000,0.1800,+20.0,-2.0,+0.5503,NONE,STOPPED
="2026-08-25 00:15:32",79609,550357,119773,430583,650000,+0.0000,0.1800,+14.0,-2.0,+0.6979,NONE,STOPPED
="2026-08-25 00:15:33",79609,565152,134569,430583,650000,+0.0000,0.1800,+10.0,-2.0,+0.8001,NONE,STOPPED
="2026-08-25 00:15:34",79610,575157,134569,440587,650000,+0.0000,0.1800,+6.8,+11.0,+0.8917,NONE,STOPPED
="2026-08-25 00:15:35",79613,541650,111067,430582,650000,+0.0000,0.1800,+10.4,+21.7,+0.9798,NONE,STOPPED
="2026-08-25 00:15:36",79617,620832,111067,509765,650000,+0.0000,0.1800,+8.0,+36.0,+1.0701,NONE,STOPPED
="2026-08-25 00:15:37",79617,652900,111067,541833,650000,+0.0000,0.1800,+8.0,+36.0,+1.0701,NONE,STOPPED
="2026-08-25 00:15:38",79628,642897,111067,531829,650000,+0.0000,0.1800,+18.0,+50.8,+1.2759,NONE,STOPPED
="2026-08-25 00:15:39",79619,642897,111067,531829,650000,+0.0000,0.1800,+9.3,+29.3,+1.3240,NONE,STOPPED
="2026-08-25 00:15:40",79618,601952,111067,490884,650000,+0.0000,0.1800,+4.3,+22.0,+1.3661,NONE,STOPPED
="2026-08-25 00:15:41",79614,591949,111067,480881,650000,+0.0000,0.1800,-4.0,+18.0,+1.3887,NONE,STOPPED
="2026-08-25 00:15:42",79614,591949,111067,480881,650000,+0.0000,0.1800,-13.7,+22.0,+1.4058,NONE,STOPPED
="2026-08-25 00:15:43",79614,601953,111067,490885,650000,+0.0000,0.1800,-13.7,+22.0,+1.4058,NONE,STOPPED
="2026-08-25 00:15:44",79614,591948,111067,480880,650000,+0.0000,0.1800,-5.3,+22.0,+1.4201,NONE,STOPPED
="2026-08-25 00:15:45",79610,591948,111067,480880,650000,+0.0000,0.1800,-8.0,+18.0,+1.4052,NONE,STOPPED
="2026-08-25 00:15:46",79610,585278,111067,474210,650000,+0.0000,0.1800,-4.0,+22.0,+1.3879,NONE,STOPPED
="2026-08-25 00:15:47",79609,513139,48933,464206,650000,+0.0000,0.1800,-4.0,+10.0,+1.3662,NONE,STOPPED
="2026-08-25 00:15:48",79615,502531,48933,453597,650000,+0.0000,0.1800,+2.0,+16.0,+1.3733,NONE,STOPPED
="2026-08-25 00:15:49",79624,502531,48933,453597,650000,+0.0000,0.1800,+10.0,+32.0,+1.4075,NONE,STOPPED
="2026-08-25 00:15:50",79633,503076,59481,443594,650000,+0.0000,0.1800,+24.0,+42.0,+1.4688,NONE,STOPPED
="2026-08-25 00:15:51",79633,582710,139115,443594,650000,+0.0000,0.1800,+24.0,+42.0,+1.4688,NONE,STOPPED
="2026-08-25 00:15:52",79633,606476,152878,453597,650000,+0.0000,0.1800,+24.0,+46.0,+1.5620,NONE,STOPPED
="2026-08-25 00:15:53",79634,596472,152878,443593,650000,+0.0000,0.1800,+18.0,+82.7,+1.5928,NONE,STOPPED
="2026-08-25 00:15:54",79634,596472,152878,443593,650000,+0.0000,0.1800,+10.0,+82.7,+1.5935,NONE,STOPPED
="2026-08-25 00:15:55",79637,608839,152878,455960,650000,+0.0000,0.1800,+4.0,+94.0,+1.6030,NONE,STOPPED
="2026-08-25 00:15:56",79637,598834,152878,445955,650000,+0.0000,0.1800,+4.0,+94.0,+1.6030,NONE,STOPPED
="2026-08-25 00:15:57",79614,598834,152878,445955,650000,+0.0000,0.1800,-20.0,+56.1,+1.4669,NONE,STOPPED
="2026-08-25 00:15:58",79614,608839,152878,455960,650000,+0.0000,0.1800,-20.0,+54.4,+1.3796,NONE,STOPPED
="2026-08-25 00:15:59",79614,576441,152878,423562,650000,+0.0000,0.1800,-20.0,+65.2,+1.2959,NONE,STOPPED
="2026-08-25 00:16:00",79609,587310,163748,423562,650000,+0.0000,0.1800,-28.0,+65.7,+1.1926,NONE,STOPPED
="2026-08-25 00:16:01",79609,597315,163748,433567,650000,+0.0000,0.1800,-16.8,+63.9,+1.0906,NONE,STOPPED
="2026-08-25 00:16:02",79607,587311,163748,423562,650000,+0.0000,0.1800,-6.3,+79.7,+0.9853,NONE,STOPPED
="2026-08-25 00:16:03",79607,587311,163748,423562,650000,+0.0000,0.1800,-6.3,+69.8,+0.8736,NONE,STOPPED
="2026-08-25 00:16:04",79610,574328,163748,410580,650000,+0.0000,0.1800,-3.7,+70.2,+0.7827,NONE,STOPPED
="2026-08-25 00:16:05",79598,564325,163748,400577,650000,+0.0000,0.1800,-12.0,+54.0,+0.6487,NONE,STOPPED
="2026-08-25 00:16:06",79598,550134,163748,386386,650000,+0.0000,0.1800,-12.0,+40.0,+0.5253,NONE,STOPPED
="2026-08-25 00:16:07",79603,560139,163748,396391,650000,+0.0000,0.1800,-3.8,+45.1,+0.4410,NONE,STOPPED
="2026-08-25 00:16:08",79603,597645,228310,369334,650000,+0.0000,0.1800,-4.4,+53.4,+0.3599,NONE,STOPPED
="2026-08-25 00:16:09",79603,579693,210359,369334,650000,+0.0000,0.1800,-6.9,+69.4,+0.2779,NONE,STOPPED
="2026-08-25 00:16:10",79603,589698,210359,379338,650000,+0.0000,0.1800,+5.4,+44.1,+0.1906,NONE,STOPPED
="2026-08-25 00:16:11",79594,723977,344638,379338,650000,+0.0000,0.1800,-3.8,+32.2,+0.0875,NONE,STOPPED
="2026-08-25 00:16:12",79594,733981,344638,389343,650000,+0.0000,0.1800,-9.7,+26.2,-0.0065,NONE,STOPPED
="2026-08-25 00:16:13",79598,718516,344638,373877,650000,+0.0000,0.1800,-5.2,+30.2,-0.0743,NONE,STOPPED
="2026-08-25 00:16:14",79598,718516,344638,373877,650000,+0.0000,0.1800,-5.2,+28.2,-0.1373,NONE,STOPPED
="2026-08-25 00:16:15",79598,728520,344638,383881,650000,+0.0000,0.1800,-5.2,+26.2,-0.1944,NONE,STOPPED
="2026-08-25 00:16:16",79592,728520,344638,383881,650000,+0.0000,0.1800,-2.2,+20.0,-0.2701,NONE,STOPPED
="2026-08-25 00:16:17",79600,728520,344638,383881,650000,+0.0000,0.1800,+6.6,+21.1,-0.3052,NONE,STOPPED
="2026-08-25 00:16:18",79600,738524,344638,393886,650000,+0.0000,0.1800,+2.6,+21.1,-0.3330,NONE,STOPPED
="2026-08-25 00:16:19",79600,728520,344638,383882,650000,+0.0000,0.1800,+2.6,+21.1,-0.3585,NONE,STOPPED
="2026-08-25 00:16:20",79600,753536,344638,408897,650000,+0.0000,0.1800,+2.6,+21.1,-0.3820,NONE,STOPPED
="2026-08-25 00:16:21",79610,763541,344638,418902,650000,+0.0000,0.1800,+18.0,+20.2,-0.3676,NONE,STOPPED
="2026-08-25 00:16:22",79610,735321,344638,390682,650000,+0.0000,0.1800,+18.0,+20.0,-0.3489,NONE,STOPPED
="2026-08-25 00:16:23",79610,735321,344638,390682,650000,+0.0000,0.1800,+9.2,+20.0,-0.3319,NONE,STOPPED
="2026-08-25 00:16:24",79598,961999,561312,400687,650000,+0.0000,0.1800,-2.8,+8.0,-0.3632,NONE,STOPPED
="2026-08-25 00:16:25",79598,951994,561312,390682,650000,+0.0000,0.1800,-2.8,+8.0,-0.3913,NONE,STOPPED
="2026-08-25 00:16:26",79599,951994,561312,390682,650000,+0.0000,0.1800,-10.4,+3.6,-0.4101,NONE,STOPPED
="2026-08-25 00:16:27",79599,951994,561312,390682,650000,+0.0000,0.1800,-10.4,-0.4,-0.4232,NONE,STOPPED
="2026-08-25 00:16:28",79599,951994,561312,390682,650000,+0.0000,0.1800,-10.4,-3.6,-0.4321,NONE,STOPPED
="2026-08-25 00:16:29",79598,935807,545125,390682,650000,+0.0000,0.1800,+0.0,-5.2,-0.4435,NONE,STOPPED
="2026-08-25 00:16:30",79558,984072,583386,400685,650000,+0.0000,0.1800,-39.1,-51.1,-0.6051,NONE,STOPPED
="2026-08-25 00:16:31",79535,962675,653971,308704,650000,+0.0000,0.1800,-64.4,-74.7,-0.8372,NONE,STOPPED
="2026-08-25 00:16:32",79552,962675,653971,308704,650000,+0.0000,0.1800,-46.8,-57.2,-0.9757,NONE,STOPPED
="2026-08-25 00:16:33",79552,947880,639175,308704,650000,+0.0000,0.1800,-46.8,-57.2,-0.9938,NONE,STOPPED
="2026-08-25 00:16:34",79554,950441,639175,311265,650000,+0.0000,0.1800,-44.0,-59.7,-1.1996,NONE,STOPPED
="2026-08-25 00:16:35",79553,950441,639175,311265,650000,+0.0000,0.1800,-4.9,-64.0,-1.2856,NONE,STOPPED
="2026-08-25 00:16:36",79554,871259,639175,232083,650000,+0.0000,0.1800,+18.8,-73.7,-1.3563,NONE,STOPPED
="2026-08-25 00:16:37",79562,839191,639175,200015,650000,+0.0000,0.1800,+9.6,-65.6,-1.3769,NONE,STOPPED
="2026-08-25 00:16:38",79561,839191,639175,200015,650000,+0.0000,0.1800,+8.9,-57.6,-1.3928,NONE,STOPPED
="2026-08-25 00:16:39",79552,849196,639175,210020,650000,+0.0000,0.1800,-2.0,-66.0,-1.4445,NONE,STOPPED
="2026-08-25 00:16:40",79548,839191,639175,200015,650000,+0.0000,0.1800,-5.2,-65.2,-1.4992,NONE,STOPPED
="2026-08-25 00:16:41",79548,839191,639175,200015,650000,+0.0000,0.1800,-5.2,-65.2,-1.5455,NONE,STOPPED
="2026-08-25 00:16:42",79554,849196,639175,210020,650000,+0.0000,0.1800,-7.6,-59.3,-1.5590,NONE,STOPPED
="2026-08-25 00:16:43",79558,839191,639175,200016,650000,+0.0000,0.1800,-3.4,-55.8,-1.5521,NONE,STOPPED
="2026-08-25 00:16:44",79560,839191,639175,200016,650000,+0.0000,0.1800,+8.0,-50.0,-1.5334,NONE,STOPPED
="2026-08-25 00:16:45",79554,849196,639175,210020,650000,+0.0000,0.1800,+5.2,-56.0,-1.5368,NONE,STOPPED
="2026-08-25 00:16:46",79554,839192,639175,200016,650000,+0.0000,0.1800,+5.2,-56.0,-1.5344,NONE,STOPPED
="2026-08-25 00:16:47",79554,839192,639175,200016,650000,+0.0000,0.1800,-0.7,-62.0,-1.5268,NONE,STOPPED
="2026-08-25 00:16:48",79552,849197,639175,210021,650000,+0.0000,0.1800,-6.2,-72.0,-1.5187,NONE,STOPPED
="2026-08-25 00:16:49",79550,849197,639175,210021,650000,+0.0000,0.1800,-10.0,-84.0,-1.5085,NONE,STOPPED
="2026-08-25 00:16:50",79548,838649,628627,210021,650000,+0.0000,0.1800,-5.2,-85.2,-1.4915,NONE,STOPPED
="2026-08-25 00:16:51",79550,769020,548993,220026,650000,+0.0000,0.1800,-4.0,-84.0,-1.4650,NONE,STOPPED
="2026-08-25 00:16:52",79557,745253,535230,210023,650000,+0.0000,0.1800,+3.2,-76.8,-1.4063,NONE,STOPPED
="2026-08-25 00:16:53",79557,760572,535230,225341,650000,+0.0000,0.1800,+3.2,-76.8,-1.4063,NONE,STOPPED
="2026-08-25 00:16:54",79572,770576,535230,235346,650000,+0.0000,0.1800,+22.4,-65.6,-1.2042,NONE,STOPPED
="2026-08-25 00:16:55",79575,758209,535230,222979,650000,+0.0000,0.1800,+26.3,-51.7,-1.0799,NONE,STOPPED
="2026-08-25 00:16:56",79575,769570,546591,222979,650000,+0.0000,0.1800,+25.1,-38.9,-0.9686,NONE,STOPPED
="2026-08-25 00:16:57",79575,779574,546591,232983,650000,+0.0000,0.1800,+17.9,-38.9,-0.8708,NONE,STOPPED
="2026-08-25 00:16:58",79572,769569,546591,222978,650000,+0.0000,0.1800,+8.7,-41.5,-0.7882,NONE,STOPPED
="2026-08-25 00:16:59",79568,769569,546591,222978,650000,+0.0000,0.1800,-4.4,-42.0,-0.7273,NONE,STOPPED
="2026-08-25 00:17:00",79567,768706,535722,232984,650000,+0.0000,0.1800,-7.7,-42.6,-0.6733,NONE,STOPPED
="2026-08-25 00:17:01",79567,758700,535722,222978,650000,+0.0000,0.1800,-7.7,-40.4,-0.6208,NONE,STOPPED
="2026-08-25 00:17:02",79567,758700,535722,222978,650000,+0.0000,0.1800,-7.7,-40.4,-0.6121,NONE,STOPPED
="2026-08-25 00:17:03",79560,788596,555612,232984,650000,+0.0000,0.1800,-12.5,-50.3,-0.5781,NONE,STOPPED
="2026-08-25 00:17:04",79560,778591,555612,222979,650000,+0.0000,0.1800,-8.0,-38.0,-0.5533,NONE,STOPPED
="2026-08-25 00:17:05",79560,778591,555612,222979,650000,+0.0000,0.1800,-7.4,-38.0,-0.5350,NONE,STOPPED
="2026-08-25 00:17:06",79560,803330,570346,232983,650000,+0.0000,0.1800,-7.4,-43.9,-0.5156,NONE,STOPPED
="2026-08-25 00:17:07",79568,793325,570346,222978,650000,+0.0000,0.1800,+8.5,-34.9,-0.4587,NONE,STOPPED
="2026-08-25 00:17:08",79568,974354,505783,468570,650000,+0.0000,0.1800,+8.5,-34.9,-0.4587,NONE,STOPPED
="2026-08-25 00:17:09",79602,984359,505783,478575,650000,+0.0000,0.1800,+42.7,-0.7,-0.1008,NONE,STOPPED
="2026-08-25 00:17:10",79602,974354,505783,468570,650000,+0.0000,0.1800,+42.7,+8.5,+0.0554,NONE,STOPPED
="2026-08-25 00:17:11",79605,840075,371504,468570,650000,+0.0000,0.1800,+46.0,+11.8,+0.2049,NONE,STOPPED
="2026-08-25 00:17:12",79633,877629,371504,506125,650000,+0.0000,0.1800,+65.5,+35.8,+0.4493,NONE,STOPPED
="2026-08-25 00:17:13",79667,1251035,515890,735144,650000,+0.0000,0.1800,+65.2,+69.6,+0.8037,NONE,STOPPED
="2026-08-25 00:17:14",79666,1251035,515890,735144,650000,+0.0000,0.1800,+63.3,+67.8,+1.1153,NONE,STOPPED
="2026-08-25 00:17:15",79667,1261392,515890,745502,650000,+0.0000,0.1800,+65.1,+75.8,+1.4012,NONE,STOPPED
="2026-08-25 00:17:16",79667,1261392,515890,745502,650000,+0.0000,0.1800,+61.8,+67.0,+1.6525,NONE,STOPPED
="2026-08-25 00:17:17",79665,1323857,515890,807967,650000,+0.0000,0.1800,+31.3,+64.5,+1.8706,NONE,STOPPED
="2026-08-25 00:17:18",79675,1313853,515890,797963,650000,+0.0000,0.1800,+7.7,+74.7,+2.1027,NONE,STOPPED
="2026-08-25 00:17:19",79675,1313853,515890,797963,650000,+0.0000,0.1800,+9.4,+74.7,+2.3069,NONE,STOPPED
="2026-08-25 00:17:20",79675,1288837,515890,772947,650000,+0.0000,0.1800,+7.7,+65.5,+2.4854,NONE,STOPPED
="2026-08-25 00:17:21",79675,1288837,515890,772947,650000,+0.0000,0.1800,+7.7,+65.5,+2.6456,NONE,STOPPED
="2026-08-25 00:17:22",79675,1288837,515890,772947,650000,+0.0000,0.1800,+10.2,+65.5,+2.7836,NONE,STOPPED
="2026-08-25 00:17:23",79675,1288837,515890,772947,650000,+0.0000,0.1800,+10.2,+77.5,+2.9010,NONE,STOPPED
="2026-08-25 00:17:24",79675,1072163,299216,772947,650000,+0.0000,0.1800,+10.2,+77.5,+2.9921,NONE,STOPPED
="2026-08-25 00:17:25",79675,1072163,299216,772947,650000,+0.0000,0.1800,-0.0,+75.9,+3.0660,NONE,STOPPED
="2026-08-25 00:17:26",79654,1087221,314274,772947,650000,+0.0000,0.1800,-21.3,+54.6,+3.0420,NONE,STOPPED
="2026-08-25 00:17:27",79672,1159420,314274,845145,650000,+0.0000,0.1800,-2.6,+73.3,+3.0846,NONE,STOPPED
="2026-08-25 00:17:28",79672,1159420,314274,845145,650000,+0.0000,0.1800,-2.6,+74.9,+3.1142,NONE,STOPPED
="2026-08-25 00:17:29",79672,1159420,314274,845145,650000,+0.0000,0.1800,-2.6,+114.0,+3.1308,NONE,STOPPED
="2026-08-25 00:17:30",79672,1050575,205428,845146,650000,+0.0000,0.1800,-2.6,+137.7,+3.1127,NONE,STOPPED
="2026-08-25 00:17:31",79672,1050575,205428,845146,650000,+0.0000,0.1800,+18.7,+120.1,+3.0707,NONE,STOPPED
="2026-08-25 00:17:32",79672,1050575,205428,845146,650000,+0.0000,0.1800,+18.7,+120.1,+3.0313,NONE,STOPPED
="2026-08-25 00:17:33",79670,1074099,205428,868671,650000,+0.0000,0.1800,-2.9,+116.0,+2.9730,NONE,STOPPED
="2026-08-25 00:17:34",79690,1124841,205428,919413,650000,+0.0000,0.1800,+17.9,+136.8,+2.9663,NONE,STOPPED
="2026-08-25 00:17:35",79690,1204532,285119,919413,650000,+0.0000,0.1800,+17.8,+136.8,+2.9946,NONE,STOPPED
="2026-08-25 00:17:36",79705,1311790,285119,1026670,650000,+0.0000,0.1800,+32.5,+143.1,+3.0437,NONE,STOPPED
="2026-08-25 00:17:37",79705,1311790,285119,1026670,650000,+0.0000,0.1800,+32.5,+143.8,+3.0812,NONE,STOPPED
="2026-08-25 00:17:38",79705,1321794,285119,1036675,650000,+0.0000,0.1800,+35.4,+153.4,+3.1029,NONE,STOPPED
="2026-08-25 00:17:39",79714,1337004,285119,1051885,650000,+0.0000,0.1800,+23.2,+165.2,+3.1378,NONE,STOPPED
="2026-08-25 00:17:40",79715,1337004,285119,1051885,650000,+0.0000,0.1800,+25.0,+166.9,+3.1614,NONE,STOPPED
="2026-08-25 00:17:41",79715,1337004,285119,1051885,650000,+0.0000,0.1800,+10.6,+161.3,+3.1707,NONE,STOPPED
="2026-08-25 00:17:42",79724,1850898,775889,1075009,650000,+0.0000,0.1800,+18.6,+165.8,+3.2005,NONE,STOPPED
="2026-08-25 00:17:43",79735,1876044,775889,1100154,650000,+0.0000,0.1800,+30.5,+176.0,+3.2631,NONE,STOPPED
="2026-08-25 00:17:44",79750,1921115,775889,1145225,650000,+0.0000,0.1800,+36.0,+196.0,+3.3617,NONE,STOPPED
="2026-08-25 00:17:45",79750,1911110,775889,1135220,650000,+0.0000,0.1800,+34.3,+196.0,+3.4334,NONE,STOPPED
="2026-08-25 00:17:46",79750,1911110,775889,1135220,650000,+0.0000,0.1800,+34.3,+196.0,+3.4710,NONE,STOPPED
="2026-08-25 00:17:47",79758,1965515,775889,1189625,650000,+0.0000,0.1800,+34.2,+206.2,+3.5462,NONE,STOPPED
="2026-08-25 00:17:48",79759,1968271,775889,1192381,650000,+0.0000,0.1800,+24.0,+210.0,+3.5935,NONE,STOPPED
="2026-08-25 00:17:49",79785,2021167,800270,1220897,650000,+0.0000,0.1800,+35.2,+236.4,+3.7176,NONE,STOPPED
="2026-08-25 00:17:50",79774,2056034,800270,1255763,650000,+0.0000,0.1800,+24.9,+224.9,+3.7727,NONE,STOPPED
="2026-08-25 00:17:51",79774,2046029,800270,1245758,650000,+0.0000,0.1800,+24.9,+217.7,+3.8067,NONE,STOPPED
="2026-08-25 00:17:52",79768,2046029,800270,1245758,650000,+0.0000,0.1800,+9.8,+204.1,+3.7983,NONE,STOPPED
="2026-08-25 00:17:53",79764,2040715,800270,1240445,650000,+0.0000,0.1800,+4.0,+191.6,+3.7628,NONE,STOPPED
="2026-08-25 00:17:54",79762,2030710,800270,1230440,650000,+0.0000,0.1800,-23.2,+186.9,+3.7118,NONE,STOPPED
="2026-08-25 00:17:55",79764,2030710,800270,1230440,650000,+0.0000,0.1800,-10.9,+188.9,+3.6595,NONE,STOPPED
="2026-08-25 00:17:56",79762,2029353,788909,1240444,650000,+0.0000,0.1800,-12.9,+186.9,+3.5888,NONE,STOPPED
="2026-08-25 00:17:57",79762,2029360,798920,1230440,650000,+0.0000,0.1800,-12.9,+189.5,+3.5932,NONE,STOPPED
="2026-08-25 00:17:58",79730,2029360,798920,1230440,650000,+0.0000,0.1800,-33.6,+162.4,+3.1871,NONE,STOPPED
="2026-08-25 00:17:59",79730,2029360,798920,1230440,650000,+0.0000,0.1800,-32.0,+162.6,+2.9881,NONE,STOPPED
="2026-08-25 00:18:00",79722,2019354,798920,1220434,650000,+0.0000,0.1800,-41.6,+155.0,+2.7639,NONE,STOPPED
="2026-08-25 00:18:01",79725,2019354,798920,1220434,650000,+0.0000,0.1800,-36.9,+165.1,+2.5580,NONE,STOPPED
="2026-08-25 00:18:02",79735,2069729,819965,1249764,650000,+0.0000,0.1800,+5.6,+176.0,+2.3966,NONE,STOPPED
="2026-08-25 00:18:03",79740,2039833,800075,1239758,650000,+0.0000,0.1800,+10.2,+180.6,+2.2551,NONE,STOPPED
="2026-08-25 00:18:04",79740,2039833,800075,1239758,650000,+0.0000,0.1800,+10.6,+180.6,+2.1141,NONE,STOPPED
="2026-08-25 00:18:05",79734,2039833,800075,1239758,650000,+0.0000,0.1800,+11.6,+174.0,+1.9482,NONE,STOPPED
="2026-08-25 00:18:06",79732,2015095,785340,1229754,650000,+0.0000,0.1800,+6.9,+163.5,+1.7781,NONE,STOPPED
="2026-08-25 00:18:07",79730,2015095,785340,1229754,650000,+0.0000,0.1800,-6.0,+127.4,+1.6097,NONE,STOPPED
="2026-08-25 00:18:08",79728,1769503,785340,984162,650000,+0.0000,0.1800,-12.6,+125.3,+1.4593,NONE,STOPPED
="2026-08-25 00:18:09",79722,1759499,785340,974158,650000,+0.0000,0.1800,-18.6,+119.3,+1.2907,NONE,STOPPED
="2026-08-25 00:18:10",79722,1759499,785340,974158,650000,+0.0000,0.1800,-12.0,+116.0,+1.1294,NONE,STOPPED
="2026-08-25 00:18:11",79721,1759499,785340,974158,650000,+0.0000,0.1800,-12.6,+115.5,+1.0229,NONE,STOPPED
="2026-08-25 00:18:12",79705,1721950,795351,926599,650000,+0.0000,0.1800,-24.5,+37.7,+0.7823,NONE,STOPPED
="2026-08-25 00:18:13",79696,1348545,650965,697579,650000,+0.0000,0.1800,-32.0,+30.0,+0.5859,NONE,STOPPED
="2026-08-25 00:18:14",79696,1348545,650965,697579,650000,+0.0000,0.1800,-26.0,+28.2,+0.4034,NONE,STOPPED
="2026-08-25 00:18:15",79696,1328184,650965,677218,650000,+0.0000,0.1800,-26.0,+28.2,+0.2360,NONE,STOPPED
="2026-08-25 00:18:16",79694,1328184,650965,677218,650000,+0.0000,0.1800,-26.5,+29.7,+0.0777,NONE,STOPPED
="2026-08-25 00:18:17",79682,1275723,650965,624757,650000,+0.0000,0.1800,-23.5,+6.5,-0.1198,NONE,STOPPED
="2026-08-25 00:18:18",79682,1275723,650965,624757,650000,+0.0000,0.1800,-14.0,+6.5,-0.2942,NONE,STOPPED
="2026-08-25 00:18:19",79682,1285727,650965,634761,650000,+0.0000,0.1800,-14.0,+6.5,-0.4528,NONE,STOPPED
="2026-08-25 00:18:20",79682,1285727,650965,634761,650000,+0.0000,0.1800,-14.0,+6.5,-0.5967,NONE,STOPPED
="2026-08-25 00:18:21",79682,1275723,650965,624757,650000,+0.0000,0.1800,-12.9,+6.5,-0.7270,NONE,STOPPED
="2026-08-25 00:18:22",79678,1285727,650965,634762,650000,+0.0000,0.1800,-3.6,+2.9,-0.8586,NONE,STOPPED
="2026-08-25 00:18:23",79678,1285727,650965,634762,650000,+0.0000,0.1800,-3.6,+2.9,-0.9770,NONE,STOPPED
="2026-08-25 00:18:24",79678,1275722,650965,624757,650000,+0.0000,0.1800,-3.6,+2.9,-1.0831,NONE,STOPPED
="2026-08-25 00:18:25",79689,1316980,650965,666014,650000,+0.0000,0.1800,+8.0,+35.8,-1.1325,NONE,STOPPED
="2026-08-25 00:18:26",79714,1319168,635908,683260,650000,+0.0000,0.1800,+32.0,+41.1,-1.0954,NONE,STOPPED
="2026-08-25 00:18:27",79717,1246970,635908,611062,650000,+0.0000,0.1800,+39.6,+45.1,-1.0349,NONE,STOPPED
="2026-08-25 00:18:28",79717,1267944,646878,621066,650000,+0.0000,0.1800,+39.6,+45.1,-1.0349,NONE,STOPPED
="2026-08-25 00:18:29",79712,1267944,646878,621066,650000,+0.0000,0.1800,+33.6,+39.1,-0.9730,NONE,STOPPED
="2026-08-25 00:18:30",79712,1257940,646878,611062,650000,+0.0000,0.1800,+22.0,+39.1,-0.9455,NONE,STOPPED
="2026-08-25 00:18:31",79712,1289936,646878,643058,650000,+0.0000,0.1800,-2.0,+39.1,-0.9200,NONE,STOPPED
="2026-08-25 00:18:32",79717,1289936,646878,643058,650000,+0.0000,0.1800,+4.0,+48.0,-0.8733,NONE,STOPPED
="2026-08-25 00:18:33",79718,1266412,646878,619534,650000,+0.0000,0.1800,+6.0,+27.2,-0.8325,NONE,STOPPED
="2026-08-25 00:18:34",79722,1221202,646878,574324,650000,+0.0000,0.1800,+10.4,+31.6,-0.7658,NONE,STOPPED
="2026-08-25 00:18:35",79725,1192551,567187,625364,650000,+0.0000,0.1800,+13.1,+19.7,-0.6941,NONE,STOPPED
="2026-08-25 00:18:36",79725,1085294,567187,518106,650000,+0.0000,0.1800,+13.6,+20.1,-0.6181,NONE,STOPPED
="2026-08-25 00:18:37",79718,1095298,567187,528111,650000,+0.0000,0.1800,+0.0,+12.6,-0.5779,NONE,STOPPED
="2026-08-25 00:18:38",79721,1085293,567187,518106,650000,+0.0000,0.1800,+4.0,+8.0,-0.5250,NONE,STOPPED
="2026-08-25 00:18:39",79729,1060079,567187,492891,650000,+0.0000,0.1800,+6.7,+13.4,-0.4434,NONE,STOPPED
="2026-08-25 00:18:40",79729,1070082,567187,502895,650000,+0.0000,0.1800,+6.7,+13.4,-0.4434,NONE,STOPPED
="2026-08-25 00:18:41",79738,1120218,567187,553030,650000,+0.0000,0.1800,+13.2,+14.8,-0.2605,NONE,STOPPED
="2026-08-25 00:18:42",79740,596319,76417,519901,650000,+0.0000,0.1800,+22.0,+4.0,-0.1538,NONE,STOPPED
="2026-08-25 00:18:43",79740,581176,76417,504759,650000,+0.0000,0.1800,+18.0,-10.0,-0.0496,NONE,STOPPED
="2026-08-25 00:18:44",79739,536106,76417,459688,650000,+0.0000,0.1800,+10.9,-10.0,+0.0538,NONE,STOPPED
="2026-08-25 00:18:45",79740,536106,76417,459688,650000,+0.0000,0.1800,+10.9,-10.0,+0.1485,NONE,STOPPED
="2026-08-25 00:18:46",79744,536106,76417,459688,650000,+0.0000,0.1800,+5.2,-14.2,+0.2504,NONE,STOPPED
="2026-08-25 00:18:47",79750,517025,76417,440608,650000,+0.0000,0.1800,+10.0,-10.0,+0.3715,NONE,STOPPED
="2026-08-25 00:18:48",79751,504264,76417,427847,650000,+0.0000,0.1800,+12.0,-33.2,+0.4902,NONE,STOPPED
="2026-08-25 00:18:49",79758,467994,52036,415957,650000,+0.0000,0.1800,+18.0,-16.9,+0.6366,NONE,STOPPED
="2026-08-25 00:18:50",79772,443630,52036,391594,650000,+0.0000,0.1800,+32.0,-2.9,+0.8180,NONE,STOPPED
="2026-08-25 00:18:51",79771,443630,52036,391594,650000,+0.0000,0.1800,+28.0,+4.0,+0.9818,NONE,STOPPED
="2026-08-25 00:18:52",79772,453633,52036,401597,650000,+0.0000,0.1800,+22.0,+8.0,+1.1251,NONE,STOPPED
="2026-08-25 00:18:53",79770,443628,52036,391592,650000,+0.0000,0.1800,+18.0,+8.0,+1.2432,NONE,STOPPED
="2026-08-25 00:18:54",79766,443628,52036,391592,650000,+0.0000,0.1800,+8.0,+2.0,+1.3312,NONE,STOPPED
="2026-08-25 00:18:55",79766,453633,52036,401596,650000,+0.0000,0.1800,-6.0,+2.0,+1.3577,NONE,STOPPED
="2026-08-25 00:18:56",79766,443629,52036,391592,650000,+0.0000,0.1800,-6.0,+35.6,+1.4773,NONE,STOPPED
="2026-08-25 00:18:57",79769,433618,42025,391592,650000,+0.0000,0.1800,-2.0,+39.6,+1.5320,NONE,STOPPED
="2026-08-25 00:18:58",79775,455612,54017,401595,650000,+0.0000,0.1800,+6.0,+46.0,+1.6004,NONE,STOPPED
="2026-08-25 00:18:59",79775,455612,54017,401595,650000,+0.0000,0.1800,+10.0,+53.6,+1.6574,NONE,STOPPED
="2026-08-25 00:19:00",79787,465740,54017,411723,650000,+0.0000,0.1800,+22.0,+62.9,+1.7462,NONE,STOPPED
="2026-08-25 00:19:01",79796,526221,54017,472204,650000,+0.0000,0.1800,+30.1,+60.1,+1.8543,NONE,STOPPED
="2026-08-25 00:19:02",79796,495860,52985,442874,650000,+0.0000,0.1800,+26.1,+55.6,+1.9527,NONE,STOPPED
="2026-08-25 00:19:03",79789,495860,52985,442874,650000,+0.0000,0.1800,+13.5,+48.9,+2.0128,NONE,STOPPED
="2026-08-25 00:19:04",79788,505864,52985,452879,650000,+0.0000,0.1800,+12.0,+54.0,+2.0558,NONE,STOPPED
="2026-08-25 00:19:05",79788,505864,52985,452879,650000,+0.0000,0.1800,+0.0,+56.0,+2.0849,NONE,STOPPED
="2026-08-25 00:19:06",79790,778168,52985,725182,650000,+0.0000,0.1800,-6.1,+60.0,+2.1116,NONE,STOPPED
="2026-08-25 00:19:07",79790,788173,52985,735187,650000,+0.0000,0.1800,-6.1,+62.0,+2.1280,NONE,STOPPED
="2026-08-25 00:19:08",79790,807513,72325,735187,650000,+0.0000,0.1800,+0.6,+68.0,+2.1349,NONE,STOPPED
="2026-08-25 00:19:09",79790,807513,72325,735187,650000,+0.0000,0.1800,+2.0,+68.0,+2.1306,NONE,STOPPED
="2026-08-25 00:19:10",79788,845522,100330,745192,650000,+0.0000,0.1800,-0.0,+66.6,+2.1118,NONE,STOPPED
="2026-08-25 00:19:11",79788,845522,100330,745192,650000,+0.0000,0.1800,-2.0,+82.5,+2.0873,NONE,STOPPED
="2026-08-25 00:19:12",79788,835512,90319,745192,650000,+0.0000,0.1800,-2.0,+92.0,+2.0483,NONE,STOPPED
="2026-08-25 00:19:13",79788,845516,90319,755196,650000,+0.0000,0.1800,-2.0,+92.0,+2.0483,NONE,STOPPED
="2026-08-25 00:19:14",79780,845516,90319,755196,650000,+0.0000,0.1800,-10.0,+84.0,+1.9019,NONE,STOPPED
="2026-08-25 00:19:15",79788,845516,90319,755196,650000,+0.0000,0.1800,+0.3,+93.4,+1.8521,NONE,STOPPED
="2026-08-25 00:19:16",79788,845516,90319,755196,650000,+0.0000,0.1800,+0.3,+106.3,+1.7986,NONE,STOPPED
="2026-08-25 00:19:17",79788,845516,90319,755196,650000,+0.0000,0.1800,+0.3,+106.3,+1.7344,NONE,STOPPED
="2026-08-25 00:19:18",79783,845516,90319,755196,650000,+0.0000,0.1800,-1.0,+101.0,+1.6474,NONE,STOPPED
="2026-08-25 00:19:19",79782,845517,90319,755197,650000,+0.0000,0.1800,+3.0,+101.0,+1.5604,NONE,STOPPED
="2026-08-25 00:19:20",79782,845517,90319,755197,650000,+0.0000,0.1800,-5.3,+101.0,+1.4737,NONE,STOPPED
="2026-08-25 00:19:21",79782,845517,90319,755197,650000,+0.0000,0.1800,-5.3,+104.6,+1.3875,NONE,STOPPED
="2026-08-25 00:19:22",79780,845517,90319,755197,650000,+0.0000,0.1800,-8.3,+101.7,+1.2884,NONE,STOPPED
="2026-08-25 00:19:23",79780,845517,90319,755197,650000,+0.0000,0.1800,-3.0,+101.6,+1.1912,NONE,STOPPED
="2026-08-25 00:19:24",79780,845517,90319,755197,650000,+0.0000,0.1800,-2.9,+90.0,+1.0960,NONE,STOPPED
="2026-08-25 00:19:25",79789,814263,90319,723943,650000,+0.0000,0.1800,+7.0,+76.0,+1.0486,NONE,STOPPED
="2026-08-25 00:19:26",79789,814626,107928,706698,650000,+0.0000,0.1800,+7.0,+72.0,+1.0138,NONE,STOPPED
="2026-08-25 00:19:27",79789,824631,107928,716702,650000,+0.0000,0.1800,+7.0,+72.0,+1.0138,NONE,STOPPED
="2026-08-25 00:19:28",79789,803656,96958,706697,650000,+0.0000,0.1800,+10.0,+78.0,+0.9391,NONE,STOPPED
="2026-08-25 00:19:29",79789,803656,96958,706697,650000,+0.0000,0.1800,+10.0,+78.0,+0.8975,NONE,STOPPED
="2026-08-25 00:19:30",79789,813660,96958,716701,650000,+0.0000,0.1800,+10.0,+78.0,+0.8975,NONE,STOPPED
="2026-08-25 00:19:31",79789,781663,96958,684705,650000,+0.0000,0.1800,+10.0,+72.0,+0.8104,NONE,STOPPED
="2026-08-25 00:19:32",79790,781663,96958,684705,650000,+0.0000,0.1800,+0.0,+72.0,+0.7690,NONE,STOPPED
="2026-08-25 00:19:33",79790,816667,121958,694709,650000,+0.0000,0.1800,+0.0,+67.6,+0.7267,NONE,STOPPED
="2026-08-25 00:19:34",79789,798570,121958,676611,650000,+0.0000,0.1800,+10.0,+64.9,+0.6863,NONE,STOPPED
="2026-08-25 00:19:35",79788,798570,121958,676611,650000,+0.0000,0.1800,-2.0,+62.4,+0.6393,NONE,STOPPED
="2026-08-25 00:19:36",79788,792765,146958,645806,650000,+0.0000,0.1800,-2.0,+70.0,+0.5929,NONE,STOPPED
="2026-08-25 00:19:37",79788,782760,146958,635801,650000,+0.0000,0.1800,-2.0,+66.0,+0.5421,NONE,STOPPED
="2026-08-25 00:19:38",79788,782760,146958,635801,650000,+0.0000,0.1800,-2.0,+58.9,+0.4943,NONE,STOPPED
="2026-08-25 00:19:39",79788,792764,146958,645805,650000,+0.0000,0.1800,-2.0,+58.9,+0.4943,NONE,STOPPED
="2026-08-25 00:19:40",79788,782760,146958,635802,650000,+0.0000,0.1800,-2.0,+49.2,+0.4088,NONE,STOPPED
="2026-08-25 00:19:41",79798,788296,146958,641337,650000,+0.0000,0.1800,+10.4,+58.4,+0.4132,NONE,STOPPED
="2026-08-25 00:19:42",79799,816322,146958,669363,650000,+0.0000,0.1800,+12.0,+60.0,+0.4207,NONE,STOPPED
="2026-08-25 00:19:43",79800,1497270,146958,1350311,650000,+0.0000,0.1800,+12.0,+60.0,+0.4243,NONE,STOPPED
="2026-08-25 00:19:44",79811,1497270,146958,1350311,650000,+0.0000,0.1800,+23.0,+71.0,+0.4672,NONE,STOPPED
="2026-08-25 00:19:45",79810,1507274,146958,1360316,650000,+0.0000,0.1800,+22.0,+66.0,+0.4985,NONE,STOPPED
="2026-08-25 00:19:46",79804,1507274,146958,1360316,650000,+0.0000,0.1800,+5.6,+54.0,+0.5022,NONE,STOPPED
="2026-08-25 00:19:47",79788,1471950,146958,1324991,650000,+0.0000,0.1800,-12.0,+36.0,+0.4435,NONE,STOPPED
="2026-08-25 00:19:48",79789,1481954,146958,1334995,650000,+0.0000,0.1800,-10.1,+31.9,+0.3958,NONE,STOPPED
="2026-08-25 00:19:49",79792,1465327,146958,1318369,650000,+0.0000,0.1800,-19.0,+20.0,+0.3621,NONE,STOPPED
="2026-08-25 00:19:50",79780,1454824,146958,1307866,650000,+0.0000,0.1800,-30.0,+8.0,+0.2910,NONE,STOPPED
="2026-08-25 00:19:51",79774,1464829,146958,1317871,650000,+0.0000,0.1800,-29.5,+2.5,+0.2037,NONE,STOPPED
="2026-08-25 00:19:52",79770,1467811,159942,1307868,650000,+0.0000,0.1800,-18.0,+0.0,+0.1063,NONE,STOPPED
="2026-08-25 00:19:53",79770,1577893,159942,1417951,650000,+0.0000,0.1800,-19.9,+4.0,+0.0160,NONE,STOPPED
="2026-08-25 00:19:54",79770,1587897,159942,1427954,650000,+0.0000,0.1800,-22.0,+4.0,-0.0686,NONE,STOPPED
="2026-08-25 00:19:55",79770,1577893,159942,1417950,650000,+0.0000,0.1800,-10.0,+4.0,-0.1459,NONE,STOPPED
="2026-08-25 00:19:56",79770,1577893,159942,1417950,650000,+0.0000,0.1800,-4.5,+0.0,-0.2161,NONE,STOPPED
="2026-08-25 00:19:57",79768,1587897,159942,1427954,650000,+0.0000,0.1800,-2.0,-8.0,-0.2853,NONE,STOPPED
="2026-08-25 00:19:58",79750,1728568,310616,1417951,650000,+0.0000,0.1800,-20.0,-26.0,-0.4141,NONE,STOPPED
="2026-08-25 00:19:59",79750,1728568,310616,1417951,650000,+0.0000,0.1800,-20.0,-26.0,-0.4141,NONE,STOPPED
="2026-08-25 00:20:00",79761,1728443,310616,1417827,650000,+0.0000,0.1800,-8.2,-34.3,-0.5607,NONE,STOPPED
="2026-08-25 00:20:01",79750,1696552,310616,1385936,650000,+0.0000,0.1800,-20.0,-46.1,-0.6469,NONE,STOPPED
="2026-08-25 00:20:02",79750,1676538,290602,1385936,650000,+0.0000,0.1800,-18.0,-39.4,-0.7223,NONE,STOPPED
="2026-08-25 00:20:03",79752,1686542,290602,1395940,650000,+0.0000,0.1800,+2.7,-35.3,-0.7813,NONE,STOPPED
="2026-08-25 00:20:04",79756,1676537,290602,1385935,650000,+0.0000,0.1800,+0.9,-31.7,-0.8188,NONE,STOPPED
="2026-08-25 00:20:05",79762,1696133,290602,1405530,650000,+0.0000,0.1800,+0.2,-28.0,-0.8279,NONE,STOPPED
="2026-08-25 00:20:06",79765,1433833,290602,1143231,650000,+0.0000,0.1800,+15.4,-24.6,-0.8191,NONE,STOPPED
="2026-08-25 00:20:07",79765,1423829,290602,1133226,650000,+0.0000,0.1800,+15.4,-24.6,-0.8085,NONE,STOPPED
="2026-08-25 00:20:08",79787,1404488,271262,1133226,650000,+0.0000,0.1800,+34.7,-2.6,-0.7103,NONE,STOPPED
="2026-08-25 00:20:09",79791,1430051,271262,1158789,650000,+0.0000,0.1800,+35.4,+3.7,-0.6024,NONE,STOPPED
="2026-08-25 00:20:10",79788,1854618,695032,1159585,650000,+0.0000,0.1800,+26.4,+0.4,-0.5172,NONE,STOPPED
="2026-08-25 00:20:11",79786,1854618,695032,1159585,650000,+0.0000,0.1800,+20.7,-2.0,-0.4476,NONE,STOPPED
="2026-08-25 00:20:12",79782,1864622,695032,1169590,650000,+0.0000,0.1800,+16.6,-2.0,-0.3988,NONE,STOPPED
="2026-08-25 00:20:13",79753,1897677,738091,1159585,650000,+0.0000,0.1800,-33.7,-26.3,-0.4659,NONE,STOPPED
="2026-08-25 00:20:14",79750,1897677,738091,1159585,650000,+0.0000,0.1800,-41.7,-38.3,-0.5415,NONE,STOPPED
="2026-08-25 00:20:15",79750,1907682,738091,1169590,650000,+0.0000,0.1800,-38.4,-38.3,-0.6031,NONE,STOPPED
="2026-08-25 00:20:16",79750,1897677,738091,1159585,650000,+0.0000,0.1800,-36.0,-38.3,-0.6565,NONE,STOPPED
="2026-08-25 00:20:17",79738,1937546,738091,1199454,650000,+0.0000,0.1800,-44.0,-45.0,-0.7489,NONE,STOPPED
="2026-08-25 00:20:18",79738,1947550,738091,1209458,650000,+0.0000,0.1800,-15.7,-45.0,-0.8328,NONE,STOPPED
="2026-08-25 00:20:19",79721,1937545,738091,1199454,650000,+0.0000,0.1800,-28.8,-61.8,-0.9566,NONE,STOPPED
="2026-08-25 00:20:20",79728,2025237,738091,1287146,650000,+0.0000,0.1800,-21.0,-54.0,-1.0627,NONE,STOPPED
="2026-08-25 00:20:21",79739,2057727,760576,1297150,650000,+0.0000,0.1800,-10.0,-40.1,-1.0988,NONE,STOPPED
="2026-08-25 00:20:22",79739,2047723,760576,1287146,650000,+0.0000,0.1800,-10.0,-40.1,-1.0988,NONE,STOPPED
="2026-08-25 00:20:23",79740,2047723,760576,1287146,650000,+0.0000,0.1800,+2.0,-40.0,-1.1534,NONE,STOPPED
="2026-08-25 00:20:24",79740,2057728,760576,1297151,650000,+0.0000,0.1800,+18.8,-50.0,-1.1713,NONE,STOPPED
="2026-08-25 00:20:25",79739,2047723,760576,1287146,650000,+0.0000,0.1800,+11.0,-50.0,-1.1776,NONE,STOPPED
="2026-08-25 00:20:26",79754,2046215,742968,1303247,650000,+0.0000,0.1800,+14.6,-35.4,-1.1220,NONE,STOPPED
="2026-08-25 00:20:27",79755,2036211,742968,1293243,650000,+0.0000,0.1800,+16.0,-34.0,-1.0622,NONE,STOPPED
="2026-08-25 00:20:28",79758,2046214,742968,1303246,650000,+0.0000,0.1800,+18.6,-31.4,-0.9940,NONE,STOPPED
="2026-08-25 00:20:29",79758,2046214,742968,1303246,650000,+0.0000,0.1800,+18.6,-31.4,-0.9286,NONE,STOPPED
="2026-08-25 00:20:30",79767,2036210,742968,1293242,650000,+0.0000,0.1800,+28.0,-22.0,-0.8291,NONE,STOPPED
="2026-08-25 00:20:31",79771,2046213,742968,1303245,650000,+0.0000,0.1800,+17.4,-18.0,-0.7202,NONE,STOPPED
="2026-08-25 00:20:32",79766,2046213,742968,1303245,650000,+0.0000,0.1800,+10.0,-24.0,-0.6420,NONE,STOPPED
="2026-08-25 00:20:33",79766,2021213,717968,1303245,650000,+0.0000,0.1800,+7.4,-24.0,-0.5684,NONE,STOPPED
="2026-08-25 00:20:34",79766,2100979,717968,1383011,650000,+0.0000,0.1800,+7.4,-22.0,-0.4992,NONE,STOPPED
="2026-08-25 00:20:35",79766,2100979,717968,1383011,650000,+0.0000,0.1800,-2.0,-22.0,-0.4353,NONE,STOPPED
="2026-08-25 00:20:36",79766,2065749,692968,1372780,650000,+0.0000,0.1800,-6.0,-22.0,-0.3752,NONE,STOPPED
="2026-08-25 00:20:37",79764,2065749,692968,1372780,650000,+0.0000,0.1800,-2.0,-24.0,-0.3265,NONE,STOPPED
="2026-08-25 00:20:38",79730,2083234,710453,1372780,650000,+0.0000,0.1800,-36.0,-58.0,-0.4128,NONE,STOPPED
="2026-08-25 00:20:39",79730,2083234,710453,1372780,650000,+0.0000,0.1800,-36.0,-58.0,-0.4940,NONE,STOPPED
="2026-08-25 00:20:40",79730,2111206,738425,1372780,650000,+0.0000,0.1800,-36.0,-68.4,-0.5537,NONE,STOPPED
="2026-08-25 00:20:41",79730,2055534,738425,1317109,650000,+0.0000,0.1800,-36.0,-70.0,-0.6035,NONE,STOPPED
="2026-08-25 00:20:42",79732,2037512,738425,1299087,650000,+0.0000,0.1800,-31.3,-67.3,-0.6449,NONE,STOPPED
="2026-08-25 00:20:43",79732,1346561,738425,608136,650000,+0.0000,0.1800,+2.7,-78.3,-0.6565,NONE,STOPPED
="2026-08-25 00:20:44",79732,1426293,818157,608136,650000,+0.0000,0.1800,+2.7,-77.3,-0.6668,NONE,STOPPED
="2026-08-25 00:20:45",79732,1455863,847727,608135,650000,+0.0000,0.1800,+2.7,-77.3,-0.6668,NONE,STOPPED
="2026-08-25 00:20:46",79732,1455863,847727,608135,650000,+0.0000,0.1800,+2.7,-55.3,-0.6763,NONE,STOPPED
="2026-08-25 00:20:47",79723,1455863,847727,608135,650000,+0.0000,0.1800,-9.2,-66.3,-0.7211,NONE,STOPPED
="2026-08-25 00:20:48",79723,1465867,847727,618140,650000,+0.0000,0.1800,-9.2,-66.3,-0.7632,NONE,STOPPED
="2026-08-25 00:20:49",79729,1491617,847727,643890,650000,+0.0000,0.1800,-2.8,-50.1,-0.7589,NONE,STOPPED
="2026-08-25 00:20:50",79729,1491617,847727,643890,650000,+0.0000,0.1800,-2.8,-44.6,-0.7641,NONE,STOPPED
="2026-08-25 00:20:51",79729,1491617,847727,643889,650000,+0.0000,0.1800,-2.8,-44.6,-0.7641,NONE,STOPPED
="2026-08-25 00:20:52",79729,1549395,893529,655865,650000,+0.0000,0.1800,+6.3,-40.1,-0.7720,NONE,STOPPED
="2026-08-25 00:20:53",79724,1507027,961244,545782,650000,+0.0000,0.1800,+0.4,-46.0,-0.7949,NONE,STOPPED
="2026-08-25 00:20:54",79744,1518169,961244,556924,650000,+0.0000,0.1800,+14.8,-25.3,-0.7315,NONE,STOPPED
="2026-08-25 00:20:55",79751,1518169,961244,556924,650000,+0.0000,0.1800,+22.1,-18.0,-0.6430,NONE,STOPPED
="2026-08-25 00:20:56",79754,1518169,961244,556924,650000,+0.0000,0.1800,+24.6,-13.6,-0.5507,NONE,STOPPED
="2026-08-25 00:20:57",79758,1518169,961244,556924,650000,+0.0000,0.1800,+28.5,+8.4,-0.4505,NONE,STOPPED
="2026-08-25 00:20:58",79760,1355505,798580,556924,650000,+0.0000,0.1800,+36.1,+4.7,-0.3624,NONE,STOPPED
="2026-08-25 00:20:59",79762,1355505,798580,556924,650000,+0.0000,0.1800,+18.1,+1.0,-0.2678,NONE,STOPPED
="2026-08-25 00:21:00",79769,1395549,798580,596969,650000,+0.0000,0.1800,+17.2,+19.2,-0.1527,NONE,STOPPED
="2026-08-25 00:21:01",79776,1366959,798580,568379,650000,+0.0000,0.1800,+21.5,+26.0,-0.0284,NONE,STOPPED
="2026-08-25 00:21:02",79776,1366959,798580,568379,650000,+0.0000,0.1800,+21.5,+26.0,+0.0814,NONE,STOPPED
="2026-08-25 00:21:03",79776,1366960,798580,568380,650000,+0.0000,0.1800,+15.9,+19.7,+0.1869,NONE,STOPPED
="2026-08-25 00:21:04",79776,1366960,798580,568380,650000,+0.0000,0.1800,+13.2,+14.0,+0.2816,NONE,STOPPED
="2026-08-25 00:21:05",79776,1347365,798580,548785,650000,+0.0000,0.1800,+6.8,+10.6,+0.3699,NONE,STOPPED
="2026-08-25 00:21:06",79776,1347366,798580,548785,650000,+0.0000,0.1800,+0.0,+10.6,+0.4512,NONE,STOPPED
="2026-08-25 00:21:07",79760,1347366,798580,548785,650000,+0.0000,0.1800,-15.9,-27.3,+0.4620,NONE,STOPPED
="2026-08-25 00:21:08",79756,1347366,798580,548785,650000,+0.0000,0.1800,-20.0,-35.7,+0.4687,NONE,STOPPED
="2026-08-25 00:21:09",79744,1348778,798580,550198,650000,+0.0000,0.1800,-32.0,-44.4,+0.4310,NONE,STOPPED
="2026-08-25 00:21:10",79760,886203,346805,539397,650000,+0.0000,0.1800,-15.1,-25.1,+0.4616,NONE,STOPPED
="2026-08-25 00:21:11",79768,886203,346805,539397,650000,+0.0000,0.1800,-8.0,-14.0,+0.5157,NONE,STOPPED
="2026-08-25 00:21:12",79768,886202,346805,539396,650000,+0.0000,0.1800,+7.9,+14.3,+0.5623,NONE,STOPPED
="2026-08-25 00:21:13",79767,888068,348671,539396,650000,+0.0000,0.1800,+12.0,+18.0,+0.5869,NONE,STOPPED
="2026-08-25 00:21:14",79762,960072,420675,539396,650000,+0.0000,0.1800,+18.0,+12.0,+0.5820,NONE,STOPPED
="2026-08-25 00:21:15",79762,960073,420675,539397,650000,+0.0000,0.1800,+1.1,+12.0,+0.5760,NONE,STOPPED
="2026-08-25 00:21:16",79762,988925,420675,568250,650000,+0.0000,0.1800,+1.1,+12.0,+0.5582,NONE,STOPPED
="2026-08-25 00:21:17",79762,949056,420675,528381,650000,+0.0000,0.1800,-6.0,+24.0,+0.5532,NONE,STOPPED
="2026-08-25 00:21:18",79760,949057,420675,528382,650000,+0.0000,0.1800,-8.0,+38.8,+0.5292,NONE,STOPPED
="2026-08-25 00:21:19",79760,949057,420675,528382,650000,+0.0000,0.1800,-2.0,+31.0,+0.4950,NONE,STOPPED
="2026-08-25 00:21:20",79756,861365,420675,440690,650000,+0.0000,0.1800,-6.0,+16.0,+0.4504,NONE,STOPPED
="2026-08-25 00:21:21",79756,838881,398190,440690,650000,+0.0000,0.1800,-6.0,+16.0,+0.4145,NONE,STOPPED
="2026-08-25 00:21:22",79722,1094744,574382,520362,650000,+0.0000,0.1800,-39.5,-17.5,+0.2498,NONE,STOPPED
="2026-08-25 00:21:23",79727,1094744,574382,520362,650000,+0.0000,0.1800,-32.2,-12.2,+0.1206,NONE,STOPPED
="2026-08-25 00:21:24",79736,1094743,574382,520361,650000,+0.0000,0.1800,-24.0,-4.0,+0.0349,NONE,STOPPED
="2026-08-25 00:21:25",79736,1094743,574382,520361,650000,+0.0000,0.1800,-24.0,-4.0,+0.0349,NONE,STOPPED
="2026-08-25 00:21:26",79736,1078642,574382,504259,650000,+0.0000,0.1800,-20.0,-20.0,-0.1052,NONE,STOPPED
="2026-08-25 00:21:27",79736,1088646,574382,514264,650000,+0.0000,0.1800,+13.5,-22.6,-0.1599,NONE,STOPPED
="2026-08-25 00:21:28",79736,1078643,574382,504261,650000,+0.0000,0.1800,+8.2,-22.5,-0.2070,NONE,STOPPED
="2026-08-25 00:21:29",79733,1078643,574382,504261,650000,+0.0000,0.1800,-2.6,-34.6,-0.2588,NONE,STOPPED
="2026-08-25 00:21:30",79722,1129357,615091,514265,650000,+0.0000,0.1800,-13.5,-49.5,-0.3411,NONE,STOPPED
="2026-08-25 00:21:31",79711,1671054,1166791,504262,650000,+0.0000,0.1800,-24.7,-54.7,-0.4548,NONE,STOPPED
="2026-08-25 00:21:32",79711,1671054,1166791,504262,650000,+0.0000,0.1800,-24.7,-54.7,-0.5586,NONE,STOPPED
="2026-08-25 00:21:33",79711,1731064,1179167,551896,650000,+0.0000,0.1800,-24.7,-54.7,-0.6499,NONE,STOPPED
="2026-08-25 00:21:34",79713,1691153,1179167,511985,650000,+0.0000,0.1800,-20.1,-52.7,-0.7217,NONE,STOPPED
="2026-08-25 00:21:35",79716,1691153,1179167,511985,650000,+0.0000,0.1800,-5.9,-49.4,-0.7708,NONE,STOPPED
="2026-08-25 00:21:36",79716,1691153,1179167,511986,650000,+0.0000,0.1800,+5.3,-47.4,-0.8119,NONE,STOPPED
="2026-08-25 00:21:37",79707,1754356,1242370,511986,650000,+0.0000,0.1800,-4.0,-22.7,-0.8831,NONE,STOPPED
="2026-08-25 00:21:38",79698,1764155,1252169,511986,650000,+0.0000,0.1800,-13.3,-32.0,-1.0008,NONE,STOPPED
="2026-08-25 00:21:39",79698,1797210,1285223,511986,650000,+0.0000,0.1800,-15.3,-32.0,-1.1047,NONE,STOPPED
="2026-08-25 00:21:40",79706,1769238,1257251,511986,650000,+0.0000,0.1800,-10.6,-24.0,-1.1649,NONE,STOPPED
="2026-08-25 00:21:41",79711,1794033,1282047,511986,650000,+0.0000,0.1800,-4.6,-20.7,-1.1930,NONE,STOPPED
="2026-08-25 00:21:42",79711,1794034,1282047,511986,650000,+0.0000,0.1800,+4.7,-20.7,-1.2138,NONE,STOPPED
="2026-08-25 00:21:43",79712,1812620,1300633,511986,650000,+0.0000,0.1800,+14.0,-20.7,-1.2295,NONE,STOPPED
="2026-08-25 00:21:44",79714,1732887,1220900,511986,650000,+0.0000,0.1800,+16.0,-18.7,-1.2326,NONE,STOPPED
="2026-08-25 00:21:45",79722,1693314,1191331,501982,650000,+0.0000,0.1800,+16.6,-10.1,-1.1985,NONE,STOPPED
="2026-08-25 00:21:46",79736,1693314,1191331,501982,650000,+0.0000,0.1800,+24.0,+12.4,-1.1126,NONE,STOPPED
="2026-08-25 00:21:47",79754,1832528,1191331,641197,650000,+0.0000,0.1800,+42.0,+30.4,-0.9676,NONE,STOPPED
="2026-08-25 00:21:48",79754,1822523,1191331,631192,650000,+0.0000,0.1800,+42.0,+24.1,-0.9977,NONE,STOPPED
="2026-08-25 00:21:49",79750,1786769,1191331,595438,650000,+0.0000,0.1800,+36.5,+20.6,-0.7159,NONE,STOPPED
="2026-08-25 00:21:50",79750,1796773,1191331,605442,650000,+0.0000,0.1800,+27.4,+20.1,-0.6160,NONE,STOPPED
="2026-08-25 00:21:51",79750,1800345,1204908,595437,650000,+0.0000,0.1800,+14.0,+20.1,-0.6346,NONE,STOPPED
="2026-08-25 00:21:52",79743,1729584,1146121,583462,650000,+0.0000,0.1800,-10.3,+19.7,-0.4828,NONE,STOPPED
="2026-08-25 00:21:53",79742,1671873,1078406,593467,650000,+0.0000,0.1800,-14.0,-2.7,-0.4368,NONE,STOPPED
="2026-08-25 00:21:54",79742,1678638,1106317,572321,650000,+0.0000,0.1800,-8.5,-10.0,-0.3821,NONE,STOPPED
="2026-08-25 00:21:55",79742,1678638,1106317,572321,650000,+0.0000,0.1800,-8.0,-12.4,-0.3269,NONE,STOPPED
="2026-08-25 00:21:56",79742,1688642,1106317,582325,650000,+0.0000,0.1800,-3.0,-16.4,-0.2740,NONE,STOPPED
="2026-08-25 00:21:57",79742,1678638,1106317,572321,650000,+0.0000,0.1800,-1.7,-18.1,-0.2223,NONE,STOPPED
="2026-08-25 00:21:58",79746,1678638,1106317,572321,650000,+0.0000,0.1800,+4.0,-16.8,-0.1576,NONE,STOPPED
="2026-08-25 00:21:59",79742,1688642,1106317,582325,650000,+0.0000,0.1800,+0.1,-27.1,-0.1112,NONE,STOPPED
="2026-08-25 00:22:00",79754,1868009,1255534,612474,650000,+0.0000,0.1800,+12.0,-22.0,-0.0176,NONE,STOPPED
="2026-08-25 00:22:01",79754,1868009,1255534,612474,650000,+0.0000,0.1800,+12.0,-22.0,+0.0725,NONE,STOPPED
="2026-08-25 00:22:02",79738,1878013,1255534,622478,650000,+0.0000,0.1800,-4.0,-38.0,+0.0932,NONE,STOPPED
="2026-08-25 00:22:03",79738,1868009,1255534,612474,650000,+0.0000,0.1800,-8.0,-38.0,+0.1134,NONE,STOPPED
="2026-08-25 00:22:04",79743,1868009,1255534,612474,650000,+0.0000,0.1800,+1.1,-32.8,+0.1535,NONE,STOPPED
="2026-08-25 00:22:05",79740,1899752,1255534,644217,650000,+0.0000,0.1800,-13.1,-35.1,+0.1819,NONE,STOPPED
="2026-08-25 00:22:06",79773,1889748,1255534,634213,650000,+0.0000,0.1800,+20.0,+13.9,+0.3378,NONE,STOPPED
="2026-08-25 00:22:07",79774,1899751,1255534,644216,650000,+0.0000,0.1800,+36.0,+18.0,+0.4696,NONE,STOPPED
="2026-08-25 00:22:08",79789,1899751,1255534,644216,650000,+0.0000,0.1800,+51.2,+45.2,+0.6451,NONE,STOPPED
="2026-08-25 00:22:09",79798,1872775,1255534,617240,650000,+0.0000,0.1800,+55.2,+37.4,+0.8307,NONE,STOPPED
="2026-08-25 00:22:10",79792,2045767,1428526,617240,650000,+0.0000,0.1800,+51.5,+24.3,+0.9828,NONE,STOPPED
="2026-08-25 00:22:11",79792,2115778,1488533,627244,650000,+0.0000,0.1800,+51.5,+24.3,+1.0836,NONE,STOPPED
="2026-08-25 00:22:12",79785,2135775,1518534,617240,650000,+0.0000,0.1800,+11.4,+17.4,+1.2194,NONE,STOPPED
="2026-08-25 00:22:13",79781,2154509,1527265,627244,650000,+0.0000,0.1800,-7.5,+19.7,+1.2904,NONE,STOPPED
="2026-08-25 00:22:14",79772,2416705,1546967,869737,650000,+0.0000,0.1800,-26.1,+10.2,+1.3114,NONE,STOPPED
="2026-08-25 00:22:15",79775,2522931,1597122,925808,650000,+0.0000,0.1800,-17.3,+13.0,+1.3382,NONE,STOPPED
="2026-08-25 00:22:16",79767,2546438,1639478,906959,650000,+0.0000,0.1800,-25.3,+5.0,+1.3284,NONE,STOPPED
="2026-08-25 00:22:17",79757,2576429,1669469,906959,650000,+0.0000,0.1800,-27.4,-2.0,+1.2812,NONE,STOPPED
="2026-08-25 00:22:18",79753,2624171,1727216,896954,650000,+0.0000,0.1800,-28.6,-6.9,+1.2158,NONE,STOPPED
="2026-08-25 00:22:19",79755,2671138,1774183,896954,650000,+0.0000,0.1800,-17.2,-1.0,+1.1613,NONE,STOPPED
="2026-08-25 00:22:20",79755,2681142,1774183,906959,650000,+0.0000,0.1800,-20.0,-0.9,+1.1070,NONE,STOPPED
="2026-08-25 00:22:21",79752,2671137,1774183,896953,650000,+0.0000,0.1800,-14.8,+29.7,+1.0444,NONE,STOPPED
="2026-08-25 00:22:22",79755,2415273,1597991,817282,650000,+0.0000,0.1800,-2.9,+32.5,+0.9707,NONE,STOPPED
="2026-08-25 00:22:23",79759,2447183,1597991,849192,650000,+0.0000,0.1800,+6.8,+24.0,+0.9326,NONE,STOPPED
="2026-08-25 00:22:24",79768,2437180,1597991,839189,650000,+0.0000,0.1800,+13.0,+32.0,+0.9260,NONE,STOPPED
="2026-08-25 00:22:25",79776,2447183,1597991,849192,650000,+0.0000,0.1800,+20.9,+40.0,+0.9366,NONE,STOPPED
="2026-08-25 00:22:26",79776,2447183,1597991,849192,650000,+0.0000,0.1800,+23.8,+40.0,+0.9644,NONE,STOPPED
="2026-08-25 00:22:27",79783,2437179,1597991,839187,650000,+0.0000,0.1800,+29.0,+48.0,+1.0069,NONE,STOPPED
="2026-08-25 00:22:28",79783,2487075,1637883,849192,650000,+0.0000,0.1800,+29.0,+48.0,+1.0299,NONE,STOPPED
="2026-08-25 00:22:29",79785,2487075,1637883,849192,650000,+0.0000,0.1800,+18.0,+63.5,+1.0754,NONE,STOPPED
="2026-08-25 00:22:30",79789,2436361,1597174,839187,650000,+0.0000,0.1800,+13.9,+78.6,+1.1105,NONE,STOPPED
="2026-08-25 00:22:31",79789,1894665,1045474,849190,650000,+0.0000,0.1800,+13.9,+78.6,+1.1339,NONE,STOPPED
="2026-08-25 00:22:32",79792,1894665,1045474,849190,650000,+0.0000,0.1800,+8.0,+80.7,+1.1517,NONE,STOPPED
="2026-08-25 00:22:33",79793,1824651,1033098,791553,650000,+0.0000,0.1800,+9.7,+80.4,+1.1718,NONE,STOPPED
="2026-08-25 00:22:34",79793,1794798,1033098,761700,650000,+0.0000,0.1800,+9.7,+80.4,+1.1718,NONE,STOPPED
="2026-08-25 00:22:35",79799,1794798,1033098,761700,650000,+0.0000,0.1800,+10.1,+83.4,+1.2268,NONE,STOPPED
="2026-08-25 00:22:36",79803,1756987,989015,767972,650000,+0.0000,0.1800,+14.1,+96.7,+1.2659,NONE,STOPPED
="2026-08-25 00:22:37",79812,1747871,969895,777975,650000,+0.0000,0.1800,+20.2,+114.2,+1.3217,NONE,STOPPED
="2026-08-25 00:22:38",79813,1834493,942611,891881,650000,+0.0000,0.1800,+20.1,+115.8,+1.3662,NONE,STOPPED
="2026-08-25 00:22:39",79825,1828512,909557,918955,650000,+0.0000,0.1800,+30.0,+120.0,+1.4467,NONE,STOPPED
="2026-08-25 00:22:40",79855,4395729,927570,3468158,650000,+0.0000,0.1800,+55.1,+143.1,+1.6302,NONE,STOPPED
="2026-08-25 00:22:41",79830,4881960,1286072,3595887,650000,+0.0000,0.1800,+26.4,+118.4,+1.6952,NONE,STOPPED
="2026-08-25 00:22:42",79828,4871956,1286072,3585883,650000,+0.0000,0.1800,+15.8,+116.0,+1.7381,NONE,STOPPED
="2026-08-25 00:22:43",79848,4863373,1267486,3595886,650000,+0.0000,0.1800,+34.2,+134.0,+1.8446,NONE,STOPPED
="2026-08-25 00:22:44",79848,4878714,1282827,3595886,650000,+0.0000,0.1800,+22.0,+125.4,+1.9347,NONE,STOPPED
="2026-08-25 00:22:45",79848,4878714,1282827,3595886,650000,+0.0000,0.1800,+22.0,+125.4,+1.9347,NONE,STOPPED
="2026-08-25 00:22:46",79848,4888717,1282827,3605890,650000,+0.0000,0.1800,+17.6,+94.0,+2.0824,NONE,STOPPED
="2026-08-25 00:22:47",79846,4808909,1342233,3466676,650000,+0.0000,0.1800,+18.0,+90.0,+2.1404,NONE,STOPPED
="2026-08-25 00:22:48",79838,4808909,1342233,3466676,650000,+0.0000,0.1800,-10.0,+87.5,+2.1553,NONE,STOPPED
="2026-08-25 00:22:49",79837,4858833,1342233,3516599,650000,+0.0000,0.1800,-10.2,+87.8,+2.1572,NONE,STOPPED
="2026-08-25 00:22:50",79846,4948981,1353467,3595514,650000,+0.0000,0.1800,-2.0,+101.0,+2.1824,NONE,STOPPED
="2026-08-25 00:22:51",79848,4935404,1339890,3595514,650000,+0.0000,0.1800,-0.0,+104.3,+2.2016,NONE,STOPPED
="2026-08-25 00:22:52",79858,4978712,1339890,3638822,650000,+0.0000,0.1800,+12.3,+116.3,+2.2497,NONE,STOPPED
="2026-08-25 00:22:53",79866,5129243,1372437,3756805,650000,+0.0000,0.1800,+28.2,+124.2,+2.2986,NONE,STOPPED
="2026-08-25 00:22:54",79866,5148199,1381391,3766808,650000,+0.0000,0.1800,+28.3,+124.1,+2.3626,NONE,STOPPED
="2026-08-25 00:22:55",79863,5167303,1400494,3766808,650000,+0.0000,0.1800,+18.0,+122.0,+2.3887,NONE,STOPPED
="2026-08-25 00:22:56",79868,5206040,1400494,3805546,650000,+0.0000,0.1800,+21.0,+127.0,+2.4220,NONE,STOPPED
="2026-08-25 00:22:57",79869,5216044,1400494,3815549,650000,+0.0000,0.1800,+10.7,+123.0,+2.4423,NONE,STOPPED
="2026-08-25 00:22:58",79868,5216044,1400494,3815549,650000,+0.0000,0.1800,+2.8,+126.9,+2.4530,NONE,STOPPED
="2026-08-25 00:22:59",79868,5125843,1400494,3725348,650000,+0.0000,0.1800,+2.8,+115.0,+2.4503,NONE,STOPPED
="2026-08-25 00:23:00",79868,4986629,1251276,3735352,650000,+0.0000,0.1800,+5.0,+115.0,+2.4449,NONE,STOPPED
="2026-08-25 00:23:01",79869,4986629,1251276,3735352,650000,+0.0000,0.1800,+0.0,+131.0,+2.4303,NONE,STOPPED
="2026-08-25 00:23:02",79863,4976624,1251276,3725348,650000,+0.0000,0.1800,-5.0,+126.0,+2.3781,NONE,STOPPED
="2026-08-25 00:23:03",79869,4986627,1251276,3735350,650000,+0.0000,0.1800,+0.0,+125.8,+2.3400,NONE,STOPPED
="2026-08-25 00:23:04",79879,5240165,1251276,3988888,650000,+0.0000,0.1800,+11.0,+139.1,+2.3411,NONE,STOPPED
="2026-08-25 00:23:05",79887,5341351,1264809,4076542,650000,+0.0000,0.1800,+19.0,+114.0,+2.3613,NONE,STOPPED
="2026-08-25 00:23:06",79888,5351353,1264809,4086544,650000,+0.0000,0.1800,+19.0,+114.0,+2.3892,NONE,STOPPED
="2026-08-25 00:23:07",79888,5401950,1264809,4137141,650000,+0.0000,0.1800,+24.0,+98.8,+2.4050,NONE,STOPPED
="2026-08-25 00:23:08",79882,5401950,1264809,4137141,650000,+0.0000,0.1800,+13.8,+84.4,+2.3988,NONE,STOPPED
="2026-08-25 00:23:09",79882,5455244,1264809,4190435,650000,+0.0000,0.1800,+2.0,+89.7,+2.3870,NONE,STOPPED
="2026-08-25 00:23:10",79882,5282253,1091817,4190435,650000,+0.0000,0.1800,+2.0,+89.7,+2.3870,NONE,STOPPED
="2026-08-25 00:23:11",79882,5212242,1031810,4180432,650000,+0.0000,0.1800,-6.0,+96.6,+2.3349,NONE,STOPPED
="2026-08-25 00:23:12",79888,5242848,1019541,4223307,650000,+0.0000,0.1800,+0.0,+106.3,+2.3189,NONE,STOPPED
="2026-08-25 00:23:13",79888,5179188,965885,4213303,650000,+0.0000,0.1800,+5.2,+115.8,+2.2932,NONE,STOPPED
="2026-08-25 00:23:14",79881,4869701,874178,3995522,650000,+0.0000,0.1800,-0.6,+106.4,+2.2293,NONE,STOPPED
="2026-08-25 00:23:15",79881,4763473,824023,3939449,650000,+0.0000,0.1800,-0.6,+114.4,+2.1637,NONE,STOPPED
="2026-08-25 00:23:16",79881,4711114,781667,3929446,650000,+0.0000,0.1800,-0.6,+123.5,+2.0904,NONE,STOPPED
="2026-08-25 00:23:17",79881,4681123,751677,3929446,650000,+0.0000,0.1800,-6.6,+128.3,+2.0090,NONE,STOPPED
="2026-08-25 00:23:18",79875,4633379,693929,3939449,650000,+0.0000,0.1800,-12.5,+120.5,+1.8996,NONE,STOPPED
="2026-08-25 00:23:19",79875,4576407,646962,3929444,650000,+0.0000,0.1800,-5.9,+120.4,+1.7921,NONE,STOPPED
="2026-08-25 00:23:20",79881,4614304,646962,3967341,650000,+0.0000,0.1800,+0.6,+129.7,+1.7108,NONE,STOPPED
="2026-08-25 00:23:21",79885,4624307,646962,3977344,650000,+0.0000,0.1800,+4.6,+131.0,+1.6419,NONE,STOPPED
="2026-08-25 00:23:22",79885,4592397,646962,3945434,650000,+0.0000,0.1800,+4.6,+126.0,+1.5719,NONE,STOPPED
="2026-08-25 00:23:23",79885,4607411,646962,3960448,650000,+0.0000,0.1800,+10.5,+118.0,+1.5025,NONE,STOPPED
="2026-08-25 00:23:24",79886,4637151,666699,3970452,650000,+0.0000,0.1800,+10.5,+110.0,+1.4360,NONE,STOPPED
="2026-08-25 00:23:25",79885,4627148,666699,3960449,650000,+0.0000,0.1800,+4.0,+110.0,+1.3723,NONE,STOPPED
="2026-08-25 00:23:26",79886,4627148,666699,3960449,650000,+0.0000,0.1800,+0.0,+102.0,+1.3071,NONE,STOPPED
="2026-08-25 00:23:27",79885,4627148,666699,3960449,650000,+0.0000,0.1800,+4.0,+102.0,+1.2452,NONE,STOPPED
="2026-08-25 00:23:28",79887,4618104,626807,3991296,650000,+0.0000,0.1800,+2.0,+102.0,+1.1898,NONE,STOPPED
="2026-08-25 00:23:29",79887,4618104,626807,3991296,650000,+0.0000,0.1800,+2.0,+98.1,+1.1339,NONE,STOPPED
="2026-08-25 00:23:30",79887,4779895,673486,4106408,650000,+0.0000,0.1800,+2.0,+98.1,+1.1339,NONE,STOPPED
="2026-08-25 00:23:31",79909,5877057,795709,5081348,650000,+0.0000,0.1800,+24.0,+118.0,+1.1103,NONE,STOPPED
="2026-08-25 00:23:32",79898,5907468,826120,5081348,650000,+0.0000,0.1800,+12.0,+104.3,+1.0841,NONE,STOPPED
="2026-08-25 00:23:33",79898,6089844,909488,5180355,650000,+0.0000,0.1800,+10.0,+102.0,+1.0546,NONE,STOPPED
="2026-08-25 00:23:34",79890,6079841,909488,5170352,650000,+0.0000,0.1800,+2.7,+90.7,+0.9943,NONE,STOPPED
="2026-08-25 00:23:35",79890,6172810,972993,5199816,650000,+0.0000,0.1800,+2.1,+86.7,+0.9360,NONE,STOPPED
="2026-08-25 00:23:36",79917,6282689,1009495,5273194,650000,+0.0000,0.1800,+8.0,+105.8,+0.9856,NONE,STOPPED
="2026-08-25 00:23:37",79917,6272685,1009495,5263190,650000,+0.0000,0.1800,+20.0,+104.2,+1.0292,NONE,STOPPED
="2026-08-25 00:23:38",79915,6272685,1009495,5263190,650000,+0.0000,0.1800,+17.4,+89.4,+1.0533,NONE,STOPPED
="2026-08-25 00:23:39",79915,6132543,1020337,5112206,650000,+0.0000,0.1800,+24.5,+60.1,+1.0756,NONE,STOPPED
="2026-08-25 00:23:40",79915,5172896,1002323,4170572,650000,+0.0000,0.1800,+24.5,+84.8,+1.1079,NONE,STOPPED
="2026-08-25 00:23:41",79919,3171792,619026,2552765,650000,+0.0000,0.1800,+2.0,+92.0,+1.1362,NONE,STOPPED
="2026-08-25 00:23:42",79892,3327954,742066,2585888,650000,+0.0000,0.1800,-26.0,+44.0,+1.0457,NONE,STOPPED
="2026-08-25 00:23:43",79892,3317950,742066,2575884,650000,+0.0000,0.1800,-23.4,+44.0,+0.9706,NONE,STOPPED
="2026-08-25 00:23:44",79908,3316279,726724,2589555,650000,+0.0000,0.1800,-6.5,+60.6,+0.9631,NONE,STOPPED
="2026-08-25 00:23:45",79910,3316279,726724,2589555,650000,+0.0000,0.1800,-5.2,+62.0,+0.9571,NONE,STOPPED
="2026-08-25 00:23:46",79910,3332824,726724,2606099,650000,+0.0000,0.1800,-5.2,+62.0,+0.9571,NONE,STOPPED
="2026-08-25 00:23:47",79897,3344759,667318,2677441,650000,+0.0000,0.1800,+5.9,+59.9,+0.8529,NONE,STOPPED
="2026-08-25 00:23:48",79872,3578582,901141,2677441,650000,+0.0000,0.1800,-20.0,+34.2,+0.6904,NONE,STOPPED
="2026-08-25 00:23:49",79872,3528658,901141,2627517,650000,+0.0000,0.1800,-20.0,+34.2,+0.6904,NONE,STOPPED
="2026-08-25 00:23:50",79875,3428506,889907,2538598,650000,+0.0000,0.1800,-34.0,+28.0,+0.4333,NONE,STOPPED
="2026-08-25 00:23:51",79875,3441227,902628,2538598,650000,+0.0000,0.1800,-24.8,+17.7,+0.3216,NONE,STOPPED
="2026-08-25 00:23:52",79875,3398166,902628,2495538,650000,+0.0000,0.1800,-22.0,+9.8,+0.2242,NONE,STOPPED
="2026-08-25 00:23:53",79844,3335159,955023,2380136,650000,+0.0000,0.1800,-28.0,-22.2,+0.0147,NONE,STOPPED
="2026-08-25 00:23:54",79840,3339451,969318,2370133,650000,+0.0000,0.1800,-35.4,-23.4,-0.1889,NONE,STOPPED
="2026-08-25 00:23:55",79840,3340347,950215,2390132,650000,+0.0000,0.1800,-35.4,-28.4,-0.3744,NONE,STOPPED
="2026-08-25 00:23:56",79843,3291605,950215,2341390,650000,+0.0000,0.1800,-32.0,-25.0,-0.5254,NONE,STOPPED
="2026-08-25 00:23:57",79806,3379359,1047972,2331386,650000,+0.0000,0.1800,-70.0,-63.0,-0.8088,NONE,STOPPED
="2026-08-25 00:23:58",79799,3379359,1047972,2331386,650000,+0.0000,0.1800,-44.6,-69.6,-1.0886,NONE,STOPPED
="2026-08-25 00:23:59",79811,3389832,1047972,2341859,650000,+0.0000,0.1800,-29.4,-57.9,-1.2929,NONE,STOPPED
="2026-08-25 00:24:00",79812,3395790,1047972,2347818,650000,+0.0000,0.1800,-28.6,-57.0,-1.4709,NONE,STOPPED
="2026-08-25 00:24:01",79805,3419499,1071680,2347818,650000,+0.0000,0.1800,-39.0,-59.0,-1.6551,NONE,STOPPED
="2026-08-25 00:24:02",79799,3435485,1087667,2347818,650000,+0.0000,0.1800,-6.3,-69.3,-1.8407,NONE,STOPPED
="2026-08-25 00:24:03",79818,3618446,1280631,2337815,650000,+0.0000,0.1800,+19.3,-61.2,-1.9264,NONE,STOPPED
="2026-08-25 00:24:04",79818,3245511,1280631,1964880,650000,+0.0000,0.1800,+7.6,-69.2,-1.9918,NONE,STOPPED
="2026-08-25 00:24:05",79798,3245511,1280631,1964880,650000,+0.0000,0.1800,-14.0,-90.0,-2.1207,NONE,STOPPED
="2026-08-25 00:24:06",79798,3221977,1267099,1954878,650000,+0.0000,0.1800,-14.0,-90.0,-2.1207,NONE,STOPPED
="2026-08-25 00:24:07",79760,3253420,1359143,1894277,650000,+0.0000,0.1800,-39.7,-122.8,-2.5015,NONE,STOPPED
="2026-08-25 00:24:08",79750,3883119,1988841,1894277,650000,+0.0000,0.1800,-68.7,-132.0,-2.7483,NONE,STOPPED
="2026-08-25 00:24:09",79750,4454706,2613722,1840983,650000,+0.0000,0.1800,-68.7,-132.0,-2.9627,NONE,STOPPED
="2026-08-25 00:24:10",79740,4551937,2710954,1840983,650000,+0.0000,0.1800,-58.0,-142.0,-3.1857,NONE,STOPPED
="2026-08-25 00:24:11",79781,4607102,2710954,1896147,650000,+0.0000,0.1800,-7.3,-106.4,-3.2147,NONE,STOPPED
="2026-08-25 00:24:12",79814,4546494,2693222,1853272,650000,+0.0000,0.1800,+54.0,-74.0,-3.1009,NONE,STOPPED
="2026-08-25 00:24:13",79841,4585139,2712442,1872697,650000,+0.0000,0.1800,+92.0,-39.5,-2.8789,NONE,STOPPED
="2026-08-25 00:24:14",79838,4560427,2712442,1847985,650000,+0.0000,0.1800,+88.0,-43.4,-2.6882,NONE,STOPPED
="2026-08-25 00:24:15",79841,4580047,2742065,1837981,650000,+0.0000,0.1800,+102.0,-39.4,-2.4915,NONE,STOPPED
="2026-08-25 00:24:16",79830,4744482,2864552,1879929,650000,+0.0000,0.1800,+48.7,-51.1,-2.3510,NONE,STOPPED
="2026-08-25 00:24:17",79830,4744482,2864552,1879929,650000,+0.0000,0.1800,+16.3,-45.2,-2.2160,NONE,STOPPED
="2026-08-25 00:24:18",79843,4734478,2864552,1869926,650000,+0.0000,0.1800,+1.3,-32.2,-2.0393,NONE,STOPPED
="2026-08-25 00:24:19",79843,4734478,2864552,1869926,650000,+0.0000,0.1800,+5.3,-38.7,-1.8728,NONE,STOPPED
="2026-08-25 00:24:20",79863,4814809,2864552,1950257,650000,+0.0000,0.1800,+22.0,-22.0,-1.6314,NONE,STOPPED
="2026-08-25 00:24:21",79875,4951656,2992027,1959628,650000,+0.0000,0.1800,+45.6,-10.0,-1.3582,NONE,STOPPED
="2026-08-25 00:24:22",79875,4951656,2992027,1959628,650000,+0.0000,0.1800,+45.6,-10.1,-1.1060,NONE,STOPPED
="2026-08-25 00:24:23",79875,4936642,2992027,1944614,650000,+0.0000,0.1800,+32.6,-10.1,-0.8734,NONE,STOPPED
="2026-08-25 00:24:24",79860,4906902,2972291,1934610,650000,+0.0000,0.1800,+16.7,-26.0,-0.7211,NONE,STOPPED
="2026-08-25 00:24:25",79860,4922658,2972291,1950367,650000,+0.0000,0.1800,-4.0,-26.0,-0.5798,NONE,STOPPED
="2026-08-25 00:24:26",79852,4922658,2972291,1950367,650000,+0.0000,0.1800,-23.9,-34.0,-0.4798,NONE,STOPPED
="2026-08-25 00:24:27",79848,4934227,2983859,1950367,650000,+0.0000,0.1800,-27.9,-40.0,-0.4018,NONE,STOPPED
="2026-08-25 00:24:28",79848,5004126,2983859,2020267,650000,+0.0000,0.1800,-27.9,-40.0,-0.3272,NONE,STOPPED
="2026-08-25 00:24:29",79848,5004126,2983859,2020267,650000,+0.0000,0.1800,-12.0,-40.7,-0.2568,NONE,STOPPED
="2026-08-25 00:24:30",79848,4842335,2937180,1905154,650000,+0.0000,0.1800,-12.0,-62.0,-0.1901,NONE,STOPPED
="2026-08-25 00:24:31",79848,3735170,2814958,920212,650000,+0.0000,0.1800,-4.0,-50.0,-0.1142,NONE,STOPPED
="2026-08-25 00:24:32",79836,3715457,2795244,920212,650000,+0.0000,0.1800,-11.8,-61.8,-0.0956,NONE,STOPPED
="2026-08-25 00:24:33",79831,3551153,2729949,821204,650000,+0.0000,0.1800,-16.2,-58.9,-0.0928,NONE,STOPPED
="2026-08-25 00:24:34",79845,3638008,2729949,908059,650000,+0.0000,0.1800,-2.0,-44.7,-0.0367,NONE,STOPPED
="2026-08-25 00:24:35",79850,3545039,2666443,878595,650000,+0.0000,0.1800,+2.0,-68.0,+0.0320,NONE,STOPPED
="2026-08-25 00:24:36",79859,3418884,2629942,788942,650000,+0.0000,0.1800,+11.9,-58.0,+0.1515,NONE,STOPPED
="2026-08-25 00:24:37",79859,3418884,2629942,788942,650000,+0.0000,0.1800,+11.9,-58.0,+0.1515,NONE,STOPPED
="2026-08-25 00:24:38",79868,3430633,2641691,788942,650000,+0.0000,0.1800,+36.2,-47.2,+0.4163,NONE,STOPPED
="2026-08-25 00:24:39",79874,3458756,2669814,788942,650000,+0.0000,0.1800,+28.0,-41.2,+0.5596,NONE,STOPPED
="2026-08-25 00:24:40",79874,3352348,2669814,682533,650000,+0.0000,0.1800,+28.0,-41.2,+0.5596,NONE,STOPPED
="2026-08-25 00:24:41",79875,3341265,2669814,671450,650000,+0.0000,0.1800,+16.0,-16.1,+0.8212,NONE,STOPPED
="2026-08-25 00:24:42",79875,3185103,2546775,638328,650000,+0.0000,0.1800,+10.0,-16.1,+0.9232,NONE,STOPPED
="2026-08-25 00:24:43",79875,3185103,2546775,638328,650000,+0.0000,0.1800,+7.9,-32.7,+1.0149,NONE,STOPPED
="2026-08-25 00:24:44",79875,3182488,2557830,624658,650000,+0.0000,0.1800,+1.9,-34.1,+1.1073,NONE,STOPPED
="2026-08-25 00:24:45",79875,3241881,2606974,634906,650000,+0.0000,0.1800,+2.0,-24.8,+1.1915,NONE,STOPPED
="2026-08-25 00:24:46",79886,3265230,2606974,658255,650000,+0.0000,0.1800,+10.6,-11.3,+1.3029,NONE,STOPPED
="2026-08-25 00:24:47",79898,3234752,2606974,627777,650000,+0.0000,0.1800,+22.1,+26.0,+1.4451,NONE,STOPPED
="2026-08-25 00:24:48",79909,3037243,2373152,664090,650000,+0.0000,0.1800,+33.9,+33.9,+1.6024,NONE,STOPPED
="2026-08-25 00:24:49",79903,3074565,2383927,690637,650000,+0.0000,0.1800,+27.3,+27.3,+1.7175,NONE,STOPPED
="2026-08-25 00:24:50",79903,3074565,2383927,690637,650000,+0.0000,0.1800,+27.3,+27.3,+1.8178,NONE,STOPPED
="2026-08-25 00:24:51",79900,3061844,2371206,690637,650000,+0.0000,0.1800,+13.4,+24.0,+1.8918,NONE,STOPPED
="2026-08-25 00:24:52",79900,3062119,2371206,690913,650000,+0.0000,0.1800,+2.0,+56.0,+1.9544,NONE,STOPPED
="2026-08-25 00:24:53",79898,2975776,2284863,690913,650000,+0.0000,0.1800,-11.9,+57.4,+1.9793,NONE,STOPPED
="2026-08-25 00:24:54",79898,3061481,2270567,790913,650000,+0.0000,0.1800,-5.2,+57.4,+1.9936,NONE,STOPPED
="2026-08-25 00:24:55",79897,3041482,2270567,770914,650000,+0.0000,0.1800,-5.3,+54.0,+2.0003,NONE,STOPPED
="2026-08-25 00:24:56",79900,3041482,2270567,770914,650000,+0.0000,0.1800,+0.4,+94.4,+2.0114,NONE,STOPPED
="2026-08-25 00:24:57",79900,2990737,2219823,770914,650000,+0.0000,0.1800,+0.4,+101.0,+1.9921,NONE,STOPPED
="2026-08-25 00:24:58",79902,2990737,2219823,770914,650000,+0.0000,0.1800,+4.0,+90.9,+1.9687,NONE,STOPPED
="2026-08-25 00:24:59",79902,2980264,2219823,760441,650000,+0.0000,0.1800,+4.0,+90.0,+1.9462,NONE,STOPPED
="2026-08-25 00:25:00",79901,2964302,2219823,744479,650000,+0.0000,0.1800,+4.0,+97.0,+1.9185,NONE,STOPPED
="2026-08-25 00:25:01",79911,2940594,2196115,744479,650000,+0.0000,0.1800,+11.2,+111.9,+1.9190,NONE,STOPPED
="2026-08-25 00:25:02",79910,2924607,2180128,744479,650000,+0.0000,0.1800,+9.6,+91.3,+1.9015,NONE,STOPPED
="2026-08-25 00:25:03",79910,2753418,2008939,744479,650000,+0.0000,0.1800,+8.0,+91.3,+1.9124,NONE,STOPPED
="2026-08-25 00:25:04",79915,2753418,2008939,744479,650000,+0.0000,0.1800,+13.2,+117.2,+1.9083,NONE,STOPPED
="2026-08-25 00:25:05",79915,2753418,2008939,744479,650000,+0.0000,0.1800,+13.2,+126.3,+1.8870,NONE,STOPPED
="2026-08-25 00:25:06",79915,2753418,2008939,744479,650000,+0.0000,0.1800,+3.6,+155.2,+1.8535,NONE,STOPPED
="2026-08-25 00:25:07",79915,2661374,1916895,744479,650000,+0.0000,0.1800,+5.2,+165.2,+1.7964,NONE,STOPPED
="2026-08-25 00:25:08",79913,2031676,1287197,744479,650000,+0.0000,0.1800,-1.6,+163.6,+1.7218,NONE,STOPPED
="2026-08-25 00:25:09",79908,1486703,662316,824387,650000,+0.0000,0.1800,-7.2,+168.0,+1.6218,NONE,STOPPED
="2026-08-25 00:25:10",79906,1389471,565084,824387,650000,+0.0000,0.1800,-9.2,+124.4,+1.5072,NONE,STOPPED
="2026-08-25 00:25:11",79906,1334307,565084,769222,650000,+0.0000,0.1800,-9.2,+92.1,+1.4182,NONE,STOPPED
="2026-08-25 00:25:12",79927,1460970,565084,895885,650000,+0.0000,0.1800,+12.7,+86.0,+1.4340,NONE,STOPPED
="2026-08-25 00:25:13",79926,1422324,545864,876460,650000,+0.0000,0.1800,+12.9,+88.5,+1.4522,NONE,STOPPED
="2026-08-25 00:25:14",79926,1422324,545864,876460,650000,+0.0000,0.1800,+18.5,+84.5,+1.4599,NONE,STOPPED
="2026-08-25 00:25:15",79926,1409135,532674,876460,650000,+0.0000,0.1800,+20.5,+96.2,+1.4628,NONE,STOPPED
="2026-08-25 00:25:16",79929,1244700,410187,834512,650000,+0.0000,0.1800,+23.0,+98.7,+1.4616,NONE,STOPPED
="2026-08-25 00:25:17",79929,1244700,410187,834512,650000,+0.0000,0.1800,+1.1,+85.8,+1.4536,NONE,STOPPED
="2026-08-25 00:25:18",79929,1244700,410187,834512,650000,+0.0000,0.1800,+2.5,+85.8,+1.4472,NONE,STOPPED
="2026-08-25 00:25:19",79929,1244700,410187,834512,650000,+0.0000,0.1800,+2.5,+65.1,+1.4348,NONE,STOPPED
="2026-08-25 00:25:20",79919,1126473,410187,716286,650000,+0.0000,0.1800,-7.1,+43.5,+1.3922,NONE,STOPPED
="2026-08-25 00:25:21",79919,991638,294726,696911,650000,+0.0000,0.1800,-9.6,+43.5,+1.3555,NONE,STOPPED
="2026-08-25 00:25:22",79925,991638,294726,696911,650000,+0.0000,0.1800,-3.6,+49.5,+1.3410,NONE,STOPPED
="2026-08-25 00:25:23",79927,991638,294726,696911,650000,+0.0000,0.1800,-2.1,+67.0,+1.3290,NONE,STOPPED
="2026-08-25 00:25:24",79927,991638,294726,696911,650000,+0.0000,0.1800,-2.1,+67.0,+1.3036,NONE,STOPPED
="2026-08-25 00:25:25",79928,985883,304728,681154,650000,+0.0000,0.1800,+8.8,+76.2,+1.2796,NONE,STOPPED
="2026-08-25 00:25:26",79928,985883,304728,681154,650000,+0.0000,0.1800,+8.7,+80.2,+1.2473,NONE,STOPPED
="2026-08-25 00:25:27",79929,1003017,321862,681154,650000,+0.0000,0.1800,+4.5,+82.0,+1.2170,NONE,STOPPED
="2026-08-25 00:25:28",79930,892265,321862,570403,650000,+0.0000,0.1800,+4.0,+83.0,+1.1873,NONE,STOPPED
="2026-08-25 00:25:29",79889,1518045,884489,633556,650000,+0.0000,0.1800,-37.1,+41.9,+0.9946,NONE,STOPPED
="2026-08-25 00:25:30",79889,1518045,884489,633556,650000,+0.0000,0.1800,-38.3,+41.9,+0.8153,NONE,STOPPED
="2026-08-25 00:25:31",79895,1746913,943922,802990,650000,+0.0000,0.1800,-32.2,+59.8,+0.6719,NONE,STOPPED
="2026-08-25 00:25:32",79871,1942347,1116940,825406,650000,+0.0000,0.1800,-58.4,+39.8,+0.4359,NONE,STOPPED
="2026-08-25 00:25:33",79849,1970220,1144813,825406,650000,+0.0000,0.1800,-81.2,+3.8,+0.1308,NONE,STOPPED
="2026-08-25 00:25:34",79820,1883365,1144813,738551,650000,+0.0000,0.1800,-69.6,-29.6,-0.2543,NONE,STOPPED
="2026-08-25 00:25:35",79793,2259226,1484080,775146,650000,+0.0000,0.1800,-96.2,-66.2,-0.7050,NONE,STOPPED
="2026-08-25 00:25:36",79785,2370994,1495888,875106,650000,+0.0000,0.1800,-110.4,-80.3,-1.1378,NONE,STOPPED
="2026-08-25 00:25:37",79750,4563162,3688056,875106,650000,+0.0000,0.1800,-121.6,-118.0,-1.6620,NONE,STOPPED
="2026-08-25 00:25:38",79730,6339059,5463953,875106,650000,+0.0000,0.1800,-119.8,-144.0,-2.2083,NONE,STOPPED
="2026-08-25 00:25:39",79759,6425802,5424987,1000814,650000,+0.0000,0.1800,-60.4,-114.0,-2.5759,NONE,STOPPED
="2026-08-25 00:25:40",79795,6452942,5424987,1027954,650000,+0.0000,0.1800,+2.2,-80.0,-2.7610,NONE,STOPPED
="2026-08-25 00:25:41",79812,6534831,5424987,1109843,650000,+0.0000,0.1800,+27.3,-63.1,-2.8541,NONE,STOPPED
="2026-08-25 00:25:42",79822,6607962,5459680,1148282,650000,+0.0000,0.1800,+72.7,-53.2,-2.8922,NONE,STOPPED
="2026-08-25 00:25:43",79822,6607962,5459680,1148282,650000,+0.0000,0.1800,+92.7,-53.2,-2.9188,NONE,STOPPED
="2026-08-25 00:25:44",79827,6609859,5448625,1161233,650000,+0.0000,0.1800,+68.0,-48.0,-2.9145,NONE,STOPPED
="2026-08-25 00:25:45",79837,6518738,5399480,1119257,650000,+0.0000,0.1800,+42.0,-48.6,-2.8637,NONE,STOPPED
="2026-08-25 00:25:46",79807,6583114,5469930,1113184,650000,+0.0000,0.1800,-5.1,-90.3,-2.9213,NONE,STOPPED
="2026-08-25 00:25:47",79800,6542250,5469930,1072320,650000,+0.0000,0.1800,-22.7,-109.9,-2.9877,NONE,STOPPED
="2026-08-25 00:25:48",79800,6505937,5469930,1036007,650000,+0.0000,0.1800,-22.7,-103.2,-3.0309,NONE,STOPPED
="2026-08-25 00:25:49",79800,6487703,5459155,1028548,650000,+0.0000,0.1800,-28.0,-103.2,-3.0637,NONE,STOPPED
="2026-08-25 00:25:50",79800,6487703,5459155,1028548,650000,+0.0000,0.1800,-38.0,-100.0,-3.0831,NONE,STOPPED
="2026-08-25 00:25:51",79800,6487703,5459155,1028548,650000,+0.0000,0.1800,-7.7,-100.0,-3.0922,NONE,STOPPED
="2026-08-25 00:25:52",79800,6474595,5459155,1015439,650000,+0.0000,0.1800,+0.0,-98.0,-3.0901,NONE,STOPPED
="2026-08-25 00:25:53",79800,6457902,5442462,1015439,650000,+0.0000,0.1800,-7.7,-98.0,-3.0790,NONE,STOPPED
="2026-08-25 00:25:54",79800,6357901,5442462,915439,650000,+0.0000,0.1800,+0.0,-98.0,-3.0586,NONE,STOPPED
="2026-08-25 00:25:55",79795,6357901,5442462,915439,650000,+0.0000,0.1800,-5.0,-105.4,-3.0492,NONE,STOPPED
="2026-08-25 00:25:56",79788,6385924,5470485,915439,650000,+0.0000,0.1800,-12.0,-112.4,-3.0560,NONE,STOPPED
="2026-08-25 00:25:57",79786,6338912,5423472,915439,650000,+0.0000,0.1800,-14.0,-116.0,-3.0591,NONE,STOPPED
="2026-08-25 00:25:58",79776,6338912,5423472,915439,650000,+0.0000,0.1800,-24.0,-126.0,-3.0889,NONE,STOPPED
="2026-08-25 00:25:59",79776,6338912,5423472,915439,650000,+0.0000,0.1800,-23.4,-125.4,-3.1025,NONE,STOPPED
="2026-08-25 00:26:00",79778,6354851,5439412,915439,650000,+0.0000,0.1800,-17.0,-133.6,-3.0978,NONE,STOPPED
="2026-08-25 00:26:01",79778,6354851,5439412,915439,650000,+0.0000,0.1800,-9.8,-131.8,-3.0756,NONE,STOPPED
="2026-08-25 00:26:02",79788,6383867,5439412,944455,650000,+0.0000,0.1800,+2.0,-127.2,-3.0063,NONE,STOPPED
="2026-08-25 00:26:03",79800,6362091,5417636,944455,650000,+0.0000,0.1800,+24.0,-115.2,-2.8822,NONE,STOPPED
="2026-08-25 00:26:04",79802,6453542,5489395,964147,650000,+0.0000,0.1800,+25.4,-113.2,-2.7506,NONE,STOPPED
="2026-08-25 00:26:05",79794,6453542,5489395,964147,650000,+0.0000,0.1800,+16.0,-121.2,-2.6515,NONE,STOPPED
="2026-08-25 00:26:06",79784,6453542,5489395,964147,650000,+0.0000,0.1800,+5.8,-131.2,-2.5897,NONE,STOPPED
="2026-08-25 00:26:07",79778,6453542,5489395,964147,650000,+0.0000,0.1800,-9.8,-135.4,-2.5454,NONE,STOPPED
="2026-08-25 00:26:08",79778,6469482,5505335,964147,650000,+0.0000,0.1800,-21.8,-129.8,-2.4951,NONE,STOPPED
="2026-08-25 00:26:09",79778,6389574,5505335,884239,650000,+0.0000,0.1800,-23.8,-127.9,-2.4421,NONE,STOPPED
="2026-08-25 00:26:10",79772,6413034,5528795,884239,650000,+0.0000,0.1800,-22.0,-134.1,-2.4086,NONE,STOPPED
="2026-08-25 00:26:11",79776,6486733,5563494,923239,650000,+0.0000,0.1800,-7.4,-151.4,-2.3499,NONE,STOPPED
="2026-08-25 00:26:12",79756,6996923,6200346,796576,650000,+0.0000,0.1800,-21.8,-170.2,-2.3518,NONE,STOPPED
="2026-08-25 00:26:13",79750,7037775,6241198,796576,650000,+0.0000,0.1800,-28.2,-176.5,-2.3672,NONE,STOPPED
="2026-08-25 00:26:14",79750,7037775,6241198,796576,650000,+0.0000,0.1800,-28.2,-176.5,-2.3691,NONE,STOPPED
="2026-08-25 00:26:15",79755,7021342,6224765,796576,650000,+0.0000,0.1800,-16.6,-173.6,-2.3376,NONE,STOPPED
="2026-08-25 00:26:16",79755,7021342,6224765,796576,650000,+0.0000,0.1800,-21.1,-173.6,-2.2955,NONE,STOPPED
="2026-08-25 00:26:17",79755,7021342,6224765,796576,650000,+0.0000,0.1800,-0.9,-173.6,-2.2454,NONE,STOPPED
="2026-08-25 00:26:18",79755,7021342,6224765,796576,650000,+0.0000,0.1800,+5.4,-173.6,-2.1880,NONE,STOPPED
="2026-08-25 00:26:19",79750,7061198,6240697,820501,650000,+0.0000,0.1800,-6.3,-179.1,-2.1764,NONE,STOPPED
="2026-08-25 00:26:20",79767,7161833,6240697,921135,650000,+0.0000,0.1800,+11.7,-152.3,-2.0340,NONE,STOPPED
="2026-08-25 00:26:21",79781,7149818,6228682,921135,650000,+0.0000,0.1800,+26.2,-143.9,-1.8656,NONE,STOPPED
="2026-08-25 00:26:22",79807,7208396,6228682,979714,650000,+0.0000,0.1800,+52.3,-119.3,-1.5974,NONE,STOPPED
="2026-08-25 00:26:23",79807,7274201,6228682,1045518,650000,+0.0000,0.1800,+52.3,-119.3,-1.3438,NONE,STOPPED
="2026-08-25 00:26:24",79812,7470629,6239463,1231165,650000,+0.0000,0.1800,+62.0,-116.2,-1.0884,NONE,STOPPED
="2026-08-25 00:26:25",79812,7484570,6229461,1255108,650000,+0.0000,0.1800,+62.0,-116.2,-1.0884,NONE,STOPPED
="2026-08-25 00:26:26",79810,7508514,6229461,1279052,650000,+0.0000,0.1800,+28.4,-120.0,-0.6298,NONE,STOPPED
="2026-08-25 00:26:27",79810,7503755,6200759,1302995,650000,+0.0000,0.1800,+2.3,-121.0,-0.4237,NONE,STOPPED
="2026-08-25 00:26:28",79810,7511966,6200759,1311206,650000,+0.0000,0.1800,+2.3,-79.9,-0.2294,NONE,STOPPED
="2026-08-25 00:26:29",79810,6925861,5638133,1287728,650000,+0.0000,0.1800,-2.0,-79.9,-0.0719,NONE,STOPPED
="2026-08-25 00:26:30",79810,6991771,5638133,1353638,650000,+0.0000,0.1800,-2.0,-86.0,+0.0752,NONE,STOPPED
="2026-08-25 00:26:31",79816,6774741,5578699,1196041,650000,+0.0000,0.1800,+6.1,-55.6,+0.2397,NONE,STOPPED
="2026-08-25 00:26:32",79816,6592554,5394983,1197570,650000,+0.0000,0.1800,+6.1,-33.7,+0.3778,NONE,STOPPED
="2026-08-25 00:26:33",79816,6590763,5369247,1221515,650000,+0.0000,0.1800,+6.1,-4.3,+0.4918,NONE,STOPPED
="2026-08-25 00:26:34",79816,6614706,5369247,1245458,650000,+0.0000,0.1800,+6.1,-4.3,+0.4918,NONE,STOPPED
="2026-08-25 00:26:35",79814,6283772,5029980,1253791,650000,+0.0000,0.1800,+4.8,+29.2,+0.6137,NONE,STOPPED
="2026-08-25 00:26:36",79822,6172004,5018172,1153831,650000,+0.0000,0.1800,+5.9,+72.0,+0.6884,NONE,STOPPED
="2026-08-25 00:26:37",79827,4003784,2826004,1177779,650000,+0.0000,0.1800,+11.1,+97.2,+0.7521,NONE,STOPPED
="2026-08-25 00:26:38",79842,2216138,1038359,1177779,650000,+0.0000,0.1800,+25.9,+82.0,+0.8512,NONE,STOPPED
="2026-08-25 00:26:39",79878,2268833,1060378,1208455,650000,+0.0000,0.1800,+68.1,+82.1,+1.0939,NONE,STOPPED
="2026-08-25 00:26:40",79883,2243130,1060378,1182752,650000,+0.0000,0.1800,+68.9,+70.8,+1.3517,NONE,STOPPED
="2026-08-25 00:26:41",79882,2185206,1060378,1124828,650000,+0.0000,0.1800,+60.4,+59.7,+1.5857,NONE,STOPPED
="2026-08-25 00:26:42",79882,2136040,1025685,1110354,650000,+0.0000,0.1800,+55.3,+59.7,+1.7989,NONE,STOPPED
="2026-08-25 00:26:43",79882,2160005,1025685,1134319,650000,+0.0000,0.1800,+40.4,+54.4,+1.9873,NONE,STOPPED
="2026-08-25 00:26:44",79866,2171013,1025685,1145327,650000,+0.0000,0.1800,-12.1,+28.0,+2.0917,NONE,STOPPED
="2026-08-25 00:26:45",79865,2291341,1080945,1210395,650000,+0.0000,0.1800,-18.3,+57.6,+2.1847,NONE,STOPPED
="2026-08-25 00:26:46",79853,2232756,1010496,1222259,650000,+0.0000,0.1800,-28.8,+53.6,+2.1998,NONE,STOPPED
="2026-08-25 00:26:47",79847,2256712,1010496,1246216,650000,+0.0000,0.1800,-34.5,+48.0,+2.1805,NONE,STOPPED
="2026-08-25 00:26:48",79847,2280666,1010496,1270170,650000,+0.0000,0.1800,-34.5,+48.0,+2.1566,NONE,STOPPED
="2026-08-25 00:26:49",79853,2261578,1010496,1251082,650000,+0.0000,0.1800,-12.4,+53.6,+2.1502,NONE,STOPPED
="2026-08-25 00:26:50",79853,2285534,1010496,1275038,650000,+0.0000,0.1800,-11.8,+53.6,+2.1379,NONE,STOPPED
="2026-08-25 00:26:51",79853,2309858,1034820,1275038,650000,+0.0000,0.1800,-11.8,+53.6,+2.1379,NONE,STOPPED
="2026-08-25 00:26:52",79857,2333815,1034820,1298995,650000,+0.0000,0.1800,+10.0,+58.0,+2.1297,NONE,STOPPED
="2026-08-25 00:26:53",79862,2339003,1016049,1322953,650000,+0.0000,0.1800,+14.0,+62.0,+2.1319,NONE,STOPPED
="2026-08-25 00:26:54",79869,2339003,1016049,1322953,650000,+0.0000,0.1800,+16.4,+75.0,+2.1580,NONE,STOPPED
="2026-08-25 00:26:55",79880,2360233,1016049,1344183,650000,+0.0000,0.1800,+26.4,+92.0,+2.2106,NONE,STOPPED
="2026-08-25 00:26:56",79880,2356174,988026,1368147,650000,+0.0000,0.1800,+22.0,+94.0,+2.2462,NONE,STOPPED
="2026-08-25 00:26:57",79909,2647227,1045036,1602190,650000,+0.0000,0.1800,+52.0,+134.0,+2.3858,NONE,STOPPED
="2026-08-25 00:26:58",79920,2661208,1045036,1616171,650000,+0.0000,0.1800,+58.1,+143.5,+2.5362,NONE,STOPPED
="2026-08-25 00:26:59",79920,2727697,1087550,1640147,650000,+0.0000,0.1800,+50.1,+142.1,+2.6626,NONE,STOPPED
="2026-08-25 00:27:00",79920,2735733,1071610,1664123,650000,+0.0000,0.1800,+40.1,+141.9,+2.7675,NONE,STOPPED
="2026-08-25 00:27:01",79912,2759709,1071610,1688099,650000,+0.0000,0.1800,+32.0,+124.0,+2.8204,NONE,STOPPED
="2026-08-25 00:27:02",79896,2770645,1071610,1699034,650000,+0.0000,0.1800,-13.4,+96.6,+2.8034,NONE,STOPPED
="2026-08-25 00:27:03",79896,2843704,1120700,1723003,650000,+0.0000,0.1800,-23.4,+94.6,+2.7850,NONE,STOPPED
="2026-08-25 00:27:04",79903,2752253,1048942,1703311,650000,+0.0000,0.1800,-16.1,+110.0,+2.7885,NONE,STOPPED
="2026-08-25 00:27:05",79911,2959128,1255817,1703311,650000,+0.0000,0.1800,-8.2,+127.8,+2.8075,NONE,STOPPED
="2026-08-25 00:27:06",79914,2983101,1255817,1727284,650000,+0.0000,0.1800,+2.8,+136.6,+2.8197,NONE,STOPPED
="2026-08-25 00:27:07",79929,2983101,1255817,1727284,650000,+0.0000,0.1800,+33.4,+151.8,+2.8754,NONE,STOPPED
="2026-08-25 00:27:08",79929,2991141,1239877,1751263,650000,+0.0000,0.1800,+33.4,+151.8,+2.9140,NONE,STOPPED
="2026-08-25 00:27:09",79929,3015120,1239877,1775242,650000,+0.0000,0.1800,+26.0,+158.0,+2.9370,NONE,STOPPED
="2026-08-25 00:27:10",79929,3015638,1216416,1799221,650000,+0.0000,0.1800,+18.1,+153.4,+2.9421,NONE,STOPPED
="2026-08-25 00:27:11",79930,2965919,1181718,1784201,650000,+0.0000,0.1800,+16.2,+174.6,+2.9408,NONE,STOPPED
="2026-08-25 00:27:12",79934,2353046,544865,1808180,650000,+0.0000,0.1800,+4.0,+184.0,+2.9268,NONE,STOPPED
="2026-08-25 00:27:13",79933,2336174,504013,1832160,650000,+0.0000,0.1800,+4.0,+184.0,+2.8969,NONE,STOPPED
="2026-08-25 00:27:14",79939,2336174,504013,1832160,650000,+0.0000,0.1800,+9.9,+184.5,+2.8793,NONE,STOPPED
="2026-08-25 00:27:15",79939,2360156,504013,1856142,650000,+0.0000,0.1800,+9.9,+184.5,+2.8529,NONE,STOPPED
="2026-08-25 00:27:16",79945,2360156,504013,1856142,650000,+0.0000,0.1800,+14.0,+189.6,+2.8352,NONE,STOPPED
="2026-08-25 00:27:17",79945,2384139,504013,1880126,650000,+0.0000,0.1800,+11.0,+189.6,+2.8055,NONE,STOPPED
="2026-08-25 00:27:18",79945,2408123,504013,1904109,650000,+0.0000,0.1800,+11.0,+195.0,+2.7650,NONE,STOPPED
="2026-08-25 00:27:19",79945,2392250,488082,1904168,650000,+0.0000,0.1800,+5.1,+177.9,+2.7113,NONE,STOPPED
="2026-08-25 00:27:20",79942,2315599,488082,1827517,650000,+0.0000,0.1800,+2.5,+160.8,+2.6491,NONE,STOPPED
="2026-08-25 00:27:21",79944,2339582,488082,1851500,650000,+0.0000,0.1800,-0.0,+137.3,+2.5987,NONE,STOPPED
="2026-08-25 00:27:22",79945,2495494,488082,2007412,650000,+0.0000,0.1800,+5.1,+137.3,+2.5567,NONE,STOPPED
="2026-08-25 00:27:23",79941,2283610,488082,1795528,650000,+0.0000,0.1800,-3.1,+129.9,+2.4953,NONE,STOPPED
="2026-08-25 00:27:24",79944,2276019,477300,1798718,650000,+0.0000,0.1800,-0.2,+132.8,+2.4427,NONE,STOPPED
="2026-08-25 00:27:25",79948,2266810,477300,1789510,650000,+0.0000,0.1800,+6.1,+138.5,+2.3987,NONE,STOPPED
="2026-08-25 00:27:26",79950,2287388,497836,1789551,650000,+0.0000,0.1800,+5.0,+140.0,+2.3528,NONE,STOPPED
="2026-08-25 00:27:27",79954,2367215,513846,1853368,650000,+0.0000,0.1800,+9.3,+144.3,+2.3172,NONE,STOPPED
="2026-08-25 00:27:28",79954,2453326,528849,1924476,650000,+0.0000,0.1800,+12.5,+144.3,+2.3082,NONE,STOPPED
="2026-08-25 00:27:29",79946,2545527,621007,1924520,650000,+0.0000,0.1800,+2.0,+136.8,+2.2637,NONE,STOPPED
="2026-08-25 00:27:30",79952,2532775,650181,1882593,650000,+0.0000,0.1800,+4.1,+136.5,+2.1970,NONE,STOPPED
="2026-08-25 00:27:31",79963,2545921,665159,1880761,650000,+0.0000,0.1800,+13.2,+147.2,+2.1709,NONE,STOPPED
="2026-08-25 00:27:32",79978,2599635,665159,1934475,650000,+0.0000,0.1800,+24.7,+162.9,+2.1979,NONE,STOPPED
="2026-08-25 00:27:33",79985,2650762,659524,1991237,650000,+0.0000,0.1800,+11.9,+175.9,+2.2384,NONE,STOPPED
="2026-08-25 00:27:34",79978,2650812,659524,1991288,650000,+0.0000,0.1800,+31.2,+163.2,+2.2292,NONE,STOPPED
="2026-08-25 00:27:35",79974,2634952,671153,1963799,650000,+0.0000,0.1800,+21.4,+152.0,+2.1968,NONE,STOPPED
="2026-08-25 00:27:36",79972,2658943,671153,1987790,650000,+0.0000,0.1800,+8.8,+144.8,+2.1529,NONE,STOPPED
="2026-08-25 00:27:37",79970,2736281,671153,2065127,650000,+0.0000,0.1800,-9.0,+128.0,+2.0976,NONE,STOPPED
="2026-08-25 00:27:38",79956,2760269,671153,2089116,650000,+0.0000,0.1800,-29.4,+78.4,+1.9938,NONE,STOPPED
="2026-08-25 00:27:39",79956,2648321,669076,1979245,650000,+0.0000,0.1800,-22.0,+72.3,+1.9102,NONE,STOPPED
="2026-08-25 00:27:40",79946,2679897,700630,1979266,650000,+0.0000,0.1800,-27.2,+64.3,+1.7943,NONE,STOPPED
="2026-08-25 00:27:41",79953,2763061,783775,1979285,650000,+0.0000,0.1800,-18.7,+70.9,+1.7071,NONE,STOPPED
="2026-08-25 00:27:42",79953,2759402,783775,1975627,650000,+0.0000,0.1800,-18.7,+70.9,+1.7071,NONE,STOPPED
="2026-08-25 00:27:43",79965,2764104,783775,1980329,650000,+0.0000,0.1800,+8.5,+99.1,+1.6089,NONE,STOPPED
="2026-08-25 00:27:44",79965,2764134,783775,1980358,650000,+0.0000,0.1800,+9.0,+99.7,+1.5542,NONE,STOPPED
="2026-08-25 00:27:45",79965,2667796,728516,1939279,650000,+0.0000,0.1800,+9.0,+99.7,+1.5542,NONE,STOPPED
="2026-08-25 00:27:46",79965,2667825,728516,1939309,650000,+0.0000,0.1800,+11.7,+117.1,+1.4298,NONE,STOPPED
="2026-08-25 00:27:47",79965,2678455,728516,1949939,650000,+0.0000,0.1800,+4.1,+117.1,+1.3579,NONE,STOPPED
="2026-08-25 00:27:48",79960,2678490,728516,1949973,650000,+0.0000,0.1800,-4.7,+106.8,+1.2666,NONE,STOPPED
="2026-08-25 00:27:49",79960,2732477,728516,2003961,650000,+0.0000,0.1800,-4.7,+106.7,+1.1795,NONE,STOPPED
="2026-08-25 00:27:50",79946,2732505,728516,2003989,650000,+0.0000,0.1800,-18.3,+88.8,+1.0405,NONE,STOPPED
="2026-08-25 00:27:51",79946,2732165,704192,2027973,650000,+0.0000,0.1800,-18.3,+88.8,+0.9106,NONE,STOPPED
="2026-08-25 00:27:52",79956,2720652,704192,2016460,650000,+0.0000,0.1800,-9.0,+94.0,+0.8226,NONE,STOPPED
="2026-08-25 00:27:53",79956,2720681,704192,2016489,650000,+0.0000,0.1800,-4.3,+86.0,+0.7391,NONE,STOPPED
="2026-08-25 00:27:54",79956,2744668,704192,2040475,650000,+0.0000,0.1800,-4.3,+76.0,+0.6623,NONE,STOPPED
="2026-08-25 00:27:55",79956,2747424,704192,2043232,650000,+0.0000,0.1800,+9.2,+76.0,+0.5936,NONE,STOPPED
="2026-08-25 00:27:56",79966,2780807,704192,2076615,650000,+0.0000,0.1800,+19.2,+56.0,+0.5656,NONE,STOPPED
="2026-08-25 00:27:57",79970,2513744,647181,1866562,650000,+0.0000,0.1800,+14.0,+60.0,+0.5820,NONE,STOPPED
="2026-08-25 00:27:58",79968,2523754,647181,1876572,650000,+0.0000,0.1800,+12.7,+48.7,+0.5698,NONE,STOPPED
="2026-08-25 00:27:59",79966,2500728,604668,1896060,650000,+0.0000,0.1800,+10.1,+46.1,+0.5573,NONE,STOPPED
="2026-08-25 00:28:00",79966,2500740,604668,1896072,650000,+0.0000,0.1800,+10.1,+46.1,+0.5573,NONE,STOPPED
="2026-08-25 00:28:01",79965,2500361,604668,1895692,650000,+0.0000,0.1800,-1.0,+68.4,+0.5008,NONE,STOPPED
="2026-08-25 00:28:02",79956,2484398,604668,1879729,650000,+0.0000,0.1800,-13.6,+59.8,+0.4332,NONE,STOPPED
="2026-08-25 00:28:03",79959,2505790,555578,1950212,650000,+0.0000,0.1800,-8.8,+56.0,+0.3820,NONE,STOPPED
="2026-08-25 00:28:04",79959,2950714,555578,2395135,650000,+0.0000,0.1800,-6.2,+48.1,+0.3364,NONE,STOPPED
="2026-08-25 00:28:05",79959,2767827,348703,2419123,650000,+0.0000,0.1800,-1.5,+45.1,+0.2966,NONE,STOPPED
="2026-08-25 00:28:06",79953,2767839,348703,2419136,650000,+0.0000,0.1800,-11.7,+23.3,+0.2339,NONE,STOPPED
="2026-08-25 00:28:07",79946,2791824,348703,2443121,650000,+0.0000,0.1800,-9.6,+16.8,+0.1583,NONE,STOPPED
="2026-08-25 00:28:08",79946,2804351,348703,2455648,650000,+0.0000,0.1800,-13.2,+16.8,+0.0885,NONE,STOPPED
="2026-08-25 00:28:09",79936,2827972,372322,2455650,650000,+0.0000,0.1800,-23.4,+6.5,-0.0161,NONE,STOPPED
="2026-08-25 00:28:10",79929,2853823,398172,2455651,650000,+0.0000,0.1800,-29.9,-1.0,-0.1370,NONE,STOPPED
="2026-08-25 00:28:11",79940,2847022,398172,2448850,650000,+0.0000,0.1800,-12.6,+6.7,-0.2047,NONE,STOPPED
="2026-08-25 00:28:12",79944,2823043,398172,2424870,650000,+0.0000,0.1800,-2.2,+10.5,-0.2496,NONE,STOPPED
="2026-08-25 00:28:13",79943,2823046,398172,2424874,650000,+0.0000,0.1800,-3.5,+3.3,-0.2955,NONE,STOPPED
="2026-08-25 00:28:14",79943,2891853,443000,2448853,650000,+0.0000,0.1800,-3.5,+3.3,-0.2955,NONE,STOPPED
="2026-08-25 00:28:15",79926,2891849,443000,2448848,650000,+0.0000,0.1800,-4.0,-19.0,-0.4949,NONE,STOPPED
="2026-08-25 00:28:16",79923,2915827,443000,2472826,650000,+0.0000,0.1800,-17.7,-22.0,-0.5880,NONE,STOPPED
="2026-08-25 00:28:17",79912,2958589,485768,2472820,650000,+0.0000,0.1800,-32.0,-32.5,-0.7118,NONE,STOPPED
="2026-08-25 00:28:18",79889,2958576,485768,2472807,650000,+0.0000,0.1800,-54.1,-55.8,-0.9123,NONE,STOPPED
="2026-08-25 00:28:19",79900,2993738,485768,2507969,650000,+0.0000,0.1800,-26.0,-42.4,-1.0489,NONE,STOPPED
="2026-08-25 00:28:20",79901,2985043,485768,2499274,650000,+0.0000,0.1800,-24.1,-43.0,-1.1636,NONE,STOPPED
="2026-08-25 00:28:21",79910,2961060,485768,2475291,650000,+0.0000,0.1800,-13.0,-35.0,-1.2312,NONE,STOPPED
="2026-08-25 00:28:22",79888,2806984,522209,2284774,650000,+0.0000,0.1800,-24.5,-53.8,-1.3745,NONE,STOPPED
="2026-08-25 00:28:23",79872,2958715,631054,2327661,650000,+0.0000,0.1800,-17.2,-72.8,-1.5641,NONE,STOPPED
="2026-08-25 00:28:24",79872,2963901,631054,2332847,650000,+0.0000,0.1800,-28.0,-76.5,-1.7292,NONE,STOPPED
="2026-08-25 00:28:25",79872,2991000,631054,2359946,650000,+0.0000,0.1800,-29.9,-78.0,-1.8710,NONE,STOPPED
="2026-08-25 00:28:26",79880,2970440,610517,2359922,650000,+0.0000,0.1800,-29.1,-73.4,-1.9576,NONE,STOPPED
="2026-08-25 00:28:27",79882,2866671,594507,2272163,650000,+0.0000,0.1800,-6.0,-91.9,-2.0228,NONE,STOPPED
="2026-08-25 00:28:28",79882,2780581,579504,2201076,650000,+0.0000,0.1800,+10.0,-64.7,-2.0632,NONE,STOPPED
="2026-08-25 00:28:29",79887,2681147,487346,2193800,650000,+0.0000,0.1800,+15.9,-64.7,-2.0857,NONE,STOPPED
="2026-08-25 00:28:30",79900,2627989,458172,2169816,650000,+0.0000,0.1800,+28.3,-63.0,-2.0480,NONE,STOPPED
="2026-08-25 00:28:31",79900,2603006,443194,2159811,650000,+0.0000,0.1800,+28.3,-63.0,-2.0480,NONE,STOPPED
="2026-08-25 00:28:32",79914,2714311,608185,2106126,650000,+0.0000,0.1800,+31.9,-71.9,-1.8458,NONE,STOPPED
="2026-08-25 00:28:33",79913,2643004,593611,2049393,650000,+0.0000,0.1800,+32.0,-64.0,-1.7368,NONE,STOPPED
="2026-08-25 00:28:34",79913,2655771,606397,2049373,650000,+0.0000,0.1800,+32.0,-64.0,-1.7368,NONE,STOPPED
="2026-08-25 00:28:35",79945,2662636,620351,2042284,650000,+0.0000,0.1800,+45.7,-26.0,-1.3428,NONE,STOPPED
="2026-08-25 00:28:36",79947,2657757,620351,2037405,650000,+0.0000,0.1800,+35.6,-22.0,-1.1391,NONE,STOPPED
="2026-08-25 00:28:37",79945,2789764,829660,1960103,650000,+0.0000,0.1800,+32.0,-10.6,-0.9591,NONE,STOPPED
="2026-08-25 00:28:38",79936,2789759,829660,1960098,650000,+0.0000,0.1800,+22.2,-19.8,-0.8383,NONE,STOPPED
="2026-08-25 00:28:39",79936,2769810,809717,1960092,650000,+0.0000,0.1800,+1.2,-10.8,-0.7267,NONE,STOPPED
="2026-08-25 00:28:40",79942,2724387,778163,1946224,650000,+0.0000,0.1800,-4.0,-11.3,-0.6049,NONE,STOPPED
="2026-08-25 00:28:41",79942,2641241,695019,1946222,650000,+0.0000,0.1800,-6.0,-18.9,-0.4884,NONE,STOPPED
="2026-08-25 00:28:42",79912,3209194,1259295,1949899,650000,+0.0000,0.1800,-33.6,-52.6,-0.4912,NONE,STOPPED
="2026-08-25 00:28:43",79927,3206110,1284878,1921232,650000,+0.0000,0.1800,-8.4,-37.2,-0.4284,NONE,STOPPED
="2026-08-25 00:28:44",79935,3182121,1284878,1897243,650000,+0.0000,0.1800,-0.2,-29.2,-0.3376,NONE,STOPPED
="2026-08-25 00:28:45",79935,3182112,1284878,1897234,650000,+0.0000,0.1800,-6.2,-29.2,-0.2529,NONE,STOPPED
="2026-08-25 00:28:46",79943,3214960,1284878,1930081,650000,+0.0000,0.1800,+2.0,-21.1,-0.1422,NONE,STOPPED
="2026-08-25 00:28:47",79950,3204359,1284878,1919481,650000,+0.0000,0.1800,+37.6,-10.3,-0.0167,NONE,STOPPED
="2026-08-25 00:28:48",79949,3204355,1284878,1919477,650000,+0.0000,0.1800,+22.2,-10.3,+0.0955,NONE,STOPPED
="2026-08-25 00:28:49",79938,3635518,1304821,2330697,650000,+0.0000,0.1800,+2.7,-8.3,+0.1531,NONE,STOPPED
="2026-08-25 00:28:50",79960,5744569,1446758,4297811,650000,+0.0000,0.1800,+24.2,+13.2,+0.2818,NONE,STOPPED
="2026-08-25 00:28:51",79960,5744573,1446758,4297815,650000,+0.0000,0.1800,+16.0,+4.0,+0.3980,NONE,STOPPED
="2026-08-25 00:28:52",79960,5756117,1446758,4309359,650000,+0.0000,0.1800,+10.0,+4.0,+0.5082,NONE,STOPPED
="2026-08-25 00:28:53",79960,5773645,1464285,4309360,650000,+0.0000,0.1800,+10.0,+4.0,+0.6076,NONE,STOPPED
="2026-08-25 00:28:54",79960,5773647,1464285,4309361,650000,+0.0000,0.1800,+21.5,+4.0,+0.6967,NONE,STOPPED
="2026-08-25 00:28:55",79962,5773648,1464285,4309363,650000,+0.0000,0.1800,+2.0,-4.0,+0.7842,NONE,STOPPED
="2026-08-25 00:28:56",79969,5716301,1464285,4252016,650000,+0.0000,0.1800,+9.3,-0.7,+0.8967,NONE,STOPPED
="2026-08-25 00:28:57",79976,5730244,1464285,4265959,650000,+0.0000,0.1800,+17.0,+8.2,+1.0294,NONE,STOPPED
="2026-08-25 00:28:58",79972,5727513,1464285,4263228,650000,+0.0000,0.1800,+12.2,+6.0,+1.1287,NONE,STOPPED
="2026-08-25 00:28:59",79950,5792119,1548363,4243756,650000,+0.0000,0.1800,-10.0,-11.4,+1.1288,NONE,STOPPED
="2026-08-25 00:29:00",79950,5792116,1548363,4243753,650000,+0.0000,0.1800,-12.0,-15.0,+1.1245,NONE,STOPPED
="2026-08-25 00:29:01",79948,5792505,1548363,4244142,650000,+0.0000,0.1800,-21.3,-8.4,+1.1130,NONE,STOPPED
="2026-08-25 00:29:02",79946,5792501,1548363,4244138,650000,+0.0000,0.1800,-31.0,-13.9,+1.0880,NONE,STOPPED
="2026-08-25 00:29:03",79942,5722033,1548363,4173670,650000,+0.0000,0.1800,-30.0,-17.8,+1.0506,NONE,STOPPED
="2026-08-25 00:29:04",79942,5540313,1655277,3885035,650000,+0.0000,0.1800,-7.8,-17.8,+1.0903,NONE,STOPPED
="2026-08-25 00:29:05",79987,5830615,1655277,4175337,650000,+0.0000,0.1800,+38.0,+34.7,+1.2852,NONE,STOPPED
="2026-08-25 00:29:06",79987,5830625,1655277,4175348,650000,+0.0000,0.1800,+40.0,+41.2,+1.3964,NONE,STOPPED
="2026-08-25 00:29:07",79988,5830637,1655277,4175360,650000,+0.0000,0.1800,+43.0,+42.2,+1.4934,NONE,STOPPED
="2026-08-25 00:29:08",79988,5818128,1655277,4162850,650000,+0.0000,0.1800,+43.0,+42.2,+1.5400,NONE,STOPPED
="2026-08-25 00:29:09",79971,5823292,1660426,4162866,650000,+0.0000,0.1800,-6.9,+41.1,+1.5728,NONE,STOPPED
="2026-08-25 00:29:10",79954,5910299,1747420,4162878,650000,+0.0000,0.1800,-33.1,+14.2,+1.4970,NONE,STOPPED
="2026-08-25 00:29:11",79959,6038559,1747420,4291138,650000,+0.0000,0.1800,-28.7,+14.8,+1.4477,NONE,STOPPED
="2026-08-25 00:29:12",79959,6062546,1747420,4315126,650000,+0.0000,0.1800,-29.6,+16.1,+1.4014,NONE,STOPPED
="2026-08-25 00:29:13",79940,6062545,1747420,4315124,650000,+0.0000,0.1800,-49.0,+14.0,+1.2797,NONE,STOPPED
="2026-08-25 00:29:14",79940,6017722,1702592,4315129,650000,+0.0000,0.1800,-31.1,+14.0,+1.2797,NONE,STOPPED
="2026-08-25 00:29:15",79940,6028016,1712880,4315136,650000,+0.0000,0.1800,-14.8,+17.0,+1.0680,NONE,STOPPED
="2026-08-25 00:29:16",79940,6028021,1712880,4315140,650000,+0.0000,0.1800,-19.3,+27.6,+0.9549,NONE,STOPPED
="2026-08-25 00:29:17",79922,6031710,1716565,4315145,650000,+0.0000,0.1800,-37.3,+32.8,+0.7727,NONE,STOPPED
="2026-08-25 00:29:18",79922,6046823,1731672,4315150,650000,+0.0000,0.1800,-18.0,+22.0,+0.5904,NONE,STOPPED
="2026-08-25 00:29:19",79937,6011659,1731672,4279987,650000,+0.0000,0.1800,-10.5,+35.6,+0.4885,NONE,STOPPED
="2026-08-25 00:29:20",79908,6194356,1862232,4332124,650000,+0.0000,0.1800,-31.4,-1.4,+0.2819,NONE,STOPPED
="2026-08-25 00:29:21",79908,6218329,1862232,4356097,650000,+0.0000,0.1800,-31.2,+20.8,+0.0983,NONE,STOPPED
="2026-08-25 00:29:22",79904,6194717,1838621,4356096,650000,+0.0000,0.1800,-18.0,+32.0,-0.1013,NONE,STOPPED
="2026-08-25 00:29:23",79904,6030145,1716947,4313198,650000,+0.0000,0.1800,-18.0,+32.0,-0.2935,NONE,STOPPED
="2026-08-25 00:29:24",79896,6075257,1736160,4339097,650000,+0.0000,0.1800,-41.5,+24.0,-0.5006,NONE,STOPPED
="2026-08-25 00:29:25",79895,6057391,1736160,4321231,650000,+0.0000,0.1800,-13.6,+14.1,-0.6930,NONE,STOPPED
="2026-08-25 00:29:26",79897,6057399,1736160,4321239,650000,+0.0000,0.1800,-11.1,+15.6,-0.8524,NONE,STOPPED
="2026-08-25 00:29:27",79901,6075598,1736160,4339438,650000,+0.0000,0.1800,-2.0,+20.0,-0.9792,NONE,STOPPED
="2026-08-25 00:29:28",79908,6064543,1736160,4328383,650000,+0.0000,0.1800,+4.8,+20.8,-1.0673,NONE,STOPPED
="2026-08-25 00:29:29",79904,6070851,1736160,4334691,650000,+0.0000,0.1800,+8.0,+3.7,-1.1614,NONE,STOPPED
="2026-08-25 00:29:30",79902,6107606,1748944,4358661,650000,+0.0000,0.1800,+6.9,-10.4,-1.2458,NONE,STOPPED
="2026-08-25 00:29:31",79902,6107606,1748944,4358661,650000,+0.0000,0.1800,+6.9,-10.4,-1.2458,NONE,STOPPED
="2026-08-25 00:29:32",79922,5942617,1583953,4358664,650000,+0.0000,0.1800,+20.0,+8.0,-1.2222,NONE,STOPPED
="2026-08-25 00:29:33",79930,5970700,1625149,4345550,650000,+0.0000,0.1800,+22.2,-3.8,-1.1733,NONE,STOPPED
="2026-08-25 00:29:34",79930,5970277,1612363,4357913,650000,+0.0000,0.1800,+27.0,-15.0,-1.1144,NONE,STOPPED
="2026-08-25 00:29:35",79930,5958325,1586780,4371544,650000,+0.0000,0.1800,+29.0,-17.0,-1.0514,NONE,STOPPED
="2026-08-25 00:29:36",79931,5963192,1586780,4376411,650000,+0.0000,0.1800,+10.0,-14.0,-0.9862,NONE,STOPPED
="2026-08-25 00:29:37",79849,6519534,2077162,4442372,650000,+0.0000,0.1800,-72.3,-86.5,-1.2453,NONE,STOPPED
="2026-08-25 00:29:38",79832,6865418,2413100,4452317,650000,+0.0000,0.1800,-99.0,-104.0,-1.5501,NONE,STOPPED
="2026-08-25 00:29:39",79839,6887875,2413100,4474774,650000,+0.0000,0.1800,-92.0,-103.0,-1.7932,NONE,STOPPED
="2026-08-25 00:29:40",79845,6877759,2413100,4464658,650000,+0.0000,0.1800,-85.2,-96.2,-1.9771,NONE,STOPPED
="2026-08-25 00:29:41",79863,6877730,2413100,4464629,650000,+0.0000,0.1800,-68.0,-48.4,-2.0662,NONE,STOPPED
="2026-08-25 00:29:42",79855,6415416,1950810,4464606,650000,+0.0000,0.1800,+5.8,-72.3,-2.1910,NONE,STOPPED
="2026-08-25 00:29:43",79871,6416362,1951756,4464606,650000,+0.0000,0.1800,+39.3,-64.5,-2.2271,NONE,STOPPED
="2026-08-25 00:29:44",79871,6440323,1951756,4488567,650000,+0.0000,0.1800,+32.3,-64.5,-2.2484,NONE,STOPPED
="2026-08-25 00:29:45",79871,6440305,1951756,4488549,650000,+0.0000,0.1800,+25.5,-72.7,-2.2891,NONE,STOPPED
="2026-08-25 00:29:46",79871,6407429,1951756,4455673,650000,+0.0000,0.1800,+7.8,-78.2,-2.2373,NONE,STOPPED
="2026-08-25 00:29:47",79888,6401963,1951756,4450207,650000,+0.0000,0.1800,+32.5,-62.0,-2.1623,NONE,STOPPED
="2026-08-25 00:29:48",79888,6390596,1951756,4438840,650000,+0.0000,0.1800,+32.5,-62.0,-2.1623,NONE,STOPPED
="2026-08-25 00:29:49",79889,5929413,1931813,3997599,650000,+0.0000,0.1800,+18.4,-70.3,-1.9869,NONE,STOPPED
="2026-08-25 00:29:50",79888,3820344,1789876,2030468,650000,+0.0000,0.1800,+11.3,-71.6,-1.9069,NONE,STOPPED
="2026-08-25 00:29:51",79888,3820323,1789876,2030446,650000,+0.0000,0.1800,+16.2,-72.0,-1.8186,NONE,STOPPED
="2026-08-25 00:29:52",79880,4249790,1802658,2447131,650000,+0.0000,0.1800,-7.1,-79.1,-1.7783,NONE,STOPPED
="2026-08-25 00:29:53",79899,4208275,1785131,2423143,650000,+0.0000,0.1800,+4.8,-60.0,-1.6513,NONE,STOPPED
="2026-08-25 00:29:54",79900,4208257,1785131,2423125,650000,+0.0000,0.1800,+4.8,-60.0,-1.5277,NONE,STOPPED
="2026-08-25 00:29:55",79890,4225466,1813804,2411661,650000,+0.0000,0.1800,+1.6,-79.3,-1.4508,NONE,STOPPED
="2026-08-25 00:29:56",79900,4235471,1813804,2421666,650000,+0.0000,0.1800,+12.3,-76.7,-1.3286,NONE,STOPPED
="2026-08-25 00:29:57",79900,4214976,1813804,2401171,650000,+0.0000,0.1800,+12.3,-71.9,-1.3129,NONE,STOPPED
="2026-08-25 00:29:58",79905,4237664,1833781,2403883,650000,+0.0000,0.1800,+6.0,-44.0,-1.0513,NONE,STOPPED
="2026-08-25 00:29:59",79905,4153566,1749703,2403863,650000,+0.0000,0.1800,+6.0,-44.0,-0.9382,NONE,STOPPED
="2026-08-25 00:30:00",79895,4153553,1749703,2403850,650000,+0.0000,0.1800,+5.9,-52.1,-0.8707,NONE,STOPPED
="2026-08-25 00:30:01",79893,4212428,1815938,2396489,650000,+0.0000,0.1800,-6.9,-52.6,-0.8162,NONE,STOPPED
="2026-08-25 00:30:02",79875,4406751,2010279,2396472,650000,+0.0000,0.1800,-30.0,-66.2,-0.8315,NONE,STOPPED
="2026-08-25 00:30:03",79839,4406723,2010279,2396443,650000,+0.0000,0.1800,-66.2,-138.2,-0.9840,NONE,STOPPED
="2026-08-25 00:30:04",79834,4167468,1903365,2264102,650000,+0.0000,0.1800,-72.0,-154.0,-1.1174,NONE,STOPPED
="2026-08-25 00:30:05",79826,3877128,1903365,1973762,650000,+0.0000,0.1800,-69.0,-161.1,-1.2525,NONE,STOPPED
="2026-08-25 00:30:06",79778,3937564,1969908,1967656,650000,+0.0000,0.1800,-115.3,-211.0,-1.5567,NONE,STOPPED
="2026-08-25 00:30:07",79796,4061385,1982672,2078712,650000,+0.0000,0.1800,-79.8,-192.9,-1.7514,NONE,STOPPED
="2026-08-25 00:30:08",79815,4105186,1982672,2122513,650000,+0.0000,0.1800,-60.5,-155.6,-1.8419,NONE,STOPPED
="2026-08-25 00:30:09",79827,4090649,1953905,2136744,650000,+0.0000,0.1800,-6.0,-126.9,-1.8758,NONE,STOPPED
="2026-08-25 00:30:10",79829,4136892,1970045,2166847,650000,+0.0000,0.1800,+2.7,-129.7,-1.9005,NONE,STOPPED
="2026-08-25 00:30:11",79840,4027158,1970045,2057113,650000,+0.0000,0.1800,+62.0,-119.4,-1.8709,NONE,STOPPED
="2026-08-25 00:30:12",79849,4027124,1970045,2057079,650000,+0.0000,0.1800,+53.9,-90.0,-1.7964,NONE,STOPPED
="2026-08-25 00:30:13",79847,4585813,2528762,2057051,650000,+0.0000,0.1800,+31.9,-100.6,-1.7423,NONE,STOPPED
="2026-08-25 00:30:14",79844,4585784,2528762,2057021,650000,+0.0000,0.1800,+16.8,-95.2,-1.6906,NONE,STOPPED
="2026-08-25 00:30:15",79852,5495140,2532876,2962263,650000,+0.0000,0.1800,+22.9,-87.5,-1.6108,NONE,STOPPED
="2026-08-25 00:30:16",79852,5495113,2532876,2962237,650000,+0.0000,0.1800,+12.5,-69.5,-1.5312,NONE,STOPPED
="2026-08-25 00:30:17",79852,5448634,2486423,2962211,650000,+0.0000,0.1800,+2.5,-69.5,-1.4627,NONE,STOPPED
="2026-08-25 00:30:18",79856,5433505,2471315,2962190,650000,+0.0000,0.1800,+9.3,-80.8,-1.3782,NONE,STOPPED
="2026-08-25 00:30:19",79857,5433481,2471315,2962166,650000,+0.0000,0.1800,+12.6,-51.2,-1.2833,NONE,STOPPED
="2026-08-25 00:30:20",79783,5600230,2681530,2918699,650000,+0.0000,0.1800,-68.9,-125.2,-1.4968,NONE,STOPPED
="2026-08-25 00:30:21",79777,6020011,2835013,3184997,650000,+0.0000,0.1800,-75.2,-126.7,-1.7066,NONE,STOPPED
="2026-08-25 00:30:22",79805,6100591,2912860,3187731,650000,+0.0000,0.1800,-46.7,-98.2,-1.7810,NONE,STOPPED
="2026-08-25 00:30:23",79810,6100864,2912860,3188004,650000,+0.0000,0.1800,-46.2,-85.5,-1.8230,NONE,STOPPED
="2026-08-25 00:30:24",79830,6116366,2893647,3222719,650000,+0.0000,0.1800,-27.4,-65.1,-1.7828,NONE,STOPPED
="2026-08-25 00:30:25",79840,6107975,2893647,3214328,650000,+0.0000,0.1800,-17.0,-57.2,-1.6997,NONE,STOPPED
="2026-08-25 00:30:26",79852,6101116,2893647,3207469,650000,+0.0000,0.1800,+74.9,-49.8,-1.5710,NONE,STOPPED
="2026-08-25 00:30:27",79852,6153346,2940121,3213225,650000,+0.0000,0.1800,+46.4,-56.5,-1.4458,NONE,STOPPED
="2026-08-25 00:30:28",79828,6164387,2940121,3224266,650000,+0.0000,0.1800,+22.2,-76.0,-1.4168,NONE,STOPPED
="2026-08-25 00:30:29",79833,6165318,2940121,3225197,650000,+0.0000,0.1800,+3.7,-68.3,-1.3647,NONE,STOPPED
="2026-08-25 00:30:30",79833,6152513,2927336,3225177,650000,+0.0000,0.1800,-6.5,-88.0,-1.3120,NONE,STOPPED
="2026-08-25 00:30:31",79812,6176462,2927336,3249125,650000,+0.0000,0.1800,-40.2,-110.0,-1.3448,NONE,STOPPED
="2026-08-25 00:30:32",79788,6176428,2927336,3249091,650000,+0.0000,0.1800,-64.0,-142.8,-1.4350,NONE,STOPPED
="2026-08-25 00:30:33",79824,6142767,2886140,3256627,650000,+0.0000,0.1800,-4.0,-107.0,-1.3760,NONE,STOPPED
="2026-08-25 00:30:34",79841,6121912,2886140,3235771,650000,+0.0000,0.1800,+7.7,-89.5,-1.2471,NONE,STOPPED
="2026-08-25 00:30:35",79841,6181394,2920801,3260592,650000,+0.0000,0.1800,+7.5,-90.5,-1.1233,NONE,STOPPED
="2026-08-25 00:30:36",79843,6193141,2932575,3260565,650000,+0.0000,0.1800,+32.0,-5.7,-0.9941,NONE,STOPPED
="2026-08-25 00:30:37",79864,5526943,2290348,3236594,650000,+0.0000,0.1800,+52.7,+32.7,-0.8402,NONE,STOPPED
="2026-08-25 00:30:38",79864,5093888,1907031,3186857,650000,+0.0000,0.1800,+40.9,+25.9,-0.7087,NONE,STOPPED
="2026-08-25 00:30:39",79865,5200879,2047599,3153279,650000,+0.0000,0.1800,+24.4,+20.0,-0.5807,NONE,STOPPED
="2026-08-25 00:30:40",79862,5224839,2047599,3177239,650000,+0.0000,0.1800,+20.7,-1.8,-0.4742,NONE,STOPPED
="2026-08-25 00:30:41",79856,5256439,2047599,3208839,650000,+0.0000,0.1800,+12.7,+1.2,-0.3869,NONE,STOPPED
="2026-08-25 00:30:42",79850,5235464,2026628,3208836,650000,+0.0000,0.1800,-14.2,-20.9,-0.3359,NONE,STOPPED
="2026-08-25 00:30:43",79850,5162059,1919084,3242974,650000,+0.0000,0.1800,-14.2,-20.9,-0.3359,NONE,STOPPED
="2026-08-25 00:30:44",79857,5162055,1919084,3242970,650000,+0.0000,0.1800,-7.9,-19.1,-0.1695,NONE,STOPPED
="2026-08-25 00:30:45",79841,5162048,1919084,3242963,650000,+0.0000,0.1800,-20.2,-29.8,-0.1545,NONE,STOPPED
="2026-08-25 00:30:46",79840,5162039,1919084,3242954,650000,+0.0000,0.1800,-16.7,-48.0,-0.1500,NONE,STOPPED
="2026-08-25 00:30:47",79832,5167470,1919084,3248385,650000,+0.0000,0.1800,-18.3,-63.1,-0.1653,NONE,STOPPED
="2026-08-25 00:30:48",79833,5178801,1919084,3259716,650000,+0.0000,0.1800,-24.0,-55.7,-0.1648,NONE,STOPPED
="2026-08-25 00:30:49",79836,5178785,1919084,3259700,650000,+0.0000,0.1800,-21.4,-51.8,-0.1547,NONE,STOPPED
="2026-08-25 00:30:50",79836,5178769,1919084,3259684,650000,+0.0000,0.1800,-5.4,-51.4,-0.1438,NONE,STOPPED
="2026-08-25 00:30:51",79837,5178612,1919084,3259527,650000,+0.0000,0.1800,-2.0,-42.9,-0.1263,NONE,STOPPED
="2026-08-25 00:30:52",79837,4749108,1906302,2842805,650000,+0.0000,0.1800,+5.9,-62.0,-0.1123,NONE,STOPPED
="2026-08-25 00:30:53",79841,4809899,1906302,2903596,650000,+0.0000,0.1800,+7.1,-58.9,-0.0737,NONE,STOPPED
="2026-08-25 00:30:54",79859,4811825,1906302,2905522,650000,+0.0000,0.1800,+23.3,-30.1,+0.0370,NONE,STOPPED
="2026-08-25 00:30:55",79860,4794585,1877629,2916956,650000,+0.0000,0.1800,+23.4,-40.3,+0.1339,NONE,STOPPED
="2026-08-25 00:30:56",79860,4808538,1877629,2930909,650000,+0.0000,0.1800,+22.0,-46.0,+0.2294,NONE,STOPPED
="2026-08-25 00:30:57",79862,4815059,1877629,2937430,650000,+0.0000,0.1800,+24.0,-44.0,+0.3290,NONE,STOPPED
="2026-08-25 00:30:58",79868,4782076,1857652,2924424,650000,+0.0000,0.1800,+27.4,-37.4,+0.4465,NONE,STOPPED
="2026-08-25 00:30:59",79870,4782065,1857652,2924412,650000,+0.0000,0.1800,+10.3,-25.7,+0.5603,NONE,STOPPED
="2026-08-25 00:31:00",79885,4801759,1857652,2944106,650000,+0.0000,0.1800,+26.0,-7.4,+0.7199,NONE,STOPPED
="2026-08-25 00:31:01",79888,4742866,1791417,2951448,650000,+0.0000,0.1800,+28.5,+12.5,+0.8725,NONE,STOPPED
="2026-08-25 00:31:02",79877,4575622,1624174,2951448,650000,+0.0000,0.1800,+15.4,+37.6,+0.9564,NONE,STOPPED
="2026-08-25 00:31:03",79880,4575631,1624174,2951456,650000,+0.0000,0.1800,+11.4,+46.0,+1.0190,NONE,STOPPED
="2026-08-25 00:31:04",79888,4565443,1624174,2941268,650000,+0.0000,0.1800,+18.5,+61.7,+1.1024,NONE,STOPPED
="2026-08-25 00:31:05",79900,4551431,1610335,2941096,650000,+0.0000,0.1800,+14.0,+122.0,+1.2138,NONE,STOPPED
="2026-08-25 00:31:06",79905,4480838,1557631,2923206,650000,+0.0000,0.1800,+16.7,+109.1,+1.3005,NONE,STOPPED
="2026-08-25 00:31:07",79907,4356992,1544866,2812125,650000,+0.0000,0.1800,+30.6,+92.5,+1.3936,NONE,STOPPED
="2026-08-25 00:31:08",79915,4313169,1544866,2768302,650000,+0.0000,0.1800,+35.9,+88.0,+1.5137,NONE,STOPPED
="2026-08-25 00:31:09",79916,4311575,1544866,2766708,650000,+0.0000,0.1800,+28.1,+87.0,+1.6265,NONE,STOPPED
="2026-08-25 00:31:10",79924,4151696,1415882,2735813,650000,+0.0000,0.1800,+24.0,+84.0,+1.7519,NONE,STOPPED
="2026-08-25 00:31:11",79926,4139969,1415882,2724087,650000,+0.0000,0.1800,+20.8,+76.0,+1.8728,NONE,STOPPED
="2026-08-25 00:31:12",79926,4137732,1415882,2721850,650000,+0.0000,0.1800,+18.6,+76.6,+1.9488,NONE,STOPPED
="2026-08-25 00:31:13",79926,3592086,870212,2721873,650000,+0.0000,0.1800,+10.6,+81.8,+2.0766,NONE,STOPPED
="2026-08-25 00:31:14",79926,3592109,870212,2721897,650000,+0.0000,0.1800,+9.9,+74.1,+2.1520,NONE,STOPPED
="2026-08-25 00:31:15",79926,2670457,855811,1814646,650000,+0.0000,0.1800,+9.9,+74.1,+2.1520,NONE,STOPPED
="2026-08-25 00:31:16",79916,2670480,855811,1814669,650000,+0.0000,0.1800,-9.3,+64.2,+2.2317,NONE,STOPPED
="2026-08-25 00:31:17",79910,2670497,855811,1814686,650000,+0.0000,0.1800,-15.7,+54.2,+2.2147,NONE,STOPPED
="2026-08-25 00:31:18",79910,2696086,881382,1814704,650000,+0.0000,0.1800,-15.7,+53.5,+2.1948,NONE,STOPPED
="2026-08-25 00:31:19",79924,2672129,881382,1790747,650000,+0.0000,0.1800,-2.6,+140.4,+2.2214,NONE,STOPPED
="2026-08-25 00:31:20",79924,2641609,850844,1790765,650000,+0.0000,0.1800,-2.6,+140.4,+2.2013,NONE,STOPPED
="2026-08-25 00:31:21",79924,2007686,495821,1511864,650000,+0.0000,0.1800,+7.3,+118.2,+2.1538,NONE,STOPPED
="2026-08-25 00:31:22",79926,1935664,417975,1517689,650000,+0.0000,0.1800,+15.1,+115.5,+2.1325,NONE,STOPPED
="2026-08-25 00:31:23",79930,1911420,417975,1493445,650000,+0.0000,0.1800,+19.2,+100.1,+2.1226,NONE,STOPPED
="2026-08-25 00:31:24",79932,1850825,417975,1432849,650000,+0.0000,0.1800,+8.0,+91.5,+2.1236,NONE,STOPPED
="2026-08-25 00:31:25",79936,1846452,417975,1428476,650000,+0.0000,0.1800,+13.0,+84.7,+2.1416,NONE,STOPPED
="2026-08-25 00:31:26",79934,1853323,417975,1435347,650000,+0.0000,0.1800,+10.4,+82.2,+2.1469,NONE,STOPPED
="2026-08-25 00:31:27",79920,1822089,386717,1435372,650000,+0.0000,0.1800,-5.4,+92.6,+2.0902,NONE,STOPPED
="2026-08-25 00:31:28",79920,1822115,386717,1435398,650000,+0.0000,0.1800,-9.6,+86.8,+2.0167,NONE,STOPPED
="2026-08-25 00:31:29",79928,1809504,386717,1422787,650000,+0.0000,0.1800,-3.7,+94.3,+1.9752,NONE,STOPPED
="2026-08-25 00:31:30",79928,1809533,386717,1422815,650000,+0.0000,0.1800,-8.7,+116.3,+1.9295,NONE,STOPPED
="2026-08-25 00:31:31",79929,1805826,386717,1419109,650000,+0.0000,0.1800,-4.4,+141.8,+1.8735,NONE,STOPPED
="2026-08-25 00:31:32",79929,1825045,405900,1419145,650000,+0.0000,0.1800,+9.4,+106.0,+1.7993,NONE,STOPPED
="2026-08-25 00:31:33",79933,1850484,405900,1444584,650000,+0.0000,0.1800,+13.2,+92.3,+1.7585,NONE,STOPPED
="2026-08-25 00:31:34",79940,1871485,405900,1465584,650000,+0.0000,0.1800,+11.7,+98.5,+1.7482,NONE,STOPPED
="2026-08-25 00:31:35",79943,1812006,371238,1440767,650000,+0.0000,0.1800,+15.1,+99.4,+1.7442,NONE,STOPPED
="2026-08-25 00:31:36",79940,2220670,359465,1861205,650000,+0.0000,0.1800,+10.2,+75.6,+1.7223,NONE,STOPPED
="2026-08-25 00:31:37",79940,2250556,349381,1901175,650000,+0.0000,0.1800,+10.2,+75.4,+1.7074,NONE,STOPPED
="2026-08-25 00:31:38",79938,2260264,385272,1874991,650000,+0.0000,0.1800,+4.3,+72.1,+1.6787,NONE,STOPPED
="2026-08-25 00:31:39",79937,2130817,244704,1886112,650000,+0.0000,0.1800,-2.6,+75.2,+1.6442,NONE,STOPPED
="2026-08-25 00:31:40",79937,2130838,244704,1886134,650000,+0.0000,0.1800,-6.0,+80.7,+1.6043,NONE,STOPPED
="2026-08-25 00:31:41",79937,2119249,244704,1874545,650000,+0.0000,0.1800,-2.9,+86.9,+1.5582,NONE,STOPPED
="2026-08-25 00:31:42",79943,2095294,244704,1850590,650000,+0.0000,0.1800,+3.1,+85.3,+1.5291,NONE,STOPPED
="2026-08-25 00:31:43",79943,2085139,244704,1840435,650000,+0.0000,0.1800,+5.3,+85.3,+1.5002,NONE,STOPPED
="2026-08-25 00:31:44",79934,2085165,244704,1840461,650000,+0.0000,0.1800,-2.7,+92.7,+1.4336,NONE,STOPPED
="2026-08-25 00:31:45",79943,2085192,244704,1840488,650000,+0.0000,0.1800,+6.0,+103.4,+1.3909,NONE,STOPPED
="2026-08-25 00:31:46",79943,2085222,244704,1840518,650000,+0.0000,0.1800,+6.0,+111.2,+1.3437,NONE,STOPPED
="2026-08-25 00:31:47",79949,2085258,244704,1840553,650000,+0.0000,0.1800,+6.1,+115.5,+1.3126,NONE,STOPPED
="2026-08-25 00:31:48",79950,2084634,244704,1839930,650000,+0.0000,0.1800,+6.7,+113.4,+1.2801,NONE,STOPPED
="2026-08-25 00:31:49",79952,2076971,244704,1832267,650000,+0.0000,0.1800,+17.6,+115.7,+1.2535,NONE,STOPPED
="2026-08-25 00:31:50",79952,2105262,272960,1832302,650000,+0.0000,0.1800,+8.9,+114.3,+1.2219,NONE,STOPPED
="2026-08-25 00:31:51",79964,2081452,272960,1808492,650000,+0.0000,0.1800,+21.7,+127.0,+1.2363,NONE,STOPPED
="2026-08-25 00:31:52",79974,2123872,272960,1850912,650000,+0.0000,0.1800,+24.5,+132.9,+1.2767,NONE,STOPPED
="2026-08-25 00:31:53",79954,2087070,272960,1814110,650000,+0.0000,0.1800,+4.0,+94.1,+1.2295,NONE,STOPPED
="2026-08-25 00:31:54",79956,2119784,311120,1808663,650000,+0.0000,0.1800,+3.8,+96.1,+1.1987,NONE,STOPPED
="2026-08-25 00:31:55",79958,2116214,311120,1805094,650000,+0.0000,0.1800,+6.7,+98.9,+1.1755,NONE,STOPPED
="2026-08-25 00:31:56",79986,2223069,311120,1911949,650000,+0.0000,0.1800,+22.0,+125.0,+1.2571,NONE,STOPPED
="2026-08-25 00:31:57",79988,2303710,311120,1992589,650000,+0.0000,0.1800,+15.0,+120.4,+1.3327,NONE,STOPPED
="2026-08-25 00:31:58",79989,2419926,351115,2068811,650000,+0.0000,0.1800,+35.0,+118.9,+1.3977,NONE,STOPPED
="2026-08-25 00:31:59",79989,2419963,351115,2068848,650000,+0.0000,0.1800,+33.9,+104.0,+1.4540,NONE,STOPPED
="2026-08-25 00:32:00",79990,2418612,351115,2067497,650000,+0.0000,0.1800,+31.1,+101.5,+1.5071,NONE,STOPPED
="2026-08-25 00:32:01",79990,2461061,351115,2109946,650000,+0.0000,0.1800,+3.0,+112.6,+1.5497,NONE,STOPPED
="2026-08-25 00:32:02",79990,2527177,398482,2128694,650000,+0.0000,0.1800,+2.0,+111.0,+1.5784,NONE,STOPPED
="2026-08-25 00:32:03",79991,2527211,398482,2128728,650000,+0.0000,0.1800,+2.0,+102.4,+1.5982,NONE,STOPPED
="2026-08-25 00:32:04",79977,2758797,619831,2138966,650000,+0.0000,0.1800,-12.6,+77.4,+1.5609,NONE,STOPPED
="2026-08-25 00:32:05",79982,2968664,829482,2139182,650000,+0.0000,0.1800,-7.9,+76.9,+1.5454,NONE,STOPPED
="2026-08-25 00:32:06",79990,3054078,829482,2224596,650000,+0.0000,0.1800,+0.0,+82.0,+1.5585,NONE,STOPPED
="2026-08-25 00:32:07",79990,3054103,829482,2224621,650000,+0.0000,0.1800,+1.0,+75.0,+1.5692,NONE,STOPPED
="2026-08-25 00:32:08",79990,3080203,829482,2250721,650000,+0.0000,0.1800,-0.0,+74.3,+1.5773,NONE,STOPPED
="2026-08-25 00:32:09",79993,3117465,829482,2287982,650000,+0.0000,0.1800,+16.5,+69.9,+1.5901,NONE,STOPPED
="2026-08-25 00:32:10",79982,8323502,1018692,7304810,650000,+0.0000,0.1800,-0.1,+56.0,+1.5535,NONE,STOPPED
="2026-08-25 00:32:11",79930,8874478,1158922,7715555,650000,+0.0000,0.1800,-59.0,+4.4,+1.3173,NONE,STOPPED
="2026-08-25 00:32:12",79921,8876738,1158922,7717815,650000,+0.0000,0.1800,-70.0,-5.6,+1.0606,NONE,STOPPED
="2026-08-25 00:32:13",79927,8862597,1168760,7693837,650000,+0.0000,0.1800,-63.5,+0.9,+0.8499,NONE,STOPPED
="2026-08-25 00:32:14",79951,8943277,1168760,7774517,650000,+0.0000,0.1800,-41.9,+25.4,+0.7512,NONE,STOPPED
="2026-08-25 00:32:15",79964,8960416,1168760,7791656,650000,+0.0000,0.1800,-17.7,+47.6,+0.7067,NONE,STOPPED
="2026-08-25 00:32:16",79964,8972183,1168760,7803422,650000,+0.0000,0.1800,+33.4,+53.4,+0.6573,NONE,STOPPED
="2026-08-25 00:32:17",79968,8975321,1168760,7806561,650000,+0.0000,0.1800,+47.0,+57.1,+0.6196,NONE,STOPPED
="2026-08-25 00:32:18",79959,9107921,1301342,7806578,650000,+0.0000,0.1800,+31.9,+35.4,+0.5481,NONE,STOPPED
="2026-08-25 00:32:19",79946,9131909,1301342,7830566,650000,+0.0000,0.1800,-5.9,+22.0,+0.4471,NONE,STOPPED
="2026-08-25 00:32:20",79927,9128660,1284095,7844565,650000,+0.0000,0.1800,-37.1,+3.2,+0.2584,NONE,STOPPED
="2026-08-25 00:32:21",79919,9112677,1268111,7844566,650000,+0.0000,0.1800,-44.7,-6.3,+0.0667,NONE,STOPPED
="2026-08-25 00:32:22",79916,9116727,1268111,7848616,650000,+0.0000,0.1800,-52.0,-14.1,-0.1211,NONE,STOPPED
="2026-08-25 00:32:23",79907,9162758,1290169,7872588,650000,+0.0000,0.1800,-51.4,-24.0,-0.3203,NONE,STOPPED
="2026-08-25 00:32:24",79902,9162750,1290169,7872580,650000,+0.0000,0.1800,-44.0,-35.0,-0.5225,NONE,STOPPED
="2026-08-25 00:32:25",79902,9175515,1290169,7885346,650000,+0.0000,0.1800,-44.0,-32.4,-0.5460,NONE,STOPPED
="2026-08-25 00:32:26",79888,9215452,1330116,7885335,650000,+0.0000,0.1800,-31.7,-32.6,-0.9179,NONE,STOPPED
="2026-08-25 00:32:27",79880,9200220,1314900,7885319,650000,+0.0000,0.1800,-35.6,-40.2,-1.1495,NONE,STOPPED
="2026-08-25 00:32:28",79900,9186260,1314900,7871360,650000,+0.0000,0.1800,-8.0,-28.3,-1.2803,NONE,STOPPED
="2026-08-25 00:32:29",79908,9200112,1324941,7875171,650000,+0.0000,0.1800,+6.8,-19.4,-1.3571,NONE,STOPPED
="2026-08-25 00:32:30",79916,9190713,1324941,7865771,650000,+0.0000,0.1800,+14.0,-14.0,-1.3957,NONE,STOPPED
="2026-08-25 00:32:31",79920,9170471,1324941,7845529,650000,+0.0000,0.1800,+32.6,-9.4,-1.4087,NONE,STOPPED
="2026-08-25 00:32:32",79922,9146856,1305758,7841098,650000,+0.0000,0.1800,+42.1,-11.3,-1.4099,NONE,STOPPED
="2026-08-25 00:32:33",79922,9577945,1715843,7862101,650000,+0.0000,0.1800,+22.4,-17.6,-1.4057,NONE,STOPPED
="2026-08-25 00:32:34",79922,9565439,1715843,7849595,650000,+0.0000,0.1800,+13.6,-20.9,-1.3946,NONE,STOPPED
="2026-08-25 00:32:35",79922,9565433,1715843,7849589,650000,+0.0000,0.1800,+6.4,-17.8,-1.3789,NONE,STOPPED
="2026-08-25 00:32:36",79922,9145019,1715843,7429175,650000,+0.0000,0.1800,+1.9,-17.8,-1.3629,NONE,STOPPED
="2026-08-25 00:32:37",79922,9146017,1715843,7430173,650000,+0.0000,0.1800,-0.0,-15.6,-1.3447,NONE,STOPPED
="2026-08-25 00:32:38",79929,9110123,1679952,7430171,650000,+0.0000,0.1800,+7.6,-7.4,-1.2967,NONE,STOPPED
="2026-08-25 00:32:39",79944,9173888,1679952,7493935,650000,+0.0000,0.1800,+21.6,+6.6,-1.1958,NONE,STOPPED
="2026-08-25 00:32:40",79948,9171774,1679952,7491822,650000,+0.0000,0.1800,+25.8,+10.9,-1.0851,NONE,STOPPED
="2026-08-25 00:32:41",79948,9151793,1679952,7471841,650000,+0.0000,0.1800,+25.8,+4.9,-0.9825,NONE,STOPPED
="2026-08-25 00:32:42",79939,9175777,1679952,7495824,650000,+0.0000,0.1800,+17.4,-3.5,-0.9162,NONE,STOPPED
="2026-08-25 00:32:43",79939,9175776,1679952,7495823,650000,+0.0000,0.1800,+9.9,+5.2,-0.8538,NONE,STOPPED
="2026-08-25 00:32:44",79952,9175540,1679952,7495588,650000,+0.0000,0.1800,+8.0,+8.6,-0.7531,NONE,STOPPED
="2026-08-25 00:32:45",79957,9151558,1679952,7471606,650000,+0.0000,0.1800,+9.4,+14.3,-0.6334,NONE,STOPPED
="2026-08-25 00:32:46",79943,9167917,1696311,7471606,650000,+0.0000,0.1800,-4.7,-5.9,-0.5781,NONE,STOPPED
="2026-08-25 00:32:47",79924,9167910,1696311,7471598,650000,+0.0000,0.1800,-15.8,-25.9,-0.5987,NONE,STOPPED
="2026-08-25 00:32:48",79924,9255662,1783413,7472248,650000,+0.0000,0.1800,-15.8,-28.2,-0.6148,NONE,STOPPED
="2026-08-25 00:32:49",79919,9251957,1783413,7468543,650000,+0.0000,0.1800,-32.8,-33.0,-0.6447,NONE,STOPPED
="2026-08-25 00:32:50",79920,9223691,1755158,7468533,650000,+0.0000,0.1800,-37.6,-45.0,-0.6664,NONE,STOPPED
="2026-08-25 00:32:51",79926,9223691,1755158,7468533,650000,+0.0000,0.1800,-16.8,-47.2,-0.6494,NONE,STOPPED
="2026-08-25 00:32:52",79926,9181298,1755158,7426140,650000,+0.0000,0.1800,+2.7,-27.2,-0.6256,NONE,STOPPED
="2026-08-25 00:32:53",79930,9261214,1835084,7426129,650000,+0.0000,0.1800,+5.9,-26.1,-0.6002,NONE,STOPPED
="2026-08-25 00:32:54",79930,9226584,1796924,7429659,650000,+0.0000,0.1800,+10.8,-28.9,-0.5733,NONE,STOPPED
="2026-08-25 00:32:55",79930,9230175,1796924,7433250,650000,+0.0000,0.1800,+10.1,-56.9,-0.5447,NONE,STOPPED
="2026-08-25 00:32:56",79930,9123340,1796924,7326416,650000,+0.0000,0.1800,+3.3,-58.9,-0.4993,NONE,STOPPED
="2026-08-25 00:32:57",79935,9045797,1796924,7248872,650000,+0.0000,0.1800,+8.4,-53.9,-0.4337,NONE,STOPPED
="2026-08-25 00:32:58",79935,8969880,1784214,7185665,650000,+0.0000,0.1800,+8.4,-53.9,-0.4337,NONE,STOPPED
="2026-08-25 00:32:59",79922,8969860,1784214,7185645,650000,+0.0000,0.1800,-7.6,-67.6,-0.3982,NONE,STOPPED
="2026-08-25 00:33:00",79922,8951522,1784214,7167307,650000,+0.0000,0.1800,-7.6,-67.6,-0.3801,NONE,STOPPED
="2026-08-25 00:33:01",79922,8909083,1784214,7124868,650000,+0.0000,0.1800,-7.6,-67.6,-0.3801,NONE,STOPPED
="2026-08-25 00:33:02",79925,8811632,1709748,7101884,650000,+0.0000,0.1800,-9.7,-65.6,-0.3276,NONE,STOPPED
="2026-08-25 00:33:03",79929,8787635,1709748,7077886,650000,+0.0000,0.1800,+5.2,-48.2,-0.2782,NONE,STOPPED
="2026-08-25 00:33:04",79921,8566268,1488400,7077868,650000,+0.0000,0.1800,-0.5,-60.2,-0.2666,NONE,STOPPED
="2026-08-25 00:33:05",79911,8461291,1383444,7077847,650000,+0.0000,0.1800,-10.8,-78.4,-0.2907,NONE,STOPPED
="2026-08-25 00:33:06",79914,8399851,1383444,7016406,650000,+0.0000,0.1800,-8.0,-77.0,-0.2951,NONE,STOPPED
="2026-08-25 00:33:07",79926,8424831,1408444,7016387,650000,+0.0000,0.1800,+0.6,-65.0,-0.2482,NONE,STOPPED
="2026-08-25 00:33:08",79926,8856807,1866516,6990290,650000,+0.0000,0.1800,-3.2,-67.9,-0.2022,NONE,STOPPED
="2026-08-25 00:33:09",79925,8806890,1866516,6940373,650000,+0.0000,0.1800,+4.0,-56.0,-0.1554,NONE,STOPPED
="2026-08-25 00:33:10",79929,3154291,1654588,1499703,650000,+0.0000,0.1800,+17.9,-1.4,-0.1031,NONE,STOPPED
="2026-08-25 00:33:11",79930,3036775,1537076,1499699,650000,+0.0000,0.1800,+16.0,+9.0,-0.0823,NONE,STOPPED
="2026-08-25 00:33:12",79934,3026965,1537076,1489888,650000,+0.0000,0.1800,+8.0,+13.0,-0.0487,NONE,STOPPED
="2026-08-25 00:33:13",79939,3004080,1514191,1489888,650000,+0.0000,0.1800,+13.9,-12.1,-0.0011,NONE,STOPPED
="2026-08-25 00:33:14",79956,2923404,1514191,1409212,650000,+0.0000,0.1800,+30.0,-8.3,+0.1239,NONE,STOPPED
="2026-08-25 00:33:15",79956,2908276,1514191,1394084,650000,+0.0000,0.1800,+26.4,-8.3,+0.1239,NONE,STOPPED
="2026-08-25 00:33:16",79955,2896518,1514191,1382327,650000,+0.0000,0.1800,+26.0,-12.0,+0.3552,NONE,STOPPED
="2026-08-25 00:33:17",79957,2887957,1514191,1373765,650000,+0.0000,0.1800,+23.6,-1.8,+0.4638,NONE,STOPPED
="2026-08-25 00:33:18",79957,2729800,1356037,1373762,650000,+0.0000,0.1800,+17.7,+11.6,+0.5571,NONE,STOPPED
="2026-08-25 00:33:19",79957,2750520,1376763,1373756,650000,+0.0000,0.1800,+1.6,+30.4,+0.6330,NONE,STOPPED
="2026-08-25 00:33:20",79961,2637079,1301298,1335781,650000,+0.0000,0.1800,+5.2,+41.5,+0.7027,NONE,STOPPED
="2026-08-25 00:33:21",79952,2637089,1301298,1335791,650000,+0.0000,0.1800,-3.5,+36.5,+0.7253,NONE,STOPPED
="2026-08-25 00:33:22",79952,2634416,1301298,1333118,650000,+0.0000,0.1800,-5.1,+44.5,+0.7409,NONE,STOPPED
="2026-08-25 00:33:23",79952,2612371,1279240,1333131,650000,+0.0000,0.1800,-5.1,+50.5,+0.7471,NONE,STOPPED
="2026-08-25 00:33:24",79952,2612386,1279240,1333146,650000,+0.0000,0.1800,-5.1,+50.5,+0.7459,NONE,STOPPED
="2026-08-25 00:33:25",79951,2612401,1279240,1333161,650000,+0.0000,0.1800,-9.2,+63.9,+0.7388,NONE,STOPPED
="2026-08-25 00:33:26",79951,2572469,1239293,1333176,650000,+0.0000,0.1800,-0.6,+71.5,+0.7204,NONE,STOPPED
="2026-08-25 00:33:27",79950,2572491,1239293,1333198,650000,+0.0000,0.1800,-2.5,+50.0,+0.6873,NONE,STOPPED
="2026-08-25 00:33:28",79947,2603097,1239293,1363804,650000,+0.0000,0.1800,-4.8,+38.9,+0.6561,NONE,STOPPED
="2026-08-25 00:33:29",79946,2601891,1229252,1372639,650000,+0.0000,0.1800,-6.0,+30.5,+0.6250,NONE,STOPPED
="2026-08-25 00:33:30",79946,2611297,1229252,1382045,650000,+0.0000,0.1800,-5.4,+26.0,+0.5981,NONE,STOPPED
="2026-08-25 00:33:31",79938,2635281,1229252,1406028,650000,+0.0000,0.1800,-13.3,+16.1,+0.5430,NONE,STOPPED
="2026-08-25 00:33:32",79938,2639715,1229252,1410462,650000,+0.0000,0.1800,-12.0,+15.6,+0.4898,NONE,STOPPED
="2026-08-25 00:33:33",79942,2188773,819166,1369606,650000,+0.0000,0.1800,-5.0,+20.3,+0.4582,NONE,STOPPED
="2026-08-25 00:33:34",79946,2177704,819166,1358538,650000,+0.0000,0.1800,+0.3,+24.3,+0.4433,NONE,STOPPED
="2026-08-25 00:33:35",79949,2177712,819166,1358545,650000,+0.0000,0.1800,+2.5,+26.6,+0.4365,NONE,STOPPED
="2026-08-25 00:33:36",79952,2153735,819166,1334569,650000,+0.0000,0.1800,+13.4,+29.6,+0.4399,NONE,STOPPED
="2026-08-25 00:33:37",79952,2153744,819166,1334577,650000,+0.0000,0.1800,+14.0,+22.0,+0.4410,NONE,STOPPED
="2026-08-25 00:33:38",79952,2136759,819166,1317592,650000,+0.0000,0.1800,+9.2,+8.0,+0.4444,NONE,STOPPED
="2026-08-25 00:33:39",79952,2072999,819166,1253833,650000,+0.0000,0.1800,+5.2,+3.8,+0.4542,NONE,STOPPED
="2026-08-25 00:33:40",79955,2102301,870336,1231965,650000,+0.0000,0.1800,+6.1,+6.9,+0.4766,NONE,STOPPED
="2026-08-25 00:33:41",79955,2102303,870336,1231967,650000,+0.0000,0.1800,+3.1,+15.3,+0.4957,NONE,STOPPED
="2026-08-25 00:33:42",79955,2102306,870336,1231970,650000,+0.0000,0.1800,+3.1,+15.3,+0.5068,NONE,STOPPED
="2026-08-25 00:33:43",79955,2102311,870336,1231974,650000,+0.0000,0.1800,+3.1,+3.1,+0.5153,NONE,STOPPED
="2026-08-25 00:33:44",79955,2182505,950291,1232213,650000,+0.0000,0.1800,+3.1,-2.5,+0.5287,NONE,STOPPED
="2026-08-25 00:33:45",79955,2246469,990268,1256200,650000,+0.0000,0.1800,-0.0,+11.6,+0.5430,NONE,STOPPED
="2026-08-25 00:33:46",79955,2230113,973909,1256203,650000,+0.0000,0.1800,+3.1,+31.0,+0.5467,NONE,STOPPED
="2026-08-25 00:33:47",79955,2390032,1133819,1256212,650000,+0.0000,0.1800,+3.1,+31.1,+0.5365,NONE,STOPPED
="2026-08-25 00:33:48",79955,2326926,1070704,1256222,650000,+0.0000,0.1800,+0.0,+35.9,+0.5249,NONE,STOPPED
="2026-08-25 00:33:49",79955,2338330,1070704,1267626,650000,+0.0000,0.1800,+0.0,+35.1,+0.5091,NONE,STOPPED
="2026-08-25 00:33:50",79955,2338341,1070704,1267637,650000,+0.0000,0.1800,+0.0,+28.4,+0.4925,NONE,STOPPED
="2026-08-25 00:33:51",79970,2559712,1084356,1475356,650000,+0.0000,0.1800,+14.9,+43.2,+0.5369,NONE,STOPPED
="2026-08-25 00:33:52",79970,2559725,1084356,1475369,650000,+0.0000,0.1800,+14.9,+40.0,+0.5746,NONE,STOPPED
="2026-08-25 00:33:53",79969,2479811,1004429,1475382,650000,+0.0000,0.1800,+14.9,+39.9,+0.6079,NONE,STOPPED
="2026-08-25 00:33:54",79969,2479823,1004429,1475394,650000,+0.0000,0.1800,+14.9,+39.9,+0.6354,NONE,STOPPED
="2026-08-25 00:33:55",79969,2479835,1004429,1475406,650000,+0.0000,0.1800,+14.9,+39.9,+0.6576,NONE,STOPPED
="2026-08-25 00:33:56",79950,2526055,1050637,1475417,650000,+0.0000,0.1800,-20.0,+14.9,+0.5971,NONE,STOPPED
="2026-08-25 00:33:57",79940,2522982,1050637,1472345,650000,+0.0000,0.1800,-30.0,+16.0,+0.5040,NONE,STOPPED
="2026-08-25 00:33:58",79940,2495698,1023352,1472346,650000,+0.0000,0.1800,-30.0,+17.6,+0.4112,NONE,STOPPED
="2026-08-25 00:33:59",79940,2495704,1023352,1472352,650000,+0.0000,0.1800,-29.6,+18.0,+0.3257,NONE,STOPPED
="2026-08-25 00:34:00",79940,2495709,1023352,1472357,650000,+0.0000,0.1800,-30.0,+18.0,+0.2447,NONE,STOPPED
="2026-08-25 00:34:01",79940,2495714,1023352,1472362,650000,+0.0000,0.1800,-10.0,+14.6,+0.1695,NONE,STOPPED
="2026-08-25 00:34:02",79938,2499965,1023352,1476613,650000,+0.0000,0.1800,-2.0,+8.8,+0.0941,NONE,STOPPED
="2026-08-25 00:34:03",79938,2523947,1023352,1500595,650000,+0.0000,0.1800,-2.0,+16.0,+0.0269,NONE,STOPPED
="2026-08-25 00:34:04",79938,2523949,1023352,1500597,650000,+0.0000,0.1800,-2.4,+26.4,-0.0391,NONE,STOPPED
="2026-08-25 00:34:05",79945,2412780,918657,1494122,650000,+0.0000,0.1800,+6.0,+32.0,-0.0752,NONE,STOPPED
="2026-08-25 00:34:06",79946,2412790,918657,1494133,650000,+0.0000,0.1800,+6.0,+20.0,-0.1078,NONE,STOPPED
="2026-08-25 00:34:07",79948,2387797,893657,1494140,650000,+0.0000,0.1800,+10.0,+22.0,-0.1235,NONE,STOPPED
="2026-08-25 00:34:08",79945,1929731,435584,1494146,650000,+0.0000,0.1800,+7.3,+19.3,-0.1490,NONE,STOPPED
="2026-08-25 00:34:09",79942,1929736,435584,1494151,650000,+0.0000,0.1800,+4.0,+12.4,-0.1856,NONE,STOPPED
="2026-08-25 00:34:10",79942,1943621,435584,1508037,650000,+0.0000,0.1800,-4.0,+12.0,-0.2171,NONE,STOPPED
="2026-08-25 00:34:11",79942,1943625,435584,1508040,650000,+0.0000,0.1800,-4.0,+8.0,-0.2455,NONE,STOPPED
="2026-08-25 00:34:12",79942,1953442,435584,1517857,650000,+0.0000,0.1800,-5.5,+2.6,-0.2671,NONE,STOPPED
="2026-08-25 00:34:13",79948,1953442,435584,1517857,650000,+0.0000,0.1800,+3.0,-7.7,-0.2605,NONE,STOPPED
="2026-08-25 00:34:14",79947,2037432,519572,1517859,650000,+0.0000,0.1800,+5.0,-9.0,-0.2494,NONE,STOPPED
="2026-08-25 00:34:15",79934,2062431,544575,1517856,650000,+0.0000,0.1800,-7.1,-21.1,-0.2858,NONE,STOPPED
="2026-08-25 00:34:16",79934,2081122,544575,1536547,650000,+0.0000,0.1800,-7.1,-22.7,-0.3175,NONE,STOPPED
="2026-08-25 00:34:17",79934,2086552,544575,1541977,650000,+0.0000,0.1800,-7.6,-22.7,-0.3439,NONE,STOPPED
="2026-08-25 00:34:18",79934,2086545,544575,1541970,650000,+0.0000,0.1800,-13.4,-22.8,-0.3663,NONE,STOPPED
="2026-08-25 00:34:19",79931,2065817,523849,1541968,650000,+0.0000,0.1800,-15.9,-30.1,-0.3998,NONE,STOPPED
="2026-08-25 00:34:20",79924,2089795,523849,1565946,650000,+0.0000,0.1800,-10.2,-27.9,-0.4514,NONE,STOPPED
="2026-08-25 00:34:21",79920,2089783,523849,1565934,650000,+0.0000,0.1800,-14.5,-32.2,-0.5179,NONE,STOPPED
="2026-08-25 00:34:22",79920,2092457,523849,1568607,650000,+0.0000,0.1800,-14.5,-32.2,-0.5761,NONE,STOPPED
="2026-08-25 00:34:23",79920,2092447,523849,1568598,650000,+0.0000,0.1800,-14.9,-32.5,-0.6281,NONE,STOPPED
="2026-08-25 00:34:24",79908,2092435,523849,1568586,650000,+0.0000,0.1800,-23.1,-43.9,-0.7196,NONE,STOPPED
="2026-08-25 00:34:25",79904,2092420,523849,1568571,650000,+0.0000,0.1800,-20.6,-47.9,-0.8156,NONE,STOPPED
="2026-08-25 00:34:26",79901,2092406,523849,1568557,650000,+0.0000,0.1800,-19.1,-48.8,-0.9103,NONE,STOPPED
="2026-08-25 00:34:27",79901,2092391,523849,1568541,650000,+0.0000,0.1800,-19.1,-46.5,-0.9939,NONE,STOPPED
="2026-08-25 00:34:28",79902,2075738,523849,1551889,650000,+0.0000,0.1800,-17.5,-44.0,-1.0626,NONE,STOPPED
="2026-08-25 00:34:29",79901,2131364,586981,1544382,650000,+0.0000,0.1800,-6.8,-45.3,-1.1268,NONE,STOPPED
="2026-08-25 00:34:30",79901,2161282,616913,1544368,650000,+0.0000,0.1800,-2.8,-37.4,-1.1812,NONE,STOPPED
="2026-08-25 00:34:31",79905,2153278,632893,1520384,650000,+0.0000,0.1800,+4.6,-32.2,-1.2136,NONE,STOPPED
="2026-08-25 00:34:32",79905,2233168,632893,1600274,650000,+0.0000,0.1800,+4.6,-37.0,-1.2397,NONE,STOPPED
="2026-08-25 00:34:33",79906,2243193,642929,1600264,650000,+0.0000,0.1800,+4.8,-36.8,-1.2341,NONE,STOPPED
="2026-08-25 00:34:34",79912,2230285,642929,1587356,650000,+0.0000,0.1800,+10.8,-37.0,-1.2408,NONE,STOPPED
="2026-08-25 00:34:35",79876,2780388,1193172,1587216,650000,+0.0000,0.1800,-25.2,-76.0,-1.3619,NONE,STOPPED
="2026-08-25 00:34:36",79865,2804350,1193172,1611177,650000,+0.0000,0.1800,-40.0,-86.2,-1.5042,NONE,STOPPED
="2026-08-25 00:34:37",79862,2822435,1211284,1611150,650000,+0.0000,0.1800,-43.8,-90.0,-1.6422,NONE,STOPPED
="2026-08-25 00:34:38",79857,2823451,1236286,1587165,650000,+0.0000,0.1800,-48.8,-94.9,-1.7799,NONE,STOPPED
="2026-08-25 00:34:39",79854,2823423,1236286,1587136,650000,+0.0000,0.1800,-57.8,-100.9,-1.9093,NONE,STOPPED
="2026-08-25 00:34:40",79852,2796209,1185116,1611093,650000,+0.0000,0.1800,-23.8,-102.9,-2.0253,NONE,STOPPED
="2026-08-25 00:34:41",79857,2772223,1185116,1587106,650000,+0.0000,0.1800,-8.5,-97.8,-2.1027,NONE,STOPPED
="2026-08-25 00:34:42",79858,2772194,1185116,1587077,650000,+0.0000,0.1800,-4.0,-97.1,-2.1625,NONE,STOPPED
="2026-08-25 00:34:43",79868,2772168,1185116,1587051,650000,+0.0000,0.1800,+10.8,-87.1,-2.1697,NONE,STOPPED
="2026-08-25 00:34:44",79858,2719242,1132217,1587025,650000,+0.0000,0.1800,+3.8,-97.1,-2.2072,NONE,STOPPED
="2026-08-25 00:34:45",79856,2679236,1092239,1586996,650000,+0.0000,0.1800,+4.7,-98.2,-2.2372,NONE,STOPPED
="2026-08-25 00:34:46",79854,2519296,932329,1586966,650000,+0.0000,0.1800,-3.0,-100.8,-2.2658,NONE,STOPPED
="2026-08-25 00:34:47",79811,2642768,1031813,1610955,650000,+0.0000,0.1800,-47.0,-144.1,-2.4518,NONE,STOPPED
="2026-08-25 00:34:48",79800,2962919,1352010,1610908,650000,+0.0000,0.1800,-68.0,-155.1,-2.6533,NONE,STOPPED
="2026-08-25 00:34:49",79790,3632200,1805081,1827118,650000,+0.0000,0.1800,-68.0,-165.1,-2.8642,NONE,STOPPED
="2026-08-25 00:34:50",79795,3633416,1816385,1817030,650000,+0.0000,0.1800,-60.9,-174.0,-3.0206,NONE,STOPPED
="2026-08-25 00:34:51",79795,3435983,1802733,1633250,650000,+0.0000,0.1800,-58.4,-174.0,-3.1414,NONE,STOPPED
="2026-08-25 00:34:52",79771,5017803,3384606,1633196,650000,+0.0000,0.1800,-39.7,-198.7,-3.3341,NONE,STOPPED
="2026-08-25 00:34:53",79773,5017743,3384606,1633137,650000,+0.0000,0.1800,-26.1,-196.1,-3.4849,NONE,STOPPED
="2026-08-25 00:34:54",79785,5033087,3400009,1633078,650000,+0.0000,0.1800,-4.0,-184.0,-3.5600,NONE,STOPPED
="2026-08-25 00:34:55",79785,5033032,3400009,1633023,650000,+0.0000,0.1800,-10.0,-164.0,-3.6137,NONE,STOPPED
="2026-08-25 00:34:56",79798,4973553,3353801,1619751,650000,+0.0000,0.1800,+2.0,-142.0,-3.6132,NONE,STOPPED
="2026-08-25 00:34:57",79806,4970039,3353801,1616237,650000,+0.0000,0.1800,+34.7,-134.0,-3.5740,NONE,STOPPED
="2026-08-25 00:34:58",79800,4956062,3353801,1602260,650000,+0.0000,0.1800,+26.1,-140.4,-3.5489,NONE,STOPPED
="2026-08-25 00:34:59",79809,4956020,3353801,1602218,650000,+0.0000,0.1800,+23.9,-130.1,-3.4743,NONE,STOPPED
="2026-08-25 00:35:00",79814,4967457,3353801,1613655,650000,+0.0000,0.1800,+28.0,-126.0,-3.3780,NONE,STOPPED
="2026-08-25 00:35:01",79807,4967417,3353801,1613615,650000,+0.0000,0.1800,+9.7,-130.3,-3.3029,NONE,STOPPED
="2026-08-25 00:35:02",79828,4943436,3353801,1589634,650000,+0.0000,0.1800,+22.0,-110.0,-3.1443,NONE,STOPPED
="2026-08-25 00:35:03",79834,4919454,3353801,1565653,650000,+0.0000,0.1800,+34.6,-103.4,-2.9630,NONE,STOPPED
="2026-08-25 00:35:04",79800,4919423,3353801,1565622,650000,+0.0000,0.1800,-9.7,-145.8,-2.9214,NONE,STOPPED
="2026-08-25 00:35:05",79812,4911930,3353801,1558128,650000,+0.0000,0.1800,-1.2,-133.2,-2.8179,NONE,STOPPED
="2026-08-25 00:35:06",79810,4911890,3353801,1558088,650000,+0.0000,0.1800,+2.3,-138.0,-2.7234,NONE,STOPPED
="2026-08-25 00:35:07",79795,4911844,3353801,1558042,650000,+0.0000,0.1800,-32.5,-149.8,-2.6810,NONE,STOPPED
="2026-08-25 00:35:08",79782,4911797,3353801,1557995,650000,+0.0000,0.1800,-52.6,-160.0,-2.6850,NONE,STOPPED
="2026-08-25 00:35:09",79774,5027607,3469662,1557944,650000,+0.0000,0.1800,-26.2,-168.0,-2.7096,NONE,STOPPED
="2026-08-25 00:35:10",79770,5039730,3481837,1557893,650000,+0.0000,0.1800,-42.8,-172.0,-2.7352,NONE,STOPPED
="2026-08-25 00:35:11",79770,5039679,3481837,1557841,650000,+0.0000,0.1800,-42.8,-172.0,-2.7352,NONE,STOPPED
="2026-08-25 00:35:12",79783,5029582,3481837,1547745,650000,+0.0000,0.1800,-11.5,-164.3,-2.6883,NONE,STOPPED
="2026-08-25 00:35:13",79795,5063549,3481837,1581711,650000,+0.0000,0.1800,+14.0,-151.0,-2.5736,NONE,STOPPED
="2026-08-25 00:35:14",79804,5001506,3397850,1603656,650000,+0.0000,0.1800,+30.0,-130.9,-2.4271,NONE,STOPPED
="2026-08-25 00:35:15",79760,5923305,4343632,1579673,650000,+0.0000,0.1800,-10.0,-174.9,-2.4614,NONE,STOPPED
="2026-08-25 00:35:16",79762,6140806,4382521,1758285,650000,+0.0000,0.1800,-7.4,-172.3,-2.4704,NONE,STOPPED
="2026-08-25 00:35:17",79769,6116825,4382521,1734304,650000,+0.0000,0.1800,-14.6,-165.4,-2.4399,NONE,STOPPED
="2026-08-25 00:35:18",79797,6107502,4382521,1724981,650000,+0.0000,0.1800,+1.6,-133.5,-2.2908,NONE,STOPPED
="2026-08-25 00:35:19",79811,6095077,4382521,1712556,650000,+0.0000,0.1800,+7.2,-113.4,-2.0938,NONE,STOPPED
="2026-08-25 00:35:20",79831,6134148,4433241,1700907,650000,+0.0000,0.1800,+72.0,-88.4,-1.8280,NONE,STOPPED
="2026-08-25 00:35:21",79865,6110172,4433241,1676931,650000,+0.0000,0.1800,+103.3,-54.5,-1.4490,NONE,STOPPED
="2026-08-25 00:35:22",79873,6186085,4468257,1717827,650000,+0.0000,0.1800,+103.6,-47.0,-1.0703,NONE,STOPPED
="2026-08-25 00:35:23",79879,6162108,4468257,1693851,650000,+0.0000,0.1800,+82.4,-28.0,-0.6942,NONE,STOPPED
="2026-08-25 00:35:24",79881,6162099,4468257,1693841,650000,+0.0000,0.1800,+70.8,-22.0,-0.3475,NONE,STOPPED
="2026-08-25 00:35:25",79875,6178177,4484343,1693833,650000,+0.0000,0.1800,+43.6,-25.6,-0.0571,NONE,STOPPED
="2026-08-25 00:35:26",79875,6164216,4484343,1679873,650000,+0.0000,0.1800,+10.1,-25.2,+0.2088,NONE,STOPPED
="2026-08-25 00:35:27",79880,6140246,4484343,1655902,650000,+0.0000,0.1800,+7.3,-22.2,+0.4687,NONE,STOPPED
="2026-08-25 00:35:28",79871,6632565,4976671,1655893,650000,+0.0000,0.1800,-8.0,-29.2,+0.6739,NONE,STOPPED
="2026-08-25 00:35:29",79872,6576917,4913539,1663378,650000,+0.0000,0.1800,-10.0,-29.2,+0.8602,NONE,STOPPED
="2026-08-25 00:35:30",79873,6546976,4883607,1663369,650000,+0.0000,0.1800,-1.6,-31.8,+1.0372,NONE,STOPPED
="2026-08-25 00:35:31",79880,6551796,4867627,1684169,650000,+0.0000,0.1800,+4.7,-25.1,+1.2263,NONE,STOPPED
="2026-08-25 00:35:32",79879,6471889,4867627,1604262,650000,+0.0000,0.1800,-0.3,-26.0,+1.3946,NONE,STOPPED
="2026-08-25 00:35:33",79879,6461846,4857591,1604254,650000,+0.0000,0.1800,-0.3,-26.0,+1.3946,NONE,STOPPED
="2026-08-25 00:35:34",79879,6485810,4857591,1628218,650000,+0.0000,0.1800,+7.5,+3.5,+1.6824,NONE,STOPPED
="2026-08-25 00:35:35",79881,5953189,4307348,1645841,650000,+0.0000,0.1800,+8.0,+16.1,+1.7942,NONE,STOPPED
="2026-08-25 00:35:36",79887,6033080,4387236,1645844,650000,+0.0000,0.1800,+7.3,+26.0,+1.9094,NONE,STOPPED
="2026-08-25 00:35:37",79888,6014976,4369124,1645851,650000,+0.0000,0.1800,+8.8,+31.6,+2.0102,NONE,STOPPED
="2026-08-25 00:35:38",79888,6013940,4344122,1669818,650000,+0.0000,0.1800,+9.3,+34.5,+2.0941,NONE,STOPPED
="2026-08-25 00:35:39",79882,6013950,4344122,1669827,650000,+0.0000,0.1800,+3.3,+30.6,+2.1398,NONE,STOPPED
="2026-08-25 00:35:40",79873,6013956,4344122,1669833,650000,+0.0000,0.1800,-8.0,+16.6,+2.1407,NONE,STOPPED
="2026-08-25 00:35:41",79873,6050698,4356902,1693796,650000,+0.0000,0.1800,-14.0,+16.0,+2.1393,NONE,STOPPED
="2026-08-25 00:35:42",79873,6089042,4395241,1693800,650000,+0.0000,0.1800,-14.8,+6.0,+2.1334,NONE,STOPPED
="2026-08-25 00:35:43",79873,6089044,4395241,1693802,650000,+0.0000,0.1800,-14.8,+16.0,+2.1290,NONE,STOPPED
="2026-08-25 00:35:44",79874,6061990,4368186,1693804,650000,+0.0000,0.1800,-8.8,+17.1,+2.1145,NONE,STOPPED
="2026-08-25 00:35:45",79862,6061995,4368186,1693808,650000,+0.0000,0.1800,-11.9,+7.8,+2.0493,NONE,STOPPED
="2026-08-25 00:35:46",79852,6061996,4368186,1693810,650000,+0.0000,0.1800,-22.0,+41.0,+1.9446,NONE,STOPPED
="2026-08-25 00:35:47",79842,6416710,4746919,1669791,650000,+0.0000,0.1800,-31.6,+42.4,+1.7816,NONE,STOPPED
="2026-08-25 00:35:48",79840,6072539,4402735,1669803,650000,+0.0000,0.1800,-34.0,+50.0,+1.6120,NONE,STOPPED
="2026-08-25 00:35:49",79827,5403220,3949664,1453555,650000,+0.0000,0.1800,-46.8,+31.2,+1.3965,NONE,STOPPED
="2026-08-25 00:35:50",79826,5401965,3938360,1463604,650000,+0.0000,0.1800,-36.1,+30.0,+1.1947,NONE,STOPPED
="2026-08-25 00:35:51",79826,5401974,3938360,1463613,650000,+0.0000,0.1800,-26.0,+54.7,+1.0071,NONE,STOPPED
="2026-08-25 00:35:52",79826,3820111,2356486,1463624,650000,+0.0000,0.1800,-16.4,+52.1,+0.8176,NONE,STOPPED
="2026-08-25 00:35:53",79824,3820127,2356486,1463640,650000,+0.0000,0.1800,-16.0,+38.0,+0.6348,NONE,STOPPED
="2026-08-25 00:35:54",79835,4009287,2341084,1668202,650000,+0.0000,0.1800,+7.8,+49.0,+0.5150,NONE,STOPPED
="2026-08-25 00:35:55",79835,4022845,2341084,1681761,650000,+0.0000,0.1800,+9.0,+37.0,+0.4026,NONE,STOPPED
="2026-08-25 00:35:56",79835,4036077,2341084,1694992,650000,+0.0000,0.1800,+9.0,+29.0,+0.3047,NONE,STOPPED
="2026-08-25 00:35:57",79835,4050746,2352271,1698474,650000,+0.0000,0.1800,+9.0,+35.0,+0.2181,NONE,STOPPED
="2026-08-25 00:35:58",79836,4064691,2352271,1712420,650000,+0.0000,0.1800,+12.0,+26.1,+0.1378,NONE,STOPPED
="2026-08-25 00:35:59",79836,4040751,2352271,1688480,650000,+0.0000,0.1800,+1.0,+22.0,+0.1181,NONE,STOPPED
="2026-08-25 00:36:00",79847,4029285,2352271,1677014,650000,+0.0000,0.1800,+12.1,+39.4,+0.0643,NONE,STOPPED
="2026-08-25 00:36:01",79848,4029297,2352271,1677025,650000,+0.0000,0.1800,+13.4,+20.4,+0.0458,NONE,STOPPED
="2026-08-25 00:36:02",79852,4029297,2352271,1677025,650000,+0.0000,0.1800,+17.4,+17.8,+0.0552,NONE,STOPPED
="2026-08-25 00:36:03",79856,4126074,2435345,1690729,650000,+0.0000,0.1800,+20.7,+56.5,+0.0833,NONE,STOPPED
="2026-08-25 00:36:04",79856,4126081,2435345,1690735,650000,+0.0000,0.1800,+16.7,+43.9,+0.0870,NONE,STOPPED
="2026-08-25 00:36:05",79863,4136446,2435345,1701101,650000,+0.0000,0.1800,+16.2,+53.3,+0.1213,NONE,STOPPED
="2026-08-25 00:36:06",79865,4172265,2471147,1701117,650000,+0.0000,0.1800,+17.0,+69.9,+0.1565,NONE,STOPPED
="2026-08-25 00:36:07",79858,4172283,2471147,1701136,650000,+0.0000,0.1800,+5.6,+76.0,+0.1486,NONE,STOPPED
="2026-08-25 00:36:08",79856,4172303,2471147,1701156,650000,+0.0000,0.1800,+0.0,+74.7,+0.1627,NONE,STOPPED
="2026-08-25 00:36:09",79856,4056467,2355286,1701181,650000,+0.0000,0.1800,+0.0,+86.7,+0.0957,NONE,STOPPED
="2026-08-25 00:36:10",79865,4042437,2343111,1699325,650000,+0.0000,0.1800,+2.1,+95.4,+0.0965,NONE,STOPPED
="2026-08-25 00:36:11",79866,4042466,2343111,1699354,650000,+0.0000,0.1800,+2.7,+82.0,+0.0955,NONE,STOPPED
="2026-08-25 00:36:12",79866,4052539,2343111,1709427,650000,+0.0000,0.1800,+8.0,+70.0,+0.0990,NONE,STOPPED
="2026-08-25 00:36:13",79872,4028880,2343111,1685768,650000,+0.0000,0.1800,+15.5,+68.2,+0.1300,NONE,STOPPED
="2026-08-25 00:36:14",79874,4006913,2343111,1663801,650000,+0.0000,0.1800,+17.3,+114.0,+0.1668,NONE,STOPPED
="2026-08-25 00:36:15",79881,3060090,1372326,1687764,650000,+0.0000,0.1800,+16.0,+118.8,+0.1993,NONE,STOPPED
="2026-08-25 00:36:16",79896,2799911,1333437,1466474,650000,+0.0000,0.1800,+30.3,+126.9,+0.2828,NONE,STOPPED
="2026-08-25 00:36:17",79896,2823880,1333437,1490443,650000,+0.0000,0.1800,+30.3,+98.7,+0.3571,NONE,STOPPED
="2026-08-25 00:36:18",79896,2833192,1333437,1499754,650000,+0.0000,0.1800,+24.1,+85.0,+0.4360,NONE,STOPPED
="2026-08-25 00:36:19",79908,2834195,1333437,1500758,650000,+0.0000,0.1800,+34.0,+76.0,+0.5569,NONE,STOPPED
="2026-08-25 00:36:20",79908,2832006,1324445,1507561,650000,+0.0000,0.1800,+26.6,+42.1,+0.6747,NONE,STOPPED
="2026-08-25 00:36:21",79903,2854394,1324445,1529948,650000,+0.0000,0.1800,+7.1,+30.4,+0.7804,NONE,STOPPED
="2026-08-25 00:36:22",79902,2778475,1289429,1489045,650000,+0.0000,0.1800,+6.6,+22.9,+0.8758,NONE,STOPPED
="2026-08-25 00:36:23",79902,2802445,1289429,1513016,650000,+0.0000,0.1800,+6.6,+20.9,+0.9639,NONE,STOPPED
="2026-08-25 00:36:24",79904,2795173,1289429,1505744,650000,+0.0000,0.1800,-3.7,+28.7,+1.0482,NONE,STOPPED
="2026-08-25 00:36:25",79898,3057253,1471601,1585651,650000,+0.0000,0.1800,-9.3,+22.7,+1.0962,NONE,STOPPED
="2026-08-25 00:36:26",79899,3071212,1471601,1599611,650000,+0.0000,0.1800,-3.4,+19.7,+1.1422,NONE,STOPPED
="2026-08-25 00:36:27",79890,3095180,1471601,1623579,650000,+0.0000,0.1800,-12.9,+18.0,+1.1446,NONE,STOPPED
="2026-08-25 00:36:28",79890,2602857,979273,1623584,650000,+0.0000,0.1800,-12.9,+18.0,+1.1390,NONE,STOPPED
="2026-08-25 00:36:29",79890,2602863,979273,1623589,650000,+0.0000,0.1800,-14.3,+16.0,+1.1309,NONE,STOPPED
="2026-08-25 00:36:30",79890,2602868,979273,1623595,650000,+0.0000,0.1800,-8.7,+9.3,+1.1216,NONE,STOPPED
="2026-08-25 00:36:31",79890,2606035,979273,1626762,650000,+0.0000,0.1800,-10.0,+10.0,+1.1143,NONE,STOPPED
="2026-08-25 00:36:32",79893,2603602,979273,1624329,650000,+0.0000,0.1800,+4.0,+14.5,+1.1200,NONE,STOPPED
="2026-08-25 00:36:33",79894,2603607,979273,1624333,650000,+0.0000,0.1800,+4.0,+14.5,+1.1221,NONE,STOPPED
="2026-08-25 00:36:34",79899,2579643,979273,1600369,650000,+0.0000,0.1800,+10.0,+18.0,+1.1444,NONE,STOPPED
="2026-08-25 00:36:35",79896,2562146,979273,1582872,650000,+0.0000,0.1800,+6.1,+8.1,+1.1481,NONE,STOPPED
="2026-08-25 00:36:36",79896,2458293,899385,1558908,650000,+0.0000,0.1800,+6.1,+7.4,+1.1523,NONE,STOPPED
="2026-08-25 00:36:37",79896,2474275,899385,1574890,650000,+0.0000,0.1800,+2.1,+7.4,+1.1539,NONE,STOPPED
="2026-08-25 00:36:38",79896,2463382,912458,1550923,650000,+0.0000,0.1800,+2.1,+13.4,+1.1526,NONE,STOPPED
="2026-08-25 00:36:39",79884,2439415,912458,1526956,650000,+0.0000,0.1800,-15.0,+11.0,+1.1017,NONE,STOPPED
="2026-08-25 00:36:40",79884,2415453,912458,1502994,650000,+0.0000,0.1800,-11.2,+11.0,+1.0476,NONE,STOPPED
="2026-08-25 00:36:41",79884,2378711,899678,1479032,650000,+0.0000,0.1800,-11.2,+11.0,+0.9957,NONE,STOPPED
="2026-08-25 00:36:42",79884,2316409,861339,1455070,650000,+0.0000,0.1800,-11.2,+11.0,+0.9458,NONE,STOPPED
="2026-08-25 00:36:43",79864,2305228,874120,1431107,650000,+0.0000,0.1800,-32.1,-10.0,+0.8165,NONE,STOPPED
="2026-08-25 00:36:44",79864,2281266,874120,1407145,650000,+0.0000,0.1800,-21.0,+1.9,+0.6973,NONE,STOPPED
="2026-08-25 00:36:45",79864,2311332,928149,1383183,650000,+0.0000,0.1800,-21.0,+12.0,+0.5804,NONE,STOPPED
="2026-08-25 00:36:46",79856,2287374,928149,1359225,650000,+0.0000,0.1800,-29.0,+13.6,+0.4353,NONE,STOPPED
="2026-08-25 00:36:47",79856,1785202,449932,1335270,650000,+0.0000,0.1800,-29.0,+16.0,+0.2961,NONE,STOPPED
="2026-08-25 00:36:48",79832,1774850,463532,1311317,650000,+0.0000,0.1800,-32.0,+4.8,+0.0732,NONE,STOPPED
="2026-08-25 00:36:49",79818,1762899,463532,1299366,650000,+0.0000,0.1800,-45.8,-7.8,-0.1912,NONE,STOPPED
="2026-08-25 00:36:50",79818,1749830,463532,1286297,650000,+0.0000,0.1800,-45.8,-7.8,-0.4323,NONE,STOPPED
="2026-08-25 00:36:51",79818,1725882,463532,1262350,650000,+0.0000,0.1800,-45.8,-7.8,-0.6085,NONE,STOPPED
="2026-08-25 00:36:52",79829,1701934,463532,1238402,650000,+0.0000,0.1800,-26.0,+6.0,-0.8027,NONE,STOPPED
="2026-08-25 00:36:53",79831,1677987,463532,1214455,650000,+0.0000,0.1800,-0.7,-3.7,-0.9359,NONE,STOPPED
="2026-08-25 00:36:54",79816,1701752,715792,985960,650000,+0.0000,0.1800,-2.2,-19.0,-1.1085,NONE,STOPPED
="2026-08-25 00:36:55",79814,1664258,715792,948465,650000,+0.0000,0.1800,-4.2,-21.0,-1.2706,NONE,STOPPED
="2026-08-25 00:36:56",79810,2186106,1261591,924515,650000,+0.0000,0.1800,-8.2,-25.0,-1.3800,NONE,STOPPED
="2026-08-25 00:36:57",79810,2272693,1250404,1022289,650000,+0.0000,0.1800,-19.3,-25.3,-1.5698,NONE,STOPPED
="2026-08-25 00:36:58",79810,2248743,1250404,998338,650000,+0.0000,0.1800,-20.6,-29.3,-1.6919,NONE,STOPPED
="2026-08-25 00:36:59",79810,2248743,1250404,998338,650000,+0.0000,0.1800,-5.3,-36.4,-1.7964,NONE,STOPPED
="2026-08-25 00:37:00",79810,2224790,1250404,974386,650000,+0.0000,0.1800,-3.3,-37.7,-1.8824,NONE,STOPPED
="2026-08-25 00:37:01",79810,2200836,1250404,950431,650000,+0.0000,0.1800,+0.7,-41.7,-1.9547,NONE,STOPPED
="2026-08-25 00:37:02",79810,2200836,1250404,950431,650000,+0.0000,0.1800,+0.0,-46.0,-2.0126,NONE,STOPPED
="2026-08-25 00:37:03",79810,2104059,1167330,936728,650000,+0.0000,0.1800,+0.0,-46.0,-2.0570,NONE,STOPPED
="2026-08-25 00:37:04",79820,2224953,1167330,1057623,650000,+0.0000,0.1800,+9.4,-43.3,-2.0550,NONE,STOPPED
="2026-08-25 00:37:05",79820,2204583,1167330,1037252,650000,+0.0000,0.1800,+9.4,-45.3,-2.0433,NONE,STOPPED
="2026-08-25 00:37:06",79800,2277024,1263732,1013292,650000,+0.0000,0.1800,-10.7,-58.0,-2.1036,NONE,STOPPED
="2026-08-25 00:37:07",79800,2253067,1263732,989334,650000,+0.0000,0.1800,-10.7,-56.7,-2.1560,NONE,STOPPED
="2026-08-25 00:37:08",79800,2659612,1694234,965377,650000,+0.0000,0.1800,-10.7,-56.7,-2.1978,NONE,STOPPED
="2026-08-25 00:37:09",79760,3931194,2989773,941420,650000,+0.0000,0.1800,-60.0,-105.4,-2.3848,NONE,STOPPED
="2026-08-25 00:37:10",79763,3909119,2989773,919345,650000,+0.0000,0.1800,-56.6,-102.5,-2.5277,NONE,STOPPED
="2026-08-25 00:37:11",79766,3897765,2989773,907991,650000,+0.0000,0.1800,-33.9,-99.9,-2.6381,NONE,STOPPED
="2026-08-25 00:37:12",79766,3873805,2989773,884031,650000,+0.0000,0.1800,-33.9,-106.1,-2.7294,NONE,STOPPED
="2026-08-25 00:37:13",79750,5646571,4772847,873724,650000,+0.0000,0.1800,-50.0,-124.0,-2.8616,NONE,STOPPED
="2026-08-25 00:37:14",79743,5823740,4973978,849761,650000,+0.0000,0.1800,-17.0,-138.4,-2.9975,NONE,STOPPED
="2026-08-25 00:37:15",79732,6243669,5417869,825799,650000,+0.0000,0.1800,-31.5,-164.3,-3.1482,NONE,STOPPED
="2026-08-25 00:37:16",79722,6806740,5980941,825799,650000,+0.0000,0.1800,-43.5,-173.7,-3.3007,NONE,STOPPED
="2026-08-25 00:37:17",79729,6795550,5980941,814609,650000,+0.0000,0.1800,-36.3,-166.5,-3.3980,NONE,STOPPED
="2026-08-25 00:37:18",79730,6771581,5980941,790640,650000,+0.0000,0.1800,-20.0,-178.0,-3.4719,NONE,STOPPED
="2026-08-25 00:37:19",79720,6788893,6010810,778082,650000,+0.0000,0.1800,-23.0,-188.0,-3.5572,NONE,STOPPED
="2026-08-25 00:37:20",79722,6765244,5979610,785634,650000,+0.0000,0.1800,-9.4,-180.8,-3.6099,NONE,STOPPED
="2026-08-25 00:37:21",79748,6742857,5979610,763246,650000,+0.0000,0.1800,+25.8,-154.5,-3.5455,NONE,STOPPED
="2026-08-25 00:37:22",79755,6718887,5979610,739277,650000,+0.0000,0.1800,+26.2,-146.9,-3.4438,NONE,STOPPED
="2026-08-25 00:37:23",79756,6694916,5979610,715306,650000,+0.0000,0.1800,+26.0,-148.3,-3.3381,NONE,STOPPED
="2026-08-25 00:37:24",79751,6678225,5979610,698615,650000,+0.0000,0.1800,+31.0,-147.7,-3.2474,NONE,STOPPED
="2026-08-25 00:37:25",79758,6455996,5781352,674644,650000,+0.0000,0.1800,+35.4,-142.0,-3.1281,NONE,STOPPED
="2026-08-25 00:37:26",79775,6352126,5781352,570774,650000,+0.0000,0.1800,+27.0,-114.7,-2.9388,NONE,STOPPED
="2026-08-25 00:37:27",79722,11429657,10882850,546806,650000,+0.0000,0.1800,-33.3,-167.3,-2.9661,NONE,STOPPED
="2026-08-25 00:37:28",79720,11405690,10882850,522839,650000,+0.0000,0.1800,-36.0,-170.0,-2.9885,NONE,STOPPED
="2026-08-25 00:37:29",79717,12042410,10905101,1137308,650000,+0.0000,0.1800,-33.3,-172.3,-3.0050,NONE,STOPPED
="2026-08-25 00:37:30",79734,12091212,10905101,1186110,650000,+0.0000,0.1800,-23.4,-155.4,-2.9407,NONE,STOPPED
="2026-08-25 00:37:31",79734,15310316,14148173,1162143,650000,+0.0000,0.1800,-23.4,-155.4,-2.9407,NONE,STOPPED
="2026-08-25 00:37:32",79710,15288785,14148173,1140612,650000,+0.0000,0.1800,-12.7,-184.0,-2.9725,NONE,STOPPED
="2026-08-25 00:37:33",79700,15910405,14793761,1116644,650000,+0.0000,0.1800,-20.0,-200.0,-3.0042,NONE,STOPPED
="2026-08-25 00:37:34",79700,16363629,15246985,1116644,650000,+0.0000,0.1800,-17.7,-196.1,-3.0153,NONE,STOPPED
="2026-08-25 00:37:35",79700,16339659,15246985,1092674,650000,+0.0000,0.1800,-34.6,-196.1,-3.0133,NONE,STOPPED
="2026-08-25 00:37:36",79700,16339659,15246985,1092674,650000,+0.0000,0.1800,-10.0,-196.1,-2.9974,NONE,STOPPED
="2026-08-25 00:37:37",79700,16299711,15246985,1052726,650000,+0.0000,0.1800,-10.0,-196.1,-2.9687,NONE,STOPPED
="2026-08-25 00:37:38",79690,17675079,16622353,1052726,650000,+0.0000,0.1800,-10.0,-195.0,-2.9674,NONE,STOPPED
="2026-08-25 00:37:39",79700,17675079,16622353,1052726,650000,+0.0000,0.1800,-10.0,-185.0,-2.9196,NONE,STOPPED
="2026-08-25 00:37:40",79709,17728328,16622353,1105975,650000,+0.0000,0.1800,+10.0,-175.0,-2.8379,NONE,STOPPED
="2026-08-25 00:37:41",79722,17728328,16622353,1105975,650000,+0.0000,0.1800,+22.0,-163.0,-2.6764,NONE,STOPPED
="2026-08-25 00:37:42",79723,17728328,16622353,1105975,650000,+0.0000,0.1800,+24.0,-140.0,-2.5223,NONE,STOPPED
="2026-08-25 00:37:43",79723,17715547,16609571,1105975,650000,+0.0000,0.1800,+34.0,-140.0,-2.3829,NONE,STOPPED
="2026-08-25 00:37:44",79713,17715547,16609571,1105975,650000,+0.0000,0.1800,+13.2,-150.8,-2.2872,NONE,STOPPED
="2026-08-25 00:37:45",79713,17674813,16568837,1105975,650000,+0.0000,0.1800,+3.2,-142.8,-2.1890,NONE,STOPPED
="2026-08-25 00:37:46",79714,17685605,16568837,1116767,650000,+0.0000,0.1800,-8.0,-142.0,-2.0905,NONE,STOPPED
="2026-08-25 00:37:47",79716,17685605,16568837,1116767,650000,+0.0000,0.1800,-8.0,-116.0,-1.9829,NONE,STOPPED
="2026-08-25 00:37:48",79718,17672005,16555237,1116767,650000,+0.0000,0.1800,-6.0,-100.2,-1.8819,NONE,STOPPED
="2026-08-25 00:37:49",79686,18159011,17054241,1104770,650000,+0.0000,0.1800,-27.2,-132.2,-1.9141,NONE,STOPPED
="2026-08-25 00:37:50",79701,18148132,17054241,1093891,650000,+0.0000,0.1800,-11.2,-116.3,-1.8721,NONE,STOPPED
="2026-08-25 00:37:51",79708,18161526,17054241,1107285,650000,+0.0000,0.1800,-6.0,-122.0,-1.8017,NONE,STOPPED
="2026-08-25 00:37:52",79713,18175985,17068700,1107285,650000,+0.0000,0.1800,-2.0,-117.3,-1.6988,NONE,STOPPED
="2026-08-25 00:37:53",79714,18175985,17068700,1107285,650000,+0.0000,0.1800,-4.0,-102.0,-1.5960,NONE,STOPPED
="2026-08-25 00:37:54",79707,17940354,16833069,1107285,650000,+0.0000,0.1800,+22.0,-106.0,-1.5269,NONE,STOPPED
="2026-08-25 00:37:55",79706,17940354,16833069,1107285,650000,+0.0000,0.1800,+4.1,-104.0,-1.4652,NONE,STOPPED
="2026-08-25 00:37:56",79706,17394555,16287270,1107285,650000,+0.0000,0.1800,-2.0,-104.7,-1.4040,NONE,STOPPED
="2026-08-25 00:37:57",79702,17293718,16308158,985560,650000,+0.0000,0.1800,-11.2,-107.9,-1.3534,NONE,STOPPED
="2026-08-25 00:37:58",79702,17293718,16308158,985560,650000,+0.0000,0.1800,-11.2,-107.9,-1.3000,NONE,STOPPED
="2026-08-25 00:37:59",79701,17293718,16308158,985560,650000,+0.0000,0.1800,-6.7,-109.3,-1.2498,NONE,STOPPED
="2026-08-25 00:38:00",79696,17293718,16308158,985560,650000,+0.0000,0.1800,-10.0,-114.7,-1.2177,NONE,STOPPED
="2026-08-25 00:38:01",79694,17293718,16308158,985560,650000,+0.0000,0.1800,-12.0,-116.7,-1.1890,NONE,STOPPED
="2026-08-25 00:38:02",79688,17293718,16308158,985560,650000,+0.0000,0.1800,-14.8,-122.7,-1.1791,NONE,STOPPED
="2026-08-25 00:38:03",79685,17323521,16337960,985560,650000,+0.0000,0.1800,-17.3,-134.6,-1.1726,NONE,STOPPED
="2026-08-25 00:38:04",79680,17191418,16350709,840708,650000,+0.0000,0.1800,-21.3,-140.1,-1.1746,NONE,STOPPED
="2026-08-25 00:38:05",79680,17232780,16392071,840708,650000,+0.0000,0.1800,-16.0,-120.0,-1.1682,NONE,STOPPED
="2026-08-25 00:38:06",79680,17100576,16259867,840708,650000,+0.0000,0.1800,-14.0,-120.0,-1.1665,NONE,STOPPED
="2026-08-25 00:38:07",79680,17100576,16259867,840708,650000,+0.0000,0.1800,-8.0,-120.0,-1.1576,NONE,STOPPED
="2026-08-25 00:38:08",79680,16670074,15829365,840708,650000,+0.0000,0.1800,-5.4,-80.0,-1.1422,NONE,STOPPED
="2026-08-25 00:38:09",79680,15374535,14533826,840708,650000,+0.0000,0.1800,-5.4,-83.5,-1.1452,NONE,STOPPED
="2026-08-25 00:38:10",79670,15976497,15135789,840708,650000,+0.0000,0.1800,-10.0,-96.1,-1.1792,NONE,STOPPED
="2026-08-25 00:38:11",79660,16534830,15706727,828103,650000,+0.0000,0.1800,-20.0,-106.1,-1.2413,NONE,STOPPED
="2026-08-25 00:38:12",79660,16804238,15976135,828103,650000,+0.0000,0.1800,-20.0,-90.0,-1.2911,NONE,STOPPED
="2026-08-25 00:38:13",79660,15477764,14649660,828103,650000,+0.0000,0.1800,-20.0,-83.0,-1.3392,NONE,STOPPED
="2026-08-25 00:38:14",79650,15428011,14599907,828103,650000,+0.0000,0.1800,-30.0,-82.0,-1.4198,NONE,STOPPED
="2026-08-25 00:38:15",79650,14712113,13884009,828103,650000,+0.0000,0.1800,-20.0,-72.6,-1.4933,NONE,STOPPED
="2026-08-25 00:38:16",79631,16147306,15240587,906719,650000,+0.0000,0.1800,-28.7,-98.5,-1.6324,NONE,STOPPED
="2026-08-25 00:38:17",79635,16134527,15240587,893940,650000,+0.0000,0.1800,-24.9,-94.9,-1.7330,NONE,STOPPED
="2026-08-25 00:38:18",79635,16172195,15278254,893940,650000,+0.0000,0.1800,-24.9,-84.9,-1.8171,NONE,STOPPED
="2026-08-25 00:38:19",79630,16142326,15248385,893940,650000,+0.0000,0.1800,-20.0,-92.6,-1.9121,NONE,STOPPED
="2026-08-25 00:38:20",79630,16138066,15258447,879618,650000,+0.0000,0.1800,-20.0,-118.4,-1.9896,NONE,STOPPED
="2026-08-25 00:38:21",79632,16138066,15258447,879618,650000,+0.0000,0.1800,+1.3,-123.4,-2.0267,NONE,STOPPED
="2026-08-25 00:38:22",79630,16138066,15258447,879618,650000,+0.0000,0.1800,-5.1,-126.0,-2.0570,NONE,STOPPED
="2026-08-25 00:38:23",79630,16138066,15258447,879618,650000,+0.0000,0.1800,-5.1,-121.0,-2.0753,NONE,STOPPED
="2026-08-25 00:38:24",79620,16767544,15887926,879618,650000,+0.0000,0.1800,-10.0,-138.0,-2.1246,NONE,STOPPED
="2026-08-25 00:38:25",79620,17184391,16304773,879618,650000,+0.0000,0.1800,-10.0,-155.3,-2.1555,NONE,STOPPED
="2026-08-25 00:38:26",79610,17441288,16549728,891559,650000,+0.0000,0.1800,-22.6,-112.7,-2.2020,NONE,STOPPED
="2026-08-25 00:38:27",79618,12368632,11448230,920402,650000,+0.0000,0.1800,-12.0,-102.0,-2.2340,NONE,STOPPED
="2026-08-25 00:38:28",79610,12472946,11552543,920402,650000,+0.0000,0.1800,-20.0,-107.7,-2.2871,NONE,STOPPED
="2026-08-25 00:38:29",79610,11812258,11530292,281966,650000,+0.0000,0.1800,-10.0,-124.6,-2.3278,NONE,STOPPED
="2026-08-25 00:38:30",79610,11773976,11564779,209197,650000,+0.0000,0.1800,-10.0,-100.0,-2.3454,NONE,STOPPED
="2026-08-25 00:38:31",79610,8626437,8417240,209197,650000,+0.0000,0.1800,+0.0,-100.0,-2.3664,NONE,STOPPED
="2026-08-25 00:38:32",79600,8661481,8452283,209197,650000,+0.0000,0.1800,-17.3,-99.3,-2.4130,NONE,STOPPED
="2026-08-25 00:38:33",79601,8015892,7806695,209197,650000,+0.0000,0.1800,-8.0,-98.0,-2.4472,NONE,STOPPED
="2026-08-25 00:38:34",79611,7613700,7369479,244221,650000,+0.0000,0.1800,+1.3,-88.7,-2.4331,NONE,STOPPED
="2026-08-25 00:38:35",79615,7626748,7382526,244221,650000,+0.0000,0.1800,+5.9,-84.1,-2.3938,NONE,STOPPED
="2026-08-25 00:38:36",79597,9004267,8760045,244221,650000,+0.0000,0.1800,-12.8,-102.8,-2.4223,NONE,STOPPED
="2026-08-25 00:38:37",79608,9011105,8744977,266128,650000,+0.0000,0.1800,+7.3,-82.0,-2.3971,NONE,STOPPED
="2026-08-25 00:38:38",79590,7727537,7461409,266128,650000,+0.0000,0.1800,-12.0,-110.0,-2.4416,NONE,STOPPED
="2026-08-25 00:38:39",79598,7737548,7461409,276138,650000,+0.0000,0.1800,-12.9,-111.6,-2.4344,NONE,STOPPED
="2026-08-25 00:38:40",79614,7726849,7461409,265440,650000,+0.0000,0.1800,-1.0,-107.1,-2.3484,NONE,STOPPED
="2026-08-25 00:38:41",79632,7763157,7461409,301747,650000,+0.0000,0.1800,+35.4,-91.4,-2.1851,NONE,STOPPED
="2026-08-25 00:38:42",79651,7816129,7461409,354720,650000,+0.0000,0.1800,+43.1,-72.8,-1.9547,NONE,STOPPED
="2026-08-25 00:38:43",79660,7837162,7461409,375753,650000,+0.0000,0.1800,+70.6,-52.6,-1.7007,NONE,STOPPED
="2026-08-25 00:38:44",79660,7837162,7461409,375753,650000,+0.0000,0.1800,+62.3,-52.6,-1.4697,NONE,STOPPED
="2026-08-25 00:38:45",79660,7835966,7448114,387852,650000,+0.0000,0.1800,+45.7,-53.4,-1.2539,NONE,STOPPED
="2026-08-25 00:38:46",79616,7842636,7465576,377059,650000,+0.0000,0.1800,-15.8,-99.3,-1.2225,NONE,STOPPED
="2026-08-25 00:38:47",79606,7858526,7481467,377059,650000,+0.0000,0.1800,-45.1,-112.0,-1.2282,NONE,STOPPED
="2026-08-25 00:38:48",79606,7893521,7516461,377059,650000,+0.0000,0.1800,-45.1,-112.0,-1.2282,NONE,STOPPED
="2026-08-25 00:38:49",79606,7394517,7017457,377059,650000,+0.0000,0.1800,-54.6,-95.9,-1.2347,NONE,STOPPED
="2026-08-25 00:38:50",79590,7523531,7146471,377059,650000,+0.0000,0.1800,-70.6,-118.0,-1.2902,NONE,STOPPED
="2026-08-25 00:38:51",79590,7704549,7233294,471255,650000,+0.0000,0.1800,-26.7,-124.0,-1.3299,NONE,STOPPED
="2026-08-25 00:38:52",79570,9079371,8608116,471255,650000,+0.0000,0.1800,-36.0,-144.0,-1.4327,NONE,STOPPED
="2026-08-25 00:38:53",79570,9117565,8646309,471255,650000,+0.0000,0.1800,-36.0,-138.0,-1.5176,NONE,STOPPED
="2026-08-25 00:38:54",79570,9272429,8801174,471255,650000,+0.0000,0.1800,-36.0,-136.0,-1.5897,NONE,STOPPED
="2026-08-25 00:38:55",79570,9375846,8904591,471255,650000,+0.0000,0.1800,-20.0,-136.0,-1.6477,NONE,STOPPED
="2026-08-25 00:38:56",79570,9397943,8926688,471255,650000,+0.0000,0.1800,-20.0,-132.7,-1.6917,NONE,STOPPED
="2026-08-25 00:38:57",79570,9396860,8925604,471255,650000,+0.0000,0.1800,+0.0,-132.8,-1.7247,NONE,STOPPED
="2026-08-25 00:38:58",79570,9396860,8925604,471255,650000,+0.0000,0.1800,-20.0,-131.3,-1.7458,NONE,STOPPED
="2026-08-25 00:38:59",79570,9396860,8925604,471255,650000,+0.0000,0.1800,-20.0,-126.0,-1.7570,NONE,STOPPED
="2026-08-25 00:39:00",79585,9612088,8925604,686484,650000,+0.0000,0.1800,+16.0,-108.0,-1.6992,NONE,STOPPED
="2026-08-25 00:39:01",79583,9635676,8925604,710072,650000,+0.0000,0.1800,+13.0,-105.0,-1.6514,NONE,STOPPED
="2026-08-25 00:39:02",79580,9654775,8944703,710072,650000,+0.0000,0.1800,+10.0,-105.4,-1.6152,NONE,STOPPED
="2026-08-25 00:39:03",79570,9637704,8927632,710072,650000,+0.0000,0.1800,-0.0,-110.0,-1.6150,NONE,STOPPED
="2026-08-25 00:39:04",79560,9733761,9023689,710072,650000,+0.0000,0.1800,-10.0,-120.0,-1.6490,NONE,STOPPED
="2026-08-25 00:39:05",79560,9703267,8993195,710072,650000,+0.0000,0.1800,-26.0,-120.0,-1.6717,NONE,STOPPED
="2026-08-25 00:39:06",79550,10421758,9711686,710072,650000,+0.0000,0.1800,-33.0,-130.0,-1.7229,NONE,STOPPED
="2026-08-25 00:39:07",79550,10457195,9747123,710072,650000,+0.0000,0.1800,-30.0,-130.0,-1.7608,NONE,STOPPED
="2026-08-25 00:39:08",79550,10600576,9890504,710072,650000,+0.0000,0.1800,-20.0,-130.0,-1.7864,NONE,STOPPED
="2026-08-25 00:39:09",79535,11864665,11142527,722137,650000,+0.0000,0.1800,-24.7,-134.7,-1.8581,NONE,STOPPED
="2026-08-25 00:39:10",79535,11278493,10556355,722137,650000,+0.0000,0.1800,-24.7,-134.7,-1.8581,NONE,STOPPED
="2026-08-25 00:39:11",79530,10580240,9858102,722137,650000,+0.0000,0.1800,-19.9,-129.9,-1.9842,NONE,STOPPED
="2026-08-25 00:39:12",79545,10471903,9700218,771684,650000,+0.0000,0.1800,-4.0,-114.0,-1.9805,NONE,STOPPED
="2026-08-25 00:39:13",79555,10066089,9273726,792363,650000,+0.0000,0.1800,+5.0,-95.0,-1.9334,NONE,STOPPED
="2026-08-25 00:39:14",79555,9914711,9122347,792363,650000,+0.0000,0.1800,+19.7,-95.0,-1.8883,NONE,STOPPED
="2026-08-25 00:39:15",79554,9856176,9063812,792363,650000,+0.0000,0.1800,+17.3,-76.3,-1.8394,NONE,STOPPED
="2026-08-25 00:39:16",79534,8209569,7495821,713747,650000,+0.0000,0.1800,+3.9,-101.1,-1.8802,NONE,STOPPED
="2026-08-25 00:39:17",79549,8234571,7495821,738750,650000,+0.0000,0.1800,+3.4,-85.7,-1.8474,NONE,STOPPED
="2026-08-25 00:39:18",79550,8196904,7458154,738750,650000,+0.0000,0.1800,-4.2,-79.2,-1.8048,NONE,STOPPED
="2026-08-25 00:39:19",79550,8200620,7458154,742466,650000,+0.0000,0.1800,-4.2,-79.2,-1.7620,NONE,STOPPED
="2026-08-25 00:39:20",79548,8192131,7437564,754567,650000,+0.0000,0.1800,-7.0,-84.6,-1.7269,NONE,STOPPED
="2026-08-25 00:39:21",79551,8192131,7437564,754567,650000,+0.0000,0.1800,+17.4,-78.6,-1.6734,NONE,STOPPED
="2026-08-25 00:39:22",79548,8281236,7526668,754567,650000,+0.0000,0.1800,-1.4,-82.0,-1.6323,NONE,STOPPED
="2026-08-25 00:39:23",79532,8281236,7526668,754567,650000,+0.0000,0.1800,-18.8,-88.0,-1.6505,NONE,STOPPED
="2026-08-25 00:39:24",79530,7676256,6921689,754567,650000,+0.0000,0.1800,-20.8,-90.0,-1.6737,NONE,STOPPED
="2026-08-25 00:39:25",79530,7013588,6259021,754567,650000,+0.0000,0.1800,-18.0,-80.0,-1.6877,NONE,STOPPED
="2026-08-25 00:39:26",79530,6998914,6256288,742625,650000,+0.0000,0.1800,-21.4,-88.0,-1.6994,NONE,STOPPED
="2026-08-25 00:39:27",79530,6970071,6256288,713783,650000,+0.0000,0.1800,-18.0,-80.0,-1.6985,NONE,STOPPED
="2026-08-25 00:39:28",79530,7141952,6428168,713783,650000,+0.0000,0.1800,-2.0,-80.0,-1.6955,NONE,STOPPED
="2026-08-25 00:39:29",79530,7179307,6465524,713783,650000,+0.0000,0.1800,+0.0,-80.0,-1.6859,NONE,STOPPED
="2026-08-25 00:39:30",79520,7549684,6835901,713783,650000,+0.0000,0.1800,-10.0,-90.0,-1.7095,NONE,STOPPED
="2026-08-25 00:39:31",79520,7560218,6846435,713783,650000,+0.0000,0.1800,-10.0,-80.7,-1.7237,NONE,STOPPED
="2026-08-25 00:39:32",79520,7706304,6992521,713783,650000,+0.0000,0.1800,-10.0,-82.0,-1.7352,NONE,STOPPED
="2026-08-25 00:39:33",79520,7801235,7062659,738575,650000,+0.0000,0.1800,-10.0,-91.3,-1.7380,NONE,STOPPED
="2026-08-25 00:39:34",79520,7885386,7181834,703551,650000,+0.0000,0.1800,-10.0,-95.9,-1.7281,NONE,STOPPED
="2026-08-25 00:39:35",79520,7883350,7168786,714563,650000,+0.0000,0.1800,-10.0,-77.2,-1.7089,NONE,STOPPED
="2026-08-25 00:39:36",79518,6750618,6036054,714563,650000,+0.0000,0.1800,-1.4,-89.4,-1.7010,NONE,STOPPED
="2026-08-25 00:39:37",79518,6728711,6036054,692657,650000,+0.0000,0.1800,-1.4,-71.4,-1.6805,NONE,STOPPED
="2026-08-25 00:39:38",79518,6638906,5946249,692657,650000,+0.0000,0.1800,-1.4,-79.8,-1.6657,NONE,STOPPED
="2026-08-25 00:39:39",79518,6628896,5946249,682646,650000,+0.0000,0.1800,-1.4,-96.3,-1.6407,NONE,STOPPED
="2026-08-25 00:39:40",79530,9291353,5946249,3345103,650000,+0.0000,0.1800,+10.0,-102.6,-1.5568,NONE,STOPPED
="2026-08-25 00:39:41",79530,9255045,5946249,3308796,650000,+0.0000,0.1800,+10.0,-121.1,-1.4629,NONE,STOPPED
="2026-08-25 00:39:42",79530,9202073,5946249,3255823,650000,+0.0000,0.1800,+11.4,-130.6,-1.3588,NONE,STOPPED
="2026-08-25 00:39:43",79530,9181040,5946249,3234790,650000,+0.0000,0.1800,+11.4,-130.6,-1.2504,NONE,STOPPED
="2026-08-25 00:39:44",79530,9193765,5958974,3234790,650000,+0.0000,0.1800,+11.4,-130.6,-1.2044,NONE,STOPPED
="2026-08-25 00:39:45",79518,9181666,5958974,3222692,650000,+0.0000,0.1800,-11.4,-98.2,-1.1183,NONE,STOPPED
="2026-08-25 00:39:46",79518,9164204,5941512,3222692,650000,+0.0000,0.1800,-12.0,-98.7,-1.1023,NONE,STOPPED
="2026-08-25 00:39:47",79524,9173395,5925622,3247773,650000,+0.0000,0.1800,-5.2,-81.2,-1.0193,NONE,STOPPED
="2026-08-25 00:39:48",79528,9164748,5890627,3274121,650000,+0.0000,0.1800,-2.0,-78.0,-0.9460,NONE,STOPPED
="2026-08-25 00:39:49",79529,9164748,5890627,3274121,650000,+0.0000,0.1800,+9.4,-60.6,-0.8688,NONE,STOPPED
="2026-08-25 00:39:50",79544,9060736,5761613,3299123,650000,+0.0000,0.1800,+25.4,-46.0,-0.7462,NONE,STOPPED
="2026-08-25 00:39:51",79548,8866324,5674790,3191533,650000,+0.0000,0.1800,+30.5,-21.4,-0.6133,NONE,STOPPED
="2026-08-25 00:39:52",79550,7532160,4315516,3216643,650000,+0.0000,0.1800,+25.2,-20.0,-0.4958,NONE,STOPPED
="2026-08-25 00:39:53",79549,7454074,4237430,3216643,650000,+0.0000,0.1800,+22.0,-20.0,-0.3868,NONE,STOPPED
="2026-08-25 00:39:54",79549,7385405,4168761,3216643,650000,+0.0000,0.1800,+20.6,-20.0,-0.2858,NONE,STOPPED
="2026-08-25 00:39:55",79547,7231418,4002412,3229005,650000,+0.0000,0.1800,+3.3,-22.7,-0.2028,NONE,STOPPED
="2026-08-25 00:39:56",79547,7209321,3980316,3229005,650000,+0.0000,0.1800,-1.3,-22.7,-0.1258,NONE,STOPPED
="2026-08-25 00:39:57",79547,7189517,3960511,3229005,650000,+0.0000,0.1800,-2.7,-22.7,-0.0544,NONE,STOPPED
="2026-08-25 00:39:58",79547,7189517,3960511,3229005,650000,+0.0000,0.1800,-2.7,-22.7,+0.0117,NONE,STOPPED
="2026-08-25 00:39:59",79547,7189517,3960511,3229005,650000,+0.0000,0.1800,-2.7,-38.7,+0.0730,NONE,STOPPED
="2026-08-25 00:40:00",79549,7066353,4024880,3041472,650000,+0.0000,0.1800,+2.7,-33.0,+0.1498,NONE,STOPPED
="2026-08-25 00:40:01",79580,7089453,4049870,3039582,650000,+0.0000,0.1800,+32.7,+0.0,+0.3360,NONE,STOPPED
="2026-08-25 00:40:02",79568,7070353,4030771,3039582,650000,+0.0000,0.1800,+20.8,-1.9,+0.4571,NONE,STOPPED
="2026-08-25 00:40:03",79568,7057622,4018040,3039582,650000,+0.0000,0.1800,+20.7,+8.0,+0.5605,NONE,STOPPED
="2026-08-25 00:40:04",79568,6948816,3909234,3039582,650000,+0.0000,0.1800,+20.7,+8.0,+0.6476,NONE,STOPPED
="2026-08-25 00:40:05",79556,6960750,3921168,3039582,650000,+0.0000,0.1800,+6.0,+6.0,+0.6787,NONE,STOPPED
="2026-08-25 00:40:06",79556,6242259,3202677,3039582,650000,+0.0000,0.1800,-24.0,+6.0,+0.6998,NONE,STOPPED
="2026-08-25 00:40:07",79556,6206822,3167240,3039582,650000,+0.0000,0.1800,-12.1,+6.0,+0.7173,NONE,STOPPED
="2026-08-25 00:40:08",79556,6114353,3074771,3039582,650000,+0.0000,0.1800,-12.0,+20.7,+0.7316,NONE,STOPPED
="2026-08-25 00:40:09",79557,4799352,1771836,3027516,650000,+0.0000,0.1800,-10.4,+22.3,+0.7275,NONE,STOPPED
="2026-08-25 00:40:10",79557,4799352,1771836,3027516,650000,+0.0000,0.1800,+1.6,+27.4,+0.7467,NONE,STOPPED
="2026-08-25 00:40:11",79557,4799352,1771836,3027516,650000,+0.0000,0.1800,+1.6,+11.6,+0.7459,NONE,STOPPED
="2026-08-25 00:40:12",79557,4785985,1771836,3014149,650000,+0.0000,0.1800,+1.6,+11.6,+0.7459,NONE,STOPPED
="2026-08-25 00:40:13",79571,4735200,1741729,2993470,650000,+0.0000,0.1800,+15.2,+16.2,+0.8481,NONE,STOPPED
="2026-08-25 00:40:14",79571,4735200,1741729,2993470,650000,+0.0000,0.1800,+13.7,+16.2,+0.8990,NONE,STOPPED
="2026-08-25 00:40:15",79571,4735200,1741729,2993470,650000,+0.0000,0.1800,+13.6,+37.2,+0.9429,NONE,STOPPED
="2026-08-25 00:40:16",79566,4714084,1720614,2993470,650000,+0.0000,0.1800,+8.4,+16.6,+0.9474,NONE,STOPPED
="2026-08-25 00:40:17",79566,4689082,1720614,2968468,650000,+0.0000,0.1800,-1.2,+15.2,+0.9576,NONE,STOPPED
="2026-08-25 00:40:18",79566,4689082,1720614,2968468,650000,+0.0000,0.1800,-5.2,+15.2,+0.9651,NONE,STOPPED
="2026-08-25 00:40:19",79566,4684924,1720614,2964310,650000,+0.0000,0.1800,-5.2,+18.0,+0.9693,NONE,STOPPED
="2026-08-25 00:40:20",79568,4672824,1720614,2952209,650000,+0.0000,0.1800,-2.7,+17.2,+0.9788,NONE,STOPPED
="2026-08-25 00:40:21",79571,4731240,1720614,3010625,650000,+0.0000,0.1800,+5.5,+23.4,+0.9980,NONE,STOPPED
="2026-08-25 00:40:22",79560,4682508,1671882,3010625,650000,+0.0000,0.1800,-5.9,+28.1,+0.9664,NONE,STOPPED
="2026-08-25 00:40:23",79554,4756637,1746011,3010625,650000,+0.0000,0.1800,-12.0,+22.0,+0.8928,NONE,STOPPED
="2026-08-25 00:40:24",79552,4756637,1746011,3010625,650000,+0.0000,0.1800,-14.0,+22.0,+0.8309,NONE,STOPPED
="2026-08-25 00:40:25",79552,4745742,1735116,3010625,650000,+0.0000,0.1800,-16.6,+22.0,+0.7637,NONE,STOPPED
="2026-08-25 00:40:26",79554,4735737,1725111,3010625,650000,+0.0000,0.1800,-17.5,+24.0,+0.7078,NONE,STOPPED
="2026-08-25 00:40:27",79553,4735737,1725111,3010625,650000,+0.0000,0.1800,-6.1,+24.0,+0.6544,NONE,STOPPED
="2026-08-25 00:40:28",79530,4514749,1504123,3010625,650000,+0.0000,0.1800,-24.0,+0.0,+0.5100,NONE,STOPPED
="2026-08-25 00:40:29",79530,5015968,1478682,3537286,650000,+0.0000,0.1800,-22.0,+10.0,+0.3773,NONE,STOPPED
="2026-08-25 00:40:30",79533,4611104,1073818,3537286,650000,+0.0000,0.1800,-18.0,+14.0,+0.2649,NONE,STOPPED
="2026-08-25 00:40:31",79533,4505038,967751,3537286,650000,+0.0000,0.1800,-20.1,+13.9,+0.1613,NONE,STOPPED
="2026-08-25 00:40:32",79530,4293929,756642,3537286,650000,+0.0000,0.1800,-24.0,+10.0,+0.0505,NONE,STOPPED
="2026-08-25 00:40:33",79530,4241702,729208,3512493,650000,+0.0000,0.1800,-0.0,+10.0,-0.0510,NONE,STOPPED
="2026-08-25 00:40:34",79530,4119245,606751,3512493,650000,+0.0000,0.1800,-0.0,+10.0,-0.1439,NONE,STOPPED
="2026-08-25 00:40:35",79530,4108233,606751,3501481,650000,+0.0000,0.1800,-4.0,+11.4,-0.2286,NONE,STOPPED
="2026-08-25 00:40:36",79530,3892049,374689,3517360,650000,+0.0000,0.1800,-3.9,+11.4,-0.3068,NONE,STOPPED
="2026-08-25 00:40:37",79530,3892049,374689,3517360,650000,+0.0000,0.1800,+0.0,+11.4,-0.3778,NONE,STOPPED
="2026-08-25 00:40:38",79530,3892049,374689,3517360,650000,+0.0000,0.1800,-3.9,+11.4,-0.4423,NONE,STOPPED
="2026-08-25 00:40:39",79530,3904774,387414,3517360,650000,+0.0000,0.1800,-3.9,+0.0,-0.5006,NONE,STOPPED
="2026-08-25 00:40:40",79530,1199766,387414,812352,650000,+0.0000,0.1800,+0.0,+0.0,-0.5463,NONE,STOPPED
="2026-08-25 00:40:41",79530,1199766,387414,812352,650000,+0.0000,0.1800,+0.0,+0.0,-0.5868,NONE,STOPPED
="2026-08-25 00:40:42",79535,1224037,387414,836623,650000,+0.0000,0.1800,+6.0,+6.0,-0.5993,NONE,STOPPED
="2026-08-25 00:40:43",79530,1224037,387414,836623,650000,+0.0000,0.1800,-0.0,+10.1,-0.6330,NONE,STOPPED
="2026-08-25 00:40:44",79530,1304035,467411,836623,650000,+0.0000,0.1800,-0.0,+11.4,-0.6685,NONE,STOPPED
="2026-08-25 00:40:45",79530,1314630,467411,847218,650000,+0.0000,0.1800,+0.0,+12.0,-0.7008,NONE,STOPPED
="2026-08-25 00:40:46",79530,1314630,467411,847218,650000,+0.0000,0.1800,-0.0,+5.2,-0.7296,NONE,STOPPED
="2026-08-25 00:40:47",79530,1289548,467411,822136,650000,+0.0000,0.1800,-6.0,+2.0,-0.7508,NONE,STOPPED
="2026-08-25 00:40:48",79530,1263200,467411,795789,650000,+0.0000,0.1800,-6.0,+0.6,-0.7668,NONE,STOPPED
="2026-08-25 00:40:49",79530,1263200,467411,795789,650000,+0.0000,0.1800,+0.0,-14.0,-0.7791,NONE,STOPPED
="2026-08-25 00:40:50",79542,1345197,546347,798849,650000,+0.0000,0.1800,+12.0,-6.6,-0.7331,NONE,STOPPED
="2026-08-25 00:40:51",79553,1367584,546347,821237,650000,+0.0000,0.1800,+23.3,+3.3,-0.6428,NONE,STOPPED
="2026-08-25 00:40:52",79567,1337469,516340,821129,650000,+0.0000,0.1800,+37.8,+17.8,-0.5022,NONE,STOPPED
="2026-08-25 00:40:53",79567,1337469,516340,821129,650000,+0.0000,0.1800,+37.8,+17.8,-0.3737,NONE,STOPPED
="2026-08-25 00:40:54",79590,1359395,516340,843055,650000,+0.0000,0.1800,+60.0,+42.7,-0.1701,NONE,STOPPED
="2026-08-25 00:40:55",79593,1362952,532258,830693,650000,+0.0000,0.1800,+51.4,+46.1,+0.0258,NONE,STOPPED
="2026-08-25 00:40:56",79593,1362952,532258,830693,650000,+0.0000,0.1800,+40.1,+46.1,+0.2025,NONE,STOPPED
="2026-08-25 00:40:57",79593,1374435,532258,842177,650000,+0.0000,0.1800,+25.6,+46.1,+0.3613,NONE,STOPPED
="2026-08-25 00:40:58",79607,2263156,532258,1730898,650000,+0.0000,0.1800,+40.2,+60.7,+0.5602,NONE,STOPPED
="2026-08-25 00:40:59",79612,2282321,532258,1750062,650000,+0.0000,0.1800,+22.5,+62.5,+0.7555,NONE,STOPPED
="2026-08-25 00:41:00",79642,2229681,467889,1761791,650000,+0.0000,0.1800,+48.6,+62.0,+1.0458,NONE,STOPPED
="2026-08-25 00:41:01",79663,2210353,442899,1767453,650000,+0.0000,0.1800,+70.6,+95.9,+1.4084,NONE,STOPPED
="2026-08-25 00:41:02",79642,2210353,442899,1767453,650000,+0.0000,0.1800,+49.6,+75.0,+1.6435,NONE,STOPPED
="2026-08-25 00:41:03",79648,2220786,442899,1777886,650000,+0.0000,0.1800,+40.8,+80.8,+1.8742,NONE,STOPPED
="2026-08-25 00:41:04",79644,2238627,460741,1777886,650000,+0.0000,0.1800,+31.5,+88.0,+2.0587,NONE,STOPPED
="2026-08-25 00:41:05",79618,2290114,501597,1788516,650000,+0.0000,0.1800,-24.0,+62.0,+2.1110,NONE,STOPPED
="2026-08-25 00:41:06",79612,2290114,501597,1788516,650000,+0.0000,0.1800,-51.5,+56.5,+2.1306,NONE,STOPPED
="2026-08-25 00:41:07",79613,2342282,501597,1840684,650000,+0.0000,0.1800,-29.2,+57.8,+2.1468,NONE,STOPPED
="2026-08-25 00:41:08",79622,2511840,671155,1840684,650000,+0.0000,0.1800,-26.8,+64.4,+2.1867,NONE,STOPPED
="2026-08-25 00:41:09",79622,2511840,671155,1840684,650000,+0.0000,0.1800,-22.0,+64.4,+2.2168,NONE,STOPPED
="2026-08-25 00:41:10",79622,2523460,671155,1852304,650000,+0.0000,0.1800,+4.0,+64.4,+2.2372,NONE,STOPPED
="2026-08-25 00:41:11",79622,2523460,671155,1852304,650000,+0.0000,0.1800,+9.5,+54.8,+2.2485,NONE,STOPPED
="2026-08-25 00:41:12",79622,2503204,671155,1832049,650000,+0.0000,0.1800,+8.2,+50.8,+2.2575,NONE,STOPPED
="2026-08-25 00:41:13",79623,2524549,671155,1853394,650000,+0.0000,0.1800,+1.5,+52.3,+2.2670,NONE,STOPPED
="2026-08-25 00:41:14",79624,2524549,671155,1853394,650000,+0.0000,0.1800,+2.0,+52.8,+2.2709,NONE,STOPPED
="2026-08-25 00:41:15",79630,2524549,671155,1853394,650000,+0.0000,0.1800,+8.9,+64.9,+2.2946,NONE,STOPPED
="2026-08-25 00:41:16",79635,2524549,671155,1853394,650000,+0.0000,0.1800,+14.0,+70.0,+2.3257,NONE,STOPPED
="2026-08-25 00:41:17",79638,2524549,671155,1853394,650000,+0.0000,0.1800,+16.2,+72.2,+2.3551,NONE,STOPPED
="2026-08-25 00:41:18",79638,2524549,671155,1853394,650000,+0.0000,0.1800,+14.7,+72.2,+2.3742,NONE,STOPPED
="2026-08-25 00:41:19",79626,2583293,741820,1841473,650000,+0.0000,0.1800,+2.0,+57.4,+2.3362,NONE,STOPPED
="2026-08-25 00:41:20",79623,2614198,772724,1841473,650000,+0.0000,0.1800,-7.4,+52.0,+2.2861,NONE,STOPPED
="2026-08-25 00:41:21",79610,2581088,798030,1783057,650000,+0.0000,0.1800,-26.0,+49.9,+2.1828,NONE,STOPPED
="2026-08-25 00:41:22",79610,2540715,757657,1783057,650000,+0.0000,0.1800,-28.2,+56.0,+2.0758,NONE,STOPPED
="2026-08-25 00:41:23",79610,2466586,683528,1783057,650000,+0.0000,0.1800,-28.2,+58.0,+1.9681,NONE,STOPPED
="2026-08-25 00:41:24",79610,2466586,683528,1783057,650000,+0.0000,0.1800,-16.0,+58.0,+1.8625,NONE,STOPPED
="2026-08-25 00:41:25",79623,2477761,683528,1794232,650000,+0.0000,0.1800,+0.2,+69.7,+1.8133,NONE,STOPPED
="2026-08-25 00:41:26",79631,2477761,683528,1794232,650000,+0.0000,0.1800,+21.7,+77.7,+1.7941,NONE,STOPPED
="2026-08-25 00:41:27",79631,2477761,683528,1794232,650000,+0.0000,0.1800,+21.7,+101.7,+1.7697,NONE,STOPPED
="2026-08-25 00:41:28",79631,1895894,628322,1267572,650000,+0.0000,0.1800,+21.7,+101.7,+1.7261,NONE,STOPPED
="2026-08-25 00:41:29",79631,1883980,616408,1267572,650000,+0.0000,0.1800,+21.7,+97.7,+1.6787,NONE,STOPPED
="2026-08-25 00:41:30",79609,1883980,616408,1267572,650000,+0.0000,0.1800,-0.5,+75.6,+1.5441,NONE,STOPPED
="2026-08-25 00:41:31",79609,1883980,616408,1267572,650000,+0.0000,0.1800,-22.1,+79.5,+1.4150,NONE,STOPPED
="2026-08-25 00:41:32",79608,1883980,616408,1267572,650000,+0.0000,0.1800,-23.7,+78.0,+1.2830,NONE,STOPPED
="2026-08-25 00:41:33",79608,1871255,603683,1267572,650000,+0.0000,0.1800,-23.7,+78.0,+1.2830,NONE,STOPPED
="2026-08-25 00:41:34",79607,1858531,590958,1267572,650000,+0.0000,0.1800,-24.3,+77.4,+1.0341,NONE,STOPPED
="2026-08-25 00:41:35",79610,1858531,590958,1267572,650000,+0.0000,0.1800,+0.5,+80.0,+0.9269,NONE,STOPPED
="2026-08-25 00:41:36",79610,1829928,578234,1251693,650000,+0.0000,0.1800,+0.5,+80.0,+0.8239,NONE,STOPPED
="2026-08-25 00:41:37",79609,1829928,578234,1251693,650000,+0.0000,0.1800,+2.0,+80.0,+0.7251,NONE,STOPPED
="2026-08-25 00:41:38",79608,1829928,578234,1251693,650000,+0.0000,0.1800,+0.0,+78.0,+0.6225,NONE,STOPPED
="2026-08-25 00:41:39",79608,1829126,565509,1263616,650000,+0.0000,0.1800,+0.6,+78.0,+0.5245,NONE,STOPPED
="2026-08-25 00:41:40",79608,1829126,565509,1263616,650000,+0.0000,0.1800,-2.0,+78.0,+0.4309,NONE,STOPPED
="2026-08-25 00:41:41",79606,1829126,565509,1263616,650000,+0.0000,0.1800,-3.9,+70.1,+0.3339,NONE,STOPPED
="2026-08-25 00:41:42",79600,1862505,623159,1239345,650000,+0.0000,0.1800,-10.0,+70.0,+0.2218,NONE,STOPPED
="2026-08-25 00:41:43",79600,1862505,623159,1239345,650000,+0.0000,0.1800,-8.0,+70.0,+0.1128,NONE,STOPPED
="2026-08-25 00:41:44",79600,1769782,530437,1239345,650000,+0.0000,0.1800,-8.0,+70.0,+0.0103,NONE,STOPPED
="2026-08-25 00:41:45",79600,1759187,530437,1228750,650000,+0.0000,0.1800,-8.0,+70.0,-0.0860,NONE,STOPPED
="2026-08-25 00:41:46",79600,1759187,530437,1228750,650000,+0.0000,0.1800,-6.1,+70.0,-0.1765,NONE,STOPPED
="2026-08-25 00:41:47",79600,1866799,638049,1228750,650000,+0.0000,0.1800,-6.1,+70.0,-0.2616,NONE,STOPPED
="2026-08-25 00:41:48",79600,1866799,638049,1228750,650000,+0.0000,0.1800,+0.0,+70.0,-0.3414,NONE,STOPPED
="2026-08-25 00:41:49",79600,1866799,638049,1228750,650000,+0.0000,0.1800,+0.0,+58.0,-0.4163,NONE,STOPPED
="2026-08-25 00:41:50",79600,1759801,559113,1200687,650000,+0.0000,0.1800,-6.1,+46.7,-0.4794,NONE,STOPPED
="2026-08-25 00:41:51",79600,1737414,559113,1178300,650000,+0.0000,0.1800,-6.1,+32.2,-0.5315,NONE,STOPPED
="2026-08-25 00:41:52",79590,2279008,1125710,1153298,650000,+0.0000,0.1800,-10.0,+22.2,-0.6099,NONE,STOPPED
="2026-08-25 00:41:53",79590,2279008,1125710,1153298,650000,+0.0000,0.1800,-10.0,+0.0,-0.6810,NONE,STOPPED
="2026-08-25 00:41:54",79590,2267931,1125710,1142220,650000,+0.0000,0.1800,-10.0,-3.4,-0.7318,NONE,STOPPED
="2026-08-25 00:41:55",79600,2252012,1109792,1142220,650000,+0.0000,0.1800,+0.0,+6.6,-0.7357,NONE,STOPPED
="2026-08-25 00:41:56",79617,2395600,1237790,1157809,650000,+0.0000,0.1800,+18.0,+24.6,-0.6680,NONE,STOPPED
="2026-08-25 00:41:57",79618,2384116,1237790,1146325,650000,+0.0000,0.1800,+28.0,+10.0,-0.6060,NONE,STOPPED
="2026-08-25 00:41:58",79614,1495395,1237790,257604,650000,+0.0000,0.1800,+24.2,+1.7,-0.5552,NONE,STOPPED
="2026-08-25 00:41:59",79614,1476230,1237790,238440,650000,+0.0000,0.1800,+24.1,-27.8,-0.5052,NONE,STOPPED
="2026-08-25 00:42:00",79614,1436806,1237790,199015,650000,+0.0000,0.1800,+14.2,-49.8,-0.4407,NONE,STOPPED
="2026-08-25 00:42:01",79606,1409446,1237790,171655,650000,+0.0000,0.1800,-11.5,-36.5,-0.3965,NONE,STOPPED
="2026-08-25 00:42:02",79602,1409446,1237790,171655,650000,+0.0000,0.1800,-15.4,-46.2,-0.3808,NONE,STOPPED
="2026-08-25 00:42:03",79616,1424377,1237790,186586,650000,+0.0000,0.1800,+2.2,-27.7,-0.3071,NONE,STOPPED
="2026-08-25 00:42:04",79617,1422493,1235907,186586,650000,+0.0000,0.1800,+3.8,-0.0,-0.2346,NONE,STOPPED
="2026-08-25 00:42:05",79618,1422083,1235907,186176,650000,+0.0000,0.1800,+3.8,+5.5,-0.1826,NONE,STOPPED
="2026-08-25 00:42:06",79603,1422083,1235907,186176,650000,+0.0000,0.1800,-3.0,-10.3,-0.1945,NONE,STOPPED
="2026-08-25 00:42:07",79603,1369914,1235907,134007,650000,+0.0000,0.1800,+0.9,-18.5,-0.2038,NONE,STOPPED
="2026-08-25 00:42:08",79603,1200356,1066349,134007,650000,+0.0000,0.1800,-12.8,-18.5,-0.2065,NONE,STOPPED
="2026-08-25 00:42:09",79603,1200356,1066349,134007,650000,+0.0000,0.1800,-14.5,-18.5,-0.2078,NONE,STOPPED
="2026-08-25 00:42:10",79607,1213628,1066349,147279,650000,+0.0000,0.1800,-10.5,-14.5,-0.1922,NONE,STOPPED
="2026-08-25 00:42:11",79608,1213628,1066349,147279,650000,+0.0000,0.1800,+4.6,-13.9,-0.1748,NONE,STOPPED
="2026-08-25 00:42:12",79600,1272740,1141385,131355,650000,+0.0000,0.1800,-3.5,-23.5,-0.1895,NONE,STOPPED
="2026-08-25 00:42:13",79590,1283231,1173221,110010,650000,+0.0000,0.1800,-13.5,-34.0,-0.2396,NONE,STOPPED
="2026-08-25 00:42:14",79590,1283231,1173221,110010,650000,+0.0000,0.1800,-13.5,-40.9,-0.2831,NONE,STOPPED
="2026-08-25 00:42:15",79590,1547393,1425606,121786,650000,+0.0000,0.1800,-17.5,-46.0,-0.3166,NONE,STOPPED
="2026-08-25 00:42:16",79590,1547393,1425606,121786,650000,+0.0000,0.1800,-18.1,-48.2,-0.3417,NONE,STOPPED
="2026-08-25 00:42:17",79590,1547393,1425606,121786,650000,+0.0000,0.1800,-10.0,-48.2,-0.3607,NONE,STOPPED
="2026-08-25 00:42:18",79591,1547393,1425606,121786,650000,+0.0000,0.1800,+2.0,-34.0,-0.3676,NONE,STOPPED
="2026-08-25 00:42:19",79591,1476728,1354942,121786,650000,+0.0000,0.1800,+2.0,-31.5,-0.3786,NONE,STOPPED
="2026-08-25 00:42:20",79591,1445824,1324037,121786,650000,+0.0000,0.1800,+2.0,-18.0,-0.3880,NONE,STOPPED
="2026-08-25 00:42:21",79590,1577138,1455352,121786,650000,+0.0000,0.1800,-10.0,-20.0,-0.4104,NONE,STOPPED
="2026-08-25 00:42:22",79590,1834255,1712469,121786,650000,+0.0000,0.1800,-10.0,-20.0,-0.4156,NONE,STOPPED
="2026-08-25 00:42:23",79580,1869549,1747763,121786,650000,+0.0000,0.1800,-12.0,-30.0,-0.5185,NONE,STOPPED
="2026-08-25 00:42:24",79580,1869549,1747763,121786,650000,+0.0000,0.1800,-12.0,-43.7,-0.5622,NONE,STOPPED
="2026-08-25 00:42:25",79580,1858374,1747763,110611,650000,+0.0000,0.1800,-12.0,-43.7,-0.5622,NONE,STOPPED
="2026-08-25 00:42:26",79580,2255405,2144794,110611,650000,+0.0000,0.1800,-10.0,-51.7,-0.6100,NONE,STOPPED
="2026-08-25 00:42:27",79570,2467196,2356585,110611,650000,+0.0000,0.1800,-10.0,-61.7,-0.6626,NONE,STOPPED
="2026-08-25 00:42:28",79582,2509188,2356585,152603,650000,+0.0000,0.1800,+2.0,-49.7,-0.6600,NONE,STOPPED
="2026-08-25 00:42:29",79589,2509188,2356585,152603,650000,+0.0000,0.1800,+9.7,-19.8,-0.6242,NONE,STOPPED
="2026-08-25 00:42:30",79589,2509188,2356585,152603,650000,+0.0000,0.1800,+9.7,-19.8,-0.6021,NONE,STOPPED
="2026-08-25 00:42:31",79589,2527930,2375326,152603,650000,+0.0000,0.1800,+9.7,-18.3,-0.5799,NONE,STOPPED
="2026-08-25 00:42:32",79586,2527930,2375326,152603,650000,+0.0000,0.1800,+16.9,-21.1,-0.5696,NONE,STOPPED
="2026-08-25 00:42:33",79582,2527930,2375326,152603,650000,+0.0000,0.1800,+12.0,-25.4,-0.5771,NONE,STOPPED
="2026-08-25 00:42:34",79570,2527930,2375326,152603,650000,+0.0000,0.1800,-19.7,-40.0,-0.6288,NONE,STOPPED
="2026-08-25 00:42:35",79570,2527930,2375326,152603,650000,+0.0000,0.1800,-19.7,-40.0,-0.6715,NONE,STOPPED
="2026-08-25 00:42:36",79570,2527930,2375326,152603,650000,+0.0000,0.1800,-19.7,-40.0,-0.7075,NONE,STOPPED
="2026-08-25 00:42:37",79570,2553392,2400789,152603,650000,+0.0000,0.1800,-16.9,-38.0,-0.7372,NONE,STOPPED
="2026-08-25 00:42:38",79570,2553392,2400789,152603,650000,+0.0000,0.1800,-12.0,-38.0,-0.7623,NONE,STOPPED
="2026-08-25 00:42:39",79570,2541470,2400789,140680,650000,+0.0000,0.1800,-0.0,-38.0,-0.7822,NONE,STOPPED
="2026-08-25 00:42:40",79570,2541470,2400789,140680,650000,+0.0000,0.1800,-0.0,-36.1,-0.7971,NONE,STOPPED
="2026-08-25 00:42:41",79570,2541470,2400789,140680,650000,+0.0000,0.1800,-0.0,-30.0,-0.8087,NONE,STOPPED
="2026-08-25 00:42:42",79570,2483819,2343139,140680,650000,+0.0000,0.1800,+0.0,-30.0,-0.8198,NONE,STOPPED
="2026-08-25 00:42:43",79570,2519920,2379239,140680,650000,+0.0000,0.1800,-0.0,-30.0,-0.8271,NONE,STOPPED
="2026-08-25 00:42:44",79570,2582274,2441594,140680,650000,+0.0000,0.1800,-0.0,-30.0,-0.8308,NONE,STOPPED
="2026-08-25 00:42:45",79570,2603360,2462680,140680,650000,+0.0000,0.1800,-0.0,-30.0,-0.8312,NONE,STOPPED
="2026-08-25 00:42:46",79562,3069841,2929160,140680,650000,+0.0000,0.1800,-8.0,-38.0,-0.8598,NONE,STOPPED
="2026-08-25 00:42:47",79563,2987622,2821548,166073,650000,+0.0000,0.1800,-6.0,-36.0,-0.8749,NONE,STOPPED
="2026-08-25 00:42:48",79569,3010386,2821548,188838,650000,+0.0000,0.1800,-0.6,-30.6,-0.8644,NONE,STOPPED
="2026-08-25 00:42:49",79570,3037510,2821548,215961,650000,+0.0000,0.1800,-0.0,-30.0,-0.8493,NONE,STOPPED
="2026-08-25 00:42:50",79569,3049431,2821548,227882,650000,+0.0000,0.1800,-0.0,-30.0,-0.8327,NONE,STOPPED
="2026-08-25 00:42:51",79573,3060553,2821548,239004,650000,+0.0000,0.1800,+11.8,-16.2,-0.7998,NONE,STOPPED
="2026-08-25 00:42:52",79573,2511289,2254951,256337,650000,+0.0000,0.1800,+9.8,-16.2,-0.7732,NONE,STOPPED
="2026-08-25 00:42:53",79582,2531609,2254951,276658,650000,+0.0000,0.1800,+12.6,-8.0,-0.7147,NONE,STOPPED
="2026-08-25 00:42:54",79582,2532400,2266590,265809,650000,+0.0000,0.1800,+12.4,-17.6,-0.6582,NONE,STOPPED
="2026-08-25 00:42:55",79584,2532400,2266590,265809,650000,+0.0000,0.1800,+14.2,-33.8,-0.5920,NONE,STOPPED
="2026-08-25 00:42:56",79588,2410903,2138591,272311,650000,+0.0000,0.1800,+15.0,-29.2,-0.5009,NONE,STOPPED
="2026-08-25 00:42:57",79589,2443486,2138591,304894,650000,+0.0000,0.1800,+15.5,-24.9,-0.4135,NONE,STOPPED
="2026-08-25 00:42:58",79594,2467225,2138591,328633,650000,+0.0000,0.1800,+12.0,-20.2,-0.3159,NONE,STOPPED
="2026-08-25 00:42:59",79593,2467225,2138591,328633,650000,+0.0000,0.1800,+11.6,-20.2,-0.2254,NONE,STOPPED
="2026-08-25 00:43:00",79594,2467225,2138591,328633,650000,+0.0000,0.1800,+9.9,-12.5,-0.1417,NONE,STOPPED
="2026-08-25 00:43:01",79594,2467225,2138591,328633,650000,+0.0000,0.1800,+5.2,-8.6,-0.0688,NONE,STOPPED
="2026-08-25 00:43:02",79596,2507023,2178390,328633,650000,+0.0000,0.1800,+7.3,-19.7,+0.0061,NONE,STOPPED
="2026-08-25 00:43:03",79596,2500258,2196989,303269,650000,+0.0000,0.1800,+2.6,-21.4,+0.0829,NONE,STOPPED
="2026-08-25 00:43:04",79604,2442615,2117373,325241,650000,+0.0000,0.1800,+10.0,-14.0,+0.1833,NONE,STOPPED
="2026-08-25 00:43:05",79612,2479988,2139210,340777,650000,+0.0000,0.1800,+18.2,+8.7,+0.3071,NONE,STOPPED
="2026-08-25 00:43:06",79629,2504645,2139210,365435,650000,+0.0000,0.1800,+35.7,+26.1,+0.4787,NONE,STOPPED
="2026-08-25 00:43:07",79629,2515782,2139210,376572,650000,+0.0000,0.1800,+33.1,+26.1,+0.6330,NONE,STOPPED
="2026-08-25 00:43:08",79629,2587449,2210876,376572,650000,+0.0000,0.1800,+33.1,+26.1,+0.7444,NONE,STOPPED
="2026-08-25 00:43:09",79633,2612215,2210876,401338,650000,+0.0000,0.1800,+30.0,+26.5,+0.9117,NONE,STOPPED
="2026-08-25 00:43:10",79637,2587323,2210876,376446,650000,+0.0000,0.1800,+24.8,+28.9,+1.0506,NONE,STOPPED
="2026-08-25 00:43:11",79637,2587323,2210876,376446,650000,+0.0000,0.1800,+24.8,+28.9,+1.0506,NONE,STOPPED
="2026-08-25 00:43:12",79614,2603818,2175647,428171,650000,+0.0000,0.1800,-15.6,+24.1,+1.1806,NONE,STOPPED
="2026-08-25 00:43:13",79612,2571982,2143811,428171,650000,+0.0000,0.1800,-17.3,+22.4,+1.1796,NONE,STOPPED
="2026-08-25 00:43:14",79612,2571982,2143811,428171,650000,+0.0000,0.1800,-21.9,+22.1,+1.1744,NONE,STOPPED
="2026-08-25 00:43:15",79596,2328276,1911880,416395,650000,+0.0000,0.1800,-40.9,+6.1,+1.1037,NONE,STOPPED
="2026-08-25 00:43:16",79596,2307821,1891426,416395,650000,+0.0000,0.1800,-38.4,+6.0,+1.0368,NONE,STOPPED
="2026-08-25 00:43:17",79596,2320556,1904161,416395,650000,+0.0000,0.1800,-18.1,+4.0,+0.9732,NONE,STOPPED
="2026-08-25 00:43:18",79590,2364218,1947823,416395,650000,+0.0000,0.1800,-22.4,-2.0,+0.8909,NONE,STOPPED
="2026-08-25 00:43:19",79588,2364218,1947823,416395,650000,+0.0000,0.1800,-24.1,-4.0,+0.7894,NONE,STOPPED
="2026-08-25 00:43:20",79575,2364218,1947823,416395,650000,+0.0000,0.1800,-20.3,-14.3,+0.6800,NONE,STOPPED
="2026-08-25 00:43:21",79526,4433695,4017300,416395,650000,+0.0000,0.1800,-70.0,-53.9,+0.3696,NONE,STOPPED
="2026-08-25 00:43:22",79517,5426212,5009817,416395,650000,+0.0000,0.1800,-78.4,-62.4,+0.0491,NONE,STOPPED
="2026-08-25 00:43:23",79500,5672335,5255940,416395,650000,+0.0000,0.1800,-90.0,-80.0,-0.3087,NONE,STOPPED
="2026-08-25 00:43:24",79500,5707331,5290936,416395,650000,+0.0000,0.1800,-88.0,-80.0,-0.6309,NONE,STOPPED
="2026-08-25 00:43:25",79460,10166508,8399039,1767468,650000,+0.0000,0.1800,-115.7,-120.0,-1.0758,NONE,STOPPED
="2026-08-25 00:43:26",79440,11010085,9242616,1767468,650000,+0.0000,0.1800,-86.0,-130.0,-1.5521,NONE,STOPPED
="2026-08-25 00:43:27",79440,11301656,9522290,1779366,650000,+0.0000,0.1800,-77.6,-142.0,-1.9835,NONE,STOPPED
="2026-08-25 00:43:28",79440,11309150,9558785,1750364,650000,+0.0000,0.1800,-60.0,-149.7,-2.3603,NONE,STOPPED
="2026-08-25 00:43:29",79420,12238434,10488070,1750364,650000,+0.0000,0.1800,-80.0,-169.7,-2.7662,NONE,STOPPED
="2026-08-25 00:43:30",79420,12828030,11065771,1762259,650000,+0.0000,0.1800,-40.0,-169.7,-3.1238,NONE,STOPPED
="2026-08-25 00:43:31",79389,15557218,13794959,1762259,650000,+0.0000,0.1800,-50.8,-197.7,-3.5564,NONE,STOPPED
="2026-08-25 00:43:32",79357,15741714,13979454,1762259,650000,+0.0000,0.1800,-82.2,-224.2,-4.0592,NONE,STOPPED
="2026-08-25 00:43:33",79370,15741714,13979454,1762259,650000,+0.0000,0.1800,-70.0,-200.0,-4.4555,NONE,STOPPED
="2026-08-25 00:43:34",79384,15787390,13979454,1807935,650000,+0.0000,0.1800,-55.2,-185.2,-4.6621,NONE,STOPPED
="2026-08-25 00:43:35",79410,15798078,13979454,1818623,650000,+0.0000,0.1800,-10.0,-160.0,-4.9007,NONE,STOPPED
="2026-08-25 00:43:36",79407,15798078,13979454,1818623,650000,+0.0000,0.1800,+18.6,-162.2,-5.0312,NONE,STOPPED
="2026-08-25 00:43:37",79394,15772615,13953992,1818623,650000,+0.0000,0.1800,+36.2,-176.0,-5.1871,NONE,STOPPED
="2026-08-25 00:43:38",79384,15772615,13953992,1818623,650000,+0.0000,0.1800,+14.0,-186.0,-5.3503,NONE,STOPPED
="2026-08-25 00:43:39",79370,15772615,13953992,1818623,650000,+0.0000,0.1800,-14.3,-199.5,-5.5331,NONE,STOPPED
="2026-08-25 00:43:40",79342,15825203,14006579,1818623,650000,+0.0000,0.1800,-67.4,-227.4,-5.7889,NONE,STOPPED
="2026-08-25 00:43:41",79324,16225250,14406626,1818623,650000,+0.0000,0.1800,-83.8,-246.0,-6.0733,NONE,STOPPED
="2026-08-25 00:43:42",79315,16521953,14580023,1941929,650000,+0.0000,0.1800,-79.0,-255.0,-6.3451,NONE,STOPPED
="2026-08-25 00:43:43",79335,16485852,14543922,1941929,650000,+0.0000,0.1800,-48.3,-234.3,-6.4891,NONE,STOPPED
="2026-08-25 00:43:44",79322,16436192,14494263,1941929,650000,+0.0000,0.1800,-48.3,-247.8,-6.6500,NONE,STOPPED
="2026-08-25 00:43:45",79316,16446874,14473177,1973697,650000,+0.0000,0.1800,-26.0,-245.4,-6.7948,NONE,STOPPED
="2026-08-25 00:43:46",79338,16026952,14006696,2020255,650000,+0.0000,0.1800,+14.0,-226.0,-6.8242,NONE,STOPPED
="2026-08-25 00:43:47",79330,16098301,14045312,2052988,650000,+0.0000,0.1800,+15.0,-239.4,-6.8578,NONE,STOPPED
="2026-08-25 00:43:48",79310,16241233,14236402,2004831,650000,+0.0000,0.1800,-25.7,-260.0,-6.9395,NONE,STOPPED
="2026-08-25 00:43:49",79100,18500532,15900509,2600023,650000,+0.0000,0.1800,-222.2,-470.0,-7.8060,NONE,STOPPED
="2026-08-25 00:43:50",79156,19858748,16519046,3339702,650000,+0.0000,0.1800,-160.1,-417.3,-8.3411,NONE,STOPPED
="2026-08-25 00:43:51",79153,20149635,16663118,3486516,650000,+0.0000,0.1800,-184.0,-419.8,-8.8020,NONE,STOPPED
="2026-08-25 00:43:52",79145,20443829,16962386,3481442,650000,+0.0000,0.1800,-184.4,-436.4,-9.2198,NONE,STOPPED
="2026-08-25 00:43:53",79125,20498367,16978622,3519744,650000,+0.0000,0.1800,-184.9,-457.3,-9.6391,NONE,STOPPED
="2026-08-25 00:43:54",79149,20497636,16966983,3530653,650000,+0.0000,0.1800,-160.9,-435.0,-9.8894,NONE,STOPPED
="2026-08-25 00:43:55",79140,20533952,16978823,3555129,650000,+0.0000,0.1800,-16.2,-448.4,-10.1128,NONE,STOPPED
="2026-08-25 00:43:56",79148,20529589,16978823,3550766,650000,+0.0000,0.1800,-5.1,-440.4,-10.2416,NONE,STOPPED
="2026-08-25 00:43:57",79149,20532838,16978823,3554015,650000,+0.0000,0.1800,+3.5,-444.9,-10.3191,NONE,STOPPED
="2026-08-25 00:43:58",79163,20544133,16978823,3565309,650000,+0.0000,0.1800,+38.6,-430.4,-10.2914,NONE,STOPPED
="2026-08-25 00:43:59",79171,20578030,17012721,3565309,650000,+0.0000,0.1800,+22.1,-422.8,-10.1980,NONE,STOPPED
="2026-08-25 00:44:00",79185,20606480,17012721,3593759,650000,+0.0000,0.1800,+45.7,-408.0,-10.0170,NONE,STOPPED
="2026-08-25 00:44:01",79199,20629586,17012721,3616864,650000,+0.0000,0.1800,+50.6,-397.1,-9.7622,NONE,STOPPED
="2026-08-25 00:44:02",79148,20648489,17031624,3616864,650000,+0.0000,0.1800,-0.6,-448.1,-9.6907,NONE,STOPPED
="2026-08-25 00:44:03",79179,20654434,17013025,3641409,650000,+0.0000,0.1800,+15.4,-424.9,-9.4685,NONE,STOPPED
="2026-08-25 00:44:04",79138,20674964,17043675,3631289,650000,+0.0000,0.1800,-33.2,-474.2,-9.3847,NONE,STOPPED
="2026-08-25 00:44:05",79104,20735502,17129968,3605533,650000,+0.0000,0.1800,-67.2,-508.2,-9.3672,NONE,STOPPED
="2026-08-25 00:44:06",79104,20728118,17147242,3580876,650000,+0.0000,0.1800,-95.5,-525.7,-9.3584,NONE,STOPPED
="2026-08-25 00:44:07",79069,20838446,17244182,3594264,650000,+0.0000,0.1800,-79.1,-560.3,-9.4169,NONE,STOPPED
="2026-08-25 00:44:08",79050,21008077,17254326,3753751,650000,+0.0000,0.1800,-128.5,-583.5,-9.5014,NONE,STOPPED
="2026-08-25 00:44:09",79058,21061369,17305638,3755731,650000,+0.0000,0.1800,-79.2,-578.2,-9.5004,NONE,STOPPED
="2026-08-25 00:44:10",79023,21609126,17853394,3755731,650000,+0.0000,0.1800,-80.7,-611.2,-9.5932,NONE,STOPPED
="2026-08-25 00:44:11",79064,22373757,17853394,4520362,650000,+0.0000,0.1800,-40.0,-550.1,-9.4759,NONE,STOPPED
="2026-08-25 00:44:12",79088,22713318,17897904,4815414,650000,+0.0000,0.1800,+19.3,-523.7,-9.2427,NONE,STOPPED
="2026-08-25 00:44:13",79113,22760168,17897904,4862263,650000,+0.0000,0.1800,+63.5,-498.1,-8.8923,NONE,STOPPED
="2026-08-25 00:44:14",79134,22772422,17897904,4874517,650000,+0.0000,0.1800,+75.2,-462.1,-8.4565,NONE,STOPPED
="2026-08-25 00:44:15",79128,22892551,18018033,4874517,650000,+0.0000,0.1800,+104.7,-468.0,-8.0554,NONE,STOPPED
="2026-08-25 00:44:16",79136,22909881,18035363,4874517,650000,+0.0000,0.1800,+72.5,-459.5,-7.6212,NONE,STOPPED
="2026-08-25 00:44:17",79150,22956842,18022627,4934214,650000,+0.0000,0.1800,+61.3,-440.0,-7.1383,NONE,STOPPED
="2026-08-25 00:44:18",79165,22913181,17978966,4934214,650000,+0.0000,0.1800,+51.3,-422.7,-6.6093,NONE,STOPPED
="2026-08-25 00:44:19",79194,22952791,17978966,4973824,650000,+0.0000,0.1800,+60.0,-381.7,-5.9856,NONE,STOPPED
="2026-08-25 00:44:20",79146,23022840,18049015,4973824,650000,+0.0000,0.1800,+18.1,-380.0,-5.5827,NONE,STOPPED
="2026-08-25 00:44:21",79193,20828498,15822917,5005580,650000,+0.0000,0.1800,+57.5,-332.1,-5.1118,NONE,STOPPED
="2026-08-25 00:44:22",79173,19750760,14745179,5005580,650000,+0.0000,0.1800,+23.7,-326.3,-4.5861,NONE,STOPPED
="2026-08-25 00:44:23",79158,19368083,14345712,5022370,650000,+0.0000,0.1800,-7.3,-342.0,-4.2298,NONE,STOPPED
="2026-08-25 00:44:24",79178,19307286,14284915,5022370,650000,+0.0000,0.1800,-16.0,-282.0,-3.8046,NONE,STOPPED
="2026-08-25 00:44:25",79192,14452773,10781475,3671297,650000,+0.0000,0.1800,+45.9,-248.0,-3.3658,NONE,STOPPED
="2026-08-25 00:44:26",79210,13620576,9877162,3743413,650000,+0.0000,0.1800,+16.3,-229.8,-2.8890,NONE,STOPPED
="2026-08-25 00:44:27",79210,13202057,9470541,3731516,650000,+0.0000,0.1800,+36.5,-229.8,-2.4390,NONE,STOPPED
="2026-08-25 00:44:28",79216,13155560,9421019,3734541,650000,+0.0000,0.1800,+58.0,-204.0,-1.9919,NONE,STOPPED
="2026-08-25 00:44:29",79228,12310939,8576398,3734541,650000,+0.0000,0.1800,+50.6,-191.4,-1.5342,NONE,STOPPED
="2026-08-25 00:44:30",79242,11760049,7845999,3914050,650000,+0.0000,0.1800,+50.0,-147.2,-1.0538,NONE,STOPPED
="2026-08-25 00:44:31",79253,9127928,5213878,3914050,650000,+0.0000,0.1800,+43.7,-103.8,-0.5784,NONE,STOPPED
="2026-08-25 00:44:32",79228,8943433,5029383,3914050,650000,+0.0000,0.1800,+17.8,-142.0,-0.2585,NONE,STOPPED
="2026-08-25 00:44:33",79201,9865913,5029383,4836530,650000,+0.0000,0.1800,-14.3,-183.1,-0.0559,NONE,STOPPED
="2026-08-25 00:44:34",79193,9874715,5029383,4845331,650000,+0.0000,0.1800,-34.9,-216.3,+0.1137,NONE,STOPPED
="2026-08-25 00:44:35",79203,9864027,5029383,4834644,650000,+0.0000,0.1800,-38.6,-204.4,+0.3290,NONE,STOPPED
="2026-08-25 00:44:36",79204,9864027,5029383,4834644,650000,+0.0000,0.1800,-50.0,-190.0,+0.5340,NONE,STOPPED
="2026-08-25 00:44:37",79207,9864027,5029383,4834644,650000,+0.0000,0.1800,-20.0,-176.0,+0.7354,NONE,STOPPED
="2026-08-25 00:44:38",79164,10006091,5080443,4925647,650000,+0.0000,0.1800,-37.5,-206.3,+0.7486,NONE,STOPPED
="2026-08-25 00:44:39",79161,10006091,5080443,4925647,650000,+0.0000,0.1800,-32.3,-181.2,+0.7489,NONE,STOPPED
="2026-08-25 00:44:40",79171,9989071,5047623,4941447,650000,+0.0000,0.1800,-32.0,-152.6,+0.7783,NONE,STOPPED
="2026-08-25 00:44:41",79165,9569257,4627809,4941447,650000,+0.0000,0.1800,-38.0,-149.0,+0.7782,NONE,STOPPED
="2026-08-25 00:44:42",79170,9272554,4454412,4818141,650000,+0.0000,0.1800,-38.0,-165.7,+0.7931,NONE,STOPPED
="2026-08-25 00:44:43",79178,9272554,4454412,4818141,650000,+0.0000,0.1800,+13.8,-144.2,+0.8548,NONE,STOPPED
="2026-08-25 00:44:44",79178,9339037,4520895,4818141,650000,+0.0000,0.1800,+16.6,-138.6,+0.9075,NONE,STOPPED
="2026-08-25 00:44:45",79170,9307269,4520895,4786373,650000,+0.0000,0.1800,-1.4,-168.0,+0.9251,NONE,STOPPED
="2026-08-25 00:44:46",79176,9331810,4520895,4810914,650000,+0.0000,0.1800,+10.0,-154.0,+0.9816,NONE,STOPPED
="2026-08-25 00:44:47",79179,9260461,4482280,4778181,650000,+0.0000,0.1800,+10.0,-130.0,+1.0484,NONE,STOPPED
="2026-08-25 00:44:48",79202,9164150,4341220,4822929,650000,+0.0000,0.1800,+24.3,+102.3,+1.1879,NONE,STOPPED
="2026-08-25 00:44:49",79194,7283300,3082686,4200614,650000,+0.0000,0.1800,+16.3,+94.3,+1.1748,NONE,STOPPED
="2026-08-25 00:44:50",79210,5524309,2008546,3515763,650000,+0.0000,0.1800,+40.5,+56.5,+1.2226,NONE,STOPPED
="2026-08-25 00:44:51",79217,5170119,1864474,3305645,650000,+0.0000,0.1800,+42.0,+72.4,+1.3041,NONE,STOPPED
="2026-08-25 00:44:52",79218,5089669,1796283,3293386,650000,+0.0000,0.1800,+38.0,+92.9,+1.3680,NONE,STOPPED
="2026-08-25 00:44:53",79226,5099904,1835342,3264562,650000,+0.0000,0.1800,+24.4,+77.5,+1.4417,NONE,STOPPED
="2026-08-25 00:44:54",79234,5088996,1835342,3253653,650000,+0.0000,0.1800,+39.7,+93.7,+1.5450,NONE,STOPPED
="2026-08-25 00:44:55",79238,5052680,1823502,3229178,650000,+0.0000,0.1800,+27.7,+89.3,+1.6435,NONE,STOPPED
="2026-08-25 00:44:56",79277,5135139,1848871,3286267,650000,+0.0000,0.1800,+60.0,+128.9,+1.8860,NONE,STOPPED
="2026-08-25 00:44:57",79278,5099306,1848871,3250434,650000,+0.0000,0.1800,+60.0,+114.4,+2.0982,NONE,STOPPED
="2026-08-25 00:44:58",79286,5099536,1848871,3250664,650000,+0.0000,0.1800,+59.8,+115.3,+2.3238,NONE,STOPPED
="2026-08-25 00:44:59",79286,5202011,1852118,3349893,650000,+0.0000,0.1800,+52.4,+100.5,+2.5243,NONE,STOPPED
="2026-08-25 00:45:00",79298,5453610,1895342,3558268,650000,+0.0000,0.1800,+60.1,+98.8,+2.7523,NONE,STOPPED
="2026-08-25 00:45:01",79290,5460162,1924999,3535163,650000,+0.0000,0.1800,+12.4,+141.9,+2.9274,NONE,STOPPED
="2026-08-25 00:45:02",79278,5467827,1932663,3535163,650000,+0.0000,0.1800,+0.0,+98.9,+2.9982,NONE,STOPPED
="2026-08-25 00:45:03",79275,5485041,1943992,3541049,650000,+0.0000,0.1800,-11.3,+137.2,+3.0588,NONE,STOPPED
="2026-08-25 00:45:04",79248,5453718,1913341,3540377,650000,+0.0000,0.1800,-38.4,+144.0,+2.9733,NONE,STOPPED
="2026-08-25 00:45:05",79241,5328315,1787938,3540377,650000,+0.0000,0.1800,-57.2,+137.1,+2.8371,NONE,STOPPED
="2026-08-25 00:45:06",79208,5410846,1787938,3622908,650000,+0.0000,0.1800,-81.8,+139.1,+2.5749,NONE,STOPPED
="2026-08-25 00:45:07",79208,5289381,1690997,3598383,650000,+0.0000,0.1800,-69.5,+158.0,+2.3053,NONE,STOPPED
="2026-08-25 00:45:08",79208,5121223,1609187,3512036,650000,+0.0000,0.1800,-66.6,+149.7,+2.0377,NONE,STOPPED
="2026-08-25 00:45:09",79200,4970025,1557875,3412150,650000,+0.0000,0.1800,-75.2,+141.2,+1.8072,NONE,STOPPED
="2026-08-25 00:45:10",79114,6171883,2649630,3522252,650000,+0.0000,0.1800,-127.1,+50.0,+1.1313,NONE,STOPPED
="2026-08-25 00:45:11",79185,5625269,2719467,2905801,650000,+0.0000,0.1800,-22.5,+97.3,+0.8617,NONE,STOPPED
="2026-08-25 00:45:12",79193,5530643,2790238,2740404,650000,+0.0000,0.1800,-15.5,+79.1,+0.6516,NONE,STOPPED
="2026-08-25 00:45:13",79201,5501929,2790238,2711690,650000,+0.0000,0.1800,-6.7,+67.8,+0.5040,NONE,STOPPED
="2026-08-25 00:45:14",79201,5535371,2790238,2745132,650000,+0.0000,0.1800,+1.4,+73.4,+0.3753,NONE,STOPPED
="2026-08-25 00:45:15",79187,5430831,2670110,2760721,650000,+0.0000,0.1800,+73.9,+51.5,+0.1985,NONE,STOPPED
="2026-08-25 00:45:16",79187,5413501,2652780,2760721,650000,+0.0000,0.1800,+2.0,+37.9,+0.0395,NONE,STOPPED
="2026-08-25 00:45:17",79186,5353804,2652780,2701024,650000,+0.0000,0.1800,-7.0,+20.7,-0.1070,NONE,STOPPED
="2026-08-25 00:45:18",79181,5365453,2664428,2701024,650000,+0.0000,0.1800,-20.6,-12.8,-0.2511,NONE,STOPPED
="2026-08-25 00:45:19",79187,5338217,2664428,2673789,650000,+0.0000,0.1800,-13.4,+41.9,-0.3389,NONE,STOPPED
="2026-08-25 00:45:20",79193,5464179,2790390,2673789,650000,+0.0000,0.1800,+5.1,-0.9,-0.4274,NONE,STOPPED
="2026-08-25 00:45:21",79221,5489899,2803236,2686663,650000,+0.0000,0.1800,+33.9,+48.1,-0.3680,NONE,STOPPED
="2026-08-25 00:45:22",79234,5515370,2749390,2765979,650000,+0.0000,0.1800,+48.0,+76.0,-0.2792,NONE,STOPPED
="2026-08-25 00:45:23",79235,5498580,2749390,2749190,650000,+0.0000,0.1800,+54.8,+58.0,-0.2020,NONE,STOPPED
="2026-08-25 00:45:24",79239,5684693,2906601,2778092,650000,+0.0000,0.1800,+52.0,+48.0,-0.1067,NONE,STOPPED
="2026-08-25 00:45:25",79241,5684693,2906601,2778092,650000,+0.0000,0.1800,+48.0,+30.8,-0.0094,NONE,STOPPED
="2026-08-25 00:45:26",79246,5612576,2906601,2705975,650000,+0.0000,0.1800,+24.5,+36.1,+0.1089,NONE,STOPPED
="2026-08-25 00:45:27",79225,5766697,3011810,2754886,650000,+0.0000,0.1800,-8.0,+10.0,+0.1359,NONE,STOPPED
="2026-08-25 00:45:28",79217,5761570,3011810,2749759,650000,+0.0000,0.1800,-16.2,+1.8,+0.1287,NONE,STOPPED
="2026-08-25 00:45:29",79217,5761570,3011810,2749759,650000,+0.0000,0.1800,-22.2,-24.2,+0.1343,NONE,STOPPED
="2026-08-25 00:45:30",79226,5603543,3011810,2591732,650000,+0.0000,0.1800,-15.1,-28.0,+0.1773,NONE,STOPPED
="2026-08-25 00:45:31",79253,5574423,2977062,2597360,650000,+0.0000,0.1800,+7.1,+25.4,+0.3309,NONE,STOPPED
="2026-08-25 00:45:32",79253,5574423,2977062,2597360,650000,+0.0000,0.1800,+27.5,+51.7,+0.4545,NONE,STOPPED
="2026-08-25 00:45:33",79278,4714835,2997147,1717687,650000,+0.0000,0.1800,+60.7,+84.8,+0.6469,NONE,STOPPED
="2026-08-25 00:45:34",79284,4660358,2997147,1663210,650000,+0.0000,0.1800,+66.2,+80.6,+0.8342,NONE,STOPPED
="2026-08-25 00:45:35",79311,4817583,2997147,1820435,650000,+0.0000,0.1800,+86.0,+108.0,+1.1143,NONE,STOPPED
="2026-08-25 00:45:36",79337,4857300,2997147,1860152,650000,+0.0000,0.1800,+84.2,+129.7,+1.4633,NONE,STOPPED
="2026-08-25 00:45:37",79338,4857300,2997147,1860152,650000,+0.0000,0.1800,+85.5,+174.8,+1.7805,NONE,STOPPED
="2026-08-25 00:45:38",79338,4715236,2946087,1769149,650000,+0.0000,0.1800,+60.4,+177.6,+2.0341,NONE,STOPPED
="2026-08-25 00:45:39",79330,4741893,2972744,1769149,650000,+0.0000,0.1800,+46.0,+158.6,+2.2174,NONE,STOPPED
="2026-08-25 00:45:40",79330,4726093,2972744,1753348,650000,+0.0000,0.1800,+18.0,+164.0,+2.3792,NONE,STOPPED
="2026-08-25 00:45:41",79330,4726093,2972744,1753348,650000,+0.0000,0.1800,-7.6,+160.0,+2.5120,NONE,STOPPED
="2026-08-25 00:45:42",79330,4738786,2985437,1753348,650000,+0.0000,0.1800,-8.6,+152.3,+2.6249,NONE,STOPPED
="2026-08-25 00:45:43",79325,4951006,3197657,1753348,650000,+0.0000,0.1800,-13.5,+147.5,+2.7019,NONE,STOPPED
="2026-08-25 00:45:44",79331,4871828,3118479,1753348,650000,+0.0000,0.1800,+2.0,+162.0,+2.7860,NONE,STOPPED
="2026-08-25 00:45:45",79339,4871828,3118479,1753348,650000,+0.0000,0.1800,+9.8,+163.8,+2.8760,NONE,STOPPED
="2026-08-25 00:45:46",79348,4832978,3118479,1714498,650000,+0.0000,0.1800,+18.8,+168.8,+2.9840,NONE,STOPPED
="2026-08-25 00:45:47",79348,5032977,3318479,1714498,650000,+0.0000,0.1800,+18.5,+146.5,+3.0718,NONE,STOPPED
="2026-08-25 00:45:48",79363,5040334,3349415,1690918,650000,+0.0000,0.1800,+38.5,+169.7,+3.2113,NONE,STOPPED
="2026-08-25 00:45:49",79373,5076175,3349415,1726759,650000,+0.0000,0.1800,+42.0,+163.5,+3.3594,NONE,STOPPED
="2026-08-25 00:45:50",79375,5116206,3349415,1766790,650000,+0.0000,0.1800,+36.0,+157.8,+3.4970,NONE,STOPPED
="2026-08-25 00:45:51",79386,5101638,3349415,1752222,650000,+0.0000,0.1800,+37.2,+168.0,+3.6529,NONE,STOPPED
="2026-08-25 00:45:52",79393,5106752,3369563,1737188,650000,+0.0000,0.1800,+45.0,+167.2,+3.8110,NONE,STOPPED
="2026-08-25 00:45:53",79392,4805615,3083191,1722424,650000,+0.0000,0.1800,+28.5,+158.5,+3.9405,NONE,STOPPED
="2026-08-25 00:45:54",79392,4885008,3083191,1801817,650000,+0.0000,0.1800,+18.5,+154.4,+4.0482,NONE,STOPPED
="2026-08-25 00:45:55",79396,4933239,3083191,1850047,650000,+0.0000,0.1800,+20.2,+118.0,+4.1476,NONE,STOPPED
="2026-08-25 00:45:56",79399,4885293,3073842,1811451,650000,+0.0000,0.1800,+14.0,+122.0,+4.2631,NONE,STOPPED
="2026-08-25 00:45:57",79399,4885293,3073842,1811451,650000,+0.0000,0.1800,+6.2,+113.6,+4.3547,NONE,STOPPED
="2026-08-25 00:45:58",79399,4861422,3085233,1776188,650000,+0.0000,0.1800,+7.3,+113.4,+4.4289,NONE,STOPPED
="2026-08-25 00:45:59",79390,4756787,3064430,1692356,650000,+0.0000,0.1800,-1.9,+92.3,+4.4469,NONE,STOPPED
="2026-08-25 00:46:00",79368,4464051,3008520,1455531,650000,+0.0000,0.1800,-27.5,+78.1,+4.3709,NONE,STOPPED
="2026-08-25 00:46:01",79383,4447081,2991549,1455531,650000,+0.0000,0.1800,-16.0,+106.0,+4.3454,NONE,STOPPED
="2026-08-25 00:46:02",79405,4402966,2925183,1477783,650000,+0.0000,0.1800,+5.0,+129.8,+4.3839,NONE,STOPPED
="2026-08-25 00:46:03",79403,4361207,2913855,1447352,650000,+0.0000,0.1800,+3.9,+155.7,+4.3981,NONE,STOPPED
="2026-08-25 00:46:04",79403,4391928,2913855,1478073,650000,+0.0000,0.1800,+13.1,+162.6,+4.3803,NONE,STOPPED
="2026-08-25 00:46:05",79405,4841917,3375023,1466893,650000,+0.0000,0.1800,+15.1,+164.6,+4.3058,NONE,STOPPED
="2026-08-25 00:46:06",79405,4775267,3375023,1400243,650000,+0.0000,0.1800,+21.7,+197.2,+4.2913,NONE,STOPPED
="2026-08-25 00:46:07",79406,4791442,3375023,1416418,650000,+0.0000,0.1800,+1.0,+197.4,+4.2200,NONE,STOPPED
="2026-08-25 00:46:08",79406,4791442,3375023,1416418,650000,+0.0000,0.1800,+1.7,+198.2,+4.1246,NONE,STOPPED
="2026-08-25 00:46:09",79406,4766914,3350495,1416418,650000,+0.0000,0.1800,+3.0,+292.7,+4.0475,NONE,STOPPED
="2026-08-25 00:46:10",79407,3352059,2035510,1316548,650000,+0.0000,0.1800,+2.1,+221.8,+3.8972,NONE,STOPPED
="2026-08-25 00:46:11",79424,3316817,1965673,1351143,650000,+0.0000,0.1800,+19.2,+231.8,+3.8506,NONE,STOPPED
="2026-08-25 00:46:12",79424,2996986,1810585,1186400,650000,+0.0000,0.1800,+18.9,+223.1,+3.7947,NONE,STOPPED
="2026-08-25 00:46:13",79436,3026848,1810585,1216262,650000,+0.0000,0.1800,+29.8,+235.1,+3.7770,NONE,STOPPED
="2026-08-25 00:46:14",79429,3130048,1959483,1170565,650000,+0.0000,0.1800,+22.8,+241.6,+3.7163,NONE,STOPPED
="2026-08-25 00:46:15",79434,3114460,1959483,1154976,650000,+0.0000,0.1800,+26.3,+246.1,+3.6532,NONE,STOPPED
="2026-08-25 00:46:16",79443,3114460,1959483,1154976,650000,+0.0000,0.1800,+19.1,+258.0,+3.6169,NONE,STOPPED
="2026-08-25 00:46:17",79443,3114460,1959483,1154976,650000,+0.0000,0.1800,+19.1,+262.8,+3.5647,NONE,STOPPED
="2026-08-25 00:46:18",79418,3550394,2395417,1154976,650000,+0.0000,0.1800,-18.1,+230.4,+3.3969,NONE,STOPPED
="2026-08-25 00:46:19",79420,3549326,2395417,1153909,650000,+0.0000,0.1800,-9.4,+227.1,+3.2380,NONE,STOPPED
="2026-08-25 00:46:20",79420,3365525,2199405,1166119,650000,+0.0000,0.1800,-13.9,+198.3,+3.0802,NONE,STOPPED
="2026-08-25 00:46:21",79424,3308048,2186559,1121489,650000,+0.0000,0.1800,-20.0,+190.0,+2.9533,NONE,STOPPED
="2026-08-25 00:46:22",79423,3241439,2199267,1042172,650000,+0.0000,0.1800,-20.0,+190.0,+2.8556,NONE,STOPPED
="2026-08-25 00:46:23",79420,3241439,2199267,1042172,650000,+0.0000,0.1800,+1.7,+180.2,+2.6913,NONE,STOPPED
="2026-08-25 00:46:24",79420,3055327,2042057,1013270,650000,+0.0000,0.1800,+0.0,+179.1,+2.5538,NONE,STOPPED
="2026-08-25 00:46:25",79417,3132261,2118991,1013270,650000,+0.0000,0.1800,-3.1,+175.9,+2.4385,NONE,STOPPED
="2026-08-25 00:46:26",79403,3144968,2131698,1013270,650000,+0.0000,0.1800,-20.1,+177.9,+2.2080,NONE,STOPPED
="2026-08-25 00:46:27",79402,2990847,2026488,964359,650000,+0.0000,0.1800,-21.4,+184.8,+2.0007,NONE,STOPPED
="2026-08-25 00:46:28",79402,2979958,2026488,953470,650000,+0.0000,0.1800,-17.5,+184.8,+1.7955,NONE,STOPPED
="2026-08-25 00:46:29",79372,3014781,2061311,953470,650000,+0.0000,0.1800,-47.9,+146.3,+1.4791,NONE,STOPPED
="2026-08-25 00:46:30",79355,3082939,2118526,964413,650000,+0.0000,0.1800,-61.8,+101.7,+1.1197,NONE,STOPPED
="2026-08-25 00:46:31",79355,3069319,2143910,925409,650000,+0.0000,0.1800,-61.8,+101.7,+1.1197,NONE,STOPPED
="2026-08-25 00:46:32",79320,3210259,2186520,1023738,650000,+0.0000,0.1800,-82.6,+41.5,+0.2634,NONE,STOPPED
="2026-08-25 00:46:33",79328,3147366,2166435,980930,650000,+0.0000,0.1800,-74.6,+44.0,-0.0777,NONE,STOPPED
="2026-08-25 00:46:34",79318,3162655,2181724,980930,650000,+0.0000,0.1800,-54.3,+6.0,-0.4262,NONE,STOPPED
="2026-08-25 00:46:35",79344,3005429,2181724,823705,650000,+0.0000,0.1800,-11.2,+6.4,-0.6263,NONE,STOPPED
="2026-08-25 00:46:36",79366,2994871,2181724,813147,650000,+0.0000,0.1800,+40.7,+27.0,-0.7075,NONE,STOPPED
="2026-08-25 00:46:37",79366,2994871,2181724,813147,650000,+0.0000,0.1800,+46.0,+27.0,-0.7804,NONE,STOPPED
="2026-08-25 00:46:38",79366,2994871,2181724,813147,650000,+0.0000,0.1800,+38.0,+36.0,-0.8465,NONE,STOPPED
="2026-08-25 00:46:39",79366,2968214,2155067,813147,650000,+0.0000,0.1800,+38.0,+36.0,-0.8465,NONE,STOPPED
="2026-08-25 00:46:40",79372,2968214,2155067,813147,650000,+0.0000,0.1800,+28.0,+42.0,-0.9401,NONE,STOPPED
="2026-08-25 00:46:41",79380,2968214,2155067,813147,650000,+0.0000,0.1800,+14.0,+49.7,-0.9419,NONE,STOPPED
="2026-08-25 00:46:42",79382,2955521,2142374,813147,650000,+0.0000,0.1800,+16.0,+56.5,-0.9357,NONE,STOPPED
="2026-08-25 00:46:43",79384,2743300,1930153,813147,650000,+0.0000,0.1800,+18.4,+52.4,-0.9240,NONE,STOPPED
="2026-08-25 00:46:44",79407,2743300,1930153,813147,650000,+0.0000,0.1800,+40.0,+68.2,-0.8179,NONE,STOPPED
="2026-08-25 00:46:45",79423,2743300,1930153,813147,650000,+0.0000,0.1800,+51.5,+74.7,-0.6576,NONE,STOPPED
="2026-08-25 00:46:46",79423,2721434,1930153,791280,650000,+0.0000,0.1800,+43.5,+74.7,-0.5080,NONE,STOPPED
="2026-08-25 00:46:47",79423,2521434,1730154,791280,650000,+0.0000,0.1800,+41.5,+59.5,-0.3735,NONE,STOPPED
="2026-08-25 00:46:48",79423,2469330,1699217,770112,650000,+0.0000,0.1800,+38.7,+49.1,-0.2459,NONE,STOPPED
="2026-08-25 00:46:49",79423,2433488,1699217,734271,650000,+0.0000,0.1800,+15.1,+47.3,-0.1254,NONE,STOPPED
="2026-08-25 00:46:50",79414,2409465,1699217,710247,650000,+0.0000,0.1800,-8.8,+28.7,-0.0486,NONE,STOPPED
="2026-08-25 00:46:51",79398,2422171,1711923,710247,650000,+0.0000,0.1800,-25.5,+4.2,-0.0389,NONE,STOPPED
="2026-08-25 00:46:52",79398,2402023,1691776,710247,650000,+0.0000,0.1800,-25.5,+5.5,-0.0257,NONE,STOPPED
="2026-08-25 00:46:53",79458,2535914,1691776,844138,650000,+0.0000,0.1800,+34.9,+65.5,+0.2187,NONE,STOPPED
="2026-08-25 00:46:54",79463,2456521,1691776,764745,650000,+0.0000,0.1800,+40.2,+67.3,+0.4592,NONE,STOPPED
="2026-08-25 00:46:55",79463,2442882,1691776,751106,650000,+0.0000,0.1800,+48.8,+63.5,+0.6776,NONE,STOPPED
="2026-08-25 00:46:56",79463,2390642,1675756,714886,650000,+0.0000,0.1800,+65.5,+63.5,+0.8751,NONE,STOPPED
="2026-08-25 00:46:57",79463,2433138,1718251,714886,650000,+0.0000,0.1800,+65.3,+63.4,+1.0497,NONE,STOPPED
="2026-08-25 00:46:58",79461,2421746,1706860,714886,650000,+0.0000,0.1800,+4.0,+71.4,+1.1990,NONE,STOPPED
="2026-08-25 00:46:59",79463,2390008,1690518,699489,650000,+0.0000,0.1800,+0.3,+72.9,+1.3113,NONE,STOPPED
="2026-08-25 00:47:00",79463,2390008,1690518,699489,650000,+0.0000,0.1800,+0.0,+79.6,+1.4315,NONE,STOPPED
="2026-08-25 00:47:01",79464,2390008,1690518,699489,650000,+0.0000,0.1800,+1.3,+59.8,+1.5311,NONE,STOPPED
="2026-08-25 00:47:02",79446,2367756,1690518,677237,650000,+0.0000,0.1800,-17.3,+42.3,+1.5549,NONE,STOPPED
="2026-08-25 00:47:03",79440,2367756,1690518,677237,650000,+0.0000,0.1800,-22.0,+36.3,+1.5476,NONE,STOPPED
="2026-08-25 00:47:04",79440,2337035,1690518,646516,650000,+0.0000,0.1800,-23.5,+34.3,+1.5364,NONE,STOPPED
="2026-08-25 00:47:05",79449,1886033,1229350,656682,650000,+0.0000,0.1800,-13.6,+44.3,+1.5616,NONE,STOPPED
="2026-08-25 00:47:06",79464,1870152,1229350,640801,650000,+0.0000,0.1800,-0.8,+58.0,+1.6341,NONE,STOPPED
="2026-08-25 00:47:07",79463,2188654,1564028,624626,650000,+0.0000,0.1800,+18.0,+57.3,+1.6946,NONE,STOPPED
="2026-08-25 00:47:08",79463,2188654,1564028,624626,650000,+0.0000,0.1800,+24.0,+57.2,+1.7443,NONE,STOPPED
="2026-08-25 00:47:09",79463,2188654,1564028,624626,650000,+0.0000,0.1800,+24.0,+56.2,+1.7838,NONE,STOPPED
="2026-08-25 00:47:10",79464,1878423,1264029,614393,650000,+0.0000,0.1800,+24.0,+56.2,+1.7836,NONE,STOPPED
="2026-08-25 00:47:11",79464,1695647,1264029,431617,650000,+0.0000,0.1800,+14.0,+39.1,+1.8468,NONE,STOPPED
="2026-08-25 00:47:12",79465,1695647,1264029,431617,650000,+0.0000,0.1800,+1.2,+28.7,+1.8755,NONE,STOPPED
="2026-08-25 00:47:13",79468,1631014,1264029,366985,650000,+0.0000,0.1800,+4.2,+38.7,+1.9151,NONE,STOPPED
="2026-08-25 00:47:14",79475,1482117,1115131,366985,650000,+0.0000,0.1800,+11.7,+41.6,+1.9707,NONE,STOPPED
="2026-08-25 00:47:15",79475,1482117,1115131,366985,650000,+0.0000,0.1800,+11.7,+31.7,+2.0183,NONE,STOPPED
="2026-08-25 00:47:16",79482,1482117,1115131,366985,650000,+0.0000,0.1800,+18.9,+38.9,+2.0900,NONE,STOPPED
="2026-08-25 00:47:17",79492,1539036,1115131,423904,650000,+0.0000,0.1800,+26.8,+73.6,+2.1849,NONE,STOPPED
="2026-08-25 00:47:18",79500,1091453,667549,423904,650000,+0.0000,0.1800,+31.8,+79.9,+2.2807,NONE,STOPPED
="2026-08-25 00:47:19",79506,1117673,705076,412597,650000,+0.0000,0.1800,+30.8,+86.3,+2.3862,NONE,STOPPED
="2026-08-25 00:47:20",79507,1153794,705076,448718,650000,+0.0000,0.1800,+32.3,+84.0,+2.4799,NONE,STOPPED
="2026-08-25 00:47:21",79518,1201668,705076,496591,650000,+0.0000,0.1800,+35.1,+94.0,+2.5980,NONE,STOPPED
="2026-08-25 00:47:22",79501,1188960,692368,496591,650000,+0.0000,0.1800,+9.6,+81.5,+2.6327,NONE,STOPPED
="2026-08-25 00:47:23",79505,1188960,692368,496591,650000,+0.0000,0.1800,+6.0,+85.8,+2.6704,NONE,STOPPED
="2026-08-25 00:47:24",79494,1199560,702969,496591,650000,+0.0000,0.1800,-12.3,+77.2,+2.6500,NONE,STOPPED
="2026-08-25 00:47:25",79497,1122626,626034,496591,650000,+0.0000,0.1800,-10.5,+93.6,+2.6340,NONE,STOPPED
="2026-08-25 00:47:26",79497,1109919,613328,496591,650000,+0.0000,0.1800,-20.4,+94.9,+2.6030,NONE,STOPPED
="2026-08-25 00:47:27",79496,1121315,613328,507987,650000,+0.0000,0.1800,-5.3,+93.6,+2.5339,NONE,STOPPED
="2026-08-25 00:47:28",79496,1121315,613328,507987,650000,+0.0000,0.1800,-9.7,+124.0,+2.5112,NONE,STOPPED
="2026-08-25 00:47:29",79494,1086492,578504,507987,650000,+0.0000,0.1800,-0.2,+138.8,+2.4307,NONE,STOPPED
="2026-08-25 00:47:30",79495,1018334,521290,497043,650000,+0.0000,0.1800,-1.7,+170.5,+2.3441,NONE,STOPPED
="2026-08-25 00:47:31",79495,992950,495906,497043,650000,+0.0000,0.1800,-1.7,+175.8,+2.2365,NONE,STOPPED
="2026-08-25 00:47:32",79495,950339,453296,497043,650000,+0.0000,0.1800,-0.4,+167.8,+2.1237,NONE,STOPPED
="2026-08-25 00:47:33",79511,852010,453296,398714,650000,+0.0000,0.1800,+14.8,+193.0,+2.0732,NONE,STOPPED
="2026-08-25 00:47:34",79511,836721,438007,398714,650000,+0.0000,0.1800,+17.0,+167.0,+2.0093,NONE,STOPPED
="2026-08-25 00:47:35",79518,848312,438007,410305,650000,+0.0000,0.1800,+24.8,+174.8,+2.0167,NONE,STOPPED
="2026-08-25 00:47:36",79543,844156,438007,406149,650000,+0.0000,0.1800,+47.2,+177.0,+2.0595,NONE,STOPPED
="2026-08-25 00:47:37",79545,844156,438007,406149,650000,+0.0000,0.1800,+49.3,+179.1,+2.1241,NONE,STOPPED
="2026-08-25 00:47:38",79545,844156,438007,406149,650000,+0.0000,0.1800,+49.3,+177.2,+2.1022,NONE,STOPPED
="2026-08-25 00:47:39",79552,844156,438007,406149,650000,+0.0000,0.1800,+41.1,+180.1,+2.2308,NONE,STOPPED
="2026-08-25 00:47:40",79542,844156,438007,406149,650000,+0.0000,0.1800,+23.7,+162.5,+2.2382,NONE,STOPPED
="2026-08-25 00:47:41",79532,1128914,449092,679822,650000,+0.0000,0.1800,-10.9,+150.1,+2.1978,NONE,STOPPED
="2026-08-25 00:47:42",79518,1141636,461814,679822,650000,+0.0000,0.1800,-27.1,+133.6,+2.0965,NONE,STOPPED
="2026-08-25 00:47:43",79506,1141636,461814,679822,650000,+0.0000,0.1800,-38.4,+98.8,+1.9521,NONE,STOPPED
="2026-08-25 00:47:44",79502,1141636,461814,679822,650000,+0.0000,0.1800,-50.1,+78.5,+1.8072,NONE,STOPPED
="2026-08-25 00:47:45",79496,1335447,586922,748525,650000,+0.0000,0.1800,-45.8,+73.2,+1.6566,NONE,STOPPED
="2026-08-25 00:47:46",79497,1325065,586922,738142,650000,+0.0000,0.1800,-34.1,+74.5,+1.5177,NONE,STOPPED
="2026-08-25 00:47:47",79488,1325065,586922,738142,650000,+0.0000,0.1800,-30.0,+64.9,+1.3461,NONE,STOPPED
="2026-08-25 00:47:48",79484,1939106,1135701,803405,650000,+0.0000,0.1800,-22.1,+61.6,+1.1709,NONE,STOPPED
="2026-08-25 00:47:49",79485,1939106,1135701,803405,650000,+0.0000,0.1800,-16.1,+71.2,+1.0112,NONE,STOPPED
="2026-08-25 00:47:50",79491,1923099,1135701,787398,650000,+0.0000,0.1800,-4.8,+94.0,+0.8795,NONE,STOPPED
="2026-08-25 00:47:51",79505,1910393,1122994,787398,650000,+0.0000,0.1800,+8.0,+108.0,+0.7987,NONE,STOPPED
="2026-08-25 00:47:52",79506,1910393,1122994,787398,650000,+0.0000,0.1800,+18.0,+48.0,+0.7191,NONE,STOPPED
="2026-08-25 00:47:53",79508,1776502,1122994,653508,650000,+0.0000,0.1800,+23.3,+44.7,+0.6848,NONE,STOPPED
="2026-08-25 00:47:54",79508,1776502,1122994,653508,650000,+0.0000,0.1800,+22.1,+44.5,+0.6534,NONE,STOPPED
="2026-08-25 00:47:55",79490,1754631,1135715,618916,650000,+0.0000,0.1800,-2.0,+26.5,+0.5516,NONE,STOPPED
="2026-08-25 00:47:56",79482,1754631,1135715,618916,650000,+0.0000,0.1800,-23.9,+18.8,+0.4258,NONE,STOPPED
="2026-08-25 00:47:57",79474,1712135,1093219,618916,650000,+0.0000,0.1800,-32.0,+12.0,+0.2779,NONE,STOPPED
="2026-08-25 00:47:58",79474,1712135,1093219,618916,650000,+0.0000,0.1800,-34.0,+10.5,+0.1413,NONE,STOPPED
="2026-08-25 00:47:59",79465,1712135,1093219,618916,650000,+0.0000,0.1800,-42.8,+1.7,-0.0172,NONE,STOPPED
="2026-08-25 00:48:00",79454,1725409,1093219,632189,650000,+0.0000,0.1800,-36.0,-10.8,-0.2053,NONE,STOPPED
="2026-08-25 00:48:01",79440,1725409,1093219,632189,650000,+0.0000,0.1800,-41.5,-5.5,-0.4278,NONE,STOPPED
="2026-08-25 00:48:02",79434,1725409,1093219,632189,650000,+0.0000,0.1800,-40.0,-6.0,-0.6657,NONE,STOPPED
="2026-08-25 00:48:03",79425,1741861,1093219,648641,650000,+0.0000,0.1800,-48.5,-14.5,-0.9174,NONE,STOPPED
="2026-08-25 00:48:04",79408,1741861,1093219,648641,650000,+0.0000,0.1800,-56.3,-41.0,-1.2088,NONE,STOPPED
="2026-08-25 00:48:05",79398,1731695,1093219,638475,650000,+0.0000,0.1800,-55.8,-65.7,-1.5062,NONE,STOPPED
="2026-08-25 00:48:06",79398,1731695,1093219,638475,650000,+0.0000,0.1800,-42.2,-65.7,-1.7636,NONE,STOPPED
="2026-08-25 00:48:07",79382,1504621,854254,650366,650000,+0.0000,0.1800,-52.0,-82.0,-2.0553,NONE,STOPPED
="2026-08-25 00:48:08",79382,1504621,854254,650366,650000,+0.0000,0.1800,-43.5,-82.0,-2.3138,NONE,STOPPED
="2026-08-25 00:48:09",79371,1631272,854254,777017,650000,+0.0000,0.1800,-37.2,-92.2,-2.5813,NONE,STOPPED
="2026-08-25 00:48:10",79371,1631272,854254,777017,650000,+0.0000,0.1800,-26.5,-92.2,-2.8161,NONE,STOPPED
="2026-08-25 00:48:11",79365,1631272,854254,777017,650000,+0.0000,0.1800,-32.4,-99.3,-3.0434,NONE,STOPPED
="2026-08-25 00:48:12",79377,1681205,854254,826950,650000,+0.0000,0.1800,-4.4,-90.6,-3.1944,NONE,STOPPED
="2026-08-25 00:48:13",79381,1681205,854254,826950,650000,+0.0000,0.1800,-0.5,-94.2,-3.3047,NONE,STOPPED
="2026-08-25 00:48:14",79380,1681205,854254,826950,650000,+0.0000,0.1800,+9.2,-94.7,-3.3926,NONE,STOPPED
="2026-08-25 00:48:15",79380,1693306,854254,839051,650000,+0.0000,0.1800,+9.2,-101.9,-3.4620,NONE,STOPPED
="2026-08-25 00:48:16",79380,1693306,854254,839051,650000,+0.0000,0.1800,+15.1,-111.1,-3.5099,NONE,STOPPED
="2026-08-25 00:48:17",79390,1636388,854254,782133,650000,+0.0000,0.1800,+12.4,-110.0,-3.5015,NONE,STOPPED
="2026-08-25 00:48:18",79390,1636388,854254,782133,650000,+0.0000,0.1800,+8.5,-116.5,-3.4776,NONE,STOPPED
="2026-08-25 00:48:19",79389,1598861,816727,782133,650000,+0.0000,0.1800,+9.0,-118.0,-3.4404,NONE,STOPPED
="2026-08-25 00:48:20",79388,1550530,816727,733802,650000,+0.0000,0.1800,+7.8,-129.3,-3.3987,NONE,STOPPED
="2026-08-25 00:48:21",79384,1502656,816727,685929,650000,+0.0000,0.1800,+3.1,-117.6,-3.3611,NONE,STOPPED
="2026-08-25 00:48:22",79385,1502656,816727,685929,650000,+0.0000,0.1800,-4.9,-120.8,-3.3200,NONE,STOPPED
="2026-08-25 00:48:23",79410,1539799,816727,723072,650000,+0.0000,0.1800,+20.2,-83.9,-3.1707,NONE,STOPPED
="2026-08-25 00:48:24",79412,1529199,806127,723072,650000,+0.0000,0.1800,+22.0,-85.5,-3.0245,NONE,STOPPED
="2026-08-25 00:48:25",79399,1611235,888163,723072,650000,+0.0000,0.1800,+10.5,-98.3,-2.9293,NONE,STOPPED
="2026-08-25 00:48:26",79389,1611235,888163,723072,650000,+0.0000,0.1800,+5.2,-107.1,-2.8715,NONE,STOPPED
="2026-08-25 00:48:27",79368,1599839,888163,711676,650000,+0.0000,0.1800,-17.1,-128.3,-2.8918,NONE,STOPPED
="2026-08-25 00:48:28",79362,1696830,940994,755836,650000,+0.0000,0.1800,-48.2,-132.0,-2.9225,NONE,STOPPED
="2026-08-25 00:48:29",79375,1696830,940994,755836,650000,+0.0000,0.1800,-36.7,-120.5,-2.8885,NONE,STOPPED
="2026-08-25 00:48:30",79379,1710177,940994,769183,650000,+0.0000,0.1800,-19.2,-115.8,-2.8276,NONE,STOPPED
="2026-08-25 00:48:31",79388,1710177,940994,769183,650000,+0.0000,0.1800,-0.4,-107.0,-2.7271,NONE,STOPPED
="2026-08-25 00:48:32",79388,1710177,940994,769183,650000,+0.0000,0.1800,+20.8,-122.2,-2.6256,NONE,STOPPED
="2026-08-25 00:48:33",79388,1710177,940994,769183,650000,+0.0000,0.1800,+26.8,-122.2,-2.5142,NONE,STOPPED
="2026-08-25 00:48:34",79384,1710177,940994,769183,650000,+0.0000,0.1800,+9.6,-133.8,-2.4172,NONE,STOPPED
="2026-08-25 00:48:35",79369,1709372,940994,768378,650000,+0.0000,0.1800,-10.1,-173.1,-2.3727,NONE,STOPPED
="2026-08-25 00:48:36",79381,1728480,940994,787486,650000,+0.0000,0.1800,-6.8,-163.2,-2.2595,NONE,STOPPED
="2026-08-25 00:48:37",79384,1728480,940994,787486,650000,+0.0000,0.1800,-4.8,-161.1,-2.1359,NONE,STOPPED
="2026-08-25 00:48:38",79383,1728480,940994,787486,650000,+0.0000,0.1800,-4.8,-168.1,-2.0122,NONE,STOPPED
="2026-08-25 00:48:39",79340,1770034,982548,787486,650000,+0.0000,0.1800,-45.0,-202.5,-2.0558,NONE,STOPPED
="2026-08-25 00:48:40",79318,1782725,995239,787486,650000,+0.0000,0.1800,-51.9,-214.1,-2.1740,NONE,STOPPED
="2026-08-25 00:48:41",79293,1600740,1009178,591562,650000,+0.0000,0.1800,-88.7,-224.7,-2.3704,NONE,STOPPED
="2026-08-25 00:48:42",79298,1602763,996456,606307,650000,+0.0000,0.1800,-86.0,-208.8,-2.5254,NONE,STOPPED
="2026-08-25 00:48:43",79304,1602763,996456,606307,650000,+0.0000,0.1800,-80.0,-198.0,-2.6359,NONE,STOPPED
="2026-08-25 00:48:44",79323,1649930,996456,653473,650000,+0.0000,0.1800,-16.1,-172.9,-2.6485,NONE,STOPPED
="2026-08-25 00:48:45",79326,1456119,871348,584770,650000,+0.0000,0.1800,+8.5,-171.5,-2.6404,NONE,STOPPED
="2026-08-25 00:48:46",79326,1456119,871348,584770,650000,+0.0000,0.1800,+33.2,-171.5,-2.6404,NONE,STOPPED
="2026-08-25 00:48:47",79323,1456119,871348,584770,650000,+0.0000,0.1800,+25.4,-161.3,-2.6439,NONE,STOPPED
="2026-08-25 00:48:48",79326,842077,322569,519508,650000,+0.0000,0.1800,+22.0,-159.9,-2.6080,NONE,STOPPED
="2026-08-25 00:48:49",79328,842077,322569,519508,650000,+0.0000,0.1800,+4.1,-164.0,-2.5549,NONE,STOPPED
="2026-08-25 00:48:50",79330,842077,322569,519508,650000,+0.0000,0.1800,+3.5,-176.0,-2.4834,NONE,STOPPED
="2026-08-25 00:48:51",79331,842077,322569,519508,650000,+0.0000,0.1800,+16.1,-174.0,-2.3902,NONE,STOPPED
="2026-08-25 00:48:52",79334,842077,322569,519508,650000,+0.0000,0.1800,+11.1,-173.5,-2.2836,NONE,STOPPED
="2026-08-25 00:48:53",79327,842077,322569,519508,650000,+0.0000,0.1800,+1.2,-180.8,-2.2016,NONE,STOPPED
="2026-08-25 00:48:54",79345,842077,322569,519508,650000,+0.0000,0.1800,+18.0,-144.0,-2.0419,NONE,STOPPED
="2026-08-25 00:48:55",79338,829357,309849,519508,650000,+0.0000,0.1800,+8.4,-143.6,-1.9260,NONE,STOPPED
="2026-08-25 00:48:56",79336,829357,309849,519508,650000,+0.0000,0.1800,+4.2,-137.8,-1.8236,NONE,STOPPED
="2026-08-25 00:48:57",79334,829357,309849,519508,650000,+0.0000,0.1800,-0.2,-139.8,-1.7332,NONE,STOPPED
="2026-08-25 00:48:58",79334,829357,309849,519508,650000,+0.0000,0.1800,+7.0,-131.0,-1.6414,NONE,STOPPED
="2026-08-25 00:48:59",79334,829357,309849,519508,650000,+0.0000,0.1800,-11.8,-119.8,-1.5540,NONE,STOPPED
="2026-08-25 00:49:00",79326,816083,309849,506234,650000,+0.0000,0.1800,-12.2,-114.4,-1.5039,NONE,STOPPED
="2026-08-25 00:49:01",79326,816083,309849,506234,650000,+0.0000,0.1800,-10.0,-107.8,-1.4582,NONE,STOPPED
="2026-08-25 00:49:02",79326,816083,309849,506234,650000,+0.0000,0.1800,-8.0,-99.3,-1.4128,NONE,STOPPED
="2026-08-25 00:49:03",79328,799631,309849,489782,650000,+0.0000,0.1800,-5.5,-80.2,-1.3591,NONE,STOPPED
="2026-08-25 00:49:04",79328,826786,309849,516937,650000,+0.0000,0.1800,-5.5,-69.5,-1.3135,NONE,STOPPED
="2026-08-25 00:49:05",79336,1394002,337616,1056385,650000,+0.0000,0.1800,+9.8,-62.3,-1.2444,NONE,STOPPED
="2026-08-25 00:49:06",79336,1742799,686413,1056385,650000,+0.0000,0.1800,+9.8,-62.3,-1.2444,NONE,STOPPED
="2026-08-25 00:49:07",79320,1635196,590701,1044495,650000,+0.0000,0.1800,-5.8,-61.7,-1.2348,NONE,STOPPED
="2026-08-25 00:49:08",79316,1635196,590701,1044495,650000,+0.0000,0.1800,-12.8,-55.8,-1.2444,NONE,STOPPED
="2026-08-25 00:49:09",79325,1546598,590701,955897,650000,+0.0000,0.1800,-3.5,-46.5,-1.2077,NONE,STOPPED
="2026-08-25 00:49:10",79319,1546598,590701,955897,650000,+0.0000,0.1800,-16.9,-46.8,-1.2141,NONE,STOPPED
="2026-08-25 00:49:11",79306,1546598,590701,955897,650000,+0.0000,0.1800,-14.3,-71.6,-1.2600,NONE,STOPPED
="2026-08-25 00:49:12",79292,1496665,590701,905964,650000,+0.0000,0.1800,-28.3,-85.6,-1.3367,NONE,STOPPED
="2026-08-25 00:49:13",79306,1496665,590701,905964,650000,+0.0000,0.1800,-10.0,-75.0,-1.3578,NONE,STOPPED
="2026-08-25 00:49:14",79306,1496665,590701,905964,650000,+0.0000,0.1800,-19.2,-75.0,-1.3647,NONE,STOPPED
="2026-08-25 00:49:15",79308,1484563,590701,893862,650000,+0.0000,0.1800,-11.1,-72.9,-1.3574,NONE,STOPPED
="2026-08-25 00:49:16",79298,1484563,590701,893862,650000,+0.0000,0.1800,-7.6,-91.6,-1.3823,NONE,STOPPED
="2026-08-25 00:49:17",79298,1484563,590701,893862,650000,+0.0000,0.1800,+6.4,-91.6,-1.3933,NONE,STOPPED
="2026-08-25 00:49:18",79290,1484563,590701,893862,650000,+0.0000,0.1800,-2.0,-100.0,-1.4294,NONE,STOPPED
="2026-08-25 00:49:19",79276,1484563,590701,893862,650000,+0.0000,0.1800,-30.0,-112.7,-1.5099,NONE,STOPPED
="2026-08-25 00:49:20",79270,1484563,590701,893862,650000,+0.0000,0.1800,-38.0,-114.0,-1.5995,NONE,STOPPED
="2026-08-25 00:49:21",79268,1548683,654821,893862,650000,+0.0000,0.1800,-30.4,-117.1,-1.6838,NONE,STOPPED
="2026-08-25 00:49:22",79213,1669327,775464,893862,650000,+0.0000,0.1800,-84.7,-196.6,-1.9632,NONE,STOPPED
="2026-08-25 00:49:23",79233,1663754,775464,888289,650000,+0.0000,0.1800,-56.5,-178.5,-2.1143,NONE,STOPPED
="2026-08-25 00:49:24",79238,1663754,775464,888289,650000,+0.0000,0.1800,-38.0,-161.2,-2.2221,NONE,STOPPED
="2026-08-25 00:49:25",79248,1581718,693428,888289,650000,+0.0000,0.1800,-22.0,-141.2,-2.2776,NONE,STOPPED
="2026-08-25 00:49:26",79266,1614423,693428,920994,650000,+0.0000,0.1800,-1.9,-101.9,-2.2530,NONE,STOPPED
="2026-08-25 00:49:27",79271,1669298,693428,975870,650000,+0.0000,0.1800,+57.5,-90.9,-2.2141,NONE,STOPPED
="2026-08-25 00:49:28",79276,1596086,640597,955488,650000,+0.0000,0.1800,+42.5,-99.3,-2.1550,NONE,STOPPED
="2026-08-25 00:49:29",79298,1661629,640597,1021031,650000,+0.0000,0.1800,+65.1,-76.7,-1.9935,NONE,STOPPED
="2026-08-25 00:49:30",79263,1662481,654796,1007684,650000,+0.0000,0.1800,+15.4,-125.4,-1.9800,NONE,STOPPED
="2026-08-25 00:49:31",79243,1662481,654796,1007684,650000,+0.0000,0.1800,-22.4,-145.1,-2.0270,NONE,STOPPED
="2026-08-25 00:49:32",79242,1662481,654796,1007684,650000,+0.0000,0.1800,-28.4,-146.1,-2.0706,NONE,STOPPED
="2026-08-25 00:49:33",79242,1662481,654796,1007684,650000,+0.0000,0.1800,-34.0,-143.0,-2.0894,NONE,STOPPED
="2026-08-25 00:49:34",79242,1662481,654796,1007684,650000,+0.0000,0.1800,-56.7,-127.9,-2.1051,NONE,STOPPED
="2026-08-25 00:49:35",79242,1662292,654796,1007495,650000,+0.0000,0.1800,-21.4,-140.0,-2.1184,NONE,STOPPED
="2026-08-25 00:49:36",79226,1618181,654796,963384,650000,+0.0000,0.1800,-17.7,-158.0,-2.1759,NONE,STOPPED
="2026-08-25 00:49:37",79231,1618181,654796,963384,650000,+0.0000,0.1800,-11.4,-152.7,-2.1956,NONE,STOPPED
="2026-08-25 00:49:38",79232,1618181,654796,963384,650000,+0.0000,0.1800,-10.0,-108.0,-2.2002,NONE,STOPPED
="2026-08-25 00:49:39",79233,1576626,613242,963384,650000,+0.0000,0.1800,-8.0,-84.0,-2.2126,NONE,STOPPED
="2026-08-25 00:49:40",79238,1563936,600551,963384,650000,+0.0000,0.1800,-4.0,-55.3,-2.2128,NONE,STOPPED
="2026-08-25 00:49:41",79260,1489441,575527,913914,650000,+0.0000,0.1800,+34.0,-38.0,-2.1347,NONE,STOPPED
="2026-08-25 00:49:42",79260,1724317,825147,899169,650000,+0.0000,0.1800,+28.9,-43.8,-2.0540,NONE,STOPPED
="2026-08-25 00:49:43",79260,1792298,836241,956057,650000,+0.0000,0.1800,+28.2,-63.7,-1.9710,NONE,STOPPED
="2026-08-25 00:49:44",79260,1745132,836241,908891,650000,+0.0000,0.1800,+26.3,-66.2,-1.8771,NONE,STOPPED
="2026-08-25 00:49:45",79261,1745132,836241,908891,650000,+0.0000,0.1800,+23.4,-54.5,-1.7793,NONE,STOPPED
="2026-08-25 00:49:46",79260,1745132,836241,908891,650000,+0.0000,0.1800,+0.3,-63.1,-1.6945,NONE,STOPPED
="2026-08-25 00:49:47",79263,1745132,836241,908891,650000,+0.0000,0.1800,+2.8,-63.0,-1.5963,NONE,STOPPED
="2026-08-25 00:49:48",79263,1745132,836241,908891,650000,+0.0000,0.1800,+2.8,-65.0,-1.4994,NONE,STOPPED
="2026-08-25 00:49:49",79278,1792497,836241,956256,650000,+0.0000,0.1800,+17.7,-52.0,-1.3460,NONE,STOPPED
="2026-08-25 00:49:50",79283,1792497,836241,956256,650000,+0.0000,0.1800,+21.7,-48.9,-1.1803,NONE,STOPPED
="2026-08-25 00:49:51",79283,1805020,848764,956256,650000,+0.0000,0.1800,+22.8,-51.4,-1.0237,NONE,STOPPED
="2026-08-25 00:49:52",79274,1855897,848764,1007132,650000,+0.0000,0.1800,+11.0,-53.2,-0.9107,NONE,STOPPED
="2026-08-25 00:49:53",79274,1855897,848764,1007132,650000,+0.0000,0.1800,+11.8,-71.2,-0.8045,NONE,STOPPED
="2026-08-25 00:49:54",79274,1855897,848764,1007132,650000,+0.0000,0.1800,-3.1,-63.6,-0.6924,NONE,STOPPED
="2026-08-25 00:49:55",79289,1873610,848764,1024845,650000,+0.0000,0.1800,+12.0,-46.2,-0.5315,NONE,STOPPED
="2026-08-25 00:49:56",79290,1873610,848764,1024845,650000,+0.0000,0.1800,+7.2,-44.0,-0.3821,NONE,STOPPED
="2026-08-25 00:49:57",79272,1873610,848764,1024845,650000,+0.0000,0.1800,-2.0,-62.2,-0.3155,NONE,STOPPED
="2026-08-25 00:49:58",79272,1873610,848764,1024845,650000,+0.0000,0.1800,-2.8,-62.2,-0.2515,NONE,STOPPED
="2026-08-25 00:49:59",79272,1873610,848764,1024845,650000,+0.0000,0.1800,-2.9,-54.2,-0.1901,NONE,STOPPED
="2026-08-25 00:50:00",79288,1891439,848764,1042675,650000,+0.0000,0.1800,-2.0,-38.2,-0.0739,NONE,STOPPED
="2026-08-25 00:50:01",79290,1930439,887764,1042675,650000,+0.0000,0.1800,+0.3,-35.6,+0.0437,NONE,STOPPED
="2026-08-25 00:50:02",79264,2020287,928522,1091765,650000,+0.0000,0.1800,-7.0,-63.8,+0.0528,NONE,STOPPED
="2026-08-25 00:50:03",79257,2020287,928522,1091765,650000,+0.0000,0.1800,-15.0,-71.7,+0.0342,NONE,STOPPED
="2026-08-25 00:50:04",79262,1993132,928522,1064610,650000,+0.0000,0.1800,-9.5,-73.5,+0.0414,NONE,STOPPED
="2026-08-25 00:50:05",79281,2933328,964178,1969149,650000,+0.0000,0.1800,-6.0,-38.3,+0.1308,NONE,STOPPED
="2026-08-25 00:50:06",79282,2584530,615381,1969149,650000,+0.0000,0.1800,-8.5,-38.3,+0.2048,NONE,STOPPED
="2026-08-25 00:50:07",79287,2584530,615381,1969149,650000,+0.0000,0.1800,+23.0,-28.0,+0.2967,NONE,STOPPED
="2026-08-25 00:50:08",79292,2584530,615381,1969149,650000,+0.0000,0.1800,+35.0,-33.2,+0.3942,NONE,STOPPED
="2026-08-25 00:50:09",79318,2601903,625556,1976347,650000,+0.0000,0.1800,+55.5,-1.1,+0.5900,NONE,STOPPED
="2026-08-25 00:50:10",79318,2612470,625556,1986914,650000,+0.0000,0.1800,+36.0,+12.0,+0.7639,NONE,STOPPED
="2026-08-25 00:50:11",79292,2649532,662618,1986914,650000,+0.0000,0.1800,+10.0,+0.0,+0.8118,NONE,STOPPED
="2026-08-25 00:50:12",79292,2649532,662618,1986914,650000,+0.0000,0.1800,+4.0,-14.0,+0.8459,NONE,STOPPED
="2026-08-25 00:50:13",79301,2712933,683573,2029359,650000,+0.0000,0.1800,+9.2,-4.8,+0.9197,NONE,STOPPED
="2026-08-25 00:50:14",79309,2712933,683573,2029359,650000,+0.0000,0.1800,-8.0,+2.0,+1.0194,NONE,STOPPED
="2026-08-25 00:50:15",79288,2712933,683573,2029359,650000,+0.0000,0.1800,-29.3,-9.7,+1.0265,NONE,STOPPED
="2026-08-25 00:50:16",79288,2712933,683573,2029359,650000,+0.0000,0.1800,-3.3,-9.7,+1.0258,NONE,STOPPED
="2026-08-25 00:50:17",79232,3320265,1092022,2228243,650000,+0.0000,0.1800,-59.8,-57.8,+0.8038,NONE,STOPPED
="2026-08-25 00:50:18",79210,3416901,1188658,2228243,650000,+0.0000,0.1800,-90.5,-65.2,+0.5138,NONE,STOPPED
="2026-08-25 00:50:19",79214,3471828,1188658,2283169,650000,+0.0000,0.1800,-96.0,-56.0,+0.2556,NONE,STOPPED
="2026-08-25 00:50:20",79223,3471828,1188658,2283169,650000,+0.0000,0.1800,-64.7,-44.0,+0.0574,NONE,STOPPED
="2026-08-25 00:50:21",79227,3407708,1124538,2283169,650000,+0.0000,0.1800,-60.7,+14.3,-0.1072,NONE,STOPPED
