Timestamp(KST),BTC_Price($),1m_Rolling_Liq($),1m_Long_Liq($),1m_Short_Liq($),Liq_Threshold($),1m_OI_Speed(%),OI_Speed_Threshold(%),1m_Price_Delta($),1m_Price_Slope,Signal,Bot_State
="2026-08-10 00:00:00",65260,519527,519527,0,300000,+0.1717,0.2000,+0.0,+0.0000,NONE,RUNNING
="2026-08-10 00:00:01",65263,519527,519527,0,300000,+0.1716,0.2000,+0.0,+0.0000,NONE,RUNNING
="2026-08-10 00:00:02",65264,519527,519527,0,300000,+0.1727,0.2000,+0.0,+0.0000,NONE,RUNNING
="2026-08-10 00:00:03",65263,519527,519527,0,300000,+0.1727,0.2000,+0.0,+0.0000,NONE,RUNNING
="2026-08-10 00:00:04",65264,519527,519527,0,300000,+0.1537,0.2000,+0.0,+0.0000,NONE,RUNNING
="2026-08-10 00:00:05",65264,519527,519527,0,300000,+0.1537,0.2000,+0.0,+0.0000,NONE,RUNNING
="2026-08-10 00:00:06",65264,519527,519527,0,300000,+0.1529,0.2000,+0.0,+0.0000,NONE,RUNNING
="2026-08-10 00:00:07",65264,519527,519527,0,300000,+0.1310,0.2000,+0.0,+0.0000,NONE,RUNNING
="2026-08-10 00:00:08",65260,553046,553046,0,300000,+0.1310,0.2000,+0.0,+0.0000,NONE,RUNNING
="2026-08-10 00:00:09",65256,779383,779383,0,300000,+0.1310,0.2000,+0.0,+0.0000,NONE,RUNNING
="2026-08-10 00:00:10",65256,779383,779383,0,300000,+0.1307,0.2000,+0.0,+0.0000,NONE,RUNNING
="2026-08-10 00:00:11",65256,779383,779383,0,300000,+0.1299,0.2000,+0.0,+0.0000,NONE,RUNNING
="2026-08-10 00:00:12",65256,779383,779383,0,300000,+0.1299,0.2000,+0.0,+0.0000,NONE,RUNNING
="2026-08-10 00:00:13",65256,779383,779383,0,300000,+0.0902,0.2000,+0.0,+0.0000,NONE,RUNNING
="2026-08-10 00:00:14",65256,779383,779383,0,300000,+0.0902,0.2000,+0.0,+0.0000,NONE,RUNNING
="2026-08-10 00:00:15",65256,779383,779383,0,300000,+0.0920,0.2000,+0.0,+0.0000,NONE,RUNNING
="2026-08-10 00:00:16",65256,513528,513528,0,300000,+0.0578,0.2000,+0.0,+0.0000,NONE,RUNNING
="2026-08-10 00:00:17",65256,513528,513528,0,300000,+0.0635,0.2000,+0.0,+0.0000,NONE,RUNNING
="2026-08-10 00:00:18",65256,513528,513528,0,300000,+0.0635,0.2000,+0.0,+0.0000,NONE,RUNNING
="2026-08-10 00:00:19",65256,513528,513528,0,300000,+0.0635,0.2000,+0.0,+0.0000,NONE,RUNNING
="2026-08-10 00:00:20",65256,513528,513528,0,300000,+0.0635,0.2000,+0.0,+0.0000,NONE,RUNNING
="2026-08-10 00:00:21",65256,513528,513528,0,300000,+0.0635,0.2000,+0.0,+0.0000,NONE,RUNNING
="2026-08-10 00:00:22",65256,513528,513528,0,300000,+0.0099,0.2000,+0.0,+0.0000,NONE,RUNNING
="2026-08-10 00:00:23",65256,491984,491984,0,300000,+0.0099,0.2000,+0.0,+0.0000,NONE,RUNNING
="2026-08-10 00:00:24",65256,430158,430158,0,300000,+0.0070,0.2000,+0.0,+0.0000,NONE,RUNNING
="2026-08-10 00:00:25",65256,430158,430158,0,300000,+0.0070,0.2000,+0.0,+0.0000,NONE,RUNNING
="2026-08-10 00:00:26",65256,430158,430158,0,300000,+0.0039,0.2000,+0.0,+0.0000,NONE,RUNNING
="2026-08-10 00:00:27",65256,430158,430158,0,300000,+0.0039,0.2000,+0.0,+0.0000,NONE,RUNNING
="2026-08-10 00:00:28",65256,430158,430158,0,300000,+0.0039,0.2000,+0.0,+0.0000,NONE,RUNNING
="2026-08-10 00:00:29",65256,430158,430158,0,300000,+0.0037,0.2000,+0.0,+0.0000,NONE,RUNNING
="2026-08-10 00:00:30",65256,430158,430158,0,300000,+0.0045,0.2000,+0.0,+0.0000,NONE,RUNNING
="2026-08-10 00:00:31",65256,430158,430158,0,300000,+0.0028,0.2000,+0.0,+0.0000,NONE,RUNNING
="2026-08-10 00:00:32",65256,430158,430158,0,300000,+0.0028,0.2000,+0.0,+0.0000,NONE,RUNNING
="2026-08-10 00:00:33",65256,405707,405707,0,300000,+0.0032,0.2000,+0.0,+0.0000,NONE,RUNNING
="2026-08-10 00:00:34",65256,405707,405707,0,300000,+0.0032,0.2000,+0.0,+0.0000,NONE,RUNNING
="2026-08-10 00:00:35",65256,405707,405707,0,300000,+0.0032,0.2000,+0.0,+0.0000,NONE,RUNNING
="2026-08-10 00:00:36",65256,376047,376047,0,300000,+0.0034,0.2000,+0.0,+0.0000,NONE,RUNNING
="2026-08-10 00:00:37",65256,376047,376047,0,300000,+0.0034,0.2000,+0.0,+0.0000,NONE,RUNNING
="2026-08-10 00:00:38",65256,376047,376047,0,300000,+0.0139,0.2000,+0.0,+0.0000,NONE,RUNNING
="2026-08-10 00:00:39",65256,259855,259855,0,300000,+0.0136,0.2000,+0.0,+0.0000,NONE,RUNNING
="2026-08-10 00:00:40",65256,259855,259855,0,300000,+0.0136,0.2000,+0.0,+0.0000,NONE,RUNNING
="2026-08-10 00:00:41",65256,259855,259855,0,300000,+0.0137,0.2000,+0.0,+0.0000,NONE,RUNNING
="2026-08-10 00:00:42",65256,259855,259855,0,300000,+0.0137,0.2000,+0.0,+0.0000,NONE,RUNNING
="2026-08-10 00:00:43",65256,259855,259855,0,300000,+0.0137,0.2000,+0.0,+0.0000,NONE,RUNNING
="2026-08-10 00:00:44",65256,259855,259855,0,300000,+0.0137,0.2000,+0.0,+0.0000,NONE,RUNNING
="2026-08-10 00:00:45",65256,259855,259855,0,300000,+0.0139,0.2000,+0.0,+0.0000,NONE,RUNNING
="2026-08-10 00:00:46",65256,259855,259855,0,300000,+0.0139,0.2000,+0.0,+0.0000,NONE,RUNNING
="2026-08-10 00:00:47",65256,259855,259855,0,300000,+0.0076,0.2000,+0.0,+0.0000,NONE,RUNNING
="2026-08-10 00:00:48",65256,259855,259855,0,300000,+0.0081,0.2000,+0.0,+0.0000,NONE,RUNNING
="2026-08-10 00:00:49",65256,259855,259855,0,300000,+0.0081,0.2000,+0.0,+0.0000,NONE,RUNNING
="2026-08-10 00:00:50",65256,259855,259855,0,300000,+0.0081,0.2000,+0.0,+0.0000,NONE,RUNNING
="2026-08-10 00:00:51",65256,259855,259855,0,300000,+0.0082,0.2000,+0.0,+0.0000,NONE,RUNNING
="2026-08-10 00:00:52",65256,259855,259855,0,300000,+0.0082,0.2000,+0.0,+0.0000,NONE,RUNNING
="2026-08-10 00:00:53",65256,259855,259855,0,300000,+0.0057,0.2000,+0.0,+0.0000,NONE,RUNNING
="2026-08-10 00:00:54",65256,259855,259855,0,300000,+0.0064,0.2000,+0.0,+0.0000,NONE,RUNNING
="2026-08-10 00:00:55",65256,259855,259855,0,300000,+0.0066,0.2000,+0.0,+0.0000,NONE,RUNNING
="2026-08-10 00:00:56",65256,259855,259855,0,300000,+0.0066,0.2000,+0.0,+0.0000,NONE,RUNNING
="2026-08-10 00:00:57",65256,259855,259855,0,300000,+0.0066,0.2000,+0.0,+0.0000,NONE,RUNNING
="2026-08-10 00:00:58",65256,259855,259855,0,300000,+0.0066,0.2000,+0.0,+0.0000,NONE,RUNNING
="2026-08-10 00:00:59",65256,259855,259855,0,300000,+0.0066,0.2000,+0.0,+0.0000,NONE,RUNNING
="2026-08-10 00:01:00",65256,259855,259855,0,300000,+0.0066,0.2000,+0.0,+0.0000,NONE,RUNNING
="2026-08-10 00:01:01",65256,259855,259855,0,300000,+0.0066,0.2000,+0.0,+0.0000,NONE,RUNNING
="2026-08-10 00:01:02",65256,259855,259855,0,300000,+0.0055,0.2000,+0.0,+0.0000,NONE,RUNNING
="2026-08-10 00:01:03",65256,259855,259855,0,300000,+0.0055,0.2000,+0.0,+0.0000,NONE,RUNNING
="2026-08-10 00:01:04",65256,259855,259855,0,300000,+0.0055,0.2000,+0.0,+0.0000,NONE,RUNNING
="2026-08-10 00:01:05",65256,259855,259855,0,300000,+0.0063,0.2000,+0.0,+0.0000,NONE,RUNNING
="2026-08-10 00:01:06",65256,259855,259855,0,300000,+0.0050,0.2000,+0.0,+0.0000,NONE,RUNNING
="2026-08-10 00:01:07",65256,226336,226336,0,300000,+0.0050,0.2000,+0.0,+0.0000,NONE,RUNNING
="2026-08-10 00:01:08",65256,0,0,0,300000,+0.0050,0.2000,+0.0,+0.0000,NONE,RUNNING
="2026-08-10 00:01:09",65256,0,0,0,300000,+0.0048,0.2000,+0.0,+0.0000,NONE,RUNNING
="2026-08-10 00:01:10",65256,0,0,0,300000,+0.0048,0.2000,+0.0,+0.0000,NONE,RUNNING
="2026-08-10 00:01:11",65256,0,0,0,300000,+0.0057,0.2000,+0.0,+0.0000,NONE,RUNNING
="2026-08-10 00:01:12",65256,0,0,0,300000,+0.0058,0.2000,+0.0,+0.0000,NONE,RUNNING
="2026-08-10 00:02:12",65236,235471,235471,0,300000,+0.0141,0.2000,+0.0,+0.0000,NONE,RUNNING
="2026-08-10 00:03:12",65215,193432,173438,19994,300000,-0.0048,0.2000,+0.0,+0.0000,NONE,RUNNING
="2026-08-10 00:04:13",65225,409551,108870,300680,300000,+0.0118,0.2000,+0.0,+0.0000,NONE,RUNNING
="2026-08-10 00:05:13",65258,297067,11805,285261,300000,-0.0057,0.2000,+0.0,+0.0000,NONE,RUNNING
="2026-08-10 00:06:13",65260,0,0,0,300000,+0.0175,0.2000,+0.0,+0.0000,NONE,RUNNING
="2026-08-10 00:07:13",65248,104652,87573,17078,300000,+0.0026,0.2000,+0.0,+0.0000,NONE,RUNNING
="2026-08-10 00:08:13",65248,1887335,740098,1147237,300000,+0.0030,0.2000,+0.0,+0.0000,NONE,RUNNING
="2026-08-10 00:09:13",65248,70285,70285,0,300000,+0.0026,0.2000,+0.0,+0.0000,NONE,RUNNING
="2026-08-10 00:10:13",65249,1541036,539778,1001258,300000,+0.0047,0.2000,+0.0,+0.0000,NONE,RUNNING
="2026-08-10 00:11:13",65260,721503,671859,49643,300000,+0.0014,0.2000,+0.0,+0.0000,NONE,RUNNING
="2026-08-10 00:12:13",65258,66483,66483,0,300000,-0.0069,0.2000,+0.0,+0.0000,NONE,RUNNING
="2026-08-10 00:13:13",65258,0,0,0,300000,-0.0039,0.2000,+0.0,+0.0000,NONE,RUNNING
="2026-08-10 00:14:13",65248,246287,177776,68511,300000,-0.0003,0.2000,+0.0,+0.0000,NONE,RUNNING
="2026-08-10 00:15:13",65250,19771,0,19771,300000,-0.0001,0.2000,+0.0,+0.0000,NONE,RUNNING
="2026-08-10 00:16:13",65239,2658808,929526,1729282,300000,-0.0121,0.2000,+0.0,+0.0000,NONE,RUNNING
="2026-08-10 00:17:13",65236,120203,120203,0,300000,+0.0075,0.2000,+0.0,+0.0000,NONE,RUNNING
="2026-08-10 00:18:13",65236,18550,18550,0,300000,+0.0025,0.2000,+0.0,+0.0000,NONE,RUNNING
="2026-08-10 00:19:13",65243,1137475,108567,1028908,300000,+0.0010,0.2000,+0.0,+0.0000,NONE,RUNNING
="2026-08-10 00:20:13",65243,542827,20877,521949,300000,+0.0037,0.2000,+0.0,+0.0000,NONE,RUNNING
="2026-08-10 00:21:14",65229,849373,849373,0,300000,+0.0056,0.2000,+0.0,+0.0000,NONE,RUNNING
="2026-08-10 00:22:14",65229,19568,19568,0,300000,+0.0008,0.2000,+0.0,+0.0000,NONE,RUNNING
="2026-08-10 00:23:14",65229,0,0,0,300000,-0.0024,0.2000,+0.0,+0.0000,NONE,RUNNING
="2026-08-10 00:24:14",65229,352170,45962,306208,300000,-0.0006,0.2000,+0.0,+0.0000,NONE,RUNNING
="2026-08-10 00:25:14",65245,941054,0,941054,300000,+0.0079,0.2000,+0.0,+0.0000,NONE,RUNNING
="2026-08-10 00:26:14",65246,165129,67261,97868,300000,-0.0018,0.2000,+0.0,+0.0000,NONE,RUNNING
="2026-08-10 00:27:14",65246,0,0,0,300000,+0.0053,0.2000,+0.0,+0.0000,NONE,RUNNING
="2026-08-10 00:28:14",65246,10439,10439,0,300000,+0.0057,0.2000,+0.0,+0.0000,NONE,RUNNING
="2026-08-10 00:29:14",65236,317207,317207,0,300000,+0.0069,0.2000,+0.0,+0.0000,NONE,RUNNING
="2026-08-10 00:30:14",65236,59661,59661,0,300000,+0.0013,0.2000,+0.0,+0.0000,NONE,RUNNING
="2026-08-10 00:31:14",65236,45046,19999,25046,300000,+0.0017,0.2000,+0.0,+0.0000,NONE,RUNNING
="2026-08-10 00:32:14",65236,32618,0,32618,300000,+0.0042,0.2000,+0.0,+0.0000,NONE,RUNNING
="2026-08-10 00:33:14",65236,40537,40537,0,300000,+0.0001,0.2000,+0.0,+0.0000,NONE,RUNNING
="2026-08-10 00:34:14",65232,42529,22499,20029,300000,-0.0020,0.2000,+0.0,+0.0000,NONE,RUNNING
="2026-08-10 00:35:15",65232,0,0,0,300000,-0.0004,0.2000,+0.0,+0.0000,NONE,RUNNING
="2026-08-10 00:36:15",65232,324730,24728,300001,300000,-0.0020,0.2000,+0.0,+0.0000,NONE,RUNNING
="2026-08-10 00:37:15",65232,56842,24332,32509,300000,-0.0029,0.2000,+0.0,+0.0000,NONE,RUNNING
="2026-08-10 00:38:15",65234,38228,0,38228,300000,+0.0035,0.2000,+0.0,+0.0000,NONE,RUNNING
="2026-08-10 00:39:15",65234,58485,15168,43317,300000,+0.0122,0.2000,+0.0,+0.0000,NONE,RUNNING
="2026-08-10 00:40:15",65234,0,0,0,300000,+0.0007,0.2000,+0.0,+0.0000,NONE,RUNNING
="2026-08-10 00:41:15",65234,143835,129647,14187,300000,+0.0036,0.2000,+0.0,+0.0000,NONE,RUNNING
="2026-08-10 00:42:15",65232,37545,37545,0,300000,+0.0267,0.2000,+0.0,+0.0000,NONE,RUNNING
="2026-08-10 00:43:15",65232,70698,70698,0,300000,-0.0040,0.2000,+0.0,+0.0000,NONE,RUNNING
="2026-08-10 00:44:15",65226,275133,275133,0,300000,+0.0038,0.2000,+0.0,+0.0000,NONE,RUNNING
="2026-08-10 00:45:15",65226,0,0,0,300000,-0.0020,0.2000,+0.0,+0.0000,NONE,RUNNING
="2026-08-10 00:46:15",65226,55692,55692,0,300000,+0.0007,0.2000,+0.0,+0.0000,NONE,RUNNING
="2026-08-10 00:47:15",65226,80392,60394,19997,300000,-0.0030,0.2000,+0.0,+0.0000,NONE,RUNNING
="2026-08-10 00:48:15",65226,0,0,0,300000,-0.0051,0.2000,+0.0,+0.0000,NONE,RUNNING
="2026-08-10 00:49:15",65226,0,0,0,300000,+0.0180,0.2000,+0.0,+0.0000,NONE,RUNNING
="2026-08-10 00:50:15",65228,40804,0,40804,300000,+0.0016,0.2000,+0.0,+0.0000,NONE,RUNNING
="2026-08-10 00:51:15",65228,0,0,0,300000,+0.0038,0.2000,+0.0,+0.0000,NONE,RUNNING
="2026-08-10 00:52:15",65228,110503,110503,0,300000,+0.0000,0.2000,+0.0,+0.0000,NONE,RUNNING
="2026-08-10 00:53:15",65228,0,0,0,300000,-0.0013,0.2000,+0.0,+0.0000,NONE,RUNNING
="2026-08-10 00:54:16",65228,0,0,0,300000,+0.0011,0.2000,+0.0,+0.0000,NONE,RUNNING
="2026-08-10 00:55:16",65228,51893,51893,0,300000,-0.0014,0.2000,+0.0,+0.0000,NONE,RUNNING
="2026-08-10 00:56:16",65228,10512,10512,0,300000,+0.0050,0.2000,+0.0,+0.0000,NONE,RUNNING
="2026-08-10 00:57:16",65228,0,0,0,300000,+0.0008,0.2000,+0.0,+0.0000,NONE,RUNNING
="2026-08-10 00:58:16",65229,102152,0,102152,300000,-0.0022,0.2000,+0.0,+0.0000,NONE,RUNNING
="2026-08-10 00:59:16",65237,12665,0,12665,300000,+0.0053,0.2000,+0.0,+0.0000,NONE,RUNNING
="2026-08-10 01:00:16",65235,1415860,966241,449618,300000,+0.0023,0.2000,+0.0,+0.0000,NONE,RUNNING
="2026-08-10 01:01:16",65237,117066,0,117066,300000,-0.0026,0.2000,+0.0,+0.0000,NONE,RUNNING
="2026-08-10 01:02:16",65237,88187,37837,50349,300000,+0.0042,0.2000,+0.0,+0.0000,NONE,RUNNING
="2026-08-10 01:03:16",65220,289125,289125,0,300000,+0.0175,0.2000,+0.0,+0.0000,NONE,RUNNING
="2026-08-10 01:04:16",65220,32049,32049,0,300000,+0.0013,0.2000,+0.0,+0.0000,NONE,RUNNING
="2026-08-10 01:05:16",65235,210526,10536,199989,300000,+0.0027,0.2000,+0.0,+0.0000,NONE,RUNNING
="2026-08-10 01:06:16",65238,382065,244446,137618,300000,+0.0011,0.2000,+0.0,+0.0000,NONE,RUNNING
="2026-08-10 01:07:16",65256,171636,36363,135272,300000,-0.0024,0.2000,+0.0,+0.0000,NONE,RUNNING
="2026-08-10 01:08:16",65263,40634,11352,29282,300000,+0.0264,0.2000,+0.0,+0.0000,NONE,RUNNING
="2026-08-10 01:09:16",65264,229196,0,229196,300000,+0.0277,0.2000,+0.0,+0.0000,NONE,RUNNING
="2026-08-10 01:10:16",65266,981011,444302,536709,300000,-0.0024,0.2000,+0.0,+0.0000,NONE,RUNNING
="2026-08-10 01:11:16",65266,42240,0,42240,300000,-0.0005,0.2000,+0.0,+0.0000,NONE,RUNNING
="2026-08-10 01:12:17",65258,284579,284579,0,300000,-0.0020,0.2000,+0.0,+0.0000,NONE,RUNNING
="2026-08-10 01:13:17",65233,193740,193740,0,300000,-0.0310,0.2000,+0.0,+0.0000,NONE,RUNNING
="2026-08-10 01:14:17",65233,244542,211253,33288,300000,+0.0022,0.2000,+0.0,+0.0000,NONE,RUNNING
="2026-08-10 01:15:17",65233,10212,10212,0,300000,-0.0007,0.2000,+0.0,+0.0000,NONE,RUNNING
="2026-08-10 01:16:17",65236,25712,0,25712,300000,+0.0003,0.2000,+0.0,+0.0000,NONE,RUNNING
="2026-08-10 01:17:17",65243,102580,0,102580,300000,+0.0015,0.2000,+0.0,+0.0000,NONE,RUNNING
="2026-08-10 01:18:17",65243,87224,15135,72088,300000,+0.0005,0.2000,+0.0,+0.0000,NONE,RUNNING
="2026-08-10 01:19:17",65232,305768,305768,0,300000,+0.0078,0.2000,+0.0,+0.0000,NONE,RUNNING
="2026-08-10 01:20:17",65232,0,0,0,300000,+0.0013,0.2000,+0.0,+0.0000,NONE,RUNNING
="2026-08-10 01:21:17",65232,0,0,0,300000,+0.0026,0.2000,+0.0,+0.0000,NONE,RUNNING
="2026-08-10 01:22:17",65226,566317,547426,18891,300000,-0.0075,0.2000,+0.0,+0.0000,NONE,RUNNING
="2026-08-10 01:23:17",65226,43959,0,43959,300000,+0.0032,0.2000,+0.0,+0.0000,NONE,RUNNING
="2026-08-10 01:24:17",65224,320310,152507,167803,300000,+0.0153,0.2000,+0.0,+0.0000,NONE,RUNNING
="2026-08-10 01:25:17",65187,103823,103823,0,300000,+0.0170,0.2000,+0.0,+0.0000,NONE,RUNNING
="2026-08-10 01:26:17",65183,91438,63641,27796,300000,-0.0012,0.2000,+0.0,+0.0000,NONE,RUNNING
="2026-08-10 01:27:18",65186,56680,0,56680,300000,-0.0023,0.2000,+0.0,+0.0000,NONE,RUNNING
="2026-08-10 01:28:18",65188,126788,68480,58307,300000,-0.0064,0.2000,+0.0,+0.0000,NONE,RUNNING
="2026-08-10 01:29:18",65182,358472,358472,0,300000,+0.0007,0.2000,+0.0,+0.0000,NONE,RUNNING
="2026-08-10 01:30:18",65198,277285,0,277285,300000,+0.0004,0.2000,+0.0,+0.0000,NONE,RUNNING
="2026-08-10 01:31:18",65227,310964,28722,282242,300000,+0.0068,0.2000,+0.0,+0.0000,NONE,RUNNING
="2026-08-10 01:32:18",65220,192716,192716,0,300000,+0.0086,0.2000,+0.0,+0.0000,NONE,RUNNING
="2026-08-10 01:33:18",65220,14808,14808,0,300000,-0.0009,0.2000,+0.0,+0.0000,NONE,RUNNING
="2026-08-10 01:34:18",65220,35643,16077,19566,300000,+0.0058,0.2000,+0.0,+0.0000,NONE,RUNNING
="2026-08-10 01:35:18",65220,130048,130048,0,300000,+0.0006,0.2000,+0.0,+0.0000,NONE,RUNNING
="2026-08-10 01:36:18",65220,44823,0,44823,300000,+0.0020,0.2000,+0.0,+0.0000,NONE,RUNNING
="2026-08-10 01:37:18",65240,129942,0,129942,300000,+0.0053,0.2000,+0.0,+0.0000,NONE,RUNNING
="2026-08-10 01:38:18",65254,73605,36254,37351,300000,+0.0202,0.2000,+0.0,+0.0000,NONE,RUNNING
="2026-08-10 01:39:18",65250,159382,122266,37115,300000,+0.0249,0.2000,+0.0,+0.0000,NONE,RUNNING
="2026-08-10 01:40:18",65247,12583,12583,0,300000,+0.0080,0.2000,+0.0,+0.0000,NONE,RUNNING
="2026-08-10 01:41:18",65246,74791,74791,0,300000,+0.0111,0.2000,+0.0,+0.0000,NONE,RUNNING
="2026-08-10 01:42:18",65255,1455938,775259,680678,300000,+0.0170,0.2000,+0.0,+0.0000,NONE,RUNNING
="2026-08-10 01:43:19",65256,391535,391535,0,300000,+0.0087,0.2000,+0.0,+0.0000,NONE,RUNNING
="2026-08-10 01:44:19",65255,456791,456791,0,300000,+0.0024,0.2000,+0.0,+0.0000,NONE,RUNNING
="2026-08-10 01:45:19",65255,147620,147620,0,300000,+0.0018,0.2000,+0.0,+0.0000,NONE,RUNNING
="2026-08-10 01:46:19",65255,193465,174465,18999,300000,-0.0012,0.2000,+0.0,+0.0000,NONE,RUNNING
="2026-08-10 01:47:19",65255,438068,142956,295112,300000,+0.0042,0.2000,+0.0,+0.0000,NONE,RUNNING
="2026-08-10 01:48:19",65255,261023,261023,0,300000,-0.0013,0.2000,+0.0,+0.0000,NONE,RUNNING
="2026-08-10 01:49:19",65236,830865,624643,206222,300000,+0.0062,0.2000,+0.0,+0.0000,NONE,RUNNING
="2026-08-10 01:50:19",65236,108296,65236,43059,300000,-0.0014,0.2000,+0.0,+0.0000,NONE,RUNNING
="2026-08-10 01:51:19",65242,864759,391451,473307,300000,+0.0021,0.2000,+0.0,+0.0000,NONE,RUNNING
="2026-08-10 01:52:19",65242,195726,195726,0,300000,-0.0012,0.2000,+0.0,+0.0000,NONE,RUNNING
="2026-08-10 01:53:19",65242,158733,65241,93491,300000,-0.0008,0.2000,+0.0,+0.0000,NONE,RUNNING
="2026-08-10 01:54:19",65242,610487,587178,23309,300000,+0.0042,0.2000,+0.0,+0.0000,NONE,RUNNING
="2026-08-10 01:55:19",65241,294435,294435,0,300000,-0.0013,0.2000,+0.0,+0.0000,NONE,RUNNING
="2026-08-10 01:56:19",65241,57477,57477,0,300000,+0.0101,0.2000,+0.0,+0.0000,NONE,RUNNING
="2026-08-10 01:57:19",65241,84484,84484,0,300000,-0.0003,0.2000,+0.0,+0.0000,NONE,RUNNING
="2026-08-10 01:58:19",65236,107622,107622,0,300000,-0.0022,0.2000,+0.0,+0.0000,NONE,RUNNING
="2026-08-10 01:59:19",65232,305357,305357,0,300000,+0.0093,0.2000,+0.0,+0.0000,NONE,RUNNING
="2026-08-10 02:00:20",65232,638145,181406,456739,300000,+0.0030,0.2000,+0.0,+0.0000,NONE,RUNNING
="2026-08-10 02:01:20",65232,462595,362595,99999,300000,+0.0018,0.2000,+0.0,+0.0000,NONE,RUNNING
="2026-08-10 02:02:20",65222,118684,118684,0,300000,+0.0185,0.2000,+0.0,+0.0000,NONE,RUNNING
="2026-08-10 02:03:20",65222,0,0,0,300000,-0.0016,0.2000,+0.0,+0.0000,NONE,RUNNING
="2026-08-10 02:04:20",65222,0,0,0,300000,-0.0057,0.2000,+0.0,+0.0000,NONE,RUNNING
="2026-08-10 02:05:20",65222,281922,81922,199999,300000,+0.0016,0.2000,+0.0,+0.0000,NONE,RUNNING
="2026-08-10 02:06:20",65222,154546,54547,99999,300000,+0.0035,0.2000,+0.0,+0.0000,NONE,RUNNING
="2026-08-10 02:07:20",65222,199999,0,199999,300000,+0.0078,0.2000,+0.0,+0.0000,NONE,RUNNING
="2026-08-10 02:08:20",65222,169918,0,169918,300000,+0.0019,0.2000,+0.0,+0.0000,NONE,RUNNING
="2026-08-10 02:09:20",65222,239049,0,239049,300000,-0.0016,0.2000,+0.0,+0.0000,NONE,RUNNING
="2026-08-10 02:10:20",65222,28740,0,28740,300000,+0.0019,0.2000,+0.0,+0.0000,NONE,RUNNING
="2026-08-10 02:11:20",65222,0,0,0,300000,+0.0013,0.2000,+0.0,+0.0000,NONE,RUNNING
="2026-08-10 02:12:20",65222,60004,60004,0,300000,+0.0000,0.2000,+0.0,+0.0000,NONE,RUNNING
="2026-08-10 02:13:20",65222,0,0,0,300000,+0.0074,0.2000,+0.0,+0.0000,NONE,RUNNING
="2026-08-10 02:14:20",65222,72024,19566,52458,300000,-0.0005,0.2000,+0.0,+0.0000,NONE,RUNNING
="2026-08-10 02:15:20",65222,14999,0,14999,300000,-0.0026,0.2000,+0.0,+0.0000,NONE,RUNNING
="2026-08-10 02:16:20",65222,0,0,0,300000,+0.0013,0.2000,+0.0,+0.0000,NONE,RUNNING
="2026-08-10 02:17:20",65222,19566,19566,0,300000,-0.0007,0.2000,+0.0,+0.0000,NONE,RUNNING
="2026-08-10 02:18:20",65222,0,0,0,300000,+0.0015,0.2000,+0.0,+0.0000,NONE,RUNNING
="2026-08-10 02:19:20",65222,130444,0,130444,300000,-0.0001,0.2000,+0.0,+0.0000,NONE,RUNNING
="2026-08-10 02:20:21",65226,530439,0,530439,300000,-0.0023,0.2000,+0.0,+0.0000,NONE,RUNNING
="2026-08-10 02:21:21",65226,0,0,0,300000,+0.0092,0.2000,+0.0,+0.0000,NONE,RUNNING
="2026-08-10 02:22:21",65226,0,0,0,300000,-0.0026,0.2000,+0.0,+0.0000,NONE,RUNNING
="2026-08-10 02:23:21",65224,45097,45097,0,300000,+0.0075,0.2000,+0.0,+0.0000,NONE,RUNNING
="2026-08-10 02:24:21",65239,401405,15002,386403,300000,+0.0058,0.2000,+0.0,+0.0000,NONE,RUNNING
="2026-08-10 02:25:21",65239,130478,130478,0,300000,-0.0056,0.2000,+0.0,+0.0000,NONE,RUNNING
="2026-08-10 02:26:21",65239,65239,65239,0,300000,-0.0009,0.2000,+0.0,+0.0000,NONE,RUNNING
="2026-08-10 02:27:21",65239,388976,388976,0,300000,-0.0014,0.2000,+0.0,+0.0000,NONE,RUNNING
="2026-08-10 02:28:21",65239,65239,65239,0,300000,+0.0080,0.2000,+0.0,+0.0000,NONE,RUNNING
="2026-08-10 02:29:21",65239,65239,65239,0,300000,+0.0006,0.2000,+0.0,+0.0000,NONE,RUNNING
="2026-08-10 02:30:21",65239,188829,188829,0,300000,+0.0003,0.2000,+0.0,+0.0000,NONE,RUNNING
="2026-08-10 02:31:21",65239,171941,171941,0,300000,-0.0005,0.2000,+0.0,+0.0000,NONE,RUNNING
="2026-08-10 02:32:21",65239,258151,110999,147152,300000,-0.0006,0.2000,+0.0,+0.0000,NONE,RUNNING
="2026-08-10 02:33:21",65236,350521,350521,0,300000,+0.0010,0.2000,+0.0,+0.0000,NONE,RUNNING
="2026-08-10 02:34:21",65229,113086,113086,0,300000,+0.0043,0.2000,+0.0,+0.0000,NONE,RUNNING
="2026-08-10 02:35:21",65229,29198,0,29198,300000,+0.0001,0.2000,+0.0,+0.0000,NONE,RUNNING
="2026-08-10 02:36:21",65229,0,0,0,300000,+0.0040,0.2000,+0.0,+0.0000,NONE,RUNNING
="2026-08-10 02:37:21",65229,0,0,0,300000,+0.0012,0.2000,+0.0,+0.0000,NONE,RUNNING
="2026-08-10 02:38:21",65229,0,0,0,300000,-0.0005,0.2000,+0.0,+0.0000,NONE,RUNNING
="2026-08-10 02:39:22",65229,0,0,0,300000,+0.0032,0.2000,+0.0,+0.0000,NONE,RUNNING
="2026-08-10 02:40:22",65229,0,0,0,300000,+0.0041,0.2000,+0.0,+0.0000,NONE,RUNNING
="2026-08-10 02:41:22",65229,78078,0,78078,300000,+0.0040,0.2000,+0.0,+0.0000,NONE,RUNNING
="2026-08-10 02:42:22",65229,0,0,0,300000,+0.0016,0.2000,+0.0,+0.0000,NONE,RUNNING
="2026-08-10 02:43:22",65229,0,0,0,300000,+0.0018,0.2000,+0.0,+0.0000,NONE,RUNNING
="2026-08-10 02:44:22",65229,0,0,0,300000,+0.0010,0.2000,+0.0,+0.0000,NONE,RUNNING
="2026-08-10 02:45:22",65229,11741,0,11741,300000,+0.0010,0.2000,+0.0,+0.0000,NONE,RUNNING
="2026-08-10 02:46:22",65229,0,0,0,300000,-0.0007,0.2000,+0.0,+0.0000,NONE,RUNNING
="2026-08-10 02:47:22",65213,84229,84229,0,300000,+0.0115,0.2000,+0.0,+0.0000,NONE,RUNNING
="2026-08-10 02:48:22",65213,0,0,0,300000,-0.0015,0.2000,+0.0,+0.0000,NONE,RUNNING
="2026-08-10 02:49:22",65213,24106,0,24106,300000,+0.0033,0.2000,+0.0,+0.0000,NONE,RUNNING
="2026-08-10 02:50:22",65213,0,0,0,300000,+0.0015,0.2000,+0.0,+0.0000,NONE,RUNNING
="2026-08-10 02:51:22",65213,0,0,0,300000,+0.0004,0.2000,+0.0,+0.0000,NONE,RUNNING
="2026-08-10 02:52:22",65213,0,0,0,300000,+0.0028,0.2000,+0.0,+0.0000,NONE,RUNNING
="2026-08-10 02:53:22",65204,185482,185482,0,300000,-0.0003,0.2000,+0.0,+0.0000,NONE,RUNNING
="2026-08-10 02:54:22",65200,68513,68513,0,300000,+0.0066,0.2000,+0.0,+0.0000,NONE,RUNNING
="2026-08-10 02:55:22",65200,0,0,0,300000,+0.0049,0.2000,+0.0,+0.0000,NONE,RUNNING
="2026-08-10 02:56:22",65200,28940,0,28940,300000,-0.0008,0.2000,+0.0,+0.0000,NONE,RUNNING
="2026-08-10 02:57:22",65200,260803,65200,195602,300000,+0.0039,0.2000,+0.0,+0.0000,NONE,RUNNING
="2026-08-10 02:58:22",65198,57037,57037,0,300000,+0.0082,0.2000,+0.0,+0.0000,NONE,RUNNING
="2026-08-10 02:59:23",65198,130397,130397,0,300000,-0.0003,0.2000,+0.0,+0.0000,NONE,RUNNING
="2026-08-10 03:00:23",65198,0,0,0,300000,+0.0014,0.2000,+0.0,+0.0000,NONE,RUNNING
="2026-08-10 03:01:23",65198,10000,0,10000,300000,+0.0001,0.2000,+0.0,+0.0000,NONE,RUNNING
="2026-08-10 03:02:23",65200,290766,0,290766,300000,-0.0052,0.2000,+0.0,+0.0000,NONE,RUNNING
="2026-08-10 03:03:23",65200,17999,0,17999,300000,+0.0010,0.2000,+0.0,+0.0000,NONE,RUNNING
="2026-08-10 03:04:23",65200,30752,30752,0,300000,+0.0013,0.2000,+0.0,+0.0000,NONE,RUNNING
="2026-08-10 03:05:23",65200,0,0,0,300000,+0.0025,0.2000,+0.0,+0.0000,NONE,RUNNING
="2026-08-10 03:06:23",65200,0,0,0,300000,-0.0001,0.2000,+0.0,+0.0000,NONE,RUNNING
="2026-08-10 03:07:23",65200,0,0,0,300000,-0.0007,0.2000,+0.0,+0.0000,NONE,RUNNING
="2026-08-10 03:08:23",65200,0,0,0,300000,+0.0004,0.2000,+0.0,+0.0000,NONE,RUNNING
="2026-08-10 03:09:23",65203,202603,103301,99302,300000,+0.0047,0.2000,+0.0,+0.0000,NONE,RUNNING
="2026-08-10 03:10:23",65203,0,0,0,300000,-0.0008,0.2000,+0.0,+0.0000,NONE,RUNNING
="2026-08-10 03:11:23",65203,0,0,0,300000,+0.0003,0.2000,+0.0,+0.0000,NONE,RUNNING
="2026-08-10 03:12:23",65203,50750,50750,0,300000,-0.0026,0.2000,+0.0,+0.0000,NONE,RUNNING
="2026-08-10 03:13:23",65203,84778,26081,58696,300000,+0.0001,0.2000,+0.0,+0.0000,NONE,RUNNING
="2026-08-10 03:14:23",65203,0,0,0,300000,+0.0006,0.2000,+0.0,+0.0000,NONE,RUNNING
="2026-08-10 03:15:23",65192,292517,278516,14000,300000,+0.0651,0.2000,+0.0,+0.0000,NONE,RUNNING
="2026-08-10 03:16:23",65192,0,0,0,300000,+0.0037,0.2000,+0.0,+0.0000,NONE,RUNNING
="2026-08-10 03:17:23",65192,10003,10003,0,300000,+0.0010,0.2000,+0.0,+0.0000,NONE,RUNNING
="2026-08-10 03:18:23",65197,87463,0,87463,300000,-0.0088,0.2000,+0.0,+0.0000,NONE,RUNNING
="2026-08-10 03:19:23",65197,37992,37992,0,300000,-0.0000,0.2000,+0.0,+0.0000,NONE,RUNNING
="2026-08-10 03:20:24",65197,18546,18546,0,300000,+0.0003,0.2000,+0.0,+0.0000,NONE,RUNNING
="2026-08-10 03:21:24",65197,0,0,0,300000,+0.0024,0.2000,+0.0,+0.0000,NONE,RUNNING
="2026-08-10 03:22:24",65197,0,0,0,300000,+0.0001,0.2000,+0.0,+0.0000,NONE,RUNNING
="2026-08-10 03:23:24",65197,0,0,0,300000,+0.0005,0.2000,+0.0,+0.0000,NONE,RUNNING
="2026-08-10 03:24:24",65197,0,0,0,300000,-0.0002,0.2000,+0.0,+0.0000,NONE,RUNNING
="2026-08-10 03:25:24",65197,56670,32354,24316,300000,+0.0006,0.2000,+0.0,+0.0000,NONE,RUNNING
="2026-08-10 03:26:24",65203,47284,0,47284,300000,-0.0037,0.2000,+0.0,+0.0000,NONE,RUNNING
="2026-08-10 03:27:24",65205,134297,0,134297,300000,-0.0029,0.2000,+0.0,+0.0000,NONE,RUNNING
="2026-08-10 03:28:24",65206,0,0,0,300000,+0.0006,0.2000,+0.0,+0.0000,NONE,RUNNING
="2026-08-10 03:29:24",65206,15893,15893,0,300000,+0.0023,0.2000,+0.0,+0.0000,NONE,RUNNING
="2026-08-10 03:30:24",65213,84229,0,84229,300000,+0.0011,0.2000,+0.0,+0.0000,NONE,RUNNING
="2026-08-10 03:31:24",65219,117387,0,117387,300000,-0.0007,0.2000,+0.0,+0.0000,NONE,RUNNING
="2026-08-10 03:32:24",65219,0,0,0,300000,+0.0044,0.2000,+0.0,+0.0000,NONE,RUNNING
="2026-08-10 03:33:24",65219,0,0,0,300000,+0.0018,0.2000,+0.0,+0.0000,NONE,RUNNING
="2026-08-10 03:34:24",65219,0,0,0,300000,-0.0004,0.2000,+0.0,+0.0000,NONE,RUNNING
="2026-08-10 03:35:24",65219,0,0,0,300000,+0.0014,0.2000,+0.0,+0.0000,NONE,RUNNING
="2026-08-10 03:36:24",65219,0,0,0,300000,+0.0099,0.2000,+0.0,+0.0000,NONE,RUNNING
="2026-08-10 03:37:24",65219,0,0,0,300000,+0.0092,0.2000,+0.0,+0.0000,NONE,RUNNING
="2026-08-10 03:38:24",65219,0,0,0,300000,+0.0011,0.2000,+0.0,+0.0000,NONE,RUNNING
="2026-08-10 03:39:24",65219,0,0,0,300000,+0.0019,0.2000,+0.0,+0.0000,NONE,RUNNING
="2026-08-10 03:40:24",65220,40727,0,40727,300000,-0.0034,0.2000,+0.0,+0.0000,NONE,RUNNING
="2026-08-10 03:41:24",65220,0,0,0,300000,+0.0009,0.2000,+0.0,+0.0000,NONE,RUNNING
="2026-08-10 03:42:25",65220,0,0,0,300000,-0.0051,0.2000,+0.0,+0.0000,NONE,RUNNING
="2026-08-10 03:43:25",65220,13311,0,13311,300000,-0.0004,0.2000,+0.0,+0.0000,NONE,RUNNING
="2026-08-10 03:44:25",65219,64959,64959,0,300000,+0.0044,0.2000,+0.0,+0.0000,NONE,RUNNING
="2026-08-10 03:45:25",65220,35786,35786,0,300000,-0.0015,0.2000,+0.0,+0.0000,NONE,RUNNING
="2026-08-10 03:46:25",65219,133188,133188,0,300000,-0.0018,0.2000,+0.0,+0.0000,NONE,RUNNING
="2026-08-10 03:47:25",65219,89122,89122,0,300000,-0.0002,0.2000,+0.0,+0.0000,NONE,RUNNING
="2026-08-10 03:48:25",65220,23948,23948,0,300000,-0.0008,0.2000,+0.0,+0.0000,NONE,RUNNING
="2026-08-10 03:49:25",65210,153246,153246,0,300000,+0.0273,0.2000,+0.0,+0.0000,NONE,RUNNING
="2026-08-10 03:50:25",65210,0,0,0,300000,-0.0043,0.2000,+0.0,+0.0000,NONE,RUNNING
="2026-08-10 03:51:25",65210,0,0,0,300000,+0.0008,0.2000,+0.0,+0.0000,NONE,RUNNING
="2026-08-10 03:52:25",65210,10322,0,10322,300000,+0.0002,0.2000,+0.0,+0.0000,NONE,RUNNING
="2026-08-10 03:53:25",65210,48658,35771,12886,300000,+0.0008,0.2000,+0.0,+0.0000,NONE,RUNNING
="2026-08-10 03:54:25",65210,40782,40782,0,300000,+0.0007,0.2000,+0.0,+0.0000,NONE,RUNNING
="2026-08-10 03:55:25",65209,332306,332306,0,300000,-0.0016,0.2000,+0.0,+0.0000,NONE,RUNNING
="2026-08-10 03:56:25",65199,114459,114459,0,300000,+0.0068,0.2000,+0.0,+0.0000,NONE,RUNNING
="2026-08-10 03:57:25",65199,12688,0,12688,300000,-0.0018,0.2000,+0.0,+0.0000,NONE,RUNNING
="2026-08-10 03:58:25",65199,0,0,0,300000,-0.0001,0.2000,+0.0,+0.0000,NONE,RUNNING
="2026-08-10 03:59:25",65199,0,0,0,300000,-0.0003,0.2000,+0.0,+0.0000,NONE,RUNNING
="2026-08-10 04:00:25",65199,0,0,0,300000,-0.0008,0.2000,+0.0,+0.0000,NONE,RUNNING
="2026-08-10 04:01:25",65199,0,0,0,300000,-0.0028,0.2000,+0.0,+0.0000,NONE,RUNNING
="2026-08-10 04:02:25",65199,0,0,0,300000,-0.0007,0.2000,+0.0,+0.0000,NONE,RUNNING
="2026-08-10 04:03:25",65199,130399,130399,0,300000,-0.0028,0.2000,+0.0,+0.0000,NONE,RUNNING
="2026-08-10 04:04:26",65199,39501,39501,0,300000,-0.0019,0.2000,+0.0,+0.0000,NONE,RUNNING
="2026-08-10 04:05:26",65199,0,0,0,300000,-0.0001,0.2000,+0.0,+0.0000,NONE,RUNNING
="2026-08-10 04:06:26",65199,40391,25202,15188,300000,-0.0017,0.2000,+0.0,+0.0000,NONE,RUNNING
="2026-08-10 04:07:26",65199,94184,94184,0,300000,-0.0008,0.2000,+0.0,+0.0000,NONE,RUNNING
="2026-08-10 04:08:26",65199,112633,101095,11537,300000,-0.0018,0.2000,+0.0,+0.0000,NONE,RUNNING
="2026-08-10 04:09:26",65199,123954,123954,0,300000,-0.0034,0.2000,+0.0,+0.0000,NONE,RUNNING
="2026-08-10 04:10:26",65199,119285,119285,0,300000,+0.0031,0.2000,+0.0,+0.0000,NONE,RUNNING
="2026-08-10 04:11:26",65198,65199,65199,0,300000,-0.0003,0.2000,+0.0,+0.0000,NONE,RUNNING
="2026-08-10 04:12:26",65194,78940,78940,0,300000,+0.0059,0.2000,+0.0,+0.0000,NONE,RUNNING
="2026-08-10 04:13:26",65190,65074,65074,0,300000,-0.0027,0.2000,+0.0,+0.0000,NONE,RUNNING
="2026-08-10 04:14:26",65190,1209325,257902,951423,300000,+0.0017,0.2000,+0.0,+0.0000,NONE,RUNNING
="2026-08-10 04:15:26",65198,1592124,372982,1219142,300000,+0.0032,0.2000,+0.0,+0.0000,NONE,RUNNING
="2026-08-10 04:16:26",65198,148828,148828,0,300000,+0.0033,0.2000,+0.0,+0.0000,NONE,RUNNING
="2026-08-10 04:17:26",65198,553433,458070,95363,300000,-0.0020,0.2000,+0.0,+0.0000,NONE,RUNNING
="2026-08-10 04:18:26",65198,65198,65198,0,300000,-0.0011,0.2000,+0.0,+0.0000,NONE,RUNNING
="2026-08-10 04:19:26",65209,526681,260795,265885,300000,-0.0008,0.2000,+0.0,+0.0000,NONE,RUNNING
="2026-08-10 04:20:26",65209,456469,456469,0,300000,-0.0037,0.2000,+0.0,+0.0000,NONE,RUNNING
="2026-08-10 04:21:26",65209,188227,188227,0,300000,+0.0001,0.2000,+0.0,+0.0000,NONE,RUNNING
="2026-08-10 04:22:26",65209,206979,206979,0,300000,-0.0003,0.2000,+0.0,+0.0000,NONE,RUNNING
="2026-08-10 04:23:26",65209,92205,92205,0,300000,-0.0006,0.2000,+0.0,+0.0000,NONE,RUNNING
="2026-08-10 04:24:26",65209,94210,94210,0,300000,+0.0003,0.2000,+0.0,+0.0000,NONE,RUNNING
="2026-08-10 04:25:27",65209,162218,122218,39999,300000,+0.0010,0.2000,+0.0,+0.0000,NONE,RUNNING
="2026-08-10 04:26:27",65209,177753,177753,0,300000,+0.0000,0.2000,+0.0,+0.0000,NONE,RUNNING
="2026-08-10 04:27:27",65209,143613,52164,91448,300000,+0.0013,0.2000,+0.0,+0.0000,NONE,RUNNING
="2026-08-10 04:28:27",65209,86016,86016,0,300000,-0.0028,0.2000,+0.0,+0.0000,NONE,RUNNING
="2026-08-10 04:29:27",65209,185359,185359,0,300000,-0.0057,0.2000,+0.0,+0.0000,NONE,RUNNING
="2026-08-10 04:30:27",65208,421046,421046,0,300000,+0.0075,0.2000,+0.0,+0.0000,NONE,RUNNING
="2026-08-10 04:31:27",65208,177497,177497,0,300000,+0.0019,0.2000,+0.0,+0.0000,NONE,RUNNING
="2026-08-10 04:32:27",65202,222709,222709,0,300000,+0.0077,0.2000,+0.0,+0.0000,NONE,RUNNING
="2026-08-10 04:33:27",65201,106090,106090,0,300000,+0.0043,0.2000,+0.0,+0.0000,NONE,RUNNING
="2026-08-10 04:34:27",65201,77210,77210,0,300000,-0.0000,0.2000,+0.0,+0.0000,NONE,RUNNING
="2026-08-10 04:35:27",65201,108076,108076,0,300000,-0.0078,0.2000,+0.0,+0.0000,NONE,RUNNING
="2026-08-10 04:36:27",65201,79201,79201,0,300000,-0.0025,0.2000,+0.0,+0.0000,NONE,RUNNING
="2026-08-10 04:37:27",65200,179261,179261,0,300000,+0.0017,0.2000,+0.0,+0.0000,NONE,RUNNING
="2026-08-10 04:38:27",65199,223274,223274,0,300000,-0.0015,0.2000,+0.0,+0.0000,NONE,RUNNING
="2026-08-10 04:39:27",65199,208898,113727,95171,300000,-0.0000,0.2000,+0.0,+0.0000,NONE,RUNNING
="2026-08-10 04:40:27",65198,136354,136354,0,300000,-0.0005,0.2000,+0.0,+0.0000,NONE,RUNNING
="2026-08-10 04:41:27",65198,107773,107773,0,300000,-0.0014,0.2000,+0.0,+0.0000,NONE,RUNNING
="2026-08-10 04:42:27",65198,175646,75656,99989,300000,+0.0114,0.2000,+0.0,+0.0000,NONE,RUNNING
="2026-08-10 04:43:28",65197,471778,171809,299968,300000,+0.0019,0.2000,+0.0,+0.0000,NONE,RUNNING
="2026-08-10 04:44:28",65197,234583,63949,170634,300000,+0.0004,0.2000,+0.0,+0.0000,NONE,RUNNING
="2026-08-10 04:45:28",65197,50427,50427,0,300000,-0.0026,0.2000,+0.0,+0.0000,NONE,RUNNING
="2026-08-10 04:46:28",65196,125865,125865,0,300000,-0.0004,0.2000,+0.0,+0.0000,NONE,RUNNING
="2026-08-10 04:47:28",65193,336878,277680,59198,300000,-0.0017,0.2000,+0.0,+0.0000,NONE,RUNNING
="2026-08-10 04:48:28",65188,196479,196479,0,300000,-0.0016,0.2000,+0.0,+0.0000,NONE,RUNNING
="2026-08-10 04:49:28",65179,230498,230498,0,300000,+0.0048,0.2000,+0.0,+0.0000,NONE,RUNNING
="2026-08-10 04:50:28",65193,958904,403163,555741,300000,-0.0134,0.2000,+0.0,+0.0000,NONE,RUNNING
="2026-08-10 04:51:28",65193,65193,65193,0,300000,-0.0020,0.2000,+0.0,+0.0000,NONE,RUNNING
="2026-08-10 04:52:28",65193,289527,289527,0,300000,+0.0033,0.2000,+0.0,+0.0000,NONE,RUNNING
="2026-08-10 04:53:28",65193,84771,84771,0,300000,+0.0001,0.2000,+0.0,+0.0000,NONE,RUNNING
="2026-08-10 04:54:28",65187,214626,148671,65954,300000,+0.0046,0.2000,+0.0,+0.0000,NONE,RUNNING
="2026-08-10 04:55:28",65186,556494,546066,10428,300000,+0.0108,0.2000,+0.0,+0.0000,NONE,RUNNING
="2026-08-10 04:56:28",65186,78224,78224,0,300000,-0.0018,0.2000,+0.0,+0.0000,NONE,RUNNING
="2026-08-10 04:57:28",65186,305082,266530,38552,300000,+0.0002,0.2000,+0.0,+0.0000,NONE,RUNNING
="2026-08-10 04:58:29",65186,430989,430989,0,300000,+0.0019,0.2000,+0.0,+0.0000,NONE,RUNNING
="2026-08-10 04:59:29",65182,640315,640315,0,50000,+0.0011,0.1200,+0.0,+0.0000,NONE,RUNNING
="2026-08-10 05:00:29",65180,942706,703337,239369,50000,-0.0037,0.1200,+0.0,+0.0000,NONE,RUNNING
="2026-08-10 05:01:29",65180,63697,63697,0,50000,+0.0000,0.1200,+0.0,+0.0000,NONE,RUNNING
="2026-08-10 05:02:29",65179,67003,67003,0,50000,-0.0006,0.1200,+0.0,+0.0000,NONE,RUNNING
="2026-08-10 05:03:29",65179,177190,141630,35560,50000,+0.0002,0.1200,+0.0,+0.0000,NONE,RUNNING
="2026-08-10 05:04:29",65167,270743,256709,14033,50000,+0.0265,0.1200,+0.0,+0.0000,NONE,RUNNING
="2026-08-10 05:05:29",65155,184857,184857,0,50000,-0.0010,0.1200,+0.0,+0.0000,NONE,RUNNING
="2026-08-10 05:06:29",65154,236474,236474,0,50000,-0.0010,0.1200,+0.0,+0.0000,NONE,RUNNING
="2026-08-10 05:07:29",65154,77435,65441,11994,50000,+0.0115,0.1200,+0.0,+0.0000,NONE,RUNNING
="2026-08-10 05:08:29",65150,127608,127608,0,50000,-0.0101,0.1200,+0.0,+0.0000,NONE,RUNNING
="2026-08-10 05:09:29",65150,62370,62370,0,50000,+0.0037,0.1200,+0.0,+0.0000,NONE,RUNNING
="2026-08-10 05:10:29",65102,323640,247262,76377,50000,+0.0074,0.1200,+0.0,+0.0000,NONE,RUNNING
="2026-08-10 05:11:29",65102,330029,220834,109194,50000,-0.0221,0.1200,+0.0,+0.0000,NONE,RUNNING
="2026-08-10 05:12:29",65109,644605,585981,58624,50000,-0.0011,0.1200,+0.0,+0.0000,NONE,RUNNING
="2026-08-10 05:13:30",65098,306025,306025,0,50000,-0.0115,0.1200,+0.0,+0.0000,NONE,RUNNING
="2026-08-10 05:14:30",65073,7528654,6804077,724576,50000,-0.0123,0.1200,+0.0,+0.0000,NONE,RUNNING
="2026-08-10 05:15:30",65074,34053,22111,11942,50000,-0.0096,0.1200,+0.0,+0.0000,NONE,RUNNING
="2026-08-10 05:16:30",65093,89803,63413,26389,50000,+0.0047,0.1200,+0.0,+0.0000,NONE,RUNNING
="2026-08-10 05:17:30",65108,402713,340217,62496,50000,-0.0066,0.1200,+0.0,+0.0000,NONE,RUNNING
="2026-08-10 05:18:30",65126,400454,287792,112662,50000,-0.0020,0.1200,+0.0,+0.0000,NONE,RUNNING
="2026-08-10 05:19:30",65103,264798,183342,81455,50000,+0.0306,0.1200,+0.0,+0.0000,NONE,RUNNING
="2026-08-10 05:20:30",65120,657078,585959,71118,50000,+0.0028,0.1200,+0.0,+0.0000,NONE,RUNNING
="2026-08-10 05:21:30",65148,205370,195359,10010,50000,-0.0041,0.1200,+0.0,+0.0000,NONE,RUNNING
="2026-08-10 05:22:30",65134,429887,416691,13196,50000,-0.0013,0.1200,+0.0,+0.0000,NONE,RUNNING
="2026-08-10 05:23:30",65121,580011,580011,0,50000,+0.0019,0.1200,+0.0,+0.0000,NONE,RUNNING
="2026-08-10 05:24:30",65120,98866,33746,65120,50000,+0.0036,0.1200,+0.0,+0.0000,NONE,RUNNING
="2026-08-10 05:25:30",65114,210996,210996,0,50000,-0.0000,0.1200,+0.0,+0.0000,NONE,RUNNING
="2026-08-10 05:26:30",65110,749790,438724,311065,50000,-0.0299,0.1200,+0.0,+0.0000,NONE,RUNNING
="2026-08-10 05:27:30",65125,186691,144540,42151,50000,-0.0009,0.1200,+0.0,+0.0000,NONE,RUNNING
="2026-08-10 05:28:30",65130,199626,199626,0,50000,-0.0022,0.1200,+0.0,+0.0000,NONE,RUNNING
="2026-08-10 05:29:30",65127,405433,380433,24999,50000,-0.0019,0.1200,+0.0,+0.0000,NONE,RUNNING
="2026-08-10 05:30:30",65135,145299,65127,80172,50000,-0.0018,0.1200,+0.0,+0.0000,NONE,RUNNING
="2026-08-10 05:31:30",65136,162340,162340,0,50000,-0.0029,0.1200,+0.0,+0.0000,NONE,RUNNING
="2026-08-10 05:32:31",65136,176651,176651,0,50000,-0.0030,0.1200,+0.0,+0.0000,NONE,RUNNING
="2026-08-10 05:33:31",65155,681313,324112,357200,50000,-0.0001,0.1200,+0.0,+0.0000,NONE,RUNNING
="2026-08-10 05:34:31",65162,830433,591350,239083,50000,-0.0060,0.1200,+0.0,+0.0000,NONE,RUNNING
="2026-08-10 05:35:31",65159,759287,680501,78785,50000,+0.0004,0.1200,+0.0,+0.0000,NONE,RUNNING
="2026-08-10 05:36:31",65143,193004,193004,0,50000,-0.0020,0.1200,+0.0,+0.0000,NONE,RUNNING
="2026-08-10 05:37:31",65143,67739,67739,0,50000,-0.0054,0.1200,+0.0,+0.0000,NONE,RUNNING
="2026-08-10 05:38:31",65143,461577,404749,56828,50000,+0.0003,0.1200,+0.0,+0.0000,NONE,RUNNING
="2026-08-10 05:39:31",65142,82666,82666,0,50000,-0.0011,0.1200,+0.0,+0.0000,NONE,RUNNING
="2026-08-10 05:40:31",65142,277303,212274,65028,50000,-0.0016,0.1200,+0.0,+0.0000,NONE,RUNNING
="2026-08-10 05:41:31",65140,70167,70167,0,50000,-0.0006,0.1200,+0.0,+0.0000,NONE,RUNNING
="2026-08-10 05:42:31",65139,95245,95245,0,50000,-0.0005,0.1200,+0.0,+0.0000,NONE,RUNNING
="2026-08-10 05:43:31",65139,79070,79070,0,50000,+0.0002,0.1200,+0.0,+0.0000,NONE,RUNNING
="2026-08-10 05:44:31",65139,69745,69745,0,50000,-0.0002,0.1200,+0.0,+0.0000,NONE,RUNNING
="2026-08-10 05:45:31",65139,76898,66606,10292,50000,-0.0079,0.1200,+0.0,+0.0000,NONE,RUNNING
="2026-08-10 05:46:31",65136,294839,294839,0,50000,-0.0014,0.1200,+0.0,+0.0000,NONE,RUNNING
="2026-08-10 05:47:31",65136,79037,66953,12084,50000,-0.0002,0.1200,+0.0,+0.0000,NONE,RUNNING
="2026-08-10 05:48:31",65136,108658,108658,0,50000,+0.0028,0.1200,+0.0,+0.0000,NONE,RUNNING
="2026-08-10 05:49:31",65136,103671,103671,0,50000,+0.0027,0.1200,+0.0,+0.0000,NONE,RUNNING
="2026-08-10 05:50:32",65134,113151,113151,0,50000,-0.0011,0.1200,+0.0,+0.0000,NONE,RUNNING
="2026-08-10 05:51:32",65134,103107,103107,0,50000,-0.0018,0.1200,+0.0,+0.0000,NONE,RUNNING
="2026-08-10 05:52:32",65128,560953,560953,0,50000,+0.0007,0.1200,+0.0,+0.0000,NONE,RUNNING
="2026-08-10 05:53:32",65128,139941,139941,0,50000,-0.0006,0.1200,+0.0,+0.0000,NONE,RUNNING
="2026-08-10 05:54:32",65134,677015,65133,611881,50000,-0.0003,0.1200,+0.0,+0.0000,NONE,RUNNING
="2026-08-10 05:55:32",65138,361525,130275,231250,50000,+0.0009,0.1200,+0.0,+0.0000,NONE,RUNNING
="2026-08-10 05:56:32",65137,383030,383030,0,50000,-0.0005,0.1200,+0.0,+0.0000,NONE,RUNNING
="2026-08-10 05:57:32",65137,280710,280710,0,50000,+0.0032,0.1200,+0.0,+0.0000,NONE,RUNNING
="2026-08-10 05:58:32",65137,172754,172754,0,50000,+0.0006,0.1200,+0.0,+0.0000,NONE,RUNNING
="2026-08-10 05:59:32",65137,48837,35810,13027,50000,+0.0017,0.1200,+0.0,+0.0000,NONE,RUNNING
="2026-08-10 06:00:32",65137,148596,118467,30128,50000,+0.0061,0.1200,+0.0,+0.0000,NONE,RUNNING
="2026-08-10 06:01:32",65137,57638,46729,10908,50000,+0.0005,0.1200,+0.0,+0.0000,NONE,RUNNING
="2026-08-10 06:02:32",65137,144802,49821,94981,50000,-0.0000,0.1200,+0.0,+0.0000,NONE,RUNNING
="2026-08-10 06:03:32",65137,176501,176501,0,50000,-0.0009,0.1200,+0.0,+0.0000,NONE,RUNNING
="2026-08-10 06:04:32",65137,797041,610354,186686,50000,-0.0163,0.1200,+0.0,+0.0000,NONE,RUNNING
="2026-08-10 06:05:32",65132,77367,77367,0,50000,-0.0221,0.1200,+0.0,+0.0000,NONE,RUNNING
="2026-08-10 06:06:32",65128,62092,40894,21197,50000,-0.0178,0.1200,+0.0,+0.0000,NONE,RUNNING
="2026-08-10 06:07:32",65128,133244,133244,0,50000,-0.0055,0.1200,+0.0,+0.0000,NONE,RUNNING
="2026-08-10 06:08:32",65128,137440,117504,19935,50000,-0.0027,0.1200,+0.0,+0.0000,NONE,RUNNING
="2026-08-10 06:09:32",65137,1643589,401324,1242265,50000,+0.0001,0.1200,+0.0,+0.0000,NONE,RUNNING
="2026-08-10 06:10:33",65137,302808,163529,139278,50000,-0.0037,0.1200,+0.0,+0.0000,NONE,RUNNING
="2026-08-10 06:11:33",65137,99422,99422,0,50000,+0.0001,0.1200,+0.0,+0.0000,NONE,RUNNING
="2026-08-10 06:12:33",65137,26710,26710,0,50000,-0.0005,0.1200,+0.0,+0.0000,NONE,RUNNING
="2026-08-10 06:13:33",65128,247298,247298,0,50000,+0.0019,0.1200,+0.0,+0.0000,NONE,RUNNING
="2026-08-10 06:14:33",65126,515222,482509,32712,50000,-0.0033,0.1200,+0.0,+0.0000,NONE,RUNNING
="2026-08-10 06:15:33",65126,358685,358685,0,50000,-0.0009,0.1200,+0.0,+0.0000,NONE,RUNNING
="2026-08-10 06:16:33",65135,824108,167456,656651,50000,-0.0005,0.1200,+0.0,+0.0000,NONE,RUNNING
="2026-08-10 06:17:33",65141,94238,65141,29096,50000,+0.0022,0.1200,+0.0,+0.0000,NONE,RUNNING
="2026-08-10 06:18:33",65141,315517,315517,0,50000,-0.0017,0.1200,+0.0,+0.0000,NONE,RUNNING
="2026-08-10 06:19:33",65126,767960,767960,0,50000,-0.0050,0.1200,+0.0,+0.0000,NONE,RUNNING
="2026-08-10 06:20:33",65126,260504,260504,0,50000,+0.0002,0.1200,+0.0,+0.0000,NONE,RUNNING
="2026-08-10 06:21:33",65126,164944,164944,0,50000,-0.0008,0.1200,+0.0,+0.0000,NONE,RUNNING
="2026-08-10 06:22:33",65125,122205,122205,0,50000,+0.0037,0.1200,+0.0,+0.0000,NONE,RUNNING
="2026-08-10 06:23:33",65118,162901,162901,0,50000,+0.0020,0.1200,+0.0,+0.0000,NONE,RUNNING
="2026-08-10 06:24:33",65129,991789,106167,885622,50000,+0.0026,0.1200,+0.0,+0.0000,NONE,RUNNING
="2026-08-10 06:25:33",65136,630667,598262,32405,50000,-0.0053,0.1200,+0.0,+0.0000,NONE,RUNNING
="2026-08-10 06:26:33",65136,661130,661130,0,50000,+0.0044,0.1200,+0.0,+0.0000,NONE,RUNNING
="2026-08-10 06:27:33",65136,279070,185543,93526,50000,-0.0023,0.1200,+0.0,+0.0000,NONE,RUNNING
="2026-08-10 06:28:33",65136,130866,130866,0,50000,+0.0011,0.1200,+0.0,+0.0000,NONE,RUNNING
="2026-08-10 06:29:34",65133,1301180,1282746,18433,50000,-0.0010,0.1200,+0.0,+0.0000,NONE,RUNNING
="2026-08-10 06:30:34",65136,676170,211186,464984,50000,-0.0073,0.1200,+0.0,+0.0000,NONE,RUNNING
="2026-08-10 06:31:34",65136,232880,205632,27247,50000,-0.0042,0.1200,+0.0,+0.0000,NONE,RUNNING
="2026-08-10 06:32:34",65136,458488,446327,12161,50000,-0.0002,0.1200,+0.0,+0.0000,NONE,RUNNING
="2026-08-10 06:33:34",65136,146092,126962,19129,50000,-0.0015,0.1200,+0.0,+0.0000,NONE,RUNNING
="2026-08-10 06:34:34",65136,1553271,1452282,100988,50000,+0.0057,0.1200,+0.0,+0.0000,NONE,RUNNING
="2026-08-10 06:35:34",65136,508749,473164,35585,50000,-0.0020,0.1200,+0.0,+0.0000,NONE,RUNNING
="2026-08-10 06:36:34",65186,521994,357111,164883,50000,-0.0247,0.1200,+0.0,+0.0000,NONE,RUNNING
="2026-08-10 06:37:34",65187,468674,415429,53245,50000,-0.0095,0.1200,+0.0,+0.0000,NONE,RUNNING
="2026-08-10 06:38:34",65181,808630,580221,228409,50000,-0.0046,0.1200,+0.0,+0.0000,NONE,RUNNING
="2026-08-10 06:39:34",65191,1075292,365418,709874,50000,-0.0036,0.1200,+0.0,+0.0000,NONE,RUNNING
="2026-08-10 06:40:34",65236,1845795,945100,900694,50000,+0.0413,0.1200,+0.0,+0.0000,NONE,RUNNING
="2026-08-10 06:40:56",65217,1433541,1009689,423852,50000,+0.0632,0.1200,+0.0,+0.0000,NONE,RUNNING
="2026-08-10 06:40:57",65217,1433541,1009689,423852,50000,+0.0632,0.1200,+0.0,+0.0000,NONE,RUNNING
="2026-08-10 06:40:58",65217,1433541,1009689,423852,50000,+0.0636,0.1200,+0.0,+0.0000,NONE,RUNNING
="2026-08-10 06:40:59",65217,1433541,1009689,423852,50000,+0.0636,0.1200,+0.0,+0.0000,NONE,RUNNING
="2026-08-10 06:41:00",65216,1521088,1097236,423852,50000,+0.0634,0.1200,+0.0,+0.0000,NONE,RUNNING
="2026-08-10 06:41:01",65216,1457649,1065575,392073,50000,+0.0634,0.1200,+0.0,+0.0000,NONE,RUNNING
="2026-08-10 06:41:02",65216,1421215,1065575,355639,50000,+0.0634,0.1200,+0.0,+0.0000,NONE,RUNNING
="2026-08-10 06:41:03",65215,1013163,683674,329488,50000,+0.0654,0.1200,+0.0,+0.0000,NONE,RUNNING
="2026-08-10 06:41:04",65213,857965,549355,308609,50000,+0.0654,0.1200,+0.0,+0.0000,NONE,RUNNING
="2026-08-10 06:41:05",65213,559361,549355,10006,50000,+0.0650,0.1200,+0.0,+0.0000,NONE,RUNNING
="2026-08-10 06:41:06",65213,571471,561465,10006,50000,+0.0643,0.1200,+0.0,+0.0000,NONE,RUNNING
="2026-08-10 06:41:07",65211,571471,561465,10006,50000,+0.0643,0.1200,+0.0,+0.0000,NONE,RUNNING
="2026-08-10 06:41:08",65211,316003,305997,10006,50000,+0.0642,0.1200,+0.0,+0.0000,NONE,RUNNING
="2026-08-10 06:41:09",65209,316003,305997,10006,50000,+0.0384,0.1200,+0.0,+0.0000,NONE,RUNNING
="2026-08-10 06:41:10",65209,316003,305997,10006,50000,+0.0384,0.1200,+0.0,+0.0000,NONE,RUNNING
="2026-08-10 06:41:11",65209,316003,305997,10006,50000,+0.0383,0.1200,+0.0,+0.0000,NONE,RUNNING
="2026-08-10 06:41:12",65209,316003,305997,10006,50000,+0.0051,0.1200,+0.0,+0.0000,NONE,RUNNING
="2026-08-10 06:41:13",65209,249387,239381,10006,50000,+0.0042,0.1200,+0.0,+0.0000,NONE,RUNNING
="2026-08-10 06:41:14",65204,249387,239381,10006,50000,+0.0042,0.1200,+0.0,+0.0000,NONE,RUNNING
="2026-08-10 06:41:15",65204,249387,239381,10006,50000,+0.0061,0.1200,+0.0,+0.0000,NONE,RUNNING
="2026-08-10 06:41:16",65202,249387,239381,10006,50000,+0.0061,0.1200,+0.0,+0.0000,NONE,RUNNING
="2026-08-10 06:41:17",65202,249387,239381,10006,50000,+0.0060,0.1200,+0.0,+0.0000,NONE,RUNNING
="2026-08-10 06:41:18",65202,249387,239381,10006,50000,+0.0060,0.1200,+0.0,+0.0000,NONE,RUNNING
="2026-08-10 06:41:19",65202,260258,250252,10006,50000,+0.0087,0.1200,+0.0,+0.0000,NONE,RUNNING
="2026-08-10 06:41:20",65201,260258,250252,10006,50000,+0.0079,0.1200,+0.0,+0.0000,NONE,RUNNING
="2026-08-10 06:41:21",65200,260258,250252,10006,50000,+0.0079,0.1200,+0.0,+0.0000,NONE,RUNNING
="2026-08-10 06:41:22",65200,260258,250252,10006,50000,+0.0079,0.1200,+0.0,+0.0000,NONE,RUNNING
="2026-08-10 06:41:23",65200,260258,250252,10006,50000,+0.0079,0.1200,+0.0,+0.0000,NONE,RUNNING
="2026-08-10 06:41:24",65200,260258,250252,10006,50000,+0.0079,0.1200,+0.0,+0.0000,NONE,RUNNING
="2026-08-10 06:41:25",65200,260258,250252,10006,50000,+0.0079,0.1200,+0.0,+0.0000,NONE,RUNNING
="2026-08-10 06:41:26",65196,260258,250252,10006,50000,+0.0079,0.1200,+0.0,+0.0000,NONE,RUNNING
="2026-08-10 06:41:27",65195,260258,250252,10006,50000,+0.0013,0.1200,+0.0,+0.0000,NONE,RUNNING
="2026-08-10 06:41:28",65195,260258,250252,10006,50000,+0.0013,0.1200,+0.0,+0.0000,NONE,RUNNING
="2026-08-10 06:41:29",65194,196279,186273,10006,50000,+0.0013,0.1200,+0.0,+0.0000,NONE,RUNNING
="2026-08-10 06:41:30",65194,196279,186273,10006,50000,+0.0013,0.1200,+0.0,+0.0000,NONE,RUNNING
="2026-08-10 06:41:31",65194,196279,186273,10006,50000,+0.0013,0.1200,+0.0,+0.0000,NONE,RUNNING
="2026-08-10 06:41:32",65194,196279,186273,10006,50000,+0.0023,0.1200,+0.0,+0.0000,NONE,RUNNING
="2026-08-10 06:41:33",65194,196279,186273,10006,50000,+0.0051,0.1200,+0.0,+0.0000,NONE,RUNNING
="2026-08-10 06:41:34",65194,196279,186273,10006,50000,+0.0051,0.1200,+0.0,+0.0000,NONE,RUNNING
="2026-08-10 06:41:35",65194,186273,186273,0,50000,+0.0050,0.1200,+0.0,+0.0000,NONE,RUNNING
="2026-08-10 06:41:36",65194,121684,121684,0,50000,+0.0076,0.1200,+0.0,+0.0000,NONE,RUNNING
="2026-08-10 06:41:37",65194,121684,121684,0,50000,+0.0076,0.1200,+0.0,+0.0000,NONE,RUNNING
="2026-08-10 06:41:38",65197,135679,121684,13995,50000,+0.0076,0.1200,+0.0,+0.0000,NONE,RUNNING
="2026-08-10 06:41:39",65199,135679,121684,13995,50000,+0.0088,0.1200,+0.0,+0.0000,NONE,RUNNING
="2026-08-10 06:41:40",65199,135679,121684,13995,50000,+0.0032,0.1200,+0.0,+0.0000,NONE,RUNNING
="2026-08-10 06:41:41",65199,135679,121684,13995,50000,+0.0032,0.1200,+0.0,+0.0000,NONE,RUNNING
="2026-08-10 06:41:42",65199,135679,121684,13995,50000,-0.0020,0.1200,+0.0,+0.0000,NONE,RUNNING
="2026-08-10 06:41:43",65199,135679,121684,13995,50000,-0.0020,0.1200,+0.0,+0.0000,NONE,RUNNING
="2026-08-10 06:41:44",65199,135679,121684,13995,50000,-0.0018,0.1200,+0.0,+0.0000,NONE,RUNNING
="2026-08-10 06:41:45",65199,135679,121684,13995,50000,-0.0026,0.1200,+0.0,+0.0000,NONE,RUNNING
="2026-08-10 06:41:46",65199,135679,121684,13995,50000,-0.0026,0.1200,+0.0,+0.0000,NONE,RUNNING
="2026-08-10 06:41:47",65199,135679,121684,13995,50000,-0.0026,0.1200,+0.0,+0.0000,NONE,RUNNING
="2026-08-10 06:41:48",65199,135679,121684,13995,50000,-0.0028,0.1200,+0.0,+0.0000,NONE,RUNNING
="2026-08-10 06:41:49",65199,135679,121684,13995,50000,-0.0028,0.1200,+0.0,+0.0000,NONE,RUNNING
="2026-08-10 06:41:50",65199,500031,432962,67069,50000,-0.0026,0.1200,+0.0,+0.0000,NONE,RUNNING
="2026-08-10 06:41:51",65199,500031,432962,67069,50000,-0.0030,0.1200,+0.0,+0.0000,NONE,RUNNING
="2026-08-10 06:41:52",65199,500031,432962,67069,50000,-0.0030,0.1200,+0.0,+0.0000,NONE,RUNNING
="2026-08-10 06:41:53",65199,500031,432962,67069,50000,-0.0030,0.1200,+0.0,+0.0000,NONE,RUNNING
="2026-08-10 06:41:54",65199,500031,432962,67069,50000,-0.0030,0.1200,+0.0,+0.0000,NONE,RUNNING
="2026-08-10 06:41:55",65199,500031,432962,67069,50000,-0.0030,0.1200,+0.0,+0.0000,NONE,RUNNING
="2026-08-10 06:41:56",65199,500031,432962,67069,50000,-0.0045,0.1200,+0.0,+0.0000,NONE,RUNNING
="2026-08-10 06:41:57",65199,500031,432962,67069,50000,-0.0045,0.1200,+0.0,+0.0000,NONE,RUNNING
="2026-08-10 06:41:58",65199,500031,432962,67069,50000,-0.0049,0.1200,+0.0,+0.0000,NONE,RUNNING
="2026-08-10 06:41:59",65199,412484,345415,67069,50000,-0.0049,0.1200,+0.0,+0.0000,NONE,RUNNING
="2026-08-10 06:42:00",65199,412484,345415,67069,50000,-0.0047,0.1200,+0.0,+0.0000,NONE,RUNNING
="2026-08-10 06:42:01",65199,412484,345415,67069,50000,-0.0047,0.1200,+0.0,+0.0000,NONE,RUNNING
="2026-08-10 06:42:02",65199,412484,345415,67069,50000,-0.0047,0.1200,+0.0,+0.0000,NONE,RUNNING
="2026-08-10 06:42:03",65199,412484,345415,67069,50000,-0.0061,0.1200,+0.0,+0.0000,NONE,RUNNING
="2026-08-10 06:42:04",65199,412484,345415,67069,50000,-0.0057,0.1200,+0.0,+0.0000,NONE,RUNNING
="2026-08-10 06:42:05",65199,412484,345415,67069,50000,-0.0057,0.1200,+0.0,+0.0000,NONE,RUNNING
="2026-08-10 06:42:06",65199,389217,322148,67069,50000,-0.0057,0.1200,+0.0,+0.0000,NONE,RUNNING
="2026-08-10 06:42:07",65199,389217,322148,67069,50000,-0.0055,0.1200,+0.0,+0.0000,NONE,RUNNING
="2026-08-10 06:43:07",65199,27462,27462,0,50000,-0.0013,0.1200,+0.0,+0.0000,NONE,RUNNING
="2026-08-10 06:44:07",65218,1045003,290413,754589,50000,-0.0023,0.1200,+0.0,+0.0000,NONE,RUNNING
="2026-08-10 06:45:08",65218,1315895,789537,526358,50000,-0.0028,0.1200,+0.0,+0.0000,NONE,RUNNING
="2026-08-10 06:46:08",65213,259401,235725,23676,50000,-0.0039,0.1200,+0.0,+0.0000,NONE,RUNNING
="2026-08-10 06:47:08",65214,117095,97811,19283,50000,+0.0033,0.1200,+0.0,+0.0000,NONE,RUNNING
="2026-08-10 06:48:08",65206,83086,83086,0,50000,+0.0009,0.1200,+0.0,+0.0000,NONE,RUNNING
="2026-08-10 06:49:08",65206,40666,20729,19937,50000,+0.0012,0.1200,+0.0,+0.0000,NONE,RUNNING
="2026-08-10 06:50:08",65198,59741,59741,0,50000,-0.0059,0.1200,+0.0,+0.0000,NONE,RUNNING
="2026-08-10 06:51:08",65192,83392,83392,0,50000,-0.0087,0.1200,+0.0,+0.0000,NONE,RUNNING
="2026-08-10 06:52:08",65191,28366,28366,0,50000,+0.0002,0.1200,+0.0,+0.0000,NONE,RUNNING
="2026-08-10 06:53:08",65191,44709,44709,0,50000,-0.0009,0.1200,+0.0,+0.0000,NONE,RUNNING
="2026-08-10 06:54:08",65184,135627,54959,80667,50000,+0.0003,0.1200,+0.0,+0.0000,NONE,RUNNING
="2026-08-10 06:55:08",65184,132406,76213,56192,50000,+0.0033,0.1200,+0.0,+0.0000,NONE,RUNNING
="2026-08-10 06:56:08",65202,548375,273815,274560,50000,-0.0050,0.1200,+0.0,+0.0000,NONE,RUNNING
="2026-08-10 06:57:08",65201,287207,274166,13040,50000,-0.0017,0.1200,+0.0,+0.0000,NONE,RUNNING
="2026-08-10 06:58:08",65196,58364,58364,0,50000,+0.0044,0.1200,+0.0,+0.0000,NONE,RUNNING
="2026-08-10 06:59:08",65196,84755,65196,19558,50000,+0.0015,0.1200,+0.0,+0.0000,NONE,RUNNING
="2026-08-10 07:00:08",65208,254901,108744,146156,50000,-0.0084,0.1200,+0.0,+0.0000,NONE,RUNNING
="2026-08-10 07:01:09",65234,453434,411566,41868,50000,+0.0157,0.1200,+0.0,+0.0000,NONE,RUNNING
="2026-08-10 07:02:09",65252,211793,65249,146543,50000,+0.0070,0.1200,+0.0,+0.0000,NONE,RUNNING
="2026-08-10 07:03:09",65250,150774,129928,20845,50000,+0.0068,0.1200,+0.0,+0.0000,NONE,RUNNING
="2026-08-10 07:04:09",65252,192674,130505,62169,50000,+0.0063,0.1200,+0.0,+0.0000,NONE,RUNNING
="2026-08-10 07:05:09",65246,392165,329797,62367,50000,+0.0066,0.1200,+0.0,+0.0000,NONE,RUNNING
="2026-08-10 07:06:09",65262,626794,173585,453208,50000,+0.0132,0.1200,+0.0,+0.0000,NONE,RUNNING
="2026-08-10 07:07:09",65261,296639,262893,33746,50000,+0.0082,0.1200,+0.0,+0.0000,NONE,RUNNING
="2026-08-10 07:08:09",65261,149121,138627,10494,50000,-0.0091,0.1200,+0.0,+0.0000,NONE,RUNNING
="2026-08-10 07:09:09",65273,955466,543933,411532,50000,+0.0185,0.1200,+0.0,+0.0000,NONE,RUNNING
="2026-08-10 07:10:09",65277,652105,264158,387946,50000,+0.0125,0.1200,+0.0,+0.0000,NONE,RUNNING
="2026-08-10 07:11:09",65273,506381,94442,411939,50000,+0.0451,0.1200,+0.0,+0.0000,NONE,RUNNING
="2026-08-10 07:12:09",65265,150519,131851,18668,50000,+0.0221,0.1200,+0.0,+0.0000,NONE,RUNNING
="2026-08-10 07:13:09",65269,424558,151583,272974,50000,+0.0049,0.1200,+0.0,+0.0000,NONE,RUNNING
="2026-08-10 07:14:09",65269,646986,538521,108465,50000,+0.0069,0.1200,+0.0,+0.0000,NONE,RUNNING
="2026-08-10 07:15:09",65384,15341767,3703523,11638243,50000,+0.0244,0.1200,+0.0,+0.0000,NONE,RUNNING
="2026-08-10 07:15:34",65360,1997134,1392069,605065,50000,+0.0679,0.1200,+0.0,+0.0000,NONE,RUNNING
="2026-08-10 07:15:35",65360,1997134,1392069,605065,50000,+0.0679,0.1200,+0.0,+0.0000,NONE,RUNNING
="2026-08-10 07:15:36",65350,2062956,1469959,592997,50000,+0.0684,0.1200,+0.0,+0.0000,NONE,RUNNING
="2026-08-10 07:15:37",65344,2014307,1421310,592997,50000,+0.0684,0.1200,+0.0,+0.0000,NONE,RUNNING
="2026-08-10 07:15:38",65344,2000467,1407470,592997,50000,+0.0626,0.1200,+0.0,+0.0000,NONE,RUNNING
="2026-08-10 07:15:39",65344,2000467,1407470,592997,50000,+0.0626,0.1200,+0.0,+0.0000,NONE,RUNNING
="2026-08-10 07:15:40",65328,2000467,1407470,592997,50000,+0.0626,0.1200,+0.0,+0.0000,NONE,RUNNING
="2026-08-10 07:15:41",65324,2092412,1421528,670884,50000,+0.0614,0.1200,+0.0,+0.0000,NONE,RUNNING
="2026-08-10 07:15:42",65344,2142930,1421528,721402,50000,+0.0614,0.1200,+0.0,+0.0000,NONE,RUNNING
="2026-08-10 07:15:43",65344,2142930,1421528,721402,50000,+0.0608,0.1200,+0.0,+0.0000,NONE,RUNNING
="2026-08-10 07:15:44",65346,2168815,1421528,747287,50000,+0.0533,0.1200,+0.0,+0.0000,NONE,RUNNING
="2026-08-10 07:15:45",65346,2109702,1362414,747287,50000,+0.0533,0.1200,+0.0,+0.0000,NONE,RUNNING
="2026-08-10 07:15:46",65346,2109702,1362414,747287,50000,+0.0505,0.1200,+0.0,+0.0000,NONE,RUNNING
="2026-08-10 07:15:47",65346,2109702,1362414,747287,50000,+0.0498,0.1200,+0.0,+0.0000,NONE,RUNNING
="2026-08-10 07:15:48",65346,1864318,1231418,632900,50000,+0.0498,0.1200,+0.0,+0.0000,NONE,RUNNING
="2026-08-10 07:15:49",65345,1864318,1231418,632900,50000,+0.0505,0.1200,+0.0,+0.0000,NONE,RUNNING
="2026-08-10 07:15:50",65345,1864318,1231418,632900,50000,+0.0518,0.1200,+0.0,+0.0000,NONE,RUNNING
="2026-08-10 07:15:51",65345,1807604,1174704,632900,50000,+0.0518,0.1200,+0.0,+0.0000,NONE,RUNNING
="2026-08-10 07:15:52",65346,1685383,1174704,510678,50000,+0.0520,0.1200,+0.0,+0.0000,NONE,RUNNING
="2026-08-10 07:15:53",65346,1572817,1124760,448057,50000,+0.0512,0.1200,+0.0,+0.0000,NONE,RUNNING
="2026-08-10 07:15:54",65346,1572817,1124760,448057,50000,+0.0512,0.1200,+0.0,+0.0000,NONE,RUNNING
="2026-08-10 07:15:55",65345,1572817,1124760,448057,50000,+0.0514,0.1200,+0.0,+0.0000,NONE,RUNNING
="2026-08-10 07:15:56",65345,1572817,1124760,448057,50000,+0.0514,0.1200,+0.0,+0.0000,NONE,RUNNING
="2026-08-10 07:15:57",65345,1690352,1252786,437565,50000,+0.0501,0.1200,+0.0,+0.0000,NONE,RUNNING
="2026-08-10 07:15:58",65345,1690352,1252786,437565,50000,+0.0540,0.1200,+0.0,+0.0000,NONE,RUNNING
="2026-08-10 07:15:59",65345,1690352,1252786,437565,50000,+0.0530,0.1200,+0.0,+0.0000,NONE,RUNNING
="2026-08-10 07:16:00",65345,1624944,1187378,437565,50000,+0.0530,0.1200,+0.0,+0.0000,NONE,RUNNING
="2026-08-10 07:16:01",65344,1607321,1187378,419942,50000,+0.0509,0.1200,+0.0,+0.0000,NONE,RUNNING
="2026-08-10 07:16:02",65344,1589444,1169501,419942,50000,+0.0441,0.1200,+0.0,+0.0000,NONE,RUNNING
="2026-08-10 07:16:03",65345,1571568,1169501,402067,50000,+0.0441,0.1200,+0.0,+0.0000,NONE,RUNNING
="2026-08-10 07:16:04",65351,1911601,1169501,742100,50000,+0.0441,0.1200,+0.0,+0.0000,NONE,RUNNING
="2026-08-10 07:16:05",65357,1911601,1169501,742100,50000,+0.0292,0.1200,+0.0,+0.0000,NONE,RUNNING
="2026-08-10 07:16:06",65365,1452612,710512,742100,50000,+0.0292,0.1200,+0.0,+0.0000,NONE,RUNNING
="2026-08-10 07:16:07",65365,1452612,710512,742100,50000,+0.0307,0.1200,+0.0,+0.0000,NONE,RUNNING
="2026-08-10 07:16:08",65365,1408198,688339,719858,50000,+0.0307,0.1200,+0.0,+0.0000,NONE,RUNNING
="2026-08-10 07:16:09",65367,1154640,434782,719858,50000,+0.0294,0.1200,+0.0,+0.0000,NONE,RUNNING
="2026-08-10 07:16:10",65367,1166496,434782,731714,50000,+0.0326,0.1200,+0.0,+0.0000,NONE,RUNNING
="2026-08-10 07:16:11",65368,1177560,470295,707265,50000,+0.0326,0.1200,+0.0,+0.0000,NONE,RUNNING
="2026-08-10 07:16:12",65368,1248536,541270,707265,50000,+0.0326,0.1200,+0.0,+0.0000,NONE,RUNNING
="2026-08-10 07:16:13",65364,1198293,552538,645754,50000,+0.0327,0.1200,+0.0,+0.0000,NONE,RUNNING
="2026-08-10 07:16:14",65364,1132648,486893,645754,50000,+0.0327,0.1200,+0.0,+0.0000,NONE,RUNNING
="2026-08-10 07:16:15",65364,1117325,486893,630432,50000,+0.0179,0.1200,+0.0,+0.0000,NONE,RUNNING
="2026-08-10 07:16:16",65364,1117325,486893,630432,50000,+0.0351,0.1200,+0.0,+0.0000,NONE,RUNNING
="2026-08-10 07:16:17",65364,1106867,486893,619974,50000,+0.0299,0.1200,+0.0,+0.0000,NONE,RUNNING
="2026-08-10 07:16:18",65364,1131786,486893,644892,50000,+0.0299,0.1200,+0.0,+0.0000,NONE,RUNNING
="2026-08-10 07:16:19",65368,1131786,486893,644892,50000,+0.0321,0.1200,+0.0,+0.0000,NONE,RUNNING
="2026-08-10 07:16:20",65384,1187507,486893,700613,50000,+0.0321,0.1200,+0.0,+0.0000,NONE,RUNNING
="2026-08-10 07:16:21",65392,1151582,486893,664689,50000,+0.0311,0.1200,+0.0,+0.0000,NONE,RUNNING
="2026-08-10 07:16:22",65392,1086406,486893,599512,50000,+0.0418,0.1200,+0.0,+0.0000,NONE,RUNNING
="2026-08-10 07:16:23",65392,1086406,486893,599512,50000,+0.0418,0.1200,+0.0,+0.0000,NONE,RUNNING
="2026-08-10 07:16:24",65392,1086406,486893,599512,50000,+0.0422,0.1200,+0.0,+0.0000,NONE,RUNNING
="2026-08-10 07:16:25",65393,1119599,486893,632705,50000,+0.0423,0.1200,+0.0,+0.0000,NONE,RUNNING
="2026-08-10 07:16:26",65401,1142156,509450,632705,50000,+0.0394,0.1200,+0.0,+0.0000,NONE,RUNNING
="2026-08-10 07:16:27",65399,1142156,509450,632705,50000,+0.0394,0.1200,+0.0,+0.0000,NONE,RUNNING
="2026-08-10 07:16:28",65399,1033303,400598,632705,50000,+0.0396,0.1200,+0.0,+0.0000,NONE,RUNNING
="2026-08-10 07:16:29",65399,1033303,400598,632705,50000,+0.0396,0.1200,+0.0,+0.0000,NONE,RUNNING
="2026-08-10 07:16:30",65399,1033303,400598,632705,50000,+0.0393,0.1200,+0.0,+0.0000,NONE,RUNNING
="2026-08-10 07:16:31",65399,1033303,400598,632705,50000,+0.0517,0.1200,+0.0,+0.0000,NONE,RUNNING
="2026-08-10 07:16:32",65399,1033303,400598,632705,50000,+0.0517,0.1200,+0.0,+0.0000,NONE,RUNNING
="2026-08-10 07:16:33",65399,1033303,400598,632705,50000,+0.0477,0.1200,+0.0,+0.0000,NONE,RUNNING
="2026-08-10 07:16:34",65399,1033303,400598,632705,50000,+0.0477,0.1200,+0.0,+0.0000,NONE,RUNNING
="2026-08-10 07:16:35",65399,966752,334046,632705,50000,+0.0477,0.1200,+0.0,+0.0000,NONE,RUNNING
="2026-08-10 07:16:36",65399,939211,306505,632705,50000,+0.0472,0.1200,+0.0,+0.0000,NONE,RUNNING
="2026-08-10 07:16:37",65390,973166,340460,632705,50000,+0.0472,0.1200,+0.0,+0.0000,NONE,RUNNING
="2026-08-10 07:16:38",65390,995000,340460,654539,50000,+0.0472,0.1200,+0.0,+0.0000,NONE,RUNNING
="2026-08-10 07:16:39",65393,1070175,340460,729715,50000,+0.0472,0.1200,+0.0,+0.0000,NONE,RUNNING
="2026-08-10 07:16:40",65398,1032010,302295,729715,50000,+0.0472,0.1200,+0.0,+0.0000,NONE,RUNNING
="2026-08-10 07:16:41",65398,928963,302295,626667,50000,+0.0488,0.1200,+0.0,+0.0000,NONE,RUNNING
="2026-08-10 07:16:42",65398,903605,302295,601309,50000,+0.0488,0.1200,+0.0,+0.0000,NONE,RUNNING
="2026-08-10 07:16:43",65398,877719,302295,575424,50000,+0.0494,0.1200,+0.0,+0.0000,NONE,RUNNING
="2026-08-10 07:16:59",65390,904983,329558,575424,50000,+0.0644,0.1200,+0.0,+0.0000,NONE,RUNNING
="2026-08-10 07:17:00",65390,904983,329558,575424,50000,+0.0644,0.1200,+0.0,+0.0000,NONE,RUNNING
="2026-08-10 07:17:01",65390,904983,329558,575424,50000,+0.0665,0.1200,+0.0,+0.0000,NONE,RUNNING
="2026-08-10 07:17:02",65390,904983,329558,575424,50000,+0.0671,0.1200,+0.0,+0.0000,NONE,RUNNING
="2026-08-10 07:17:03",65390,904983,329558,575424,50000,+0.0671,0.1200,+0.0,+0.0000,NONE,RUNNING
="2026-08-10 07:17:04",65390,552257,329558,222698,50000,+0.0671,0.1200,+0.0,+0.0000,NONE,RUNNING
="2026-08-10 07:17:05",65390,552257,329558,222698,50000,+0.0672,0.1200,+0.0,+0.0000,NONE,RUNNING
="2026-08-10 07:17:06",65390,552257,329558,222698,50000,+0.0657,0.1200,+0.0,+0.0000,NONE,RUNNING
="2026-08-10 07:17:07",65390,552257,329558,222698,50000,+0.0657,0.1200,+0.0,+0.0000,NONE,RUNNING
="2026-08-10 07:17:08",65390,552257,329558,222698,50000,+0.0665,0.1200,+0.0,+0.0000,NONE,RUNNING
="2026-08-10 07:17:09",65390,552257,329558,222698,50000,+0.0665,0.1200,+0.0,+0.0000,NONE,RUNNING
="2026-08-10 07:17:10",65390,540401,329558,210842,50000,+0.0633,0.1200,+0.0,+0.0000,NONE,RUNNING
="2026-08-10 07:17:11",65390,504888,294046,210842,50000,+0.0633,0.1200,+0.0,+0.0000,NONE,RUNNING
="2026-08-10 07:17:12",65390,433912,223070,210842,50000,+0.0643,0.1200,+0.0,+0.0000,NONE,RUNNING
="2026-08-10 07:17:13",65390,422644,211802,210842,50000,+0.0641,0.1200,+0.0,+0.0000,NONE,RUNNING
="2026-08-10 07:17:14",65390,422644,211802,210842,50000,+0.0641,0.1200,+0.0,+0.0000,NONE,RUNNING
="2026-08-10 07:17:15",65390,422644,211802,210842,50000,+0.0643,0.1200,+0.0,+0.0000,NONE,RUNNING
="2026-08-10 07:17:16",65388,433881,223039,210842,50000,+0.0471,0.1200,+0.0,+0.0000,NONE,RUNNING
="2026-08-10 07:17:17",65380,454310,243468,210842,50000,+0.0469,0.1200,+0.0,+0.0000,NONE,RUNNING
="2026-08-10 07:17:18",65376,429392,243468,185923,50000,+0.0469,0.1200,+0.0,+0.0000,NONE,RUNNING
="2026-08-10 07:17:19",65376,429392,243468,185923,50000,+0.0447,0.1200,+0.0,+0.0000,NONE,RUNNING
="2026-08-10 07:17:20",65376,373671,243468,130202,50000,+0.0447,0.1200,+0.0,+0.0000,NONE,RUNNING
="2026-08-10 07:17:21",65376,373671,243468,130202,50000,+0.0448,0.1200,+0.0,+0.0000,NONE,RUNNING
="2026-08-10 07:17:22",65376,373671,243468,130202,50000,+0.0341,0.1200,+0.0,+0.0000,NONE,RUNNING
="2026-08-10 07:17:23",65376,373671,243468,130202,50000,+0.0341,0.1200,+0.0,+0.0000,NONE,RUNNING
="2026-08-10 07:17:24",65376,373671,243468,130202,50000,+0.0341,0.1200,+0.0,+0.0000,NONE,RUNNING
="2026-08-10 07:17:25",65376,357719,260709,97009,50000,+0.0340,0.1200,+0.0,+0.0000,NONE,RUNNING
="2026-08-10 07:17:26",65371,335161,238152,97009,50000,+0.0340,0.1200,+0.0,+0.0000,NONE,RUNNING
="2026-08-10 07:17:27",65371,381517,284508,97009,50000,+0.0339,0.1200,+0.0,+0.0000,NONE,RUNNING
="2026-08-10 07:17:28",65370,381517,284508,97009,50000,+0.0337,0.1200,+0.0,+0.0000,NONE,RUNNING
="2026-08-10 07:17:29",65370,381517,284508,97009,50000,+0.0337,0.1200,+0.0,+0.0000,NONE,RUNNING
="2026-08-10 07:17:30",65370,381517,284508,97009,50000,+0.0387,0.1200,+0.0,+0.0000,NONE,RUNNING
="2026-08-10 07:17:31",65370,381517,284508,97009,50000,+0.0263,0.1200,+0.0,+0.0000,NONE,RUNNING
="2026-08-10 07:17:32",65370,392665,295656,97009,50000,+0.0263,0.1200,+0.0,+0.0000,NONE,RUNNING
="2026-08-10 07:17:33",65361,452261,355252,97009,50000,+0.0297,0.1200,+0.0,+0.0000,NONE,RUNNING
="2026-08-10 07:17:34",65360,452261,355252,97009,50000,+0.0298,0.1200,+0.0,+0.0000,NONE,RUNNING
="2026-08-10 07:17:35",65360,452261,355252,97009,50000,+0.0298,0.1200,+0.0,+0.0000,NONE,RUNNING
="2026-08-10 07:17:36",65360,452261,355252,97009,50000,+0.0316,0.1200,+0.0,+0.0000,NONE,RUNNING
="2026-08-10 07:17:37",65360,418306,321296,97009,50000,+0.0316,0.1200,+0.0,+0.0000,NONE,RUNNING
="2026-08-10 07:17:38",65360,396472,321296,75175,50000,+0.0316,0.1200,+0.0,+0.0000,NONE,RUNNING
="2026-08-10 07:17:39",65360,512096,512096,0,50000,+0.0349,0.1200,+0.0,+0.0000,NONE,RUNNING
="2026-08-10 07:17:40",65360,576242,576242,0,50000,+0.0349,0.1200,+0.0,+0.0000,NONE,RUNNING
="2026-08-10 07:17:41",65360,589545,589545,0,50000,+0.0333,0.1200,+0.0,+0.0000,NONE,RUNNING
="2026-08-10 07:17:42",65360,589545,589545,0,50000,+0.0327,0.1200,+0.0,+0.0000,NONE,RUNNING
="2026-08-10 07:17:43",65360,589545,589545,0,50000,+0.0327,0.1200,+0.0,+0.0000,NONE,RUNNING
="2026-08-10 07:17:44",65360,589545,589545,0,50000,+0.0327,0.1200,+0.0,+0.0000,NONE,RUNNING
="2026-08-10 07:17:45",65356,589545,589545,0,50000,+0.0318,0.1200,+0.0,+0.0000,NONE,RUNNING
="2026-08-10 07:17:46",65356,589545,589545,0,50000,+0.0297,0.1200,+0.0,+0.0000,NONE,RUNNING
="2026-08-10 07:17:47",65356,599742,599742,0,50000,+0.0297,0.1200,+0.0,+0.0000,NONE,RUNNING
="2026-08-10 07:17:48",65349,545086,545086,0,50000,+0.0297,0.1200,+0.0,+0.0000,NONE,RUNNING
="2026-08-10 07:17:49",65346,545086,545086,0,50000,+0.0297,0.1200,+0.0,+0.0000,NONE,RUNNING
="2026-08-10 07:17:50",65346,545086,545086,0,50000,+0.0251,0.1200,+0.0,+0.0000,NONE,RUNNING
="2026-08-10 07:17:51",65346,545086,545086,0,50000,+0.0265,0.1200,+0.0,+0.0000,NONE,RUNNING
="2026-08-10 07:17:52",65344,545086,545086,0,50000,+0.0255,0.1200,+0.0,+0.0000,NONE,RUNNING
="2026-08-10 07:17:53",65344,545086,545086,0,50000,+0.0255,0.1200,+0.0,+0.0000,NONE,RUNNING
="2026-08-10 07:17:54",65342,545086,545086,0,50000,+0.0254,0.1200,+0.0,+0.0000,NONE,RUNNING
="2026-08-10 07:17:55",65342,444451,444451,0,50000,+0.0254,0.1200,+0.0,+0.0000,NONE,RUNNING
="2026-08-10 07:17:56",65342,444451,444451,0,50000,+0.0254,0.1200,+0.0,+0.0000,NONE,RUNNING
="2026-08-10 07:17:57",65342,444451,444451,0,50000,+0.0254,0.1200,+0.0,+0.0000,NONE,RUNNING
="2026-08-10 07:17:58",65342,444451,444451,0,50000,+0.0249,0.1200,+0.0,+0.0000,NONE,RUNNING
="2026-08-10 07:17:59",65342,444451,444451,0,50000,+0.0152,0.1200,+0.0,+0.0000,NONE,RUNNING
="2026-08-10 07:18:00",65340,444451,444451,0,50000,+0.0146,0.1200,+0.0,+0.0000,NONE,RUNNING
="2026-08-10 07:18:01",65334,444451,444451,0,50000,+0.0146,0.1200,+0.0,+0.0000,NONE,RUNNING
="2026-08-10 07:18:02",65334,444451,444451,0,50000,+0.0140,0.1200,+0.0,+0.0000,NONE,RUNNING
="2026-08-10 07:18:03",65334,444451,444451,0,50000,+0.0140,0.1200,+0.0,+0.0000,NONE,RUNNING
="2026-08-10 07:18:04",65334,444451,444451,0,50000,+0.0134,0.1200,+0.0,+0.0000,NONE,RUNNING
="2026-08-10 07:18:05",65334,444451,444451,0,50000,+0.0134,0.1200,+0.0,+0.0000,NONE,RUNNING
="2026-08-10 07:18:06",65334,444451,444451,0,50000,+0.0134,0.1200,+0.0,+0.0000,NONE,RUNNING
="2026-08-10 07:18:08",65334,444451,444451,0,50000,+0.0125,0.1200,+0.0,+0.0000,NONE,RUNNING
="2026-08-10 07:18:09",65334,444451,444451,0,50000,+0.0125,0.1200,+0.0,+0.0000,NONE,RUNNING
="2026-08-10 07:18:10",65334,444451,444451,0,50000,+0.0125,0.1200,+0.0,+0.0000,NONE,RUNNING
="2026-08-10 07:18:11",65334,444451,444451,0,50000,+0.0133,0.1200,+0.0,+0.0000,NONE,RUNNING
="2026-08-10 07:18:12",65334,444451,444451,0,50000,+0.0123,0.1200,+0.0,+0.0000,NONE,RUNNING
="2026-08-10 07:18:13",65334,444451,444451,0,50000,+0.0123,0.1200,+0.0,+0.0000,NONE,RUNNING
="2026-08-10 07:18:14",65334,444451,444451,0,50000,+0.0132,0.1200,+0.0,+0.0000,NONE,RUNNING
="2026-08-10 07:18:15",65334,444451,444451,0,50000,+0.0132,0.1200,+0.0,+0.0000,NONE,RUNNING
="2026-08-10 07:19:15",65303,220378,209932,10446,50000,+0.0079,0.1200,+0.0,+0.0000,NONE,RUNNING
="2026-08-10 07:20:15",65312,782601,562804,219797,50000,-0.0013,0.1200,+0.0,+0.0000,NONE,RUNNING
="2026-08-10 07:21:15",65318,778363,411707,366655,50000,+0.0075,0.1200,+0.0,+0.0000,NONE,RUNNING
="2026-08-10 07:22:15",65297,291819,291819,0,50000,+0.0070,0.1200,+0.0,+0.0000,NONE,RUNNING
="2026-08-10 07:23:15",65256,390168,315162,75006,50000,-0.0044,0.1200,+0.0,+0.0000,NONE,RUNNING
="2026-08-10 07:24:15",65236,293586,247053,46533,50000,-0.0249,0.1200,+0.0,+0.0000,NONE,RUNNING
="2026-08-10 07:25:15",65212,231662,219062,12599,50000,-0.0047,0.1200,+0.0,+0.0000,NONE,RUNNING
="2026-08-10 07:26:15",65228,1091270,964246,127023,50000,-0.0028,0.1200,+0.0,+0.0000,NONE,RUNNING
="2026-08-10 07:27:15",65232,382337,271659,110677,50000,+0.0031,0.1200,+0.0,+0.0000,NONE,RUNNING
="2026-08-10 07:28:15",65231,98558,98558,0,50000,+0.0223,0.1200,+0.0,+0.0000,NONE,RUNNING
="2026-08-10 07:29:15",65230,110829,110829,0,50000,+0.0064,0.1200,+0.0,+0.0000,NONE,RUNNING
="2026-08-10 07:30:15",65236,587622,186831,400790,50000,-0.0058,0.1200,+0.0,+0.0000,NONE,RUNNING
="2026-08-10 07:31:15",65236,318080,291986,26094,50000,-0.0054,0.1200,+0.0,+0.0000,NONE,RUNNING
="2026-08-10 07:32:15",65156,470571,420340,50230,50000,+0.0118,0.1200,+0.0,+0.0000,NONE,RUNNING
="2026-08-10 07:33:15",65095,333586,315334,18252,50000,-0.0310,0.1200,+0.0,+0.0000,NONE,RUNNING
="2026-08-10 07:34:16",65097,632186,358514,273671,50000,-0.0471,0.1200,+0.0,+0.0000,NONE,RUNNING
="2026-08-10 07:35:16",65063,323726,250658,73067,50000,-0.0116,0.1200,+0.0,+0.0000,NONE,RUNNING
="2026-08-10 07:36:16",65059,655083,193684,461398,50000,-0.0278,0.1200,+0.0,+0.0000,NONE,RUNNING
="2026-08-10 07:37:16",65020,915873,378563,537309,50000,-0.0119,0.1200,+0.0,+0.0000,NONE,RUNNING
="2026-08-10 07:38:16",65008,436741,334293,102447,50000,-0.0247,0.1200,+0.0,+0.0000,NONE,RUNNING
="2026-08-10 07:39:16",65024,154961,80947,74014,50000,-0.0083,0.1200,+0.0,+0.0000,NONE,RUNNING
="2026-08-10 07:40:16",64990,6091506,5964166,127340,50000,+0.0038,0.1200,+0.0,+0.0000,NONE,RUNNING
="2026-08-10 07:41:16",64992,160833,97295,63538,50000,+0.0026,0.1200,+0.0,+0.0000,NONE,RUNNING
="2026-08-10 07:42:16",65018,98328,12040,86287,50000,-0.0068,0.1200,+0.0,+0.0000,NONE,RUNNING
="2026-08-10 07:42:45",65005,186489,41318,145170,50000,-0.1486,0.1200,+0.0,+0.0000,LONG,RUNNING
="2026-08-10 07:42:46",65005,186489,41318,145170,50000,-0.1486,0.1200,+0.0,+0.0000,LONG,RUNNING
="2026-08-10 07:42:47",65005,186489,41318,145170,50000,-0.1470,0.1200,+0.0,+0.0000,LONG,RUNNING
="2026-08-10 07:42:48",65005,186489,41318,145170,50000,-0.1470,0.1200,+0.0,+0.0000,LONG,RUNNING
="2026-08-10 07:42:49",65005,186489,41318,145170,50000,-0.1470,0.1200,+0.0,+0.0000,LONG,RUNNING
="2026-08-10 07:42:50",65005,186489,41318,145170,50000,-0.1470,0.1200,+0.0,+0.0000,LONG,RUNNING
="2026-08-10 07:42:51",65005,186489,41318,145170,50000,-0.1470,0.1200,+0.0,+0.0000,LONG,RUNNING
="2026-08-10 07:42:52",65005,186489,41318,145170,50000,-0.1514,0.1200,+0.0,+0.0000,LONG,RUNNING
="2026-08-10 07:42:53",65005,186489,41318,145170,50000,-0.1528,0.1200,+0.0,+0.0000,LONG,RUNNING
="2026-08-10 07:42:54",65005,186489,41318,145170,50000,-0.1528,0.1200,+0.0,+0.0000,LONG,RUNNING
="2026-08-10 07:42:55",65005,186489,41318,145170,50000,-0.1533,0.1200,+0.0,+0.0000,LONG,RUNNING
="2026-08-10 07:42:56",65005,186489,41318,145170,50000,-0.1515,0.1200,+0.0,+0.0000,LONG,RUNNING
="2026-08-10 07:42:57",65005,186489,41318,145170,50000,-0.1515,0.1200,+0.0,+0.0000,LONG,RUNNING
="2026-08-10 07:42:58",65005,186489,41318,145170,50000,-0.1509,0.1200,+0.0,+0.0000,LONG,RUNNING
="2026-08-10 07:42:59",65005,186489,41318,145170,50000,-0.1508,0.1200,+0.0,+0.0000,LONG,RUNNING
="2026-08-10 07:43:00",65006,174449,29278,145170,50000,-0.1517,0.1200,+0.0,+0.0000,LONG,RUNNING
="2026-08-10 07:43:01",65006,174449,29278,145170,50000,-0.1517,0.1200,+0.0,+0.0000,LONG,RUNNING
="2026-08-10 07:43:02",65006,174449,29278,145170,50000,-0.1517,0.1200,+0.0,+0.0000,LONG,RUNNING
="2026-08-10 07:43:03",65006,174449,29278,145170,50000,-0.1517,0.1200,+0.0,+0.0000,LONG,RUNNING
="2026-08-10 07:43:04",65006,174449,29278,145170,50000,-0.1517,0.1200,+0.0,+0.0000,LONG,RUNNING
="2026-08-10 07:43:05",65006,174449,29278,145170,50000,-0.1499,0.1200,+0.0,+0.0000,LONG,RUNNING
="2026-08-10 07:43:06",65005,174449,29278,145170,50000,-0.1499,0.1200,+0.0,+0.0000,LONG,RUNNING
="2026-08-10 07:43:07",65006,174449,29278,145170,50000,-0.1495,0.1200,+0.0,+0.0000,LONG,RUNNING
="2026-08-10 07:43:08",65006,174449,29278,145170,50000,-0.1495,0.1200,+0.0,+0.0000,LONG,RUNNING
="2026-08-10 07:43:09",65008,174449,29278,145170,50000,-0.1495,0.1200,+0.0,+0.0000,LONG,RUNNING
="2026-08-10 07:43:10",65011,174449,29278,145170,50000,-0.1486,0.1200,+0.0,+0.0000,LONG,RUNNING
="2026-08-10 07:43:11",65013,174449,29278,145170,50000,-0.1497,0.1200,+0.0,+0.0000,LONG,RUNNING
="2026-08-10 07:43:12",65013,119071,29278,89793,50000,-0.1497,0.1200,+0.0,+0.0000,LONG,RUNNING
="2026-08-10 07:43:13",65013,119071,29278,89793,50000,-0.1508,0.1200,+0.0,+0.0000,LONG,RUNNING
="2026-08-10 07:43:14",65013,119071,29278,89793,50000,-0.1508,0.1200,+0.0,+0.0000,LONG,RUNNING
="2026-08-10 07:43:15",65014,119071,29278,89793,50000,-0.1509,0.1200,+0.0,+0.0000,LONG,RUNNING
="2026-08-10 07:43:16",65013,119071,29278,89793,50000,-0.1512,0.1200,+0.0,+0.0000,LONG,RUNNING
="2026-08-10 07:43:17",65013,119071,29278,89793,50000,-0.1500,0.1200,+0.0,+0.0000,LONG,RUNNING
="2026-08-10 07:43:18",65014,119071,29278,89793,50000,-0.1500,0.1200,+0.0,+0.0000,LONG,RUNNING
="2026-08-10 07:43:19",65015,119071,29278,89793,50000,-0.1504,0.1200,+0.0,+0.0000,LONG,RUNNING
="2026-08-10 07:43:20",65015,119071,29278,89793,50000,-0.1502,0.1200,+0.0,+0.0000,LONG,RUNNING
="2026-08-10 07:43:21",65015,119071,29278,89793,50000,-0.1502,0.1200,+0.0,+0.0000,LONG,RUNNING
="2026-08-10 07:43:22",65015,119071,29278,89793,50000,-0.1511,0.1200,+0.0,+0.0000,LONG,RUNNING
="2026-08-10 07:43:23",65015,119071,29278,89793,50000,-0.1511,0.1200,+0.0,+0.0000,LONG,RUNNING
="2026-08-10 07:43:24",65022,119071,29278,89793,50000,-0.1511,0.1200,+0.0,+0.0000,LONG,RUNNING
="2026-08-10 07:43:25",65022,119071,29278,89793,50000,-0.1511,0.1200,+0.0,+0.0000,LONG,RUNNING
="2026-08-10 07:43:26",65027,119071,29278,89793,50000,-0.1511,0.1200,+0.0,+0.0000,LONG,RUNNING
="2026-08-10 07:43:27",65027,119071,29278,89793,50000,-0.1511,0.1200,+0.0,+0.0000,LONG,RUNNING
="2026-08-10 07:43:28",65027,142940,53147,89793,50000,-0.1511,0.1200,+0.0,+0.0000,LONG,RUNNING
="2026-08-10 07:43:29",65028,142940,53147,89793,50000,-0.1505,0.1200,+0.0,+0.0000,LONG,RUNNING
="2026-08-10 07:43:30",65028,142940,53147,89793,50000,-0.1505,0.1200,+0.0,+0.0000,LONG,RUNNING
="2026-08-10 07:43:31",65034,142940,53147,89793,50000,-0.1511,0.1200,+0.0,+0.0000,LONG,RUNNING
="2026-08-10 07:43:32",65034,142940,53147,89793,50000,-0.1511,0.1200,+0.0,+0.0000,LONG,RUNNING
="2026-08-10 07:43:33",65034,142940,53147,89793,50000,-0.1504,0.1200,+0.0,+0.0000,LONG,RUNNING
="2026-08-10 07:43:34",65033,142940,53147,89793,50000,-0.1504,0.1200,+0.0,+0.0000,LONG,RUNNING
="2026-08-10 07:43:35",65033,142940,53147,89793,50000,-0.1504,0.1200,+0.0,+0.0000,LONG,RUNNING
="2026-08-10 07:43:36",65033,142940,53147,89793,50000,-0.1501,0.1200,+0.0,+0.0000,LONG,RUNNING
="2026-08-10 07:43:37",65034,142940,53147,89793,50000,-0.1497,0.1200,+0.0,+0.0000,LONG,RUNNING
="2026-08-10 07:43:38",65034,142940,53147,89793,50000,-0.1492,0.1200,+0.0,+0.0000,LONG,RUNNING
="2026-08-10 07:43:39",65034,48629,23869,24760,50000,-0.1492,0.1200,+0.0,+0.0000,NONE,RUNNING
="2026-08-10 07:43:40",65034,23869,23869,0,50000,-0.1498,0.1200,+0.0,+0.0000,NONE,RUNNING
="2026-08-10 07:43:41",65034,23869,23869,0,50000,-0.1498,0.1200,+0.0,+0.0000,NONE,RUNNING
="2026-08-10 07:43:42",65034,23869,23869,0,50000,-0.1460,0.1200,+0.0,+0.0000,NONE,RUNNING
="2026-08-10 07:43:43",65034,23869,23869,0,50000,-0.1462,0.1200,+0.0,+0.0000,NONE,RUNNING
="2026-08-10 07:43:44",65034,23869,23869,0,50000,-0.1462,0.1200,+0.0,+0.0000,NONE,RUNNING
="2026-08-10 07:43:45",65033,23869,23869,0,50000,-0.0057,0.1200,+0.0,+0.0000,NONE,RUNNING
="2026-08-10 07:43:46",65033,123501,123501,0,50000,-0.0057,0.1200,+0.0,+0.0000,NONE,RUNNING
="2026-08-10 07:43:47",65029,123501,123501,0,50000,-0.0056,0.1200,+0.0,+0.0000,NONE,RUNNING
="2026-08-10 07:43:48",65029,123501,123501,0,50000,-0.0056,0.1200,+0.0,+0.0000,NONE,RUNNING
="2026-08-10 07:43:49",65029,123501,123501,0,50000,-0.0056,0.1200,+0.0,+0.0000,NONE,RUNNING
="2026-08-10 07:43:50",65029,123501,123501,0,50000,-0.0038,0.1200,+0.0,+0.0000,NONE,RUNNING
="2026-08-10 07:43:51",65029,123501,123501,0,50000,+0.0006,0.1200,+0.0,+0.0000,NONE,RUNNING
="2026-08-10 07:43:52",65029,123501,123501,0,50000,+0.0006,0.1200,+0.0,+0.0000,NONE,RUNNING
="2026-08-10 07:43:53",65029,123501,123501,0,50000,+0.0006,0.1200,+0.0,+0.0000,NONE,RUNNING
="2026-08-10 07:43:54",65029,123501,123501,0,50000,+0.0011,0.1200,+0.0,+0.0000,NONE,RUNNING
="2026-08-10 07:43:55",65029,123501,123501,0,50000,+0.0011,0.1200,+0.0,+0.0000,NONE,RUNNING
="2026-08-10 07:43:56",65029,123501,123501,0,50000,+0.0011,0.1200,+0.0,+0.0000,NONE,RUNNING
="2026-08-10 07:43:57",65029,123501,123501,0,50000,+0.0006,0.1200,+0.0,+0.0000,NONE,RUNNING
="2026-08-10 07:43:58",65029,123501,123501,0,50000,-0.0013,0.1200,+0.0,+0.0000,NONE,RUNNING
="2026-08-10 07:43:59",65029,123501,123501,0,50000,-0.0013,0.1200,+0.0,+0.0000,NONE,RUNNING
="2026-08-10 07:44:00",65029,123501,123501,0,50000,-0.0004,0.1200,+0.0,+0.0000,NONE,RUNNING
="2026-08-10 07:44:01",65029,123501,123501,0,50000,-0.0004,0.1200,+0.0,+0.0000,NONE,RUNNING
="2026-08-10 07:44:02",65029,123501,123501,0,50000,-0.0004,0.1200,+0.0,+0.0000,NONE,RUNNING
="2026-08-10 07:44:04",65029,123501,123501,0,50000,-0.0004,0.1200,+0.0,+0.0000,NONE,RUNNING
="2026-08-10 07:44:05",65029,123501,123501,0,50000,-0.0004,0.1200,+0.0,+0.0000,NONE,RUNNING
="2026-08-10 07:44:06",65029,123501,123501,0,50000,-0.0020,0.1200,+0.0,+0.0000,NONE,RUNNING
="2026-08-10 07:44:07",65029,123501,123501,0,50000,-0.0024,0.1200,+0.0,+0.0000,NONE,RUNNING
="2026-08-10 07:44:08",65029,123501,123501,0,50000,-0.0025,0.1200,+0.0,+0.0000,NONE,RUNNING
="2026-08-10 07:44:09",65029,123501,123501,0,50000,-0.0025,0.1200,+0.0,+0.0000,NONE,RUNNING
="2026-08-10 07:44:10",65029,123501,123501,0,50000,-0.0035,0.1200,+0.0,+0.0000,NONE,RUNNING
="2026-08-10 07:44:11",65029,134022,123501,10520,50000,-0.0035,0.1200,+0.0,+0.0000,NONE,RUNNING
="2026-08-10 07:44:12",65029,134022,123501,10520,50000,-0.0035,0.1200,+0.0,+0.0000,NONE,RUNNING
="2026-08-10 07:44:13",65029,134022,123501,10520,50000,-0.0024,0.1200,+0.0,+0.0000,NONE,RUNNING
="2026-08-10 07:44:14",65029,134022,123501,10520,50000,-0.0038,0.1200,+0.0,+0.0000,NONE,RUNNING
="2026-08-10 07:44:15",65029,134022,123501,10520,50000,-0.0038,0.1200,+0.0,+0.0000,NONE,RUNNING
="2026-08-10 07:44:16",65029,134022,123501,10520,50000,-0.0036,0.1200,+0.0,+0.0000,NONE,RUNNING
="2026-08-10 07:44:17",65029,134022,123501,10520,50000,-0.0036,0.1200,+0.0,+0.0000,NONE,RUNNING
="2026-08-10 07:44:18",65029,134022,123501,10520,50000,-0.0020,0.1200,+0.0,+0.0000,NONE,RUNNING
="2026-08-10 07:44:19",65029,134022,123501,10520,50000,-0.0016,0.1200,+0.0,+0.0000,NONE,RUNNING
="2026-08-10 07:44:20",65029,134022,123501,10520,50000,-0.0016,0.1200,+0.0,+0.0000,NONE,RUNNING
="2026-08-10 07:44:21",65029,134022,123501,10520,50000,-0.0016,0.1200,+0.0,+0.0000,NONE,RUNNING
="2026-08-10 07:44:22",65029,134022,123501,10520,50000,-0.0006,0.1200,+0.0,+0.0000,NONE,RUNNING
="2026-08-10 07:44:23",65029,146135,123501,22634,50000,-0.0006,0.1200,+0.0,+0.0000,NONE,RUNNING
="2026-08-10 07:44:24",65029,146135,123501,22634,50000,-0.0002,0.1200,+0.0,+0.0000,NONE,RUNNING
="2026-08-10 07:44:25",65029,146135,123501,22634,50000,-0.0002,0.1200,+0.0,+0.0000,NONE,RUNNING
="2026-08-10 07:44:26",65029,146135,123501,22634,50000,-0.0002,0.1200,+0.0,+0.0000,NONE,RUNNING
="2026-08-10 07:44:27",65029,146135,123501,22634,50000,-0.0015,0.1200,+0.0,+0.0000,NONE,RUNNING
="2026-08-10 07:44:28",65029,122266,99632,22634,50000,-0.0015,0.1200,+0.0,+0.0000,NONE,RUNNING
="2026-08-10 07:44:29",65029,122266,99632,22634,50000,-0.0032,0.1200,+0.0,+0.0000,NONE,RUNNING
="2026-08-10 07:44:30",65029,122266,99632,22634,50000,-0.0030,0.1200,+0.0,+0.0000,NONE,RUNNING
="2026-08-10 07:44:31",65029,122266,99632,22634,50000,-0.0025,0.1200,+0.0,+0.0000,NONE,RUNNING
="2026-08-10 07:44:32",65029,122266,99632,22634,50000,-0.0025,0.1200,+0.0,+0.0000,NONE,RUNNING
="2026-08-10 07:44:33",65029,122266,99632,22634,50000,-0.0025,0.1200,+0.0,+0.0000,NONE,RUNNING
="2026-08-10 07:44:34",65029,122266,99632,22634,50000,-0.0025,0.1200,+0.0,+0.0000,NONE,RUNNING
="2026-08-10 07:44:35",65029,122266,99632,22634,50000,-0.0025,0.1200,+0.0,+0.0000,NONE,RUNNING
="2026-08-10 07:44:36",65029,122266,99632,22634,50000,-0.0025,0.1200,+0.0,+0.0000,NONE,RUNNING
="2026-08-10 07:44:37",65029,122266,99632,22634,50000,-0.0029,0.1200,+0.0,+0.0000,NONE,RUNNING
="2026-08-10 07:44:38",65029,122266,99632,22634,50000,-0.0029,0.1200,+0.0,+0.0000,NONE,RUNNING
="2026-08-10 07:44:39",65029,122266,99632,22634,50000,-0.0039,0.1200,+0.0,+0.0000,NONE,RUNNING
="2026-08-10 07:45:39",65002,255093,154995,100098,50000,-0.0029,0.1200,+0.0,+0.0000,NONE,RUNNING
="2026-08-10 07:46:39",65013,37450,20877,16573,50000,-0.0158,0.1200,+0.0,+0.0000,NONE,RUNNING
="2026-08-10 07:47:39",65013,42515,42515,0,50000,+0.0031,0.1200,+0.0,+0.0000,NONE,RUNNING
="2026-08-10 07:48:39",65022,11467,0,11467,50000,-0.0059,0.1200,+0.0,+0.0000,NONE,RUNNING
="2026-08-10 07:49:39",65021,11856,11856,0,50000,-0.0017,0.1200,+0.0,+0.0000,NONE,RUNNING
="2026-08-10 07:50:39",65014,32679,32679,0,50000,+0.0131,0.1200,+0.0,+0.0000,NONE,RUNNING
="2026-08-10 07:51:39",64979,457452,433035,24417,50000,-0.0221,0.1200,+0.0,+0.0000,NONE,RUNNING
="2026-08-10 07:52:39",65006,350801,110932,239868,50000,-0.0299,0.1200,+0.0,+0.0000,NONE,RUNNING
="2026-08-10 07:53:39",65032,61562,10640,50921,50000,+0.0006,0.1200,+0.0,+0.0000,NONE,RUNNING
="2026-08-10 07:54:39",65041,34066,23388,10677,50000,+0.0202,0.1200,+0.0,+0.0000,NONE,RUNNING
="2026-08-10 07:55:40",65098,721003,272410,448592,50000,-0.0044,0.1200,+0.0,+0.0000,NONE,RUNNING
="2026-08-10 07:56:40",65086,322338,149505,172833,50000,-0.0260,0.1200,+0.0,+0.0000,NONE,RUNNING
="2026-08-10 07:57:40",65093,463894,136262,327631,50000,+0.0042,0.1200,+0.0,+0.0000,NONE,RUNNING
="2026-08-10 07:58:40",65093,0,0,0,50000,-0.0004,0.1200,+0.0,+0.0000,NONE,RUNNING
="2026-08-10 07:59:40",65077,190505,190505,0,50000,+0.0044,0.1200,+0.0,+0.0000,NONE,RUNNING
="2026-08-10 08:00:40",65050,138148,113149,24999,50000,+0.0045,0.1200,+0.0,+0.0000,NONE,RUNNING
="2026-08-10 08:01:40",65044,36841,36841,0,50000,-0.0038,0.1200,+0.0,+0.0000,NONE,RUNNING
="2026-08-10 08:02:40",65052,146663,15619,131043,50000,-0.0123,0.1200,+0.0,+0.0000,NONE,RUNNING
="2026-08-10 08:03:40",65068,62254,24077,38177,50000,-0.0043,0.1200,+0.0,+0.0000,NONE,RUNNING
="2026-08-10 08:04:40",65091,116156,0,116156,50000,-0.0118,0.1200,+0.0,+0.0000,NONE,RUNNING
="2026-08-10 08:05:40",65100,1059221,463051,596170,50000,-0.0026,0.1200,+0.0,+0.0000,NONE,RUNNING
="2026-08-10 08:06:40",65082,113708,113708,0,50000,-0.0031,0.1200,+0.0,+0.0000,NONE,RUNNING
="2026-08-10 08:07:40",65076,211631,141343,70288,50000,-0.0067,0.1200,+0.0,+0.0000,NONE,RUNNING
="2026-08-10 08:08:40",65038,346197,346197,0,50000,-0.0039,0.1200,+0.0,+0.0000,NONE,RUNNING
="2026-08-10 08:09:40",65031,400830,267055,133775,50000,-0.0029,0.1200,+0.0,+0.0000,NONE,RUNNING
="2026-08-10 08:10:40",65018,247283,109045,138238,50000,+0.0022,0.1200,+0.0,+0.0000,NONE,RUNNING
="2026-08-10 08:11:41",65020,134942,104129,30812,50000,-0.0072,0.1200,+0.0,+0.0000,NONE,RUNNING
="2026-08-10 08:12:41",65041,113321,65032,48289,50000,-0.0051,0.1200,+0.0,+0.0000,NONE,RUNNING
="2026-08-10 08:13:41",65055,0,0,0,50000,-0.0031,0.1200,+0.0,+0.0000,NONE,RUNNING
="2026-08-10 08:14:41",65028,94960,94960,0,50000,+0.0011,0.1200,+0.0,+0.0000,NONE,RUNNING
="2026-08-10 08:15:41",65023,136684,85132,51552,50000,-0.0021,0.1200,+0.0,+0.0000,NONE,RUNNING
="2026-08-10 08:16:41",65030,103655,90808,12846,50000,+0.0017,0.1200,+0.0,+0.0000,NONE,RUNNING
="2026-08-10 08:17:41",65051,64940,0,64940,50000,-0.0054,0.1200,+0.0,+0.0000,NONE,RUNNING
="2026-08-10 08:18:41",64998,271304,197566,73738,50000,+0.0070,0.1200,+0.0,+0.0000,NONE,RUNNING
="2026-08-10 08:18:49",64994,286320,212582,73738,50000,-0.0618,0.1200,+0.0,+0.0000,NONE,RUNNING
="2026-08-10 08:18:50",64994,286320,212582,73738,50000,-0.0618,0.1200,+0.0,+0.0000,NONE,RUNNING
="2026-08-10 08:18:51",64994,286320,212582,73738,50000,-0.0616,0.1200,+0.0,+0.0000,NONE,RUNNING
="2026-08-10 08:18:52",64994,286320,212582,73738,50000,-0.0622,0.1200,+0.0,+0.0000,NONE,RUNNING
="2026-08-10 08:18:53",64994,286320,212582,73738,50000,-0.0622,0.1200,+0.0,+0.0000,NONE,RUNNING
="2026-08-10 08:18:54",64994,286320,212582,73738,50000,-0.0622,0.1200,+0.0,+0.0000,NONE,RUNNING
="2026-08-10 08:18:55",64994,286320,212582,73738,50000,-0.0622,0.1200,+0.0,+0.0000,NONE,RUNNING
="2026-08-10 08:18:56",64994,286320,212582,73738,50000,-0.0622,0.1200,+0.0,+0.0000,NONE,RUNNING
="2026-08-10 08:18:57",64994,286320,212582,73738,50000,-0.0623,0.1200,+0.0,+0.0000,NONE,RUNNING
="2026-08-10 08:18:58",64994,286320,212582,73738,50000,-0.0598,0.1200,+0.0,+0.0000,NONE,RUNNING
="2026-08-10 08:18:59",64994,286320,212582,73738,50000,-0.0598,0.1200,+0.0,+0.0000,NONE,RUNNING
="2026-08-10 08:19:00",64994,286320,212582,73738,50000,-0.0598,0.1200,+0.0,+0.0000,NONE,RUNNING
="2026-08-10 08:19:01",64994,209274,135535,73738,50000,-0.0598,0.1200,+0.0,+0.0000,NONE,RUNNING
="2026-08-10 08:19:02",64994,209274,135535,73738,50000,-0.0598,0.1200,+0.0,+0.0000,NONE,RUNNING
="2026-08-10 08:19:03",64994,209274,135535,73738,50000,-0.0595,0.1200,+0.0,+0.0000,NONE,RUNNING
="2026-08-10 08:19:04",64994,209274,135535,73738,50000,-0.0595,0.1200,+0.0,+0.0000,NONE,RUNNING
="2026-08-10 08:19:05",64996,222906,135535,87370,50000,-0.0631,0.1200,+0.0,+0.0000,NONE,RUNNING
="2026-08-10 08:19:06",64997,222906,135535,87370,50000,-0.0631,0.1200,+0.0,+0.0000,NONE,RUNNING
="2026-08-10 08:19:07",64997,222906,135535,87370,50000,-0.0630,0.1200,+0.0,+0.0000,NONE,RUNNING
="2026-08-10 08:19:08",64997,222906,135535,87370,50000,-0.0637,0.1200,+0.0,+0.0000,NONE,RUNNING
="2026-08-10 08:19:09",64997,222906,135535,87370,50000,-0.0637,0.1200,+0.0,+0.0000,NONE,RUNNING
="2026-08-10 08:19:10",64997,222906,135535,87370,50000,-0.0637,0.1200,+0.0,+0.0000,NONE,RUNNING
="2026-08-10 08:19:11",64997,222906,135535,87370,50000,-0.0641,0.1200,+0.0,+0.0000,NONE,RUNNING
="2026-08-10 08:19:12",64997,222906,135535,87370,50000,-0.0647,0.1200,+0.0,+0.0000,NONE,RUNNING
="2026-08-10 08:19:13",64997,222906,135535,87370,50000,-0.0647,0.1200,+0.0,+0.0000,NONE,RUNNING
="2026-08-10 08:19:14",64997,222906,135535,87370,50000,-0.0649,0.1200,+0.0,+0.0000,NONE,RUNNING
="2026-08-10 08:19:15",64997,222906,135535,87370,50000,-0.0686,0.1200,+0.0,+0.0000,NONE,RUNNING
="2026-08-10 08:19:16",64997,222906,135535,87370,50000,-0.0687,0.1200,+0.0,+0.0000,NONE,RUNNING
="2026-08-10 08:19:17",64997,222906,135535,87370,50000,-0.0687,0.1200,+0.0,+0.0000,NONE,RUNNING
="2026-08-10 08:19:18",64997,222906,135535,87370,50000,-0.0687,0.1200,+0.0,+0.0000,NONE,RUNNING
="2026-08-10 08:19:19",64998,222906,135535,87370,50000,-0.0687,0.1200,+0.0,+0.0000,NONE,RUNNING
="2026-08-10 08:19:20",64998,222906,135535,87370,50000,-0.0688,0.1200,+0.0,+0.0000,NONE,RUNNING
="2026-08-10 08:19:21",64998,222906,135535,87370,50000,-0.0688,0.1200,+0.0,+0.0000,NONE,RUNNING
="2026-08-10 08:19:22",64998,222906,135535,87370,50000,-0.0684,0.1200,+0.0,+0.0000,NONE,RUNNING
="2026-08-10 08:19:23",64997,169857,82487,87370,50000,-0.0680,0.1200,+0.0,+0.0000,NONE,RUNNING
="2026-08-10 08:19:24",64997,169857,82487,87370,50000,-0.0680,0.1200,+0.0,+0.0000,NONE,RUNNING
="2026-08-10 08:19:26",64998,169857,82487,87370,50000,-0.0680,0.1200,+0.0,+0.0000,NONE,RUNNING
="2026-08-10 08:19:27",64998,169857,82487,87370,50000,-0.0680,0.1200,+0.0,+0.0000,NONE,RUNNING
="2026-08-10 08:19:28",64997,169857,82487,87370,50000,-0.0604,0.1200,+0.0,+0.0000,NONE,RUNNING
="2026-08-10 08:19:29",64998,169857,82487,87370,50000,-0.0604,0.1200,+0.0,+0.0000,NONE,RUNNING
="2026-08-10 08:19:30",64997,169857,82487,87370,50000,-0.0591,0.1200,+0.0,+0.0000,NONE,RUNNING
="2026-08-10 08:19:31",64998,169857,82487,87370,50000,-0.0591,0.1200,+0.0,+0.0000,NONE,RUNNING
="2026-08-10 08:19:32",64998,115650,28280,87370,50000,-0.0592,0.1200,+0.0,+0.0000,NONE,RUNNING
="2026-08-10 08:19:33",64998,115650,28280,87370,50000,-0.0592,0.1200,+0.0,+0.0000,NONE,RUNNING
="2026-08-10 08:19:34",64998,115650,28280,87370,50000,-0.0591,0.1200,+0.0,+0.0000,NONE,RUNNING
="2026-08-10 08:19:35",64998,115650,28280,87370,50000,-0.0591,0.1200,+0.0,+0.0000,NONE,RUNNING
="2026-08-10 08:19:36",64997,41912,28280,13631,50000,-0.0590,0.1200,+0.0,+0.0000,NONE,RUNNING
="2026-08-10 08:19:37",64998,41912,28280,13631,50000,-0.0590,0.1200,+0.0,+0.0000,NONE,RUNNING
="2026-08-10 08:19:38",64998,28647,15015,13631,50000,-0.0590,0.1200,+0.0,+0.0000,NONE,RUNNING
="2026-08-10 08:19:39",64998,62266,15015,47251,50000,-0.0591,0.1200,+0.0,+0.0000,NONE,RUNNING
="2026-08-10 08:19:40",64998,62266,15015,47251,50000,-0.0657,0.1200,+0.0,+0.0000,NONE,RUNNING
="2026-08-10 08:19:41",64998,62266,15015,47251,50000,-0.0658,0.1200,+0.0,+0.0000,NONE,RUNNING
="2026-08-10 08:19:42",64999,62266,15015,47251,50000,-0.0658,0.1200,+0.0,+0.0000,NONE,RUNNING
="2026-08-10 08:19:43",64999,62266,15015,47251,50000,-0.0059,0.1200,+0.0,+0.0000,NONE,RUNNING
="2026-08-10 08:19:44",64999,62266,15015,47251,50000,-0.0059,0.1200,+0.0,+0.0000,NONE,RUNNING
="2026-08-10 08:19:45",64999,62266,15015,47251,50000,-0.0063,0.1200,+0.0,+0.0000,NONE,RUNNING
="2026-08-10 08:19:46",64999,47251,0,47251,50000,-0.0063,0.1200,+0.0,+0.0000,NONE,RUNNING
="2026-08-10 08:19:47",64999,47251,0,47251,50000,-0.0063,0.1200,+0.0,+0.0000,NONE,RUNNING
="2026-08-10 08:19:48",64999,47251,0,47251,50000,-0.0059,0.1200,+0.0,+0.0000,NONE,RUNNING
="2026-08-10 08:19:49",64999,47251,0,47251,50000,-0.0059,0.1200,+0.0,+0.0000,NONE,RUNNING
="2026-08-10 08:19:50",64999,47251,0,47251,50000,-0.0018,0.1200,+0.0,+0.0000,NONE,RUNNING
="2026-08-10 08:19:51",64999,47251,0,47251,50000,-0.0034,0.1200,+0.0,+0.0000,NONE,RUNNING
="2026-08-10 08:19:52",65001,90656,0,90656,50000,-0.0028,0.1200,+0.0,+0.0000,NONE,RUNNING
="2026-08-10 08:19:53",65002,90656,0,90656,50000,-0.0028,0.1200,+0.0,+0.0000,NONE,RUNNING
="2026-08-10 08:19:54",65003,90656,0,90656,50000,-0.0029,0.1200,+0.0,+0.0000,NONE,RUNNING
="2026-08-10 08:19:55",65003,90656,0,90656,50000,-0.0029,0.1200,+0.0,+0.0000,NONE,RUNNING
="2026-08-10 08:19:56",65003,90656,0,90656,50000,-0.0029,0.1200,+0.0,+0.0000,NONE,RUNNING
="2026-08-10 08:19:57",65003,90656,0,90656,50000,-0.0030,0.1200,+0.0,+0.0000,NONE,RUNNING
="2026-08-10 08:19:58",65005,90656,0,90656,50000,-0.0030,0.1200,+0.0,+0.0000,NONE,RUNNING
="2026-08-10 08:19:59",65006,90656,0,90656,50000,-0.0055,0.1200,+0.0,+0.0000,NONE,RUNNING
="2026-08-10 08:20:00",65005,90656,0,90656,50000,-0.0054,0.1200,+0.0,+0.0000,NONE,RUNNING
="2026-08-10 08:20:01",65006,90656,0,90656,50000,-0.0054,0.1200,+0.0,+0.0000,NONE,RUNNING
="2026-08-10 08:20:02",65005,90656,0,90656,50000,-0.0054,0.1200,+0.0,+0.0000,NONE,RUNNING
="2026-08-10 08:20:03",65006,155873,0,155873,50000,-0.0055,0.1200,+0.0,+0.0000,NONE,RUNNING
="2026-08-10 08:20:04",65006,155873,0,155873,50000,-0.0055,0.1200,+0.0,+0.0000,NONE,RUNNING
="2026-08-10 08:20:05",65006,142241,0,142241,50000,-0.0019,0.1200,+0.0,+0.0000,NONE,RUNNING
="2026-08-10 08:20:06",65006,153719,11478,142241,50000,-0.0019,0.1200,+0.0,+0.0000,NONE,RUNNING
="2026-08-10 08:20:07",65003,153719,11478,142241,50000,-0.0019,0.1200,+0.0,+0.0000,NONE,RUNNING
="2026-08-10 08:20:08",65003,153719,11478,142241,50000,-0.0012,0.1200,+0.0,+0.0000,NONE,RUNNING
="2026-08-10 08:20:09",65003,153719,11478,142241,50000,-0.0025,0.1200,+0.0,+0.0000,NONE,RUNNING
="2026-08-10 08:20:10",65003,153719,11478,142241,50000,-0.0025,0.1200,+0.0,+0.0000,NONE,RUNNING
="2026-08-10 08:20:11",65003,153719,11478,142241,50000,-0.0021,0.1200,+0.0,+0.0000,NONE,RUNNING
="2026-08-10 08:20:12",65003,153719,11478,142241,50000,-0.0021,0.1200,+0.0,+0.0000,NONE,RUNNING
="2026-08-10 08:20:13",65003,153719,11478,142241,50000,-0.0018,0.1200,+0.0,+0.0000,NONE,RUNNING
="2026-08-10 08:20:14",65003,153719,11478,142241,50000,-0.0018,0.1200,+0.0,+0.0000,NONE,RUNNING
="2026-08-10 08:20:15",65003,153719,11478,142241,50000,-0.0021,0.1200,+0.0,+0.0000,NONE,RUNNING
="2026-08-10 08:20:16",65003,153719,11478,142241,50000,-0.0021,0.1200,+0.0,+0.0000,NONE,RUNNING
="2026-08-10 08:20:17",65003,173109,30867,142241,50000,-0.0020,0.1200,+0.0,+0.0000,NONE,RUNNING
="2026-08-10 08:20:18",65003,173109,30867,142241,50000,-0.0024,0.1200,+0.0,+0.0000,NONE,RUNNING
="2026-08-10 08:20:19",65003,173109,30867,142241,50000,-0.0024,0.1200,+0.0,+0.0000,NONE,RUNNING
="2026-08-10 08:20:20",65003,173109,30867,142241,50000,-0.0023,0.1200,+0.0,+0.0000,NONE,RUNNING
="2026-08-10 08:20:21",65003,173109,30867,142241,50000,-0.0023,0.1200,+0.0,+0.0000,NONE,RUNNING
="2026-08-10 08:20:22",65003,173109,30867,142241,50000,-0.0023,0.1200,+0.0,+0.0000,NONE,RUNNING
="2026-08-10 08:20:23",65002,206504,64263,142241,50000,-0.0027,0.1200,+0.0,+0.0000,NONE,RUNNING
="2026-08-10 08:20:24",65002,206504,64263,142241,50000,-0.0027,0.1200,+0.0,+0.0000,NONE,RUNNING
="2026-08-10 08:20:25",65002,206504,64263,142241,50000,-0.0027,0.1200,+0.0,+0.0000,NONE,RUNNING
="2026-08-10 08:20:26",65002,206504,64263,142241,50000,-0.0027,0.1200,+0.0,+0.0000,NONE,RUNNING
="2026-08-10 08:20:27",65002,206504,64263,142241,50000,-0.0027,0.1200,+0.0,+0.0000,NONE,RUNNING
="2026-08-10 08:20:28",65002,206504,64263,142241,50000,-0.0027,0.1200,+0.0,+0.0000,NONE,RUNNING
="2026-08-10 08:20:29",65002,206504,64263,142241,50000,-0.0041,0.1200,+0.0,+0.0000,NONE,RUNNING
="2026-08-10 08:20:30",65002,206504,64263,142241,50000,-0.0041,0.1200,+0.0,+0.0000,NONE,RUNNING
="2026-08-10 08:20:31",65002,206504,64263,142241,50000,-0.0045,0.1200,+0.0,+0.0000,NONE,RUNNING
="2026-08-10 08:20:32",65002,206504,64263,142241,50000,-0.0044,0.1200,+0.0,+0.0000,NONE,RUNNING
="2026-08-10 08:20:33",65000,206504,64263,142241,50000,-0.0040,0.1200,+0.0,+0.0000,NONE,RUNNING
="2026-08-10 08:20:34",65000,206504,64263,142241,50000,-0.0040,0.1200,+0.0,+0.0000,NONE,RUNNING
="2026-08-10 08:20:35",64996,251304,109063,142241,50000,-0.0041,0.1200,+0.0,+0.0000,NONE,RUNNING
="2026-08-10 08:20:36",64996,251304,109063,142241,50000,-0.0041,0.1200,+0.0,+0.0000,NONE,RUNNING
="2026-08-10 08:20:37",64996,251304,109063,142241,50000,-0.0055,0.1200,+0.0,+0.0000,NONE,RUNNING
="2026-08-10 08:20:38",64996,217685,109063,108621,50000,-0.0054,0.1200,+0.0,+0.0000,NONE,RUNNING
="2026-08-10 08:20:39",64994,217685,109063,108621,50000,-0.0054,0.1200,+0.0,+0.0000,NONE,RUNNING
="2026-08-10 08:20:40",64994,217685,109063,108621,50000,-0.0115,0.1200,+0.0,+0.0000,NONE,RUNNING
="2026-08-10 08:20:41",64994,217685,109063,108621,50000,-0.0114,0.1200,+0.0,+0.0000,NONE,RUNNING
="2026-08-10 08:20:42",64993,217685,109063,108621,50000,-0.0114,0.1200,+0.0,+0.0000,NONE,RUNNING
="2026-08-10 08:21:42",64969,767237,655191,112046,50000,-0.0336,0.1200,+0.0,+0.0000,NONE,RUNNING
="2026-08-10 08:22:27",64924,280833,268625,12207,50000,-0.0920,0.1200,+0.0,+0.0000,NONE,RUNNING
="2026-08-10 08:22:28",64924,280833,268625,12207,50000,-0.0920,0.1200,+0.0,+0.0000,NONE,RUNNING
="2026-08-10 08:22:29",64924,299714,287506,12207,50000,-0.0750,0.1200,+0.0,+0.0000,NONE,RUNNING
="2026-08-10 08:22:30",64924,299714,287506,12207,50000,-0.0750,0.1200,+0.0,+0.0000,NONE,RUNNING
="2026-08-10 08:22:31",64911,299714,287506,12207,50000,-0.0785,0.1200,+0.0,+0.0000,NONE,RUNNING
="2026-08-10 08:22:32",64912,299714,287506,12207,50000,-0.0785,0.1200,+0.0,+0.0000,NONE,RUNNING
="2026-08-10 08:22:33",64915,587699,575491,12207,50000,-0.0785,0.1200,+0.0,+0.0000,NONE,RUNNING
="2026-08-10 08:22:34",64925,620079,575491,44588,50000,-0.0785,0.1200,+0.0,+0.0000,NONE,RUNNING
="2026-08-10 08:22:35",64925,620079,575491,44588,50000,-0.0783,0.1200,+0.0,+0.0000,NONE,RUNNING
="2026-08-10 08:22:36",64925,620079,575491,44588,50000,-0.0783,0.1200,+0.0,+0.0000,NONE,RUNNING
="2026-08-10 08:22:37",64926,620079,575491,44588,50000,-0.0899,0.1200,+0.0,+0.0000,NONE,RUNNING
="2026-08-10 08:22:38",64926,620079,575491,44588,50000,-0.0896,0.1200,+0.0,+0.0000,NONE,RUNNING
="2026-08-10 08:22:39",64926,620079,575491,44588,50000,-0.0896,0.1200,+0.0,+0.0000,NONE,RUNNING
="2026-08-10 08:22:40",64927,620079,575491,44588,50000,-0.0946,0.1200,+0.0,+0.0000,NONE,RUNNING
="2026-08-10 08:22:41",64927,620079,575491,44588,50000,-0.0946,0.1200,+0.0,+0.0000,NONE,RUNNING
="2026-08-10 08:22:42",64927,601878,557289,44588,50000,-0.0946,0.1200,+0.0,+0.0000,NONE,RUNNING
="2026-08-10 08:22:43",64927,601878,557289,44588,50000,-0.0947,0.1200,+0.0,+0.0000,NONE,RUNNING
="2026-08-10 08:22:44",64927,601878,557289,44588,50000,-0.0927,0.1200,+0.0,+0.0000,NONE,RUNNING
="2026-08-10 08:22:45",64927,601878,557289,44588,50000,-0.0927,0.1200,+0.0,+0.0000,NONE,RUNNING
="2026-08-10 08:22:46",64927,591749,547161,44588,50000,-0.0927,0.1200,+0.0,+0.0000,NONE,RUNNING
="2026-08-10 08:22:47",64927,579541,547161,32380,50000,-0.0927,0.1200,+0.0,+0.0000,NONE,RUNNING
="2026-08-10 08:22:48",64927,579541,547161,32380,50000,-0.0927,0.1200,+0.0,+0.0000,NONE,RUNNING
="2026-08-10 08:22:49",64927,579541,547161,32380,50000,-0.0927,0.1200,+0.0,+0.0000,NONE,RUNNING
="2026-08-10 08:22:50",64927,579541,547161,32380,50000,-0.0930,0.1200,+0.0,+0.0000,NONE,RUNNING
="2026-08-10 08:22:51",64927,554449,522069,32380,50000,-0.0930,0.1200,+0.0,+0.0000,NONE,RUNNING
="2026-08-10 08:22:52",64928,623885,522069,101815,50000,-0.0940,0.1200,+0.0,+0.0000,NONE,RUNNING
="2026-08-10 08:22:53",64928,623885,522069,101815,50000,-0.0947,0.1200,+0.0,+0.0000,NONE,RUNNING
="2026-08-10 08:22:54",64928,623885,522069,101815,50000,-0.0947,0.1200,+0.0,+0.0000,NONE,RUNNING
="2026-08-10 08:22:55",64928,514864,413048,101815,50000,-0.0951,0.1200,+0.0,+0.0000,NONE,RUNNING
="2026-08-10 08:22:56",64928,514864,413048,101815,50000,-0.0981,0.1200,+0.0,+0.0000,NONE,RUNNING
="2026-08-10 08:22:57",64928,514864,413048,101815,50000,-0.0981,0.1200,+0.0,+0.0000,NONE,RUNNING
="2026-08-10 08:22:58",64928,514864,413048,101815,50000,-0.0989,0.1200,+0.0,+0.0000,NONE,RUNNING
="2026-08-10 08:22:59",64928,514864,413048,101815,50000,-0.0989,0.1200,+0.0,+0.0000,NONE,RUNNING
="2026-08-10 08:23:00",64928,514864,413048,101815,50000,-0.0989,0.1200,+0.0,+0.0000,NONE,RUNNING
="2026-08-10 08:23:01",64928,514864,413048,101815,50000,-0.0988,0.1200,+0.0,+0.0000,NONE,RUNNING
="2026-08-10 08:23:02",64928,514864,413048,101815,50000,-0.0988,0.1200,+0.0,+0.0000,NONE,RUNNING
="2026-08-10 08:23:03",64928,514864,413048,101815,50000,-0.0990,0.1200,+0.0,+0.0000,NONE,RUNNING
="2026-08-10 08:23:04",64928,514864,413048,101815,50000,-0.1022,0.1200,+0.0,+0.0000,NONE,RUNNING
="2026-08-10 08:23:05",64928,514864,413048,101815,50000,-0.1027,0.1200,+0.0,+0.0000,NONE,RUNNING
="2026-08-10 08:23:06",64928,514864,413048,101815,50000,-0.1027,0.1200,+0.0,+0.0000,NONE,RUNNING
="2026-08-10 08:23:07",64928,514864,413048,101815,50000,-0.1031,0.1200,+0.0,+0.0000,NONE,RUNNING
="2026-08-10 08:23:08",64928,503148,401332,101815,50000,-0.1031,0.1200,+0.0,+0.0000,NONE,RUNNING
="2026-08-10 08:23:09",64928,503148,401332,101815,50000,-0.1032,0.1200,+0.0,+0.0000,NONE,RUNNING
="2026-08-10 08:23:10",64928,503148,401332,101815,50000,-0.1032,0.1200,+0.0,+0.0000,NONE,RUNNING
="2026-08-10 08:23:11",64928,503148,401332,101815,50000,-0.1060,0.1200,+0.0,+0.0000,NONE,RUNNING
="2026-08-10 08:23:12",64928,503148,401332,101815,50000,-0.0993,0.1200,+0.0,+0.0000,NONE,RUNNING
="2026-08-10 08:23:13",64928,503148,401332,101815,50000,-0.0993,0.1200,+0.0,+0.0000,NONE,RUNNING
="2026-08-10 08:23:14",64932,525971,401332,124638,50000,-0.0977,0.1200,+0.0,+0.0000,NONE,RUNNING
="2026-08-10 08:23:15",64937,507433,382794,124638,50000,-0.0977,0.1200,+0.0,+0.0000,NONE,RUNNING
="2026-08-10 08:23:16",64937,507433,382794,124638,50000,-0.1009,0.1200,+0.0,+0.0000,NONE,RUNNING
="2026-08-10 08:23:17",64937,507433,382794,124638,50000,-0.1009,0.1200,+0.0,+0.0000,NONE,RUNNING
="2026-08-10 08:23:18",64937,507433,382794,124638,50000,-0.0810,0.1200,+0.0,+0.0000,NONE,RUNNING
="2026-08-10 08:23:19",64937,507433,382794,124638,50000,-0.0810,0.1200,+0.0,+0.0000,NONE,RUNNING
="2026-08-10 08:23:20",64937,484247,359608,124638,50000,-0.0813,0.1200,+0.0,+0.0000,NONE,RUNNING
="2026-08-10 08:23:21",64937,461590,336951,124638,50000,-0.0792,0.1200,+0.0,+0.0000,NONE,RUNNING
="2026-08-10 08:23:22",64937,461590,336951,124638,50000,-0.0792,0.1200,+0.0,+0.0000,NONE,RUNNING
="2026-08-10 08:23:23",64937,461590,336951,124638,50000,-0.0790,0.1200,+0.0,+0.0000,NONE,RUNNING
="2026-08-10 08:23:24",64937,451567,326928,124638,50000,-0.0797,0.1200,+0.0,+0.0000,NONE,RUNNING
="2026-08-10 08:23:25",64937,451567,326928,124638,50000,-0.0797,0.1200,+0.0,+0.0000,NONE,RUNNING
="2026-08-10 08:23:27",64937,431504,306865,124638,50000,-0.0797,0.1200,+0.0,+0.0000,NONE,RUNNING
="2026-08-10 08:23:28",64937,483721,306865,176856,50000,-0.0321,0.1200,+0.0,+0.0000,NONE,RUNNING
="2026-08-10 08:23:29",64937,483721,306865,176856,50000,-0.0333,0.1200,+0.0,+0.0000,NONE,RUNNING
="2026-08-10 08:23:30",64937,464840,287984,176856,50000,-0.0333,0.1200,+0.0,+0.0000,NONE,RUNNING
="2026-08-10 08:23:31",64937,464840,287984,176856,50000,-0.0298,0.1200,+0.0,+0.0000,NONE,RUNNING
="2026-08-10 08:23:32",64937,563876,287984,275892,50000,-0.0298,0.1200,+0.0,+0.0000,NONE,RUNNING
="2026-08-10 08:23:33",64937,275892,0,275892,50000,-0.0295,0.1200,+0.0,+0.0000,NONE,RUNNING
="2026-08-10 08:23:34",64937,243511,0,243511,50000,-0.0295,0.1200,+0.0,+0.0000,NONE,RUNNING
="2026-08-10 08:23:35",64937,243511,0,243511,50000,-0.0295,0.1200,+0.0,+0.0000,NONE,RUNNING
="2026-08-10 08:23:36",64937,243511,0,243511,50000,-0.0314,0.1200,+0.0,+0.0000,NONE,RUNNING
="2026-08-10 08:23:37",64937,243511,0,243511,50000,-0.0199,0.1200,+0.0,+0.0000,NONE,RUNNING
="2026-08-10 08:23:38",64938,253551,0,253551,50000,-0.0199,0.1200,+0.0,+0.0000,NONE,RUNNING
="2026-08-10 08:23:39",64951,253551,0,253551,50000,-0.0206,0.1200,+0.0,+0.0000,NONE,RUNNING
="2026-08-10 08:23:40",64951,253551,0,253551,50000,-0.0155,0.1200,+0.0,+0.0000,NONE,RUNNING
="2026-08-10 08:23:41",64951,253551,0,253551,50000,-0.0155,0.1200,+0.0,+0.0000,NONE,RUNNING
="2026-08-10 08:23:42",64951,253551,0,253551,50000,-0.0205,0.1200,+0.0,+0.0000,NONE,RUNNING
="2026-08-10 08:23:43",64951,253551,0,253551,50000,-0.0203,0.1200,+0.0,+0.0000,NONE,RUNNING
="2026-08-10 08:23:44",64951,253551,0,253551,50000,-0.0203,0.1200,+0.0,+0.0000,NONE,RUNNING
="2026-08-10 08:23:45",64951,253551,0,253551,50000,-0.0218,0.1200,+0.0,+0.0000,NONE,RUNNING
="2026-08-10 08:23:46",64951,253551,0,253551,50000,-0.0218,0.1200,+0.0,+0.0000,NONE,RUNNING
="2026-08-10 08:23:47",64953,253551,0,253551,50000,-0.0218,0.1200,+0.0,+0.0000,NONE,RUNNING
="2026-08-10 08:23:48",64955,253551,0,253551,50000,-0.0221,0.1200,+0.0,+0.0000,NONE,RUNNING
="2026-08-10 08:23:49",64955,253551,0,253551,50000,-0.0221,0.1200,+0.0,+0.0000,NONE,RUNNING
="2026-08-10 08:23:50",64956,253551,0,253551,50000,-0.0221,0.1200,+0.0,+0.0000,NONE,RUNNING
="2026-08-10 08:23:51",64956,253551,0,253551,50000,-0.0243,0.1200,+0.0,+0.0000,NONE,RUNNING
="2026-08-10 08:23:52",64960,184116,0,184116,50000,-0.0233,0.1200,+0.0,+0.0000,NONE,RUNNING
="2026-08-10 08:23:53",64962,207686,0,207686,50000,-0.0233,0.1200,+0.0,+0.0000,NONE,RUNNING
="2026-08-10 08:23:54",64962,207686,0,207686,50000,-0.0233,0.1200,+0.0,+0.0000,NONE,RUNNING
="2026-08-10 08:23:55",64962,207686,0,207686,50000,-0.0228,0.1200,+0.0,+0.0000,NONE,RUNNING
="2026-08-10 08:23:56",64962,207686,0,207686,50000,-0.0228,0.1200,+0.0,+0.0000,NONE,RUNNING
="2026-08-10 08:23:57",64962,207686,0,207686,50000,-0.0157,0.1200,+0.0,+0.0000,NONE,RUNNING
="2026-08-10 08:23:58",64962,218961,0,218961,50000,-0.0157,0.1200,+0.0,+0.0000,NONE,RUNNING
="2026-08-10 08:23:59",64963,218961,0,218961,50000,-0.0149,0.1200,+0.0,+0.0000,NONE,RUNNING
="2026-08-10 08:24:00",64963,218961,0,218961,50000,-0.0149,0.1200,+0.0,+0.0000,NONE,RUNNING
="2026-08-10 08:24:01",64964,218961,0,218961,50000,-0.0150,0.1200,+0.0,+0.0000,NONE,RUNNING
="2026-08-10 08:24:02",64964,218961,0,218961,50000,-0.0150,0.1200,+0.0,+0.0000,NONE,RUNNING
="2026-08-10 08:24:03",64964,218961,0,218961,50000,-0.0168,0.1200,+0.0,+0.0000,NONE,RUNNING
="2026-08-10 08:24:04",64964,218961,0,218961,50000,-0.0168,0.1200,+0.0,+0.0000,NONE,RUNNING
="2026-08-10 08:24:05",64965,218961,0,218961,50000,-0.0135,0.1200,+0.0,+0.0000,NONE,RUNNING
="2026-08-10 08:24:06",64969,218961,0,218961,50000,-0.0139,0.1200,+0.0,+0.0000,NONE,RUNNING
="2026-08-10 08:24:07",64970,218961,0,218961,50000,-0.0139,0.1200,+0.0,+0.0000,NONE,RUNNING
="2026-08-10 08:24:08",64970,218961,0,218961,50000,-0.0136,0.1200,+0.0,+0.0000,NONE,RUNNING
="2026-08-10 08:24:09",64971,218961,0,218961,50000,-0.0137,0.1200,+0.0,+0.0000,NONE,RUNNING
="2026-08-10 08:24:10",64971,218961,0,218961,50000,-0.0109,0.1200,+0.0,+0.0000,NONE,RUNNING
="2026-08-10 08:24:11",64972,218961,0,218961,50000,-0.0109,0.1200,+0.0,+0.0000,NONE,RUNNING
="2026-08-10 08:24:12",64972,218961,0,218961,50000,-0.0123,0.1200,+0.0,+0.0000,NONE,RUNNING
="2026-08-10 08:24:13",64972,218961,0,218961,50000,-0.0123,0.1200,+0.0,+0.0000,NONE,RUNNING
="2026-08-10 08:24:14",64972,196138,0,196138,50000,-0.0123,0.1200,+0.0,+0.0000,NONE,RUNNING
="2026-08-10 08:24:15",64972,196138,0,196138,50000,-0.0132,0.1200,+0.0,+0.0000,NONE,RUNNING
="2026-08-10 08:24:16",64972,196138,0,196138,50000,-0.0132,0.1200,+0.0,+0.0000,NONE,RUNNING
="2026-08-10 08:24:17",64972,196138,0,196138,50000,-0.0099,0.1200,+0.0,+0.0000,NONE,RUNNING
="2026-08-10 08:24:18",64972,196138,0,196138,50000,-0.0099,0.1200,+0.0,+0.0000,NONE,RUNNING
="2026-08-10 08:24:19",64972,269743,0,269743,50000,-0.0099,0.1200,+0.0,+0.0000,NONE,RUNNING
="2026-08-10 08:24:20",64973,269743,0,269743,50000,-0.0096,0.1200,+0.0,+0.0000,NONE,RUNNING
="2026-08-10 08:24:21",64973,269743,0,269743,50000,-0.0120,0.1200,+0.0,+0.0000,NONE,RUNNING
="2026-08-10 08:24:22",64973,269743,0,269743,50000,-0.0120,0.1200,+0.0,+0.0000,NONE,RUNNING
="2026-08-10 08:24:23",64973,269743,0,269743,50000,-0.0122,0.1200,+0.0,+0.0000,NONE,RUNNING
="2026-08-10 08:24:24",64973,269743,0,269743,50000,-0.0122,0.1200,+0.0,+0.0000,NONE,RUNNING
="2026-08-10 08:24:25",64973,269743,0,269743,50000,-0.0122,0.1200,+0.0,+0.0000,NONE,RUNNING
="2026-08-10 08:24:26",64973,269743,0,269743,50000,-0.0122,0.1200,+0.0,+0.0000,NONE,RUNNING
="2026-08-10 08:24:27",64973,269743,0,269743,50000,-0.0122,0.1200,+0.0,+0.0000,NONE,RUNNING
="2026-08-10 08:25:27",64954,273885,161745,112139,50000,+0.0014,0.1200,+0.0,+0.0000,NONE,RUNNING
="2026-08-10 08:26:27",64946,12524,12524,0,50000,+0.0049,0.1200,+0.0,+0.0000,NONE,RUNNING
="2026-08-10 08:27:27",64948,190305,61333,128971,50000,-0.0128,0.1200,+0.0,+0.0000,NONE,RUNNING
="2026-08-10 08:28:27",64946,13411,13411,0,50000,-0.0013,0.1200,+0.0,+0.0000,NONE,RUNNING
="2026-08-10 08:29:27",64919,442918,351301,91616,50000,-0.0080,0.1200,+0.0,+0.0000,NONE,RUNNING
="2026-08-10 08:30:16",64858,2475442,1863446,611995,50000,-0.0886,0.1200,+0.0,+0.0000,NONE,RUNNING
="2026-08-10 08:30:17",64858,2554639,1942643,611995,50000,-0.0886,0.1200,+0.0,+0.0000,NONE,RUNNING
="2026-08-10 08:30:18",64856,2566310,1954315,611995,50000,-0.0880,0.1200,+0.0,+0.0000,NONE,RUNNING
="2026-08-10 08:30:19",64851,2719725,1954315,765410,50000,-0.0880,0.1200,+0.0,+0.0000,NONE,RUNNING
="2026-08-10 08:30:20",64853,2751044,1985634,765410,50000,-0.1000,0.1200,+0.0,+0.0000,NONE,RUNNING
="2026-08-10 08:30:21",64872,2721675,1996014,725661,50000,-0.0942,0.1200,+0.0,+0.0000,NONE,RUNNING
="2026-08-10 08:30:22",64867,2721675,1996014,725661,50000,-0.0942,0.1200,+0.0,+0.0000,NONE,RUNNING
="2026-08-10 08:30:23",64864,2691987,1996014,695973,50000,-0.1147,0.1200,+0.0,+0.0000,NONE,RUNNING
="2026-08-10 08:30:24",64864,2711076,1996014,715061,50000,-0.1246,0.1200,+0.0,+0.0000,SHORT,RUNNING
="2026-08-10 08:30:25",64876,2688896,1996014,692881,50000,-0.1246,0.1200,+0.0,+0.0000,SHORT,RUNNING
="2026-08-10 08:30:26",64883,2688896,1996014,692881,50000,-0.1246,0.1200,+0.0,+0.0000,SHORT,RUNNING
="2026-08-10 08:30:27",64883,2688896,1996014,692881,50000,-0.1213,0.1200,+0.0,+0.0000,SHORT,RUNNING
="2026-08-10 08:30:28",64883,2688896,1996014,692881,50000,-0.1213,0.1200,+0.0,+0.0000,SHORT,RUNNING
="2026-08-10 08:30:29",64883,2688896,1996014,692881,50000,-0.1213,0.1200,+0.0,+0.0000,SHORT,RUNNING
="2026-08-10 08:30:30",64883,2688896,1996014,692881,50000,-0.1213,0.1200,+0.0,+0.0000,SHORT,RUNNING
="2026-08-10 08:30:31",64883,2732919,2040037,692881,50000,-0.1213,0.1200,+0.0,+0.0000,SHORT,RUNNING
="2026-08-10 08:30:32",64867,2732919,2040037,692881,50000,-0.1235,0.1200,+0.0,+0.0000,SHORT,RUNNING
="2026-08-10 08:30:33",64867,2732919,2040037,692881,50000,-0.1235,0.1200,+0.0,+0.0000,SHORT,RUNNING
="2026-08-10 08:30:34",64867,2732919,2040037,692881,50000,-0.1235,0.1200,+0.0,+0.0000,SHORT,RUNNING
="2026-08-10 08:30:35",64870,2732919,2040037,692881,50000,-0.1283,0.1200,+0.0,+0.0000,SHORT,RUNNING
="2026-08-10 08:30:36",64870,2732919,2040037,692881,50000,-0.1283,0.1200,+0.0,+0.0000,SHORT,RUNNING
="2026-08-10 08:30:37",64870,2732919,2040037,692881,50000,-0.1283,0.1200,+0.0,+0.0000,SHORT,RUNNING
="2026-08-10 08:30:38",64870,2732919,2040037,692881,50000,-0.1281,0.1200,+0.0,+0.0000,SHORT,RUNNING
="2026-08-10 08:30:39",64870,2793397,2040037,753360,50000,-0.1281,0.1200,+0.0,+0.0000,SHORT,RUNNING
="2026-08-10 08:30:40",64880,2793397,2040037,753360,50000,-0.1283,0.1200,+0.0,+0.0000,SHORT,RUNNING
="2026-08-10 08:30:41",64880,2793397,2040037,753360,50000,-0.1296,0.1200,+0.0,+0.0000,SHORT,RUNNING
="2026-08-10 08:30:42",64880,2793397,2040037,753360,50000,-0.1296,0.1200,+0.0,+0.0000,SHORT,RUNNING
="2026-08-10 08:30:43",64880,2689965,2040037,649927,50000,-0.1302,0.1200,+0.0,+0.0000,SHORT,RUNNING
="2026-08-10 08:30:44",64880,2689965,2040037,649927,50000,-0.1302,0.1200,+0.0,+0.0000,SHORT,RUNNING
="2026-08-10 08:30:45",64880,2689965,2040037,649927,50000,-0.1302,0.1200,+0.0,+0.0000,SHORT,RUNNING
="2026-08-10 08:30:47",64880,2689965,2040037,649927,50000,-0.1302,0.1200,+0.0,+0.0000,SHORT,RUNNING
="2026-08-10 08:30:48",64880,2689965,2040037,649927,50000,-0.1302,0.1200,+0.0,+0.0000,SHORT,RUNNING
="2026-08-10 08:30:49",64880,2689965,2040037,649927,50000,-0.1304,0.1200,+0.0,+0.0000,SHORT,RUNNING
="2026-08-10 08:30:50",64880,2689965,2040037,649927,50000,-0.1304,0.1200,+0.0,+0.0000,SHORT,RUNNING
="2026-08-10 08:30:51",64880,2689965,2040037,649927,50000,-0.1316,0.1200,+0.0,+0.0000,SHORT,RUNNING
="2026-08-10 08:30:52",64880,2689965,2040037,649927,50000,-0.1312,0.1200,+0.0,+0.0000,SHORT,RUNNING
="2026-08-10 08:30:53",64880,2689965,2040037,649927,50000,-0.1312,0.1200,+0.0,+0.0000,SHORT,RUNNING
="2026-08-10 08:30:54",64880,2689965,2040037,649927,50000,-0.1323,0.1200,+0.0,+0.0000,SHORT,RUNNING
="2026-08-10 08:30:55",64880,2689965,2040037,649927,50000,-0.1315,0.1200,+0.0,+0.0000,SHORT,RUNNING
="2026-08-10 08:30:56",64880,2689965,2040037,649927,50000,-0.1315,0.1200,+0.0,+0.0000,SHORT,RUNNING
="2026-08-10 08:30:57",64880,2689965,2040037,649927,50000,-0.1324,0.1200,+0.0,+0.0000,SHORT,RUNNING
="2026-08-10 08:30:58",64880,2689965,2040037,649927,50000,-0.1324,0.1200,+0.0,+0.0000,SHORT,RUNNING
="2026-08-10 08:30:59",64880,2689965,2040037,649927,50000,-0.1365,0.1200,+0.0,+0.0000,SHORT,RUNNING
="2026-08-10 08:31:00",64880,2689965,2040037,649927,50000,-0.1362,0.1200,+0.0,+0.0000,SHORT,RUNNING
="2026-08-10 08:31:01",64880,2689965,2040037,649927,50000,-0.1360,0.1200,+0.0,+0.0000,SHORT,RUNNING
="2026-08-10 08:31:02",64878,2660181,2010253,649927,50000,-0.1360,0.1200,+0.0,+0.0000,SHORT,RUNNING
="2026-08-10 08:31:03",64878,2660181,2010253,649927,50000,-0.1344,0.1200,+0.0,+0.0000,SHORT,RUNNING
="2026-08-10 08:31:04",64878,2660181,2010253,649927,50000,-0.1344,0.1200,+0.0,+0.0000,SHORT,RUNNING
="2026-08-10 08:31:05",64878,2660181,2010253,649927,50000,-0.1323,0.1200,+0.0,+0.0000,SHORT,RUNNING
="2026-08-10 08:31:06",64876,2660181,2010253,649927,50000,-0.1456,0.1200,+0.0,+0.0000,SHORT,RUNNING
="2026-08-10 08:31:07",64876,1130176,571683,558493,50000,-0.1456,0.1200,+0.0,+0.0000,SHORT,RUNNING
="2026-08-10 08:31:08",64876,690866,391561,299304,50000,-0.1456,0.1200,+0.0,+0.0000,SHORT,RUNNING
="2026-08-10 08:31:09",64876,690866,391561,299304,50000,-0.1459,0.1200,+0.0,+0.0000,SHORT,RUNNING
="2026-08-10 08:31:10",64876,628584,329280,299304,50000,-0.1459,0.1200,+0.0,+0.0000,SHORT,RUNNING
="2026-08-10 08:31:11",64876,628584,329280,299304,50000,-0.1384,0.1200,+0.0,+0.0000,SHORT,RUNNING
="2026-08-10 08:31:12",64876,1015775,329280,686495,50000,-0.1370,0.1200,+0.0,+0.0000,LONG,RUNNING
="2026-08-10 08:31:13",64880,1003774,329280,674494,50000,-0.0895,0.1200,+0.0,+0.0000,NONE,RUNNING
="2026-08-10 08:31:14",64880,907521,233027,674494,50000,-0.0895,0.1200,+0.0,+0.0000,NONE,RUNNING
="2026-08-10 08:31:15",64880,882216,207722,674494,50000,-0.0902,0.1200,+0.0,+0.0000,NONE,RUNNING
="2026-08-10 08:31:16",64880,898180,176590,721589,50000,-0.0902,0.1200,+0.0,+0.0000,NONE,RUNNING
="2026-08-10 08:31:17",64880,818983,97394,721589,50000,-0.0556,0.1200,+0.0,+0.0000,NONE,RUNNING
="2026-08-10 08:31:18",64880,818983,97394,721589,50000,-0.0572,0.1200,+0.0,+0.0000,NONE,RUNNING
="2026-08-10 08:31:19",64880,669660,85722,583937,50000,-0.0572,0.1200,+0.0,+0.0000,NONE,RUNNING
="2026-08-10 08:31:20",64880,638341,54403,583937,50000,-0.0452,0.1200,+0.0,+0.0000,NONE,RUNNING
="2026-08-10 08:31:21",64880,638341,54403,583937,50000,-0.0458,0.1200,+0.0,+0.0000,NONE,RUNNING
="2026-08-10 08:31:22",64880,627961,44023,583937,50000,-0.0253,0.1200,+0.0,+0.0000,NONE,RUNNING
="2026-08-10 08:31:23",64880,627961,44023,583937,50000,-0.0253,0.1200,+0.0,+0.0000,NONE,RUNNING
="2026-08-10 08:31:24",64880,627961,44023,583937,50000,-0.0256,0.1200,+0.0,+0.0000,NONE,RUNNING
="2026-08-10 08:31:25",64880,608872,44023,564849,50000,-0.0256,0.1200,+0.0,+0.0000,NONE,RUNNING
="2026-08-10 08:31:26",64880,608872,44023,564849,50000,-0.0256,0.1200,+0.0,+0.0000,NONE,RUNNING
="2026-08-10 08:31:27",64880,632192,44023,588169,50000,-0.0248,0.1200,+0.0,+0.0000,NONE,RUNNING
="2026-08-10 08:31:28",64880,632192,44023,588169,50000,-0.0248,0.1200,+0.0,+0.0000,NONE,RUNNING
="2026-08-10 08:31:29",64880,632192,44023,588169,50000,-0.0248,0.1200,+0.0,+0.0000,NONE,RUNNING
="2026-08-10 08:31:30",64880,632192,44023,588169,50000,-0.0248,0.1200,+0.0,+0.0000,NONE,RUNNING
="2026-08-10 08:31:31",64880,588169,0,588169,50000,-0.0248,0.1200,+0.0,+0.0000,NONE,RUNNING
="2026-08-10 08:31:32",64880,588169,0,588169,50000,-0.0226,0.1200,+0.0,+0.0000,NONE,RUNNING
="2026-08-10 08:31:33",64880,588169,0,588169,50000,-0.0223,0.1200,+0.0,+0.0000,NONE,RUNNING
="2026-08-10 08:31:34",64880,588169,0,588169,50000,-0.0223,0.1200,+0.0,+0.0000,NONE,RUNNING
="2026-08-10 08:31:35",64880,588169,0,588169,50000,-0.0175,0.1200,+0.0,+0.0000,NONE,RUNNING
="2026-08-10 08:31:36",64880,588169,0,588169,50000,-0.0169,0.1200,+0.0,+0.0000,NONE,RUNNING
="2026-08-10 08:31:37",64880,588169,0,588169,50000,-0.0169,0.1200,+0.0,+0.0000,NONE,RUNNING
="2026-08-10 08:31:38",64880,588169,0,588169,50000,-0.0171,0.1200,+0.0,+0.0000,NONE,RUNNING
="2026-08-10 08:31:39",64880,527691,0,527691,50000,-0.0191,0.1200,+0.0,+0.0000,NONE,RUNNING
="2026-08-10 08:31:40",64880,527691,0,527691,50000,-0.0191,0.1200,+0.0,+0.0000,NONE,RUNNING
="2026-08-10 08:31:41",64880,586357,0,586357,50000,-0.0178,0.1200,+0.0,+0.0000,NONE,RUNNING
="2026-08-10 08:31:42",64880,732607,0,732607,50000,-0.0181,0.1200,+0.0,+0.0000,NONE,RUNNING
="2026-08-10 08:31:43",64891,732607,0,732607,50000,-0.0181,0.1200,+0.0,+0.0000,NONE,RUNNING
="2026-08-10 08:31:44",64891,732607,0,732607,50000,-0.0176,0.1200,+0.0,+0.0000,NONE,RUNNING
="2026-08-10 08:31:45",64891,732607,0,732607,50000,-0.0200,0.1200,+0.0,+0.0000,NONE,RUNNING
="2026-08-10 08:31:46",64891,732607,0,732607,50000,-0.0200,0.1200,+0.0,+0.0000,NONE,RUNNING
="2026-08-10 08:31:47",64891,732607,0,732607,50000,-0.0200,0.1200,+0.0,+0.0000,NONE,RUNNING
="2026-08-10 08:31:48",64891,732607,0,732607,50000,-0.0200,0.1200,+0.0,+0.0000,NONE,RUNNING
="2026-08-10 08:31:49",64891,732607,0,732607,50000,-0.0200,0.1200,+0.0,+0.0000,NONE,RUNNING
="2026-08-10 08:31:50",64891,732607,0,732607,50000,-0.0188,0.1200,+0.0,+0.0000,NONE,RUNNING
="2026-08-10 08:31:51",64891,732607,0,732607,50000,-0.0183,0.1200,+0.0,+0.0000,NONE,RUNNING
="2026-08-10 08:31:52",64891,732607,0,732607,50000,-0.0183,0.1200,+0.0,+0.0000,NONE,RUNNING
="2026-08-10 08:31:53",64891,732607,0,732607,50000,-0.0183,0.1200,+0.0,+0.0000,NONE,RUNNING
="2026-08-10 08:31:54",64891,749068,16461,732607,50000,-0.0172,0.1200,+0.0,+0.0000,NONE,RUNNING
="2026-08-10 08:31:55",64888,749068,16461,732607,50000,-0.0169,0.1200,+0.0,+0.0000,NONE,RUNNING
="2026-08-10 08:31:56",64888,749068,16461,732607,50000,-0.0160,0.1200,+0.0,+0.0000,NONE,RUNNING
="2026-08-10 08:31:57",64888,749068,16461,732607,50000,-0.0160,0.1200,+0.0,+0.0000,NONE,RUNNING
="2026-08-10 08:31:58",64888,749068,16461,732607,50000,-0.0160,0.1200,+0.0,+0.0000,NONE,RUNNING
="2026-08-10 08:31:59",64888,749068,16461,732607,50000,-0.0163,0.1200,+0.0,+0.0000,NONE,RUNNING
="2026-08-10 08:32:00",64888,749068,16461,732607,50000,-0.0194,0.1200,+0.0,+0.0000,NONE,RUNNING
="2026-08-10 08:32:01",64884,749068,16461,732607,50000,-0.0194,0.1200,+0.0,+0.0000,NONE,RUNNING
="2026-08-10 08:32:02",64884,749068,16461,732607,50000,-0.0210,0.1200,+0.0,+0.0000,NONE,RUNNING
="2026-08-10 08:32:03",64871,749068,16461,732607,50000,-0.0208,0.1200,+0.0,+0.0000,NONE,RUNNING
="2026-08-10 08:32:04",64868,775544,16461,759083,50000,-0.0208,0.1200,+0.0,+0.0000,NONE,RUNNING
="2026-08-10 08:32:05",64868,775544,16461,759083,50000,-0.0208,0.1200,+0.0,+0.0000,NONE,RUNNING
="2026-08-10 08:32:06",64868,775544,16461,759083,50000,-0.0075,0.1200,+0.0,+0.0000,NONE,RUNNING
="2026-08-10 08:32:07",64864,775544,16461,759083,50000,-0.0133,0.1200,+0.0,+0.0000,NONE,RUNNING
="2026-08-10 08:32:08",64862,775544,16461,759083,50000,-0.0130,0.1200,+0.0,+0.0000,NONE,RUNNING
="2026-08-10 08:32:09",64862,775544,16461,759083,50000,-0.0130,0.1200,+0.0,+0.0000,NONE,RUNNING
="2026-08-10 08:32:10",64862,775544,16461,759083,50000,-0.0118,0.1200,+0.0,+0.0000,NONE,RUNNING
="2026-08-10 08:32:11",64862,775544,16461,759083,50000,-0.0131,0.1200,+0.0,+0.0000,NONE,RUNNING
="2026-08-10 08:32:12",64862,334031,16461,317570,50000,-0.0131,0.1200,+0.0,+0.0000,NONE,RUNNING
="2026-08-10 08:32:13",64862,334031,16461,317570,50000,-0.0136,0.1200,+0.0,+0.0000,NONE,RUNNING
="2026-08-10 08:32:14",64862,334031,16461,317570,50000,-0.0136,0.1200,+0.0,+0.0000,NONE,RUNNING
="2026-08-10 08:32:15",64862,286936,16461,270475,50000,-0.0128,0.1200,+0.0,+0.0000,NONE,RUNNING
="2026-08-10 08:32:16",64862,286936,16461,270475,50000,-0.0142,0.1200,+0.0,+0.0000,NONE,RUNNING
="2026-08-10 08:33:16",64864,369609,238563,131045,50000,-0.0314,0.1200,+0.0,+0.0000,NONE,RUNNING
="2026-08-10 08:34:17",64864,727596,384226,343369,50000,-0.0147,0.1200,+0.0,+0.0000,NONE,RUNNING
="2026-08-10 08:35:17",64863,249823,161019,88803,50000,+0.0033,0.1200,+0.0,+0.0000,NONE,RUNNING
="2026-08-10 08:36:17",64903,119589,0,119589,50000,-0.0116,0.1200,+0.0,+0.0000,NONE,RUNNING
="2026-08-10 08:37:17",64932,60700,60700,0,50000,-0.0058,0.1200,+0.0,+0.0000,NONE,RUNNING
="2026-08-10 08:38:17",64915,216618,102492,114125,50000,-0.0083,0.1200,+0.0,+0.0000,NONE,RUNNING
="2026-08-10 08:39:17",64886,71739,48723,23015,50000,-0.0504,0.1200,+0.0,+0.0000,NONE,RUNNING
="2026-08-10 08:40:17",64879,365730,185326,180403,50000,+0.0358,0.1200,+0.0,+0.0000,NONE,RUNNING
="2026-08-10 08:41:17",64885,145323,80331,64991,50000,+0.0063,0.1200,+0.0,+0.0000,NONE,RUNNING
="2026-08-10 08:42:17",64879,87223,0,87223,50000,-0.0017,0.1200,+0.0,+0.0000,NONE,RUNNING
="2026-08-10 08:43:17",64882,135209,84482,50727,50000,-0.0008,0.1200,+0.0,+0.0000,NONE,RUNNING
="2026-08-10 08:44:17",64906,220187,79984,140202,50000,-0.0218,0.1200,+0.0,+0.0000,NONE,RUNNING
="2026-08-10 08:45:17",64903,55555,12983,42572,50000,+0.0051,0.1200,+0.0,+0.0000,NONE,RUNNING
="2026-08-10 08:46:17",64929,63265,37709,25556,50000,-0.0074,0.1200,+0.0,+0.0000,NONE,RUNNING
="2026-08-10 08:47:17",64914,303021,303021,0,50000,-0.0037,0.1200,+0.0,+0.0000,NONE,RUNNING
="2026-08-10 08:48:17",64914,33779,0,33779,50000,+0.0019,0.1200,+0.0,+0.0000,NONE,RUNNING
="2026-08-10 08:49:17",64923,45395,0,45395,50000,+0.0047,0.1200,+0.0,+0.0000,NONE,RUNNING
="2026-08-10 08:50:17",64913,124802,124802,0,50000,+0.0020,0.1200,+0.0,+0.0000,NONE,RUNNING
="2026-08-10 08:51:17",64906,421646,284416,137229,50000,-0.0053,0.1200,+0.0,+0.0000,NONE,RUNNING
="2026-08-10 08:52:18",64909,112746,30233,82512,50000,-0.0006,0.1200,+0.0,+0.0000,NONE,RUNNING
="2026-08-10 08:53:18",64893,88110,88110,0,50000,+0.0021,0.1200,+0.0,+0.0000,NONE,RUNNING
="2026-08-10 08:54:18",64895,178448,10191,168256,50000,+0.0002,0.1200,+0.0,+0.0000,NONE,RUNNING
="2026-08-10 08:55:18",64868,16420,16420,0,50000,-0.0004,0.1200,+0.0,+0.0000,NONE,RUNNING
="2026-08-10 08:56:18",64851,250338,94301,156036,50000,-0.0117,0.1200,+0.0,+0.0000,NONE,RUNNING
="2026-08-10 08:57:18",64845,579234,380045,199188,50000,-0.0153,0.1200,+0.0,+0.0000,NONE,RUNNING
="2026-08-10 08:58:18",64882,363182,15073,348109,50000,-0.0072,0.1200,+0.0,+0.0000,NONE,RUNNING
="2026-08-10 08:59:18",64903,196945,0,196945,100000,-0.0089,0.1200,+0.0,+0.0000,NONE,RUNNING
="2026-08-10 09:00:18",64871,319156,218458,100698,100000,-0.0095,0.1200,+0.0,+0.0000,NONE,RUNNING
="2026-08-10 09:01:18",64874,176077,131564,44513,100000,+0.0100,0.1200,+0.0,+0.0000,NONE,RUNNING
="2026-08-10 09:02:18",64862,191652,38607,153044,100000,-0.0064,0.1200,+0.0,+0.0000,NONE,STOPPED
="2026-08-10 09:03:18",64898,113502,20475,93027,100000,-0.0026,0.1200,+0.0,+0.0000,NONE,STOPPED
="2026-08-10 09:04:18",64908,148050,116110,31940,100000,-0.0025,0.1200,+0.0,+0.0000,NONE,STOPPED
="2026-08-10 09:05:18",64896,86548,37160,49387,100000,+0.0082,0.1200,+0.0,+0.0000,NONE,STOPPED
="2026-08-10 09:06:18",64932,500162,237942,262219,100000,-0.0128,0.1200,+0.0,+0.0000,NONE,STOPPED
="2026-08-10 09:07:18",64945,215324,12059,203264,100000,-0.0069,0.1200,+0.0,+0.0000,NONE,STOPPED
="2026-08-10 09:08:18",64989,410132,235693,174439,100000,-0.0421,0.1200,+0.0,+0.0000,NONE,STOPPED
="2026-08-10 09:09:18",65050,909270,110867,798402,100000,-0.0227,0.1200,+0.0,+0.0000,NONE,STOPPED
="2026-08-10 09:10:18",65052,421808,118836,302972,100000,-0.0047,0.1200,+0.0,+0.0000,NONE,STOPPED
="2026-08-10 09:11:13",65274,2343322,591435,1751886,100000,+0.0691,0.1200,+0.0,+0.0000,NONE,STOPPED
="2026-08-10 09:11:14",65272,2398029,646142,1751886,100000,+0.0691,0.1200,+0.0,+0.0000,NONE,STOPPED
="2026-08-10 09:11:15",65268,2409713,657827,1751886,100000,+0.0691,0.1200,+0.0,+0.0000,NONE,STOPPED
="2026-08-10 09:11:16",65251,2422906,671019,1751886,100000,+0.0690,0.1200,+0.0,+0.0000,NONE,STOPPED
="2026-08-10 09:11:17",65260,2615988,838137,1777850,100000,+0.0691,0.1200,+0.0,+0.0000,NONE,STOPPED
="2026-08-10 09:11:18",65260,2595855,838137,1757717,100000,+0.0697,0.1200,+0.0,+0.0000,NONE,STOPPED
="2026-08-10 09:11:19",65273,2770060,838137,1931922,100000,+0.0697,0.1200,+0.0,+0.0000,NONE,STOPPED
="2026-08-10 09:11:20",65273,2770060,838137,1931922,100000,+0.0697,0.1200,+0.0,+0.0000,NONE,STOPPED
="2026-08-10 09:11:21",65273,2770060,838137,1931922,100000,+0.0711,0.1200,+0.0,+0.0000,NONE,STOPPED
="2026-08-10 09:11:22",65273,2803301,838137,1965164,100000,+0.0711,0.1200,+0.0,+0.0000,NONE,STOPPED
="2026-08-10 09:11:23",65299,3217690,838137,2379553,100000,+0.0844,0.1200,+0.0,+0.0000,NONE,STOPPED
="2026-08-10 09:11:24",65301,3238193,838137,2400056,100000,+0.0844,0.1200,+0.0,+0.0000,NONE,STOPPED
="2026-08-10 09:11:25",65286,3367054,966997,2400056,100000,+0.0844,0.1200,+0.0,+0.0000,NONE,STOPPED
="2026-08-10 09:11:26",65286,3367054,966997,2400056,100000,+0.1155,0.1200,+0.0,+0.0000,NONE,STOPPED
="2026-08-10 09:11:27",65273,3390615,990559,2400056,100000,+0.1153,0.1200,+0.0,+0.0000,NONE,STOPPED
="2026-08-10 09:11:28",65258,3401832,1001776,2400056,100000,+0.1153,0.1200,+0.0,+0.0000,NONE,STOPPED
="2026-08-10 09:11:29",65244,3391399,1015890,2375509,100000,+0.1150,0.1200,+0.0,+0.0000,NONE,STOPPED
="2026-08-10 09:11:30",65234,3391399,1015890,2375509,100000,+0.1150,0.1200,+0.0,+0.0000,NONE,STOPPED
="2026-08-10 09:11:31",65234,3377064,1015890,2361174,100000,+0.1150,0.1200,+0.0,+0.0000,NONE,STOPPED
="2026-08-10 09:11:32",65250,3389277,1015890,2373387,100000,+0.1150,0.1200,+0.0,+0.0000,NONE,STOPPED
="2026-08-10 09:11:33",65244,3513782,1151068,2362714,100000,+0.1150,0.1200,+0.0,+0.0000,NONE,STOPPED
="2026-08-10 09:11:34",65234,3504089,1192567,2311521,100000,+0.1142,0.1200,+0.0,+0.0000,NONE,STOPPED
="2026-08-10 09:11:35",65232,3504089,1192567,2311521,100000,+0.1241,0.1200,+0.0,+0.0000,LONG,STOPPED
="2026-08-10 09:11:36",65230,3504089,1192567,2311521,100000,+0.1241,0.1200,+0.0,+0.0000,LONG,STOPPED
="2026-08-10 09:11:37",65233,3423290,1192567,2230722,100000,+0.1342,0.1200,+0.0,+0.0000,LONG,STOPPED
="2026-08-10 09:11:38",65232,3401068,1222426,2178642,100000,+0.1457,0.1200,+0.0,+0.0000,LONG,STOPPED
="2026-08-10 09:11:39",65232,3231052,1222426,2008626,100000,+0.1457,0.1200,+0.0,+0.0000,LONG,STOPPED
="2026-08-10 09:11:40",65232,3251051,1242425,2008626,100000,+0.1457,0.1200,+0.0,+0.0000,LONG,STOPPED
="2026-08-10 09:11:41",65228,3066931,1058305,2008626,100000,+0.1590,0.1200,+0.0,+0.0000,LONG,STOPPED
="2026-08-10 09:11:42",65224,3066931,1058305,2008626,100000,+0.1606,0.1200,+0.0,+0.0000,LONG,STOPPED
="2026-08-10 09:11:43",65224,3066931,1058305,2008626,100000,+0.1606,0.1200,+0.0,+0.0000,LONG,STOPPED
="2026-08-10 09:11:44",65212,3052467,1058305,1994162,100000,+0.1613,0.1200,+0.0,+0.0000,LONG,STOPPED
="2026-08-10 09:11:45",65203,3086650,1092488,1994162,100000,+0.1613,0.1200,+0.0,+0.0000,LONG,STOPPED
="2026-08-10 09:11:46",65198,3086650,1092488,1994162,100000,+0.1613,0.1200,+0.0,+0.0000,LONG,STOPPED
="2026-08-10 09:11:47",65198,3102657,1092488,2010168,100000,+0.1613,0.1200,+0.0,+0.0000,LONG,STOPPED
="2026-08-10 09:11:48",65207,3102657,1092488,2010168,100000,+0.1613,0.1200,+0.0,+0.0000,LONG,STOPPED
="2026-08-10 09:11:49",65207,3019245,1092488,1926756,100000,+0.1764,0.1200,+0.0,+0.0000,LONG,STOPPED
="2026-08-10 09:11:50",65207,2959534,1092488,1867045,100000,+0.1826,0.1200,+0.0,+0.0000,LONG,STOPPED
="2026-08-10 09:11:51",65207,2924373,1092488,1831885,100000,+0.1826,0.1200,+0.0,+0.0000,LONG,STOPPED
="2026-08-10 09:11:52",65207,2818569,986684,1831885,100000,+0.1845,0.1200,+0.0,+0.0000,LONG,STOPPED
="2026-08-10 09:11:53",65207,2797159,999296,1797862,100000,+0.1845,0.1200,+0.0,+0.0000,LONG,STOPPED
="2026-08-10 09:11:54",65207,2797159,999296,1797862,100000,+0.1813,0.1200,+0.0,+0.0000,LONG,STOPPED
="2026-08-10 09:11:55",65233,2836325,999296,1837029,100000,+0.2004,0.1200,+0.0,+0.0000,LONG,STOPPED
="2026-08-10 09:11:56",65224,2774988,999296,1775691,100000,+0.1961,0.1200,+0.0,+0.0000,LONG,STOPPED
="2026-08-10 09:11:57",65224,2764427,999296,1765130,100000,+0.1961,0.1200,+0.0,+0.0000,LONG,STOPPED
="2026-08-10 09:11:58",65224,2764427,999296,1765130,100000,+0.1921,0.1200,+0.0,+0.0000,LONG,STOPPED
="2026-08-10 09:11:59",65224,2706721,941590,1765130,100000,+0.1921,0.1200,+0.0,+0.0000,LONG,STOPPED
="2026-08-10 09:12:00",65224,2689508,924377,1765130,100000,+0.1921,0.1200,+0.0,+0.0000,LONG,STOPPED
="2026-08-10 09:12:01",65226,2683310,907651,1775658,100000,+0.1921,0.1200,+0.0,+0.0000,LONG,STOPPED
="2026-08-10 09:12:02",65226,2517372,907651,1609720,100000,+0.1873,0.1200,+0.0,+0.0000,LONG,STOPPED
="2026-08-10 09:12:03",65226,2408183,907651,1500531,100000,+0.1873,0.1200,+0.0,+0.0000,LONG,STOPPED
="2026-08-10 09:12:04",65226,2452755,1036453,1416302,100000,+0.1728,0.1200,+0.0,+0.0000,LONG,STOPPED
="2026-08-10 09:12:05",65211,2279040,1025873,1253167,100000,+0.1728,0.1200,+0.0,+0.0000,LONG,STOPPED
="2026-08-10 09:12:06",65206,1857764,1025873,831891,100000,+0.1728,0.1200,+0.0,+0.0000,SHORT,STOPPED
="2026-08-10 09:12:07",65213,1783042,1025873,757169,100000,+0.1663,0.1200,+0.0,+0.0000,SHORT,STOPPED
="2026-08-10 09:12:08",65220,1706378,949209,757169,100000,+0.1663,0.1200,+0.0,+0.0000,SHORT,STOPPED
="2026-08-10 09:12:09",65220,1642860,885691,757169,100000,+0.1708,0.1200,+0.0,+0.0000,SHORT,STOPPED
="2026-08-10 09:12:10",65220,1658292,901123,757169,100000,+0.1332,0.1200,+0.0,+0.0000,SHORT,STOPPED
="2026-08-10 09:12:11",65208,1658292,901123,757169,100000,+0.1332,0.1200,+0.0,+0.0000,SHORT,STOPPED
="2026-08-10 09:12:12",65208,1658292,901123,757169,100000,+0.1332,0.1200,+0.0,+0.0000,SHORT,STOPPED
="2026-08-10 09:12:13",65208,1613617,856447,757169,100000,+0.0799,0.1200,+0.0,+0.0000,NONE,STOPPED
="2026-08-10 09:12:14",65208,1603585,846416,757169,100000,+0.0799,0.1200,+0.0,+0.0000,NONE,STOPPED
="2026-08-10 09:12:15",65208,1593766,821538,772227,100000,+0.0836,0.1200,+0.0,+0.0000,NONE,STOPPED
="2026-08-10 09:12:16",65220,1567802,821538,746263,100000,+0.0835,0.1200,+0.0,+0.0000,NONE,STOPPED
="2026-08-10 09:12:17",65220,1418674,654421,764253,100000,+0.0884,0.1200,+0.0,+0.0000,NONE,STOPPED
="2026-08-10 09:12:18",65220,1413984,654421,759563,100000,+0.0884,0.1200,+0.0,+0.0000,NONE,STOPPED
="2026-08-10 09:12:19",65226,1480185,654421,825764,100000,+0.0884,0.1200,+0.0,+0.0000,NONE,STOPPED
="2026-08-10 09:12:20",65232,1480185,654421,825764,100000,+0.0878,0.1200,+0.0,+0.0000,NONE,STOPPED
="2026-08-10 09:12:21",65236,1480185,654421,825764,100000,+0.0878,0.1200,+0.0,+0.0000,NONE,STOPPED
="2026-08-10 09:12:22",65236,1062009,683875,378133,100000,+0.0745,0.1200,+0.0,+0.0000,NONE,STOPPED
="2026-08-10 09:12:23",65236,1041506,683875,357630,100000,+0.0745,0.1200,+0.0,+0.0000,NONE,STOPPED
="2026-08-10 09:12:25",65236,991872,634242,357630,100000,+0.0717,0.1200,+0.0,+0.0000,NONE,STOPPED
="2026-08-10 09:12:26",65230,991872,634242,357630,100000,+0.0406,0.1200,+0.0,+0.0000,NONE,STOPPED
="2026-08-10 09:12:27",65228,991872,634242,357630,100000,+0.0409,0.1200,+0.0,+0.0000,NONE,STOPPED
="2026-08-10 09:12:28",65228,957094,599463,357630,100000,+0.0409,0.1200,+0.0,+0.0000,NONE,STOPPED
="2026-08-10 09:12:29",65228,942980,585349,357630,100000,+0.0412,0.1200,+0.0,+0.0000,NONE,STOPPED
="2026-08-10 09:12:30",65228,942980,585349,357630,100000,+0.0412,0.1200,+0.0,+0.0000,NONE,STOPPED
="2026-08-10 09:12:31",65228,942980,585349,357630,100000,+0.0433,0.1200,+0.0,+0.0000,NONE,STOPPED
="2026-08-10 09:12:32",65228,930768,585349,345418,100000,+0.0433,0.1200,+0.0,+0.0000,NONE,STOPPED
="2026-08-10 09:12:33",65228,795590,450171,345418,100000,+0.0433,0.1200,+0.0,+0.0000,NONE,STOPPED
="2026-08-10 09:12:34",65222,754090,408672,345418,100000,+0.0425,0.1200,+0.0,+0.0000,NONE,STOPPED
="2026-08-10 09:12:35",65220,754090,408672,345418,100000,+0.0425,0.1200,+0.0,+0.0000,NONE,STOPPED
="2026-08-10 09:12:36",65220,754090,408672,345418,100000,+0.0325,0.1200,+0.0,+0.0000,NONE,STOPPED
="2026-08-10 09:12:37",65220,754090,408672,345418,100000,+0.0327,0.1200,+0.0,+0.0000,NONE,STOPPED
="2026-08-10 09:12:38",65220,724232,378814,345418,100000,+0.0327,0.1200,+0.0,+0.0000,NONE,STOPPED
="2026-08-10 09:12:39",65220,724232,378814,345418,100000,+0.0212,0.1200,+0.0,+0.0000,NONE,STOPPED
="2026-08-10 09:12:40",65220,724232,378814,345418,100000,+0.0199,0.1200,+0.0,+0.0000,NONE,STOPPED
="2026-08-10 09:12:41",65232,723469,358814,364654,100000,+0.0066,0.1200,+0.0,+0.0000,NONE,STOPPED
="2026-08-10 09:12:42",65232,723469,358814,364654,100000,+0.0066,0.1200,+0.0,+0.0000,NONE,STOPPED
="2026-08-10 09:12:43",65232,723469,358814,364654,100000,-0.0005,0.1200,+0.0,+0.0000,NONE,STOPPED
="2026-08-10 09:12:44",65232,723469,358814,364654,100000,-0.0005,0.1200,+0.0,+0.0000,NONE,STOPPED
="2026-08-10 09:12:45",65234,689285,324631,364654,100000,-0.0012,0.1200,+0.0,+0.0000,NONE,STOPPED
="2026-08-10 09:12:46",65234,689285,324631,364654,100000,-0.0012,0.1200,+0.0,+0.0000,NONE,STOPPED
="2026-08-10 09:12:47",65234,689285,324631,364654,100000,-0.0012,0.1200,+0.0,+0.0000,NONE,STOPPED
="2026-08-10 09:12:48",65234,673279,324631,348648,100000,-0.0012,0.1200,+0.0,+0.0000,NONE,STOPPED
="2026-08-10 09:12:49",65234,673279,324631,348648,100000,-0.0006,0.1200,+0.0,+0.0000,NONE,STOPPED
="2026-08-10 09:12:50",65239,741492,324631,416861,100000,-0.0067,0.1200,+0.0,+0.0000,NONE,STOPPED
="2026-08-10 09:12:51",65239,741492,324631,416861,100000,-0.0067,0.1200,+0.0,+0.0000,NONE,STOPPED
="2026-08-10 09:12:52",65239,741492,324631,416861,100000,-0.0039,0.1200,+0.0,+0.0000,NONE,STOPPED
="2026-08-10 09:12:53",65239,741492,324631,416861,100000,-0.0039,0.1200,+0.0,+0.0000,NONE,STOPPED
="2026-08-10 09:12:54",65239,1058225,330024,728200,100000,-0.0007,0.1200,+0.0,+0.0000,NONE,STOPPED
="2026-08-10 09:12:55",65240,1019059,330024,689034,100000,+0.0033,0.1200,+0.0,+0.0000,NONE,STOPPED
="2026-08-10 09:12:56",65240,1362340,673306,689034,100000,+0.0033,0.1200,+0.0,+0.0000,NONE,STOPPED
="2026-08-10 09:12:57",65240,1362340,673306,689034,100000,+0.0075,0.1200,+0.0,+0.0000,NONE,STOPPED
="2026-08-10 09:12:58",65240,1362340,673306,689034,100000,+0.0088,0.1200,+0.0,+0.0000,NONE,STOPPED
="2026-08-10 09:12:59",65240,1362340,673306,689034,100000,+0.0088,0.1200,+0.0,+0.0000,NONE,STOPPED
="2026-08-10 09:13:00",65240,1362340,673306,689034,100000,+0.0089,0.1200,+0.0,+0.0000,NONE,STOPPED
="2026-08-10 09:13:01",65240,1351813,673306,678507,100000,+0.0117,0.1200,+0.0,+0.0000,NONE,STOPPED
="2026-08-10 09:13:02",65240,1351813,673306,678507,100000,+0.0117,0.1200,+0.0,+0.0000,NONE,STOPPED
="2026-08-10 09:13:03",65229,1384824,706317,678507,100000,+0.0144,0.1200,+0.0,+0.0000,NONE,STOPPED
="2026-08-10 09:13:04",65229,1384824,706317,678507,100000,+0.0170,0.1200,+0.0,+0.0000,NONE,STOPPED
="2026-08-10 09:13:05",65229,1196918,518411,678507,100000,+0.0170,0.1200,+0.0,+0.0000,NONE,STOPPED
="2026-08-10 09:13:06",65220,1196918,518411,678507,100000,+0.0170,0.1200,+0.0,+0.0000,NONE,STOPPED
="2026-08-10 09:13:07",65208,1185964,518411,667553,100000,+0.0188,0.1200,+0.0,+0.0000,NONE,STOPPED
="2026-08-10 09:13:08",65208,1185964,518411,667553,100000,+0.0144,0.1200,+0.0,+0.0000,NONE,STOPPED
="2026-08-10 09:13:09",65208,1185964,518411,667553,100000,+0.0144,0.1200,+0.0,+0.0000,NONE,STOPPED
="2026-08-10 09:13:10",65208,1170532,502979,667553,100000,+0.0144,0.1200,+0.0,+0.0000,NONE,STOPPED
="2026-08-10 09:13:11",65208,1170532,502979,667553,100000,+0.0213,0.1200,+0.0,+0.0000,NONE,STOPPED
="2026-08-10 09:13:12",65208,1170532,502979,667553,100000,+0.0213,0.1200,+0.0,+0.0000,NONE,STOPPED
="2026-08-10 09:13:13",65208,1203136,535583,667553,100000,+0.0213,0.1200,+0.0,+0.0000,NONE,STOPPED
="2026-08-10 09:13:14",65208,1203136,535583,667553,100000,+0.0176,0.1200,+0.0,+0.0000,NONE,STOPPED
="2026-08-10 09:13:15",65208,1203136,535583,667553,100000,+0.0176,0.1200,+0.0,+0.0000,NONE,STOPPED
="2026-08-10 09:13:16",65208,1188078,535583,652494,100000,+0.0140,0.1200,+0.0,+0.0000,NONE,STOPPED
="2026-08-10 09:13:17",65208,1170088,535583,634504,100000,+0.0140,0.1200,+0.0,+0.0000,NONE,STOPPED
="2026-08-10 09:13:18",65208,1000573,535583,464989,100000,+0.0090,0.1200,+0.0,+0.0000,NONE,STOPPED
="2026-08-10 09:13:19",65206,934372,535583,398788,100000,+0.0100,0.1200,+0.0,+0.0000,NONE,STOPPED
="2026-08-10 09:13:20",65205,945250,546461,398788,100000,+0.0100,0.1200,+0.0,+0.0000,NONE,STOPPED
="2026-08-10 09:13:21",65204,945250,546461,398788,100000,+0.0107,0.1200,+0.0,+0.0000,NONE,STOPPED
="2026-08-10 09:13:22",65202,915795,517006,398788,100000,+0.0107,0.1200,+0.0,+0.0000,NONE,STOPPED
="2026-08-10 09:13:23",65192,915795,517006,398788,100000,+0.0168,0.1200,+0.0,+0.0000,NONE,STOPPED
="2026-08-10 09:13:24",65192,836568,437779,398788,100000,+0.0197,0.1200,+0.0,+0.0000,NONE,STOPPED
="2026-08-10 09:13:25",65192,893431,494642,398788,100000,+0.0204,0.1200,+0.0,+0.0000,NONE,STOPPED
="2026-08-10 09:14:25",65148,304036,175148,128888,100000,-0.0022,0.1200,+0.0,+0.0000,NONE,STOPPED
="2026-08-10 09:15:25",65142,152301,106866,45435,100000,-0.0086,0.1200,+0.0,+0.0000,NONE,STOPPED
="2026-08-10 09:16:25",65130,861807,733745,128061,100000,-0.0030,0.1200,+0.0,+0.0000,NONE,STOPPED
="2026-08-10 09:17:25",65168,725374,489111,236262,100000,-0.0009,0.1200,+0.0,+0.0000,NONE,STOPPED
="2026-08-10 09:18:25",65144,120578,120578,0,100000,-0.0066,0.1200,+0.0,+0.0000,NONE,STOPPED
="2026-08-10 09:19:26",65129,320576,167013,153563,100000,+0.0168,0.1200,+0.0,+0.0000,NONE,STOPPED
="2026-08-10 09:20:26",65122,344787,119671,225115,100000,+0.0321,0.1200,+0.0,+0.0000,NONE,STOPPED
="2026-08-10 09:21:26",65034,357768,343728,14039,100000,+0.0285,0.1200,+0.0,+0.0000,NONE,STOPPED
="2026-08-10 09:22:26",65074,288463,71565,216897,100000,-0.0124,0.1200,+0.0,+0.0000,NONE,STOPPED
="2026-08-10 09:23:26",65047,95101,62150,32951,100000,-0.0063,0.1200,+0.0,+0.0000,NONE,STOPPED
="2026-08-10 09:24:26",64998,319808,296537,23271,100000,-0.0015,0.1200,+0.0,+0.0000,NONE,STOPPED
="2026-08-10 09:25:26",64992,348780,226236,122543,100000,-0.0221,0.1200,+0.0,+0.0000,NONE,STOPPED
="2026-08-10 09:26:26",65011,117345,18003,99341,100000,-0.0178,0.1200,+0.0,+0.0000,NONE,STOPPED
="2026-08-10 09:27:26",65047,97996,0,97996,100000,-0.0093,0.1200,+0.0,+0.0000,NONE,STOPPED
="2026-08-10 09:28:26",65028,294606,233010,61596,100000,+0.0094,0.1200,+0.0,+0.0000,NONE,STOPPED
="2026-08-10 09:29:26",65012,1216795,990242,226553,100000,-0.0105,0.1200,+0.0,+0.0000,NONE,STOPPED
="2026-08-10 09:30:26",64992,26288,26288,0,100000,-0.0075,0.1200,+0.0,+0.0000,NONE,STOPPED
="2026-08-10 09:31:26",65028,36389,0,36389,100000,-0.0079,0.1200,+0.0,+0.0000,NONE,STOPPED
="2026-08-10 09:32:26",65032,150391,48601,101789,100000,+0.0027,0.1200,+0.0,+0.0000,NONE,STOPPED
="2026-08-10 09:33:26",65041,34511,15048,19463,100000,-0.0034,0.1200,+0.0,+0.0000,NONE,STOPPED
="2026-08-10 09:34:26",65023,80941,65060,15881,100000,+0.0067,0.1200,+0.0,+0.0000,NONE,STOPPED
="2026-08-10 09:35:26",65016,168491,65054,103437,100000,-0.0255,0.1200,+0.0,+0.0000,NONE,STOPPED
="2026-08-10 09:36:26",64981,202134,202134,0,100000,+0.0016,0.1200,+0.0,+0.0000,NONE,STOPPED
="2026-08-10 09:37:27",64914,317778,153321,164456,100000,-0.0098,0.1200,+0.0,+0.0000,NONE,STOPPED
="2026-08-10 09:38:27",64954,510176,238854,271322,100000,-0.0358,0.1200,+0.0,+0.0000,NONE,STOPPED
="2026-08-10 09:39:27",64931,101213,101213,0,100000,-0.0037,0.1200,+0.0,+0.0000,NONE,STOPPED
="2026-08-10 09:40:11",64894,1192969,563310,629659,100000,-0.0743,0.1200,+0.0,+0.0000,NONE,STOPPED
="2026-08-10 09:40:12",64894,1192969,563310,629659,100000,-0.0743,0.1200,+0.0,+0.0000,NONE,STOPPED
="2026-08-10 09:40:13",64894,1192969,563310,629659,100000,-0.0743,0.1200,+0.0,+0.0000,NONE,STOPPED
="2026-08-10 09:40:14",64894,1192969,563310,629659,100000,-0.0742,0.1200,+0.0,+0.0000,NONE,STOPPED
="2026-08-10 09:40:15",64894,1192969,563310,629659,100000,-0.0733,0.1200,+0.0,+0.0000,NONE,STOPPED
="2026-08-10 09:40:16",64894,1192969,563310,629659,100000,-0.0733,0.1200,+0.0,+0.0000,NONE,STOPPED
="2026-08-10 09:40:17",64894,1266852,563310,703542,100000,-0.0733,0.1200,+0.0,+0.0000,NONE,STOPPED
="2026-08-10 09:40:18",64929,1266852,563310,703542,100000,-0.0798,0.1200,+0.0,+0.0000,NONE,STOPPED
="2026-08-10 09:40:19",64930,1266852,563310,703542,100000,-0.0797,0.1200,+0.0,+0.0000,NONE,STOPPED
="2026-08-10 09:40:20",64931,1304020,600477,703542,100000,-0.0797,0.1200,+0.0,+0.0000,NONE,STOPPED
="2026-08-10 09:40:21",64934,1304020,600477,703542,100000,-0.0797,0.1200,+0.0,+0.0000,NONE,STOPPED
="2026-08-10 09:40:22",64934,1317616,614074,703542,100000,-0.0788,0.1200,+0.0,+0.0000,NONE,STOPPED
="2026-08-10 09:40:23",64931,1317616,614074,703542,100000,-0.0788,0.1200,+0.0,+0.0000,NONE,STOPPED
="2026-08-10 09:40:24",64931,1317616,614074,703542,100000,-0.1137,0.1200,+0.0,+0.0000,NONE,STOPPED
="2026-08-10 09:40:25",64931,1317616,614074,703542,100000,-0.1137,0.1200,+0.0,+0.0000,NONE,STOPPED
="2026-08-10 09:40:26",64928,1317616,614074,703542,100000,-0.1137,0.1200,+0.0,+0.0000,NONE,STOPPED
="2026-08-10 09:40:27",64922,1317616,614074,703542,100000,-0.1156,0.1200,+0.0,+0.0000,NONE,STOPPED
="2026-08-10 09:40:28",64917,1382043,678500,703542,100000,-0.1184,0.1200,+0.0,+0.0000,NONE,STOPPED
="2026-08-10 09:40:29",64917,1456365,752822,703542,100000,-0.1184,0.1200,+0.0,+0.0000,NONE,STOPPED
="2026-08-10 09:40:30",64910,1456365,752822,703542,100000,-0.1170,0.1200,+0.0,+0.0000,NONE,STOPPED
="2026-08-10 09:40:31",64910,1456365,752822,703542,100000,-0.1170,0.1200,+0.0,+0.0000,NONE,STOPPED
="2026-08-10 09:40:32",64910,1417577,752822,664754,100000,-0.1170,0.1200,+0.0,+0.0000,NONE,STOPPED
="2026-08-10 09:40:33",64910,1428334,752822,675512,100000,-0.1126,0.1200,+0.0,+0.0000,NONE,STOPPED
="2026-08-10 09:40:34",64917,1428334,752822,675512,100000,-0.1112,0.1200,+0.0,+0.0000,NONE,STOPPED
="2026-08-10 09:40:35",64917,1428334,752822,675512,100000,-0.1112,0.1200,+0.0,+0.0000,NONE,STOPPED
="2026-08-10 09:40:36",64917,1444945,769433,675512,100000,-0.1112,0.1200,+0.0,+0.0000,NONE,STOPPED
="2026-08-10 09:40:37",64917,1429752,754240,675512,100000,-0.1195,0.1200,+0.0,+0.0000,NONE,STOPPED
="2026-08-10 09:40:38",64917,1429752,754240,675512,100000,-0.1195,0.1200,+0.0,+0.0000,NONE,STOPPED
="2026-08-10 09:40:39",64917,1429752,754240,675512,100000,-0.1195,0.1200,+0.0,+0.0000,NONE,STOPPED
="2026-08-10 09:40:40",64917,1429752,754240,675512,100000,-0.1246,0.1200,+0.0,+0.0000,SHORT,STOPPED
="2026-08-10 09:40:41",64917,1429752,754240,675512,100000,-0.1246,0.1200,+0.0,+0.0000,SHORT,STOPPED
="2026-08-10 09:40:42",64917,1429752,754240,675512,100000,-0.1255,0.1200,+0.0,+0.0000,SHORT,STOPPED
="2026-08-10 09:40:43",64917,1429752,754240,675512,100000,-0.1255,0.1200,+0.0,+0.0000,SHORT,STOPPED
="2026-08-10 09:40:44",64917,1429752,754240,675512,100000,-0.1215,0.1200,+0.0,+0.0000,SHORT,STOPPED
="2026-08-10 09:40:45",64917,1429752,754240,675512,100000,-0.1215,0.1200,+0.0,+0.0000,SHORT,STOPPED
="2026-08-10 09:40:46",64917,1429752,754240,675512,100000,-0.1214,0.1200,+0.0,+0.0000,SHORT,STOPPED
="2026-08-10 09:40:47",64917,1429752,754240,675512,100000,-0.1216,0.1200,+0.0,+0.0000,SHORT,STOPPED
="2026-08-10 09:40:48",64917,1429752,754240,675512,100000,-0.1216,0.1200,+0.0,+0.0000,SHORT,STOPPED
="2026-08-10 09:40:49",64917,1429752,754240,675512,100000,-0.1209,0.1200,+0.0,+0.0000,SHORT,STOPPED
="2026-08-10 09:40:50",64917,1429752,754240,675512,100000,-0.1209,0.1200,+0.0,+0.0000,SHORT,STOPPED
="2026-08-10 09:40:51",64917,1429752,754240,675512,100000,-0.1209,0.1200,+0.0,+0.0000,SHORT,STOPPED
="2026-08-10 09:40:52",64917,1429752,754240,675512,100000,-0.1246,0.1200,+0.0,+0.0000,SHORT,STOPPED
="2026-08-10 09:40:54",64917,1429752,754240,675512,100000,-0.1229,0.1200,+0.0,+0.0000,SHORT,STOPPED
="2026-08-10 09:40:55",64917,1368661,693149,675512,100000,-0.1228,0.1200,+0.0,+0.0000,SHORT,STOPPED
="2026-08-10 09:40:56",64917,1368661,693149,675512,100000,-0.1228,0.1200,+0.0,+0.0000,SHORT,STOPPED
="2026-08-10 09:40:57",64917,1323164,647652,675512,100000,-0.1258,0.1200,+0.0,+0.0000,LONG,STOPPED
="2026-08-10 09:40:58",64912,1323164,647652,675512,100000,-0.1258,0.1200,+0.0,+0.0000,LONG,STOPPED
="2026-08-10 09:40:59",64912,1233177,557665,675512,100000,-0.1259,0.1200,+0.0,+0.0000,LONG,STOPPED
="2026-08-10 09:41:00",64912,1173698,498186,675512,100000,-0.1134,0.1200,+0.0,+0.0000,NONE,STOPPED
="2026-08-10 09:41:01",64902,1188914,513402,675512,100000,-0.1134,0.1200,+0.0,+0.0000,NONE,STOPPED
="2026-08-10 09:41:02",64898,1188914,513402,675512,100000,-0.1130,0.1200,+0.0,+0.0000,NONE,STOPPED
="2026-08-10 09:41:03",64896,1172110,513402,658708,100000,-0.1130,0.1200,+0.0,+0.0000,NONE,STOPPED
="2026-08-10 09:41:04",64896,1172110,513402,658708,100000,-0.1149,0.1200,+0.0,+0.0000,NONE,STOPPED
="2026-08-10 09:41:05",64896,1172110,513402,658708,100000,-0.1149,0.1200,+0.0,+0.0000,NONE,STOPPED
="2026-08-10 09:41:06",64896,1135375,476667,658708,100000,-0.1138,0.1200,+0.0,+0.0000,NONE,STOPPED
="2026-08-10 09:41:07",64896,1135375,476667,658708,100000,-0.1143,0.1200,+0.0,+0.0000,NONE,STOPPED
="2026-08-10 09:41:08",64896,551288,466647,84640,100000,-0.1143,0.1200,+0.0,+0.0000,NONE,STOPPED
="2026-08-10 09:41:09",64896,347298,262657,84640,100000,-0.1060,0.1200,+0.0,+0.0000,NONE,STOPPED
="2026-08-10 09:41:10",64893,357380,262657,94723,100000,-0.1060,0.1200,+0.0,+0.0000,NONE,STOPPED
="2026-08-10 09:41:11",64892,357380,262657,94723,100000,-0.1059,0.1200,+0.0,+0.0000,NONE,STOPPED
="2026-08-10 09:41:12",64892,357380,262657,94723,100000,-0.0551,0.1200,+0.0,+0.0000,NONE,STOPPED
="2026-08-10 09:41:13",64892,357380,262657,94723,100000,-0.0551,0.1200,+0.0,+0.0000,NONE,STOPPED
="2026-08-10 09:41:14",64909,601308,262657,338651,100000,-0.0594,0.1200,+0.0,+0.0000,NONE,STOPPED
="2026-08-10 09:41:15",64912,601308,262657,338651,100000,-0.0603,0.1200,+0.0,+0.0000,NONE,STOPPED
="2026-08-10 09:41:16",64912,601308,262657,338651,100000,-0.0603,0.1200,+0.0,+0.0000,NONE,STOPPED
="2026-08-10 09:41:17",64912,601308,262657,338651,100000,-0.0603,0.1200,+0.0,+0.0000,NONE,STOPPED
="2026-08-10 09:41:18",64913,527425,262657,264768,100000,-0.0538,0.1200,+0.0,+0.0000,NONE,STOPPED
="2026-08-10 09:41:19",64913,527425,262657,264768,100000,-0.0538,0.1200,+0.0,+0.0000,NONE,STOPPED
="2026-08-10 09:41:20",64913,490257,225489,264768,100000,-0.0561,0.1200,+0.0,+0.0000,NONE,STOPPED
="2026-08-10 09:41:21",64919,490257,225489,264768,100000,-0.0561,0.1200,+0.0,+0.0000,NONE,STOPPED
="2026-08-10 09:41:22",64920,490257,225489,264768,100000,-0.0561,0.1200,+0.0,+0.0000,NONE,STOPPED
="2026-08-10 09:41:23",64919,435343,170574,264768,100000,-0.0544,0.1200,+0.0,+0.0000,NONE,STOPPED
="2026-08-10 09:41:24",64919,435343,170574,264768,100000,-0.0544,0.1200,+0.0,+0.0000,NONE,STOPPED
="2026-08-10 09:41:25",64919,435343,170574,264768,100000,-0.0194,0.1200,+0.0,+0.0000,NONE,STOPPED
="2026-08-10 09:41:26",64921,435343,170574,264768,100000,-0.0194,0.1200,+0.0,+0.0000,NONE,STOPPED
="2026-08-10 09:41:27",64923,435343,170574,264768,100000,-0.0175,0.1200,+0.0,+0.0000,NONE,STOPPED
="2026-08-10 09:41:28",64924,370916,106148,264768,100000,-0.0175,0.1200,+0.0,+0.0000,NONE,STOPPED
="2026-08-10 09:41:29",64924,296594,31826,264768,100000,-0.0183,0.1200,+0.0,+0.0000,NONE,STOPPED
="2026-08-10 09:41:30",64924,296594,31826,264768,100000,-0.0197,0.1200,+0.0,+0.0000,NONE,STOPPED
="2026-08-10 09:41:31",64924,296594,31826,264768,100000,-0.0197,0.1200,+0.0,+0.0000,NONE,STOPPED
="2026-08-10 09:41:32",64923,296594,31826,264768,100000,-0.0197,0.1200,+0.0,+0.0000,NONE,STOPPED
="2026-08-10 09:41:33",64924,296594,31826,264768,100000,-0.0197,0.1200,+0.0,+0.0000,NONE,STOPPED
="2026-08-10 09:41:34",64924,285837,31826,254010,100000,-0.0240,0.1200,+0.0,+0.0000,NONE,STOPPED
="2026-08-10 09:41:35",64924,285837,31826,254010,100000,-0.0231,0.1200,+0.0,+0.0000,NONE,STOPPED
="2026-08-10 09:41:36",64924,269226,15215,254010,100000,-0.0231,0.1200,+0.0,+0.0000,NONE,STOPPED
="2026-08-10 09:41:37",64924,269226,15215,254010,100000,-0.0160,0.1200,+0.0,+0.0000,NONE,STOPPED
="2026-08-10 09:41:38",64923,269226,15215,254010,100000,-0.0161,0.1200,+0.0,+0.0000,NONE,STOPPED
="2026-08-10 09:41:39",64923,269226,15215,254010,100000,-0.0161,0.1200,+0.0,+0.0000,NONE,STOPPED
="2026-08-10 09:41:40",64923,269226,15215,254010,100000,-0.0110,0.1200,+0.0,+0.0000,NONE,STOPPED
="2026-08-10 09:41:41",64923,269226,15215,254010,100000,-0.0113,0.1200,+0.0,+0.0000,NONE,STOPPED
="2026-08-10 09:41:42",64923,269226,15215,254010,100000,-0.0103,0.1200,+0.0,+0.0000,NONE,STOPPED
="2026-08-10 09:41:43",64924,269226,15215,254010,100000,-0.0103,0.1200,+0.0,+0.0000,NONE,STOPPED
="2026-08-10 09:41:44",64923,269226,15215,254010,100000,-0.0103,0.1200,+0.0,+0.0000,NONE,STOPPED
="2026-08-10 09:41:45",64923,269226,15215,254010,100000,-0.0104,0.1200,+0.0,+0.0000,NONE,STOPPED
="2026-08-10 09:41:46",64923,269226,15215,254010,100000,-0.0104,0.1200,+0.0,+0.0000,NONE,STOPPED
="2026-08-10 09:41:47",64923,269226,15215,254010,100000,-0.0106,0.1200,+0.0,+0.0000,NONE,STOPPED
="2026-08-10 09:41:48",64923,269226,15215,254010,100000,-0.0106,0.1200,+0.0,+0.0000,NONE,STOPPED
="2026-08-10 09:41:49",64924,334150,80139,254010,100000,-0.0111,0.1200,+0.0,+0.0000,NONE,STOPPED
="2026-08-10 09:41:50",64923,345277,91267,254010,100000,-0.0111,0.1200,+0.0,+0.0000,NONE,STOPPED
="2026-08-10 09:41:51",64927,356376,91267,265109,100000,-0.0111,0.1200,+0.0,+0.0000,NONE,STOPPED
="2026-08-10 09:41:52",64928,356376,91267,265109,100000,-0.0073,0.1200,+0.0,+0.0000,NONE,STOPPED
="2026-08-10 09:41:53",64927,356376,91267,265109,100000,-0.0089,0.1200,+0.0,+0.0000,NONE,STOPPED
="2026-08-10 09:41:54",64934,356376,91267,265109,100000,-0.0089,0.1200,+0.0,+0.0000,NONE,STOPPED
="2026-08-10 09:41:55",64931,509846,244737,265109,100000,-0.0091,0.1200,+0.0,+0.0000,NONE,STOPPED
="2026-08-10 09:41:56",64926,509846,244737,265109,100000,-0.0091,0.1200,+0.0,+0.0000,NONE,STOPPED
="2026-08-10 09:41:57",64926,509846,244737,265109,100000,-0.0091,0.1200,+0.0,+0.0000,NONE,STOPPED
="2026-08-10 09:41:58",64926,509846,244737,265109,100000,-0.0090,0.1200,+0.0,+0.0000,NONE,STOPPED
="2026-08-10 09:41:59",64926,509846,244737,265109,100000,-0.0027,0.1200,+0.0,+0.0000,NONE,STOPPED
="2026-08-10 09:42:00",64926,509846,244737,265109,100000,-0.0027,0.1200,+0.0,+0.0000,NONE,STOPPED
="2026-08-10 09:42:01",64924,494630,229521,265109,100000,-0.0031,0.1200,+0.0,+0.0000,NONE,STOPPED
="2026-08-10 09:42:02",64924,494630,229521,265109,100000,-0.0035,0.1200,+0.0,+0.0000,NONE,STOPPED
="2026-08-10 09:42:03",64922,494630,229521,265109,100000,-0.0035,0.1200,+0.0,+0.0000,NONE,STOPPED
="2026-08-10 09:42:04",64917,494630,229521,265109,100000,-0.0016,0.1200,+0.0,+0.0000,NONE,STOPPED
="2026-08-10 09:42:05",64912,506212,241103,265109,100000,-0.0018,0.1200,+0.0,+0.0000,NONE,STOPPED
="2026-08-10 09:42:06",64911,506212,241103,265109,100000,-0.0018,0.1200,+0.0,+0.0000,NONE,STOPPED
="2026-08-10 09:42:07",64910,506212,241103,265109,100000,-0.0013,0.1200,+0.0,+0.0000,NONE,STOPPED
="2026-08-10 09:42:08",64910,506212,241103,265109,100000,-0.0014,0.1200,+0.0,+0.0000,NONE,STOPPED
="2026-08-10 09:42:09",64910,496130,241103,255027,100000,-0.0014,0.1200,+0.0,+0.0000,NONE,STOPPED
="2026-08-10 09:42:10",64910,496130,241103,255027,100000,-0.0015,0.1200,+0.0,+0.0000,NONE,STOPPED
="2026-08-10 09:42:11",64910,496130,241103,255027,100000,-0.0016,0.1200,+0.0,+0.0000,NONE,STOPPED
="2026-08-10 09:42:12",64910,496130,241103,255027,100000,-0.0016,0.1200,+0.0,+0.0000,NONE,STOPPED
="2026-08-10 09:42:13",64910,252201,241103,11098,100000,+0.0027,0.1200,+0.0,+0.0000,NONE,STOPPED
="2026-08-10 09:42:14",64910,252201,241103,11098,100000,+0.0023,0.1200,+0.0,+0.0000,NONE,STOPPED
="2026-08-10 09:42:15",64910,252201,241103,11098,100000,+0.0023,0.1200,+0.0,+0.0000,NONE,STOPPED
="2026-08-10 09:42:16",64910,252201,241103,11098,100000,+0.0023,0.1200,+0.0,+0.0000,NONE,STOPPED
="2026-08-10 09:43:16",64888,570700,570700,0,100000,+0.0008,0.1200,+0.0,+0.0000,NONE,STOPPED
="2026-08-10 09:44:17",64844,820827,687462,133364,100000,-0.0080,0.1200,+0.0,+0.0000,NONE,STOPPED
="2026-08-10 09:45:17",64851,336326,161640,174686,100000,-0.0285,0.1200,+0.0,+0.0000,NONE,STOPPED
="2026-08-10 09:46:17",64863,136606,88547,48059,100000,+0.0236,0.1200,+0.0,+0.0000,NONE,STOPPED
="2026-08-10 09:47:17",64872,561639,213380,348259,100000,-0.0011,0.1200,+0.0,+0.0000,NONE,STOPPED
="2026-08-10 09:48:17",64925,90423,0,90423,100000,-0.0205,0.1200,+0.0,+0.0000,NONE,STOPPED
="2026-08-10 09:49:17",64924,61886,33664,28221,100000,-0.0039,0.1200,+0.0,+0.0000,NONE,STOPPED
="2026-08-10 09:50:17",64943,67333,0,67333,100000,-0.0335,0.1200,+0.0,+0.0000,NONE,STOPPED
="2026-08-10 09:51:17",65005,652659,355846,296812,100000,-0.0205,0.1200,+0.0,+0.0000,NONE,STOPPED
="2026-08-10 09:51:30",65033,410619,129955,280663,100000,-0.0612,0.1200,+0.0,+0.0000,NONE,STOPPED
="2026-08-10 09:51:31",65033,410619,129955,280663,100000,-0.0612,0.1200,+0.0,+0.0000,NONE,STOPPED
="2026-08-10 09:51:32",65033,387573,129955,257617,100000,-0.0617,0.1200,+0.0,+0.0000,NONE,STOPPED
="2026-08-10 09:51:33",65033,387573,129955,257617,100000,-0.0617,0.1200,+0.0,+0.0000,NONE,STOPPED
="2026-08-10 09:51:34",65033,387573,129955,257617,100000,-0.0653,0.1200,+0.0,+0.0000,NONE,STOPPED
="2026-08-10 09:51:35",65033,387573,129955,257617,100000,-0.0567,0.1200,+0.0,+0.0000,NONE,STOPPED
="2026-08-10 09:51:36",65033,387573,129955,257617,100000,-0.0573,0.1200,+0.0,+0.0000,NONE,STOPPED
="2026-08-10 09:51:37",65033,387573,129955,257617,100000,-0.0573,0.1200,+0.0,+0.0000,NONE,STOPPED
="2026-08-10 09:51:38",65033,387573,129955,257617,100000,-0.0573,0.1200,+0.0,+0.0000,NONE,STOPPED
="2026-08-10 09:51:39",65033,387573,129955,257617,100000,-0.0573,0.1200,+0.0,+0.0000,NONE,STOPPED
="2026-08-10 09:51:40",65033,387573,129955,257617,100000,-0.0573,0.1200,+0.0,+0.0000,NONE,STOPPED
="2026-08-10 09:51:41",65033,387573,129955,257617,100000,-0.0543,0.1200,+0.0,+0.0000,NONE,STOPPED
="2026-08-10 09:51:42",65033,387573,129955,257617,100000,-0.0543,0.1200,+0.0,+0.0000,NONE,STOPPED
="2026-08-10 09:51:43",65033,387573,129955,257617,100000,-0.0539,0.1200,+0.0,+0.0000,NONE,STOPPED
="2026-08-10 09:51:44",65033,387573,129955,257617,100000,-0.0538,0.1200,+0.0,+0.0000,NONE,STOPPED
="2026-08-10 09:51:45",65033,387573,129955,257617,100000,-0.0538,0.1200,+0.0,+0.0000,NONE,STOPPED
="2026-08-10 09:51:46",65033,387573,129955,257617,100000,-0.0538,0.1200,+0.0,+0.0000,NONE,STOPPED
="2026-08-10 09:51:47",65033,387573,129955,257617,100000,-0.0538,0.1200,+0.0,+0.0000,NONE,STOPPED
="2026-08-10 09:51:48",65033,387573,129955,257617,100000,-0.0533,0.1200,+0.0,+0.0000,NONE,STOPPED
="2026-08-10 09:51:49",65033,387573,129955,257617,100000,-0.0533,0.1200,+0.0,+0.0000,NONE,STOPPED
="2026-08-10 09:51:50",65033,387573,129955,257617,100000,-0.0533,0.1200,+0.0,+0.0000,NONE,STOPPED
="2026-08-10 09:51:51",65033,317649,60031,257617,100000,-0.0535,0.1200,+0.0,+0.0000,NONE,STOPPED
="2026-08-10 09:51:52",65040,257617,0,257617,100000,-0.0535,0.1200,+0.0,+0.0000,NONE,STOPPED
="2026-08-10 09:51:53",65040,257617,0,257617,100000,-0.0535,0.1200,+0.0,+0.0000,NONE,STOPPED
="2026-08-10 09:51:54",65040,257617,0,257617,100000,-0.0535,0.1200,+0.0,+0.0000,NONE,STOPPED
="2026-08-10 09:51:55",65040,257617,0,257617,100000,-0.0535,0.1200,+0.0,+0.0000,NONE,STOPPED
="2026-08-10 09:51:56",65040,257617,0,257617,100000,-0.0535,0.1200,+0.0,+0.0000,NONE,STOPPED
="2026-08-10 09:51:57",65033,296962,39344,257617,100000,-0.0539,0.1200,+0.0,+0.0000,NONE,STOPPED
="2026-08-10 09:51:58",65026,296962,39344,257617,100000,-0.0557,0.1200,+0.0,+0.0000,NONE,STOPPED
="2026-08-10 09:51:59",65026,296962,39344,257617,100000,-0.0555,0.1200,+0.0,+0.0000,NONE,STOPPED
="2026-08-10 09:52:00",65023,296962,39344,257617,100000,-0.0555,0.1200,+0.0,+0.0000,NONE,STOPPED
="2026-08-10 09:52:01",65020,256524,55204,201320,100000,-0.0548,0.1200,+0.0,+0.0000,NONE,STOPPED
="2026-08-10 09:52:02",65016,256524,55204,201320,100000,-0.0548,0.1200,+0.0,+0.0000,NONE,STOPPED
="2026-08-10 09:52:03",65016,221481,55204,166277,100000,-0.0549,0.1200,+0.0,+0.0000,NONE,STOPPED
="2026-08-10 09:52:04",65013,221481,55204,166277,100000,-0.0549,0.1200,+0.0,+0.0000,NONE,STOPPED
="2026-08-10 09:52:05",65013,156546,55204,101342,100000,-0.0549,0.1200,+0.0,+0.0000,NONE,STOPPED
="2026-08-10 09:52:06",65013,156546,55204,101342,100000,-0.0506,0.1200,+0.0,+0.0000,NONE,STOPPED
="2026-08-10 09:52:07",65013,156546,55204,101342,100000,-0.0506,0.1200,+0.0,+0.0000,NONE,STOPPED
="2026-08-10 09:52:08",65004,156546,55204,101342,100000,-0.0506,0.1200,+0.0,+0.0000,NONE,STOPPED
="2026-08-10 09:52:09",65002,156546,55204,101342,100000,-0.0510,0.1200,+0.0,+0.0000,NONE,STOPPED
="2026-08-10 09:52:10",65000,156546,55204,101342,100000,-0.0505,0.1200,+0.0,+0.0000,NONE,STOPPED
="2026-08-10 09:52:11",64998,156546,55204,101342,100000,-0.0426,0.1200,+0.0,+0.0000,NONE,STOPPED
="2026-08-10 09:52:12",64990,156546,55204,101342,100000,-0.0426,0.1200,+0.0,+0.0000,NONE,STOPPED
="2026-08-10 09:52:13",64990,156546,55204,101342,100000,-0.0391,0.1200,+0.0,+0.0000,NONE,STOPPED
="2026-08-10 09:52:14",64990,156546,55204,101342,100000,-0.0391,0.1200,+0.0,+0.0000,NONE,STOPPED
="2026-08-10 09:52:16",64990,156546,55204,101342,100000,-0.0391,0.1200,+0.0,+0.0000,NONE,STOPPED
="2026-08-10 09:52:17",64990,143946,55204,88742,100000,-0.0382,0.1200,+0.0,+0.0000,NONE,STOPPED
="2026-08-10 09:52:18",64990,143946,55204,88742,100000,-0.0382,0.1200,+0.0,+0.0000,NONE,STOPPED
="2026-08-10 09:52:19",64990,143946,55204,88742,100000,-0.0393,0.1200,+0.0,+0.0000,NONE,STOPPED
="2026-08-10 09:52:20",64990,129829,55204,74624,100000,-0.0413,0.1200,+0.0,+0.0000,NONE,STOPPED
="2026-08-10 09:52:21",64990,129829,55204,74624,100000,-0.0413,0.1200,+0.0,+0.0000,NONE,STOPPED
="2026-08-10 09:52:22",64990,90998,55204,35793,100000,-0.0354,0.1200,+0.0,+0.0000,NONE,STOPPED
="2026-08-10 09:52:23",64999,120765,55204,65560,100000,-0.0355,0.1200,+0.0,+0.0000,NONE,STOPPED
="2026-08-10 09:52:24",65000,84971,55204,29766,100000,-0.0355,0.1200,+0.0,+0.0000,NONE,STOPPED
="2026-08-10 09:52:25",64999,84971,55204,29766,100000,-0.0355,0.1200,+0.0,+0.0000,NONE,STOPPED
="2026-08-10 09:52:26",65000,84971,55204,29766,100000,-0.0355,0.1200,+0.0,+0.0000,NONE,STOPPED
="2026-08-10 09:52:27",65000,84971,55204,29766,100000,-0.0355,0.1200,+0.0,+0.0000,NONE,STOPPED
="2026-08-10 09:52:28",65000,84971,55204,29766,100000,-0.0062,0.1200,+0.0,+0.0000,NONE,STOPPED
="2026-08-10 09:52:29",65000,84971,55204,29766,100000,-0.0062,0.1200,+0.0,+0.0000,NONE,STOPPED
="2026-08-10 09:52:30",65000,84971,55204,29766,100000,-0.0062,0.1200,+0.0,+0.0000,NONE,STOPPED
="2026-08-10 09:52:31",64999,84971,55204,29766,100000,-0.0048,0.1200,+0.0,+0.0000,NONE,STOPPED
="2026-08-10 09:52:32",65000,84971,55204,29766,100000,-0.0048,0.1200,+0.0,+0.0000,NONE,STOPPED
="2026-08-10 09:52:33",65000,84971,55204,29766,100000,-0.0048,0.1200,+0.0,+0.0000,NONE,STOPPED
="2026-08-10 09:52:34",65000,84971,55204,29766,100000,-0.0012,0.1200,+0.0,+0.0000,NONE,STOPPED
="2026-08-10 09:52:35",65000,84971,55204,29766,100000,-0.0014,0.1200,+0.0,+0.0000,NONE,STOPPED
="2026-08-10 09:53:35",64999,125983,78384,47598,100000,+0.0062,0.1200,+0.0,+0.0000,NONE,STOPPED
="2026-08-10 09:54:35",65005,104002,49323,54678,100000,-0.0330,0.1200,+0.0,+0.0000,NONE,STOPPED
="2026-08-10 09:55:35",65026,63669,33256,30412,100000,+0.0011,0.1200,+0.0,+0.0000,NONE,STOPPED
="2026-08-10 09:56:35",64986,129879,129879,0,100000,+0.0031,0.1200,+0.0,+0.0000,NONE,STOPPED
="2026-08-10 09:57:35",64999,235080,0,235080,100000,+0.0012,0.1200,+0.0,+0.0000,NONE,STOPPED
="2026-08-10 09:58:35",64990,76301,48299,28001,100000,+0.0027,0.1200,+0.0,+0.0000,NONE,STOPPED
="2026-08-10 09:59:35",64956,122623,92523,30099,100000,-0.0027,0.1200,+0.0,+0.0000,NONE,STOPPED
="2026-08-10 10:00:35",64958,271343,145218,126124,100000,+0.0187,0.1200,+0.0,+0.0000,NONE,STOPPED
="2026-08-10 10:01:35",65006,70159,0,70159,100000,-0.0083,0.1200,+0.0,+0.0000,NONE,STOPPED
="2026-08-10 10:02:35",65006,60019,36773,23246,100000,-0.0170,0.1200,+0.0,+0.0000,NONE,STOPPED
="2026-08-10 10:03:35",65006,115616,102989,12626,100000,+0.0020,0.1200,+0.0,+0.0000,NONE,STOPPED
="2026-08-10 10:04:35",65003,94088,0,94088,100000,-0.0001,0.1200,+0.0,+0.0000,NONE,STOPPED
="2026-08-10 10:05:35",64966,243618,118845,124773,100000,+0.0055,0.1200,+0.0,+0.0000,NONE,STOPPED
="2026-08-10 10:06:35",64916,243350,190207,53142,100000,+0.0041,0.1200,+0.0,+0.0000,NONE,STOPPED
="2026-08-10 10:07:36",64940,126627,10191,116436,100000,-0.0017,0.1200,+0.0,+0.0000,NONE,STOPPED
="2026-08-10 10:08:36",64978,90830,0,90830,100000,-0.0072,0.1200,+0.0,+0.0000,NONE,STOPPED
="2026-08-10 10:09:36",64975,132826,63938,68887,100000,-0.0003,0.1200,+0.0,+0.0000,NONE,STOPPED
="2026-08-10 10:10:36",65023,136118,20599,115519,100000,-0.0070,0.1200,+0.0,+0.0000,NONE,STOPPED
="2026-08-10 10:11:36",64989,133775,122007,11767,100000,-0.0072,0.1200,+0.0,+0.0000,NONE,STOPPED
="2026-08-10 10:12:36",64996,177636,103839,73797,100000,-0.0020,0.1200,+0.0,+0.0000,NONE,STOPPED
="2026-08-10 10:13:36",65001,54885,33358,21527,100000,+0.0017,0.1200,+0.0,+0.0000,NONE,STOPPED
="2026-08-10 10:14:36",64992,158429,102357,56071,100000,-0.0043,0.1200,+0.0,+0.0000,NONE,STOPPED
="2026-08-10 10:15:36",65023,163327,53663,109664,100000,-0.0012,0.1200,+0.0,+0.0000,NONE,STOPPED
="2026-08-10 10:16:36",65022,183284,79803,103480,100000,-0.0033,0.1200,+0.0,+0.0000,NONE,STOPPED
="2026-08-10 10:17:36",65034,158804,37294,121509,100000,+0.0147,0.1200,+0.0,+0.0000,NONE,STOPPED
="2026-08-10 10:18:36",65035,73908,49359,24548,100000,-0.0002,0.1200,+0.0,+0.0000,NONE,STOPPED
="2026-08-10 10:19:36",65034,0,0,0,100000,+0.0013,0.1200,+0.0,+0.0000,NONE,STOPPED
="2026-08-10 10:20:36",65046,49170,0,49170,100000,+0.0003,0.1200,+0.0,+0.0000,NONE,STOPPED
="2026-08-10 10:21:36",65008,222620,172023,50597,100000,+0.0015,0.1200,+0.0,+0.0000,NONE,STOPPED
="2026-08-10 10:22:36",65012,295975,151276,144699,100000,+0.0041,0.1200,+0.0,+0.0000,NONE,STOPPED
="2026-08-10 10:23:36",65024,32861,0,32861,100000,-0.0088,0.1200,+0.0,+0.0000,NONE,STOPPED
="2026-08-10 10:24:36",65041,105638,26986,78652,100000,+0.0020,0.1200,+0.0,+0.0000,NONE,STOPPED
="2026-08-10 10:25:37",65042,0,0,0,100000,+0.0002,0.1200,+0.0,+0.0000,NONE,STOPPED
="2026-08-10 10:26:37",65065,79083,57703,21380,100000,+0.0011,0.1200,+0.0,+0.0000,NONE,STOPPED
="2026-08-10 10:27:37",65067,263923,84141,179781,100000,+0.0090,0.1200,+0.0,+0.0000,NONE,STOPPED
="2026-08-10 10:28:37",65042,44266,44266,0,100000,+0.0146,0.1200,+0.0,+0.0000,NONE,STOPPED
="2026-08-10 10:29:37",65016,18380,18380,0,100000,-0.0045,0.1200,+0.0,+0.0000,NONE,STOPPED
="2026-08-10 10:30:37",64998,119132,52672,66460,100000,+0.0022,0.1200,+0.0,+0.0000,NONE,STOPPED
="2026-08-10 10:31:37",64994,194412,81831,112580,100000,+0.0038,0.1200,+0.0,+0.0000,NONE,STOPPED
="2026-08-10 10:32:37",64988,249590,156286,93304,100000,-0.0081,0.1200,+0.0,+0.0000,NONE,STOPPED
="2026-08-10 10:33:37",64971,69742,69742,0,100000,+0.0025,0.1200,+0.0,+0.0000,NONE,STOPPED
="2026-08-10 10:34:37",64954,0,0,0,100000,-0.0065,0.1200,+0.0,+0.0000,NONE,STOPPED
="2026-08-10 10:35:37",64950,119707,41491,78215,100000,-0.0004,0.1200,+0.0,+0.0000,NONE,STOPPED
="2026-08-10 10:36:37",64950,207611,97742,109868,100000,-0.0017,0.1200,+0.0,+0.0000,NONE,STOPPED
="2026-08-10 10:37:37",64921,249278,249278,0,100000,+0.0128,0.1200,+0.0,+0.0000,NONE,STOPPED
="2026-08-10 10:38:37",64914,130130,90900,39230,100000,-0.0106,0.1200,+0.0,+0.0000,NONE,STOPPED
="2026-08-10 10:39:37",64946,684255,416214,268041,100000,-0.0154,0.1200,+0.0,+0.0000,NONE,STOPPED
="2026-08-10 10:40:37",64958,224261,55456,168804,100000,-0.0050,0.1200,+0.0,+0.0000,NONE,STOPPED
="2026-08-10 10:41:37",64968,65787,36492,29294,100000,+0.0017,0.1200,+0.0,+0.0000,NONE,STOPPED
="2026-08-10 10:42:37",64972,134284,98820,35464,200000,-0.0054,0.1200,+0.0,+0.0000,NONE,STOPPED
="2026-08-10 10:43:38",64954,27682,0,27682,200000,+0.0040,0.1200,+0.0,+0.0000,NONE,STOPPED
="2026-08-10 10:44:38",64962,96582,0,96582,200000,+0.0031,0.1200,+0.0,+0.0000,NONE,STOPPED
="2026-08-10 10:45:38",64973,31100,0,31100,200000,-0.0027,0.1200,+0.0,+0.0000,NONE,STOPPED
="2026-08-10 10:46:38",64989,39529,14220,25308,200000,+0.0009,0.1200,+0.0,+0.0000,NONE,STOPPED
="2026-08-10 10:47:38",65077,224365,124479,99885,200000,-0.0133,0.1200,+0.0,+0.0000,NONE,STOPPED
="2026-08-10 10:48:38",65091,78962,37226,41735,200000,+0.0069,0.1200,+0.0,+0.0000,NONE,STOPPED
="2026-08-10 10:49:36",65172,1851886,429056,1422829,200000,+0.0769,0.1200,+0.0,+0.0000,NONE,STOPPED
="2026-08-10 10:49:37",65172,1900836,429056,1471780,200000,+0.0769,0.1200,+0.0,+0.0000,NONE,STOPPED
="2026-08-10 10:49:38",65186,1900836,429056,1471780,200000,+0.0769,0.1200,+0.0,+0.0000,NONE,STOPPED
="2026-08-10 10:49:39",65186,1900836,429056,1471780,200000,+0.0772,0.1200,+0.0,+0.0000,NONE,STOPPED
="2026-08-10 10:49:41",65185,1900836,429056,1471780,200000,+0.0772,0.1200,+0.0,+0.0000,NONE,STOPPED
="2026-08-10 10:49:42",65186,1900836,429056,1471780,200000,+0.0770,0.1200,+0.0,+0.0000,NONE,STOPPED
="2026-08-10 10:49:43",65188,1900836,429056,1471780,200000,+0.0770,0.1200,+0.0,+0.0000,NONE,STOPPED
="2026-08-10 10:49:44",65190,1900836,429056,1471780,200000,+0.0772,0.1200,+0.0,+0.0000,NONE,STOPPED
="2026-08-10 10:49:45",65200,1949370,477590,1471780,200000,+0.0737,0.1200,+0.0,+0.0000,NONE,STOPPED
="2026-08-10 10:49:46",65218,2065886,519410,1546476,200000,+0.0737,0.1200,+0.0,+0.0000,NONE,STOPPED
="2026-08-10 10:49:47",65220,2065886,519410,1546476,200000,+0.0780,0.1200,+0.0,+0.0000,NONE,STOPPED
="2026-08-10 10:49:48",65219,2065886,519410,1546476,200000,+0.0780,0.1200,+0.0,+0.0000,NONE,STOPPED
="2026-08-10 10:49:49",65219,2065886,519410,1546476,200000,+0.0780,0.1200,+0.0,+0.0000,NONE,STOPPED
="2026-08-10 10:49:50",65220,2081267,519410,1561856,200000,+0.0994,0.1200,+0.0,+0.0000,NONE,STOPPED
="2026-08-10 10:49:51",65220,2081267,519410,1561856,200000,+0.1006,0.1200,+0.0,+0.0000,NONE,STOPPED
="2026-08-10 10:49:52",65218,2241189,679333,1561856,200000,+0.1006,0.1200,+0.0,+0.0000,NONE,STOPPED
="2026-08-10 10:49:53",65231,2324352,692379,1631973,200000,+0.1024,0.1200,+0.0,+0.0000,NONE,STOPPED
="2026-08-10 10:49:54",65232,2324352,692379,1631973,200000,+0.1020,0.1200,+0.0,+0.0000,NONE,STOPPED
="2026-08-10 10:49:55",65237,2324352,692379,1631973,200000,+0.1020,0.1200,+0.0,+0.0000,NONE,STOPPED
="2026-08-10 10:49:56",65261,2563249,692379,1870870,200000,+0.1417,0.1200,+0.0,+0.0000,LONG,STOPPED
="2026-08-10 10:49:57",65238,2179870,703897,1475972,200000,+0.1443,0.1200,+0.0,+0.0000,LONG,STOPPED
="2026-08-10 10:49:58",65247,2179870,703897,1475972,200000,+0.1443,0.1200,+0.0,+0.0000,LONG,STOPPED
="2026-08-10 10:49:59",65245,2179870,703897,1475972,200000,+0.1444,0.1200,+0.0,+0.0000,LONG,STOPPED
="2026-08-10 10:50:00",65245,2179870,703897,1475972,200000,+0.1444,0.1200,+0.0,+0.0000,LONG,STOPPED
="2026-08-10 10:50:01",65261,1755514,703897,1051616,200000,+0.1444,0.1200,+0.0,+0.0000,LONG,STOPPED
="2026-08-10 10:50:02",65261,1755514,703897,1051616,200000,+0.1691,0.1200,+0.0,+0.0000,LONG,STOPPED
="2026-08-10 10:50:03",65261,1767972,716355,1051616,200000,+0.1711,0.1200,+0.0,+0.0000,LONG,STOPPED
="2026-08-10 10:50:04",65276,1804119,716355,1087763,200000,+0.1711,0.1200,+0.0,+0.0000,LONG,STOPPED
="2026-08-10 10:50:05",65291,2068619,980855,1087763,200000,+0.1711,0.1200,+0.0,+0.0000,LONG,STOPPED
="2026-08-10 10:50:06",65285,2082710,994946,1087763,200000,+0.1636,0.1200,+0.0,+0.0000,LONG,STOPPED
="2026-08-10 10:50:07",65285,2082710,994946,1087763,200000,+0.1636,0.1200,+0.0,+0.0000,LONG,STOPPED
="2026-08-10 10:50:08",65284,1967303,879540,1087763,200000,+0.2068,0.1200,+0.0,+0.0000,LONG,STOPPED
="2026-08-10 10:50:09",65296,1991302,879540,1111762,200000,+0.2068,0.1200,+0.0,+0.0000,LONG,STOPPED
="2026-08-10 10:50:19",0,0,0,0,200000,+0.0000,0.1200,+0.0,+0.0000,NONE,RUNNING
="2026-08-10 10:50:29",65346,401643,286764,114878,200000,+0.0833,0.1200,+0.0,+0.0000,NONE,RUNNING
="2026-08-10 10:50:30",65346,439870,286764,153105,200000,+0.0833,0.1200,+0.0,+0.0000,NONE,RUNNING
="2026-08-10 10:50:31",65359,439870,286764,153105,200000,+0.0833,0.1200,+0.0,+0.0000,NONE,RUNNING
="2026-08-10 10:50:32",65367,439870,286764,153105,200000,+0.0833,0.1200,+0.0,+0.0000,NONE,RUNNING
="2026-08-10 10:50:33",65367,471341,318235,153105,200000,+0.1329,0.1200,+0.0,+0.0000,SHORT,RUNNING
="2026-08-10 10:50:34",65360,502205,349099,153105,200000,+0.1329,0.1200,+0.0,+0.0000,SHORT,RUNNING
="2026-08-10 10:50:35",65360,502205,349099,153105,200000,+0.1329,0.1200,+0.0,+0.0000,SHORT,RUNNING
="2026-08-10 10:50:36",65349,514427,361321,153105,200000,+0.1336,0.1200,+0.0,+0.0000,SHORT,RUNNING
="2026-08-10 10:50:37",65348,525624,372518,153105,200000,+0.1336,0.1200,+0.0,+0.0000,SHORT,RUNNING
="2026-08-10 10:50:38",65338,542024,388918,153105,200000,+0.1336,0.1200,+0.0,+0.0000,SHORT,RUNNING
="2026-08-10 10:50:39",65334,555265,388918,166346,200000,+0.1593,0.1200,+0.0,+0.0000,SHORT,RUNNING
="2026-08-10 10:50:40",65334,565347,399000,166346,200000,+0.1593,0.1200,+0.0,+0.0000,SHORT,RUNNING
="2026-08-10 10:50:41",65326,582730,416383,166346,200000,+0.1593,0.1200,+0.0,+0.0000,SHORT,RUNNING
="2026-08-10 10:50:42",65323,582730,416383,166346,200000,+0.1640,0.1200,+0.0,+0.0000,SHORT,RUNNING
="2026-08-10 10:50:43",65320,582730,416383,166346,200000,+0.1640,0.1200,+0.0,+0.0000,SHORT,RUNNING
="2026-08-10 10:50:44",65320,582730,416383,166346,200000,+0.1640,0.1200,+0.0,+0.0000,SHORT,RUNNING
="2026-08-10 10:50:45",65320,582730,416383,166346,200000,+0.1640,0.1200,+0.0,+0.0000,SHORT,RUNNING
="2026-08-10 10:50:46",65317,582730,416383,166346,200000,+0.1640,0.1200,+0.0,+0.0000,SHORT,RUNNING
="2026-08-10 10:50:48",65314,582730,416383,166346,200000,+0.1628,0.1200,+0.0,+0.0000,SHORT,RUNNING
="2026-08-10 10:50:49",65304,621152,454805,166346,200000,+0.1628,0.1200,+0.0,+0.0000,SHORT,RUNNING
="2026-08-10 10:50:50",65292,621152,454805,166346,200000,+0.1628,0.1200,+0.0,+0.0000,SHORT,RUNNING
="2026-08-10 10:50:51",65290,621152,454805,166346,200000,+0.1628,0.1200,+0.0,+0.0000,SHORT,RUNNING
="2026-08-10 10:50:52",65281,621152,454805,166346,200000,+0.1620,0.1200,+0.0,+0.0000,SHORT,RUNNING
="2026-08-10 10:50:53",65274,631175,464828,166346,200000,+0.1620,0.1200,+0.0,+0.0000,SHORT,RUNNING
="2026-08-10 10:50:54",65268,631175,464828,166346,200000,+0.1620,0.1200,+0.0,+0.0000,SHORT,RUNNING
="2026-08-10 10:50:55",65268,631175,464828,166346,200000,+0.1626,0.1200,+0.0,+0.0000,SHORT,RUNNING
="2026-08-10 10:50:56",65268,631175,464828,166346,200000,+0.1626,0.1200,+0.0,+0.0000,SHORT,RUNNING
="2026-08-10 10:50:57",65268,662511,496164,166346,200000,+0.1626,0.1200,+0.0,+0.0000,SHORT,RUNNING
="2026-08-10 10:50:58",65268,662511,496164,166346,200000,+0.1627,0.1200,+0.0,+0.0000,SHORT,RUNNING
="2026-08-10 10:50:59",65268,662511,496164,166346,200000,+0.1627,0.1200,+0.0,+0.0000,SHORT,RUNNING
="2026-08-10 10:51:00",65268,662511,496164,166346,200000,+0.1627,0.1200,+0.0,+0.0000,SHORT,RUNNING
="2026-08-10 10:51:01",65268,944373,496164,448209,200000,+0.1583,0.1200,+0.0,+0.0000,SHORT,RUNNING
="2026-08-10 10:51:02",65275,1101781,496164,605617,200000,+0.1583,0.1200,+0.0,+0.0000,LONG,RUNNING
="2026-08-10 10:51:03",65276,1101781,496164,605617,200000,+0.1583,0.1200,+0.0,+0.0000,LONG,RUNNING
="2026-08-10 10:51:04",65286,1101781,496164,605617,200000,+0.1558,0.1200,+0.0,+0.0000,LONG,RUNNING
="2026-08-10 10:51:05",65282,1133217,527600,605617,200000,+0.1558,0.1200,+0.0,+0.0000,LONG,RUNNING
="2026-08-10 10:51:06",65282,1133217,527600,605617,200000,+0.1558,0.1200,+0.0,+0.0000,LONG,RUNNING
="2026-08-10 10:51:07",65281,1133217,527600,605617,200000,+0.1558,0.1200,+0.0,+0.0000,LONG,RUNNING
="2026-08-10 10:51:08",65282,1133217,527600,605617,200000,+0.1558,0.1200,+0.0,+0.0000,LONG,RUNNING
="2026-08-10 10:51:09",65280,1133217,527600,605617,200000,+0.1558,0.1200,+0.0,+0.0000,LONG,RUNNING
="2026-08-10 10:51:10",65280,1133217,527600,605617,200000,+0.1624,0.1200,+0.0,+0.0000,LONG,RUNNING
="2026-08-10 10:51:11",65280,1133217,527600,605617,200000,+0.1624,0.1200,+0.0,+0.0000,LONG,RUNNING
="2026-08-10 10:51:12",65280,1133217,527600,605617,200000,+0.1624,0.1200,+0.0,+0.0000,LONG,RUNNING
="2026-08-10 10:51:13",65280,1133217,527600,605617,200000,+0.1624,0.1200,+0.0,+0.0000,LONG,RUNNING
="2026-08-10 10:51:14",65280,1193261,527600,665661,200000,+0.1624,0.1200,+0.0,+0.0000,LONG,RUNNING
="2026-08-10 10:51:15",65280,1193261,527600,665661,200000,+0.1624,0.1200,+0.0,+0.0000,LONG,RUNNING
="2026-08-10 10:51:16",65280,1193261,527600,665661,200000,+0.1627,0.1200,+0.0,+0.0000,LONG,RUNNING
="2026-08-10 10:51:17",65280,1210206,527600,682606,200000,+0.1627,0.1200,+0.0,+0.0000,LONG,RUNNING
="2026-08-10 10:51:18",65289,1210206,527600,682606,200000,+0.1627,0.1200,+0.0,+0.0000,LONG,RUNNING
="2026-08-10 10:51:19",65262,1232275,549669,682606,200000,+0.1615,0.1200,+0.0,+0.0000,LONG,RUNNING
="2026-08-10 10:51:20",65252,1077980,471224,606755,200000,+0.1272,0.1200,+0.0,+0.0000,LONG,RUNNING
="2026-08-10 10:51:21",65252,1075955,469200,606755,200000,+0.1272,0.1200,+0.0,+0.0000,LONG,RUNNING
="2026-08-10 10:51:22",65248,1066592,469200,597391,200000,+0.1272,0.1200,+0.0,+0.0000,LONG,RUNNING
="2026-08-10 10:51:23",65252,1050019,469200,580819,200000,+0.1081,0.1200,+0.0,+0.0000,NONE,RUNNING
="2026-08-10 10:51:24",65248,1206829,626010,580819,200000,+0.1081,0.1200,+0.0,+0.0000,NONE,RUNNING
="2026-08-10 10:51:25",65244,1206829,626010,580819,200000,+0.0934,0.1200,+0.0,+0.0000,NONE,RUNNING
="2026-08-10 10:51:26",65244,1206829,626010,580819,200000,+0.0934,0.1200,+0.0,+0.0000,NONE,RUNNING
="2026-08-10 10:51:27",65244,1014563,433743,580819,200000,+0.0934,0.1200,+0.0,+0.0000,NONE,RUNNING
="2026-08-10 10:51:28",65244,1049504,468685,580819,200000,+0.0911,0.1200,+0.0,+0.0000,NONE,RUNNING
="2026-08-10 10:51:29",65238,1049504,468685,580819,200000,+0.0911,0.1200,+0.0,+0.0000,NONE,RUNNING
="2026-08-10 10:51:30",65238,1049504,468685,580819,200000,+0.0612,0.1200,+0.0,+0.0000,NONE,RUNNING
="2026-08-10 10:51:31",65237,1167854,625262,542591,200000,+0.0573,0.1200,+0.0,+0.0000,NONE,RUNNING
="2026-08-10 10:51:32",65236,1190664,625262,565401,200000,+0.0573,0.1200,+0.0,+0.0000,NONE,RUNNING
="2026-08-10 10:51:33",65236,1190664,625262,565401,200000,+0.0077,0.1200,+0.0,+0.0000,NONE,RUNNING
="2026-08-10 10:51:34",65236,1143329,577927,565401,200000,+0.0077,0.1200,+0.0,+0.0000,NONE,RUNNING
="2026-08-10 10:51:35",65242,1128329,562927,565401,200000,+0.0028,0.1200,+0.0,+0.0000,NONE,RUNNING
="2026-08-10 10:51:36",65241,1128329,562927,565401,200000,+0.0021,0.1200,+0.0,+0.0000,NONE,RUNNING
="2026-08-10 10:51:37",65242,1316942,751540,565401,200000,+0.0021,0.1200,+0.0,+0.0000,NONE,RUNNING
="2026-08-10 10:51:38",65239,1300541,735140,565401,200000,+0.0017,0.1200,+0.0,+0.0000,NONE,RUNNING
="2026-08-10 10:51:39",65239,1287300,735140,552160,200000,-0.0240,0.1200,+0.0,+0.0000,NONE,RUNNING
="2026-08-10 10:51:40",65239,1331707,725058,606648,200000,-0.0240,0.1200,+0.0,+0.0000,NONE,RUNNING
="2026-08-10 10:51:41",65239,1331707,725058,606648,200000,-0.0136,0.1200,+0.0,+0.0000,NONE,RUNNING
="2026-08-10 10:51:42",65235,1314324,707675,606648,200000,-0.0182,0.1200,+0.0,+0.0000,NONE,RUNNING
="2026-08-10 10:51:43",65235,1314324,707675,606648,200000,-0.0182,0.1200,+0.0,+0.0000,NONE,RUNNING
="2026-08-10 10:51:44",65235,1314324,707675,606648,200000,-0.0182,0.1200,+0.0,+0.0000,NONE,RUNNING
="2026-08-10 10:51:45",65236,1337521,707675,629846,200000,-0.0182,0.1200,+0.0,+0.0000,NONE,RUNNING
="2026-08-10 10:51:46",65246,1337521,707675,629846,200000,-0.0182,0.1200,+0.0,+0.0000,NONE,RUNNING
="2026-08-10 10:51:47",65246,1337521,707675,629846,200000,-0.0143,0.1200,+0.0,+0.0000,NONE,RUNNING
="2026-08-10 10:51:48",65246,1588742,958896,629846,200000,-0.0131,0.1200,+0.0,+0.0000,NONE,RUNNING
="2026-08-10 10:51:49",65244,1588742,958896,629846,200000,-0.0164,0.1200,+0.0,+0.0000,NONE,RUNNING
="2026-08-10 10:51:50",65244,1588742,958896,629846,200000,-0.0164,0.1200,+0.0,+0.0000,NONE,RUNNING
="2026-08-10 10:51:51",65244,1588742,958896,629846,200000,-0.0156,0.1200,+0.0,+0.0000,NONE,RUNNING
="2026-08-10 10:51:52",65244,1578718,948872,629846,200000,-0.0156,0.1200,+0.0,+0.0000,NONE,RUNNING
="2026-08-10 10:51:53",65244,1578718,948872,629846,200000,-0.0157,0.1200,+0.0,+0.0000,NONE,RUNNING
="2026-08-10 10:51:54",65244,1578718,948872,629846,200000,-0.0164,0.1200,+0.0,+0.0000,NONE,RUNNING
="2026-08-10 10:51:55",65244,1578718,948872,629846,200000,-0.0199,0.1200,+0.0,+0.0000,NONE,RUNNING
="2026-08-10 10:51:56",65244,1801664,917537,884126,200000,-0.0199,0.1200,+0.0,+0.0000,NONE,RUNNING
="2026-08-10 10:51:57",65260,1801664,917537,884126,200000,-0.0199,0.1200,+0.0,+0.0000,NONE,RUNNING
="2026-08-10 10:51:58",65259,1812048,927921,884126,200000,-0.0200,0.1200,+0.0,+0.0000,NONE,RUNNING
="2026-08-10 10:51:59",65254,1838218,954091,884126,200000,-0.0200,0.1200,+0.0,+0.0000,NONE,RUNNING
="2026-08-10 10:52:00",65254,1556355,954091,602264,200000,-0.0155,0.1200,+0.0,+0.0000,NONE,RUNNING
="2026-08-10 10:52:01",65254,1419986,954091,465894,200000,-0.0158,0.1200,+0.0,+0.0000,NONE,RUNNING
="2026-08-10 10:52:02",65262,1419986,954091,465894,200000,-0.0158,0.1200,+0.0,+0.0000,NONE,RUNNING
="2026-08-10 10:52:03",65262,1419986,954091,465894,200000,-0.0134,0.1200,+0.0,+0.0000,NONE,RUNNING
="2026-08-10 10:52:04",65267,1419986,954091,465894,200000,-0.0134,0.1200,+0.0,+0.0000,NONE,RUNNING
="2026-08-10 10:52:05",65281,1388550,922655,465894,200000,-0.0136,0.1200,+0.0,+0.0000,NONE,RUNNING
="2026-08-10 10:52:06",65292,1388550,922655,465894,200000,-0.0136,0.1200,+0.0,+0.0000,NONE,RUNNING
="2026-08-10 10:52:07",65292,1388550,922655,465894,200000,-0.0136,0.1200,+0.0,+0.0000,NONE,RUNNING
="2026-08-10 10:52:08",65292,1464400,998505,465894,200000,-0.0136,0.1200,+0.0,+0.0000,NONE,RUNNING
="2026-08-10 10:52:09",65280,1464400,998505,465894,200000,-0.0202,0.1200,+0.0,+0.0000,NONE,RUNNING
="2026-08-10 10:52:10",65268,1464400,998505,465894,200000,-0.0202,0.1200,+0.0,+0.0000,NONE,RUNNING
="2026-08-10 10:52:11",65262,1512556,998505,514050,200000,-0.0216,0.1200,+0.0,+0.0000,NONE,RUNNING
="2026-08-10 10:52:12",65288,1512556,998505,514050,200000,-0.0216,0.1200,+0.0,+0.0000,NONE,RUNNING
="2026-08-10 10:52:13",65287,1452512,998505,454006,200000,-0.0216,0.1200,+0.0,+0.0000,NONE,RUNNING
="2026-08-10 10:52:14",65288,1452512,998505,454006,200000,-0.0214,0.1200,+0.0,+0.0000,NONE,RUNNING
="2026-08-10 10:52:15",65287,1488843,1034836,454006,200000,-0.0217,0.1200,+0.0,+0.0000,NONE,RUNNING
="2026-08-10 10:52:16",65280,1488843,1034836,454006,200000,-0.0217,0.1200,+0.0,+0.0000,NONE,RUNNING
="2026-08-10 10:52:17",65274,1471898,1034836,437061,200000,-0.0183,0.1200,+0.0,+0.0000,NONE,RUNNING
="2026-08-10 10:52:18",65274,1449829,1012767,437061,200000,-0.0183,0.1200,+0.0,+0.0000,NONE,RUNNING
="2026-08-10 10:52:19",65274,1449829,1012767,437061,200000,-0.0171,0.1200,+0.0,+0.0000,NONE,RUNNING
="2026-08-10 10:52:20",65274,1449829,1012767,437061,200000,-0.0155,0.1200,+0.0,+0.0000,NONE,RUNNING
="2026-08-10 10:52:21",65274,1435799,998737,437061,200000,-0.0155,0.1200,+0.0,+0.0000,NONE,RUNNING
="2026-08-10 10:52:22",65274,1422708,998737,423970,200000,-0.0155,0.1200,+0.0,+0.0000,NONE,RUNNING
="2026-08-10 10:52:23",65272,1265898,841928,423970,200000,-0.0144,0.1200,+0.0,+0.0000,NONE,RUNNING
="2026-08-10 10:52:25",65272,1265898,841928,423970,200000,-0.0144,0.1200,+0.0,+0.0000,NONE,RUNNING
="2026-08-10 10:52:26",65270,1265898,841928,423970,200000,+0.0003,0.1200,+0.0,+0.0000,NONE,RUNNING
="2026-08-10 10:52:27",65264,1265898,841928,423970,200000,-0.0017,0.1200,+0.0,+0.0000,NONE,RUNNING
="2026-08-10 10:52:28",65256,1265898,841928,423970,200000,-0.0017,0.1200,+0.0,+0.0000,NONE,RUNNING
="2026-08-10 10:52:29",65256,1230957,806986,423970,200000,+0.0006,0.1200,+0.0,+0.0000,NONE,RUNNING
="2026-08-10 10:52:30",65256,1230957,806986,423970,200000,+0.0006,0.1200,+0.0,+0.0000,NONE,RUNNING
="2026-08-10 10:52:31",65256,1074380,650409,423970,200000,+0.0006,0.1200,+0.0,+0.0000,NONE,RUNNING
="2026-08-10 10:53:31",65232,144228,86178,58049,200000,+0.0353,0.1200,+0.0,+0.0000,NONE,RUNNING
="2026-08-10 10:54:31",65206,81012,81012,0,200000,+0.0180,0.1200,+0.0,+0.0000,NONE,RUNNING
="2026-08-10 10:55:31",65204,423153,126363,296790,200000,+0.0079,0.1200,+0.0,+0.0000,NONE,RUNNING
="2026-08-10 10:56:31",65196,622820,200798,422021,200000,+0.0055,0.1200,+0.0,+0.0000,NONE,RUNNING
="2026-08-10 10:57:31",65188,319890,189213,130677,200000,+0.0049,0.1200,+0.0,+0.0000,NONE,RUNNING
="2026-08-10 10:58:31",65197,244924,204076,40847,200000,+0.0018,0.1200,+0.0,+0.0000,NONE,RUNNING
="2026-08-10 10:59:27",0,0,0,0,200000,+0.0000,0.1200,+0.0,+0.0000,NONE,RUNNING
="2026-08-10 11:00:27",65197,864430,261519,602910,200000,-0.0070,0.1200,+0.0,+0.0000,NONE,RUNNING
="2026-08-10 11:01:27",65140,476102,410978,65124,200000,-0.0025,0.1200,+0.0,+0.0000,NONE,RUNNING
="2026-08-10 11:02:28",65135,770082,424597,345484,200000,+0.0147,0.1200,+0.0,+0.0000,NONE,RUNNING
="2026-08-10 11:03:28",65124,490499,393899,96599,200000,-0.0044,0.1200,+0.0,+0.0000,NONE,RUNNING
="2026-08-10 11:04:28",65109,824921,442316,382605,200000,-0.0020,0.1200,+0.0,+0.0000,NONE,RUNNING
="2026-08-10 11:05:28",65127,185648,173251,12396,200000,+0.0068,0.1200,+0.0,+0.0000,NONE,RUNNING
="2026-08-10 11:06:28",65136,340697,191208,149488,200000,+0.0032,0.1200,+0.0,+0.0000,NONE,RUNNING
="2026-08-10 11:07:28",65094,426718,405036,21682,200000,+0.0007,0.1200,+0.0,+0.0000,NONE,RUNNING
="2026-08-10 11:08:28",65100,264720,186045,78675,200000,+0.0046,0.1200,+0.0,+0.0000,NONE,RUNNING
="2026-08-10 11:09:28",65100,224795,98235,126560,200000,+0.0040,0.1200,+0.0,+0.0000,NONE,RUNNING
="2026-08-10 11:10:28",65114,863259,146789,716470,200000,-0.0011,0.1200,+0.0,+0.0000,NONE,RUNNING
="2026-08-10 11:11:28",65121,602742,187603,415139,200000,-0.0051,0.1200,+0.0,+0.0000,NONE,RUNNING
="2026-08-10 11:11:44",0,0,0,0,200000,+0.0000,0.1200,+0.0,+0.0000,NONE,RUNNING
="2026-08-10 11:12:44",65127,197734,46063,151670,200000,+0.0036,0.1200,+0.0,+0.0000,NONE,RUNNING
="2026-08-10 11:13:44",65113,130431,130431,0,200000,+0.0034,0.1200,+0.0,+0.0000,NONE,RUNNING
="2026-08-10 11:14:44",65103,322932,257252,65679,200000,-0.0033,0.1200,+0.0,+0.0000,NONE,RUNNING
="2026-08-10 11:15:12",0,0,0,0,200000,+0.0000,0.1200,+0.0,+0.0000,NONE,RUNNING
="2026-08-10 11:16:12",65050,107954,95254,12699,200000,-0.0040,0.1200,+0.0,+0.0000,NONE,RUNNING
="2026-08-10 11:17:12",65050,144534,52915,91619,200000,-0.0003,0.1200,+0.0,+0.0000,NONE,RUNNING
="2026-08-10 11:18:12",64942,784673,576488,208184,200000,-0.0160,0.1200,+0.0,+0.0000,NONE,RUNNING
="2026-08-10 11:18:28",0,0,0,0,200000,+0.0000,0.1200,+0.0,+0.0000,NONE,RUNNING
="2026-08-10 11:19:18",64955,256006,129461,126545,200000,-0.0693,0.1200,+0.0,+0.0000,NONE,RUNNING
="2026-08-10 11:19:19",64950,256006,129461,126545,200000,-0.0693,0.1200,+0.0,+0.0000,NONE,RUNNING
="2026-08-10 11:19:20",64950,256006,129461,126545,200000,-0.0693,0.1200,+0.0,+0.0000,NONE,RUNNING
="2026-08-10 11:19:21",64950,256006,129461,126545,200000,-0.0692,0.1200,+0.0,+0.0000,NONE,RUNNING
="2026-08-10 11:19:22",64950,256006,129461,126545,200000,-0.0692,0.1200,+0.0,+0.0000,NONE,RUNNING
="2026-08-10 11:19:23",64950,256006,129461,126545,200000,-0.0692,0.1200,+0.0,+0.0000,NONE,RUNNING
="2026-08-10 11:19:24",64950,256006,129461,126545,200000,-0.0692,0.1200,+0.0,+0.0000,NONE,RUNNING
="2026-08-10 11:19:25",64948,256006,129461,126545,200000,-0.0692,0.1200,+0.0,+0.0000,NONE,RUNNING
="2026-08-10 11:19:26",64942,256006,129461,126545,200000,-0.0692,0.1200,+0.0,+0.0000,NONE,RUNNING
="2026-08-10 11:19:27",64938,256006,129461,126545,200000,-0.0692,0.1200,+0.0,+0.0000,NONE,RUNNING
="2026-08-10 11:19:28",64938,256006,129461,126545,200000,-0.0724,0.1200,+0.0,+0.0000,NONE,RUNNING
="2026-08-10 11:19:29",64938,256006,129461,126545,200000,-0.0585,0.1200,+0.0,+0.0000,NONE,RUNNING
="2026-08-10 11:19:30",64938,256006,129461,126545,200000,-0.0585,0.1200,+0.0,+0.0000,NONE,RUNNING
="2026-08-10 11:19:31",64938,256006,129461,126545,200000,-0.0582,0.1200,+0.0,+0.0000,NONE,RUNNING
="2026-08-10 11:19:32",64938,256006,129461,126545,200000,-0.0582,0.1200,+0.0,+0.0000,NONE,RUNNING
="2026-08-10 11:19:33",64938,240650,129461,111188,200000,-0.0582,0.1200,+0.0,+0.0000,NONE,RUNNING
="2026-08-10 11:19:34",64938,240650,129461,111188,200000,-0.0613,0.1200,+0.0,+0.0000,NONE,RUNNING
="2026-08-10 11:19:35",64938,229531,129461,100069,200000,-0.0613,0.1200,+0.0,+0.0000,NONE,RUNNING
="2026-08-10 11:19:36",64938,229531,129461,100069,200000,-0.0568,0.1200,+0.0,+0.0000,NONE,RUNNING
="2026-08-10 11:19:37",64938,229531,129461,100069,200000,-0.0613,0.1200,+0.0,+0.0000,NONE,RUNNING
="2026-08-10 11:19:38",64936,229531,129461,100069,200000,-0.0613,0.1200,+0.0,+0.0000,NONE,RUNNING
="2026-08-10 11:19:39",64936,229531,129461,100069,200000,-0.0613,0.1200,+0.0,+0.0000,NONE,RUNNING
="2026-08-10 11:19:40",64936,229531,129461,100069,200000,-0.0605,0.1200,+0.0,+0.0000,NONE,RUNNING
="2026-08-10 11:19:41",64936,229531,129461,100069,200000,-0.0605,0.1200,+0.0,+0.0000,NONE,RUNNING
="2026-08-10 11:19:42",64936,229531,129461,100069,200000,-0.0567,0.1200,+0.0,+0.0000,NONE,RUNNING
="2026-08-10 11:19:43",64936,142978,42908,100069,200000,-0.0580,0.1200,+0.0,+0.0000,NONE,RUNNING
="2026-08-10 11:19:44",64936,142978,42908,100069,200000,-0.0579,0.1200,+0.0,+0.0000,NONE,RUNNING
="2026-08-10 11:19:45",64936,142978,42908,100069,200000,-0.0579,0.1200,+0.0,+0.0000,NONE,RUNNING
="2026-08-10 11:19:46",64936,106109,42908,63201,200000,-0.0579,0.1200,+0.0,+0.0000,NONE,RUNNING
="2026-08-10 11:19:47",64936,106109,42908,63201,200000,-0.0579,0.1200,+0.0,+0.0000,NONE,RUNNING
="2026-08-10 11:19:48",64936,129370,66169,63201,200000,-0.0402,0.1200,+0.0,+0.0000,NONE,RUNNING
="2026-08-10 11:19:49",64932,116090,66169,49921,200000,-0.0409,0.1200,+0.0,+0.0000,NONE,RUNNING
="2026-08-10 11:19:50",64932,91192,66169,25023,200000,-0.0409,0.1200,+0.0,+0.0000,NONE,RUNNING
="2026-08-10 11:19:51",64932,91192,66169,25023,200000,-0.0450,0.1200,+0.0,+0.0000,NONE,RUNNING
="2026-08-10 11:19:52",64932,91192,66169,25023,200000,-0.0523,0.1200,+0.0,+0.0000,NONE,RUNNING
="2026-08-10 11:19:53",64932,91192,66169,25023,200000,-0.0450,0.1200,+0.0,+0.0000,NONE,RUNNING
="2026-08-10 11:19:54",64932,91192,66169,25023,200000,-0.0450,0.1200,+0.0,+0.0000,NONE,RUNNING
="2026-08-10 11:19:55",64932,91192,66169,25023,200000,-0.0583,0.1200,+0.0,+0.0000,NONE,RUNNING
="2026-08-10 11:19:56",64932,91192,66169,25023,200000,-0.0583,0.1200,+0.0,+0.0000,NONE,RUNNING
="2026-08-10 11:19:57",64932,91192,66169,25023,200000,-0.0573,0.1200,+0.0,+0.0000,NONE,RUNNING
="2026-08-10 11:19:58",64932,91192,66169,25023,200000,-0.0547,0.1200,+0.0,+0.0000,NONE,RUNNING
="2026-08-10 11:19:59",64932,91192,66169,25023,200000,-0.0545,0.1200,+0.0,+0.0000,NONE,RUNNING
="2026-08-10 11:20:00",64932,91192,66169,25023,200000,-0.0545,0.1200,+0.0,+0.0000,NONE,RUNNING
="2026-08-10 11:20:01",64932,91192,66169,25023,200000,-0.0581,0.1200,+0.0,+0.0000,NONE,RUNNING
="2026-08-10 11:20:02",64932,91192,66169,25023,200000,-0.0581,0.1200,+0.0,+0.0000,NONE,RUNNING
="2026-08-10 11:20:03",64932,91192,66169,25023,200000,-0.0572,0.1200,+0.0,+0.0000,NONE,RUNNING
="2026-08-10 11:20:04",64932,91264,55068,36196,200000,-0.0588,0.1200,+0.0,+0.0000,NONE,RUNNING
="2026-08-10 11:20:05",64932,78691,42495,36196,200000,-0.0588,0.1200,+0.0,+0.0000,NONE,RUNNING
="2026-08-10 11:20:06",64932,78691,42495,36196,200000,-0.0592,0.1200,+0.0,+0.0000,NONE,RUNNING
="2026-08-10 11:20:07",64932,78691,42495,36196,200000,-0.0597,0.1200,+0.0,+0.0000,NONE,RUNNING
="2026-08-10 11:20:08",64932,78691,42495,36196,200000,-0.0589,0.1200,+0.0,+0.0000,NONE,RUNNING
="2026-08-10 11:20:09",64932,78691,42495,36196,200000,-0.0589,0.1200,+0.0,+0.0000,NONE,RUNNING
="2026-08-10 11:20:10",64932,78691,42495,36196,200000,-0.0595,0.1200,+0.0,+0.0000,NONE,RUNNING
="2026-08-10 11:20:11",64932,78691,42495,36196,200000,-0.0595,0.1200,+0.0,+0.0000,NONE,RUNNING
="2026-08-10 11:20:12",64932,78691,42495,36196,200000,-0.0593,0.1200,+0.0,+0.0000,NONE,RUNNING
="2026-08-10 11:20:13",64932,78691,42495,36196,200000,-0.0593,0.1200,+0.0,+0.0000,NONE,RUNNING
="2026-08-10 11:20:14",64932,78691,42495,36196,200000,-0.0593,0.1200,+0.0,+0.0000,NONE,RUNNING
="2026-08-10 11:20:15",64932,78691,42495,36196,200000,-0.0601,0.1200,+0.0,+0.0000,NONE,RUNNING
="2026-08-10 11:20:16",64932,34433,23260,11172,200000,-0.0610,0.1200,+0.0,+0.0000,NONE,RUNNING
="2026-08-10 11:20:17",64932,34433,23260,11172,200000,-0.0610,0.1200,+0.0,+0.0000,NONE,RUNNING
="2026-08-10 11:20:18",64932,34433,23260,11172,200000,-0.0372,0.1200,+0.0,+0.0000,NONE,RUNNING
="2026-08-10 11:20:19",64932,206646,23260,183385,200000,-0.0372,0.1200,+0.0,+0.0000,NONE,RUNNING
="2026-08-10 11:20:20",64935,206646,23260,183385,200000,-0.0385,0.1200,+0.0,+0.0000,NONE,RUNNING
="2026-08-10 11:20:22",64938,206646,23260,183385,200000,-0.0386,0.1200,+0.0,+0.0000,NONE,RUNNING
="2026-08-10 11:20:23",64941,218637,23260,195376,200000,-0.0406,0.1200,+0.0,+0.0000,NONE,RUNNING
="2026-08-10 11:20:24",64941,218637,23260,195376,200000,-0.0406,0.1200,+0.0,+0.0000,NONE,RUNNING
="2026-08-10 11:20:25",64947,218637,23260,195376,200000,-0.0406,0.1200,+0.0,+0.0000,NONE,RUNNING
="2026-08-10 11:20:26",64947,218637,23260,195376,200000,-0.0608,0.1200,+0.0,+0.0000,NONE,RUNNING
="2026-08-10 11:20:27",64947,218637,23260,195376,200000,-0.0608,0.1200,+0.0,+0.0000,NONE,RUNNING
="2026-08-10 11:20:28",64947,218637,23260,195376,200000,-0.0576,0.1200,+0.0,+0.0000,NONE,RUNNING
="2026-08-10 11:20:29",64948,218637,23260,195376,200000,-0.0576,0.1200,+0.0,+0.0000,NONE,RUNNING
="2026-08-10 11:20:30",64948,218637,23260,195376,200000,-0.0576,0.1200,+0.0,+0.0000,NONE,RUNNING
="2026-08-10 11:20:31",64948,218637,23260,195376,200000,-0.0578,0.1200,+0.0,+0.0000,NONE,RUNNING
="2026-08-10 11:20:32",64948,266209,23260,242948,200000,-0.0662,0.1200,+0.0,+0.0000,NONE,RUNNING
="2026-08-10 11:20:33",64949,266209,23260,242948,200000,-0.0662,0.1200,+0.0,+0.0000,NONE,RUNNING
="2026-08-10 11:20:34",64949,266209,23260,242948,200000,-0.0631,0.1200,+0.0,+0.0000,NONE,RUNNING
="2026-08-10 11:20:35",64949,266209,23260,242948,200000,-0.0681,0.1200,+0.0,+0.0000,NONE,RUNNING
="2026-08-10 11:20:36",64943,286637,43688,242948,200000,-0.0681,0.1200,+0.0,+0.0000,NONE,RUNNING
="2026-08-10 11:20:37",64943,286637,43688,242948,200000,-0.0636,0.1200,+0.0,+0.0000,NONE,RUNNING
="2026-08-10 11:20:38",64943,286637,43688,242948,200000,-0.0636,0.1200,+0.0,+0.0000,NONE,RUNNING
="2026-08-10 11:20:39",64943,286637,43688,242948,200000,-0.0636,0.1200,+0.0,+0.0000,NONE,RUNNING
="2026-08-10 11:20:40",64943,286637,43688,242948,200000,-0.0644,0.1200,+0.0,+0.0000,NONE,RUNNING
="2026-08-10 11:20:41",64943,286637,43688,242948,200000,-0.0644,0.1200,+0.0,+0.0000,NONE,RUNNING
="2026-08-10 11:20:42",64943,286637,43688,242948,200000,-0.0622,0.1200,+0.0,+0.0000,NONE,RUNNING
="2026-08-10 11:20:43",64943,286637,43688,242948,200000,-0.0609,0.1200,+0.0,+0.0000,NONE,RUNNING
="2026-08-10 11:20:44",64943,286637,43688,242948,200000,-0.0609,0.1200,+0.0,+0.0000,NONE,RUNNING
="2026-08-10 11:20:45",64943,286637,43688,242948,200000,-0.0615,0.1200,+0.0,+0.0000,NONE,RUNNING
="2026-08-10 11:20:46",64943,286637,43688,242948,200000,-0.0615,0.1200,+0.0,+0.0000,NONE,RUNNING
="2026-08-10 11:20:47",64943,298038,43688,254350,200000,-0.0615,0.1200,+0.0,+0.0000,NONE,RUNNING
="2026-08-10 11:20:48",64947,274777,20427,254350,200000,-0.0615,0.1200,+0.0,+0.0000,NONE,RUNNING
="2026-08-10 11:20:49",64948,274777,20427,254350,200000,-0.0608,0.1200,+0.0,+0.0000,NONE,RUNNING
="2026-08-10 11:20:50",64942,294624,40274,254350,200000,-0.0608,0.1200,+0.0,+0.0000,NONE,RUNNING
="2026-08-10 11:20:51",64942,294624,40274,254350,200000,-0.0690,0.1200,+0.0,+0.0000,NONE,RUNNING
="2026-08-10 11:20:52",64942,294624,40274,254350,200000,-0.0617,0.1200,+0.0,+0.0000,NONE,RUNNING
="2026-08-10 11:20:53",64942,294624,40274,254350,200000,-0.0617,0.1200,+0.0,+0.0000,NONE,RUNNING
="2026-08-10 11:20:54",64942,294624,40274,254350,200000,-0.0549,0.1200,+0.0,+0.0000,NONE,RUNNING
="2026-08-10 11:20:55",64942,294624,40274,254350,200000,-0.0549,0.1200,+0.0,+0.0000,NONE,RUNNING
="2026-08-10 11:20:56",64942,294624,40274,254350,200000,-0.0524,0.1200,+0.0,+0.0000,NONE,RUNNING
="2026-08-10 11:20:57",64942,294624,40274,254350,200000,-0.0524,0.1200,+0.0,+0.0000,NONE,RUNNING
="2026-08-10 11:20:58",64942,294624,40274,254350,200000,-0.0550,0.1200,+0.0,+0.0000,NONE,RUNNING
="2026-08-10 11:20:59",64942,294624,40274,254350,200000,-0.0550,0.1200,+0.0,+0.0000,NONE,RUNNING
="2026-08-10 11:21:00",64942,294624,40274,254350,200000,-0.0583,0.1200,+0.0,+0.0000,NONE,RUNNING
="2026-08-10 11:21:01",64942,294624,40274,254350,200000,-0.0583,0.1200,+0.0,+0.0000,NONE,RUNNING
="2026-08-10 11:21:02",64942,294624,40274,254350,200000,-0.0547,0.1200,+0.0,+0.0000,NONE,RUNNING
="2026-08-10 11:21:03",64942,294624,40274,254350,200000,-0.0547,0.1200,+0.0,+0.0000,NONE,RUNNING
="2026-08-10 11:21:04",64938,294624,40274,254350,200000,-0.0531,0.1200,+0.0,+0.0000,NONE,RUNNING
="2026-08-10 11:21:05",64938,352769,109592,243177,200000,-0.0531,0.1200,+0.0,+0.0000,NONE,RUNNING
="2026-08-10 11:21:06",64938,352769,109592,243177,200000,-0.0535,0.1200,+0.0,+0.0000,NONE,RUNNING
="2026-08-10 11:21:07",64938,352769,109592,243177,200000,-0.0530,0.1200,+0.0,+0.0000,NONE,RUNNING
="2026-08-10 11:21:08",64938,352769,109592,243177,200000,-0.0530,0.1200,+0.0,+0.0000,NONE,RUNNING
="2026-08-10 11:21:09",64938,352769,109592,243177,200000,-0.0530,0.1200,+0.0,+0.0000,NONE,RUNNING
="2026-08-10 11:21:10",64938,352769,109592,243177,200000,-0.0530,0.1200,+0.0,+0.0000,NONE,RUNNING
="2026-08-10 11:21:11",64938,352769,109592,243177,200000,-0.0525,0.1200,+0.0,+0.0000,NONE,RUNNING
="2026-08-10 11:21:12",64938,368088,124911,243177,200000,-0.0521,0.1200,+0.0,+0.0000,NONE,RUNNING
="2026-08-10 11:21:13",64933,368088,124911,243177,200000,-0.0521,0.1200,+0.0,+0.0000,NONE,RUNNING
="2026-08-10 11:21:14",64933,368088,124911,243177,200000,-0.0521,0.1200,+0.0,+0.0000,NONE,RUNNING
="2026-08-10 11:21:15",64933,368088,124911,243177,200000,-0.0559,0.1200,+0.0,+0.0000,NONE,RUNNING
="2026-08-10 11:21:16",64933,368088,124911,243177,200000,-0.0559,0.1200,+0.0,+0.0000,NONE,RUNNING
="2026-08-10 11:21:17",64933,368088,124911,243177,200000,-0.0549,0.1200,+0.0,+0.0000,NONE,RUNNING
="2026-08-10 11:21:18",64933,483055,239878,243177,200000,-0.0549,0.1200,+0.0,+0.0000,NONE,RUNNING
="2026-08-10 11:21:19",64929,483055,239878,243177,200000,-0.0536,0.1200,+0.0,+0.0000,NONE,RUNNING
="2026-08-10 11:21:20",64929,310842,239878,70964,200000,-0.0536,0.1200,+0.0,+0.0000,NONE,RUNNING
="2026-08-10 11:21:21",64930,310842,239878,70964,200000,-0.0562,0.1200,+0.0,+0.0000,NONE,RUNNING
="2026-08-10 11:21:22",64930,298851,239878,58973,200000,-0.0542,0.1200,+0.0,+0.0000,NONE,RUNNING
="2026-08-10 11:21:23",64930,298851,239878,58973,200000,-0.0542,0.1200,+0.0,+0.0000,NONE,RUNNING
="2026-08-10 11:21:24",64930,298851,239878,58973,200000,-0.0542,0.1200,+0.0,+0.0000,NONE,RUNNING
="2026-08-10 11:21:25",64930,324924,239878,85045,200000,-0.0542,0.1200,+0.0,+0.0000,NONE,RUNNING
="2026-08-10 11:21:26",64930,324924,239878,85045,200000,-0.0340,0.1200,+0.0,+0.0000,NONE,RUNNING
="2026-08-10 11:21:27",64930,324924,239878,85045,200000,-0.0340,0.1200,+0.0,+0.0000,NONE,RUNNING
="2026-08-10 11:21:28",64930,350289,239878,110410,200000,-0.0470,0.1200,+0.0,+0.0000,NONE,RUNNING
="2026-08-10 11:21:29",64930,350289,239878,110410,200000,-0.0470,0.1200,+0.0,+0.0000,NONE,RUNNING
="2026-08-10 11:21:30",64930,350289,239878,110410,200000,-0.0472,0.1200,+0.0,+0.0000,NONE,RUNNING
="2026-08-10 11:21:31",64930,350289,239878,110410,200000,-0.0472,0.1200,+0.0,+0.0000,NONE,RUNNING
="2026-08-10 11:21:32",64930,323397,239878,83519,200000,-0.0387,0.1200,+0.0,+0.0000,NONE,RUNNING
="2026-08-10 11:21:33",64929,349369,239878,109491,200000,-0.0387,0.1200,+0.0,+0.0000,NONE,RUNNING
="2026-08-10 11:21:34",64930,349369,239878,109491,200000,-0.0387,0.1200,+0.0,+0.0000,NONE,RUNNING
="2026-08-10 11:21:35",64929,328941,219450,109491,200000,-0.0337,0.1200,+0.0,+0.0000,NONE,RUNNING
="2026-08-10 11:21:36",64930,328941,219450,109491,200000,-0.0338,0.1200,+0.0,+0.0000,NONE,RUNNING
="2026-08-10 11:21:37",64930,328941,219450,109491,200000,-0.0338,0.1200,+0.0,+0.0000,NONE,RUNNING
="2026-08-10 11:21:38",64930,328941,219450,109491,200000,-0.0338,0.1200,+0.0,+0.0000,NONE,RUNNING
="2026-08-10 11:21:39",64930,419928,219450,200477,200000,-0.0338,0.1200,+0.0,+0.0000,NONE,RUNNING
="2026-08-10 11:21:40",64946,419928,219450,200477,200000,-0.0338,0.1200,+0.0,+0.0000,NONE,RUNNING
="2026-08-10 11:21:41",64953,438088,219450,218638,200000,-0.0360,0.1200,+0.0,+0.0000,NONE,RUNNING
="2026-08-10 11:21:42",64956,450195,219450,230745,200000,-0.0360,0.1200,+0.0,+0.0000,NONE,RUNNING
="2026-08-10 11:21:43",64957,450195,219450,230745,200000,-0.0495,0.1200,+0.0,+0.0000,NONE,RUNNING
="2026-08-10 11:21:44",64957,450195,219450,230745,200000,-0.0489,0.1200,+0.0,+0.0000,NONE,RUNNING
="2026-08-10 11:21:45",64957,450195,219450,230745,200000,-0.0489,0.1200,+0.0,+0.0000,NONE,RUNNING
="2026-08-10 11:21:46",64957,450195,219450,230745,200000,-0.0503,0.1200,+0.0,+0.0000,NONE,RUNNING
="2026-08-10 11:21:47",64958,438794,219450,219343,200000,-0.0503,0.1200,+0.0,+0.0000,NONE,RUNNING
="2026-08-10 11:21:48",64957,438794,219450,219343,200000,-0.0503,0.1200,+0.0,+0.0000,NONE,RUNNING
="2026-08-10 11:21:49",64959,418947,199603,219343,200000,-0.0508,0.1200,+0.0,+0.0000,NONE,RUNNING
="2026-08-10 11:21:50",64959,430535,199603,230932,200000,-0.0508,0.1200,+0.0,+0.0000,NONE,RUNNING
="2026-08-10 11:21:51",64960,430535,199603,230932,200000,-0.0426,0.1200,+0.0,+0.0000,NONE,RUNNING
="2026-08-10 11:21:52",64960,430535,199603,230932,200000,-0.0461,0.1200,+0.0,+0.0000,NONE,RUNNING
="2026-08-10 11:21:53",64960,430535,199603,230932,200000,-0.0529,0.1200,+0.0,+0.0000,NONE,RUNNING
="2026-08-10 11:22:16",0,0,0,0,200000,+0.0000,0.1200,+0.0,+0.0000,NONE,RUNNING
="2026-08-10 11:23:16",64963,165065,64144,100921,200000,-0.0285,0.1200,+0.0,+0.0000,NONE,RUNNING
="2026-08-10 11:24:16",64965,120221,19255,100966,200000,-0.0026,0.1200,+0.0,+0.0000,NONE,RUNNING
="2026-08-10 11:25:16",64916,215706,215706,0,200000,+0.0104,0.1200,+0.0,+0.0000,NONE,RUNNING
="2026-08-10 11:26:16",64908,225590,13902,211687,200000,+0.0013,0.1200,+0.0,+0.0000,NONE,RUNNING
="2026-08-10 11:27:16",64928,254209,182575,71633,200000,+0.0007,0.1200,+0.0,+0.0000,NONE,RUNNING
="2026-08-10 11:28:16",64935,159952,92271,67681,200000,-0.0096,0.1200,+0.0,+0.0000,NONE,RUNNING
="2026-08-10 11:29:16",64967,79863,0,79863,200000,-0.0169,0.1200,+0.0,+0.0000,NONE,RUNNING
="2026-08-10 11:30:16",64966,257871,177480,80391,200000,-0.0184,0.1200,+0.0,+0.0000,NONE,RUNNING
="2026-08-10 11:31:16",64996,198915,0,198915,200000,-0.0163,0.1200,+0.0,+0.0000,NONE,RUNNING
="2026-08-10 11:32:11",0,0,0,0,200000,+0.0000,0.1200,+0.0,+0.0000,NONE,RUNNING
="2026-08-10 11:33:11",64972,77683,77683,0,200000,+0.0007,0.1200,+0.0,+0.0000,NONE,RUNNING
="2026-08-10 11:34:11",64983,215711,0,215711,200000,-0.0015,0.1200,+0.0,+0.0000,NONE,RUNNING
="2026-08-10 11:35:11",64976,30235,0,30235,200000,-0.0009,0.1200,+0.0,+0.0000,NONE,RUNNING
="2026-08-10 11:36:11",64981,104701,0,104701,200000,+0.0051,0.1200,+0.0,+0.0000,NONE,RUNNING
="2026-08-10 11:37:11",65000,115419,0,115419,200000,-0.0021,0.1200,+0.0,+0.0000,NONE,RUNNING
="2026-08-10 11:38:11",65000,11418,0,11418,200000,+0.0029,0.1200,+0.0,+0.0000,NONE,RUNNING
="2026-08-10 11:39:12",65000,94044,0,94044,200000,-0.0008,0.1200,+0.0,+0.0000,NONE,RUNNING
="2026-08-10 11:40:12",65029,95267,0,95267,200000,-0.0192,0.1200,+0.0,+0.0000,NONE,RUNNING
="2026-08-10 11:41:12",65050,137551,29204,108346,200000,-0.0271,0.1200,+0.0,+0.0000,NONE,RUNNING
="2026-08-10 11:42:12",65049,193660,81997,111663,200000,-0.0248,0.1200,+0.0,+0.0000,NONE,RUNNING
="2026-08-10 11:43:12",65100,471267,211952,259315,200000,+0.0020,0.1200,+0.0,+0.0000,NONE,RUNNING
="2026-08-10 11:44:12",65207,801456,228984,572471,200000,-0.0239,0.1200,+0.0,+0.0000,NONE,RUNNING
="2026-08-10 11:44:40",65212,946786,540976,405809,200000,+0.0640,0.1200,+0.0,+0.0000,NONE,RUNNING
="2026-08-10 11:44:41",65212,946786,540976,405809,200000,+0.0640,0.1200,+0.0,+0.0000,NONE,RUNNING
="2026-08-10 11:44:42",65212,911096,540976,370119,200000,+0.0571,0.1200,+0.0,+0.0000,NONE,RUNNING
="2026-08-10 11:44:43",65212,911096,540976,370119,200000,+0.0571,0.1200,+0.0,+0.0000,NONE,RUNNING
="2026-08-10 11:44:44",65212,911096,540976,370119,200000,+0.0497,0.1200,+0.0,+0.0000,NONE,RUNNING
="2026-08-10 11:44:45",65212,911096,540976,370119,200000,+0.0507,0.1200,+0.0,+0.0000,NONE,RUNNING
="2026-08-10 11:44:47",65212,911096,540976,370119,200000,+0.0507,0.1200,+0.0,+0.0000,NONE,RUNNING
="2026-08-10 11:44:48",65212,780732,410612,370119,200000,+0.0511,0.1200,+0.0,+0.0000,NONE,RUNNING
="2026-08-10 11:44:49",65212,800295,430175,370119,200000,+0.0511,0.1200,+0.0,+0.0000,NONE,RUNNING
="2026-08-10 11:44:50",65212,800295,430175,370119,200000,+0.0522,0.1200,+0.0,+0.0000,NONE,RUNNING
="2026-08-10 11:44:51",65212,800295,430175,370119,200000,+0.0531,0.1200,+0.0,+0.0000,NONE,RUNNING
="2026-08-10 11:44:52",65211,821179,451059,370119,200000,+0.0523,0.1200,+0.0,+0.0000,NONE,RUNNING
="2026-08-10 11:44:53",65208,721634,451059,270574,200000,+0.0523,0.1200,+0.0,+0.0000,NONE,RUNNING
="2026-08-10 11:44:54",65208,489007,451059,37948,200000,+0.0541,0.1200,+0.0,+0.0000,NONE,RUNNING
="2026-08-10 11:44:55",65208,489007,451059,37948,200000,+0.0541,0.1200,+0.0,+0.0000,NONE,RUNNING
="2026-08-10 11:44:56",65208,489007,451059,37948,200000,+0.0541,0.1200,+0.0,+0.0000,NONE,RUNNING
="2026-08-10 11:44:57",65204,503833,465885,37948,200000,+0.0553,0.1200,+0.0,+0.0000,NONE,RUNNING
="2026-08-10 11:44:58",65204,503833,465885,37948,200000,+0.0553,0.1200,+0.0,+0.0000,NONE,RUNNING
="2026-08-10 11:44:59",65204,503833,465885,37948,200000,+0.0568,0.1200,+0.0,+0.0000,NONE,RUNNING
="2026-08-10 11:45:00",65200,503833,465885,37948,200000,+0.0568,0.1200,+0.0,+0.0000,NONE,RUNNING
="2026-08-10 11:45:01",65200,503833,465885,37948,200000,+0.0566,0.1200,+0.0,+0.0000,NONE,RUNNING
="2026-08-10 11:45:02",65185,465885,465885,0,200000,+0.0566,0.1200,+0.0,+0.0000,NONE,RUNNING
="2026-08-10 11:45:03",65185,465885,465885,0,200000,+0.0506,0.1200,+0.0,+0.0000,NONE,RUNNING
="2026-08-10 11:45:04",65185,446330,446330,0,200000,+0.0544,0.1200,+0.0,+0.0000,NONE,RUNNING
="2026-08-10 11:45:05",65182,446330,446330,0,200000,+0.0544,0.1200,+0.0,+0.0000,NONE,RUNNING
="2026-08-10 11:45:06",65182,446330,446330,0,200000,+0.0543,0.1200,+0.0,+0.0000,NONE,RUNNING
="2026-08-10 11:45:07",65182,446330,446330,0,200000,+0.0570,0.1200,+0.0,+0.0000,NONE,RUNNING
="2026-08-10 11:45:08",65182,446330,446330,0,200000,+0.0570,0.1200,+0.0,+0.0000,NONE,RUNNING
="2026-08-10 11:45:09",65182,431018,431018,0,200000,+0.0402,0.1200,+0.0,+0.0000,NONE,RUNNING
="2026-08-10 11:45:10",65182,431018,431018,0,200000,+0.0402,0.1200,+0.0,+0.0000,NONE,RUNNING
="2026-08-10 11:45:11",65182,431018,431018,0,200000,+0.0422,0.1200,+0.0,+0.0000,NONE,RUNNING
="2026-08-10 11:45:12",65182,431018,431018,0,200000,+0.0419,0.1200,+0.0,+0.0000,NONE,RUNNING
="2026-08-10 11:45:13",65182,431018,431018,0,200000,+0.0419,0.1200,+0.0,+0.0000,NONE,RUNNING
="2026-08-10 11:45:14",65182,402744,402744,0,200000,+0.0420,0.1200,+0.0,+0.0000,NONE,RUNNING
="2026-08-10 11:45:15",65182,422744,422744,0,200000,+0.0420,0.1200,+0.0,+0.0000,NONE,RUNNING
="2026-08-10 11:45:16",65182,422744,422744,0,200000,+0.0447,0.1200,+0.0,+0.0000,NONE,RUNNING
="2026-08-10 11:45:17",65181,422744,422744,0,200000,+0.0447,0.1200,+0.0,+0.0000,NONE,RUNNING
="2026-08-10 11:45:18",65181,422744,422744,0,200000,+0.0368,0.1200,+0.0,+0.0000,NONE,RUNNING
="2026-08-10 11:45:19",65181,422744,422744,0,200000,+0.0368,0.1200,+0.0,+0.0000,NONE,RUNNING
="2026-08-10 11:45:20",65181,422744,422744,0,200000,+0.0381,0.1200,+0.0,+0.0000,NONE,RUNNING
="2026-08-10 11:45:21",65181,422744,422744,0,200000,+0.0380,0.1200,+0.0,+0.0000,NONE,RUNNING
="2026-08-10 11:45:22",65181,422744,422744,0,200000,+0.0380,0.1200,+0.0,+0.0000,NONE,RUNNING
="2026-08-10 11:45:23",65181,422744,422744,0,200000,+0.0380,0.1200,+0.0,+0.0000,NONE,RUNNING
="2026-08-10 11:45:24",65181,422744,422744,0,200000,+0.0390,0.1200,+0.0,+0.0000,NONE,RUNNING
="2026-08-10 11:45:25",65178,435237,435237,0,200000,+0.0386,0.1200,+0.0,+0.0000,NONE,RUNNING
="2026-08-10 11:45:26",65175,435237,435237,0,200000,+0.0386,0.1200,+0.0,+0.0000,NONE,RUNNING
="2026-08-10 11:45:27",65172,435237,435237,0,200000,+0.0351,0.1200,+0.0,+0.0000,NONE,RUNNING
="2026-08-10 11:45:28",65172,435237,435237,0,200000,+0.0351,0.1200,+0.0,+0.0000,NONE,RUNNING
="2026-08-10 11:45:29",65172,435237,435237,0,200000,+0.0280,0.1200,+0.0,+0.0000,NONE,RUNNING
="2026-08-10 11:45:30",65172,550632,550632,0,200000,+0.0280,0.1200,+0.0,+0.0000,NONE,RUNNING
="2026-08-10 11:45:31",65172,367703,367703,0,200000,+0.0028,0.1200,+0.0,+0.0000,NONE,RUNNING
="2026-08-10 11:45:32",65171,367703,367703,0,200000,+0.0045,0.1200,+0.0,+0.0000,NONE,RUNNING
="2026-08-10 11:45:33",65171,367703,367703,0,200000,+0.0045,0.1200,+0.0,+0.0000,NONE,RUNNING
="2026-08-10 11:45:34",65171,367703,367703,0,200000,+0.0043,0.1200,+0.0,+0.0000,NONE,RUNNING
="2026-08-10 11:45:35",65171,367703,367703,0,200000,+0.0043,0.1200,+0.0,+0.0000,NONE,RUNNING
="2026-08-10 11:45:36",65171,367703,367703,0,200000,+0.0023,0.1200,+0.0,+0.0000,NONE,RUNNING
="2026-08-10 11:45:37",65171,347701,347701,0,200000,+0.0023,0.1200,+0.0,+0.0000,NONE,RUNNING
="2026-08-10 11:45:38",65172,347701,347701,0,200000,+0.0084,0.1200,+0.0,+0.0000,NONE,RUNNING
="2026-08-10 11:45:39",65170,217276,217276,0,200000,+0.0084,0.1200,+0.0,+0.0000,NONE,RUNNING
="2026-08-10 11:45:40",65170,217276,217276,0,200000,+0.0085,0.1200,+0.0,+0.0000,NONE,RUNNING
="2026-08-10 11:45:41",65170,217276,217276,0,200000,+0.0085,0.1200,+0.0,+0.0000,NONE,RUNNING
="2026-08-10 11:45:42",65170,217276,217276,0,200000,+0.0154,0.1200,+0.0,+0.0000,NONE,RUNNING
="2026-08-10 11:46:42",65155,365500,339967,25532,200000,+0.0253,0.1200,+0.0,+0.0000,NONE,RUNNING
="2026-08-10 11:47:42",65151,48254,38221,10033,200000,+0.0030,0.1200,+0.0,+0.0000,NONE,RUNNING
="2026-08-10 11:48:42",65151,164259,52831,111427,200000,-0.0096,0.1200,+0.0,+0.0000,NONE,RUNNING
="2026-08-10 11:49:39",0,0,0,0,200000,+0.0000,0.1200,+0.0,+0.0000,NONE,RUNNING
="2026-08-10 11:50:39",65129,557894,11223,546671,200000,+0.0071,0.1200,+0.0,+0.0000,NONE,RUNNING
="2026-08-10 11:51:39",65122,301168,301168,0,200000,-0.0007,0.1200,+0.0,+0.0000,NONE,RUNNING
="2026-08-10 11:52:39",65114,250937,188356,62580,200000,+0.0006,0.1200,+0.0,+0.0000,NONE,RUNNING
="2026-08-10 11:53:30",0,0,0,0,200000,+0.0000,0.1200,+0.0,+0.0000,NONE,RUNNING
="2026-08-10 11:54:30",65096,167848,0,167848,200000,-0.0064,0.1200,+0.0,+0.0000,NONE,RUNNING
="2026-08-10 11:55:30",65097,22604,0,22604,200000,+0.0033,0.1200,+0.0,+0.0000,NONE,RUNNING
="2026-08-10 11:56:30",65099,96309,0,96309,200000,+0.0003,0.1200,+0.0,+0.0000,NONE,RUNNING
="2026-08-10 11:57:30",65097,318035,250369,67665,200000,+0.0046,0.1200,+0.0,+0.0000,NONE,RUNNING
="2026-08-10 11:58:31",65099,92624,0,92624,200000,+0.0009,0.1200,+0.0,+0.0000,NONE,RUNNING
="2026-08-10 11:59:31",65100,0,0,0,200000,-0.0034,0.1200,+0.0,+0.0000,NONE,RUNNING
="2026-08-10 12:00:31",65095,95977,84797,11180,200000,+0.0062,0.1200,+0.0,+0.0000,NONE,RUNNING
="2026-08-10 12:01:31",65088,209746,27710,182035,200000,-0.0042,0.1200,+0.0,+0.0000,NONE,RUNNING
="2026-08-10 12:02:31",65093,354607,90634,263972,200000,-0.0045,0.1200,+0.0,+0.0000,NONE,RUNNING
="2026-08-10 12:03:31",65078,11531,11531,0,200000,-0.0016,0.1200,+0.0,+0.0000,NONE,RUNNING
="2026-08-10 12:04:31",65063,277855,70768,207086,200000,-0.0122,0.1200,+0.0,+0.0000,NONE,RUNNING
="2026-08-10 12:05:31",65074,56638,29982,26656,200000,-0.0103,0.1200,+0.0,+0.0000,NONE,RUNNING
="2026-08-10 12:06:31",65044,102543,102543,0,200000,-0.0008,0.1200,+0.0,+0.0000,NONE,RUNNING
="2026-08-10 12:07:31",65042,70333,22095,48238,200000,-0.0016,0.1200,+0.0,+0.0000,NONE,RUNNING
="2026-08-10 12:08:31",65073,442755,203498,239256,200000,-0.0133,0.1200,+0.0,+0.0000,NONE,RUNNING
="2026-08-10 12:09:31",65061,148915,81641,67274,200000,+0.0036,0.1200,+0.0,+0.0000,NONE,RUNNING
="2026-08-10 12:10:31",65073,43519,0,43519,200000,-0.0043,0.1200,+0.0,+0.0000,NONE,RUNNING
="2026-08-10 12:11:28",0,0,0,0,200000,+0.0000,0.1200,+0.0,+0.0000,NONE,RUNNING
="2026-08-10 12:12:26",64998,328800,328800,0,200000,+0.0652,0.1200,+0.0,+0.0000,NONE,RUNNING
="2026-08-10 12:12:27",64998,328800,328800,0,200000,+0.0652,0.1200,+0.0,+0.0000,NONE,RUNNING
="2026-08-10 12:12:28",64998,328800,328800,0,200000,+0.0652,0.1200,+0.0,+0.0000,NONE,RUNNING
="2026-08-10 12:12:29",64998,328800,328800,0,200000,+0.0652,0.1200,+0.0,+0.0000,NONE,RUNNING
="2026-08-10 12:12:30",64998,328800,328800,0,200000,+0.0669,0.1200,+0.0,+0.0000,NONE,RUNNING
="2026-08-10 12:12:31",64998,328800,328800,0,200000,+0.0667,0.1200,+0.0,+0.0000,NONE,RUNNING
="2026-08-10 12:12:32",64996,340127,340127,0,200000,+0.0667,0.1200,+0.0,+0.0000,NONE,RUNNING
="2026-08-10 12:12:33",64994,340127,340127,0,200000,+0.0673,0.1200,+0.0,+0.0000,NONE,RUNNING
="2026-08-10 12:12:34",64994,340127,340127,0,200000,+0.0673,0.1200,+0.0,+0.0000,NONE,RUNNING
="2026-08-10 12:12:35",64996,369047,340127,28920,200000,+0.0679,0.1200,+0.0,+0.0000,NONE,RUNNING
="2026-08-10 12:12:36",64996,381568,340127,41440,200000,+0.0695,0.1200,+0.0,+0.0000,NONE,RUNNING
="2026-08-10 12:12:37",64998,406777,340127,66650,200000,+0.0694,0.1200,+0.0,+0.0000,NONE,RUNNING
="2026-08-10 12:12:38",65002,575883,340127,235756,200000,+0.0694,0.1200,+0.0,+0.0000,NONE,RUNNING
="2026-08-10 12:12:39",65003,596032,360275,235756,200000,+0.0670,0.1200,+0.0,+0.0000,NONE,RUNNING
="2026-08-10 12:12:40",65000,596032,360275,235756,200000,+0.0643,0.1200,+0.0,+0.0000,NONE,RUNNING
="2026-08-10 12:12:41",65000,596032,360275,235756,200000,+0.0643,0.1200,+0.0,+0.0000,NONE,RUNNING
="2026-08-10 12:12:42",65000,596032,360275,235756,200000,+0.0584,0.1200,+0.0,+0.0000,NONE,RUNNING
="2026-08-10 12:12:43",65000,596032,360275,235756,200000,+0.0584,0.1200,+0.0,+0.0000,NONE,RUNNING
="2026-08-10 12:12:44",64999,596032,360275,235756,200000,+0.0581,0.1200,+0.0,+0.0000,NONE,RUNNING
="2026-08-10 12:12:45",64999,596032,360275,235756,200000,+0.0581,0.1200,+0.0,+0.0000,NONE,RUNNING
="2026-08-10 12:12:46",64999,596032,360275,235756,200000,+0.0578,0.1200,+0.0,+0.0000,NONE,RUNNING
="2026-08-10 12:12:47",65000,596032,360275,235756,200000,+0.0578,0.1200,+0.0,+0.0000,NONE,RUNNING
="2026-08-10 12:12:48",64994,596032,360275,235756,200000,+0.0576,0.1200,+0.0,+0.0000,NONE,RUNNING
="2026-08-10 12:12:49",64994,596032,360275,235756,200000,+0.0576,0.1200,+0.0,+0.0000,NONE,RUNNING
="2026-08-10 12:12:50",64994,646030,360275,285754,200000,+0.0576,0.1200,+0.0,+0.0000,NONE,RUNNING
="2026-08-10 12:12:51",64994,646030,360275,285754,200000,+0.0576,0.1200,+0.0,+0.0000,NONE,RUNNING
="2026-08-10 12:12:52",64994,646030,360275,285754,200000,+0.0568,0.1200,+0.0,+0.0000,NONE,RUNNING
="2026-08-10 12:12:53",64994,646030,360275,285754,200000,+0.0568,0.1200,+0.0,+0.0000,NONE,RUNNING
="2026-08-10 12:12:54",64994,646030,360275,285754,200000,+0.0563,0.1200,+0.0,+0.0000,NONE,RUNNING
="2026-08-10 12:12:55",64994,646030,360275,285754,200000,+0.0565,0.1200,+0.0,+0.0000,NONE,RUNNING
="2026-08-10 12:12:56",64994,646030,360275,285754,200000,+0.0565,0.1200,+0.0,+0.0000,NONE,RUNNING
="2026-08-10 12:12:57",64994,624751,338996,285754,200000,+0.0548,0.1200,+0.0,+0.0000,NONE,RUNNING
="2026-08-10 12:12:58",64994,624751,338996,285754,200000,+0.0548,0.1200,+0.0,+0.0000,NONE,RUNNING
="2026-08-10 12:12:59",64994,624751,338996,285754,200000,+0.0548,0.1200,+0.0,+0.0000,NONE,RUNNING
="2026-08-10 12:13:00",64994,624751,338996,285754,200000,+0.0548,0.1200,+0.0,+0.0000,NONE,RUNNING
="2026-08-10 12:13:01",64994,624751,338996,285754,200000,+0.0548,0.1200,+0.0,+0.0000,NONE,RUNNING
="2026-08-10 12:13:02",64994,624751,338996,285754,200000,+0.0383,0.1200,+0.0,+0.0000,NONE,RUNNING
="2026-08-10 12:13:03",64994,624751,338996,285754,200000,+0.0367,0.1200,+0.0,+0.0000,NONE,RUNNING
="2026-08-10 12:13:04",64994,624751,338996,285754,200000,+0.0367,0.1200,+0.0,+0.0000,NONE,RUNNING
="2026-08-10 12:13:05",64994,614123,328368,285754,200000,+0.0358,0.1200,+0.0,+0.0000,NONE,RUNNING
="2026-08-10 12:13:06",64994,614123,328368,285754,200000,+0.0367,0.1200,+0.0,+0.0000,NONE,RUNNING
="2026-08-10 12:13:07",64988,707499,421744,285754,200000,+0.0367,0.1200,+0.0,+0.0000,NONE,RUNNING
="2026-08-10 12:13:08",64986,707499,421744,285754,200000,+0.0368,0.1200,+0.0,+0.0000,NONE,RUNNING
="2026-08-10 12:13:09",64986,707499,421744,285754,200000,+0.0368,0.1200,+0.0,+0.0000,NONE,RUNNING
="2026-08-10 12:13:10",64986,707499,421744,285754,200000,+0.0335,0.1200,+0.0,+0.0000,NONE,RUNNING
="2026-08-10 12:13:11",64986,707499,421744,285754,200000,+0.0335,0.1200,+0.0,+0.0000,NONE,RUNNING
="2026-08-10 12:13:12",64986,707499,421744,285754,200000,+0.0330,0.1200,+0.0,+0.0000,NONE,RUNNING
="2026-08-10 12:13:13",64986,707499,421744,285754,200000,+0.0330,0.1200,+0.0,+0.0000,NONE,RUNNING
="2026-08-10 12:13:14",64986,707499,421744,285754,200000,+0.0330,0.1200,+0.0,+0.0000,NONE,RUNNING
="2026-08-10 12:13:15",64986,707499,421744,285754,200000,+0.0330,0.1200,+0.0,+0.0000,NONE,RUNNING
="2026-08-10 12:13:16",64986,707499,421744,285754,200000,+0.0330,0.1200,+0.0,+0.0000,NONE,RUNNING
="2026-08-10 12:13:17",64986,707499,421744,285754,200000,+0.0295,0.1200,+0.0,+0.0000,NONE,RUNNING
="2026-08-10 12:13:18",64986,707499,421744,285754,200000,+0.0295,0.1200,+0.0,+0.0000,NONE,RUNNING
="2026-08-10 12:13:19",64981,707499,421744,285754,200000,+0.0273,0.1200,+0.0,+0.0000,NONE,RUNNING
="2026-08-10 12:13:20",64980,707499,421744,285754,200000,+0.0274,0.1200,+0.0,+0.0000,NONE,RUNNING
="2026-08-10 12:13:21",64980,650782,365027,285754,200000,+0.0268,0.1200,+0.0,+0.0000,NONE,RUNNING
="2026-08-10 12:13:22",64979,650782,365027,285754,200000,+0.0268,0.1200,+0.0,+0.0000,NONE,RUNNING
="2026-08-10 12:13:23",64976,650782,365027,285754,200000,+0.0259,0.1200,+0.0,+0.0000,NONE,RUNNING
="2026-08-10 12:13:24",64973,640107,354352,285754,200000,+0.0259,0.1200,+0.0,+0.0000,NONE,RUNNING
="2026-08-10 12:13:25",64973,410605,124850,285754,200000,+0.0226,0.1200,+0.0,+0.0000,NONE,RUNNING
="2026-08-10 12:13:26",64972,410605,124850,285754,200000,-0.0142,0.1200,+0.0,+0.0000,NONE,RUNNING
="2026-08-10 12:13:27",64972,410605,124850,285754,200000,-0.0142,0.1200,+0.0,+0.0000,NONE,RUNNING
="2026-08-10 12:13:28",64972,410605,124850,285754,200000,-0.0142,0.1200,+0.0,+0.0000,NONE,RUNNING
="2026-08-10 12:13:29",64972,410605,124850,285754,200000,-0.0159,0.1200,+0.0,+0.0000,NONE,RUNNING
="2026-08-10 12:13:30",64972,410605,124850,285754,200000,-0.0153,0.1200,+0.0,+0.0000,NONE,RUNNING
="2026-08-10 12:13:31",64972,399279,113524,285754,200000,-0.0153,0.1200,+0.0,+0.0000,NONE,RUNNING
="2026-08-10 12:13:32",64972,399279,113524,285754,200000,-0.0159,0.1200,+0.0,+0.0000,NONE,RUNNING
="2026-08-10 12:13:33",64972,399279,113524,285754,200000,-0.0159,0.1200,+0.0,+0.0000,NONE,RUNNING
="2026-08-10 12:13:34",64972,370358,113524,256834,200000,-0.0189,0.1200,+0.0,+0.0000,NONE,RUNNING
="2026-08-10 12:13:35",64972,370358,113524,256834,200000,-0.0205,0.1200,+0.0,+0.0000,NONE,RUNNING
="2026-08-10 12:13:36",64969,848763,276005,572758,200000,-0.0205,0.1200,+0.0,+0.0000,NONE,RUNNING
="2026-08-10 12:13:37",64971,679657,276005,403652,200000,-0.0205,0.1200,+0.0,+0.0000,NONE,RUNNING
="2026-08-10 12:13:39",64970,679657,276005,403652,200000,-0.0181,0.1200,+0.0,+0.0000,NONE,RUNNING
="2026-08-10 12:13:40",64970,659509,255856,403652,200000,-0.0256,0.1200,+0.0,+0.0000,NONE,RUNNING
="2026-08-10 12:13:41",64970,659509,255856,403652,200000,-0.0256,0.1200,+0.0,+0.0000,NONE,RUNNING
="2026-08-10 12:13:42",64968,659509,255856,403652,200000,-0.0256,0.1200,+0.0,+0.0000,NONE,RUNNING
="2026-08-10 12:14:42",64971,261114,91905,169209,200000,-0.0308,0.1200,+0.0,+0.0000,NONE,RUNNING
="2026-08-10 12:15:42",64962,85482,59649,25832,200000,-0.0086,0.1200,+0.0,+0.0000,NONE,RUNNING
="2026-08-10 12:16:42",64905,420525,407540,12984,200000,+0.0403,0.1200,+0.0,+0.0000,NONE,RUNNING
="2026-08-10 12:17:22",64977,610125,351110,259015,200000,-0.0601,0.1200,+0.0,+0.0000,NONE,RUNNING
="2026-08-10 12:17:23",64980,610125,351110,259015,200000,-0.0601,0.1200,+0.0,+0.0000,NONE,RUNNING
="2026-08-10 12:17:24",64986,610125,351110,259015,200000,-0.0583,0.1200,+0.0,+0.0000,NONE,RUNNING
="2026-08-10 12:17:25",64986,610125,351110,259015,200000,-0.0583,0.1200,+0.0,+0.0000,NONE,RUNNING
="2026-08-10 12:17:26",64986,748772,489757,259015,200000,-0.0583,0.1200,+0.0,+0.0000,NONE,RUNNING
="2026-08-10 12:17:27",64982,729121,470105,259015,200000,-0.0581,0.1200,+0.0,+0.0000,NONE,RUNNING
="2026-08-10 12:17:28",64982,729121,470105,259015,200000,-0.0540,0.1200,+0.0,+0.0000,NONE,RUNNING
="2026-08-10 12:17:29",64976,718338,459323,259015,200000,-0.0540,0.1200,+0.0,+0.0000,NONE,RUNNING
="2026-08-10 12:17:30",64976,718338,459323,259015,200000,-0.0571,0.1200,+0.0,+0.0000,NONE,RUNNING
="2026-08-10 12:17:31",64976,757934,459323,298610,200000,-0.0571,0.1200,+0.0,+0.0000,NONE,RUNNING
="2026-08-10 12:17:32",64984,594438,308812,285626,200000,-0.0571,0.1200,+0.0,+0.0000,NONE,RUNNING
="2026-08-10 12:17:33",64984,594438,308812,285626,200000,-0.0586,0.1200,+0.0,+0.0000,NONE,RUNNING
="2026-08-10 12:17:34",64983,594438,308812,285626,200000,-0.0585,0.1200,+0.0,+0.0000,NONE,RUNNING
="2026-08-10 12:17:35",64984,628042,308812,319229,200000,-0.0585,0.1200,+0.0,+0.0000,NONE,RUNNING
="2026-08-10 12:17:36",64988,628042,308812,319229,200000,-0.0610,0.1200,+0.0,+0.0000,NONE,RUNNING
="2026-08-10 12:17:37",64991,628042,308812,319229,200000,-0.0610,0.1200,+0.0,+0.0000,NONE,RUNNING
="2026-08-10 12:17:38",65000,628042,308812,319229,200000,-0.0610,0.1200,+0.0,+0.0000,NONE,RUNNING
="2026-08-10 12:17:39",65000,628042,308812,319229,200000,-0.0592,0.1200,+0.0,+0.0000,NONE,RUNNING
="2026-08-10 12:17:40",65000,617237,298008,319229,200000,-0.0592,0.1200,+0.0,+0.0000,NONE,RUNNING
="2026-08-10 12:17:41",64999,585012,265783,319229,200000,-0.0587,0.1200,+0.0,+0.0000,NONE,RUNNING
="2026-08-10 12:17:42",65000,555236,236007,319229,200000,-0.0587,0.1200,+0.0,+0.0000,NONE,RUNNING
="2026-08-10 12:17:43",64999,555236,236007,319229,200000,-0.0613,0.1200,+0.0,+0.0000,NONE,RUNNING
="2026-08-10 12:17:44",64999,555236,236007,319229,200000,-0.0562,0.1200,+0.0,+0.0000,NONE,RUNNING
="2026-08-10 12:17:45",65000,555236,236007,319229,200000,-0.0562,0.1200,+0.0,+0.0000,NONE,RUNNING
="2026-08-10 12:17:46",65000,527020,207790,319229,200000,-0.0562,0.1200,+0.0,+0.0000,NONE,RUNNING
="2026-08-10 12:17:47",65000,527020,207790,319229,200000,-0.0568,0.1200,+0.0,+0.0000,NONE,RUNNING
="2026-08-10 12:17:48",65000,527020,207790,319229,200000,-0.0580,0.1200,+0.0,+0.0000,NONE,RUNNING
="2026-08-10 12:17:49",65000,527020,207790,319229,200000,-0.0580,0.1200,+0.0,+0.0000,NONE,RUNNING
="2026-08-10 12:17:50",64999,527020,207790,319229,200000,-0.0576,0.1200,+0.0,+0.0000,NONE,RUNNING
="2026-08-10 12:17:51",64999,396882,207790,189091,200000,-0.0574,0.1200,+0.0,+0.0000,NONE,RUNNING
="2026-08-10 12:17:52",65000,384881,195789,189091,200000,-0.0574,0.1200,+0.0,+0.0000,NONE,RUNNING
="2026-08-10 12:17:53",65000,384881,195789,189091,200000,-0.0574,0.1200,+0.0,+0.0000,NONE,RUNNING
="2026-08-10 12:17:54",65000,384881,195789,189091,200000,-0.0575,0.1200,+0.0,+0.0000,NONE,RUNNING
="2026-08-10 12:17:55",65000,384881,195789,189091,200000,-0.0309,0.1200,+0.0,+0.0000,NONE,RUNNING
="2026-08-10 12:17:56",65000,384881,195789,189091,200000,-0.0309,0.1200,+0.0,+0.0000,NONE,RUNNING
="2026-08-10 12:17:57",64999,384881,195789,189091,200000,-0.0309,0.1200,+0.0,+0.0000,NONE,RUNNING
="2026-08-10 12:17:58",65000,384881,195789,189091,200000,-0.0303,0.1200,+0.0,+0.0000,NONE,RUNNING
="2026-08-10 12:17:59",64999,384881,195789,189091,200000,-0.0303,0.1200,+0.0,+0.0000,NONE,RUNNING
="2026-08-10 12:18:00",65000,374855,195789,179065,200000,-0.0291,0.1200,+0.0,+0.0000,NONE,RUNNING
="2026-08-10 12:18:02",65000,252793,138646,114146,200000,-0.0333,0.1200,+0.0,+0.0000,NONE,RUNNING
="2026-08-10 12:18:03",64999,252793,138646,114146,200000,-0.0333,0.1200,+0.0,+0.0000,NONE,RUNNING
="2026-08-10 12:18:04",64999,252793,138646,114146,200000,-0.0333,0.1200,+0.0,+0.0000,NONE,RUNNING
="2026-08-10 12:18:05",65005,269207,138646,130561,200000,-0.0333,0.1200,+0.0,+0.0000,NONE,RUNNING
="2026-08-10 12:18:06",65005,269207,138646,130561,200000,-0.0165,0.1200,+0.0,+0.0000,NONE,RUNNING
="2026-08-10 12:18:07",65005,269207,138646,130561,200000,-0.0165,0.1200,+0.0,+0.0000,NONE,RUNNING
="2026-08-10 12:18:08",65005,269207,138646,130561,200000,-0.0171,0.1200,+0.0,+0.0000,NONE,RUNNING
="2026-08-10 12:18:09",65010,293280,138646,154634,200000,-0.0201,0.1200,+0.0,+0.0000,NONE,RUNNING
="2026-08-10 12:18:10",65010,293280,138646,154634,200000,-0.0201,0.1200,+0.0,+0.0000,NONE,RUNNING
="2026-08-10 12:18:11",65024,531505,138646,392858,200000,-0.0201,0.1200,+0.0,+0.0000,NONE,RUNNING
="2026-08-10 12:18:12",65024,510982,138646,372336,200000,-0.0115,0.1200,+0.0,+0.0000,NONE,RUNNING
="2026-08-10 12:18:13",65024,510982,138646,372336,200000,-0.0115,0.1200,+0.0,+0.0000,NONE,RUNNING
="2026-08-10 12:18:14",65024,510982,138646,372336,200000,-0.0181,0.1200,+0.0,+0.0000,NONE,RUNNING
="2026-08-10 12:18:15",65024,510982,138646,372336,200000,-0.0177,0.1200,+0.0,+0.0000,NONE,RUNNING
="2026-08-10 12:18:16",65024,510982,138646,372336,200000,-0.0177,0.1200,+0.0,+0.0000,NONE,RUNNING
="2026-08-10 12:18:17",65024,510982,138646,372336,200000,-0.0194,0.1200,+0.0,+0.0000,NONE,RUNNING
="2026-08-10 12:18:18",65024,490557,138646,351910,200000,-0.0158,0.1200,+0.0,+0.0000,NONE,RUNNING
="2026-08-10 12:18:19",65024,490557,138646,351910,200000,-0.0158,0.1200,+0.0,+0.0000,NONE,RUNNING
="2026-08-10 12:18:20",65024,490557,138646,351910,200000,-0.0145,0.1200,+0.0,+0.0000,NONE,RUNNING
="2026-08-10 12:18:21",65031,504912,138646,366265,200000,-0.0135,0.1200,+0.0,+0.0000,NONE,RUNNING
="2026-08-10 12:18:22",65031,504912,138646,366265,200000,-0.0135,0.1200,+0.0,+0.0000,NONE,RUNNING
="2026-08-10 12:18:23",65032,504912,138646,366265,200000,-0.0162,0.1200,+0.0,+0.0000,NONE,RUNNING
="2026-08-10 12:18:24",65031,504912,138646,366265,200000,-0.0162,0.1200,+0.0,+0.0000,NONE,RUNNING
="2026-08-10 12:18:25",65032,504912,138646,366265,200000,-0.0180,0.1200,+0.0,+0.0000,NONE,RUNNING
="2026-08-10 12:18:26",65032,504912,138646,366265,200000,-0.0180,0.1200,+0.0,+0.0000,NONE,RUNNING
="2026-08-10 12:18:27",65031,366265,0,366265,200000,-0.0182,0.1200,+0.0,+0.0000,NONE,RUNNING
="2026-08-10 12:18:28",65031,366265,0,366265,200000,-0.0182,0.1200,+0.0,+0.0000,NONE,RUNNING
="2026-08-10 12:18:29",65032,366265,0,366265,200000,-0.0205,0.1200,+0.0,+0.0000,NONE,RUNNING
="2026-08-10 12:18:30",65032,387383,0,387383,200000,-0.0174,0.1200,+0.0,+0.0000,NONE,RUNNING
="2026-08-10 12:18:31",65032,387383,0,387383,200000,-0.0174,0.1200,+0.0,+0.0000,NONE,RUNNING
="2026-08-10 12:18:32",65031,347788,0,347788,200000,-0.0184,0.1200,+0.0,+0.0000,NONE,RUNNING
="2026-08-10 12:18:33",65032,347788,0,347788,200000,-0.0169,0.1200,+0.0,+0.0000,NONE,RUNNING
="2026-08-10 12:18:34",65031,347788,0,347788,200000,-0.0169,0.1200,+0.0,+0.0000,NONE,RUNNING
="2026-08-10 12:18:35",65031,347788,0,347788,200000,-0.0169,0.1200,+0.0,+0.0000,NONE,RUNNING
="2026-08-10 12:18:36",65032,314185,0,314185,200000,-0.0144,0.1200,+0.0,+0.0000,NONE,RUNNING
="2026-08-10 12:18:37",65032,314185,0,314185,200000,-0.0144,0.1200,+0.0,+0.0000,NONE,RUNNING
="2026-08-10 12:18:38",65032,314185,0,314185,200000,-0.0156,0.1200,+0.0,+0.0000,NONE,RUNNING
="2026-08-10 12:18:39",65032,314185,0,314185,200000,-0.0175,0.1200,+0.0,+0.0000,NONE,RUNNING
="2026-08-10 12:18:40",65032,314185,0,314185,200000,-0.0175,0.1200,+0.0,+0.0000,NONE,RUNNING
="2026-08-10 12:18:41",65032,314185,0,314185,200000,-0.0180,0.1200,+0.0,+0.0000,NONE,RUNNING
="2026-08-10 12:18:42",65032,314185,0,314185,200000,-0.0154,0.1200,+0.0,+0.0000,NONE,RUNNING
="2026-08-10 12:18:43",65031,314185,0,314185,200000,-0.0154,0.1200,+0.0,+0.0000,NONE,RUNNING
="2026-08-10 12:19:43",65044,211066,163047,48019,200000,-0.0011,0.1200,+0.0,+0.0000,NONE,RUNNING
="2026-08-10 12:20:43",65069,263164,106352,156811,200000,-0.0026,0.1200,+0.0,+0.0000,NONE,RUNNING
="2026-08-10 12:21:00",0,0,0,0,200000,+0.0000,0.1200,+0.0,+0.0000,NONE,RUNNING
="2026-08-10 12:22:00",65066,93533,93533,0,200000,-0.0074,0.1200,+0.0,+0.0000,NONE,RUNNING
="2026-08-10 12:22:56",0,0,0,0,200000,+0.0000,0.1200,+0.0,+0.0000,NONE,RUNNING
="2026-08-10 12:23:56",65074,77614,77614,0,200000,-0.0075,0.1200,+0.0,+0.0000,NONE,RUNNING
="2026-08-10 12:24:56",65133,905804,576545,329258,200000,-0.0042,0.1200,+0.0,+0.0000,NONE,RUNNING
="2026-08-10 12:25:56",65155,330502,18957,311545,200000,+0.0127,0.1200,+0.0,+0.0000,NONE,RUNNING
="2026-08-10 12:26:56",65112,176455,145698,30756,200000,+0.0315,0.1200,+0.0,+0.0000,NONE,RUNNING
="2026-08-10 12:27:56",65083,12675,12675,0,200000,+0.0140,0.1200,+0.0,+0.0000,NONE,RUNNING
="2026-08-10 12:28:56",65072,25685,25685,0,200000,-0.0088,0.1200,+0.0,+0.0000,NONE,RUNNING
="2026-08-10 12:29:56",65036,143219,76069,67150,200000,-0.0057,0.1200,+0.0,+0.0000,NONE,RUNNING
="2026-08-10 12:30:56",65032,149931,39635,110295,200000,-0.0077,0.1200,+0.0,+0.0000,NONE,RUNNING
="2026-08-10 12:31:56",65020,227408,150797,76611,200000,+0.0009,0.1200,+0.0,+0.0000,NONE,RUNNING
="2026-08-10 12:32:56",65006,47661,23692,23969,200000,-0.0116,0.1200,+0.0,+0.0000,NONE,RUNNING
="2026-08-10 12:33:56",65041,98190,0,98190,200000,+0.0013,0.1200,+0.0,+0.0000,NONE,RUNNING
="2026-08-10 12:34:56",65060,23779,10234,13545,200000,-0.0022,0.1200,+0.0,+0.0000,NONE,RUNNING
="2026-08-10 12:35:56",65090,148793,94042,54751,200000,+0.0069,0.1200,+0.0,+0.0000,NONE,RUNNING
="2026-08-10 12:36:56",65070,11654,11654,0,200000,-0.0018,0.1200,+0.0,+0.0000,NONE,RUNNING
="2026-08-10 12:37:56",65092,76639,60570,16069,200000,-0.0011,0.1200,+0.0,+0.0000,NONE,RUNNING
="2026-08-10 12:38:56",65075,72665,72665,0,200000,+0.0010,0.1200,+0.0,+0.0000,NONE,RUNNING
="2026-08-10 12:39:56",65072,35108,23622,11486,200000,+0.0014,0.1200,+0.0,+0.0000,NONE,RUNNING
="2026-08-10 12:40:57",65079,26234,0,26234,200000,-0.0011,0.1200,+0.0,+0.0000,NONE,RUNNING
="2026-08-10 12:41:57",65074,49543,37038,12504,200000,-0.0038,0.1200,+0.0,+0.0000,NONE,RUNNING
="2026-08-10 12:42:57",65078,0,0,0,200000,-0.0009,0.1200,+0.0,+0.0000,NONE,RUNNING
="2026-08-10 12:43:57",65033,1806560,1727206,79353,200000,+0.0093,0.1200,+0.0,+0.0000,NONE,RUNNING
="2026-08-10 12:44:57",65021,12770,12770,0,200000,-0.0023,0.1200,+0.0,+0.0000,NONE,RUNNING
="2026-08-10 12:45:57",65041,1752973,64956,1688016,200000,+0.0005,0.1200,+0.0,+0.0000,NONE,RUNNING
="2026-08-10 12:46:57",65059,60424,35666,24757,200000,+0.0005,0.1200,+0.0,+0.0000,NONE,RUNNING
="2026-08-10 12:47:57",65053,102386,11116,91270,200000,-0.0028,0.1200,+0.0,+0.0000,NONE,RUNNING
="2026-08-10 12:48:57",65046,14516,14516,0,200000,-0.0018,0.1200,+0.0,+0.0000,NONE,RUNNING
="2026-08-10 12:49:57",65050,14453,0,14453,200000,-0.0001,0.1200,+0.0,+0.0000,NONE,RUNNING
="2026-08-10 12:50:57",65042,74215,45399,28815,200000,+0.0017,0.1200,+0.0,+0.0000,NONE,RUNNING
="2026-08-10 12:51:57",65022,210405,210405,0,200000,-0.0002,0.1200,+0.0,+0.0000,NONE,RUNNING
="2026-08-10 12:52:57",65001,138935,138935,0,200000,-0.0014,0.1200,+0.0,+0.0000,NONE,RUNNING
="2026-08-10 12:53:57",65001,205286,20800,184486,200000,-0.0012,0.1200,+0.0,+0.0000,NONE,RUNNING
="2026-08-10 12:54:57",64988,10106,10106,0,200000,-0.0081,0.1200,+0.0,+0.0000,NONE,RUNNING
="2026-08-10 12:55:57",64984,75389,39514,35875,200000,-0.0027,0.1200,+0.0,+0.0000,NONE,RUNNING
="2026-08-10 12:56:58",64983,162742,32791,129950,200000,-0.0101,0.1200,+0.0,+0.0000,NONE,RUNNING
="2026-08-10 12:57:58",64969,27207,14148,13058,200000,-0.0084,0.1200,+0.0,+0.0000,NONE,RUNNING
="2026-08-10 12:58:58",64969,345215,154538,190676,200000,-0.0177,0.1200,+0.0,+0.0000,NONE,RUNNING
="2026-08-10 12:59:47",64983,384028,51229,332798,200000,-0.0632,0.1200,+0.0,+0.0000,NONE,RUNNING
="2026-08-10 12:59:48",64983,384028,51229,332798,200000,-0.0632,0.1200,+0.0,+0.0000,NONE,RUNNING
="2026-08-10 12:59:49",64983,384028,51229,332798,200000,-0.0631,0.1200,+0.0,+0.0000,NONE,RUNNING
="2026-08-10 12:59:50",64983,356901,51229,305671,200000,-0.0631,0.1200,+0.0,+0.0000,NONE,RUNNING
="2026-08-10 12:59:51",64983,356901,51229,305671,200000,-0.0631,0.1200,+0.0,+0.0000,NONE,RUNNING
="2026-08-10 12:59:52",64983,356901,51229,305671,200000,-0.0628,0.1200,+0.0,+0.0000,NONE,RUNNING
="2026-08-10 12:59:53",64983,356901,51229,305671,200000,-0.0628,0.1200,+0.0,+0.0000,NONE,RUNNING
="2026-08-10 12:59:54",64983,356901,51229,305671,200000,-0.0628,0.1200,+0.0,+0.0000,NONE,RUNNING
="2026-08-10 12:59:55",64983,411880,118833,293046,200000,-0.0579,0.1200,+0.0,+0.0000,NONE,RUNNING
="2026-08-10 12:59:56",64982,411880,118833,293046,200000,-0.0570,0.1200,+0.0,+0.0000,NONE,RUNNING
="2026-08-10 12:59:57",64982,411880,118833,293046,200000,-0.0570,0.1200,+0.0,+0.0000,NONE,RUNNING
="2026-08-10 12:59:58",64982,411880,118833,293046,200000,-0.0571,0.1200,+0.0,+0.0000,NONE,RUNNING
="2026-08-10 12:59:59",64982,411880,118833,293046,200000,-0.0571,0.1200,+0.0,+0.0000,NONE,RUNNING
="2026-08-10 13:00:00",64982,411880,118833,293046,200000,-0.0571,0.1200,+0.0,+0.0000,NONE,RUNNING
="2026-08-10 13:00:01",64982,400891,107845,293046,200000,-0.0567,0.1200,+0.0,+0.0000,NONE,RUNNING
="2026-08-10 13:00:02",64973,400891,107845,293046,200000,-0.0571,0.1200,+0.0,+0.0000,NONE,RUNNING
="2026-08-10 13:00:03",64973,400891,107845,293046,200000,-0.0617,0.1200,+0.0,+0.0000,NONE,RUNNING
="2026-08-10 13:00:04",64972,400891,107845,293046,200000,-0.0617,0.1200,+0.0,+0.0000,NONE,RUNNING
="2026-08-10 13:00:05",64972,400891,107845,293046,200000,-0.0617,0.1200,+0.0,+0.0000,NONE,RUNNING
="2026-08-10 13:00:06",64972,400891,107845,293046,200000,-0.0613,0.1200,+0.0,+0.0000,NONE,RUNNING
="2026-08-10 13:00:07",64972,400891,107845,293046,200000,-0.0613,0.1200,+0.0,+0.0000,NONE,RUNNING
="2026-08-10 13:00:08",64972,400891,107845,293046,200000,-0.0613,0.1200,+0.0,+0.0000,NONE,RUNNING
="2026-08-10 13:00:09",64972,400891,107845,293046,200000,-0.0617,0.1200,+0.0,+0.0000,NONE,RUNNING
="2026-08-10 13:00:10",64972,400891,107845,293046,200000,-0.0617,0.1200,+0.0,+0.0000,NONE,RUNNING
="2026-08-10 13:00:11",64972,400891,107845,293046,200000,-0.0618,0.1200,+0.0,+0.0000,NONE,RUNNING
="2026-08-10 13:00:12",64972,400891,107845,293046,200000,-0.0618,0.1200,+0.0,+0.0000,NONE,RUNNING
="2026-08-10 13:00:13",64972,400891,107845,293046,200000,-0.0616,0.1200,+0.0,+0.0000,NONE,RUNNING
="2026-08-10 13:00:14",64971,360650,67603,293046,200000,-0.0616,0.1200,+0.0,+0.0000,NONE,RUNNING
="2026-08-10 13:00:15",64964,360650,67603,293046,200000,-0.0615,0.1200,+0.0,+0.0000,NONE,RUNNING
="2026-08-10 13:00:16",64962,360650,67603,293046,200000,-0.0656,0.1200,+0.0,+0.0000,NONE,RUNNING
="2026-08-10 13:00:17",64962,360650,67603,293046,200000,-0.0656,0.1200,+0.0,+0.0000,NONE,RUNNING
="2026-08-10 13:00:18",64962,360650,67603,293046,200000,-0.0764,0.1200,+0.0,+0.0000,NONE,RUNNING
="2026-08-10 13:00:19",64962,360650,67603,293046,200000,-0.0764,0.1200,+0.0,+0.0000,NONE,RUNNING
="2026-08-10 13:00:20",64962,360650,67603,293046,200000,-0.0764,0.1200,+0.0,+0.0000,NONE,RUNNING
="2026-08-10 13:00:21",64960,360650,67603,293046,200000,-0.0770,0.1200,+0.0,+0.0000,NONE,RUNNING
="2026-08-10 13:00:22",64960,360650,67603,293046,200000,-0.0770,0.1200,+0.0,+0.0000,NONE,RUNNING
="2026-08-10 13:00:24",64960,360650,67603,293046,200000,-0.0770,0.1200,+0.0,+0.0000,NONE,RUNNING
="2026-08-10 13:00:25",64960,360650,67603,293046,200000,-0.0770,0.1200,+0.0,+0.0000,NONE,RUNNING
="2026-08-10 13:00:26",64960,360650,67603,293046,200000,-0.0770,0.1200,+0.0,+0.0000,NONE,RUNNING
="2026-08-10 13:00:27",64960,360650,67603,293046,200000,-0.0768,0.1200,+0.0,+0.0000,NONE,RUNNING
="2026-08-10 13:00:28",64960,360650,67603,293046,200000,-0.0774,0.1200,+0.0,+0.0000,NONE,RUNNING
="2026-08-10 13:00:29",64960,360650,67603,293046,200000,-0.0774,0.1200,+0.0,+0.0000,NONE,RUNNING
="2026-08-10 13:00:30",64960,360650,67603,293046,200000,-0.0774,0.1200,+0.0,+0.0000,NONE,RUNNING
="2026-08-10 13:00:31",64960,360650,67603,293046,200000,-0.0774,0.1200,+0.0,+0.0000,NONE,RUNNING
="2026-08-10 13:00:32",64960,360650,67603,293046,200000,-0.0774,0.1200,+0.0,+0.0000,NONE,RUNNING
="2026-08-10 13:00:33",64960,360650,67603,293046,200000,-0.0804,0.1200,+0.0,+0.0000,NONE,RUNNING
="2026-08-10 13:00:34",64960,360650,67603,293046,200000,-0.0806,0.1200,+0.0,+0.0000,NONE,RUNNING
="2026-08-10 13:00:35",64960,360650,67603,293046,200000,-0.0806,0.1200,+0.0,+0.0000,NONE,RUNNING
="2026-08-10 13:00:36",64960,179585,67603,111981,200000,-0.0807,0.1200,+0.0,+0.0000,NONE,RUNNING
="2026-08-10 13:00:37",64973,382139,67603,314535,200000,-0.0807,0.1200,+0.0,+0.0000,NONE,RUNNING
="2026-08-10 13:00:38",64973,382139,67603,314535,200000,-0.0807,0.1200,+0.0,+0.0000,NONE,RUNNING
="2026-08-10 13:00:39",64973,382139,67603,314535,200000,-0.0401,0.1200,+0.0,+0.0000,NONE,RUNNING
="2026-08-10 13:00:40",64973,382139,67603,314535,200000,-0.0404,0.1200,+0.0,+0.0000,NONE,RUNNING
="2026-08-10 13:00:41",64973,382139,67603,314535,200000,-0.0404,0.1200,+0.0,+0.0000,NONE,RUNNING
="2026-08-10 13:00:42",64973,382139,67603,314535,200000,-0.0404,0.1200,+0.0,+0.0000,NONE,RUNNING
="2026-08-10 13:00:43",64973,446593,132057,314535,200000,-0.0714,0.1200,+0.0,+0.0000,NONE,RUNNING
="2026-08-10 13:00:44",64973,446593,132057,314535,200000,-0.0724,0.1200,+0.0,+0.0000,NONE,RUNNING
="2026-08-10 13:00:45",64973,334611,132057,202554,200000,-0.0724,0.1200,+0.0,+0.0000,NONE,RUNNING
="2026-08-10 13:00:46",64973,334611,132057,202554,200000,-0.0723,0.1200,+0.0,+0.0000,NONE,RUNNING
="2026-08-10 13:00:47",64973,334611,132057,202554,200000,-0.0723,0.1200,+0.0,+0.0000,NONE,RUNNING
="2026-08-10 13:00:48",64973,334611,132057,202554,200000,-0.0428,0.1200,+0.0,+0.0000,NONE,RUNNING
="2026-08-10 13:00:49",64986,371821,132057,239763,200000,-0.0428,0.1200,+0.0,+0.0000,NONE,RUNNING
="2026-08-10 13:00:50",64986,371821,132057,239763,200000,-0.0425,0.1200,+0.0,+0.0000,NONE,RUNNING
="2026-08-10 13:00:51",64986,371821,132057,239763,200000,-0.0425,0.1200,+0.0,+0.0000,NONE,RUNNING
="2026-08-10 13:00:52",64986,371821,132057,239763,200000,-0.0441,0.1200,+0.0,+0.0000,NONE,RUNNING
="2026-08-10 13:00:53",64988,384379,132057,252321,200000,-0.0441,0.1200,+0.0,+0.0000,NONE,RUNNING
="2026-08-10 13:00:54",64988,384379,132057,252321,200000,-0.0441,0.1200,+0.0,+0.0000,NONE,RUNNING
="2026-08-10 13:00:55",64988,316775,64454,252321,200000,-0.0441,0.1200,+0.0,+0.0000,NONE,RUNNING
="2026-08-10 13:00:56",64993,343098,64454,278644,200000,-0.0441,0.1200,+0.0,+0.0000,NONE,RUNNING
="2026-08-10 13:00:57",64993,343098,64454,278644,200000,-0.0449,0.1200,+0.0,+0.0000,NONE,RUNNING
="2026-08-10 13:00:58",64993,343098,64454,278644,200000,-0.0449,0.1200,+0.0,+0.0000,NONE,RUNNING
="2026-08-10 13:00:59",64993,343098,64454,278644,200000,-0.0433,0.1200,+0.0,+0.0000,NONE,RUNNING
="2026-08-10 13:01:00",64993,343098,64454,278644,200000,-0.0433,0.1200,+0.0,+0.0000,NONE,RUNNING
="2026-08-10 13:01:01",64993,343098,64454,278644,200000,-0.0433,0.1200,+0.0,+0.0000,NONE,RUNNING
="2026-08-10 13:01:02",64993,343098,64454,278644,200000,-0.0433,0.1200,+0.0,+0.0000,NONE,RUNNING
="2026-08-10 13:01:03",64993,384835,64454,320381,200000,-0.0429,0.1200,+0.0,+0.0000,NONE,RUNNING
="2026-08-10 13:01:04",64995,384835,64454,320381,200000,-0.0478,0.1200,+0.0,+0.0000,NONE,RUNNING
="2026-08-10 13:01:05",64995,384835,64454,320381,200000,-0.0478,0.1200,+0.0,+0.0000,NONE,RUNNING
="2026-08-10 13:01:06",64995,384835,64454,320381,200000,-0.0482,0.1200,+0.0,+0.0000,NONE,RUNNING
="2026-08-10 13:01:07",64995,384835,64454,320381,200000,-0.0482,0.1200,+0.0,+0.0000,NONE,RUNNING
="2026-08-10 13:01:08",64995,384835,64454,320381,200000,-0.0482,0.1200,+0.0,+0.0000,NONE,RUNNING
="2026-08-10 13:01:09",64995,384835,64454,320381,200000,-0.0478,0.1200,+0.0,+0.0000,NONE,RUNNING
="2026-08-10 13:01:10",64995,384835,64454,320381,200000,-0.0478,0.1200,+0.0,+0.0000,NONE,RUNNING
="2026-08-10 13:01:11",64995,384835,64454,320381,200000,-0.0485,0.1200,+0.0,+0.0000,NONE,RUNNING
="2026-08-10 13:01:12",64996,384835,64454,320381,200000,-0.0484,0.1200,+0.0,+0.0000,NONE,RUNNING
="2026-08-10 13:01:13",65001,384835,64454,320381,200000,-0.0497,0.1200,+0.0,+0.0000,NONE,RUNNING
="2026-08-10 13:01:14",65001,384835,64454,320381,200000,-0.0497,0.1200,+0.0,+0.0000,NONE,RUNNING
="2026-08-10 13:01:15",65002,384835,64454,320381,200000,-0.0498,0.1200,+0.0,+0.0000,NONE,RUNNING
="2026-08-10 13:01:16",65002,384835,64454,320381,200000,-0.0498,0.1200,+0.0,+0.0000,NONE,RUNNING
="2026-08-10 13:01:17",65002,384835,64454,320381,200000,-0.0487,0.1200,+0.0,+0.0000,NONE,RUNNING
="2026-08-10 13:01:18",65002,384835,64454,320381,200000,-0.0379,0.1200,+0.0,+0.0000,NONE,RUNNING
="2026-08-10 13:01:19",65002,384835,64454,320381,200000,-0.0379,0.1200,+0.0,+0.0000,NONE,RUNNING
="2026-08-10 13:01:20",65002,384835,64454,320381,200000,-0.0316,0.1200,+0.0,+0.0000,NONE,RUNNING
="2026-08-10 13:01:21",65002,384835,64454,320381,200000,-0.0310,0.1200,+0.0,+0.0000,NONE,RUNNING
="2026-08-10 13:01:22",65002,384835,64454,320381,200000,-0.0310,0.1200,+0.0,+0.0000,NONE,RUNNING
="2026-08-10 13:01:23",65002,384835,64454,320381,200000,-0.0312,0.1200,+0.0,+0.0000,NONE,RUNNING
="2026-08-10 13:01:24",65002,384835,64454,320381,200000,-0.0312,0.1200,+0.0,+0.0000,NONE,RUNNING
="2026-08-10 13:01:25",65002,384835,64454,320381,200000,-0.0312,0.1200,+0.0,+0.0000,NONE,RUNNING
="2026-08-10 13:01:26",65002,384835,64454,320381,200000,-0.0312,0.1200,+0.0,+0.0000,NONE,RUNNING
="2026-08-10 13:01:27",65002,384835,64454,320381,200000,-0.0306,0.1200,+0.0,+0.0000,NONE,RUNNING
="2026-08-10 13:01:28",65002,384835,64454,320381,200000,-0.0318,0.1200,+0.0,+0.0000,NONE,RUNNING
="2026-08-10 13:01:29",65002,384835,64454,320381,200000,-0.0318,0.1200,+0.0,+0.0000,NONE,RUNNING
="2026-08-10 13:01:30",65002,384835,64454,320381,200000,-0.0318,0.1200,+0.0,+0.0000,NONE,RUNNING
="2026-08-10 13:01:31",65002,384835,64454,320381,200000,-0.0318,0.1200,+0.0,+0.0000,NONE,RUNNING
="2026-08-10 13:01:32",65002,384835,64454,320381,200000,-0.0318,0.1200,+0.0,+0.0000,NONE,RUNNING
="2026-08-10 13:01:33",65002,384835,64454,320381,200000,-0.0316,0.1200,+0.0,+0.0000,NONE,RUNNING
="2026-08-10 13:01:34",65002,384835,64454,320381,200000,-0.0316,0.1200,+0.0,+0.0000,NONE,RUNNING
="2026-08-10 13:01:35",65002,384835,64454,320381,200000,-0.0324,0.1200,+0.0,+0.0000,NONE,RUNNING
="2026-08-10 13:01:36",65002,397714,64454,333260,200000,-0.0323,0.1200,+0.0,+0.0000,NONE,RUNNING
="2026-08-10 13:01:37",65004,195160,64454,130706,200000,-0.0323,0.1200,+0.0,+0.0000,NONE,RUNNING
="2026-08-10 13:01:38",65004,195160,64454,130706,200000,-0.0252,0.1200,+0.0,+0.0000,NONE,RUNNING
="2026-08-10 13:01:39",65004,195160,64454,130706,200000,-0.0249,0.1200,+0.0,+0.0000,NONE,RUNNING
="2026-08-10 13:01:40",65004,195160,64454,130706,200000,-0.0249,0.1200,+0.0,+0.0000,NONE,RUNNING
="2026-08-10 13:01:41",65005,195160,64454,130706,200000,-0.0249,0.1200,+0.0,+0.0000,NONE,RUNNING
="2026-08-10 13:01:42",65005,195160,64454,130706,200000,+0.0061,0.1200,+0.0,+0.0000,NONE,RUNNING
="2026-08-10 13:01:43",65005,130706,0,130706,200000,+0.0061,0.1200,+0.0,+0.0000,NONE,RUNNING
="2026-08-10 13:01:44",65007,130706,0,130706,200000,+0.0078,0.1200,+0.0,+0.0000,NONE,RUNNING
="2026-08-10 13:01:45",65007,242597,111891,130706,200000,+0.0078,0.1200,+0.0,+0.0000,NONE,RUNNING
="2026-08-10 13:01:46",65007,242597,111891,130706,200000,+0.0076,0.1200,+0.0,+0.0000,NONE,RUNNING
="2026-08-10 13:01:47",65005,242597,111891,130706,200000,+0.0072,0.1200,+0.0,+0.0000,NONE,RUNNING
="2026-08-10 13:02:47",64996,241117,241117,0,200000,+0.0054,0.1200,+0.0,+0.0000,NONE,RUNNING
="2026-08-10 13:03:48",65033,143052,50240,92811,200000,-0.0113,0.1200,+0.0,+0.0000,NONE,RUNNING
="2026-08-10 13:04:48",65036,28903,0,28903,200000,-0.0012,0.1200,+0.0,+0.0000,NONE,RUNNING
="2026-08-10 13:05:48",65049,283250,34079,249171,200000,-0.0344,0.1200,+0.0,+0.0000,NONE,RUNNING
="2026-08-10 13:06:48",65037,46723,11108,35614,200000,-0.0027,0.1200,+0.0,+0.0000,NONE,RUNNING
="2026-08-10 13:07:48",65027,63859,35343,28515,200000,-0.0044,0.1200,+0.0,+0.0000,NONE,RUNNING
="2026-08-10 13:08:48",65045,53838,0,53838,200000,+0.0028,0.1200,+0.0,+0.0000,NONE,RUNNING
="2026-08-10 13:09:48",65044,12580,12580,0,200000,-0.0002,0.1200,+0.0,+0.0000,NONE,RUNNING
="2026-08-10 13:10:48",65036,11574,11574,0,200000,-0.0030,0.1200,+0.0,+0.0000,NONE,RUNNING
="2026-08-10 13:11:48",65036,12403,0,12403,200000,+0.0034,0.1200,+0.0,+0.0000,NONE,RUNNING
="2026-08-10 13:12:48",65052,0,0,0,200000,+0.0024,0.1200,+0.0,+0.0000,NONE,RUNNING
="2026-08-10 13:13:48",65054,0,0,0,200000,+0.0001,0.1200,+0.0,+0.0000,NONE,RUNNING
="2026-08-10 13:14:48",65069,0,0,0,200000,+0.0001,0.1200,+0.0,+0.0000,NONE,RUNNING
="2026-08-10 13:15:48",65080,71704,0,71704,200000,+0.0059,0.1200,+0.0,+0.0000,NONE,RUNNING
="2026-08-10 13:16:48",65085,62905,32886,30019,200000,+0.0049,0.1200,+0.0,+0.0000,NONE,RUNNING
="2026-08-10 13:17:48",65072,67597,57432,10165,200000,+0.0040,0.1200,+0.0,+0.0000,NONE,RUNNING
="2026-08-10 13:18:48",65086,135606,109566,26040,200000,+0.0078,0.1200,+0.0,+0.0000,NONE,RUNNING
="2026-08-10 13:19:48",65066,54606,22073,32533,200000,-0.0036,0.1200,+0.0,+0.0000,NONE,RUNNING
="2026-08-10 13:20:48",65066,53623,0,53623,200000,-0.0024,0.1200,+0.0,+0.0000,NONE,RUNNING
="2026-08-10 13:21:48",65070,0,0,0,200000,+0.0003,0.1200,+0.0,+0.0000,NONE,RUNNING
="2026-08-10 13:22:49",65070,28703,28703,0,200000,-0.0008,0.1200,+0.0,+0.0000,NONE,RUNNING
="2026-08-10 13:23:49",65069,56935,24401,32534,200000,-0.0013,0.1200,+0.0,+0.0000,NONE,RUNNING
="2026-08-10 13:24:49",65060,44261,24401,19859,200000,+0.0002,0.1200,+0.0,+0.0000,NONE,RUNNING
="2026-08-10 13:25:49",65050,43149,43149,0,200000,+0.0002,0.1200,+0.0,+0.0000,NONE,RUNNING
="2026-08-10 13:26:49",65065,35801,0,35801,200000,-0.0031,0.1200,+0.0,+0.0000,NONE,RUNNING
="2026-08-10 13:27:49",65065,55806,0,55806,200000,-0.0004,0.1200,+0.0,+0.0000,NONE,RUNNING
="2026-08-10 13:28:49",65072,0,0,0,200000,-0.0056,0.1200,+0.0,+0.0000,NONE,RUNNING
="2026-08-10 13:29:49",65025,5036502,4177352,859149,200000,+0.0309,0.1200,+0.0,+0.0000,NONE,RUNNING
="2026-08-10 13:30:49",65028,0,0,0,200000,-0.0004,0.1200,+0.0,+0.0000,NONE,RUNNING
="2026-08-10 13:31:49",65035,217418,159867,57550,200000,-0.0026,0.1200,+0.0,+0.0000,NONE,RUNNING
="2026-08-10 13:32:49",65037,222371,25899,196471,200000,-0.0052,0.1200,+0.0,+0.0000,NONE,RUNNING
="2026-08-10 13:33:49",65002,305244,186929,118315,200000,-0.0054,0.1200,+0.0,+0.0000,NONE,RUNNING
="2026-08-10 13:34:49",65027,102236,0,102236,200000,-0.0050,0.1200,+0.0,+0.0000,NONE,RUNNING
="2026-08-10 13:35:49",65031,0,0,0,200000,-0.0002,0.1200,+0.0,+0.0000,NONE,RUNNING
="2026-08-10 13:36:49",65026,23656,23656,0,200000,-0.0015,0.1200,+0.0,+0.0000,NONE,RUNNING
="2026-08-10 13:37:49",65021,0,0,0,200000,-0.0169,0.1200,+0.0,+0.0000,NONE,RUNNING
="2026-08-10 13:38:49",65036,72540,0,72540,200000,-0.0104,0.1200,+0.0,+0.0000,NONE,RUNNING
="2026-08-10 13:39:49",65031,0,0,0,200000,-0.0021,0.1200,+0.0,+0.0000,NONE,RUNNING
="2026-08-10 13:40:50",64962,452080,280875,171205,200000,+0.0091,0.1200,+0.0,+0.0000,NONE,RUNNING
="2026-08-10 13:41:50",64962,891326,331680,559646,200000,+0.0162,0.1200,+0.0,+0.0000,NONE,RUNNING
="2026-08-10 13:42:50",64968,3691690,3328121,363569,200000,-0.0023,0.1200,+0.0,+0.0000,NONE,RUNNING
="2026-08-10 13:43:50",64999,11686,11686,0,200000,-0.0109,0.1200,+0.0,+0.0000,NONE,RUNNING
="2026-08-10 13:44:50",65009,47351,0,47351,200000,+0.0019,0.1200,+0.0,+0.0000,NONE,RUNNING
="2026-08-10 13:45:50",65042,78832,40440,38391,200000,-0.0131,0.1200,+0.0,+0.0000,NONE,RUNNING
="2026-08-10 13:46:50",65034,175704,75475,100228,200000,+0.0026,0.1200,+0.0,+0.0000,NONE,RUNNING
="2026-08-10 13:47:50",65052,89919,0,89919,200000,+0.0082,0.1200,+0.0,+0.0000,NONE,RUNNING
="2026-08-10 13:48:50",65048,11831,11831,0,200000,-0.0017,0.1200,+0.0,+0.0000,NONE,RUNNING
="2026-08-10 13:49:50",65031,62925,62925,0,200000,+0.0029,0.1200,+0.0,+0.0000,NONE,RUNNING
="2026-08-10 13:50:50",65032,33605,0,33605,200000,-0.0039,0.1200,+0.0,+0.0000,NONE,RUNNING
="2026-08-10 13:51:50",65032,0,0,0,200000,-0.0003,0.1200,+0.0,+0.0000,NONE,RUNNING
="2026-08-10 13:52:50",65030,122182,91519,30663,200000,+0.0005,0.1200,+0.0,+0.0000,NONE,RUNNING
="2026-08-10 13:53:50",65030,10259,0,10259,200000,+0.0002,0.1200,+0.0,+0.0000,NONE,RUNNING
="2026-08-10 13:54:50",65030,0,0,0,200000,-0.0033,0.1200,+0.0,+0.0000,NONE,RUNNING
="2026-08-10 13:55:50",65024,0,0,0,200000,-0.0050,0.1200,+0.0,+0.0000,NONE,RUNNING
="2026-08-10 13:56:50",64987,165272,165272,0,200000,-0.0045,0.1200,+0.0,+0.0000,NONE,RUNNING
="2026-08-10 13:57:50",64990,0,0,0,200000,+0.0013,0.1200,+0.0,+0.0000,NONE,RUNNING
="2026-08-10 13:58:50",64989,22072,0,22072,200000,-0.0008,0.1200,+0.0,+0.0000,NONE,RUNNING
="2026-08-10 13:59:50",65006,148227,100470,47756,200000,+0.0029,0.1200,+0.0,+0.0000,NONE,RUNNING
="2026-08-10 14:00:50",65013,0,0,0,200000,+0.0040,0.1200,+0.0,+0.0000,NONE,RUNNING
="2026-08-10 14:01:50",64998,29072,29072,0,200000,-0.0019,0.1200,+0.0,+0.0000,NONE,RUNNING
="2026-08-10 14:02:51",65006,0,0,0,200000,-0.0080,0.1200,+0.0,+0.0000,NONE,RUNNING
="2026-08-10 14:03:51",65013,376294,0,376294,200000,-0.0087,0.1200,+0.0,+0.0000,NONE,RUNNING
="2026-08-10 14:04:51",65023,87156,0,87156,200000,+0.0000,0.1200,+0.0,+0.0000,NONE,RUNNING
="2026-08-10 14:05:51",65046,46883,0,46883,200000,-0.0002,0.1200,+0.0,+0.0000,NONE,RUNNING
="2026-08-10 14:06:51",65052,41459,0,41459,200000,+0.0030,0.1200,+0.0,+0.0000,NONE,RUNNING
="2026-08-10 14:07:51",65048,0,0,0,200000,+0.0010,0.1200,+0.0,+0.0000,NONE,RUNNING
="2026-08-10 14:08:51",65048,0,0,0,200000,+0.0001,0.1200,+0.0,+0.0000,NONE,RUNNING
="2026-08-10 14:09:51",65052,123668,0,123668,200000,+0.0043,0.1200,+0.0,+0.0000,NONE,RUNNING
="2026-08-10 14:10:51",65052,0,0,0,200000,+0.0018,0.1200,+0.0,+0.0000,NONE,RUNNING
="2026-08-10 14:11:51",65020,530127,530127,0,200000,+0.0015,0.1200,+0.0,+0.0000,NONE,RUNNING
="2026-08-10 14:12:51",65006,631781,631781,0,200000,-0.0052,0.1200,+0.0,+0.0000,NONE,RUNNING
="2026-08-10 14:13:51",64979,1902097,1646091,256005,200000,+0.0062,0.1200,+0.0,+0.0000,NONE,RUNNING
="2026-08-10 14:14:51",64987,114808,10349,104459,200000,-0.0034,0.1200,+0.0,+0.0000,NONE,RUNNING
="2026-08-10 14:15:51",65016,3431659,219180,3212479,200000,+0.0009,0.1200,+0.0,+0.0000,NONE,RUNNING
="2026-08-10 14:16:51",65022,53516,40474,13042,200000,-0.0037,0.1200,+0.0,+0.0000,NONE,RUNNING
="2026-08-10 14:17:52",65029,31049,0,31049,200000,+0.0006,0.1200,+0.0,+0.0000,NONE,RUNNING
="2026-08-10 14:18:52",65020,50337,50337,0,200000,-0.0009,0.1200,+0.0,+0.0000,NONE,RUNNING
="2026-08-10 14:19:52",65008,132376,132376,0,200000,-0.0072,0.1200,+0.0,+0.0000,NONE,RUNNING
="2026-08-10 14:20:52",65017,101292,68135,33157,200000,-0.0045,0.1200,+0.0,+0.0000,NONE,RUNNING
="2026-08-10 14:21:52",65015,96053,83803,12249,200000,+0.0020,0.1200,+0.0,+0.0000,NONE,RUNNING
="2026-08-10 14:22:52",65020,96349,0,96349,200000,-0.0034,0.1200,+0.0,+0.0000,NONE,RUNNING
="2026-08-10 14:23:52",65049,21189,0,21189,200000,-0.0002,0.1200,+0.0,+0.0000,NONE,RUNNING
="2026-08-10 14:24:52",65052,46287,0,46287,200000,-0.0014,0.1200,+0.0,+0.0000,NONE,RUNNING
="2026-08-10 14:25:52",65042,32697,20538,12158,200000,-0.0028,0.1200,+0.0,+0.0000,NONE,RUNNING
="2026-08-10 14:26:52",65037,252166,66089,186077,200000,-0.0027,0.1200,+0.0,+0.0000,NONE,RUNNING
="2026-08-10 14:27:52",65040,33916,0,33916,200000,+0.0002,0.1200,+0.0,+0.0000,NONE,RUNNING
="2026-08-10 14:28:52",65044,26729,0,26729,200000,-0.0004,0.1200,+0.0,+0.0000,NONE,RUNNING
="2026-08-10 14:29:52",65041,164674,88322,76351,200000,+0.0013,0.1200,+0.0,+0.0000,NONE,RUNNING
="2026-08-10 14:30:52",65036,30406,14878,15528,200000,-0.0024,0.1200,+0.0,+0.0000,NONE,RUNNING
="2026-08-10 14:31:52",65042,0,0,0,200000,-0.0034,0.1200,+0.0,+0.0000,NONE,RUNNING
="2026-08-10 14:32:52",65028,69345,11705,57640,200000,+0.0067,0.1200,+0.0,+0.0000,NONE,RUNNING
="2026-08-10 14:33:52",65041,26537,0,26537,200000,-0.0010,0.1200,+0.0,+0.0000,NONE,RUNNING
="2026-08-10 14:34:52",65045,26896,0,26896,200000,+0.0004,0.1200,+0.0,+0.0000,NONE,RUNNING
="2026-08-10 14:35:52",65052,12046,0,12046,200000,+0.0012,0.1200,+0.0,+0.0000,NONE,RUNNING
="2026-08-10 14:36:53",65053,0,0,0,200000,-0.0062,0.1200,+0.0,+0.0000,NONE,RUNNING
="2026-08-10 14:37:53",65083,131103,39142,91961,200000,-0.0087,0.1200,+0.0,+0.0000,NONE,RUNNING
="2026-08-10 14:38:53",65062,10675,10675,0,200000,+0.0075,0.1200,+0.0,+0.0000,NONE,RUNNING
="2026-08-10 14:39:53",65064,11534,0,11534,200000,+0.0007,0.1200,+0.0,+0.0000,NONE,RUNNING
="2026-08-10 14:40:53",65060,0,0,0,200000,+0.0024,0.1200,+0.0,+0.0000,NONE,RUNNING
="2026-08-10 14:41:53",65065,0,0,0,200000,-0.0034,0.1200,+0.0,+0.0000,NONE,RUNNING
="2026-08-10 14:42:53",65077,0,0,0,200000,-0.0043,0.1200,+0.0,+0.0000,NONE,RUNNING
="2026-08-10 14:43:53",65077,0,0,0,200000,+0.0030,0.1200,+0.0,+0.0000,NONE,RUNNING
="2026-08-10 14:44:53",65083,30714,30714,0,200000,+0.0036,0.1200,+0.0,+0.0000,NONE,RUNNING
="2026-08-10 14:45:53",65085,128188,0,128188,200000,-0.0002,0.1200,+0.0,+0.0000,NONE,RUNNING
="2026-08-10 14:46:53",65078,163329,163329,0,200000,+0.0032,0.1200,+0.0,+0.0000,NONE,RUNNING
="2026-08-10 14:47:53",65077,0,0,0,200000,+0.0035,0.1200,+0.0,+0.0000,NONE,RUNNING
="2026-08-10 14:48:53",65074,168975,124208,44766,200000,-0.0135,0.1200,+0.0,+0.0000,NONE,RUNNING
="2026-08-10 14:49:53",65054,10222,0,10222,200000,-0.0000,0.1200,+0.0,+0.0000,NONE,RUNNING
="2026-08-10 14:50:53",65057,124239,83407,40832,200000,-0.0065,0.1200,+0.0,+0.0000,NONE,RUNNING
="2026-08-10 14:51:53",65068,0,0,0,200000,-0.0014,0.1200,+0.0,+0.0000,NONE,RUNNING
="2026-08-10 14:52:43",65069,256863,44690,212173,200000,+0.0713,0.1200,+0.0,+0.0000,NONE,RUNNING
="2026-08-10 14:52:44",65070,256863,44690,212173,200000,+0.0713,0.1200,+0.0,+0.0000,NONE,RUNNING
="2026-08-10 14:52:45",65069,256863,44690,212173,200000,+0.0713,0.1200,+0.0,+0.0000,NONE,RUNNING
="2026-08-10 14:52:46",65070,256863,44690,212173,200000,+0.0713,0.1200,+0.0,+0.0000,NONE,RUNNING
="2026-08-10 14:52:47",65070,256863,44690,212173,200000,+0.0713,0.1200,+0.0,+0.0000,NONE,RUNNING
="2026-08-10 14:52:48",65069,256863,44690,212173,200000,+0.0713,0.1200,+0.0,+0.0000,NONE,RUNNING
="2026-08-10 14:52:50",65069,256863,44690,212173,200000,+0.0713,0.1200,+0.0,+0.0000,NONE,RUNNING
="2026-08-10 14:52:51",65069,256863,44690,212173,200000,+0.0713,0.1200,+0.0,+0.0000,NONE,RUNNING
="2026-08-10 14:52:52",65069,256863,44690,212173,200000,+0.0713,0.1200,+0.0,+0.0000,NONE,RUNNING
="2026-08-10 14:52:53",65069,256863,44690,212173,200000,+0.0706,0.1200,+0.0,+0.0000,NONE,RUNNING
="2026-08-10 14:52:54",65070,256863,44690,212173,200000,+0.0706,0.1200,+0.0,+0.0000,NONE,RUNNING
="2026-08-10 14:52:55",65070,256863,44690,212173,200000,+0.0706,0.1200,+0.0,+0.0000,NONE,RUNNING
="2026-08-10 14:52:56",65070,256863,44690,212173,200000,+0.0706,0.1200,+0.0,+0.0000,NONE,RUNNING
="2026-08-10 14:52:57",65070,256863,44690,212173,200000,+0.0703,0.1200,+0.0,+0.0000,NONE,RUNNING
="2026-08-10 14:52:58",65070,256863,44690,212173,200000,+0.0703,0.1200,+0.0,+0.0000,NONE,RUNNING
="2026-08-10 14:52:59",65069,256863,44690,212173,200000,+0.0703,0.1200,+0.0,+0.0000,NONE,RUNNING
="2026-08-10 14:53:00",65070,256863,44690,212173,200000,+0.0703,0.1200,+0.0,+0.0000,NONE,RUNNING
="2026-08-10 14:53:01",65070,212173,0,212173,200000,+0.0708,0.1200,+0.0,+0.0000,NONE,RUNNING
="2026-08-10 14:53:02",65087,279000,0,279000,200000,+0.0706,0.1200,+0.0,+0.0000,NONE,RUNNING
="2026-08-10 14:53:03",65091,279000,0,279000,200000,+0.0706,0.1200,+0.0,+0.0000,NONE,RUNNING
="2026-08-10 14:53:04",65091,279000,0,279000,200000,+0.0608,0.1200,+0.0,+0.0000,NONE,RUNNING
="2026-08-10 14:53:05",65097,279000,0,279000,200000,+0.0852,0.1200,+0.0,+0.0000,NONE,RUNNING
="2026-08-10 14:53:06",65097,279000,0,279000,200000,+0.0852,0.1200,+0.0,+0.0000,NONE,RUNNING
="2026-08-10 14:53:07",65097,279000,0,279000,200000,+0.0851,0.1200,+0.0,+0.0000,NONE,RUNNING
="2026-08-10 14:53:08",65097,279000,0,279000,200000,+0.0851,0.1200,+0.0,+0.0000,NONE,RUNNING
="2026-08-10 14:53:09",65097,279000,0,279000,200000,+0.0850,0.1200,+0.0,+0.0000,NONE,RUNNING
="2026-08-10 14:53:10",65105,713468,0,713468,200000,+0.0850,0.1200,+0.0,+0.0000,NONE,RUNNING
="2026-08-10 14:53:11",65111,713468,0,713468,200000,+0.0850,0.1200,+0.0,+0.0000,NONE,RUNNING
="2026-08-10 14:53:12",65111,713468,0,713468,200000,+0.0850,0.1200,+0.0,+0.0000,NONE,RUNNING
="2026-08-10 14:53:13",65111,713468,0,713468,200000,+0.0850,0.1200,+0.0,+0.0000,NONE,RUNNING
="2026-08-10 14:53:14",65111,713468,0,713468,200000,+0.0806,0.1200,+0.0,+0.0000,NONE,RUNNING
="2026-08-10 14:53:15",65111,713468,0,713468,200000,+0.0806,0.1200,+0.0,+0.0000,NONE,RUNNING
="2026-08-10 14:53:16",65111,713468,0,713468,200000,+0.0806,0.1200,+0.0,+0.0000,NONE,RUNNING
="2026-08-10 14:53:17",65111,713468,0,713468,200000,+0.0806,0.1200,+0.0,+0.0000,NONE,RUNNING
="2026-08-10 14:53:18",65111,610056,0,610056,200000,+0.0802,0.1200,+0.0,+0.0000,NONE,RUNNING
="2026-08-10 14:53:19",65111,610056,0,610056,200000,+0.0802,0.1200,+0.0,+0.0000,NONE,RUNNING
="2026-08-10 14:53:20",65111,610056,0,610056,200000,+0.0802,0.1200,+0.0,+0.0000,NONE,RUNNING
="2026-08-10 14:53:21",65111,610056,0,610056,200000,+0.0802,0.1200,+0.0,+0.0000,NONE,RUNNING
="2026-08-10 14:53:22",65111,610056,0,610056,200000,+0.0504,0.1200,+0.0,+0.0000,NONE,RUNNING
="2026-08-10 14:53:23",65111,610056,0,610056,200000,+0.0504,0.1200,+0.0,+0.0000,NONE,RUNNING
="2026-08-10 14:53:24",65111,610056,0,610056,200000,+0.0501,0.1200,+0.0,+0.0000,NONE,RUNNING
="2026-08-10 14:53:25",65111,610056,0,610056,200000,+0.0501,0.1200,+0.0,+0.0000,NONE,RUNNING
="2026-08-10 14:53:26",65104,610056,0,610056,200000,+0.0501,0.1200,+0.0,+0.0000,NONE,RUNNING
="2026-08-10 14:53:27",65104,610056,0,610056,200000,+0.0501,0.1200,+0.0,+0.0000,NONE,RUNNING
="2026-08-10 14:53:28",65104,610056,0,610056,200000,+0.0501,0.1200,+0.0,+0.0000,NONE,RUNNING
="2026-08-10 14:53:29",65102,610056,0,610056,200000,+0.0499,0.1200,+0.0,+0.0000,NONE,RUNNING
="2026-08-10 14:53:30",65100,610056,0,610056,200000,+0.0499,0.1200,+0.0,+0.0000,NONE,RUNNING
="2026-08-10 14:53:31",65100,610056,0,610056,200000,+0.0499,0.1200,+0.0,+0.0000,NONE,RUNNING
="2026-08-10 14:53:32",65100,610056,0,610056,200000,+0.0499,0.1200,+0.0,+0.0000,NONE,RUNNING
="2026-08-10 14:53:33",65100,610056,0,610056,200000,+0.0500,0.1200,+0.0,+0.0000,NONE,RUNNING
="2026-08-10 14:53:34",65100,610056,0,610056,200000,+0.0500,0.1200,+0.0,+0.0000,NONE,RUNNING
="2026-08-10 14:53:35",65100,610056,0,610056,200000,+0.0501,0.1200,+0.0,+0.0000,NONE,RUNNING
="2026-08-10 14:53:36",65100,610056,0,610056,200000,+0.0499,0.1200,+0.0,+0.0000,NONE,RUNNING
="2026-08-10 14:53:37",65100,610056,0,610056,200000,+0.0499,0.1200,+0.0,+0.0000,NONE,RUNNING
="2026-08-10 14:53:38",65100,610056,0,610056,200000,+0.0501,0.1200,+0.0,+0.0000,NONE,RUNNING
="2026-08-10 14:53:39",65100,501295,0,501295,200000,+0.0501,0.1200,+0.0,+0.0000,NONE,RUNNING
="2026-08-10 14:53:40",65100,501295,0,501295,200000,+0.0501,0.1200,+0.0,+0.0000,NONE,RUNNING
="2026-08-10 14:53:41",65099,501295,0,501295,200000,+0.0501,0.1200,+0.0,+0.0000,NONE,RUNNING
="2026-08-10 14:53:42",65099,501295,0,501295,200000,+0.0505,0.1200,+0.0,+0.0000,NONE,RUNNING
="2026-08-10 14:53:43",65097,501295,0,501295,200000,+0.0505,0.1200,+0.0,+0.0000,NONE,RUNNING
="2026-08-10 14:53:44",65097,501295,0,501295,200000,+0.0180,0.1200,+0.0,+0.0000,NONE,RUNNING
="2026-08-10 14:53:45",65097,501295,0,501295,200000,+0.0180,0.1200,+0.0,+0.0000,NONE,RUNNING
="2026-08-10 14:53:46",65097,501295,0,501295,200000,+0.0180,0.1200,+0.0,+0.0000,NONE,RUNNING
="2026-08-10 14:53:47",65099,501295,0,501295,200000,+0.0180,0.1200,+0.0,+0.0000,NONE,RUNNING
="2026-08-10 14:53:48",65100,501295,0,501295,200000,+0.0180,0.1200,+0.0,+0.0000,NONE,RUNNING
="2026-08-10 14:53:49",65099,501295,0,501295,200000,+0.0180,0.1200,+0.0,+0.0000,NONE,RUNNING
="2026-08-10 14:53:50",65100,501295,0,501295,200000,+0.0180,0.1200,+0.0,+0.0000,NONE,RUNNING
="2026-08-10 14:53:51",65099,501295,0,501295,200000,+0.0151,0.1200,+0.0,+0.0000,NONE,RUNNING
="2026-08-10 14:53:52",65100,501295,0,501295,200000,+0.0151,0.1200,+0.0,+0.0000,NONE,RUNNING
="2026-08-10 14:53:53",65100,501295,0,501295,200000,+0.0158,0.1200,+0.0,+0.0000,NONE,RUNNING
="2026-08-10 14:53:54",65100,501295,0,501295,200000,+0.0158,0.1200,+0.0,+0.0000,NONE,RUNNING
="2026-08-10 14:53:55",65100,501295,0,501295,200000,+0.0158,0.1200,+0.0,+0.0000,NONE,RUNNING
="2026-08-10 14:53:56",65099,501295,0,501295,200000,+0.0161,0.1200,+0.0,+0.0000,NONE,RUNNING
="2026-08-10 14:53:57",65099,501295,0,501295,200000,+0.0161,0.1200,+0.0,+0.0000,NONE,RUNNING
="2026-08-10 14:53:58",65099,501295,0,501295,200000,+0.0161,0.1200,+0.0,+0.0000,NONE,RUNNING
="2026-08-10 14:53:59",65099,501295,0,501295,200000,+0.0161,0.1200,+0.0,+0.0000,NONE,RUNNING
="2026-08-10 14:54:00",65099,501295,0,501295,200000,+0.0161,0.1200,+0.0,+0.0000,NONE,RUNNING
="2026-08-10 14:54:01",65100,457646,0,457646,200000,+0.0172,0.1200,+0.0,+0.0000,NONE,RUNNING
="2026-08-10 14:54:02",65100,434467,0,434467,200000,+0.0173,0.1200,+0.0,+0.0000,NONE,RUNNING
="2026-08-10 14:54:03",65100,434467,0,434467,200000,+0.0166,0.1200,+0.0,+0.0000,NONE,RUNNING
="2026-08-10 14:54:04",65100,434467,0,434467,200000,+0.0166,0.1200,+0.0,+0.0000,NONE,RUNNING
="2026-08-10 14:54:05",65100,867372,0,867372,200000,-0.0078,0.1200,+0.0,+0.0000,NONE,RUNNING
="2026-08-10 14:54:06",65111,867372,0,867372,200000,-0.0078,0.1200,+0.0,+0.0000,NONE,RUNNING
="2026-08-10 14:54:07",65111,867372,0,867372,200000,-0.0078,0.1200,+0.0,+0.0000,NONE,RUNNING
="2026-08-10 14:54:08",65120,867372,0,867372,200000,-0.0076,0.1200,+0.0,+0.0000,NONE,RUNNING
="2026-08-10 14:54:09",65119,432904,0,432904,200000,-0.0098,0.1200,+0.0,+0.0000,NONE,RUNNING
="2026-08-10 14:54:10",65119,432904,0,432904,200000,-0.0098,0.1200,+0.0,+0.0000,NONE,RUNNING
="2026-08-10 14:54:11",65119,432904,0,432904,200000,-0.0098,0.1200,+0.0,+0.0000,NONE,RUNNING
="2026-08-10 14:54:12",65120,432904,0,432904,200000,-0.0151,0.1200,+0.0,+0.0000,NONE,RUNNING
="2026-08-10 14:54:13",65120,432904,0,432904,200000,-0.0151,0.1200,+0.0,+0.0000,NONE,RUNNING
="2026-08-10 14:54:14",65120,432904,0,432904,200000,-0.0107,0.1200,+0.0,+0.0000,NONE,RUNNING
="2026-08-10 14:54:15",65120,432904,0,432904,200000,-0.0111,0.1200,+0.0,+0.0000,NONE,RUNNING
="2026-08-10 14:54:17",65120,432904,0,432904,200000,-0.0108,0.1200,+0.0,+0.0000,NONE,RUNNING
="2026-08-10 14:54:18",65120,432904,0,432904,200000,-0.0108,0.1200,+0.0,+0.0000,NONE,RUNNING
="2026-08-10 14:54:19",65120,432904,0,432904,200000,-0.0147,0.1200,+0.0,+0.0000,NONE,RUNNING
="2026-08-10 14:54:20",65120,432904,0,432904,200000,-0.0147,0.1200,+0.0,+0.0000,NONE,RUNNING
="2026-08-10 14:54:21",65120,432904,0,432904,200000,-0.0147,0.1200,+0.0,+0.0000,NONE,RUNNING
="2026-08-10 14:55:21",65150,307838,152147,155691,200000,+0.0284,0.1200,+0.0,+0.0000,NONE,RUNNING
="2026-08-10 14:56:21",65144,459662,422087,37575,200000,+0.0081,0.1200,+0.0,+0.0000,NONE,RUNNING
="2026-08-10 14:57:21",65137,35251,19551,15700,200000,+0.0069,0.1200,+0.0,+0.0000,NONE,RUNNING
="2026-08-10 14:58:21",65136,165386,111309,54077,200000,+0.0153,0.1200,+0.0,+0.0000,NONE,RUNNING
="2026-08-10 14:59:21",65132,0,0,0,200000,+0.0055,0.1200,+0.0,+0.0000,NONE,RUNNING
="2026-08-10 15:00:21",65160,792860,586205,206654,200000,+0.0482,0.1200,+0.0,+0.0000,NONE,RUNNING
="2026-08-10 15:01:21",65145,627358,482644,144713,200000,+0.0319,0.1200,+0.0,+0.0000,NONE,RUNNING
="2026-08-10 15:02:21",65166,220794,195497,25296,200000,+0.0070,0.1200,+0.0,+0.0000,NONE,RUNNING
="2026-08-10 15:03:21",65188,452999,262968,190031,200000,+0.0222,0.1200,+0.0,+0.0000,NONE,RUNNING
="2026-08-10 15:04:21",65208,533375,344186,189188,200000,-0.0054,0.1200,+0.0,+0.0000,NONE,RUNNING
="2026-08-10 15:05:21",65185,154209,123329,30880,200000,-0.0012,0.1200,+0.0,+0.0000,NONE,RUNNING
="2026-08-10 15:06:21",65208,60327,60327,0,200000,-0.0057,0.1200,+0.0,+0.0000,NONE,RUNNING
="2026-08-10 15:07:21",65270,617811,231418,386393,200000,+0.0458,0.1200,+0.0,+0.0000,NONE,RUNNING
="2026-08-10 15:07:27",65258,613278,281582,331695,200000,+0.0669,0.1200,+0.0,+0.0000,NONE,RUNNING
="2026-08-10 15:07:28",65258,624698,281582,343116,200000,+0.0669,0.1200,+0.0,+0.0000,NONE,RUNNING
="2026-08-10 15:07:29",65258,571496,281582,289914,200000,+0.0670,0.1200,+0.0,+0.0000,NONE,RUNNING
="2026-08-10 15:07:30",65250,600377,310462,289914,200000,+0.0670,0.1200,+0.0,+0.0000,NONE,RUNNING
="2026-08-10 15:07:31",65241,600377,310462,289914,200000,+0.0751,0.1200,+0.0,+0.0000,NONE,RUNNING
="2026-08-10 15:07:32",65241,600377,310462,289914,200000,+0.0640,0.1200,+0.0,+0.0000,NONE,RUNNING
="2026-08-10 15:07:33",65241,600377,310462,289914,200000,+0.0640,0.1200,+0.0,+0.0000,NONE,RUNNING
="2026-08-10 15:07:34",65241,634626,344712,289914,200000,+0.0739,0.1200,+0.0,+0.0000,NONE,RUNNING
="2026-08-10 15:07:35",65238,634626,344712,289914,200000,+0.0739,0.1200,+0.0,+0.0000,NONE,RUNNING
="2026-08-10 15:07:36",65222,634626,344712,289914,200000,+0.0706,0.1200,+0.0,+0.0000,NONE,RUNNING
="2026-08-10 15:07:37",65222,634626,344712,289914,200000,+0.0706,0.1200,+0.0,+0.0000,NONE,RUNNING
="2026-08-10 15:07:38",65222,606891,344712,262179,200000,+0.0664,0.1200,+0.0,+0.0000,NONE,RUNNING
="2026-08-10 15:07:39",65222,606891,344712,262179,200000,+0.0702,0.1200,+0.0,+0.0000,NONE,RUNNING
="2026-08-10 15:07:40",65222,606891,344712,262179,200000,+0.0702,0.1200,+0.0,+0.0000,NONE,RUNNING
="2026-08-10 15:07:41",65222,606891,344712,262179,200000,+0.0702,0.1200,+0.0,+0.0000,NONE,RUNNING
="2026-08-10 15:07:42",65221,606891,344712,262179,200000,+0.0658,0.1200,+0.0,+0.0000,NONE,RUNNING
="2026-08-10 15:07:43",65221,606891,344712,262179,200000,+0.0658,0.1200,+0.0,+0.0000,NONE,RUNNING
="2026-08-10 15:07:44",65215,606891,344712,262179,200000,+0.0658,0.1200,+0.0,+0.0000,NONE,RUNNING
="2026-08-10 15:07:45",65210,606891,344712,262179,200000,+0.0655,0.1200,+0.0,+0.0000,NONE,RUNNING
="2026-08-10 15:07:46",65207,606891,344712,262179,200000,+0.0652,0.1200,+0.0,+0.0000,NONE,RUNNING
="2026-08-10 15:07:47",65205,606891,344712,262179,200000,+0.0652,0.1200,+0.0,+0.0000,NONE,RUNNING
="2026-08-10 15:07:48",65205,606891,344712,262179,200000,+0.0647,0.1200,+0.0,+0.0000,NONE,RUNNING
="2026-08-10 15:07:49",65205,606891,344712,262179,200000,+0.0644,0.1200,+0.0,+0.0000,NONE,RUNNING
="2026-08-10 15:07:50",65205,606891,344712,262179,200000,+0.0644,0.1200,+0.0,+0.0000,NONE,RUNNING
="2026-08-10 15:07:51",65198,606891,344712,262179,200000,+0.0644,0.1200,+0.0,+0.0000,NONE,RUNNING
="2026-08-10 15:07:52",65196,606891,344712,262179,200000,+0.0646,0.1200,+0.0,+0.0000,NONE,RUNNING
="2026-08-10 15:07:53",65191,606891,344712,262179,200000,+0.0646,0.1200,+0.0,+0.0000,NONE,RUNNING
="2026-08-10 15:07:54",65190,606891,344712,262179,200000,+0.0641,0.1200,+0.0,+0.0000,NONE,RUNNING
="2026-08-10 15:07:55",65190,623297,361117,262179,200000,+0.0605,0.1200,+0.0,+0.0000,NONE,RUNNING
="2026-08-10 15:07:56",65190,623297,361117,262179,200000,+0.0605,0.1200,+0.0,+0.0000,NONE,RUNNING
="2026-08-10 15:07:57",65190,634112,361117,272994,200000,+0.0601,0.1200,+0.0,+0.0000,NONE,RUNNING
="2026-08-10 15:07:58",65190,634112,361117,272994,200000,+0.0603,0.1200,+0.0,+0.0000,NONE,RUNNING
="2026-08-10 15:07:59",65190,634112,361117,272994,200000,+0.0603,0.1200,+0.0,+0.0000,NONE,RUNNING
="2026-08-10 15:08:00",65190,634112,361117,272994,200000,+0.0603,0.1200,+0.0,+0.0000,NONE,RUNNING
="2026-08-10 15:08:01",65190,634112,361117,272994,200000,+0.0554,0.1200,+0.0,+0.0000,NONE,RUNNING
="2026-08-10 15:08:02",65193,634112,361117,272994,200000,+0.0554,0.1200,+0.0,+0.0000,NONE,RUNNING
="2026-08-10 15:08:03",65193,634112,361117,272994,200000,+0.0547,0.1200,+0.0,+0.0000,NONE,RUNNING
="2026-08-10 15:08:04",65193,634112,361117,272994,200000,+0.0547,0.1200,+0.0,+0.0000,NONE,RUNNING
="2026-08-10 15:08:05",65193,634112,361117,272994,200000,+0.0547,0.1200,+0.0,+0.0000,NONE,RUNNING
="2026-08-10 15:08:06",65198,634112,361117,272994,200000,+0.0547,0.1200,+0.0,+0.0000,NONE,RUNNING
="2026-08-10 15:08:07",65198,634112,361117,272994,200000,+0.0564,0.1200,+0.0,+0.0000,NONE,RUNNING
="2026-08-10 15:08:08",65198,659213,386218,272994,200000,+0.0564,0.1200,+0.0,+0.0000,NONE,RUNNING
="2026-08-10 15:08:09",65188,659213,386218,272994,200000,+0.0568,0.1200,+0.0,+0.0000,NONE,RUNNING
="2026-08-10 15:08:10",65188,659213,386218,272994,200000,+0.0568,0.1200,+0.0,+0.0000,NONE,RUNNING
="2026-08-10 15:08:11",65188,659213,386218,272994,200000,+0.0567,0.1200,+0.0,+0.0000,NONE,RUNNING
="2026-08-10 15:08:12",65188,403834,154800,249034,200000,+0.0562,0.1200,+0.0,+0.0000,NONE,RUNNING
="2026-08-10 15:08:13",65190,403834,154800,249034,200000,+0.0562,0.1200,+0.0,+0.0000,NONE,RUNNING
="2026-08-10 15:08:14",65191,403834,154800,249034,200000,+0.0556,0.1200,+0.0,+0.0000,NONE,RUNNING
="2026-08-10 15:08:15",65191,403834,154800,249034,200000,+0.0555,0.1200,+0.0,+0.0000,NONE,RUNNING
="2026-08-10 15:08:16",65191,341180,154800,186380,200000,+0.0550,0.1200,+0.0,+0.0000,NONE,RUNNING
="2026-08-10 15:08:17",65191,341180,154800,186380,200000,+0.0550,0.1200,+0.0,+0.0000,NONE,RUNNING
="2026-08-10 15:08:18",65191,341180,154800,186380,200000,+0.0314,0.1200,+0.0,+0.0000,NONE,RUNNING
="2026-08-10 15:08:19",65197,341180,154800,186380,200000,+0.0391,0.1200,+0.0,+0.0000,NONE,RUNNING
="2026-08-10 15:08:20",65197,279234,154800,124434,200000,+0.0391,0.1200,+0.0,+0.0000,NONE,RUNNING
="2026-08-10 15:08:21",65197,279234,154800,124434,200000,+0.0391,0.1200,+0.0,+0.0000,NONE,RUNNING
="2026-08-10 15:08:22",65197,279234,154800,124434,200000,+0.0434,0.1200,+0.0,+0.0000,NONE,RUNNING
="2026-08-10 15:08:23",65197,279234,154800,124434,200000,+0.0434,0.1200,+0.0,+0.0000,NONE,RUNNING
="2026-08-10 15:08:24",65198,126871,104636,22234,200000,+0.0434,0.1200,+0.0,+0.0000,NONE,RUNNING
="2026-08-10 15:08:25",65198,126871,104636,22234,200000,+0.0284,0.1200,+0.0,+0.0000,NONE,RUNNING
="2026-08-10 15:08:26",65199,126871,104636,22234,200000,+0.0284,0.1200,+0.0,+0.0000,NONE,RUNNING
="2026-08-10 15:08:27",65199,115451,104636,10814,200000,+0.0284,0.1200,+0.0,+0.0000,NONE,RUNNING
="2026-08-10 15:08:28",65199,115451,104636,10814,200000,+0.0205,0.1200,+0.0,+0.0000,NONE,RUNNING
="2026-08-10 15:08:29",65199,86570,75756,10814,200000,+0.0205,0.1200,+0.0,+0.0000,NONE,RUNNING
="2026-08-10 15:08:30",65199,86570,75756,10814,200000,+0.0124,0.1200,+0.0,+0.0000,NONE,RUNNING
="2026-08-10 15:08:31",65199,86570,75756,10814,200000,+0.0124,0.1200,+0.0,+0.0000,NONE,RUNNING
="2026-08-10 15:08:33",65199,86570,75756,10814,200000,+0.0129,0.1200,+0.0,+0.0000,NONE,RUNNING
="2026-08-10 15:08:34",65202,86570,75756,10814,200000,+0.0030,0.1200,+0.0,+0.0000,NONE,RUNNING
="2026-08-10 15:08:35",65202,52321,41506,10814,200000,+0.0030,0.1200,+0.0,+0.0000,NONE,RUNNING
="2026-08-10 15:08:36",65205,52321,41506,10814,200000,+0.0030,0.1200,+0.0,+0.0000,NONE,RUNNING
="2026-08-10 15:08:37",65205,52321,41506,10814,200000,+0.0063,0.1200,+0.0,+0.0000,NONE,RUNNING
="2026-08-10 15:08:38",65205,52321,41506,10814,200000,+0.0060,0.1200,+0.0,+0.0000,NONE,RUNNING
="2026-08-10 15:08:39",65205,52321,41506,10814,200000,+0.0060,0.1200,+0.0,+0.0000,NONE,RUNNING
="2026-08-10 15:08:40",65205,52321,41506,10814,200000,+0.0023,0.1200,+0.0,+0.0000,NONE,RUNNING
="2026-08-10 15:08:41",65205,52321,41506,10814,200000,+0.0023,0.1200,+0.0,+0.0000,NONE,RUNNING
="2026-08-10 15:08:42",65205,52321,41506,10814,200000,+0.0023,0.1200,+0.0,+0.0000,NONE,RUNNING
="2026-08-10 15:08:43",65205,52321,41506,10814,200000,+0.0044,0.1200,+0.0,+0.0000,NONE,RUNNING
="2026-08-10 15:08:44",65205,52321,41506,10814,200000,+0.0042,0.1200,+0.0,+0.0000,NONE,RUNNING
="2026-08-10 15:08:45",65204,52321,41506,10814,200000,+0.0042,0.1200,+0.0,+0.0000,NONE,RUNNING
="2026-08-10 15:08:46",65204,52321,41506,10814,200000,+0.0045,0.1200,+0.0,+0.0000,NONE,RUNNING
="2026-08-10 15:08:47",65203,52321,41506,10814,200000,+0.0053,0.1200,+0.0,+0.0000,NONE,RUNNING
="2026-08-10 15:08:48",65204,52321,41506,10814,200000,+0.0053,0.1200,+0.0,+0.0000,NONE,RUNNING
="2026-08-10 15:08:49",65204,52321,41506,10814,200000,+0.0056,0.1200,+0.0,+0.0000,NONE,RUNNING
="2026-08-10 15:08:50",65204,52321,41506,10814,200000,+0.0056,0.1200,+0.0,+0.0000,NONE,RUNNING
="2026-08-10 15:08:51",65204,52321,41506,10814,200000,+0.0056,0.1200,+0.0,+0.0000,NONE,RUNNING
="2026-08-10 15:08:52",65204,52321,41506,10814,200000,+0.0056,0.1200,+0.0,+0.0000,NONE,RUNNING
="2026-08-10 15:08:53",65204,52321,41506,10814,200000,+0.0058,0.1200,+0.0,+0.0000,NONE,RUNNING
="2026-08-10 15:08:54",65200,52321,41506,10814,200000,+0.0058,0.1200,+0.0,+0.0000,NONE,RUNNING
="2026-08-10 15:08:55",65200,35915,25100,10814,200000,+0.0094,0.1200,+0.0,+0.0000,NONE,RUNNING
="2026-08-10 15:08:56",65200,35915,25100,10814,200000,+0.0099,0.1200,+0.0,+0.0000,NONE,RUNNING
="2026-08-10 15:08:57",65200,35915,25100,10814,200000,+0.0099,0.1200,+0.0,+0.0000,NONE,RUNNING
="2026-08-10 15:08:58",65200,25100,25100,0,200000,+0.0097,0.1200,+0.0,+0.0000,NONE,RUNNING
="2026-08-10 15:08:59",65200,25100,25100,0,200000,+0.0097,0.1200,+0.0,+0.0000,NONE,RUNNING
="2026-08-10 15:09:00",65200,25100,25100,0,200000,+0.0144,0.1200,+0.0,+0.0000,NONE,RUNNING
="2026-08-10 15:09:01",65200,25100,25100,0,200000,+0.0144,0.1200,+0.0,+0.0000,NONE,RUNNING
="2026-08-10 15:10:01",65177,85511,39843,45668,200000,-0.0055,0.1200,+0.0,+0.0000,NONE,RUNNING
="2026-08-10 15:11:01",65187,146495,76344,70150,200000,-0.0009,0.1200,+0.0,+0.0000,NONE,RUNNING
="2026-08-10 15:12:01",65203,121943,121943,0,200000,+0.0071,0.1200,+0.0,+0.0000,NONE,RUNNING
="2026-08-10 15:13:01",65206,236498,164904,71593,200000,+0.0015,0.1200,+0.0,+0.0000,NONE,RUNNING
="2026-08-10 15:14:01",65210,102891,0,102891,200000,+0.0117,0.1200,+0.0,+0.0000,NONE,RUNNING
="2026-08-10 15:15:01",65200,171083,171083,0,200000,+0.0074,0.1200,+0.0,+0.0000,NONE,RUNNING
="2026-08-10 15:16:01",65219,293208,0,293208,200000,+0.0224,0.1200,+0.0,+0.0000,NONE,RUNNING
="2026-08-10 15:17:01",65194,567715,103077,464637,200000,+0.0111,0.1200,+0.0,+0.0000,NONE,RUNNING
="2026-08-10 15:18:01",65203,12522,0,12522,200000,+0.0137,0.1200,+0.0,+0.0000,NONE,RUNNING
="2026-08-10 15:19:01",65211,53170,53170,0,200000,+0.0045,0.1200,+0.0,+0.0000,NONE,RUNNING
="2026-08-10 15:20:01",65230,172237,112112,60125,200000,+0.0072,0.1200,+0.0,+0.0000,NONE,RUNNING
="2026-08-10 15:21:01",65207,123290,63682,59607,200000,+0.0014,0.1200,+0.0,+0.0000,NONE,RUNNING
="2026-08-10 15:22:02",65208,70142,44422,25719,200000,+0.0007,0.1200,+0.0,+0.0000,NONE,RUNNING
="2026-08-10 15:23:02",65194,185045,185045,0,200000,+0.0034,0.1200,+0.0,+0.0000,NONE,RUNNING
="2026-08-10 15:24:02",65203,0,0,0,200000,+0.0013,0.1200,+0.0,+0.0000,NONE,RUNNING
="2026-08-10 15:25:02",65207,86064,74835,11229,200000,+0.0006,0.1200,+0.0,+0.0000,NONE,RUNNING
="2026-08-10 15:26:02",65174,108044,108044,0,200000,-0.0033,0.1200,+0.0,+0.0000,NONE,RUNNING
="2026-08-10 15:27:02",65174,161436,161436,0,200000,+0.0027,0.1200,+0.0,+0.0000,NONE,RUNNING
="2026-08-10 15:28:02",65153,165047,165047,0,200000,+0.0029,0.1200,+0.0,+0.0000,NONE,RUNNING
="2026-08-10 15:29:02",65162,13032,13032,0,200000,+0.0005,0.1200,+0.0,+0.0000,NONE,RUNNING
="2026-08-10 15:30:02",65168,0,0,0,200000,+0.0022,0.1200,+0.0,+0.0000,NONE,RUNNING
="2026-08-10 15:31:02",65172,45620,45620,0,200000,+0.0048,0.1200,+0.0,+0.0000,NONE,RUNNING
="2026-08-10 15:32:02",65186,13182,0,13182,200000,-0.0009,0.1200,+0.0,+0.0000,NONE,RUNNING
="2026-08-10 15:33:02",65191,36482,0,36482,200000,-0.0011,0.1200,+0.0,+0.0000,NONE,RUNNING
="2026-08-10 15:34:02",65196,0,0,0,200000,+0.0044,0.1200,+0.0,+0.0000,NONE,RUNNING
="2026-08-10 15:35:02",65198,264942,251437,13505,200000,-0.0010,0.1200,+0.0,+0.0000,NONE,RUNNING
="2026-08-10 15:36:02",65199,12705,0,12705,200000,-0.0018,0.1200,+0.0,+0.0000,NONE,RUNNING
="2026-08-10 15:37:02",65199,171059,171059,0,200000,+0.0066,0.1200,+0.0,+0.0000,NONE,RUNNING
="2026-08-10 15:38:02",65199,47175,47175,0,200000,+0.0031,0.1200,+0.0,+0.0000,NONE,RUNNING
="2026-08-10 15:39:02",65199,159553,159553,0,200000,+0.0015,0.1200,+0.0,+0.0000,NONE,RUNNING
="2026-08-10 15:40:03",65199,17603,17603,0,200000,+0.0082,0.1200,+0.0,+0.0000,NONE,RUNNING
="2026-08-10 15:41:03",65199,285170,247653,37517,200000,+0.0009,0.1200,+0.0,+0.0000,NONE,RUNNING
="2026-08-10 15:42:03",65218,165823,11729,154094,200000,+0.0065,0.1200,+0.0,+0.0000,NONE,RUNNING
="2026-08-10 15:43:03",65220,157526,136003,21523,200000,+0.0081,0.1200,+0.0,+0.0000,NONE,RUNNING
="2026-08-10 15:44:03",65220,26088,26088,0,200000,+0.0033,0.1200,+0.0,+0.0000,NONE,RUNNING
="2026-08-10 15:45:03",65245,5746362,954059,4792303,200000,+0.0119,0.1200,+0.0,+0.0000,NONE,RUNNING
="2026-08-10 15:46:03",65247,119092,56231,62860,200000,-0.0082,0.1200,+0.0,+0.0000,NONE,RUNNING
="2026-08-10 15:47:03",65244,740832,740832,0,200000,+0.0042,0.1200,+0.0,+0.0000,NONE,RUNNING
="2026-08-10 15:48:03",65244,65316,65316,0,200000,-0.0024,0.1200,+0.0,+0.0000,NONE,RUNNING
="2026-08-10 15:49:03",65241,130834,130834,0,200000,-0.0014,0.1200,+0.0,+0.0000,NONE,RUNNING
="2026-08-10 15:50:03",65243,74385,20265,54119,200000,+0.0016,0.1200,+0.0,+0.0000,NONE,RUNNING
="2026-08-10 15:51:03",65256,745563,362238,383325,200000,-0.0036,0.1200,+0.0,+0.0000,NONE,RUNNING
="2026-08-10 15:52:03",65249,228983,202193,26790,200000,-0.0068,0.1200,+0.0,+0.0000,NONE,RUNNING
="2026-08-10 15:53:03",65269,559413,148399,411014,200000,+0.0172,0.1200,+0.0,+0.0000,NONE,RUNNING
="2026-08-10 15:54:03",65273,169411,0,169411,200000,+0.0055,0.1200,+0.0,+0.0000,NONE,RUNNING
="2026-08-10 15:55:03",65273,181241,166964,14276,200000,+0.0027,0.1200,+0.0,+0.0000,NONE,RUNNING
="2026-08-10 15:56:03",65273,57440,57440,0,200000,-0.0014,0.1200,+0.0,+0.0000,NONE,RUNNING
="2026-08-10 15:57:04",65305,296907,77962,218944,200000,+0.0492,0.1200,+0.0,+0.0000,NONE,RUNNING
="2026-08-10 15:57:19",65330,643351,231588,411762,200000,+0.0722,0.1200,+0.0,+0.0000,NONE,RUNNING
="2026-08-10 15:57:20",65329,643351,231588,411762,200000,+0.0722,0.1200,+0.0,+0.0000,NONE,RUNNING
="2026-08-10 15:57:21",65329,643351,231588,411762,200000,+0.0722,0.1200,+0.0,+0.0000,NONE,RUNNING
="2026-08-10 15:57:22",65329,643351,231588,411762,200000,+0.0715,0.1200,+0.0,+0.0000,NONE,RUNNING
="2026-08-10 15:57:23",65338,663415,231588,431826,200000,+0.0917,0.1200,+0.0,+0.0000,NONE,RUNNING
="2026-08-10 15:57:24",65339,663415,231588,431826,200000,+0.0917,0.1200,+0.0,+0.0000,NONE,RUNNING
="2026-08-10 15:57:25",65335,667704,253877,413826,200000,+0.0939,0.1200,+0.0,+0.0000,NONE,RUNNING
="2026-08-10 15:57:26",65324,667704,253877,413826,200000,+0.0939,0.1200,+0.0,+0.0000,NONE,RUNNING
="2026-08-10 15:57:27",65310,704670,290844,413826,200000,+0.0939,0.1200,+0.0,+0.0000,NONE,RUNNING
="2026-08-10 15:57:28",65300,704670,290844,413826,200000,+0.0939,0.1200,+0.0,+0.0000,NONE,RUNNING
="2026-08-10 15:57:29",65305,704670,290844,413826,200000,+0.0939,0.1200,+0.0,+0.0000,NONE,RUNNING
="2026-08-10 15:57:30",65306,704670,290844,413826,200000,+0.0952,0.1200,+0.0,+0.0000,NONE,RUNNING
="2026-08-10 15:57:31",65307,704670,290844,413826,200000,+0.0952,0.1200,+0.0,+0.0000,NONE,RUNNING
="2026-08-10 15:57:32",65308,704670,290844,413826,200000,+0.0894,0.1200,+0.0,+0.0000,NONE,RUNNING
="2026-08-10 15:57:33",65308,704670,290844,413826,200000,+0.0894,0.1200,+0.0,+0.0000,NONE,RUNNING
="2026-08-10 15:57:34",65308,704670,290844,413826,200000,+0.0894,0.1200,+0.0,+0.0000,NONE,RUNNING
="2026-08-10 15:57:35",65308,704670,290844,413826,200000,+0.0894,0.1200,+0.0,+0.0000,NONE,RUNNING
="2026-08-10 15:57:36",65307,704670,290844,413826,200000,+0.0901,0.1200,+0.0,+0.0000,NONE,RUNNING
="2026-08-10 15:57:37",65308,704670,290844,413826,200000,+0.0901,0.1200,+0.0,+0.0000,NONE,RUNNING
="2026-08-10 15:57:38",65305,738105,324278,413826,200000,+0.0903,0.1200,+0.0,+0.0000,NONE,RUNNING
="2026-08-10 15:57:39",65305,683891,324278,359612,200000,+0.0903,0.1200,+0.0,+0.0000,NONE,RUNNING
="2026-08-10 15:57:40",65305,645776,324278,321497,200000,+0.0901,0.1200,+0.0,+0.0000,NONE,RUNNING
="2026-08-10 15:57:41",65305,627844,324278,303565,200000,+0.0953,0.1200,+0.0,+0.0000,NONE,RUNNING
="2026-08-10 15:57:42",65305,627844,324278,303565,200000,+0.0896,0.1200,+0.0,+0.0000,NONE,RUNNING
="2026-08-10 15:57:43",65305,627844,324278,303565,200000,+0.0896,0.1200,+0.0,+0.0000,NONE,RUNNING
="2026-08-10 15:57:44",65305,650060,346494,303565,200000,+0.0896,0.1200,+0.0,+0.0000,NONE,RUNNING
="2026-08-10 15:57:45",65304,650060,346494,303565,200000,+0.0849,0.1200,+0.0,+0.0000,NONE,RUNNING
="2026-08-10 15:57:46",65304,650060,346494,303565,200000,+0.0849,0.1200,+0.0,+0.0000,NONE,RUNNING
="2026-08-10 15:57:47",65304,650060,346494,303565,200000,+0.0861,0.1200,+0.0,+0.0000,NONE,RUNNING
="2026-08-10 15:57:48",65304,650060,346494,303565,200000,+0.0863,0.1200,+0.0,+0.0000,NONE,RUNNING
="2026-08-10 15:57:49",65304,650060,346494,303565,200000,+0.0863,0.1200,+0.0,+0.0000,NONE,RUNNING
="2026-08-10 15:57:50",65304,650060,346494,303565,200000,+0.0863,0.1200,+0.0,+0.0000,NONE,RUNNING
="2026-08-10 15:57:51",65304,670957,367392,303565,200000,+0.0862,0.1200,+0.0,+0.0000,NONE,RUNNING
="2026-08-10 15:57:52",65304,688956,385390,303565,200000,+0.0862,0.1200,+0.0,+0.0000,NONE,RUNNING
="2026-08-10 15:57:53",65304,688956,385390,303565,200000,+0.0856,0.1200,+0.0,+0.0000,NONE,RUNNING
="2026-08-10 15:57:54",65304,649073,385390,263683,200000,+0.0856,0.1200,+0.0,+0.0000,NONE,RUNNING
="2026-08-10 15:57:55",65304,598271,385390,212881,200000,+0.0855,0.1200,+0.0,+0.0000,NONE,RUNNING
="2026-08-10 15:57:56",65304,626535,413653,212881,200000,+0.0871,0.1200,+0.0,+0.0000,NONE,RUNNING
="2026-08-10 15:57:57",65303,626535,413653,212881,200000,+0.0871,0.1200,+0.0,+0.0000,NONE,RUNNING
="2026-08-10 15:57:58",65303,626535,413653,212881,200000,+0.0649,0.1200,+0.0,+0.0000,NONE,RUNNING
="2026-08-10 15:57:59",65303,626535,413653,212881,200000,+0.0649,0.1200,+0.0,+0.0000,NONE,RUNNING
="2026-08-10 15:58:00",65303,626535,413653,212881,200000,+0.0649,0.1200,+0.0,+0.0000,NONE,RUNNING
="2026-08-10 15:58:01",65303,626535,413653,212881,200000,+0.0472,0.1200,+0.0,+0.0000,NONE,RUNNING
="2026-08-10 15:58:02",65302,626535,413653,212881,200000,+0.0493,0.1200,+0.0,+0.0000,NONE,RUNNING
="2026-08-10 15:58:03",65302,626535,413653,212881,200000,+0.0493,0.1200,+0.0,+0.0000,NONE,RUNNING
="2026-08-10 15:58:04",65302,606555,413653,192901,200000,+0.0493,0.1200,+0.0,+0.0000,NONE,RUNNING
="2026-08-10 15:58:05",65302,606555,413653,192901,200000,+0.0493,0.1200,+0.0,+0.0000,NONE,RUNNING
="2026-08-10 15:58:06",65302,606555,413653,192901,200000,+0.0449,0.1200,+0.0,+0.0000,NONE,RUNNING
="2026-08-10 15:58:07",65302,554556,361654,192901,200000,+0.0449,0.1200,+0.0,+0.0000,NONE,RUNNING
="2026-08-10 15:58:08",65299,580861,387960,192901,200000,+0.0450,0.1200,+0.0,+0.0000,NONE,RUNNING
="2026-08-10 15:58:09",65299,580861,387960,192901,200000,+0.0448,0.1200,+0.0,+0.0000,NONE,RUNNING
="2026-08-10 15:58:10",65299,580861,387960,192901,200000,+0.0448,0.1200,+0.0,+0.0000,NONE,RUNNING
="2026-08-10 15:58:11",65299,448162,387960,60202,200000,+0.0449,0.1200,+0.0,+0.0000,NONE,RUNNING
="2026-08-10 15:58:12",65299,408023,387960,20063,200000,+0.0449,0.1200,+0.0,+0.0000,NONE,RUNNING
="2026-08-10 15:58:13",65299,408023,387960,20063,200000,+0.0443,0.1200,+0.0,+0.0000,NONE,RUNNING
="2026-08-10 15:58:14",65299,408023,387960,20063,200000,+0.0481,0.1200,+0.0,+0.0000,NONE,RUNNING
="2026-08-10 15:58:15",65299,408023,387960,20063,200000,+0.0481,0.1200,+0.0,+0.0000,NONE,RUNNING
="2026-08-10 15:58:16",65299,408023,387960,20063,200000,+0.0481,0.1200,+0.0,+0.0000,NONE,RUNNING
="2026-08-10 15:58:17",65299,408023,387960,20063,200000,+0.0481,0.1200,+0.0,+0.0000,NONE,RUNNING
="2026-08-10 15:58:18",65299,306396,286333,20063,200000,+0.0481,0.1200,+0.0,+0.0000,NONE,RUNNING
="2026-08-10 15:58:19",65299,306396,286333,20063,200000,+0.0303,0.1200,+0.0,+0.0000,NONE,RUNNING
="2026-08-10 15:58:20",65299,306396,286333,20063,200000,+0.0303,0.1200,+0.0,+0.0000,NONE,RUNNING
="2026-08-10 15:58:21",65299,306396,286333,20063,200000,+0.0303,0.1200,+0.0,+0.0000,NONE,RUNNING
="2026-08-10 15:58:22",65299,286333,286333,0,200000,+0.0102,0.1200,+0.0,+0.0000,NONE,RUNNING
="2026-08-10 15:58:23",65299,286333,286333,0,200000,+0.0117,0.1200,+0.0,+0.0000,NONE,RUNNING
="2026-08-10 15:58:24",65299,286333,286333,0,200000,+0.0117,0.1200,+0.0,+0.0000,NONE,RUNNING
="2026-08-10 15:58:25",65299,264044,264044,0,200000,+0.0094,0.1200,+0.0,+0.0000,NONE,RUNNING
="2026-08-10 15:58:26",65299,227077,227077,0,200000,+0.0094,0.1200,+0.0,+0.0000,NONE,RUNNING
="2026-08-10 15:58:27",65299,227077,227077,0,200000,+0.0098,0.1200,+0.0,+0.0000,NONE,RUNNING
="2026-08-10 15:58:28",65299,227077,227077,0,200000,+0.0098,0.1200,+0.0,+0.0000,NONE,RUNNING
="2026-08-10 15:58:29",65299,227077,227077,0,200000,+0.0098,0.1200,+0.0,+0.0000,NONE,RUNNING
="2026-08-10 15:58:30",65300,227077,227077,0,200000,+0.0098,0.1200,+0.0,+0.0000,NONE,RUNNING
="2026-08-10 15:58:31",65299,227077,227077,0,200000,+0.0155,0.1200,+0.0,+0.0000,NONE,RUNNING
="2026-08-10 15:58:32",65300,227077,227077,0,200000,+0.0160,0.1200,+0.0,+0.0000,NONE,RUNNING
="2026-08-10 15:58:33",65300,227077,227077,0,200000,+0.0160,0.1200,+0.0,+0.0000,NONE,RUNNING
="2026-08-10 15:58:34",65300,227077,227077,0,200000,+0.0160,0.1200,+0.0,+0.0000,NONE,RUNNING
="2026-08-10 15:58:35",65299,227077,227077,0,200000,+0.0160,0.1200,+0.0,+0.0000,NONE,RUNNING
="2026-08-10 15:58:36",65299,227077,227077,0,200000,+0.0160,0.1200,+0.0,+0.0000,NONE,RUNNING
="2026-08-10 15:58:37",65299,193643,193643,0,200000,+0.0158,0.1200,+0.0,+0.0000,NONE,RUNNING
="2026-08-10 15:58:38",65299,193643,193643,0,200000,+0.0161,0.1200,+0.0,+0.0000,NONE,RUNNING
="2026-08-10 15:58:39",65299,193643,193643,0,200000,+0.0161,0.1200,+0.0,+0.0000,NONE,RUNNING
="2026-08-10 15:58:40",65299,193643,193643,0,200000,+0.0110,0.1200,+0.0,+0.0000,NONE,RUNNING
="2026-08-10 15:58:41",65299,193643,193643,0,200000,+0.0110,0.1200,+0.0,+0.0000,NONE,RUNNING
="2026-08-10 15:58:42",65299,193643,193643,0,200000,+0.0112,0.1200,+0.0,+0.0000,NONE,RUNNING
="2026-08-10 15:58:43",65299,193643,193643,0,200000,+0.0112,0.1200,+0.0,+0.0000,NONE,RUNNING
="2026-08-10 15:58:44",65299,145306,145306,0,200000,+0.0112,0.1200,+0.0,+0.0000,NONE,RUNNING
="2026-08-10 15:58:45",65299,145306,145306,0,200000,+0.0112,0.1200,+0.0,+0.0000,NONE,RUNNING
="2026-08-10 15:58:46",65299,145306,145306,0,200000,+0.0100,0.1200,+0.0,+0.0000,NONE,RUNNING
="2026-08-10 15:58:47",65299,145306,145306,0,200000,+0.0095,0.1200,+0.0,+0.0000,NONE,RUNNING
="2026-08-10 15:58:48",65299,145306,145306,0,200000,+0.0095,0.1200,+0.0,+0.0000,NONE,RUNNING
="2026-08-10 15:58:49",65299,145306,145306,0,200000,+0.0095,0.1200,+0.0,+0.0000,NONE,RUNNING
="2026-08-10 15:58:50",65299,124409,124409,0,200000,+0.0104,0.1200,+0.0,+0.0000,NONE,RUNNING
="2026-08-10 15:58:52",65299,106410,106410,0,200000,+0.0104,0.1200,+0.0,+0.0000,NONE,RUNNING
="2026-08-10 15:58:53",65296,128668,128668,0,200000,+0.0110,0.1200,+0.0,+0.0000,NONE,RUNNING
="2026-08-10 15:58:54",65296,128668,128668,0,200000,+0.0110,0.1200,+0.0,+0.0000,NONE,RUNNING
="2026-08-10 15:58:55",65296,128668,128668,0,200000,+0.0110,0.1200,+0.0,+0.0000,NONE,RUNNING
="2026-08-10 15:58:56",65296,128668,128668,0,200000,+0.0110,0.1200,+0.0,+0.0000,NONE,RUNNING
="2026-08-10 15:58:57",65296,48563,48563,0,200000,+0.0094,0.1200,+0.0,+0.0000,NONE,RUNNING
="2026-08-10 15:58:58",65296,48563,48563,0,200000,+0.0092,0.1200,+0.0,+0.0000,NONE,RUNNING
="2026-08-10 15:58:59",65296,48563,48563,0,200000,+0.0092,0.1200,+0.0,+0.0000,NONE,RUNNING
="2026-08-10 15:59:00",65296,48563,48563,0,300000,+0.0093,0.1500,+0.0,+0.0000,NONE,RUNNING
="2026-08-10 16:00:00",65299,179073,179073,0,300000,+0.0026,0.1500,+0.0,+0.0000,NONE,RUNNING
="2026-08-10 16:01:00",65293,97322,67989,29332,300000,-0.0026,0.1500,+0.0,+0.0000,NONE,RUNNING
="2026-08-10 16:02:00",65287,266259,123154,143104,300000,+0.0041,0.1500,+0.0,+0.0000,NONE,RUNNING
="2026-08-10 16:03:00",65277,61492,49142,12349,300000,+0.0109,0.1500,+0.0,+0.0000,NONE,RUNNING
="2026-08-10 16:04:00",65305,182862,32217,150644,300000,+0.0013,0.1500,+0.0,+0.0000,NONE,RUNNING
="2026-08-10 16:05:00",65283,334544,177886,156658,300000,+0.0463,0.1500,+0.0,+0.0000,NONE,RUNNING
="2026-08-10 16:06:00",65278,233352,233352,0,300000,-0.0416,0.1500,+0.0,+0.0000,NONE,RUNNING
="2026-08-10 16:07:00",65258,73184,73184,0,300000,+0.0080,0.1500,+0.0,+0.0000,NONE,RUNNING
="2026-08-10 16:08:00",65265,103936,61343,42593,300000,+0.0075,0.1500,+0.0,+0.0000,NONE,RUNNING
="2026-08-10 16:09:00",65266,0,0,0,300000,+0.0062,0.1500,+0.0,+0.0000,NONE,RUNNING
="2026-08-10 16:10:00",65266,28362,15304,13057,300000,+0.0041,0.1500,+0.0,+0.0000,NONE,RUNNING
="2026-08-10 16:11:00",65278,175119,90805,84313,300000,+0.0120,0.1500,+0.0,+0.0000,NONE,RUNNING
="2026-08-10 16:12:01",65278,0,0,0,300000,+0.0060,0.1500,+0.0,+0.0000,NONE,RUNNING
="2026-08-10 16:13:01",65280,26331,0,26331,300000,+0.0046,0.1500,+0.0,+0.0000,NONE,RUNNING
="2026-08-10 16:14:01",65266,201601,190268,11332,300000,+0.0041,0.1500,+0.0,+0.0000,NONE,RUNNING
="2026-08-10 16:15:01",65266,0,0,0,300000,+0.0122,0.1500,+0.0,+0.0000,NONE,RUNNING
="2026-08-10 16:16:01",65249,148096,148096,0,300000,+0.0143,0.1500,+0.0,+0.0000,NONE,RUNNING
="2026-08-10 16:17:01",65249,44259,44259,0,300000,+0.0053,0.1500,+0.0,+0.0000,NONE,RUNNING
="2026-08-10 16:18:01",65240,97797,36252,61544,300000,+0.0336,0.1500,+0.0,+0.0000,NONE,RUNNING
="2026-08-10 16:19:01",65257,184539,0,184539,300000,+0.0150,0.1500,+0.0,+0.0000,NONE,RUNNING
="2026-08-10 16:20:01",65269,98531,0,98531,300000,-0.0011,0.1500,+0.0,+0.0000,NONE,RUNNING
="2026-08-10 16:21:01",65270,106662,92528,14134,300000,+0.0169,0.1500,+0.0,+0.0000,NONE,RUNNING
="2026-08-10 16:22:01",65270,0,0,0,300000,+0.0048,0.1500,+0.0,+0.0000,NONE,RUNNING
="2026-08-10 16:23:01",65283,515798,86204,429593,300000,-0.0350,0.1500,+0.0,+0.0000,NONE,RUNNING
="2026-08-10 16:24:01",65299,679939,197515,482424,300000,+0.0103,0.1500,+0.0,+0.0000,NONE,RUNNING
="2026-08-10 16:25:01",65314,175325,42234,133091,300000,-0.0018,0.1500,+0.0,+0.0000,NONE,RUNNING
="2026-08-10 16:26:01",65299,377124,335415,41709,300000,-0.0069,0.1500,+0.0,+0.0000,NONE,RUNNING
="2026-08-10 16:27:01",65292,10581,10581,0,300000,-0.0170,0.1500,+0.0,+0.0000,NONE,RUNNING
="2026-08-10 16:28:01",65294,194544,13035,181509,300000,+0.0041,0.1500,+0.0,+0.0000,NONE,RUNNING
="2026-08-10 16:29:01",65310,95121,10242,84879,300000,+0.0028,0.1500,+0.0,+0.0000,NONE,RUNNING
="2026-08-10 16:30:01",65315,416828,250084,166743,300000,+0.0184,0.1500,+0.0,+0.0000,NONE,RUNNING
="2026-08-10 16:31:01",65312,895380,734843,160537,300000,+0.0255,0.1500,+0.0,+0.0000,NONE,RUNNING
="2026-08-10 16:32:02",65312,1571564,438560,1133004,300000,+0.0172,0.1500,+0.0,+0.0000,NONE,RUNNING
="2026-08-10 16:33:02",65325,457976,430689,27286,300000,+0.0137,0.1500,+0.0,+0.0000,NONE,RUNNING
="2026-08-10 16:34:02",65329,480228,421349,58879,300000,+0.0125,0.1500,+0.0,+0.0000,NONE,RUNNING
="2026-08-10 16:35:02",65343,961095,467660,493435,300000,+0.0251,0.1500,+0.0,+0.0000,NONE,RUNNING
="2026-08-10 16:36:02",65340,1834801,981435,853365,300000,+0.0356,0.1500,+0.0,+0.0000,NONE,RUNNING
="2026-08-10 16:37:02",65326,468068,446918,21150,300000,+0.0055,0.1500,+0.0,+0.0000,NONE,RUNNING
="2026-08-10 16:38:02",65370,863290,442580,420709,300000,+0.0188,0.1500,+0.0,+0.0000,NONE,RUNNING
="2026-08-10 16:39:02",65360,1391731,849161,542570,300000,+0.0526,0.1500,+0.0,+0.0000,NONE,RUNNING
="2026-08-10 16:39:16",65350,1324057,781487,542570,300000,+0.0825,0.1500,+0.0,+0.0000,NONE,RUNNING
="2026-08-10 16:39:17",65350,1324057,781487,542570,300000,+0.0825,0.1500,+0.0,+0.0000,NONE,RUNNING
="2026-08-10 16:39:18",65350,1324057,781487,542570,300000,+0.0821,0.1500,+0.0,+0.0000,NONE,RUNNING
="2026-08-10 16:39:19",65350,1324052,781482,542570,300000,+0.0821,0.1500,+0.0,+0.0000,NONE,RUNNING
="2026-08-10 16:39:20",65350,1324052,781482,542570,300000,+0.0832,0.1500,+0.0,+0.0000,NONE,RUNNING
="2026-08-10 16:39:21",65349,1324052,781482,542570,300000,+0.0777,0.1500,+0.0,+0.0000,NONE,RUNNING
="2026-08-10 16:39:22",65349,849573,781482,68091,300000,+0.0775,0.1500,+0.0,+0.0000,NONE,RUNNING
="2026-08-10 16:39:23",65349,849565,781474,68091,300000,+0.0775,0.1500,+0.0,+0.0000,NONE,RUNNING
="2026-08-10 16:39:24",65349,674479,606388,68091,300000,+0.0775,0.1500,+0.0,+0.0000,NONE,RUNNING
="2026-08-10 16:39:25",65349,674479,606388,68091,300000,+0.0780,0.1500,+0.0,+0.0000,NONE,RUNNING
="2026-08-10 16:39:26",65349,674473,606382,68091,300000,+0.0780,0.1500,+0.0,+0.0000,NONE,RUNNING
="2026-08-10 16:39:27",65334,721737,653646,68091,300000,+0.0780,0.1500,+0.0,+0.0000,NONE,RUNNING
="2026-08-10 16:39:28",65330,721737,653646,68091,300000,+0.0810,0.1500,+0.0,+0.0000,NONE,RUNNING
="2026-08-10 16:39:29",65330,653646,653646,0,300000,+0.0806,0.1500,+0.0,+0.0000,NONE,RUNNING
="2026-08-10 16:39:30",65330,664512,664512,0,300000,+0.0530,0.1500,+0.0,+0.0000,NONE,RUNNING
="2026-08-10 16:39:31",65330,664512,664512,0,300000,+0.0530,0.1500,+0.0,+0.0000,NONE,RUNNING
="2026-08-10 16:39:32",65330,664512,664512,0,300000,+0.0530,0.1500,+0.0,+0.0000,NONE,RUNNING
="2026-08-10 16:39:33",65330,664512,664512,0,300000,+0.0422,0.1500,+0.0,+0.0000,NONE,RUNNING
="2026-08-10 16:39:34",65330,664503,664503,0,300000,+0.0422,0.1500,+0.0,+0.0000,NONE,RUNNING
="2026-08-10 16:39:35",65330,664733,664733,0,300000,+0.0427,0.1500,+0.0,+0.0000,NONE,RUNNING
="2026-08-10 16:39:36",65330,664733,664733,0,300000,+0.0414,0.1500,+0.0,+0.0000,NONE,RUNNING
="2026-08-10 16:39:37",65330,664721,664721,0,300000,+0.0414,0.1500,+0.0,+0.0000,NONE,RUNNING
="2026-08-10 16:39:38",65330,618179,618179,0,300000,+0.0417,0.1500,+0.0,+0.0000,NONE,RUNNING
="2026-08-10 16:39:39",65330,618179,618179,0,300000,+0.0417,0.1500,+0.0,+0.0000,NONE,RUNNING
="2026-08-10 16:39:40",65330,606377,606377,0,300000,+0.0417,0.1500,+0.0,+0.0000,NONE,RUNNING
="2026-08-10 16:39:41",65330,606363,606363,0,300000,+0.0417,0.1500,+0.0,+0.0000,NONE,RUNNING
="2026-08-10 16:39:42",65330,606363,606363,0,300000,+0.0417,0.1500,+0.0,+0.0000,NONE,RUNNING
="2026-08-10 16:39:43",65330,568162,568162,0,300000,+0.0404,0.1500,+0.0,+0.0000,NONE,RUNNING
="2026-08-10 16:39:44",65330,568162,568162,0,300000,+0.0420,0.1500,+0.0,+0.0000,NONE,RUNNING
="2026-08-10 16:39:45",65330,565657,565657,0,300000,+0.0420,0.1500,+0.0,+0.0000,NONE,RUNNING
="2026-08-10 16:39:46",65330,565657,565657,0,300000,+0.0409,0.1500,+0.0,+0.0000,NONE,RUNNING
="2026-08-10 16:39:47",65330,565657,565657,0,300000,+0.0415,0.1500,+0.0,+0.0000,NONE,RUNNING
="2026-08-10 16:39:48",65330,565657,565657,0,300000,+0.0415,0.1500,+0.0,+0.0000,NONE,RUNNING
="2026-08-10 16:39:49",65330,565646,565646,0,300000,+0.0443,0.1500,+0.0,+0.0000,NONE,RUNNING
="2026-08-10 16:39:50",65330,565646,565646,0,300000,+0.0443,0.1500,+0.0,+0.0000,NONE,RUNNING
="2026-08-10 16:39:51",65330,565646,565646,0,300000,+0.0443,0.1500,+0.0,+0.0000,NONE,RUNNING
="2026-08-10 16:39:52",65330,563682,563682,0,300000,+0.0439,0.1500,+0.0,+0.0000,NONE,RUNNING
="2026-08-10 16:39:53",65330,563682,563682,0,300000,+0.0435,0.1500,+0.0,+0.0000,NONE,RUNNING
="2026-08-10 16:39:54",65330,563682,563682,0,300000,+0.0435,0.1500,+0.0,+0.0000,NONE,RUNNING
="2026-08-10 16:39:55",65330,573932,573932,0,300000,+0.0437,0.1500,+0.0,+0.0000,NONE,RUNNING
="2026-08-10 16:39:56",65330,562781,562781,0,300000,+0.0438,0.1500,+0.0,+0.0000,NONE,RUNNING
="2026-08-10 16:39:57",65328,562781,562781,0,300000,+0.0438,0.1500,+0.0,+0.0000,NONE,RUNNING
="2026-08-10 16:39:58",65328,562781,562781,0,300000,+0.0440,0.1500,+0.0,+0.0000,NONE,RUNNING
="2026-08-10 16:39:59",65328,562781,562781,0,300000,+0.0449,0.1500,+0.0,+0.0000,NONE,RUNNING
="2026-08-10 16:40:00",65328,562769,562769,0,300000,+0.0448,0.1500,+0.0,+0.0000,NONE,RUNNING
="2026-08-10 16:40:02",65328,562769,562769,0,300000,+0.0448,0.1500,+0.0,+0.0000,NONE,RUNNING
="2026-08-10 16:40:03",65328,562769,562769,0,300000,+0.0449,0.1500,+0.0,+0.0000,NONE,RUNNING
="2026-08-10 16:40:04",65328,562756,562756,0,300000,+0.0449,0.1500,+0.0,+0.0000,NONE,RUNNING
="2026-08-10 16:40:05",65328,562756,562756,0,300000,+0.0451,0.1500,+0.0,+0.0000,NONE,RUNNING
="2026-08-10 16:40:06",65328,573113,573113,0,300000,+0.0451,0.1500,+0.0,+0.0000,NONE,RUNNING
="2026-08-10 16:40:07",65328,573113,573113,0,300000,+0.0452,0.1500,+0.0,+0.0000,NONE,RUNNING
="2026-08-10 16:40:08",65328,573099,573099,0,300000,+0.0452,0.1500,+0.0,+0.0000,NONE,RUNNING
="2026-08-10 16:40:09",65328,573099,573099,0,300000,+0.0452,0.1500,+0.0,+0.0000,NONE,RUNNING
="2026-08-10 16:40:10",65328,638427,573099,65328,300000,+0.0455,0.1500,+0.0,+0.0000,NONE,RUNNING
="2026-08-10 16:40:11",65328,638855,573527,65328,300000,+0.0473,0.1500,+0.0,+0.0000,NONE,RUNNING
="2026-08-10 16:40:12",65328,638851,573523,65328,300000,+0.0471,0.1500,+0.0,+0.0000,NONE,RUNNING
="2026-08-10 16:40:13",65328,634351,549846,84504,300000,+0.0471,0.1500,+0.0,+0.0000,NONE,RUNNING
="2026-08-10 16:40:14",65328,634351,549846,84504,300000,+0.0471,0.1500,+0.0,+0.0000,NONE,RUNNING
="2026-08-10 16:40:15",65328,549308,464804,84504,300000,+0.0482,0.1500,+0.0,+0.0000,NONE,RUNNING
="2026-08-10 16:40:16",65328,559377,474873,84504,300000,+0.0482,0.1500,+0.0,+0.0000,NONE,RUNNING
="2026-08-10 16:40:17",65328,559377,474873,84504,300000,+0.0054,0.1500,+0.0,+0.0000,NONE,RUNNING
="2026-08-10 16:40:18",65328,559377,474873,84504,300000,+0.0061,0.1500,+0.0,+0.0000,NONE,RUNNING
="2026-08-10 16:40:19",65328,559368,474863,84504,300000,+0.0061,0.1500,+0.0,+0.0000,NONE,RUNNING
="2026-08-10 16:40:20",65328,559368,474863,84504,300000,+0.0050,0.1500,+0.0,+0.0000,NONE,RUNNING
="2026-08-10 16:40:21",65328,559368,474863,84504,300000,+0.0050,0.1500,+0.0,+0.0000,NONE,RUNNING
="2026-08-10 16:40:22",65328,559368,474863,84504,300000,+0.0050,0.1500,+0.0,+0.0000,NONE,RUNNING
="2026-08-10 16:40:23",65326,536431,451926,84504,300000,+0.0051,0.1500,+0.0,+0.0000,NONE,RUNNING
="2026-08-10 16:40:24",65326,536431,451926,84504,300000,+0.0051,0.1500,+0.0,+0.0000,NONE,RUNNING
="2026-08-10 16:40:25",65326,536431,451926,84504,300000,+0.0051,0.1500,+0.0,+0.0000,NONE,RUNNING
="2026-08-10 16:40:26",65326,536431,451926,84504,300000,+0.0051,0.1500,+0.0,+0.0000,NONE,RUNNING
="2026-08-10 16:40:27",65326,489158,404653,84504,300000,+0.0051,0.1500,+0.0,+0.0000,NONE,RUNNING
="2026-08-10 16:40:28",65326,489158,404653,84504,300000,+0.0053,0.1500,+0.0,+0.0000,NONE,RUNNING
="2026-08-10 16:40:29",65326,489158,404653,84504,300000,+0.0057,0.1500,+0.0,+0.0000,NONE,RUNNING
="2026-08-10 16:40:30",65326,538812,405253,133558,300000,+0.0053,0.1500,+0.0,+0.0000,NONE,RUNNING
="2026-08-10 16:41:30",65335,1182504,787224,395280,300000,+0.0070,0.1500,+0.0,+0.0000,NONE,RUNNING
="2026-08-10 16:42:30",65330,533129,500503,32626,300000,+0.0121,0.1500,+0.0,+0.0000,NONE,RUNNING
="2026-08-10 16:43:30",65328,512177,462869,49308,300000,+0.0137,0.1500,+0.0,+0.0000,NONE,RUNNING
="2026-08-10 16:44:30",65326,435749,422219,13530,300000,+0.0108,0.1500,+0.0,+0.0000,NONE,RUNNING
="2026-08-10 16:45:30",65331,550852,448777,102074,300000,+0.0020,0.1500,+0.0,+0.0000,NONE,RUNNING
="2026-08-10 16:46:30",65327,408996,408996,0,300000,+0.0163,0.1500,+0.0,+0.0000,NONE,RUNNING
="2026-08-10 16:47:30",65300,479023,413697,65326,300000,-0.0098,0.1500,+0.0,+0.0000,NONE,RUNNING
="2026-08-10 16:48:30",65303,740171,450296,289875,300000,-0.0076,0.1500,+0.0,+0.0000,NONE,RUNNING
="2026-08-10 16:49:30",65272,510289,510289,0,300000,-0.0057,0.1500,+0.0,+0.0000,NONE,RUNNING
="2026-08-10 16:50:30",65251,609422,422960,186462,300000,-0.0215,0.1500,+0.0,+0.0000,NONE,RUNNING
="2026-08-10 16:51:30",65242,422785,422785,0,300000,+0.0133,0.1500,+0.0,+0.0000,NONE,RUNNING
="2026-08-10 16:52:30",65222,525557,454788,70768,300000,+0.0093,0.1500,+0.0,+0.0000,NONE,RUNNING
="2026-08-10 16:53:30",65213,427648,374915,52732,300000,+0.0031,0.1500,+0.0,+0.0000,NONE,RUNNING
="2026-08-10 16:54:30",65204,354234,354234,0,300000,-0.0080,0.1500,+0.0,+0.0000,NONE,RUNNING
="2026-08-10 16:55:30",65204,401020,376439,24581,300000,+0.0028,0.1500,+0.0,+0.0000,NONE,RUNNING
="2026-08-10 16:56:30",65204,478614,478614,0,300000,+0.0059,0.1500,+0.0,+0.0000,NONE,RUNNING
="2026-08-10 16:57:31",65200,374815,374815,0,300000,-0.0007,0.1500,+0.0,+0.0000,NONE,RUNNING
="2026-08-10 16:58:31",65196,520396,415397,104999,300000,+0.0079,0.1500,+0.0,+0.0000,NONE,RUNNING
="2026-08-10 16:59:31",65196,436481,384585,51896,300000,-0.0011,0.1500,+0.0,+0.0000,NONE,RUNNING
="2026-08-10 17:00:31",65228,650821,182759,468061,300000,-0.0038,0.1500,+0.0,+0.0000,NONE,RUNNING
="2026-08-10 17:01:31",65270,494664,190388,304276,300000,+0.0068,0.1500,+0.0,+0.0000,NONE,RUNNING
="2026-08-10 17:02:31",65277,231226,220783,10443,300000,+0.0189,0.1500,+0.0,+0.0000,NONE,RUNNING
="2026-08-10 17:03:31",65299,0,0,0,300000,-0.0042,0.1500,+0.0,+0.0000,NONE,RUNNING
="2026-08-10 17:04:31",65309,223592,0,223592,300000,+0.0047,0.1500,+0.0,+0.0000,NONE,RUNNING
="2026-08-10 17:05:31",65286,311674,246372,65302,300000,+0.0064,0.1500,+0.0,+0.0000,NONE,RUNNING
="2026-08-10 17:06:31",65280,204241,138955,65286,300000,+0.0054,0.1500,+0.0,+0.0000,NONE,RUNNING
="2026-08-10 17:07:31",65280,14520,0,14520,300000,-0.0042,0.1500,+0.0,+0.0000,NONE,RUNNING
="2026-08-10 17:08:31",65253,354303,131309,222993,300000,+0.0001,0.1500,+0.0,+0.0000,NONE,RUNNING
="2026-08-10 17:09:31",65253,38105,23084,15021,300000,-0.0019,0.1500,+0.0,+0.0000,NONE,RUNNING
="2026-08-10 17:10:31",65268,145013,0,145013,300000,+0.0007,0.1500,+0.0,+0.0000,NONE,RUNNING
="2026-08-10 17:11:31",65267,80752,69025,11726,300000,+0.0008,0.1500,+0.0,+0.0000,NONE,RUNNING
="2026-08-10 17:12:31",65250,144149,118368,25780,300000,+0.0090,0.1500,+0.0,+0.0000,NONE,RUNNING
="2026-08-10 17:13:31",65250,35698,25585,10113,300000,+0.0028,0.1500,+0.0,+0.0000,NONE,RUNNING
="2026-08-10 17:14:31",65262,283448,26098,257349,300000,+0.0016,0.1500,+0.0,+0.0000,NONE,RUNNING
="2026-08-10 17:15:31",65241,155014,155014,0,300000,+0.0087,0.1500,+0.0,+0.0000,NONE,RUNNING
="2026-08-10 17:16:31",65253,545462,187064,358397,300000,-0.0004,0.1500,+0.0,+0.0000,NONE,RUNNING
="2026-08-10 17:17:32",65274,485712,107973,377738,300000,-0.0011,0.1500,+0.0,+0.0000,NONE,RUNNING
="2026-08-10 17:18:32",65279,654279,204203,450076,300000,+0.0015,0.1500,+0.0,+0.0000,NONE,RUNNING
="2026-08-10 17:19:32",65279,0,0,0,300000,+0.0018,0.1500,+0.0,+0.0000,NONE,RUNNING
="2026-08-10 17:20:32",65270,257388,216426,40961,300000,+0.0060,0.1500,+0.0,+0.0000,NONE,RUNNING
="2026-08-10 17:21:32",65253,90799,79150,11649,300000,+0.0051,0.1500,+0.0,+0.0000,NONE,RUNNING
="2026-08-10 17:22:32",65267,487834,150153,337680,300000,-0.0034,0.1500,+0.0,+0.0000,NONE,RUNNING
="2026-08-10 17:23:32",65277,144629,0,144629,300000,+0.0034,0.1500,+0.0,+0.0000,NONE,RUNNING
="2026-08-10 17:24:32",65290,95988,13668,82320,300000,+0.0015,0.1500,+0.0,+0.0000,NONE,RUNNING
="2026-08-10 17:25:32",65306,234349,0,234349,300000,+0.0150,0.1500,+0.0,+0.0000,NONE,RUNNING
="2026-08-10 17:26:32",65319,39552,16477,23075,300000,-0.0017,0.1500,+0.0,+0.0000,NONE,RUNNING
="2026-08-10 17:27:32",65298,340344,241640,98704,300000,+0.0521,0.1500,+0.0,+0.0000,NONE,RUNNING
="2026-08-10 17:28:32",65286,110728,45430,65298,300000,+0.0025,0.1500,+0.0,+0.0000,NONE,RUNNING
="2026-08-10 17:29:32",65281,163955,0,163955,300000,+0.0024,0.1500,+0.0,+0.0000,NONE,RUNNING
="2026-08-10 17:30:32",65299,115133,0,115133,300000,+0.0078,0.1500,+0.0,+0.0000,NONE,RUNNING
="2026-08-10 17:31:32",65290,159524,159524,0,300000,+0.0056,0.1500,+0.0,+0.0000,NONE,RUNNING
="2026-08-10 17:32:32",65288,66867,56108,10759,300000,+0.0041,0.1500,+0.0,+0.0000,NONE,RUNNING
="2026-08-10 17:33:32",65288,74285,63822,10463,300000,-0.0008,0.1500,+0.0,+0.0000,NONE,RUNNING
="2026-08-10 17:34:32",65284,330160,156548,173611,300000,+0.0021,0.1500,+0.0,+0.0000,NONE,RUNNING
="2026-08-10 17:35:32",65284,0,0,0,300000,+0.0018,0.1500,+0.0,+0.0000,NONE,RUNNING
="2026-08-10 17:36:32",65284,88252,88252,0,300000,-0.0014,0.1500,+0.0,+0.0000,NONE,RUNNING
="2026-08-10 17:37:33",65253,477043,369433,107610,300000,-0.0076,0.1500,+0.0,+0.0000,NONE,RUNNING
="2026-08-10 17:38:33",65250,109641,109641,0,300000,-0.0008,0.1500,+0.0,+0.0000,NONE,RUNNING
="2026-08-10 17:39:33",65250,47436,14811,32625,300000,-0.0050,0.1500,+0.0,+0.0000,NONE,RUNNING
="2026-08-10 17:40:33",65242,108682,37361,71321,300000,-0.0084,0.1500,+0.0,+0.0000,NONE,RUNNING
="2026-08-10 17:41:33",65216,726252,726252,0,300000,+0.0007,0.1500,+0.0,+0.0000,NONE,RUNNING
="2026-08-10 17:42:33",65197,580325,552882,27442,300000,-0.0244,0.1500,+0.0,+0.0000,NONE,RUNNING
="2026-08-10 17:43:33",65204,908148,136540,771607,300000,-0.0099,0.1500,+0.0,+0.0000,NONE,RUNNING
="2026-08-10 17:44:33",65220,462883,29999,432883,300000,-0.0101,0.1500,+0.0,+0.0000,NONE,RUNNING
="2026-08-10 17:45:33",65214,142689,72741,69947,300000,+0.0103,0.1500,+0.0,+0.0000,NONE,RUNNING
="2026-08-10 17:46:33",65212,0,0,0,300000,-0.0046,0.1500,+0.0,+0.0000,NONE,RUNNING
="2026-08-10 17:47:33",65212,25422,25422,0,300000,+0.0004,0.1500,+0.0,+0.0000,NONE,RUNNING
="2026-08-10 17:48:33",65212,22200,22200,0,300000,+0.0007,0.1500,+0.0,+0.0000,NONE,RUNNING
="2026-08-10 17:49:33",65212,17103,17103,0,300000,-0.0030,0.1500,+0.0,+0.0000,NONE,RUNNING
="2026-08-10 17:50:33",65212,0,0,0,300000,+0.0032,0.1500,+0.0,+0.0000,NONE,RUNNING
="2026-08-10 17:51:33",65212,0,0,0,300000,-0.0050,0.1500,+0.0,+0.0000,NONE,RUNNING
="2026-08-10 17:52:34",65266,643301,0,643301,300000,-0.0012,0.1500,+0.0,+0.0000,NONE,RUNNING
="2026-08-10 17:53:34",65243,171456,80764,90691,300000,+0.0024,0.1500,+0.0,+0.0000,NONE,RUNNING
="2026-08-10 17:54:34",65227,85479,85479,0,300000,-0.0115,0.1500,+0.0,+0.0000,NONE,RUNNING
="2026-08-10 17:55:34",65233,85617,53099,32518,300000,-0.0028,0.1500,+0.0,+0.0000,NONE,RUNNING
="2026-08-10 17:56:34",65238,13046,13046,0,300000,-0.0010,0.1500,+0.0,+0.0000,NONE,RUNNING
="2026-08-10 17:57:34",65254,94266,28092,66173,300000,-0.0059,0.1500,+0.0,+0.0000,NONE,RUNNING
="2026-08-10 17:58:34",65254,16035,16035,0,300000,-0.0014,0.1500,+0.0,+0.0000,NONE,RUNNING
="2026-08-10 17:59:34",65244,272911,250324,22586,300000,+0.0002,0.1500,+0.0,+0.0000,NONE,RUNNING
="2026-08-10 18:00:34",65233,320827,305286,15541,300000,-0.0006,0.1500,+0.0,+0.0000,NONE,RUNNING
="2026-08-10 18:01:34",65222,183424,115634,67789,300000,+0.0054,0.1500,+0.0,+0.0000,NONE,RUNNING
="2026-08-10 18:02:34",65212,134175,121786,12389,300000,-0.0001,0.1500,+0.0,+0.0000,NONE,RUNNING
="2026-08-10 18:03:34",65214,503094,305501,197592,300000,-0.0101,0.1500,+0.0,+0.0000,NONE,RUNNING
="2026-08-10 18:04:34",65212,445462,431177,14285,300000,-0.0095,0.1500,+0.0,+0.0000,NONE,RUNNING
="2026-08-10 18:05:34",65210,89119,89119,0,300000,+0.0111,0.1500,+0.0,+0.0000,NONE,RUNNING
="2026-08-10 18:06:34",65206,18903,0,18903,300000,-0.0029,0.1500,+0.0,+0.0000,NONE,RUNNING
="2026-08-10 18:07:34",65203,129535,62418,67116,300000,+0.0047,0.1500,+0.0,+0.0000,NONE,RUNNING
="2026-08-10 18:08:34",65200,37989,20986,17002,300000,-0.0039,0.1500,+0.0,+0.0000,NONE,RUNNING
="2026-08-10 18:09:35",65217,158353,47878,110474,300000,-0.0013,0.1500,+0.0,+0.0000,NONE,RUNNING
="2026-08-10 18:10:35",65204,92432,92432,0,300000,+0.0056,0.1500,+0.0,+0.0000,NONE,RUNNING
="2026-08-10 18:11:35",65213,111693,22833,88860,300000,+0.0048,0.1500,+0.0,+0.0000,NONE,RUNNING
="2026-08-10 18:12:35",65212,24968,12733,12234,300000,+0.0046,0.1500,+0.0,+0.0000,NONE,RUNNING
="2026-08-10 18:13:35",65233,52732,0,52732,300000,+0.0023,0.1500,+0.0,+0.0000,NONE,RUNNING
="2026-08-10 18:14:35",65224,37525,37525,0,300000,+0.0025,0.1500,+0.0,+0.0000,NONE,RUNNING
="2026-08-10 18:15:35",65224,0,0,0,300000,+0.0053,0.1500,+0.0,+0.0000,NONE,RUNNING
="2026-08-10 18:16:35",65217,133267,72091,61176,300000,+0.0017,0.1500,+0.0,+0.0000,NONE,RUNNING
="2026-08-10 18:17:35",65217,16029,0,16029,300000,-0.0022,0.1500,+0.0,+0.0000,NONE,RUNNING
="2026-08-10 18:18:35",65203,79555,51167,28387,300000,-0.0025,0.1500,+0.0,+0.0000,NONE,RUNNING
="2026-08-10 18:19:35",65209,153640,65137,88503,300000,-0.0017,0.1500,+0.0,+0.0000,NONE,RUNNING
="2026-08-10 18:20:35",65175,354186,323697,30489,300000,+0.0164,0.1500,+0.0,+0.0000,NONE,RUNNING
="2026-08-10 18:21:35",65181,80177,0,80177,300000,-0.0012,0.1500,+0.0,+0.0000,NONE,RUNNING
="2026-08-10 18:22:35",65194,36167,0,36167,300000,-0.0025,0.1500,+0.0,+0.0000,NONE,RUNNING
="2026-08-10 18:23:35",65199,182064,170459,11605,300000,-0.0011,0.1500,+0.0,+0.0000,NONE,RUNNING
="2026-08-10 18:24:35",65196,141620,71108,70511,300000,+0.0062,0.1500,+0.0,+0.0000,NONE,RUNNING
="2026-08-10 18:25:35",65186,11132,11132,0,300000,-0.0017,0.1500,+0.0,+0.0000,NONE,RUNNING
="2026-08-10 18:26:35",65186,19492,19492,0,300000,+0.0027,0.1500,+0.0,+0.0000,NONE,RUNNING
="2026-08-10 18:27:35",65172,56634,56634,0,300000,-0.0054,0.1500,+0.0,+0.0000,NONE,RUNNING
="2026-08-10 18:28:36",65167,124895,77111,47784,300000,-0.0049,0.1500,+0.0,+0.0000,NONE,RUNNING
="2026-08-10 18:29:36",65164,498221,121914,376307,300000,-0.0102,0.1500,+0.0,+0.0000,NONE,RUNNING
="2026-08-10 18:30:36",65135,214891,214891,0,300000,+0.0369,0.1500,+0.0,+0.0000,NONE,RUNNING
="2026-08-10 18:31:36",65135,14953,14953,0,300000,-0.0060,0.1500,+0.0,+0.0000,NONE,RUNNING
="2026-08-10 18:32:36",65119,99450,99450,0,300000,-0.0200,0.1500,+0.0,+0.0000,NONE,RUNNING
="2026-08-10 18:33:36",65100,107027,70035,36991,300000,-0.0304,0.1500,+0.0,+0.0000,NONE,RUNNING
="2026-08-10 18:34:36",65113,248158,107513,140644,300000,-0.0161,0.1500,+0.0,+0.0000,NONE,RUNNING
="2026-08-10 18:35:36",65130,194134,165478,28656,300000,-0.0134,0.1500,+0.0,+0.0000,NONE,RUNNING
="2026-08-10 18:36:36",65093,222963,222963,0,300000,+0.0052,0.1500,+0.0,+0.0000,NONE,RUNNING
="2026-08-10 18:37:36",65081,418112,301135,116977,300000,-0.0240,0.1500,+0.0,+0.0000,NONE,RUNNING
="2026-08-10 18:38:12",65082,528623,272759,255864,300000,-0.0751,0.1500,+0.0,+0.0000,NONE,RUNNING
="2026-08-10 18:38:13",65082,528623,272759,255864,300000,-0.0750,0.1500,+0.0,+0.0000,NONE,RUNNING
="2026-08-10 18:38:14",65082,483711,227846,255864,300000,-0.0750,0.1500,+0.0,+0.0000,NONE,RUNNING
="2026-08-10 18:38:15",65082,483711,227846,255864,300000,-0.0750,0.1500,+0.0,+0.0000,NONE,RUNNING
="2026-08-10 18:38:16",65082,483711,227846,255864,300000,-0.0743,0.1500,+0.0,+0.0000,NONE,RUNNING
="2026-08-10 18:38:17",65082,483711,227846,255864,300000,-0.0743,0.1500,+0.0,+0.0000,NONE,RUNNING
="2026-08-10 18:38:18",65082,320889,65024,255864,300000,-0.0743,0.1500,+0.0,+0.0000,NONE,RUNNING
="2026-08-10 18:38:19",65082,255864,0,255864,300000,-0.0762,0.1500,+0.0,+0.0000,NONE,RUNNING
="2026-08-10 18:38:20",65082,255864,0,255864,300000,-0.0762,0.1500,+0.0,+0.0000,NONE,RUNNING
="2026-08-10 18:38:22",65082,255864,0,255864,300000,-0.0763,0.1500,+0.0,+0.0000,NONE,RUNNING
="2026-08-10 18:38:23",65082,255864,0,255864,300000,-0.0763,0.1500,+0.0,+0.0000,NONE,RUNNING
="2026-08-10 18:38:24",65082,255864,0,255864,300000,-0.0767,0.1500,+0.0,+0.0000,NONE,RUNNING
="2026-08-10 18:38:25",65082,255864,0,255864,300000,-0.0768,0.1500,+0.0,+0.0000,NONE,RUNNING
="2026-08-10 18:38:26",65082,255864,0,255864,300000,-0.0768,0.1500,+0.0,+0.0000,NONE,RUNNING
="2026-08-10 18:38:27",65082,255864,0,255864,300000,-0.0768,0.1500,+0.0,+0.0000,NONE,RUNNING
="2026-08-10 18:38:28",65082,255864,0,255864,300000,-0.0773,0.1500,+0.0,+0.0000,NONE,RUNNING
="2026-08-10 18:38:29",65082,255864,0,255864,300000,-0.0773,0.1500,+0.0,+0.0000,NONE,RUNNING
="2026-08-10 18:38:30",65082,255864,0,255864,300000,-0.0774,0.1500,+0.0,+0.0000,NONE,RUNNING
="2026-08-10 18:38:31",65082,255864,0,255864,300000,-0.0774,0.1500,+0.0,+0.0000,NONE,RUNNING
="2026-08-10 18:38:32",65082,255864,0,255864,300000,-0.0774,0.1500,+0.0,+0.0000,NONE,RUNNING
="2026-08-10 18:38:33",65082,255864,0,255864,300000,-0.0712,0.1500,+0.0,+0.0000,NONE,RUNNING
="2026-08-10 18:38:34",65082,255864,0,255864,300000,-0.0717,0.1500,+0.0,+0.0000,NONE,RUNNING
="2026-08-10 18:38:35",65082,255864,0,255864,300000,-0.0717,0.1500,+0.0,+0.0000,NONE,RUNNING
="2026-08-10 18:38:36",65082,255864,0,255864,300000,-0.0717,0.1500,+0.0,+0.0000,NONE,RUNNING
="2026-08-10 18:38:37",65082,255864,0,255864,300000,-0.0717,0.1500,+0.0,+0.0000,NONE,RUNNING
="2026-08-10 18:38:38",65082,270864,0,270864,300000,-0.0722,0.1500,+0.0,+0.0000,NONE,RUNNING
="2026-08-10 18:38:39",65082,270864,0,270864,300000,-0.0722,0.1500,+0.0,+0.0000,NONE,RUNNING
="2026-08-10 18:38:40",65082,270864,0,270864,300000,-0.0725,0.1500,+0.0,+0.0000,NONE,RUNNING
="2026-08-10 18:38:41",65082,270864,0,270864,300000,-0.0725,0.1500,+0.0,+0.0000,NONE,RUNNING
="2026-08-10 18:38:42",65082,270864,0,270864,300000,-0.0725,0.1500,+0.0,+0.0000,NONE,RUNNING
="2026-08-10 18:38:43",65082,270864,0,270864,300000,-0.0729,0.1500,+0.0,+0.0000,NONE,RUNNING
="2026-08-10 18:38:44",65082,270864,0,270864,300000,-0.0729,0.1500,+0.0,+0.0000,NONE,RUNNING
="2026-08-10 18:38:45",65082,270864,0,270864,300000,-0.0727,0.1500,+0.0,+0.0000,NONE,RUNNING
="2026-08-10 18:38:46",65082,270864,0,270864,300000,-0.0727,0.1500,+0.0,+0.0000,NONE,RUNNING
="2026-08-10 18:38:47",65082,270864,0,270864,300000,-0.0733,0.1500,+0.0,+0.0000,NONE,RUNNING
="2026-08-10 18:38:48",65082,270864,0,270864,300000,-0.0721,0.1500,+0.0,+0.0000,NONE,RUNNING
="2026-08-10 18:38:49",65082,270864,0,270864,300000,-0.0722,0.1500,+0.0,+0.0000,NONE,RUNNING
="2026-08-10 18:38:50",65082,270864,0,270864,300000,-0.0722,0.1500,+0.0,+0.0000,NONE,RUNNING
="2026-08-10 18:38:51",65082,270864,0,270864,300000,-0.0722,0.1500,+0.0,+0.0000,NONE,RUNNING
="2026-08-10 18:38:52",65082,270864,0,270864,300000,-0.0722,0.1500,+0.0,+0.0000,NONE,RUNNING
="2026-08-10 18:38:53",65082,270864,0,270864,300000,-0.0717,0.1500,+0.0,+0.0000,NONE,RUNNING
="2026-08-10 18:38:54",65082,270864,0,270864,300000,-0.0719,0.1500,+0.0,+0.0000,NONE,RUNNING
="2026-08-10 18:38:55",65082,270864,0,270864,300000,-0.0719,0.1500,+0.0,+0.0000,NONE,RUNNING
="2026-08-10 18:38:56",65082,270864,0,270864,300000,-0.0719,0.1500,+0.0,+0.0000,NONE,RUNNING
="2026-08-10 18:38:57",65082,270864,0,270864,300000,-0.0719,0.1500,+0.0,+0.0000,NONE,RUNNING
="2026-08-10 18:38:58",65082,270864,0,270864,300000,-0.0719,0.1500,+0.0,+0.0000,NONE,RUNNING
="2026-08-10 18:38:59",65082,270864,0,270864,300000,-0.0724,0.1500,+0.0,+0.0000,NONE,RUNNING
="2026-08-10 18:39:00",65082,270864,0,270864,300000,-0.0725,0.1500,+0.0,+0.0000,NONE,RUNNING
="2026-08-10 18:39:01",65082,270864,0,270864,300000,-0.0725,0.1500,+0.0,+0.0000,NONE,RUNNING
="2026-08-10 18:39:02",65082,14999,0,14999,300000,-0.0725,0.1500,+0.0,+0.0000,NONE,RUNNING
="2026-08-10 18:39:03",65082,14999,0,14999,300000,-0.0725,0.1500,+0.0,+0.0000,NONE,RUNNING
="2026-08-10 18:39:04",65082,14999,0,14999,300000,-0.0707,0.1500,+0.0,+0.0000,NONE,RUNNING
="2026-08-10 18:39:05",65082,14999,0,14999,300000,-0.0707,0.1500,+0.0,+0.0000,NONE,RUNNING
="2026-08-10 18:39:06",65082,14999,0,14999,300000,-0.0131,0.1500,+0.0,+0.0000,NONE,RUNNING
="2026-08-10 18:39:07",65082,14999,0,14999,300000,-0.0132,0.1500,+0.0,+0.0000,NONE,RUNNING
="2026-08-10 18:39:08",65082,14999,0,14999,300000,-0.0132,0.1500,+0.0,+0.0000,NONE,RUNNING
="2026-08-10 18:39:09",65082,14999,0,14999,300000,-0.0132,0.1500,+0.0,+0.0000,NONE,RUNNING
="2026-08-10 18:39:10",65082,93102,78103,14999,300000,-0.0132,0.1500,+0.0,+0.0000,NONE,RUNNING
="2026-08-10 18:39:11",65071,128142,113143,14999,300000,-0.0132,0.1500,+0.0,+0.0000,NONE,RUNNING
="2026-08-10 18:39:12",65071,128142,113143,14999,300000,-0.0132,0.1500,+0.0,+0.0000,NONE,RUNNING
="2026-08-10 18:39:13",65071,128142,113143,14999,300000,-0.0049,0.1500,+0.0,+0.0000,NONE,RUNNING
="2026-08-10 18:39:14",65071,128142,113143,14999,300000,-0.0352,0.1500,+0.0,+0.0000,NONE,RUNNING
="2026-08-10 18:39:15",65071,128142,113143,14999,300000,-0.0352,0.1500,+0.0,+0.0000,NONE,RUNNING
="2026-08-10 18:39:16",65071,128142,113143,14999,300000,-0.0352,0.1500,+0.0,+0.0000,NONE,RUNNING
="2026-08-10 18:39:17",65071,128142,113143,14999,300000,-0.0352,0.1500,+0.0,+0.0000,NONE,RUNNING
="2026-08-10 18:39:18",65071,128142,113143,14999,300000,-0.0332,0.1500,+0.0,+0.0000,NONE,RUNNING
="2026-08-10 18:39:19",65071,128142,113143,14999,300000,-0.0332,0.1500,+0.0,+0.0000,NONE,RUNNING
="2026-08-10 18:39:20",65071,128142,113143,14999,300000,-0.0333,0.1500,+0.0,+0.0000,NONE,RUNNING
="2026-08-10 18:39:21",65071,128142,113143,14999,300000,-0.0333,0.1500,+0.0,+0.0000,NONE,RUNNING
="2026-08-10 18:39:22",65071,128142,113143,14999,300000,-0.0332,0.1500,+0.0,+0.0000,NONE,RUNNING
="2026-08-10 18:39:23",65071,128142,113143,14999,300000,-0.0326,0.1500,+0.0,+0.0000,NONE,RUNNING
="2026-08-10 18:39:24",65071,128142,113143,14999,300000,-0.0326,0.1500,+0.0,+0.0000,NONE,RUNNING
="2026-08-10 18:39:25",65071,128142,113143,14999,300000,-0.0325,0.1500,+0.0,+0.0000,NONE,RUNNING
="2026-08-10 18:39:26",65071,289036,113143,175893,300000,-0.0323,0.1500,+0.0,+0.0000,NONE,RUNNING
="2026-08-10 18:39:27",65091,351633,113143,238490,300000,-0.0323,0.1500,+0.0,+0.0000,NONE,RUNNING
="2026-08-10 18:39:28",65093,351633,113143,238490,300000,-0.0318,0.1500,+0.0,+0.0000,NONE,RUNNING
="2026-08-10 18:39:29",65093,351633,113143,238490,300000,-0.0551,0.1500,+0.0,+0.0000,NONE,RUNNING
="2026-08-10 18:39:30",65093,351633,113143,238490,300000,-0.0551,0.1500,+0.0,+0.0000,NONE,RUNNING
="2026-08-10 18:39:31",65093,362679,124189,238490,300000,-0.0551,0.1500,+0.0,+0.0000,NONE,RUNNING
="2026-08-10 18:40:31",65068,16580,16580,0,300000,-0.0127,0.1500,+0.0,+0.0000,NONE,RUNNING
="2026-08-10 18:41:31",65068,300637,175727,124910,300000,-0.0674,0.1500,+0.0,+0.0000,NONE,RUNNING
="2026-08-10 18:42:31",65066,10613,0,10613,300000,+0.0049,0.1500,+0.0,+0.0000,NONE,RUNNING
="2026-08-10 18:43:31",65064,268842,69287,199554,300000,-0.0332,0.1500,+0.0,+0.0000,NONE,RUNNING
="2026-08-10 18:44:31",65046,321757,290575,31182,300000,-0.0497,0.1500,+0.0,+0.0000,NONE,RUNNING
="2026-08-10 18:45:31",65052,163536,46120,117416,300000,-0.0413,0.1500,+0.0,+0.0000,NONE,RUNNING
="2026-08-10 18:46:31",64994,2346998,2180442,166556,300000,-0.0705,0.1500,+0.0,+0.0000,NONE,RUNNING
="2026-08-10 18:46:35",64997,2346998,2180442,166556,300000,-0.0781,0.1500,+0.0,+0.0000,NONE,RUNNING
="2026-08-10 18:46:37",64999,2346998,2180442,166556,300000,-0.0781,0.1500,+0.0,+0.0000,NONE,RUNNING
="2026-08-10 18:46:38",64999,2346998,2180442,166556,300000,-0.0781,0.1500,+0.0,+0.0000,NONE,RUNNING
="2026-08-10 18:46:39",65007,2444539,2180442,264097,300000,-0.0781,0.1500,+0.0,+0.0000,NONE,RUNNING
="2026-08-10 18:46:40",65007,2444539,2180442,264097,300000,-0.0781,0.1500,+0.0,+0.0000,NONE,RUNNING
="2026-08-10 18:46:41",65008,2444539,2180442,264097,300000,-0.0781,0.1500,+0.0,+0.0000,NONE,RUNNING
="2026-08-10 18:46:42",65008,2444539,2180442,264097,300000,-0.0781,0.1500,+0.0,+0.0000,NONE,RUNNING
="2026-08-10 18:46:43",65010,2509549,2245452,264097,300000,-0.0768,0.1500,+0.0,+0.0000,NONE,RUNNING
="2026-08-10 18:46:44",65010,2509549,2245452,264097,300000,-0.0761,0.1500,+0.0,+0.0000,NONE,RUNNING
="2026-08-10 18:46:45",65001,2582200,2318103,264097,300000,-0.0730,0.1500,+0.0,+0.0000,NONE,RUNNING
="2026-08-10 18:46:46",64995,2582200,2318103,264097,300000,-0.0730,0.1500,+0.0,+0.0000,NONE,RUNNING
="2026-08-10 18:46:47",64995,2464911,2200814,264097,300000,-0.0730,0.1500,+0.0,+0.0000,NONE,RUNNING
="2026-08-10 18:46:48",64995,2464911,2200814,264097,300000,-0.0730,0.1500,+0.0,+0.0000,NONE,RUNNING
="2026-08-10 18:46:49",64995,2486409,2200814,285595,300000,-0.0730,0.1500,+0.0,+0.0000,NONE,RUNNING
="2026-08-10 18:46:50",64995,2523155,2200814,322340,300000,-0.0727,0.1500,+0.0,+0.0000,NONE,RUNNING
="2026-08-10 18:46:51",64995,2523155,2200814,322340,300000,-0.0721,0.1500,+0.0,+0.0000,NONE,RUNNING
="2026-08-10 18:46:52",64996,2543120,2200814,342305,300000,-0.0721,0.1500,+0.0,+0.0000,NONE,RUNNING
="2026-08-10 18:46:53",64996,2464979,2122673,342305,300000,-0.0705,0.1500,+0.0,+0.0000,NONE,RUNNING
="2026-08-10 18:46:54",64996,2409146,2066840,342305,300000,-0.0667,0.1500,+0.0,+0.0000,NONE,RUNNING
="2026-08-10 18:46:55",64998,2445753,2066840,378912,300000,-0.0667,0.1500,+0.0,+0.0000,NONE,RUNNING
="2026-08-10 18:46:56",65001,2445753,2066840,378912,300000,-0.0668,0.1500,+0.0,+0.0000,NONE,RUNNING
="2026-08-10 18:46:57",65002,2445753,2066840,378912,300000,-0.0679,0.1500,+0.0,+0.0000,NONE,RUNNING
="2026-08-10 18:46:58",65003,2445753,2066840,378912,300000,-0.0679,0.1500,+0.0,+0.0000,NONE,RUNNING
="2026-08-10 18:46:59",65003,2445753,2066840,378912,300000,-0.0568,0.1500,+0.0,+0.0000,NONE,RUNNING
="2026-08-10 18:47:00",65015,2457538,2066840,390697,300000,-0.0580,0.1500,+0.0,+0.0000,NONE,RUNNING
="2026-08-10 18:47:01",65010,2591701,2201004,390697,300000,-0.0580,0.1500,+0.0,+0.0000,NONE,RUNNING
="2026-08-10 18:47:02",65010,2591701,2201004,390697,300000,-0.0549,0.1500,+0.0,+0.0000,NONE,RUNNING
="2026-08-10 18:47:03",65010,2567076,2176379,390697,300000,-0.0571,0.1500,+0.0,+0.0000,NONE,RUNNING
="2026-08-10 18:47:04",65010,2389568,1998871,390697,300000,-0.0571,0.1500,+0.0,+0.0000,NONE,RUNNING
="2026-08-10 18:47:05",64994,1366850,976152,390697,300000,-0.0569,0.1500,+0.0,+0.0000,NONE,RUNNING
="2026-08-10 18:47:06",64987,1210551,819854,390697,300000,-0.0569,0.1500,+0.0,+0.0000,NONE,RUNNING
="2026-08-10 18:47:07",64983,1181493,790796,390697,300000,-0.0694,0.1500,+0.0,+0.0000,NONE,RUNNING
="2026-08-10 18:47:08",64983,1181493,790796,390697,300000,-0.0453,0.1500,+0.0,+0.0000,NONE,RUNNING
="2026-08-10 18:47:09",64983,1181493,790796,390697,300000,-0.0453,0.1500,+0.0,+0.0000,NONE,RUNNING
="2026-08-10 18:47:10",64983,1079794,689096,390697,300000,-0.0440,0.1500,+0.0,+0.0000,NONE,RUNNING
="2026-08-10 18:47:11",64983,1040784,650087,390697,300000,-0.0387,0.1500,+0.0,+0.0000,NONE,RUNNING
="2026-08-10 18:47:12",64984,1040784,650087,390697,300000,-0.0387,0.1500,+0.0,+0.0000,NONE,RUNNING
="2026-08-10 18:47:13",64986,910102,585095,325007,300000,-0.0382,0.1500,+0.0,+0.0000,NONE,RUNNING
="2026-08-10 18:47:14",64986,866558,585095,281462,300000,-0.0382,0.1500,+0.0,+0.0000,NONE,RUNNING
="2026-08-10 18:47:15",64985,866558,585095,281462,300000,-0.0382,0.1500,+0.0,+0.0000,NONE,RUNNING
="2026-08-10 18:47:16",64986,866558,585095,281462,300000,-0.0406,0.1500,+0.0,+0.0000,NONE,RUNNING
="2026-08-10 18:47:17",64985,866558,585095,281462,300000,-0.0364,0.1500,+0.0,+0.0000,NONE,RUNNING
="2026-08-10 18:47:18",64986,866558,585095,281462,300000,-0.0364,0.1500,+0.0,+0.0000,NONE,RUNNING
="2026-08-10 18:47:19",64985,855682,585095,270586,300000,-0.0367,0.1500,+0.0,+0.0000,NONE,RUNNING
="2026-08-10 18:47:20",64986,855682,585095,270586,300000,-0.0161,0.1500,+0.0,+0.0000,NONE,RUNNING
="2026-08-10 18:47:21",64985,855682,585095,270586,300000,-0.0198,0.1500,+0.0,+0.0000,NONE,RUNNING
="2026-08-10 18:47:22",64985,855682,585095,270586,300000,-0.0198,0.1500,+0.0,+0.0000,NONE,RUNNING
="2026-08-10 18:47:23",64986,672592,402006,270586,300000,-0.0194,0.1500,+0.0,+0.0000,NONE,RUNNING
="2026-08-10 18:47:24",64986,684667,402006,282661,300000,-0.0196,0.1500,+0.0,+0.0000,NONE,RUNNING
="2026-08-10 18:47:25",64986,684667,402006,282661,300000,-0.0196,0.1500,+0.0,+0.0000,NONE,RUNNING
="2026-08-10 18:47:26",64986,695182,402006,293175,300000,-0.0196,0.1500,+0.0,+0.0000,NONE,RUNNING
="2026-08-10 18:47:27",64986,695182,402006,293175,300000,-0.0213,0.1500,+0.0,+0.0000,NONE,RUNNING
="2026-08-10 18:47:28",64987,695182,402006,293175,300000,-0.0221,0.1500,+0.0,+0.0000,NONE,RUNNING
="2026-08-10 18:47:29",64992,547465,300734,246730,300000,-0.0221,0.1500,+0.0,+0.0000,NONE,RUNNING
="2026-08-10 18:47:30",64992,547465,300734,246730,300000,-0.0208,0.1500,+0.0,+0.0000,NONE,RUNNING
="2026-08-10 18:47:31",64992,547465,300734,246730,300000,-0.0208,0.1500,+0.0,+0.0000,NONE,RUNNING
="2026-08-10 18:47:32",65004,547465,300734,246730,300000,-0.0186,0.1500,+0.0,+0.0000,NONE,RUNNING
="2026-08-10 18:47:33",65004,547465,300734,246730,300000,-0.0186,0.1500,+0.0,+0.0000,NONE,RUNNING
="2026-08-10 18:47:34",65004,547465,300734,246730,300000,-0.0186,0.1500,+0.0,+0.0000,NONE,RUNNING
="2026-08-10 18:47:35",65004,547465,300734,246730,300000,-0.0186,0.1500,+0.0,+0.0000,NONE,RUNNING
="2026-08-10 18:47:36",65004,547465,300734,246730,300000,-0.0133,0.1500,+0.0,+0.0000,NONE,RUNNING
="2026-08-10 18:47:37",65004,547465,300734,246730,300000,-0.0144,0.1500,+0.0,+0.0000,NONE,RUNNING
="2026-08-10 18:47:38",65004,449924,300734,149189,300000,-0.0144,0.1500,+0.0,+0.0000,NONE,RUNNING
="2026-08-10 18:47:39",65004,449924,300734,149189,300000,-0.0144,0.1500,+0.0,+0.0000,NONE,RUNNING
="2026-08-10 18:47:40",65004,449924,300734,149189,300000,-0.0149,0.1500,+0.0,+0.0000,NONE,RUNNING
="2026-08-10 18:47:41",65004,449924,300734,149189,300000,-0.0162,0.1500,+0.0,+0.0000,NONE,RUNNING
="2026-08-10 18:47:42",65004,449924,300734,149189,300000,-0.0162,0.1500,+0.0,+0.0000,NONE,RUNNING
="2026-08-10 18:47:43",65004,384914,235724,149189,300000,-0.0165,0.1500,+0.0,+0.0000,NONE,RUNNING
="2026-08-10 18:47:44",65004,339439,190250,149189,300000,-0.0165,0.1500,+0.0,+0.0000,NONE,RUNNING
="2026-08-10 18:48:44",64981,694443,255119,439323,300000,-0.0475,0.1500,+0.0,+0.0000,NONE,RUNNING
="2026-08-10 18:49:44",64969,108053,93497,14555,300000,-0.0185,0.1500,+0.0,+0.0000,NONE,RUNNING
="2026-08-10 18:50:44",64981,791139,371483,419656,300000,-0.0164,0.1500,+0.0,+0.0000,NONE,RUNNING
="2026-08-10 18:51:45",64972,111583,111583,0,300000,-0.0088,0.1500,+0.0,+0.0000,NONE,RUNNING
="2026-08-10 18:52:45",64976,813548,260509,553038,300000,-0.0126,0.1500,+0.0,+0.0000,NONE,RUNNING
="2026-08-10 18:53:45",64964,319041,319041,0,300000,+0.0013,0.1500,+0.0,+0.0000,NONE,RUNNING
="2026-08-10 18:54:45",64960,142610,83729,58880,300000,-0.0017,0.1500,+0.0,+0.0000,NONE,RUNNING
="2026-08-10 18:55:45",64963,431163,182733,248430,300000,-0.0031,0.1500,+0.0,+0.0000,NONE,RUNNING
="2026-08-10 18:56:45",64978,544129,200809,343320,300000,-0.0410,0.1500,+0.0,+0.0000,NONE,RUNNING
="2026-08-10 18:57:45",64973,73323,73323,0,300000,+0.0062,0.1500,+0.0,+0.0000,NONE,RUNNING
="2026-08-10 18:58:45",64967,1266149,98005,1168144,300000,-0.0093,0.1500,+0.0,+0.0000,NONE,RUNNING
="2026-08-10 18:59:45",64967,21806,10308,11497,300000,+0.0055,0.1500,+0.0,+0.0000,NONE,RUNNING
="2026-08-10 19:00:45",64969,230306,18677,211628,300000,+0.0061,0.1500,+0.0,+0.0000,NONE,RUNNING
="2026-08-10 19:01:45",65005,245875,21892,223983,300000,-0.0579,0.1500,+0.0,+0.0000,NONE,RUNNING
="2026-08-10 19:02:45",65019,214316,63513,150802,300000,-0.0239,0.1500,+0.0,+0.0000,NONE,RUNNING
="2026-08-10 19:03:45",65035,171797,60071,111725,300000,+0.0136,0.1500,+0.0,+0.0000,NONE,RUNNING
="2026-08-10 19:04:45",65042,38503,0,38503,300000,+0.0002,0.1500,+0.0,+0.0000,NONE,RUNNING
="2026-08-10 19:05:45",65050,86061,0,86061,300000,+0.0081,0.1500,+0.0,+0.0000,NONE,RUNNING
="2026-08-10 19:06:45",65048,120692,84736,35955,300000,-0.0208,0.1500,+0.0,+0.0000,NONE,RUNNING
="2026-08-10 19:07:45",65045,239512,49999,189513,300000,-0.0097,0.1500,+0.0,+0.0000,NONE,RUNNING
="2026-08-10 19:08:46",65034,203667,156955,46712,300000,-0.0009,0.1500,+0.0,+0.0000,NONE,RUNNING
="2026-08-10 19:09:46",65052,232184,144394,87789,300000,-0.0014,0.1500,+0.0,+0.0000,NONE,RUNNING
="2026-08-10 19:10:46",65038,35762,22752,13009,300000,+0.0112,0.1500,+0.0,+0.0000,NONE,RUNNING
="2026-08-10 19:11:46",65038,151338,103143,48195,300000,+0.0097,0.1500,+0.0,+0.0000,NONE,RUNNING
="2026-08-10 19:12:46",65038,0,0,0,300000,-0.0029,0.1500,+0.0,+0.0000,NONE,RUNNING
="2026-08-10 19:13:46",65039,246524,0,246524,300000,-0.0014,0.1500,+0.0,+0.0000,NONE,RUNNING
="2026-08-10 19:14:46",65043,204242,71978,132263,300000,+0.0066,0.1500,+0.0,+0.0000,NONE,RUNNING
="2026-08-10 19:15:46",65040,362799,362799,0,300000,+0.0075,0.1500,+0.0,+0.0000,NONE,RUNNING
="2026-08-10 19:16:46",65025,68593,68593,0,300000,+0.0040,0.1500,+0.0,+0.0000,NONE,RUNNING
="2026-08-10 19:17:46",65020,32512,0,32512,300000,-0.0015,0.1500,+0.0,+0.0000,NONE,RUNNING
="2026-08-10 19:18:46",65020,0,0,0,300000,-0.0082,0.1500,+0.0,+0.0000,NONE,RUNNING
="2026-08-10 19:19:46",65018,85104,36572,48532,300000,+0.0009,0.1500,+0.0,+0.0000,NONE,RUNNING
="2026-08-10 19:20:46",65026,535256,285914,249342,300000,+0.0023,0.1500,+0.0,+0.0000,NONE,RUNNING
="2026-08-10 19:21:46",65055,199439,32519,166919,300000,-0.0036,0.1500,+0.0,+0.0000,NONE,RUNNING
="2026-08-10 19:22:46",65062,472415,389927,82487,300000,+0.0011,0.1500,+0.0,+0.0000,NONE,RUNNING
="2026-08-10 19:23:46",65054,10477,10477,0,300000,-0.0004,0.1500,+0.0,+0.0000,NONE,RUNNING
="2026-08-10 19:24:46",65053,0,0,0,300000,+0.0029,0.1500,+0.0,+0.0000,NONE,RUNNING
="2026-08-10 19:25:46",65053,0,0,0,300000,-0.0092,0.1500,+0.0,+0.0000,NONE,RUNNING
="2026-08-10 19:26:46",65053,11709,11709,0,300000,+0.0002,0.1500,+0.0,+0.0000,NONE,RUNNING
="2026-08-10 19:27:47",65049,510839,336378,174461,300000,+0.0077,0.1500,+0.0,+0.0000,NONE,RUNNING
="2026-08-10 19:28:47",65019,1849709,1811973,37735,300000,+0.0083,0.1500,+0.0,+0.0000,NONE,RUNNING
="2026-08-10 19:29:47",65013,171069,171069,0,300000,+0.0003,0.1500,+0.0,+0.0000,NONE,RUNNING
="2026-08-10 19:30:47",65046,3252266,621842,2630423,300000,-0.0044,0.1500,+0.0,+0.0000,NONE,RUNNING
="2026-08-10 19:31:47",65047,350982,145555,205426,300000,-0.0029,0.1500,+0.0,+0.0000,NONE,RUNNING
="2026-08-10 19:32:47",65047,370128,17669,352459,300000,-0.0018,0.1500,+0.0,+0.0000,NONE,RUNNING
="2026-08-10 19:33:47",65031,66796,14009,52787,300000,-0.0037,0.1500,+0.0,+0.0000,NONE,RUNNING
="2026-08-10 19:34:47",65031,113980,91222,22758,300000,+0.0015,0.1500,+0.0,+0.0000,NONE,RUNNING
="2026-08-10 19:35:47",65024,49089,49089,0,300000,+0.0005,0.1500,+0.0,+0.0000,NONE,RUNNING
="2026-08-10 19:36:47",65032,239876,0,239876,300000,+0.0144,0.1500,+0.0,+0.0000,NONE,RUNNING
="2026-08-10 19:37:47",65026,329534,93217,236317,300000,-0.0065,0.1500,+0.0,+0.0000,NONE,RUNNING
="2026-08-10 19:38:47",65025,24974,0,24974,300000,+0.0072,0.1500,+0.0,+0.0000,NONE,RUNNING
="2026-08-10 19:39:47",65025,0,0,0,300000,-0.0013,0.1500,+0.0,+0.0000,NONE,RUNNING
="2026-08-10 19:40:47",65025,59945,59945,0,300000,+0.0010,0.1500,+0.0,+0.0000,NONE,RUNNING
="2026-08-10 19:41:47",65024,1014296,817386,196909,300000,-0.0057,0.1500,+0.0,+0.0000,NONE,RUNNING
="2026-08-10 19:42:48",65008,1598532,1535325,63207,300000,+0.0050,0.1500,+0.0,+0.0000,NONE,RUNNING
="2026-08-10 19:43:48",65005,805699,780087,25612,300000,-0.0063,0.1500,+0.0,+0.0000,NONE,RUNNING
="2026-08-10 19:44:48",65002,470901,470901,0,300000,+0.0047,0.1500,+0.0,+0.0000,NONE,RUNNING
="2026-08-10 19:45:48",65014,223972,134523,89448,300000,-0.0079,0.1500,+0.0,+0.0000,NONE,RUNNING
="2026-08-10 19:46:48",65027,3774540,344762,3429777,300000,+0.0025,0.1500,+0.0,+0.0000,NONE,RUNNING
="2026-08-10 19:47:48",65038,65752,40327,25425,300000,-0.0041,0.1500,+0.0,+0.0000,NONE,RUNNING
="2026-08-10 19:48:48",65037,0,0,0,300000,+0.0069,0.1500,+0.0,+0.0000,NONE,RUNNING
="2026-08-10 19:49:48",65050,36977,10027,26950,300000,-0.0026,0.1500,+0.0,+0.0000,NONE,RUNNING
="2026-08-10 19:50:48",65039,271530,205419,66110,300000,+0.0070,0.1500,+0.0,+0.0000,NONE,RUNNING
="2026-08-10 19:51:48",65030,73384,62482,10902,300000,-0.0009,0.1500,+0.0,+0.0000,NONE,RUNNING
="2026-08-10 19:52:48",65028,32852,13402,19449,300000,+0.0039,0.1500,+0.0,+0.0000,NONE,RUNNING
="2026-08-10 19:53:48",65028,80529,65028,15500,300000,+0.0059,0.1500,+0.0,+0.0000,NONE,RUNNING
="2026-08-10 19:54:48",65028,0,0,0,300000,+0.0006,0.1500,+0.0,+0.0000,NONE,RUNNING
="2026-08-10 19:55:48",65017,20619,20619,0,300000,-0.0067,0.1500,+0.0,+0.0000,NONE,RUNNING
="2026-08-10 19:56:48",65029,26386,10764,15622,300000,+0.0028,0.1500,+0.0,+0.0000,NONE,RUNNING
="2026-08-10 19:57:48",65029,114679,65029,49649,300000,+0.0172,0.1500,+0.0,+0.0000,NONE,RUNNING
="2026-08-10 19:58:48",65013,188104,123140,64964,300000,+0.0108,0.1500,+0.0,+0.0000,NONE,RUNNING
="2026-08-10 19:59:49",65013,250663,129668,120995,300000,+0.0039,0.1500,+0.0,+0.0000,NONE,RUNNING
="2026-08-10 20:00:49",65012,70871,0,70871,300000,+0.0014,0.1500,+0.0,+0.0000,NONE,RUNNING
="2026-08-10 20:01:49",64994,202284,115573,86711,300000,-0.0005,0.1500,+0.0,+0.0000,NONE,RUNNING
="2026-08-10 20:02:49",64994,75704,56596,19108,300000,+0.0082,0.1500,+0.0,+0.0000,NONE,RUNNING
="2026-08-10 20:03:49",65000,193409,0,193409,300000,-0.0015,0.1500,+0.0,+0.0000,NONE,RUNNING
="2026-08-10 20:04:49",65000,49983,36084,13899,300000,+0.0037,0.1500,+0.0,+0.0000,NONE,RUNNING
="2026-08-10 20:05:49",65013,67369,0,67369,300000,+0.0168,0.1500,+0.0,+0.0000,NONE,RUNNING
="2026-08-10 20:06:49",65024,63880,63880,0,300000,+0.0005,0.1500,+0.0,+0.0000,NONE,RUNNING
="2026-08-10 20:07:49",65030,69799,44201,25597,300000,-0.0116,0.1500,+0.0,+0.0000,NONE,RUNNING
="2026-08-10 20:08:49",65024,73685,31445,42240,300000,-0.0009,0.1500,+0.0,+0.0000,NONE,RUNNING
="2026-08-10 20:09:49",65002,39881,39881,0,300000,+0.0006,0.1500,+0.0,+0.0000,NONE,RUNNING
="2026-08-10 20:10:49",65010,274964,52620,222344,300000,-0.0259,0.1500,+0.0,+0.0000,NONE,RUNNING
="2026-08-10 20:11:49",65011,35759,35759,0,300000,-0.0141,0.1500,+0.0,+0.0000,NONE,RUNNING
="2026-08-10 20:12:49",64980,203890,203890,0,300000,+0.0059,0.1500,+0.0,+0.0000,NONE,RUNNING
="2026-08-10 20:13:49",64988,52428,14469,37959,300000,-0.0050,0.1500,+0.0,+0.0000,NONE,RUNNING
="2026-08-10 20:14:49",65008,39070,0,39070,300000,-0.0043,0.1500,+0.0,+0.0000,NONE,RUNNING
="2026-08-10 20:15:49",65026,28334,0,28334,300000,+0.0031,0.1500,+0.0,+0.0000,NONE,RUNNING
="2026-08-10 20:16:50",65053,0,0,0,300000,-0.0011,0.1500,+0.0,+0.0000,NONE,RUNNING
="2026-08-10 20:17:50",65045,167018,167018,0,300000,-0.0010,0.1500,+0.0,+0.0000,NONE,RUNNING
="2026-08-10 20:18:50",65042,25924,25924,0,300000,-0.0129,0.1500,+0.0,+0.0000,NONE,RUNNING
="2026-08-10 20:19:50",65062,0,0,0,300000,-0.0035,0.1500,+0.0,+0.0000,NONE,RUNNING
="2026-08-10 20:20:50",65064,25120,25120,0,300000,-0.0072,0.1500,+0.0,+0.0000,NONE,RUNNING
="2026-08-10 20:21:50",65077,52590,0,52590,300000,-0.0060,0.1500,+0.0,+0.0000,NONE,RUNNING
="2026-08-10 20:22:50",65081,290929,242738,48191,300000,+0.0000,0.1500,+0.0,+0.0000,NONE,RUNNING
="2026-08-10 20:23:50",65057,0,0,0,300000,-0.0023,0.1500,+0.0,+0.0000,NONE,RUNNING
="2026-08-10 20:24:50",65048,275169,49438,225730,300000,-0.0069,0.1500,+0.0,+0.0000,NONE,RUNNING
="2026-08-10 20:25:50",65062,148072,0,148072,300000,-0.0033,0.1500,+0.0,+0.0000,NONE,RUNNING
="2026-08-10 20:26:50",65061,50669,35771,14898,300000,-0.0043,0.1500,+0.0,+0.0000,NONE,RUNNING
="2026-08-10 20:27:50",65086,159546,0,159546,300000,-0.0064,0.1500,+0.0,+0.0000,NONE,RUNNING
="2026-08-10 20:28:50",65086,0,0,0,300000,+0.0041,0.1500,+0.0,+0.0000,NONE,RUNNING
="2026-08-10 20:29:50",65079,129791,64712,65079,300000,+0.0016,0.1500,+0.0,+0.0000,NONE,RUNNING
="2026-08-10 20:30:50",65082,58792,11896,46896,300000,+0.0015,0.1500,+0.0,+0.0000,NONE,RUNNING
="2026-08-10 20:31:51",65082,128479,86083,42395,300000,+0.0002,0.1500,+0.0,+0.0000,NONE,RUNNING
="2026-08-10 20:32:51",65082,0,0,0,300000,-0.0020,0.1500,+0.0,+0.0000,NONE,RUNNING
="2026-08-10 20:33:51",65073,132511,114271,18240,300000,+0.0002,0.1500,+0.0,+0.0000,NONE,RUNNING
="2026-08-10 20:34:51",65090,28329,0,28329,300000,-0.0026,0.1500,+0.0,+0.0000,NONE,RUNNING
="2026-08-10 20:35:51",65088,131428,16598,114829,300000,+0.0096,0.1500,+0.0,+0.0000,NONE,RUNNING
="2026-08-10 20:36:51",65083,130366,130366,0,300000,+0.0022,0.1500,+0.0,+0.0000,NONE,RUNNING
="2026-08-10 20:37:51",65059,0,0,0,300000,+0.0003,0.1500,+0.0,+0.0000,NONE,RUNNING
="2026-08-10 20:38:51",65081,136501,136501,0,300000,-0.0056,0.1500,+0.0,+0.0000,NONE,RUNNING
="2026-08-10 20:39:51",65075,0,0,0,300000,+0.0034,0.1500,+0.0,+0.0000,NONE,RUNNING
="2026-08-10 20:40:51",65078,234524,156186,78337,300000,+0.0071,0.1500,+0.0,+0.0000,NONE,RUNNING
="2026-08-10 20:41:51",65070,73407,32551,40856,300000,-0.0010,0.1500,+0.0,+0.0000,NONE,RUNNING
="2026-08-10 20:42:51",65066,30455,30455,0,300000,+0.0066,0.1500,+0.0,+0.0000,NONE,RUNNING
="2026-08-10 20:43:51",65062,74003,74003,0,300000,-0.0013,0.1500,+0.0,+0.0000,NONE,RUNNING
="2026-08-10 20:44:51",65061,171793,171793,0,300000,-0.0071,0.1500,+0.0,+0.0000,NONE,RUNNING
="2026-08-10 20:45:51",65061,0,0,0,300000,+0.0026,0.1500,+0.0,+0.0000,NONE,RUNNING
="2026-08-10 20:46:51",65070,203225,165525,37700,300000,-0.0078,0.1500,+0.0,+0.0000,NONE,RUNNING
="2026-08-10 20:47:51",65076,38165,23450,14715,300000,+0.0038,0.1500,+0.0,+0.0000,NONE,RUNNING
="2026-08-10 20:48:51",65075,89252,30828,58424,300000,+0.0041,0.1500,+0.0,+0.0000,NONE,RUNNING
="2026-08-10 20:49:52",65077,201698,160049,41648,300000,-0.0113,0.1500,+0.0,+0.0000,NONE,RUNNING
="2026-08-10 20:50:52",65073,30872,30872,0,300000,-0.0031,0.1500,+0.0,+0.0000,NONE,RUNNING
="2026-08-10 20:51:52",65073,29518,18822,10695,300000,-0.0081,0.1500,+0.0,+0.0000,NONE,RUNNING
="2026-08-10 20:52:52",65073,84264,0,84264,300000,-0.0009,0.1500,+0.0,+0.0000,NONE,RUNNING
="2026-08-10 20:53:52",65073,68529,68529,0,300000,+0.0004,0.1500,+0.0,+0.0000,NONE,RUNNING
="2026-08-10 20:54:52",65098,71522,0,71522,300000,-0.0086,0.1500,+0.0,+0.0000,NONE,RUNNING
="2026-08-10 20:55:52",65121,62312,0,62312,300000,-0.0137,0.1500,+0.0,+0.0000,NONE,RUNNING
="2026-08-10 20:56:52",65121,117594,42549,75044,300000,-0.0102,0.1500,+0.0,+0.0000,NONE,RUNNING
="2026-08-10 20:57:52",65117,49994,49994,0,300000,+0.0004,0.1500,+0.0,+0.0000,NONE,RUNNING
="2026-08-10 20:58:52",65125,0,0,0,300000,-0.0016,0.1500,+0.0,+0.0000,NONE,RUNNING
="2026-08-10 20:59:52",65125,0,0,0,300000,+0.0018,0.1500,+0.0,+0.0000,NONE,RUNNING
="2026-08-10 21:00:52",65108,288396,19686,268709,300000,-0.0013,0.1500,+0.0,+0.0000,NONE,RUNNING
="2026-08-10 21:01:52",65112,0,0,0,300000,-0.0037,0.1500,+0.0,+0.0000,NONE,RUNNING
="2026-08-10 21:02:45",65154,222880,0,222880,300000,+0.0842,0.1500,+0.0,+0.0000,NONE,RUNNING
="2026-08-10 21:02:46",65154,222880,0,222880,300000,+0.0842,0.1500,+0.0,+0.0000,NONE,RUNNING
="2026-08-10 21:02:48",65154,222880,0,222880,300000,+0.0842,0.1500,+0.0,+0.0000,NONE,RUNNING
="2026-08-10 21:02:49",65156,370134,0,370134,300000,+0.0970,0.1500,+0.0,+0.0000,NONE,RUNNING
="2026-08-10 21:02:50",65175,435309,65175,370134,300000,+0.0970,0.1500,+0.0,+0.0000,NONE,RUNNING
="2026-08-10 21:02:51",65175,435309,65175,370134,300000,+0.0970,0.1500,+0.0,+0.0000,NONE,RUNNING
="2026-08-10 21:02:52",65180,463407,65175,398231,300000,+0.0990,0.1500,+0.0,+0.0000,NONE,RUNNING
="2026-08-10 21:02:53",65183,572910,65175,507734,300000,+0.0864,0.1500,+0.0,+0.0000,NONE,RUNNING
="2026-08-10 21:02:54",65200,725576,65175,660400,300000,+0.0864,0.1500,+0.0,+0.0000,NONE,RUNNING
="2026-08-10 21:02:55",65200,725576,65175,660400,300000,+0.0898,0.1500,+0.0,+0.0000,NONE,RUNNING
="2026-08-10 21:02:56",65210,830426,65175,765250,300000,+0.0905,0.1500,+0.0,+0.0000,NONE,RUNNING
="2026-08-10 21:02:57",65230,1319182,65175,1254006,300000,+0.0909,0.1500,+0.0,+0.0000,NONE,RUNNING
="2026-08-10 21:02:58",65235,1420917,120284,1300633,300000,+0.0909,0.1500,+0.0,+0.0000,NONE,RUNNING
="2026-08-10 21:02:59",65232,1420917,120284,1300633,300000,+0.1403,0.1500,+0.0,+0.0000,NONE,RUNNING
="2026-08-10 21:03:00",65230,1420917,120284,1300633,300000,+0.1403,0.1500,+0.0,+0.0000,NONE,RUNNING
="2026-08-10 21:03:01",65230,1420917,120284,1300633,300000,+0.1412,0.1500,+0.0,+0.0000,NONE,RUNNING
="2026-08-10 21:03:02",65230,1420917,120284,1300633,300000,+0.2184,0.1500,+0.0,+0.0000,LONG,RUNNING
="2026-08-10 21:03:03",65230,1420917,120284,1300633,300000,+0.2184,0.1500,+0.0,+0.0000,LONG,RUNNING
="2026-08-10 21:03:04",65230,1420917,120284,1300633,300000,+0.2224,0.1500,+0.0,+0.0000,LONG,RUNNING
="2026-08-10 21:03:05",65230,1420917,120284,1300633,300000,+0.2224,0.1500,+0.0,+0.0000,LONG,RUNNING
="2026-08-10 21:03:06",65230,1433014,132381,1300633,300000,+0.2224,0.1500,+0.0,+0.0000,LONG,RUNNING
="2026-08-10 21:03:07",65231,1433014,132381,1300633,300000,+0.2213,0.1500,+0.0,+0.0000,LONG,RUNNING
="2026-08-10 21:03:08",65229,1444761,144127,1300633,300000,+0.2247,0.1500,+0.0,+0.0000,LONG,RUNNING
="2026-08-10 21:03:09",65226,1444761,144127,1300633,300000,+0.2247,0.1500,+0.0,+0.0000,LONG,RUNNING
="2026-08-10 21:03:10",65226,1444761,144127,1300633,300000,+0.2247,0.1500,+0.0,+0.0000,LONG,RUNNING
="2026-08-10 21:03:11",65218,1460008,159375,1300633,300000,+0.2277,0.1500,+0.0,+0.0000,LONG,RUNNING
="2026-08-10 21:03:12",65210,1392895,159375,1233520,300000,+0.2277,0.1500,+0.0,+0.0000,LONG,RUNNING
="2026-08-10 21:03:13",65210,1392895,159375,1233520,300000,+0.2274,0.1500,+0.0,+0.0000,LONG,RUNNING
="2026-08-10 21:03:14",65210,1392895,159375,1233520,300000,+0.2274,0.1500,+0.0,+0.0000,LONG,RUNNING
="2026-08-10 21:03:15",65210,1377148,159375,1217773,300000,+0.2262,0.1500,+0.0,+0.0000,LONG,RUNNING
="2026-08-10 21:03:16",65210,1377148,159375,1217773,300000,+0.2262,0.1500,+0.0,+0.0000,LONG,RUNNING
="2026-08-10 21:03:17",65207,1377148,159375,1217773,300000,+0.2276,0.1500,+0.0,+0.0000,LONG,RUNNING
="2026-08-10 21:03:18",65206,1377148,159375,1217773,300000,+0.2276,0.1500,+0.0,+0.0000,LONG,RUNNING
="2026-08-10 21:03:19",65204,1377148,159375,1217773,300000,+0.2266,0.1500,+0.0,+0.0000,LONG,RUNNING
="2026-08-10 21:03:20",65199,1377148,159375,1217773,300000,+0.2247,0.1500,+0.0,+0.0000,LONG,RUNNING
="2026-08-10 21:03:21",65197,1377148,159375,1217773,300000,+0.2246,0.1500,+0.0,+0.0000,LONG,RUNNING
="2026-08-10 21:03:22",65194,1377148,159375,1217773,300000,+0.2248,0.1500,+0.0,+0.0000,LONG,RUNNING
="2026-08-10 21:03:23",65188,1377148,159375,1217773,300000,+0.2248,0.1500,+0.0,+0.0000,LONG,RUNNING
="2026-08-10 21:03:24",65182,1377148,159375,1217773,300000,+0.2248,0.1500,+0.0,+0.0000,LONG,RUNNING
="2026-08-10 21:03:25",65182,1491787,159375,1332411,300000,+0.2248,0.1500,+0.0,+0.0000,LONG,RUNNING
="2026-08-10 21:03:26",65182,1491787,159375,1332411,300000,+0.2250,0.1500,+0.0,+0.0000,LONG,RUNNING
="2026-08-10 21:03:27",65182,1491787,159375,1332411,300000,+0.2250,0.1500,+0.0,+0.0000,LONG,RUNNING
="2026-08-10 21:03:28",65182,1491787,159375,1332411,300000,+0.2078,0.1500,+0.0,+0.0000,LONG,RUNNING
="2026-08-10 21:03:29",65179,1491787,159375,1332411,300000,+0.2046,0.1500,+0.0,+0.0000,LONG,RUNNING
="2026-08-10 21:03:30",65178,1491787,159375,1332411,300000,+0.2046,0.1500,+0.0,+0.0000,LONG,RUNNING
="2026-08-10 21:03:31",65178,1491787,159375,1332411,300000,+0.1898,0.1500,+0.0,+0.0000,LONG,RUNNING
="2026-08-10 21:03:32",65178,1491787,159375,1332411,300000,+0.1908,0.1500,+0.0,+0.0000,LONG,RUNNING
="2026-08-10 21:03:33",65178,1491787,159375,1332411,300000,+0.1908,0.1500,+0.0,+0.0000,LONG,RUNNING
="2026-08-10 21:03:34",65178,1491787,159375,1332411,300000,+0.1680,0.1500,+0.0,+0.0000,LONG,RUNNING
="2026-08-10 21:03:35",65178,1491787,159375,1332411,300000,+0.1673,0.1500,+0.0,+0.0000,LONG,RUNNING
="2026-08-10 21:03:36",65177,1366013,159375,1206638,300000,+0.1505,0.1500,+0.0,+0.0000,LONG,RUNNING
="2026-08-10 21:03:37",65177,1366013,159375,1206638,300000,+0.1505,0.1500,+0.0,+0.0000,LONG,RUNNING
="2026-08-10 21:03:38",65176,1351766,159375,1192391,300000,+0.1505,0.1500,+0.0,+0.0000,LONG,RUNNING
="2026-08-10 21:03:39",65176,1351766,159375,1192391,300000,+0.1587,0.1500,+0.0,+0.0000,LONG,RUNNING
="2026-08-10 21:03:40",65176,1351766,159375,1192391,300000,+0.1590,0.1500,+0.0,+0.0000,LONG,RUNNING
="2026-08-10 21:03:41",65176,1351766,159375,1192391,300000,+0.1591,0.1500,+0.0,+0.0000,LONG,RUNNING
="2026-08-10 21:03:42",65176,1351766,159375,1192391,300000,+0.1591,0.1500,+0.0,+0.0000,LONG,RUNNING
="2026-08-10 21:03:43",65176,1351766,159375,1192391,300000,+0.1591,0.1500,+0.0,+0.0000,LONG,RUNNING
="2026-08-10 21:03:44",65176,1351766,159375,1192391,300000,+0.1591,0.1500,+0.0,+0.0000,LONG,RUNNING
="2026-08-10 21:03:45",65176,1351766,159375,1192391,300000,+0.1602,0.1500,+0.0,+0.0000,LONG,RUNNING
="2026-08-10 21:03:46",65176,1351766,159375,1192391,300000,+0.1404,0.1500,+0.0,+0.0000,NONE,RUNNING
="2026-08-10 21:03:47",65176,1351766,159375,1192391,300000,+0.1404,0.1500,+0.0,+0.0000,NONE,RUNNING
="2026-08-10 21:03:48",65176,1368008,175616,1192391,300000,+0.1404,0.1500,+0.0,+0.0000,NONE,RUNNING
="2026-08-10 21:03:49",65179,1155578,110440,1045137,300000,+0.1276,0.1500,+0.0,+0.0000,NONE,RUNNING
="2026-08-10 21:03:50",65180,1171355,110440,1060914,300000,+0.1276,0.1500,+0.0,+0.0000,NONE,RUNNING
="2026-08-10 21:03:51",65182,1154599,110440,1044158,300000,+0.1276,0.1500,+0.0,+0.0000,NONE,RUNNING
="2026-08-10 21:03:52",65182,1033754,110440,923313,300000,+0.1402,0.1500,+0.0,+0.0000,NONE,RUNNING
="2026-08-10 21:03:53",65182,881088,110440,770647,300000,+0.1402,0.1500,+0.0,+0.0000,NONE,RUNNING
="2026-08-10 21:03:54",65182,881088,110440,770647,300000,+0.1402,0.1500,+0.0,+0.0000,NONE,RUNNING
="2026-08-10 21:03:55",65182,881088,110440,770647,300000,+0.1394,0.1500,+0.0,+0.0000,NONE,RUNNING
="2026-08-10 21:03:56",65190,339655,110440,229214,300000,+0.1394,0.1500,+0.0,+0.0000,NONE,RUNNING
="2026-08-10 21:03:57",65193,225514,55332,170181,300000,+0.1364,0.1500,+0.0,+0.0000,NONE,RUNNING
="2026-08-10 21:03:58",65195,225514,55332,170181,300000,+0.0870,0.1500,+0.0,+0.0000,NONE,RUNNING
="2026-08-10 21:03:59",65195,291012,55332,235680,300000,+0.0929,0.1500,+0.0,+0.0000,NONE,RUNNING
="2026-08-10 21:04:00",65206,291012,55332,235680,300000,+0.0929,0.1500,+0.0,+0.0000,NONE,RUNNING
="2026-08-10 21:04:01",65209,291012,55332,235680,300000,+0.0157,0.1500,+0.0,+0.0000,NONE,RUNNING
="2026-08-10 21:04:02",65209,291012,55332,235680,300000,+0.0157,0.1500,+0.0,+0.0000,NONE,RUNNING
="2026-08-10 21:04:03",65209,291012,55332,235680,300000,+0.0155,0.1500,+0.0,+0.0000,NONE,RUNNING
="2026-08-10 21:04:04",65209,291012,55332,235680,300000,+0.0155,0.1500,+0.0,+0.0000,NONE,RUNNING
="2026-08-10 21:04:05",65209,278915,43235,235680,300000,+0.0155,0.1500,+0.0,+0.0000,NONE,RUNNING
="2026-08-10 21:04:06",65205,278915,43235,235680,300000,+0.0087,0.1500,+0.0,+0.0000,NONE,RUNNING
="2026-08-10 21:04:07",65205,267168,31488,235680,300000,+0.0052,0.1500,+0.0,+0.0000,NONE,RUNNING
="2026-08-10 21:04:08",65204,267168,31488,235680,300000,+0.0051,0.1500,+0.0,+0.0000,NONE,RUNNING
="2026-08-10 21:04:09",65204,267168,31488,235680,300000,+0.0051,0.1500,+0.0,+0.0000,NONE,RUNNING
="2026-08-10 21:04:10",65204,251921,16241,235680,300000,+0.0022,0.1500,+0.0,+0.0000,NONE,RUNNING
="2026-08-10 21:04:11",65200,270183,34503,235680,300000,-0.0037,0.1500,+0.0,+0.0000,NONE,RUNNING
="2026-08-10 21:04:13",65198,270183,34503,235680,300000,-0.0037,0.1500,+0.0,+0.0000,NONE,RUNNING
="2026-08-10 21:04:14",65198,270183,34503,235680,300000,-0.0034,0.1500,+0.0,+0.0000,NONE,RUNNING
="2026-08-10 21:04:15",65198,270183,34503,235680,300000,-0.0072,0.1500,+0.0,+0.0000,NONE,RUNNING
="2026-08-10 21:04:16",65198,270183,34503,235680,300000,-0.0072,0.1500,+0.0,+0.0000,NONE,RUNNING
="2026-08-10 21:04:17",65196,270183,34503,235680,300000,-0.0087,0.1500,+0.0,+0.0000,NONE,RUNNING
="2026-08-10 21:04:18",65195,270183,34503,235680,300000,-0.0089,0.1500,+0.0,+0.0000,NONE,RUNNING
="2026-08-10 21:04:19",65195,270183,34503,235680,300000,-0.0089,0.1500,+0.0,+0.0000,NONE,RUNNING
="2026-08-10 21:04:20",65195,270183,34503,235680,300000,-0.0071,0.1500,+0.0,+0.0000,NONE,RUNNING
="2026-08-10 21:04:21",65195,270183,34503,235680,300000,-0.0071,0.1500,+0.0,+0.0000,NONE,RUNNING
="2026-08-10 21:04:22",65195,270183,34503,235680,300000,-0.0082,0.1500,+0.0,+0.0000,NONE,RUNNING
="2026-08-10 21:04:23",65195,270183,34503,235680,300000,-0.0084,0.1500,+0.0,+0.0000,NONE,RUNNING
="2026-08-10 21:04:24",65195,270183,34503,235680,300000,-0.0084,0.1500,+0.0,+0.0000,NONE,RUNNING
="2026-08-10 21:04:25",65195,155544,34503,121041,300000,-0.0114,0.1500,+0.0,+0.0000,NONE,RUNNING
="2026-08-10 21:04:26",65195,155544,34503,121041,300000,-0.0115,0.1500,+0.0,+0.0000,NONE,RUNNING
="2026-08-10 21:04:27",65195,217198,96157,121041,300000,-0.0115,0.1500,+0.0,+0.0000,NONE,RUNNING
="2026-08-10 21:04:28",65183,217198,96157,121041,300000,-0.0115,0.1500,+0.0,+0.0000,NONE,RUNNING
="2026-08-10 21:04:29",65183,217198,96157,121041,300000,-0.0084,0.1500,+0.0,+0.0000,NONE,RUNNING
="2026-08-10 21:04:30",65183,217198,96157,121041,300000,-0.0094,0.1500,+0.0,+0.0000,NONE,RUNNING
="2026-08-10 21:04:31",65183,217198,96157,121041,300000,-0.0094,0.1500,+0.0,+0.0000,NONE,RUNNING
="2026-08-10 21:04:32",65183,217198,96157,121041,300000,-0.0104,0.1500,+0.0,+0.0000,NONE,RUNNING
="2026-08-10 21:04:33",65183,217198,96157,121041,300000,-0.0104,0.1500,+0.0,+0.0000,NONE,RUNNING
="2026-08-10 21:04:34",65183,217198,96157,121041,300000,-0.0104,0.1500,+0.0,+0.0000,NONE,RUNNING
="2026-08-10 21:04:35",65183,229256,108214,121041,300000,-0.0098,0.1500,+0.0,+0.0000,NONE,RUNNING
="2026-08-10 21:04:36",65185,229256,108214,121041,300000,-0.0098,0.1500,+0.0,+0.0000,NONE,RUNNING
="2026-08-10 21:04:37",65185,229256,108214,121041,300000,-0.0076,0.1500,+0.0,+0.0000,NONE,RUNNING
="2026-08-10 21:04:38",65185,229256,108214,121041,300000,-0.0158,0.1500,+0.0,+0.0000,NONE,RUNNING
="2026-08-10 21:04:39",65185,229256,108214,121041,300000,-0.0158,0.1500,+0.0,+0.0000,NONE,RUNNING
="2026-08-10 21:04:40",65185,229256,108214,121041,300000,-0.0221,0.1500,+0.0,+0.0000,NONE,RUNNING
="2026-08-10 21:04:41",65185,229256,108214,121041,300000,-0.0223,0.1500,+0.0,+0.0000,NONE,RUNNING
="2026-08-10 21:04:42",65185,229256,108214,121041,300000,-0.0225,0.1500,+0.0,+0.0000,NONE,RUNNING
="2026-08-10 21:04:43",65185,229256,108214,121041,300000,-0.0225,0.1500,+0.0,+0.0000,NONE,RUNNING
="2026-08-10 21:04:44",65185,229256,108214,121041,300000,-0.0236,0.1500,+0.0,+0.0000,NONE,RUNNING
="2026-08-10 21:04:45",65185,229256,108214,121041,300000,-0.0236,0.1500,+0.0,+0.0000,NONE,RUNNING
="2026-08-10 21:04:46",65185,229256,108214,121041,300000,-0.0232,0.1500,+0.0,+0.0000,NONE,RUNNING
="2026-08-10 21:04:47",65185,229256,108214,121041,300000,-0.0232,0.1500,+0.0,+0.0000,NONE,RUNNING
="2026-08-10 21:04:48",65185,213014,91973,121041,300000,-0.0205,0.1500,+0.0,+0.0000,NONE,RUNNING
="2026-08-10 21:04:49",65185,213014,91973,121041,300000,-0.0205,0.1500,+0.0,+0.0000,NONE,RUNNING
="2026-08-10 21:04:50",65185,213014,91973,121041,300000,-0.0205,0.1500,+0.0,+0.0000,NONE,RUNNING
="2026-08-10 21:04:51",65185,197238,91973,105264,300000,-0.0205,0.1500,+0.0,+0.0000,NONE,RUNNING
="2026-08-10 21:04:52",65185,197238,91973,105264,300000,-0.0205,0.1500,+0.0,+0.0000,NONE,RUNNING
="2026-08-10 21:04:53",65185,197238,91973,105264,300000,-0.0205,0.1500,+0.0,+0.0000,NONE,RUNNING
="2026-08-10 21:04:54",65185,197238,91973,105264,300000,-0.0216,0.1500,+0.0,+0.0000,NONE,RUNNING
="2026-08-10 21:04:55",65185,197238,91973,105264,300000,-0.0216,0.1500,+0.0,+0.0000,NONE,RUNNING
="2026-08-10 21:04:56",65185,197238,91973,105264,300000,-0.0186,0.1500,+0.0,+0.0000,NONE,RUNNING
="2026-08-10 21:04:57",65185,157471,91973,65498,300000,-0.0186,0.1500,+0.0,+0.0000,NONE,RUNNING
="2026-08-10 21:04:58",65185,157471,91973,65498,300000,-0.0187,0.1500,+0.0,+0.0000,NONE,RUNNING
="2026-08-10 21:04:59",65185,157471,91973,65498,300000,-0.0187,0.1500,+0.0,+0.0000,NONE,RUNNING
="2026-08-10 21:05:00",65185,91973,91973,0,300000,-0.0245,0.1500,+0.0,+0.0000,NONE,RUNNING
="2026-08-10 21:05:01",65186,91973,91973,0,300000,-0.0264,0.1500,+0.0,+0.0000,NONE,RUNNING
="2026-08-10 21:06:01",65155,339889,118566,221322,300000,-0.0460,0.1500,+0.0,+0.0000,NONE,RUNNING
="2026-08-10 21:07:01",65169,73248,19969,53278,300000,-0.0155,0.1500,+0.0,+0.0000,NONE,RUNNING
="2026-08-10 21:08:01",65167,44632,44632,0,300000,-0.0084,0.1500,+0.0,+0.0000,NONE,RUNNING
="2026-08-10 21:09:01",65164,32597,32597,0,300000,-0.0059,0.1500,+0.0,+0.0000,NONE,RUNNING
="2026-08-10 21:10:01",65188,45130,20001,25128,300000,+0.0057,0.1500,+0.0,+0.0000,NONE,RUNNING
="2026-08-10 21:11:01",65180,268001,29866,238135,300000,-0.0122,0.1500,+0.0,+0.0000,NONE,RUNNING
="2026-08-10 21:12:01",65195,146542,123421,23120,300000,+0.0093,0.1500,+0.0,+0.0000,NONE,RUNNING
="2026-08-10 21:13:01",65146,642208,642208,0,300000,-0.0114,0.1500,+0.0,+0.0000,NONE,RUNNING
="2026-08-10 21:14:02",65125,136372,136372,0,300000,-0.0069,0.1500,+0.0,+0.0000,NONE,RUNNING
="2026-08-10 21:15:02",65126,682408,199605,482803,300000,+0.0013,0.1500,+0.0,+0.0000,NONE,RUNNING
="2026-08-10 21:16:02",65113,218511,218511,0,300000,-0.0250,0.1500,+0.0,+0.0000,NONE,RUNNING
="2026-08-10 21:17:02",65113,340507,181537,158970,300000,-0.0007,0.1500,+0.0,+0.0000,NONE,RUNNING
="2026-08-10 21:18:02",65098,237315,47242,190073,300000,-0.0031,0.1500,+0.0,+0.0000,NONE,RUNNING
="2026-08-10 21:19:02",65079,309029,108947,200082,300000,+0.0085,0.1500,+0.0,+0.0000,NONE,RUNNING
="2026-08-10 21:20:02",65083,510046,68863,441182,300000,+0.0031,0.1500,+0.0,+0.0000,NONE,RUNNING
="2026-08-10 21:21:02",65088,499205,200438,298766,300000,-0.0073,0.1500,+0.0,+0.0000,NONE,RUNNING
="2026-08-10 21:22:02",65095,467227,133182,334044,300000,-0.0015,0.1500,+0.0,+0.0000,NONE,RUNNING
="2026-08-10 21:23:02",65096,255177,65096,190080,300000,-0.0054,0.1500,+0.0,+0.0000,NONE,RUNNING
="2026-08-10 21:24:02",65087,548682,91231,457450,300000,+0.0022,0.1500,+0.0,+0.0000,NONE,RUNNING
="2026-08-10 21:25:02",65081,299663,99572,200090,300000,+0.0137,0.1500,+0.0,+0.0000,NONE,RUNNING
="2026-08-10 21:26:02",65081,265662,10010,255651,300000,+0.0093,0.1500,+0.0,+0.0000,NONE,RUNNING
="2026-08-10 21:27:02",65065,503553,255608,247945,300000,+0.0164,0.1500,+0.0,+0.0000,NONE,RUNNING
="2026-08-10 21:28:02",65045,509413,499410,10003,300000,-0.0161,0.1500,+0.0,+0.0000,NONE,RUNNING
="2026-08-10 21:29:02",65041,377259,177175,200083,300000,-0.0040,0.1500,+0.0,+0.0000,NONE,RUNNING
="2026-08-10 21:30:02",65055,272969,53350,219619,300000,-0.0052,0.1500,+0.0,+0.0000,NONE,RUNNING
="2026-08-10 21:31:02",65056,479230,240424,238805,300000,+0.0072,0.1500,+0.0,+0.0000,NONE,RUNNING
="2026-08-10 21:32:03",65049,210088,0,210088,300000,+0.0070,0.1500,+0.0,+0.0000,NONE,RUNNING
="2026-08-10 21:33:03",65023,439695,233356,206338,300000,-0.0185,0.1500,+0.0,+0.0000,NONE,RUNNING
="2026-08-10 21:34:03",65027,873092,551826,321266,300000,-0.0021,0.1500,+0.0,+0.0000,NONE,RUNNING
="2026-08-10 21:35:03",64980,723970,523888,200081,300000,+0.0089,0.1500,+0.0,+0.0000,NONE,RUNNING
="2026-08-10 21:36:03",64988,488885,257788,231096,300000,-0.0173,0.1500,+0.0,+0.0000,NONE,RUNNING
="2026-08-10 21:37:03",64975,620551,291440,329110,300000,+0.0038,0.1500,+0.0,+0.0000,NONE,RUNNING
="2026-08-10 21:38:03",64957,319401,109324,210076,300000,-0.0118,0.1500,+0.0,+0.0000,NONE,RUNNING
="2026-08-10 21:39:03",64933,740298,513512,226785,300000,+0.0049,0.1500,+0.0,+0.0000,NONE,RUNNING
="2026-08-10 21:39:59",64924,612728,355364,257363,300000,-0.0757,0.1500,+0.0,+0.0000,NONE,RUNNING
="2026-08-10 21:40:00",64924,612728,355364,257363,300000,-0.0757,0.1500,+0.0,+0.0000,NONE,RUNNING
="2026-08-10 21:40:01",64917,1152101,894737,257363,300000,-0.0779,0.1500,+0.0,+0.0000,NONE,RUNNING
="2026-08-10 21:40:02",64917,1152101,894737,257363,300000,-0.0765,0.1500,+0.0,+0.0000,NONE,RUNNING
="2026-08-10 21:40:03",64917,1486238,1218871,267367,300000,-0.0786,0.1500,+0.0,+0.0000,NONE,RUNNING
="2026-08-10 21:40:04",64917,1465232,1207868,257363,300000,-0.0786,0.1500,+0.0,+0.0000,NONE,RUNNING
="2026-08-10 21:40:05",64917,1465232,1207868,257363,300000,-0.0829,0.1500,+0.0,+0.0000,NONE,RUNNING
="2026-08-10 21:40:06",64917,1475235,1207868,267367,300000,-0.0829,0.1500,+0.0,+0.0000,NONE,RUNNING
="2026-08-10 21:40:07",64911,1739484,1482121,257363,300000,-0.0817,0.1500,+0.0,+0.0000,NONE,RUNNING
="2026-08-10 21:40:08",64911,1739484,1482121,257363,300000,-0.0817,0.1500,+0.0,+0.0000,NONE,RUNNING
="2026-08-10 21:40:09",64911,1920258,1662896,257362,300000,-0.0784,0.1500,+0.0,+0.0000,NONE,RUNNING
="2026-08-10 21:40:10",64911,1920258,1662896,257362,300000,-0.0784,0.1500,+0.0,+0.0000,NONE,RUNNING
="2026-08-10 21:40:11",64911,1920258,1662896,257362,300000,-0.0783,0.1500,+0.0,+0.0000,NONE,RUNNING
="2026-08-10 21:40:12",64911,1920257,1662896,257361,300000,-0.0783,0.1500,+0.0,+0.0000,NONE,RUNNING
="2026-08-10 21:40:13",64911,1920257,1662896,257361,300000,-0.0777,0.1500,+0.0,+0.0000,NONE,RUNNING
="2026-08-10 21:40:14",64911,1920257,1662896,257361,300000,-0.0777,0.1500,+0.0,+0.0000,NONE,RUNNING
="2026-08-10 21:40:15",64911,1920256,1662896,257360,300000,-0.0777,0.1500,+0.0,+0.0000,NONE,RUNNING
="2026-08-10 21:40:16",64911,1848201,1590841,257360,300000,-0.0759,0.1500,+0.0,+0.0000,NONE,RUNNING
="2026-08-10 21:40:17",64911,1848201,1590841,257360,300000,-0.0755,0.1500,+0.0,+0.0000,NONE,RUNNING
="2026-08-10 21:40:18",64911,1848201,1590841,257359,300000,-0.0763,0.1500,+0.0,+0.0000,NONE,RUNNING
="2026-08-10 21:40:19",64911,1848201,1590841,257359,300000,-0.0763,0.1500,+0.0,+0.0000,NONE,RUNNING
="2026-08-10 21:40:20",64911,2070274,1590841,479432,300000,-0.0748,0.1500,+0.0,+0.0000,NONE,RUNNING
="2026-08-10 21:40:21",64919,2070274,1590841,479433,300000,-0.0746,0.1500,+0.0,+0.0000,NONE,RUNNING
="2026-08-10 21:40:22",64919,2070274,1590841,479433,300000,-0.0746,0.1500,+0.0,+0.0000,NONE,RUNNING
="2026-08-10 21:40:23",64919,2070274,1590841,479433,300000,-0.0746,0.1500,+0.0,+0.0000,NONE,RUNNING
="2026-08-10 21:40:24",64919,2070275,1590841,479433,300000,-0.0743,0.1500,+0.0,+0.0000,NONE,RUNNING
="2026-08-10 21:40:25",64919,2098786,1590841,507945,300000,-0.0751,0.1500,+0.0,+0.0000,NONE,RUNNING
="2026-08-10 21:40:26",64919,2098786,1590841,507945,300000,-0.0751,0.1500,+0.0,+0.0000,NONE,RUNNING
="2026-08-10 21:40:27",64919,2079982,1572036,507945,300000,-0.0816,0.1500,+0.0,+0.0000,NONE,RUNNING
="2026-08-10 21:40:28",64919,2079982,1572036,507945,300000,-0.0792,0.1500,+0.0,+0.0000,NONE,RUNNING
="2026-08-10 21:40:29",64919,2079982,1572036,507945,300000,-0.0792,0.1500,+0.0,+0.0000,NONE,RUNNING
="2026-08-10 21:40:30",64919,2079982,1572036,507946,300000,-0.0792,0.1500,+0.0,+0.0000,NONE,RUNNING
="2026-08-10 21:40:31",64918,2079982,1572036,507946,300000,-0.0389,0.1500,+0.0,+0.0000,NONE,RUNNING
="2026-08-10 21:40:32",64918,2089987,1572036,517950,300000,-0.0388,0.1500,+0.0,+0.0000,NONE,RUNNING
="2026-08-10 21:40:33",64918,2079982,1572036,507946,300000,-0.0388,0.1500,+0.0,+0.0000,NONE,RUNNING
="2026-08-10 21:40:34",64918,2079982,1572036,507946,300000,-0.0393,0.1500,+0.0,+0.0000,NONE,RUNNING
="2026-08-10 21:40:35",64918,2089986,1572036,517950,300000,-0.0393,0.1500,+0.0,+0.0000,NONE,RUNNING
="2026-08-10 21:40:36",64918,2079982,1572036,507945,300000,-0.0390,0.1500,+0.0,+0.0000,NONE,RUNNING
="2026-08-10 21:40:37",64918,2079982,1572036,507945,300000,-0.0386,0.1500,+0.0,+0.0000,NONE,RUNNING
="2026-08-10 21:40:38",64918,2089986,1572036,517949,300000,-0.0403,0.1500,+0.0,+0.0000,NONE,RUNNING
="2026-08-10 21:40:39",64918,2059615,1572036,487579,300000,-0.0403,0.1500,+0.0,+0.0000,NONE,RUNNING
="2026-08-10 21:40:40",64918,1967840,1480261,487579,300000,-0.0433,0.1500,+0.0,+0.0000,NONE,RUNNING
="2026-08-10 21:40:41",64918,1977844,1480261,497583,300000,-0.0466,0.1500,+0.0,+0.0000,NONE,RUNNING
="2026-08-10 21:40:42",64918,1925343,1474679,450663,300000,-0.0466,0.1500,+0.0,+0.0000,NONE,RUNNING
="2026-08-10 21:40:43",64914,1925343,1474679,450663,300000,-0.0466,0.1500,+0.0,+0.0000,NONE,RUNNING
="2026-08-10 21:40:44",64914,1935347,1474679,460667,300000,-0.0596,0.1500,+0.0,+0.0000,NONE,RUNNING
="2026-08-10 21:40:45",64914,1925344,1474679,450664,300000,-0.0596,0.1500,+0.0,+0.0000,NONE,RUNNING
="2026-08-10 21:40:46",64914,1925344,1474679,450664,300000,-0.0596,0.1500,+0.0,+0.0000,NONE,RUNNING
="2026-08-10 21:40:47",64914,1871018,1410350,460668,300000,-0.0570,0.1500,+0.0,+0.0000,NONE,RUNNING
="2026-08-10 21:40:48",64914,1861014,1410350,450664,300000,-0.0568,0.1500,+0.0,+0.0000,NONE,RUNNING
="2026-08-10 21:40:49",64914,1861014,1410350,450664,300000,-0.0271,0.1500,+0.0,+0.0000,NONE,RUNNING
="2026-08-10 21:40:50",64914,1871018,1410350,460668,300000,-0.0271,0.1500,+0.0,+0.0000,NONE,RUNNING
="2026-08-10 21:40:51",64914,1796083,1345419,450663,300000,-0.0277,0.1500,+0.0,+0.0000,NONE,RUNNING
="2026-08-10 21:40:52",64914,1779850,1329186,450663,300000,-0.0540,0.1500,+0.0,+0.0000,NONE,RUNNING
="2026-08-10 21:40:53",64913,1789854,1329186,460668,300000,-0.0540,0.1500,+0.0,+0.0000,NONE,RUNNING
="2026-08-10 21:40:54",64913,1779850,1329186,450663,300000,-0.0540,0.1500,+0.0,+0.0000,NONE,RUNNING
="2026-08-10 21:40:55",64913,1843406,1392742,450663,300000,-0.0265,0.1500,+0.0,+0.0000,NONE,RUNNING
="2026-08-10 21:40:56",64913,1853410,1392742,460667,300000,-0.0596,0.1500,+0.0,+0.0000,NONE,RUNNING
="2026-08-10 21:40:57",64913,1843406,1392742,450663,300000,-0.0596,0.1500,+0.0,+0.0000,NONE,RUNNING
="2026-08-10 21:40:59",64913,1843406,1392742,450663,300000,-0.0596,0.1500,+0.0,+0.0000,NONE,RUNNING
="2026-08-10 21:41:00",64913,1853409,1392742,460667,300000,-0.0579,0.1500,+0.0,+0.0000,NONE,RUNNING
="2026-08-10 21:41:01",64913,1304033,853370,450663,300000,-0.0579,0.1500,+0.0,+0.0000,NONE,RUNNING
="2026-08-10 21:41:02",64919,1406796,853370,553426,300000,-0.0594,0.1500,+0.0,+0.0000,NONE,RUNNING
="2026-08-10 21:41:03",64919,1416800,853370,563430,300000,-0.0594,0.1500,+0.0,+0.0000,NONE,RUNNING
="2026-08-10 21:41:04",64919,1082662,529236,553426,300000,-0.0584,0.1500,+0.0,+0.0000,NONE,RUNNING
="2026-08-10 21:41:05",64919,1082662,529236,553426,300000,-0.0540,0.1500,+0.0,+0.0000,NONE,RUNNING
="2026-08-10 21:41:06",64919,1092666,529236,563430,300000,-0.0540,0.1500,+0.0,+0.0000,NONE,RUNNING
="2026-08-10 21:41:07",64919,808410,254983,553426,300000,-0.1009,0.1500,+0.0,+0.0000,NONE,RUNNING
="2026-08-10 21:41:08",64919,818414,254983,563430,300000,-0.1009,0.1500,+0.0,+0.0000,NONE,RUNNING
="2026-08-10 21:41:09",64919,818414,254983,563430,300000,-0.1012,0.1500,+0.0,+0.0000,NONE,RUNNING
="2026-08-10 21:41:10",64919,627635,74208,553427,300000,-0.1012,0.1500,+0.0,+0.0000,NONE,RUNNING
="2026-08-10 21:41:11",64912,637639,74208,563430,300000,-0.1013,0.1500,+0.0,+0.0000,NONE,RUNNING
="2026-08-10 21:41:12",64912,627636,74208,553427,300000,-0.1013,0.1500,+0.0,+0.0000,NONE,RUNNING
="2026-08-10 21:41:13",64912,627636,74208,553427,300000,-0.1004,0.1500,+0.0,+0.0000,NONE,RUNNING
="2026-08-10 21:41:14",64912,637639,74208,563431,300000,-0.1004,0.1500,+0.0,+0.0000,NONE,RUNNING
="2026-08-10 21:41:15",64912,627636,74208,553427,300000,-0.1004,0.1500,+0.0,+0.0000,NONE,RUNNING
="2026-08-10 21:41:16",64912,627636,74208,553427,300000,-0.1128,0.1500,+0.0,+0.0000,NONE,RUNNING
="2026-08-10 21:41:17",64912,637639,74208,563431,300000,-0.1133,0.1500,+0.0,+0.0000,NONE,RUNNING
="2026-08-10 21:41:18",64912,627636,74208,553427,300000,-0.1133,0.1500,+0.0,+0.0000,NONE,RUNNING
="2026-08-10 21:41:19",64912,627636,74208,553427,300000,-0.1136,0.1500,+0.0,+0.0000,NONE,RUNNING
="2026-08-10 21:41:20",64912,637640,74208,563431,300000,-0.1150,0.1500,+0.0,+0.0000,NONE,RUNNING
="2026-08-10 21:41:21",64912,405563,74208,331354,300000,-0.1166,0.1500,+0.0,+0.0000,NONE,RUNNING
="2026-08-10 21:41:22",64912,405563,74208,331354,300000,-0.1166,0.1500,+0.0,+0.0000,NONE,RUNNING
="2026-08-10 21:41:23",64912,415566,74208,341358,300000,-0.1166,0.1500,+0.0,+0.0000,NONE,RUNNING
="2026-08-10 21:41:24",64912,405562,74208,331354,300000,-0.1164,0.1500,+0.0,+0.0000,NONE,RUNNING
="2026-08-10 21:41:25",64912,377051,74208,302842,300000,-0.1168,0.1500,+0.0,+0.0000,NONE,RUNNING
="2026-08-10 21:41:26",64912,387055,74208,312846,300000,-0.1164,0.1500,+0.0,+0.0000,NONE,RUNNING
="2026-08-10 21:41:27",64912,377051,74208,302842,300000,-0.1098,0.1500,+0.0,+0.0000,NONE,RUNNING
="2026-08-10 21:41:28",64912,400764,97922,302842,300000,-0.1098,0.1500,+0.0,+0.0000,NONE,RUNNING
="2026-08-10 21:41:29",64912,460532,147685,312846,300000,-0.1098,0.1500,+0.0,+0.0000,NONE,RUNNING
="2026-08-10 21:41:30",64911,450527,147685,302842,300000,-0.1098,0.1500,+0.0,+0.0000,NONE,RUNNING
="2026-08-10 21:41:31",64911,450527,147685,302842,300000,-0.1187,0.1500,+0.0,+0.0000,NONE,RUNNING
="2026-08-10 21:41:32",64911,460531,147685,312846,300000,-0.1189,0.1500,+0.0,+0.0000,NONE,RUNNING
="2026-08-10 21:41:33",64911,450527,147685,302841,300000,-0.1189,0.1500,+0.0,+0.0000,NONE,RUNNING
="2026-08-10 21:41:34",64911,450527,147685,302841,300000,-0.1189,0.1500,+0.0,+0.0000,NONE,RUNNING
="2026-08-10 21:41:35",64911,460531,147685,312845,300000,-0.1189,0.1500,+0.0,+0.0000,NONE,RUNNING
="2026-08-10 21:41:36",64911,450527,147685,302841,300000,-0.1192,0.1500,+0.0,+0.0000,NONE,RUNNING
="2026-08-10 21:41:37",64911,450527,147685,302841,300000,-0.1186,0.1500,+0.0,+0.0000,NONE,RUNNING
="2026-08-10 21:41:38",64911,460531,147685,312846,300000,-0.1186,0.1500,+0.0,+0.0000,NONE,RUNNING
="2026-08-10 21:41:39",64911,450527,147685,302842,300000,-0.1168,0.1500,+0.0,+0.0000,NONE,RUNNING
="2026-08-10 21:41:40",64911,450527,147685,302842,300000,-0.1168,0.1500,+0.0,+0.0000,NONE,RUNNING
="2026-08-10 21:41:41",64911,450527,147685,302841,300000,-0.1136,0.1500,+0.0,+0.0000,NONE,RUNNING
="2026-08-10 21:41:42",64911,439874,137033,302841,300000,-0.1136,0.1500,+0.0,+0.0000,NONE,RUNNING
="2026-08-10 21:41:43",64911,439874,137033,302841,300000,-0.1136,0.1500,+0.0,+0.0000,NONE,RUNNING
="2026-08-10 21:41:44",64911,439874,137033,302841,300000,-0.0991,0.1500,+0.0,+0.0000,NONE,RUNNING
="2026-08-10 21:41:45",64912,439874,137033,302841,300000,-0.0991,0.1500,+0.0,+0.0000,NONE,RUNNING
="2026-08-10 21:41:46",64912,439874,137033,302841,300000,-0.0991,0.1500,+0.0,+0.0000,NONE,RUNNING
="2026-08-10 21:41:47",64912,467264,137033,330231,300000,-0.0991,0.1500,+0.0,+0.0000,NONE,RUNNING
="2026-08-10 21:41:48",64912,467264,137033,330231,300000,-0.0992,0.1500,+0.0,+0.0000,NONE,RUNNING
="2026-08-10 21:41:49",64912,509775,137033,372742,300000,-0.0992,0.1500,+0.0,+0.0000,NONE,RUNNING
="2026-08-10 21:41:50",64919,499771,137033,362738,300000,-0.0998,0.1500,+0.0,+0.0000,NONE,RUNNING
="2026-08-10 21:41:51",64921,499771,137033,362738,300000,-0.0992,0.1500,+0.0,+0.0000,NONE,RUNNING
="2026-08-10 21:41:52",64921,509775,137033,372742,300000,-0.0992,0.1500,+0.0,+0.0000,NONE,RUNNING
="2026-08-10 21:41:53",64921,499771,137033,362738,300000,-0.1197,0.1500,+0.0,+0.0000,NONE,RUNNING
="2026-08-10 21:41:54",64921,499771,137033,362738,300000,-0.1197,0.1500,+0.0,+0.0000,NONE,RUNNING
="2026-08-10 21:41:55",64921,446219,73477,372742,300000,-0.1197,0.1500,+0.0,+0.0000,NONE,RUNNING
="2026-08-10 21:41:56",64921,436215,73477,362738,300000,-0.1352,0.1500,+0.0,+0.0000,NONE,RUNNING
="2026-08-10 21:41:57",64924,436215,73477,362738,300000,-0.1021,0.1500,+0.0,+0.0000,NONE,RUNNING
="2026-08-10 21:41:58",64924,446219,73477,372742,300000,-0.1021,0.1500,+0.0,+0.0000,NONE,RUNNING
="2026-08-10 21:41:59",64925,436215,73477,362738,300000,-0.1021,0.1500,+0.0,+0.0000,NONE,RUNNING
="2026-08-10 21:42:00",64926,436215,73477,362738,300000,-0.1021,0.1500,+0.0,+0.0000,NONE,RUNNING
="2026-08-10 21:42:01",64926,446219,73477,372742,300000,-0.1012,0.1500,+0.0,+0.0000,NONE,RUNNING
="2026-08-10 21:42:02",64926,333452,73477,259975,300000,-0.1012,0.1500,+0.0,+0.0000,NONE,RUNNING
="2026-08-10 21:42:03",64926,360546,73477,287069,300000,-0.1022,0.1500,+0.0,+0.0000,NONE,RUNNING
="2026-08-10 21:42:04",64929,360546,73477,287069,300000,-0.1022,0.1500,+0.0,+0.0000,NONE,RUNNING
="2026-08-10 21:42:05",64932,350542,73477,277065,300000,-0.1104,0.1500,+0.0,+0.0000,NONE,RUNNING
="2026-08-10 21:42:06",64932,350542,73477,277065,300000,-0.0635,0.1500,+0.0,+0.0000,NONE,RUNNING
="2026-08-10 21:42:07",64933,360546,73477,287069,300000,-0.0635,0.1500,+0.0,+0.0000,NONE,RUNNING
="2026-08-10 21:42:08",64934,350542,73477,277065,300000,-0.0642,0.1500,+0.0,+0.0000,NONE,RUNNING
="2026-08-10 21:42:09",64934,350542,73477,277065,300000,-0.0642,0.1500,+0.0,+0.0000,NONE,RUNNING
="2026-08-10 21:42:10",64934,360545,73477,287068,300000,-0.0642,0.1500,+0.0,+0.0000,NONE,RUNNING
="2026-08-10 21:42:11",64933,350542,73477,277065,300000,-0.0668,0.1500,+0.0,+0.0000,NONE,RUNNING
="2026-08-10 21:42:12",64934,381483,73477,308006,300000,-0.0677,0.1500,+0.0,+0.0000,NONE,RUNNING
="2026-08-10 21:42:13",64934,381483,73477,308006,300000,-0.0677,0.1500,+0.0,+0.0000,NONE,RUNNING
="2026-08-10 21:42:14",64934,424093,73477,350615,300000,-0.0633,0.1500,+0.0,+0.0000,NONE,RUNNING
="2026-08-10 21:42:15",64934,434096,73477,360619,300000,-0.0509,0.1500,+0.0,+0.0000,NONE,RUNNING
="2026-08-10 21:42:16",64934,442172,73477,368695,300000,-0.0509,0.1500,+0.0,+0.0000,NONE,RUNNING
="2026-08-10 21:42:17",64938,458407,89711,368695,300000,-0.0509,0.1500,+0.0,+0.0000,NONE,RUNNING
="2026-08-10 21:42:18",64941,677450,275857,401592,300000,-0.0509,0.1500,+0.0,+0.0000,NONE,RUNNING
="2026-08-10 21:42:19",64946,692617,275857,416759,300000,-0.0506,0.1500,+0.0,+0.0000,NONE,RUNNING
="2026-08-10 21:42:20",64948,692617,275857,416759,300000,-0.0511,0.1500,+0.0,+0.0000,NONE,RUNNING
="2026-08-10 21:42:21",64948,692617,275857,416759,300000,-0.0495,0.1500,+0.0,+0.0000,NONE,RUNNING
="2026-08-10 21:42:22",64948,682613,275857,406755,300000,-0.0495,0.1500,+0.0,+0.0000,NONE,RUNNING
="2026-08-10 21:42:24",64953,682613,275857,406755,300000,-0.0498,0.1500,+0.0,+0.0000,NONE,RUNNING
="2026-08-10 21:42:25",64953,692616,275857,416758,300000,-0.0503,0.1500,+0.0,+0.0000,NONE,RUNNING
="2026-08-10 21:42:26",64955,692624,275857,416766,300000,-0.0525,0.1500,+0.0,+0.0000,NONE,RUNNING
="2026-08-10 21:42:27",64957,692624,275857,416766,300000,-0.0525,0.1500,+0.0,+0.0000,NONE,RUNNING
="2026-08-10 21:42:28",64957,702628,275857,426770,300000,-0.0526,0.1500,+0.0,+0.0000,NONE,RUNNING
="2026-08-10 21:42:29",64957,668910,252143,416766,300000,-0.0531,0.1500,+0.0,+0.0000,NONE,RUNNING
="2026-08-10 21:42:30",64957,619147,202380,416766,300000,-0.0531,0.1500,+0.0,+0.0000,NONE,RUNNING
="2026-08-10 21:42:31",64957,629151,202380,426770,300000,-0.0441,0.1500,+0.0,+0.0000,NONE,RUNNING
="2026-08-10 21:42:32",64953,723833,307067,416766,300000,-0.0413,0.1500,+0.0,+0.0000,NONE,RUNNING
="2026-08-10 21:42:33",64953,723833,307067,416766,300000,-0.0413,0.1500,+0.0,+0.0000,NONE,RUNNING
="2026-08-10 21:42:34",64953,733837,307067,426769,300000,-0.0413,0.1500,+0.0,+0.0000,NONE,RUNNING
="2026-08-10 21:42:35",64953,723832,307067,416765,300000,-0.0413,0.1500,+0.0,+0.0000,NONE,RUNNING
="2026-08-10 21:42:36",64953,723832,307067,416765,300000,-0.0442,0.1500,+0.0,+0.0000,NONE,RUNNING
="2026-08-10 21:42:37",64953,733836,307067,426769,300000,-0.0442,0.1500,+0.0,+0.0000,NONE,RUNNING
="2026-08-10 21:42:38",64953,723832,307067,416764,300000,-0.0449,0.1500,+0.0,+0.0000,NONE,RUNNING
="2026-08-10 21:42:39",64956,723832,307067,416764,300000,-0.0449,0.1500,+0.0,+0.0000,NONE,RUNNING
="2026-08-10 21:42:40",64956,733836,307067,426768,300000,-0.0449,0.1500,+0.0,+0.0000,NONE,RUNNING
="2026-08-10 21:42:41",64956,723832,307067,416765,300000,-0.0449,0.1500,+0.0,+0.0000,NONE,RUNNING
="2026-08-10 21:42:42",64956,723832,307067,416765,300000,-0.0460,0.1500,+0.0,+0.0000,NONE,RUNNING
="2026-08-10 21:42:43",64956,733836,307067,426769,300000,-0.0460,0.1500,+0.0,+0.0000,NONE,RUNNING
="2026-08-10 21:42:44",64958,739843,323077,416765,300000,-0.0475,0.1500,+0.0,+0.0000,NONE,RUNNING
="2026-08-10 21:42:45",64959,739843,323077,416765,300000,-0.0470,0.1500,+0.0,+0.0000,NONE,RUNNING
="2026-08-10 21:42:46",64960,749846,323077,426768,300000,-0.0470,0.1500,+0.0,+0.0000,NONE,RUNNING
="2026-08-10 21:42:47",64960,712451,323077,389374,300000,-0.0470,0.1500,+0.0,+0.0000,NONE,RUNNING
="2026-08-10 21:42:48",64959,712451,323077,389374,300000,-0.0470,0.1500,+0.0,+0.0000,NONE,RUNNING
="2026-08-10 21:42:49",64960,689948,323077,366871,300000,-0.0470,0.1500,+0.0,+0.0000,NONE,RUNNING
="2026-08-10 21:42:50",64960,690022,323077,366945,300000,-0.0464,0.1500,+0.0,+0.0000,NONE,RUNNING
="2026-08-10 21:42:51",64960,690022,323077,366945,300000,-0.0484,0.1500,+0.0,+0.0000,NONE,RUNNING
="2026-08-10 21:42:52",64960,700025,323077,376948,300000,-0.0484,0.1500,+0.0,+0.0000,NONE,RUNNING
="2026-08-10 21:42:53",64961,690021,323077,366943,300000,-0.0279,0.1500,+0.0,+0.0000,NONE,RUNNING
="2026-08-10 21:42:54",64964,700025,323077,376947,300000,-0.0290,0.1500,+0.0,+0.0000,NONE,RUNNING
="2026-08-10 21:42:55",64964,700025,323077,376947,300000,-0.0290,0.1500,+0.0,+0.0000,NONE,RUNNING
="2026-08-10 21:42:56",64964,690020,323077,366943,300000,-0.0136,0.1500,+0.0,+0.0000,NONE,RUNNING
="2026-08-10 21:42:57",64964,700024,323077,376947,300000,-0.0136,0.1500,+0.0,+0.0000,NONE,RUNNING
="2026-08-10 21:42:58",64964,690021,323077,366943,300000,-0.0136,0.1500,+0.0,+0.0000,NONE,RUNNING
="2026-08-10 21:42:59",64964,690021,323077,366943,300000,-0.0136,0.1500,+0.0,+0.0000,NONE,RUNNING
="2026-08-10 21:43:00",64974,715917,323077,392840,300000,-0.0136,0.1500,+0.0,+0.0000,NONE,RUNNING
="2026-08-10 21:43:01",64975,705913,323077,382836,300000,-0.0099,0.1500,+0.0,+0.0000,NONE,RUNNING
="2026-08-10 21:43:02",64975,705913,323077,382836,300000,-0.0109,0.1500,+0.0,+0.0000,NONE,RUNNING
="2026-08-10 21:43:03",64975,715917,323077,392840,300000,-0.0109,0.1500,+0.0,+0.0000,NONE,RUNNING
="2026-08-10 21:43:04",64975,688823,323077,365746,300000,-0.0109,0.1500,+0.0,+0.0000,NONE,RUNNING
="2026-08-10 21:43:05",64975,688823,323077,365746,300000,-0.0026,0.1500,+0.0,+0.0000,NONE,RUNNING
="2026-08-10 21:44:05",65000,283778,11183,272595,300000,+0.0049,0.1500,+0.0,+0.0000,NONE,RUNNING
="2026-08-10 21:45:05",65007,236928,57004,179923,300000,-0.0137,0.1500,+0.0,+0.0000,NONE,RUNNING
="2026-08-10 21:46:05",65000,285292,75217,210074,300000,+0.0052,0.1500,+0.0,+0.0000,NONE,RUNNING
="2026-08-10 21:47:05",65003,853677,487412,366265,300000,+0.0042,0.1500,+0.0,+0.0000,NONE,RUNNING
="2026-08-10 21:48:05",65006,341049,99943,241106,300000,+0.0033,0.1500,+0.0,+0.0000,NONE,RUNNING
="2026-08-10 21:48:58",64968,442009,321963,120046,300000,-0.0964,0.1500,+0.0,+0.0000,NONE,RUNNING
="2026-08-10 21:48:59",64968,432005,321963,110042,300000,-0.0964,0.1500,+0.0,+0.0000,NONE,RUNNING
="2026-08-10 21:49:00",64968,457993,321963,136029,300000,-0.0964,0.1500,+0.0,+0.0000,NONE,RUNNING
="2026-08-10 21:49:01",64968,447989,321963,126025,300000,-0.0964,0.1500,+0.0,+0.0000,NONE,RUNNING
="2026-08-10 21:49:02",64975,512960,386934,126025,300000,-0.0963,0.1500,+0.0,+0.0000,NONE,RUNNING
="2026-08-10 21:49:03",64977,512960,386934,126025,300000,-0.0963,0.1500,+0.0,+0.0000,NONE,RUNNING
="2026-08-10 21:49:04",64977,502956,386934,116022,300000,-0.0963,0.1500,+0.0,+0.0000,NONE,RUNNING
="2026-08-10 21:49:05",64977,502956,386934,116022,300000,-0.0965,0.1500,+0.0,+0.0000,NONE,RUNNING
="2026-08-10 21:49:06",64977,502956,386934,116022,300000,-0.0974,0.1500,+0.0,+0.0000,NONE,RUNNING
="2026-08-10 21:49:07",64977,492953,386934,106018,300000,-0.0974,0.1500,+0.0,+0.0000,NONE,RUNNING
="2026-08-10 21:49:08",64977,492953,386934,106018,300000,-0.1011,0.1500,+0.0,+0.0000,NONE,RUNNING
="2026-08-10 21:49:09",64977,492953,386934,106018,300000,-0.1011,0.1500,+0.0,+0.0000,NONE,RUNNING
="2026-08-10 21:49:10",64977,482949,386934,96014,300000,-0.1011,0.1500,+0.0,+0.0000,NONE,RUNNING
="2026-08-10 21:49:11",64977,482949,386934,96014,300000,-0.1010,0.1500,+0.0,+0.0000,NONE,RUNNING
="2026-08-10 21:49:12",64977,482949,386934,96014,300000,-0.1010,0.1500,+0.0,+0.0000,NONE,RUNNING
="2026-08-10 21:49:13",64977,472945,386934,86010,300000,-0.1010,0.1500,+0.0,+0.0000,NONE,RUNNING
="2026-08-10 21:49:14",64977,472945,386934,86010,300000,-0.1009,0.1500,+0.0,+0.0000,NONE,RUNNING
="2026-08-10 21:49:15",64974,472945,386934,86010,300000,-0.1009,0.1500,+0.0,+0.0000,NONE,RUNNING
="2026-08-10 21:49:16",64974,462941,386934,76006,300000,-0.1009,0.1500,+0.0,+0.0000,NONE,RUNNING
="2026-08-10 21:49:17",64973,462941,386934,76006,300000,-0.1012,0.1500,+0.0,+0.0000,NONE,RUNNING
="2026-08-10 21:49:18",64972,462941,386934,76006,300000,-0.1012,0.1500,+0.0,+0.0000,NONE,RUNNING
="2026-08-10 21:49:19",64972,452937,386934,66003,300000,-0.1012,0.1500,+0.0,+0.0000,NONE,RUNNING
="2026-08-10 21:49:20",64972,452937,386934,66003,300000,-0.0942,0.1500,+0.0,+0.0000,NONE,RUNNING
="2026-08-10 21:49:21",64972,452937,386934,66003,300000,-0.0942,0.1500,+0.0,+0.0000,NONE,RUNNING
="2026-08-10 21:49:22",64972,474186,386934,87251,300000,-0.0942,0.1500,+0.0,+0.0000,NONE,RUNNING
="2026-08-10 21:49:23",64980,474186,386934,87251,300000,-0.0940,0.1500,+0.0,+0.0000,NONE,RUNNING
="2026-08-10 21:49:24",64980,474186,386934,87251,300000,-0.0940,0.1500,+0.0,+0.0000,NONE,RUNNING
="2026-08-10 21:49:25",64980,464182,386934,77247,300000,-0.0940,0.1500,+0.0,+0.0000,NONE,RUNNING
="2026-08-10 21:49:26",64980,464182,386934,77247,300000,-0.0940,0.1500,+0.0,+0.0000,NONE,RUNNING
="2026-08-10 21:49:27",64980,464182,386934,77247,300000,-0.0941,0.1500,+0.0,+0.0000,NONE,RUNNING
="2026-08-10 21:49:28",64980,464182,386934,77247,300000,-0.0941,0.1500,+0.0,+0.0000,NONE,RUNNING
="2026-08-10 21:49:29",64980,464182,386934,77247,300000,-0.0931,0.1500,+0.0,+0.0000,NONE,RUNNING
="2026-08-10 21:49:30",64980,464181,386934,77246,300000,-0.0931,0.1500,+0.0,+0.0000,NONE,RUNNING
="2026-08-10 21:49:31",64980,464181,386934,77246,300000,-0.0931,0.1500,+0.0,+0.0000,NONE,RUNNING
="2026-08-10 21:49:32",64980,464181,386934,77246,300000,-0.0928,0.1500,+0.0,+0.0000,NONE,RUNNING
="2026-08-10 21:49:33",64980,492430,405179,87250,300000,-0.0934,0.1500,+0.0,+0.0000,NONE,RUNNING
="2026-08-10 21:49:34",64980,492430,405179,87250,300000,-0.0934,0.1500,+0.0,+0.0000,NONE,RUNNING
="2026-08-10 21:49:35",64980,492430,405179,87250,300000,-0.0932,0.1500,+0.0,+0.0000,NONE,RUNNING
="2026-08-10 21:49:36",64980,518680,421425,97254,300000,-0.0932,0.1500,+0.0,+0.0000,NONE,RUNNING
="2026-08-10 21:49:37",64983,518680,421425,97254,300000,-0.0932,0.1500,+0.0,+0.0000,NONE,RUNNING
="2026-08-10 21:49:38",64983,518680,421425,97254,300000,-0.0939,0.1500,+0.0,+0.0000,NONE,RUNNING
="2026-08-10 21:49:39",64983,528683,421425,107257,300000,-0.0939,0.1500,+0.0,+0.0000,NONE,RUNNING
="2026-08-10 21:49:40",64984,528683,421425,107257,300000,-0.0940,0.1500,+0.0,+0.0000,NONE,RUNNING
="2026-08-10 21:49:41",64984,528683,421425,107257,300000,-0.0940,0.1500,+0.0,+0.0000,NONE,RUNNING
="2026-08-10 21:49:42",64984,563794,421425,142368,300000,-0.0936,0.1500,+0.0,+0.0000,NONE,RUNNING
="2026-08-10 21:49:43",64984,267783,125414,142368,300000,-0.0936,0.1500,+0.0,+0.0000,NONE,RUNNING
="2026-08-10 21:49:44",64984,277787,125414,152372,300000,-0.0936,0.1500,+0.0,+0.0000,NONE,RUNNING
="2026-08-10 21:49:45",64984,267289,114917,152372,300000,-0.0720,0.1500,+0.0,+0.0000,NONE,RUNNING
="2026-08-10 21:49:46",64984,267289,114917,152372,300000,-0.0720,0.1500,+0.0,+0.0000,NONE,RUNNING
="2026-08-10 21:49:47",64984,277293,114917,162376,300000,-0.0715,0.1500,+0.0,+0.0000,NONE,RUNNING
="2026-08-10 21:49:48",64984,277293,114917,162376,300000,-0.0715,0.1500,+0.0,+0.0000,NONE,RUNNING
="2026-08-10 21:49:49",64984,277293,114917,162376,300000,-0.0304,0.1500,+0.0,+0.0000,NONE,RUNNING
="2026-08-10 21:49:50",64984,277293,114917,162376,300000,-0.0304,0.1500,+0.0,+0.0000,NONE,RUNNING
="2026-08-10 21:49:52",64984,287297,114917,172379,300000,-0.0304,0.1500,+0.0,+0.0000,NONE,RUNNING
="2026-08-10 21:49:53",64976,286039,113660,172379,300000,-0.0301,0.1500,+0.0,+0.0000,NONE,RUNNING
="2026-08-10 21:49:54",64976,286039,113660,172379,300000,-0.0293,0.1500,+0.0,+0.0000,NONE,RUNNING
="2026-08-10 21:49:55",64976,296043,113660,182383,300000,-0.0293,0.1500,+0.0,+0.0000,NONE,RUNNING
="2026-08-10 21:49:56",64976,296043,113660,182383,300000,-0.0293,0.1500,+0.0,+0.0000,NONE,RUNNING
="2026-08-10 21:49:57",64976,306047,113660,192387,300000,-0.0249,0.1500,+0.0,+0.0000,NONE,RUNNING
="2026-08-10 21:49:58",64976,306047,113660,192387,300000,-0.0249,0.1500,+0.0,+0.0000,NONE,RUNNING
="2026-08-10 21:49:59",64976,306047,113660,192387,300000,+0.0103,0.1500,+0.0,+0.0000,NONE,RUNNING
="2026-08-10 21:50:00",64976,290063,113660,176403,300000,+0.0103,0.1500,+0.0,+0.0000,NONE,RUNNING
="2026-08-10 21:50:01",64976,290063,113660,176403,300000,+0.0103,0.1500,+0.0,+0.0000,NONE,RUNNING
="2026-08-10 21:50:02",64976,225092,48688,176403,300000,+0.0103,0.1500,+0.0,+0.0000,NONE,RUNNING
="2026-08-10 21:50:03",64975,235096,48688,186407,300000,+0.0109,0.1500,+0.0,+0.0000,NONE,RUNNING
="2026-08-10 21:50:04",64974,235096,48688,186407,300000,+0.0109,0.1500,+0.0,+0.0000,NONE,RUNNING
="2026-08-10 21:50:05",64972,235096,48688,186407,300000,+0.0109,0.1500,+0.0,+0.0000,NONE,RUNNING
="2026-08-10 21:50:06",64970,245100,48688,196412,300000,+0.0110,0.1500,+0.0,+0.0000,NONE,RUNNING
="2026-08-10 21:50:07",64970,245100,48688,196412,300000,+0.0091,0.1500,+0.0,+0.0000,NONE,RUNNING
="2026-08-10 21:50:08",64979,310074,48688,261385,300000,+0.0128,0.1500,+0.0,+0.0000,NONE,RUNNING
="2026-08-10 21:50:09",64980,310074,48688,261385,300000,+0.0128,0.1500,+0.0,+0.0000,NONE,RUNNING
="2026-08-10 21:50:10",64979,310074,48688,261385,300000,+0.0128,0.1500,+0.0,+0.0000,NONE,RUNNING
="2026-08-10 21:50:11",64979,310074,48688,261385,300000,+0.0128,0.1500,+0.0,+0.0000,NONE,RUNNING
="2026-08-10 21:50:12",64978,320078,48688,271389,300000,+0.0128,0.1500,+0.0,+0.0000,NONE,RUNNING
="2026-08-10 21:50:13",64978,320078,48688,271389,300000,+0.0121,0.1500,+0.0,+0.0000,NONE,RUNNING
="2026-08-10 21:50:14",64974,320078,48688,271389,300000,+0.0120,0.1500,+0.0,+0.0000,NONE,RUNNING
="2026-08-10 21:50:15",64974,330081,48688,281392,300000,+0.0120,0.1500,+0.0,+0.0000,NONE,RUNNING
="2026-08-10 21:50:16",64974,330081,48688,281392,300000,+0.0119,0.1500,+0.0,+0.0000,NONE,RUNNING
="2026-08-10 21:50:17",64968,330081,48688,281392,300000,+0.0119,0.1500,+0.0,+0.0000,NONE,RUNNING
="2026-08-10 21:50:18",64968,340086,48688,291397,300000,+0.0121,0.1500,+0.0,+0.0000,NONE,RUNNING
="2026-08-10 21:50:19",64968,340086,48688,291397,300000,+0.0141,0.1500,+0.0,+0.0000,NONE,RUNNING
="2026-08-10 21:50:20",64968,350090,48688,301401,300000,+0.0071,0.1500,+0.0,+0.0000,NONE,RUNNING
="2026-08-10 21:50:21",64968,350090,48688,301401,300000,+0.0071,0.1500,+0.0,+0.0000,NONE,RUNNING
="2026-08-10 21:50:22",64968,318838,48688,270149,300000,+0.0073,0.1500,+0.0,+0.0000,NONE,RUNNING
="2026-08-10 21:50:23",64968,328843,48688,280154,300000,+0.0070,0.1500,+0.0,+0.0000,NONE,RUNNING
="2026-08-10 21:50:24",64968,328843,48688,280154,300000,+0.0070,0.1500,+0.0,+0.0000,NONE,RUNNING
="2026-08-10 21:50:25",64968,328843,48688,280154,300000,+0.0070,0.1500,+0.0,+0.0000,NONE,RUNNING
="2026-08-10 21:50:26",64968,338847,48688,290158,300000,+0.0070,0.1500,+0.0,+0.0000,NONE,RUNNING
="2026-08-10 21:50:27",64968,338847,48688,290158,300000,+0.0070,0.1500,+0.0,+0.0000,NONE,RUNNING
="2026-08-10 21:50:28",64968,328843,48688,280155,300000,+0.0070,0.1500,+0.0,+0.0000,NONE,RUNNING
="2026-08-10 21:50:29",64961,338847,48688,290158,300000,+0.0060,0.1500,+0.0,+0.0000,NONE,RUNNING
="2026-08-10 21:50:30",64961,378793,48688,330104,300000,+0.0060,0.1500,+0.0,+0.0000,NONE,RUNNING
="2026-08-10 21:50:31",64961,368789,48688,320101,300000,+0.0060,0.1500,+0.0,+0.0000,NONE,RUNNING
="2026-08-10 21:50:32",64961,378793,48688,330104,300000,+0.0060,0.1500,+0.0,+0.0000,NONE,RUNNING
="2026-08-10 21:50:33",64961,350544,30443,320100,300000,+0.0057,0.1500,+0.0,+0.0000,NONE,RUNNING
="2026-08-10 21:50:34",64961,406815,30443,376371,300000,-0.0311,0.1500,+0.0,+0.0000,NONE,RUNNING
="2026-08-10 21:50:35",64964,431684,45308,386375,300000,-0.0311,0.1500,+0.0,+0.0000,NONE,RUNNING
="2026-08-10 21:50:36",64964,421681,45308,376372,300000,-0.0312,0.1500,+0.0,+0.0000,NONE,RUNNING
="2026-08-10 21:50:37",64961,405435,29062,376372,300000,-0.0312,0.1500,+0.0,+0.0000,NONE,RUNNING
="2026-08-10 21:50:38",64950,536497,150121,386376,300000,-0.0312,0.1500,+0.0,+0.0000,NONE,RUNNING
="2026-08-10 21:50:39",64950,526494,150121,376372,300000,-0.0305,0.1500,+0.0,+0.0000,NONE,RUNNING
="2026-08-10 21:50:40",64950,526494,150121,376372,300000,-0.0528,0.1500,+0.0,+0.0000,NONE,RUNNING
="2026-08-10 21:50:41",64950,536498,150121,386377,300000,-0.0531,0.1500,+0.0,+0.0000,NONE,RUNNING
="2026-08-10 21:50:42",64950,526494,150121,376373,300000,-0.0531,0.1500,+0.0,+0.0000,NONE,RUNNING
="2026-08-10 21:50:43",64950,501387,150121,351266,300000,-0.0853,0.1500,+0.0,+0.0000,NONE,RUNNING
="2026-08-10 21:50:44",64934,538473,177202,361270,300000,-0.0853,0.1500,+0.0,+0.0000,NONE,RUNNING
="2026-08-10 21:50:45",64934,528469,177202,351267,300000,-0.0853,0.1500,+0.0,+0.0000,NONE,RUNNING
="2026-08-10 21:50:46",64934,528469,177202,351267,300000,-0.0584,0.1500,+0.0,+0.0000,NONE,RUNNING
="2026-08-10 21:50:47",64934,538474,177202,361271,300000,-0.0584,0.1500,+0.0,+0.0000,NONE,RUNNING
="2026-08-10 21:50:48",64934,563882,212614,351267,300000,-0.0589,0.1500,+0.0,+0.0000,NONE,RUNNING
="2026-08-10 21:50:49",64928,563882,212614,351267,300000,-0.0589,0.1500,+0.0,+0.0000,NONE,RUNNING
="2026-08-10 21:50:50",64928,573886,212614,361272,300000,-0.0589,0.1500,+0.0,+0.0000,NONE,RUNNING
="2026-08-10 21:50:51",64920,652543,301275,351268,300000,-0.0589,0.1500,+0.0,+0.0000,NONE,RUNNING
="2026-08-10 21:50:52",64920,652543,301275,351268,300000,-0.0379,0.1500,+0.0,+0.0000,NONE,RUNNING
="2026-08-10 21:50:53",64920,713269,287077,426191,300000,-0.0379,0.1500,+0.0,+0.0000,NONE,RUNNING
="2026-08-10 21:50:54",64920,703265,287077,416188,300000,-0.0387,0.1500,+0.0,+0.0000,NONE,RUNNING
="2026-08-10 21:50:55",64920,703265,287077,416188,300000,-0.0387,0.1500,+0.0,+0.0000,NONE,RUNNING
="2026-08-10 21:50:56",64931,750582,287077,463504,300000,-0.0216,0.1500,+0.0,+0.0000,NONE,RUNNING
="2026-08-10 21:50:57",64931,740578,287077,453500,300000,-0.0260,0.1500,+0.0,+0.0000,NONE,RUNNING
="2026-08-10 21:50:58",64931,750582,287077,463504,300000,-0.0268,0.1500,+0.0,+0.0000,NONE,RUNNING
="2026-08-10 21:50:59",64931,766775,303270,463504,300000,-0.0268,0.1500,+0.0,+0.0000,NONE,RUNNING
="2026-08-10 21:51:00",64937,756772,303270,453501,300000,-0.0268,0.1500,+0.0,+0.0000,NONE,RUNNING
="2026-08-10 21:51:01",64937,766776,303270,463505,300000,-0.0287,0.1500,+0.0,+0.0000,NONE,RUNNING
="2026-08-10 21:51:02",64937,766776,303270,463505,300000,-0.0287,0.1500,+0.0,+0.0000,NONE,RUNNING
="2026-08-10 21:51:03",64937,756771,303270,453501,300000,-0.0292,0.1500,+0.0,+0.0000,NONE,RUNNING
="2026-08-10 21:51:04",64933,766776,303270,463505,300000,-0.0292,0.1500,+0.0,+0.0000,NONE,RUNNING
="2026-08-10 21:51:05",64933,846482,303270,543211,300000,-0.0291,0.1500,+0.0,+0.0000,NONE,RUNNING
="2026-08-10 21:51:06",64936,836478,303270,533207,300000,-0.0272,0.1500,+0.0,+0.0000,NONE,RUNNING
="2026-08-10 21:51:07",64936,781509,303270,478238,300000,-0.0272,0.1500,+0.0,+0.0000,NONE,RUNNING
="2026-08-10 21:51:08",64936,781509,303270,478238,300000,-0.0280,0.1500,+0.0,+0.0000,NONE,RUNNING
="2026-08-10 21:51:09",64937,781509,303270,478238,300000,-0.0280,0.1500,+0.0,+0.0000,NONE,RUNNING
="2026-08-10 21:51:10",64937,791513,303270,488242,300000,-0.0280,0.1500,+0.0,+0.0000,NONE,RUNNING
="2026-08-10 21:51:11",64933,781509,303270,478238,300000,-0.0279,0.1500,+0.0,+0.0000,NONE,RUNNING
="2026-08-10 21:51:12",64932,781509,303270,478238,300000,-0.0273,0.1500,+0.0,+0.0000,NONE,RUNNING
="2026-08-10 21:51:13",64929,791513,303270,488242,300000,-0.0273,0.1500,+0.0,+0.0000,NONE,RUNNING
="2026-08-10 21:51:14",64928,781510,303270,478239,300000,-0.0266,0.1500,+0.0,+0.0000,NONE,RUNNING
="2026-08-10 21:51:15",64928,781510,303270,478239,300000,-0.0265,0.1500,+0.0,+0.0000,NONE,RUNNING
="2026-08-10 21:51:16",64928,791514,303270,488243,300000,-0.0265,0.1500,+0.0,+0.0000,NONE,RUNNING
="2026-08-10 21:51:17",64928,781509,303270,478238,300000,-0.0260,0.1500,+0.0,+0.0000,NONE,RUNNING
="2026-08-10 21:51:18",64928,781509,303270,478238,300000,-0.0281,0.1500,+0.0,+0.0000,NONE,RUNNING
="2026-08-10 21:51:19",64928,791513,303270,488243,300000,-0.0281,0.1500,+0.0,+0.0000,NONE,RUNNING
="2026-08-10 21:51:20",64928,781509,303270,478238,300000,-0.0279,0.1500,+0.0,+0.0000,NONE,RUNNING
="2026-08-10 21:51:21",64928,781509,303270,478238,300000,-0.0281,0.1500,+0.0,+0.0000,NONE,RUNNING
="2026-08-10 21:51:22",64928,791513,303270,488242,300000,-0.0281,0.1500,+0.0,+0.0000,NONE,RUNNING
="2026-08-10 21:51:23",64928,781509,303270,478238,300000,-0.0261,0.1500,+0.0,+0.0000,NONE,RUNNING
="2026-08-10 21:51:24",64928,781509,303270,478238,300000,-0.0261,0.1500,+0.0,+0.0000,NONE,RUNNING
="2026-08-10 21:51:25",64924,791512,303270,488241,300000,-0.0261,0.1500,+0.0,+0.0000,NONE,RUNNING
="2026-08-10 21:51:26",64924,781508,303270,478237,300000,-0.0250,0.1500,+0.0,+0.0000,NONE,RUNNING
="2026-08-10 21:51:27",64924,791511,303270,488240,300000,-0.0250,0.1500,+0.0,+0.0000,NONE,RUNNING
="2026-08-10 21:51:28",64924,791511,303270,488240,300000,-0.0251,0.1500,+0.0,+0.0000,NONE,RUNNING
="2026-08-10 21:51:30",64924,741561,303270,438290,300000,-0.0253,0.1500,+0.0,+0.0000,NONE,RUNNING
="2026-08-10 21:51:31",64924,751565,303270,448294,300000,-0.0253,0.1500,+0.0,+0.0000,NONE,RUNNING
="2026-08-10 21:51:32",64924,751565,303270,448294,300000,-0.0253,0.1500,+0.0,+0.0000,NONE,RUNNING
="2026-08-10 21:51:33",64924,741562,303270,438291,300000,-0.0258,0.1500,+0.0,+0.0000,NONE,RUNNING
="2026-08-10 21:51:34",64924,751565,303270,448294,300000,+0.0110,0.1500,+0.0,+0.0000,NONE,RUNNING
="2026-08-10 21:51:35",64924,680429,288405,392024,300000,+0.0110,0.1500,+0.0,+0.0000,NONE,RUNNING
="2026-08-10 21:51:36",64924,670425,288405,382019,300000,+0.0101,0.1500,+0.0,+0.0000,NONE,RUNNING
="2026-08-10 21:51:37",64924,680428,288405,392023,300000,+0.0101,0.1500,+0.0,+0.0000,NONE,RUNNING
="2026-08-10 21:51:38",64924,559370,167347,392023,300000,+0.0101,0.1500,+0.0,+0.0000,NONE,RUNNING
="2026-08-10 21:51:39",64925,549366,167347,382018,300000,+0.0102,0.1500,+0.0,+0.0000,NONE,RUNNING
="2026-08-10 21:51:40",64925,559370,167347,392022,300000,+0.0324,0.1500,+0.0,+0.0000,NONE,RUNNING
="2026-08-10 21:51:41",64925,549365,167347,382018,300000,+0.0324,0.1500,+0.0,+0.0000,NONE,RUNNING
="2026-08-10 21:51:42",64925,549365,167347,382018,300000,+0.0332,0.1500,+0.0,+0.0000,NONE,RUNNING
="2026-08-10 21:51:43",64925,559369,167347,392022,300000,+0.0654,0.1500,+0.0,+0.0000,NONE,RUNNING
="2026-08-10 21:51:44",64925,522283,140266,382017,300000,+0.0654,0.1500,+0.0,+0.0000,NONE,RUNNING
="2026-08-10 21:51:45",64925,522283,140266,382017,300000,+0.0649,0.1500,+0.0,+0.0000,NONE,RUNNING
="2026-08-10 21:52:45",64912,240045,29952,210092,300000,+0.0045,0.1500,+0.0,+0.0000,NONE,RUNNING
="2026-08-10 21:53:45",64919,551467,228221,323246,300000,+0.0141,0.1500,+0.0,+0.0000,NONE,RUNNING
="2026-08-10 21:54:06",64899,1083499,790117,293381,300000,+0.0860,0.1500,+0.0,+0.0000,NONE,RUNNING
="2026-08-10 21:54:07",64899,1083499,790117,293381,300000,+0.0860,0.1500,+0.0,+0.0000,NONE,RUNNING
="2026-08-10 21:54:08",64899,1083500,790117,293382,300000,+0.0860,0.1500,+0.0,+0.0000,NONE,RUNNING
="2026-08-10 21:54:09",64899,1083500,790117,293382,300000,+0.0851,0.1500,+0.0,+0.0000,NONE,RUNNING
="2026-08-10 21:54:10",64899,990203,790117,200086,300000,+0.0850,0.1500,+0.0,+0.0000,NONE,RUNNING
="2026-08-10 21:54:11",64899,990205,790117,200087,300000,+0.0863,0.1500,+0.0,+0.0000,NONE,RUNNING
="2026-08-10 21:54:12",64899,990205,790117,200087,300000,+0.0863,0.1500,+0.0,+0.0000,NONE,RUNNING
="2026-08-10 21:54:13",64899,990205,790117,200087,300000,+0.0854,0.1500,+0.0,+0.0000,NONE,RUNNING
="2026-08-10 21:54:14",64899,990206,790117,200088,300000,+0.0711,0.1500,+0.0,+0.0000,NONE,RUNNING
="2026-08-10 21:54:15",64899,1000298,790117,210180,300000,+0.0711,0.1500,+0.0,+0.0000,NONE,RUNNING
="2026-08-10 21:54:16",64899,1000298,790117,210180,300000,+0.0721,0.1500,+0.0,+0.0000,NONE,RUNNING
="2026-08-10 21:54:17",64899,1000298,790117,210180,300000,+0.0721,0.1500,+0.0,+0.0000,NONE,RUNNING
="2026-08-10 21:54:18",64899,1000298,790117,210180,300000,+0.0724,0.1500,+0.0,+0.0000,NONE,RUNNING
="2026-08-10 21:54:19",64899,1000298,790117,210180,300000,+0.0663,0.1500,+0.0,+0.0000,NONE,RUNNING
="2026-08-10 21:54:20",64899,990295,790117,200177,300000,+0.0663,0.1500,+0.0,+0.0000,NONE,RUNNING
="2026-08-10 21:54:21",64899,990295,790117,200177,300000,+0.0663,0.1500,+0.0,+0.0000,NONE,RUNNING
="2026-08-10 21:54:22",64899,990295,790117,200177,300000,+0.0652,0.1500,+0.0,+0.0000,NONE,RUNNING
="2026-08-10 21:54:23",64905,1080356,790117,290238,300000,+0.0658,0.1500,+0.0,+0.0000,NONE,RUNNING
="2026-08-10 21:54:24",64909,1080356,790117,290238,300000,+0.0658,0.1500,+0.0,+0.0000,NONE,RUNNING
="2026-08-10 21:54:25",64912,1080356,790117,290238,300000,+0.0658,0.1500,+0.0,+0.0000,NONE,RUNNING
="2026-08-10 21:54:26",64912,1070352,790117,280234,300000,+0.0651,0.1500,+0.0,+0.0000,NONE,RUNNING
="2026-08-10 21:54:27",64913,1083985,803750,280234,300000,+0.0651,0.1500,+0.0,+0.0000,NONE,RUNNING
="2026-08-10 21:54:28",64914,1083985,803750,280234,300000,+0.0656,0.1500,+0.0,+0.0000,NONE,RUNNING
="2026-08-10 21:54:29",64914,1087617,803750,283866,300000,+0.0660,0.1500,+0.0,+0.0000,NONE,RUNNING
="2026-08-10 21:54:30",64914,1087617,803750,283866,300000,+0.0660,0.1500,+0.0,+0.0000,NONE,RUNNING
="2026-08-10 21:54:31",64914,1087617,803750,283866,300000,+0.0609,0.1500,+0.0,+0.0000,NONE,RUNNING
="2026-08-10 21:54:32",64914,1077613,803750,273862,300000,+0.0610,0.1500,+0.0,+0.0000,NONE,RUNNING
="2026-08-10 21:54:33",64914,1087617,803750,283866,300000,+0.0608,0.1500,+0.0,+0.0000,NONE,RUNNING
="2026-08-10 21:54:34",64914,1087617,803750,283866,300000,+0.0608,0.1500,+0.0,+0.0000,NONE,RUNNING
="2026-08-10 21:54:35",64914,1077612,803750,273862,300000,+0.0607,0.1500,+0.0,+0.0000,NONE,RUNNING
="2026-08-10 21:54:36",64914,1087616,803750,283866,300000,+0.0607,0.1500,+0.0,+0.0000,NONE,RUNNING
="2026-08-10 21:54:37",64914,1087616,803750,283866,300000,+0.0574,0.1500,+0.0,+0.0000,NONE,RUNNING
="2026-08-10 21:54:38",64921,1087626,803750,283875,300000,+0.0572,0.1500,+0.0,+0.0000,NONE,RUNNING
="2026-08-10 21:54:39",64921,1087626,803750,283875,300000,+0.0572,0.1500,+0.0,+0.0000,NONE,RUNNING
="2026-08-10 21:54:40",64921,1087626,803750,283875,300000,+0.0552,0.1500,+0.0,+0.0000,NONE,RUNNING
="2026-08-10 21:54:41",64921,1077621,803750,273870,300000,+0.0539,0.1500,+0.0,+0.0000,NONE,RUNNING
="2026-08-10 21:54:42",64921,1077621,803750,273870,300000,+0.0539,0.1500,+0.0,+0.0000,NONE,RUNNING
="2026-08-10 21:54:43",64921,1077621,803750,273870,300000,+0.0562,0.1500,+0.0,+0.0000,NONE,RUNNING
="2026-08-10 21:54:44",64923,1067616,803750,263865,300000,+0.0562,0.1500,+0.0,+0.0000,NONE,RUNNING
="2026-08-10 21:54:45",64928,1067616,803750,263865,300000,+0.0562,0.1500,+0.0,+0.0000,NONE,RUNNING
="2026-08-10 21:54:46",64928,1067616,803750,263865,300000,+0.0527,0.1500,+0.0,+0.0000,NONE,RUNNING
="2026-08-10 21:54:47",64928,1067615,803750,263864,300000,+0.0527,0.1500,+0.0,+0.0000,NONE,RUNNING
="2026-08-10 21:54:48",64928,1067615,803750,263864,300000,+0.0493,0.1500,+0.0,+0.0000,NONE,RUNNING
="2026-08-10 21:54:49",64928,1067615,803750,263864,300000,+0.0499,0.1500,+0.0,+0.0000,NONE,RUNNING
="2026-08-10 21:54:50",64928,1067614,803750,263863,300000,+0.0503,0.1500,+0.0,+0.0000,NONE,RUNNING
="2026-08-10 21:54:51",64928,1067614,803750,263863,300000,+0.0503,0.1500,+0.0,+0.0000,NONE,RUNNING
="2026-08-10 21:54:52",64928,1067614,803750,263863,300000,+0.0501,0.1500,+0.0,+0.0000,NONE,RUNNING
="2026-08-10 21:54:53",64929,1067613,803750,263862,300000,+0.0501,0.1500,+0.0,+0.0000,NONE,RUNNING
="2026-08-10 21:54:54",64929,1088279,824416,263862,300000,+0.0501,0.1500,+0.0,+0.0000,NONE,RUNNING
="2026-08-10 21:54:55",64929,1088279,824416,263862,300000,+0.0501,0.1500,+0.0,+0.0000,NONE,RUNNING
="2026-08-10 21:54:56",64929,1088278,824416,263861,300000,+0.0501,0.1500,+0.0,+0.0000,NONE,RUNNING
="2026-08-10 21:54:57",64929,1088278,824416,263861,300000,+0.0478,0.1500,+0.0,+0.0000,NONE,RUNNING
="2026-08-10 21:54:58",64928,1088278,824416,263861,300000,+0.0483,0.1500,+0.0,+0.0000,NONE,RUNNING
="2026-08-10 21:54:59",64928,1088277,824416,263861,300000,+0.0483,0.1500,+0.0,+0.0000,NONE,RUNNING
="2026-08-10 21:55:00",64928,1088277,824416,263861,300000,+0.0483,0.1500,+0.0,+0.0000,NONE,RUNNING
="2026-08-10 21:55:01",64928,1078273,824416,253856,300000,+0.0483,0.1500,+0.0,+0.0000,NONE,RUNNING
="2026-08-10 21:55:02",64928,1088277,824416,263860,300000,+0.0485,0.1500,+0.0,+0.0000,NONE,RUNNING
="2026-08-10 21:55:03",64928,298159,34298,263860,300000,+0.0484,0.1500,+0.0,+0.0000,NONE,RUNNING
="2026-08-10 21:55:04",64920,288154,34298,253855,300000,+0.0484,0.1500,+0.0,+0.0000,NONE,RUNNING
="2026-08-10 21:55:05",64920,298159,34298,263860,300000,+0.0484,0.1500,+0.0,+0.0000,NONE,RUNNING
="2026-08-10 21:55:06",64920,298159,34298,263860,300000,-0.0177,0.1500,+0.0,+0.0000,NONE,RUNNING
="2026-08-10 21:55:07",64920,298159,34298,263860,300000,-0.0156,0.1500,+0.0,+0.0000,NONE,RUNNING
="2026-08-10 21:55:08",64920,298159,34298,263860,300000,-0.0156,0.1500,+0.0,+0.0000,NONE,RUNNING
="2026-08-10 21:55:09",64920,298159,34298,263860,300000,-0.0154,0.1500,+0.0,+0.0000,NONE,RUNNING
="2026-08-10 21:55:10",64920,298159,34298,263860,300000,-0.0175,0.1500,+0.0,+0.0000,NONE,RUNNING
="2026-08-10 21:55:11",64920,298159,34298,263860,300000,-0.0175,0.1500,+0.0,+0.0000,NONE,RUNNING
="2026-08-10 21:55:12",64920,298159,34298,263860,300000,-0.0165,0.1500,+0.0,+0.0000,NONE,RUNNING
="2026-08-10 21:56:12",64898,676272,298328,377944,300000,+0.0242,0.1500,+0.0,+0.0000,NONE,RUNNING
="2026-08-10 21:57:12",64894,495922,206731,289190,300000,+0.0206,0.1500,+0.0,+0.0000,NONE,RUNNING
="2026-08-10 21:58:12",64898,527663,196812,330851,300000,+0.0020,0.1500,+0.0,+0.0000,NONE,RUNNING
="2026-08-10 21:59:12",64888,399393,189297,210096,300000,+0.0065,0.1500,+0.0,+0.0000,NONE,RUNNING
="2026-08-10 22:00:12",64850,1428893,982756,446137,300000,-0.0138,0.1500,+0.0,+0.0000,NONE,RUNNING
="2026-08-10 22:01:12",64880,571362,151294,420068,300000,-0.0321,0.1500,+0.0,+0.0000,NONE,RUNNING
="2026-08-10 22:02:12",64898,392643,128193,264449,300000,-0.0235,0.1500,+0.0,+0.0000,NONE,RUNNING
="2026-08-10 22:03:12",64881,329614,130901,198713,300000,+0.0066,0.1500,+0.0,+0.0000,NONE,RUNNING
="2026-08-10 22:04:13",64869,449327,171280,278046,300000,+0.0360,0.1500,+0.0,+0.0000,NONE,RUNNING
="2026-08-10 22:05:13",64881,286969,15574,271394,300000,-0.0046,0.1500,+0.0,+0.0000,NONE,RUNNING
="2026-08-10 22:06:13",64890,424856,67798,357058,300000,+0.0137,0.1500,+0.0,+0.0000,NONE,RUNNING
="2026-08-10 22:07:13",64902,289703,88873,200830,300000,-0.0025,0.1500,+0.0,+0.0000,NONE,RUNNING
="2026-08-10 22:08:13",64874,356204,146100,210103,300000,+0.0089,0.1500,+0.0,+0.0000,NONE,RUNNING
="2026-08-10 22:09:13",64870,891214,634073,257140,300000,+0.0103,0.1500,+0.0,+0.0000,NONE,RUNNING
="2026-08-10 22:10:13",64881,356065,86541,269523,300000,+0.0029,0.1500,+0.0,+0.0000,NONE,RUNNING
="2026-08-10 22:11:13",64881,288580,11227,277353,300000,+0.0023,0.1500,+0.0,+0.0000,NONE,RUNNING
="2026-08-10 22:12:13",64873,754670,391938,362732,300000,+0.0003,0.1500,+0.0,+0.0000,NONE,RUNNING
="2026-08-10 22:13:13",64862,256673,46570,210102,300000,+0.0194,0.1500,+0.0,+0.0000,NONE,RUNNING
="2026-08-10 22:14:13",64876,395999,0,395999,300000,-0.0029,0.1500,+0.0,+0.0000,NONE,RUNNING
="2026-08-10 22:15:13",64883,224547,98249,126297,300000,+0.0018,0.1500,+0.0,+0.0000,NONE,RUNNING
="2026-08-10 22:16:13",64885,206893,136865,70027,300000,-0.0066,0.1500,+0.0,+0.0000,NONE,RUNNING
="2026-08-10 22:17:13",64927,1123581,240863,882717,300000,-0.0182,0.1500,+0.0,+0.0000,NONE,RUNNING
="2026-08-10 22:18:13",64937,467278,64925,402352,300000,-0.0061,0.1500,+0.0,+0.0000,NONE,RUNNING
="2026-08-10 22:19:13",64949,479388,91972,387416,300000,-0.0108,0.1500,+0.0,+0.0000,NONE,RUNNING
="2026-08-10 22:20:13",64951,361775,121629,240146,300000,-0.0142,0.1500,+0.0,+0.0000,NONE,RUNNING
="2026-08-10 22:21:13",64912,557527,179892,377635,300000,+0.0153,0.1500,+0.0,+0.0000,NONE,RUNNING
="2026-08-10 22:22:13",64935,178750,53890,124860,300000,-0.0289,0.1500,+0.0,+0.0000,NONE,RUNNING
="2026-08-10 22:23:13",64973,666411,50219,616191,300000,-0.0370,0.1500,+0.0,+0.0000,NONE,RUNNING
="2026-08-10 22:24:13",64942,779811,533858,245952,300000,-0.0109,0.1500,+0.0,+0.0000,NONE,RUNNING
="2026-08-10 22:25:13",64904,1179411,814155,365255,300000,+0.0042,0.1500,+0.0,+0.0000,NONE,RUNNING
="2026-08-10 22:26:13",64917,347302,0,347302,300000,-0.0105,0.1500,+0.0,+0.0000,NONE,RUNNING
="2026-08-10 22:27:14",64922,230378,50290,180088,300000,-0.0040,0.1500,+0.0,+0.0000,NONE,RUNNING
="2026-08-10 22:28:14",64931,1389393,468174,921218,300000,-0.0069,0.1500,+0.0,+0.0000,NONE,RUNNING
="2026-08-10 22:29:14",64929,465776,94571,371204,500000,+0.0090,0.1800,+0.0,+0.0000,NONE,RUNNING
="2026-08-10 22:30:14",64914,759438,372341,387097,500000,+0.0040,0.1800,+0.0,+0.0000,NONE,RUNNING
="2026-08-10 22:31:14",64859,1083054,434103,648951,500000,+0.0134,0.1800,+0.0,+0.0000,NONE,RUNNING
="2026-08-10 22:32:14",64855,908316,309475,598841,500000,-0.0060,0.1800,+0.0,+0.0000,NONE,RUNNING
="2026-08-10 22:33:14",64888,1503094,741577,761517,500000,-0.0368,0.1800,+0.0,+0.0000,NONE,RUNNING
="2026-08-10 22:34:14",64865,995457,150563,844893,500000,+0.0010,0.1800,+0.0,+0.0000,NONE,RUNNING
="2026-08-10 22:34:58",64688,10070502,8080676,1989825,500000,-0.1506,0.1800,+0.0,+0.0000,NONE,RUNNING
="2026-08-10 22:34:59",64688,10091202,8101377,1989825,500000,-0.1506,0.1800,+0.0,+0.0000,NONE,RUNNING
="2026-08-10 22:35:00",64688,10078705,8088526,1990178,500000,-0.1506,0.1800,+0.0,+0.0000,NONE,RUNNING
="2026-08-10 22:35:01",64680,10068700,8088526,1980173,500000,-0.1504,0.1800,+0.0,+0.0000,NONE,RUNNING
="2026-08-10 22:35:02",64676,10068700,8088526,1980173,500000,-0.1511,0.1800,+0.0,+0.0000,NONE,RUNNING
="2026-08-10 22:35:03",64670,10078705,8088526,1990178,500000,-0.1534,0.1800,+0.0,+0.0000,NONE,RUNNING
="2026-08-10 22:35:04",64670,10094183,8114010,1980172,500000,-0.1534,0.1800,+0.0,+0.0000,NONE,RUNNING
="2026-08-10 22:35:05",64670,10839784,8849606,1990178,500000,-0.2169,0.1800,+0.0,+0.0000,SHORT,RUNNING
="2026-08-10 22:35:06",64660,10867105,8849606,2017499,500000,-0.2179,0.1800,+0.0,+0.0000,SHORT,RUNNING
="2026-08-10 22:35:07",64656,10816699,8849606,1967092,500000,-0.2179,0.1800,+0.0,+0.0000,SHORT,RUNNING
="2026-08-10 22:35:08",64659,11534755,8849606,2685149,500000,-0.2222,0.1800,+0.0,+0.0000,SHORT,RUNNING
="2026-08-10 22:35:09",64670,11580207,8895056,2685150,500000,-0.2222,0.1800,+0.0,+0.0000,SHORT,RUNNING
="2026-08-10 22:35:10",64670,11738565,8895056,2843509,500000,-0.2222,0.1800,+0.0,+0.0000,SHORT,RUNNING
="2026-08-10 22:35:11",64679,11859429,8895056,2964373,500000,-0.2918,0.1800,+0.0,+0.0000,SHORT,RUNNING
="2026-08-10 22:35:12",64693,11924244,8895056,3029188,500000,-0.2918,0.1800,+0.0,+0.0000,SHORT,RUNNING
="2026-08-10 22:35:13",64702,11955301,8926113,3029188,500000,-0.2925,0.1800,+0.0,+0.0000,SHORT,RUNNING
="2026-08-10 22:35:14",64692,12168952,9065070,3103882,500000,-0.3120,0.1800,+0.0,+0.0000,SHORT,RUNNING
="2026-08-10 22:35:15",64680,12203196,9075096,3128100,500000,-0.3127,0.1800,+0.0,+0.0000,SHORT,RUNNING
="2026-08-10 22:35:16",64678,10643739,7476473,3167265,500000,-0.3127,0.1800,+0.0,+0.0000,SHORT,RUNNING
="2026-08-10 22:35:17",64684,10653744,7476473,3177270,500000,-0.3127,0.1800,+0.0,+0.0000,SHORT,RUNNING
="2026-08-10 22:35:18",64693,10625212,7457230,3167981,500000,-0.3024,0.1800,+0.0,+0.0000,SHORT,RUNNING
="2026-08-10 22:35:19",64700,10625212,7457230,3167981,500000,-0.3024,0.1800,+0.0,+0.0000,SHORT,RUNNING
="2026-08-10 22:35:20",64716,10754248,7405005,3349242,500000,-0.3217,0.1800,+0.0,+0.0000,SHORT,RUNNING
="2026-08-10 22:35:21",64725,10173905,6834667,3339237,500000,-0.3230,0.1800,+0.0,+0.0000,SHORT,RUNNING
="2026-08-10 22:35:22",64721,10189719,6850481,3339237,500000,-0.3230,0.1800,+0.0,+0.0000,SHORT,RUNNING
="2026-08-10 22:35:23",64711,10199724,6850481,3349243,500000,-0.3312,0.1800,+0.0,+0.0000,SHORT,RUNNING
="2026-08-10 22:35:24",64707,10354182,7014943,3339238,500000,-0.3274,0.1800,+0.0,+0.0000,SHORT,RUNNING
="2026-08-10 22:35:25",64686,10369699,7030461,3339238,500000,-0.3274,0.1800,+0.0,+0.0000,SHORT,RUNNING
="2026-08-10 22:35:26",64686,10164065,6824828,3339237,500000,-0.3281,0.1800,+0.0,+0.0000,SHORT,RUNNING
="2026-08-10 22:35:27",64686,7599618,4392803,3206814,500000,-0.3188,0.1800,+0.0,+0.0000,SHORT,RUNNING
="2026-08-10 22:35:28",64686,7524722,4392803,3131918,500000,-0.3188,0.1800,+0.0,+0.0000,SHORT,RUNNING
="2026-08-10 22:35:29",64689,7217012,4196674,3020337,500000,-0.3254,0.1800,+0.0,+0.0000,SHORT,RUNNING
="2026-08-10 22:35:30",64689,7167068,4196674,2970393,500000,-0.3163,0.1800,+0.0,+0.0000,SHORT,RUNNING
="2026-08-10 22:35:31",64689,7139719,4196674,2943045,500000,-0.3163,0.1800,+0.0,+0.0000,SHORT,RUNNING
="2026-08-10 22:35:32",64689,7139720,4196674,2943045,500000,-0.3160,0.1800,+0.0,+0.0000,SHORT,RUNNING
="2026-08-10 22:35:33",64689,7139720,4196674,2943045,500000,-0.3004,0.1800,+0.0,+0.0000,SHORT,RUNNING
="2026-08-10 22:35:34",64689,7056237,4196674,2859562,500000,-0.3004,0.1800,+0.0,+0.0000,SHORT,RUNNING
="2026-08-10 22:35:35",64699,7004019,4196674,2807345,500000,-0.3019,0.1800,+0.0,+0.0000,SHORT,RUNNING
="2026-08-10 22:35:36",64699,6445027,3669844,2775183,500000,-0.3019,0.1800,+0.0,+0.0000,SHORT,RUNNING
="2026-08-10 22:35:37",64703,6445027,3669844,2775183,500000,-0.3000,0.1800,+0.0,+0.0000,SHORT,RUNNING
="2026-08-10 22:35:38",64710,6470397,3695213,2775184,500000,-0.2995,0.1800,+0.0,+0.0000,SHORT,RUNNING
="2026-08-10 22:35:39",64704,6470397,3695213,2775184,500000,-0.2995,0.1800,+0.0,+0.0000,SHORT,RUNNING
="2026-08-10 22:35:40",64704,6497434,3695213,2802221,500000,-0.2846,0.1800,+0.0,+0.0000,SHORT,RUNNING
="2026-08-10 22:35:41",64711,6469669,3677453,2792216,500000,-0.2902,0.1800,+0.0,+0.0000,SHORT,RUNNING
="2026-08-10 22:35:42",64724,6562769,3677453,2885316,500000,-0.2902,0.1800,+0.0,+0.0000,SHORT,RUNNING
="2026-08-10 22:35:43",64727,6486447,3677453,2808993,500000,-0.2803,0.1800,+0.0,+0.0000,SHORT,RUNNING
="2026-08-10 22:35:44",64733,6476441,3677453,2798988,500000,-0.2869,0.1800,+0.0,+0.0000,SHORT,RUNNING
="2026-08-10 22:35:45",64734,5943202,3202326,2740875,500000,-0.2869,0.1800,+0.0,+0.0000,SHORT,RUNNING
="2026-08-10 22:35:46",64733,5823805,3202326,2621478,500000,-0.2837,0.1800,+0.0,+0.0000,SHORT,RUNNING
="2026-08-10 22:35:48",64734,5813801,3202326,2611474,500000,-0.2826,0.1800,+0.0,+0.0000,SHORT,RUNNING
="2026-08-10 22:35:49",64733,5750424,3138949,2611474,500000,-0.2826,0.1800,+0.0,+0.0000,SHORT,RUNNING
="2026-08-10 22:35:50",64734,5636460,3069881,2566578,500000,-0.2854,0.1800,+0.0,+0.0000,SHORT,RUNNING
="2026-08-10 22:35:51",64735,5591777,3069881,2521895,500000,-0.2916,0.1800,+0.0,+0.0000,SHORT,RUNNING
="2026-08-10 22:35:52",64736,5406619,2884724,2521895,500000,-0.2916,0.1800,+0.0,+0.0000,SHORT,RUNNING
="2026-08-10 22:35:53",64736,5413090,2861648,2551441,500000,-0.2982,0.1800,+0.0,+0.0000,SHORT,RUNNING
="2026-08-10 22:35:54",64736,5391635,2861648,2529987,500000,-0.2982,0.1800,+0.0,+0.0000,SHORT,RUNNING
="2026-08-10 22:35:55",64736,5391635,2861648,2529987,500000,-0.2982,0.1800,+0.0,+0.0000,SHORT,RUNNING
="2026-08-10 22:35:56",64736,3525748,1399847,2125900,500000,-0.2870,0.1800,+0.0,+0.0000,LONG,RUNNING
="2026-08-10 22:35:57",64736,3315511,1256563,2058947,500000,-0.2870,0.1800,+0.0,+0.0000,LONG,RUNNING
="2026-08-10 22:35:58",64736,3307495,1269492,2038003,500000,-0.2176,0.1800,+0.0,+0.0000,LONG,RUNNING
="2026-08-10 22:35:59",64736,3296800,1248792,2048008,500000,-0.2176,0.1800,+0.0,+0.0000,LONG,RUNNING
="2026-08-10 22:36:00",64736,3300642,1248792,2051850,500000,-0.2190,0.1800,+0.0,+0.0000,LONG,RUNNING
="2026-08-10 22:36:01",64747,3157057,1259738,1897319,500000,-0.2190,0.1800,+0.0,+0.0000,LONG,RUNNING
="2026-08-10 22:36:02",64747,3233324,1336005,1897319,500000,-0.2182,0.1800,+0.0,+0.0000,LONG,RUNNING
="2026-08-10 22:36:03",64747,3223319,1336005,1887314,500000,-0.2182,0.1800,+0.0,+0.0000,LONG,RUNNING
="2026-08-10 22:36:04",64759,3339214,1336005,2003209,500000,-0.2182,0.1800,+0.0,+0.0000,LONG,RUNNING
="2026-08-10 22:36:05",64772,2592670,574925,2017744,500000,-0.1548,0.1800,+0.0,+0.0000,NONE,RUNNING
="2026-08-10 22:36:06",64771,2545337,574925,1970412,500000,-0.1370,0.1800,+0.0,+0.0000,NONE,RUNNING
="2026-08-10 22:36:07",64772,2545337,574925,1970412,500000,-0.1370,0.1800,+0.0,+0.0000,NONE,RUNNING
="2026-08-10 22:36:08",64772,1812830,574925,1237904,500000,-0.1328,0.1800,+0.0,+0.0000,NONE,RUNNING
="2026-08-10 22:36:09",64771,1816898,589000,1227898,500000,-0.1292,0.1800,+0.0,+0.0000,NONE,RUNNING
="2026-08-10 22:36:10",64772,1668545,589000,1079545,500000,-0.1292,0.1800,+0.0,+0.0000,NONE,RUNNING
="2026-08-10 22:36:11",64772,1547681,589000,958681,500000,-0.0594,0.1800,+0.0,+0.0000,NONE,RUNNING
="2026-08-10 22:36:12",64772,1472860,589000,883860,500000,-0.0596,0.1800,+0.0,+0.0000,NONE,RUNNING
="2026-08-10 22:36:13",64774,1441803,557943,883860,500000,-0.0596,0.1800,+0.0,+0.0000,NONE,RUNNING
="2026-08-10 22:36:14",64779,1228152,418985,809167,500000,-0.0400,0.1800,+0.0,+0.0000,NONE,RUNNING
="2026-08-10 22:36:15",64779,1183903,408960,774943,500000,-0.0454,0.1800,+0.0,+0.0000,NONE,RUNNING
="2026-08-10 22:36:16",64779,1129560,408960,720599,500000,-0.0454,0.1800,+0.0,+0.0000,NONE,RUNNING
="2026-08-10 22:36:17",64779,1119555,408960,710595,500000,-0.0454,0.1800,+0.0,+0.0000,NONE,RUNNING
="2026-08-10 22:36:18",64779,1119555,408960,710595,500000,-0.0493,0.1800,+0.0,+0.0000,NONE,RUNNING
="2026-08-10 22:36:19",64779,1114087,408960,705127,500000,-0.0493,0.1800,+0.0,+0.0000,NONE,RUNNING
="2026-08-10 22:36:20",64784,1001092,391438,609654,500000,-0.0299,0.1800,+0.0,+0.0000,NONE,RUNNING
="2026-08-10 22:36:21",64784,928425,392351,536074,500000,-0.0302,0.1800,+0.0,+0.0000,NONE,RUNNING
="2026-08-10 22:36:22",64784,938862,376537,562324,500000,-0.0302,0.1800,+0.0,+0.0000,NONE,RUNNING
="2026-08-10 22:36:23",64794,928856,376537,552319,500000,-0.0219,0.1800,+0.0,+0.0000,NONE,RUNNING
="2026-08-10 22:36:24",64794,764394,212075,552319,500000,-0.0218,0.1800,+0.0,+0.0000,NONE,RUNNING
="2026-08-10 22:36:25",64786,922668,360343,562324,500000,-0.0218,0.1800,+0.0,+0.0000,NONE,RUNNING
="2026-08-10 22:36:26",64786,955597,360343,595254,500000,-0.0211,0.1800,+0.0,+0.0000,NONE,RUNNING
="2026-08-10 22:36:27",64793,955597,360343,595254,500000,-0.0211,0.1800,+0.0,+0.0000,NONE,RUNNING
="2026-08-10 22:36:28",64793,965603,360343,605259,500000,-0.0211,0.1800,+0.0,+0.0000,NONE,RUNNING
="2026-08-10 22:36:29",64793,955598,360343,595254,500000,-0.0211,0.1800,+0.0,+0.0000,NONE,RUNNING
="2026-08-10 22:36:30",64784,965603,360343,605259,500000,-0.0109,0.1800,+0.0,+0.0000,NONE,RUNNING
="2026-08-10 22:36:31",64793,965603,360343,605259,500000,-0.0109,0.1800,+0.0,+0.0000,NONE,RUNNING
="2026-08-10 22:36:32",64793,955597,360343,595253,500000,-0.0112,0.1800,+0.0,+0.0000,NONE,RUNNING
="2026-08-10 22:36:33",64793,1038661,360343,678317,500000,-0.0112,0.1800,+0.0,+0.0000,NONE,RUNNING
="2026-08-10 22:36:34",64801,1026576,360343,666233,500000,-0.0150,0.1800,+0.0,+0.0000,NONE,RUNNING
="2026-08-10 22:36:35",64802,1016571,360343,656227,500000,-0.0134,0.1800,+0.0,+0.0000,NONE,RUNNING
="2026-08-10 22:36:36",64802,1070569,360343,710225,500000,-0.0134,0.1800,+0.0,+0.0000,NONE,RUNNING
="2026-08-10 22:36:37",64805,1037929,360343,677585,500000,-0.0170,0.1800,+0.0,+0.0000,NONE,RUNNING
="2026-08-10 22:36:38",64805,1027923,360343,667580,500000,-0.0175,0.1800,+0.0,+0.0000,NONE,RUNNING
="2026-08-10 22:36:39",64805,1012560,334974,677585,500000,-0.0175,0.1800,+0.0,+0.0000,NONE,RUNNING
="2026-08-10 22:36:40",64805,1012560,334974,677585,500000,-0.0185,0.1800,+0.0,+0.0000,NONE,RUNNING
="2026-08-10 22:36:41",64805,985522,334974,650548,500000,-0.0129,0.1800,+0.0,+0.0000,NONE,RUNNING
="2026-08-10 22:36:42",64797,936522,369069,567453,500000,-0.0139,0.1800,+0.0,+0.0000,NONE,RUNNING
="2026-08-10 22:36:43",64796,936522,369069,567453,500000,-0.0139,0.1800,+0.0,+0.0000,NONE,RUNNING
="2026-08-10 22:36:44",64803,1060532,369069,691463,500000,-0.0139,0.1800,+0.0,+0.0000,NONE,RUNNING
="2026-08-10 22:36:45",64808,1070537,369069,701468,500000,-0.0072,0.1800,+0.0,+0.0000,NONE,RUNNING
="2026-08-10 22:36:46",64808,1070537,369069,701468,500000,-0.0121,0.1800,+0.0,+0.0000,NONE,RUNNING
="2026-08-10 22:36:47",64808,1060532,369069,691463,500000,-0.0133,0.1800,+0.0,+0.0000,NONE,RUNNING
="2026-08-10 22:36:48",64808,1070537,369069,701468,500000,-0.0133,0.1800,+0.0,+0.0000,NONE,RUNNING
="2026-08-10 22:36:49",64809,1070537,369069,701468,500000,-0.0065,0.1800,+0.0,+0.0000,NONE,RUNNING
="2026-08-10 22:36:50",64809,1035029,369069,665959,500000,-0.0002,0.1800,+0.0,+0.0000,NONE,RUNNING
="2026-08-10 22:36:51",64809,1165189,369069,796119,500000,-0.0002,0.1800,+0.0,+0.0000,NONE,RUNNING
="2026-08-10 22:36:52",64819,1145648,369069,776578,500000,-0.0002,0.1800,+0.0,+0.0000,NONE,RUNNING
="2026-08-10 22:36:53",64819,1135643,369069,766573,500000,+0.0063,0.1800,+0.0,+0.0000,NONE,RUNNING
="2026-08-10 22:36:54",64819,1145647,369069,776578,500000,+0.0063,0.1800,+0.0,+0.0000,NONE,RUNNING
="2026-08-10 22:36:55",64819,1135642,369069,766572,500000,+0.0008,0.1800,+0.0,+0.0000,NONE,RUNNING
="2026-08-10 22:36:56",64819,1145647,369069,776577,500000,+0.0008,0.1800,+0.0,+0.0000,NONE,RUNNING
="2026-08-10 22:36:57",64819,1132718,356140,776577,500000,+0.0008,0.1800,+0.0,+0.0000,NONE,RUNNING
="2026-08-10 22:36:58",64819,1225120,356140,868979,500000,+0.0011,0.1800,+0.0,+0.0000,NONE,RUNNING
="2026-08-10 22:36:59",64822,1235124,356140,878984,500000,+0.0025,0.1800,+0.0,+0.0000,NONE,RUNNING
="2026-08-10 22:37:00",64822,1210330,345194,865135,500000,+0.0025,0.1800,+0.0,+0.0000,NONE,RUNNING
="2026-08-10 22:37:01",64822,1356226,394179,962046,500000,+0.0127,0.1800,+0.0,+0.0000,NONE,RUNNING
="2026-08-10 22:37:02",64810,1644851,672799,972052,500000,+0.0127,0.1800,+0.0,+0.0000,NONE,RUNNING
="2026-08-10 22:37:03",64802,1528956,672799,856157,500000,+0.0127,0.1800,+0.0,+0.0000,NONE,RUNNING
="2026-08-10 22:37:04",64807,1514421,672799,841622,500000,+0.0041,0.1800,+0.0,+0.0000,NONE,RUNNING
="2026-08-10 22:37:05",64807,1735984,686613,1049370,500000,-0.0137,0.1800,+0.0,+0.0000,NONE,RUNNING
="2026-08-10 22:37:06",64806,1762792,686613,1076179,500000,-0.0137,0.1800,+0.0,+0.0000,NONE,RUNNING
="2026-08-10 22:37:07",64820,1762792,686613,1076179,500000,-0.0158,0.1800,+0.0,+0.0000,NONE,RUNNING
="2026-08-10 22:37:08",64820,1729644,627089,1102555,500000,-0.0158,0.1800,+0.0,+0.0000,NONE,RUNNING
="2026-08-10 22:37:09",64823,1729644,627089,1102555,500000,-0.0194,0.1800,+0.0,+0.0000,NONE,RUNNING
="2026-08-10 22:37:10",64823,1738200,627089,1111111,500000,-0.0194,0.1800,+0.0,+0.0000,NONE,RUNNING
="2026-08-10 22:38:10",64769,1226979,646883,580096,500000,+0.0461,0.1800,+0.0,+0.0000,NONE,RUNNING
="2026-08-10 22:39:11",64732,1050782,384780,666001,500000,-0.0022,0.1800,+0.0,+0.0000,NONE,RUNNING
="2026-08-10 22:40:11",64673,1540552,1086798,453753,500000,+0.0096,0.1800,+0.0,+0.0000,NONE,RUNNING
="2026-08-10 22:41:11",64668,1536053,797466,738586,500000,-0.0111,0.1800,+0.0,+0.0000,NONE,RUNNING
="2026-08-10 22:42:11",64659,754391,333320,421071,500000,-0.0327,0.1800,+0.0,+0.0000,NONE,RUNNING
="2026-08-10 22:43:11",64678,1836583,546190,1290392,500000,-0.0129,0.1800,+0.0,+0.0000,NONE,RUNNING
="2026-08-10 22:44:11",64654,2051979,1092119,959859,500000,+0.0071,0.1800,+0.0,+0.0000,NONE,RUNNING
="2026-08-10 22:45:11",64677,899737,220194,679542,500000,-0.0046,0.1800,+0.0,+0.0000,NONE,RUNNING
="2026-08-10 22:46:11",64632,954826,468798,486027,500000,-0.0426,0.1800,+0.0,+0.0000,NONE,RUNNING
="2026-08-10 22:47:11",64628,403597,87251,316345,500000,+0.0035,0.1800,+0.0,+0.0000,NONE,RUNNING
="2026-08-10 22:48:11",64620,443135,73532,369602,500000,-0.0196,0.1800,+0.0,+0.0000,NONE,RUNNING
="2026-08-10 22:49:11",64600,648478,322109,326369,500000,-0.0139,0.1800,+0.0,+0.0000,NONE,RUNNING
="2026-08-10 22:50:11",64558,2559228,1684345,874883,500000,-0.0486,0.1800,+0.0,+0.0000,NONE,RUNNING
="2026-08-10 22:51:11",64593,1769354,699215,1070139,500000,+0.0027,0.1800,+0.0,+0.0000,NONE,RUNNING
="2026-08-10 22:52:11",64570,1122578,535284,587294,500000,+0.0056,0.1800,+0.0,+0.0000,NONE,RUNNING
="2026-08-10 22:53:11",64548,803544,454353,349190,500000,-0.0087,0.1800,+0.0,+0.0000,NONE,RUNNING
="2026-08-10 22:54:11",64541,2054836,467895,1586941,500000,-0.0539,0.1800,+0.0,+0.0000,NONE,RUNNING
="2026-08-10 22:55:11",64543,555949,323312,232636,500000,-0.0046,0.1800,+0.0,+0.0000,NONE,RUNNING
="2026-08-10 22:56:11",64520,436088,169766,266322,500000,+0.0068,0.1800,+0.0,+0.0000,NONE,RUNNING
="2026-08-10 22:57:11",64566,655303,40890,614413,500000,-0.0131,0.1800,+0.0,+0.0000,NONE,RUNNING
="2026-08-10 22:58:11",64583,646515,102566,543949,500000,-0.0239,0.1800,+0.0,+0.0000,NONE,RUNNING
="2026-08-10 22:59:12",64584,924799,182034,742765,500000,-0.0453,0.1800,+0.0,+0.0000,NONE,RUNNING
="2026-08-10 23:00:12",64575,948267,325463,622803,500000,+0.0080,0.1800,+0.0,+0.0000,NONE,RUNNING
="2026-08-10 23:01:12",64660,1897372,329698,1567673,500000,-0.0088,0.1800,+0.0,+0.0000,NONE,RUNNING
="2026-08-10 23:02:12",64695,1246287,373296,872991,500000,+0.0058,0.1800,+0.0,+0.0000,NONE,RUNNING
="2026-08-10 23:03:12",64692,870847,317491,553356,500000,+0.0075,0.1800,+0.0,+0.0000,NONE,RUNNING
="2026-08-10 23:04:12",64691,566878,49934,516943,500000,+0.0194,0.1800,+0.0,+0.0000,NONE,RUNNING
="2026-08-10 23:05:12",64693,331969,12700,319268,500000,+0.0050,0.1800,+0.0,+0.0000,NONE,RUNNING
="2026-08-10 23:06:12",64690,1028747,496964,531783,500000,-0.0163,0.1800,+0.0,+0.0000,NONE,RUNNING
="2026-08-10 23:07:12",64693,642807,138893,503913,500000,+0.0138,0.1800,+0.0,+0.0000,NONE,RUNNING
="2026-08-10 23:08:12",64703,708397,12939,695457,500000,-0.0055,0.1800,+0.0,+0.0000,NONE,RUNNING
="2026-08-10 23:09:12",64608,2001785,1283147,718638,500000,+0.0167,0.1800,+0.0,+0.0000,NONE,RUNNING
="2026-08-10 23:10:12",64668,567354,113759,453595,500000,+0.0077,0.1800,+0.0,+0.0000,NONE,RUNNING
="2026-08-10 23:11:12",64633,623752,226060,397691,500000,-0.0035,0.1800,+0.0,+0.0000,NONE,RUNNING
="2026-08-10 23:12:12",64692,690830,12394,678436,500000,-0.0077,0.1800,+0.0,+0.0000,NONE,RUNNING
="2026-08-10 23:13:12",64694,412779,55586,357192,500000,-0.0019,0.1800,+0.0,+0.0000,NONE,RUNNING
="2026-08-10 23:14:12",64726,596282,25880,570401,500000,-0.0375,0.1800,+0.0,+0.0000,NONE,RUNNING
="2026-08-10 23:15:12",64749,721873,241902,479970,500000,-0.0434,0.1800,+0.0,+0.0000,NONE,RUNNING
="2026-08-10 23:16:12",64738,445261,232163,213097,500000,-0.0372,0.1800,+0.0,+0.0000,NONE,RUNNING
="2026-08-10 23:17:12",64715,471703,166108,305594,500000,+0.0080,0.1800,+0.0,+0.0000,NONE,RUNNING
="2026-08-10 23:18:12",64728,681523,45586,635937,500000,+0.0066,0.1800,+0.0,+0.0000,NONE,RUNNING
="2026-08-10 23:19:12",64768,412613,87464,325148,500000,+0.0069,0.1800,+0.0,+0.0000,NONE,RUNNING
="2026-08-10 23:20:12",64762,509873,223070,286803,500000,+0.0069,0.1800,+0.0,+0.0000,NONE,RUNNING
="2026-08-10 23:21:12",64773,415182,99125,316057,500000,+0.0011,0.1800,+0.0,+0.0000,NONE,RUNNING
="2026-08-10 23:22:12",64739,809551,504133,305417,500000,+0.0844,0.1800,+0.0,+0.0000,NONE,RUNNING
="2026-08-10 23:23:13",64732,607876,277857,330019,500000,+0.0015,0.1800,+0.0,+0.0000,NONE,RUNNING
="2026-08-10 23:24:13",64726,57526,0,57526,500000,-0.0055,0.1800,+0.0,+0.0000,NONE,RUNNING
="2026-08-10 23:25:13",64722,44771,44771,0,500000,+0.0109,0.1800,+0.0,+0.0000,NONE,RUNNING
="2026-08-10 23:26:13",64755,110243,0,110243,500000,-0.0001,0.1800,+0.0,+0.0000,NONE,RUNNING
="2026-08-10 23:27:13",64805,170116,0,170116,500000,-0.0087,0.1800,+0.0,+0.0000,NONE,RUNNING
="2026-08-10 23:28:13",64826,327094,316974,10120,500000,-0.0023,0.1800,+0.0,+0.0000,NONE,RUNNING
="2026-08-10 23:29:13",64800,251513,90241,161272,500000,-0.0083,0.1800,+0.0,+0.0000,NONE,RUNNING
="2026-08-10 23:30:13",64783,115356,105090,10266,500000,+0.0171,0.1800,+0.0,+0.0000,NONE,RUNNING
="2026-08-10 23:31:13",64787,433930,78474,355456,500000,+0.0086,0.1800,+0.0,+0.0000,NONE,RUNNING
="2026-08-10 23:32:13",64759,350396,298254,52141,500000,+0.0018,0.1800,+0.0,+0.0000,NONE,RUNNING
="2026-08-10 23:33:13",64768,148785,58100,90685,500000,+0.0195,0.1800,+0.0,+0.0000,NONE,RUNNING
="2026-08-10 23:34:13",64785,422107,141380,280727,500000,+0.0149,0.1800,+0.0,+0.0000,NONE,RUNNING
="2026-08-10 23:35:13",64828,179022,73708,105313,500000,+0.0071,0.1800,+0.0,+0.0000,NONE,RUNNING
="2026-08-10 23:36:13",64846,486058,64213,421844,500000,-0.0350,0.1800,+0.0,+0.0000,NONE,RUNNING
="2026-08-10 23:37:13",64809,33569,21577,11992,500000,+0.0091,0.1800,+0.0,+0.0000,NONE,RUNNING
="2026-08-10 23:38:13",64782,69345,33372,35972,500000,+0.0206,0.1800,+0.0,+0.0000,NONE,RUNNING
="2026-08-10 23:39:13",64775,245748,228646,17101,500000,-0.0149,0.1800,+0.0,+0.0000,NONE,RUNNING
="2026-08-10 23:40:14",64786,37448,0,37448,500000,-0.0049,0.1800,+0.0,+0.0000,NONE,RUNNING
="2026-08-10 23:41:14",64814,55717,0,55717,500000,-0.0031,0.1800,+0.0,+0.0000,NONE,RUNNING
="2026-08-10 23:42:14",64835,381092,381092,0,500000,-0.0013,0.1800,+0.0,+0.0000,NONE,RUNNING
="2026-08-10 23:43:14",64885,290900,0,290900,500000,-0.0079,0.1800,+0.0,+0.0000,NONE,RUNNING
="2026-08-10 23:44:14",64857,664379,516463,147915,500000,-0.0031,0.1800,+0.0,+0.0000,NONE,RUNNING
="2026-08-10 23:45:14",64850,186873,0,186873,500000,-0.0086,0.1800,+0.0,+0.0000,NONE,RUNNING
="2026-08-10 23:46:14",64844,121674,84540,37134,500000,+0.0027,0.1800,+0.0,+0.0000,NONE,RUNNING
="2026-08-10 23:47:14",64797,135647,135647,0,500000,-0.0049,0.1800,+0.0,+0.0000,NONE,RUNNING
="2026-08-10 23:48:14",64788,26055,14042,12013,500000,+0.0025,0.1800,+0.0,+0.0000,NONE,RUNNING
="2026-08-10 23:49:14",64788,323536,13059,310477,500000,+0.0028,0.1800,+0.0,+0.0000,NONE,RUNNING
="2026-08-10 23:50:14",64796,93183,24719,68464,500000,+0.0164,0.1800,+0.0,+0.0000,NONE,RUNNING
="2026-08-10 23:51:14",64789,190796,0,190796,500000,+0.0122,0.1800,+0.0,+0.0000,NONE,RUNNING
="2026-08-10 23:52:14",64732,91334,43346,47987,500000,+0.0136,0.1800,+0.0,+0.0000,NONE,RUNNING
="2026-08-10 23:53:14",64724,247930,76041,171888,500000,+0.0194,0.1800,+0.0,+0.0000,NONE,RUNNING
="2026-08-10 23:54:14",64644,416645,146397,270248,500000,-0.0364,0.1800,+0.0,+0.0000,NONE,RUNNING
="2026-08-10 23:55:14",64656,1012609,272089,740519,500000,+0.0336,0.1800,+0.0,+0.0000,NONE,RUNNING
="2026-08-10 23:56:14",64650,465076,333132,131944,500000,+0.0199,0.1800,+0.0,+0.0000,NONE,RUNNING
="2026-08-10 23:57:14",64617,136849,24635,112213,500000,+0.0246,0.1800,+0.0,+0.0000,NONE,RUNNING
="2026-08-10 23:58:14",64611,360751,199367,161384,500000,-0.0000,0.1800,+0.0,+0.0000,NONE,RUNNING
="2026-08-10 23:59:14",64621,315220,196728,118491,500000,+0.0230,0.1800,+0.0,+0.0000,NONE,RUNNING
