Timestamp(KST),BTC_Price($),1m_Rolling_Liq($),1m_Long_Liq($),1m_Short_Liq($),Liq_Threshold($),1m_OI_Speed(%),OI_Speed_Threshold(%),1m_Price_Delta($),1m_Price_Slope,Signal,Bot_State
"=""2026-08-09 00:00:00""",65129,36767,20742,16024,100000,+0.0060,0.0900,+0.0,+0.0000,NONE,RUNNING
"=""2026-08-09 00:01:00""",65149,403845,65129,338716,100000,+0.0056,0.0900,+0.0,+0.0000,NONE,RUNNING
"=""2026-08-09 00:02:00""",65139,158731,158731,0,100000,-0.0068,0.0900,+0.0,+0.0000,NONE,RUNNING
"=""2026-08-09 00:03:00""",65126,173827,140028,33799,100000,+0.0091,0.0900,+0.0,+0.0000,NONE,RUNNING
"=""2026-08-09 00:04:00""",65116,504289,458478,45810,100000,+0.0001,0.0900,+0.0,+0.0000,NONE,RUNNING
"=""2026-08-09 00:05:00""",65116,479435,65116,414319,100000,+0.0059,0.0900,+0.0,+0.0000,NONE,RUNNING
"=""2026-08-09 00:06:00""",65116,66518,41272,25246,100000,+0.0025,0.0900,+0.0,+0.0000,NONE,RUNNING
"=""2026-08-09 00:07:00""",65106,112902,112902,0,100000,-0.0061,0.0900,+0.0,+0.0000,NONE,RUNNING
"=""2026-08-09 00:08:00""",65102,314768,83202,231566,100000,-0.0019,0.0900,+0.0,+0.0000,NONE,RUNNING
"=""2026-08-09 00:09:00""",65102,16532,0,16532,100000,+0.0003,0.0900,+0.0,+0.0000,NONE,RUNNING
"=""2026-08-09 00:10:00""",65102,0,0,0,100000,+0.0024,0.0900,+0.0,+0.0000,NONE,RUNNING
"=""2026-08-09 00:11:00""",65102,0,0,0,100000,-0.0002,0.0900,+0.0,+0.0000,NONE,RUNNING
"=""2026-08-09 00:12:00""",65105,10670,0,10670,100000,-0.0063,0.0900,+0.0,+0.0000,NONE,RUNNING
"=""2026-08-09 00:13:00""",65106,0,0,0,100000,+0.0008,0.0900,+0.0,+0.0000,NONE,RUNNING
"=""2026-08-09 00:14:00""",65105,78578,78578,0,100000,+0.0011,0.0900,+0.0,+0.0000,NONE,RUNNING
"=""2026-08-09 00:15:00""",65105,379439,379439,0,100000,+0.0013,0.0900,+0.0,+0.0000,NONE,RUNNING
"=""2026-08-09 00:16:00""",65105,208332,174905,33427,100000,-0.0016,0.0900,+0.0,+0.0000,NONE,RUNNING
"=""2026-08-09 00:17:00""",65094,554989,502014,52974,100000,+0.0103,0.0900,+0.0,+0.0000,NONE,RUNNING
"=""2026-08-09 00:18:01""",65090,72107,20056,52050,100000,-0.0013,0.0900,+0.0,+0.0000,NONE,RUNNING
"=""2026-08-09 00:19:01""",65090,0,0,0,100000,+0.0001,0.0900,+0.0,+0.0000,NONE,RUNNING
"=""2026-08-09 00:20:01""",65089,40645,40645,0,100000,+0.0050,0.0900,+0.0,+0.0000,NONE,RUNNING
"=""2026-08-09 00:21:01""",65078,180035,100035,79999,100000,+0.0008,0.0900,+0.0,+0.0000,NONE,RUNNING
"=""2026-08-09 00:22:01""",65078,10608,0,10608,100000,+0.0030,0.0900,+0.0,+0.0000,NONE,RUNNING
"=""2026-08-09 00:23:01""",65078,106005,26005,79999,100000,-0.0012,0.0900,+0.0,+0.0000,NONE,RUNNING
"=""2026-08-09 00:24:01""",65079,108601,11987,96614,100000,-0.0039,0.0900,+0.0,+0.0000,NONE,RUNNING
"=""2026-08-09 00:25:01""",65099,1001192,0,1001192,100000,+0.0067,0.0900,+0.0,+0.0000,NONE,RUNNING
"=""2026-08-09 00:26:01""",65099,190718,82004,108713,100000,-0.0009,0.0900,+0.0,+0.0000,NONE,RUNNING
"=""2026-08-09 00:27:01""",65098,57318,44298,13019,100000,+0.0033,0.0900,+0.0,+0.0000,NONE,RUNNING
"=""2026-08-09 00:28:01""",65092,11024,0,11024,100000,-0.0002,0.0900,+0.0,+0.0000,NONE,RUNNING
"=""2026-08-09 00:29:01""",65092,13780,0,13780,100000,+0.0000,0.0900,+0.0,+0.0000,NONE,RUNNING
"=""2026-08-09 00:30:01""",65092,0,0,0,100000,-0.0027,0.0900,+0.0,+0.0000,NONE,RUNNING
"=""2026-08-09 00:31:01""",65092,61849,61849,0,100000,+0.0076,0.0900,+0.0,+0.0000,NONE,RUNNING
"=""2026-08-09 00:32:01""",65092,0,0,0,100000,+0.0015,0.0900,+0.0,+0.0000,NONE,RUNNING
"=""2026-08-09 00:33:01""",65092,175441,175441,0,100000,-0.0046,0.0900,+0.0,+0.0000,NONE,RUNNING
"=""2026-08-09 00:34:01""",65077,19527,19527,0,100000,+0.0080,0.0900,+0.0,+0.0000,NONE,RUNNING
"=""2026-08-09 00:35:01""",65077,26141,26141,0,100000,-0.0005,0.0900,+0.0,+0.0000,NONE,RUNNING
"=""2026-08-09 00:36:02""",65077,0,0,0,100000,-0.0008,0.0900,+0.0,+0.0000,NONE,RUNNING
"=""2026-08-09 00:37:02""",65077,0,0,0,100000,+0.0023,0.0900,+0.0,+0.0000,NONE,RUNNING
"=""2026-08-09 00:38:02""",65077,26031,26031,0,100000,+0.0014,0.0900,+0.0,+0.0000,NONE,RUNNING
"=""2026-08-09 00:39:02""",65075,77377,77377,0,100000,+0.0010,0.0900,+0.0,+0.0000,NONE,RUNNING
"=""2026-08-09 00:40:02""",65067,170625,154669,15955,100000,+0.0109,0.0900,+0.0,+0.0000,NONE,RUNNING
"=""2026-08-09 00:41:02""",65067,91995,65067,26928,100000,+0.0036,0.0900,+0.0,+0.0000,NONE,RUNNING
"=""2026-08-09 00:42:02""",65067,32527,13747,18779,100000,-0.0002,0.0900,+0.0,+0.0000,NONE,RUNNING
"=""2026-08-09 00:43:02""",65067,49500,0,49500,100000,+0.0010,0.0900,+0.0,+0.0000,NONE,RUNNING
"=""2026-08-09 00:44:02""",65067,0,0,0,100000,+0.0038,0.0900,+0.0,+0.0000,NONE,RUNNING
"=""2026-08-09 00:45:02""",65061,83519,43520,39999,100000,+0.0103,0.0900,+0.0,+0.0000,NONE,RUNNING
"=""2026-08-09 00:46:02""",65061,0,0,0,100000,-0.0025,0.0900,+0.0,+0.0000,NONE,RUNNING
"=""2026-08-09 00:47:02""",65061,0,0,0,100000,+0.0134,0.0900,+0.0,+0.0000,NONE,RUNNING
"=""2026-08-09 00:48:02""",65061,0,0,0,100000,-0.0006,0.0900,+0.0,+0.0000,NONE,RUNNING
"=""2026-08-09 00:49:02""",65061,175610,131064,44546,100000,+0.0004,0.0900,+0.0,+0.0000,NONE,RUNNING
"=""2026-08-09 00:50:02""",65072,890789,671706,219082,100000,+0.0020,0.0900,+0.0,+0.0000,NONE,RUNNING
"=""2026-08-09 00:51:02""",65072,12780,12780,0,100000,-0.0033,0.0900,+0.0,+0.0000,NONE,RUNNING
"=""2026-08-09 00:52:03""",65076,159575,0,159575,100000,+0.0032,0.0900,+0.0,+0.0000,NONE,RUNNING
"=""2026-08-09 00:53:03""",65076,0,0,0,100000,+0.0045,0.0900,+0.0,+0.0000,NONE,RUNNING
"=""2026-08-09 00:54:03""",65089,565973,0,565973,100000,+0.0047,0.0900,+0.0,+0.0000,NONE,RUNNING
"=""2026-08-09 00:55:03""",65090,0,0,0,100000,-0.0011,0.0900,+0.0,+0.0000,NONE,RUNNING
"=""2026-08-09 00:56:03""",65091,98382,41594,56787,100000,+0.0015,0.0900,+0.0,+0.0000,NONE,RUNNING
"=""2026-08-09 00:57:03""",65093,28917,0,28917,100000,-0.0021,0.0900,+0.0,+0.0000,NONE,RUNNING
"=""2026-08-09 00:58:03""",65093,39617,39617,0,100000,+0.0034,0.0900,+0.0,+0.0000,NONE,RUNNING
"=""2026-08-09 00:59:03""",65093,0,0,0,100000,+0.0026,0.0900,+0.0,+0.0000,NONE,RUNNING
"=""2026-08-09 01:00:03""",65080,403083,403083,0,100000,-0.0030,0.0900,+0.0,+0.0000,NONE,RUNNING
"=""2026-08-09 01:01:03""",65089,66674,0,66674,100000,+0.0008,0.0900,+0.0,+0.0000,NONE,RUNNING
"=""2026-08-09 01:02:03""",65089,0,0,0,100000,+0.0024,0.0900,+0.0,+0.0000,NONE,RUNNING
"=""2026-08-09 01:03:03""",65090,0,0,0,100000,-0.0015,0.0900,+0.0,+0.0000,NONE,RUNNING
"=""2026-08-09 01:04:03""",65090,14028,14028,0,100000,-0.0034,0.0900,+0.0,+0.0000,NONE,RUNNING
"=""2026-08-09 01:05:03""",65090,0,0,0,100000,+0.0021,0.0900,+0.0,+0.0000,NONE,RUNNING
"=""2026-08-09 01:06:03""",65091,14552,0,14552,100000,-0.0014,0.0900,+0.0,+0.0000,NONE,RUNNING
"=""2026-08-09 01:07:03""",65091,0,0,0,100000,+0.0062,0.0900,+0.0,+0.0000,NONE,RUNNING
"=""2026-08-09 01:08:04""",65091,133046,58378,74668,100000,+0.0043,0.0900,+0.0,+0.0000,NONE,RUNNING
"=""2026-08-09 01:09:04""",65109,71199,14999,56200,100000,-0.0039,0.0900,+0.0,+0.0000,NONE,RUNNING
"=""2026-08-09 01:10:04""",65091,218983,186074,32908,100000,-0.0006,0.0900,+0.0,+0.0000,NONE,RUNNING
"=""2026-08-09 01:11:04""",65091,130155,130155,0,100000,+0.0011,0.0900,+0.0,+0.0000,NONE,RUNNING
"=""2026-08-09 01:12:04""",65091,0,0,0,100000,+0.0005,0.0900,+0.0,+0.0000,NONE,RUNNING
"=""2026-08-09 01:13:04""",65091,81831,0,81831,100000,-0.0017,0.0900,+0.0,+0.0000,NONE,RUNNING
"=""2026-08-09 01:14:04""",65091,0,0,0,100000,+0.0039,0.0900,+0.0,+0.0000,NONE,RUNNING
"=""2026-08-09 01:15:04""",65087,10015,10015,0,100000,-0.0011,0.0900,+0.0,+0.0000,NONE,RUNNING
"=""2026-08-09 01:16:04""",65087,11056,11056,0,100000,-0.0009,0.0900,+0.0,+0.0000,NONE,RUNNING
"=""2026-08-09 01:17:04""",65087,0,0,0,100000,-0.0012,0.0900,+0.0,+0.0000,NONE,RUNNING
"=""2026-08-09 01:18:04""",65087,0,0,0,100000,-0.0053,0.0900,+0.0,+0.0000,NONE,RUNNING
"=""2026-08-09 01:19:04""",65081,162640,48445,114194,100000,-0.0006,0.0900,+0.0,+0.0000,NONE,RUNNING
"=""2026-08-09 01:20:04""",65088,777922,0,777922,100000,+0.0049,0.0900,+0.0,+0.0000,NONE,RUNNING
"=""2026-08-09 01:21:04""",65088,20505,0,20505,100000,-0.0018,0.0900,+0.0,+0.0000,NONE,RUNNING
"=""2026-08-09 01:22:04""",65088,0,0,0,100000,+0.0001,0.0900,+0.0,+0.0000,NONE,RUNNING
"=""2026-08-09 01:23:04""",65088,21729,21729,0,100000,+0.0003,0.0900,+0.0,+0.0000,NONE,RUNNING
"=""2026-08-09 01:24:04""",65088,32544,0,32544,100000,+0.0041,0.0900,+0.0,+0.0000,NONE,RUNNING
"=""2026-08-09 01:25:04""",65086,51947,51947,0,100000,+0.0062,0.0900,+0.0,+0.0000,NONE,RUNNING
"=""2026-08-09 01:26:05""",65081,52741,52741,0,100000,-0.0001,0.0900,+0.0,+0.0000,NONE,RUNNING
"=""2026-08-09 01:27:05""",65081,0,0,0,100000,+0.0010,0.0900,+0.0,+0.0000,NONE,RUNNING
"=""2026-08-09 01:28:05""",65081,21422,21422,0,100000,+0.0008,0.0900,+0.0,+0.0000,NONE,RUNNING
"=""2026-08-09 01:29:05""",65081,37109,37109,0,100000,-0.0043,0.0900,+0.0,+0.0000,NONE,RUNNING
"=""2026-08-09 01:30:05""",65078,363374,298829,64544,100000,-0.0004,0.0900,+0.0,+0.0000,NONE,RUNNING
"=""2026-08-09 01:31:05""",65054,156278,156278,0,100000,+0.0203,0.0900,+0.0,+0.0000,NONE,RUNNING
"=""2026-08-09 01:32:05""",65057,69828,69828,0,100000,+0.0098,0.0900,+0.0,+0.0000,NONE,RUNNING
"=""2026-08-09 01:33:05""",65057,77304,0,77304,100000,+0.0097,0.0900,+0.0,+0.0000,NONE,RUNNING
"=""2026-08-09 01:34:05""",65052,12464,12464,0,100000,-0.0006,0.0900,+0.0,+0.0000,NONE,RUNNING
"=""2026-08-09 01:35:05""",65052,26568,26568,0,100000,-0.0017,0.0900,+0.0,+0.0000,NONE,RUNNING
"=""2026-08-09 01:36:05""",65039,82326,66883,15442,100000,+0.0010,0.0900,+0.0,+0.0000,NONE,RUNNING
"=""2026-08-09 01:37:05""",65039,19490,19490,0,100000,-0.0098,0.0900,+0.0,+0.0000,NONE,RUNNING
"=""2026-08-09 01:38:05""",65042,156160,0,156160,100000,+0.0011,0.0900,+0.0,+0.0000,NONE,RUNNING
"=""2026-08-09 01:39:05""",65041,20637,20637,0,100000,-0.0011,0.0900,+0.0,+0.0000,NONE,RUNNING
"=""2026-08-09 01:40:05""",65049,514681,325227,189453,100000,+0.0015,0.0900,+0.0,+0.0000,NONE,RUNNING
"=""2026-08-09 01:41:05""",65060,138901,0,138901,100000,+0.0017,0.0900,+0.0,+0.0000,NONE,RUNNING
"=""2026-08-09 01:42:06""",65060,0,0,0,100000,+0.0003,0.0900,+0.0,+0.0000,NONE,RUNNING
"=""2026-08-09 01:43:06""",65060,84828,84828,0,100000,+0.0023,0.0900,+0.0,+0.0000,NONE,RUNNING
"=""2026-08-09 01:44:06""",65060,0,0,0,100000,-0.0007,0.0900,+0.0,+0.0000,NONE,RUNNING
"=""2026-08-09 01:45:06""",65060,0,0,0,100000,+0.0005,0.0900,+0.0,+0.0000,NONE,RUNNING
"=""2026-08-09 01:46:06""",65060,343497,97265,246231,100000,+0.0013,0.0900,+0.0,+0.0000,NONE,RUNNING
"=""2026-08-09 01:47:06""",65060,13466,0,13466,100000,-0.0016,0.0900,+0.0,+0.0000,NONE,RUNNING
"=""2026-08-09 01:48:06""",65060,23481,23481,0,100000,+0.0007,0.0900,+0.0,+0.0000,NONE,RUNNING
"=""2026-08-09 01:49:06""",65060,0,0,0,100000,+0.0001,0.0900,+0.0,+0.0000,NONE,RUNNING
"=""2026-08-09 01:50:06""",65060,527483,527483,0,100000,+0.0015,0.0900,+0.0,+0.0000,NONE,RUNNING
"=""2026-08-09 01:51:06""",65060,16265,16265,0,100000,-0.0000,0.0900,+0.0,+0.0000,NONE,RUNNING
"=""2026-08-09 01:52:06""",65060,0,0,0,100000,-0.0059,0.0900,+0.0,+0.0000,NONE,RUNNING
"=""2026-08-09 01:53:06""",65060,0,0,0,100000,+0.0000,0.0900,+0.0,+0.0000,NONE,RUNNING
"=""2026-08-09 01:54:06""",65060,0,0,0,100000,-0.0002,0.0900,+0.0,+0.0000,NONE,RUNNING
"=""2026-08-09 01:55:06""",65077,110064,0,110064,100000,-0.0044,0.0900,+0.0,+0.0000,NONE,RUNNING
"=""2026-08-09 01:56:06""",65077,0,0,0,100000,+0.0006,0.0900,+0.0,+0.0000,NONE,RUNNING
"=""2026-08-09 01:57:06""",65078,134073,0,134073,100000,+0.0044,0.0900,+0.0,+0.0000,NONE,RUNNING
"=""2026-08-09 01:58:07""",65077,25848,25848,0,100000,+0.0005,0.0900,+0.0,+0.0000,NONE,RUNNING
"=""2026-08-09 01:59:07""",65087,69649,21125,48523,100000,-0.0008,0.0900,+0.0,+0.0000,NONE,RUNNING
"=""2026-08-09 02:00:07""",65086,0,0,0,100000,+0.0036,0.0900,+0.0,+0.0000,NONE,RUNNING
"=""2026-08-09 02:01:07""",65086,216357,194428,21928,100000,-0.0026,0.0900,+0.0,+0.0000,NONE,RUNNING
"=""2026-08-09 02:02:07""",65086,0,0,0,100000,+0.0019,0.0900,+0.0,+0.0000,NONE,RUNNING
"=""2026-08-09 02:03:07""",65086,12109,0,12109,100000,+0.0009,0.0900,+0.0,+0.0000,NONE,RUNNING
"=""2026-08-09 02:04:07""",65086,238498,176797,61701,100000,+0.0072,0.0900,+0.0,+0.0000,NONE,RUNNING
"=""2026-08-09 02:05:07""",65080,1248960,1084143,164816,100000,+0.0017,0.0900,+0.0,+0.0000,NONE,RUNNING
"=""2026-08-09 02:06:07""",65080,0,0,0,100000,-0.0015,0.0900,+0.0,+0.0000,NONE,RUNNING
"=""2026-08-09 02:07:07""",65075,0,0,0,100000,-0.0000,0.0900,+0.0,+0.0000,NONE,RUNNING
"=""2026-08-09 02:08:07""",65075,0,0,0,100000,-0.0009,0.0900,+0.0,+0.0000,NONE,RUNNING
"=""2026-08-09 02:09:07""",65092,587709,0,587709,100000,-0.0031,0.0900,+0.0,+0.0000,NONE,RUNNING
"=""2026-08-09 02:10:07""",65099,52079,52079,0,100000,-0.0031,0.0900,+0.0,+0.0000,NONE,RUNNING
"=""2026-08-09 02:11:07""",65099,0,0,0,100000,+0.0033,0.0900,+0.0,+0.0000,NONE,RUNNING
"=""2026-08-09 02:12:07""",65107,24132,0,24132,100000,-0.0043,0.0900,+0.0,+0.0000,NONE,RUNNING
"=""2026-08-09 02:13:07""",65100,125975,125975,0,100000,+0.0130,0.0900,+0.0,+0.0000,NONE,RUNNING
"=""2026-08-09 02:14:02""",65117,204860,65100,139760,100000,+0.0685,0.0900,+0.0,+0.0000,NONE,RUNNING
"=""2026-08-09 02:14:03""",65117,204860,65100,139760,100000,+0.0684,0.0900,+0.0,+0.0000,NONE,RUNNING
"=""2026-08-09 02:14:04""",65132,324376,65100,259276,100000,+0.0684,0.0900,+0.0,+0.0000,NONE,RUNNING
"=""2026-08-09 02:14:05""",65131,324376,65100,259276,100000,+0.1127,0.0900,+0.0,+0.0000,NONE,RUNNING
"=""2026-08-09 02:14:06""",65131,324376,65100,259276,100000,+0.1127,0.0900,+0.0,+0.0000,NONE,RUNNING
"=""2026-08-09 02:14:07""",65132,324376,65100,259276,100000,+0.1112,0.0900,+0.0,+0.0000,NONE,RUNNING
"=""2026-08-09 02:14:08""",65132,324376,65100,259276,100000,+0.1112,0.0900,+0.0,+0.0000,NONE,RUNNING
"=""2026-08-09 02:14:09""",65132,324376,65100,259276,100000,+0.1112,0.0900,+0.0,+0.0000,NONE,RUNNING
"=""2026-08-09 02:14:10""",65132,324376,65100,259276,100000,+0.1112,0.0900,+0.0,+0.0000,NONE,RUNNING
"=""2026-08-09 02:14:11""",65132,324376,65100,259276,100000,+0.1112,0.0900,+0.0,+0.0000,NONE,RUNNING
"=""2026-08-09 02:14:12""",65132,324376,65100,259276,100000,+0.1113,0.0900,+0.0,+0.0000,NONE,RUNNING
"=""2026-08-09 02:14:13""",65132,324376,65100,259276,100000,+0.1113,0.0900,+0.0,+0.0000,NONE,RUNNING
"=""2026-08-09 02:14:14""",65132,324376,65100,259276,100000,+0.1112,0.0900,+0.0,+0.0000,NONE,RUNNING
"=""2026-08-09 02:14:15""",65132,324376,65100,259276,100000,+0.1112,0.0900,+0.0,+0.0000,NONE,RUNNING
"=""2026-08-09 02:14:16""",65132,324376,65100,259276,100000,+0.1111,0.0900,+0.0,+0.0000,NONE,RUNNING
"=""2026-08-09 02:14:17""",65132,324376,65100,259276,100000,+0.1111,0.0900,+0.0,+0.0000,NONE,RUNNING
"=""2026-08-09 02:14:18""",65132,324376,65100,259276,100000,+0.1112,0.0900,+0.0,+0.0000,NONE,RUNNING
"=""2026-08-09 02:14:19""",65132,324376,65100,259276,100000,+0.1112,0.0900,+0.0,+0.0000,NONE,RUNNING
"=""2026-08-09 02:14:20""",65132,324376,65100,259276,100000,+0.1122,0.0900,+0.0,+0.0000,NONE,RUNNING
"=""2026-08-09 02:14:21""",65132,324376,65100,259276,100000,+0.1122,0.0900,+0.0,+0.0000,NONE,RUNNING
"=""2026-08-09 02:14:22""",65132,324376,65100,259276,100000,+0.1121,0.0900,+0.0,+0.0000,NONE,RUNNING
"=""2026-08-09 02:14:23""",65132,324376,65100,259276,100000,+0.1121,0.0900,+0.0,+0.0000,NONE,RUNNING
"=""2026-08-09 02:14:24""",65132,324376,65100,259276,100000,+0.1120,0.0900,+0.0,+0.0000,NONE,RUNNING
"=""2026-08-09 02:14:25""",65132,324376,65100,259276,100000,+0.1117,0.0900,+0.0,+0.0000,NONE,RUNNING
"=""2026-08-09 02:14:26""",65132,324376,65100,259276,100000,+0.1117,0.0900,+0.0,+0.0000,NONE,RUNNING
"=""2026-08-09 02:14:27""",65132,324376,65100,259276,100000,+0.1113,0.0900,+0.0,+0.0000,NONE,RUNNING
"=""2026-08-09 02:14:28""",65132,324376,65100,259276,100000,+0.1113,0.0900,+0.0,+0.0000,NONE,RUNNING
"=""2026-08-09 02:14:29""",65132,324376,65100,259276,100000,+0.1113,0.0900,+0.0,+0.0000,NONE,RUNNING
"=""2026-08-09 02:14:30""",65132,324376,65100,259276,100000,+0.1113,0.0900,+0.0,+0.0000,NONE,RUNNING
"=""2026-08-09 02:14:31""",65132,324376,65100,259276,100000,+0.1113,0.0900,+0.0,+0.0000,NONE,RUNNING
"=""2026-08-09 02:14:32""",65132,391878,132602,259276,100000,+0.1112,0.0900,+0.0,+0.0000,NONE,RUNNING
"=""2026-08-09 02:14:33""",65127,391878,132602,259276,100000,+0.1108,0.0900,+0.0,+0.0000,NONE,RUNNING
"=""2026-08-09 02:14:34""",65127,326778,67502,259276,100000,+0.1108,0.0900,+0.0,+0.0000,NONE,RUNNING
"=""2026-08-09 02:14:35""",65118,442794,183518,259276,100000,+0.1090,0.0900,+0.0,+0.0000,NONE,RUNNING
"=""2026-08-09 02:14:36""",65118,442794,183518,259276,100000,+0.1090,0.0900,+0.0,+0.0000,NONE,RUNNING
"=""2026-08-09 02:14:37""",65118,442794,183518,259276,100000,+0.1091,0.0900,+0.0,+0.0000,NONE,RUNNING
"=""2026-08-09 02:14:38""",65118,442794,183518,259276,100000,+0.1091,0.0900,+0.0,+0.0000,NONE,RUNNING
"=""2026-08-09 02:14:39""",65118,442794,183518,259276,100000,+0.1091,0.0900,+0.0,+0.0000,NONE,RUNNING
"=""2026-08-09 02:14:40""",65118,442794,183518,259276,100000,+0.1092,0.0900,+0.0,+0.0000,NONE,RUNNING
"=""2026-08-09 02:14:41""",65118,442794,183518,259276,100000,+0.1092,0.0900,+0.0,+0.0000,NONE,RUNNING
"=""2026-08-09 02:14:42""",65118,442794,183518,259276,100000,+0.1085,0.0900,+0.0,+0.0000,NONE,RUNNING
"=""2026-08-09 02:14:43""",65118,442794,183518,259276,100000,+0.1085,0.0900,+0.0,+0.0000,NONE,RUNNING
"=""2026-08-09 02:14:44""",65118,442794,183518,259276,100000,+0.1085,0.0900,+0.0,+0.0000,NONE,RUNNING
"=""2026-08-09 02:14:45""",65118,442794,183518,259276,100000,+0.1085,0.0900,+0.0,+0.0000,NONE,RUNNING
"=""2026-08-09 02:14:46""",65118,442794,183518,259276,100000,+0.1085,0.0900,+0.0,+0.0000,NONE,RUNNING
"=""2026-08-09 02:14:47""",65118,442794,183518,259276,100000,+0.1085,0.0900,+0.0,+0.0000,NONE,RUNNING
"=""2026-08-09 02:14:48""",65118,442794,183518,259276,100000,+0.1085,0.0900,+0.0,+0.0000,NONE,RUNNING
"=""2026-08-09 02:14:49""",65118,442794,183518,259276,100000,+0.1085,0.0900,+0.0,+0.0000,NONE,RUNNING
"=""2026-08-09 02:14:50""",65118,442794,183518,259276,100000,+0.1085,0.0900,+0.0,+0.0000,NONE,RUNNING
"=""2026-08-09 02:14:51""",65118,442794,183518,259276,100000,+0.1071,0.0900,+0.0,+0.0000,NONE,RUNNING
"=""2026-08-09 02:14:52""",65118,442794,183518,259276,100000,+0.1071,0.0900,+0.0,+0.0000,NONE,RUNNING
"=""2026-08-09 02:14:53""",65118,442794,183518,259276,100000,+0.1071,0.0900,+0.0,+0.0000,NONE,RUNNING
"=""2026-08-09 02:14:54""",65118,442794,183518,259276,100000,+0.1070,0.0900,+0.0,+0.0000,NONE,RUNNING
"=""2026-08-09 02:14:55""",65118,458840,183518,275322,100000,+0.1070,0.0900,+0.0,+0.0000,NONE,RUNNING
"=""2026-08-09 02:14:56""",65118,458840,183518,275322,100000,+0.1070,0.0900,+0.0,+0.0000,NONE,RUNNING
"=""2026-08-09 02:14:57""",65118,319079,183518,135561,100000,+0.1071,0.0900,+0.0,+0.0000,NONE,RUNNING
"=""2026-08-09 02:14:58""",65118,319079,183518,135561,100000,+0.1071,0.0900,+0.0,+0.0000,NONE,RUNNING
"=""2026-08-09 02:14:59""",65118,319079,183518,135561,100000,+0.1071,0.0900,+0.0,+0.0000,NONE,RUNNING
"=""2026-08-09 02:15:00""",65118,319079,183518,135561,100000,+0.1071,0.0900,+0.0,+0.0000,NONE,RUNNING
"=""2026-08-09 02:15:01""",65118,319079,183518,135561,100000,+0.1071,0.0900,+0.0,+0.0000,NONE,RUNNING
"=""2026-08-09 02:15:02""",65118,319079,183518,135561,100000,+0.0405,0.0900,+0.0,+0.0000,NONE,RUNNING
"=""2026-08-09 02:15:03""",65118,199564,183518,16046,100000,+0.0398,0.0900,+0.0,+0.0000,NONE,RUNNING
"=""2026-08-09 02:15:04""",65118,199564,183518,16046,100000,-0.0044,0.0900,+0.0,+0.0000,NONE,RUNNING
"=""2026-08-09 02:15:05""",65118,199564,183518,16046,100000,-0.0044,0.0900,+0.0,+0.0000,NONE,RUNNING
"=""2026-08-09 02:15:06""",65118,199564,183518,16046,100000,-0.0044,0.0900,+0.0,+0.0000,NONE,RUNNING
"=""2026-08-09 02:15:07""",65118,199564,183518,16046,100000,-0.0044,0.0900,+0.0,+0.0000,NONE,RUNNING
"=""2026-08-09 02:15:08""",65118,199564,183518,16046,100000,-0.0044,0.0900,+0.0,+0.0000,NONE,RUNNING
"=""2026-08-09 02:15:09""",65118,262923,183518,79405,100000,-0.0044,0.0900,+0.0,+0.0000,NONE,RUNNING
"=""2026-08-09 02:15:10""",65118,262923,183518,79405,100000,-0.0044,0.0900,+0.0,+0.0000,NONE,RUNNING
"=""2026-08-09 02:15:11""",65118,262923,183518,79405,100000,-0.0044,0.0900,+0.0,+0.0000,NONE,RUNNING
"=""2026-08-09 02:15:12""",65118,262923,183518,79405,100000,-0.0044,0.0900,+0.0,+0.0000,NONE,RUNNING
"=""2026-08-09 02:15:13""",65118,262923,183518,79405,100000,-0.0044,0.0900,+0.0,+0.0000,NONE,RUNNING
"=""2026-08-09 02:15:14""",65118,262923,183518,79405,100000,-0.0044,0.0900,+0.0,+0.0000,NONE,RUNNING
"=""2026-08-09 02:15:15""",65118,262923,183518,79405,100000,-0.0044,0.0900,+0.0,+0.0000,NONE,RUNNING
"=""2026-08-09 02:15:16""",65118,262923,183518,79405,100000,-0.0048,0.0900,+0.0,+0.0000,NONE,RUNNING
"=""2026-08-09 02:15:17""",65118,262923,183518,79405,100000,-0.0048,0.0900,+0.0,+0.0000,NONE,RUNNING
"=""2026-08-09 02:15:18""",65118,262923,183518,79405,100000,-0.0048,0.0900,+0.0,+0.0000,NONE,RUNNING
"=""2026-08-09 02:15:19""",65118,262923,183518,79405,100000,-0.0048,0.0900,+0.0,+0.0000,NONE,RUNNING
"=""2026-08-09 02:15:20""",65118,262923,183518,79405,100000,-0.0058,0.0900,+0.0,+0.0000,NONE,RUNNING
"=""2026-08-09 02:15:22""",65118,262923,183518,79405,100000,-0.0061,0.0900,+0.0,+0.0000,NONE,RUNNING
"=""2026-08-09 02:15:23""",65118,262923,183518,79405,100000,-0.0061,0.0900,+0.0,+0.0000,NONE,RUNNING
"=""2026-08-09 02:15:24""",65118,262923,183518,79405,100000,-0.0061,0.0900,+0.0,+0.0000,NONE,RUNNING
"=""2026-08-09 02:15:25""",65118,262923,183518,79405,100000,-0.0061,0.0900,+0.0,+0.0000,NONE,RUNNING
"=""2026-08-09 02:15:26""",65118,262923,183518,79405,100000,-0.0061,0.0900,+0.0,+0.0000,NONE,RUNNING
"=""2026-08-09 02:15:27""",65120,313136,183518,129618,100000,-0.0057,0.0900,+0.0,+0.0000,NONE,RUNNING
"=""2026-08-09 02:15:28""",65120,313136,183518,129618,100000,-0.0064,0.0900,+0.0,+0.0000,NONE,RUNNING
"=""2026-08-09 02:15:29""",65120,313136,183518,129618,100000,-0.0064,0.0900,+0.0,+0.0000,NONE,RUNNING
"=""2026-08-09 02:15:30""",65121,313136,183518,129618,100000,-0.0064,0.0900,+0.0,+0.0000,NONE,RUNNING
"=""2026-08-09 02:15:31""",65122,313136,183518,129618,100000,-0.0064,0.0900,+0.0,+0.0000,NONE,RUNNING
"=""2026-08-09 02:15:32""",65122,313136,183518,129618,100000,-0.0067,0.0900,+0.0,+0.0000,NONE,RUNNING
"=""2026-08-09 02:15:33""",65121,427484,297866,129618,100000,-0.0062,0.0900,+0.0,+0.0000,NONE,RUNNING
"=""2026-08-09 02:15:34""",65121,427484,297866,129618,100000,-0.0062,0.0900,+0.0,+0.0000,NONE,RUNNING
"=""2026-08-09 02:15:35""",65121,311469,181851,129618,100000,-0.0062,0.0900,+0.0,+0.0000,NONE,RUNNING
"=""2026-08-09 02:15:36""",65122,311469,181851,129618,100000,-0.0045,0.0900,+0.0,+0.0000,NONE,RUNNING
"=""2026-08-09 02:15:37""",65122,311469,181851,129618,100000,-0.0045,0.0900,+0.0,+0.0000,NONE,RUNNING
"=""2026-08-09 02:15:38""",65122,311469,181851,129618,100000,-0.0076,0.0900,+0.0,+0.0000,NONE,RUNNING
"=""2026-08-09 02:15:39""",65122,311469,181851,129618,100000,-0.0076,0.0900,+0.0,+0.0000,NONE,RUNNING
"=""2026-08-09 02:15:40""",65121,311469,181851,129618,100000,-0.0076,0.0900,+0.0,+0.0000,NONE,RUNNING
"=""2026-08-09 02:15:41""",65121,311469,181851,129618,100000,-0.0075,0.0900,+0.0,+0.0000,NONE,RUNNING
"=""2026-08-09 02:15:42""",65122,311469,181851,129618,100000,-0.0068,0.0900,+0.0,+0.0000,NONE,RUNNING
"=""2026-08-09 02:15:43""",65122,311469,181851,129618,100000,-0.0068,0.0900,+0.0,+0.0000,NONE,RUNNING
"=""2026-08-09 02:15:44""",65122,311469,181851,129618,100000,-0.0068,0.0900,+0.0,+0.0000,NONE,RUNNING
"=""2026-08-09 02:15:45""",65122,311469,181851,129618,100000,-0.0068,0.0900,+0.0,+0.0000,NONE,RUNNING
"=""2026-08-09 02:15:46""",65121,311469,181851,129618,100000,-0.0068,0.0900,+0.0,+0.0000,NONE,RUNNING
"=""2026-08-09 02:15:47""",65121,311469,181851,129618,100000,-0.0069,0.0900,+0.0,+0.0000,NONE,RUNNING
"=""2026-08-09 02:15:48""",65122,311469,181851,129618,100000,-0.0070,0.0900,+0.0,+0.0000,NONE,RUNNING
"=""2026-08-09 02:15:49""",65122,311469,181851,129618,100000,-0.0070,0.0900,+0.0,+0.0000,NONE,RUNNING
"=""2026-08-09 02:15:50""",65122,311469,181851,129618,100000,-0.0070,0.0900,+0.0,+0.0000,NONE,RUNNING
"=""2026-08-09 02:15:51""",65122,311469,181851,129618,100000,-0.0056,0.0900,+0.0,+0.0000,NONE,RUNNING
"=""2026-08-09 02:15:52""",65121,311469,181851,129618,100000,-0.0056,0.0900,+0.0,+0.0000,NONE,RUNNING
"=""2026-08-09 02:15:53""",65121,311469,181851,129618,100000,-0.0056,0.0900,+0.0,+0.0000,NONE,RUNNING
"=""2026-08-09 02:15:54""",65121,311469,181851,129618,100000,-0.0056,0.0900,+0.0,+0.0000,NONE,RUNNING
"=""2026-08-09 02:15:55""",65122,311469,181851,129618,100000,-0.0055,0.0900,+0.0,+0.0000,NONE,RUNNING
"=""2026-08-09 02:15:56""",65122,295423,181851,113571,100000,-0.0055,0.0900,+0.0,+0.0000,NONE,RUNNING
"=""2026-08-09 02:15:57""",65121,295423,181851,113571,100000,-0.0056,0.0900,+0.0,+0.0000,NONE,RUNNING
"=""2026-08-09 02:15:58""",65121,295423,181851,113571,100000,-0.0056,0.0900,+0.0,+0.0000,NONE,RUNNING
"=""2026-08-09 02:15:59""",65121,295423,181851,113571,100000,-0.0056,0.0900,+0.0,+0.0000,NONE,RUNNING
"=""2026-08-09 02:16:00""",65121,295423,181851,113571,100000,-0.0056,0.0900,+0.0,+0.0000,NONE,RUNNING
"=""2026-08-09 02:16:01""",65122,295423,181851,113571,100000,-0.0056,0.0900,+0.0,+0.0000,NONE,RUNNING
"=""2026-08-09 02:16:02""",65122,295423,181851,113571,100000,-0.0060,0.0900,+0.0,+0.0000,NONE,RUNNING
"=""2026-08-09 02:17:02""",65122,0,0,0,100000,+0.0009,0.0900,+0.0,+0.0000,NONE,RUNNING
"=""2026-08-09 02:18:02""",65110,83280,83280,0,100000,-0.0029,0.0900,+0.0,+0.0000,NONE,RUNNING
"=""2026-08-09 02:19:02""",65115,55710,0,55710,100000,+0.0022,0.0900,+0.0,+0.0000,NONE,RUNNING
"=""2026-08-09 02:20:02""",65110,59517,59517,0,100000,-0.0009,0.0900,+0.0,+0.0000,NONE,RUNNING
"=""2026-08-09 02:21:02""",65110,0,0,0,100000,-0.0004,0.0900,+0.0,+0.0000,NONE,RUNNING
"=""2026-08-09 02:22:02""",65107,46171,46171,0,100000,+0.0017,0.0900,+0.0,+0.0000,NONE,RUNNING
"=""2026-08-09 02:23:02""",65104,107593,107593,0,100000,-0.0023,0.0900,+0.0,+0.0000,NONE,RUNNING
"=""2026-08-09 02:24:02""",65104,224837,45214,179622,100000,+0.0016,0.0900,+0.0,+0.0000,NONE,RUNNING
"=""2026-08-09 02:25:02""",65108,1047095,294723,752372,100000,+0.0018,0.0900,+0.0,+0.0000,NONE,RUNNING
"=""2026-08-09 02:26:03""",65108,0,0,0,100000,+0.0044,0.0900,+0.0,+0.0000,NONE,RUNNING
"=""2026-08-09 02:27:03""",65108,0,0,0,100000,+0.0021,0.0900,+0.0,+0.0000,NONE,RUNNING
"=""2026-08-09 02:28:03""",65108,0,0,0,100000,+0.0032,0.0900,+0.0,+0.0000,NONE,RUNNING
"=""2026-08-09 02:29:03""",65108,16277,16277,0,100000,+0.0057,0.0900,+0.0,+0.0000,NONE,RUNNING
"=""2026-08-09 02:30:03""",65108,51323,32554,18769,100000,+0.0006,0.0900,+0.0,+0.0000,NONE,RUNNING
"=""2026-08-09 02:31:03""",65108,314119,0,314119,100000,+0.0048,0.0900,+0.0,+0.0000,NONE,RUNNING
"=""2026-08-09 02:32:03""",65108,237197,237197,0,100000,+0.0014,0.0900,+0.0,+0.0000,NONE,RUNNING
"=""2026-08-09 02:33:03""",65115,453234,51594,401639,100000,-0.0017,0.0900,+0.0,+0.0000,NONE,RUNNING
"=""2026-08-09 02:34:03""",65127,195952,0,195952,100000,+0.0034,0.0900,+0.0,+0.0000,NONE,RUNNING
"=""2026-08-09 02:35:03""",65142,54320,0,54320,100000,+0.0003,0.0900,+0.0,+0.0000,NONE,RUNNING
"=""2026-08-09 02:36:03""",65136,132950,119489,13461,100000,+0.0098,0.0900,+0.0,+0.0000,NONE,RUNNING
"=""2026-08-09 02:37:03""",65137,43400,0,43400,100000,+0.0072,0.0900,+0.0,+0.0000,NONE,RUNNING
"=""2026-08-09 02:38:03""",65136,84982,14982,69999,100000,+0.0004,0.0900,+0.0,+0.0000,NONE,RUNNING
"=""2026-08-09 02:39:03""",65136,0,0,0,100000,-0.0028,0.0900,+0.0,+0.0000,NONE,RUNNING
"=""2026-08-09 02:40:03""",65135,12781,12781,0,100000,-0.0041,0.0900,+0.0,+0.0000,NONE,RUNNING
"=""2026-08-09 02:41:04""",65122,85393,85393,0,100000,+0.0056,0.0900,+0.0,+0.0000,NONE,RUNNING
"=""2026-08-09 02:42:04""",65122,0,0,0,100000,-0.0046,0.0900,+0.0,+0.0000,NONE,RUNNING
"=""2026-08-09 02:43:04""",65122,0,0,0,100000,-0.0010,0.0900,+0.0,+0.0000,NONE,RUNNING
"=""2026-08-09 02:44:04""",65122,0,0,0,100000,+0.0040,0.0900,+0.0,+0.0000,NONE,RUNNING
"=""2026-08-09 02:45:04""",65122,14843,14843,0,100000,+0.0003,0.0900,+0.0,+0.0000,NONE,RUNNING
"=""2026-08-09 02:46:04""",65122,0,0,0,100000,+0.0011,0.0900,+0.0,+0.0000,NONE,RUNNING
"=""2026-08-09 02:47:04""",65122,63175,0,63175,100000,+0.0063,0.0900,+0.0,+0.0000,NONE,RUNNING
"=""2026-08-09 02:48:04""",65122,103602,103602,0,100000,+0.0038,0.0900,+0.0,+0.0000,NONE,RUNNING
"=""2026-08-09 02:49:04""",65122,0,0,0,100000,-0.0010,0.0900,+0.0,+0.0000,NONE,RUNNING
"=""2026-08-09 02:50:04""",65122,0,0,0,100000,+0.0075,0.0900,+0.0,+0.0000,NONE,RUNNING
"=""2026-08-09 02:51:04""",65122,0,0,0,100000,+0.0042,0.0900,+0.0,+0.0000,NONE,RUNNING
"=""2026-08-09 02:52:04""",65122,0,0,0,100000,+0.0130,0.0900,+0.0,+0.0000,NONE,RUNNING
"=""2026-08-09 02:53:04""",65122,195366,0,195366,100000,+0.0003,0.0900,+0.0,+0.0000,NONE,RUNNING
"=""2026-08-09 02:54:04""",65112,552738,552738,0,100000,-0.0012,0.0900,+0.0,+0.0000,NONE,RUNNING
"=""2026-08-09 02:55:04""",65119,734795,0,734795,100000,+0.0015,0.0900,+0.0,+0.0000,NONE,RUNNING
"=""2026-08-09 02:56:04""",65119,76081,0,76081,100000,+0.0011,0.0900,+0.0,+0.0000,NONE,RUNNING
"=""2026-08-09 02:57:04""",65119,0,0,0,100000,-0.0038,0.0900,+0.0,+0.0000,NONE,RUNNING
"=""2026-08-09 02:58:04""",65119,0,0,0,100000,-0.0005,0.0900,+0.0,+0.0000,NONE,RUNNING
"=""2026-08-09 02:59:05""",65119,0,0,0,100000,-0.0004,0.0900,+0.0,+0.0000,NONE,RUNNING
"=""2026-08-09 03:00:05""",65119,0,0,0,100000,+0.0035,0.0900,+0.0,+0.0000,NONE,RUNNING
"=""2026-08-09 03:01:05""",65119,0,0,0,100000,-0.0007,0.0900,+0.0,+0.0000,NONE,RUNNING
"=""2026-08-09 03:02:05""",65119,408712,143916,264795,100000,-0.0018,0.0900,+0.0,+0.0000,NONE,RUNNING
"=""2026-08-09 03:03:05""",65119,0,0,0,100000,+0.0015,0.0900,+0.0,+0.0000,NONE,RUNNING
"=""2026-08-09 03:04:05""",65119,144824,144824,0,100000,+0.0039,0.0900,+0.0,+0.0000,NONE,RUNNING
"=""2026-08-09 03:05:05""",65116,460739,460739,0,100000,-0.0010,0.0900,+0.0,+0.0000,NONE,RUNNING
"=""2026-08-09 03:06:05""",65116,0,0,0,100000,+0.0004,0.0900,+0.0,+0.0000,NONE,RUNNING
"=""2026-08-09 03:07:05""",65116,0,0,0,100000,+0.0005,0.0900,+0.0,+0.0000,NONE,RUNNING
"=""2026-08-09 03:08:05""",65116,0,0,0,100000,+0.0018,0.0900,+0.0,+0.0000,NONE,RUNNING
"=""2026-08-09 03:09:05""",65116,55667,55667,0,100000,+0.0015,0.0900,+0.0,+0.0000,NONE,RUNNING
"=""2026-08-09 03:10:05""",65103,271320,271320,0,100000,+0.0085,0.0900,+0.0,+0.0000,NONE,RUNNING
"=""2026-08-09 03:11:05""",65103,0,0,0,100000,+0.0006,0.0900,+0.0,+0.0000,NONE,RUNNING
"=""2026-08-09 03:12:05""",65101,34415,19471,14944,100000,-0.0036,0.0900,+0.0,+0.0000,NONE,RUNNING
"=""2026-08-09 03:13:05""",65101,152998,0,152998,100000,+0.0001,0.0900,+0.0,+0.0000,NONE,RUNNING
"=""2026-08-09 03:14:05""",65101,543145,289366,253779,100000,+0.0047,0.0900,+0.0,+0.0000,NONE,RUNNING
"=""2026-08-09 03:15:05""",65101,1393540,0,1393540,100000,-0.0011,0.0900,+0.0,+0.0000,NONE,RUNNING
"=""2026-08-09 03:16:06""",65095,13753,13753,0,100000,+0.0058,0.0900,+0.0,+0.0000,NONE,RUNNING
"=""2026-08-09 03:17:06""",65095,20830,20830,0,100000,-0.0020,0.0900,+0.0,+0.0000,NONE,RUNNING
"=""2026-08-09 03:18:06""",65090,102785,102785,0,100000,+0.0003,0.0900,+0.0,+0.0000,NONE,RUNNING
"=""2026-08-09 03:19:06""",65090,343188,331008,12180,100000,+0.0005,0.0900,+0.0,+0.0000,NONE,RUNNING
"=""2026-08-09 03:20:06""",65072,44382,44382,0,100000,+0.0087,0.0900,+0.0,+0.0000,NONE,RUNNING
"=""2026-08-09 03:21:06""",65072,40778,10411,30366,100000,-0.0039,0.0900,+0.0,+0.0000,NONE,RUNNING
"=""2026-08-09 03:22:06""",65072,0,0,0,100000,-0.0004,0.0900,+0.0,+0.0000,NONE,RUNNING
"=""2026-08-09 03:23:06""",65070,144233,108614,35618,100000,+0.0008,0.0900,+0.0,+0.0000,NONE,RUNNING
"=""2026-08-09 03:24:06""",65055,179464,179464,0,100000,+0.0059,0.0900,+0.0,+0.0000,NONE,RUNNING
"=""2026-08-09 03:25:06""",65043,106585,106585,0,100000,-0.0016,0.0900,+0.0,+0.0000,NONE,RUNNING
"=""2026-08-09 03:26:06""",65029,197138,111425,85712,100000,-0.0428,0.0900,+0.0,+0.0000,NONE,RUNNING
"=""2026-08-09 03:27:06""",65030,168799,0,168799,100000,-0.0003,0.0900,+0.0,+0.0000,NONE,RUNNING
"=""2026-08-09 03:28:06""",65044,0,0,0,100000,-0.0005,0.0900,+0.0,+0.0000,NONE,RUNNING
"=""2026-08-09 03:29:06""",65042,194835,194835,0,100000,-0.0017,0.0900,+0.0,+0.0000,NONE,RUNNING
"=""2026-08-09 03:30:06""",65038,457370,457370,0,100000,-0.0020,0.0900,+0.0,+0.0000,NONE,RUNNING
"=""2026-08-09 03:31:06""",65038,0,0,0,100000,+0.0005,0.0900,+0.0,+0.0000,NONE,RUNNING
"=""2026-08-09 03:32:06""",65038,0,0,0,100000,+0.0108,0.0900,+0.0,+0.0000,NONE,RUNNING
"=""2026-08-09 03:33:06""",65038,20262,20262,0,100000,+0.0271,0.0900,+0.0,+0.0000,NONE,RUNNING
"=""2026-08-09 03:34:07""",65053,172500,10078,162422,100000,-0.0137,0.0900,+0.0,+0.0000,NONE,RUNNING
"=""2026-08-09 03:35:07""",65053,30579,10078,20501,100000,-0.0145,0.0900,+0.0,+0.0000,NONE,RUNNING
"=""2026-08-09 03:36:07""",65053,0,0,0,100000,+0.0001,0.0900,+0.0,+0.0000,NONE,RUNNING
"=""2026-08-09 03:37:07""",65054,0,0,0,100000,+0.0009,0.0900,+0.0,+0.0000,NONE,RUNNING
"=""2026-08-09 03:38:07""",65056,70619,0,70619,100000,+0.0009,0.0900,+0.0,+0.0000,NONE,RUNNING
"=""2026-08-09 03:39:07""",65041,332915,332915,0,100000,+0.0017,0.0900,+0.0,+0.0000,NONE,RUNNING
"=""2026-08-09 03:40:07""",65041,63902,63902,0,100000,-0.0034,0.0900,+0.0,+0.0000,NONE,RUNNING
"=""2026-08-09 03:41:07""",65045,14513,0,14513,100000,-0.0001,0.0900,+0.0,+0.0000,NONE,RUNNING
"=""2026-08-09 03:42:07""",65048,0,0,0,100000,-0.0040,0.0900,+0.0,+0.0000,NONE,RUNNING
"=""2026-08-09 03:43:07""",65048,0,0,0,100000,+0.0015,0.0900,+0.0,+0.0000,NONE,RUNNING
"=""2026-08-09 03:44:07""",65048,11823,0,11823,100000,-0.0048,0.0900,+0.0,+0.0000,NONE,RUNNING
"=""2026-08-09 03:45:07""",65048,0,0,0,100000,-0.0006,0.0900,+0.0,+0.0000,NONE,RUNNING
"=""2026-08-09 03:46:07""",65048,0,0,0,100000,-0.0002,0.0900,+0.0,+0.0000,NONE,RUNNING
"=""2026-08-09 03:47:07""",65048,110262,110262,0,100000,+0.0023,0.0900,+0.0,+0.0000,NONE,RUNNING
"=""2026-08-09 03:48:07""",65048,0,0,0,100000,-0.0012,0.0900,+0.0,+0.0000,NONE,RUNNING
"=""2026-08-09 03:49:07""",65048,0,0,0,100000,-0.0008,0.0900,+0.0,+0.0000,NONE,RUNNING
"=""2026-08-09 03:50:08""",65052,234438,0,234438,100000,-0.0021,0.0900,+0.0,+0.0000,NONE,RUNNING
"=""2026-08-09 03:51:08""",65052,0,0,0,100000,+0.0010,0.0900,+0.0,+0.0000,NONE,RUNNING
"=""2026-08-09 03:52:08""",65051,13904,13904,0,100000,-0.0021,0.0900,+0.0,+0.0000,NONE,RUNNING
"=""2026-08-09 03:53:08""",65051,0,0,0,100000,-0.0028,0.0900,+0.0,+0.0000,NONE,RUNNING
"=""2026-08-09 03:54:08""",65048,88035,88035,0,100000,-0.0029,0.0900,+0.0,+0.0000,NONE,RUNNING
"=""2026-08-09 03:55:08""",65047,13600,13600,0,100000,+0.0015,0.0900,+0.0,+0.0000,NONE,RUNNING
"=""2026-08-09 03:56:08""",65047,20479,20479,0,100000,+0.0021,0.0900,+0.0,+0.0000,NONE,RUNNING
"=""2026-08-09 03:57:08""",65047,65647,0,65647,100000,+0.0013,0.0900,+0.0,+0.0000,NONE,RUNNING
"=""2026-08-09 03:58:08""",65047,12827,12827,0,100000,+0.0001,0.0900,+0.0,+0.0000,NONE,RUNNING
"=""2026-08-09 03:59:08""",65047,0,0,0,100000,+0.0009,0.0900,+0.0,+0.0000,NONE,RUNNING
"=""2026-08-09 04:00:08""",65044,123831,89492,34339,100000,-0.0013,0.0900,+0.0,+0.0000,NONE,RUNNING
"=""2026-08-09 04:01:08""",65044,0,0,0,100000,-0.0005,0.0900,+0.0,+0.0000,NONE,RUNNING
"=""2026-08-09 04:02:08""",65044,0,0,0,100000,-0.0047,0.0900,+0.0,+0.0000,NONE,RUNNING
"=""2026-08-09 04:03:08""",65044,78144,65044,13100,100000,-0.0022,0.0900,+0.0,+0.0000,NONE,RUNNING
"=""2026-08-09 04:04:08""",65044,218587,218587,0,100000,-0.0009,0.0900,+0.0,+0.0000,NONE,RUNNING
"=""2026-08-09 04:05:08""",65038,401183,401183,0,100000,+0.0004,0.0900,+0.0,+0.0000,NONE,RUNNING
"=""2026-08-09 04:06:08""",65038,0,0,0,100000,-0.0010,0.0900,+0.0,+0.0000,NONE,RUNNING
"=""2026-08-09 04:07:09""",65038,0,0,0,100000,-0.0002,0.0900,+0.0,+0.0000,NONE,RUNNING
"=""2026-08-09 04:08:09""",65038,0,0,0,100000,-0.0034,0.0900,+0.0,+0.0000,NONE,RUNNING
"=""2026-08-09 04:09:09""",65030,181711,181711,0,100000,-0.0043,0.0900,+0.0,+0.0000,NONE,RUNNING
"=""2026-08-09 04:10:09""",65030,0,0,0,100000,+0.0016,0.0900,+0.0,+0.0000,NONE,RUNNING
"=""2026-08-09 04:11:09""",65030,78051,78051,0,100000,-0.0109,0.0900,+0.0,+0.0000,NONE,RUNNING
"=""2026-08-09 04:12:09""",65026,60945,60945,0,100000,+0.0069,0.0900,+0.0,+0.0000,NONE,RUNNING
"=""2026-08-09 04:13:09""",65021,62578,62578,0,100000,-0.0024,0.0900,+0.0,+0.0000,NONE,RUNNING
"=""2026-08-09 04:14:09""",65021,10131,10131,0,100000,+0.0011,0.0900,+0.0,+0.0000,NONE,RUNNING
"=""2026-08-09 04:15:09""",65021,45884,22542,23341,100000,-0.0024,0.0900,+0.0,+0.0000,NONE,RUNNING
"=""2026-08-09 04:16:09""",65021,25956,25956,0,100000,-0.0051,0.0900,+0.0,+0.0000,NONE,RUNNING
"=""2026-08-09 04:17:09""",65021,182119,164512,17607,100000,+0.0003,0.0900,+0.0,+0.0000,NONE,RUNNING
"=""2026-08-09 04:18:09""",65021,95506,15507,79999,100000,-0.0046,0.0900,+0.0,+0.0000,NONE,RUNNING
"=""2026-08-09 04:19:09""",65021,639739,259742,379996,100000,-0.0026,0.0900,+0.0,+0.0000,NONE,RUNNING
"=""2026-08-09 04:20:09""",65020,1157240,837245,319994,100000,-0.0002,0.0900,+0.0,+0.0000,NONE,RUNNING
"=""2026-08-09 04:21:09""",65020,47164,47164,0,100000,+0.0009,0.0900,+0.0,+0.0000,NONE,RUNNING
"=""2026-08-09 04:22:09""",65020,11805,11805,0,100000,-0.0002,0.0900,+0.0,+0.0000,NONE,RUNNING
"=""2026-08-09 04:23:09""",65020,0,0,0,50000,+0.0002,0.0600,+0.0,+0.0000,NONE,RUNNING
"=""2026-08-09 04:24:09""",65020,0,0,0,50000,-0.0014,0.0600,+0.0,+0.0000,NONE,RUNNING
"=""2026-08-09 04:25:10""",65020,0,0,0,50000,-0.0025,0.0600,+0.0,+0.0000,NONE,RUNNING
"=""2026-08-09 04:26:10""",65020,0,0,0,50000,-0.0006,0.0600,+0.0,+0.0000,NONE,RUNNING
"=""2026-08-09 04:27:10""",65019,11357,11357,0,50000,+0.0043,0.0600,+0.0,+0.0000,NONE,RUNNING
"=""2026-08-09 04:28:10""",65019,14014,14014,0,50000,+0.0018,0.0600,+0.0,+0.0000,NONE,RUNNING
"=""2026-08-09 04:29:10""",65019,0,0,0,50000,+0.0048,0.0600,+0.0,+0.0000,NONE,RUNNING
"=""2026-08-09 04:30:10""",65019,0,0,0,50000,+0.0016,0.0600,+0.0,+0.0000,NONE,RUNNING
"=""2026-08-09 04:31:10""",65017,18276,18276,0,50000,+0.0012,0.0600,+0.0,+0.0000,NONE,RUNNING
"=""2026-08-09 04:32:10""",65017,0,0,0,50000,-0.0006,0.0600,+0.0,+0.0000,NONE,RUNNING
"=""2026-08-09 04:33:10""",65017,34485,34485,0,50000,-0.0001,0.0600,+0.0,+0.0000,NONE,RUNNING
"=""2026-08-09 04:34:10""",65017,0,0,0,50000,-0.0016,0.0600,+0.0,+0.0000,NONE,RUNNING
"=""2026-08-09 04:35:10""",65027,151131,0,151131,50000,+0.0043,0.0600,+0.0,+0.0000,NONE,RUNNING
"=""2026-08-09 04:36:10""",65027,0,0,0,50000,-0.0018,0.0600,+0.0,+0.0000,NONE,RUNNING
"=""2026-08-09 04:37:10""",65027,101282,101282,0,50000,-0.0001,0.0600,+0.0,+0.0000,NONE,RUNNING
"=""2026-08-09 04:38:10""",65027,14669,14669,0,50000,-0.0003,0.0600,+0.0,+0.0000,NONE,RUNNING
"=""2026-08-09 04:39:10""",65027,0,0,0,50000,+0.0003,0.0600,+0.0,+0.0000,NONE,RUNNING
"=""2026-08-09 04:40:10""",65033,321630,0,321630,50000,+0.0025,0.0600,+0.0,+0.0000,NONE,RUNNING
"=""2026-08-09 04:41:10""",65033,0,0,0,50000,-0.0010,0.0600,+0.0,+0.0000,NONE,RUNNING
"=""2026-08-09 04:42:10""",65033,48792,48792,0,50000,-0.0007,0.0600,+0.0,+0.0000,NONE,RUNNING
"=""2026-08-09 04:43:11""",65033,426985,18536,408449,50000,-0.0017,0.0600,+0.0,+0.0000,NONE,RUNNING
"=""2026-08-09 04:44:11""",65044,629967,0,629967,50000,+0.0014,0.0600,+0.0,+0.0000,NONE,RUNNING
"=""2026-08-09 04:45:11""",65044,30960,30960,0,50000,+0.0037,0.0600,+0.0,+0.0000,NONE,RUNNING
"=""2026-08-09 04:46:11""",65044,0,0,0,50000,-0.0005,0.0600,+0.0,+0.0000,NONE,RUNNING
"=""2026-08-09 04:47:11""",65044,727541,714886,12654,50000,+0.0052,0.0600,+0.0,+0.0000,NONE,RUNNING
"=""2026-08-09 04:48:11""",65044,62117,62117,0,50000,-0.0077,0.0600,+0.0,+0.0000,NONE,RUNNING
"=""2026-08-09 04:49:11""",65044,0,0,0,50000,-0.0011,0.0600,+0.0,+0.0000,NONE,RUNNING
"=""2026-08-09 04:50:11""",65050,590980,0,590980,50000,-0.0091,0.0600,+0.0,+0.0000,NONE,RUNNING
"=""2026-08-09 04:51:11""",65052,13794,0,13794,50000,-0.0038,0.0600,+0.0,+0.0000,NONE,RUNNING
"=""2026-08-09 04:52:11""",65060,275534,0,275534,50000,+0.0081,0.0600,+0.0,+0.0000,NONE,RUNNING
"=""2026-08-09 04:53:11""",65060,0,0,0,50000,-0.0007,0.0600,+0.0,+0.0000,NONE,RUNNING
"=""2026-08-09 04:54:11""",65061,26702,0,26702,50000,-0.0062,0.0600,+0.0,+0.0000,NONE,RUNNING
"=""2026-08-09 04:55:11""",65067,0,0,0,50000,+0.0011,0.0600,+0.0,+0.0000,NONE,RUNNING
"=""2026-08-09 04:56:11""",65064,272843,260554,12288,50000,+0.0024,0.0600,+0.0,+0.0000,NONE,RUNNING
"=""2026-08-09 04:56:27""",65085,363416,260554,102861,50000,-0.0354,0.0600,+0.0,+0.0000,NONE,RUNNING
"=""2026-08-09 04:56:28""",65085,363416,260554,102861,50000,-0.0354,0.0600,+0.0,+0.0000,NONE,RUNNING
"=""2026-08-09 04:56:29""",65085,363416,260554,102861,50000,-0.0355,0.0600,+0.0,+0.0000,NONE,RUNNING
"=""2026-08-09 04:56:30""",65085,363416,260554,102861,50000,-0.0353,0.0600,+0.0,+0.0000,NONE,RUNNING
"=""2026-08-09 04:56:31""",65085,363416,260554,102861,50000,-0.0353,0.0600,+0.0,+0.0000,NONE,RUNNING
"=""2026-08-09 04:56:32""",65085,363416,260554,102861,50000,-0.0364,0.0600,+0.0,+0.0000,NONE,RUNNING
"=""2026-08-09 04:56:33""",65085,363416,260554,102861,50000,-0.0364,0.0600,+0.0,+0.0000,NONE,RUNNING
"=""2026-08-09 04:56:34""",65085,363416,260554,102861,50000,-0.0364,0.0600,+0.0,+0.0000,NONE,RUNNING
"=""2026-08-09 04:56:35""",65085,363416,260554,102861,50000,-0.0385,0.0600,+0.0,+0.0000,NONE,RUNNING
"=""2026-08-09 04:56:36""",65085,363416,260554,102861,50000,-0.0372,0.0600,+0.0,+0.0000,NONE,RUNNING
"=""2026-08-09 04:56:37""",65085,363416,260554,102861,50000,-0.0372,0.0600,+0.0,+0.0000,NONE,RUNNING
"=""2026-08-09 04:56:38""",65085,363416,260554,102861,50000,-0.0372,0.0600,+0.0,+0.0000,NONE,RUNNING
"=""2026-08-09 04:56:39""",65085,363416,260554,102861,50000,-0.0372,0.0600,+0.0,+0.0000,NONE,RUNNING
"=""2026-08-09 04:56:40""",65085,363416,260554,102861,50000,-0.0372,0.0600,+0.0,+0.0000,NONE,RUNNING
"=""2026-08-09 04:56:41""",65085,363416,260554,102861,50000,-0.0372,0.0600,+0.0,+0.0000,NONE,RUNNING
"=""2026-08-09 04:56:42""",65085,363416,260554,102861,50000,-0.0394,0.0600,+0.0,+0.0000,NONE,RUNNING
"=""2026-08-09 04:56:43""",65085,363416,260554,102861,50000,-0.0394,0.0600,+0.0,+0.0000,NONE,RUNNING
"=""2026-08-09 04:56:44""",65085,363416,260554,102861,50000,-0.0394,0.0600,+0.0,+0.0000,NONE,RUNNING
"=""2026-08-09 04:56:45""",65085,363416,260554,102861,50000,-0.0394,0.0600,+0.0,+0.0000,NONE,RUNNING
"=""2026-08-09 04:56:46""",65085,363416,260554,102861,50000,-0.0393,0.0600,+0.0,+0.0000,NONE,RUNNING
"=""2026-08-09 04:56:47""",65085,363416,260554,102861,50000,-0.0409,0.0600,+0.0,+0.0000,NONE,RUNNING
"=""2026-08-09 04:56:48""",65085,363416,260554,102861,50000,-0.0409,0.0600,+0.0,+0.0000,NONE,RUNNING
"=""2026-08-09 04:56:49""",65085,363416,260554,102861,50000,-0.0409,0.0600,+0.0,+0.0000,NONE,RUNNING
"=""2026-08-09 04:56:50""",65085,363416,260554,102861,50000,-0.0409,0.0600,+0.0,+0.0000,NONE,RUNNING
"=""2026-08-09 04:56:51""",65085,363416,260554,102861,50000,-0.0409,0.0600,+0.0,+0.0000,NONE,RUNNING
"=""2026-08-09 04:56:52""",65085,363416,260554,102861,50000,-0.0409,0.0600,+0.0,+0.0000,NONE,RUNNING
"=""2026-08-09 04:56:53""",65085,363416,260554,102861,50000,-0.0409,0.0600,+0.0,+0.0000,NONE,RUNNING
"=""2026-08-09 04:56:54""",65085,363416,260554,102861,50000,-0.0409,0.0600,+0.0,+0.0000,NONE,RUNNING
"=""2026-08-09 04:56:55""",65085,363416,260554,102861,50000,-0.0412,0.0600,+0.0,+0.0000,NONE,RUNNING
"=""2026-08-09 04:56:56""",65085,363416,260554,102861,50000,-0.0412,0.0600,+0.0,+0.0000,NONE,RUNNING
"=""2026-08-09 04:56:57""",65085,363416,260554,102861,50000,-0.0412,0.0600,+0.0,+0.0000,NONE,RUNNING
"=""2026-08-09 04:56:58""",65085,363416,260554,102861,50000,-0.0412,0.0600,+0.0,+0.0000,NONE,RUNNING
"=""2026-08-09 04:56:59""",65085,363416,260554,102861,50000,-0.0412,0.0600,+0.0,+0.0000,NONE,RUNNING
"=""2026-08-09 04:57:00""",65085,363416,260554,102861,50000,-0.0412,0.0600,+0.0,+0.0000,NONE,RUNNING
"=""2026-08-09 04:57:01""",65085,102861,0,102861,50000,-0.0405,0.0600,+0.0,+0.0000,NONE,RUNNING
"=""2026-08-09 04:57:02""",65085,102861,0,102861,50000,-0.0405,0.0600,+0.0,+0.0000,NONE,RUNNING
"=""2026-08-09 04:57:03""",65085,102861,0,102861,50000,-0.0405,0.0600,+0.0,+0.0000,NONE,RUNNING
"=""2026-08-09 04:57:04""",65085,102861,0,102861,50000,-0.0405,0.0600,+0.0,+0.0000,NONE,RUNNING
"=""2026-08-09 04:57:05""",65085,102861,0,102861,50000,-0.0347,0.0600,+0.0,+0.0000,NONE,RUNNING
"=""2026-08-09 04:57:06""",65085,102861,0,102861,50000,-0.0347,0.0600,+0.0,+0.0000,NONE,RUNNING
"=""2026-08-09 04:57:07""",65085,102861,0,102861,50000,-0.0347,0.0600,+0.0,+0.0000,NONE,RUNNING
"=""2026-08-09 04:57:08""",65085,102861,0,102861,50000,-0.0347,0.0600,+0.0,+0.0000,NONE,RUNNING
"=""2026-08-09 04:57:09""",65085,102861,0,102861,50000,-0.0347,0.0600,+0.0,+0.0000,NONE,RUNNING
"=""2026-08-09 04:57:10""",65085,102861,0,102861,50000,-0.0349,0.0600,+0.0,+0.0000,NONE,RUNNING
"=""2026-08-09 04:57:11""",65085,102861,0,102861,50000,-0.0349,0.0600,+0.0,+0.0000,NONE,RUNNING
"=""2026-08-09 04:57:12""",65085,102861,0,102861,50000,-0.0341,0.0600,+0.0,+0.0000,NONE,RUNNING
"=""2026-08-09 04:57:13""",65085,102861,0,102861,50000,-0.0353,0.0600,+0.0,+0.0000,NONE,RUNNING
"=""2026-08-09 04:57:14""",65085,102861,0,102861,50000,-0.0353,0.0600,+0.0,+0.0000,NONE,RUNNING
"=""2026-08-09 04:57:15""",65085,102861,0,102861,50000,-0.0353,0.0600,+0.0,+0.0000,NONE,RUNNING
"=""2026-08-09 04:57:16""",65085,102861,0,102861,50000,-0.0357,0.0600,+0.0,+0.0000,NONE,RUNNING
"=""2026-08-09 04:57:17""",65085,102861,0,102861,50000,-0.0357,0.0600,+0.0,+0.0000,NONE,RUNNING
"=""2026-08-09 04:57:18""",65085,102861,0,102861,50000,-0.0357,0.0600,+0.0,+0.0000,NONE,RUNNING
"=""2026-08-09 04:57:19""",65085,102861,0,102861,50000,-0.0357,0.0600,+0.0,+0.0000,NONE,RUNNING
"=""2026-08-09 04:57:20""",65085,102861,0,102861,50000,-0.0357,0.0600,+0.0,+0.0000,NONE,RUNNING
"=""2026-08-09 04:57:21""",65085,0,0,0,50000,-0.0352,0.0600,+0.0,+0.0000,NONE,RUNNING
"=""2026-08-09 04:57:22""",65085,0,0,0,50000,-0.0352,0.0600,+0.0,+0.0000,NONE,RUNNING
"=""2026-08-09 04:57:23""",65085,0,0,0,50000,-0.0352,0.0600,+0.0,+0.0000,NONE,RUNNING
"=""2026-08-09 04:57:24""",65085,0,0,0,50000,-0.0352,0.0600,+0.0,+0.0000,NONE,RUNNING
"=""2026-08-09 04:57:25""",65085,0,0,0,50000,-0.0352,0.0600,+0.0,+0.0000,NONE,RUNNING
"=""2026-08-09 04:57:26""",65085,0,0,0,50000,-0.0352,0.0600,+0.0,+0.0000,NONE,RUNNING
"=""2026-08-09 04:57:27""",65085,0,0,0,50000,+0.0003,0.0600,+0.0,+0.0000,NONE,RUNNING
"=""2026-08-09 04:57:28""",65085,0,0,0,50000,-0.0002,0.0600,+0.0,+0.0000,NONE,RUNNING
"=""2026-08-09 04:57:29""",65085,0,0,0,50000,-0.0002,0.0600,+0.0,+0.0000,NONE,RUNNING
"=""2026-08-09 04:57:30""",65085,0,0,0,50000,-0.0005,0.0600,+0.0,+0.0000,NONE,RUNNING
"=""2026-08-09 04:57:31""",65085,0,0,0,50000,-0.0006,0.0600,+0.0,+0.0000,NONE,RUNNING
"=""2026-08-09 04:57:32""",65085,0,0,0,50000,-0.0006,0.0600,+0.0,+0.0000,NONE,RUNNING
"=""2026-08-09 04:57:33""",65085,0,0,0,50000,-0.0006,0.0600,+0.0,+0.0000,NONE,RUNNING
"=""2026-08-09 04:57:34""",65085,0,0,0,50000,-0.0006,0.0600,+0.0,+0.0000,NONE,RUNNING
"=""2026-08-09 04:57:35""",65085,0,0,0,50000,-0.0019,0.0600,+0.0,+0.0000,NONE,RUNNING
"=""2026-08-09 04:57:36""",65085,0,0,0,50000,-0.0019,0.0600,+0.0,+0.0000,NONE,RUNNING
"=""2026-08-09 04:57:37""",65085,0,0,0,50000,-0.0019,0.0600,+0.0,+0.0000,NONE,RUNNING
"=""2026-08-09 04:57:38""",65085,0,0,0,50000,-0.0026,0.0600,+0.0,+0.0000,NONE,RUNNING
"=""2026-08-09 04:57:39""",65085,0,0,0,50000,-0.0026,0.0600,+0.0,+0.0000,NONE,RUNNING
"=""2026-08-09 04:57:40""",65085,0,0,0,50000,-0.0026,0.0600,+0.0,+0.0000,NONE,RUNNING
"=""2026-08-09 04:57:41""",65085,0,0,0,50000,-0.0026,0.0600,+0.0,+0.0000,NONE,RUNNING
"=""2026-08-09 04:57:42""",65085,0,0,0,50000,-0.0026,0.0600,+0.0,+0.0000,NONE,RUNNING
"=""2026-08-09 04:57:43""",65085,0,0,0,50000,-0.0025,0.0600,+0.0,+0.0000,NONE,RUNNING
"=""2026-08-09 04:57:44""",65085,0,0,0,50000,-0.0025,0.0600,+0.0,+0.0000,NONE,RUNNING
"=""2026-08-09 04:57:45""",65085,0,0,0,50000,-0.0026,0.0600,+0.0,+0.0000,NONE,RUNNING
"=""2026-08-09 04:57:46""",65085,0,0,0,50000,-0.0026,0.0600,+0.0,+0.0000,NONE,RUNNING
"=""2026-08-09 04:57:47""",65085,0,0,0,50000,-0.0026,0.0600,+0.0,+0.0000,NONE,RUNNING
"=""2026-08-09 04:57:48""",65085,0,0,0,50000,-0.0026,0.0600,+0.0,+0.0000,NONE,RUNNING
"=""2026-08-09 04:57:49""",65085,0,0,0,50000,-0.0026,0.0600,+0.0,+0.0000,NONE,RUNNING
"=""2026-08-09 04:57:50""",65085,0,0,0,50000,-0.0031,0.0600,+0.0,+0.0000,NONE,RUNNING
"=""2026-08-09 04:57:51""",65085,0,0,0,50000,-0.0031,0.0600,+0.0,+0.0000,NONE,RUNNING
"=""2026-08-09 04:57:52""",65085,0,0,0,50000,-0.0031,0.0600,+0.0,+0.0000,NONE,RUNNING
"=""2026-08-09 04:57:53""",65085,0,0,0,50000,-0.0031,0.0600,+0.0,+0.0000,NONE,RUNNING
"=""2026-08-09 04:57:54""",65085,0,0,0,50000,-0.0031,0.0600,+0.0,+0.0000,NONE,RUNNING
"=""2026-08-09 04:57:55""",65085,0,0,0,50000,-0.0053,0.0600,+0.0,+0.0000,NONE,RUNNING
"=""2026-08-09 04:57:56""",65085,0,0,0,50000,-0.0053,0.0600,+0.0,+0.0000,NONE,RUNNING
"=""2026-08-09 04:57:57""",65085,0,0,0,50000,-0.0053,0.0600,+0.0,+0.0000,NONE,RUNNING
"=""2026-08-09 04:57:58""",65085,0,0,0,50000,-0.0053,0.0600,+0.0,+0.0000,NONE,RUNNING
"=""2026-08-09 04:57:59""",65085,0,0,0,50000,-0.0053,0.0600,+0.0,+0.0000,NONE,RUNNING
"=""2026-08-09 04:58:00""",65085,0,0,0,50000,-0.0060,0.0600,+0.0,+0.0000,NONE,RUNNING
"=""2026-08-09 04:58:01""",65085,0,0,0,50000,-0.0060,0.0600,+0.0,+0.0000,NONE,RUNNING
"=""2026-08-09 04:58:02""",65085,0,0,0,50000,-0.0060,0.0600,+0.0,+0.0000,NONE,RUNNING
"=""2026-08-09 04:58:03""",65085,0,0,0,50000,-0.0060,0.0600,+0.0,+0.0000,NONE,RUNNING
"=""2026-08-09 04:58:05""",65085,0,0,0,50000,-0.0060,0.0600,+0.0,+0.0000,NONE,RUNNING
"=""2026-08-09 04:58:06""",65085,0,0,0,50000,-0.0064,0.0600,+0.0,+0.0000,NONE,RUNNING
"=""2026-08-09 04:58:07""",65085,0,0,0,50000,-0.0064,0.0600,+0.0,+0.0000,NONE,RUNNING
"=""2026-08-09 04:58:08""",65085,0,0,0,50000,-0.0065,0.0600,+0.0,+0.0000,NONE,RUNNING
"=""2026-08-09 04:58:09""",65085,0,0,0,50000,-0.0065,0.0600,+0.0,+0.0000,NONE,RUNNING
"=""2026-08-09 04:58:10""",65085,0,0,0,50000,-0.0065,0.0600,+0.0,+0.0000,NONE,RUNNING
"=""2026-08-09 04:58:11""",65085,0,0,0,50000,-0.0063,0.0600,+0.0,+0.0000,NONE,RUNNING
"=""2026-08-09 04:58:12""",65085,0,0,0,50000,-0.0063,0.0600,+0.0,+0.0000,NONE,RUNNING
"=""2026-08-09 04:58:13""",65085,0,0,0,50000,-0.0050,0.0600,+0.0,+0.0000,NONE,RUNNING
"=""2026-08-09 04:58:14""",65085,0,0,0,50000,-0.0050,0.0600,+0.0,+0.0000,NONE,RUNNING
"=""2026-08-09 04:58:15""",65085,0,0,0,50000,-0.0050,0.0600,+0.0,+0.0000,NONE,RUNNING
"=""2026-08-09 04:58:16""",65085,0,0,0,50000,-0.0050,0.0600,+0.0,+0.0000,NONE,RUNNING
"=""2026-08-09 04:58:17""",65085,0,0,0,50000,-0.0046,0.0600,+0.0,+0.0000,NONE,RUNNING
"=""2026-08-09 04:58:18""",65085,0,0,0,50000,-0.0046,0.0600,+0.0,+0.0000,NONE,RUNNING
"=""2026-08-09 04:58:19""",65085,0,0,0,50000,-0.0046,0.0600,+0.0,+0.0000,NONE,RUNNING
"=""2026-08-09 04:58:20""",65085,0,0,0,50000,-0.0046,0.0600,+0.0,+0.0000,NONE,RUNNING
"=""2026-08-09 04:59:20""",65075,116135,116135,0,50000,-0.0057,0.0400,+0.0,+0.0000,NONE,RUNNING
"=""2026-08-09 05:00:20""",65075,0,0,0,50000,-0.0029,0.0400,+0.0,+0.0000,NONE,RUNNING
"=""2026-08-09 05:01:20""",65068,0,0,0,50000,-0.0005,0.0400,+0.0,+0.0000,NONE,RUNNING
"=""2026-08-09 05:02:20""",65068,49234,49234,0,50000,-0.0035,0.0400,+0.0,+0.0000,NONE,RUNNING
"=""2026-08-09 05:03:20""",65068,0,0,0,50000,-0.0020,0.0400,+0.0,+0.0000,NONE,RUNNING
"=""2026-08-09 05:04:20""",65068,111940,0,111940,50000,-0.0004,0.0400,+0.0,+0.0000,NONE,RUNNING
"=""2026-08-09 05:05:20""",65076,173620,0,173620,50000,+0.0012,0.0400,+0.0,+0.0000,NONE,RUNNING
"=""2026-08-09 05:06:20""",65075,0,0,0,50000,-0.0014,0.0400,+0.0,+0.0000,NONE,RUNNING
"=""2026-08-09 05:07:20""",65075,0,0,0,50000,-0.0002,0.0400,+0.0,+0.0000,NONE,RUNNING
"=""2026-08-09 05:08:20""",65075,0,0,0,50000,-0.0002,0.0400,+0.0,+0.0000,NONE,RUNNING
"=""2026-08-09 05:09:20""",65075,0,0,0,50000,-0.0000,0.0400,+0.0,+0.0000,NONE,RUNNING
"=""2026-08-09 05:10:20""",65075,10412,10412,0,50000,+0.0072,0.0400,+0.0,+0.0000,NONE,RUNNING
"=""2026-08-09 05:11:20""",65075,0,0,0,50000,+0.0004,0.0400,+0.0,+0.0000,NONE,RUNNING
"=""2026-08-09 05:12:20""",65075,15612,15612,0,50000,+0.0012,0.0400,+0.0,+0.0000,NONE,RUNNING
"=""2026-08-09 05:13:21""",65075,0,0,0,50000,-0.0053,0.0400,+0.0,+0.0000,NONE,RUNNING
"=""2026-08-09 05:14:21""",65075,790893,0,790893,50000,-0.0014,0.0400,+0.0,+0.0000,NONE,RUNNING
"=""2026-08-09 05:15:21""",65076,231989,0,231989,50000,+0.0013,0.0400,+0.0,+0.0000,NONE,RUNNING
"=""2026-08-09 05:16:21""",65082,0,0,0,50000,-0.0035,0.0400,+0.0,+0.0000,NONE,RUNNING
"=""2026-08-09 05:17:21""",65082,0,0,0,50000,+0.0000,0.0400,+0.0,+0.0000,NONE,RUNNING
"=""2026-08-09 05:18:21""",65082,33953,33953,0,50000,+0.0016,0.0400,+0.0,+0.0000,NONE,RUNNING
"=""2026-08-09 05:19:21""",65071,30960,30960,0,50000,-0.0023,0.0400,+0.0,+0.0000,NONE,RUNNING
"=""2026-08-09 05:20:21""",65071,0,0,0,50000,-0.0010,0.0400,+0.0,+0.0000,NONE,RUNNING
"=""2026-08-09 05:21:21""",65071,0,0,0,50000,-0.0002,0.0400,+0.0,+0.0000,NONE,RUNNING
"=""2026-08-09 05:22:21""",65071,20822,20822,0,50000,+0.0015,0.0400,+0.0,+0.0000,NONE,RUNNING
"=""2026-08-09 05:23:21""",65060,133991,133991,0,50000,+0.0001,0.0400,+0.0,+0.0000,NONE,RUNNING
"=""2026-08-09 05:24:21""",65060,10409,10409,0,50000,-0.0007,0.0400,+0.0,+0.0000,NONE,RUNNING
"=""2026-08-09 05:25:21""",65060,0,0,0,50000,-0.0001,0.0400,+0.0,+0.0000,NONE,RUNNING
"=""2026-08-09 05:26:21""",65060,0,0,0,50000,+0.0009,0.0400,+0.0,+0.0000,NONE,RUNNING
"=""2026-08-09 05:27:21""",65060,0,0,0,50000,-0.0011,0.0400,+0.0,+0.0000,NONE,RUNNING
"=""2026-08-09 05:28:22""",65060,0,0,0,50000,-0.0019,0.0400,+0.0,+0.0000,NONE,RUNNING
"=""2026-08-09 05:29:22""",65060,0,0,0,50000,-0.0032,0.0400,+0.0,+0.0000,NONE,RUNNING
"=""2026-08-09 05:30:22""",65060,0,0,0,50000,-0.0031,0.0400,+0.0,+0.0000,NONE,RUNNING
"=""2026-08-09 05:31:22""",65060,156583,0,156583,50000,+0.0026,0.0400,+0.0,+0.0000,NONE,RUNNING
"=""2026-08-09 05:32:22""",65074,159455,35291,124164,50000,+0.0045,0.0400,+0.0,+0.0000,NONE,RUNNING
"=""2026-08-09 05:33:22""",65077,93430,0,93430,50000,+0.0004,0.0400,+0.0,+0.0000,NONE,RUNNING
"=""2026-08-09 05:34:22""",65077,0,0,0,50000,+0.0009,0.0400,+0.0,+0.0000,NONE,RUNNING
"=""2026-08-09 05:35:22""",65077,193029,193029,0,50000,+0.0060,0.0400,+0.0,+0.0000,NONE,RUNNING
"=""2026-08-09 05:36:22""",65074,38096,38096,0,50000,-0.0004,0.0400,+0.0,+0.0000,NONE,RUNNING
"=""2026-08-09 05:37:22""",65074,0,0,0,50000,-0.0000,0.0400,+0.0,+0.0000,NONE,RUNNING
"=""2026-08-09 05:38:22""",65068,114452,114452,0,50000,-0.0004,0.0400,+0.0,+0.0000,NONE,RUNNING
"=""2026-08-09 05:39:22""",65060,17464,17464,0,50000,+0.0002,0.0400,+0.0,+0.0000,NONE,RUNNING
"=""2026-08-09 05:40:22""",65060,0,0,0,50000,-0.0002,0.0400,+0.0,+0.0000,NONE,RUNNING
"=""2026-08-09 05:41:22""",65060,0,0,0,50000,+0.0006,0.0400,+0.0,+0.0000,NONE,RUNNING
"=""2026-08-09 05:42:22""",65060,10054,0,10054,50000,+0.0007,0.0400,+0.0,+0.0000,NONE,RUNNING
"=""2026-08-09 05:43:22""",65060,0,0,0,50000,-0.0002,0.0400,+0.0,+0.0000,NONE,RUNNING
"=""2026-08-09 05:44:22""",65060,0,0,0,50000,-0.0009,0.0400,+0.0,+0.0000,NONE,RUNNING
"=""2026-08-09 05:45:23""",65071,243335,166915,76419,50000,-0.0105,0.0400,+0.0,+0.0000,NONE,RUNNING
"=""2026-08-09 05:46:23""",65071,0,0,0,50000,-0.0003,0.0400,+0.0,+0.0000,NONE,RUNNING
"=""2026-08-09 05:47:23""",65080,138922,0,138922,50000,-0.0190,0.0400,+0.0,+0.0000,NONE,RUNNING
"=""2026-08-09 05:48:23""",65079,0,0,0,50000,-0.0004,0.0400,+0.0,+0.0000,NONE,RUNNING
"=""2026-08-09 05:49:23""",65061,6336472,3606242,2730229,50000,-0.0108,0.0400,+0.0,+0.0000,NONE,RUNNING
"=""2026-08-09 05:49:58""",65100,6652123,3122915,3529208,50000,-0.0314,0.0400,+0.0,+0.0000,NONE,RUNNING
"=""2026-08-09 05:49:59""",65100,6652123,3122915,3529208,50000,-0.0314,0.0400,+0.0,+0.0000,NONE,RUNNING
"=""2026-08-09 05:50:00""",65100,6652123,3122915,3529208,50000,-0.0319,0.0400,+0.0,+0.0000,NONE,RUNNING
"=""2026-08-09 05:50:01""",65100,5843068,2313860,3529208,50000,-0.0319,0.0400,+0.0,+0.0000,NONE,RUNNING
"=""2026-08-09 05:50:02""",65100,5893717,2364508,3529208,50000,-0.0221,0.0400,+0.0,+0.0000,NONE,RUNNING
"=""2026-08-09 05:50:03""",65100,5893717,2364508,3529208,50000,-0.0268,0.0400,+0.0,+0.0000,NONE,RUNNING
"=""2026-08-09 05:50:04""",65089,7443144,3913936,3529208,50000,-0.0268,0.0400,+0.0,+0.0000,NONE,RUNNING
"=""2026-08-09 05:50:05""",65088,7457066,3927857,3529208,50000,-0.0257,0.0400,+0.0,+0.0000,NONE,RUNNING
"=""2026-08-09 05:50:06""",65082,7457066,3927857,3529208,50000,-0.0294,0.0400,+0.0,+0.0000,NONE,RUNNING
"=""2026-08-09 05:50:07""",65082,7457066,3927857,3529208,50000,-0.0294,0.0400,+0.0,+0.0000,NONE,RUNNING
"=""2026-08-09 05:50:08""",65082,7457066,3927857,3529208,50000,-0.0238,0.0400,+0.0,+0.0000,NONE,RUNNING
"=""2026-08-09 05:50:09""",65082,7457066,3927857,3529208,50000,-0.0238,0.0400,+0.0,+0.0000,NONE,RUNNING
"=""2026-08-09 05:50:10""",65082,7457066,3927857,3529208,50000,-0.0238,0.0400,+0.0,+0.0000,NONE,RUNNING
"=""2026-08-09 05:50:11""",65082,7457066,3927857,3529208,50000,-0.0237,0.0400,+0.0,+0.0000,NONE,RUNNING
"=""2026-08-09 05:50:12""",65082,7457066,3927857,3529208,50000,-0.0250,0.0400,+0.0,+0.0000,NONE,RUNNING
"=""2026-08-09 05:50:13""",65082,7457066,3927857,3529208,50000,-0.0250,0.0400,+0.0,+0.0000,NONE,RUNNING
"=""2026-08-09 05:50:14""",65082,7457066,3927857,3529208,50000,-0.0250,0.0400,+0.0,+0.0000,NONE,RUNNING
"=""2026-08-09 05:50:15""",65082,7457066,3927857,3529208,50000,-0.0250,0.0400,+0.0,+0.0000,NONE,RUNNING
"=""2026-08-09 05:50:16""",65082,7457066,3927857,3529208,50000,-0.0250,0.0400,+0.0,+0.0000,NONE,RUNNING
"=""2026-08-09 05:50:17""",65082,7457066,3927857,3529208,50000,-0.0250,0.0400,+0.0,+0.0000,NONE,RUNNING
"=""2026-08-09 05:50:18""",65082,7431033,3901825,3529208,50000,-0.0250,0.0400,+0.0,+0.0000,NONE,RUNNING
"=""2026-08-09 05:50:19""",65082,7431033,3901825,3529208,50000,-0.0250,0.0400,+0.0,+0.0000,NONE,RUNNING
"=""2026-08-09 05:50:20""",65082,7431033,3901825,3529208,50000,-0.0123,0.0400,+0.0,+0.0000,NONE,RUNNING
"=""2026-08-09 05:50:21""",65082,7431033,3901825,3529208,50000,-0.0130,0.0400,+0.0,+0.0000,NONE,RUNNING
"=""2026-08-09 05:50:22""",65082,7431033,3901825,3529208,50000,-0.0130,0.0400,+0.0,+0.0000,NONE,RUNNING
"=""2026-08-09 05:50:23""",65082,7431033,3901825,3529208,50000,-0.0131,0.0400,+0.0,+0.0000,NONE,RUNNING
"=""2026-08-09 05:50:24""",65082,7431033,3901825,3529208,50000,-0.0131,0.0400,+0.0,+0.0000,NONE,RUNNING
"=""2026-08-09 05:50:25""",65082,7431033,3901825,3529208,50000,-0.0131,0.0400,+0.0,+0.0000,NONE,RUNNING
"=""2026-08-09 05:50:26""",65082,7431033,3901825,3529208,50000,-0.0131,0.0400,+0.0,+0.0000,NONE,RUNNING
"=""2026-08-09 05:50:27""",65082,7431033,3901825,3529208,50000,-0.0131,0.0400,+0.0,+0.0000,NONE,RUNNING
"=""2026-08-09 05:50:28""",65082,7431033,3901825,3529208,50000,-0.0131,0.0400,+0.0,+0.0000,NONE,RUNNING
"=""2026-08-09 05:50:29""",65082,7431033,3901825,3529208,50000,-0.0132,0.0400,+0.0,+0.0000,NONE,RUNNING
"=""2026-08-09 05:50:30""",65082,7431033,3901825,3529208,50000,-0.0132,0.0400,+0.0,+0.0000,NONE,RUNNING
"=""2026-08-09 05:50:31""",65082,7431033,3901825,3529208,50000,-0.0132,0.0400,+0.0,+0.0000,NONE,RUNNING
"=""2026-08-09 05:50:32""",65082,7431033,3901825,3529208,50000,-0.0135,0.0400,+0.0,+0.0000,NONE,RUNNING
"=""2026-08-09 05:50:33""",65082,7431033,3901825,3529208,50000,-0.0135,0.0400,+0.0,+0.0000,NONE,RUNNING
"=""2026-08-09 05:50:34""",65082,7431033,3901825,3529208,50000,-0.0135,0.0400,+0.0,+0.0000,NONE,RUNNING
"=""2026-08-09 05:50:35""",65082,7431033,3901825,3529208,50000,-0.0135,0.0400,+0.0,+0.0000,NONE,RUNNING
"=""2026-08-09 05:50:36""",65082,7431033,3901825,3529208,50000,-0.0136,0.0400,+0.0,+0.0000,NONE,RUNNING
"=""2026-08-09 05:50:37""",65082,3821322,3427547,393774,50000,-0.0136,0.0400,+0.0,+0.0000,NONE,RUNNING
"=""2026-08-09 05:50:38""",65082,3416958,3416958,0,50000,-0.0136,0.0400,+0.0,+0.0000,NONE,RUNNING
"=""2026-08-09 05:50:39""",65082,3416958,3416958,0,50000,-0.0136,0.0400,+0.0,+0.0000,NONE,RUNNING
"=""2026-08-09 05:50:40""",65082,3453792,3394176,59615,50000,-0.0136,0.0400,+0.0,+0.0000,NONE,RUNNING
"=""2026-08-09 05:50:41""",65082,3453792,3394176,59615,50000,-0.0091,0.0400,+0.0,+0.0000,NONE,RUNNING
"=""2026-08-09 05:50:42""",65082,3453792,3394176,59615,50000,-0.0096,0.0400,+0.0,+0.0000,NONE,RUNNING
"=""2026-08-09 05:50:43""",65082,3453792,3394176,59615,50000,-0.0096,0.0400,+0.0,+0.0000,NONE,RUNNING
"=""2026-08-09 05:50:44""",65082,3453792,3394176,59615,50000,-0.0098,0.0400,+0.0,+0.0000,NONE,RUNNING
"=""2026-08-09 05:50:45""",65082,3453792,3394176,59615,50000,-0.0098,0.0400,+0.0,+0.0000,NONE,RUNNING
"=""2026-08-09 05:50:46""",65082,3453792,3394176,59615,50000,-0.0098,0.0400,+0.0,+0.0000,NONE,RUNNING
"=""2026-08-09 05:50:47""",65082,3453792,3394176,59615,50000,-0.0119,0.0400,+0.0,+0.0000,NONE,RUNNING
"=""2026-08-09 05:50:48""",65082,3453792,3394176,59615,50000,-0.0125,0.0400,+0.0,+0.0000,NONE,RUNNING
"=""2026-08-09 05:50:49""",65082,3453792,3394176,59615,50000,-0.0125,0.0400,+0.0,+0.0000,NONE,RUNNING
"=""2026-08-09 05:50:50""",65082,3453792,3394176,59615,50000,-0.0125,0.0400,+0.0,+0.0000,NONE,RUNNING
"=""2026-08-09 05:50:51""",65082,3453792,3394176,59615,50000,-0.0123,0.0400,+0.0,+0.0000,NONE,RUNNING
"=""2026-08-09 05:50:52""",65082,3453792,3394176,59615,50000,-0.0123,0.0400,+0.0,+0.0000,NONE,RUNNING
"=""2026-08-09 05:50:53""",65082,3453792,3394176,59615,50000,-0.0123,0.0400,+0.0,+0.0000,NONE,RUNNING
"=""2026-08-09 05:50:54""",65082,3388200,3328585,59615,50000,-0.0121,0.0400,+0.0,+0.0000,NONE,RUNNING
"=""2026-08-09 05:50:55""",65082,3388200,3328585,59615,50000,-0.0121,0.0400,+0.0,+0.0000,NONE,RUNNING
"=""2026-08-09 05:50:56""",65082,3388200,3328585,59615,50000,-0.0121,0.0400,+0.0,+0.0000,NONE,RUNNING
"=""2026-08-09 05:50:57""",65082,3388200,3328585,59615,50000,-0.0121,0.0400,+0.0,+0.0000,NONE,RUNNING
"=""2026-08-09 05:50:58""",65082,1871385,1811770,59615,50000,-0.0122,0.0400,+0.0,+0.0000,NONE,RUNNING
"=""2026-08-09 05:50:59""",65082,1871385,1811770,59615,50000,-0.0117,0.0400,+0.0,+0.0000,NONE,RUNNING
"=""2026-08-09 05:51:00""",65082,1688714,1629099,59615,50000,-0.0117,0.0400,+0.0,+0.0000,NONE,RUNNING
"=""2026-08-09 05:51:01""",65082,1673613,1613997,59615,50000,-0.0114,0.0400,+0.0,+0.0000,NONE,RUNNING
"=""2026-08-09 05:51:02""",65082,1622964,1563349,59615,50000,-0.0068,0.0400,+0.0,+0.0000,NONE,RUNNING
"=""2026-08-09 05:51:03""",65082,73536,13921,59615,50000,-0.0068,0.0400,+0.0,+0.0000,NONE,RUNNING
"=""2026-08-09 05:51:04""",65082,73536,13921,59615,50000,-0.0067,0.0400,+0.0,+0.0000,NONE,RUNNING
"=""2026-08-09 05:51:05""",65082,59615,0,59615,50000,-0.0031,0.0400,+0.0,+0.0000,NONE,RUNNING
"=""2026-08-09 05:51:06""",65082,59615,0,59615,50000,-0.0035,0.0400,+0.0,+0.0000,NONE,RUNNING
"=""2026-08-09 05:51:07""",65082,59615,0,59615,50000,-0.0035,0.0400,+0.0,+0.0000,NONE,RUNNING
"=""2026-08-09 05:51:08""",65082,59615,0,59615,50000,-0.0035,0.0400,+0.0,+0.0000,NONE,RUNNING
"=""2026-08-09 05:51:09""",65082,59615,0,59615,50000,-0.0035,0.0400,+0.0,+0.0000,NONE,RUNNING
"=""2026-08-09 05:51:10""",65082,59615,0,59615,50000,-0.0035,0.0400,+0.0,+0.0000,NONE,RUNNING
"=""2026-08-09 05:51:11""",65082,59615,0,59615,50000,-0.0022,0.0400,+0.0,+0.0000,NONE,RUNNING
"=""2026-08-09 05:51:12""",65082,59615,0,59615,50000,-0.0022,0.0400,+0.0,+0.0000,NONE,RUNNING
"=""2026-08-09 05:51:13""",65082,59615,0,59615,50000,-0.0022,0.0400,+0.0,+0.0000,NONE,RUNNING
"=""2026-08-09 05:51:14""",65082,59615,0,59615,50000,-0.0021,0.0400,+0.0,+0.0000,NONE,RUNNING
"=""2026-08-09 05:51:15""",65082,59615,0,59615,50000,-0.0021,0.0400,+0.0,+0.0000,NONE,RUNNING
"=""2026-08-09 05:51:16""",65082,59615,0,59615,50000,-0.0022,0.0400,+0.0,+0.0000,NONE,RUNNING
"=""2026-08-09 05:51:17""",65082,59615,0,59615,50000,-0.0023,0.0400,+0.0,+0.0000,NONE,RUNNING
"=""2026-08-09 05:51:18""",65082,59615,0,59615,50000,-0.0023,0.0400,+0.0,+0.0000,NONE,RUNNING
"=""2026-08-09 05:52:19""",65082,25898,0,25898,50000,-0.0009,0.0400,+0.0,+0.0000,NONE,RUNNING
"=""2026-08-09 05:53:19""",65082,0,0,0,50000,+0.0003,0.0400,+0.0,+0.0000,NONE,RUNNING
"=""2026-08-09 05:54:19""",65082,0,0,0,50000,+0.0010,0.0400,+0.0,+0.0000,NONE,RUNNING
"=""2026-08-09 05:55:19""",65082,65053,65053,0,50000,-0.0008,0.0400,+0.0,+0.0000,NONE,RUNNING
"=""2026-08-09 05:56:19""",65082,78753,59228,19524,50000,+0.0071,0.0400,+0.0,+0.0000,NONE,RUNNING
"=""2026-08-09 05:56:20""",65082,59228,59228,0,50000,+0.0207,0.0400,+0.0,+0.0000,NONE,RUNNING
"=""2026-08-09 05:56:21""",65082,59228,59228,0,50000,+0.0207,0.0400,+0.0,+0.0000,NONE,RUNNING
"=""2026-08-09 05:56:22""",65082,59228,59228,0,50000,+0.0207,0.0400,+0.0,+0.0000,NONE,RUNNING
"=""2026-08-09 05:56:23""",65082,59228,59228,0,50000,+0.0207,0.0400,+0.0,+0.0000,NONE,RUNNING
"=""2026-08-09 05:56:24""",65082,59228,59228,0,50000,+0.0209,0.0400,+0.0,+0.0000,NONE,RUNNING
"=""2026-08-09 05:56:25""",65082,59228,59228,0,50000,+0.0209,0.0400,+0.0,+0.0000,NONE,RUNNING
"=""2026-08-09 05:56:26""",65082,59228,59228,0,50000,+0.0209,0.0400,+0.0,+0.0000,NONE,RUNNING
"=""2026-08-09 05:56:27""",65082,59228,59228,0,50000,+0.0208,0.0400,+0.0,+0.0000,NONE,RUNNING
"=""2026-08-09 05:56:28""",65082,59228,59228,0,50000,+0.0208,0.0400,+0.0,+0.0000,NONE,RUNNING
"=""2026-08-09 05:56:29""",65082,59228,59228,0,50000,+0.0208,0.0400,+0.0,+0.0000,NONE,RUNNING
"=""2026-08-09 05:56:30""",65082,59228,59228,0,50000,+0.0208,0.0400,+0.0,+0.0000,NONE,RUNNING
"=""2026-08-09 05:56:31""",65082,59228,59228,0,50000,+0.0208,0.0400,+0.0,+0.0000,NONE,RUNNING
"=""2026-08-09 05:56:32""",65082,59228,59228,0,50000,+0.0208,0.0400,+0.0,+0.0000,NONE,RUNNING
"=""2026-08-09 05:56:33""",65082,59228,59228,0,50000,+0.0207,0.0400,+0.0,+0.0000,NONE,RUNNING
"=""2026-08-09 05:56:34""",65082,59228,59228,0,50000,+0.0207,0.0400,+0.0,+0.0000,NONE,RUNNING
"=""2026-08-09 05:56:35""",65082,59228,59228,0,50000,+0.0207,0.0400,+0.0,+0.0000,NONE,RUNNING
"=""2026-08-09 05:56:36""",65082,59228,59228,0,50000,+0.0207,0.0400,+0.0,+0.0000,NONE,RUNNING
"=""2026-08-09 05:56:37""",65082,59228,59228,0,50000,+0.0207,0.0400,+0.0,+0.0000,NONE,RUNNING
"=""2026-08-09 05:56:38""",65082,59228,59228,0,50000,+0.0206,0.0400,+0.0,+0.0000,NONE,RUNNING
"=""2026-08-09 05:56:39""",65082,59228,59228,0,50000,+0.0206,0.0400,+0.0,+0.0000,NONE,RUNNING
"=""2026-08-09 05:56:40""",65082,59228,59228,0,50000,+0.0206,0.0400,+0.0,+0.0000,NONE,RUNNING
"=""2026-08-09 05:56:41""",65082,59228,59228,0,50000,+0.0205,0.0400,+0.0,+0.0000,NONE,RUNNING
"=""2026-08-09 05:56:42""",65082,59228,59228,0,50000,+0.0205,0.0400,+0.0,+0.0000,NONE,RUNNING
"=""2026-08-09 05:56:43""",65082,59228,59228,0,50000,+0.0205,0.0400,+0.0,+0.0000,NONE,RUNNING
"=""2026-08-09 05:56:44""",65082,59228,59228,0,50000,+0.0205,0.0400,+0.0,+0.0000,NONE,RUNNING
"=""2026-08-09 05:56:45""",65082,59228,59228,0,50000,+0.0205,0.0400,+0.0,+0.0000,NONE,RUNNING
"=""2026-08-09 05:56:46""",65082,59228,59228,0,50000,+0.0205,0.0400,+0.0,+0.0000,NONE,RUNNING
"=""2026-08-09 05:56:47""",65082,59228,59228,0,50000,+0.0205,0.0400,+0.0,+0.0000,NONE,RUNNING
"=""2026-08-09 05:56:48""",65082,59228,59228,0,50000,+0.0205,0.0400,+0.0,+0.0000,NONE,RUNNING
"=""2026-08-09 05:56:49""",65082,59228,59228,0,50000,+0.0205,0.0400,+0.0,+0.0000,NONE,RUNNING
"=""2026-08-09 05:56:50""",65082,59228,59228,0,50000,+0.0205,0.0400,+0.0,+0.0000,NONE,RUNNING
"=""2026-08-09 05:56:51""",65082,59228,59228,0,50000,+0.0205,0.0400,+0.0,+0.0000,NONE,RUNNING
"=""2026-08-09 05:56:52""",65082,39791,39791,0,50000,+0.0205,0.0400,+0.0,+0.0000,NONE,RUNNING
"=""2026-08-09 05:56:53""",65082,39791,39791,0,50000,+0.0205,0.0400,+0.0,+0.0000,NONE,RUNNING
"=""2026-08-09 05:56:54""",65082,39791,39791,0,50000,+0.0203,0.0400,+0.0,+0.0000,NONE,RUNNING
"=""2026-08-09 05:56:55""",65082,39791,39791,0,50000,+0.0130,0.0400,+0.0,+0.0000,NONE,RUNNING
"=""2026-08-09 05:56:56""",65082,39791,39791,0,50000,+0.0130,0.0400,+0.0,+0.0000,NONE,RUNNING
"=""2026-08-09 05:56:57""",65082,39791,39791,0,50000,+0.0129,0.0400,+0.0,+0.0000,NONE,RUNNING
"=""2026-08-09 05:56:58""",65082,39791,39791,0,50000,+0.0130,0.0400,+0.0,+0.0000,NONE,RUNNING
"=""2026-08-09 05:56:59""",65082,39791,39791,0,50000,+0.0130,0.0400,+0.0,+0.0000,NONE,RUNNING
"=""2026-08-09 05:57:00""",65082,39791,39791,0,50000,+0.0130,0.0400,+0.0,+0.0000,NONE,RUNNING
"=""2026-08-09 05:57:01""",65082,39791,39791,0,50000,+0.0130,0.0400,+0.0,+0.0000,NONE,RUNNING
"=""2026-08-09 05:57:02""",65082,39791,39791,0,50000,+0.0131,0.0400,+0.0,+0.0000,NONE,RUNNING
"=""2026-08-09 05:57:03""",65082,39791,39791,0,50000,+0.0130,0.0400,+0.0,+0.0000,NONE,RUNNING
"=""2026-08-09 05:57:04""",65082,39791,39791,0,50000,+0.0130,0.0400,+0.0,+0.0000,NONE,RUNNING
"=""2026-08-09 05:57:05""",65082,39791,39791,0,50000,+0.0130,0.0400,+0.0,+0.0000,NONE,RUNNING
"=""2026-08-09 05:57:06""",65082,39791,39791,0,50000,+0.0130,0.0400,+0.0,+0.0000,NONE,RUNNING
"=""2026-08-09 05:57:07""",65082,39791,39791,0,50000,+0.0130,0.0400,+0.0,+0.0000,NONE,RUNNING
"=""2026-08-09 05:57:08""",65082,39791,39791,0,50000,+0.0130,0.0400,+0.0,+0.0000,NONE,RUNNING
"=""2026-08-09 05:57:09""",65082,39791,39791,0,50000,+0.0130,0.0400,+0.0,+0.0000,NONE,RUNNING
"=""2026-08-09 05:57:10""",65082,39791,39791,0,50000,+0.0130,0.0400,+0.0,+0.0000,NONE,RUNNING
"=""2026-08-09 05:57:11""",65082,39791,39791,0,50000,+0.0130,0.0400,+0.0,+0.0000,NONE,RUNNING
"=""2026-08-09 05:57:12""",65082,39791,39791,0,50000,+0.0130,0.0400,+0.0,+0.0000,NONE,RUNNING
"=""2026-08-09 05:57:13""",65082,39791,39791,0,50000,+0.0130,0.0400,+0.0,+0.0000,NONE,RUNNING
"=""2026-08-09 05:57:14""",65082,39791,39791,0,50000,+0.0131,0.0400,+0.0,+0.0000,NONE,RUNNING
"=""2026-08-09 05:57:15""",65082,29378,29378,0,50000,+0.0130,0.0400,+0.0,+0.0000,NONE,RUNNING
"=""2026-08-09 05:57:16""",65082,10523,10523,0,50000,+0.0130,0.0400,+0.0,+0.0000,NONE,RUNNING
"=""2026-08-09 05:57:17""",65082,0,0,0,50000,+0.0130,0.0400,+0.0,+0.0000,NONE,RUNNING
"=""2026-08-09 05:57:18""",65082,0,0,0,50000,+0.0130,0.0400,+0.0,+0.0000,NONE,RUNNING
"=""2026-08-09 05:57:19""",65082,0,0,0,50000,-0.0007,0.0400,+0.0,+0.0000,NONE,RUNNING
"=""2026-08-09 05:57:20""",65082,0,0,0,50000,-0.0007,0.0400,+0.0,+0.0000,NONE,RUNNING
"=""2026-08-09 05:57:21""",65082,0,0,0,50000,-0.0007,0.0400,+0.0,+0.0000,NONE,RUNNING
"=""2026-08-09 05:57:22""",65082,0,0,0,50000,-0.0007,0.0400,+0.0,+0.0000,NONE,RUNNING
"=""2026-08-09 05:57:23""",65082,0,0,0,50000,-0.0007,0.0400,+0.0,+0.0000,NONE,RUNNING
"=""2026-08-09 05:57:24""",65082,0,0,0,50000,-0.0007,0.0400,+0.0,+0.0000,NONE,RUNNING
"=""2026-08-09 05:57:25""",65082,0,0,0,50000,-0.0007,0.0400,+0.0,+0.0000,NONE,RUNNING
"=""2026-08-09 05:57:26""",65082,0,0,0,50000,-0.0007,0.0400,+0.0,+0.0000,NONE,RUNNING
"=""2026-08-09 05:57:27""",65082,0,0,0,50000,-0.0007,0.0400,+0.0,+0.0000,NONE,RUNNING
"=""2026-08-09 05:57:28""",65082,0,0,0,50000,-0.0007,0.0400,+0.0,+0.0000,NONE,RUNNING
"=""2026-08-09 05:57:29""",65082,0,0,0,50000,-0.0007,0.0400,+0.0,+0.0000,NONE,RUNNING
"=""2026-08-09 05:57:30""",65082,0,0,0,50000,-0.0007,0.0400,+0.0,+0.0000,NONE,RUNNING
"=""2026-08-09 05:57:31""",65082,0,0,0,50000,-0.0007,0.0400,+0.0,+0.0000,NONE,RUNNING
"=""2026-08-09 05:57:32""",65082,0,0,0,50000,-0.0007,0.0400,+0.0,+0.0000,NONE,RUNNING
"=""2026-08-09 05:57:33""",65082,0,0,0,50000,-0.0007,0.0400,+0.0,+0.0000,NONE,RUNNING
"=""2026-08-09 05:57:34""",65082,0,0,0,50000,-0.0007,0.0400,+0.0,+0.0000,NONE,RUNNING
"=""2026-08-09 05:57:35""",65082,0,0,0,50000,-0.0007,0.0400,+0.0,+0.0000,NONE,RUNNING
"=""2026-08-09 05:57:36""",65082,0,0,0,50000,-0.0007,0.0400,+0.0,+0.0000,NONE,RUNNING
"=""2026-08-09 05:57:37""",65082,0,0,0,50000,-0.0007,0.0400,+0.0,+0.0000,NONE,RUNNING
"=""2026-08-09 05:57:39""",65082,0,0,0,50000,-0.0007,0.0400,+0.0,+0.0000,NONE,RUNNING
"=""2026-08-09 05:57:40""",65082,0,0,0,50000,-0.0007,0.0400,+0.0,+0.0000,NONE,RUNNING
"=""2026-08-09 05:57:41""",65082,0,0,0,50000,-0.0007,0.0400,+0.0,+0.0000,NONE,RUNNING
"=""2026-08-09 05:57:42""",65082,0,0,0,50000,-0.0007,0.0400,+0.0,+0.0000,NONE,RUNNING
"=""2026-08-09 05:57:43""",65082,0,0,0,50000,-0.0007,0.0400,+0.0,+0.0000,NONE,RUNNING
"=""2026-08-09 05:57:44""",65082,0,0,0,50000,-0.0007,0.0400,+0.0,+0.0000,NONE,RUNNING
"=""2026-08-09 05:57:45""",65082,12557,12557,0,50000,-0.0007,0.0400,+0.0,+0.0000,NONE,RUNNING
"=""2026-08-09 05:57:46""",65082,12557,12557,0,50000,-0.0007,0.0400,+0.0,+0.0000,NONE,RUNNING
"=""2026-08-09 05:57:47""",65082,12557,12557,0,50000,-0.0007,0.0400,+0.0,+0.0000,NONE,RUNNING
"=""2026-08-09 05:57:48""",65082,12557,12557,0,50000,-0.0007,0.0400,+0.0,+0.0000,NONE,RUNNING
"=""2026-08-09 05:57:49""",65082,12557,12557,0,50000,-0.0007,0.0400,+0.0,+0.0000,NONE,RUNNING
"=""2026-08-09 05:57:50""",65082,12557,12557,0,50000,-0.0007,0.0400,+0.0,+0.0000,NONE,RUNNING
"=""2026-08-09 05:57:51""",65082,12557,12557,0,50000,-0.0007,0.0400,+0.0,+0.0000,NONE,RUNNING
"=""2026-08-09 05:57:52""",65082,12557,12557,0,50000,-0.0007,0.0400,+0.0,+0.0000,NONE,RUNNING
"=""2026-08-09 05:57:53""",65082,12557,12557,0,50000,-0.0007,0.0400,+0.0,+0.0000,NONE,RUNNING
"=""2026-08-09 05:57:54""",65082,12557,12557,0,50000,-0.0005,0.0400,+0.0,+0.0000,NONE,RUNNING
"=""2026-08-09 05:57:55""",65082,12557,12557,0,50000,-0.0005,0.0400,+0.0,+0.0000,NONE,RUNNING
"=""2026-08-09 05:58:55""",65082,10026,10026,0,50000,-0.0006,0.0400,+0.0,+0.0000,NONE,RUNNING
"=""2026-08-09 05:59:55""",65082,26359,26359,0,50000,-0.0008,0.0400,+0.0,+0.0000,NONE,RUNNING
"=""2026-08-09 06:00:55""",65082,23425,0,23425,50000,+0.0001,0.0400,+0.0,+0.0000,NONE,RUNNING
"=""2026-08-09 06:01:55""",65082,0,0,0,50000,+0.0001,0.0400,+0.0,+0.0000,NONE,RUNNING
"=""2026-08-09 06:02:55""",65082,56540,56540,0,50000,-0.0015,0.0400,+0.0,+0.0000,NONE,RUNNING
"=""2026-08-09 06:03:55""",65080,49379,49379,0,50000,-0.0008,0.0400,+0.0,+0.0000,NONE,RUNNING
"=""2026-08-09 06:04:55""",65079,16828,0,16828,50000,-0.0013,0.0400,+0.0,+0.0000,NONE,RUNNING
"=""2026-08-09 06:05:55""",65079,0,0,0,50000,+0.0008,0.0400,+0.0,+0.0000,NONE,RUNNING
"=""2026-08-09 06:06:55""",65079,0,0,0,50000,-0.0007,0.0400,+0.0,+0.0000,NONE,RUNNING
"=""2026-08-09 06:07:55""",65079,30857,30857,0,50000,-0.0003,0.0400,+0.0,+0.0000,NONE,RUNNING
"=""2026-08-09 06:08:55""",65068,111889,111889,0,50000,+0.0038,0.0400,+0.0,+0.0000,NONE,RUNNING
"=""2026-08-09 06:09:55""",65068,0,0,0,50000,-0.0012,0.0400,+0.0,+0.0000,NONE,RUNNING
"=""2026-08-09 06:10:55""",65068,0,0,0,50000,-0.0006,0.0400,+0.0,+0.0000,NONE,RUNNING
"=""2026-08-09 06:11:55""",65068,0,0,0,50000,+0.0013,0.0400,+0.0,+0.0000,NONE,RUNNING
"=""2026-08-09 06:12:55""",65068,12508,12508,0,50000,+0.0012,0.0400,+0.0,+0.0000,NONE,RUNNING
"=""2026-08-09 06:13:55""",65052,616570,149494,467075,50000,-0.0184,0.0400,+0.0,+0.0000,NONE,RUNNING
"=""2026-08-09 06:14:55""",65046,65410,65410,0,50000,+0.0056,0.0400,+0.0,+0.0000,NONE,RUNNING
"=""2026-08-09 06:15:55""",65045,110055,110055,0,50000,+0.0002,0.0400,+0.0,+0.0000,NONE,RUNNING
"=""2026-08-09 06:16:55""",65042,90062,90062,0,50000,+0.0005,0.0400,+0.0,+0.0000,NONE,RUNNING
"=""2026-08-09 06:17:56""",65035,475512,125248,350263,50000,-0.0019,0.0400,+0.0,+0.0000,NONE,RUNNING
"=""2026-08-09 06:18:56""",65042,77575,0,77575,50000,-0.0053,0.0400,+0.0,+0.0000,NONE,RUNNING
"=""2026-08-09 06:19:56""",65043,0,0,0,50000,-0.0022,0.0400,+0.0,+0.0000,NONE,RUNNING
"=""2026-08-09 06:20:56""",65043,360191,360191,0,50000,-0.0007,0.0400,+0.0,+0.0000,NONE,RUNNING
"=""2026-08-09 06:21:56""",65043,0,0,0,50000,+0.0006,0.0400,+0.0,+0.0000,NONE,RUNNING
"=""2026-08-09 06:22:56""",65043,19438,0,19438,50000,-0.0005,0.0400,+0.0,+0.0000,NONE,RUNNING
"=""2026-08-09 06:23:56""",65043,0,0,0,50000,-0.0006,0.0400,+0.0,+0.0000,NONE,RUNNING
"=""2026-08-09 06:24:56""",65042,42287,42287,0,50000,+0.0007,0.0400,+0.0,+0.0000,NONE,RUNNING
"=""2026-08-09 06:25:56""",65043,355978,253646,102332,50000,+0.0054,0.0400,+0.0,+0.0000,NONE,RUNNING
"=""2026-08-09 06:26:56""",65043,22988,0,22988,50000,+0.0001,0.0400,+0.0,+0.0000,NONE,RUNNING
"=""2026-08-09 06:27:56""",65043,67242,0,67242,50000,-0.0025,0.0400,+0.0,+0.0000,NONE,RUNNING
"=""2026-08-09 06:28:56""",65049,199888,156163,43724,50000,-0.0008,0.0400,+0.0,+0.0000,NONE,RUNNING
"=""2026-08-09 06:29:56""",65032,1665426,1633413,32013,50000,+0.0023,0.0400,+0.0,+0.0000,NONE,RUNNING
"=""2026-08-09 06:30:56""",65032,0,0,0,50000,+0.0006,0.0400,+0.0,+0.0000,NONE,RUNNING
"=""2026-08-09 06:31:56""",65032,0,0,0,50000,-0.0010,0.0400,+0.0,+0.0000,NONE,RUNNING
"=""2026-08-09 06:32:56""",65032,0,0,0,50000,+0.0003,0.0400,+0.0,+0.0000,NONE,RUNNING
"=""2026-08-09 06:33:56""",65032,0,0,0,50000,-0.0009,0.0400,+0.0,+0.0000,NONE,RUNNING
"=""2026-08-09 06:34:56""",65048,457473,0,457473,50000,+0.0009,0.0400,+0.0,+0.0000,NONE,RUNNING
"=""2026-08-09 06:35:57""",65048,0,0,0,50000,-0.0054,0.0400,+0.0,+0.0000,NONE,RUNNING
"=""2026-08-09 06:36:57""",65048,0,0,0,50000,-0.0001,0.0400,+0.0,+0.0000,NONE,RUNNING
"=""2026-08-09 06:37:57""",65048,0,0,0,50000,-0.0027,0.0400,+0.0,+0.0000,NONE,RUNNING
"=""2026-08-09 06:38:57""",65062,361159,190137,171022,50000,-0.0006,0.0400,+0.0,+0.0000,NONE,RUNNING
"=""2026-08-09 06:39:57""",65047,1323524,1323524,0,50000,-0.0040,0.0400,+0.0,+0.0000,NONE,RUNNING
"=""2026-08-09 06:40:57""",65039,355522,68545,286976,50000,-0.0029,0.0400,+0.0,+0.0000,NONE,RUNNING
"=""2026-08-09 06:41:57""",65034,202501,202501,0,50000,-0.0036,0.0400,+0.0,+0.0000,NONE,RUNNING
"=""2026-08-09 06:42:57""",65042,30412,0,30412,50000,+0.0005,0.0400,+0.0,+0.0000,NONE,RUNNING
"=""2026-08-09 06:43:57""",65049,129080,0,129080,50000,+0.0000,0.0400,+0.0,+0.0000,NONE,RUNNING
"=""2026-08-09 06:44:57""",65057,264642,0,264642,50000,-0.0017,0.0400,+0.0,+0.0000,NONE,RUNNING
"=""2026-08-09 06:45:57""",65043,264602,251984,12618,50000,-0.0067,0.0400,+0.0,+0.0000,NONE,RUNNING
"=""2026-08-09 06:46:57""",65038,52667,52667,0,50000,-0.0073,0.0400,+0.0,+0.0000,NONE,RUNNING
"=""2026-08-09 06:47:57""",65035,10318,10318,0,50000,+0.0041,0.0400,+0.0,+0.0000,NONE,RUNNING
"=""2026-08-09 06:48:57""",65034,0,0,0,50000,-0.0016,0.0400,+0.0,+0.0000,NONE,RUNNING
"=""2026-08-09 06:49:57""",65041,0,0,0,50000,-0.0046,0.0400,+0.0,+0.0000,NONE,RUNNING
"=""2026-08-09 06:50:57""",65041,0,0,0,50000,-0.0014,0.0400,+0.0,+0.0000,NONE,RUNNING
"=""2026-08-09 06:51:58""",65041,0,0,0,50000,+0.0008,0.0400,+0.0,+0.0000,NONE,RUNNING
"=""2026-08-09 06:52:58""",65041,0,0,0,50000,+0.0001,0.0400,+0.0,+0.0000,NONE,RUNNING
"=""2026-08-09 06:53:58""",65041,32520,32520,0,50000,-0.0005,0.0400,+0.0,+0.0000,NONE,RUNNING
"=""2026-08-09 06:54:58""",65030,20460,20460,0,50000,+0.0008,0.0400,+0.0,+0.0000,NONE,RUNNING
"=""2026-08-09 06:55:58""",65030,0,0,0,50000,+0.0005,0.0400,+0.0,+0.0000,NONE,RUNNING
"=""2026-08-09 06:56:58""",65030,13006,13006,0,50000,+0.0036,0.0400,+0.0,+0.0000,NONE,RUNNING
"=""2026-08-09 06:57:45""",65006,174035,134592,39442,50000,-0.0976,0.0400,+0.0,+0.0000,NONE,RUNNING
"=""2026-08-09 06:57:46""",65006,174035,134592,39442,50000,-0.0976,0.0400,+0.0,+0.0000,NONE,RUNNING
"=""2026-08-09 06:57:47""",65006,174035,134592,39442,50000,-0.0976,0.0400,+0.0,+0.0000,NONE,RUNNING
"=""2026-08-09 06:57:48""",65006,174035,134592,39442,50000,-0.0941,0.0400,+0.0,+0.0000,NONE,RUNNING
"=""2026-08-09 06:57:49""",65006,174035,134592,39442,50000,-0.0941,0.0400,+0.0,+0.0000,NONE,RUNNING
"=""2026-08-09 06:57:51""",65006,174035,134592,39442,50000,-0.0941,0.0400,+0.0,+0.0000,NONE,RUNNING
"=""2026-08-09 06:57:52""",65006,174035,134592,39442,50000,-0.0941,0.0400,+0.0,+0.0000,NONE,RUNNING
"=""2026-08-09 06:57:53""",65006,174035,134592,39442,50000,-0.0942,0.0400,+0.0,+0.0000,NONE,RUNNING
"=""2026-08-09 06:57:54""",65006,174035,134592,39442,50000,-0.0942,0.0400,+0.0,+0.0000,NONE,RUNNING
"=""2026-08-09 06:57:55""",65006,174035,134592,39442,50000,-0.0942,0.0400,+0.0,+0.0000,NONE,RUNNING
"=""2026-08-09 06:57:56""",65006,174035,134592,39442,50000,-0.0942,0.0400,+0.0,+0.0000,NONE,RUNNING
"=""2026-08-09 06:57:57""",65006,174035,134592,39442,50000,-0.0938,0.0400,+0.0,+0.0000,NONE,RUNNING
"=""2026-08-09 06:57:58""",65006,174035,134592,39442,50000,-0.0937,0.0400,+0.0,+0.0000,NONE,RUNNING
"=""2026-08-09 06:57:59""",65006,174035,134592,39442,50000,-0.0937,0.0400,+0.0,+0.0000,NONE,RUNNING
"=""2026-08-09 06:58:00""",65006,174035,134592,39442,50000,-0.0937,0.0400,+0.0,+0.0000,NONE,RUNNING
"=""2026-08-09 06:58:01""",65006,174035,134592,39442,50000,-0.0937,0.0400,+0.0,+0.0000,NONE,RUNNING
"=""2026-08-09 06:58:02""",65011,196688,134592,62095,50000,-0.0937,0.0400,+0.0,+0.0000,NONE,RUNNING
"=""2026-08-09 06:58:03""",65011,196688,134592,62095,50000,-0.0936,0.0400,+0.0,+0.0000,NONE,RUNNING
"=""2026-08-09 06:58:04""",65011,196688,134592,62095,50000,-0.0931,0.0400,+0.0,+0.0000,NONE,RUNNING
"=""2026-08-09 06:58:05""",65011,196688,134592,62095,50000,-0.0931,0.0400,+0.0,+0.0000,NONE,RUNNING
"=""2026-08-09 06:58:06""",65011,196688,134592,62095,50000,-0.0931,0.0400,+0.0,+0.0000,NONE,RUNNING
"=""2026-08-09 06:58:07""",65011,196688,134592,62095,50000,-0.0931,0.0400,+0.0,+0.0000,NONE,RUNNING
"=""2026-08-09 06:58:08""",65011,196688,134592,62095,50000,-0.0931,0.0400,+0.0,+0.0000,NONE,RUNNING
"=""2026-08-09 06:58:09""",65011,196688,134592,62095,50000,-0.0931,0.0400,+0.0,+0.0000,NONE,RUNNING
"=""2026-08-09 06:58:10""",65011,196688,134592,62095,50000,-0.0931,0.0400,+0.0,+0.0000,NONE,RUNNING
"=""2026-08-09 06:58:11""",65011,210782,148687,62095,50000,-0.0931,0.0400,+0.0,+0.0000,NONE,RUNNING
"=""2026-08-09 06:58:12""",65011,224582,162487,62095,50000,-0.0932,0.0400,+0.0,+0.0000,NONE,RUNNING
"=""2026-08-09 06:58:13""",65011,224582,162487,62095,50000,-0.0932,0.0400,+0.0,+0.0000,NONE,RUNNING
"=""2026-08-09 06:58:14""",65011,256803,194708,62095,50000,-0.0920,0.0400,+0.0,+0.0000,NONE,RUNNING
"=""2026-08-09 06:58:15""",65011,256803,194708,62095,50000,-0.0920,0.0400,+0.0,+0.0000,NONE,RUNNING
"=""2026-08-09 06:58:16""",65011,256803,194708,62095,50000,-0.0930,0.0400,+0.0,+0.0000,NONE,RUNNING
"=""2026-08-09 06:58:17""",65011,256803,194708,62095,50000,-0.0930,0.0400,+0.0,+0.0000,NONE,RUNNING
"=""2026-08-09 06:58:18""",65011,256803,194708,62095,50000,-0.0930,0.0400,+0.0,+0.0000,NONE,RUNNING
"=""2026-08-09 06:58:19""",65011,256803,194708,62095,50000,-0.0930,0.0400,+0.0,+0.0000,NONE,RUNNING
"=""2026-08-09 06:58:20""",65011,256803,194708,62095,50000,-0.0930,0.0400,+0.0,+0.0000,NONE,RUNNING
"=""2026-08-09 06:58:21""",65011,256803,194708,62095,50000,-0.0930,0.0400,+0.0,+0.0000,NONE,RUNNING
"=""2026-08-09 06:58:22""",65011,256803,194708,62095,50000,-0.0930,0.0400,+0.0,+0.0000,NONE,RUNNING
"=""2026-08-09 06:58:23""",65011,256803,194708,62095,50000,-0.0930,0.0400,+0.0,+0.0000,NONE,RUNNING
"=""2026-08-09 06:58:24""",65011,256803,194708,62095,50000,-0.0930,0.0400,+0.0,+0.0000,NONE,RUNNING
"=""2026-08-09 06:58:25""",65011,256803,194708,62095,50000,-0.0930,0.0400,+0.0,+0.0000,NONE,RUNNING
"=""2026-08-09 06:58:26""",65011,256803,194708,62095,50000,-0.0930,0.0400,+0.0,+0.0000,NONE,RUNNING
"=""2026-08-09 06:58:27""",65011,256803,194708,62095,50000,-0.0930,0.0400,+0.0,+0.0000,NONE,RUNNING
"=""2026-08-09 06:58:28""",65011,256803,194708,62095,50000,-0.0929,0.0400,+0.0,+0.0000,NONE,RUNNING
"=""2026-08-09 06:58:29""",65011,256803,194708,62095,50000,-0.0929,0.0400,+0.0,+0.0000,NONE,RUNNING
"=""2026-08-09 06:58:30""",65011,256803,194708,62095,50000,-0.0929,0.0400,+0.0,+0.0000,NONE,RUNNING
"=""2026-08-09 06:58:31""",65011,256803,194708,62095,50000,-0.0930,0.0400,+0.0,+0.0000,NONE,RUNNING
"=""2026-08-09 06:58:32""",65011,256803,194708,62095,50000,-0.0930,0.0400,+0.0,+0.0000,NONE,RUNNING
"=""2026-08-09 06:58:33""",65011,256803,194708,62095,50000,-0.0930,0.0400,+0.0,+0.0000,NONE,RUNNING
"=""2026-08-09 06:58:34""",65011,256803,194708,62095,50000,-0.0928,0.0400,+0.0,+0.0000,NONE,RUNNING
"=""2026-08-09 06:58:35""",65011,256803,194708,62095,50000,-0.0925,0.0400,+0.0,+0.0000,NONE,RUNNING
"=""2026-08-09 06:58:36""",65011,256803,194708,62095,50000,-0.0925,0.0400,+0.0,+0.0000,NONE,RUNNING
"=""2026-08-09 06:58:37""",65011,256803,194708,62095,50000,-0.0925,0.0400,+0.0,+0.0000,NONE,RUNNING
"=""2026-08-09 06:58:38""",65011,256803,194708,62095,50000,-0.0925,0.0400,+0.0,+0.0000,NONE,RUNNING
"=""2026-08-09 06:58:39""",65011,256803,194708,62095,50000,-0.0925,0.0400,+0.0,+0.0000,NONE,RUNNING
"=""2026-08-09 06:58:40""",65011,122210,60115,62095,50000,-0.0926,0.0400,+0.0,+0.0000,NONE,RUNNING
"=""2026-08-09 06:58:41""",65011,95742,60115,35627,50000,-0.0926,0.0400,+0.0,+0.0000,NONE,RUNNING
"=""2026-08-09 06:58:42""",65011,82768,60115,22652,50000,-0.0925,0.0400,+0.0,+0.0000,NONE,RUNNING
"=""2026-08-09 06:58:43""",65011,82768,60115,22652,50000,-0.0925,0.0400,+0.0,+0.0000,NONE,RUNNING
"=""2026-08-09 06:58:44""",65011,82768,60115,22652,50000,-0.0922,0.0400,+0.0,+0.0000,NONE,RUNNING
"=""2026-08-09 06:58:45""",65011,82768,60115,22652,50000,-0.0922,0.0400,+0.0,+0.0000,NONE,RUNNING
"=""2026-08-09 06:58:46""",65011,82768,60115,22652,50000,+0.0059,0.0400,+0.0,+0.0000,NONE,RUNNING
"=""2026-08-09 06:58:47""",65011,82768,60115,22652,50000,+0.0070,0.0400,+0.0,+0.0000,NONE,RUNNING
"=""2026-08-09 06:58:48""",65011,82768,60115,22652,50000,+0.0070,0.0400,+0.0,+0.0000,NONE,RUNNING
"=""2026-08-09 06:58:49""",65011,82768,60115,22652,50000,+0.0035,0.0400,+0.0,+0.0000,NONE,RUNNING
"=""2026-08-09 06:58:50""",65011,82768,60115,22652,50000,+0.0035,0.0400,+0.0,+0.0000,NONE,RUNNING
"=""2026-08-09 06:58:51""",65011,82768,60115,22652,50000,+0.0035,0.0400,+0.0,+0.0000,NONE,RUNNING
"=""2026-08-09 06:58:52""",65011,82768,60115,22652,50000,+0.0035,0.0400,+0.0,+0.0000,NONE,RUNNING
"=""2026-08-09 06:58:53""",65011,82768,60115,22652,50000,+0.0036,0.0400,+0.0,+0.0000,NONE,RUNNING
"=""2026-08-09 06:58:54""",65011,82768,60115,22652,50000,+0.0036,0.0400,+0.0,+0.0000,NONE,RUNNING
"=""2026-08-09 06:58:55""",65011,82768,60115,22652,50000,+0.0036,0.0400,+0.0,+0.0000,NONE,RUNNING
"=""2026-08-09 06:58:56""",65011,82768,60115,22652,50000,+0.0036,0.0400,+0.0,+0.0000,NONE,RUNNING
"=""2026-08-09 06:58:57""",65011,82768,60115,22652,50000,+0.0036,0.0400,+0.0,+0.0000,NONE,RUNNING
"=""2026-08-09 06:58:58""",65011,82768,60115,22652,50000,+0.0035,0.0400,+0.0,+0.0000,NONE,RUNNING
"=""2026-08-09 06:58:59""",65011,82768,60115,22652,50000,+0.0035,0.0400,+0.0,+0.0000,NONE,RUNNING
"=""2026-08-09 06:59:00""",65011,82768,60115,22652,50000,+0.0035,0.0400,+0.0,+0.0000,NONE,RUNNING
"=""2026-08-09 06:59:01""",65011,60115,60115,0,50000,+0.0035,0.0400,+0.0,+0.0000,NONE,RUNNING
"=""2026-08-09 06:59:02""",65011,60115,60115,0,50000,+0.0038,0.0400,+0.0,+0.0000,NONE,RUNNING
"=""2026-08-09 06:59:03""",65011,60115,60115,0,50000,+0.0038,0.0400,+0.0,+0.0000,NONE,RUNNING
"=""2026-08-09 06:59:04""",65011,60115,60115,0,50000,+0.0032,0.0400,+0.0,+0.0000,NONE,RUNNING
"=""2026-08-09 06:59:05""",65011,60115,60115,0,50000,+0.0032,0.0400,+0.0,+0.0000,NONE,RUNNING
"=""2026-08-09 06:59:06""",65011,60115,60115,0,50000,+0.0032,0.0400,+0.0,+0.0000,NONE,RUNNING
"=""2026-08-09 06:59:07""",65011,60115,60115,0,50000,+0.0033,0.0400,+0.0,+0.0000,NONE,RUNNING
"=""2026-08-09 06:59:08""",65011,60115,60115,0,50000,+0.0038,0.0400,+0.0,+0.0000,NONE,RUNNING
"=""2026-08-09 06:59:09""",65011,60115,60115,0,50000,+0.0038,0.0400,+0.0,+0.0000,NONE,RUNNING
"=""2026-08-09 06:59:10""",65011,46020,46020,0,50000,+0.0038,0.0400,+0.0,+0.0000,NONE,RUNNING
"=""2026-08-09 06:59:11""",65011,32220,32220,0,50000,+0.0038,0.0400,+0.0,+0.0000,NONE,RUNNING
"=""2026-08-09 06:59:12""",65011,32220,32220,0,50000,+0.0038,0.0400,+0.0,+0.0000,NONE,RUNNING
"=""2026-08-09 06:59:13""",65011,32220,32220,0,50000,+0.0038,0.0400,+0.0,+0.0000,NONE,RUNNING
"=""2026-08-09 06:59:14""",65011,0,0,0,50000,+0.0026,0.0400,+0.0,+0.0000,NONE,RUNNING
"=""2026-08-09 06:59:15""",65011,0,0,0,50000,+0.0026,0.0400,+0.0,+0.0000,NONE,RUNNING
"=""2026-08-09 06:59:16""",65011,0,0,0,50000,+0.0026,0.0400,+0.0,+0.0000,NONE,RUNNING
"=""2026-08-09 06:59:17""",65011,0,0,0,50000,+0.0026,0.0400,+0.0,+0.0000,NONE,RUNNING
"=""2026-08-09 06:59:18""",65011,0,0,0,50000,+0.0027,0.0400,+0.0,+0.0000,NONE,RUNNING
"=""2026-08-09 06:59:19""",65011,0,0,0,50000,+0.0027,0.0400,+0.0,+0.0000,NONE,RUNNING
"=""2026-08-09 06:59:20""",65011,0,0,0,50000,+0.0027,0.0400,+0.0,+0.0000,NONE,RUNNING
"=""2026-08-09 06:59:21""",65011,79326,0,79326,50000,+0.0027,0.0400,+0.0,+0.0000,NONE,RUNNING
"=""2026-08-09 06:59:22""",65012,79326,0,79326,50000,+0.0027,0.0400,+0.0,+0.0000,NONE,RUNNING
"=""2026-08-09 06:59:23""",65012,79326,0,79326,50000,+0.0027,0.0400,+0.0,+0.0000,NONE,RUNNING
"=""2026-08-09 06:59:24""",65012,79326,0,79326,50000,+0.0027,0.0400,+0.0,+0.0000,NONE,RUNNING
"=""2026-08-09 06:59:25""",65012,128086,48759,79326,50000,+0.0027,0.0400,+0.0,+0.0000,NONE,RUNNING
"=""2026-08-09 06:59:26""",65012,128086,48759,79326,50000,+0.0013,0.0400,+0.0,+0.0000,NONE,RUNNING
"=""2026-08-09 06:59:27""",65012,128086,48759,79326,50000,+0.0013,0.0400,+0.0,+0.0000,NONE,RUNNING
"=""2026-08-09 06:59:28""",65012,128086,48759,79326,50000,+0.0013,0.0400,+0.0,+0.0000,NONE,RUNNING
"=""2026-08-09 06:59:29""",65012,128086,48759,79326,50000,+0.0015,0.0400,+0.0,+0.0000,NONE,RUNNING
"=""2026-08-09 06:59:30""",65012,128086,48759,79326,50000,+0.0015,0.0400,+0.0,+0.0000,NONE,RUNNING
"=""2026-08-09 06:59:31""",65012,128086,48759,79326,50000,+0.0015,0.0400,+0.0,+0.0000,NONE,RUNNING
"=""2026-08-09 06:59:32""",65012,128086,48759,79326,50000,+0.0015,0.0400,+0.0,+0.0000,NONE,RUNNING
"=""2026-08-09 06:59:33""",65012,128086,48759,79326,50000,+0.0015,0.0400,+0.0,+0.0000,NONE,RUNNING
"=""2026-08-09 06:59:34""",65012,128086,48759,79326,50000,+0.0012,0.0400,+0.0,+0.0000,NONE,RUNNING
"=""2026-08-09 06:59:35""",65012,128086,48759,79326,50000,+0.0012,0.0400,+0.0,+0.0000,NONE,RUNNING
"=""2026-08-09 06:59:36""",65012,128086,48759,79326,50000,+0.0012,0.0400,+0.0,+0.0000,NONE,RUNNING
"=""2026-08-09 06:59:37""",65012,128086,48759,79326,50000,+0.0012,0.0400,+0.0,+0.0000,NONE,RUNNING
"=""2026-08-09 06:59:39""",65012,128086,48759,79326,50000,+0.0016,0.0400,+0.0,+0.0000,NONE,RUNNING
"=""2026-08-09 06:59:40""",65012,128086,48759,79326,50000,+0.0016,0.0400,+0.0,+0.0000,NONE,RUNNING
"=""2026-08-09 06:59:41""",65012,128086,48759,79326,50000,+0.0016,0.0400,+0.0,+0.0000,NONE,RUNNING
"=""2026-08-09 06:59:42""",65012,128086,48759,79326,50000,+0.0016,0.0400,+0.0,+0.0000,NONE,RUNNING
"=""2026-08-09 06:59:43""",65012,128086,48759,79326,50000,+0.0016,0.0400,+0.0,+0.0000,NONE,RUNNING
"=""2026-08-09 06:59:44""",65012,128086,48759,79326,50000,+0.0016,0.0400,+0.0,+0.0000,NONE,RUNNING
"=""2026-08-09 06:59:45""",65012,128086,48759,79326,50000,+0.0012,0.0400,+0.0,+0.0000,NONE,RUNNING
"=""2026-08-09 07:00:45""",65016,254149,167753,86395,50000,+0.0078,0.0400,+0.0,+0.0000,NONE,RUNNING
"=""2026-08-09 07:01:45""",65016,0,0,0,50000,-0.0004,0.0400,+0.0,+0.0000,NONE,RUNNING
"=""2026-08-09 07:02:45""",65015,55204,55204,0,50000,-0.0000,0.0400,+0.0,+0.0000,NONE,RUNNING
"=""2026-08-09 07:03:45""",65025,370621,126336,244285,50000,-0.0003,0.0400,+0.0,+0.0000,NONE,RUNNING
"=""2026-08-09 07:04:45""",65025,16906,16906,0,50000,+0.0018,0.0400,+0.0,+0.0000,NONE,RUNNING
"=""2026-08-09 07:05:45""",65009,32368,32368,0,50000,+0.0005,0.0400,+0.0,+0.0000,NONE,RUNNING
"=""2026-08-09 07:06:45""",65009,0,0,0,50000,+0.0020,0.0400,+0.0,+0.0000,NONE,RUNNING
"=""2026-08-09 07:07:45""",65004,27955,27955,0,50000,+0.0005,0.0400,+0.0,+0.0000,NONE,RUNNING
"=""2026-08-09 07:08:45""",65004,0,0,0,50000,+0.0049,0.0400,+0.0,+0.0000,NONE,RUNNING
"=""2026-08-09 07:09:45""",65029,2604063,0,2604063,50000,+0.0150,0.0400,+0.0,+0.0000,NONE,RUNNING
"=""2026-08-09 07:10:45""",65010,402926,402926,0,50000,-0.0145,0.0400,+0.0,+0.0000,NONE,RUNNING
"=""2026-08-09 07:11:45""",65020,390696,59470,331225,50000,+0.0021,0.0400,+0.0,+0.0000,NONE,RUNNING
"=""2026-08-09 07:12:45""",65007,141643,141643,0,50000,-0.0006,0.0400,+0.0,+0.0000,NONE,RUNNING
"=""2026-08-09 07:13:45""",65000,152348,152348,0,50000,-0.0000,0.0400,+0.0,+0.0000,NONE,RUNNING
"=""2026-08-09 07:14:45""",65000,64935,64935,0,50000,-0.0005,0.0400,+0.0,+0.0000,NONE,RUNNING
"=""2026-08-09 07:15:45""",65000,33439,33439,0,50000,+0.0016,0.0400,+0.0,+0.0000,NONE,RUNNING
"=""2026-08-09 07:16:45""",65000,123066,123066,0,50000,+0.0070,0.0400,+0.0,+0.0000,NONE,RUNNING
"=""2026-08-09 07:17:46""",65000,224996,224996,0,50000,+0.0024,0.0400,+0.0,+0.0000,NONE,RUNNING
"=""2026-08-09 07:18:46""",65000,43069,43069,0,50000,+0.0001,0.0400,+0.0,+0.0000,NONE,RUNNING
"=""2026-08-09 07:19:46""",65000,0,0,0,50000,+0.0005,0.0400,+0.0,+0.0000,NONE,RUNNING
"=""2026-08-09 07:20:46""",64997,131607,131607,0,50000,-0.0039,0.0400,+0.0,+0.0000,NONE,RUNNING
"=""2026-08-09 07:21:46""",64997,0,0,0,50000,+0.0001,0.0400,+0.0,+0.0000,NONE,RUNNING
"=""2026-08-09 07:22:46""",64997,15177,15177,0,50000,+0.0002,0.0400,+0.0,+0.0000,NONE,RUNNING
"=""2026-08-09 07:23:46""",64997,20009,20009,0,50000,-0.0019,0.0400,+0.0,+0.0000,NONE,RUNNING
"=""2026-08-09 07:24:46""",64993,476129,476129,0,50000,-0.0013,0.0400,+0.0,+0.0000,NONE,RUNNING
"=""2026-08-09 07:25:46""",65007,3437816,928078,2509738,50000,+0.0123,0.0400,+0.0,+0.0000,NONE,RUNNING
"=""2026-08-09 07:26:46""",65007,0,0,0,50000,+0.0015,0.0400,+0.0,+0.0000,NONE,RUNNING
"=""2026-08-09 07:27:46""",65007,0,0,0,50000,-0.0047,0.0400,+0.0,+0.0000,NONE,RUNNING
"=""2026-08-09 07:28:46""",65007,0,0,0,50000,+0.0028,0.0400,+0.0,+0.0000,NONE,RUNNING
"=""2026-08-09 07:29:46""",64993,1070853,1070853,0,50000,+0.0060,0.0400,+0.0,+0.0000,NONE,RUNNING
"=""2026-08-09 07:30:46""",64994,108533,0,108533,50000,+0.0017,0.0400,+0.0,+0.0000,NONE,RUNNING
"=""2026-08-09 07:31:46""",64995,89979,0,89979,50000,+0.0015,0.0400,+0.0,+0.0000,NONE,RUNNING
"=""2026-08-09 07:32:46""",64985,4085133,3594057,491076,50000,+0.0008,0.0400,+0.0,+0.0000,NONE,RUNNING
"=""2026-08-09 07:32:53""",64984,4120875,3629799,491076,50000,+0.0214,0.0400,+0.0,+0.0000,NONE,RUNNING
"=""2026-08-09 07:32:54""",64985,4120875,3629799,491076,50000,+0.0214,0.0400,+0.0,+0.0000,NONE,RUNNING
"=""2026-08-09 07:32:55""",64985,4120875,3629799,491076,50000,+0.0214,0.0400,+0.0,+0.0000,NONE,RUNNING
"=""2026-08-09 07:32:56""",64984,4120875,3629799,491076,50000,+0.0214,0.0400,+0.0,+0.0000,NONE,RUNNING
"=""2026-08-09 07:32:57""",64985,4120875,3629799,491076,50000,+0.0185,0.0400,+0.0,+0.0000,NONE,RUNNING
"=""2026-08-09 07:32:58""",64984,4120875,3629799,491076,50000,+0.0185,0.0400,+0.0,+0.0000,NONE,RUNNING
"=""2026-08-09 07:32:59""",64985,4120875,3629799,491076,50000,+0.0185,0.0400,+0.0,+0.0000,NONE,RUNNING
"=""2026-08-09 07:33:00""",64984,4170212,3679136,491076,50000,+0.0185,0.0400,+0.0,+0.0000,NONE,RUNNING
"=""2026-08-09 07:33:01""",64984,4170212,3679136,491076,50000,+0.0185,0.0400,+0.0,+0.0000,NONE,RUNNING
"=""2026-08-09 07:33:02""",64985,4170212,3679136,491076,50000,+0.0185,0.0400,+0.0,+0.0000,NONE,RUNNING
"=""2026-08-09 07:33:03""",64985,4170212,3679136,491076,50000,+0.0184,0.0400,+0.0,+0.0000,NONE,RUNNING
"=""2026-08-09 07:33:04""",64985,4170212,3679136,491076,50000,+0.0183,0.0400,+0.0,+0.0000,NONE,RUNNING
"=""2026-08-09 07:33:05""",64984,4170212,3679136,491076,50000,+0.0184,0.0400,+0.0,+0.0000,NONE,RUNNING
"=""2026-08-09 07:33:06""",64984,4170212,3679136,491076,50000,+0.0184,0.0400,+0.0,+0.0000,NONE,RUNNING
"=""2026-08-09 07:33:07""",64985,4170212,3679136,491076,50000,+0.0184,0.0400,+0.0,+0.0000,NONE,RUNNING
"=""2026-08-09 07:33:08""",64984,4170212,3679136,491076,50000,+0.0184,0.0400,+0.0,+0.0000,NONE,RUNNING
"=""2026-08-09 07:33:09""",64985,4170212,3679136,491076,50000,+0.0184,0.0400,+0.0,+0.0000,NONE,RUNNING
"=""2026-08-09 07:33:10""",64985,4170212,3679136,491076,50000,+0.0184,0.0400,+0.0,+0.0000,NONE,RUNNING
"=""2026-08-09 07:33:11""",64984,4170212,3679136,491076,50000,+0.0187,0.0400,+0.0,+0.0000,NONE,RUNNING
"=""2026-08-09 07:33:12""",64984,4170212,3679136,491076,50000,+0.0187,0.0400,+0.0,+0.0000,NONE,RUNNING
"=""2026-08-09 07:33:13""",64985,4170212,3679136,491076,50000,+0.0187,0.0400,+0.0,+0.0000,NONE,RUNNING
"=""2026-08-09 07:33:14""",64984,4170212,3679136,491076,50000,+0.0186,0.0400,+0.0,+0.0000,NONE,RUNNING
"=""2026-08-09 07:33:15""",64984,4170212,3679136,491076,50000,+0.0185,0.0400,+0.0,+0.0000,NONE,RUNNING
"=""2026-08-09 07:33:16""",64984,4170212,3679136,491076,50000,+0.0185,0.0400,+0.0,+0.0000,NONE,RUNNING
"=""2026-08-09 07:33:17""",64984,4170212,3679136,491076,50000,+0.0185,0.0400,+0.0,+0.0000,NONE,RUNNING
"=""2026-08-09 07:33:18""",64984,4170212,3679136,491076,50000,+0.0185,0.0400,+0.0,+0.0000,NONE,RUNNING
"=""2026-08-09 07:33:19""",64985,4170212,3679136,491076,50000,+0.0185,0.0400,+0.0,+0.0000,NONE,RUNNING
"=""2026-08-09 07:33:20""",64984,4170212,3679136,491076,50000,+0.0185,0.0400,+0.0,+0.0000,NONE,RUNNING
"=""2026-08-09 07:33:21""",64984,4170212,3679136,491076,50000,+0.0180,0.0400,+0.0,+0.0000,NONE,RUNNING
"=""2026-08-09 07:33:22""",64985,4170212,3679136,491076,50000,+0.0180,0.0400,+0.0,+0.0000,NONE,RUNNING
"=""2026-08-09 07:33:23""",64984,4170212,3679136,491076,50000,+0.0180,0.0400,+0.0,+0.0000,NONE,RUNNING
"=""2026-08-09 07:33:24""",64984,4170212,3679136,491076,50000,+0.0168,0.0400,+0.0,+0.0000,NONE,RUNNING
"=""2026-08-09 07:33:25""",64984,4170212,3679136,491076,50000,+0.0168,0.0400,+0.0,+0.0000,NONE,RUNNING
"=""2026-08-09 07:33:26""",64984,4170212,3679136,491076,50000,+0.0167,0.0400,+0.0,+0.0000,NONE,RUNNING
"=""2026-08-09 07:33:27""",64984,4170212,3679136,491076,50000,+0.0167,0.0400,+0.0,+0.0000,NONE,RUNNING
"=""2026-08-09 07:33:28""",64984,4170212,3679136,491076,50000,+0.0167,0.0400,+0.0,+0.0000,NONE,RUNNING
"=""2026-08-09 07:33:29""",64984,4170212,3679136,491076,50000,+0.0167,0.0400,+0.0,+0.0000,NONE,RUNNING
"=""2026-08-09 07:33:30""",64984,4170212,3679136,491076,50000,+0.0170,0.0400,+0.0,+0.0000,NONE,RUNNING
"=""2026-08-09 07:33:31""",64984,4170212,3679136,491076,50000,+0.0170,0.0400,+0.0,+0.0000,NONE,RUNNING
"=""2026-08-09 07:33:32""",64985,4194532,3703455,491076,50000,+0.0170,0.0400,+0.0,+0.0000,NONE,RUNNING
"=""2026-08-09 07:33:33""",64984,4194532,3703455,491076,50000,+0.0170,0.0400,+0.0,+0.0000,NONE,RUNNING
"=""2026-08-09 07:33:34""",64984,4194532,3703455,491076,50000,+0.0170,0.0400,+0.0,+0.0000,NONE,RUNNING
"=""2026-08-09 07:33:35""",64984,4194532,3703455,491076,50000,+0.0170,0.0400,+0.0,+0.0000,NONE,RUNNING
"=""2026-08-09 07:33:36""",64985,4194532,3703455,491076,50000,+0.0168,0.0400,+0.0,+0.0000,NONE,RUNNING
"=""2026-08-09 07:33:37""",64985,4194532,3703455,491076,50000,+0.0168,0.0400,+0.0,+0.0000,NONE,RUNNING
"=""2026-08-09 07:33:38""",64985,4194532,3703455,491076,50000,+0.0168,0.0400,+0.0,+0.0000,NONE,RUNNING
"=""2026-08-09 07:33:39""",64984,4194532,3703455,491076,50000,+0.0168,0.0400,+0.0,+0.0000,NONE,RUNNING
"=""2026-08-09 07:33:40""",64984,4194532,3703455,491076,50000,+0.0168,0.0400,+0.0,+0.0000,NONE,RUNNING
"=""2026-08-09 07:33:41""",64984,4194532,3703455,491076,50000,+0.0168,0.0400,+0.0,+0.0000,NONE,RUNNING
"=""2026-08-09 07:33:42""",64985,4194532,3703455,491076,50000,+0.0168,0.0400,+0.0,+0.0000,NONE,RUNNING
"=""2026-08-09 07:33:43""",64984,4194532,3703455,491076,50000,+0.0168,0.0400,+0.0,+0.0000,NONE,RUNNING
"=""2026-08-09 07:33:44""",64985,290220,109398,180821,50000,+0.0167,0.0400,+0.0,+0.0000,NONE,RUNNING
"=""2026-08-09 07:33:45""",64985,109398,109398,0,50000,+0.0167,0.0400,+0.0,+0.0000,NONE,RUNNING
"=""2026-08-09 07:33:46""",64985,109398,109398,0,50000,+0.0167,0.0400,+0.0,+0.0000,NONE,RUNNING
"=""2026-08-09 07:33:47""",64985,109398,109398,0,50000,+0.0167,0.0400,+0.0,+0.0000,NONE,RUNNING
"=""2026-08-09 07:33:48""",64985,109398,109398,0,50000,+0.0167,0.0400,+0.0,+0.0000,NONE,RUNNING
"=""2026-08-09 07:33:50""",64985,109398,109398,0,50000,+0.0167,0.0400,+0.0,+0.0000,NONE,RUNNING
"=""2026-08-09 07:33:51""",64985,73656,73656,0,50000,-0.0027,0.0400,+0.0,+0.0000,NONE,RUNNING
"=""2026-08-09 07:33:52""",64984,73656,73656,0,50000,-0.0027,0.0400,+0.0,+0.0000,NONE,RUNNING
"=""2026-08-09 07:33:53""",64984,73656,73656,0,50000,-0.0027,0.0400,+0.0,+0.0000,NONE,RUNNING
"=""2026-08-09 07:33:54""",64985,73656,73656,0,50000,-0.0046,0.0400,+0.0,+0.0000,NONE,RUNNING
"=""2026-08-09 07:33:55""",64984,73656,73656,0,50000,-0.0056,0.0400,+0.0,+0.0000,NONE,RUNNING
"=""2026-08-09 07:33:56""",64985,112364,73656,38707,50000,-0.0056,0.0400,+0.0,+0.0000,NONE,RUNNING
"=""2026-08-09 07:34:31""",64983,3171809,2018577,1153232,50000,+0.0246,0.0400,+0.0,+0.0000,NONE,RUNNING
"=""2026-08-09 07:34:32""",64983,3191808,2018577,1173231,50000,+0.0246,0.0400,+0.0,+0.0000,NONE,RUNNING
"=""2026-08-09 07:34:33""",64983,3187488,1994257,1193230,50000,+0.0246,0.0400,+0.0,+0.0000,NONE,RUNNING
"=""2026-08-09 07:34:34""",64983,3207488,1994257,1213230,50000,+0.0246,0.0400,+0.0,+0.0000,NONE,RUNNING
"=""2026-08-09 07:34:35""",64983,3227487,1994257,1233229,50000,+0.0255,0.0400,+0.0,+0.0000,NONE,RUNNING
"=""2026-08-09 07:34:36""",64983,3247486,1994257,1253228,50000,+0.0258,0.0400,+0.0,+0.0000,NONE,RUNNING
"=""2026-08-09 07:34:37""",64983,3267486,1994257,1273228,50000,+0.0258,0.0400,+0.0,+0.0000,NONE,RUNNING
"=""2026-08-09 07:34:38""",64983,3287485,1994257,1293227,50000,+0.0229,0.0400,+0.0,+0.0000,NONE,RUNNING
"=""2026-08-09 07:34:39""",64983,3287485,1994257,1293227,50000,+0.0229,0.0400,+0.0,+0.0000,NONE,RUNNING
"=""2026-08-09 07:34:40""",64983,3287485,1994257,1293227,50000,+0.0229,0.0400,+0.0,+0.0000,NONE,RUNNING
"=""2026-08-09 07:34:41""",64983,3287485,1994257,1293227,50000,+0.0229,0.0400,+0.0,+0.0000,NONE,RUNNING
"=""2026-08-09 07:34:42""",64983,3287485,1994257,1293227,50000,+0.0229,0.0400,+0.0,+0.0000,NONE,RUNNING
"=""2026-08-09 07:34:43""",64983,3287485,1994257,1293227,50000,+0.0229,0.0400,+0.0,+0.0000,NONE,RUNNING
"=""2026-08-09 07:34:44""",64983,3287485,1994257,1293227,50000,+0.0229,0.0400,+0.0,+0.0000,NONE,RUNNING
"=""2026-08-09 07:34:45""",64983,3352468,1994257,1358211,50000,+0.0229,0.0400,+0.0,+0.0000,NONE,RUNNING
"=""2026-08-09 07:34:46""",64983,3352468,1994257,1358211,50000,+0.0229,0.0400,+0.0,+0.0000,NONE,RUNNING
"=""2026-08-09 07:34:47""",64983,3352468,1994257,1358211,50000,+0.0230,0.0400,+0.0,+0.0000,NONE,RUNNING
"=""2026-08-09 07:34:48""",64983,3417452,1994257,1423194,50000,+0.0230,0.0400,+0.0,+0.0000,NONE,RUNNING
"=""2026-08-09 07:34:49""",64983,3417452,1994257,1423194,50000,+0.0230,0.0400,+0.0,+0.0000,NONE,RUNNING
"=""2026-08-09 07:34:50""",64983,3482435,1994257,1488178,50000,+0.0230,0.0400,+0.0,+0.0000,NONE,RUNNING
"=""2026-08-09 07:34:51""",64983,3482435,1994257,1488178,50000,+0.0230,0.0400,+0.0,+0.0000,NONE,RUNNING
"=""2026-08-09 07:34:52""",64983,3482435,1994257,1488178,50000,+0.0230,0.0400,+0.0,+0.0000,NONE,RUNNING
"=""2026-08-09 07:34:53""",64983,3482435,1994257,1488178,50000,+0.0230,0.0400,+0.0,+0.0000,NONE,RUNNING
"=""2026-08-09 07:34:54""",64983,3482435,1994257,1488178,50000,+0.0230,0.0400,+0.0,+0.0000,NONE,RUNNING
"=""2026-08-09 07:34:55""",64983,3482435,1994257,1488178,50000,+0.0239,0.0400,+0.0,+0.0000,NONE,RUNNING
"=""2026-08-09 07:34:56""",64983,3443728,1994257,1449470,50000,+0.0239,0.0400,+0.0,+0.0000,NONE,RUNNING
"=""2026-08-09 07:34:57""",64983,3378907,1994257,1384649,50000,+0.0239,0.0400,+0.0,+0.0000,NONE,RUNNING
"=""2026-08-09 07:34:58""",64983,3164597,1799301,1365295,50000,+0.0250,0.0400,+0.0,+0.0000,NONE,RUNNING
"=""2026-08-09 07:34:59""",64983,3145243,1799301,1345942,50000,+0.0251,0.0400,+0.0,+0.0000,NONE,RUNNING
"=""2026-08-09 07:35:00""",64983,3075091,1799301,1275789,50000,+0.0251,0.0400,+0.0,+0.0000,NONE,RUNNING
"=""2026-08-09 07:35:01""",64983,3059842,1799301,1260540,50000,+0.0251,0.0400,+0.0,+0.0000,NONE,RUNNING
"=""2026-08-09 07:35:02""",64983,3047124,1799301,1247823,50000,+0.0251,0.0400,+0.0,+0.0000,NONE,RUNNING
"=""2026-08-09 07:35:03""",64983,3037027,1799301,1237726,50000,+0.0264,0.0400,+0.0,+0.0000,NONE,RUNNING
"=""2026-08-09 07:35:04""",64983,3017673,1799301,1218371,50000,+0.0264,0.0400,+0.0,+0.0000,NONE,RUNNING
"=""2026-08-09 07:35:05""",64983,2981335,1799301,1182033,50000,+0.0264,0.0400,+0.0,+0.0000,NONE,RUNNING
"=""2026-08-09 07:35:06""",64983,2961978,1799301,1162677,50000,+0.0264,0.0400,+0.0,+0.0000,NONE,RUNNING
"=""2026-08-09 07:35:07""",64983,2942621,1799301,1143320,50000,+0.0263,0.0400,+0.0,+0.0000,NONE,RUNNING
"=""2026-08-09 07:35:08""",64983,2858270,1799301,1058968,50000,+0.0268,0.0400,+0.0,+0.0000,NONE,RUNNING
"=""2026-08-09 07:35:09""",64983,2838913,1799301,1039611,50000,+0.0268,0.0400,+0.0,+0.0000,NONE,RUNNING
"=""2026-08-09 07:35:10""",64983,2754562,1799301,955260,50000,+0.0268,0.0400,+0.0,+0.0000,NONE,RUNNING
"=""2026-08-09 07:35:11""",64983,2735205,1799301,935903,50000,+0.0268,0.0400,+0.0,+0.0000,NONE,RUNNING
"=""2026-08-09 07:35:12""",64983,2650854,1799301,851552,50000,+0.0268,0.0400,+0.0,+0.0000,NONE,RUNNING
"=""2026-08-09 07:35:13""",64983,2631496,1799301,832195,50000,+0.0285,0.0400,+0.0,+0.0000,NONE,RUNNING
"=""2026-08-09 07:35:14""",64983,2566502,1799301,767201,50000,+0.0281,0.0400,+0.0,+0.0000,NONE,RUNNING
"=""2026-08-09 07:35:15""",64983,2546500,1799301,747199,50000,+0.0281,0.0400,+0.0,+0.0000,NONE,RUNNING
"=""2026-08-09 07:35:16""",64983,2479932,1799301,680631,50000,+0.0281,0.0400,+0.0,+0.0000,NONE,RUNNING
"=""2026-08-09 07:35:17""",64983,2459930,1799301,660628,50000,+0.0281,0.0400,+0.0,+0.0000,NONE,RUNNING
"=""2026-08-09 07:35:18""",64983,2380148,1799301,580847,50000,+0.0340,0.0400,+0.0,+0.0000,NONE,RUNNING
"=""2026-08-09 07:35:19""",64983,2360146,1799301,560844,50000,+0.0344,0.0400,+0.0,+0.0000,NONE,RUNNING
"=""2026-08-09 07:35:20""",64983,2340143,1799301,540841,50000,+0.0344,0.0400,+0.0,+0.0000,NONE,RUNNING
"=""2026-08-09 07:35:21""",64983,2320140,1799301,520838,50000,+0.0344,0.0400,+0.0,+0.0000,NONE,RUNNING
"=""2026-08-09 07:35:22""",64983,2300136,1799301,500835,50000,+0.0344,0.0400,+0.0,+0.0000,NONE,RUNNING
"=""2026-08-09 07:35:23""",64983,2280133,1799301,480831,50000,+0.0344,0.0400,+0.0,+0.0000,NONE,RUNNING
"=""2026-08-09 07:35:24""",64983,2280133,1799301,480831,50000,+0.0344,0.0400,+0.0,+0.0000,NONE,RUNNING
"=""2026-08-09 07:35:25""",64983,2260129,1799301,460827,50000,+0.0343,0.0400,+0.0,+0.0000,NONE,RUNNING
"=""2026-08-09 07:35:26""",64983,429192,14248,414943,50000,+0.0343,0.0400,+0.0,+0.0000,NONE,RUNNING
"=""2026-08-09 07:35:27""",64983,409192,14248,394943,50000,+0.0343,0.0400,+0.0,+0.0000,NONE,RUNNING
"=""2026-08-09 07:35:28""",64983,374944,0,374944,50000,+0.0343,0.0400,+0.0,+0.0000,NONE,RUNNING
"=""2026-08-09 07:35:29""",64983,354945,0,354945,50000,+0.0343,0.0400,+0.0,+0.0000,NONE,RUNNING
"=""2026-08-09 07:35:30""",64983,334945,0,334945,50000,+0.0354,0.0400,+0.0,+0.0000,NONE,RUNNING
"=""2026-08-09 07:35:31""",64983,314946,0,314946,50000,+0.0053,0.0400,+0.0,+0.0000,NONE,RUNNING
"=""2026-08-09 07:35:32""",64983,294947,0,294947,50000,+0.0053,0.0400,+0.0,+0.0000,NONE,RUNNING
"=""2026-08-09 07:35:33""",64983,274947,0,274947,50000,+0.0054,0.0400,+0.0,+0.0000,NONE,RUNNING
"=""2026-08-09 07:35:34""",64983,254948,0,254948,50000,+0.0054,0.0400,+0.0,+0.0000,NONE,RUNNING
"=""2026-08-09 07:35:35""",64983,234949,0,234949,50000,+0.0044,0.0400,+0.0,+0.0000,NONE,RUNNING
"=""2026-08-09 07:35:36""",64983,214949,0,214949,50000,+0.0037,0.0400,+0.0,+0.0000,NONE,RUNNING
"=""2026-08-09 07:35:37""",64983,194950,0,194950,50000,+0.0066,0.0400,+0.0,+0.0000,NONE,RUNNING
"=""2026-08-09 07:35:38""",64983,194950,0,194950,50000,+0.0066,0.0400,+0.0,+0.0000,NONE,RUNNING
"=""2026-08-09 07:35:39""",64983,194950,0,194950,50000,+0.0066,0.0400,+0.0,+0.0000,NONE,RUNNING
"=""2026-08-09 07:35:40""",64983,194950,0,194950,50000,+0.0066,0.0400,+0.0,+0.0000,NONE,RUNNING
"=""2026-08-09 07:35:41""",64983,194950,0,194950,50000,+0.0066,0.0400,+0.0,+0.0000,NONE,RUNNING
"=""2026-08-09 07:35:42""",64983,194950,0,194950,50000,+0.0066,0.0400,+0.0,+0.0000,NONE,RUNNING
"=""2026-08-09 07:35:43""",64983,194950,0,194950,50000,+0.0066,0.0400,+0.0,+0.0000,NONE,RUNNING
"=""2026-08-09 07:35:44""",64983,194950,0,194950,50000,+0.0066,0.0400,+0.0,+0.0000,NONE,RUNNING
"=""2026-08-09 07:35:45""",64983,129967,0,129967,50000,+0.0036,0.0400,+0.0,+0.0000,NONE,RUNNING
"=""2026-08-09 07:35:46""",64983,129967,0,129967,50000,+0.0035,0.0400,+0.0,+0.0000,NONE,RUNNING
"=""2026-08-09 07:35:47""",64983,64983,0,64983,50000,+0.0035,0.0400,+0.0,+0.0000,NONE,RUNNING
"=""2026-08-09 07:35:48""",64983,64983,0,64983,50000,+0.0035,0.0400,+0.0,+0.0000,NONE,RUNNING
"=""2026-08-09 07:35:49""",64983,0,0,0,50000,+0.0035,0.0400,+0.0,+0.0000,NONE,RUNNING
"=""2026-08-09 07:35:50""",64983,0,0,0,50000,+0.0035,0.0400,+0.0,+0.0000,NONE,RUNNING
"=""2026-08-09 07:35:51""",64983,0,0,0,50000,+0.0035,0.0400,+0.0,+0.0000,NONE,RUNNING
"=""2026-08-09 07:35:52""",64983,0,0,0,50000,+0.0035,0.0400,+0.0,+0.0000,NONE,RUNNING
"=""2026-08-09 07:35:53""",64983,0,0,0,50000,+0.0035,0.0400,+0.0,+0.0000,NONE,RUNNING
"=""2026-08-09 07:35:54""",64983,0,0,0,50000,+0.0036,0.0400,+0.0,+0.0000,NONE,RUNNING
"=""2026-08-09 07:35:55""",64983,0,0,0,50000,+0.0036,0.0400,+0.0,+0.0000,NONE,RUNNING
"=""2026-08-09 07:35:56""",64983,0,0,0,50000,+0.0036,0.0400,+0.0,+0.0000,NONE,RUNNING
"=""2026-08-09 07:35:57""",64983,0,0,0,50000,+0.0054,0.0400,+0.0,+0.0000,NONE,RUNNING
"=""2026-08-09 07:35:58""",64983,0,0,0,50000,+0.0054,0.0400,+0.0,+0.0000,NONE,RUNNING
"=""2026-08-09 07:35:59""",64983,0,0,0,50000,+0.0053,0.0400,+0.0,+0.0000,NONE,RUNNING
"=""2026-08-09 07:36:00""",64983,0,0,0,50000,+0.0053,0.0400,+0.0,+0.0000,NONE,RUNNING
"=""2026-08-09 07:36:02""",64983,0,0,0,50000,+0.0053,0.0400,+0.0,+0.0000,NONE,RUNNING
"=""2026-08-09 07:36:03""",64983,0,0,0,50000,+0.0053,0.0400,+0.0,+0.0000,NONE,RUNNING
"=""2026-08-09 07:36:04""",64983,0,0,0,50000,+0.0053,0.0400,+0.0,+0.0000,NONE,RUNNING
"=""2026-08-09 07:36:05""",64983,0,0,0,50000,+0.0053,0.0400,+0.0,+0.0000,NONE,RUNNING
"=""2026-08-09 07:36:06""",64983,0,0,0,50000,+0.0053,0.0400,+0.0,+0.0000,NONE,RUNNING
"=""2026-08-09 07:36:07""",64983,0,0,0,50000,+0.0053,0.0400,+0.0,+0.0000,NONE,RUNNING
"=""2026-08-09 07:36:08""",64983,0,0,0,50000,+0.0053,0.0400,+0.0,+0.0000,NONE,RUNNING
"=""2026-08-09 07:36:09""",64983,0,0,0,50000,+0.0048,0.0400,+0.0,+0.0000,NONE,RUNNING
"=""2026-08-09 07:36:10""",64983,0,0,0,50000,+0.0048,0.0400,+0.0,+0.0000,NONE,RUNNING
"=""2026-08-09 07:36:11""",64983,0,0,0,50000,+0.0048,0.0400,+0.0,+0.0000,NONE,RUNNING
"=""2026-08-09 07:36:12""",64983,0,0,0,50000,+0.0048,0.0400,+0.0,+0.0000,NONE,RUNNING
"=""2026-08-09 07:36:13""",64983,0,0,0,50000,+0.0049,0.0400,+0.0,+0.0000,NONE,RUNNING
"=""2026-08-09 07:36:14""",64983,0,0,0,50000,+0.0049,0.0400,+0.0,+0.0000,NONE,RUNNING
"=""2026-08-09 07:36:15""",64983,0,0,0,50000,+0.0053,0.0400,+0.0,+0.0000,NONE,RUNNING
"=""2026-08-09 07:36:16""",64983,0,0,0,50000,+0.0062,0.0400,+0.0,+0.0000,NONE,RUNNING
"=""2026-08-09 07:36:17""",64983,0,0,0,50000,+0.0003,0.0400,+0.0,+0.0000,NONE,RUNNING
"=""2026-08-09 07:36:18""",64983,0,0,0,50000,+0.0003,0.0400,+0.0,+0.0000,NONE,RUNNING
"=""2026-08-09 07:36:19""",64983,0,0,0,50000,+0.0003,0.0400,+0.0,+0.0000,NONE,RUNNING
"=""2026-08-09 07:36:20""",64983,0,0,0,50000,+0.0003,0.0400,+0.0,+0.0000,NONE,RUNNING
"=""2026-08-09 07:36:21""",64983,0,0,0,50000,+0.0003,0.0400,+0.0,+0.0000,NONE,RUNNING
"=""2026-08-09 07:36:22""",64983,0,0,0,50000,-0.0001,0.0400,+0.0,+0.0000,NONE,RUNNING
"=""2026-08-09 07:36:23""",64983,0,0,0,50000,-0.0001,0.0400,+0.0,+0.0000,NONE,RUNNING
"=""2026-08-09 07:36:24""",64983,0,0,0,50000,-0.0001,0.0400,+0.0,+0.0000,NONE,RUNNING
"=""2026-08-09 07:36:25""",64983,0,0,0,50000,-0.0001,0.0400,+0.0,+0.0000,NONE,RUNNING
"=""2026-08-09 07:36:26""",64983,0,0,0,50000,-0.0001,0.0400,+0.0,+0.0000,NONE,RUNNING
"=""2026-08-09 07:36:27""",64983,0,0,0,50000,-0.0001,0.0400,+0.0,+0.0000,NONE,RUNNING
"=""2026-08-09 07:36:28""",64983,0,0,0,50000,-0.0001,0.0400,+0.0,+0.0000,NONE,RUNNING
"=""2026-08-09 07:36:29""",64983,0,0,0,50000,-0.0001,0.0400,+0.0,+0.0000,NONE,RUNNING
"=""2026-08-09 07:36:30""",64983,0,0,0,50000,-0.0012,0.0400,+0.0,+0.0000,NONE,RUNNING
"=""2026-08-09 07:36:31""",64983,0,0,0,50000,-0.0012,0.0400,+0.0,+0.0000,NONE,RUNNING
"=""2026-08-09 07:37:31""",64983,14456,14456,0,50000,+0.0039,0.0400,+0.0,+0.0000,NONE,RUNNING
"=""2026-08-09 07:38:31""",64983,0,0,0,50000,-0.0029,0.0400,+0.0,+0.0000,NONE,RUNNING
"=""2026-08-09 07:39:31""",64983,15018,15018,0,50000,-0.0067,0.0400,+0.0,+0.0000,NONE,RUNNING
"=""2026-08-09 07:40:31""",64983,20648,20648,0,50000,-0.0013,0.0400,+0.0,+0.0000,NONE,RUNNING
"=""2026-08-09 07:41:31""",64982,120381,120381,0,50000,-0.0014,0.0400,+0.0,+0.0000,NONE,RUNNING
"=""2026-08-09 07:42:31""",64977,31027,31027,0,50000,-0.0148,0.0400,+0.0,+0.0000,NONE,RUNNING
"=""2026-08-09 07:43:31""",64977,0,0,0,50000,+0.0038,0.0400,+0.0,+0.0000,NONE,RUNNING
"=""2026-08-09 07:44:31""",64977,0,0,0,50000,+0.0008,0.0400,+0.0,+0.0000,NONE,RUNNING
"=""2026-08-09 07:45:31""",64977,0,0,0,50000,+0.0024,0.0400,+0.0,+0.0000,NONE,RUNNING
"=""2026-08-09 07:46:31""",64977,1775443,21052,1754391,50000,-0.0002,0.0400,+0.0,+0.0000,NONE,RUNNING
"=""2026-08-09 07:47:31""",64977,40536,0,40536,50000,+0.0007,0.0400,+0.0,+0.0000,NONE,RUNNING
"=""2026-08-09 07:48:31""",64977,0,0,0,50000,-0.0008,0.0400,+0.0,+0.0000,NONE,RUNNING
"=""2026-08-09 07:49:32""",64972,434241,434241,0,50000,-0.0040,0.0400,+0.0,+0.0000,NONE,RUNNING
"=""2026-08-09 07:50:32""",64972,222555,222555,0,50000,-0.0024,0.0400,+0.0,+0.0000,NONE,RUNNING
"=""2026-08-09 07:51:32""",64972,38858,38858,0,50000,-0.0000,0.0400,+0.0,+0.0000,NONE,RUNNING
"=""2026-08-09 07:52:32""",64958,168141,168141,0,50000,+0.0129,0.0400,+0.0,+0.0000,NONE,RUNNING
"=""2026-08-09 07:53:32""",64958,0,0,0,50000,+0.0016,0.0400,+0.0,+0.0000,NONE,RUNNING
"=""2026-08-09 07:54:32""",64958,21528,10129,11399,50000,-0.0022,0.0400,+0.0,+0.0000,NONE,RUNNING
"=""2026-08-09 07:55:32""",64958,20340,20340,0,50000,+0.0024,0.0400,+0.0,+0.0000,NONE,RUNNING
"=""2026-08-09 07:56:32""",64958,12991,12991,0,50000,+0.0015,0.0400,+0.0,+0.0000,NONE,RUNNING
"=""2026-08-09 07:57:32""",64952,413480,98346,315133,50000,+0.0075,0.0400,+0.0,+0.0000,NONE,RUNNING
"=""2026-08-09 07:58:32""",64952,21529,21529,0,50000,-0.0002,0.0400,+0.0,+0.0000,NONE,RUNNING
"=""2026-08-09 07:59:32""",64952,10392,10392,0,50000,-0.0048,0.0400,+0.0,+0.0000,NONE,RUNNING
"=""2026-08-09 08:00:32""",64946,91107,91107,0,50000,-0.0041,0.0400,+0.0,+0.0000,NONE,RUNNING
"=""2026-08-09 08:01:32""",64946,11690,11690,0,50000,-0.0006,0.0400,+0.0,+0.0000,NONE,RUNNING
"=""2026-08-09 08:02:32""",64946,0,0,0,50000,-0.0076,0.0400,+0.0,+0.0000,NONE,RUNNING
"=""2026-08-09 08:03:32""",64946,18572,18572,0,50000,+0.0020,0.0400,+0.0,+0.0000,NONE,RUNNING
"=""2026-08-09 08:04:32""",64944,0,0,0,50000,+0.0020,0.0400,+0.0,+0.0000,NONE,RUNNING
"=""2026-08-09 08:05:32""",64944,0,0,0,50000,-0.0001,0.0400,+0.0,+0.0000,NONE,RUNNING
"=""2026-08-09 08:06:32""",64944,99999,0,99999,50000,-0.0021,0.0400,+0.0,+0.0000,NONE,RUNNING
"=""2026-08-09 08:07:32""",64944,53435,53435,0,50000,-0.0045,0.0400,+0.0,+0.0000,NONE,RUNNING
"=""2026-08-09 08:08:32""",64944,0,0,0,50000,+0.0055,0.0400,+0.0,+0.0000,NONE,RUNNING
"=""2026-08-09 08:09:33""",64943,0,0,0,50000,-0.0002,0.0400,+0.0,+0.0000,NONE,RUNNING
"=""2026-08-09 08:10:33""",64942,10006,10006,0,50000,-0.0055,0.0400,+0.0,+0.0000,NONE,RUNNING
"=""2026-08-09 08:11:33""",64942,0,0,0,50000,-0.0017,0.0400,+0.0,+0.0000,NONE,RUNNING
"=""2026-08-09 08:12:33""",64940,26519,26519,0,50000,-0.0091,0.0400,+0.0,+0.0000,NONE,RUNNING
"=""2026-08-09 08:13:33""",64940,0,0,0,50000,-0.0008,0.0400,+0.0,+0.0000,NONE,RUNNING
"=""2026-08-09 08:14:33""",64940,48413,48413,0,50000,-0.0008,0.0400,+0.0,+0.0000,NONE,RUNNING
"=""2026-08-09 08:15:33""",64936,323299,61912,261387,50000,+0.0027,0.0400,+0.0,+0.0000,NONE,RUNNING
"=""2026-08-09 08:16:33""",64938,189552,0,189552,50000,-0.0001,0.0400,+0.0,+0.0000,NONE,RUNNING
"=""2026-08-09 08:17:33""",64958,258580,0,258580,50000,+0.0024,0.0400,+0.0,+0.0000,NONE,RUNNING
"=""2026-08-09 08:18:33""",64958,0,0,0,50000,-0.0046,0.0400,+0.0,+0.0000,NONE,RUNNING
"=""2026-08-09 08:19:33""",64958,0,0,0,50000,-0.0075,0.0400,+0.0,+0.0000,NONE,RUNNING
"=""2026-08-09 08:20:33""",64958,0,0,0,50000,-0.0026,0.0400,+0.0,+0.0000,NONE,RUNNING
"=""2026-08-09 08:21:33""",64958,11488,0,11488,50000,-0.0026,0.0400,+0.0,+0.0000,NONE,RUNNING
"=""2026-08-09 08:22:33""",64961,68510,0,68510,50000,-0.0017,0.0400,+0.0,+0.0000,NONE,RUNNING
"=""2026-08-09 08:23:33""",64963,80325,29747,50578,50000,+0.0045,0.0400,+0.0,+0.0000,NONE,RUNNING
"=""2026-08-09 08:24:33""",64966,1066986,940191,126795,50000,+0.0018,0.0400,+0.0,+0.0000,NONE,RUNNING
"=""2026-08-09 08:25:33""",64967,908216,664498,243717,50000,+0.0018,0.0400,+0.0,+0.0000,NONE,RUNNING
"=""2026-08-09 08:26:33""",64967,12993,0,12993,50000,-0.0005,0.0400,+0.0,+0.0000,NONE,RUNNING
"=""2026-08-09 08:27:33""",64970,293003,0,293003,50000,-0.0177,0.0400,+0.0,+0.0000,NONE,RUNNING
"=""2026-08-09 08:27:40""",64969,293003,0,293003,50000,-0.0216,0.0400,+0.0,+0.0000,NONE,RUNNING
"=""2026-08-09 08:27:41""",64969,385882,92878,293003,50000,-0.0216,0.0400,+0.0,+0.0000,NONE,RUNNING
"=""2026-08-09 08:27:42""",64967,385882,92878,293003,50000,-0.0216,0.0400,+0.0,+0.0000,NONE,RUNNING
"=""2026-08-09 08:27:43""",64967,385882,92878,293003,50000,-0.0216,0.0400,+0.0,+0.0000,NONE,RUNNING
"=""2026-08-09 08:27:44""",64967,385882,92878,293003,50000,-0.0216,0.0400,+0.0,+0.0000,NONE,RUNNING
"=""2026-08-09 08:27:45""",64967,385882,92878,293003,50000,-0.0216,0.0400,+0.0,+0.0000,NONE,RUNNING
"=""2026-08-09 08:27:46""",64967,385882,92878,293003,50000,-0.0210,0.0400,+0.0,+0.0000,NONE,RUNNING
"=""2026-08-09 08:27:47""",64967,385882,92878,293003,50000,-0.0210,0.0400,+0.0,+0.0000,NONE,RUNNING
"=""2026-08-09 08:27:48""",64967,385882,92878,293003,50000,-0.0207,0.0400,+0.0,+0.0000,NONE,RUNNING
"=""2026-08-09 08:27:49""",64967,385882,92878,293003,50000,-0.0207,0.0400,+0.0,+0.0000,NONE,RUNNING
"=""2026-08-09 08:27:50""",64967,385882,92878,293003,50000,-0.0207,0.0400,+0.0,+0.0000,NONE,RUNNING
"=""2026-08-09 08:27:51""",64967,385882,92878,293003,50000,-0.0207,0.0400,+0.0,+0.0000,NONE,RUNNING
"=""2026-08-09 08:27:52""",64967,385882,92878,293003,50000,-0.0207,0.0400,+0.0,+0.0000,NONE,RUNNING
"=""2026-08-09 08:27:53""",64967,385882,92878,293003,50000,-0.0207,0.0400,+0.0,+0.0000,NONE,RUNNING
"=""2026-08-09 08:27:54""",64967,385882,92878,293003,50000,-0.0207,0.0400,+0.0,+0.0000,NONE,RUNNING
"=""2026-08-09 08:27:55""",64967,385882,92878,293003,50000,-0.0208,0.0400,+0.0,+0.0000,NONE,RUNNING
"=""2026-08-09 08:27:56""",64967,385882,92878,293003,50000,-0.0208,0.0400,+0.0,+0.0000,NONE,RUNNING
"=""2026-08-09 08:27:57""",64967,385882,92878,293003,50000,-0.0206,0.0400,+0.0,+0.0000,NONE,RUNNING
"=""2026-08-09 08:27:58""",64967,385882,92878,293003,50000,-0.0206,0.0400,+0.0,+0.0000,NONE,RUNNING
"=""2026-08-09 08:27:59""",64967,385882,92878,293003,50000,-0.0206,0.0400,+0.0,+0.0000,NONE,RUNNING
"=""2026-08-09 08:28:00""",64967,385882,92878,293003,50000,-0.0206,0.0400,+0.0,+0.0000,NONE,RUNNING
"=""2026-08-09 08:28:01""",64967,575679,282676,293003,50000,-0.0206,0.0400,+0.0,+0.0000,NONE,RUNNING
"=""2026-08-09 08:28:02""",64960,575679,282676,293003,50000,-0.0206,0.0400,+0.0,+0.0000,NONE,RUNNING
"=""2026-08-09 08:28:03""",64960,575679,282676,293003,50000,-0.0206,0.0400,+0.0,+0.0000,NONE,RUNNING
"=""2026-08-09 08:28:04""",64960,575679,282676,293003,50000,-0.0206,0.0400,+0.0,+0.0000,NONE,RUNNING
"=""2026-08-09 08:28:05""",64960,575679,282676,293003,50000,-0.0212,0.0400,+0.0,+0.0000,NONE,RUNNING
"=""2026-08-09 08:28:06""",64960,575679,282676,293003,50000,-0.0212,0.0400,+0.0,+0.0000,NONE,RUNNING
"=""2026-08-09 08:28:07""",64960,282676,282676,0,50000,-0.0212,0.0400,+0.0,+0.0000,NONE,RUNNING
"=""2026-08-09 08:28:08""",64954,367330,367330,0,50000,-0.0212,0.0400,+0.0,+0.0000,NONE,RUNNING
"=""2026-08-09 08:28:09""",64954,367330,367330,0,50000,-0.0214,0.0400,+0.0,+0.0000,NONE,RUNNING
"=""2026-08-09 08:28:10""",64954,367330,367330,0,50000,-0.0257,0.0400,+0.0,+0.0000,NONE,RUNNING
"=""2026-08-09 08:28:11""",64954,367330,367330,0,50000,-0.0257,0.0400,+0.0,+0.0000,NONE,RUNNING
"=""2026-08-09 08:28:12""",64954,367330,367330,0,50000,-0.0067,0.0400,+0.0,+0.0000,NONE,RUNNING
"=""2026-08-09 08:28:13""",64954,367330,367330,0,50000,-0.0067,0.0400,+0.0,+0.0000,NONE,RUNNING
"=""2026-08-09 08:28:14""",64954,367330,367330,0,50000,+0.0377,0.0400,+0.0,+0.0000,NONE,RUNNING
"=""2026-08-09 08:28:15""",64954,367330,367330,0,50000,+0.0345,0.0400,+0.0,+0.0000,NONE,RUNNING
"=""2026-08-09 08:28:16""",64954,367330,367330,0,50000,+0.0345,0.0400,+0.0,+0.0000,NONE,RUNNING
"=""2026-08-09 08:28:17""",64954,367330,367330,0,50000,+0.0345,0.0400,+0.0,+0.0000,NONE,RUNNING
"=""2026-08-09 08:28:18""",64954,367330,367330,0,50000,+0.0345,0.0400,+0.0,+0.0000,NONE,RUNNING
"=""2026-08-09 08:28:19""",64954,367330,367330,0,50000,+0.0345,0.0400,+0.0,+0.0000,NONE,RUNNING
"=""2026-08-09 08:28:20""",64954,367330,367330,0,50000,+0.0337,0.0400,+0.0,+0.0000,NONE,RUNNING
"=""2026-08-09 08:28:21""",64954,367330,367330,0,50000,+0.0337,0.0400,+0.0,+0.0000,NONE,RUNNING
"=""2026-08-09 08:28:22""",64954,367330,367330,0,50000,+0.0343,0.0400,+0.0,+0.0000,NONE,RUNNING
"=""2026-08-09 08:28:23""",64954,367330,367330,0,50000,+0.0344,0.0400,+0.0,+0.0000,NONE,RUNNING
"=""2026-08-09 08:28:24""",64954,367330,367330,0,50000,+0.0344,0.0400,+0.0,+0.0000,NONE,RUNNING
"=""2026-08-09 08:28:25""",64954,367330,367330,0,50000,+0.0344,0.0400,+0.0,+0.0000,NONE,RUNNING
"=""2026-08-09 08:28:26""",64954,367330,367330,0,50000,+0.0342,0.0400,+0.0,+0.0000,NONE,RUNNING
"=""2026-08-09 08:28:27""",64954,367330,367330,0,50000,+0.0349,0.0400,+0.0,+0.0000,NONE,RUNNING
"=""2026-08-09 08:28:28""",64954,367330,367330,0,50000,+0.0349,0.0400,+0.0,+0.0000,NONE,RUNNING
"=""2026-08-09 08:28:29""",64954,367330,367330,0,50000,+0.0349,0.0400,+0.0,+0.0000,NONE,RUNNING
"=""2026-08-09 08:28:30""",64954,367330,367330,0,50000,+0.0349,0.0400,+0.0,+0.0000,NONE,RUNNING
"=""2026-08-09 08:28:31""",64954,367330,367330,0,50000,+0.0349,0.0400,+0.0,+0.0000,NONE,RUNNING
"=""2026-08-09 08:28:32""",64954,367330,367330,0,50000,+0.0350,0.0400,+0.0,+0.0000,NONE,RUNNING
"=""2026-08-09 08:28:33""",64954,367330,367330,0,50000,+0.0350,0.0400,+0.0,+0.0000,NONE,RUNNING
"=""2026-08-09 08:28:34""",64954,367330,367330,0,50000,+0.0345,0.0400,+0.0,+0.0000,NONE,RUNNING
"=""2026-08-09 08:28:35""",64954,367330,367330,0,50000,+0.0343,0.0400,+0.0,+0.0000,NONE,RUNNING
"=""2026-08-09 08:28:36""",64954,367330,367330,0,50000,+0.0343,0.0400,+0.0,+0.0000,NONE,RUNNING
"=""2026-08-09 08:28:37""",64954,367330,367330,0,50000,+0.0343,0.0400,+0.0,+0.0000,NONE,RUNNING
"=""2026-08-09 08:28:38""",64954,367330,367330,0,50000,+0.0343,0.0400,+0.0,+0.0000,NONE,RUNNING
"=""2026-08-09 08:28:39""",64954,367330,367330,0,50000,+0.0339,0.0400,+0.0,+0.0000,NONE,RUNNING
"=""2026-08-09 08:28:40""",64954,367330,367330,0,50000,+0.0387,0.0400,+0.0,+0.0000,NONE,RUNNING
"=""2026-08-09 08:28:41""",64954,274452,274452,0,50000,+0.0387,0.0400,+0.0,+0.0000,NONE,RUNNING
"=""2026-08-09 08:28:42""",64954,274452,274452,0,50000,+0.0387,0.0400,+0.0,+0.0000,NONE,RUNNING
"=""2026-08-09 08:28:43""",64954,274452,274452,0,50000,+0.0387,0.0400,+0.0,+0.0000,NONE,RUNNING
"=""2026-08-09 08:28:44""",64954,359616,359616,0,50000,+0.0385,0.0400,+0.0,+0.0000,NONE,RUNNING
"=""2026-08-09 08:28:45""",64953,359616,359616,0,50000,+0.0379,0.0400,+0.0,+0.0000,NONE,RUNNING
"=""2026-08-09 08:28:46""",64953,359616,359616,0,50000,+0.0379,0.0400,+0.0,+0.0000,NONE,RUNNING
"=""2026-08-09 08:28:47""",64953,359616,359616,0,50000,+0.0379,0.0400,+0.0,+0.0000,NONE,RUNNING
"=""2026-08-09 08:28:48""",64953,369894,369894,0,50000,+0.0380,0.0400,+0.0,+0.0000,NONE,RUNNING
"=""2026-08-09 08:28:49""",64952,369894,369894,0,50000,+0.0380,0.0400,+0.0,+0.0000,NONE,RUNNING
"=""2026-08-09 08:28:50""",64952,393097,393097,0,50000,+0.0380,0.0400,+0.0,+0.0000,NONE,RUNNING
"=""2026-08-09 08:28:51""",64948,393097,393097,0,50000,+0.0380,0.0400,+0.0,+0.0000,NONE,RUNNING
"=""2026-08-09 08:28:52""",64948,393097,393097,0,50000,+0.0380,0.0400,+0.0,+0.0000,NONE,RUNNING
"=""2026-08-09 08:28:53""",64948,393097,393097,0,50000,+0.0380,0.0400,+0.0,+0.0000,NONE,RUNNING
"=""2026-08-09 08:28:54""",64948,393097,393097,0,50000,+0.0380,0.0400,+0.0,+0.0000,NONE,RUNNING
"=""2026-08-09 08:28:55""",64948,393097,393097,0,50000,+0.0380,0.0400,+0.0,+0.0000,NONE,RUNNING
"=""2026-08-09 08:28:56""",64948,393097,393097,0,50000,+0.0366,0.0400,+0.0,+0.0000,NONE,RUNNING
"=""2026-08-09 08:28:57""",64948,393097,393097,0,50000,+0.0366,0.0400,+0.0,+0.0000,NONE,RUNNING
"=""2026-08-09 08:28:58""",64948,393097,393097,0,50000,+0.0367,0.0400,+0.0,+0.0000,NONE,RUNNING
"=""2026-08-09 08:28:59""",64948,393097,393097,0,50000,+0.0367,0.0400,+0.0,+0.0000,NONE,RUNNING
"=""2026-08-09 08:29:00""",64948,393097,393097,0,50000,+0.0366,0.0400,+0.0,+0.0000,NONE,RUNNING
"=""2026-08-09 08:29:01""",64948,203299,203299,0,50000,+0.0366,0.0400,+0.0,+0.0000,NONE,RUNNING
"=""2026-08-09 08:29:02""",64948,203299,203299,0,50000,+0.0366,0.0400,+0.0,+0.0000,NONE,RUNNING
"=""2026-08-09 08:29:03""",64948,203299,203299,0,50000,+0.0366,0.0400,+0.0,+0.0000,NONE,RUNNING
"=""2026-08-09 08:29:05""",64948,203299,203299,0,50000,+0.0372,0.0400,+0.0,+0.0000,NONE,RUNNING
"=""2026-08-09 08:29:06""",64948,203299,203299,0,50000,+0.0372,0.0400,+0.0,+0.0000,NONE,RUNNING
"=""2026-08-09 08:29:07""",64948,203299,203299,0,50000,+0.0371,0.0400,+0.0,+0.0000,NONE,RUNNING
"=""2026-08-09 08:29:08""",64948,118645,118645,0,50000,+0.0371,0.0400,+0.0,+0.0000,NONE,RUNNING
"=""2026-08-09 08:29:09""",64948,118645,118645,0,50000,+0.0371,0.0400,+0.0,+0.0000,NONE,RUNNING
"=""2026-08-09 08:29:10""",64948,118645,118645,0,50000,+0.0371,0.0400,+0.0,+0.0000,NONE,RUNNING
"=""2026-08-09 08:29:11""",64948,118645,118645,0,50000,+0.0414,0.0400,+0.0,+0.0000,NONE,RUNNING
"=""2026-08-09 08:29:12""",64948,118645,118645,0,50000,+0.0412,0.0400,+0.0,+0.0000,NONE,RUNNING
"=""2026-08-09 08:29:13""",64948,118645,118645,0,50000,+0.0412,0.0400,+0.0,+0.0000,NONE,RUNNING
"=""2026-08-09 08:29:14""",64948,118645,118645,0,50000,-0.0032,0.0400,+0.0,+0.0000,NONE,RUNNING
"=""2026-08-09 08:29:15""",64948,118645,118645,0,50000,-0.0032,0.0400,+0.0,+0.0000,NONE,RUNNING
"=""2026-08-09 08:29:16""",64948,118645,118645,0,50000,-0.0032,0.0400,+0.0,+0.0000,NONE,RUNNING
"=""2026-08-09 08:29:17""",64948,118645,118645,0,50000,-0.0032,0.0400,+0.0,+0.0000,NONE,RUNNING
"=""2026-08-09 08:29:18""",64948,118645,118645,0,50000,-0.0032,0.0400,+0.0,+0.0000,NONE,RUNNING
"=""2026-08-09 08:29:19""",64948,118645,118645,0,50000,-0.0032,0.0400,+0.0,+0.0000,NONE,RUNNING
"=""2026-08-09 08:29:20""",64948,167226,167226,0,50000,-0.0024,0.0400,+0.0,+0.0000,NONE,RUNNING
"=""2026-08-09 08:29:21""",64948,167226,167226,0,50000,-0.0024,0.0400,+0.0,+0.0000,NONE,RUNNING
"=""2026-08-09 08:29:22""",64948,167226,167226,0,50000,-0.0024,0.0400,+0.0,+0.0000,NONE,RUNNING
"=""2026-08-09 08:29:23""",64948,167226,167226,0,50000,-0.0025,0.0400,+0.0,+0.0000,NONE,RUNNING
"=""2026-08-09 08:29:24""",64948,167226,167226,0,50000,-0.0025,0.0400,+0.0,+0.0000,NONE,RUNNING
"=""2026-08-09 08:29:25""",64947,167226,167226,0,50000,-0.0007,0.0400,+0.0,+0.0000,NONE,RUNNING
"=""2026-08-09 08:29:26""",64947,167226,167226,0,50000,-0.0007,0.0400,+0.0,+0.0000,NONE,RUNNING
"=""2026-08-09 08:29:27""",64947,167226,167226,0,50000,-0.0005,0.0400,+0.0,+0.0000,NONE,RUNNING
"=""2026-08-09 08:29:28""",64947,167226,167226,0,50000,-0.0008,0.0400,+0.0,+0.0000,NONE,RUNNING
"=""2026-08-09 08:29:29""",64947,167226,167226,0,50000,-0.0008,0.0400,+0.0,+0.0000,NONE,RUNNING
"=""2026-08-09 08:29:30""",64947,167226,167226,0,50000,-0.0008,0.0400,+0.0,+0.0000,NONE,RUNNING
"=""2026-08-09 08:29:31""",64947,167226,167226,0,50000,-0.0008,0.0400,+0.0,+0.0000,NONE,RUNNING
"=""2026-08-09 08:29:32""",64947,167226,167226,0,50000,-0.0008,0.0400,+0.0,+0.0000,NONE,RUNNING
"=""2026-08-09 08:29:33""",64947,167226,167226,0,50000,-0.0008,0.0400,+0.0,+0.0000,NONE,RUNNING
"=""2026-08-09 08:29:34""",64947,167226,167226,0,50000,+0.0016,0.0400,+0.0,+0.0000,NONE,RUNNING
"=""2026-08-09 08:29:35""",64947,167226,167226,0,50000,+0.0016,0.0400,+0.0,+0.0000,NONE,RUNNING
"=""2026-08-09 08:29:36""",64947,167226,167226,0,50000,+0.0018,0.0400,+0.0,+0.0000,NONE,RUNNING
"=""2026-08-09 08:29:37""",64947,167226,167226,0,50000,+0.0020,0.0400,+0.0,+0.0000,NONE,RUNNING
"=""2026-08-09 08:29:38""",64945,211119,211119,0,50000,+0.0020,0.0400,+0.0,+0.0000,NONE,RUNNING
"=""2026-08-09 08:29:39""",64945,211119,211119,0,50000,+0.0023,0.0400,+0.0,+0.0000,NONE,RUNNING
"=""2026-08-09 08:29:40""",64945,211119,211119,0,50000,+0.0021,0.0400,+0.0,+0.0000,NONE,RUNNING
"=""2026-08-09 08:29:41""",64945,211119,211119,0,50000,+0.0021,0.0400,+0.0,+0.0000,NONE,RUNNING
"=""2026-08-09 08:29:42""",64945,211119,211119,0,50000,+0.0021,0.0400,+0.0,+0.0000,NONE,RUNNING
"=""2026-08-09 08:29:43""",64945,211119,211119,0,50000,+0.0021,0.0400,+0.0,+0.0000,NONE,RUNNING
"=""2026-08-09 08:29:44""",64945,125955,125955,0,50000,+0.0023,0.0400,+0.0,+0.0000,NONE,RUNNING
"=""2026-08-09 08:29:45""",64945,125955,125955,0,50000,+0.0023,0.0400,+0.0,+0.0000,NONE,RUNNING
"=""2026-08-09 08:29:46""",64944,191014,191014,0,50000,+0.0023,0.0400,+0.0,+0.0000,NONE,RUNNING
"=""2026-08-09 08:29:47""",64938,191014,191014,0,50000,+0.0023,0.0400,+0.0,+0.0000,NONE,RUNNING
"=""2026-08-09 08:29:48""",64938,180737,180737,0,50000,+0.0022,0.0400,+0.0,+0.0000,NONE,RUNNING
"=""2026-08-09 08:29:49""",64938,180737,180737,0,50000,+0.0022,0.0400,+0.0,+0.0000,NONE,RUNNING
"=""2026-08-09 08:29:50""",64938,157533,157533,0,50000,+0.0022,0.0400,+0.0,+0.0000,NONE,RUNNING
"=""2026-08-09 08:29:51""",64938,157533,157533,0,50000,+0.0022,0.0400,+0.0,+0.0000,NONE,RUNNING
"=""2026-08-09 08:29:52""",64938,157533,157533,0,50000,+0.0020,0.0400,+0.0,+0.0000,NONE,RUNNING
"=""2026-08-09 08:29:53""",64938,157533,157533,0,50000,+0.0020,0.0400,+0.0,+0.0000,NONE,RUNNING
"=""2026-08-09 08:29:54""",64938,157533,157533,0,50000,+0.0020,0.0400,+0.0,+0.0000,NONE,RUNNING
"=""2026-08-09 08:29:55""",64938,157533,157533,0,50000,+0.0020,0.0400,+0.0,+0.0000,NONE,RUNNING
"=""2026-08-09 08:29:56""",64938,157533,157533,0,50000,+0.0020,0.0400,+0.0,+0.0000,NONE,RUNNING
"=""2026-08-09 08:29:57""",64938,157533,157533,0,50000,+0.0034,0.0400,+0.0,+0.0000,NONE,RUNNING
"=""2026-08-09 08:29:58""",64938,157533,157533,0,50000,+0.0034,0.0400,+0.0,+0.0000,NONE,RUNNING
"=""2026-08-09 08:29:59""",64938,157533,157533,0,50000,+0.0035,0.0400,+0.0,+0.0000,NONE,RUNNING
"=""2026-08-09 08:30:00""",64938,157533,157533,0,50000,+0.0035,0.0400,+0.0,+0.0000,NONE,RUNNING
"=""2026-08-09 08:30:01""",64938,157533,157533,0,50000,+0.0035,0.0400,+0.0,+0.0000,NONE,RUNNING
"=""2026-08-09 08:30:02""",64938,157533,157533,0,50000,+0.0034,0.0400,+0.0,+0.0000,NONE,RUNNING
"=""2026-08-09 08:30:03""",64938,157533,157533,0,50000,+0.0034,0.0400,+0.0,+0.0000,NONE,RUNNING
"=""2026-08-09 08:30:04""",64938,157533,157533,0,50000,+0.0034,0.0400,+0.0,+0.0000,NONE,RUNNING
"=""2026-08-09 08:30:05""",64938,157533,157533,0,50000,+0.0034,0.0400,+0.0,+0.0000,NONE,RUNNING
"=""2026-08-09 08:30:06""",64938,157533,157533,0,50000,+0.0036,0.0400,+0.0,+0.0000,NONE,RUNNING
"=""2026-08-09 08:30:07""",64938,157533,157533,0,50000,+0.0036,0.0400,+0.0,+0.0000,NONE,RUNNING
"=""2026-08-09 08:30:08""",64938,157533,157533,0,50000,+0.0065,0.0400,+0.0,+0.0000,NONE,RUNNING
"=""2026-08-09 08:30:09""",64938,157533,157533,0,50000,+0.0065,0.0400,+0.0,+0.0000,NONE,RUNNING
"=""2026-08-09 08:30:10""",64938,157533,157533,0,50000,+0.0065,0.0400,+0.0,+0.0000,NONE,RUNNING
"=""2026-08-09 08:30:11""",64938,157533,157533,0,50000,+0.0063,0.0400,+0.0,+0.0000,NONE,RUNNING
"=""2026-08-09 08:30:12""",64938,157533,157533,0,50000,+0.0065,0.0400,+0.0,+0.0000,NONE,RUNNING
"=""2026-08-09 08:30:13""",64938,157533,157533,0,50000,+0.0065,0.0400,+0.0,+0.0000,NONE,RUNNING
"=""2026-08-09 08:31:13""",64938,0,0,0,50000,+0.0055,0.0400,+0.0,+0.0000,NONE,RUNNING
"=""2026-08-09 08:32:13""",64938,0,0,0,50000,-0.0036,0.0400,+0.0,+0.0000,NONE,RUNNING
"=""2026-08-09 08:33:13""",64938,154482,0,154482,50000,-0.0035,0.0400,+0.0,+0.0000,NONE,RUNNING
"=""2026-08-09 08:34:13""",64944,297178,0,297178,50000,+0.0013,0.0400,+0.0,+0.0000,NONE,RUNNING
"=""2026-08-09 08:35:14""",64948,473986,0,473986,50000,-0.0046,0.0400,+0.0,+0.0000,NONE,RUNNING
"=""2026-08-09 08:36:14""",64962,23097,0,23097,50000,+0.0084,0.0400,+0.0,+0.0000,NONE,RUNNING
"=""2026-08-09 08:37:06""",64975,442432,0,442432,50000,-0.0209,0.0400,+0.0,+0.0000,NONE,RUNNING
"=""2026-08-09 08:37:07""",64975,442432,0,442432,50000,-0.0209,0.0400,+0.0,+0.0000,NONE,RUNNING
"=""2026-08-09 08:37:08""",64975,442432,0,442432,50000,-0.0209,0.0400,+0.0,+0.0000,NONE,RUNNING
"=""2026-08-09 08:37:09""",64975,468011,0,468011,50000,-0.0209,0.0400,+0.0,+0.0000,NONE,RUNNING
"=""2026-08-09 08:37:10""",64975,468011,0,468011,50000,-0.0210,0.0400,+0.0,+0.0000,NONE,RUNNING
"=""2026-08-09 08:37:11""",64975,468011,0,468011,50000,-0.0210,0.0400,+0.0,+0.0000,NONE,RUNNING
"=""2026-08-09 08:37:12""",64975,468011,0,468011,50000,-0.0210,0.0400,+0.0,+0.0000,NONE,RUNNING
"=""2026-08-09 08:37:13""",64975,468011,0,468011,50000,-0.0210,0.0400,+0.0,+0.0000,NONE,RUNNING
"=""2026-08-09 08:37:14""",64975,468011,0,468011,50000,-0.0210,0.0400,+0.0,+0.0000,NONE,RUNNING
"=""2026-08-09 08:37:15""",64975,25578,0,25578,50000,-0.0209,0.0400,+0.0,+0.0000,NONE,RUNNING
"=""2026-08-09 08:37:16""",64975,25578,0,25578,50000,-0.0210,0.0400,+0.0,+0.0000,NONE,RUNNING
"=""2026-08-09 08:37:17""",64975,25578,0,25578,50000,-0.0210,0.0400,+0.0,+0.0000,NONE,RUNNING
"=""2026-08-09 08:37:18""",64975,25578,0,25578,50000,-0.0210,0.0400,+0.0,+0.0000,NONE,RUNNING
"=""2026-08-09 08:37:19""",64975,25578,0,25578,50000,-0.0197,0.0400,+0.0,+0.0000,NONE,RUNNING
"=""2026-08-09 08:37:20""",64975,25578,0,25578,50000,-0.0197,0.0400,+0.0,+0.0000,NONE,RUNNING
"=""2026-08-09 08:37:21""",64975,25578,0,25578,50000,-0.0197,0.0400,+0.0,+0.0000,NONE,RUNNING
"=""2026-08-09 08:37:22""",64975,25578,0,25578,50000,-0.0194,0.0400,+0.0,+0.0000,NONE,RUNNING
"=""2026-08-09 08:37:23""",64975,25578,0,25578,50000,-0.0194,0.0400,+0.0,+0.0000,NONE,RUNNING
"=""2026-08-09 08:37:24""",64975,25578,0,25578,50000,-0.0194,0.0400,+0.0,+0.0000,NONE,RUNNING
"=""2026-08-09 08:37:25""",64975,25578,0,25578,50000,-0.0194,0.0400,+0.0,+0.0000,NONE,RUNNING
"=""2026-08-09 08:37:26""",64975,25578,0,25578,50000,-0.0194,0.0400,+0.0,+0.0000,NONE,RUNNING
"=""2026-08-09 08:37:27""",64975,25578,0,25578,50000,-0.0194,0.0400,+0.0,+0.0000,NONE,RUNNING
"=""2026-08-09 08:37:28""",64975,25578,0,25578,50000,-0.0194,0.0400,+0.0,+0.0000,NONE,RUNNING
"=""2026-08-09 08:37:29""",64975,25578,0,25578,50000,-0.0194,0.0400,+0.0,+0.0000,NONE,RUNNING
"=""2026-08-09 08:37:30""",64975,25578,0,25578,50000,-0.0194,0.0400,+0.0,+0.0000,NONE,RUNNING
"=""2026-08-09 08:37:31""",64975,25578,0,25578,50000,-0.0195,0.0400,+0.0,+0.0000,NONE,RUNNING
"=""2026-08-09 08:37:32""",64975,25578,0,25578,50000,-0.0195,0.0400,+0.0,+0.0000,NONE,RUNNING
"=""2026-08-09 08:37:33""",64975,25578,0,25578,50000,-0.0195,0.0400,+0.0,+0.0000,NONE,RUNNING
"=""2026-08-09 08:37:34""",64975,25578,0,25578,50000,-0.0195,0.0400,+0.0,+0.0000,NONE,RUNNING
"=""2026-08-09 08:37:35""",64975,25578,0,25578,50000,-0.0195,0.0400,+0.0,+0.0000,NONE,RUNNING
"=""2026-08-09 08:37:36""",64975,25578,0,25578,50000,-0.0195,0.0400,+0.0,+0.0000,NONE,RUNNING
"=""2026-08-09 08:37:37""",64975,25578,0,25578,50000,-0.0146,0.0400,+0.0,+0.0000,NONE,RUNNING
"=""2026-08-09 08:37:38""",64975,25578,0,25578,50000,-0.0146,0.0400,+0.0,+0.0000,NONE,RUNNING
"=""2026-08-09 08:37:39""",64975,25578,0,25578,50000,-0.0146,0.0400,+0.0,+0.0000,NONE,RUNNING
"=""2026-08-09 08:37:40""",64975,25578,0,25578,50000,-0.0146,0.0400,+0.0,+0.0000,NONE,RUNNING
"=""2026-08-09 08:37:41""",64975,25578,0,25578,50000,-0.0146,0.0400,+0.0,+0.0000,NONE,RUNNING
"=""2026-08-09 08:37:42""",64975,25578,0,25578,50000,-0.0154,0.0400,+0.0,+0.0000,NONE,RUNNING
"=""2026-08-09 08:37:43""",64975,25578,0,25578,50000,-0.0154,0.0400,+0.0,+0.0000,NONE,RUNNING
"=""2026-08-09 08:37:44""",64975,25578,0,25578,50000,-0.0154,0.0400,+0.0,+0.0000,NONE,RUNNING
"=""2026-08-09 08:37:45""",64975,25578,0,25578,50000,-0.0154,0.0400,+0.0,+0.0000,NONE,RUNNING
"=""2026-08-09 08:37:46""",64975,25578,0,25578,50000,-0.0154,0.0400,+0.0,+0.0000,NONE,RUNNING
"=""2026-08-09 08:37:47""",64975,25578,0,25578,50000,-0.0154,0.0400,+0.0,+0.0000,NONE,RUNNING
"=""2026-08-09 08:37:48""",64975,25578,0,25578,50000,-0.0154,0.0400,+0.0,+0.0000,NONE,RUNNING
"=""2026-08-09 08:37:49""",64975,25578,0,25578,50000,-0.0154,0.0400,+0.0,+0.0000,NONE,RUNNING
"=""2026-08-09 08:37:50""",64975,25578,0,25578,50000,-0.0154,0.0400,+0.0,+0.0000,NONE,RUNNING
"=""2026-08-09 08:37:51""",64975,25578,0,25578,50000,-0.0154,0.0400,+0.0,+0.0000,NONE,RUNNING
"=""2026-08-09 08:37:52""",64975,25578,0,25578,50000,-0.0154,0.0400,+0.0,+0.0000,NONE,RUNNING
"=""2026-08-09 08:37:53""",64975,25578,0,25578,50000,-0.0155,0.0400,+0.0,+0.0000,NONE,RUNNING
"=""2026-08-09 08:37:54""",64975,25578,0,25578,50000,-0.0155,0.0400,+0.0,+0.0000,NONE,RUNNING
"=""2026-08-09 08:37:55""",64975,25578,0,25578,50000,-0.0155,0.0400,+0.0,+0.0000,NONE,RUNNING
"=""2026-08-09 08:37:56""",64975,25578,0,25578,50000,-0.0153,0.0400,+0.0,+0.0000,NONE,RUNNING
"=""2026-08-09 08:37:57""",64975,25578,0,25578,50000,-0.0153,0.0400,+0.0,+0.0000,NONE,RUNNING
"=""2026-08-09 08:37:58""",64975,25578,0,25578,50000,-0.0107,0.0400,+0.0,+0.0000,NONE,RUNNING
"=""2026-08-09 08:37:59""",64975,25578,0,25578,50000,-0.0107,0.0400,+0.0,+0.0000,NONE,RUNNING
"=""2026-08-09 08:38:00""",64975,25578,0,25578,50000,-0.0107,0.0400,+0.0,+0.0000,NONE,RUNNING
"=""2026-08-09 08:38:01""",64975,25578,0,25578,50000,-0.0114,0.0400,+0.0,+0.0000,NONE,RUNNING
"=""2026-08-09 08:38:02""",64975,25578,0,25578,50000,+0.0032,0.0400,+0.0,+0.0000,NONE,RUNNING
"=""2026-08-09 08:38:03""",64975,25578,0,25578,50000,+0.0032,0.0400,+0.0,+0.0000,NONE,RUNNING
"=""2026-08-09 08:38:04""",64975,25578,0,25578,50000,+0.0041,0.0400,+0.0,+0.0000,NONE,RUNNING
"=""2026-08-09 08:38:05""",64975,25578,0,25578,50000,+0.0041,0.0400,+0.0,+0.0000,NONE,RUNNING
"=""2026-08-09 08:38:06""",64975,25578,0,25578,50000,+0.0041,0.0400,+0.0,+0.0000,NONE,RUNNING
"=""2026-08-09 08:38:07""",64975,25578,0,25578,50000,+0.0041,0.0400,+0.0,+0.0000,NONE,RUNNING
"=""2026-08-09 08:38:08""",64975,0,0,0,50000,+0.0041,0.0400,+0.0,+0.0000,NONE,RUNNING
"=""2026-08-09 08:38:09""",64975,0,0,0,50000,+0.0041,0.0400,+0.0,+0.0000,NONE,RUNNING
"=""2026-08-09 08:38:10""",64975,0,0,0,50000,+0.0041,0.0400,+0.0,+0.0000,NONE,RUNNING
"=""2026-08-09 08:38:11""",64975,0,0,0,50000,+0.0041,0.0400,+0.0,+0.0000,NONE,RUNNING
"=""2026-08-09 08:38:12""",64975,0,0,0,50000,+0.0041,0.0400,+0.0,+0.0000,NONE,RUNNING
"=""2026-08-09 08:38:13""",64975,0,0,0,50000,+0.0041,0.0400,+0.0,+0.0000,NONE,RUNNING
"=""2026-08-09 08:38:14""",64975,0,0,0,50000,+0.0040,0.0400,+0.0,+0.0000,NONE,RUNNING
"=""2026-08-09 08:38:15""",64975,0,0,0,50000,+0.0039,0.0400,+0.0,+0.0000,NONE,RUNNING
"=""2026-08-09 08:38:16""",64975,0,0,0,50000,+0.0039,0.0400,+0.0,+0.0000,NONE,RUNNING
"=""2026-08-09 08:38:17""",64975,0,0,0,50000,+0.0039,0.0400,+0.0,+0.0000,NONE,RUNNING
"=""2026-08-09 08:38:18""",64975,0,0,0,50000,+0.0039,0.0400,+0.0,+0.0000,NONE,RUNNING
"=""2026-08-09 08:39:19""",64975,0,0,0,50000,-0.0009,0.0400,+0.0,+0.0000,NONE,RUNNING
"=""2026-08-09 08:40:19""",64975,19403,0,19403,50000,-0.0002,0.0400,+0.0,+0.0000,NONE,RUNNING
"=""2026-08-09 08:41:19""",64975,0,0,0,50000,-0.0024,0.0400,+0.0,+0.0000,NONE,RUNNING
"=""2026-08-09 08:42:19""",64975,0,0,0,50000,-0.0036,0.0400,+0.0,+0.0000,NONE,RUNNING
"=""2026-08-09 08:43:19""",64975,0,0,0,50000,-0.0009,0.0400,+0.0,+0.0000,NONE,RUNNING
"=""2026-08-09 08:44:19""",64975,0,0,0,50000,-0.0066,0.0400,+0.0,+0.0000,NONE,RUNNING
"=""2026-08-09 08:45:19""",64970,653938,653938,0,50000,+0.0002,0.0400,+0.0,+0.0000,NONE,RUNNING
"=""2026-08-09 08:46:19""",64970,49808,49808,0,50000,+0.0016,0.0400,+0.0,+0.0000,NONE,RUNNING
"=""2026-08-09 08:47:19""",64970,46276,46276,0,50000,+0.0008,0.0400,+0.0,+0.0000,NONE,RUNNING
"=""2026-08-09 08:48:19""",64970,43751,0,43751,50000,+0.0006,0.0400,+0.0,+0.0000,NONE,RUNNING
"=""2026-08-09 08:49:19""",64972,469449,57627,411822,50000,-0.0008,0.0400,+0.0,+0.0000,NONE,RUNNING
"=""2026-08-09 08:50:19""",64974,227186,0,227186,50000,-0.0081,0.0400,+0.0,+0.0000,NONE,RUNNING
"=""2026-08-09 08:51:19""",64960,314306,303888,10418,50000,-0.0120,0.0400,+0.0,+0.0000,NONE,RUNNING
"=""2026-08-09 08:52:19""",64960,0,0,0,50000,+0.0023,0.0400,+0.0,+0.0000,NONE,RUNNING
"=""2026-08-09 08:53:19""",64960,27535,27535,0,50000,-0.0024,0.0400,+0.0,+0.0000,NONE,RUNNING
"=""2026-08-09 08:54:19""",64960,0,0,0,50000,+0.0001,0.0400,+0.0,+0.0000,NONE,RUNNING
"=""2026-08-09 08:55:19""",64965,40831,0,40831,50000,-0.0081,0.0400,+0.0,+0.0000,NONE,RUNNING
"=""2026-08-09 08:56:20""",64965,23318,23318,0,50000,-0.0001,0.0400,+0.0,+0.0000,NONE,RUNNING
"=""2026-08-09 08:57:20""",64958,358425,358425,0,50000,+0.0055,0.0400,+0.0,+0.0000,NONE,RUNNING
"=""2026-08-09 08:58:20""",64958,0,0,0,50000,-0.0049,0.0400,+0.0,+0.0000,NONE,RUNNING
"=""2026-08-09 08:59:20""",64957,527613,0,527613,50000,-0.0022,0.0400,+0.0,+0.0000,NONE,RUNNING
"=""2026-08-09 09:00:20""",64961,1166060,365232,800827,50000,-0.0023,0.0400,+0.0,+0.0000,NONE,RUNNING
"=""2026-08-09 09:01:20""",64961,64376,0,64376,50000,-0.0031,0.0400,+0.0,+0.0000,NONE,RUNNING
"=""2026-08-09 09:02:20""",64961,32480,32480,0,50000,-0.0002,0.0400,+0.0,+0.0000,NONE,RUNNING
"=""2026-08-09 09:03:20""",64961,0,0,0,50000,-0.0015,0.0400,+0.0,+0.0000,NONE,RUNNING
"=""2026-08-09 09:04:20""",64961,20917,0,20917,50000,-0.0015,0.0400,+0.0,+0.0000,NONE,RUNNING
"=""2026-08-09 09:05:20""",64964,435401,0,435401,50000,+0.0078,0.0400,+0.0,+0.0000,NONE,RUNNING
"=""2026-08-09 09:06:20""",64963,50646,35647,14999,50000,-0.0018,0.0400,+0.0,+0.0000,NONE,RUNNING
"=""2026-08-09 09:07:20""",64962,250505,250505,0,50000,-0.0014,0.0400,+0.0,+0.0000,NONE,RUNNING
"=""2026-08-09 09:08:20""",64962,0,0,0,50000,-0.0003,0.0400,+0.0,+0.0000,NONE,RUNNING
"=""2026-08-09 09:09:20""",64962,0,0,0,50000,-0.0006,0.0400,+0.0,+0.0000,NONE,RUNNING
"=""2026-08-09 09:10:20""",64963,72788,27290,45498,50000,-0.0065,0.0400,+0.0,+0.0000,NONE,RUNNING
"=""2026-08-09 09:11:20""",64969,186428,0,186428,50000,-0.0012,0.0400,+0.0,+0.0000,NONE,RUNNING
"=""2026-08-09 09:12:21""",64969,15397,0,15397,50000,-0.0044,0.0400,+0.0,+0.0000,NONE,RUNNING
"=""2026-08-09 09:13:21""",64969,32484,0,32484,50000,-0.0001,0.0400,+0.0,+0.0000,NONE,RUNNING
"=""2026-08-09 09:14:21""",64964,718613,686128,32484,50000,-0.0010,0.0400,+0.0,+0.0000,NONE,RUNNING
"=""2026-08-09 09:15:21""",64960,990020,957540,32480,50000,-0.0012,0.0400,+0.0,+0.0000,NONE,RUNNING
"=""2026-08-09 09:16:21""",64960,0,0,0,50000,+0.0001,0.0400,+0.0,+0.0000,NONE,RUNNING
"=""2026-08-09 09:17:21""",64958,299842,289832,10009,50000,-0.0002,0.0400,+0.0,+0.0000,NONE,RUNNING
"=""2026-08-09 09:18:21""",64958,0,0,0,50000,-0.0002,0.0400,+0.0,+0.0000,NONE,RUNNING
"=""2026-08-09 09:19:21""",64963,159434,0,159434,50000,-0.0020,0.0400,+0.0,+0.0000,NONE,RUNNING
"=""2026-08-09 09:20:21""",64967,22229,0,22229,50000,-0.0107,0.0400,+0.0,+0.0000,NONE,RUNNING
"=""2026-08-09 09:21:21""",64966,17145,17145,0,50000,+0.0067,0.0400,+0.0,+0.0000,NONE,RUNNING
"=""2026-08-09 09:22:21""",64966,0,0,0,50000,+0.0011,0.0400,+0.0,+0.0000,NONE,RUNNING
"=""2026-08-09 09:23:21""",64966,64752,39032,25719,50000,-0.0007,0.0400,+0.0,+0.0000,NONE,RUNNING
"=""2026-08-09 09:24:21""",64966,337692,0,337692,50000,-0.0002,0.0400,+0.0,+0.0000,NONE,RUNNING
"=""2026-08-09 09:25:21""",64969,581373,0,581373,50000,-0.0037,0.0400,+0.0,+0.0000,NONE,RUNNING
"=""2026-08-09 09:26:21""",64969,12499,0,12499,50000,-0.0011,0.0400,+0.0,+0.0000,NONE,RUNNING
"=""2026-08-09 09:27:21""",64969,41944,41944,0,50000,-0.0028,0.0400,+0.0,+0.0000,NONE,RUNNING
"=""2026-08-09 09:28:21""",64969,0,0,0,50000,-0.0003,0.0400,+0.0,+0.0000,NONE,RUNNING
"=""2026-08-09 09:29:21""",64969,0,0,0,50000,-0.0005,0.0400,+0.0,+0.0000,NONE,RUNNING
"=""2026-08-09 09:30:21""",64969,0,0,0,50000,+0.0038,0.0400,+0.0,+0.0000,NONE,RUNNING
"=""2026-08-09 09:31:22""",64969,11337,0,11337,50000,+0.0016,0.0400,+0.0,+0.0000,NONE,RUNNING
"=""2026-08-09 09:32:22""",64969,0,0,0,50000,+0.0001,0.0400,+0.0,+0.0000,NONE,RUNNING
"=""2026-08-09 09:33:22""",64969,0,0,0,50000,-0.0009,0.0400,+0.0,+0.0000,NONE,RUNNING
"=""2026-08-09 09:34:22""",64969,0,0,0,50000,-0.0040,0.0400,+0.0,+0.0000,NONE,RUNNING
"=""2026-08-09 09:35:22""",64970,269035,0,269035,50000,-0.0024,0.0400,+0.0,+0.0000,NONE,RUNNING
"=""2026-08-09 09:36:22""",64970,0,0,0,50000,+0.0003,0.0400,+0.0,+0.0000,NONE,RUNNING
"=""2026-08-09 09:37:22""",64980,55280,0,55280,50000,-0.0044,0.0400,+0.0,+0.0000,NONE,RUNNING
"=""2026-08-09 09:38:22""",64991,671601,0,671601,50000,-0.0015,0.0400,+0.0,+0.0000,NONE,RUNNING
"=""2026-08-09 09:39:22""",64991,27467,27467,0,50000,-0.0007,0.0400,+0.0,+0.0000,NONE,RUNNING
"=""2026-08-09 09:40:22""",64988,105211,105211,0,50000,+0.0033,0.0400,+0.0,+0.0000,NONE,RUNNING
"=""2026-08-09 09:41:22""",64988,29046,29046,0,50000,-0.0012,0.0400,+0.0,+0.0000,NONE,RUNNING
"=""2026-08-09 09:42:22""",64977,159201,159201,0,50000,+0.0005,0.0400,+0.0,+0.0000,NONE,RUNNING
"=""2026-08-09 09:43:22""",64977,0,0,0,50000,+0.0117,0.0400,+0.0,+0.0000,NONE,RUNNING
"=""2026-08-09 09:44:22""",64977,0,0,0,50000,-0.0004,0.0400,+0.0,+0.0000,NONE,RUNNING
"=""2026-08-09 09:45:22""",64977,258678,0,258678,50000,-0.0026,0.0400,+0.0,+0.0000,NONE,RUNNING
"=""2026-08-09 09:46:22""",64977,34745,34745,0,50000,+0.0004,0.0400,+0.0,+0.0000,NONE,RUNNING
"=""2026-08-09 09:47:22""",64977,0,0,0,50000,-0.0003,0.0400,+0.0,+0.0000,NONE,RUNNING
"=""2026-08-09 09:48:22""",64977,0,0,0,50000,+0.0021,0.0400,+0.0,+0.0000,NONE,RUNNING
"=""2026-08-09 09:49:22""",64968,415440,415440,0,50000,+0.0045,0.0400,+0.0,+0.0000,NONE,RUNNING
"=""2026-08-09 09:50:23""",64966,13141,13141,0,50000,-0.0012,0.0400,+0.0,+0.0000,NONE,RUNNING
"=""2026-08-09 09:51:23""",64966,10000,0,10000,50000,+0.0002,0.0400,+0.0,+0.0000,NONE,RUNNING
"=""2026-08-09 09:52:23""",64966,128759,19698,109061,50000,-0.0015,0.0400,+0.0,+0.0000,NONE,RUNNING
"=""2026-08-09 09:53:23""",64965,208031,208031,0,50000,-0.0013,0.0400,+0.0,+0.0000,NONE,RUNNING
"=""2026-08-09 09:54:23""",64965,252213,0,252213,50000,-0.0016,0.0400,+0.0,+0.0000,NONE,RUNNING
"=""2026-08-09 09:55:23""",64970,370964,0,370964,50000,-0.0045,0.0400,+0.0,+0.0000,NONE,RUNNING
"=""2026-08-09 09:56:23""",64972,159293,62883,96409,50000,-0.0017,0.0400,+0.0,+0.0000,NONE,RUNNING
"=""2026-08-09 09:57:23""",64972,101749,11821,89927,50000,+0.0013,0.0400,+0.0,+0.0000,NONE,RUNNING
"=""2026-08-09 09:58:23""",64977,149683,25987,123695,50000,+0.0175,0.0400,+0.0,+0.0000,NONE,RUNNING
"=""2026-08-09 09:59:23""",64980,603550,509803,93747,50000,-0.0017,0.0400,+0.0,+0.0000,NONE,RUNNING
"=""2026-08-09 09:59:57""",64973,2223850,1866831,357018,50000,+0.0257,0.0400,+0.0,+0.0000,NONE,RUNNING
"=""2026-08-09 09:59:58""",64973,2223850,1866831,357018,50000,+0.0257,0.0400,+0.0,+0.0000,NONE,RUNNING
"=""2026-08-09 09:59:59""",64973,2210810,1853791,357018,50000,+0.0257,0.0400,+0.0,+0.0000,NONE,RUNNING
"=""2026-08-09 10:00:00""",64973,2197769,1840751,357018,50000,+0.0257,0.0400,+0.0,+0.0000,NONE,RUNNING
"=""2026-08-09 10:00:01""",64973,2184729,1827710,357018,50000,+0.0257,0.0400,+0.0,+0.0000,NONE,RUNNING
"=""2026-08-09 10:00:02""",64973,2171689,1814670,357018,50000,+0.0257,0.0400,+0.0,+0.0000,NONE,RUNNING
"=""2026-08-09 10:00:03""",64973,2158648,1801630,357018,50000,+0.0257,0.0400,+0.0,+0.0000,NONE,RUNNING
"=""2026-08-09 10:00:04""",64973,2145608,1788590,357018,50000,+0.0273,0.0400,+0.0,+0.0000,NONE,RUNNING
"=""2026-08-09 10:00:05""",64973,2132568,1775549,357018,50000,+0.0273,0.0400,+0.0,+0.0000,NONE,RUNNING
"=""2026-08-09 10:00:06""",64973,2119527,1762509,357018,50000,+0.0289,0.0400,+0.0,+0.0000,NONE,RUNNING
"=""2026-08-09 10:00:07""",64973,2106487,1749469,357018,50000,+0.0289,0.0400,+0.0,+0.0000,NONE,RUNNING
"=""2026-08-09 10:00:08""",64973,2093447,1736428,357018,50000,+0.0289,0.0400,+0.0,+0.0000,NONE,RUNNING
"=""2026-08-09 10:00:09""",64973,2275819,1918801,357018,50000,+0.0282,0.0400,+0.0,+0.0000,NONE,RUNNING
"=""2026-08-09 10:00:10""",64972,2262779,1905761,357018,50000,+0.0282,0.0400,+0.0,+0.0000,NONE,RUNNING
"=""2026-08-09 10:00:11""",64972,2249739,1892721,357018,50000,+0.0282,0.0400,+0.0,+0.0000,NONE,RUNNING
"=""2026-08-09 10:00:12""",64972,2236699,1879681,357018,50000,+0.0282,0.0400,+0.0,+0.0000,NONE,RUNNING
"=""2026-08-09 10:00:13""",64972,2223659,1866641,357018,50000,+0.0276,0.0400,+0.0,+0.0000,NONE,RUNNING
"=""2026-08-09 10:00:14""",64972,2210620,1853601,357018,50000,+0.0302,0.0400,+0.0,+0.0000,NONE,RUNNING
"=""2026-08-09 10:00:15""",64972,2197579,1840560,357018,50000,+0.0302,0.0400,+0.0,+0.0000,NONE,RUNNING
"=""2026-08-09 10:00:16""",64972,2184538,1827520,357018,50000,+0.0281,0.0400,+0.0,+0.0000,NONE,RUNNING
"=""2026-08-09 10:00:17""",64972,2171498,1814479,357018,50000,+0.0285,0.0400,+0.0,+0.0000,NONE,RUNNING
"=""2026-08-09 10:00:18""",64972,2158457,1801439,357018,50000,+0.0285,0.0400,+0.0,+0.0000,NONE,RUNNING
"=""2026-08-09 10:00:19""",64972,2145417,1788398,357018,50000,+0.0284,0.0400,+0.0,+0.0000,NONE,RUNNING
"=""2026-08-09 10:00:20""",64972,2079235,1775357,303877,50000,+0.0284,0.0400,+0.0,+0.0000,NONE,RUNNING
"=""2026-08-09 10:00:21""",64972,2001216,1697338,303877,50000,+0.0284,0.0400,+0.0,+0.0000,NONE,RUNNING
"=""2026-08-09 10:00:22""",64972,1947568,1684297,263271,50000,+0.0283,0.0400,+0.0,+0.0000,NONE,RUNNING
"=""2026-08-09 10:00:23""",64972,1869546,1606274,263271,50000,+0.0277,0.0400,+0.0,+0.0000,NONE,RUNNING
"=""2026-08-09 10:00:24""",64972,1856504,1593233,263271,50000,+0.0277,0.0400,+0.0,+0.0000,NONE,RUNNING
"=""2026-08-09 10:00:25""",64972,1778482,1515210,263271,50000,+0.0277,0.0400,+0.0,+0.0000,NONE,RUNNING
"=""2026-08-09 10:00:26""",64972,1765440,1502169,263271,50000,+0.0277,0.0400,+0.0,+0.0000,NONE,RUNNING
"=""2026-08-09 10:00:27""",64972,1752398,1489127,263271,50000,+0.0083,0.0400,+0.0,+0.0000,NONE,RUNNING
"=""2026-08-09 10:00:28""",64972,1674376,1411105,263271,50000,+0.0082,0.0400,+0.0,+0.0000,NONE,RUNNING
"=""2026-08-09 10:00:29""",64972,1661334,1398063,263271,50000,+0.0082,0.0400,+0.0,+0.0000,NONE,RUNNING
"=""2026-08-09 10:00:30""",64972,1583312,1320041,263271,50000,+0.0082,0.0400,+0.0,+0.0000,NONE,RUNNING
"=""2026-08-09 10:00:31""",64972,1570270,1306999,263271,50000,+0.0082,0.0400,+0.0,+0.0000,NONE,RUNNING
"=""2026-08-09 10:00:32""",64972,1492248,1228977,263271,50000,+0.0082,0.0400,+0.0,+0.0000,NONE,RUNNING
"=""2026-08-09 10:00:33""",64972,1479206,1215935,263271,50000,+0.0081,0.0400,+0.0,+0.0000,NONE,RUNNING
"=""2026-08-09 10:00:34""",64972,1466165,1202894,263271,50000,+0.0081,0.0400,+0.0,+0.0000,NONE,RUNNING
"=""2026-08-09 10:00:35""",64972,1453123,1189852,263271,50000,+0.0081,0.0400,+0.0,+0.0000,NONE,RUNNING
"=""2026-08-09 10:00:36""",64972,1440082,1176810,263271,50000,+0.0081,0.0400,+0.0,+0.0000,NONE,RUNNING
"=""2026-08-09 10:00:37""",64972,1164172,900901,263271,50000,+0.0081,0.0400,+0.0,+0.0000,NONE,RUNNING
"=""2026-08-09 10:00:38""",64972,1051969,626267,425701,50000,+0.0081,0.0400,+0.0,+0.0000,NONE,RUNNING
"=""2026-08-09 10:00:39""",64972,762326,336625,425701,50000,+0.0113,0.0400,+0.0,+0.0000,NONE,RUNNING
"=""2026-08-09 10:00:40""",64972,701027,275326,425701,50000,+0.0113,0.0400,+0.0,+0.0000,NONE,RUNNING
"=""2026-08-09 10:00:41""",64972,687987,262286,425701,50000,+0.0113,0.0400,+0.0,+0.0000,NONE,RUNNING
"=""2026-08-09 10:00:42""",64972,674947,249246,425701,50000,+0.0116,0.0400,+0.0,+0.0000,NONE,RUNNING
"=""2026-08-09 10:00:43""",64972,674947,249246,425701,50000,+0.0115,0.0400,+0.0,+0.0000,NONE,RUNNING
"=""2026-08-09 10:00:44""",64972,674947,249246,425701,50000,+0.0125,0.0400,+0.0,+0.0000,NONE,RUNNING
"=""2026-08-09 10:00:45""",64972,674947,249246,425701,50000,+0.0125,0.0400,+0.0,+0.0000,NONE,RUNNING
"=""2026-08-09 10:00:46""",64972,674947,249246,425701,50000,+0.0125,0.0400,+0.0,+0.0000,NONE,RUNNING
"=""2026-08-09 10:00:47""",64972,674947,249246,425701,50000,+0.0125,0.0400,+0.0,+0.0000,NONE,RUNNING
"=""2026-08-09 10:00:48""",64972,674947,249246,425701,50000,+0.0140,0.0400,+0.0,+0.0000,NONE,RUNNING
"=""2026-08-09 10:00:49""",64972,674947,249246,425701,50000,+0.0140,0.0400,+0.0,+0.0000,NONE,RUNNING
"=""2026-08-09 10:00:50""",64972,674947,249246,425701,50000,+0.0140,0.0400,+0.0,+0.0000,NONE,RUNNING
"=""2026-08-09 10:00:51""",64972,674947,249246,425701,50000,+0.0145,0.0400,+0.0,+0.0000,NONE,RUNNING
"=""2026-08-09 10:00:52""",64972,411676,249246,162430,50000,+0.0145,0.0400,+0.0,+0.0000,NONE,RUNNING
"=""2026-08-09 10:00:53""",64972,411676,249246,162430,50000,+0.0144,0.0400,+0.0,+0.0000,NONE,RUNNING
"=""2026-08-09 10:00:54""",64972,411676,249246,162430,50000,+0.0144,0.0400,+0.0,+0.0000,NONE,RUNNING
"=""2026-08-09 10:00:55""",64972,411676,249246,162430,50000,+0.0143,0.0400,+0.0,+0.0000,NONE,RUNNING
"=""2026-08-09 10:00:56""",64972,411676,249246,162430,50000,+0.0143,0.0400,+0.0,+0.0000,NONE,RUNNING
"=""2026-08-09 10:00:57""",64972,411676,249246,162430,50000,-0.0004,0.0400,+0.0,+0.0000,NONE,RUNNING
"=""2026-08-09 10:00:58""",64972,411676,249246,162430,50000,-0.0004,0.0400,+0.0,+0.0000,NONE,RUNNING
"=""2026-08-09 10:00:59""",64972,411676,249246,162430,50000,-0.0004,0.0400,+0.0,+0.0000,NONE,RUNNING
"=""2026-08-09 10:01:00""",64972,411676,249246,162430,50000,-0.0004,0.0400,+0.0,+0.0000,NONE,RUNNING
"=""2026-08-09 10:01:01""",64972,411676,249246,162430,50000,-0.0004,0.0400,+0.0,+0.0000,NONE,RUNNING
"=""2026-08-09 10:01:02""",64972,411676,249246,162430,50000,-0.0004,0.0400,+0.0,+0.0000,NONE,RUNNING
"=""2026-08-09 10:01:03""",64972,411676,249246,162430,50000,-0.0021,0.0400,+0.0,+0.0000,NONE,RUNNING
"=""2026-08-09 10:01:04""",64972,411676,249246,162430,50000,-0.0021,0.0400,+0.0,+0.0000,NONE,RUNNING
"=""2026-08-09 10:01:05""",64972,411676,249246,162430,50000,-0.0028,0.0400,+0.0,+0.0000,NONE,RUNNING
"=""2026-08-09 10:01:06""",64972,411676,249246,162430,50000,-0.0028,0.0400,+0.0,+0.0000,NONE,RUNNING
"=""2026-08-09 10:01:07""",64972,411676,249246,162430,50000,-0.0044,0.0400,+0.0,+0.0000,NONE,RUNNING
"=""2026-08-09 10:01:08""",64972,411676,249246,162430,50000,-0.0044,0.0400,+0.0,+0.0000,NONE,RUNNING
"=""2026-08-09 10:01:09""",64972,162430,0,162430,50000,-0.0042,0.0400,+0.0,+0.0000,NONE,RUNNING
"=""2026-08-09 10:01:10""",64972,162430,0,162430,50000,-0.0042,0.0400,+0.0,+0.0000,NONE,RUNNING
"=""2026-08-09 10:01:11""",64972,162430,0,162430,50000,-0.0042,0.0400,+0.0,+0.0000,NONE,RUNNING
"=""2026-08-09 10:01:12""",64972,162430,0,162430,50000,-0.0042,0.0400,+0.0,+0.0000,NONE,RUNNING
"=""2026-08-09 10:01:13""",64972,162430,0,162430,50000,-0.0035,0.0400,+0.0,+0.0000,NONE,RUNNING
"=""2026-08-09 10:01:14""",64972,162430,0,162430,50000,-0.0035,0.0400,+0.0,+0.0000,NONE,RUNNING
"=""2026-08-09 10:01:15""",64972,162430,0,162430,50000,-0.0014,0.0400,+0.0,+0.0000,NONE,RUNNING
"=""2026-08-09 10:01:16""",64972,162430,0,162430,50000,-0.0016,0.0400,+0.0,+0.0000,NONE,RUNNING
"=""2026-08-09 10:01:17""",64972,162430,0,162430,50000,-0.0016,0.0400,+0.0,+0.0000,NONE,RUNNING
"=""2026-08-09 10:01:18""",64972,162430,0,162430,50000,-0.0015,0.0400,+0.0,+0.0000,NONE,RUNNING
"=""2026-08-09 10:01:19""",64972,162430,0,162430,50000,-0.0015,0.0400,+0.0,+0.0000,NONE,RUNNING
"=""2026-08-09 10:01:20""",64972,162430,0,162430,50000,-0.0015,0.0400,+0.0,+0.0000,NONE,RUNNING
"=""2026-08-09 10:01:21""",64972,162430,0,162430,50000,-0.0014,0.0400,+0.0,+0.0000,NONE,RUNNING
"=""2026-08-09 10:01:22""",64972,162430,0,162430,50000,-0.0014,0.0400,+0.0,+0.0000,NONE,RUNNING
"=""2026-08-09 10:01:23""",64972,162430,0,162430,50000,-0.0015,0.0400,+0.0,+0.0000,NONE,RUNNING
"=""2026-08-09 10:01:24""",64972,162430,0,162430,50000,-0.0015,0.0400,+0.0,+0.0000,NONE,RUNNING
"=""2026-08-09 10:01:25""",64972,162430,0,162430,50000,-0.0015,0.0400,+0.0,+0.0000,NONE,RUNNING
"=""2026-08-09 10:02:25""",64988,193561,0,193561,50000,+0.0039,0.0400,+0.0,+0.0000,NONE,RUNNING
"=""2026-08-09 10:03:26""",64995,513593,476024,37568,50000,+0.0081,0.0400,+0.0,+0.0000,NONE,RUNNING
"=""2026-08-09 10:04:26""",64995,0,0,0,50000,-0.0007,0.0400,+0.0,+0.0000,NONE,RUNNING
"=""2026-08-09 10:05:26""",64995,0,0,0,50000,-0.0000,0.0400,+0.0,+0.0000,NONE,RUNNING
"=""2026-08-09 10:06:26""",64995,0,0,0,50000,-0.0022,0.0400,+0.0,+0.0000,NONE,RUNNING
"=""2026-08-09 10:07:26""",64986,164266,164266,0,50000,+0.0022,0.0400,+0.0,+0.0000,NONE,RUNNING
"=""2026-08-09 10:08:26""",64986,0,0,0,50000,+0.0002,0.0400,+0.0,+0.0000,NONE,RUNNING
"=""2026-08-09 10:09:26""",64986,19986,19986,0,50000,-0.0034,0.0400,+0.0,+0.0000,NONE,RUNNING
"=""2026-08-09 10:10:26""",64983,186820,173823,12997,50000,+0.0000,0.0400,+0.0,+0.0000,NONE,RUNNING
"=""2026-08-09 10:11:26""",64983,0,0,0,50000,-0.0018,0.0400,+0.0,+0.0000,NONE,RUNNING
"=""2026-08-09 10:12:26""",64983,0,0,0,50000,+0.0002,0.0400,+0.0,+0.0000,NONE,RUNNING
"=""2026-08-09 10:12:35""",64989,154458,26503,127954,50000,-0.0248,0.0400,+0.0,+0.0000,NONE,RUNNING
"=""2026-08-09 10:12:36""",64989,154458,26503,127954,50000,-0.0248,0.0400,+0.0,+0.0000,NONE,RUNNING
"=""2026-08-09 10:12:37""",64989,154458,26503,127954,50000,-0.0248,0.0400,+0.0,+0.0000,NONE,RUNNING
"=""2026-08-09 10:12:38""",64989,154458,26503,127954,50000,-0.0248,0.0400,+0.0,+0.0000,NONE,RUNNING
"=""2026-08-09 10:12:39""",64989,154458,26503,127954,50000,-0.0248,0.0400,+0.0,+0.0000,NONE,RUNNING
"=""2026-08-09 10:12:40""",64989,154458,26503,127954,50000,-0.0248,0.0400,+0.0,+0.0000,NONE,RUNNING
"=""2026-08-09 10:12:41""",64989,154458,26503,127954,50000,-0.0248,0.0400,+0.0,+0.0000,NONE,RUNNING
"=""2026-08-09 10:12:42""",64989,154458,26503,127954,50000,-0.0248,0.0400,+0.0,+0.0000,NONE,RUNNING
"=""2026-08-09 10:12:43""",64989,154458,26503,127954,50000,-0.0248,0.0400,+0.0,+0.0000,NONE,RUNNING
"=""2026-08-09 10:12:44""",64989,154458,26503,127954,50000,-0.0247,0.0400,+0.0,+0.0000,NONE,RUNNING
"=""2026-08-09 10:12:45""",64989,154458,26503,127954,50000,-0.0247,0.0400,+0.0,+0.0000,NONE,RUNNING
"=""2026-08-09 10:12:46""",64989,154458,26503,127954,50000,-0.0251,0.0400,+0.0,+0.0000,NONE,RUNNING
"=""2026-08-09 10:12:47""",64989,154458,26503,127954,50000,-0.0251,0.0400,+0.0,+0.0000,NONE,RUNNING
"=""2026-08-09 10:12:48""",64989,154458,26503,127954,50000,-0.0251,0.0400,+0.0,+0.0000,NONE,RUNNING
"=""2026-08-09 10:12:49""",64989,154458,26503,127954,50000,-0.0251,0.0400,+0.0,+0.0000,NONE,RUNNING
"=""2026-08-09 10:12:50""",64989,154458,26503,127954,50000,-0.0251,0.0400,+0.0,+0.0000,NONE,RUNNING
"=""2026-08-09 10:12:51""",64989,154458,26503,127954,50000,-0.0251,0.0400,+0.0,+0.0000,NONE,RUNNING
"=""2026-08-09 10:12:52""",64989,154458,26503,127954,50000,-0.0254,0.0400,+0.0,+0.0000,NONE,RUNNING
"=""2026-08-09 10:12:53""",64989,154458,26503,127954,50000,-0.0254,0.0400,+0.0,+0.0000,NONE,RUNNING
"=""2026-08-09 10:12:54""",64989,154458,26503,127954,50000,-0.0254,0.0400,+0.0,+0.0000,NONE,RUNNING
"=""2026-08-09 10:12:55""",64989,154458,26503,127954,50000,-0.0254,0.0400,+0.0,+0.0000,NONE,RUNNING
"=""2026-08-09 10:12:56""",64989,154458,26503,127954,50000,-0.0254,0.0400,+0.0,+0.0000,NONE,RUNNING
"=""2026-08-09 10:12:57""",64989,154458,26503,127954,50000,-0.0260,0.0400,+0.0,+0.0000,NONE,RUNNING
"=""2026-08-09 10:12:58""",64989,154458,26503,127954,50000,-0.0228,0.0400,+0.0,+0.0000,NONE,RUNNING
"=""2026-08-09 10:12:59""",64989,154458,26503,127954,50000,-0.0228,0.0400,+0.0,+0.0000,NONE,RUNNING
"=""2026-08-09 10:13:00""",64989,154458,26503,127954,50000,-0.0228,0.0400,+0.0,+0.0000,NONE,RUNNING
"=""2026-08-09 10:13:01""",64989,154458,26503,127954,50000,-0.0233,0.0400,+0.0,+0.0000,NONE,RUNNING
"=""2026-08-09 10:13:02""",64989,154458,26503,127954,50000,-0.0233,0.0400,+0.0,+0.0000,NONE,RUNNING
"=""2026-08-09 10:13:03""",64989,154458,26503,127954,50000,-0.0233,0.0400,+0.0,+0.0000,NONE,RUNNING
"=""2026-08-09 10:13:04""",64989,154458,26503,127954,50000,-0.0233,0.0400,+0.0,+0.0000,NONE,RUNNING
"=""2026-08-09 10:13:05""",64989,154458,26503,127954,50000,-0.0233,0.0400,+0.0,+0.0000,NONE,RUNNING
"=""2026-08-09 10:13:06""",64989,154458,26503,127954,50000,-0.0231,0.0400,+0.0,+0.0000,NONE,RUNNING
"=""2026-08-09 10:13:08""",64989,154458,26503,127954,50000,-0.0218,0.0400,+0.0,+0.0000,NONE,RUNNING
"=""2026-08-09 10:13:09""",64989,154458,26503,127954,50000,-0.0218,0.0400,+0.0,+0.0000,NONE,RUNNING
"=""2026-08-09 10:13:10""",64989,154458,26503,127954,50000,-0.0218,0.0400,+0.0,+0.0000,NONE,RUNNING
"=""2026-08-09 10:13:11""",64989,154458,26503,127954,50000,-0.0218,0.0400,+0.0,+0.0000,NONE,RUNNING
"=""2026-08-09 10:13:12""",64989,154458,26503,127954,50000,-0.0220,0.0400,+0.0,+0.0000,NONE,RUNNING
"=""2026-08-09 10:13:13""",64989,154458,26503,127954,50000,-0.0220,0.0400,+0.0,+0.0000,NONE,RUNNING
"=""2026-08-09 10:13:14""",64989,154458,26503,127954,50000,-0.0220,0.0400,+0.0,+0.0000,NONE,RUNNING
"=""2026-08-09 10:13:15""",64989,154458,26503,127954,50000,-0.0220,0.0400,+0.0,+0.0000,NONE,RUNNING
"=""2026-08-09 10:13:16""",64989,154458,26503,127954,50000,-0.0220,0.0400,+0.0,+0.0000,NONE,RUNNING
"=""2026-08-09 10:13:17""",64989,154458,26503,127954,50000,-0.0220,0.0400,+0.0,+0.0000,NONE,RUNNING
"=""2026-08-09 10:13:18""",64989,154458,26503,127954,50000,-0.0219,0.0400,+0.0,+0.0000,NONE,RUNNING
"=""2026-08-09 10:13:19""",64989,154458,26503,127954,50000,-0.0219,0.0400,+0.0,+0.0000,NONE,RUNNING
"=""2026-08-09 10:13:20""",64989,154458,26503,127954,50000,-0.0219,0.0400,+0.0,+0.0000,NONE,RUNNING
"=""2026-08-09 10:13:21""",64989,154458,26503,127954,50000,-0.0219,0.0400,+0.0,+0.0000,NONE,RUNNING
"=""2026-08-09 10:13:22""",64989,154458,26503,127954,50000,-0.0219,0.0400,+0.0,+0.0000,NONE,RUNNING
"=""2026-08-09 10:13:23""",64989,154458,26503,127954,50000,-0.0218,0.0400,+0.0,+0.0000,NONE,RUNNING
"=""2026-08-09 10:13:24""",64989,154458,26503,127954,50000,-0.0218,0.0400,+0.0,+0.0000,NONE,RUNNING
"=""2026-08-09 10:13:25""",64989,154458,26503,127954,50000,-0.0219,0.0400,+0.0,+0.0000,NONE,RUNNING
"=""2026-08-09 10:13:26""",64989,154458,26503,127954,50000,-0.0214,0.0400,+0.0,+0.0000,NONE,RUNNING
"=""2026-08-09 10:13:27""",64989,154458,26503,127954,50000,-0.0214,0.0400,+0.0,+0.0000,NONE,RUNNING
"=""2026-08-09 10:13:28""",64989,154458,26503,127954,50000,-0.0214,0.0400,+0.0,+0.0000,NONE,RUNNING
"=""2026-08-09 10:13:29""",64989,154458,26503,127954,50000,-0.0214,0.0400,+0.0,+0.0000,NONE,RUNNING
"=""2026-08-09 10:13:30""",64989,154458,26503,127954,50000,-0.0213,0.0400,+0.0,+0.0000,NONE,RUNNING
"=""2026-08-09 10:13:31""",64989,26503,26503,0,50000,-0.0221,0.0400,+0.0,+0.0000,NONE,RUNNING
"=""2026-08-09 10:13:32""",64989,26503,26503,0,50000,-0.0221,0.0400,+0.0,+0.0000,NONE,RUNNING
"=""2026-08-09 10:13:33""",64989,0,0,0,50000,-0.0220,0.0400,+0.0,+0.0000,NONE,RUNNING
"=""2026-08-09 10:13:34""",64989,0,0,0,50000,-0.0220,0.0400,+0.0,+0.0000,NONE,RUNNING
"=""2026-08-09 10:13:35""",64989,0,0,0,50000,-0.0221,0.0400,+0.0,+0.0000,NONE,RUNNING
"=""2026-08-09 10:13:36""",64989,0,0,0,50000,-0.0014,0.0400,+0.0,+0.0000,NONE,RUNNING
"=""2026-08-09 10:13:37""",64989,0,0,0,50000,-0.0014,0.0400,+0.0,+0.0000,NONE,RUNNING
"=""2026-08-09 10:13:38""",64989,0,0,0,50000,-0.0014,0.0400,+0.0,+0.0000,NONE,RUNNING
"=""2026-08-09 10:13:39""",64989,13673,0,13673,50000,-0.0014,0.0400,+0.0,+0.0000,NONE,RUNNING
"=""2026-08-09 10:13:40""",64989,13673,0,13673,50000,-0.0014,0.0400,+0.0,+0.0000,NONE,RUNNING
"=""2026-08-09 10:13:41""",64989,13673,0,13673,50000,-0.0014,0.0400,+0.0,+0.0000,NONE,RUNNING
"=""2026-08-09 10:13:42""",64989,13673,0,13673,50000,-0.0014,0.0400,+0.0,+0.0000,NONE,RUNNING
"=""2026-08-09 10:13:43""",64989,13673,0,13673,50000,-0.0014,0.0400,+0.0,+0.0000,NONE,RUNNING
"=""2026-08-09 10:13:44""",64989,13673,0,13673,50000,-0.0014,0.0400,+0.0,+0.0000,NONE,RUNNING
"=""2026-08-09 10:13:45""",64989,13673,0,13673,50000,-0.0015,0.0400,+0.0,+0.0000,NONE,RUNNING
"=""2026-08-09 10:13:46""",64989,13673,0,13673,50000,-0.0015,0.0400,+0.0,+0.0000,NONE,RUNNING
"=""2026-08-09 10:13:47""",64989,13673,0,13673,50000,-0.0015,0.0400,+0.0,+0.0000,NONE,RUNNING
"=""2026-08-09 10:13:48""",64989,13673,0,13673,50000,-0.0015,0.0400,+0.0,+0.0000,NONE,RUNNING
"=""2026-08-09 10:13:49""",64989,13673,0,13673,50000,-0.0016,0.0400,+0.0,+0.0000,NONE,RUNNING
"=""2026-08-09 10:13:50""",64989,13673,0,13673,50000,-0.0016,0.0400,+0.0,+0.0000,NONE,RUNNING
"=""2026-08-09 10:13:51""",64989,13673,0,13673,50000,-0.0016,0.0400,+0.0,+0.0000,NONE,RUNNING
"=""2026-08-09 10:13:52""",64989,13673,0,13673,50000,-0.0016,0.0400,+0.0,+0.0000,NONE,RUNNING
"=""2026-08-09 10:13:53""",64989,13673,0,13673,50000,-0.0016,0.0400,+0.0,+0.0000,NONE,RUNNING
"=""2026-08-09 10:13:54""",64989,13673,0,13673,50000,-0.0016,0.0400,+0.0,+0.0000,NONE,RUNNING
"=""2026-08-09 10:13:55""",64989,13673,0,13673,50000,-0.0016,0.0400,+0.0,+0.0000,NONE,RUNNING
"=""2026-08-09 10:13:56""",64989,13673,0,13673,50000,-0.0016,0.0400,+0.0,+0.0000,NONE,RUNNING
"=""2026-08-09 10:13:57""",64989,13673,0,13673,50000,-0.0010,0.0400,+0.0,+0.0000,NONE,RUNNING
"=""2026-08-09 10:13:58""",64989,13673,0,13673,50000,-0.0010,0.0400,+0.0,+0.0000,NONE,RUNNING
"=""2026-08-09 10:13:59""",64989,13673,0,13673,50000,-0.0010,0.0400,+0.0,+0.0000,NONE,RUNNING
"=""2026-08-09 10:14:00""",64989,13673,0,13673,50000,-0.0010,0.0400,+0.0,+0.0000,NONE,RUNNING
"=""2026-08-09 10:14:01""",64989,13673,0,13673,50000,-0.0010,0.0400,+0.0,+0.0000,NONE,RUNNING
"=""2026-08-09 10:14:02""",64989,13673,0,13673,50000,-0.0010,0.0400,+0.0,+0.0000,NONE,RUNNING
"=""2026-08-09 10:14:03""",64989,13673,0,13673,50000,-0.0010,0.0400,+0.0,+0.0000,NONE,RUNNING
"=""2026-08-09 10:14:04""",64989,13673,0,13673,50000,-0.0010,0.0400,+0.0,+0.0000,NONE,RUNNING
"=""2026-08-09 10:14:05""",64989,13673,0,13673,50000,-0.0010,0.0400,+0.0,+0.0000,NONE,RUNNING
"=""2026-08-09 10:14:06""",64989,13673,0,13673,50000,-0.0012,0.0400,+0.0,+0.0000,NONE,RUNNING
"=""2026-08-09 10:14:07""",64989,13673,0,13673,50000,-0.0012,0.0400,+0.0,+0.0000,NONE,RUNNING
"=""2026-08-09 10:14:08""",64989,13673,0,13673,50000,-0.0012,0.0400,+0.0,+0.0000,NONE,RUNNING
"=""2026-08-09 10:14:09""",64989,13673,0,13673,50000,-0.0012,0.0400,+0.0,+0.0000,NONE,RUNNING
"=""2026-08-09 10:14:10""",64989,13673,0,13673,50000,-0.0012,0.0400,+0.0,+0.0000,NONE,RUNNING
"=""2026-08-09 10:14:11""",64989,13673,0,13673,50000,-0.0012,0.0400,+0.0,+0.0000,NONE,RUNNING
"=""2026-08-09 10:14:12""",64989,13673,0,13673,50000,-0.0010,0.0400,+0.0,+0.0000,NONE,RUNNING
"=""2026-08-09 10:14:13""",64989,24337,10663,13673,50000,-0.0010,0.0400,+0.0,+0.0000,NONE,RUNNING
"=""2026-08-09 10:14:14""",64989,35000,21326,13673,50000,-0.0010,0.0400,+0.0,+0.0000,NONE,RUNNING
"=""2026-08-09 10:14:15""",64989,45664,31990,13673,50000,-0.0010,0.0400,+0.0,+0.0000,NONE,RUNNING
"=""2026-08-09 10:14:16""",64989,56327,42653,13673,50000,-0.0010,0.0400,+0.0,+0.0000,NONE,RUNNING
"=""2026-08-09 10:14:17""",64989,66991,53317,13673,50000,-0.0010,0.0400,+0.0,+0.0000,NONE,RUNNING
"=""2026-08-09 10:14:18""",64989,77654,63980,13673,50000,-0.0010,0.0400,+0.0,+0.0000,NONE,RUNNING
"=""2026-08-09 10:14:19""",64989,88317,74644,13673,50000,-0.0010,0.0400,+0.0,+0.0000,NONE,RUNNING
"=""2026-08-09 10:14:20""",64989,98981,85307,13673,50000,-0.0010,0.0400,+0.0,+0.0000,NONE,RUNNING
"=""2026-08-09 10:14:21""",64989,109644,95971,13673,50000,-0.0010,0.0400,+0.0,+0.0000,NONE,RUNNING
"=""2026-08-09 10:14:22""",64989,120308,106634,13673,50000,-0.0010,0.0400,+0.0,+0.0000,NONE,RUNNING
"=""2026-08-09 10:14:23""",64989,130971,117297,13673,50000,-0.0010,0.0400,+0.0,+0.0000,NONE,RUNNING
"=""2026-08-09 10:14:24""",64989,141635,127961,13673,50000,-0.0010,0.0400,+0.0,+0.0000,NONE,RUNNING
"=""2026-08-09 10:14:25""",64989,152298,138624,13673,50000,-0.0008,0.0400,+0.0,+0.0000,NONE,RUNNING
"=""2026-08-09 10:14:26""",64989,162962,149288,13673,50000,-0.0008,0.0400,+0.0,+0.0000,NONE,RUNNING
"=""2026-08-09 10:14:27""",64983,214498,200824,13673,50000,-0.0008,0.0400,+0.0,+0.0000,NONE,RUNNING
"=""2026-08-09 10:14:28""",64983,225160,211486,13673,50000,-0.0008,0.0400,+0.0,+0.0000,NONE,RUNNING
"=""2026-08-09 10:14:29""",64983,290144,276470,13673,50000,-0.0008,0.0400,+0.0,+0.0000,NONE,RUNNING
"=""2026-08-09 10:14:30""",64983,301517,287843,13673,50000,-0.0008,0.0400,+0.0,+0.0000,NONE,RUNNING
"=""2026-08-09 10:14:31""",64983,312891,299217,13673,50000,-0.0000,0.0400,+0.0,+0.0000,NONE,RUNNING
"=""2026-08-09 10:14:32""",64983,324265,310591,13673,50000,-0.0020,0.0400,+0.0,+0.0000,NONE,RUNNING
"=""2026-08-09 10:15:32""",64983,11374,11374,0,50000,-0.0008,0.0400,+0.0,+0.0000,NONE,RUNNING
"=""2026-08-09 10:16:32""",64983,0,0,0,50000,-0.0007,0.0400,+0.0,+0.0000,NONE,RUNNING
"=""2026-08-09 10:17:32""",64983,101415,0,101415,50000,+0.0005,0.0400,+0.0,+0.0000,NONE,RUNNING
"=""2026-08-09 10:18:32""",64982,50838,50838,0,50000,+0.0015,0.0400,+0.0,+0.0000,NONE,RUNNING
"=""2026-08-09 10:19:32""",64984,369354,0,369354,50000,-0.0031,0.0400,+0.0,+0.0000,NONE,RUNNING
"=""2026-08-09 10:20:33""",64976,342811,143329,199482,50000,-0.0054,0.0400,+0.0,+0.0000,NONE,RUNNING
"=""2026-08-09 10:21:33""",64976,178402,178402,0,50000,-0.0009,0.0400,+0.0,+0.0000,NONE,RUNNING
"=""2026-08-09 10:22:33""",64963,128332,128332,0,50000,-0.0014,0.0400,+0.0,+0.0000,NONE,RUNNING
"=""2026-08-09 10:23:33""",64936,130679,130679,0,50000,+0.0163,0.0400,+0.0,+0.0000,NONE,RUNNING
"=""2026-08-09 10:24:33""",64943,41582,0,41582,50000,+0.0035,0.0400,+0.0,+0.0000,NONE,RUNNING
"=""2026-08-09 10:25:21""",64911,733058,722083,10975,50000,+0.0455,0.0400,+0.0,+0.0000,NONE,RUNNING
"=""2026-08-09 10:25:22""",64911,733058,722083,10975,50000,+0.0455,0.0400,+0.0,+0.0000,NONE,RUNNING
"=""2026-08-09 10:25:23""",64911,733058,722083,10975,50000,+0.0454,0.0400,+0.0,+0.0000,NONE,RUNNING
"=""2026-08-09 10:25:24""",64911,733058,722083,10975,50000,+0.0454,0.0400,+0.0,+0.0000,NONE,RUNNING
"=""2026-08-09 10:25:25""",64911,733058,722083,10975,50000,+0.0454,0.0400,+0.0,+0.0000,NONE,RUNNING
"=""2026-08-09 10:25:26""",64911,733058,722083,10975,50000,+0.0450,0.0400,+0.0,+0.0000,NONE,RUNNING
"=""2026-08-09 10:25:27""",64911,733058,722083,10975,50000,+0.0362,0.0400,+0.0,+0.0000,NONE,RUNNING
"=""2026-08-09 10:25:28""",64911,733058,722083,10975,50000,+0.0362,0.0400,+0.0,+0.0000,NONE,RUNNING
"=""2026-08-09 10:25:29""",64911,733058,722083,10975,50000,+0.0361,0.0400,+0.0,+0.0000,NONE,RUNNING
"=""2026-08-09 10:25:30""",64911,733058,722083,10975,50000,+0.0361,0.0400,+0.0,+0.0000,NONE,RUNNING
"=""2026-08-09 10:25:31""",64911,733058,722083,10975,50000,+0.0353,0.0400,+0.0,+0.0000,NONE,RUNNING
"=""2026-08-09 10:25:32""",64911,733058,722083,10975,50000,+0.0332,0.0400,+0.0,+0.0000,NONE,RUNNING
"=""2026-08-09 10:25:33""",64911,733058,722083,10975,50000,+0.0329,0.0400,+0.0,+0.0000,NONE,RUNNING
"=""2026-08-09 10:25:34""",64911,733058,722083,10975,50000,+0.0329,0.0400,+0.0,+0.0000,NONE,RUNNING
"=""2026-08-09 10:25:35""",64911,733058,722083,10975,50000,+0.0330,0.0400,+0.0,+0.0000,NONE,RUNNING
"=""2026-08-09 10:25:36""",64911,733058,722083,10975,50000,+0.0330,0.0400,+0.0,+0.0000,NONE,RUNNING
"=""2026-08-09 10:25:37""",64911,733058,722083,10975,50000,+0.0208,0.0400,+0.0,+0.0000,NONE,RUNNING
"=""2026-08-09 10:25:38""",64911,733058,722083,10975,50000,+0.0208,0.0400,+0.0,+0.0000,NONE,RUNNING
"=""2026-08-09 10:25:39""",64911,733058,722083,10975,50000,+0.0208,0.0400,+0.0,+0.0000,NONE,RUNNING
"=""2026-08-09 10:25:40""",64911,733058,722083,10975,50000,+0.0207,0.0400,+0.0,+0.0000,NONE,RUNNING
"=""2026-08-09 10:25:41""",64911,733058,722083,10975,50000,+0.0207,0.0400,+0.0,+0.0000,NONE,RUNNING
"=""2026-08-09 10:25:42""",64911,722083,722083,0,50000,+0.0206,0.0400,+0.0,+0.0000,NONE,RUNNING
"=""2026-08-09 10:25:43""",64902,1016828,1016828,0,50000,+0.0145,0.0400,+0.0,+0.0000,NONE,RUNNING
"=""2026-08-09 10:25:44""",64897,1016828,1016828,0,50000,+0.0145,0.0400,+0.0,+0.0000,NONE,RUNNING
"=""2026-08-09 10:25:45""",64892,1052063,1052063,0,50000,+0.0145,0.0400,+0.0,+0.0000,NONE,RUNNING
"=""2026-08-09 10:25:46""",64892,1052063,1052063,0,50000,+0.0145,0.0400,+0.0,+0.0000,NONE,RUNNING
"=""2026-08-09 10:25:47""",64892,1052063,1052063,0,50000,+0.0140,0.0400,+0.0,+0.0000,NONE,RUNNING
"=""2026-08-09 10:25:48""",64892,1052063,1052063,0,50000,+0.0140,0.0400,+0.0,+0.0000,NONE,RUNNING
"=""2026-08-09 10:25:49""",64892,1052063,1052063,0,50000,-0.0114,0.0400,+0.0,+0.0000,NONE,RUNNING
"=""2026-08-09 10:25:50""",64892,1052063,1052063,0,50000,-0.0115,0.0400,+0.0,+0.0000,NONE,RUNNING
"=""2026-08-09 10:25:51""",64892,1388223,1388223,0,50000,-0.0115,0.0400,+0.0,+0.0000,NONE,RUNNING
"=""2026-08-09 10:25:52""",64883,1388223,1388223,0,50000,-0.0112,0.0400,+0.0,+0.0000,NONE,RUNNING
"=""2026-08-09 10:25:53""",64883,1388223,1388223,0,50000,-0.0112,0.0400,+0.0,+0.0000,NONE,RUNNING
"=""2026-08-09 10:25:54""",64883,1388223,1388223,0,50000,-0.0112,0.0400,+0.0,+0.0000,NONE,RUNNING
"=""2026-08-09 10:25:55""",64883,1388223,1388223,0,50000,-0.0112,0.0400,+0.0,+0.0000,NONE,RUNNING
"=""2026-08-09 10:25:56""",64883,1388223,1388223,0,50000,-0.0115,0.0400,+0.0,+0.0000,NONE,RUNNING
"=""2026-08-09 10:25:57""",64883,1388223,1388223,0,50000,-0.0115,0.0400,+0.0,+0.0000,NONE,RUNNING
"=""2026-08-09 10:25:58""",64883,1388223,1388223,0,50000,-0.0031,0.0400,+0.0,+0.0000,NONE,RUNNING
"=""2026-08-09 10:25:59""",64883,1388223,1388223,0,50000,-0.0031,0.0400,+0.0,+0.0000,NONE,RUNNING
"=""2026-08-09 10:26:00""",64883,1388223,1388223,0,50000,-0.0032,0.0400,+0.0,+0.0000,NONE,RUNNING
"=""2026-08-09 10:26:01""",64883,1388223,1388223,0,50000,-0.0018,0.0400,+0.0,+0.0000,NONE,RUNNING
"=""2026-08-09 10:26:02""",64883,1388223,1388223,0,50000,-0.0018,0.0400,+0.0,+0.0000,NONE,RUNNING
"=""2026-08-09 10:26:03""",64883,1388223,1388223,0,50000,-0.0018,0.0400,+0.0,+0.0000,NONE,RUNNING
"=""2026-08-09 10:26:04""",64883,1388223,1388223,0,50000,-0.0018,0.0400,+0.0,+0.0000,NONE,RUNNING
"=""2026-08-09 10:26:05""",64883,1388223,1388223,0,50000,-0.0024,0.0400,+0.0,+0.0000,NONE,RUNNING
"=""2026-08-09 10:26:06""",64883,1388223,1388223,0,50000,-0.0024,0.0400,+0.0,+0.0000,NONE,RUNNING
"=""2026-08-09 10:26:07""",64883,1388223,1388223,0,50000,-0.0018,0.0400,+0.0,+0.0000,NONE,RUNNING
"=""2026-08-09 10:26:08""",64883,1416814,1416814,0,50000,-0.0018,0.0400,+0.0,+0.0000,NONE,RUNNING
"=""2026-08-09 10:26:09""",64883,1416814,1416814,0,50000,-0.0019,0.0400,+0.0,+0.0000,NONE,RUNNING
"=""2026-08-09 10:26:10""",64883,1416814,1416814,0,50000,-0.0019,0.0400,+0.0,+0.0000,NONE,RUNNING
"=""2026-08-09 10:26:11""",64883,1416814,1416814,0,50000,-0.0019,0.0400,+0.0,+0.0000,NONE,RUNNING
"=""2026-08-09 10:26:12""",64883,1416814,1416814,0,50000,-0.0019,0.0400,+0.0,+0.0000,NONE,RUNNING
"=""2026-08-09 10:26:13""",64883,1416814,1416814,0,50000,-0.0019,0.0400,+0.0,+0.0000,NONE,RUNNING
"=""2026-08-09 10:26:14""",64883,1416814,1416814,0,50000,-0.0071,0.0400,+0.0,+0.0000,NONE,RUNNING
"=""2026-08-09 10:26:15""",64883,1416814,1416814,0,50000,-0.0071,0.0400,+0.0,+0.0000,NONE,RUNNING
"=""2026-08-09 10:26:16""",64883,1416814,1416814,0,50000,-0.0077,0.0400,+0.0,+0.0000,NONE,RUNNING
"=""2026-08-09 10:26:17""",64883,1416814,1416814,0,50000,-0.0077,0.0400,+0.0,+0.0000,NONE,RUNNING
"=""2026-08-09 10:26:18""",64883,1416814,1416814,0,50000,-0.0077,0.0400,+0.0,+0.0000,NONE,RUNNING
"=""2026-08-09 10:26:19""",64883,753512,753512,0,50000,-0.0077,0.0400,+0.0,+0.0000,NONE,RUNNING
"=""2026-08-09 10:26:20""",64883,694731,694731,0,50000,-0.0076,0.0400,+0.0,+0.0000,NONE,RUNNING
"=""2026-08-09 10:26:21""",64883,694731,694731,0,50000,-0.0076,0.0400,+0.0,+0.0000,NONE,RUNNING
"=""2026-08-09 10:26:22""",64883,694731,694731,0,50000,-0.0492,0.0400,+0.0,+0.0000,NONE,RUNNING
"=""2026-08-09 10:26:23""",64883,694731,694731,0,50000,-0.0510,0.0400,+0.0,+0.0000,NONE,RUNNING
"=""2026-08-09 10:26:24""",64883,694731,694731,0,50000,-0.0510,0.0400,+0.0,+0.0000,NONE,RUNNING
"=""2026-08-09 10:26:25""",64883,694731,694731,0,50000,-0.0512,0.0400,+0.0,+0.0000,NONE,RUNNING
"=""2026-08-09 10:26:26""",64883,694731,694731,0,50000,-0.0512,0.0400,+0.0,+0.0000,NONE,RUNNING
"=""2026-08-09 10:26:27""",64883,694731,694731,0,50000,-0.0424,0.0400,+0.0,+0.0000,NONE,RUNNING
"=""2026-08-09 10:26:28""",64883,694731,694731,0,50000,-0.0424,0.0400,+0.0,+0.0000,NONE,RUNNING
"=""2026-08-09 10:26:29""",64883,710350,694731,15619,50000,-0.0421,0.0400,+0.0,+0.0000,NONE,RUNNING
"=""2026-08-09 10:26:30""",64883,710350,694731,15619,50000,-0.0421,0.0400,+0.0,+0.0000,NONE,RUNNING
"=""2026-08-09 10:26:32""",64883,710350,694731,15619,50000,-0.0413,0.0400,+0.0,+0.0000,NONE,RUNNING
"=""2026-08-09 10:26:33""",64883,710350,694731,15619,50000,-0.0413,0.0400,+0.0,+0.0000,NONE,RUNNING
"=""2026-08-09 10:26:34""",64883,710350,694731,15619,50000,-0.0410,0.0400,+0.0,+0.0000,NONE,RUNNING
"=""2026-08-09 10:26:35""",64883,710350,694731,15619,50000,-0.0410,0.0400,+0.0,+0.0000,NONE,RUNNING
"=""2026-08-09 10:26:36""",64883,710350,694731,15619,50000,-0.0408,0.0400,+0.0,+0.0000,NONE,RUNNING
"=""2026-08-09 10:26:37""",64883,710350,694731,15619,50000,-0.0286,0.0400,+0.0,+0.0000,NONE,RUNNING
"=""2026-08-09 10:26:38""",64883,710350,694731,15619,50000,-0.0286,0.0400,+0.0,+0.0000,NONE,RUNNING
"=""2026-08-09 10:26:39""",64883,710350,694731,15619,50000,-0.0300,0.0400,+0.0,+0.0000,NONE,RUNNING
"=""2026-08-09 10:26:40""",64883,710350,694731,15619,50000,-0.0299,0.0400,+0.0,+0.0000,NONE,RUNNING
"=""2026-08-09 10:26:41""",64883,710350,694731,15619,50000,-0.0299,0.0400,+0.0,+0.0000,NONE,RUNNING
"=""2026-08-09 10:26:42""",64883,732275,694731,37544,50000,-0.0299,0.0400,+0.0,+0.0000,NONE,RUNNING
"=""2026-08-09 10:26:43""",64883,652251,614706,37544,50000,-0.0238,0.0400,+0.0,+0.0000,NONE,RUNNING
"=""2026-08-09 10:26:44""",64883,437530,399985,37544,50000,-0.0238,0.0400,+0.0,+0.0000,NONE,RUNNING
"=""2026-08-09 10:26:45""",64883,402295,364750,37544,50000,-0.0316,0.0400,+0.0,+0.0000,NONE,RUNNING
"=""2026-08-09 10:26:46""",64883,402295,364750,37544,50000,-0.0316,0.0400,+0.0,+0.0000,NONE,RUNNING
"=""2026-08-09 10:26:47""",64883,402295,364750,37544,50000,-0.0316,0.0400,+0.0,+0.0000,NONE,RUNNING
"=""2026-08-09 10:26:48""",64883,402295,364750,37544,50000,-0.0313,0.0400,+0.0,+0.0000,NONE,RUNNING
"=""2026-08-09 10:26:49""",64883,402295,364750,37544,50000,-0.0059,0.0400,+0.0,+0.0000,NONE,RUNNING
"=""2026-08-09 10:26:50""",64883,402295,364750,37544,50000,-0.0059,0.0400,+0.0,+0.0000,NONE,RUNNING
"=""2026-08-09 10:26:51""",64883,402295,364750,37544,50000,-0.0059,0.0400,+0.0,+0.0000,NONE,RUNNING
"=""2026-08-09 10:26:52""",64878,284262,246717,37544,50000,-0.0059,0.0400,+0.0,+0.0000,NONE,RUNNING
"=""2026-08-09 10:26:53""",64878,284262,246717,37544,50000,-0.0062,0.0400,+0.0,+0.0000,NONE,RUNNING
"=""2026-08-09 10:26:54""",64878,284262,246717,37544,50000,-0.0009,0.0400,+0.0,+0.0000,NONE,RUNNING
"=""2026-08-09 10:26:55""",64878,284262,246717,37544,50000,-0.0009,0.0400,+0.0,+0.0000,NONE,RUNNING
"=""2026-08-09 10:26:56""",64878,284262,246717,37544,50000,-0.0009,0.0400,+0.0,+0.0000,NONE,RUNNING
"=""2026-08-09 10:26:57""",64878,284262,246717,37544,50000,-0.0009,0.0400,+0.0,+0.0000,NONE,RUNNING
"=""2026-08-09 10:26:58""",64878,284262,246717,37544,50000,-0.0135,0.0400,+0.0,+0.0000,NONE,RUNNING
"=""2026-08-09 10:26:59""",64878,284262,246717,37544,50000,-0.0135,0.0400,+0.0,+0.0000,NONE,RUNNING
"=""2026-08-09 10:27:00""",64878,284262,246717,37544,50000,-0.0150,0.0400,+0.0,+0.0000,NONE,RUNNING
"=""2026-08-09 10:27:01""",64878,284262,246717,37544,50000,-0.0150,0.0400,+0.0,+0.0000,NONE,RUNNING
"=""2026-08-09 10:27:02""",64878,284262,246717,37544,50000,-0.0164,0.0400,+0.0,+0.0000,NONE,RUNNING
"=""2026-08-09 10:27:03""",64878,284262,246717,37544,50000,-0.0164,0.0400,+0.0,+0.0000,NONE,RUNNING
"=""2026-08-09 10:27:04""",64878,284262,246717,37544,50000,-0.0192,0.0400,+0.0,+0.0000,NONE,RUNNING
"=""2026-08-09 10:27:05""",64878,284262,246717,37544,50000,-0.0185,0.0400,+0.0,+0.0000,NONE,RUNNING
"=""2026-08-09 10:27:06""",64878,284262,246717,37544,50000,-0.0193,0.0400,+0.0,+0.0000,NONE,RUNNING
"=""2026-08-09 10:27:07""",64878,284262,246717,37544,50000,-0.0193,0.0400,+0.0,+0.0000,NONE,RUNNING
"=""2026-08-09 10:27:08""",64881,486928,246717,240211,50000,-0.0199,0.0400,+0.0,+0.0000,NONE,RUNNING
"=""2026-08-09 10:27:09""",64881,473517,218127,255390,50000,-0.0217,0.0400,+0.0,+0.0000,NONE,RUNNING
"=""2026-08-09 10:27:10""",64882,473517,218127,255390,50000,-0.0217,0.0400,+0.0,+0.0000,NONE,RUNNING
"=""2026-08-09 10:27:11""",64882,473517,218127,255390,50000,-0.0217,0.0400,+0.0,+0.0000,NONE,RUNNING
"=""2026-08-09 10:27:12""",64882,473517,218127,255390,50000,-0.0217,0.0400,+0.0,+0.0000,NONE,RUNNING
"=""2026-08-09 10:27:13""",64882,473517,218127,255390,50000,-0.0217,0.0400,+0.0,+0.0000,NONE,RUNNING
"=""2026-08-09 10:27:14""",64882,525487,218127,307360,50000,-0.0165,0.0400,+0.0,+0.0000,NONE,RUNNING
"=""2026-08-09 10:27:15""",64883,525487,218127,307360,50000,-0.0165,0.0400,+0.0,+0.0000,NONE,RUNNING
"=""2026-08-09 10:27:16""",64883,525487,218127,307360,50000,-0.0161,0.0400,+0.0,+0.0000,NONE,RUNNING
"=""2026-08-09 10:27:17""",64883,525487,218127,307360,50000,-0.0156,0.0400,+0.0,+0.0000,NONE,RUNNING
"=""2026-08-09 10:27:18""",64883,525487,218127,307360,50000,-0.0170,0.0400,+0.0,+0.0000,NONE,RUNNING
"=""2026-08-09 10:27:19""",64883,525487,218127,307360,50000,-0.0170,0.0400,+0.0,+0.0000,NONE,RUNNING
"=""2026-08-09 10:27:20""",64883,525487,218127,307360,50000,-0.0170,0.0400,+0.0,+0.0000,NONE,RUNNING
"=""2026-08-09 10:27:21""",64883,525487,218127,307360,50000,-0.0170,0.0400,+0.0,+0.0000,NONE,RUNNING
"=""2026-08-09 10:27:22""",64884,525487,218127,307360,50000,-0.0170,0.0400,+0.0,+0.0000,NONE,RUNNING
"=""2026-08-09 10:27:23""",64883,525487,218127,307360,50000,-0.0153,0.0400,+0.0,+0.0000,NONE,RUNNING
"=""2026-08-09 10:27:24""",64883,525487,218127,307360,50000,-0.0153,0.0400,+0.0,+0.0000,NONE,RUNNING
"=""2026-08-09 10:27:25""",64883,525487,218127,307360,50000,-0.0150,0.0400,+0.0,+0.0000,NONE,RUNNING
"=""2026-08-09 10:27:26""",64883,525487,218127,307360,50000,-0.0148,0.0400,+0.0,+0.0000,NONE,RUNNING
"=""2026-08-09 10:27:27""",64884,525487,218127,307360,50000,-0.0148,0.0400,+0.0,+0.0000,NONE,RUNNING
"=""2026-08-09 10:27:28""",64884,536584,218127,318457,50000,-0.0148,0.0400,+0.0,+0.0000,NONE,RUNNING
"=""2026-08-09 10:27:29""",64884,536584,218127,318457,50000,-0.0151,0.0400,+0.0,+0.0000,NONE,RUNNING
"=""2026-08-09 10:27:30""",64886,520964,218127,302837,50000,-0.0150,0.0400,+0.0,+0.0000,NONE,RUNNING
"=""2026-08-09 10:27:31""",64885,520964,218127,302837,50000,-0.0150,0.0400,+0.0,+0.0000,NONE,RUNNING
"=""2026-08-09 10:27:32""",64886,520964,218127,302837,50000,-0.0150,0.0400,+0.0,+0.0000,NONE,RUNNING
"=""2026-08-09 10:27:33""",64886,520964,218127,302837,50000,-0.0150,0.0400,+0.0,+0.0000,NONE,RUNNING
"=""2026-08-09 10:27:34""",64886,520964,218127,302837,50000,-0.0150,0.0400,+0.0,+0.0000,NONE,RUNNING
"=""2026-08-09 10:27:35""",64885,520964,218127,302837,50000,-0.0152,0.0400,+0.0,+0.0000,NONE,RUNNING
"=""2026-08-09 10:27:36""",64885,520964,218127,302837,50000,-0.0152,0.0400,+0.0,+0.0000,NONE,RUNNING
"=""2026-08-09 10:27:37""",64886,520964,218127,302837,50000,-0.0152,0.0400,+0.0,+0.0000,NONE,RUNNING
"=""2026-08-09 10:27:38""",64885,520964,218127,302837,50000,-0.0152,0.0400,+0.0,+0.0000,NONE,RUNNING
"=""2026-08-09 10:27:39""",64886,520964,218127,302837,50000,-0.0138,0.0400,+0.0,+0.0000,NONE,RUNNING
"=""2026-08-09 10:27:40""",64886,520964,218127,302837,50000,-0.0140,0.0400,+0.0,+0.0000,NONE,RUNNING
"=""2026-08-09 10:27:41""",64886,520964,218127,302837,50000,-0.0140,0.0400,+0.0,+0.0000,NONE,RUNNING
"=""2026-08-09 10:27:42""",64885,499039,218127,280912,50000,-0.0140,0.0400,+0.0,+0.0000,NONE,RUNNING
"=""2026-08-09 10:27:43""",64885,499039,218127,280912,50000,-0.0140,0.0400,+0.0,+0.0000,NONE,RUNNING
"=""2026-08-09 10:27:44""",64885,499039,218127,280912,50000,-0.0063,0.0400,+0.0,+0.0000,NONE,RUNNING
"=""2026-08-09 10:27:45""",64885,499039,218127,280912,50000,-0.0063,0.0400,+0.0,+0.0000,NONE,RUNNING
"=""2026-08-09 10:27:46""",64885,499039,218127,280912,50000,-0.0083,0.0400,+0.0,+0.0000,NONE,RUNNING
"=""2026-08-09 10:27:47""",64885,499039,218127,280912,50000,-0.0085,0.0400,+0.0,+0.0000,NONE,RUNNING
"=""2026-08-09 10:27:48""",64886,499039,218127,280912,50000,-0.0085,0.0400,+0.0,+0.0000,NONE,RUNNING
"=""2026-08-09 10:27:49""",64886,499039,218127,280912,50000,-0.0090,0.0400,+0.0,+0.0000,NONE,RUNNING
"=""2026-08-09 10:27:50""",64885,499039,218127,280912,50000,-0.0090,0.0400,+0.0,+0.0000,NONE,RUNNING
"=""2026-08-09 10:27:51""",64886,280912,0,280912,50000,-0.0090,0.0400,+0.0,+0.0000,NONE,RUNNING
"=""2026-08-09 10:27:52""",64886,280912,0,280912,50000,-0.0090,0.0400,+0.0,+0.0000,NONE,RUNNING
"=""2026-08-09 10:27:53""",64886,280912,0,280912,50000,-0.0090,0.0400,+0.0,+0.0000,NONE,RUNNING
"=""2026-08-09 10:27:54""",64886,280912,0,280912,50000,-0.0143,0.0400,+0.0,+0.0000,NONE,RUNNING
"=""2026-08-09 10:27:55""",64886,280912,0,280912,50000,-0.0140,0.0400,+0.0,+0.0000,NONE,RUNNING
"=""2026-08-09 10:27:56""",64886,280912,0,280912,50000,-0.0140,0.0400,+0.0,+0.0000,NONE,RUNNING
"=""2026-08-09 10:27:57""",64885,280912,0,280912,50000,-0.0099,0.0400,+0.0,+0.0000,NONE,RUNNING
"=""2026-08-09 10:27:58""",64885,280912,0,280912,50000,-0.0099,0.0400,+0.0,+0.0000,NONE,RUNNING
"=""2026-08-09 10:27:59""",64885,280912,0,280912,50000,-0.0084,0.0400,+0.0,+0.0000,NONE,RUNNING
"=""2026-08-09 10:28:00""",64886,280912,0,280912,50000,-0.0084,0.0400,+0.0,+0.0000,NONE,RUNNING
"=""2026-08-09 10:28:01""",64898,326008,0,326008,50000,-0.0083,0.0400,+0.0,+0.0000,NONE,RUNNING
"=""2026-08-09 10:28:02""",64898,326008,0,326008,50000,-0.0083,0.0400,+0.0,+0.0000,NONE,RUNNING
"=""2026-08-09 10:28:03""",64897,326008,0,326008,50000,-0.0056,0.0400,+0.0,+0.0000,NONE,RUNNING
"=""2026-08-09 10:28:04""",64897,326008,0,326008,50000,-0.0075,0.0400,+0.0,+0.0000,NONE,RUNNING
"=""2026-08-09 10:28:05""",64898,326008,0,326008,50000,-0.0075,0.0400,+0.0,+0.0000,NONE,RUNNING
"=""2026-08-09 10:28:06""",64898,326008,0,326008,50000,-0.0067,0.0400,+0.0,+0.0000,NONE,RUNNING
"=""2026-08-09 10:28:07""",64897,123341,0,123341,50000,-0.0067,0.0400,+0.0,+0.0000,NONE,RUNNING
"=""2026-08-09 10:28:08""",64898,123341,0,123341,50000,-0.0067,0.0400,+0.0,+0.0000,NONE,RUNNING
"=""2026-08-09 10:28:09""",64898,108162,0,108162,50000,-0.0049,0.0400,+0.0,+0.0000,NONE,RUNNING
"=""2026-08-09 10:28:10""",64897,108162,0,108162,50000,-0.0031,0.0400,+0.0,+0.0000,NONE,RUNNING
"=""2026-08-09 10:28:11""",64898,108162,0,108162,50000,-0.0031,0.0400,+0.0,+0.0000,NONE,RUNNING
"=""2026-08-09 10:28:13""",64897,108162,0,108162,50000,-0.0031,0.0400,+0.0,+0.0000,NONE,RUNNING
"=""2026-08-09 10:28:14""",64897,108162,0,108162,50000,-0.0029,0.0400,+0.0,+0.0000,NONE,RUNNING
"=""2026-08-09 10:29:02""",64863,919699,831530,88168,50000,+0.0202,0.0400,+0.0,+0.0000,NONE,RUNNING
"=""2026-08-09 10:29:03""",64863,951999,831530,120468,50000,+0.0202,0.0400,+0.0,+0.0000,NONE,RUNNING
"=""2026-08-09 10:29:04""",64863,951999,831530,120468,50000,+0.0220,0.0400,+0.0,+0.0000,NONE,RUNNING
"=""2026-08-09 10:29:05""",64863,951999,831530,120468,50000,+0.0220,0.0400,+0.0,+0.0000,NONE,RUNNING
"=""2026-08-09 10:29:06""",64863,951999,831530,120468,50000,+0.0224,0.0400,+0.0,+0.0000,NONE,RUNNING
"=""2026-08-09 10:29:07""",64863,951999,831530,120468,50000,+0.0224,0.0400,+0.0,+0.0000,NONE,RUNNING
"=""2026-08-09 10:29:08""",64863,951999,831530,120468,50000,+0.0224,0.0400,+0.0,+0.0000,NONE,RUNNING
"=""2026-08-09 10:29:09""",64863,951999,831530,120468,50000,+0.0237,0.0400,+0.0,+0.0000,NONE,RUNNING
"=""2026-08-09 10:29:10""",64863,951999,831530,120468,50000,+0.0219,0.0400,+0.0,+0.0000,NONE,RUNNING
"=""2026-08-09 10:29:11""",64863,951999,831530,120468,50000,+0.0243,0.0400,+0.0,+0.0000,NONE,RUNNING
"=""2026-08-09 10:29:12""",64863,951999,831530,120468,50000,+0.0243,0.0400,+0.0,+0.0000,NONE,RUNNING
"=""2026-08-09 10:29:13""",64863,951999,831530,120468,50000,+0.0241,0.0400,+0.0,+0.0000,NONE,RUNNING
"=""2026-08-09 10:29:14""",64863,951999,831530,120468,50000,+0.0241,0.0400,+0.0,+0.0000,NONE,RUNNING
"=""2026-08-09 10:29:16""",64863,951999,831530,120468,50000,+0.0241,0.0400,+0.0,+0.0000,NONE,RUNNING
"=""2026-08-09 10:29:17""",64863,951999,831530,120468,50000,+0.0241,0.0400,+0.0,+0.0000,NONE,RUNNING
"=""2026-08-09 10:29:18""",64863,951999,831530,120468,50000,+0.0241,0.0400,+0.0,+0.0000,NONE,RUNNING
"=""2026-08-09 10:29:19""",64863,951999,831530,120468,50000,+0.0241,0.0400,+0.0,+0.0000,NONE,RUNNING
"=""2026-08-09 10:29:20""",64863,951999,831530,120468,50000,+0.0238,0.0400,+0.0,+0.0000,NONE,RUNNING
"=""2026-08-09 10:29:21""",64863,951999,831530,120468,50000,+0.0231,0.0400,+0.0,+0.0000,NONE,RUNNING
"=""2026-08-09 10:29:22""",64863,951999,831530,120468,50000,+0.0231,0.0400,+0.0,+0.0000,NONE,RUNNING
"=""2026-08-09 10:29:23""",64863,951999,831530,120468,50000,+0.0234,0.0400,+0.0,+0.0000,NONE,RUNNING
"=""2026-08-09 10:29:24""",64863,951999,831530,120468,50000,+0.0234,0.0400,+0.0,+0.0000,NONE,RUNNING
"=""2026-08-09 10:29:25""",64863,979026,858557,120468,50000,+0.0239,0.0400,+0.0,+0.0000,NONE,RUNNING
"=""2026-08-09 10:29:26""",64863,992540,872072,120468,50000,+0.0239,0.0400,+0.0,+0.0000,NONE,RUNNING
"=""2026-08-09 10:29:27""",64863,617103,496634,120468,50000,+0.0239,0.0400,+0.0,+0.0000,NONE,RUNNING
"=""2026-08-09 10:29:28""",64863,630617,510148,120468,50000,+0.0239,0.0400,+0.0,+0.0000,NONE,RUNNING
"=""2026-08-09 10:29:29""",64863,644131,523663,120468,50000,+0.0235,0.0400,+0.0,+0.0000,NONE,RUNNING
"=""2026-08-09 10:29:30""",64863,594047,473578,120468,50000,+0.0237,0.0400,+0.0,+0.0000,NONE,RUNNING
"=""2026-08-09 10:29:31""",64863,607561,487092,120468,50000,+0.0237,0.0400,+0.0,+0.0000,NONE,RUNNING
"=""2026-08-09 10:29:32""",64863,607561,487092,120468,50000,+0.0138,0.0400,+0.0,+0.0000,NONE,RUNNING
"=""2026-08-09 10:29:33""",64863,607561,487092,120468,50000,+0.0138,0.0400,+0.0,+0.0000,NONE,RUNNING
"=""2026-08-09 10:29:34""",64863,590625,470156,120468,50000,+0.0139,0.0400,+0.0,+0.0000,NONE,RUNNING
"=""2026-08-09 10:29:35""",64863,604139,483670,120468,50000,+0.0157,0.0400,+0.0,+0.0000,NONE,RUNNING
"=""2026-08-09 10:29:36""",64863,617653,497185,120468,50000,+0.0157,0.0400,+0.0,+0.0000,NONE,RUNNING
"=""2026-08-09 10:29:37""",64863,631168,510699,120468,50000,+0.0156,0.0400,+0.0,+0.0000,NONE,RUNNING
"=""2026-08-09 10:29:38""",64863,590918,470449,120468,50000,+0.0152,0.0400,+0.0,+0.0000,NONE,RUNNING
"=""2026-08-09 10:29:39""",64863,604432,483963,120468,50000,+0.0152,0.0400,+0.0,+0.0000,NONE,RUNNING
"=""2026-08-09 10:29:40""",64863,617947,497478,120468,50000,+0.0155,0.0400,+0.0,+0.0000,NONE,RUNNING
"=""2026-08-09 10:29:41""",64863,631461,510992,120468,50000,+0.0155,0.0400,+0.0,+0.0000,NONE,RUNNING
"=""2026-08-09 10:29:42""",64863,644975,524506,120468,50000,+0.0155,0.0400,+0.0,+0.0000,NONE,RUNNING
"=""2026-08-09 10:29:43""",64863,644975,524506,120468,50000,+0.0155,0.0400,+0.0,+0.0000,NONE,RUNNING
"=""2026-08-09 10:29:44""",64863,644975,524506,120468,50000,+0.0155,0.0400,+0.0,+0.0000,NONE,RUNNING
"=""2026-08-09 10:29:45""",64863,644975,524506,120468,50000,+0.0155,0.0400,+0.0,+0.0000,NONE,RUNNING
"=""2026-08-09 10:29:46""",64863,644975,524506,120468,50000,+0.0155,0.0400,+0.0,+0.0000,NONE,RUNNING
"=""2026-08-09 10:29:47""",64863,644975,524506,120468,50000,+0.0155,0.0400,+0.0,+0.0000,NONE,RUNNING
"=""2026-08-09 10:29:48""",64863,612537,492068,120468,50000,+0.0151,0.0400,+0.0,+0.0000,NONE,RUNNING
"=""2026-08-09 10:29:49""",64863,556171,435702,120468,50000,+0.0151,0.0400,+0.0,+0.0000,NONE,RUNNING
"=""2026-08-09 10:29:50""",64863,556171,435702,120468,50000,+0.0151,0.0400,+0.0,+0.0000,NONE,RUNNING
"=""2026-08-09 10:29:51""",64863,556171,435702,120468,50000,+0.0124,0.0400,+0.0,+0.0000,NONE,RUNNING
"=""2026-08-09 10:29:52""",64863,556171,435702,120468,50000,+0.0124,0.0400,+0.0,+0.0000,NONE,RUNNING
"=""2026-08-09 10:29:53""",64863,556171,435702,120468,50000,+0.0124,0.0400,+0.0,+0.0000,NONE,RUNNING
"=""2026-08-09 10:29:54""",64863,556171,435702,120468,50000,+0.0124,0.0400,+0.0,+0.0000,NONE,RUNNING
"=""2026-08-09 10:29:55""",64863,556171,435702,120468,50000,+0.0039,0.0400,+0.0,+0.0000,NONE,RUNNING
"=""2026-08-09 10:29:56""",64863,556171,435702,120468,50000,+0.0039,0.0400,+0.0,+0.0000,NONE,RUNNING
"=""2026-08-09 10:29:57""",64863,336694,216226,120468,50000,+0.0043,0.0400,+0.0,+0.0000,NONE,RUNNING
"=""2026-08-09 10:29:58""",64863,248526,216226,32300,50000,+0.0043,0.0400,+0.0,+0.0000,NONE,RUNNING
"=""2026-08-09 10:29:59""",64863,248526,216226,32300,50000,+0.0044,0.0400,+0.0,+0.0000,NONE,RUNNING
"=""2026-08-09 10:30:00""",64863,248526,216226,32300,50000,+0.0044,0.0400,+0.0,+0.0000,NONE,RUNNING
"=""2026-08-09 10:30:01""",64863,248526,216226,32300,50000,+0.0047,0.0400,+0.0,+0.0000,NONE,RUNNING
"=""2026-08-09 10:30:02""",64863,473573,441272,32300,50000,+0.0047,0.0400,+0.0,+0.0000,NONE,RUNNING
"=""2026-08-09 10:30:03""",64858,441272,441272,0,50000,-0.0035,0.0400,+0.0,+0.0000,NONE,RUNNING
"=""2026-08-09 10:30:04""",64858,441272,441272,0,50000,-0.0020,0.0400,+0.0,+0.0000,NONE,RUNNING
"=""2026-08-09 10:30:05""",64858,441272,441272,0,50000,-0.0024,0.0400,+0.0,+0.0000,NONE,RUNNING
"=""2026-08-09 10:30:06""",64858,441272,441272,0,50000,-0.0024,0.0400,+0.0,+0.0000,NONE,RUNNING
"=""2026-08-09 10:30:07""",64858,441272,441272,0,50000,-0.0037,0.0400,+0.0,+0.0000,NONE,RUNNING
"=""2026-08-09 10:30:08""",64858,441272,441272,0,50000,-0.0037,0.0400,+0.0,+0.0000,NONE,RUNNING
"=""2026-08-09 10:30:09""",64858,666489,441272,225217,50000,-0.0049,0.0400,+0.0,+0.0000,NONE,RUNNING
"=""2026-08-09 10:30:10""",64861,736532,441272,295260,50000,-0.0033,0.0400,+0.0,+0.0000,NONE,RUNNING
"=""2026-08-09 10:30:11""",64863,762919,441272,321647,50000,-0.0033,0.0400,+0.0,+0.0000,NONE,RUNNING
"=""2026-08-09 10:30:12""",64865,773167,441272,331895,50000,-0.0057,0.0400,+0.0,+0.0000,NONE,RUNNING
"=""2026-08-09 10:30:13""",64866,804249,441272,362977,50000,-0.0057,0.0400,+0.0,+0.0000,NONE,RUNNING
"=""2026-08-09 10:30:14""",64871,804249,441272,362977,50000,-0.0053,0.0400,+0.0,+0.0000,NONE,RUNNING
"=""2026-08-09 10:30:15""",64872,804249,441272,362977,50000,-0.0053,0.0400,+0.0,+0.0000,NONE,RUNNING
"=""2026-08-09 10:30:16""",64872,804249,441272,362977,50000,-0.0053,0.0400,+0.0,+0.0000,NONE,RUNNING
"=""2026-08-09 10:30:17""",64873,804249,441272,362977,50000,-0.0053,0.0400,+0.0,+0.0000,NONE,RUNNING
"=""2026-08-09 10:30:18""",64873,816992,441272,375719,50000,-0.0053,0.0400,+0.0,+0.0000,NONE,RUNNING
"=""2026-08-09 10:30:19""",64874,816992,441272,375719,50000,-0.0077,0.0400,+0.0,+0.0000,NONE,RUNNING
"=""2026-08-09 10:30:20""",64874,816992,441272,375719,50000,-0.0077,0.0400,+0.0,+0.0000,NONE,RUNNING
"=""2026-08-09 10:30:21""",64874,816992,441272,375719,50000,-0.0070,0.0400,+0.0,+0.0000,NONE,RUNNING
"=""2026-08-09 10:30:22""",64874,816992,441272,375719,50000,-0.0070,0.0400,+0.0,+0.0000,NONE,RUNNING
"=""2026-08-09 10:30:23""",64874,816992,441272,375719,50000,-0.0070,0.0400,+0.0,+0.0000,NONE,RUNNING
"=""2026-08-09 10:30:24""",64874,803478,427759,375719,50000,-0.0074,0.0400,+0.0,+0.0000,NONE,RUNNING
"=""2026-08-09 10:30:25""",64874,789964,414245,375719,50000,-0.0104,0.0400,+0.0,+0.0000,NONE,RUNNING
"=""2026-08-09 10:30:26""",64874,776450,400731,375719,50000,-0.0104,0.0400,+0.0,+0.0000,NONE,RUNNING
"=""2026-08-09 10:30:27""",64874,762936,387217,375719,50000,-0.0104,0.0400,+0.0,+0.0000,NONE,RUNNING
"=""2026-08-09 10:30:28""",64874,749422,373702,375719,50000,-0.0104,0.0400,+0.0,+0.0000,NONE,RUNNING
"=""2026-08-09 10:30:29""",64874,735908,360188,375719,50000,-0.0104,0.0400,+0.0,+0.0000,NONE,RUNNING
"=""2026-08-09 10:30:30""",64874,722393,346674,375719,50000,-0.0105,0.0400,+0.0,+0.0000,NONE,RUNNING
"=""2026-08-09 10:30:31""",64874,708879,333160,375719,50000,-0.0105,0.0400,+0.0,+0.0000,NONE,RUNNING
"=""2026-08-09 10:31:31""",64877,72422,23201,49221,50000,+0.0048,0.0400,+0.0,+0.0000,NONE,RUNNING
"=""2026-08-09 10:32:31""",64881,63470,0,63470,50000,+0.0001,0.0400,+0.0,+0.0000,NONE,RUNNING
"=""2026-08-09 10:33:31""",64881,144395,44348,100047,50000,-0.0052,0.0400,+0.0,+0.0000,NONE,RUNNING
"=""2026-08-09 10:34:31""",64881,10516,0,10516,50000,+0.0047,0.0400,+0.0,+0.0000,NONE,RUNNING
"=""2026-08-09 10:35:32""",64881,21286,0,21286,50000,+0.0036,0.0400,+0.0,+0.0000,NONE,RUNNING
"=""2026-08-09 10:36:32""",64891,68716,0,68716,50000,+0.0011,0.0400,+0.0,+0.0000,NONE,RUNNING
"=""2026-08-09 10:37:32""",64889,118800,118800,0,50000,-0.0038,0.0400,+0.0,+0.0000,NONE,RUNNING
"=""2026-08-09 10:38:32""",64889,93674,0,93674,50000,-0.0041,0.0400,+0.0,+0.0000,NONE,RUNNING
"=""2026-08-09 10:39:32""",64889,0,0,0,50000,-0.0043,0.0400,+0.0,+0.0000,NONE,RUNNING
"=""2026-08-09 10:40:32""",64889,0,0,0,50000,+0.0010,0.0400,+0.0,+0.0000,NONE,RUNNING
"=""2026-08-09 10:41:32""",64880,303906,272226,31680,50000,+0.0009,0.0400,+0.0,+0.0000,NONE,RUNNING
"=""2026-08-09 10:42:32""",64880,0,0,0,50000,+0.0014,0.0400,+0.0,+0.0000,NONE,RUNNING
"=""2026-08-09 10:43:32""",64880,132318,0,132318,50000,+0.0010,0.0400,+0.0,+0.0000,NONE,RUNNING
"=""2026-08-09 10:44:32""",64889,149408,0,149408,50000,-0.0006,0.0400,+0.0,+0.0000,NONE,RUNNING
"=""2026-08-09 10:45:32""",64889,30999,0,30999,50000,-0.0000,0.0400,+0.0,+0.0000,NONE,RUNNING
"=""2026-08-09 10:46:32""",64889,135186,61070,74116,50000,-0.0026,0.0400,+0.0,+0.0000,NONE,RUNNING
"=""2026-08-09 10:47:32""",64889,0,0,0,50000,+0.0016,0.0400,+0.0,+0.0000,NONE,RUNNING
"=""2026-08-09 10:48:32""",64889,10867,10867,0,50000,-0.0012,0.0400,+0.0,+0.0000,NONE,RUNNING
"=""2026-08-09 10:49:32""",64889,344638,344638,0,50000,-0.0025,0.0400,+0.0,+0.0000,NONE,RUNNING
"=""2026-08-09 10:50:32""",64889,123435,123435,0,50000,-0.0005,0.0400,+0.0,+0.0000,NONE,RUNNING
"=""2026-08-09 10:51:32""",64858,5915930,4446704,1469226,50000,-0.0002,0.0400,+0.0,+0.0000,NONE,RUNNING
"=""2026-08-09 10:52:32""",64848,162951,162951,0,50000,-0.0130,0.0400,+0.0,+0.0000,NONE,RUNNING
"=""2026-08-09 10:53:32""",64856,99919,0,99919,50000,+0.0021,0.0400,+0.0,+0.0000,NONE,RUNNING
"=""2026-08-09 10:54:32""",64862,267748,0,267748,50000,-0.0047,0.0400,+0.0,+0.0000,NONE,RUNNING
"=""2026-08-09 10:55:33""",64866,151603,0,151603,50000,-0.0010,0.0400,+0.0,+0.0000,NONE,RUNNING
"=""2026-08-09 10:56:33""",64866,0,0,0,50000,+0.0013,0.0400,+0.0,+0.0000,NONE,RUNNING
"=""2026-08-09 10:57:33""",64866,18681,18681,0,50000,-0.0044,0.0400,+0.0,+0.0000,NONE,RUNNING
"=""2026-08-09 10:58:33""",64868,300863,12895,287967,50000,-0.0049,0.0400,+0.0,+0.0000,NONE,RUNNING
"=""2026-08-09 10:59:33""",64863,699078,683031,16046,50000,-0.0022,0.0400,+0.0,+0.0000,NONE,RUNNING
"=""2026-08-09 11:00:33""",64861,285607,285607,0,50000,-0.0051,0.0400,+0.0,+0.0000,NONE,RUNNING
"=""2026-08-09 11:01:33""",64861,0,0,0,50000,-0.0031,0.0400,+0.0,+0.0000,NONE,RUNNING
"=""2026-08-09 11:02:24""",64844,29381,15203,14177,50000,-0.0235,0.0400,+0.0,+0.0000,NONE,RUNNING
"=""2026-08-09 11:02:25""",64844,29381,15203,14177,50000,-0.0235,0.0400,+0.0,+0.0000,NONE,RUNNING
"=""2026-08-09 11:02:26""",64844,29381,15203,14177,50000,-0.0221,0.0400,+0.0,+0.0000,NONE,RUNNING
"=""2026-08-09 11:02:27""",64844,29381,15203,14177,50000,-0.0267,0.0400,+0.0,+0.0000,NONE,RUNNING
"=""2026-08-09 11:02:28""",64844,29381,15203,14177,50000,-0.0267,0.0400,+0.0,+0.0000,NONE,RUNNING
"=""2026-08-09 11:02:29""",64844,29381,15203,14177,50000,-0.0261,0.0400,+0.0,+0.0000,NONE,RUNNING
"=""2026-08-09 11:02:30""",64844,29381,15203,14177,50000,-0.0261,0.0400,+0.0,+0.0000,NONE,RUNNING
"=""2026-08-09 11:02:31""",64844,54137,15203,38933,50000,-0.0261,0.0400,+0.0,+0.0000,NONE,RUNNING
"=""2026-08-09 11:02:32""",64849,54137,15203,38933,50000,-0.0247,0.0400,+0.0,+0.0000,NONE,RUNNING
"=""2026-08-09 11:02:33""",64849,54137,15203,38933,50000,-0.0268,0.0400,+0.0,+0.0000,NONE,RUNNING
"=""2026-08-09 11:02:34""",64849,54137,15203,38933,50000,-0.0268,0.0400,+0.0,+0.0000,NONE,RUNNING
"=""2026-08-09 11:02:35""",64849,77503,15203,62300,50000,-0.0267,0.0400,+0.0,+0.0000,NONE,RUNNING
"=""2026-08-09 11:02:36""",64849,77503,15203,62300,50000,-0.0267,0.0400,+0.0,+0.0000,NONE,RUNNING
"=""2026-08-09 11:02:37""",64849,77503,15203,62300,50000,-0.0271,0.0400,+0.0,+0.0000,NONE,RUNNING
"=""2026-08-09 11:02:38""",64849,88571,15203,73368,50000,-0.0271,0.0400,+0.0,+0.0000,NONE,RUNNING
"=""2026-08-09 11:02:39""",64849,88571,15203,73368,50000,-0.0298,0.0400,+0.0,+0.0000,NONE,RUNNING
"=""2026-08-09 11:02:41""",64849,88571,15203,73368,50000,-0.0297,0.0400,+0.0,+0.0000,NONE,RUNNING
"=""2026-08-09 11:02:42""",64849,88571,15203,73368,50000,-0.0297,0.0400,+0.0,+0.0000,NONE,RUNNING
"=""2026-08-09 11:02:43""",64849,88571,15203,73368,50000,-0.0255,0.0400,+0.0,+0.0000,NONE,RUNNING
"=""2026-08-09 11:02:44""",64849,88571,15203,73368,50000,-0.0255,0.0400,+0.0,+0.0000,NONE,RUNNING
"=""2026-08-09 11:02:45""",64849,88571,15203,73368,50000,-0.0255,0.0400,+0.0,+0.0000,NONE,RUNNING
"=""2026-08-09 11:02:46""",64849,88571,15203,73368,50000,-0.0255,0.0400,+0.0,+0.0000,NONE,RUNNING
"=""2026-08-09 11:02:47""",64849,88571,15203,73368,50000,-0.0257,0.0400,+0.0,+0.0000,NONE,RUNNING
"=""2026-08-09 11:02:48""",64849,88571,15203,73368,50000,-0.0252,0.0400,+0.0,+0.0000,NONE,RUNNING
"=""2026-08-09 11:02:49""",64849,88571,15203,73368,50000,-0.0251,0.0400,+0.0,+0.0000,NONE,RUNNING
"=""2026-08-09 11:02:50""",64849,88571,15203,73368,50000,-0.0241,0.0400,+0.0,+0.0000,NONE,RUNNING
"=""2026-08-09 11:02:51""",64849,88571,15203,73368,50000,-0.0241,0.0400,+0.0,+0.0000,NONE,RUNNING
"=""2026-08-09 11:02:52""",64849,88571,15203,73368,50000,-0.0241,0.0400,+0.0,+0.0000,NONE,RUNNING
"=""2026-08-09 11:02:53""",64849,88571,15203,73368,50000,-0.0241,0.0400,+0.0,+0.0000,NONE,RUNNING
"=""2026-08-09 11:02:54""",64849,88571,15203,73368,50000,-0.0236,0.0400,+0.0,+0.0000,NONE,RUNNING
"=""2026-08-09 11:02:55""",64849,88571,15203,73368,50000,-0.0238,0.0400,+0.0,+0.0000,NONE,RUNNING
"=""2026-08-09 11:02:56""",64849,88571,15203,73368,50000,-0.0238,0.0400,+0.0,+0.0000,NONE,RUNNING
"=""2026-08-09 11:02:57""",64849,88571,15203,73368,50000,-0.0238,0.0400,+0.0,+0.0000,NONE,RUNNING
"=""2026-08-09 11:02:58""",64849,88571,15203,73368,50000,-0.0216,0.0400,+0.0,+0.0000,NONE,RUNNING
"=""2026-08-09 11:02:59""",64849,88571,15203,73368,50000,-0.0216,0.0400,+0.0,+0.0000,NONE,RUNNING
"=""2026-08-09 11:03:00""",64849,88571,15203,73368,50000,-0.0217,0.0400,+0.0,+0.0000,NONE,RUNNING
"=""2026-08-09 11:03:01""",64849,88571,15203,73368,50000,-0.0217,0.0400,+0.0,+0.0000,NONE,RUNNING
"=""2026-08-09 11:03:02""",64849,88571,15203,73368,50000,-0.0217,0.0400,+0.0,+0.0000,NONE,RUNNING
"=""2026-08-09 11:03:03""",64849,88571,15203,73368,50000,-0.0219,0.0400,+0.0,+0.0000,NONE,RUNNING
"=""2026-08-09 11:03:04""",64849,88571,15203,73368,50000,-0.0219,0.0400,+0.0,+0.0000,NONE,RUNNING
"=""2026-08-09 11:03:05""",64849,73368,0,73368,50000,-0.0217,0.0400,+0.0,+0.0000,NONE,RUNNING
"=""2026-08-09 11:03:06""",64849,73368,0,73368,50000,-0.0220,0.0400,+0.0,+0.0000,NONE,RUNNING
"=""2026-08-09 11:03:07""",64849,73368,0,73368,50000,-0.0220,0.0400,+0.0,+0.0000,NONE,RUNNING
"=""2026-08-09 11:03:08""",64849,73368,0,73368,50000,-0.0219,0.0400,+0.0,+0.0000,NONE,RUNNING
"=""2026-08-09 11:03:09""",64849,73368,0,73368,50000,-0.0189,0.0400,+0.0,+0.0000,NONE,RUNNING
"=""2026-08-09 11:03:10""",64849,73368,0,73368,50000,-0.0189,0.0400,+0.0,+0.0000,NONE,RUNNING
"=""2026-08-09 11:03:11""",64849,73368,0,73368,50000,-0.0189,0.0400,+0.0,+0.0000,NONE,RUNNING
"=""2026-08-09 11:03:12""",64849,73368,0,73368,50000,-0.0130,0.0400,+0.0,+0.0000,NONE,RUNNING
"=""2026-08-09 11:03:13""",64849,73368,0,73368,50000,-0.0130,0.0400,+0.0,+0.0000,NONE,RUNNING
"=""2026-08-09 11:03:14""",64849,73368,0,73368,50000,-0.0128,0.0400,+0.0,+0.0000,NONE,RUNNING
"=""2026-08-09 11:03:15""",64849,73368,0,73368,50000,-0.0127,0.0400,+0.0,+0.0000,NONE,RUNNING
"=""2026-08-09 11:03:16""",64849,73368,0,73368,50000,-0.0127,0.0400,+0.0,+0.0000,NONE,RUNNING
"=""2026-08-09 11:03:17""",64849,73368,0,73368,50000,-0.0127,0.0400,+0.0,+0.0000,NONE,RUNNING
"=""2026-08-09 11:03:18""",64849,73368,0,73368,50000,-0.0104,0.0400,+0.0,+0.0000,NONE,RUNNING
"=""2026-08-09 11:03:19""",64849,73368,0,73368,50000,-0.0104,0.0400,+0.0,+0.0000,NONE,RUNNING
"=""2026-08-09 11:03:20""",64849,73368,0,73368,50000,-0.0103,0.0400,+0.0,+0.0000,NONE,RUNNING
"=""2026-08-09 11:03:21""",64849,73368,0,73368,50000,-0.0103,0.0400,+0.0,+0.0000,NONE,RUNNING
"=""2026-08-09 11:03:22""",64849,73368,0,73368,50000,-0.0103,0.0400,+0.0,+0.0000,NONE,RUNNING
"=""2026-08-09 11:03:23""",64849,73368,0,73368,50000,-0.0104,0.0400,+0.0,+0.0000,NONE,RUNNING
"=""2026-08-09 11:03:24""",64849,73368,0,73368,50000,-0.0104,0.0400,+0.0,+0.0000,NONE,RUNNING
"=""2026-08-09 11:03:25""",64849,59190,0,59190,50000,-0.0027,0.0400,+0.0,+0.0000,NONE,RUNNING
"=""2026-08-09 11:03:26""",64849,59190,0,59190,50000,-0.0027,0.0400,+0.0,+0.0000,NONE,RUNNING
"=""2026-08-09 11:03:27""",64849,59190,0,59190,50000,+0.0018,0.0400,+0.0,+0.0000,NONE,RUNNING
"=""2026-08-09 11:03:28""",64849,59190,0,59190,50000,+0.0017,0.0400,+0.0,+0.0000,NONE,RUNNING
"=""2026-08-09 11:03:29""",64849,59190,0,59190,50000,+0.0017,0.0400,+0.0,+0.0000,NONE,RUNNING
"=""2026-08-09 11:03:30""",64849,188890,129699,59190,50000,+0.0017,0.0400,+0.0,+0.0000,NONE,RUNNING
"=""2026-08-09 11:03:31""",64851,319132,129699,189432,50000,+0.0025,0.0400,+0.0,+0.0000,NONE,RUNNING
"=""2026-08-09 11:03:32""",64851,308574,129699,178874,50000,+0.0025,0.0400,+0.0,+0.0000,NONE,RUNNING
"=""2026-08-09 11:03:33""",64851,308574,129699,178874,50000,+0.0046,0.0400,+0.0,+0.0000,NONE,RUNNING
"=""2026-08-09 11:03:34""",64851,308574,129699,178874,50000,+0.0099,0.0400,+0.0,+0.0000,NONE,RUNNING
"=""2026-08-09 11:03:35""",64851,304516,149008,155508,50000,+0.0099,0.0400,+0.0,+0.0000,NONE,RUNNING
"=""2026-08-09 11:03:36""",64851,304516,149008,155508,50000,+0.0099,0.0400,+0.0,+0.0000,NONE,RUNNING
"=""2026-08-09 11:03:37""",64851,304516,149008,155508,50000,+0.0099,0.0400,+0.0,+0.0000,NONE,RUNNING
"=""2026-08-09 11:03:38""",64851,293448,149008,144440,50000,+0.0108,0.0400,+0.0,+0.0000,NONE,RUNNING
"=""2026-08-09 11:03:39""",64851,293448,149008,144440,50000,+0.0135,0.0400,+0.0,+0.0000,NONE,RUNNING
"=""2026-08-09 11:03:40""",64851,293448,149008,144440,50000,+0.0135,0.0400,+0.0,+0.0000,NONE,RUNNING
"=""2026-08-09 11:03:41""",64851,293448,149008,144440,50000,+0.0135,0.0400,+0.0,+0.0000,NONE,RUNNING
"=""2026-08-09 11:03:42""",64851,293448,149008,144440,50000,+0.0093,0.0400,+0.0,+0.0000,NONE,RUNNING
"=""2026-08-09 11:03:43""",64851,293448,149008,144440,50000,+0.0093,0.0400,+0.0,+0.0000,NONE,RUNNING
"=""2026-08-09 11:03:44""",64851,293448,149008,144440,50000,+0.0092,0.0400,+0.0,+0.0000,NONE,RUNNING
"=""2026-08-09 11:03:45""",64851,293448,149008,144440,50000,+0.0092,0.0400,+0.0,+0.0000,NONE,RUNNING
"=""2026-08-09 11:03:46""",64851,293448,149008,144440,50000,+0.0094,0.0400,+0.0,+0.0000,NONE,RUNNING
"=""2026-08-09 11:03:47""",64851,293448,149008,144440,50000,+0.0094,0.0400,+0.0,+0.0000,NONE,RUNNING
"=""2026-08-09 11:03:48""",64851,293448,149008,144440,50000,+0.0094,0.0400,+0.0,+0.0000,NONE,RUNNING
"=""2026-08-09 11:03:49""",64851,293448,149008,144440,50000,+0.0093,0.0400,+0.0,+0.0000,NONE,RUNNING
"=""2026-08-09 11:03:50""",64851,293448,149008,144440,50000,+0.0099,0.0400,+0.0,+0.0000,NONE,RUNNING
"=""2026-08-09 11:03:51""",64851,293448,149008,144440,50000,+0.0099,0.0400,+0.0,+0.0000,NONE,RUNNING
"=""2026-08-09 11:03:52""",64851,293448,149008,144440,50000,+0.0099,0.0400,+0.0,+0.0000,NONE,RUNNING
"=""2026-08-09 11:03:53""",64851,293448,149008,144440,50000,+0.0097,0.0400,+0.0,+0.0000,NONE,RUNNING
"=""2026-08-09 11:03:54""",64851,293448,149008,144440,50000,+0.0099,0.0400,+0.0,+0.0000,NONE,RUNNING
"=""2026-08-09 11:03:55""",64851,293448,149008,144440,50000,+0.0099,0.0400,+0.0,+0.0000,NONE,RUNNING
"=""2026-08-09 11:03:56""",64851,293448,149008,144440,50000,+0.0100,0.0400,+0.0,+0.0000,NONE,RUNNING
"=""2026-08-09 11:03:57""",64851,293448,149008,144440,50000,+0.0100,0.0400,+0.0,+0.0000,NONE,RUNNING
"=""2026-08-09 11:03:58""",64851,293448,149008,144440,50000,+0.0078,0.0400,+0.0,+0.0000,NONE,RUNNING
"=""2026-08-09 11:03:59""",64851,293448,149008,144440,50000,+0.0080,0.0400,+0.0,+0.0000,NONE,RUNNING
"=""2026-08-09 11:04:00""",64851,293448,149008,144440,50000,+0.0080,0.0400,+0.0,+0.0000,NONE,RUNNING
"=""2026-08-09 11:04:01""",64851,293448,149008,144440,50000,+0.0080,0.0400,+0.0,+0.0000,NONE,RUNNING
"=""2026-08-09 11:04:02""",64851,293448,149008,144440,50000,+0.0080,0.0400,+0.0,+0.0000,NONE,RUNNING
"=""2026-08-09 11:04:03""",64851,293448,149008,144440,50000,+0.0080,0.0400,+0.0,+0.0000,NONE,RUNNING
"=""2026-08-09 11:04:04""",64851,293448,149008,144440,50000,+0.0079,0.0400,+0.0,+0.0000,NONE,RUNNING
"=""2026-08-09 11:04:05""",64851,293448,149008,144440,50000,+0.0076,0.0400,+0.0,+0.0000,NONE,RUNNING
"=""2026-08-09 11:04:06""",64851,293448,149008,144440,50000,+0.0076,0.0400,+0.0,+0.0000,NONE,RUNNING
"=""2026-08-09 11:04:07""",64851,305490,149008,156482,50000,+0.0075,0.0400,+0.0,+0.0000,NONE,RUNNING
"=""2026-08-09 11:05:07""",64851,129703,129703,0,50000,+0.0031,0.0400,+0.0,+0.0000,NONE,RUNNING
"=""2026-08-09 11:06:07""",64851,27394,27394,0,50000,+0.0006,0.0400,+0.0,+0.0000,NONE,RUNNING
"=""2026-08-09 11:07:08""",64816,825440,672984,152456,50000,+0.0107,0.0400,+0.0,+0.0000,NONE,RUNNING
"=""2026-08-09 11:08:08""",64828,151391,0,151391,50000,-0.0029,0.0400,+0.0,+0.0000,NONE,RUNNING
"=""2026-08-09 11:09:08""",64831,142911,19945,122966,50000,+0.0058,0.0400,+0.0,+0.0000,NONE,RUNNING
"=""2026-08-09 11:10:08""",64837,0,0,0,50000,+0.0078,0.0400,+0.0,+0.0000,NONE,RUNNING
"=""2026-08-09 11:11:08""",64845,0,0,0,50000,+0.0021,0.0400,+0.0,+0.0000,NONE,RUNNING
"=""2026-08-09 11:12:08""",64860,454277,351143,103134,50000,-0.0065,0.0400,+0.0,+0.0000,NONE,RUNNING
"=""2026-08-09 11:13:08""",64860,0,0,0,50000,-0.0037,0.0400,+0.0,+0.0000,NONE,RUNNING
"=""2026-08-09 11:14:08""",64858,160524,127342,33181,50000,-0.0007,0.0400,+0.0,+0.0000,NONE,RUNNING
"=""2026-08-09 11:15:08""",64854,101537,101537,0,50000,-0.0058,0.0400,+0.0,+0.0000,NONE,RUNNING
"=""2026-08-09 11:16:08""",64843,147055,147055,0,50000,-0.0055,0.0400,+0.0,+0.0000,NONE,RUNNING
"=""2026-08-09 11:17:08""",64840,140885,140885,0,50000,+0.0068,0.0400,+0.0,+0.0000,NONE,RUNNING
"=""2026-08-09 11:18:08""",64840,101535,0,101535,50000,-0.0041,0.0400,+0.0,+0.0000,NONE,RUNNING
"=""2026-08-09 11:19:08""",64840,185996,92958,93038,50000,-0.0000,0.0400,+0.0,+0.0000,NONE,RUNNING
"=""2026-08-09 11:20:08""",64840,0,0,0,50000,+0.0010,0.0400,+0.0,+0.0000,NONE,RUNNING
"=""2026-08-09 11:21:08""",64840,12942,12942,0,50000,+0.0018,0.0400,+0.0,+0.0000,NONE,RUNNING
"=""2026-08-09 11:22:08""",64840,0,0,0,50000,-0.0029,0.0400,+0.0,+0.0000,NONE,RUNNING
"=""2026-08-09 11:23:09""",64840,30838,0,30838,50000,+0.0005,0.0400,+0.0,+0.0000,NONE,RUNNING
"=""2026-08-09 11:24:09""",64840,207509,51709,155799,50000,-0.0034,0.0400,+0.0,+0.0000,NONE,RUNNING
"=""2026-08-09 11:25:09""",64843,591091,0,591091,50000,-0.0034,0.0400,+0.0,+0.0000,NONE,RUNNING
"=""2026-08-09 11:26:09""",64843,0,0,0,50000,+0.0010,0.0400,+0.0,+0.0000,NONE,RUNNING
"=""2026-08-09 11:27:09""",64845,0,0,0,50000,-0.0050,0.0400,+0.0,+0.0000,NONE,RUNNING
"=""2026-08-09 11:28:09""",64846,17776,0,17776,50000,+0.0007,0.0400,+0.0,+0.0000,NONE,RUNNING
"=""2026-08-09 11:29:09""",64848,263926,191109,72816,50000,+0.0005,0.0400,+0.0,+0.0000,NONE,RUNNING
"=""2026-08-09 11:30:09""",64840,1203561,1203561,0,50000,-0.0068,0.0400,+0.0,+0.0000,NONE,RUNNING
"=""2026-08-09 11:31:09""",64827,260954,155870,105083,50000,-0.0011,0.0400,+0.0,+0.0000,NONE,RUNNING
"=""2026-08-09 11:32:09""",64827,0,0,0,50000,-0.0024,0.0400,+0.0,+0.0000,NONE,RUNNING
"=""2026-08-09 11:33:09""",64828,338038,311909,26129,50000,-0.0071,0.0400,+0.0,+0.0000,NONE,RUNNING
"=""2026-08-09 11:34:09""",64840,701208,0,701208,50000,-0.0074,0.0400,+0.0,+0.0000,NONE,RUNNING
"=""2026-08-09 11:35:09""",64838,2048632,202902,1845730,50000,-0.0001,0.0400,+0.0,+0.0000,NONE,RUNNING
"=""2026-08-09 11:36:09""",64838,51670,51670,0,50000,-0.0058,0.0400,+0.0,+0.0000,NONE,RUNNING
"=""2026-08-09 11:37:09""",64838,0,0,0,50000,+0.0001,0.0400,+0.0,+0.0000,NONE,RUNNING
"=""2026-08-09 11:38:09""",64838,0,0,0,50000,+0.0032,0.0400,+0.0,+0.0000,NONE,RUNNING
"=""2026-08-09 11:39:09""",64838,259154,242324,16830,50000,+0.0009,0.0400,+0.0,+0.0000,NONE,RUNNING
"=""2026-08-09 11:40:10""",64834,464026,464026,0,50000,-0.0028,0.0400,+0.0,+0.0000,NONE,RUNNING
"=""2026-08-09 11:41:10""",64834,0,0,0,50000,-0.0027,0.0400,+0.0,+0.0000,NONE,RUNNING
"=""2026-08-09 11:42:10""",64834,44060,0,44060,50000,+0.0002,0.0400,+0.0,+0.0000,NONE,RUNNING
"=""2026-08-09 11:43:10""",64820,221082,170487,50594,50000,-0.0001,0.0400,+0.0,+0.0000,NONE,RUNNING
"=""2026-08-09 11:44:10""",64789,937310,910950,26359,50000,-0.0091,0.0400,+0.0,+0.0000,NONE,RUNNING
"=""2026-08-09 11:44:13""",64789,937310,910950,26359,50000,-0.0206,0.0400,+0.0,+0.0000,NONE,RUNNING
"=""2026-08-09 11:44:14""",64789,937310,910950,26359,50000,-0.0206,0.0400,+0.0,+0.0000,NONE,RUNNING
"=""2026-08-09 11:44:15""",64789,937310,910950,26359,50000,-0.0269,0.0400,+0.0,+0.0000,NONE,RUNNING
"=""2026-08-09 11:44:16""",64789,937310,910950,26359,50000,-0.0269,0.0400,+0.0,+0.0000,NONE,RUNNING
"=""2026-08-09 11:44:17""",64789,937310,910950,26359,50000,-0.0269,0.0400,+0.0,+0.0000,NONE,RUNNING
"=""2026-08-09 11:44:18""",64789,937310,910950,26359,50000,-0.0269,0.0400,+0.0,+0.0000,NONE,RUNNING
"=""2026-08-09 11:44:19""",64789,860941,834581,26359,50000,-0.0269,0.0400,+0.0,+0.0000,NONE,RUNNING
"=""2026-08-09 11:44:20""",64789,860941,834581,26359,50000,-0.0268,0.0400,+0.0,+0.0000,NONE,RUNNING
"=""2026-08-09 11:44:21""",64789,860941,834581,26359,50000,-0.0268,0.0400,+0.0,+0.0000,NONE,RUNNING
"=""2026-08-09 11:44:22""",64789,860941,834581,26359,50000,-0.0268,0.0400,+0.0,+0.0000,NONE,RUNNING
"=""2026-08-09 11:44:23""",64789,860941,834581,26359,50000,-0.0268,0.0400,+0.0,+0.0000,NONE,RUNNING
"=""2026-08-09 11:44:24""",64789,860941,834581,26359,50000,-0.0274,0.0400,+0.0,+0.0000,NONE,RUNNING
"=""2026-08-09 11:44:25""",64789,860941,834581,26359,50000,-0.0274,0.0400,+0.0,+0.0000,NONE,RUNNING
"=""2026-08-09 11:44:26""",64789,860941,834581,26359,50000,-0.0287,0.0400,+0.0,+0.0000,NONE,RUNNING
"=""2026-08-09 11:44:27""",64789,860941,834581,26359,50000,-0.0287,0.0400,+0.0,+0.0000,NONE,RUNNING
"=""2026-08-09 11:44:28""",64789,860941,834581,26359,50000,-0.0266,0.0400,+0.0,+0.0000,NONE,RUNNING
"=""2026-08-09 11:44:29""",64789,860941,834581,26359,50000,-0.0266,0.0400,+0.0,+0.0000,NONE,RUNNING
"=""2026-08-09 11:44:30""",64789,860941,834581,26359,50000,-0.0266,0.0400,+0.0,+0.0000,NONE,RUNNING
"=""2026-08-09 11:44:31""",64789,834581,834581,0,50000,-0.0263,0.0400,+0.0,+0.0000,NONE,RUNNING
"=""2026-08-09 11:44:32""",64789,819025,819025,0,50000,-0.0258,0.0400,+0.0,+0.0000,NONE,RUNNING
"=""2026-08-09 11:44:33""",64789,819025,819025,0,50000,-0.0258,0.0400,+0.0,+0.0000,NONE,RUNNING
"=""2026-08-09 11:44:34""",64789,819025,819025,0,50000,-0.0258,0.0400,+0.0,+0.0000,NONE,RUNNING
"=""2026-08-09 11:44:35""",64789,819025,819025,0,50000,-0.0258,0.0400,+0.0,+0.0000,NONE,RUNNING
"=""2026-08-09 11:44:36""",64789,807057,807057,0,50000,-0.0258,0.0400,+0.0,+0.0000,NONE,RUNNING
"=""2026-08-09 11:44:37""",64789,807057,807057,0,50000,-0.0258,0.0400,+0.0,+0.0000,NONE,RUNNING
"=""2026-08-09 11:44:38""",64789,807057,807057,0,50000,-0.0269,0.0400,+0.0,+0.0000,NONE,RUNNING
"=""2026-08-09 11:44:39""",64789,807057,807057,0,50000,-0.0270,0.0400,+0.0,+0.0000,NONE,RUNNING
"=""2026-08-09 11:44:40""",64789,945343,945343,0,50000,-0.0270,0.0400,+0.0,+0.0000,NONE,RUNNING
"=""2026-08-09 11:44:41""",64785,945343,945343,0,50000,-0.0270,0.0400,+0.0,+0.0000,NONE,RUNNING
"=""2026-08-09 11:44:42""",64785,945343,945343,0,50000,-0.0270,0.0400,+0.0,+0.0000,NONE,RUNNING
"=""2026-08-09 11:44:43""",64785,945343,945343,0,50000,-0.0263,0.0400,+0.0,+0.0000,NONE,RUNNING
"=""2026-08-09 11:44:44""",64785,945343,945343,0,50000,-0.0436,0.0400,+0.0,+0.0000,NONE,RUNNING
"=""2026-08-09 11:44:45""",64785,945343,945343,0,50000,-0.0436,0.0400,+0.0,+0.0000,NONE,RUNNING
"=""2026-08-09 11:44:46""",64785,902056,902056,0,50000,-0.0431,0.0400,+0.0,+0.0000,NONE,RUNNING
"=""2026-08-09 11:44:47""",64785,902056,902056,0,50000,-0.0431,0.0400,+0.0,+0.0000,NONE,RUNNING
"=""2026-08-09 11:44:48""",64785,882329,882329,0,50000,-0.0431,0.0400,+0.0,+0.0000,NONE,RUNNING
"=""2026-08-09 11:44:49""",64785,882329,882329,0,50000,-0.0425,0.0400,+0.0,+0.0000,NONE,RUNNING
"=""2026-08-09 11:44:50""",64785,868085,868085,0,50000,-0.0425,0.0400,+0.0,+0.0000,NONE,RUNNING
"=""2026-08-09 11:44:51""",64785,868085,868085,0,50000,-0.0439,0.0400,+0.0,+0.0000,NONE,RUNNING
"=""2026-08-09 11:44:52""",64785,868085,868085,0,50000,-0.0398,0.0400,+0.0,+0.0000,NONE,RUNNING
"=""2026-08-09 11:44:53""",64785,868085,868085,0,50000,-0.0394,0.0400,+0.0,+0.0000,NONE,RUNNING
"=""2026-08-09 11:44:54""",64785,868085,868085,0,50000,-0.0394,0.0400,+0.0,+0.0000,NONE,RUNNING
"=""2026-08-09 11:44:55""",64785,868085,868085,0,50000,-0.0393,0.0400,+0.0,+0.0000,NONE,RUNNING
"=""2026-08-09 11:44:56""",64785,857716,857716,0,50000,-0.0429,0.0400,+0.0,+0.0000,NONE,RUNNING
"=""2026-08-09 11:44:57""",64785,857716,857716,0,50000,-0.0429,0.0400,+0.0,+0.0000,NONE,RUNNING
"=""2026-08-09 11:44:58""",64785,808122,808122,0,50000,-0.0423,0.0400,+0.0,+0.0000,NONE,RUNNING
"=""2026-08-09 11:44:59""",64785,808122,808122,0,50000,-0.0416,0.0400,+0.0,+0.0000,NONE,RUNNING
"=""2026-08-09 11:45:00""",64777,997999,997999,0,50000,-0.0416,0.0400,+0.0,+0.0000,NONE,RUNNING
"=""2026-08-09 11:45:01""",64777,328163,328163,0,50000,-0.0407,0.0400,+0.0,+0.0000,NONE,RUNNING
"=""2026-08-09 11:45:02""",64777,328163,328163,0,50000,-0.0407,0.0400,+0.0,+0.0000,NONE,RUNNING
"=""2026-08-09 11:45:03""",64777,328163,328163,0,50000,-0.0408,0.0400,+0.0,+0.0000,NONE,RUNNING
"=""2026-08-09 11:45:04""",64777,328163,328163,0,50000,-0.0268,0.0400,+0.0,+0.0000,NONE,RUNNING
"=""2026-08-09 11:45:05""",64777,328163,328163,0,50000,-0.0284,0.0400,+0.0,+0.0000,NONE,RUNNING
"=""2026-08-09 11:45:06""",64777,328163,328163,0,50000,-0.0284,0.0400,+0.0,+0.0000,NONE,RUNNING
"=""2026-08-09 11:45:07""",64777,328163,328163,0,50000,-0.0268,0.0400,+0.0,+0.0000,NONE,RUNNING
"=""2026-08-09 11:45:08""",64777,328163,328163,0,50000,-0.0244,0.0400,+0.0,+0.0000,NONE,RUNNING
"=""2026-08-09 11:45:09""",64777,328163,328163,0,50000,-0.0244,0.0400,+0.0,+0.0000,NONE,RUNNING
"=""2026-08-09 11:45:10""",64777,328163,328163,0,50000,-0.0237,0.0400,+0.0,+0.0000,NONE,RUNNING
"=""2026-08-09 11:45:11""",64777,328163,328163,0,50000,-0.0247,0.0400,+0.0,+0.0000,NONE,RUNNING
"=""2026-08-09 11:45:12""",64777,328163,328163,0,50000,-0.0247,0.0400,+0.0,+0.0000,NONE,RUNNING
"=""2026-08-09 11:45:13""",64777,328163,328163,0,50000,-0.0234,0.0400,+0.0,+0.0000,NONE,RUNNING
"=""2026-08-09 11:45:14""",64777,328163,328163,0,50000,-0.0238,0.0400,+0.0,+0.0000,NONE,RUNNING
"=""2026-08-09 11:45:15""",64777,328163,328163,0,50000,-0.0238,0.0400,+0.0,+0.0000,NONE,RUNNING
"=""2026-08-09 11:45:16""",64777,350211,328163,22047,50000,-0.0238,0.0400,+0.0,+0.0000,NONE,RUNNING
"=""2026-08-09 11:45:17""",64780,350211,328163,22047,50000,-0.0238,0.0400,+0.0,+0.0000,NONE,RUNNING
"=""2026-08-09 11:45:18""",64779,350211,328163,22047,50000,-0.0257,0.0400,+0.0,+0.0000,NONE,RUNNING
"=""2026-08-09 11:45:19""",64779,350211,328163,22047,50000,-0.0257,0.0400,+0.0,+0.0000,NONE,RUNNING
"=""2026-08-09 11:45:20""",64779,350211,328163,22047,50000,-0.0259,0.0400,+0.0,+0.0000,NONE,RUNNING
"=""2026-08-09 11:45:21""",64779,350211,328163,22047,50000,-0.0259,0.0400,+0.0,+0.0000,NONE,RUNNING
"=""2026-08-09 11:45:22""",64779,350211,328163,22047,50000,-0.0258,0.0400,+0.0,+0.0000,NONE,RUNNING
"=""2026-08-09 11:45:23""",64780,350211,328163,22047,50000,-0.0273,0.0400,+0.0,+0.0000,NONE,RUNNING
"=""2026-08-09 11:45:25""",64780,350211,328163,22047,50000,-0.0273,0.0400,+0.0,+0.0000,NONE,RUNNING
"=""2026-08-09 11:45:26""",64779,350211,328163,22047,50000,-0.0260,0.0400,+0.0,+0.0000,NONE,RUNNING
"=""2026-08-09 11:45:27""",64780,350211,328163,22047,50000,-0.0260,0.0400,+0.0,+0.0000,NONE,RUNNING
"=""2026-08-09 11:45:28""",64780,350211,328163,22047,50000,-0.0264,0.0400,+0.0,+0.0000,NONE,RUNNING
"=""2026-08-09 11:45:29""",64780,350211,328163,22047,50000,-0.0264,0.0400,+0.0,+0.0000,NONE,RUNNING
"=""2026-08-09 11:45:30""",64780,350211,328163,22047,50000,-0.0264,0.0400,+0.0,+0.0000,NONE,RUNNING
"=""2026-08-09 11:45:31""",64780,350211,328163,22047,50000,-0.0256,0.0400,+0.0,+0.0000,NONE,RUNNING
"=""2026-08-09 11:45:32""",64784,369274,328163,41110,50000,-0.0256,0.0400,+0.0,+0.0000,NONE,RUNNING
"=""2026-08-09 11:45:33""",64784,369274,328163,41110,50000,-0.0273,0.0400,+0.0,+0.0000,NONE,RUNNING
"=""2026-08-09 11:45:34""",64784,369274,328163,41110,50000,-0.0273,0.0400,+0.0,+0.0000,NONE,RUNNING
"=""2026-08-09 11:45:35""",64784,369274,328163,41110,50000,-0.0273,0.0400,+0.0,+0.0000,NONE,RUNNING
"=""2026-08-09 11:45:36""",64784,369274,328163,41110,50000,-0.0273,0.0400,+0.0,+0.0000,NONE,RUNNING
"=""2026-08-09 11:45:37""",64784,369274,328163,41110,50000,-0.0273,0.0400,+0.0,+0.0000,NONE,RUNNING
"=""2026-08-09 11:45:38""",64784,369274,328163,41110,50000,-0.0261,0.0400,+0.0,+0.0000,NONE,RUNNING
"=""2026-08-09 11:45:39""",64784,369274,328163,41110,50000,-0.0261,0.0400,+0.0,+0.0000,NONE,RUNNING
"=""2026-08-09 11:45:40""",64784,230987,189877,41110,50000,-0.0306,0.0400,+0.0,+0.0000,NONE,RUNNING
"=""2026-08-09 11:45:41""",64784,230987,189877,41110,50000,-0.0306,0.0400,+0.0,+0.0000,NONE,RUNNING
"=""2026-08-09 11:45:42""",64784,230987,189877,41110,50000,-0.0306,0.0400,+0.0,+0.0000,NONE,RUNNING
"=""2026-08-09 11:45:43""",64784,230987,189877,41110,50000,-0.0297,0.0400,+0.0,+0.0000,NONE,RUNNING
"=""2026-08-09 11:45:44""",64784,264263,189877,74386,50000,-0.0125,0.0400,+0.0,+0.0000,NONE,RUNNING
"=""2026-08-09 11:45:45""",64787,318053,189877,128176,50000,-0.0125,0.0400,+0.0,+0.0000,NONE,RUNNING
"=""2026-08-09 11:45:46""",64787,318053,189877,128176,50000,-0.0133,0.0400,+0.0,+0.0000,NONE,RUNNING
"=""2026-08-09 11:45:47""",64789,332422,189877,142545,50000,-0.0133,0.0400,+0.0,+0.0000,NONE,RUNNING
"=""2026-08-09 11:45:48""",64789,332422,189877,142545,50000,-0.0133,0.0400,+0.0,+0.0000,NONE,RUNNING
"=""2026-08-09 11:45:49""",64789,332422,189877,142545,50000,-0.0119,0.0400,+0.0,+0.0000,NONE,RUNNING
"=""2026-08-09 11:45:50""",64789,332422,189877,142545,50000,-0.0119,0.0400,+0.0,+0.0000,NONE,RUNNING
"=""2026-08-09 11:45:51""",64789,332422,189877,142545,50000,-0.0105,0.0400,+0.0,+0.0000,NONE,RUNNING
"=""2026-08-09 11:45:52""",64789,332422,189877,142545,50000,-0.0105,0.0400,+0.0,+0.0000,NONE,RUNNING
"=""2026-08-09 11:45:53""",64789,332422,189877,142545,50000,-0.0105,0.0400,+0.0,+0.0000,NONE,RUNNING
"=""2026-08-09 11:45:54""",64789,332422,189877,142545,50000,-0.0109,0.0400,+0.0,+0.0000,NONE,RUNNING
"=""2026-08-09 11:45:55""",64789,343054,200509,142545,50000,-0.0109,0.0400,+0.0,+0.0000,NONE,RUNNING
"=""2026-08-09 11:45:56""",64789,390959,200509,190450,50000,-0.0073,0.0400,+0.0,+0.0000,NONE,RUNNING
"=""2026-08-09 11:45:57""",64791,390959,200509,190450,50000,-0.0073,0.0400,+0.0,+0.0000,NONE,RUNNING
"=""2026-08-09 11:45:58""",64791,390959,200509,190450,50000,-0.0073,0.0400,+0.0,+0.0000,NONE,RUNNING
"=""2026-08-09 11:45:59""",64791,390959,200509,190450,50000,-0.0073,0.0400,+0.0,+0.0000,NONE,RUNNING
"=""2026-08-09 11:46:00""",64791,201082,10632,190450,50000,-0.0058,0.0400,+0.0,+0.0000,NONE,RUNNING
"=""2026-08-09 11:46:01""",64791,222818,10632,212186,50000,-0.0058,0.0400,+0.0,+0.0000,NONE,RUNNING
"=""2026-08-09 11:46:02""",64791,222818,10632,212186,50000,-0.0058,0.0400,+0.0,+0.0000,NONE,RUNNING
"=""2026-08-09 11:46:03""",64791,222818,10632,212186,50000,-0.0098,0.0400,+0.0,+0.0000,NONE,RUNNING
"=""2026-08-09 11:46:04""",64791,222818,10632,212186,50000,-0.0098,0.0400,+0.0,+0.0000,NONE,RUNNING
"=""2026-08-09 11:46:05""",64791,222818,10632,212186,50000,-0.0082,0.0400,+0.0,+0.0000,NONE,RUNNING
"=""2026-08-09 11:46:06""",64791,222818,10632,212186,50000,-0.0082,0.0400,+0.0,+0.0000,NONE,RUNNING
"=""2026-08-09 11:46:07""",64791,222818,10632,212186,50000,-0.0082,0.0400,+0.0,+0.0000,NONE,RUNNING
"=""2026-08-09 11:46:08""",64791,222818,10632,212186,50000,-0.0082,0.0400,+0.0,+0.0000,NONE,RUNNING
"=""2026-08-09 11:46:09""",64791,222818,10632,212186,50000,-0.0075,0.0400,+0.0,+0.0000,NONE,RUNNING
"=""2026-08-09 11:46:10""",64791,222818,10632,212186,50000,-0.0075,0.0400,+0.0,+0.0000,NONE,RUNNING
"=""2026-08-09 11:46:11""",64791,222818,10632,212186,50000,-0.0075,0.0400,+0.0,+0.0000,NONE,RUNNING
"=""2026-08-09 11:46:12""",64791,222818,10632,212186,50000,-0.0065,0.0400,+0.0,+0.0000,NONE,RUNNING
"=""2026-08-09 11:46:13""",64791,222818,10632,212186,50000,-0.0065,0.0400,+0.0,+0.0000,NONE,RUNNING
"=""2026-08-09 11:46:14""",64791,222818,10632,212186,50000,-0.0065,0.0400,+0.0,+0.0000,NONE,RUNNING
"=""2026-08-09 11:46:15""",64791,222818,10632,212186,50000,-0.0060,0.0400,+0.0,+0.0000,NONE,RUNNING
"=""2026-08-09 11:46:16""",64791,222818,10632,212186,50000,-0.0058,0.0400,+0.0,+0.0000,NONE,RUNNING
"=""2026-08-09 11:46:17""",64791,200770,10632,190138,50000,-0.0058,0.0400,+0.0,+0.0000,NONE,RUNNING
"=""2026-08-09 11:46:18""",64791,200770,10632,190138,50000,-0.0040,0.0400,+0.0,+0.0000,NONE,RUNNING
"=""2026-08-09 11:46:19""",64791,200770,10632,190138,50000,-0.0040,0.0400,+0.0,+0.0000,NONE,RUNNING
"=""2026-08-09 11:46:20""",64791,200770,10632,190138,50000,-0.0040,0.0400,+0.0,+0.0000,NONE,RUNNING
"=""2026-08-09 11:46:21""",64791,200770,10632,190138,50000,-0.0038,0.0400,+0.0,+0.0000,NONE,RUNNING
"=""2026-08-09 11:46:22""",64791,200770,10632,190138,50000,-0.0037,0.0400,+0.0,+0.0000,NONE,RUNNING
"=""2026-08-09 11:46:23""",64791,200770,10632,190138,50000,-0.0037,0.0400,+0.0,+0.0000,NONE,RUNNING
"=""2026-08-09 11:46:24""",64791,200770,10632,190138,50000,-0.0022,0.0400,+0.0,+0.0000,NONE,RUNNING
"=""2026-08-09 11:46:25""",64791,200770,10632,190138,50000,-0.0020,0.0400,+0.0,+0.0000,NONE,RUNNING
"=""2026-08-09 11:46:26""",64791,200770,10632,190138,50000,-0.0020,0.0400,+0.0,+0.0000,NONE,RUNNING
"=""2026-08-09 11:46:27""",64791,200770,10632,190138,50000,-0.0016,0.0400,+0.0,+0.0000,NONE,RUNNING
"=""2026-08-09 11:46:28""",64791,200770,10632,190138,50000,-0.0016,0.0400,+0.0,+0.0000,NONE,RUNNING
"=""2026-08-09 11:46:29""",64791,200770,10632,190138,50000,-0.0016,0.0400,+0.0,+0.0000,NONE,RUNNING
"=""2026-08-09 11:46:30""",64791,200770,10632,190138,50000,-0.0023,0.0400,+0.0,+0.0000,NONE,RUNNING
"=""2026-08-09 11:46:31""",64791,200770,10632,190138,50000,-0.0021,0.0400,+0.0,+0.0000,NONE,RUNNING
"=""2026-08-09 11:46:32""",64791,181708,10632,171075,50000,-0.0021,0.0400,+0.0,+0.0000,NONE,RUNNING
"=""2026-08-09 11:46:33""",64791,181708,10632,171075,50000,-0.0009,0.0400,+0.0,+0.0000,NONE,RUNNING
"=""2026-08-09 11:46:34""",64791,181708,10632,171075,50000,-0.0008,0.0400,+0.0,+0.0000,NONE,RUNNING
"=""2026-08-09 11:46:35""",64791,181708,10632,171075,50000,-0.0008,0.0400,+0.0,+0.0000,NONE,RUNNING
"=""2026-08-09 11:46:36""",64791,181708,10632,171075,50000,-0.0008,0.0400,+0.0,+0.0000,NONE,RUNNING
"=""2026-08-09 11:46:37""",64791,181708,10632,171075,50000,-0.0008,0.0400,+0.0,+0.0000,NONE,RUNNING
"=""2026-08-09 11:46:38""",64791,181708,10632,171075,50000,-0.0008,0.0400,+0.0,+0.0000,NONE,RUNNING
"=""2026-08-09 11:46:39""",64791,181708,10632,171075,50000,+0.0037,0.0400,+0.0,+0.0000,NONE,RUNNING
"=""2026-08-09 11:46:40""",64791,181708,10632,171075,50000,+0.0041,0.0400,+0.0,+0.0000,NONE,RUNNING
"=""2026-08-09 11:46:41""",64791,181708,10632,171075,50000,+0.0041,0.0400,+0.0,+0.0000,NONE,RUNNING
"=""2026-08-09 11:46:42""",64791,181708,10632,171075,50000,+0.0041,0.0400,+0.0,+0.0000,NONE,RUNNING
"=""2026-08-09 11:46:43""",64791,181708,10632,171075,50000,+0.0032,0.0400,+0.0,+0.0000,NONE,RUNNING
"=""2026-08-09 11:47:43""",64784,56412,56412,0,50000,+0.0013,0.0400,+0.0,+0.0000,NONE,RUNNING
"=""2026-08-09 11:48:43""",64784,64784,64784,0,50000,+0.0023,0.0400,+0.0,+0.0000,NONE,RUNNING
"=""2026-08-09 11:49:43""",64784,0,0,0,50000,-0.0006,0.0400,+0.0,+0.0000,NONE,RUNNING
"=""2026-08-09 11:50:43""",64784,0,0,0,50000,+0.0027,0.0400,+0.0,+0.0000,NONE,RUNNING
"=""2026-08-09 11:51:44""",64785,225797,124363,101433,50000,-0.0134,0.0400,+0.0,+0.0000,NONE,RUNNING
"=""2026-08-09 11:52:44""",64785,0,0,0,50000,+0.0066,0.0400,+0.0,+0.0000,NONE,RUNNING
"=""2026-08-09 11:53:44""",64795,154626,20772,133854,50000,-0.0076,0.0400,+0.0,+0.0000,NONE,RUNNING
"=""2026-08-09 11:54:44""",64806,24842,13949,10893,50000,-0.0170,0.0400,+0.0,+0.0000,NONE,RUNNING
"=""2026-08-09 11:55:00""",64806,45580,13949,31631,50000,-0.0202,0.0400,+0.0,+0.0000,NONE,RUNNING
"=""2026-08-09 11:55:01""",64806,45580,13949,31631,50000,-0.0181,0.0400,+0.0,+0.0000,NONE,RUNNING
"=""2026-08-09 11:55:02""",64807,66318,13949,52369,50000,-0.0181,0.0400,+0.0,+0.0000,NONE,RUNNING
"=""2026-08-09 11:55:03""",64807,66318,13949,52369,50000,-0.0226,0.0400,+0.0,+0.0000,NONE,RUNNING
"=""2026-08-09 11:55:04""",64807,66318,13949,52369,50000,-0.0228,0.0400,+0.0,+0.0000,NONE,RUNNING
"=""2026-08-09 11:55:05""",64807,66318,13949,52369,50000,-0.0228,0.0400,+0.0,+0.0000,NONE,RUNNING
"=""2026-08-09 11:55:06""",64810,106628,13949,92679,50000,-0.0225,0.0400,+0.0,+0.0000,NONE,RUNNING
"=""2026-08-09 11:55:07""",64810,92679,0,92679,50000,-0.0215,0.0400,+0.0,+0.0000,NONE,RUNNING
"=""2026-08-09 11:55:08""",64810,92679,0,92679,50000,-0.0215,0.0400,+0.0,+0.0000,NONE,RUNNING
"=""2026-08-09 11:55:09""",64810,92679,0,92679,50000,-0.0229,0.0400,+0.0,+0.0000,NONE,RUNNING
"=""2026-08-09 11:55:10""",64810,92679,0,92679,50000,-0.0229,0.0400,+0.0,+0.0000,NONE,RUNNING
"=""2026-08-09 11:55:11""",64810,92679,0,92679,50000,-0.0212,0.0400,+0.0,+0.0000,NONE,RUNNING
"=""2026-08-09 11:55:12""",64810,92679,0,92679,50000,-0.0212,0.0400,+0.0,+0.0000,NONE,RUNNING
"=""2026-08-09 11:55:13""",64810,81786,0,81786,50000,-0.0209,0.0400,+0.0,+0.0000,NONE,RUNNING
"=""2026-08-09 11:55:14""",64817,92156,0,92156,50000,-0.0209,0.0400,+0.0,+0.0000,NONE,RUNNING
"=""2026-08-09 11:55:15""",64817,92156,0,92156,50000,-0.0235,0.0400,+0.0,+0.0000,NONE,RUNNING
"=""2026-08-09 11:55:16""",64817,92156,0,92156,50000,-0.0235,0.0400,+0.0,+0.0000,NONE,RUNNING
"=""2026-08-09 11:55:17""",64817,92156,0,92156,50000,-0.0167,0.0400,+0.0,+0.0000,NONE,RUNNING
"=""2026-08-09 11:55:18""",64817,92156,0,92156,50000,-0.0167,0.0400,+0.0,+0.0000,NONE,RUNNING
"=""2026-08-09 11:55:19""",64817,92156,0,92156,50000,-0.0203,0.0400,+0.0,+0.0000,NONE,RUNNING
"=""2026-08-09 11:55:20""",64817,92156,0,92156,50000,-0.0213,0.0400,+0.0,+0.0000,NONE,RUNNING
"=""2026-08-09 11:55:21""",64817,92156,0,92156,50000,-0.0202,0.0400,+0.0,+0.0000,NONE,RUNNING
"=""2026-08-09 11:55:22""",64817,92156,0,92156,50000,-0.0202,0.0400,+0.0,+0.0000,NONE,RUNNING
"=""2026-08-09 11:55:23""",64817,92156,0,92156,50000,-0.0197,0.0400,+0.0,+0.0000,NONE,RUNNING
"=""2026-08-09 11:55:24""",64817,92156,0,92156,50000,-0.0197,0.0400,+0.0,+0.0000,NONE,RUNNING
"=""2026-08-09 11:55:25""",64817,92156,0,92156,50000,-0.0197,0.0400,+0.0,+0.0000,NONE,RUNNING
"=""2026-08-09 11:55:26""",64817,92156,0,92156,50000,-0.0197,0.0400,+0.0,+0.0000,NONE,RUNNING
"=""2026-08-09 11:55:27""",64817,92156,0,92156,50000,-0.0194,0.0400,+0.0,+0.0000,NONE,RUNNING
"=""2026-08-09 11:55:28""",64817,92156,0,92156,50000,-0.0194,0.0400,+0.0,+0.0000,NONE,RUNNING
"=""2026-08-09 11:55:29""",64817,92156,0,92156,50000,-0.0162,0.0400,+0.0,+0.0000,NONE,RUNNING
"=""2026-08-09 11:55:30""",64817,92156,0,92156,50000,-0.0163,0.0400,+0.0,+0.0000,NONE,RUNNING
"=""2026-08-09 11:55:31""",64817,92156,0,92156,50000,-0.0163,0.0400,+0.0,+0.0000,NONE,RUNNING
"=""2026-08-09 11:55:32""",64817,92156,0,92156,50000,-0.0156,0.0400,+0.0,+0.0000,NONE,RUNNING
"=""2026-08-09 11:55:33""",64817,92156,0,92156,50000,-0.0196,0.0400,+0.0,+0.0000,NONE,RUNNING
"=""2026-08-09 11:55:34""",64817,92156,0,92156,50000,-0.0196,0.0400,+0.0,+0.0000,NONE,RUNNING
"=""2026-08-09 11:55:35""",64817,92156,0,92156,50000,-0.0194,0.0400,+0.0,+0.0000,NONE,RUNNING
"=""2026-08-09 11:55:36""",64817,92156,0,92156,50000,-0.0194,0.0400,+0.0,+0.0000,NONE,RUNNING
"=""2026-08-09 11:55:37""",64817,92156,0,92156,50000,-0.0193,0.0400,+0.0,+0.0000,NONE,RUNNING
"=""2026-08-09 11:55:38""",64817,92156,0,92156,50000,-0.0193,0.0400,+0.0,+0.0000,NONE,RUNNING
"=""2026-08-09 11:55:39""",64817,92156,0,92156,50000,-0.0200,0.0400,+0.0,+0.0000,NONE,RUNNING
"=""2026-08-09 11:55:40""",64817,92156,0,92156,50000,-0.0200,0.0400,+0.0,+0.0000,NONE,RUNNING
"=""2026-08-09 11:55:41""",64817,92156,0,92156,50000,-0.0195,0.0400,+0.0,+0.0000,NONE,RUNNING
"=""2026-08-09 11:55:42""",64817,92156,0,92156,50000,-0.0222,0.0400,+0.0,+0.0000,NONE,RUNNING
"=""2026-08-09 11:55:43""",64817,92156,0,92156,50000,-0.0222,0.0400,+0.0,+0.0000,NONE,RUNNING
"=""2026-08-09 11:55:44""",64817,92156,0,92156,50000,-0.0222,0.0400,+0.0,+0.0000,NONE,RUNNING
"=""2026-08-09 11:55:45""",64817,92156,0,92156,50000,-0.0222,0.0400,+0.0,+0.0000,NONE,RUNNING
"=""2026-08-09 11:55:46""",64817,92156,0,92156,50000,-0.0222,0.0400,+0.0,+0.0000,NONE,RUNNING
"=""2026-08-09 11:55:47""",64817,92156,0,92156,50000,-0.0193,0.0400,+0.0,+0.0000,NONE,RUNNING
"=""2026-08-09 11:55:48""",64817,92156,0,92156,50000,-0.0193,0.0400,+0.0,+0.0000,NONE,RUNNING
"=""2026-08-09 11:55:49""",64817,92156,0,92156,50000,-0.0215,0.0400,+0.0,+0.0000,NONE,RUNNING
"=""2026-08-09 11:55:50""",64817,92156,0,92156,50000,-0.0222,0.0400,+0.0,+0.0000,NONE,RUNNING
"=""2026-08-09 11:55:51""",64817,92156,0,92156,50000,-0.0222,0.0400,+0.0,+0.0000,NONE,RUNNING
"=""2026-08-09 11:55:52""",64817,92156,0,92156,50000,-0.0222,0.0400,+0.0,+0.0000,NONE,RUNNING
"=""2026-08-09 11:55:53""",64817,92156,0,92156,50000,-0.0222,0.0400,+0.0,+0.0000,NONE,RUNNING
"=""2026-08-09 11:55:54""",64817,92156,0,92156,50000,-0.0222,0.0400,+0.0,+0.0000,NONE,RUNNING
"=""2026-08-09 11:55:55""",64817,92156,0,92156,50000,-0.0250,0.0400,+0.0,+0.0000,NONE,RUNNING
"=""2026-08-09 11:55:56""",64817,92156,0,92156,50000,-0.0250,0.0400,+0.0,+0.0000,NONE,RUNNING
"=""2026-08-09 11:55:57""",64817,92156,0,92156,50000,-0.0250,0.0400,+0.0,+0.0000,NONE,RUNNING
"=""2026-08-09 11:55:58""",64818,92156,0,92156,50000,-0.0277,0.0400,+0.0,+0.0000,NONE,RUNNING
"=""2026-08-09 11:55:59""",64818,92156,0,92156,50000,-0.0277,0.0400,+0.0,+0.0000,NONE,RUNNING
"=""2026-08-09 11:56:00""",64819,71418,0,71418,50000,-0.0256,0.0400,+0.0,+0.0000,NONE,RUNNING
"=""2026-08-09 11:56:01""",64819,50679,0,50679,50000,-0.0256,0.0400,+0.0,+0.0000,NONE,RUNNING
"=""2026-08-09 11:56:03""",64819,50679,0,50679,50000,-0.0211,0.0400,+0.0,+0.0000,NONE,RUNNING
"=""2026-08-09 11:56:04""",64819,50679,0,50679,50000,-0.0211,0.0400,+0.0,+0.0000,NONE,RUNNING
"=""2026-08-09 11:56:05""",64819,50679,0,50679,50000,-0.0237,0.0400,+0.0,+0.0000,NONE,RUNNING
"=""2026-08-09 11:56:06""",64819,10369,0,10369,50000,-0.0239,0.0400,+0.0,+0.0000,NONE,RUNNING
"=""2026-08-09 11:56:07""",64819,10369,0,10369,50000,-0.0239,0.0400,+0.0,+0.0000,NONE,RUNNING
"=""2026-08-09 11:56:08""",64819,10369,0,10369,50000,-0.0239,0.0400,+0.0,+0.0000,NONE,RUNNING
"=""2026-08-09 11:56:09""",64819,10369,0,10369,50000,-0.0225,0.0400,+0.0,+0.0000,NONE,RUNNING
"=""2026-08-09 11:56:10""",64819,10369,0,10369,50000,-0.0225,0.0400,+0.0,+0.0000,NONE,RUNNING
"=""2026-08-09 11:56:11""",64819,10369,0,10369,50000,-0.0225,0.0400,+0.0,+0.0000,NONE,RUNNING
"=""2026-08-09 11:56:12""",64819,10369,0,10369,50000,-0.0225,0.0400,+0.0,+0.0000,NONE,RUNNING
"=""2026-08-09 11:56:13""",64819,10369,0,10369,50000,-0.0225,0.0400,+0.0,+0.0000,NONE,RUNNING
"=""2026-08-09 11:56:14""",64819,0,0,0,50000,-0.0216,0.0400,+0.0,+0.0000,NONE,RUNNING
"=""2026-08-09 11:56:15""",64819,0,0,0,50000,-0.0190,0.0400,+0.0,+0.0000,NONE,RUNNING
"=""2026-08-09 11:56:16""",64819,0,0,0,50000,-0.0190,0.0400,+0.0,+0.0000,NONE,RUNNING
"=""2026-08-09 11:56:17""",64819,0,0,0,50000,-0.0190,0.0400,+0.0,+0.0000,NONE,RUNNING
"=""2026-08-09 11:56:18""",64819,0,0,0,50000,-0.0190,0.0400,+0.0,+0.0000,NONE,RUNNING
"=""2026-08-09 11:56:19""",64819,0,0,0,50000,-0.0154,0.0400,+0.0,+0.0000,NONE,RUNNING
"=""2026-08-09 11:56:20""",64819,0,0,0,50000,-0.0131,0.0400,+0.0,+0.0000,NONE,RUNNING
"=""2026-08-09 11:56:21""",64819,0,0,0,50000,-0.0131,0.0400,+0.0,+0.0000,NONE,RUNNING
"=""2026-08-09 11:56:22""",64819,0,0,0,50000,-0.0142,0.0400,+0.0,+0.0000,NONE,RUNNING
"=""2026-08-09 11:56:23""",64819,0,0,0,50000,-0.0142,0.0400,+0.0,+0.0000,NONE,RUNNING
"=""2026-08-09 11:56:24""",64819,0,0,0,50000,-0.0142,0.0400,+0.0,+0.0000,NONE,RUNNING
"=""2026-08-09 11:56:25""",64819,0,0,0,50000,-0.0143,0.0400,+0.0,+0.0000,NONE,RUNNING
"=""2026-08-09 11:56:26""",64819,0,0,0,50000,-0.0138,0.0400,+0.0,+0.0000,NONE,RUNNING
"=""2026-08-09 11:56:27""",64819,0,0,0,50000,-0.0138,0.0400,+0.0,+0.0000,NONE,RUNNING
"=""2026-08-09 11:56:28""",64819,0,0,0,50000,-0.0140,0.0400,+0.0,+0.0000,NONE,RUNNING
"=""2026-08-09 11:56:29""",64819,0,0,0,50000,-0.0142,0.0400,+0.0,+0.0000,NONE,RUNNING
"=""2026-08-09 11:56:30""",64819,0,0,0,50000,-0.0142,0.0400,+0.0,+0.0000,NONE,RUNNING
"=""2026-08-09 11:56:31""",64819,0,0,0,50000,-0.0141,0.0400,+0.0,+0.0000,NONE,RUNNING
"=""2026-08-09 11:56:32""",64819,0,0,0,50000,-0.0141,0.0400,+0.0,+0.0000,NONE,RUNNING
"=""2026-08-09 11:56:33""",64819,0,0,0,50000,-0.0141,0.0400,+0.0,+0.0000,NONE,RUNNING
"=""2026-08-09 11:56:34""",64819,0,0,0,50000,-0.0101,0.0400,+0.0,+0.0000,NONE,RUNNING
"=""2026-08-09 11:56:35""",64819,0,0,0,50000,-0.0082,0.0400,+0.0,+0.0000,NONE,RUNNING
"=""2026-08-09 11:56:36""",64819,0,0,0,50000,-0.0082,0.0400,+0.0,+0.0000,NONE,RUNNING
"=""2026-08-09 11:56:37""",64819,0,0,0,50000,-0.0082,0.0400,+0.0,+0.0000,NONE,RUNNING
"=""2026-08-09 11:56:38""",64819,0,0,0,50000,-0.0066,0.0400,+0.0,+0.0000,NONE,RUNNING
"=""2026-08-09 11:56:39""",64819,0,0,0,50000,-0.0066,0.0400,+0.0,+0.0000,NONE,RUNNING
"=""2026-08-09 11:56:40""",64819,0,0,0,50000,-0.0058,0.0400,+0.0,+0.0000,NONE,RUNNING
"=""2026-08-09 11:56:41""",64819,0,0,0,50000,-0.0058,0.0400,+0.0,+0.0000,NONE,RUNNING
"=""2026-08-09 11:56:42""",64819,0,0,0,50000,-0.0058,0.0400,+0.0,+0.0000,NONE,RUNNING
"=""2026-08-09 11:56:43""",64819,0,0,0,50000,-0.0031,0.0400,+0.0,+0.0000,NONE,RUNNING
"=""2026-08-09 11:56:44""",64819,0,0,0,50000,-0.0090,0.0400,+0.0,+0.0000,NONE,RUNNING
"=""2026-08-09 11:56:45""",64819,0,0,0,50000,-0.0090,0.0400,+0.0,+0.0000,NONE,RUNNING
"=""2026-08-09 11:56:46""",64819,0,0,0,50000,-0.0090,0.0400,+0.0,+0.0000,NONE,RUNNING
"=""2026-08-09 11:56:47""",64819,0,0,0,50000,-0.0090,0.0400,+0.0,+0.0000,NONE,RUNNING
"=""2026-08-09 11:56:48""",64819,0,0,0,50000,-0.0090,0.0400,+0.0,+0.0000,NONE,RUNNING
"=""2026-08-09 11:56:49""",64819,0,0,0,50000,-0.0068,0.0400,+0.0,+0.0000,NONE,RUNNING
"=""2026-08-09 11:56:50""",64819,0,0,0,50000,-0.0044,0.0400,+0.0,+0.0000,NONE,RUNNING
"=""2026-08-09 11:56:51""",64819,0,0,0,50000,-0.0044,0.0400,+0.0,+0.0000,NONE,RUNNING
"=""2026-08-09 11:56:52""",64819,0,0,0,50000,-0.0044,0.0400,+0.0,+0.0000,NONE,RUNNING
"=""2026-08-09 11:56:53""",64819,0,0,0,50000,-0.0044,0.0400,+0.0,+0.0000,NONE,RUNNING
"=""2026-08-09 11:56:54""",64819,0,0,0,50000,-0.0044,0.0400,+0.0,+0.0000,NONE,RUNNING
"=""2026-08-09 11:56:55""",64819,0,0,0,50000,-0.0044,0.0400,+0.0,+0.0000,NONE,RUNNING
"=""2026-08-09 11:56:56""",64819,0,0,0,50000,-0.0017,0.0400,+0.0,+0.0000,NONE,RUNNING
"=""2026-08-09 11:56:57""",64819,0,0,0,50000,-0.0017,0.0400,+0.0,+0.0000,NONE,RUNNING
"=""2026-08-09 11:56:58""",64819,0,0,0,50000,+0.0010,0.0400,+0.0,+0.0000,NONE,RUNNING
"=""2026-08-09 11:56:59""",64819,0,0,0,50000,+0.0010,0.0400,+0.0,+0.0000,NONE,RUNNING
"=""2026-08-09 11:57:00""",64819,0,0,0,50000,-0.0010,0.0400,+0.0,+0.0000,NONE,RUNNING
"=""2026-08-09 11:57:01""",64819,0,0,0,50000,-0.0010,0.0400,+0.0,+0.0000,NONE,RUNNING
"=""2026-08-09 11:57:02""",64819,0,0,0,50000,-0.0010,0.0400,+0.0,+0.0000,NONE,RUNNING
"=""2026-08-09 11:57:03""",64819,0,0,0,50000,-0.0006,0.0400,+0.0,+0.0000,NONE,RUNNING
"=""2026-08-09 11:57:04""",64819,0,0,0,50000,+0.0020,0.0400,+0.0,+0.0000,NONE,RUNNING
"=""2026-08-09 11:57:05""",64819,0,0,0,50000,+0.0020,0.0400,+0.0,+0.0000,NONE,RUNNING
"=""2026-08-09 11:58:05""",64819,19999,0,19999,50000,+0.0018,0.0400,+0.0,+0.0000,NONE,RUNNING
"=""2026-08-09 11:59:05""",64819,149800,78511,71289,50000,-0.0064,0.0400,+0.0,+0.0000,NONE,RUNNING
"=""2026-08-09 12:00:05""",64820,42852,0,42852,50000,+0.0010,0.0400,+0.0,+0.0000,NONE,RUNNING
"=""2026-08-09 12:01:05""",64820,23501,23501,0,50000,+0.0015,0.0400,+0.0,+0.0000,NONE,RUNNING
"=""2026-08-09 12:02:05""",64816,99118,99118,0,50000,+0.0012,0.0400,+0.0,+0.0000,NONE,RUNNING
"=""2026-08-09 12:03:06""",64813,91055,59051,32004,50000,-0.0037,0.0400,+0.0,+0.0000,NONE,RUNNING
"=""2026-08-09 12:04:06""",64813,0,0,0,50000,+0.0017,0.0400,+0.0,+0.0000,NONE,RUNNING
"=""2026-08-09 12:05:06""",64813,0,0,0,50000,+0.0011,0.0400,+0.0,+0.0000,NONE,RUNNING
"=""2026-08-09 12:06:06""",64813,0,0,0,50000,-0.0010,0.0400,+0.0,+0.0000,NONE,RUNNING
"=""2026-08-09 12:07:06""",64813,17731,17731,0,50000,+0.0012,0.0400,+0.0,+0.0000,NONE,RUNNING
"=""2026-08-09 12:08:06""",64813,32399,0,32399,50000,+0.0033,0.0400,+0.0,+0.0000,NONE,RUNNING
"=""2026-08-09 12:09:06""",64801,132296,132296,0,50000,-0.0072,0.0400,+0.0,+0.0000,NONE,RUNNING
"=""2026-08-09 12:10:06""",64801,10368,10368,0,50000,-0.0038,0.0400,+0.0,+0.0000,NONE,RUNNING
"=""2026-08-09 12:11:06""",64801,0,0,0,50000,-0.0027,0.0400,+0.0,+0.0000,NONE,RUNNING
"=""2026-08-09 12:12:06""",64798,152075,152075,0,50000,+0.0006,0.0400,+0.0,+0.0000,NONE,RUNNING
"=""2026-08-09 12:13:06""",64798,0,0,0,50000,-0.0002,0.0400,+0.0,+0.0000,NONE,RUNNING
"=""2026-08-09 12:13:33""",64768,417515,417515,0,50000,+0.0352,0.0400,+0.0,+0.0000,NONE,RUNNING
"=""2026-08-09 12:13:34""",64768,417515,417515,0,50000,+0.0352,0.0400,+0.0,+0.0000,NONE,RUNNING
"=""2026-08-09 12:13:35""",64768,417515,417515,0,50000,+0.0352,0.0400,+0.0,+0.0000,NONE,RUNNING
"=""2026-08-09 12:13:37""",64768,417515,417515,0,50000,+0.0354,0.0400,+0.0,+0.0000,NONE,RUNNING
"=""2026-08-09 12:13:38""",64766,417515,417515,0,50000,+0.0344,0.0400,+0.0,+0.0000,NONE,RUNNING
"=""2026-08-09 12:13:39""",64766,417515,417515,0,50000,+0.0344,0.0400,+0.0,+0.0000,NONE,RUNNING
"=""2026-08-09 12:13:40""",64766,417515,417515,0,50000,+0.0327,0.0400,+0.0,+0.0000,NONE,RUNNING
"=""2026-08-09 12:13:41""",64766,417515,417515,0,50000,+0.0321,0.0400,+0.0,+0.0000,NONE,RUNNING
"=""2026-08-09 12:13:42""",64766,417515,417515,0,50000,+0.0321,0.0400,+0.0,+0.0000,NONE,RUNNING
"=""2026-08-09 12:13:43""",64766,417515,417515,0,50000,+0.0316,0.0400,+0.0,+0.0000,NONE,RUNNING
"=""2026-08-09 12:13:44""",64766,417515,417515,0,50000,+0.0316,0.0400,+0.0,+0.0000,NONE,RUNNING
"=""2026-08-09 12:13:45""",64766,417515,417515,0,50000,+0.0316,0.0400,+0.0,+0.0000,NONE,RUNNING
"=""2026-08-09 12:13:46""",64766,432092,432092,0,50000,+0.0317,0.0400,+0.0,+0.0000,NONE,RUNNING
"=""2026-08-09 12:13:47""",64766,432092,432092,0,50000,+0.0317,0.0400,+0.0,+0.0000,NONE,RUNNING
"=""2026-08-09 12:13:48""",64766,432092,432092,0,50000,+0.0317,0.0400,+0.0,+0.0000,NONE,RUNNING
"=""2026-08-09 12:13:49""",64766,432092,432092,0,50000,+0.0317,0.0400,+0.0,+0.0000,NONE,RUNNING
"=""2026-08-09 12:13:50""",64766,432092,432092,0,50000,+0.0339,0.0400,+0.0,+0.0000,NONE,RUNNING
"=""2026-08-09 12:13:51""",64766,432092,432092,0,50000,+0.0339,0.0400,+0.0,+0.0000,NONE,RUNNING
"=""2026-08-09 12:13:52""",64766,432092,432092,0,50000,+0.0339,0.0400,+0.0,+0.0000,NONE,RUNNING
"=""2026-08-09 12:13:53""",64766,432092,432092,0,50000,+0.0339,0.0400,+0.0,+0.0000,NONE,RUNNING
"=""2026-08-09 12:13:54""",64766,432092,432092,0,50000,+0.0339,0.0400,+0.0,+0.0000,NONE,RUNNING
"=""2026-08-09 12:13:55""",64762,464080,464080,0,50000,+0.0336,0.0400,+0.0,+0.0000,NONE,RUNNING
"=""2026-08-09 12:13:56""",64762,464080,464080,0,50000,+0.0343,0.0400,+0.0,+0.0000,NONE,RUNNING
"=""2026-08-09 12:13:57""",64762,464080,464080,0,50000,+0.0343,0.0400,+0.0,+0.0000,NONE,RUNNING
"=""2026-08-09 12:13:58""",64762,464080,464080,0,50000,+0.0343,0.0400,+0.0,+0.0000,NONE,RUNNING
"=""2026-08-09 12:13:59""",64762,464080,464080,0,50000,+0.0352,0.0400,+0.0,+0.0000,NONE,RUNNING
"=""2026-08-09 12:14:00""",64762,464080,464080,0,50000,+0.0352,0.0400,+0.0,+0.0000,NONE,RUNNING
"=""2026-08-09 12:14:01""",64762,464080,464080,0,50000,+0.0375,0.0400,+0.0,+0.0000,NONE,RUNNING
"=""2026-08-09 12:14:02""",64762,464080,464080,0,50000,+0.0360,0.0400,+0.0,+0.0000,NONE,RUNNING
"=""2026-08-09 12:14:03""",64762,464080,464080,0,50000,+0.0360,0.0400,+0.0,+0.0000,NONE,RUNNING
"=""2026-08-09 12:14:04""",64762,464080,464080,0,50000,+0.0360,0.0400,+0.0,+0.0000,NONE,RUNNING
"=""2026-08-09 12:14:05""",64762,464080,464080,0,50000,+0.0360,0.0400,+0.0,+0.0000,NONE,RUNNING
"=""2026-08-09 12:14:06""",64762,464080,464080,0,50000,+0.0360,0.0400,+0.0,+0.0000,NONE,RUNNING
"=""2026-08-09 12:14:07""",64762,464080,464080,0,50000,+0.0358,0.0400,+0.0,+0.0000,NONE,RUNNING
"=""2026-08-09 12:14:08""",64762,464080,464080,0,50000,+0.0330,0.0400,+0.0,+0.0000,NONE,RUNNING
"=""2026-08-09 12:14:09""",64762,464080,464080,0,50000,+0.0330,0.0400,+0.0,+0.0000,NONE,RUNNING
"=""2026-08-09 12:14:10""",64762,464080,464080,0,50000,+0.0330,0.0400,+0.0,+0.0000,NONE,RUNNING
"=""2026-08-09 12:14:11""",64762,464080,464080,0,50000,+0.0323,0.0400,+0.0,+0.0000,NONE,RUNNING
"=""2026-08-09 12:14:12""",64762,464080,464080,0,50000,+0.0323,0.0400,+0.0,+0.0000,NONE,RUNNING
"=""2026-08-09 12:14:13""",64762,464080,464080,0,50000,+0.0323,0.0400,+0.0,+0.0000,NONE,RUNNING
"=""2026-08-09 12:14:14""",64762,464080,464080,0,50000,+0.0323,0.0400,+0.0,+0.0000,NONE,RUNNING
"=""2026-08-09 12:14:15""",64762,464080,464080,0,50000,+0.0318,0.0400,+0.0,+0.0000,NONE,RUNNING
"=""2026-08-09 12:14:16""",64762,464080,464080,0,50000,+0.0318,0.0400,+0.0,+0.0000,NONE,RUNNING
"=""2026-08-09 12:14:17""",64762,464080,464080,0,50000,+0.0318,0.0400,+0.0,+0.0000,NONE,RUNNING
"=""2026-08-09 12:14:18""",64762,464080,464080,0,50000,+0.0280,0.0400,+0.0,+0.0000,NONE,RUNNING
"=""2026-08-09 12:14:19""",64762,197668,197668,0,50000,+0.0280,0.0400,+0.0,+0.0000,NONE,RUNNING
"=""2026-08-09 12:14:20""",64762,197668,197668,0,50000,+0.0280,0.0400,+0.0,+0.0000,NONE,RUNNING
"=""2026-08-09 12:14:21""",64762,197668,197668,0,50000,+0.0278,0.0400,+0.0,+0.0000,NONE,RUNNING
"=""2026-08-09 12:14:22""",64762,197668,197668,0,50000,+0.0278,0.0400,+0.0,+0.0000,NONE,RUNNING
"=""2026-08-09 12:14:23""",64762,197668,197668,0,50000,+0.0273,0.0400,+0.0,+0.0000,NONE,RUNNING
"=""2026-08-09 12:14:24""",64762,197668,197668,0,50000,+0.0273,0.0400,+0.0,+0.0000,NONE,RUNNING
"=""2026-08-09 12:14:25""",64762,197668,197668,0,50000,+0.0212,0.0400,+0.0,+0.0000,NONE,RUNNING
"=""2026-08-09 12:14:26""",64762,197668,197668,0,50000,+0.0212,0.0400,+0.0,+0.0000,NONE,RUNNING
"=""2026-08-09 12:14:27""",64762,197668,197668,0,50000,+0.0212,0.0400,+0.0,+0.0000,NONE,RUNNING
"=""2026-08-09 12:14:28""",64762,215451,215451,0,50000,+0.0212,0.0400,+0.0,+0.0000,NONE,RUNNING
"=""2026-08-09 12:14:29""",64762,215451,215451,0,50000,+0.0212,0.0400,+0.0,+0.0000,NONE,RUNNING
"=""2026-08-09 12:14:30""",64762,215451,215451,0,50000,+0.0214,0.0400,+0.0,+0.0000,NONE,RUNNING
"=""2026-08-09 12:14:31""",64762,64349,64349,0,50000,+0.0215,0.0400,+0.0,+0.0000,NONE,RUNNING
"=""2026-08-09 12:14:32""",64762,64349,64349,0,50000,+0.0215,0.0400,+0.0,+0.0000,NONE,RUNNING
"=""2026-08-09 12:14:33""",64762,64349,64349,0,50000,+0.0215,0.0400,+0.0,+0.0000,NONE,RUNNING
"=""2026-08-09 12:14:34""",64762,81344,64349,16995,50000,-0.0067,0.0400,+0.0,+0.0000,NONE,RUNNING
"=""2026-08-09 12:14:35""",64762,81344,64349,16995,50000,-0.0067,0.0400,+0.0,+0.0000,NONE,RUNNING
"=""2026-08-09 12:14:36""",64762,81344,64349,16995,50000,-0.0067,0.0400,+0.0,+0.0000,NONE,RUNNING
"=""2026-08-09 12:14:37""",64762,81344,64349,16995,50000,-0.0057,0.0400,+0.0,+0.0000,NONE,RUNNING
"=""2026-08-09 12:14:38""",64762,81344,64349,16995,50000,-0.0057,0.0400,+0.0,+0.0000,NONE,RUNNING
"=""2026-08-09 12:14:39""",64762,81344,64349,16995,50000,-0.0057,0.0400,+0.0,+0.0000,NONE,RUNNING
"=""2026-08-09 12:14:40""",64762,96191,79195,16995,50000,-0.0057,0.0400,+0.0,+0.0000,NONE,RUNNING
"=""2026-08-09 12:14:41""",64762,96191,79195,16995,50000,-0.0049,0.0400,+0.0,+0.0000,NONE,RUNNING
"=""2026-08-09 12:14:42""",64762,96191,79195,16995,50000,-0.0049,0.0400,+0.0,+0.0000,NONE,RUNNING
"=""2026-08-09 12:14:43""",64762,96191,79195,16995,50000,-0.0049,0.0400,+0.0,+0.0000,NONE,RUNNING
"=""2026-08-09 12:14:44""",64762,96191,79195,16995,50000,-0.0049,0.0400,+0.0,+0.0000,NONE,RUNNING
"=""2026-08-09 12:14:45""",64762,96191,79195,16995,50000,-0.0049,0.0400,+0.0,+0.0000,NONE,RUNNING
"=""2026-08-09 12:14:46""",64762,444966,427970,16995,50000,-0.0051,0.0400,+0.0,+0.0000,NONE,RUNNING
"=""2026-08-09 12:14:47""",64749,444966,427970,16995,50000,-0.0051,0.0400,+0.0,+0.0000,NONE,RUNNING
"=""2026-08-09 12:14:48""",64749,462860,445864,16995,50000,-0.0045,0.0400,+0.0,+0.0000,NONE,RUNNING
"=""2026-08-09 12:14:49""",64744,462860,445864,16995,50000,-0.0067,0.0400,+0.0,+0.0000,NONE,RUNNING
"=""2026-08-09 12:14:50""",64744,462860,445864,16995,50000,-0.0067,0.0400,+0.0,+0.0000,NONE,RUNNING
"=""2026-08-09 12:14:51""",64744,462860,445864,16995,50000,-0.0067,0.0400,+0.0,+0.0000,NONE,RUNNING
"=""2026-08-09 12:14:52""",64744,462860,445864,16995,50000,-0.0067,0.0400,+0.0,+0.0000,NONE,RUNNING
"=""2026-08-09 12:14:53""",64744,462860,445864,16995,50000,-0.0067,0.0400,+0.0,+0.0000,NONE,RUNNING
"=""2026-08-09 12:14:54""",64744,430872,413876,16995,50000,+0.0063,0.0400,+0.0,+0.0000,NONE,RUNNING
"=""2026-08-09 12:14:55""",64744,430872,413876,16995,50000,+0.0056,0.0400,+0.0,+0.0000,NONE,RUNNING
"=""2026-08-09 12:14:56""",64744,430872,413876,16995,50000,+0.0056,0.0400,+0.0,+0.0000,NONE,RUNNING
"=""2026-08-09 12:14:57""",64744,430872,413876,16995,50000,+0.0066,0.0400,+0.0,+0.0000,NONE,RUNNING
"=""2026-08-09 12:14:58""",64744,430872,413876,16995,50000,+0.0056,0.0400,+0.0,+0.0000,NONE,RUNNING
"=""2026-08-09 12:14:59""",64744,430872,413876,16995,50000,+0.0056,0.0400,+0.0,+0.0000,NONE,RUNNING
"=""2026-08-09 12:15:00""",64732,484716,467720,16995,50000,+0.0056,0.0400,+0.0,+0.0000,NONE,RUNNING
"=""2026-08-09 12:15:01""",64732,484716,467720,16995,50000,+0.0056,0.0400,+0.0,+0.0000,NONE,RUNNING
"=""2026-08-09 12:15:02""",64732,484716,467720,16995,50000,+0.0071,0.0400,+0.0,+0.0000,NONE,RUNNING
"=""2026-08-09 12:15:03""",64730,484716,467720,16995,50000,+0.0057,0.0400,+0.0,+0.0000,NONE,RUNNING
"=""2026-08-09 12:15:04""",64730,484716,467720,16995,50000,+0.0057,0.0400,+0.0,+0.0000,NONE,RUNNING
"=""2026-08-09 12:15:05""",64730,484716,467720,16995,50000,+0.0057,0.0400,+0.0,+0.0000,NONE,RUNNING
"=""2026-08-09 12:15:06""",64730,484716,467720,16995,50000,+0.0058,0.0400,+0.0,+0.0000,NONE,RUNNING
"=""2026-08-09 12:15:07""",64730,484716,467720,16995,50000,+0.0058,0.0400,+0.0,+0.0000,NONE,RUNNING
"=""2026-08-09 12:15:08""",64730,484716,467720,16995,50000,+0.0085,0.0400,+0.0,+0.0000,NONE,RUNNING
"=""2026-08-09 12:15:09""",64730,484716,467720,16995,50000,+0.0067,0.0400,+0.0,+0.0000,NONE,RUNNING
"=""2026-08-09 12:15:10""",64730,684058,467720,216337,50000,+0.0067,0.0400,+0.0,+0.0000,NONE,RUNNING
"=""2026-08-09 12:15:11""",64730,684058,467720,216337,50000,+0.0074,0.0400,+0.0,+0.0000,NONE,RUNNING
"=""2026-08-09 12:15:12""",64730,704932,467720,237211,50000,+0.0105,0.0400,+0.0,+0.0000,NONE,RUNNING
"=""2026-08-09 12:15:13""",64734,704932,467720,237211,50000,+0.0105,0.0400,+0.0,+0.0000,NONE,RUNNING
"=""2026-08-09 12:15:15""",64734,704932,467720,237211,50000,+0.0105,0.0400,+0.0,+0.0000,NONE,RUNNING
"=""2026-08-09 12:15:16""",64734,704932,467720,237211,50000,+0.0105,0.0400,+0.0,+0.0000,NONE,RUNNING
"=""2026-08-09 12:15:17""",64734,704932,467720,237211,50000,+0.0106,0.0400,+0.0,+0.0000,NONE,RUNNING
"=""2026-08-09 12:15:18""",64733,704932,467720,237211,50000,+0.0144,0.0400,+0.0,+0.0000,NONE,RUNNING
"=""2026-08-09 12:15:19""",64733,704932,467720,237211,50000,+0.0127,0.0400,+0.0,+0.0000,NONE,RUNNING
"=""2026-08-09 12:15:20""",64734,704932,467720,237211,50000,+0.0127,0.0400,+0.0,+0.0000,NONE,RUNNING
"=""2026-08-09 12:15:21""",64734,704932,467720,237211,50000,+0.0127,0.0400,+0.0,+0.0000,NONE,RUNNING
"=""2026-08-09 12:15:22""",64734,704932,467720,237211,50000,+0.0127,0.0400,+0.0,+0.0000,NONE,RUNNING
"=""2026-08-09 12:15:23""",64734,704932,467720,237211,50000,+0.0127,0.0400,+0.0,+0.0000,NONE,RUNNING
"=""2026-08-09 12:15:24""",64734,704932,467720,237211,50000,+0.0132,0.0400,+0.0,+0.0000,NONE,RUNNING
"=""2026-08-09 12:15:25""",64733,704932,467720,237211,50000,+0.0128,0.0400,+0.0,+0.0000,NONE,RUNNING
"=""2026-08-09 12:15:26""",64733,704932,467720,237211,50000,+0.0128,0.0400,+0.0,+0.0000,NONE,RUNNING
"=""2026-08-09 12:15:27""",64733,704932,467720,237211,50000,+0.0128,0.0400,+0.0,+0.0000,NONE,RUNNING
"=""2026-08-09 12:15:28""",64734,704932,467720,237211,50000,+0.0145,0.0400,+0.0,+0.0000,NONE,RUNNING
"=""2026-08-09 12:15:29""",64734,687148,449937,237211,50000,+0.0145,0.0400,+0.0,+0.0000,NONE,RUNNING
"=""2026-08-09 12:15:30""",64734,687148,449937,237211,50000,+0.0144,0.0400,+0.0,+0.0000,NONE,RUNNING
"=""2026-08-09 12:15:31""",64734,687148,449937,237211,50000,+0.0144,0.0400,+0.0,+0.0000,NONE,RUNNING
"=""2026-08-09 12:15:32""",64733,687148,449937,237211,50000,+0.0144,0.0400,+0.0,+0.0000,NONE,RUNNING
"=""2026-08-09 12:15:33""",64733,687148,449937,237211,50000,+0.0145,0.0400,+0.0,+0.0000,NONE,RUNNING
"=""2026-08-09 12:15:34""",64733,670153,449937,220216,50000,+0.0137,0.0400,+0.0,+0.0000,NONE,RUNNING
"=""2026-08-09 12:16:34""",64730,23897,23897,0,50000,+0.0029,0.0400,+0.0,+0.0000,NONE,RUNNING
"=""2026-08-09 12:17:34""",64730,56095,46037,10057,50000,-0.0107,0.0400,+0.0,+0.0000,NONE,RUNNING
"=""2026-08-09 12:18:34""",64749,438212,20872,417340,50000,-0.0066,0.0400,+0.0,+0.0000,NONE,RUNNING
"=""2026-08-09 12:19:34""",64749,47257,12257,34999,50000,+0.0044,0.0400,+0.0,+0.0000,NONE,RUNNING
"=""2026-08-09 12:20:34""",64749,0,0,0,50000,-0.0003,0.0400,+0.0,+0.0000,NONE,RUNNING
"=""2026-08-09 12:20:47""",64765,230025,0,230025,50000,-0.0252,0.0400,+0.0,+0.0000,NONE,RUNNING
"=""2026-08-09 12:20:48""",64765,230025,0,230025,50000,-0.0252,0.0400,+0.0,+0.0000,NONE,RUNNING
"=""2026-08-09 12:20:49""",64767,230025,0,230025,50000,-0.0252,0.0400,+0.0,+0.0000,NONE,RUNNING
"=""2026-08-09 12:20:50""",64767,230025,0,230025,50000,-0.0261,0.0400,+0.0,+0.0000,NONE,RUNNING
"=""2026-08-09 12:20:51""",64767,230025,0,230025,50000,-0.0261,0.0400,+0.0,+0.0000,NONE,RUNNING
"=""2026-08-09 12:20:52""",64767,230025,0,230025,50000,-0.0261,0.0400,+0.0,+0.0000,NONE,RUNNING
"=""2026-08-09 12:20:53""",64767,230025,0,230025,50000,-0.0265,0.0400,+0.0,+0.0000,NONE,RUNNING
"=""2026-08-09 12:20:54""",64767,230025,0,230025,50000,-0.0265,0.0400,+0.0,+0.0000,NONE,RUNNING
"=""2026-08-09 12:20:55""",64767,230025,0,230025,50000,-0.0265,0.0400,+0.0,+0.0000,NONE,RUNNING
"=""2026-08-09 12:20:56""",64767,249261,0,249261,50000,-0.0265,0.0400,+0.0,+0.0000,NONE,RUNNING
"=""2026-08-09 12:20:57""",64767,249261,0,249261,50000,-0.0265,0.0400,+0.0,+0.0000,NONE,RUNNING
"=""2026-08-09 12:20:58""",64767,249261,0,249261,50000,-0.0257,0.0400,+0.0,+0.0000,NONE,RUNNING
"=""2026-08-09 12:20:59""",64767,249261,0,249261,50000,-0.0270,0.0400,+0.0,+0.0000,NONE,RUNNING
"=""2026-08-09 12:21:00""",64767,249261,0,249261,50000,-0.0270,0.0400,+0.0,+0.0000,NONE,RUNNING
"=""2026-08-09 12:21:01""",64767,249261,0,249261,50000,-0.0270,0.0400,+0.0,+0.0000,NONE,RUNNING
"=""2026-08-09 12:21:02""",64767,249261,0,249261,50000,-0.0270,0.0400,+0.0,+0.0000,NONE,RUNNING
"=""2026-08-09 12:21:03""",64767,249261,0,249261,50000,-0.0275,0.0400,+0.0,+0.0000,NONE,RUNNING
"=""2026-08-09 12:21:04""",64767,249261,0,249261,50000,-0.0275,0.0400,+0.0,+0.0000,NONE,RUNNING
"=""2026-08-09 12:21:05""",64767,352240,0,352240,50000,-0.0275,0.0400,+0.0,+0.0000,NONE,RUNNING
"=""2026-08-09 12:21:06""",64772,352240,0,352240,50000,-0.0275,0.0400,+0.0,+0.0000,NONE,RUNNING
"=""2026-08-09 12:21:07""",64771,352240,0,352240,50000,-0.0277,0.0400,+0.0,+0.0000,NONE,RUNNING
"=""2026-08-09 12:21:08""",64771,352240,0,352240,50000,-0.0277,0.0400,+0.0,+0.0000,NONE,RUNNING
"=""2026-08-09 12:21:09""",64772,352240,0,352240,50000,-0.0272,0.0400,+0.0,+0.0000,NONE,RUNNING
"=""2026-08-09 12:21:10""",64771,352240,0,352240,50000,-0.0272,0.0400,+0.0,+0.0000,NONE,RUNNING
"=""2026-08-09 12:21:11""",64771,352240,0,352240,50000,-0.0272,0.0400,+0.0,+0.0000,NONE,RUNNING
"=""2026-08-09 12:21:12""",64771,352240,0,352240,50000,-0.0274,0.0400,+0.0,+0.0000,NONE,RUNNING
"=""2026-08-09 12:21:13""",64771,352240,0,352240,50000,-0.0274,0.0400,+0.0,+0.0000,NONE,RUNNING
"=""2026-08-09 12:21:14""",64772,352240,0,352240,50000,-0.0274,0.0400,+0.0,+0.0000,NONE,RUNNING
"=""2026-08-09 12:21:15""",64772,352240,0,352240,50000,-0.0275,0.0400,+0.0,+0.0000,NONE,RUNNING
"=""2026-08-09 12:21:16""",64772,352240,0,352240,50000,-0.0276,0.0400,+0.0,+0.0000,NONE,RUNNING
"=""2026-08-09 12:21:17""",64772,352240,0,352240,50000,-0.0276,0.0400,+0.0,+0.0000,NONE,RUNNING
"=""2026-08-09 12:21:18""",64772,352240,0,352240,50000,-0.0281,0.0400,+0.0,+0.0000,NONE,RUNNING
"=""2026-08-09 12:21:19""",64772,352240,0,352240,50000,-0.0281,0.0400,+0.0,+0.0000,NONE,RUNNING
"=""2026-08-09 12:21:20""",64772,352240,0,352240,50000,-0.0280,0.0400,+0.0,+0.0000,NONE,RUNNING
"=""2026-08-09 12:21:21""",64771,352240,0,352240,50000,-0.0280,0.0400,+0.0,+0.0000,NONE,RUNNING
"=""2026-08-09 12:21:22""",64771,352240,0,352240,50000,-0.0290,0.0400,+0.0,+0.0000,NONE,RUNNING
"=""2026-08-09 12:21:23""",64772,352240,0,352240,50000,-0.0290,0.0400,+0.0,+0.0000,NONE,RUNNING
"=""2026-08-09 12:21:24""",64772,352240,0,352240,50000,-0.0287,0.0400,+0.0,+0.0000,NONE,RUNNING
"=""2026-08-09 12:21:25""",64772,352240,0,352240,50000,-0.0287,0.0400,+0.0,+0.0000,NONE,RUNNING
"=""2026-08-09 12:21:26""",64772,352240,0,352240,50000,-0.0287,0.0400,+0.0,+0.0000,NONE,RUNNING
"=""2026-08-09 12:21:27""",64772,391104,0,391104,50000,-0.0287,0.0400,+0.0,+0.0000,NONE,RUNNING
"=""2026-08-09 12:21:28""",64772,391104,0,391104,50000,-0.0287,0.0400,+0.0,+0.0000,NONE,RUNNING
"=""2026-08-09 12:21:29""",64771,391104,0,391104,50000,-0.0288,0.0400,+0.0,+0.0000,NONE,RUNNING
"=""2026-08-09 12:21:30""",64771,391104,0,391104,50000,-0.0288,0.0400,+0.0,+0.0000,NONE,RUNNING
"=""2026-08-09 12:21:31""",64772,391104,0,391104,50000,-0.0292,0.0400,+0.0,+0.0000,NONE,RUNNING
"=""2026-08-09 12:21:32""",64771,391104,0,391104,50000,-0.0285,0.0400,+0.0,+0.0000,NONE,RUNNING
"=""2026-08-09 12:21:33""",64771,391104,0,391104,50000,-0.0285,0.0400,+0.0,+0.0000,NONE,RUNNING
"=""2026-08-09 12:21:34""",64772,391104,0,391104,50000,-0.0285,0.0400,+0.0,+0.0000,NONE,RUNNING
"=""2026-08-09 12:21:35""",64772,409640,0,409640,50000,-0.0285,0.0400,+0.0,+0.0000,NONE,RUNNING
"=""2026-08-09 12:21:36""",64772,409640,0,409640,50000,-0.0285,0.0400,+0.0,+0.0000,NONE,RUNNING
"=""2026-08-09 12:21:37""",64772,409640,0,409640,50000,-0.0288,0.0400,+0.0,+0.0000,NONE,RUNNING
"=""2026-08-09 12:21:38""",64772,409640,0,409640,50000,-0.0300,0.0400,+0.0,+0.0000,NONE,RUNNING
"=""2026-08-09 12:21:39""",64771,409640,0,409640,50000,-0.0300,0.0400,+0.0,+0.0000,NONE,RUNNING
"=""2026-08-09 12:21:40""",64772,409640,0,409640,50000,-0.0300,0.0400,+0.0,+0.0000,NONE,RUNNING
"=""2026-08-09 12:21:41""",64772,191761,0,191761,50000,-0.0300,0.0400,+0.0,+0.0000,NONE,RUNNING
"=""2026-08-09 12:21:42""",64772,191761,0,191761,50000,-0.0301,0.0400,+0.0,+0.0000,NONE,RUNNING
"=""2026-08-09 12:21:43""",64772,191761,0,191761,50000,-0.0301,0.0400,+0.0,+0.0000,NONE,RUNNING
"=""2026-08-09 12:21:44""",64771,191761,0,191761,50000,-0.0281,0.0400,+0.0,+0.0000,NONE,RUNNING
"=""2026-08-09 12:21:45""",64771,191761,0,191761,50000,-0.0281,0.0400,+0.0,+0.0000,NONE,RUNNING
"=""2026-08-09 12:21:46""",64772,179615,0,179615,50000,-0.0281,0.0400,+0.0,+0.0000,NONE,RUNNING
"=""2026-08-09 12:21:47""",64772,179615,0,179615,50000,-0.0012,0.0400,+0.0,+0.0000,NONE,RUNNING
"=""2026-08-09 12:21:48""",64772,179615,0,179615,50000,-0.0011,0.0400,+0.0,+0.0000,NONE,RUNNING
"=""2026-08-09 12:21:49""",64772,179615,0,179615,50000,-0.0002,0.0400,+0.0,+0.0000,NONE,RUNNING
"=""2026-08-09 12:21:50""",64772,179615,0,179615,50000,-0.0002,0.0400,+0.0,+0.0000,NONE,RUNNING
"=""2026-08-09 12:21:51""",64772,179615,0,179615,50000,-0.0002,0.0400,+0.0,+0.0000,NONE,RUNNING
"=""2026-08-09 12:21:52""",64772,179615,0,179615,50000,-0.0002,0.0400,+0.0,+0.0000,NONE,RUNNING
"=""2026-08-09 12:21:53""",64772,179615,0,179615,50000,+0.0002,0.0400,+0.0,+0.0000,NONE,RUNNING
"=""2026-08-09 12:21:54""",64772,179615,0,179615,50000,+0.0003,0.0400,+0.0,+0.0000,NONE,RUNNING
"=""2026-08-09 12:21:55""",64772,160379,0,160379,50000,+0.0003,0.0400,+0.0,+0.0000,NONE,RUNNING
"=""2026-08-09 12:21:56""",64772,160379,0,160379,50000,+0.0003,0.0400,+0.0,+0.0000,NONE,RUNNING
"=""2026-08-09 12:21:57""",64772,160379,0,160379,50000,+0.0004,0.0400,+0.0,+0.0000,NONE,RUNNING
"=""2026-08-09 12:21:58""",64772,160379,0,160379,50000,+0.0004,0.0400,+0.0,+0.0000,NONE,RUNNING
"=""2026-08-09 12:21:59""",64771,160379,0,160379,50000,+0.0016,0.0400,+0.0,+0.0000,NONE,RUNNING
"=""2026-08-09 12:22:00""",64771,160379,0,160379,50000,+0.0016,0.0400,+0.0,+0.0000,NONE,RUNNING
"=""2026-08-09 12:22:01""",64772,160379,0,160379,50000,+0.0016,0.0400,+0.0,+0.0000,NONE,RUNNING
"=""2026-08-09 12:22:02""",64771,160379,0,160379,50000,+0.0022,0.0400,+0.0,+0.0000,NONE,RUNNING
"=""2026-08-09 12:22:03""",64772,160379,0,160379,50000,+0.0027,0.0400,+0.0,+0.0000,NONE,RUNNING
"=""2026-08-09 12:22:04""",64772,160379,0,160379,50000,+0.0027,0.0400,+0.0,+0.0000,NONE,RUNNING
"=""2026-08-09 12:22:05""",64771,57399,0,57399,50000,+0.0027,0.0400,+0.0,+0.0000,NONE,RUNNING
"=""2026-08-09 12:22:06""",64772,57399,0,57399,50000,+0.0027,0.0400,+0.0,+0.0000,NONE,RUNNING
"=""2026-08-09 12:22:07""",64772,57399,0,57399,50000,+0.0027,0.0400,+0.0,+0.0000,NONE,RUNNING
"=""2026-08-09 12:22:08""",64771,57399,0,57399,50000,+0.0022,0.0400,+0.0,+0.0000,NONE,RUNNING
"=""2026-08-09 12:22:09""",64772,57399,0,57399,50000,+0.0023,0.0400,+0.0,+0.0000,NONE,RUNNING
"=""2026-08-09 12:22:10""",64771,57399,0,57399,50000,+0.0023,0.0400,+0.0,+0.0000,NONE,RUNNING
"=""2026-08-09 12:22:11""",64771,57399,0,57399,50000,+0.0023,0.0400,+0.0,+0.0000,NONE,RUNNING
"=""2026-08-09 12:22:12""",64772,57399,0,57399,50000,+0.0023,0.0400,+0.0,+0.0000,NONE,RUNNING
"=""2026-08-09 12:22:13""",64772,57399,0,57399,50000,+0.0023,0.0400,+0.0,+0.0000,NONE,RUNNING
"=""2026-08-09 12:22:14""",64771,57399,0,57399,50000,+0.0024,0.0400,+0.0,+0.0000,NONE,RUNNING
"=""2026-08-09 12:22:15""",64772,57399,0,57399,50000,+0.0023,0.0400,+0.0,+0.0000,NONE,RUNNING
"=""2026-08-09 12:22:16""",64772,57399,0,57399,50000,+0.0023,0.0400,+0.0,+0.0000,NONE,RUNNING
"=""2026-08-09 12:22:17""",64772,57399,0,57399,50000,+0.0027,0.0400,+0.0,+0.0000,NONE,RUNNING
"=""2026-08-09 12:22:18""",64772,57399,0,57399,50000,+0.0027,0.0400,+0.0,+0.0000,NONE,RUNNING
"=""2026-08-09 12:22:19""",64771,57399,0,57399,50000,+0.0026,0.0400,+0.0,+0.0000,NONE,RUNNING
"=""2026-08-09 12:22:20""",64771,57399,0,57399,50000,+0.0026,0.0400,+0.0,+0.0000,NONE,RUNNING
"=""2026-08-09 12:22:21""",64772,57399,0,57399,50000,+0.0025,0.0400,+0.0,+0.0000,NONE,RUNNING
"=""2026-08-09 12:22:22""",64772,57399,0,57399,50000,+0.0025,0.0400,+0.0,+0.0000,NONE,RUNNING
"=""2026-08-09 12:22:23""",64772,57399,0,57399,50000,+0.0022,0.0400,+0.0,+0.0000,NONE,RUNNING
"=""2026-08-09 12:22:24""",64772,57399,0,57399,50000,+0.0022,0.0400,+0.0,+0.0000,NONE,RUNNING
"=""2026-08-09 12:22:25""",64772,57399,0,57399,50000,+0.0024,0.0400,+0.0,+0.0000,NONE,RUNNING
"=""2026-08-09 12:22:26""",64772,18536,0,18536,50000,+0.0024,0.0400,+0.0,+0.0000,NONE,RUNNING
"=""2026-08-09 12:22:27""",64772,18536,0,18536,50000,+0.0028,0.0400,+0.0,+0.0000,NONE,RUNNING
"=""2026-08-09 12:22:28""",64772,18536,0,18536,50000,+0.0028,0.0400,+0.0,+0.0000,NONE,RUNNING
"=""2026-08-09 12:22:29""",64772,18536,0,18536,50000,+0.0028,0.0400,+0.0,+0.0000,NONE,RUNNING
"=""2026-08-09 12:22:30""",64772,18536,0,18536,50000,+0.0026,0.0400,+0.0,+0.0000,NONE,RUNNING
"=""2026-08-09 12:22:31""",64772,18536,0,18536,50000,+0.0026,0.0400,+0.0,+0.0000,NONE,RUNNING
"=""2026-08-09 12:22:32""",64772,29730,0,29730,50000,+0.0019,0.0400,+0.0,+0.0000,NONE,RUNNING
"=""2026-08-09 12:22:34""",64772,29730,0,29730,50000,+0.0019,0.0400,+0.0,+0.0000,NONE,RUNNING
"=""2026-08-09 12:22:35""",64775,11193,0,11193,50000,+0.0023,0.0400,+0.0,+0.0000,NONE,RUNNING
"=""2026-08-09 12:22:36""",64775,11193,0,11193,50000,+0.0023,0.0400,+0.0,+0.0000,NONE,RUNNING
"=""2026-08-09 12:22:37""",64775,11193,0,11193,50000,+0.0023,0.0400,+0.0,+0.0000,NONE,RUNNING
"=""2026-08-09 12:22:38""",64775,11193,0,11193,50000,+0.0023,0.0400,+0.0,+0.0000,NONE,RUNNING
"=""2026-08-09 12:22:39""",64775,11193,0,11193,50000,+0.0035,0.0400,+0.0,+0.0000,NONE,RUNNING
"=""2026-08-09 12:22:40""",64775,11193,0,11193,50000,+0.0041,0.0400,+0.0,+0.0000,NONE,RUNNING
"=""2026-08-09 12:22:41""",64775,11193,0,11193,50000,+0.0041,0.0400,+0.0,+0.0000,NONE,RUNNING
"=""2026-08-09 12:22:42""",64775,11193,0,11193,50000,+0.0042,0.0400,+0.0,+0.0000,NONE,RUNNING
"=""2026-08-09 12:22:43""",64775,11193,0,11193,50000,+0.0042,0.0400,+0.0,+0.0000,NONE,RUNNING
"=""2026-08-09 12:22:44""",64775,11193,0,11193,50000,+0.0042,0.0400,+0.0,+0.0000,NONE,RUNNING
"=""2026-08-09 12:22:45""",64775,11193,0,11193,50000,+0.0023,0.0400,+0.0,+0.0000,NONE,RUNNING
"=""2026-08-09 12:22:46""",64775,11193,0,11193,50000,+0.0023,0.0400,+0.0,+0.0000,NONE,RUNNING
"=""2026-08-09 12:23:46""",64775,15332,0,15332,50000,-0.0003,0.0400,+0.0,+0.0000,NONE,RUNNING
"=""2026-08-09 12:24:46""",64782,82360,64328,18031,50000,+0.0029,0.0400,+0.0,+0.0000,NONE,RUNNING
"=""2026-08-09 12:25:46""",64779,580348,455860,124488,50000,+0.0055,0.0400,+0.0,+0.0000,NONE,RUNNING
"=""2026-08-09 12:26:46""",64780,0,0,0,50000,-0.0005,0.0400,+0.0,+0.0000,NONE,RUNNING
"=""2026-08-09 12:27:46""",64779,15547,15547,0,50000,-0.0061,0.0400,+0.0,+0.0000,NONE,RUNNING
"=""2026-08-09 12:28:46""",64779,140895,10037,130858,50000,+0.0030,0.0400,+0.0,+0.0000,NONE,RUNNING
"=""2026-08-09 12:29:46""",64779,0,0,0,50000,-0.0035,0.0400,+0.0,+0.0000,NONE,RUNNING
"=""2026-08-09 12:30:46""",64779,0,0,0,50000,-0.0026,0.0400,+0.0,+0.0000,NONE,RUNNING
"=""2026-08-09 12:31:46""",64779,82230,57117,25113,50000,+0.0030,0.0400,+0.0,+0.0000,NONE,RUNNING
"=""2026-08-09 12:32:46""",64790,192180,0,192180,50000,-0.0135,0.0400,+0.0,+0.0000,NONE,RUNNING
"=""2026-08-09 12:32:50""",64791,192180,0,192180,50000,-0.0202,0.0400,+0.0,+0.0000,NONE,RUNNING
"=""2026-08-09 12:32:52""",64791,192180,0,192180,50000,-0.0202,0.0400,+0.0,+0.0000,NONE,RUNNING
"=""2026-08-09 12:32:53""",64791,192180,0,192180,50000,-0.0202,0.0400,+0.0,+0.0000,NONE,RUNNING
"=""2026-08-09 12:32:54""",64791,212180,19999,192180,50000,-0.0202,0.0400,+0.0,+0.0000,NONE,RUNNING
"=""2026-08-09 12:32:55""",64791,212180,19999,192180,50000,-0.0199,0.0400,+0.0,+0.0000,NONE,RUNNING
"=""2026-08-09 12:32:56""",64791,212180,19999,192180,50000,-0.0199,0.0400,+0.0,+0.0000,NONE,RUNNING
"=""2026-08-09 12:32:57""",64791,212180,19999,192180,50000,-0.0199,0.0400,+0.0,+0.0000,NONE,RUNNING
"=""2026-08-09 12:32:58""",64791,212180,19999,192180,50000,-0.0199,0.0400,+0.0,+0.0000,NONE,RUNNING
"=""2026-08-09 12:32:59""",64791,212180,19999,192180,50000,-0.0199,0.0400,+0.0,+0.0000,NONE,RUNNING
"=""2026-08-09 12:33:00""",64791,212180,19999,192180,50000,-0.0200,0.0400,+0.0,+0.0000,NONE,RUNNING
"=""2026-08-09 12:33:01""",64791,212180,19999,192180,50000,-0.0192,0.0400,+0.0,+0.0000,NONE,RUNNING
"=""2026-08-09 12:33:02""",64791,212180,19999,192180,50000,-0.0192,0.0400,+0.0,+0.0000,NONE,RUNNING
"=""2026-08-09 12:33:03""",64791,212180,19999,192180,50000,-0.0192,0.0400,+0.0,+0.0000,NONE,RUNNING
"=""2026-08-09 12:33:04""",64791,212180,19999,192180,50000,-0.0194,0.0400,+0.0,+0.0000,NONE,RUNNING
"=""2026-08-09 12:33:05""",64791,212180,19999,192180,50000,-0.0195,0.0400,+0.0,+0.0000,NONE,RUNNING
"=""2026-08-09 12:33:06""",64791,212180,19999,192180,50000,-0.0195,0.0400,+0.0,+0.0000,NONE,RUNNING
"=""2026-08-09 12:33:07""",64791,212180,19999,192180,50000,-0.0195,0.0400,+0.0,+0.0000,NONE,RUNNING
"=""2026-08-09 12:33:08""",64791,212180,19999,192180,50000,-0.0191,0.0400,+0.0,+0.0000,NONE,RUNNING
"=""2026-08-09 12:33:09""",64791,212180,19999,192180,50000,-0.0191,0.0400,+0.0,+0.0000,NONE,RUNNING
"=""2026-08-09 12:33:10""",64791,212180,19999,192180,50000,-0.0196,0.0400,+0.0,+0.0000,NONE,RUNNING
"=""2026-08-09 12:33:11""",64791,212180,19999,192180,50000,-0.0202,0.0400,+0.0,+0.0000,NONE,RUNNING
"=""2026-08-09 12:33:12""",64791,212180,19999,192180,50000,-0.0202,0.0400,+0.0,+0.0000,NONE,RUNNING
"=""2026-08-09 12:33:13""",64791,212180,19999,192180,50000,-0.0202,0.0400,+0.0,+0.0000,NONE,RUNNING
"=""2026-08-09 12:33:14""",64791,212180,19999,192180,50000,-0.0202,0.0400,+0.0,+0.0000,NONE,RUNNING
"=""2026-08-09 12:33:15""",64791,212180,19999,192180,50000,-0.0201,0.0400,+0.0,+0.0000,NONE,RUNNING
"=""2026-08-09 12:33:16""",64791,212180,19999,192180,50000,-0.0201,0.0400,+0.0,+0.0000,NONE,RUNNING
"=""2026-08-09 12:33:17""",64791,212180,19999,192180,50000,-0.0201,0.0400,+0.0,+0.0000,NONE,RUNNING
"=""2026-08-09 12:33:18""",64791,212180,19999,192180,50000,-0.0204,0.0400,+0.0,+0.0000,NONE,RUNNING
"=""2026-08-09 12:33:19""",64791,212180,19999,192180,50000,-0.0204,0.0400,+0.0,+0.0000,NONE,RUNNING
"=""2026-08-09 12:33:20""",64791,212180,19999,192180,50000,-0.0204,0.0400,+0.0,+0.0000,NONE,RUNNING
"=""2026-08-09 12:33:21""",64791,212180,19999,192180,50000,-0.0206,0.0400,+0.0,+0.0000,NONE,RUNNING
"=""2026-08-09 12:33:22""",64791,212180,19999,192180,50000,-0.0206,0.0400,+0.0,+0.0000,NONE,RUNNING
"=""2026-08-09 12:33:23""",64791,212180,19999,192180,50000,-0.0206,0.0400,+0.0,+0.0000,NONE,RUNNING
"=""2026-08-09 12:33:24""",64791,212180,19999,192180,50000,-0.0206,0.0400,+0.0,+0.0000,NONE,RUNNING
"=""2026-08-09 12:33:25""",64791,212180,19999,192180,50000,-0.0206,0.0400,+0.0,+0.0000,NONE,RUNNING
"=""2026-08-09 12:33:26""",64791,212180,19999,192180,50000,-0.0206,0.0400,+0.0,+0.0000,NONE,RUNNING
"=""2026-08-09 12:33:27""",64791,212180,19999,192180,50000,-0.0211,0.0400,+0.0,+0.0000,NONE,RUNNING
"=""2026-08-09 12:33:28""",64791,212180,19999,192180,50000,-0.0209,0.0400,+0.0,+0.0000,NONE,RUNNING
"=""2026-08-09 12:33:29""",64791,212180,19999,192180,50000,-0.0209,0.0400,+0.0,+0.0000,NONE,RUNNING
"=""2026-08-09 12:33:30""",64791,212180,19999,192180,50000,-0.0209,0.0400,+0.0,+0.0000,NONE,RUNNING
"=""2026-08-09 12:33:31""",64791,212180,19999,192180,50000,-0.0209,0.0400,+0.0,+0.0000,NONE,RUNNING
"=""2026-08-09 12:33:32""",64791,212180,19999,192180,50000,-0.0209,0.0400,+0.0,+0.0000,NONE,RUNNING
"=""2026-08-09 12:33:33""",64791,212180,19999,192180,50000,-0.0199,0.0400,+0.0,+0.0000,NONE,RUNNING
"=""2026-08-09 12:33:34""",64791,212180,19999,192180,50000,-0.0186,0.0400,+0.0,+0.0000,NONE,RUNNING
"=""2026-08-09 12:33:35""",64791,212180,19999,192180,50000,-0.0186,0.0400,+0.0,+0.0000,NONE,RUNNING
"=""2026-08-09 12:33:36""",64791,212180,19999,192180,50000,-0.0186,0.0400,+0.0,+0.0000,NONE,RUNNING
"=""2026-08-09 12:33:37""",64791,116743,19999,96743,50000,-0.0187,0.0400,+0.0,+0.0000,NONE,RUNNING
"=""2026-08-09 12:33:38""",64791,116743,19999,96743,50000,-0.0187,0.0400,+0.0,+0.0000,NONE,RUNNING
"=""2026-08-09 12:33:39""",64791,116743,19999,96743,50000,-0.0187,0.0400,+0.0,+0.0000,NONE,RUNNING
"=""2026-08-09 12:33:40""",64791,116743,19999,96743,50000,-0.0184,0.0400,+0.0,+0.0000,NONE,RUNNING
"=""2026-08-09 12:33:41""",64791,116743,19999,96743,50000,-0.0043,0.0400,+0.0,+0.0000,NONE,RUNNING
"=""2026-08-09 12:33:42""",64791,116743,19999,96743,50000,-0.0043,0.0400,+0.0,+0.0000,NONE,RUNNING
"=""2026-08-09 12:33:43""",64791,116743,19999,96743,50000,-0.0041,0.0400,+0.0,+0.0000,NONE,RUNNING
"=""2026-08-09 12:33:44""",64791,116743,19999,96743,50000,-0.0041,0.0400,+0.0,+0.0000,NONE,RUNNING
"=""2026-08-09 12:33:45""",64791,19999,19999,0,50000,-0.0042,0.0400,+0.0,+0.0000,NONE,RUNNING
"=""2026-08-09 12:33:46""",64791,19999,19999,0,50000,-0.0042,0.0400,+0.0,+0.0000,NONE,RUNNING
"=""2026-08-09 12:33:47""",64791,19999,19999,0,50000,-0.0042,0.0400,+0.0,+0.0000,NONE,RUNNING
"=""2026-08-09 12:33:48""",64791,19999,19999,0,50000,-0.0004,0.0400,+0.0,+0.0000,NONE,RUNNING
"=""2026-08-09 12:33:49""",64791,19999,19999,0,50000,-0.0014,0.0400,+0.0,+0.0000,NONE,RUNNING
"=""2026-08-09 12:33:50""",64791,19999,19999,0,50000,-0.0014,0.0400,+0.0,+0.0000,NONE,RUNNING
"=""2026-08-09 12:33:51""",64791,19999,19999,0,50000,+0.0016,0.0400,+0.0,+0.0000,NONE,RUNNING
"=""2026-08-09 12:33:52""",64791,19999,19999,0,50000,+0.0016,0.0400,+0.0,+0.0000,NONE,RUNNING
"=""2026-08-09 12:33:53""",64791,19999,19999,0,50000,+0.0016,0.0400,+0.0,+0.0000,NONE,RUNNING
"=""2026-08-09 12:33:54""",64791,0,0,0,50000,+0.0013,0.0400,+0.0,+0.0000,NONE,RUNNING
"=""2026-08-09 12:33:55""",64791,0,0,0,50000,+0.0022,0.0400,+0.0,+0.0000,NONE,RUNNING
"=""2026-08-09 12:33:56""",64791,0,0,0,50000,+0.0022,0.0400,+0.0,+0.0000,NONE,RUNNING
"=""2026-08-09 12:33:57""",64791,0,0,0,50000,+0.0022,0.0400,+0.0,+0.0000,NONE,RUNNING
"=""2026-08-09 12:33:58""",64791,0,0,0,50000,+0.0022,0.0400,+0.0,+0.0000,NONE,RUNNING
"=""2026-08-09 12:33:59""",64791,0,0,0,50000,+0.0022,0.0400,+0.0,+0.0000,NONE,RUNNING
"=""2026-08-09 12:34:00""",64791,0,0,0,50000,+0.0014,0.0400,+0.0,+0.0000,NONE,RUNNING
"=""2026-08-09 12:34:01""",64791,0,0,0,50000,+0.0015,0.0400,+0.0,+0.0000,NONE,RUNNING
"=""2026-08-09 12:34:02""",64791,0,0,0,50000,+0.0016,0.0400,+0.0,+0.0000,NONE,RUNNING
"=""2026-08-09 12:34:03""",64791,0,0,0,50000,+0.0016,0.0400,+0.0,+0.0000,NONE,RUNNING
"=""2026-08-09 12:34:04""",64791,0,0,0,50000,+0.0016,0.0400,+0.0,+0.0000,NONE,RUNNING
"=""2026-08-09 12:34:05""",64791,0,0,0,50000,+0.0016,0.0400,+0.0,+0.0000,NONE,RUNNING
"=""2026-08-09 12:34:06""",64791,0,0,0,50000,+0.0016,0.0400,+0.0,+0.0000,NONE,RUNNING
"=""2026-08-09 12:34:07""",64791,0,0,0,50000,+0.0016,0.0400,+0.0,+0.0000,NONE,RUNNING
"=""2026-08-09 12:34:08""",64791,0,0,0,50000,+0.0016,0.0400,+0.0,+0.0000,NONE,RUNNING
"=""2026-08-09 12:34:09""",64791,0,0,0,50000,+0.0021,0.0400,+0.0,+0.0000,NONE,RUNNING
"=""2026-08-09 12:34:10""",64791,0,0,0,50000,+0.0021,0.0400,+0.0,+0.0000,NONE,RUNNING
"=""2026-08-09 12:34:11""",64791,0,0,0,50000,+0.0023,0.0400,+0.0,+0.0000,NONE,RUNNING
"=""2026-08-09 12:34:12""",64791,0,0,0,50000,+0.0023,0.0400,+0.0,+0.0000,NONE,RUNNING
"=""2026-08-09 12:34:13""",64791,0,0,0,50000,+0.0023,0.0400,+0.0,+0.0000,NONE,RUNNING
"=""2026-08-09 12:34:14""",64791,0,0,0,50000,+0.0023,0.0400,+0.0,+0.0000,NONE,RUNNING
"=""2026-08-09 12:34:15""",64791,0,0,0,50000,+0.0021,0.0400,+0.0,+0.0000,NONE,RUNNING
"=""2026-08-09 12:34:16""",64791,0,0,0,50000,+0.0021,0.0400,+0.0,+0.0000,NONE,RUNNING
"=""2026-08-09 12:34:17""",64791,0,0,0,50000,+0.0019,0.0400,+0.0,+0.0000,NONE,RUNNING
"=""2026-08-09 12:34:18""",64791,0,0,0,50000,+0.0019,0.0400,+0.0,+0.0000,NONE,RUNNING
"=""2026-08-09 12:34:19""",64791,0,0,0,50000,+0.0019,0.0400,+0.0,+0.0000,NONE,RUNNING
"=""2026-08-09 12:34:20""",64791,0,0,0,50000,+0.0019,0.0400,+0.0,+0.0000,NONE,RUNNING
"=""2026-08-09 12:34:21""",64791,0,0,0,50000,+0.0020,0.0400,+0.0,+0.0000,NONE,RUNNING
"=""2026-08-09 12:34:22""",64791,0,0,0,50000,+0.0020,0.0400,+0.0,+0.0000,NONE,RUNNING
"=""2026-08-09 12:34:23""",64791,0,0,0,50000,+0.0017,0.0400,+0.0,+0.0000,NONE,RUNNING
"=""2026-08-09 12:34:24""",64791,0,0,0,50000,+0.0017,0.0400,+0.0,+0.0000,NONE,RUNNING
"=""2026-08-09 12:34:25""",64791,0,0,0,50000,+0.0012,0.0400,+0.0,+0.0000,NONE,RUNNING
"=""2026-08-09 12:34:26""",64791,0,0,0,50000,+0.0012,0.0400,+0.0,+0.0000,NONE,RUNNING
"=""2026-08-09 12:34:27""",64791,0,0,0,50000,+0.0010,0.0400,+0.0,+0.0000,NONE,RUNNING
"=""2026-08-09 12:34:28""",64791,0,0,0,50000,+0.0010,0.0400,+0.0,+0.0000,NONE,RUNNING
"=""2026-08-09 12:34:29""",64791,0,0,0,50000,+0.0008,0.0400,+0.0,+0.0000,NONE,RUNNING
"=""2026-08-09 12:34:30""",64791,0,0,0,50000,+0.0008,0.0400,+0.0,+0.0000,NONE,RUNNING
"=""2026-08-09 12:34:31""",64791,0,0,0,50000,+0.0008,0.0400,+0.0,+0.0000,NONE,RUNNING
"=""2026-08-09 12:35:32""",64774,339407,339407,0,50000,-0.0102,0.0400,+0.0,+0.0000,NONE,RUNNING
"=""2026-08-09 12:36:32""",64774,25909,25909,0,50000,-0.0001,0.0400,+0.0,+0.0000,NONE,RUNNING
"=""2026-08-09 12:37:32""",64774,0,0,0,50000,-0.0001,0.0400,+0.0,+0.0000,NONE,RUNNING
"=""2026-08-09 12:38:32""",64774,10102,0,10102,50000,-0.0004,0.0400,+0.0,+0.0000,NONE,RUNNING
"=""2026-08-09 12:39:32""",64785,501645,0,501645,50000,+0.0033,0.0400,+0.0,+0.0000,NONE,RUNNING
"=""2026-08-09 12:40:32""",64788,16089,0,16089,50000,-0.0059,0.0400,+0.0,+0.0000,NONE,RUNNING
"=""2026-08-09 12:41:32""",64799,380892,0,380892,50000,-0.0066,0.0400,+0.0,+0.0000,NONE,RUNNING
"=""2026-08-09 12:42:32""",64799,29091,29091,0,50000,+0.0009,0.0400,+0.0,+0.0000,NONE,RUNNING
"=""2026-08-09 12:43:32""",64797,57830,57830,0,50000,-0.0011,0.0400,+0.0,+0.0000,NONE,RUNNING
"=""2026-08-09 12:44:32""",64800,219839,0,219839,50000,+0.0026,0.0400,+0.0,+0.0000,NONE,RUNNING
"=""2026-08-09 12:44:34""",64800,219839,0,219839,50000,-0.0202,0.0400,+0.0,+0.0000,NONE,RUNNING
"=""2026-08-09 12:44:35""",64800,219839,0,219839,50000,-0.0191,0.0400,+0.0,+0.0000,NONE,RUNNING
"=""2026-08-09 12:44:36""",64800,219839,0,219839,50000,-0.0191,0.0400,+0.0,+0.0000,NONE,RUNNING
"=""2026-08-09 12:44:37""",64800,219839,0,219839,50000,-0.0176,0.0400,+0.0,+0.0000,NONE,RUNNING
"=""2026-08-09 12:44:38""",64800,219839,0,219839,50000,-0.0188,0.0400,+0.0,+0.0000,NONE,RUNNING
"=""2026-08-09 12:44:39""",64800,219839,0,219839,50000,-0.0188,0.0400,+0.0,+0.0000,NONE,RUNNING
"=""2026-08-09 12:44:40""",64800,219839,0,219839,50000,-0.0188,0.0400,+0.0,+0.0000,NONE,RUNNING
"=""2026-08-09 12:44:41""",64800,219839,0,219839,50000,-0.0188,0.0400,+0.0,+0.0000,NONE,RUNNING
"=""2026-08-09 12:44:42""",64800,219839,0,219839,50000,-0.0188,0.0400,+0.0,+0.0000,NONE,RUNNING
"=""2026-08-09 12:44:43""",64800,219839,0,219839,50000,-0.0186,0.0400,+0.0,+0.0000,NONE,RUNNING
"=""2026-08-09 12:44:44""",64800,219839,0,219839,50000,-0.0186,0.0400,+0.0,+0.0000,NONE,RUNNING
"=""2026-08-09 12:44:45""",64800,219839,0,219839,50000,-0.0186,0.0400,+0.0,+0.0000,NONE,RUNNING
"=""2026-08-09 12:44:46""",64800,219839,0,219839,50000,-0.0186,0.0400,+0.0,+0.0000,NONE,RUNNING
"=""2026-08-09 12:44:47""",64800,219839,0,219839,50000,-0.0186,0.0400,+0.0,+0.0000,NONE,RUNNING
"=""2026-08-09 12:44:48""",64800,219839,0,219839,50000,-0.0186,0.0400,+0.0,+0.0000,NONE,RUNNING
"=""2026-08-09 12:44:49""",64800,219839,0,219839,50000,-0.0186,0.0400,+0.0,+0.0000,NONE,RUNNING
"=""2026-08-09 12:44:50""",64800,219839,0,219839,50000,-0.0189,0.0400,+0.0,+0.0000,NONE,RUNNING
"=""2026-08-09 12:44:51""",64800,219839,0,219839,50000,-0.0189,0.0400,+0.0,+0.0000,NONE,RUNNING
"=""2026-08-09 12:44:52""",64800,219839,0,219839,50000,-0.0189,0.0400,+0.0,+0.0000,NONE,RUNNING
"=""2026-08-09 12:44:53""",64800,219839,0,219839,50000,-0.0189,0.0400,+0.0,+0.0000,NONE,RUNNING
"=""2026-08-09 12:44:54""",64800,219839,0,219839,50000,-0.0190,0.0400,+0.0,+0.0000,NONE,RUNNING
"=""2026-08-09 12:44:55""",64800,219839,0,219839,50000,-0.0189,0.0400,+0.0,+0.0000,NONE,RUNNING
"=""2026-08-09 12:44:56""",64800,219839,0,219839,50000,-0.0189,0.0400,+0.0,+0.0000,NONE,RUNNING
"=""2026-08-09 12:44:57""",64800,219839,0,219839,50000,-0.0189,0.0400,+0.0,+0.0000,NONE,RUNNING
"=""2026-08-09 12:44:58""",64800,219839,0,219839,50000,-0.0189,0.0400,+0.0,+0.0000,NONE,RUNNING
"=""2026-08-09 12:44:59""",64800,219839,0,219839,50000,-0.0189,0.0400,+0.0,+0.0000,NONE,RUNNING
"=""2026-08-09 12:45:01""",64800,219839,0,219839,50000,-0.0187,0.0400,+0.0,+0.0000,NONE,RUNNING
"=""2026-08-09 12:45:02""",64800,219839,0,219839,50000,-0.0187,0.0400,+0.0,+0.0000,NONE,RUNNING
"=""2026-08-09 12:45:03""",64800,219839,0,219839,50000,-0.0187,0.0400,+0.0,+0.0000,NONE,RUNNING
"=""2026-08-09 12:45:04""",64800,219839,0,219839,50000,-0.0185,0.0400,+0.0,+0.0000,NONE,RUNNING
"=""2026-08-09 12:45:05""",64800,219839,0,219839,50000,-0.0184,0.0400,+0.0,+0.0000,NONE,RUNNING
"=""2026-08-09 12:45:06""",64800,219839,0,219839,50000,-0.0184,0.0400,+0.0,+0.0000,NONE,RUNNING
"=""2026-08-09 12:45:07""",64800,219839,0,219839,50000,-0.0184,0.0400,+0.0,+0.0000,NONE,RUNNING
"=""2026-08-09 12:45:08""",64800,219839,0,219839,50000,-0.0184,0.0400,+0.0,+0.0000,NONE,RUNNING
"=""2026-08-09 12:45:09""",64800,219839,0,219839,50000,-0.0184,0.0400,+0.0,+0.0000,NONE,RUNNING
"=""2026-08-09 12:45:10""",64800,219839,0,219839,50000,-0.0184,0.0400,+0.0,+0.0000,NONE,RUNNING
"=""2026-08-09 12:45:11""",64800,219839,0,219839,50000,-0.0179,0.0400,+0.0,+0.0000,NONE,RUNNING
"=""2026-08-09 12:45:12""",64800,219839,0,219839,50000,-0.0179,0.0400,+0.0,+0.0000,NONE,RUNNING
"=""2026-08-09 12:45:13""",64800,219839,0,219839,50000,-0.0179,0.0400,+0.0,+0.0000,NONE,RUNNING
"=""2026-08-09 12:45:14""",64800,219839,0,219839,50000,-0.0167,0.0400,+0.0,+0.0000,NONE,RUNNING
"=""2026-08-09 12:45:15""",64800,219839,0,219839,50000,-0.0167,0.0400,+0.0,+0.0000,NONE,RUNNING
"=""2026-08-09 12:45:16""",64800,219839,0,219839,50000,-0.0166,0.0400,+0.0,+0.0000,NONE,RUNNING
"=""2026-08-09 12:45:17""",64800,219839,0,219839,50000,-0.0166,0.0400,+0.0,+0.0000,NONE,RUNNING
"=""2026-08-09 12:45:18""",64800,219839,0,219839,50000,-0.0166,0.0400,+0.0,+0.0000,NONE,RUNNING
"=""2026-08-09 12:45:19""",64800,219839,0,219839,50000,-0.0166,0.0400,+0.0,+0.0000,NONE,RUNNING
"=""2026-08-09 12:45:20""",64800,219839,0,219839,50000,-0.0166,0.0400,+0.0,+0.0000,NONE,RUNNING
"=""2026-08-09 12:45:21""",64800,219839,0,219839,50000,-0.0165,0.0400,+0.0,+0.0000,NONE,RUNNING
"=""2026-08-09 12:45:22""",64800,219839,0,219839,50000,-0.0170,0.0400,+0.0,+0.0000,NONE,RUNNING
"=""2026-08-09 12:45:23""",64800,219839,0,219839,50000,-0.0160,0.0400,+0.0,+0.0000,NONE,RUNNING
"=""2026-08-09 12:45:24""",64800,219839,0,219839,50000,-0.0160,0.0400,+0.0,+0.0000,NONE,RUNNING
"=""2026-08-09 12:45:25""",64800,219839,0,219839,50000,-0.0171,0.0400,+0.0,+0.0000,NONE,RUNNING
"=""2026-08-09 12:45:26""",64800,219839,0,219839,50000,-0.0171,0.0400,+0.0,+0.0000,NONE,RUNNING
"=""2026-08-09 12:45:27""",64800,219839,0,219839,50000,-0.0171,0.0400,+0.0,+0.0000,NONE,RUNNING
"=""2026-08-09 12:45:28""",64800,219839,0,219839,50000,-0.0170,0.0400,+0.0,+0.0000,NONE,RUNNING
"=""2026-08-09 12:45:29""",64800,0,0,0,50000,-0.0170,0.0400,+0.0,+0.0000,NONE,RUNNING
"=""2026-08-09 12:45:30""",64800,0,0,0,50000,-0.0168,0.0400,+0.0,+0.0000,NONE,RUNNING
"=""2026-08-09 12:45:31""",64800,0,0,0,50000,-0.0169,0.0400,+0.0,+0.0000,NONE,RUNNING
"=""2026-08-09 12:45:32""",64800,0,0,0,50000,-0.0169,0.0400,+0.0,+0.0000,NONE,RUNNING
"=""2026-08-09 12:45:33""",64800,0,0,0,50000,-0.0168,0.0400,+0.0,+0.0000,NONE,RUNNING
"=""2026-08-09 12:45:34""",64800,51250,51250,0,50000,-0.0168,0.0400,+0.0,+0.0000,NONE,RUNNING
"=""2026-08-09 12:45:35""",64800,51250,51250,0,50000,+0.0047,0.0400,+0.0,+0.0000,NONE,RUNNING
"=""2026-08-09 12:46:35""",64800,297264,297264,0,50000,+0.0034,0.0400,+0.0,+0.0000,NONE,RUNNING
"=""2026-08-09 12:46:45""",64796,307426,307426,0,50000,+0.0245,0.0400,+0.0,+0.0000,NONE,RUNNING
"=""2026-08-09 12:46:46""",64796,307426,307426,0,50000,+0.0245,0.0400,+0.0,+0.0000,NONE,RUNNING
"=""2026-08-09 12:46:47""",64796,307426,307426,0,50000,+0.0245,0.0400,+0.0,+0.0000,NONE,RUNNING
"=""2026-08-09 12:46:48""",64796,307426,307426,0,50000,+0.0245,0.0400,+0.0,+0.0000,NONE,RUNNING
"=""2026-08-09 12:46:49""",64796,307426,307426,0,50000,+0.0245,0.0400,+0.0,+0.0000,NONE,RUNNING
"=""2026-08-09 12:46:50""",64796,307426,307426,0,50000,+0.0243,0.0400,+0.0,+0.0000,NONE,RUNNING
"=""2026-08-09 12:46:51""",64796,307426,307426,0,50000,+0.0243,0.0400,+0.0,+0.0000,NONE,RUNNING
"=""2026-08-09 12:46:52""",64796,307426,307426,0,50000,+0.0215,0.0400,+0.0,+0.0000,NONE,RUNNING
"=""2026-08-09 12:46:53""",64796,307426,307426,0,50000,+0.0215,0.0400,+0.0,+0.0000,NONE,RUNNING
"=""2026-08-09 12:46:54""",64796,307426,307426,0,50000,+0.0215,0.0400,+0.0,+0.0000,NONE,RUNNING
"=""2026-08-09 12:46:55""",64796,307426,307426,0,50000,+0.0215,0.0400,+0.0,+0.0000,NONE,RUNNING
"=""2026-08-09 12:46:56""",64796,307426,307426,0,50000,+0.0215,0.0400,+0.0,+0.0000,NONE,RUNNING
"=""2026-08-09 12:46:57""",64796,307426,307426,0,50000,+0.0215,0.0400,+0.0,+0.0000,NONE,RUNNING
"=""2026-08-09 12:46:58""",64796,307426,307426,0,50000,+0.0215,0.0400,+0.0,+0.0000,NONE,RUNNING
"=""2026-08-09 12:46:59""",64796,307426,307426,0,50000,+0.0215,0.0400,+0.0,+0.0000,NONE,RUNNING
"=""2026-08-09 12:47:00""",64796,307426,307426,0,50000,+0.0214,0.0400,+0.0,+0.0000,NONE,RUNNING
"=""2026-08-09 12:47:02""",64796,307426,307426,0,50000,+0.0214,0.0400,+0.0,+0.0000,NONE,RUNNING
"=""2026-08-09 12:47:03""",64796,307426,307426,0,50000,+0.0214,0.0400,+0.0,+0.0000,NONE,RUNNING
"=""2026-08-09 12:47:04""",64796,307426,307426,0,50000,+0.0214,0.0400,+0.0,+0.0000,NONE,RUNNING
"=""2026-08-09 12:47:05""",64796,286510,286510,0,50000,+0.0214,0.0400,+0.0,+0.0000,NONE,RUNNING
"=""2026-08-09 12:47:06""",64796,286510,286510,0,50000,+0.0214,0.0400,+0.0,+0.0000,NONE,RUNNING
"=""2026-08-09 12:47:07""",64796,286510,286510,0,50000,+0.0209,0.0400,+0.0,+0.0000,NONE,RUNNING
"=""2026-08-09 12:47:08""",64796,286510,286510,0,50000,+0.0209,0.0400,+0.0,+0.0000,NONE,RUNNING
"=""2026-08-09 12:47:09""",64796,286510,286510,0,50000,+0.0183,0.0400,+0.0,+0.0000,NONE,RUNNING
"=""2026-08-09 12:47:10""",64796,286510,286510,0,50000,+0.0183,0.0400,+0.0,+0.0000,NONE,RUNNING
"=""2026-08-09 12:47:11""",64796,286510,286510,0,50000,+0.0183,0.0400,+0.0,+0.0000,NONE,RUNNING
"=""2026-08-09 12:47:12""",64796,286510,286510,0,50000,+0.0183,0.0400,+0.0,+0.0000,NONE,RUNNING
"=""2026-08-09 12:47:13""",64796,286510,286510,0,50000,+0.0183,0.0400,+0.0,+0.0000,NONE,RUNNING
"=""2026-08-09 12:47:14""",64796,286510,286510,0,50000,+0.0181,0.0400,+0.0,+0.0000,NONE,RUNNING
"=""2026-08-09 12:47:15""",64796,286510,286510,0,50000,+0.0181,0.0400,+0.0,+0.0000,NONE,RUNNING
"=""2026-08-09 12:47:16""",64796,286510,286510,0,50000,+0.0181,0.0400,+0.0,+0.0000,NONE,RUNNING
"=""2026-08-09 12:47:17""",64796,286510,286510,0,50000,+0.0181,0.0400,+0.0,+0.0000,NONE,RUNNING
"=""2026-08-09 12:47:18""",64796,286510,286510,0,50000,+0.0181,0.0400,+0.0,+0.0000,NONE,RUNNING
"=""2026-08-09 12:47:19""",64796,286510,286510,0,50000,+0.0181,0.0400,+0.0,+0.0000,NONE,RUNNING
"=""2026-08-09 12:47:20""",64796,286510,286510,0,50000,+0.0181,0.0400,+0.0,+0.0000,NONE,RUNNING
"=""2026-08-09 12:47:21""",64796,286510,286510,0,50000,+0.0177,0.0400,+0.0,+0.0000,NONE,RUNNING
"=""2026-08-09 12:47:22""",64796,286510,286510,0,50000,+0.0177,0.0400,+0.0,+0.0000,NONE,RUNNING
"=""2026-08-09 12:47:23""",64796,286510,286510,0,50000,+0.0177,0.0400,+0.0,+0.0000,NONE,RUNNING
"=""2026-08-09 12:47:24""",64796,233716,233716,0,50000,+0.0176,0.0400,+0.0,+0.0000,NONE,RUNNING
"=""2026-08-09 12:47:25""",64796,233716,233716,0,50000,+0.0176,0.0400,+0.0,+0.0000,NONE,RUNNING
"=""2026-08-09 12:47:26""",64796,212613,212613,0,50000,+0.0176,0.0400,+0.0,+0.0000,NONE,RUNNING
"=""2026-08-09 12:47:27""",64796,212613,212613,0,50000,+0.0176,0.0400,+0.0,+0.0000,NONE,RUNNING
"=""2026-08-09 12:47:28""",64796,212613,212613,0,50000,+0.0175,0.0400,+0.0,+0.0000,NONE,RUNNING
"=""2026-08-09 12:47:29""",64796,212613,212613,0,50000,+0.0175,0.0400,+0.0,+0.0000,NONE,RUNNING
"=""2026-08-09 12:47:30""",64796,212613,212613,0,50000,+0.0175,0.0400,+0.0,+0.0000,NONE,RUNNING
"=""2026-08-09 12:47:31""",64796,212613,212613,0,50000,+0.0173,0.0400,+0.0,+0.0000,NONE,RUNNING
"=""2026-08-09 12:47:32""",64796,212613,212613,0,50000,+0.0173,0.0400,+0.0,+0.0000,NONE,RUNNING
"=""2026-08-09 12:47:33""",64796,212613,212613,0,50000,+0.0173,0.0400,+0.0,+0.0000,NONE,RUNNING
"=""2026-08-09 12:47:34""",64796,212613,212613,0,50000,+0.0173,0.0400,+0.0,+0.0000,NONE,RUNNING
"=""2026-08-09 12:47:35""",64796,10161,10161,0,50000,+0.0173,0.0400,+0.0,+0.0000,NONE,RUNNING
"=""2026-08-09 12:47:36""",64796,10161,10161,0,50000,+0.0170,0.0400,+0.0,+0.0000,NONE,RUNNING
"=""2026-08-09 12:47:37""",64796,10161,10161,0,50000,+0.0172,0.0400,+0.0,+0.0000,NONE,RUNNING
"=""2026-08-09 12:47:38""",64796,10161,10161,0,50000,+0.0146,0.0400,+0.0,+0.0000,NONE,RUNNING
"=""2026-08-09 12:47:39""",64796,10161,10161,0,50000,+0.0146,0.0400,+0.0,+0.0000,NONE,RUNNING
"=""2026-08-09 12:47:40""",64796,10161,10161,0,50000,+0.0092,0.0400,+0.0,+0.0000,NONE,RUNNING
"=""2026-08-09 12:47:41""",64796,0,0,0,50000,+0.0092,0.0400,+0.0,+0.0000,NONE,RUNNING
"=""2026-08-09 12:47:42""",64796,0,0,0,50000,+0.0092,0.0400,+0.0,+0.0000,NONE,RUNNING
"=""2026-08-09 12:47:43""",64796,0,0,0,50000,+0.0086,0.0400,+0.0,+0.0000,NONE,RUNNING
"=""2026-08-09 12:47:44""",64796,0,0,0,50000,+0.0086,0.0400,+0.0,+0.0000,NONE,RUNNING
"=""2026-08-09 12:47:45""",64796,0,0,0,50000,+0.0083,0.0400,+0.0,+0.0000,NONE,RUNNING
"=""2026-08-09 12:47:46""",64796,0,0,0,50000,-0.0066,0.0400,+0.0,+0.0000,NONE,RUNNING
"=""2026-08-09 12:47:47""",64796,0,0,0,50000,-0.0066,0.0400,+0.0,+0.0000,NONE,RUNNING
"=""2026-08-09 12:47:48""",64796,0,0,0,50000,-0.0066,0.0400,+0.0,+0.0000,NONE,RUNNING
"=""2026-08-09 12:47:49""",64796,0,0,0,50000,-0.0066,0.0400,+0.0,+0.0000,NONE,RUNNING
"=""2026-08-09 12:47:50""",64796,0,0,0,50000,-0.0066,0.0400,+0.0,+0.0000,NONE,RUNNING
"=""2026-08-09 12:47:51""",64796,0,0,0,50000,-0.0068,0.0400,+0.0,+0.0000,NONE,RUNNING
"=""2026-08-09 12:47:52""",64796,0,0,0,50000,-0.0068,0.0400,+0.0,+0.0000,NONE,RUNNING
"=""2026-08-09 12:47:53""",64796,0,0,0,50000,-0.0040,0.0400,+0.0,+0.0000,NONE,RUNNING
"=""2026-08-09 12:47:54""",64796,0,0,0,50000,-0.0042,0.0400,+0.0,+0.0000,NONE,RUNNING
"=""2026-08-09 12:47:55""",64796,0,0,0,50000,-0.0042,0.0400,+0.0,+0.0000,NONE,RUNNING
"=""2026-08-09 12:47:56""",64796,0,0,0,50000,-0.0042,0.0400,+0.0,+0.0000,NONE,RUNNING
"=""2026-08-09 12:47:57""",64796,0,0,0,50000,-0.0050,0.0400,+0.0,+0.0000,NONE,RUNNING
"=""2026-08-09 12:47:58""",64796,0,0,0,50000,-0.0050,0.0400,+0.0,+0.0000,NONE,RUNNING
"=""2026-08-09 12:47:59""",64796,0,0,0,50000,-0.0050,0.0400,+0.0,+0.0000,NONE,RUNNING
"=""2026-08-09 12:48:00""",64796,0,0,0,50000,-0.0050,0.0400,+0.0,+0.0000,NONE,RUNNING
"=""2026-08-09 12:48:01""",64796,0,0,0,50000,-0.0050,0.0400,+0.0,+0.0000,NONE,RUNNING
"=""2026-08-09 12:48:02""",64796,0,0,0,50000,-0.0050,0.0400,+0.0,+0.0000,NONE,RUNNING
"=""2026-08-09 12:48:03""",64796,0,0,0,50000,-0.0051,0.0400,+0.0,+0.0000,NONE,RUNNING
"=""2026-08-09 12:48:04""",64796,0,0,0,50000,-0.0051,0.0400,+0.0,+0.0000,NONE,RUNNING
"=""2026-08-09 12:48:05""",64796,0,0,0,50000,-0.0051,0.0400,+0.0,+0.0000,NONE,RUNNING
"=""2026-08-09 12:48:06""",64796,0,0,0,50000,-0.0051,0.0400,+0.0,+0.0000,NONE,RUNNING
"=""2026-08-09 12:48:07""",64796,0,0,0,50000,-0.0051,0.0400,+0.0,+0.0000,NONE,RUNNING
"=""2026-08-09 12:48:08""",64796,10376,0,10376,50000,-0.0051,0.0400,+0.0,+0.0000,NONE,RUNNING
"=""2026-08-09 12:49:08""",64793,219555,219555,0,50000,-0.0063,0.0400,+0.0,+0.0000,NONE,RUNNING
"=""2026-08-09 12:50:08""",64793,20001,0,20001,50000,-0.0017,0.0400,+0.0,+0.0000,NONE,RUNNING
"=""2026-08-09 12:51:08""",64793,0,0,0,50000,+0.0018,0.0400,+0.0,+0.0000,NONE,RUNNING
"=""2026-08-09 12:52:08""",64793,0,0,0,50000,+0.0005,0.0400,+0.0,+0.0000,NONE,RUNNING
"=""2026-08-09 12:53:08""",64793,0,0,0,50000,-0.0018,0.0400,+0.0,+0.0000,NONE,RUNNING
"=""2026-08-09 12:54:08""",64793,215400,215400,0,50000,+0.0038,0.0400,+0.0,+0.0000,NONE,RUNNING
"=""2026-08-09 12:55:08""",64793,20733,20733,0,50000,-0.0002,0.0400,+0.0,+0.0000,NONE,RUNNING
"=""2026-08-09 12:56:08""",64788,49099,49099,0,50000,-0.0014,0.0400,+0.0,+0.0000,NONE,RUNNING
"=""2026-08-09 12:57:09""",64788,0,0,0,50000,+0.0018,0.0400,+0.0,+0.0000,NONE,RUNNING
"=""2026-08-09 12:58:09""",64788,0,0,0,50000,+0.0006,0.0400,+0.0,+0.0000,NONE,RUNNING
"=""2026-08-09 12:59:09""",64788,44518,44518,0,50000,-0.0077,0.0400,+0.0,+0.0000,NONE,RUNNING
"=""2026-08-09 13:00:09""",64788,76667,64360,12306,50000,+0.0037,0.0400,+0.0,+0.0000,NONE,RUNNING
"=""2026-08-09 13:01:09""",64788,24691,24691,0,50000,-0.0026,0.0400,+0.0,+0.0000,NONE,RUNNING
"=""2026-08-09 13:02:09""",64788,49999,0,49999,50000,-0.0034,0.0400,+0.0,+0.0000,NONE,RUNNING
"=""2026-08-09 13:03:09""",64788,0,0,0,50000,-0.0008,0.0400,+0.0,+0.0000,NONE,RUNNING
"=""2026-08-09 13:04:09""",64788,14836,14836,0,50000,+0.0004,0.0400,+0.0,+0.0000,NONE,RUNNING
"=""2026-08-09 13:05:09""",64788,10364,10364,0,50000,-0.0014,0.0400,+0.0,+0.0000,NONE,RUNNING
"=""2026-08-09 13:06:09""",64788,10044,0,10044,50000,+0.0013,0.0400,+0.0,+0.0000,NONE,RUNNING
"=""2026-08-09 13:07:09""",64794,341312,43367,297944,50000,-0.0005,0.0400,+0.0,+0.0000,NONE,RUNNING
"=""2026-08-09 13:08:09""",64794,0,0,0,50000,+0.0001,0.0400,+0.0,+0.0000,NONE,RUNNING
"=""2026-08-09 13:09:09""",64796,39928,0,39928,50000,+0.0017,0.0400,+0.0,+0.0000,NONE,RUNNING
"=""2026-08-09 13:10:09""",64796,14555,0,14555,50000,-0.0002,0.0400,+0.0,+0.0000,NONE,RUNNING
"=""2026-08-09 13:11:09""",64796,0,0,0,50000,+0.0039,0.0400,+0.0,+0.0000,NONE,RUNNING
"=""2026-08-09 13:12:09""",64814,269561,0,269561,50000,-0.0186,0.0400,+0.0,+0.0000,NONE,RUNNING
"=""2026-08-09 13:12:36""",64814,325229,0,325229,50000,-0.0223,0.0400,+0.0,+0.0000,NONE,RUNNING
"=""2026-08-09 13:12:37""",64814,325229,0,325229,50000,-0.0223,0.0400,+0.0,+0.0000,NONE,RUNNING
"=""2026-08-09 13:12:38""",64814,325229,0,325229,50000,-0.0223,0.0400,+0.0,+0.0000,NONE,RUNNING
"=""2026-08-09 13:12:39""",64814,325229,0,325229,50000,-0.0223,0.0400,+0.0,+0.0000,NONE,RUNNING
"=""2026-08-09 13:12:40""",64814,325229,0,325229,50000,-0.0224,0.0400,+0.0,+0.0000,NONE,RUNNING
"=""2026-08-09 13:12:41""",64814,325229,0,325229,50000,-0.0224,0.0400,+0.0,+0.0000,NONE,RUNNING
"=""2026-08-09 13:12:42""",64814,325229,0,325229,50000,-0.0224,0.0400,+0.0,+0.0000,NONE,RUNNING
"=""2026-08-09 13:12:43""",64814,325229,0,325229,50000,-0.0197,0.0400,+0.0,+0.0000,NONE,RUNNING
"=""2026-08-09 13:12:44""",64814,325229,0,325229,50000,-0.0197,0.0400,+0.0,+0.0000,NONE,RUNNING
"=""2026-08-09 13:12:45""",64814,325229,0,325229,50000,-0.0198,0.0400,+0.0,+0.0000,NONE,RUNNING
"=""2026-08-09 13:12:46""",64814,325229,0,325229,50000,-0.0198,0.0400,+0.0,+0.0000,NONE,RUNNING
"=""2026-08-09 13:12:47""",64814,325229,0,325229,50000,-0.0198,0.0400,+0.0,+0.0000,NONE,RUNNING
"=""2026-08-09 13:12:48""",64814,325229,0,325229,50000,-0.0200,0.0400,+0.0,+0.0000,NONE,RUNNING
"=""2026-08-09 13:12:49""",64814,325229,0,325229,50000,-0.0196,0.0400,+0.0,+0.0000,NONE,RUNNING
"=""2026-08-09 13:12:50""",64814,325229,0,325229,50000,-0.0196,0.0400,+0.0,+0.0000,NONE,RUNNING
"=""2026-08-09 13:12:51""",64814,325229,0,325229,50000,-0.0196,0.0400,+0.0,+0.0000,NONE,RUNNING
"=""2026-08-09 13:12:52""",64814,325229,0,325229,50000,-0.0196,0.0400,+0.0,+0.0000,NONE,RUNNING
"=""2026-08-09 13:12:53""",64814,325229,0,325229,50000,-0.0196,0.0400,+0.0,+0.0000,NONE,RUNNING
"=""2026-08-09 13:12:54""",64814,55667,0,55667,50000,-0.0198,0.0400,+0.0,+0.0000,NONE,RUNNING
"=""2026-08-09 13:12:55""",64814,55667,0,55667,50000,-0.0192,0.0400,+0.0,+0.0000,NONE,RUNNING
"=""2026-08-09 13:12:56""",64814,55667,0,55667,50000,-0.0015,0.0400,+0.0,+0.0000,NONE,RUNNING
"=""2026-08-09 13:12:57""",64814,55667,0,55667,50000,-0.0015,0.0400,+0.0,+0.0000,NONE,RUNNING
"=""2026-08-09 13:12:58""",64814,55667,0,55667,50000,-0.0015,0.0400,+0.0,+0.0000,NONE,RUNNING
"=""2026-08-09 13:12:59""",64814,55667,0,55667,50000,-0.0015,0.0400,+0.0,+0.0000,NONE,RUNNING
"=""2026-08-09 13:13:00""",64814,55667,0,55667,50000,-0.0015,0.0400,+0.0,+0.0000,NONE,RUNNING
"=""2026-08-09 13:13:01""",64814,55667,0,55667,50000,-0.0014,0.0400,+0.0,+0.0000,NONE,RUNNING
"=""2026-08-09 13:13:02""",64814,55667,0,55667,50000,-0.0014,0.0400,+0.0,+0.0000,NONE,RUNNING
"=""2026-08-09 13:13:04""",64814,55667,0,55667,50000,+0.0020,0.0400,+0.0,+0.0000,NONE,RUNNING
"=""2026-08-09 13:13:05""",64814,55667,0,55667,50000,+0.0022,0.0400,+0.0,+0.0000,NONE,RUNNING
"=""2026-08-09 13:13:06""",64814,55667,0,55667,50000,+0.0022,0.0400,+0.0,+0.0000,NONE,RUNNING
"=""2026-08-09 13:13:07""",64814,55667,0,55667,50000,+0.0018,0.0400,+0.0,+0.0000,NONE,RUNNING
"=""2026-08-09 13:13:08""",64814,55667,0,55667,50000,+0.0021,0.0400,+0.0,+0.0000,NONE,RUNNING
"=""2026-08-09 13:13:09""",64814,55667,0,55667,50000,+0.0021,0.0400,+0.0,+0.0000,NONE,RUNNING
"=""2026-08-09 13:13:10""",64814,55667,0,55667,50000,+0.0017,0.0400,+0.0,+0.0000,NONE,RUNNING
"=""2026-08-09 13:13:11""",64814,55667,0,55667,50000,+0.0019,0.0400,+0.0,+0.0000,NONE,RUNNING
"=""2026-08-09 13:13:12""",64814,0,0,0,50000,+0.0019,0.0400,+0.0,+0.0000,NONE,RUNNING
"=""2026-08-09 13:13:13""",64814,0,0,0,50000,+0.0017,0.0400,+0.0,+0.0000,NONE,RUNNING
"=""2026-08-09 13:13:14""",64814,0,0,0,50000,+0.0019,0.0400,+0.0,+0.0000,NONE,RUNNING
"=""2026-08-09 13:13:15""",64814,0,0,0,50000,+0.0019,0.0400,+0.0,+0.0000,NONE,RUNNING
"=""2026-08-09 13:13:16""",64814,0,0,0,50000,+0.0019,0.0400,+0.0,+0.0000,NONE,RUNNING
"=""2026-08-09 13:13:17""",64814,0,0,0,50000,+0.0019,0.0400,+0.0,+0.0000,NONE,RUNNING
"=""2026-08-09 13:13:18""",64814,0,0,0,50000,+0.0019,0.0400,+0.0,+0.0000,NONE,RUNNING
"=""2026-08-09 13:13:19""",64814,0,0,0,50000,+0.0019,0.0400,+0.0,+0.0000,NONE,RUNNING
"=""2026-08-09 13:13:20""",64814,0,0,0,50000,+0.0019,0.0400,+0.0,+0.0000,NONE,RUNNING
"=""2026-08-09 13:13:21""",64814,0,0,0,50000,+0.0017,0.0400,+0.0,+0.0000,NONE,RUNNING
"=""2026-08-09 13:13:22""",64814,0,0,0,50000,+0.0017,0.0400,+0.0,+0.0000,NONE,RUNNING
"=""2026-08-09 13:13:23""",64814,0,0,0,50000,+0.0017,0.0400,+0.0,+0.0000,NONE,RUNNING
"=""2026-08-09 13:13:24""",64814,0,0,0,50000,+0.0017,0.0400,+0.0,+0.0000,NONE,RUNNING
"=""2026-08-09 13:13:25""",64814,0,0,0,50000,+0.0014,0.0400,+0.0,+0.0000,NONE,RUNNING
"=""2026-08-09 13:13:26""",64814,0,0,0,50000,+0.0014,0.0400,+0.0,+0.0000,NONE,RUNNING
"=""2026-08-09 13:13:27""",64814,0,0,0,50000,+0.0015,0.0400,+0.0,+0.0000,NONE,RUNNING
"=""2026-08-09 13:13:28""",64814,0,0,0,50000,+0.0016,0.0400,+0.0,+0.0000,NONE,RUNNING
"=""2026-08-09 13:13:29""",64814,0,0,0,50000,+0.0016,0.0400,+0.0,+0.0000,NONE,RUNNING
"=""2026-08-09 13:13:30""",64814,0,0,0,50000,+0.0017,0.0400,+0.0,+0.0000,NONE,RUNNING
"=""2026-08-09 13:13:31""",64814,0,0,0,50000,+0.0017,0.0400,+0.0,+0.0000,NONE,RUNNING
"=""2026-08-09 13:13:32""",64814,0,0,0,50000,+0.0023,0.0400,+0.0,+0.0000,NONE,RUNNING
"=""2026-08-09 13:13:33""",64814,0,0,0,50000,+0.0023,0.0400,+0.0,+0.0000,NONE,RUNNING
"=""2026-08-09 13:13:34""",64814,0,0,0,50000,+0.0025,0.0400,+0.0,+0.0000,NONE,RUNNING
"=""2026-08-09 13:13:35""",64814,0,0,0,50000,+0.0022,0.0400,+0.0,+0.0000,NONE,RUNNING
"=""2026-08-09 13:13:36""",64814,0,0,0,50000,+0.0022,0.0400,+0.0,+0.0000,NONE,RUNNING
"=""2026-08-09 13:13:37""",64814,0,0,0,50000,+0.0049,0.0400,+0.0,+0.0000,NONE,RUNNING
"=""2026-08-09 13:13:38""",64814,99999,0,99999,50000,+0.0051,0.0400,+0.0,+0.0000,NONE,RUNNING
"=""2026-08-09 13:13:39""",64814,99999,0,99999,50000,+0.0051,0.0400,+0.0,+0.0000,NONE,RUNNING
"=""2026-08-09 13:13:40""",64814,99999,0,99999,50000,+0.0052,0.0400,+0.0,+0.0000,NONE,RUNNING
"=""2026-08-09 13:13:41""",64814,99999,0,99999,50000,+0.0052,0.0400,+0.0,+0.0000,NONE,RUNNING
"=""2026-08-09 13:13:42""",64814,99999,0,99999,50000,+0.0052,0.0400,+0.0,+0.0000,NONE,RUNNING
"=""2026-08-09 13:13:43""",64814,99999,0,99999,50000,+0.0026,0.0400,+0.0,+0.0000,NONE,RUNNING
"=""2026-08-09 13:14:43""",64814,0,0,0,50000,+0.0027,0.0400,+0.0,+0.0000,NONE,RUNNING
"=""2026-08-09 13:15:43""",64816,32288,0,32288,50000,-0.0045,0.0400,+0.0,+0.0000,NONE,RUNNING
"=""2026-08-09 13:16:43""",64809,611716,437899,173816,50000,-0.0157,0.0400,+0.0,+0.0000,NONE,RUNNING
"=""2026-08-09 13:17:43""",64809,0,0,0,50000,-0.0065,0.0400,+0.0,+0.0000,NONE,RUNNING
"=""2026-08-09 13:18:43""",64809,13033,13033,0,50000,-0.0001,0.0400,+0.0,+0.0000,NONE,RUNNING
"=""2026-08-09 13:19:43""",64809,129618,0,129618,50000,-0.0004,0.0400,+0.0,+0.0000,NONE,RUNNING
"=""2026-08-09 13:20:43""",64809,0,0,0,50000,+0.0001,0.0400,+0.0,+0.0000,NONE,RUNNING
"=""2026-08-09 13:21:43""",64809,14257,14257,0,50000,-0.0001,0.0400,+0.0,+0.0000,NONE,RUNNING
"=""2026-08-09 13:22:43""",64809,0,0,0,50000,-0.0050,0.0400,+0.0,+0.0000,NONE,RUNNING
"=""2026-08-09 13:23:43""",64809,10012,10012,0,50000,-0.0026,0.0400,+0.0,+0.0000,NONE,RUNNING
"=""2026-08-09 13:24:44""",64813,621543,0,621543,50000,+0.0005,0.0400,+0.0,+0.0000,NONE,RUNNING
"=""2026-08-09 13:25:44""",64813,0,0,0,50000,-0.0016,0.0400,+0.0,+0.0000,NONE,RUNNING
"=""2026-08-09 13:26:44""",64813,0,0,0,50000,-0.0006,0.0400,+0.0,+0.0000,NONE,RUNNING
"=""2026-08-09 13:27:44""",64813,0,0,0,50000,-0.0001,0.0400,+0.0,+0.0000,NONE,RUNNING
"=""2026-08-09 13:28:44""",64826,1559034,0,1559034,50000,-0.0118,0.0400,+0.0,+0.0000,NONE,RUNNING
"=""2026-08-09 13:29:44""",64826,15064,15064,0,50000,+0.0056,0.0400,+0.0,+0.0000,NONE,RUNNING
"=""2026-08-09 13:30:44""",64826,0,0,0,50000,-0.0042,0.0400,+0.0,+0.0000,NONE,RUNNING
"=""2026-08-09 13:31:44""",64817,1656297,1635890,20407,50000,-0.0000,0.0400,+0.0,+0.0000,NONE,RUNNING
"=""2026-08-09 13:32:44""",64817,0,0,0,50000,-0.0020,0.0400,+0.0,+0.0000,NONE,RUNNING
"=""2026-08-09 13:33:44""",64817,0,0,0,50000,-0.0022,0.0400,+0.0,+0.0000,NONE,RUNNING
"=""2026-08-09 13:34:44""",64817,0,0,0,50000,+0.0021,0.0400,+0.0,+0.0000,NONE,RUNNING
"=""2026-08-09 13:35:44""",64813,288389,288389,0,50000,+0.0027,0.0400,+0.0,+0.0000,NONE,RUNNING
"=""2026-08-09 13:36:44""",64813,37143,37143,0,50000,-0.0072,0.0400,+0.0,+0.0000,NONE,RUNNING
"=""2026-08-09 13:37:44""",64813,0,0,0,50000,-0.0010,0.0400,+0.0,+0.0000,NONE,RUNNING
"=""2026-08-09 13:38:44""",64813,0,0,0,50000,+0.0008,0.0400,+0.0,+0.0000,NONE,RUNNING
"=""2026-08-09 13:39:44""",64813,0,0,0,50000,+0.0000,0.0400,+0.0,+0.0000,NONE,RUNNING
"=""2026-08-09 13:40:44""",64813,19754,19754,0,50000,+0.0009,0.0400,+0.0,+0.0000,NONE,RUNNING
"=""2026-08-09 13:41:44""",64813,0,0,0,50000,-0.0004,0.0400,+0.0,+0.0000,NONE,RUNNING
"=""2026-08-09 13:42:44""",64813,0,0,0,50000,-0.0022,0.0400,+0.0,+0.0000,NONE,RUNNING
"=""2026-08-09 13:43:44""",64813,0,0,0,50000,+0.0001,0.0400,+0.0,+0.0000,NONE,RUNNING
"=""2026-08-09 13:44:45""",64809,118174,118174,0,50000,-0.0037,0.0400,+0.0,+0.0000,NONE,RUNNING
"=""2026-08-09 13:45:45""",64809,40901,0,40901,50000,-0.0014,0.0400,+0.0,+0.0000,NONE,RUNNING
"=""2026-08-09 13:46:45""",64809,0,0,0,50000,-0.0008,0.0400,+0.0,+0.0000,NONE,RUNNING
"=""2026-08-09 13:47:45""",64809,0,0,0,50000,-0.0032,0.0400,+0.0,+0.0000,NONE,RUNNING
"=""2026-08-09 13:48:45""",64809,0,0,0,50000,+0.0002,0.0400,+0.0,+0.0000,NONE,RUNNING
"=""2026-08-09 13:49:45""",64803,163803,163803,0,50000,-0.0015,0.0400,+0.0,+0.0000,NONE,RUNNING
"=""2026-08-09 13:50:45""",64785,439336,426375,12960,50000,-0.0056,0.0400,+0.0,+0.0000,NONE,RUNNING
"=""2026-08-09 13:51:45""",64785,94567,55587,38980,50000,-0.0017,0.0400,+0.0,+0.0000,NONE,RUNNING
"=""2026-08-09 13:52:45""",64785,63981,0,63981,50000,-0.0074,0.0400,+0.0,+0.0000,NONE,RUNNING
"=""2026-08-09 13:53:45""",64785,46463,46463,0,50000,-0.0027,0.0400,+0.0,+0.0000,NONE,RUNNING
"=""2026-08-09 13:54:45""",64785,0,0,0,50000,-0.0018,0.0400,+0.0,+0.0000,NONE,RUNNING
"=""2026-08-09 13:55:45""",64785,0,0,0,50000,+0.0006,0.0400,+0.0,+0.0000,NONE,RUNNING
"=""2026-08-09 13:56:45""",64785,50623,37666,12957,50000,-0.0002,0.0400,+0.0,+0.0000,NONE,RUNNING
"=""2026-08-09 13:57:45""",64785,159936,159936,0,50000,-0.0017,0.0400,+0.0,+0.0000,NONE,RUNNING
"=""2026-08-09 13:58:45""",64785,0,0,0,50000,+0.0007,0.0400,+0.0,+0.0000,NONE,RUNNING
"=""2026-08-09 13:59:46""",64785,606929,25914,581015,50000,-0.0009,0.0400,+0.0,+0.0000,NONE,RUNNING
"=""2026-08-09 14:00:46""",64785,0,0,0,50000,-0.0012,0.0400,+0.0,+0.0000,NONE,RUNNING
"=""2026-08-09 14:01:46""",64785,0,0,0,50000,-0.0059,0.0400,+0.0,+0.0000,NONE,RUNNING
"=""2026-08-09 14:02:46""",64785,0,0,0,50000,-0.0084,0.0400,+0.0,+0.0000,NONE,RUNNING
"=""2026-08-09 14:03:46""",64785,0,0,0,50000,-0.0028,0.0400,+0.0,+0.0000,NONE,RUNNING
"=""2026-08-09 14:04:46""",64785,746367,746367,0,50000,-0.0003,0.0400,+0.0,+0.0000,NONE,RUNNING
"=""2026-08-09 14:05:46""",64785,0,0,0,50000,-0.0006,0.0400,+0.0,+0.0000,NONE,RUNNING
"=""2026-08-09 14:06:46""",64785,18347,18347,0,50000,+0.0010,0.0400,+0.0,+0.0000,NONE,RUNNING
"=""2026-08-09 14:07:46""",64785,0,0,0,50000,-0.0022,0.0400,+0.0,+0.0000,NONE,RUNNING
"=""2026-08-09 14:08:46""",64785,34015,0,34015,50000,-0.0073,0.0400,+0.0,+0.0000,NONE,RUNNING
"=""2026-08-09 14:09:46""",64785,1639750,1539097,100652,50000,+0.0038,0.0400,+0.0,+0.0000,NONE,RUNNING
"=""2026-08-09 14:10:38""",0,0,0,0,50000,+0.0000,0.0400,+0.0,+0.0000,NONE,RUNNING
"=""2026-08-09 14:11:38""",64785,0,0,0,50000,-0.0001,0.0400,+0.0,+0.0000,NONE,RUNNING
"=""2026-08-09 14:12:38""",64785,0,0,0,50000,-0.0062,0.0400,+0.0,+0.0000,NONE,RUNNING
"=""2026-08-09 14:13:38""",64785,0,0,0,50000,-0.0014,0.0400,+0.0,+0.0000,NONE,RUNNING
"=""2026-08-09 14:14:38""",64786,1215513,0,1215513,50000,-0.0175,0.0400,+0.0,+0.0000,NONE,RUNNING
"=""2026-08-09 14:15:38""",64786,58268,0,58268,50000,+0.0046,0.0400,+0.0,+0.0000,NONE,RUNNING
"=""2026-08-09 14:16:38""",64790,398627,0,398627,50000,+0.0008,0.0400,+0.0,+0.0000,NONE,RUNNING
"=""2026-08-09 14:17:38""",64790,14374,0,14374,50000,+0.0004,0.0400,+0.0,+0.0000,NONE,RUNNING
"=""2026-08-09 14:18:38""",64790,36071,20084,15986,50000,-0.0071,0.0400,+0.0,+0.0000,NONE,RUNNING
"=""2026-08-09 14:19:38""",64786,663244,663244,0,50000,+0.0033,0.0400,+0.0,+0.0000,NONE,RUNNING
"=""2026-08-09 14:20:38""",64786,0,0,0,50000,+0.0019,0.0400,+0.0,+0.0000,NONE,RUNNING
"=""2026-08-09 14:21:39""",64786,0,0,0,50000,-0.0005,0.0400,+0.0,+0.0000,NONE,RUNNING
"=""2026-08-09 14:22:39""",64786,54658,0,54658,50000,+0.0004,0.0400,+0.0,+0.0000,NONE,RUNNING
"=""2026-08-09 14:23:39""",64786,12005,12005,0,50000,-0.0019,0.0400,+0.0,+0.0000,NONE,RUNNING
"=""2026-08-09 14:24:39""",64786,955927,0,955927,50000,-0.0001,0.0400,+0.0,+0.0000,NONE,RUNNING
"=""2026-08-09 14:25:39""",64786,45143,0,45143,50000,+0.0010,0.0400,+0.0,+0.0000,NONE,RUNNING
"=""2026-08-09 14:26:39""",64790,681385,0,681385,50000,-0.0145,0.0400,+0.0,+0.0000,NONE,RUNNING
"=""2026-08-09 14:27:39""",64793,406956,0,406956,50000,-0.0002,0.0400,+0.0,+0.0000,NONE,RUNNING
"=""2026-08-09 14:28:39""",64790,324949,259952,64996,50000,-0.0019,0.0400,+0.0,+0.0000,NONE,RUNNING
"=""2026-08-09 14:29:39""",64790,10107,10107,0,50000,+0.0004,0.0400,+0.0,+0.0000,NONE,RUNNING
"=""2026-08-09 14:30:39""",64790,184457,184457,0,50000,-0.0040,0.0400,+0.0,+0.0000,NONE,RUNNING
"=""2026-08-09 14:31:39""",64790,53643,53643,0,50000,-0.0007,0.0400,+0.0,+0.0000,NONE,RUNNING
"=""2026-08-09 14:32:39""",64790,0,0,0,50000,-0.0011,0.0400,+0.0,+0.0000,NONE,RUNNING
"=""2026-08-09 14:33:39""",64790,37681,37681,0,50000,-0.0018,0.0400,+0.0,+0.0000,NONE,RUNNING
"=""2026-08-09 14:34:39""",64790,488482,0,488482,50000,-0.0039,0.0400,+0.0,+0.0000,NONE,RUNNING
"=""2026-08-09 14:35:39""",64790,352206,259160,93046,50000,-0.0064,0.0400,+0.0,+0.0000,NONE,RUNNING
"=""2026-08-09 14:36:39""",64790,0,0,0,50000,+0.0006,0.0400,+0.0,+0.0000,NONE,RUNNING
"=""2026-08-09 14:37:39""",64790,17296,17296,0,50000,+0.0013,0.0400,+0.0,+0.0000,NONE,RUNNING
"=""2026-08-09 14:38:40""",64790,379005,379005,0,50000,+0.0005,0.0400,+0.0,+0.0000,NONE,RUNNING
"=""2026-08-09 14:39:40""",64789,393964,393964,0,50000,-0.0032,0.0400,+0.0,+0.0000,NONE,RUNNING
"=""2026-08-09 14:40:40""",64789,42068,25877,16190,50000,-0.0026,0.0400,+0.0,+0.0000,NONE,RUNNING
"=""2026-08-09 14:41:40""",64789,0,0,0,50000,-0.0004,0.0400,+0.0,+0.0000,NONE,RUNNING
"=""2026-08-09 14:42:40""",64789,0,0,0,50000,-0.0061,0.0400,+0.0,+0.0000,NONE,RUNNING
"=""2026-08-09 14:43:40""",64789,0,0,0,50000,+0.0009,0.0400,+0.0,+0.0000,NONE,RUNNING
"=""2026-08-09 14:44:40""",64786,511083,476267,34815,50000,+0.0005,0.0400,+0.0,+0.0000,NONE,RUNNING
"=""2026-08-09 14:45:40""",64786,0,0,0,50000,+0.0011,0.0400,+0.0,+0.0000,NONE,RUNNING
"=""2026-08-09 14:46:40""",64777,127943,127943,0,50000,-0.0065,0.0400,+0.0,+0.0000,NONE,RUNNING
"=""2026-08-09 14:47:40""",64777,0,0,0,50000,-0.0121,0.0400,+0.0,+0.0000,NONE,RUNNING
"=""2026-08-09 14:48:40""",64777,32388,32388,0,50000,-0.0063,0.0400,+0.0,+0.0000,NONE,RUNNING
"=""2026-08-09 14:49:40""",64777,0,0,0,50000,+0.0008,0.0400,+0.0,+0.0000,NONE,RUNNING
"=""2026-08-09 14:50:40""",64777,14790,14790,0,50000,-0.0046,0.0400,+0.0,+0.0000,NONE,RUNNING
"=""2026-08-09 14:51:40""",64777,211678,11532,200145,50000,+0.0004,0.0400,+0.0,+0.0000,NONE,RUNNING
"=""2026-08-09 14:52:41""",64780,285507,0,285507,50000,-0.0014,0.0400,+0.0,+0.0000,NONE,RUNNING
"=""2026-08-09 14:53:41""",64780,0,0,0,50000,-0.0007,0.0400,+0.0,+0.0000,NONE,RUNNING
"=""2026-08-09 14:54:41""",64786,70611,0,70611,50000,-0.0004,0.0400,+0.0,+0.0000,NONE,RUNNING
"=""2026-08-09 14:55:41""",64787,13209,0,13209,50000,-0.0076,0.0400,+0.0,+0.0000,NONE,RUNNING
"=""2026-08-09 14:56:41""",64787,11188,11188,0,50000,-0.0049,0.0400,+0.0,+0.0000,NONE,RUNNING
"=""2026-08-09 14:57:41""",64792,12307,0,12307,50000,+0.0026,0.0400,+0.0,+0.0000,NONE,RUNNING
"=""2026-08-09 14:58:41""",64791,0,0,0,50000,+0.0001,0.0400,+0.0,+0.0000,NONE,RUNNING
"=""2026-08-09 14:59:41""",64801,285254,0,285254,50000,-0.0052,0.0400,+0.0,+0.0000,NONE,RUNNING
"=""2026-08-09 15:00:41""",64801,144685,144685,0,50000,+0.0030,0.0400,+0.0,+0.0000,NONE,RUNNING
"=""2026-08-09 15:01:41""",64801,0,0,0,50000,+0.0015,0.0400,+0.0,+0.0000,NONE,RUNNING
"=""2026-08-09 15:02:41""",64801,19999,0,19999,50000,+0.0005,0.0400,+0.0,+0.0000,NONE,RUNNING
"=""2026-08-09 15:03:41""",64802,14055,0,14055,50000,+0.0044,0.0400,+0.0,+0.0000,NONE,RUNNING
"=""2026-08-09 15:04:41""",64802,1457062,1457062,0,50000,+0.0060,0.0400,+0.0,+0.0000,NONE,RUNNING
"=""2026-08-09 15:05:41""",64802,52602,52602,0,50000,-0.0028,0.0400,+0.0,+0.0000,NONE,RUNNING
"=""2026-08-09 15:06:41""",64802,54894,0,54894,50000,-0.0008,0.0400,+0.0,+0.0000,NONE,RUNNING
"=""2026-08-09 15:07:41""",64803,43787,0,43787,50000,-0.0031,0.0400,+0.0,+0.0000,NONE,RUNNING
"=""2026-08-09 15:08:41""",64803,0,0,0,50000,-0.0009,0.0400,+0.0,+0.0000,NONE,RUNNING
"=""2026-08-09 15:09:13""",64803,498961,261015,237945,50000,+0.0284,0.0400,+0.0,+0.0000,NONE,RUNNING
"=""2026-08-09 15:09:14""",64803,511608,261015,250592,50000,+0.0284,0.0400,+0.0,+0.0000,NONE,RUNNING
"=""2026-08-09 15:09:15""",64803,589057,261015,328041,50000,+0.0284,0.0400,+0.0,+0.0000,NONE,RUNNING
"=""2026-08-09 15:09:16""",64803,601704,261015,340688,50000,+0.0284,0.0400,+0.0,+0.0000,NONE,RUNNING
"=""2026-08-09 15:09:17""",64803,679153,261015,418137,50000,+0.0284,0.0400,+0.0,+0.0000,NONE,RUNNING
"=""2026-08-09 15:09:18""",64803,691799,261015,430784,50000,+0.0294,0.0400,+0.0,+0.0000,NONE,RUNNING
"=""2026-08-09 15:09:19""",64803,769249,261015,508233,50000,+0.0294,0.0400,+0.0,+0.0000,NONE,RUNNING
"=""2026-08-09 15:09:20""",64803,781895,261015,520879,50000,+0.0294,0.0400,+0.0,+0.0000,NONE,RUNNING
"=""2026-08-09 15:09:21""",64803,859307,261015,598291,50000,+0.0294,0.0400,+0.0,+0.0000,NONE,RUNNING
"=""2026-08-09 15:09:22""",64803,871954,261015,610938,50000,+0.0294,0.0400,+0.0,+0.0000,NONE,RUNNING
"=""2026-08-09 15:09:23""",64803,922223,261015,661208,50000,+0.0294,0.0400,+0.0,+0.0000,NONE,RUNNING
"=""2026-08-09 15:09:24""",64809,934871,261015,673855,50000,+0.0294,0.0400,+0.0,+0.0000,NONE,RUNNING
"=""2026-08-09 15:09:25""",64809,1012329,261015,751313,50000,+0.0294,0.0400,+0.0,+0.0000,NONE,RUNNING
"=""2026-08-09 15:09:26""",64809,1024976,261015,763960,50000,+0.0293,0.0400,+0.0,+0.0000,NONE,RUNNING
"=""2026-08-09 15:09:27""",64809,1037624,261015,776608,50000,+0.0294,0.0400,+0.0,+0.0000,NONE,RUNNING
"=""2026-08-09 15:09:28""",64809,1050272,261015,789256,50000,+0.0294,0.0400,+0.0,+0.0000,NONE,RUNNING
"=""2026-08-09 15:09:29""",64809,1062919,261015,801903,50000,+0.0295,0.0400,+0.0,+0.0000,NONE,RUNNING
"=""2026-08-09 15:09:30""",64809,1075567,261015,814551,50000,+0.0295,0.0400,+0.0,+0.0000,NONE,RUNNING
"=""2026-08-09 15:09:31""",64809,1075567,261015,814551,50000,+0.0288,0.0400,+0.0,+0.0000,NONE,RUNNING
"=""2026-08-09 15:09:32""",64809,1075567,261015,814551,50000,+0.0288,0.0400,+0.0,+0.0000,NONE,RUNNING
"=""2026-08-09 15:09:33""",64809,1075567,261015,814551,50000,+0.0297,0.0400,+0.0,+0.0000,NONE,RUNNING
"=""2026-08-09 15:09:34""",64809,1075567,261015,814551,50000,+0.0297,0.0400,+0.0,+0.0000,NONE,RUNNING
"=""2026-08-09 15:09:35""",64809,1075567,261015,814551,50000,+0.0303,0.0400,+0.0,+0.0000,NONE,RUNNING
"=""2026-08-09 15:09:36""",64809,1075567,261015,814551,50000,+0.0303,0.0400,+0.0,+0.0000,NONE,RUNNING
"=""2026-08-09 15:09:37""",64809,1075567,261015,814551,50000,+0.0303,0.0400,+0.0,+0.0000,NONE,RUNNING
"=""2026-08-09 15:09:38""",64809,1075567,261015,814551,50000,+0.0303,0.0400,+0.0,+0.0000,NONE,RUNNING
"=""2026-08-09 15:09:39""",64809,1075567,261015,814551,50000,+0.0302,0.0400,+0.0,+0.0000,NONE,RUNNING
"=""2026-08-09 15:09:40""",64809,1075567,261015,814551,50000,+0.0302,0.0400,+0.0,+0.0000,NONE,RUNNING
"=""2026-08-09 15:09:41""",64809,1075567,261015,814551,50000,+0.0302,0.0400,+0.0,+0.0000,NONE,RUNNING
"=""2026-08-09 15:09:42""",64809,1075567,261015,814551,50000,+0.0303,0.0400,+0.0,+0.0000,NONE,RUNNING
"=""2026-08-09 15:09:43""",64809,1075567,261015,814551,50000,+0.0303,0.0400,+0.0,+0.0000,NONE,RUNNING
"=""2026-08-09 15:09:44""",64809,1075567,261015,814551,50000,+0.0298,0.0400,+0.0,+0.0000,NONE,RUNNING
"=""2026-08-09 15:09:45""",64809,1075567,261015,814551,50000,+0.0298,0.0400,+0.0,+0.0000,NONE,RUNNING
"=""2026-08-09 15:09:46""",64809,1075567,261015,814551,50000,+0.0298,0.0400,+0.0,+0.0000,NONE,RUNNING
"=""2026-08-09 15:09:47""",64809,1075567,261015,814551,50000,+0.0298,0.0400,+0.0,+0.0000,NONE,RUNNING
"=""2026-08-09 15:09:48""",64809,1075567,261015,814551,50000,+0.0298,0.0400,+0.0,+0.0000,NONE,RUNNING
"=""2026-08-09 15:09:49""",64809,1075567,261015,814551,50000,+0.0298,0.0400,+0.0,+0.0000,NONE,RUNNING
"=""2026-08-09 15:09:50""",64809,853555,39003,814551,50000,+0.0298,0.0400,+0.0,+0.0000,NONE,RUNNING
"=""2026-08-09 15:09:51""",64809,841336,26785,814551,50000,+0.0298,0.0400,+0.0,+0.0000,NONE,RUNNING
"=""2026-08-09 15:09:52""",64809,841336,26785,814551,50000,+0.0298,0.0400,+0.0,+0.0000,NONE,RUNNING
"=""2026-08-09 15:09:53""",64809,841336,26785,814551,50000,+0.0298,0.0400,+0.0,+0.0000,NONE,RUNNING
"=""2026-08-09 15:09:54""",64809,814551,0,814551,50000,+0.0298,0.0400,+0.0,+0.0000,NONE,RUNNING
"=""2026-08-09 15:09:55""",64809,801905,0,801905,50000,+0.0161,0.0400,+0.0,+0.0000,NONE,RUNNING
"=""2026-08-09 15:09:56""",64809,789259,0,789259,50000,+0.0161,0.0400,+0.0,+0.0000,NONE,RUNNING
"=""2026-08-09 15:09:57""",64809,776613,0,776613,50000,+0.0159,0.0400,+0.0,+0.0000,NONE,RUNNING
"=""2026-08-09 15:09:58""",64809,763967,0,763967,50000,+0.0147,0.0400,+0.0,+0.0000,NONE,RUNNING
"=""2026-08-09 15:09:59""",64809,751320,0,751320,50000,+0.0147,0.0400,+0.0,+0.0000,NONE,RUNNING
"=""2026-08-09 15:10:00""",64809,738674,0,738674,50000,+0.0147,0.0400,+0.0,+0.0000,NONE,RUNNING
"=""2026-08-09 15:10:02""",64809,726028,0,726028,50000,+0.0146,0.0400,+0.0,+0.0000,NONE,RUNNING
"=""2026-08-09 15:10:03""",64809,713382,0,713382,50000,+0.0145,0.0400,+0.0,+0.0000,NONE,RUNNING
"=""2026-08-09 15:10:04""",64809,700736,0,700736,50000,+0.0145,0.0400,+0.0,+0.0000,NONE,RUNNING
"=""2026-08-09 15:10:05""",64809,688090,0,688090,50000,+0.0145,0.0400,+0.0,+0.0000,NONE,RUNNING
"=""2026-08-09 15:10:06""",64809,665130,0,665130,50000,+0.0145,0.0400,+0.0,+0.0000,NONE,RUNNING
"=""2026-08-09 15:10:07""",64809,652483,0,652483,50000,+0.0143,0.0400,+0.0,+0.0000,NONE,RUNNING
"=""2026-08-09 15:10:08""",64809,639837,0,639837,50000,+0.0143,0.0400,+0.0,+0.0000,NONE,RUNNING
"=""2026-08-09 15:10:09""",64809,627191,0,627191,50000,+0.0143,0.0400,+0.0,+0.0000,NONE,RUNNING
"=""2026-08-09 15:10:10""",64809,614544,0,614544,50000,+0.0143,0.0400,+0.0,+0.0000,NONE,RUNNING
"=""2026-08-09 15:10:11""",64809,601898,0,601898,50000,+0.0151,0.0400,+0.0,+0.0000,NONE,RUNNING
"=""2026-08-09 15:10:12""",64809,589252,0,589252,50000,+0.0150,0.0400,+0.0,+0.0000,NONE,RUNNING
"=""2026-08-09 15:10:13""",64809,576605,0,576605,50000,+0.0150,0.0400,+0.0,+0.0000,NONE,RUNNING
"=""2026-08-09 15:10:14""",64809,563959,0,563959,50000,-0.0005,0.0400,+0.0,+0.0000,NONE,RUNNING
"=""2026-08-09 15:10:15""",64809,486509,0,486509,50000,-0.0006,0.0400,+0.0,+0.0000,NONE,RUNNING
"=""2026-08-09 15:10:16""",64809,473863,0,473863,50000,-0.0006,0.0400,+0.0,+0.0000,NONE,RUNNING
"=""2026-08-09 15:10:17""",64809,414257,0,414257,50000,-0.0006,0.0400,+0.0,+0.0000,NONE,RUNNING
"=""2026-08-09 15:10:18""",64809,401611,0,401611,50000,-0.0006,0.0400,+0.0,+0.0000,NONE,RUNNING
"=""2026-08-09 15:10:19""",64809,324161,0,324161,50000,-0.0006,0.0400,+0.0,+0.0000,NONE,RUNNING
"=""2026-08-09 15:10:20""",64809,311515,0,311515,50000,-0.0006,0.0400,+0.0,+0.0000,NONE,RUNNING
"=""2026-08-09 15:10:21""",64809,267120,33017,234103,50000,-0.0006,0.0400,+0.0,+0.0000,NONE,RUNNING
"=""2026-08-09 15:10:22""",64809,254474,33017,221456,50000,-0.0007,0.0400,+0.0,+0.0000,NONE,RUNNING
"=""2026-08-09 15:10:23""",64809,204204,33017,171187,50000,-0.0007,0.0400,+0.0,+0.0000,NONE,RUNNING
"=""2026-08-09 15:10:24""",64809,191556,33017,158539,50000,-0.0007,0.0400,+0.0,+0.0000,NONE,RUNNING
"=""2026-08-09 15:10:25""",64809,114099,33017,81081,50000,-0.0007,0.0400,+0.0,+0.0000,NONE,RUNNING
"=""2026-08-09 15:10:26""",64809,101451,33017,68434,50000,-0.0006,0.0400,+0.0,+0.0000,NONE,RUNNING
"=""2026-08-09 15:10:27""",64809,88803,33017,55786,50000,-0.0006,0.0400,+0.0,+0.0000,NONE,RUNNING
"=""2026-08-09 15:10:28""",64809,76156,33017,43138,50000,-0.0006,0.0400,+0.0,+0.0000,NONE,RUNNING
"=""2026-08-09 15:10:29""",64809,63508,33017,30491,50000,-0.0007,0.0400,+0.0,+0.0000,NONE,RUNNING
"=""2026-08-09 15:10:30""",64809,50860,33017,17843,50000,+0.0033,0.0400,+0.0,+0.0000,NONE,RUNNING
"=""2026-08-09 15:10:31""",64809,50860,33017,17843,50000,+0.0033,0.0400,+0.0,+0.0000,NONE,RUNNING
"=""2026-08-09 15:10:32""",64809,50860,33017,17843,50000,+0.0033,0.0400,+0.0,+0.0000,NONE,RUNNING
"=""2026-08-09 15:10:33""",64809,50860,33017,17843,50000,+0.0033,0.0400,+0.0,+0.0000,NONE,RUNNING
"=""2026-08-09 15:10:34""",64809,50860,33017,17843,50000,+0.0033,0.0400,+0.0,+0.0000,NONE,RUNNING
"=""2026-08-09 15:10:35""",64809,50860,33017,17843,50000,+0.0027,0.0400,+0.0,+0.0000,NONE,RUNNING
"=""2026-08-09 15:10:36""",64809,50860,33017,17843,50000,+0.0028,0.0400,+0.0,+0.0000,NONE,RUNNING
"=""2026-08-09 15:10:37""",64809,50860,33017,17843,50000,+0.0028,0.0400,+0.0,+0.0000,NONE,RUNNING
"=""2026-08-09 15:10:38""",64809,50860,33017,17843,50000,+0.0028,0.0400,+0.0,+0.0000,NONE,RUNNING
"=""2026-08-09 15:10:39""",64809,50860,33017,17843,50000,+0.0009,0.0400,+0.0,+0.0000,NONE,RUNNING
"=""2026-08-09 15:10:40""",64809,50860,33017,17843,50000,+0.0009,0.0400,+0.0,+0.0000,NONE,RUNNING
"=""2026-08-09 15:10:41""",64809,50860,33017,17843,50000,+0.0009,0.0400,+0.0,+0.0000,NONE,RUNNING
"=""2026-08-09 15:10:42""",64809,50860,33017,17843,50000,+0.0009,0.0400,+0.0,+0.0000,NONE,RUNNING
"=""2026-08-09 15:10:43""",64809,50860,33017,17843,50000,+0.0009,0.0400,+0.0,+0.0000,NONE,RUNNING
"=""2026-08-09 15:10:44""",64809,50860,33017,17843,50000,+0.0009,0.0400,+0.0,+0.0000,NONE,RUNNING
"=""2026-08-09 15:10:45""",64809,50860,33017,17843,50000,+0.0014,0.0400,+0.0,+0.0000,NONE,RUNNING
"=""2026-08-09 15:10:46""",64809,50860,33017,17843,50000,+0.0016,0.0400,+0.0,+0.0000,NONE,RUNNING
"=""2026-08-09 15:10:47""",64809,50860,33017,17843,50000,+0.0016,0.0400,+0.0,+0.0000,NONE,RUNNING
"=""2026-08-09 15:10:48""",64809,50860,33017,17843,50000,+0.0016,0.0400,+0.0,+0.0000,NONE,RUNNING
"=""2026-08-09 15:10:49""",64809,50860,33017,17843,50000,+0.0016,0.0400,+0.0,+0.0000,NONE,RUNNING
"=""2026-08-09 15:10:50""",64809,50860,33017,17843,50000,+0.0016,0.0400,+0.0,+0.0000,NONE,RUNNING
"=""2026-08-09 15:10:51""",64809,50860,33017,17843,50000,+0.0016,0.0400,+0.0,+0.0000,NONE,RUNNING
"=""2026-08-09 15:10:52""",64809,50860,33017,17843,50000,+0.0017,0.0400,+0.0,+0.0000,NONE,RUNNING
"=""2026-08-09 15:10:53""",64809,50860,33017,17843,50000,+0.0017,0.0400,+0.0,+0.0000,NONE,RUNNING
"=""2026-08-09 15:10:54""",64809,50860,33017,17843,50000,+0.0017,0.0400,+0.0,+0.0000,NONE,RUNNING
"=""2026-08-09 15:11:54""",64809,457180,457180,0,50000,+0.0025,0.0400,+0.0,+0.0000,NONE,RUNNING
"=""2026-08-09 15:12:54""",64804,380297,380297,0,50000,+0.0004,0.0400,+0.0,+0.0000,NONE,RUNNING
"=""2026-08-09 15:13:54""",64804,180681,180681,0,50000,-0.0039,0.0400,+0.0,+0.0000,NONE,RUNNING
"=""2026-08-09 15:14:54""",64815,958950,0,958950,50000,-0.0071,0.0400,+0.0,+0.0000,NONE,RUNNING
"=""2026-08-09 15:15:54""",64815,0,0,0,50000,+0.0009,0.0400,+0.0,+0.0000,NONE,RUNNING
"=""2026-08-09 15:16:54""",64816,187160,0,187160,50000,-0.0017,0.0400,+0.0,+0.0000,NONE,RUNNING
"=""2026-08-09 15:17:54""",64821,0,0,0,50000,-0.0063,0.0400,+0.0,+0.0000,NONE,RUNNING
"=""2026-08-09 15:18:55""",64821,0,0,0,50000,+0.0026,0.0400,+0.0,+0.0000,NONE,RUNNING
"=""2026-08-09 15:19:55""",64821,0,0,0,50000,+0.0016,0.0400,+0.0,+0.0000,NONE,RUNNING
"=""2026-08-09 15:20:55""",64838,11789,11789,0,50000,-0.0539,0.0400,+0.0,+0.0000,NONE,RUNNING
"=""2026-08-09 15:21:55""",64838,0,0,0,50000,-0.0008,0.0400,+0.0,+0.0000,NONE,RUNNING
"=""2026-08-09 15:22:55""",64841,0,0,0,50000,-0.0015,0.0400,+0.0,+0.0000,NONE,RUNNING
"=""2026-08-09 15:23:55""",64841,19999,0,19999,50000,-0.0014,0.0400,+0.0,+0.0000,NONE,RUNNING
"=""2026-08-09 15:24:55""",64841,711921,244722,467198,50000,+0.0013,0.0400,+0.0,+0.0000,NONE,RUNNING
"=""2026-08-09 15:25:55""",64841,12028,12028,0,50000,-0.0036,0.0400,+0.0,+0.0000,NONE,RUNNING
"=""2026-08-09 15:26:55""",64841,0,0,0,50000,+0.0039,0.0400,+0.0,+0.0000,NONE,RUNNING
"=""2026-08-09 15:27:55""",64841,0,0,0,50000,+0.0021,0.0400,+0.0,+0.0000,NONE,RUNNING
"=""2026-08-09 15:28:55""",64841,95314,95314,0,50000,+0.0008,0.0400,+0.0,+0.0000,NONE,RUNNING
"=""2026-08-09 15:29:55""",64841,0,0,0,50000,-0.0013,0.0400,+0.0,+0.0000,NONE,RUNNING
"=""2026-08-09 15:30:55""",64847,86681,0,86681,50000,-0.0056,0.0400,+0.0,+0.0000,NONE,RUNNING
"=""2026-08-09 15:31:55""",64847,39645,0,39645,50000,-0.0064,0.0400,+0.0,+0.0000,NONE,RUNNING
"=""2026-08-09 15:32:55""",64847,25956,0,25956,50000,+0.0010,0.0400,+0.0,+0.0000,NONE,RUNNING
"=""2026-08-09 15:33:55""",64850,55192,0,55192,50000,+0.0102,0.0400,+0.0,+0.0000,NONE,RUNNING
"=""2026-08-09 15:34:55""",64850,224373,0,224373,50000,-0.0010,0.0400,+0.0,+0.0000,NONE,RUNNING
"=""2026-08-09 15:35:55""",64860,11133,0,11133,50000,-0.0036,0.0400,+0.0,+0.0000,NONE,RUNNING
"=""2026-08-09 15:36:56""",64860,28083,0,28083,50000,+0.0001,0.0400,+0.0,+0.0000,NONE,RUNNING
"=""2026-08-09 15:37:56""",64860,0,0,0,50000,+0.0001,0.0400,+0.0,+0.0000,NONE,RUNNING
"=""2026-08-09 15:38:56""",64860,36922,0,36922,50000,-0.0006,0.0400,+0.0,+0.0000,NONE,RUNNING
"=""2026-08-09 15:39:56""",64862,25824,0,25824,50000,-0.0106,0.0400,+0.0,+0.0000,NONE,RUNNING
"=""2026-08-09 15:40:56""",64862,37458,0,37458,50000,+0.0006,0.0400,+0.0,+0.0000,NONE,RUNNING
"=""2026-08-09 15:41:56""",64862,100866,100866,0,50000,+0.0104,0.0400,+0.0,+0.0000,NONE,RUNNING
"=""2026-08-09 15:42:56""",64862,86209,71433,14775,50000,-0.0017,0.0400,+0.0,+0.0000,NONE,RUNNING
"=""2026-08-09 15:43:56""",64859,279605,254930,24675,50000,+0.0008,0.0400,+0.0,+0.0000,NONE,RUNNING
"=""2026-08-09 15:44:56""",64867,1012488,0,1012488,50000,-0.0015,0.0400,+0.0,+0.0000,NONE,RUNNING
"=""2026-08-09 15:45:56""",64867,65006,0,65006,50000,+0.0029,0.0400,+0.0,+0.0000,NONE,RUNNING
"=""2026-08-09 15:46:56""",64867,99135,55026,44109,50000,-0.0014,0.0400,+0.0,+0.0000,NONE,RUNNING
"=""2026-08-09 15:47:56""",64867,125007,125007,0,50000,+0.0045,0.0400,+0.0,+0.0000,NONE,RUNNING
"=""2026-08-09 15:48:56""",64860,250713,250713,0,50000,+0.0014,0.0400,+0.0,+0.0000,NONE,RUNNING
"=""2026-08-09 15:49:56""",64860,484364,484364,0,50000,-0.0028,0.0400,+0.0,+0.0000,NONE,RUNNING
"=""2026-08-09 15:50:56""",64860,19491,19491,0,50000,-0.0015,0.0400,+0.0,+0.0000,NONE,RUNNING
"=""2026-08-09 15:51:56""",64860,11249,0,11249,50000,+0.0016,0.0400,+0.0,+0.0000,NONE,RUNNING
"=""2026-08-09 15:52:56""",64860,0,0,0,50000,-0.0009,0.0400,+0.0,+0.0000,NONE,RUNNING
"=""2026-08-09 15:53:56""",64860,0,0,0,50000,+0.0004,0.0400,+0.0,+0.0000,NONE,RUNNING
"=""2026-08-09 15:54:56""",64857,130272,119897,10375,50000,-0.0015,0.0400,+0.0,+0.0000,NONE,RUNNING
"=""2026-08-09 15:55:57""",64857,15576,15576,0,50000,-0.0156,0.0400,+0.0,+0.0000,NONE,RUNNING
"=""2026-08-09 15:56:57""",64857,12971,12971,0,50000,-0.0077,0.0400,+0.0,+0.0000,NONE,RUNNING
"=""2026-08-09 15:57:57""",64857,32428,32428,0,50000,+0.0004,0.0400,+0.0,+0.0000,NONE,RUNNING
"=""2026-08-09 15:58:57""",64857,0,0,0,50000,+0.0032,0.0400,+0.0,+0.0000,NONE,RUNNING
"=""2026-08-09 15:59:57""",64849,1545538,1217792,327745,50000,+0.0165,0.0400,+0.0,+0.0000,NONE,RUNNING
"=""2026-08-09 16:00:39""",64850,1217792,1217792,0,50000,+0.0206,0.0400,+0.0,+0.0000,NONE,RUNNING
"=""2026-08-09 16:00:40""",64850,1217792,1217792,0,50000,+0.0206,0.0400,+0.0,+0.0000,NONE,RUNNING
"=""2026-08-09 16:00:41""",64850,1217792,1217792,0,50000,+0.0206,0.0400,+0.0,+0.0000,NONE,RUNNING
"=""2026-08-09 16:00:42""",64850,1217792,1217792,0,50000,+0.0206,0.0400,+0.0,+0.0000,NONE,RUNNING
"=""2026-08-09 16:00:43""",64850,1217792,1217792,0,50000,+0.0208,0.0400,+0.0,+0.0000,NONE,RUNNING
"=""2026-08-09 16:00:44""",64849,1217792,1217792,0,50000,+0.0208,0.0400,+0.0,+0.0000,NONE,RUNNING
"=""2026-08-09 16:00:45""",64849,1217792,1217792,0,50000,+0.0210,0.0400,+0.0,+0.0000,NONE,RUNNING
"=""2026-08-09 16:00:46""",64850,1217792,1217792,0,50000,+0.0210,0.0400,+0.0,+0.0000,NONE,RUNNING
"=""2026-08-09 16:00:47""",64850,1217792,1217792,0,50000,+0.0210,0.0400,+0.0,+0.0000,NONE,RUNNING
"=""2026-08-09 16:00:48""",64850,1217792,1217792,0,50000,+0.0210,0.0400,+0.0,+0.0000,NONE,RUNNING
"=""2026-08-09 16:00:49""",64849,1217792,1217792,0,50000,+0.0211,0.0400,+0.0,+0.0000,NONE,RUNNING
"=""2026-08-09 16:00:50""",64850,1217792,1217792,0,50000,+0.0200,0.0400,+0.0,+0.0000,NONE,RUNNING
"=""2026-08-09 16:00:51""",64849,1217792,1217792,0,50000,+0.0200,0.0400,+0.0,+0.0000,NONE,RUNNING
"=""2026-08-09 16:00:52""",64849,0,0,0,50000,+0.0209,0.0400,+0.0,+0.0000,NONE,RUNNING
"=""2026-08-09 16:00:53""",64850,0,0,0,50000,+0.0209,0.0400,+0.0,+0.0000,NONE,RUNNING
"=""2026-08-09 16:00:54""",64850,0,0,0,50000,-0.0012,0.0400,+0.0,+0.0000,NONE,RUNNING
"=""2026-08-09 16:00:55""",64850,0,0,0,50000,-0.0012,0.0400,+0.0,+0.0000,NONE,RUNNING
"=""2026-08-09 16:00:56""",64850,0,0,0,50000,-0.0012,0.0400,+0.0,+0.0000,NONE,RUNNING
"=""2026-08-09 16:00:57""",64849,0,0,0,50000,-0.0012,0.0400,+0.0,+0.0000,NONE,RUNNING
"=""2026-08-09 16:00:58""",64850,0,0,0,50000,-0.0012,0.0400,+0.0,+0.0000,NONE,RUNNING
"=""2026-08-09 16:00:59""",64850,0,0,0,50000,-0.0012,0.0400,+0.0,+0.0000,NONE,RUNNING
"=""2026-08-09 16:01:00""",64849,0,0,0,50000,-0.0011,0.0400,+0.0,+0.0000,NONE,RUNNING
"=""2026-08-09 16:01:01""",64850,0,0,0,50000,-0.0010,0.0400,+0.0,+0.0000,NONE,RUNNING
"=""2026-08-09 16:01:02""",64850,0,0,0,50000,-0.0010,0.0400,+0.0,+0.0000,NONE,RUNNING
"=""2026-08-09 16:01:03""",64850,0,0,0,50000,-0.0010,0.0400,+0.0,+0.0000,NONE,RUNNING
"=""2026-08-09 16:01:04""",64849,0,0,0,50000,-0.0010,0.0400,+0.0,+0.0000,NONE,RUNNING
"=""2026-08-09 16:01:05""",64849,0,0,0,50000,-0.0010,0.0400,+0.0,+0.0000,NONE,RUNNING
"=""2026-08-09 16:01:06""",64850,0,0,0,50000,-0.0010,0.0400,+0.0,+0.0000,NONE,RUNNING
"=""2026-08-09 16:01:07""",64849,0,0,0,50000,-0.0010,0.0400,+0.0,+0.0000,NONE,RUNNING
"=""2026-08-09 16:01:08""",64849,0,0,0,50000,-0.0010,0.0400,+0.0,+0.0000,NONE,RUNNING
"=""2026-08-09 16:01:09""",64849,0,0,0,50000,-0.0011,0.0400,+0.0,+0.0000,NONE,RUNNING
"=""2026-08-09 16:01:10""",64849,0,0,0,50000,-0.0010,0.0400,+0.0,+0.0000,NONE,RUNNING
"=""2026-08-09 16:01:11""",64849,0,0,0,50000,-0.0009,0.0400,+0.0,+0.0000,NONE,RUNNING
"=""2026-08-09 16:01:12""",64849,0,0,0,50000,-0.0009,0.0400,+0.0,+0.0000,NONE,RUNNING
"=""2026-08-09 16:01:13""",64849,0,0,0,50000,-0.0009,0.0400,+0.0,+0.0000,NONE,RUNNING
"=""2026-08-09 16:01:14""",64849,0,0,0,50000,-0.0009,0.0400,+0.0,+0.0000,NONE,RUNNING
"=""2026-08-09 16:01:15""",64850,0,0,0,50000,-0.0017,0.0400,+0.0,+0.0000,NONE,RUNNING
"=""2026-08-09 16:01:16""",64850,0,0,0,50000,-0.0017,0.0400,+0.0,+0.0000,NONE,RUNNING
"=""2026-08-09 16:01:17""",64850,0,0,0,50000,-0.0018,0.0400,+0.0,+0.0000,NONE,RUNNING
"=""2026-08-09 16:01:18""",64850,0,0,0,50000,-0.0018,0.0400,+0.0,+0.0000,NONE,RUNNING
"=""2026-08-09 16:01:19""",64850,0,0,0,50000,-0.0013,0.0400,+0.0,+0.0000,NONE,RUNNING
"=""2026-08-09 16:01:20""",64849,0,0,0,50000,-0.0013,0.0400,+0.0,+0.0000,NONE,RUNNING
"=""2026-08-09 16:01:21""",64850,0,0,0,50000,-0.0013,0.0400,+0.0,+0.0000,NONE,RUNNING
"=""2026-08-09 16:01:22""",64850,0,0,0,50000,-0.0013,0.0400,+0.0,+0.0000,NONE,RUNNING
"=""2026-08-09 16:01:23""",64850,0,0,0,50000,-0.0010,0.0400,+0.0,+0.0000,NONE,RUNNING
"=""2026-08-09 16:01:24""",64850,0,0,0,50000,-0.0010,0.0400,+0.0,+0.0000,NONE,RUNNING
"=""2026-08-09 16:01:25""",64850,0,0,0,50000,-0.0010,0.0400,+0.0,+0.0000,NONE,RUNNING
"=""2026-08-09 16:01:26""",64849,0,0,0,50000,-0.0011,0.0400,+0.0,+0.0000,NONE,RUNNING
"=""2026-08-09 16:01:27""",64849,0,0,0,50000,-0.0011,0.0400,+0.0,+0.0000,NONE,RUNNING
"=""2026-08-09 16:01:28""",64850,0,0,0,50000,-0.0011,0.0400,+0.0,+0.0000,NONE,RUNNING
"=""2026-08-09 16:01:29""",64850,0,0,0,50000,-0.0011,0.0400,+0.0,+0.0000,NONE,RUNNING
"=""2026-08-09 16:01:30""",64850,0,0,0,50000,-0.0016,0.0400,+0.0,+0.0000,NONE,RUNNING
"=""2026-08-09 16:01:31""",64850,0,0,0,50000,-0.0016,0.0400,+0.0,+0.0000,NONE,RUNNING
"=""2026-08-09 16:01:32""",64849,0,0,0,50000,-0.0019,0.0400,+0.0,+0.0000,NONE,RUNNING
"=""2026-08-09 16:01:33""",64849,0,0,0,50000,-0.0019,0.0400,+0.0,+0.0000,NONE,RUNNING
"=""2026-08-09 16:01:34""",64849,0,0,0,50000,-0.0076,0.0400,+0.0,+0.0000,NONE,RUNNING
"=""2026-08-09 16:01:35""",64850,0,0,0,50000,-0.0076,0.0400,+0.0,+0.0000,NONE,RUNNING
"=""2026-08-09 16:01:36""",64850,0,0,0,50000,-0.0076,0.0400,+0.0,+0.0000,NONE,RUNNING
"=""2026-08-09 16:01:37""",64849,0,0,0,50000,-0.0076,0.0400,+0.0,+0.0000,NONE,RUNNING
"=""2026-08-09 16:01:38""",64849,0,0,0,50000,-0.0077,0.0400,+0.0,+0.0000,NONE,RUNNING
"=""2026-08-09 16:01:39""",64850,0,0,0,50000,-0.0078,0.0400,+0.0,+0.0000,NONE,RUNNING
"=""2026-08-09 16:01:40""",64850,0,0,0,50000,-0.0078,0.0400,+0.0,+0.0000,NONE,RUNNING
"=""2026-08-09 16:01:41""",64850,0,0,0,50000,-0.0078,0.0400,+0.0,+0.0000,NONE,RUNNING
"=""2026-08-09 16:01:42""",64850,0,0,0,50000,-0.0077,0.0400,+0.0,+0.0000,NONE,RUNNING
"=""2026-08-09 16:01:43""",64850,0,0,0,50000,-0.0077,0.0400,+0.0,+0.0000,NONE,RUNNING
"=""2026-08-09 16:01:44""",64850,0,0,0,50000,-0.0079,0.0400,+0.0,+0.0000,NONE,RUNNING
"=""2026-08-09 16:01:45""",64850,0,0,0,50000,-0.0079,0.0400,+0.0,+0.0000,NONE,RUNNING
"=""2026-08-09 16:01:46""",64850,0,0,0,50000,-0.0078,0.0400,+0.0,+0.0000,NONE,RUNNING
"=""2026-08-09 16:01:47""",64850,0,0,0,50000,-0.0078,0.0400,+0.0,+0.0000,NONE,RUNNING
"=""2026-08-09 16:01:48""",64850,0,0,0,50000,-0.0078,0.0400,+0.0,+0.0000,NONE,RUNNING
"=""2026-08-09 16:01:49""",64850,0,0,0,50000,-0.0078,0.0400,+0.0,+0.0000,NONE,RUNNING
"=""2026-08-09 16:01:50""",64850,0,0,0,50000,-0.0068,0.0400,+0.0,+0.0000,NONE,RUNNING
"=""2026-08-09 16:01:51""",64850,0,0,0,50000,-0.0068,0.0400,+0.0,+0.0000,NONE,RUNNING
"=""2026-08-09 16:02:51""",64849,11351,11351,0,50000,+0.0021,0.0400,+0.0,+0.0000,NONE,RUNNING
"=""2026-08-09 16:03:51""",64850,64849,64849,0,50000,-0.0015,0.0400,+0.0,+0.0000,NONE,RUNNING
"=""2026-08-09 16:04:51""",64854,1449104,865180,583924,50000,-0.0079,0.0400,+0.0,+0.0000,NONE,RUNNING
"=""2026-08-09 16:05:51""",64848,305438,305438,0,50000,-0.0059,0.0400,+0.0,+0.0000,NONE,RUNNING
"=""2026-08-09 16:06:52""",64848,0,0,0,50000,+0.0006,0.0400,+0.0,+0.0000,NONE,RUNNING
"=""2026-08-09 16:07:52""",64848,37073,0,37073,50000,+0.0023,0.0400,+0.0,+0.0000,NONE,RUNNING
"=""2026-08-09 16:08:52""",64860,527040,0,527040,50000,-0.0060,0.0400,+0.0,+0.0000,NONE,RUNNING
"=""2026-08-09 16:09:52""",64860,395516,385514,10002,50000,-0.0001,0.0400,+0.0,+0.0000,NONE,RUNNING
"=""2026-08-09 16:10:52""",64860,1633532,378602,1254929,50000,-0.0092,0.0400,+0.0,+0.0000,NONE,RUNNING
"=""2026-08-09 16:11:52""",64853,271350,133469,137880,50000,-0.0052,0.0400,+0.0,+0.0000,NONE,RUNNING
"=""2026-08-09 16:12:52""",64853,344341,205350,138991,50000,-0.0074,0.0400,+0.0,+0.0000,NONE,RUNNING
"=""2026-08-09 16:13:52""",64858,123363,0,123363,50000,-0.0005,0.0400,+0.0,+0.0000,NONE,RUNNING
"=""2026-08-09 16:14:52""",64853,1020020,853595,166424,50000,-0.0013,0.0400,+0.0,+0.0000,NONE,RUNNING
"=""2026-08-09 16:15:52""",64853,317631,159131,158499,50000,+0.0050,0.0400,+0.0,+0.0000,NONE,RUNNING
"=""2026-08-09 16:16:52""",64849,704216,657877,46339,50000,+0.0007,0.0400,+0.0,+0.0000,NONE,RUNNING
"=""2026-08-09 16:17:52""",64849,46380,0,46380,50000,+0.0062,0.0400,+0.0,+0.0000,NONE,RUNNING
"=""2026-08-09 16:18:52""",64850,202390,0,202390,50000,-0.0163,0.0400,+0.0,+0.0000,NONE,RUNNING
"=""2026-08-09 16:19:52""",64850,384161,0,384161,50000,+0.0002,0.0400,+0.0,+0.0000,NONE,RUNNING
"=""2026-08-09 16:20:52""",64849,27213,27213,0,50000,+0.0062,0.0400,+0.0,+0.0000,NONE,RUNNING
"=""2026-08-09 16:21:52""",64848,154372,154372,0,50000,-0.0085,0.0400,+0.0,+0.0000,NONE,RUNNING
"=""2026-08-09 16:22:52""",64848,0,0,0,50000,-0.0003,0.0400,+0.0,+0.0000,NONE,RUNNING
"=""2026-08-09 16:23:53""",64845,242521,15562,226958,50000,-0.0011,0.0400,+0.0,+0.0000,NONE,RUNNING
"=""2026-08-09 16:24:53""",64844,33838,33838,0,50000,-0.0143,0.0400,+0.0,+0.0000,NONE,RUNNING
"=""2026-08-09 16:25:53""",64844,10375,10375,0,50000,+0.0005,0.0400,+0.0,+0.0000,NONE,RUNNING
"=""2026-08-09 16:26:53""",64840,139512,139512,0,50000,-0.0052,0.0400,+0.0,+0.0000,NONE,RUNNING
"=""2026-08-09 16:27:53""",64840,0,0,0,50000,+0.0001,0.0400,+0.0,+0.0000,NONE,RUNNING
"=""2026-08-09 16:28:53""",64840,14755,14755,0,50000,-0.0005,0.0400,+0.0,+0.0000,NONE,RUNNING
"=""2026-08-09 16:29:53""",64840,451707,451707,0,50000,-0.0005,0.0400,+0.0,+0.0000,NONE,RUNNING
"=""2026-08-09 16:30:53""",64840,10374,10374,0,50000,+0.0018,0.0400,+0.0,+0.0000,NONE,RUNNING
"=""2026-08-09 16:31:53""",64840,0,0,0,50000,-0.0034,0.0400,+0.0,+0.0000,NONE,RUNNING
"=""2026-08-09 16:32:53""",64840,0,0,0,50000,-0.0008,0.0400,+0.0,+0.0000,NONE,RUNNING
"=""2026-08-09 16:33:53""",64842,100882,0,100882,50000,-0.0087,0.0400,+0.0,+0.0000,NONE,RUNNING
"=""2026-08-09 16:34:53""",64835,1450830,1431377,19452,50000,-0.0015,0.0400,+0.0,+0.0000,NONE,RUNNING
"=""2026-08-09 16:35:53""",64835,58044,58044,0,50000,+0.0019,0.0400,+0.0,+0.0000,NONE,RUNNING
"=""2026-08-09 16:36:53""",64835,0,0,0,50000,+0.0035,0.0400,+0.0,+0.0000,NONE,RUNNING
"=""2026-08-09 16:37:53""",64835,0,0,0,50000,-0.0022,0.0400,+0.0,+0.0000,NONE,RUNNING
"=""2026-08-09 16:38:53""",64835,0,0,0,50000,+0.0002,0.0400,+0.0,+0.0000,NONE,RUNNING
"=""2026-08-09 16:39:53""",64835,1822565,563541,1259024,50000,-0.0033,0.0400,+0.0,+0.0000,NONE,RUNNING
"=""2026-08-09 16:40:54""",64835,0,0,0,50000,-0.0001,0.0400,+0.0,+0.0000,NONE,RUNNING
"=""2026-08-09 16:41:54""",64835,99999,99999,0,50000,-0.0017,0.0400,+0.0,+0.0000,NONE,RUNNING
"=""2026-08-09 16:42:54""",64835,0,0,0,50000,-0.0024,0.0400,+0.0,+0.0000,NONE,RUNNING
"=""2026-08-09 16:43:54""",64835,0,0,0,50000,-0.0012,0.0400,+0.0,+0.0000,NONE,RUNNING
"=""2026-08-09 16:44:54""",64840,1537195,0,1537195,50000,-0.0015,0.0400,+0.0,+0.0000,NONE,RUNNING
"=""2026-08-09 16:45:54""",64829,1299132,1299132,0,50000,+0.0118,0.0400,+0.0,+0.0000,NONE,RUNNING
"=""2026-08-09 16:46:54""",64830,446075,65963,380111,50000,-0.0116,0.0400,+0.0,+0.0000,NONE,RUNNING
"=""2026-08-09 16:47:54""",64830,0,0,0,50000,-0.0001,0.0400,+0.0,+0.0000,NONE,RUNNING
"=""2026-08-09 16:48:54""",64830,0,0,0,50000,-0.0006,0.0400,+0.0,+0.0000,NONE,RUNNING
"=""2026-08-09 16:49:54""",64830,540221,540221,0,50000,-0.0004,0.0400,+0.0,+0.0000,NONE,RUNNING
"=""2026-08-09 16:50:54""",64830,23845,23845,0,50000,-0.0014,0.0400,+0.0,+0.0000,NONE,RUNNING
"=""2026-08-09 16:51:54""",64830,61610,0,61610,50000,+0.0019,0.0400,+0.0,+0.0000,NONE,RUNNING
"=""2026-08-09 16:52:54""",64830,0,0,0,50000,-0.0019,0.0400,+0.0,+0.0000,NONE,RUNNING
"=""2026-08-09 16:53:54""",64830,0,0,0,50000,-0.0021,0.0400,+0.0,+0.0000,NONE,RUNNING
"=""2026-08-09 16:54:54""",64826,851801,851801,0,50000,-0.0036,0.0400,+0.0,+0.0000,NONE,RUNNING
"=""2026-08-09 16:55:54""",64826,0,0,0,50000,-0.0005,0.0400,+0.0,+0.0000,NONE,RUNNING
"=""2026-08-09 16:56:54""",64826,89619,77791,11828,50000,-0.0013,0.0400,+0.0,+0.0000,NONE,RUNNING
"=""2026-08-09 16:57:54""",64826,29886,29886,0,50000,-0.0009,0.0400,+0.0,+0.0000,NONE,RUNNING
"=""2026-08-09 16:58:54""",64826,41232,0,41232,50000,+0.0014,0.0400,+0.0,+0.0000,NONE,RUNNING
"=""2026-08-09 16:59:54""",64826,259304,0,259304,50000,-0.0078,0.0400,+0.0,+0.0000,NONE,RUNNING
"=""2026-08-09 17:00:46""",64834,134560,0,134560,50000,-0.0209,0.0400,+0.0,+0.0000,NONE,RUNNING
"=""2026-08-09 17:00:47""",64834,134560,0,134560,50000,-0.0209,0.0400,+0.0,+0.0000,NONE,RUNNING
"=""2026-08-09 17:00:48""",64834,134560,0,134560,50000,-0.0213,0.0400,+0.0,+0.0000,NONE,RUNNING
"=""2026-08-09 17:00:49""",64834,134560,0,134560,50000,-0.0213,0.0400,+0.0,+0.0000,NONE,RUNNING
"=""2026-08-09 17:00:50""",64833,134560,0,134560,50000,-0.0212,0.0400,+0.0,+0.0000,NONE,RUNNING
"=""2026-08-09 17:00:51""",64833,134560,0,134560,50000,-0.0212,0.0400,+0.0,+0.0000,NONE,RUNNING
"=""2026-08-09 17:00:52""",64833,134560,0,134560,50000,-0.0212,0.0400,+0.0,+0.0000,NONE,RUNNING
"=""2026-08-09 17:00:53""",64834,134560,0,134560,50000,-0.0214,0.0400,+0.0,+0.0000,NONE,RUNNING
"=""2026-08-09 17:00:54""",64834,134560,0,134560,50000,-0.0214,0.0400,+0.0,+0.0000,NONE,RUNNING
"=""2026-08-09 17:00:55""",64834,134560,0,134560,50000,-0.0220,0.0400,+0.0,+0.0000,NONE,RUNNING
"=""2026-08-09 17:00:56""",64833,134560,0,134560,50000,-0.0220,0.0400,+0.0,+0.0000,NONE,RUNNING
"=""2026-08-09 17:00:57""",64834,134560,0,134560,50000,-0.0220,0.0400,+0.0,+0.0000,NONE,RUNNING
"=""2026-08-09 17:00:58""",64834,134560,0,134560,50000,-0.0217,0.0400,+0.0,+0.0000,NONE,RUNNING
"=""2026-08-09 17:00:59""",64834,134560,0,134560,50000,-0.0213,0.0400,+0.0,+0.0000,NONE,RUNNING
"=""2026-08-09 17:01:00""",64834,134560,0,134560,50000,-0.0213,0.0400,+0.0,+0.0000,NONE,RUNNING
"=""2026-08-09 17:01:01""",64833,134560,0,134560,50000,-0.0213,0.0400,+0.0,+0.0000,NONE,RUNNING
"=""2026-08-09 17:01:02""",64833,134560,0,134560,50000,-0.0213,0.0400,+0.0,+0.0000,NONE,RUNNING
"=""2026-08-09 17:01:03""",64834,134560,0,134560,50000,-0.0213,0.0400,+0.0,+0.0000,NONE,RUNNING
"=""2026-08-09 17:01:04""",64834,134560,0,134560,50000,-0.0213,0.0400,+0.0,+0.0000,NONE,RUNNING
"=""2026-08-09 17:01:05""",64834,134560,0,134560,50000,-0.0213,0.0400,+0.0,+0.0000,NONE,RUNNING
"=""2026-08-09 17:01:06""",64834,134560,0,134560,50000,-0.0214,0.0400,+0.0,+0.0000,NONE,RUNNING
"=""2026-08-09 17:01:07""",64834,134560,0,134560,50000,-0.0213,0.0400,+0.0,+0.0000,NONE,RUNNING
"=""2026-08-09 17:01:08""",64834,134560,0,134560,50000,-0.0202,0.0400,+0.0,+0.0000,NONE,RUNNING
"=""2026-08-09 17:01:09""",64834,134560,0,134560,50000,-0.0202,0.0400,+0.0,+0.0000,NONE,RUNNING
"=""2026-08-09 17:01:10""",64834,134560,0,134560,50000,-0.0249,0.0400,+0.0,+0.0000,NONE,RUNNING
"=""2026-08-09 17:01:11""",64833,134560,0,134560,50000,-0.0248,0.0400,+0.0,+0.0000,NONE,RUNNING
"=""2026-08-09 17:01:12""",64834,134560,0,134560,50000,-0.0248,0.0400,+0.0,+0.0000,NONE,RUNNING
"=""2026-08-09 17:01:13""",64834,134560,0,134560,50000,-0.0249,0.0400,+0.0,+0.0000,NONE,RUNNING
"=""2026-08-09 17:01:14""",64834,179757,0,179757,50000,-0.0249,0.0400,+0.0,+0.0000,NONE,RUNNING
"=""2026-08-09 17:01:15""",64836,179757,0,179757,50000,-0.0248,0.0400,+0.0,+0.0000,NONE,RUNNING
"=""2026-08-09 17:01:16""",64836,179757,0,179757,50000,-0.0248,0.0400,+0.0,+0.0000,NONE,RUNNING
"=""2026-08-09 17:01:17""",64835,179757,0,179757,50000,-0.0247,0.0400,+0.0,+0.0000,NONE,RUNNING
"=""2026-08-09 17:01:18""",64836,179757,0,179757,50000,-0.0247,0.0400,+0.0,+0.0000,NONE,RUNNING
"=""2026-08-09 17:01:19""",64836,179757,0,179757,50000,-0.0232,0.0400,+0.0,+0.0000,NONE,RUNNING
"=""2026-08-09 17:01:20""",64835,179757,0,179757,50000,-0.0232,0.0400,+0.0,+0.0000,NONE,RUNNING
"=""2026-08-09 17:01:21""",64836,179757,0,179757,50000,-0.0232,0.0400,+0.0,+0.0000,NONE,RUNNING
"=""2026-08-09 17:01:22""",64836,179757,0,179757,50000,-0.0229,0.0400,+0.0,+0.0000,NONE,RUNNING
"=""2026-08-09 17:01:23""",64835,179757,0,179757,50000,-0.0229,0.0400,+0.0,+0.0000,NONE,RUNNING
"=""2026-08-09 17:01:24""",64836,179757,0,179757,50000,-0.0201,0.0400,+0.0,+0.0000,NONE,RUNNING
"=""2026-08-09 17:01:25""",64836,179757,0,179757,50000,-0.0201,0.0400,+0.0,+0.0000,NONE,RUNNING
"=""2026-08-09 17:01:26""",64836,179757,0,179757,50000,-0.0201,0.0400,+0.0,+0.0000,NONE,RUNNING
"=""2026-08-09 17:01:27""",64835,179757,0,179757,50000,-0.0201,0.0400,+0.0,+0.0000,NONE,RUNNING
"=""2026-08-09 17:01:28""",64836,57718,0,57718,50000,-0.0197,0.0400,+0.0,+0.0000,NONE,RUNNING
"=""2026-08-09 17:01:29""",64836,57718,0,57718,50000,-0.0197,0.0400,+0.0,+0.0000,NONE,RUNNING
"=""2026-08-09 17:01:30""",64836,57718,0,57718,50000,-0.0196,0.0400,+0.0,+0.0000,NONE,RUNNING
"=""2026-08-09 17:01:31""",64836,57718,0,57718,50000,-0.0192,0.0400,+0.0,+0.0000,NONE,RUNNING
"=""2026-08-09 17:01:32""",64836,57718,0,57718,50000,-0.0192,0.0400,+0.0,+0.0000,NONE,RUNNING
"=""2026-08-09 17:01:33""",64836,45197,0,45197,50000,-0.0120,0.0400,+0.0,+0.0000,NONE,RUNNING
"=""2026-08-09 17:01:34""",64835,45197,0,45197,50000,-0.0122,0.0400,+0.0,+0.0000,NONE,RUNNING
"=""2026-08-09 17:01:35""",64836,45197,0,45197,50000,-0.0122,0.0400,+0.0,+0.0000,NONE,RUNNING
"=""2026-08-09 17:01:36""",64836,45197,0,45197,50000,-0.0046,0.0400,+0.0,+0.0000,NONE,RUNNING
"=""2026-08-09 17:01:37""",64835,45197,0,45197,50000,-0.0045,0.0400,+0.0,+0.0000,NONE,RUNNING
"=""2026-08-09 17:01:38""",64847,45197,0,45197,50000,-0.0028,0.0400,+0.0,+0.0000,NONE,RUNNING
"=""2026-08-09 17:01:39""",64847,45197,0,45197,50000,-0.0028,0.0400,+0.0,+0.0000,NONE,RUNNING
"=""2026-08-09 17:01:40""",64847,45197,0,45197,50000,-0.0006,0.0400,+0.0,+0.0000,NONE,RUNNING
"=""2026-08-09 17:01:41""",64847,45197,0,45197,50000,-0.0006,0.0400,+0.0,+0.0000,NONE,RUNNING
"=""2026-08-09 17:01:42""",64847,45197,0,45197,50000,-0.0006,0.0400,+0.0,+0.0000,NONE,RUNNING
"=""2026-08-09 17:01:43""",64847,45197,0,45197,50000,-0.0006,0.0400,+0.0,+0.0000,NONE,RUNNING
"=""2026-08-09 17:01:44""",64854,45197,0,45197,50000,-0.0010,0.0400,+0.0,+0.0000,NONE,RUNNING
"=""2026-08-09 17:01:45""",64854,45197,0,45197,50000,-0.0010,0.0400,+0.0,+0.0000,NONE,RUNNING
"=""2026-08-09 17:01:46""",64854,45197,0,45197,50000,-0.0010,0.0400,+0.0,+0.0000,NONE,RUNNING
"=""2026-08-09 17:01:47""",64854,45197,0,45197,50000,-0.0010,0.0400,+0.0,+0.0000,NONE,RUNNING
"=""2026-08-09 17:01:48""",64853,45197,0,45197,50000,-0.0005,0.0400,+0.0,+0.0000,NONE,RUNNING
"=""2026-08-09 17:01:49""",64853,45197,0,45197,50000,-0.0007,0.0400,+0.0,+0.0000,NONE,RUNNING
"=""2026-08-09 17:01:50""",64853,45197,0,45197,50000,-0.0007,0.0400,+0.0,+0.0000,NONE,RUNNING
"=""2026-08-09 17:01:51""",64854,45197,0,45197,50000,-0.0007,0.0400,+0.0,+0.0000,NONE,RUNNING
"=""2026-08-09 17:01:52""",64854,45197,0,45197,50000,-0.0007,0.0400,+0.0,+0.0000,NONE,RUNNING
"=""2026-08-09 17:01:54""",64853,56829,0,56829,50000,-0.0015,0.0400,+0.0,+0.0000,NONE,RUNNING
"=""2026-08-09 17:01:55""",64857,56829,0,56829,50000,-0.0010,0.0400,+0.0,+0.0000,NONE,RUNNING
"=""2026-08-09 17:01:56""",64857,56829,0,56829,50000,-0.0010,0.0400,+0.0,+0.0000,NONE,RUNNING
"=""2026-08-09 17:01:57""",64857,56829,0,56829,50000,-0.0014,0.0400,+0.0,+0.0000,NONE,RUNNING
"=""2026-08-09 17:01:58""",64857,56829,0,56829,50000,-0.0014,0.0400,+0.0,+0.0000,NONE,RUNNING
"=""2026-08-09 17:01:59""",64857,56829,0,56829,50000,-0.0014,0.0400,+0.0,+0.0000,NONE,RUNNING
"=""2026-08-09 17:02:00""",64857,56829,0,56829,50000,-0.0014,0.0400,+0.0,+0.0000,NONE,RUNNING
"=""2026-08-09 17:02:01""",64857,56829,0,56829,50000,-0.0014,0.0400,+0.0,+0.0000,NONE,RUNNING
"=""2026-08-09 17:02:02""",64857,56829,0,56829,50000,-0.0014,0.0400,+0.0,+0.0000,NONE,RUNNING
"=""2026-08-09 17:02:03""",64863,77514,0,77514,50000,-0.0021,0.0400,+0.0,+0.0000,NONE,RUNNING
"=""2026-08-09 17:02:04""",64863,77514,0,77514,50000,-0.0021,0.0400,+0.0,+0.0000,NONE,RUNNING
"=""2026-08-09 17:02:05""",64862,77514,0,77514,50000,-0.0016,0.0400,+0.0,+0.0000,NONE,RUNNING
"=""2026-08-09 17:02:06""",64863,77514,0,77514,50000,-0.0016,0.0400,+0.0,+0.0000,NONE,RUNNING
"=""2026-08-09 17:02:07""",64863,77514,0,77514,50000,-0.0017,0.0400,+0.0,+0.0000,NONE,RUNNING
"=""2026-08-09 17:02:08""",64862,77514,0,77514,50000,-0.0017,0.0400,+0.0,+0.0000,NONE,RUNNING
"=""2026-08-09 17:02:09""",64863,77514,0,77514,50000,-0.0039,0.0400,+0.0,+0.0000,NONE,RUNNING
"=""2026-08-09 17:02:10""",64864,77514,0,77514,50000,+0.0007,0.0400,+0.0,+0.0000,NONE,RUNNING
"=""2026-08-09 17:02:11""",64864,77514,0,77514,50000,+0.0007,0.0400,+0.0,+0.0000,NONE,RUNNING
"=""2026-08-09 17:02:12""",64864,77514,0,77514,50000,+0.0007,0.0400,+0.0,+0.0000,NONE,RUNNING
"=""2026-08-09 17:02:13""",64864,77514,0,77514,50000,+0.0008,0.0400,+0.0,+0.0000,NONE,RUNNING
"=""2026-08-09 17:02:14""",64864,77514,0,77514,50000,+0.0008,0.0400,+0.0,+0.0000,NONE,RUNNING
"=""2026-08-09 17:02:15""",64864,32317,0,32317,50000,+0.0008,0.0400,+0.0,+0.0000,NONE,RUNNING
"=""2026-08-09 17:02:16""",64864,32317,0,32317,50000,+0.0007,0.0400,+0.0,+0.0000,NONE,RUNNING
"=""2026-08-09 17:02:17""",64864,32317,0,32317,50000,+0.0007,0.0400,+0.0,+0.0000,NONE,RUNNING
"=""2026-08-09 17:02:18""",64864,32317,0,32317,50000,-0.0004,0.0400,+0.0,+0.0000,NONE,RUNNING
"=""2026-08-09 17:02:19""",64864,32317,0,32317,50000,-0.0004,0.0400,+0.0,+0.0000,NONE,RUNNING
"=""2026-08-09 17:02:20""",64864,32317,0,32317,50000,-0.0019,0.0400,+0.0,+0.0000,NONE,RUNNING
"=""2026-08-09 17:02:21""",64869,32317,0,32317,50000,-0.0019,0.0400,+0.0,+0.0000,NONE,RUNNING
"=""2026-08-09 17:02:22""",64869,32317,0,32317,50000,-0.0022,0.0400,+0.0,+0.0000,NONE,RUNNING
"=""2026-08-09 17:02:23""",64869,32317,0,32317,50000,-0.0004,0.0400,+0.0,+0.0000,NONE,RUNNING
"=""2026-08-09 17:02:24""",64869,32317,0,32317,50000,-0.0004,0.0400,+0.0,+0.0000,NONE,RUNNING
"=""2026-08-09 17:02:25""",64869,32317,0,32317,50000,-0.0005,0.0400,+0.0,+0.0000,NONE,RUNNING
"=""2026-08-09 17:02:26""",64869,32317,0,32317,50000,-0.0005,0.0400,+0.0,+0.0000,NONE,RUNNING
"=""2026-08-09 17:02:27""",64869,32317,0,32317,50000,-0.0029,0.0400,+0.0,+0.0000,NONE,RUNNING
"=""2026-08-09 17:03:27""",64873,156239,46279,109959,50000,-0.0089,0.0400,+0.0,+0.0000,NONE,RUNNING
"=""2026-08-09 17:04:14""",64880,137969,23053,114915,50000,-0.0215,0.0400,+0.0,+0.0000,NONE,RUNNING
"=""2026-08-09 17:04:15""",64879,137969,23053,114915,50000,-0.0215,0.0400,+0.0,+0.0000,NONE,RUNNING
"=""2026-08-09 17:04:16""",64880,137969,23053,114915,50000,-0.0215,0.0400,+0.0,+0.0000,NONE,RUNNING
"=""2026-08-09 17:04:17""",64880,137969,23053,114915,50000,-0.0215,0.0400,+0.0,+0.0000,NONE,RUNNING
"=""2026-08-09 17:04:18""",64880,137969,23053,114915,50000,-0.0215,0.0400,+0.0,+0.0000,NONE,RUNNING
"=""2026-08-09 17:04:19""",64880,88411,23053,65358,50000,-0.0211,0.0400,+0.0,+0.0000,NONE,RUNNING
"=""2026-08-09 17:04:20""",64885,88411,23053,65358,50000,-0.0211,0.0400,+0.0,+0.0000,NONE,RUNNING
"=""2026-08-09 17:04:21""",64885,88411,23053,65358,50000,-0.0214,0.0400,+0.0,+0.0000,NONE,RUNNING
"=""2026-08-09 17:04:22""",64885,88411,23053,65358,50000,-0.0023,0.0400,+0.0,+0.0000,NONE,RUNNING
"=""2026-08-09 17:04:23""",64885,88411,23053,65358,50000,-0.0037,0.0400,+0.0,+0.0000,NONE,RUNNING
"=""2026-08-09 17:04:24""",64885,88411,23053,65358,50000,-0.0037,0.0400,+0.0,+0.0000,NONE,RUNNING
"=""2026-08-09 17:04:25""",64885,88411,23053,65358,50000,-0.0037,0.0400,+0.0,+0.0000,NONE,RUNNING
"=""2026-08-09 17:04:26""",64885,88411,23053,65358,50000,-0.0037,0.0400,+0.0,+0.0000,NONE,RUNNING
"=""2026-08-09 17:04:27""",64885,88411,23053,65358,50000,-0.0008,0.0400,+0.0,+0.0000,NONE,RUNNING
"=""2026-08-09 17:04:28""",64885,88411,23053,65358,50000,-0.0008,0.0400,+0.0,+0.0000,NONE,RUNNING
"=""2026-08-09 17:04:29""",64885,65358,0,65358,50000,-0.0023,0.0400,+0.0,+0.0000,NONE,RUNNING
"=""2026-08-09 17:04:30""",64885,65358,0,65358,50000,-0.0058,0.0400,+0.0,+0.0000,NONE,RUNNING
"=""2026-08-09 17:04:31""",64885,65358,0,65358,50000,-0.0058,0.0400,+0.0,+0.0000,NONE,RUNNING
"=""2026-08-09 17:04:32""",64885,65358,0,65358,50000,-0.0075,0.0400,+0.0,+0.0000,NONE,RUNNING
"=""2026-08-09 17:04:33""",64885,33236,0,33236,50000,-0.0050,0.0400,+0.0,+0.0000,NONE,RUNNING
"=""2026-08-09 17:04:34""",64885,33236,0,33236,50000,-0.0050,0.0400,+0.0,+0.0000,NONE,RUNNING
"=""2026-08-09 17:04:35""",64885,47950,0,47950,50000,-0.0050,0.0400,+0.0,+0.0000,NONE,RUNNING
"=""2026-08-09 17:04:36""",64891,47950,0,47950,50000,-0.0023,0.0400,+0.0,+0.0000,NONE,RUNNING
"=""2026-08-09 17:04:37""",64893,47950,0,47950,50000,-0.0024,0.0400,+0.0,+0.0000,NONE,RUNNING
"=""2026-08-09 17:04:38""",64893,47950,0,47950,50000,-0.0024,0.0400,+0.0,+0.0000,NONE,RUNNING
"=""2026-08-09 17:04:39""",64893,47950,0,47950,50000,-0.0020,0.0400,+0.0,+0.0000,NONE,RUNNING
"=""2026-08-09 17:04:40""",64894,47950,0,47950,50000,-0.0019,0.0400,+0.0,+0.0000,NONE,RUNNING
"=""2026-08-09 17:04:41""",64894,47950,0,47950,50000,-0.0019,0.0400,+0.0,+0.0000,NONE,RUNNING
"=""2026-08-09 17:04:42""",64894,6102504,1038436,5064068,50000,-0.0026,0.0400,+0.0,+0.0000,NONE,RUNNING
"=""2026-08-09 17:04:43""",64930,6117101,1053032,5064068,50000,-0.0024,0.0400,+0.0,+0.0000,NONE,RUNNING
"=""2026-08-09 17:04:44""",64930,6117101,1053032,5064068,50000,-0.0024,0.0400,+0.0,+0.0000,NONE,RUNNING
"=""2026-08-09 17:04:45""",64930,6117101,1053032,5064068,50000,+0.0294,0.0400,+0.0,+0.0000,NONE,RUNNING
"=""2026-08-09 17:04:46""",64930,6117101,1053032,5064068,50000,+0.0294,0.0400,+0.0,+0.0000,NONE,RUNNING
"=""2026-08-09 17:04:47""",64930,6117101,1053032,5064068,50000,+0.0294,0.0400,+0.0,+0.0000,NONE,RUNNING
"=""2026-08-09 17:04:48""",64930,6117101,1053032,5064068,50000,+0.0323,0.0400,+0.0,+0.0000,NONE,RUNNING
"=""2026-08-09 17:04:49""",64930,6117101,1053032,5064068,50000,+0.0318,0.0400,+0.0,+0.0000,NONE,RUNNING
"=""2026-08-09 17:04:50""",64930,6117101,1053032,5064068,50000,+0.0318,0.0400,+0.0,+0.0000,NONE,RUNNING
"=""2026-08-09 17:04:51""",64930,6117101,1053032,5064068,50000,+0.0318,0.0400,+0.0,+0.0000,NONE,RUNNING
"=""2026-08-09 17:04:52""",64930,6117101,1053032,5064068,50000,+0.0306,0.0400,+0.0,+0.0000,NONE,RUNNING
"=""2026-08-09 17:04:53""",64930,6117101,1053032,5064068,50000,+0.0304,0.0400,+0.0,+0.0000,NONE,RUNNING
"=""2026-08-09 17:04:54""",64930,6117101,1053032,5064068,50000,+0.0304,0.0400,+0.0,+0.0000,NONE,RUNNING
"=""2026-08-09 17:04:55""",64930,6117101,1053032,5064068,50000,+0.0286,0.0400,+0.0,+0.0000,NONE,RUNNING
"=""2026-08-09 17:04:56""",64930,6117101,1053032,5064068,50000,+0.0286,0.0400,+0.0,+0.0000,NONE,RUNNING
"=""2026-08-09 17:04:57""",64930,6117101,1053032,5064068,50000,+0.0286,0.0400,+0.0,+0.0000,NONE,RUNNING
"=""2026-08-09 17:04:58""",64930,6117101,1053032,5064068,50000,+0.0286,0.0400,+0.0,+0.0000,NONE,RUNNING
"=""2026-08-09 17:04:59""",64930,6117101,1053032,5064068,50000,+0.0283,0.0400,+0.0,+0.0000,NONE,RUNNING
"=""2026-08-09 17:05:00""",64930,6117101,1053032,5064068,50000,+0.0283,0.0400,+0.0,+0.0000,NONE,RUNNING
"=""2026-08-09 17:05:01""",64930,6146077,1053032,5093044,50000,+0.0279,0.0400,+0.0,+0.0000,NONE,RUNNING
"=""2026-08-09 17:05:02""",64930,6146077,1053032,5093044,50000,+0.0279,0.0400,+0.0,+0.0000,NONE,RUNNING
"=""2026-08-09 17:05:03""",64930,6146077,1053032,5093044,50000,+0.0317,0.0400,+0.0,+0.0000,NONE,RUNNING
"=""2026-08-09 17:05:04""",64930,6146077,1053032,5093044,50000,+0.0317,0.0400,+0.0,+0.0000,NONE,RUNNING
"=""2026-08-09 17:05:05""",64930,6146077,1053032,5093044,50000,+0.0344,0.0400,+0.0,+0.0000,NONE,RUNNING
"=""2026-08-09 17:05:06""",64930,6146077,1053032,5093044,50000,+0.0337,0.0400,+0.0,+0.0000,NONE,RUNNING
"=""2026-08-09 17:05:07""",64930,6112840,1053032,5059807,50000,+0.0337,0.0400,+0.0,+0.0000,NONE,RUNNING
"=""2026-08-09 17:05:08""",64930,6112840,1053032,5059807,50000,+0.0336,0.0400,+0.0,+0.0000,NONE,RUNNING
"=""2026-08-09 17:05:09""",64930,6112840,1053032,5059807,50000,+0.0330,0.0400,+0.0,+0.0000,NONE,RUNNING
"=""2026-08-09 17:05:10""",64930,6112840,1053032,5059807,50000,+0.0330,0.0400,+0.0,+0.0000,NONE,RUNNING
"=""2026-08-09 17:05:11""",64930,6112840,1053032,5059807,50000,+0.0331,0.0400,+0.0,+0.0000,NONE,RUNNING
"=""2026-08-09 17:05:12""",64930,6129073,1053032,5076040,50000,+0.0331,0.0400,+0.0,+0.0000,NONE,RUNNING
"=""2026-08-09 17:05:13""",64930,6129073,1053032,5076040,50000,+0.0331,0.0400,+0.0,+0.0000,NONE,RUNNING
"=""2026-08-09 17:05:14""",64930,6129073,1053032,5076040,50000,+0.0331,0.0400,+0.0,+0.0000,NONE,RUNNING
"=""2026-08-09 17:05:15""",64930,6129073,1053032,5076040,50000,+0.0364,0.0400,+0.0,+0.0000,NONE,RUNNING
"=""2026-08-09 17:05:16""",64930,6129073,1053032,5076040,50000,+0.0364,0.0400,+0.0,+0.0000,NONE,RUNNING
"=""2026-08-09 17:05:18""",64930,6129073,1053032,5076040,50000,+0.0364,0.0400,+0.0,+0.0000,NONE,RUNNING
"=""2026-08-09 17:05:19""",64930,6129073,1053032,5076040,50000,+0.0364,0.0400,+0.0,+0.0000,NONE,RUNNING
"=""2026-08-09 17:05:20""",64930,6129073,1053032,5076040,50000,+0.0368,0.0400,+0.0,+0.0000,NONE,RUNNING
"=""2026-08-09 17:05:21""",64930,6129073,1053032,5076040,50000,+0.0370,0.0400,+0.0,+0.0000,NONE,RUNNING
"=""2026-08-09 17:05:22""",64930,6129073,1053032,5076040,50000,+0.0373,0.0400,+0.0,+0.0000,NONE,RUNNING
"=""2026-08-09 17:05:23""",64930,6129073,1053032,5076040,50000,+0.0373,0.0400,+0.0,+0.0000,NONE,RUNNING
"=""2026-08-09 17:05:24""",64930,6129073,1053032,5076040,50000,+0.0387,0.0400,+0.0,+0.0000,NONE,RUNNING
"=""2026-08-09 17:05:25""",64930,6129073,1053032,5076040,50000,+0.0387,0.0400,+0.0,+0.0000,NONE,RUNNING
"=""2026-08-09 17:05:26""",64930,6129073,1053032,5076040,50000,+0.0387,0.0400,+0.0,+0.0000,NONE,RUNNING
"=""2026-08-09 17:05:27""",64930,6129073,1053032,5076040,50000,+0.0358,0.0400,+0.0,+0.0000,NONE,RUNNING
"=""2026-08-09 17:05:28""",64930,6139462,1063421,5076040,50000,+0.0358,0.0400,+0.0,+0.0000,NONE,RUNNING
"=""2026-08-09 17:05:29""",64930,6139462,1063421,5076040,50000,+0.0357,0.0400,+0.0,+0.0000,NONE,RUNNING
"=""2026-08-09 17:05:30""",64927,6259898,1183858,5076040,50000,+0.0392,0.0400,+0.0,+0.0000,NONE,RUNNING
"=""2026-08-09 17:05:31""",64927,6259898,1183858,5076040,50000,+0.0378,0.0400,+0.0,+0.0000,NONE,RUNNING
"=""2026-08-09 17:05:32""",64927,6259898,1183858,5076040,50000,+0.0378,0.0400,+0.0,+0.0000,NONE,RUNNING
"=""2026-08-09 17:05:33""",64927,6259898,1183858,5076040,50000,+0.0353,0.0400,+0.0,+0.0000,NONE,RUNNING
"=""2026-08-09 17:05:34""",64927,6259898,1183858,5076040,50000,+0.0353,0.0400,+0.0,+0.0000,NONE,RUNNING
"=""2026-08-09 17:05:35""",64927,6259898,1183858,5076040,50000,+0.0353,0.0400,+0.0,+0.0000,NONE,RUNNING
"=""2026-08-09 17:05:36""",64927,6245185,1183858,5061326,50000,+0.0326,0.0400,+0.0,+0.0000,NONE,RUNNING
"=""2026-08-09 17:05:37""",64927,6245185,1183858,5061326,50000,+0.0326,0.0400,+0.0,+0.0000,NONE,RUNNING
"=""2026-08-09 17:05:38""",64927,6245185,1183858,5061326,50000,+0.0326,0.0400,+0.0,+0.0000,NONE,RUNNING
"=""2026-08-09 17:05:39""",64927,6245185,1183858,5061326,50000,+0.0322,0.0400,+0.0,+0.0000,NONE,RUNNING
"=""2026-08-09 17:05:40""",64927,6245185,1183858,5061326,50000,+0.0322,0.0400,+0.0,+0.0000,NONE,RUNNING
"=""2026-08-09 17:05:41""",64927,6245185,1183858,5061326,50000,+0.0318,0.0400,+0.0,+0.0000,NONE,RUNNING
"=""2026-08-09 17:05:42""",64927,6264527,1203200,5061326,50000,+0.0318,0.0400,+0.0,+0.0000,NONE,RUNNING
"=""2026-08-09 17:05:43""",64927,195376,150167,45208,50000,+0.0325,0.0400,+0.0,+0.0000,NONE,RUNNING
"=""2026-08-09 17:05:44""",64927,195376,150167,45208,50000,+0.0331,0.0400,+0.0,+0.0000,NONE,RUNNING
"=""2026-08-09 17:05:45""",64927,195376,150167,45208,50000,+0.0013,0.0400,+0.0,+0.0000,NONE,RUNNING
"=""2026-08-09 17:05:46""",64927,205764,160556,45208,50000,+0.0013,0.0400,+0.0,+0.0000,NONE,RUNNING
"=""2026-08-09 17:05:47""",64927,205764,160556,45208,50000,+0.0013,0.0400,+0.0,+0.0000,NONE,RUNNING
"=""2026-08-09 17:05:48""",64927,205764,160556,45208,50000,-0.0016,0.0400,+0.0,+0.0000,NONE,RUNNING
"=""2026-08-09 17:05:49""",64927,205764,160556,45208,50000,-0.0016,0.0400,+0.0,+0.0000,NONE,RUNNING
"=""2026-08-09 17:05:50""",64927,258663,213454,45208,50000,-0.0010,0.0400,+0.0,+0.0000,NONE,RUNNING
"=""2026-08-09 17:05:51""",64920,258663,213454,45208,50000,-0.0010,0.0400,+0.0,+0.0000,NONE,RUNNING
"=""2026-08-09 17:05:52""",64920,258663,213454,45208,50000,+0.0002,0.0400,+0.0,+0.0000,NONE,RUNNING
"=""2026-08-09 17:05:53""",64920,258663,213454,45208,50000,+0.0002,0.0400,+0.0,+0.0000,NONE,RUNNING
"=""2026-08-09 17:05:54""",64920,258663,213454,45208,50000,+0.0021,0.0400,+0.0,+0.0000,NONE,RUNNING
"=""2026-08-09 17:05:55""",64919,288043,242835,45208,50000,+0.0021,0.0400,+0.0,+0.0000,NONE,RUNNING
"=""2026-08-09 17:05:56""",64919,288043,242835,45208,50000,-0.0019,0.0400,+0.0,+0.0000,NONE,RUNNING
"=""2026-08-09 17:05:57""",64919,288043,242835,45208,50000,-0.0019,0.0400,+0.0,+0.0000,NONE,RUNNING
"=""2026-08-09 17:05:58""",64919,288043,242835,45208,50000,-0.0019,0.0400,+0.0,+0.0000,NONE,RUNNING
"=""2026-08-09 17:05:59""",64919,288043,242835,45208,50000,-0.0019,0.0400,+0.0,+0.0000,NONE,RUNNING
"=""2026-08-09 17:06:00""",64919,288043,242835,45208,50000,-0.0019,0.0400,+0.0,+0.0000,NONE,RUNNING
"=""2026-08-09 17:06:01""",64919,259067,242835,16232,50000,-0.0015,0.0400,+0.0,+0.0000,NONE,RUNNING
"=""2026-08-09 17:06:02""",64919,259067,242835,16232,50000,-0.0007,0.0400,+0.0,+0.0000,NONE,RUNNING
"=""2026-08-09 17:06:03""",64919,259067,242835,16232,50000,-0.0007,0.0400,+0.0,+0.0000,NONE,RUNNING
"=""2026-08-09 17:06:04""",64919,259067,242835,16232,50000,-0.0046,0.0400,+0.0,+0.0000,NONE,RUNNING
"=""2026-08-09 17:06:05""",64918,277105,260872,16232,50000,-0.0046,0.0400,+0.0,+0.0000,NONE,RUNNING
"=""2026-08-09 17:06:06""",64913,277105,260872,16232,50000,+0.0004,0.0400,+0.0,+0.0000,NONE,RUNNING
"=""2026-08-09 17:06:07""",64913,277105,260872,16232,50000,+0.0004,0.0400,+0.0,+0.0000,NONE,RUNNING
"=""2026-08-09 17:06:08""",64913,277105,260872,16232,50000,+0.0004,0.0400,+0.0,+0.0000,NONE,RUNNING
"=""2026-08-09 17:06:09""",64913,277105,260872,16232,50000,+0.0004,0.0400,+0.0,+0.0000,NONE,RUNNING
"=""2026-08-09 17:06:10""",64913,277105,260872,16232,50000,+0.0010,0.0400,+0.0,+0.0000,NONE,RUNNING
"=""2026-08-09 17:06:11""",64913,277105,260872,16232,50000,+0.0010,0.0400,+0.0,+0.0000,NONE,RUNNING
"=""2026-08-09 17:06:12""",64913,277105,260872,16232,50000,-0.0006,0.0400,+0.0,+0.0000,NONE,RUNNING
"=""2026-08-09 17:06:13""",64913,260872,260872,0,50000,-0.0006,0.0400,+0.0,+0.0000,NONE,RUNNING
"=""2026-08-09 17:06:14""",64913,260872,260872,0,50000,-0.0006,0.0400,+0.0,+0.0000,NONE,RUNNING
"=""2026-08-09 17:06:15""",64913,260872,260872,0,50000,-0.0018,0.0400,+0.0,+0.0000,NONE,RUNNING
"=""2026-08-09 17:06:16""",64913,260872,260872,0,50000,-0.0017,0.0400,+0.0,+0.0000,NONE,RUNNING
"=""2026-08-09 17:06:17""",64913,260872,260872,0,50000,-0.0017,0.0400,+0.0,+0.0000,NONE,RUNNING
"=""2026-08-09 17:06:18""",64913,260872,260872,0,50000,-0.0024,0.0400,+0.0,+0.0000,NONE,RUNNING
"=""2026-08-09 17:06:19""",64913,260872,260872,0,50000,-0.0027,0.0400,+0.0,+0.0000,NONE,RUNNING
"=""2026-08-09 17:06:20""",64913,260872,260872,0,50000,-0.0031,0.0400,+0.0,+0.0000,NONE,RUNNING
"=""2026-08-09 17:06:21""",64913,260872,260872,0,50000,-0.0031,0.0400,+0.0,+0.0000,NONE,RUNNING
"=""2026-08-09 17:06:22""",64913,260872,260872,0,50000,-0.0035,0.0400,+0.0,+0.0000,NONE,RUNNING
"=""2026-08-09 17:06:23""",64913,260872,260872,0,50000,-0.0035,0.0400,+0.0,+0.0000,NONE,RUNNING
"=""2026-08-09 17:06:24""",64913,260872,260872,0,50000,-0.0035,0.0400,+0.0,+0.0000,NONE,RUNNING
"=""2026-08-09 17:06:25""",64913,260872,260872,0,50000,-0.0035,0.0400,+0.0,+0.0000,NONE,RUNNING
"=""2026-08-09 17:06:26""",64913,260872,260872,0,50000,-0.0034,0.0400,+0.0,+0.0000,NONE,RUNNING
"=""2026-08-09 17:06:27""",64913,250483,250483,0,50000,-0.0034,0.0400,+0.0,+0.0000,NONE,RUNNING
"=""2026-08-09 17:06:28""",64913,250483,250483,0,50000,-0.0034,0.0400,+0.0,+0.0000,NONE,RUNNING
"=""2026-08-09 17:06:29""",64913,250483,250483,0,50000,-0.0034,0.0400,+0.0,+0.0000,NONE,RUNNING
"=""2026-08-09 17:06:30""",64913,130046,130046,0,50000,-0.0033,0.0400,+0.0,+0.0000,NONE,RUNNING
"=""2026-08-09 17:06:31""",64913,130046,130046,0,50000,-0.0019,0.0400,+0.0,+0.0000,NONE,RUNNING
"=""2026-08-09 17:06:32""",64913,130046,130046,0,50000,-0.0051,0.0400,+0.0,+0.0000,NONE,RUNNING
"=""2026-08-09 17:06:33""",64913,130046,130046,0,50000,-0.0051,0.0400,+0.0,+0.0000,NONE,RUNNING
"=""2026-08-09 17:06:34""",64913,130046,130046,0,50000,-0.0051,0.0400,+0.0,+0.0000,NONE,RUNNING
"=""2026-08-09 17:06:35""",64913,130046,130046,0,50000,-0.0065,0.0400,+0.0,+0.0000,NONE,RUNNING
"=""2026-08-09 17:06:36""",64913,130046,130046,0,50000,-0.0065,0.0400,+0.0,+0.0000,NONE,RUNNING
"=""2026-08-09 17:06:37""",64913,130046,130046,0,50000,-0.0065,0.0400,+0.0,+0.0000,NONE,RUNNING
"=""2026-08-09 17:06:38""",64913,130046,130046,0,50000,-0.0065,0.0400,+0.0,+0.0000,NONE,RUNNING
"=""2026-08-09 17:06:39""",64913,130046,130046,0,50000,-0.0065,0.0400,+0.0,+0.0000,NONE,RUNNING
"=""2026-08-09 17:06:40""",64913,130046,130046,0,50000,-0.0060,0.0400,+0.0,+0.0000,NONE,RUNNING
"=""2026-08-09 17:06:41""",64913,130046,130046,0,50000,-0.0060,0.0400,+0.0,+0.0000,NONE,RUNNING
"=""2026-08-09 17:06:42""",64913,110704,110704,0,50000,-0.0070,0.0400,+0.0,+0.0000,NONE,RUNNING
"=""2026-08-09 17:06:43""",64913,110704,110704,0,50000,-0.0077,0.0400,+0.0,+0.0000,NONE,RUNNING
"=""2026-08-09 17:06:44""",64913,110704,110704,0,50000,-0.0077,0.0400,+0.0,+0.0000,NONE,RUNNING
"=""2026-08-09 17:07:44""",64915,141131,0,141131,50000,-0.0104,0.0400,+0.0,+0.0000,NONE,RUNNING
"=""2026-08-09 17:08:44""",64915,0,0,0,50000,+0.0005,0.0400,+0.0,+0.0000,NONE,RUNNING
"=""2026-08-09 17:09:45""",64915,12396,12396,0,50000,-0.0008,0.0400,+0.0,+0.0000,NONE,RUNNING
"=""2026-08-09 17:10:45""",64926,121224,0,121224,50000,-0.0039,0.0400,+0.0,+0.0000,NONE,RUNNING
"=""2026-08-09 17:11:45""",64926,12985,12985,0,50000,-0.0004,0.0400,+0.0,+0.0000,NONE,RUNNING
"=""2026-08-09 17:12:45""",64922,127840,116541,11299,50000,+0.0110,0.0400,+0.0,+0.0000,NONE,RUNNING
"=""2026-08-09 17:13:45""",64922,44666,25832,18834,50000,+0.0001,0.0400,+0.0,+0.0000,NONE,RUNNING
"=""2026-08-09 17:14:45""",64922,0,0,0,50000,+0.0001,0.0400,+0.0,+0.0000,NONE,RUNNING
"=""2026-08-09 17:15:45""",64925,274141,35027,239114,50000,-0.0068,0.0400,+0.0,+0.0000,NONE,RUNNING
"=""2026-08-09 17:16:45""",64931,361794,43482,318312,50000,+0.0024,0.0400,+0.0,+0.0000,NONE,RUNNING
"=""2026-08-09 17:17:45""",64933,25919,0,25919,50000,-0.0020,0.0400,+0.0,+0.0000,NONE,RUNNING
"=""2026-08-09 17:18:45""",64932,176182,176182,0,50000,-0.0011,0.0400,+0.0,+0.0000,NONE,RUNNING
"=""2026-08-09 17:19:45""",64926,236202,186202,50000,50000,-0.0143,0.0400,+0.0,+0.0000,NONE,RUNNING
"=""2026-08-09 17:20:45""",64923,29212,29212,0,50000,-0.0045,0.0400,+0.0,+0.0000,NONE,RUNNING
"=""2026-08-09 17:21:45""",64913,193113,193113,0,50000,-0.0165,0.0400,+0.0,+0.0000,NONE,RUNNING
"=""2026-08-09 17:22:45""",64912,56148,56148,0,50000,-0.0018,0.0400,+0.0,+0.0000,NONE,RUNNING
"=""2026-08-09 17:23:45""",64910,133650,133650,0,50000,+0.0039,0.0400,+0.0,+0.0000,NONE,RUNNING
"=""2026-08-09 17:24:45""",64906,141982,141982,0,50000,-0.0044,0.0400,+0.0,+0.0000,NONE,RUNNING
"=""2026-08-09 17:25:45""",64903,301487,46558,254928,50000,+0.0039,0.0400,+0.0,+0.0000,NONE,RUNNING
"=""2026-08-09 17:26:45""",64903,0,0,0,50000,+0.0007,0.0400,+0.0,+0.0000,NONE,RUNNING
"=""2026-08-09 17:27:45""",64895,332569,332569,0,50000,-0.0011,0.0400,+0.0,+0.0000,NONE,RUNNING
"=""2026-08-09 17:28:45""",64889,116689,116689,0,50000,-0.0156,0.0400,+0.0,+0.0000,NONE,RUNNING
"=""2026-08-09 17:29:45""",64886,549192,407581,141610,50000,-0.0039,0.0400,+0.0,+0.0000,NONE,RUNNING
"=""2026-08-09 17:30:46""",64889,146403,0,146403,50000,-0.0039,0.0400,+0.0,+0.0000,NONE,RUNNING
"=""2026-08-09 17:31:46""",64889,21357,0,21357,50000,-0.0002,0.0400,+0.0,+0.0000,NONE,RUNNING
"=""2026-08-09 17:32:46""",64893,72950,0,72950,50000,+0.0037,0.0400,+0.0,+0.0000,NONE,RUNNING
"=""2026-08-09 17:33:46""",64893,0,0,0,50000,+0.0091,0.0400,+0.0,+0.0000,NONE,RUNNING
"=""2026-08-09 17:34:46""",64893,0,0,0,50000,+0.0009,0.0400,+0.0,+0.0000,NONE,RUNNING
"=""2026-08-09 17:35:46""",64893,0,0,0,50000,+0.0019,0.0400,+0.0,+0.0000,NONE,RUNNING
"=""2026-08-09 17:36:46""",64893,0,0,0,50000,+0.0007,0.0400,+0.0,+0.0000,NONE,RUNNING
"=""2026-08-09 17:37:46""",64893,0,0,0,50000,+0.0002,0.0400,+0.0,+0.0000,NONE,RUNNING
"=""2026-08-09 17:38:46""",64893,0,0,0,50000,+0.0092,0.0400,+0.0,+0.0000,NONE,RUNNING
"=""2026-08-09 17:39:46""",64860,382116,282146,99969,50000,-0.0164,0.0400,+0.0,+0.0000,NONE,RUNNING
"=""2026-08-09 17:40:46""",64827,299622,299622,0,50000,-0.0133,0.0400,+0.0,+0.0000,NONE,RUNNING
"=""2026-08-09 17:41:46""",64827,0,0,0,50000,+0.0016,0.0400,+0.0,+0.0000,NONE,RUNNING
"=""2026-08-09 17:42:29""",64822,256588,51455,205133,50000,-0.0271,0.0400,+0.0,+0.0000,NONE,RUNNING
"=""2026-08-09 17:42:30""",64822,256588,51455,205133,50000,-0.0271,0.0400,+0.0,+0.0000,NONE,RUNNING
"=""2026-08-09 17:42:31""",64822,256588,51455,205133,50000,-0.0270,0.0400,+0.0,+0.0000,NONE,RUNNING
"=""2026-08-09 17:42:32""",64822,256588,51455,205133,50000,-0.0270,0.0400,+0.0,+0.0000,NONE,RUNNING
"=""2026-08-09 17:42:33""",64822,256588,51455,205133,50000,-0.0276,0.0400,+0.0,+0.0000,NONE,RUNNING
"=""2026-08-09 17:42:34""",64822,256588,51455,205133,50000,-0.0276,0.0400,+0.0,+0.0000,NONE,RUNNING
"=""2026-08-09 17:42:35""",64822,256588,51455,205133,50000,-0.0276,0.0400,+0.0,+0.0000,NONE,RUNNING
"=""2026-08-09 17:42:36""",64822,256588,51455,205133,50000,-0.0278,0.0400,+0.0,+0.0000,NONE,RUNNING
"=""2026-08-09 17:42:37""",64822,256588,51455,205133,50000,-0.0278,0.0400,+0.0,+0.0000,NONE,RUNNING
"=""2026-08-09 17:42:38""",64822,256588,51455,205133,50000,-0.0278,0.0400,+0.0,+0.0000,NONE,RUNNING
"=""2026-08-09 17:42:39""",64822,256588,51455,205133,50000,-0.0340,0.0400,+0.0,+0.0000,NONE,RUNNING
"=""2026-08-09 17:42:40""",64822,256588,51455,205133,50000,-0.0340,0.0400,+0.0,+0.0000,NONE,RUNNING
"=""2026-08-09 17:42:41""",64823,322409,51455,270954,50000,-0.0340,0.0400,+0.0,+0.0000,NONE,RUNNING
"=""2026-08-09 17:42:42""",64823,322409,51455,270954,50000,-0.0338,0.0400,+0.0,+0.0000,NONE,RUNNING
"=""2026-08-09 17:42:43""",64823,322409,51455,270954,50000,-0.0338,0.0400,+0.0,+0.0000,NONE,RUNNING
"=""2026-08-09 17:42:44""",64823,354478,51455,303023,50000,-0.0338,0.0400,+0.0,+0.0000,NONE,RUNNING
"=""2026-08-09 17:42:45""",64823,354478,51455,303023,50000,-0.0350,0.0400,+0.0,+0.0000,NONE,RUNNING
"=""2026-08-09 17:42:46""",64823,354478,51455,303023,50000,-0.0352,0.0400,+0.0,+0.0000,NONE,RUNNING
"=""2026-08-09 17:42:47""",64823,354478,51455,303023,50000,-0.0352,0.0400,+0.0,+0.0000,NONE,RUNNING
"=""2026-08-09 17:42:48""",64823,354478,51455,303023,50000,-0.0315,0.0400,+0.0,+0.0000,NONE,RUNNING
"=""2026-08-09 17:42:49""",64823,354478,51455,303023,50000,-0.0311,0.0400,+0.0,+0.0000,NONE,RUNNING
"=""2026-08-09 17:42:50""",64823,354478,51455,303023,50000,-0.0311,0.0400,+0.0,+0.0000,NONE,RUNNING
"=""2026-08-09 17:42:51""",64823,354478,51455,303023,50000,-0.0311,0.0400,+0.0,+0.0000,NONE,RUNNING
"=""2026-08-09 17:42:52""",64823,354478,51455,303023,50000,-0.0311,0.0400,+0.0,+0.0000,NONE,RUNNING
"=""2026-08-09 17:42:53""",64823,354478,51455,303023,50000,-0.0311,0.0400,+0.0,+0.0000,NONE,RUNNING
"=""2026-08-09 17:42:54""",64823,354478,51455,303023,50000,-0.0310,0.0400,+0.0,+0.0000,NONE,RUNNING
"=""2026-08-09 17:42:55""",64823,354478,51455,303023,50000,-0.0261,0.0400,+0.0,+0.0000,NONE,RUNNING
"=""2026-08-09 17:42:56""",64823,184394,51455,132939,50000,-0.0261,0.0400,+0.0,+0.0000,NONE,RUNNING
"=""2026-08-09 17:42:57""",64823,184394,51455,132939,50000,-0.0257,0.0400,+0.0,+0.0000,NONE,RUNNING
"=""2026-08-09 17:42:58""",64823,184394,51455,132939,50000,-0.0257,0.0400,+0.0,+0.0000,NONE,RUNNING
"=""2026-08-09 17:42:59""",64823,184394,51455,132939,50000,-0.0257,0.0400,+0.0,+0.0000,NONE,RUNNING
"=""2026-08-09 17:43:00""",64823,184394,51455,132939,50000,-0.0257,0.0400,+0.0,+0.0000,NONE,RUNNING
"=""2026-08-09 17:43:01""",64823,149345,51455,97890,50000,-0.0259,0.0400,+0.0,+0.0000,NONE,RUNNING
"=""2026-08-09 17:43:02""",64823,183618,51455,132163,50000,-0.0259,0.0400,+0.0,+0.0000,NONE,RUNNING
"=""2026-08-09 17:43:03""",64823,183618,51455,132163,50000,-0.0250,0.0400,+0.0,+0.0000,NONE,RUNNING
"=""2026-08-09 17:43:04""",64823,183618,51455,132163,50000,-0.0250,0.0400,+0.0,+0.0000,NONE,RUNNING
"=""2026-08-09 17:43:05""",64823,183618,51455,132163,50000,-0.0250,0.0400,+0.0,+0.0000,NONE,RUNNING
"=""2026-08-09 17:43:06""",64823,183618,51455,132163,50000,-0.0250,0.0400,+0.0,+0.0000,NONE,RUNNING
"=""2026-08-09 17:43:07""",64823,183618,51455,132163,50000,-0.0251,0.0400,+0.0,+0.0000,NONE,RUNNING
"=""2026-08-09 17:43:08""",64823,183618,51455,132163,50000,-0.0104,0.0400,+0.0,+0.0000,NONE,RUNNING
"=""2026-08-09 17:43:09""",64823,183618,51455,132163,50000,-0.0105,0.0400,+0.0,+0.0000,NONE,RUNNING
"=""2026-08-09 17:43:10""",64823,183618,51455,132163,50000,-0.0105,0.0400,+0.0,+0.0000,NONE,RUNNING
"=""2026-08-09 17:43:11""",64823,183618,51455,132163,50000,-0.0145,0.0400,+0.0,+0.0000,NONE,RUNNING
"=""2026-08-09 17:43:12""",64823,183618,51455,132163,50000,-0.0145,0.0400,+0.0,+0.0000,NONE,RUNNING
"=""2026-08-09 17:43:13""",64823,183618,51455,132163,50000,-0.0145,0.0400,+0.0,+0.0000,NONE,RUNNING
"=""2026-08-09 17:43:14""",64823,183618,51455,132163,50000,-0.0137,0.0400,+0.0,+0.0000,NONE,RUNNING
"=""2026-08-09 17:43:15""",64823,183618,51455,132163,50000,-0.0137,0.0400,+0.0,+0.0000,NONE,RUNNING
"=""2026-08-09 17:43:16""",64823,183618,51455,132163,50000,-0.0137,0.0400,+0.0,+0.0000,NONE,RUNNING
"=""2026-08-09 17:43:17""",64823,183618,51455,132163,50000,-0.0136,0.0400,+0.0,+0.0000,NONE,RUNNING
"=""2026-08-09 17:43:18""",64823,183618,51455,132163,50000,-0.0135,0.0400,+0.0,+0.0000,NONE,RUNNING
"=""2026-08-09 17:43:19""",64823,183618,51455,132163,50000,-0.0135,0.0400,+0.0,+0.0000,NONE,RUNNING
"=""2026-08-09 17:43:20""",64823,183618,51455,132163,50000,-0.0135,0.0400,+0.0,+0.0000,NONE,RUNNING
"=""2026-08-09 17:43:21""",64823,132163,0,132163,50000,-0.0135,0.0400,+0.0,+0.0000,NONE,RUNNING
"=""2026-08-09 17:43:22""",64823,132163,0,132163,50000,-0.0135,0.0400,+0.0,+0.0000,NONE,RUNNING
"=""2026-08-09 17:43:23""",64823,132163,0,132163,50000,-0.0136,0.0400,+0.0,+0.0000,NONE,RUNNING
"=""2026-08-09 17:43:24""",64823,132163,0,132163,50000,-0.0136,0.0400,+0.0,+0.0000,NONE,RUNNING
"=""2026-08-09 17:43:25""",64823,132163,0,132163,50000,-0.0136,0.0400,+0.0,+0.0000,NONE,RUNNING
"=""2026-08-09 17:43:26""",64823,132163,0,132163,50000,-0.0127,0.0400,+0.0,+0.0000,NONE,RUNNING
"=""2026-08-09 17:43:27""",64823,132163,0,132163,50000,-0.0130,0.0400,+0.0,+0.0000,NONE,RUNNING
"=""2026-08-09 17:43:28""",64823,132163,0,132163,50000,-0.0130,0.0400,+0.0,+0.0000,NONE,RUNNING
"=""2026-08-09 17:43:29""",64823,132163,0,132163,50000,-0.0032,0.0400,+0.0,+0.0000,NONE,RUNNING
"=""2026-08-09 17:43:30""",64823,132163,0,132163,50000,-0.0032,0.0400,+0.0,+0.0000,NONE,RUNNING
"=""2026-08-09 17:43:31""",64823,132163,0,132163,50000,-0.0032,0.0400,+0.0,+0.0000,NONE,RUNNING
"=""2026-08-09 17:43:32""",64823,132163,0,132163,50000,-0.0026,0.0400,+0.0,+0.0000,NONE,RUNNING
"=""2026-08-09 17:43:33""",64823,132163,0,132163,50000,-0.0026,0.0400,+0.0,+0.0000,NONE,RUNNING
"=""2026-08-09 17:43:34""",64823,132163,0,132163,50000,-0.0027,0.0400,+0.0,+0.0000,NONE,RUNNING
"=""2026-08-09 17:43:35""",64823,132163,0,132163,50000,-0.0025,0.0400,+0.0,+0.0000,NONE,RUNNING
"=""2026-08-09 17:43:36""",64823,132163,0,132163,50000,-0.0025,0.0400,+0.0,+0.0000,NONE,RUNNING
"=""2026-08-09 17:43:37""",64823,132163,0,132163,50000,-0.0025,0.0400,+0.0,+0.0000,NONE,RUNNING
"=""2026-08-09 17:43:38""",64823,132163,0,132163,50000,+0.0038,0.0400,+0.0,+0.0000,NONE,RUNNING
"=""2026-08-09 17:43:39""",64823,132163,0,132163,50000,+0.0038,0.0400,+0.0,+0.0000,NONE,RUNNING
"=""2026-08-09 17:43:40""",64823,66342,0,66342,50000,+0.0037,0.0400,+0.0,+0.0000,NONE,RUNNING
"=""2026-08-09 17:43:41""",64823,66342,0,66342,50000,+0.0037,0.0400,+0.0,+0.0000,NONE,RUNNING
"=""2026-08-09 17:43:42""",64822,141330,74988,66342,50000,+0.0034,0.0400,+0.0,+0.0000,NONE,RUNNING
"=""2026-08-09 17:43:43""",64810,109261,74988,34273,50000,+0.0034,0.0400,+0.0,+0.0000,NONE,RUNNING
"=""2026-08-09 17:43:45""",64810,130001,95727,34273,50000,+0.0046,0.0400,+0.0,+0.0000,NONE,RUNNING
"=""2026-08-09 17:43:46""",64810,189892,155619,34273,50000,+0.0046,0.0400,+0.0,+0.0000,NONE,RUNNING
"=""2026-08-09 17:43:47""",64810,189892,155619,34273,50000,+0.0046,0.0400,+0.0,+0.0000,NONE,RUNNING
"=""2026-08-09 17:43:48""",64806,189892,155619,34273,50000,+0.0009,0.0400,+0.0,+0.0000,NONE,RUNNING
"=""2026-08-09 17:43:49""",64806,189892,155619,34273,50000,+0.0014,0.0400,+0.0,+0.0000,NONE,RUNNING
"=""2026-08-09 17:43:50""",64806,189892,155619,34273,50000,+0.0014,0.0400,+0.0,+0.0000,NONE,RUNNING
"=""2026-08-09 17:43:51""",64806,189892,155619,34273,50000,+0.0014,0.0400,+0.0,+0.0000,NONE,RUNNING
"=""2026-08-09 17:43:52""",64806,189892,155619,34273,50000,+0.0139,0.0400,+0.0,+0.0000,NONE,RUNNING
"=""2026-08-09 17:43:53""",64806,189892,155619,34273,50000,+0.0139,0.0400,+0.0,+0.0000,NONE,RUNNING
"=""2026-08-09 17:43:54""",64806,189892,155619,34273,50000,+0.0139,0.0400,+0.0,+0.0000,NONE,RUNNING
"=""2026-08-09 17:43:55""",64806,189892,155619,34273,50000,+0.0137,0.0400,+0.0,+0.0000,NONE,RUNNING
"=""2026-08-09 17:43:56""",64806,189892,155619,34273,50000,+0.0137,0.0400,+0.0,+0.0000,NONE,RUNNING
"=""2026-08-09 17:43:57""",64806,189892,155619,34273,50000,+0.0133,0.0400,+0.0,+0.0000,NONE,RUNNING
"=""2026-08-09 17:43:58""",64806,189892,155619,34273,50000,+0.0133,0.0400,+0.0,+0.0000,NONE,RUNNING
"=""2026-08-09 17:43:59""",64806,189892,155619,34273,50000,+0.0128,0.0400,+0.0,+0.0000,NONE,RUNNING
"=""2026-08-09 17:44:00""",64806,200261,165988,34273,50000,+0.0128,0.0400,+0.0,+0.0000,NONE,RUNNING
"=""2026-08-09 17:44:01""",64806,200261,165988,34273,50000,+0.0128,0.0400,+0.0,+0.0000,NONE,RUNNING
"=""2026-08-09 17:44:02""",64806,200261,165988,34273,50000,+0.0130,0.0400,+0.0,+0.0000,NONE,RUNNING
"=""2026-08-09 17:44:03""",64806,165988,165988,0,50000,+0.0121,0.0400,+0.0,+0.0000,NONE,RUNNING
"=""2026-08-09 17:44:04""",64806,165988,165988,0,50000,+0.0121,0.0400,+0.0,+0.0000,NONE,RUNNING
"=""2026-08-09 17:44:05""",64806,165988,165988,0,50000,+0.0119,0.0400,+0.0,+0.0000,NONE,RUNNING
"=""2026-08-09 17:44:06""",64806,165988,165988,0,50000,+0.0119,0.0400,+0.0,+0.0000,NONE,RUNNING
"=""2026-08-09 17:44:07""",64806,165988,165988,0,50000,+0.0119,0.0400,+0.0,+0.0000,NONE,RUNNING
"=""2026-08-09 17:45:07""",64792,568514,568514,0,50000,+0.0005,0.0400,+0.0,+0.0000,NONE,RUNNING
"=""2026-08-09 17:45:14""",64792,694518,568514,126003,50000,-0.0350,0.0400,+0.0,+0.0000,NONE,RUNNING
"=""2026-08-09 17:45:15""",64792,694518,568514,126003,50000,-0.0350,0.0400,+0.0,+0.0000,NONE,RUNNING
"=""2026-08-09 17:45:16""",64792,663411,537408,126003,50000,-0.0350,0.0400,+0.0,+0.0000,NONE,RUNNING
"=""2026-08-09 17:45:17""",64792,632305,506301,126003,50000,-0.0350,0.0400,+0.0,+0.0000,NONE,RUNNING
"=""2026-08-09 17:45:18""",64793,583883,444087,139796,50000,-0.0350,0.0400,+0.0,+0.0000,NONE,RUNNING
"=""2026-08-09 17:45:19""",64793,583883,444087,139796,50000,-0.0342,0.0400,+0.0,+0.0000,NONE,RUNNING
"=""2026-08-09 17:45:20""",64793,583883,444087,139796,50000,-0.0342,0.0400,+0.0,+0.0000,NONE,RUNNING
"=""2026-08-09 17:45:21""",64793,548531,408735,139796,50000,-0.0360,0.0400,+0.0,+0.0000,NONE,RUNNING
"=""2026-08-09 17:45:22""",64793,548531,408735,139796,50000,-0.0360,0.0400,+0.0,+0.0000,NONE,RUNNING
"=""2026-08-09 17:45:23""",64793,538162,398366,139796,50000,-0.0381,0.0400,+0.0,+0.0000,NONE,RUNNING
"=""2026-08-09 17:45:24""",64793,538162,398366,139796,50000,-0.0381,0.0400,+0.0,+0.0000,NONE,RUNNING
"=""2026-08-09 17:45:25""",64793,538162,398366,139796,50000,-0.0440,0.0400,+0.0,+0.0000,NONE,RUNNING
"=""2026-08-09 17:45:26""",64793,538162,398366,139796,50000,-0.0440,0.0400,+0.0,+0.0000,NONE,RUNNING
"=""2026-08-09 17:45:27""",64793,538162,398366,139796,50000,-0.0440,0.0400,+0.0,+0.0000,NONE,RUNNING
"=""2026-08-09 17:45:28""",64793,538162,398366,139796,50000,-0.0440,0.0400,+0.0,+0.0000,NONE,RUNNING
"=""2026-08-09 17:45:29""",64793,538162,398366,139796,50000,-0.0436,0.0400,+0.0,+0.0000,NONE,RUNNING
"=""2026-08-09 17:45:30""",64793,538162,398366,139796,50000,-0.0436,0.0400,+0.0,+0.0000,NONE,RUNNING
"=""2026-08-09 17:45:31""",64793,525201,385405,139796,50000,-0.0426,0.0400,+0.0,+0.0000,NONE,RUNNING
"=""2026-08-09 17:45:32""",64793,525201,385405,139796,50000,-0.0426,0.0400,+0.0,+0.0000,NONE,RUNNING
"=""2026-08-09 17:45:33""",64793,525201,385405,139796,50000,-0.0426,0.0400,+0.0,+0.0000,NONE,RUNNING
"=""2026-08-09 17:45:34""",64794,525201,385405,139796,50000,-0.0435,0.0400,+0.0,+0.0000,NONE,RUNNING
"=""2026-08-09 17:45:35""",64794,525201,385405,139796,50000,-0.0430,0.0400,+0.0,+0.0000,NONE,RUNNING
"=""2026-08-09 17:45:36""",64794,506395,366599,139796,50000,-0.0435,0.0400,+0.0,+0.0000,NONE,RUNNING
"=""2026-08-09 17:45:37""",64794,506395,366599,139796,50000,-0.0435,0.0400,+0.0,+0.0000,NONE,RUNNING
"=""2026-08-09 17:45:38""",64794,506395,366599,139796,50000,-0.0486,0.0400,+0.0,+0.0000,NONE,RUNNING
"=""2026-08-09 17:45:39""",64794,506395,366599,139796,50000,-0.0495,0.0400,+0.0,+0.0000,NONE,RUNNING
"=""2026-08-09 17:45:40""",64794,467515,327719,139796,50000,-0.0495,0.0400,+0.0,+0.0000,NONE,RUNNING
"=""2026-08-09 17:45:41""",64794,467515,327719,139796,50000,-0.0488,0.0400,+0.0,+0.0000,NONE,RUNNING
"=""2026-08-09 17:45:42""",64794,332731,192935,139796,50000,-0.0488,0.0400,+0.0,+0.0000,NONE,RUNNING
"=""2026-08-09 17:45:43""",64794,190298,50502,139796,50000,-0.0488,0.0400,+0.0,+0.0000,NONE,RUNNING
"=""2026-08-09 17:45:44""",64794,190298,50502,139796,50000,-0.0495,0.0400,+0.0,+0.0000,NONE,RUNNING
"=""2026-08-09 17:45:45""",64794,190298,50502,139796,50000,-0.0495,0.0400,+0.0,+0.0000,NONE,RUNNING
"=""2026-08-09 17:45:46""",64794,190298,50502,139796,50000,-0.0495,0.0400,+0.0,+0.0000,NONE,RUNNING
"=""2026-08-09 17:45:47""",64794,199840,35559,164281,50000,-0.0495,0.0400,+0.0,+0.0000,NONE,RUNNING
"=""2026-08-09 17:45:48""",64797,199840,35559,164281,50000,-0.0495,0.0400,+0.0,+0.0000,NONE,RUNNING
"=""2026-08-09 17:45:49""",64799,239099,35559,203540,50000,-0.0466,0.0400,+0.0,+0.0000,NONE,RUNNING
"=""2026-08-09 17:45:50""",64799,218365,14824,203540,50000,-0.0466,0.0400,+0.0,+0.0000,NONE,RUNNING
"=""2026-08-09 17:45:51""",64799,218365,14824,203540,50000,-0.0474,0.0400,+0.0,+0.0000,NONE,RUNNING
"=""2026-08-09 17:45:52""",64799,218365,14824,203540,50000,-0.0474,0.0400,+0.0,+0.0000,NONE,RUNNING
"=""2026-08-09 17:45:53""",64799,218365,14824,203540,50000,-0.0449,0.0400,+0.0,+0.0000,NONE,RUNNING
"=""2026-08-09 17:45:54""",64799,218365,14824,203540,50000,-0.0450,0.0400,+0.0,+0.0000,NONE,RUNNING
"=""2026-08-09 17:45:55""",64799,218365,14824,203540,50000,-0.0450,0.0400,+0.0,+0.0000,NONE,RUNNING
"=""2026-08-09 17:45:56""",64799,218365,14824,203540,50000,-0.0450,0.0400,+0.0,+0.0000,NONE,RUNNING
"=""2026-08-09 17:45:57""",64799,218365,14824,203540,50000,-0.0450,0.0400,+0.0,+0.0000,NONE,RUNNING
"=""2026-08-09 17:45:58""",64799,218365,14824,203540,50000,-0.0450,0.0400,+0.0,+0.0000,NONE,RUNNING
"=""2026-08-09 17:45:59""",64799,218365,14824,203540,50000,-0.0434,0.0400,+0.0,+0.0000,NONE,RUNNING
"=""2026-08-09 17:46:00""",64799,218365,14824,203540,50000,-0.0434,0.0400,+0.0,+0.0000,NONE,RUNNING
"=""2026-08-09 17:46:01""",64799,203540,0,203540,50000,-0.0429,0.0400,+0.0,+0.0000,NONE,RUNNING
"=""2026-08-09 17:46:02""",64799,203540,0,203540,50000,-0.0461,0.0400,+0.0,+0.0000,NONE,RUNNING
"=""2026-08-09 17:46:03""",64799,203540,0,203540,50000,-0.0461,0.0400,+0.0,+0.0000,NONE,RUNNING
"=""2026-08-09 17:46:04""",64799,203540,0,203540,50000,-0.0496,0.0400,+0.0,+0.0000,NONE,RUNNING
"=""2026-08-09 17:46:05""",64799,277174,73633,203540,50000,-0.0496,0.0400,+0.0,+0.0000,NONE,RUNNING
"=""2026-08-09 17:46:06""",64796,277174,73633,203540,50000,-0.0449,0.0400,+0.0,+0.0000,NONE,RUNNING
"=""2026-08-09 17:46:07""",64796,277174,73633,203540,50000,-0.0449,0.0400,+0.0,+0.0000,NONE,RUNNING
"=""2026-08-09 17:46:08""",64796,277174,73633,203540,50000,-0.0446,0.0400,+0.0,+0.0000,NONE,RUNNING
"=""2026-08-09 17:46:09""",64796,277174,73633,203540,50000,-0.0446,0.0400,+0.0,+0.0000,NONE,RUNNING
"=""2026-08-09 17:46:10""",64796,277174,73633,203540,50000,-0.0446,0.0400,+0.0,+0.0000,NONE,RUNNING
"=""2026-08-09 17:46:11""",64796,151170,73633,77536,50000,-0.0446,0.0400,+0.0,+0.0000,NONE,RUNNING
"=""2026-08-09 17:46:12""",64796,151170,73633,77536,50000,-0.0446,0.0400,+0.0,+0.0000,NONE,RUNNING
"=""2026-08-09 17:46:13""",64796,151170,73633,77536,50000,-0.0541,0.0400,+0.0,+0.0000,NONE,RUNNING
"=""2026-08-09 17:46:14""",64796,151170,73633,77536,50000,-0.0177,0.0400,+0.0,+0.0000,NONE,RUNNING
"=""2026-08-09 17:46:15""",64796,151170,73633,77536,50000,-0.0177,0.0400,+0.0,+0.0000,NONE,RUNNING
"=""2026-08-09 17:46:16""",64796,151170,73633,77536,50000,-0.0177,0.0400,+0.0,+0.0000,NONE,RUNNING
"=""2026-08-09 17:46:17""",64796,137378,73633,63744,50000,-0.0177,0.0400,+0.0,+0.0000,NONE,RUNNING
"=""2026-08-09 17:46:18""",64796,137378,73633,63744,50000,-0.0177,0.0400,+0.0,+0.0000,NONE,RUNNING
"=""2026-08-09 17:46:19""",64796,137378,73633,63744,50000,-0.0178,0.0400,+0.0,+0.0000,NONE,RUNNING
"=""2026-08-09 17:46:20""",64796,137378,73633,63744,50000,-0.0160,0.0400,+0.0,+0.0000,NONE,RUNNING
"=""2026-08-09 17:46:21""",64796,137378,73633,63744,50000,-0.0160,0.0400,+0.0,+0.0000,NONE,RUNNING
"=""2026-08-09 17:46:22""",64796,137378,73633,63744,50000,-0.0160,0.0400,+0.0,+0.0000,NONE,RUNNING
"=""2026-08-09 17:46:23""",64796,137378,73633,63744,50000,-0.0101,0.0400,+0.0,+0.0000,NONE,RUNNING
"=""2026-08-09 17:46:24""",64796,137378,73633,63744,50000,-0.0101,0.0400,+0.0,+0.0000,NONE,RUNNING
"=""2026-08-09 17:46:25""",64796,137378,73633,63744,50000,-0.0101,0.0400,+0.0,+0.0000,NONE,RUNNING
"=""2026-08-09 17:46:26""",64796,224506,73633,150873,50000,-0.0101,0.0400,+0.0,+0.0000,NONE,RUNNING
"=""2026-08-09 17:46:27""",64811,241967,73633,168333,50000,-0.0101,0.0400,+0.0,+0.0000,NONE,RUNNING
"=""2026-08-09 17:46:28""",64815,241967,73633,168333,50000,-0.0047,0.0400,+0.0,+0.0000,NONE,RUNNING
"=""2026-08-09 17:46:30""",64816,241967,73633,168333,50000,-0.0057,0.0400,+0.0,+0.0000,NONE,RUNNING
"=""2026-08-09 17:46:31""",64816,241967,73633,168333,50000,-0.0057,0.0400,+0.0,+0.0000,NONE,RUNNING
"=""2026-08-09 17:46:32""",64816,241967,73633,168333,50000,-0.0036,0.0400,+0.0,+0.0000,NONE,RUNNING
"=""2026-08-09 17:46:33""",64815,241967,73633,168333,50000,-0.0036,0.0400,+0.0,+0.0000,NONE,RUNNING
"=""2026-08-09 17:46:34""",64816,241967,73633,168333,50000,-0.0027,0.0400,+0.0,+0.0000,NONE,RUNNING
"=""2026-08-09 17:46:35""",64815,241967,73633,168333,50000,-0.0027,0.0400,+0.0,+0.0000,NONE,RUNNING
"=""2026-08-09 17:46:36""",64816,241967,73633,168333,50000,-0.0027,0.0400,+0.0,+0.0000,NONE,RUNNING
"=""2026-08-09 17:46:37""",64816,241967,73633,168333,50000,-0.0022,0.0400,+0.0,+0.0000,NONE,RUNNING
"=""2026-08-09 17:46:38""",64816,241967,73633,168333,50000,-0.0023,0.0400,+0.0,+0.0000,NONE,RUNNING
"=""2026-08-09 17:46:39""",64816,241967,73633,168333,50000,-0.0023,0.0400,+0.0,+0.0000,NONE,RUNNING
"=""2026-08-09 17:46:40""",64816,241967,73633,168333,50000,-0.0014,0.0400,+0.0,+0.0000,NONE,RUNNING
"=""2026-08-09 17:46:41""",64816,241967,73633,168333,50000,-0.0014,0.0400,+0.0,+0.0000,NONE,RUNNING
"=""2026-08-09 17:46:42""",64816,241967,73633,168333,50000,-0.0015,0.0400,+0.0,+0.0000,NONE,RUNNING
"=""2026-08-09 17:46:43""",64816,241967,73633,168333,50000,-0.0015,0.0400,+0.0,+0.0000,NONE,RUNNING
"=""2026-08-09 17:46:44""",64816,241967,73633,168333,50000,-0.0016,0.0400,+0.0,+0.0000,NONE,RUNNING
"=""2026-08-09 17:46:45""",64815,241967,73633,168333,50000,-0.0016,0.0400,+0.0,+0.0000,NONE,RUNNING
"=""2026-08-09 17:46:46""",64816,241967,73633,168333,50000,-0.0016,0.0400,+0.0,+0.0000,NONE,RUNNING
"=""2026-08-09 17:46:47""",64816,228195,73633,154561,50000,+0.0012,0.0400,+0.0,+0.0000,NONE,RUNNING
"=""2026-08-09 17:46:48""",64815,217481,73633,143848,50000,+0.0012,0.0400,+0.0,+0.0000,NONE,RUNNING
"=""2026-08-09 17:46:49""",64816,178222,73633,104589,50000,+0.0012,0.0400,+0.0,+0.0000,NONE,RUNNING
"=""2026-08-09 17:46:50""",64815,178222,73633,104589,50000,+0.0012,0.0400,+0.0,+0.0000,NONE,RUNNING
"=""2026-08-09 17:46:51""",64815,178222,73633,104589,50000,+0.0006,0.0400,+0.0,+0.0000,NONE,RUNNING
"=""2026-08-09 17:46:52""",64816,178222,73633,104589,50000,+0.0015,0.0400,+0.0,+0.0000,NONE,RUNNING
"=""2026-08-09 17:46:53""",64816,178222,73633,104589,50000,+0.0015,0.0400,+0.0,+0.0000,NONE,RUNNING
"=""2026-08-09 17:46:54""",64816,178222,73633,104589,50000,+0.0015,0.0400,+0.0,+0.0000,NONE,RUNNING
"=""2026-08-09 17:46:55""",64816,178222,73633,104589,50000,+0.0015,0.0400,+0.0,+0.0000,NONE,RUNNING
"=""2026-08-09 17:46:56""",64816,178222,73633,104589,50000,+0.0015,0.0400,+0.0,+0.0000,NONE,RUNNING
"=""2026-08-09 17:46:57""",64816,178222,73633,104589,50000,+0.0015,0.0400,+0.0,+0.0000,NONE,RUNNING
"=""2026-08-09 17:46:58""",64816,178222,73633,104589,50000,+0.0015,0.0400,+0.0,+0.0000,NONE,RUNNING
"=""2026-08-09 17:46:59""",64816,178222,73633,104589,50000,+0.0004,0.0400,+0.0,+0.0000,NONE,RUNNING
"=""2026-08-09 17:47:00""",64815,178222,73633,104589,50000,+0.0004,0.0400,+0.0,+0.0000,NONE,RUNNING
"=""2026-08-09 17:47:01""",64816,178222,73633,104589,50000,-0.0001,0.0400,+0.0,+0.0000,NONE,RUNNING
"=""2026-08-09 17:47:02""",64815,178222,73633,104589,50000,-0.0009,0.0400,+0.0,+0.0000,NONE,RUNNING
"=""2026-08-09 17:47:03""",64816,178222,73633,104589,50000,-0.0009,0.0400,+0.0,+0.0000,NONE,RUNNING
"=""2026-08-09 17:47:04""",64815,178222,73633,104589,50000,+0.0026,0.0400,+0.0,+0.0000,NONE,RUNNING
"=""2026-08-09 17:47:05""",64816,104589,0,104589,50000,+0.0026,0.0400,+0.0,+0.0000,NONE,RUNNING
"=""2026-08-09 17:47:06""",64816,104589,0,104589,50000,-0.0021,0.0400,+0.0,+0.0000,NONE,RUNNING
"=""2026-08-09 17:47:07""",64816,104589,0,104589,50000,-0.0021,0.0400,+0.0,+0.0000,NONE,RUNNING
"=""2026-08-09 17:47:08""",64816,104589,0,104589,50000,-0.0021,0.0400,+0.0,+0.0000,NONE,RUNNING
"=""2026-08-09 17:47:09""",64815,104589,0,104589,50000,-0.0021,0.0400,+0.0,+0.0000,NONE,RUNNING
"=""2026-08-09 17:47:10""",64816,104589,0,104589,50000,-0.0021,0.0400,+0.0,+0.0000,NONE,RUNNING
"=""2026-08-09 17:47:11""",64816,104589,0,104589,50000,-0.0020,0.0400,+0.0,+0.0000,NONE,RUNNING
"=""2026-08-09 17:47:12""",64816,104589,0,104589,50000,-0.0020,0.0400,+0.0,+0.0000,NONE,RUNNING
"=""2026-08-09 17:47:13""",64816,104589,0,104589,50000,+0.0074,0.0400,+0.0,+0.0000,NONE,RUNNING
"=""2026-08-09 17:48:13""",64808,336814,305439,31374,50000,+0.0019,0.0400,+0.0,+0.0000,NONE,RUNNING
"=""2026-08-09 17:49:13""",64815,302117,13366,288750,50000,+0.0056,0.0400,+0.0,+0.0000,NONE,RUNNING
"=""2026-08-09 17:50:13""",64816,11901,0,11901,50000,-0.0024,0.0400,+0.0,+0.0000,NONE,RUNNING
"=""2026-08-09 17:51:13""",64816,22920,22920,0,50000,-0.0000,0.0400,+0.0,+0.0000,NONE,RUNNING
"=""2026-08-09 17:52:13""",64816,16145,16145,0,50000,+0.0015,0.0400,+0.0,+0.0000,NONE,RUNNING
"=""2026-08-09 17:52:23""",64795,231282,231282,0,50000,+0.0280,0.0400,+0.0,+0.0000,NONE,RUNNING
"=""2026-08-09 17:52:24""",64795,231282,231282,0,50000,+0.0280,0.0400,+0.0,+0.0000,NONE,RUNNING
"=""2026-08-09 17:52:25""",64795,231282,231282,0,50000,+0.0280,0.0400,+0.0,+0.0000,NONE,RUNNING
"=""2026-08-09 17:52:26""",64795,231282,231282,0,50000,+0.0280,0.0400,+0.0,+0.0000,NONE,RUNNING
"=""2026-08-09 17:52:27""",64795,231282,231282,0,50000,+0.0285,0.0400,+0.0,+0.0000,NONE,RUNNING
"=""2026-08-09 17:52:28""",64795,231282,231282,0,50000,+0.0285,0.0400,+0.0,+0.0000,NONE,RUNNING
"=""2026-08-09 17:52:29""",64795,231282,231282,0,50000,+0.0285,0.0400,+0.0,+0.0000,NONE,RUNNING
"=""2026-08-09 17:52:30""",64795,231282,231282,0,50000,+0.0290,0.0400,+0.0,+0.0000,NONE,RUNNING
"=""2026-08-09 17:52:31""",64795,231282,231282,0,50000,+0.0290,0.0400,+0.0,+0.0000,NONE,RUNNING
"=""2026-08-09 17:52:32""",64796,298562,231282,67280,50000,+0.0290,0.0400,+0.0,+0.0000,NONE,RUNNING
"=""2026-08-09 17:52:33""",64801,298562,231282,67280,50000,+0.0290,0.0400,+0.0,+0.0000,NONE,RUNNING
"=""2026-08-09 17:52:34""",64801,298562,231282,67280,50000,+0.0290,0.0400,+0.0,+0.0000,NONE,RUNNING
"=""2026-08-09 17:52:35""",64801,298562,231282,67280,50000,+0.0290,0.0400,+0.0,+0.0000,NONE,RUNNING
"=""2026-08-09 17:52:36""",64801,298562,231282,67280,50000,+0.0200,0.0400,+0.0,+0.0000,NONE,RUNNING
"=""2026-08-09 17:52:37""",64801,298562,231282,67280,50000,+0.0200,0.0400,+0.0,+0.0000,NONE,RUNNING
"=""2026-08-09 17:52:38""",64801,298562,231282,67280,50000,+0.0200,0.0400,+0.0,+0.0000,NONE,RUNNING
"=""2026-08-09 17:52:39""",64801,298562,231282,67280,50000,+0.0200,0.0400,+0.0,+0.0000,NONE,RUNNING
"=""2026-08-09 17:52:40""",64801,298562,231282,67280,50000,+0.0207,0.0400,+0.0,+0.0000,NONE,RUNNING
"=""2026-08-09 17:52:41""",64801,298562,231282,67280,50000,+0.0207,0.0400,+0.0,+0.0000,NONE,RUNNING
"=""2026-08-09 17:52:42""",64801,298562,231282,67280,50000,+0.0207,0.0400,+0.0,+0.0000,NONE,RUNNING
"=""2026-08-09 17:52:43""",64801,298562,231282,67280,50000,+0.0207,0.0400,+0.0,+0.0000,NONE,RUNNING
"=""2026-08-09 17:52:44""",64801,298562,231282,67280,50000,+0.0206,0.0400,+0.0,+0.0000,NONE,RUNNING
"=""2026-08-09 17:52:45""",64801,298562,231282,67280,50000,+0.0206,0.0400,+0.0,+0.0000,NONE,RUNNING
"=""2026-08-09 17:52:46""",64802,298562,231282,67280,50000,+0.0208,0.0400,+0.0,+0.0000,NONE,RUNNING
"=""2026-08-09 17:52:47""",64802,298562,231282,67280,50000,+0.0208,0.0400,+0.0,+0.0000,NONE,RUNNING
"=""2026-08-09 17:52:48""",64801,298562,231282,67280,50000,+0.0210,0.0400,+0.0,+0.0000,NONE,RUNNING
"=""2026-08-09 17:52:49""",64802,298562,231282,67280,50000,+0.0209,0.0400,+0.0,+0.0000,NONE,RUNNING
"=""2026-08-09 17:52:50""",64802,298562,231282,67280,50000,+0.0209,0.0400,+0.0,+0.0000,NONE,RUNNING
"=""2026-08-09 17:52:51""",64802,298562,231282,67280,50000,+0.0332,0.0400,+0.0,+0.0000,NONE,RUNNING
"=""2026-08-09 17:52:52""",64801,298562,231282,67280,50000,+0.0333,0.0400,+0.0,+0.0000,NONE,RUNNING
"=""2026-08-09 17:52:53""",64802,298562,231282,67280,50000,+0.0333,0.0400,+0.0,+0.0000,NONE,RUNNING
"=""2026-08-09 17:52:54""",64802,298562,231282,67280,50000,+0.0333,0.0400,+0.0,+0.0000,NONE,RUNNING
"=""2026-08-09 17:52:55""",64802,298562,231282,67280,50000,+0.0322,0.0400,+0.0,+0.0000,NONE,RUNNING
"=""2026-08-09 17:52:56""",64802,298562,231282,67280,50000,+0.0318,0.0400,+0.0,+0.0000,NONE,RUNNING
"=""2026-08-09 17:52:57""",64802,298562,231282,67280,50000,+0.0318,0.0400,+0.0,+0.0000,NONE,RUNNING
"=""2026-08-09 17:52:58""",64802,298562,231282,67280,50000,+0.0320,0.0400,+0.0,+0.0000,NONE,RUNNING
"=""2026-08-09 17:52:59""",64802,298562,231282,67280,50000,+0.0320,0.0400,+0.0,+0.0000,NONE,RUNNING
"=""2026-08-09 17:53:00""",64802,298562,231282,67280,50000,+0.0320,0.0400,+0.0,+0.0000,NONE,RUNNING
"=""2026-08-09 17:53:01""",64803,334358,231282,103075,50000,+0.0318,0.0400,+0.0,+0.0000,NONE,RUNNING
"=""2026-08-09 17:53:02""",64804,334358,231282,103075,50000,+0.0318,0.0400,+0.0,+0.0000,NONE,RUNNING
"=""2026-08-09 17:53:03""",64804,334358,231282,103075,50000,+0.0318,0.0400,+0.0,+0.0000,NONE,RUNNING
"=""2026-08-09 17:53:04""",64804,334358,231282,103075,50000,+0.0315,0.0400,+0.0,+0.0000,NONE,RUNNING
"=""2026-08-09 17:53:05""",64804,334358,231282,103075,50000,+0.0313,0.0400,+0.0,+0.0000,NONE,RUNNING
"=""2026-08-09 17:53:06""",64804,318212,215137,103075,50000,+0.0313,0.0400,+0.0,+0.0000,NONE,RUNNING
"=""2026-08-09 17:53:07""",64804,318212,215137,103075,50000,+0.0304,0.0400,+0.0,+0.0000,NONE,RUNNING
"=""2026-08-09 17:53:08""",64804,358322,215137,143185,50000,+0.0298,0.0400,+0.0,+0.0000,NONE,RUNNING
"=""2026-08-09 17:53:09""",64806,358322,215137,143185,50000,+0.0298,0.0400,+0.0,+0.0000,NONE,RUNNING
"=""2026-08-09 17:53:10""",64806,358322,215137,143185,50000,+0.0298,0.0400,+0.0,+0.0000,NONE,RUNNING
"=""2026-08-09 17:53:11""",64806,358322,215137,143185,50000,+0.0297,0.0400,+0.0,+0.0000,NONE,RUNNING
"=""2026-08-09 17:53:12""",64806,358322,215137,143185,50000,+0.0297,0.0400,+0.0,+0.0000,NONE,RUNNING
"=""2026-08-09 17:53:13""",64806,358322,215137,143185,50000,+0.0297,0.0400,+0.0,+0.0000,NONE,RUNNING
"=""2026-08-09 17:53:14""",64806,358322,215137,143185,50000,+0.0297,0.0400,+0.0,+0.0000,NONE,RUNNING
"=""2026-08-09 17:53:15""",64806,358322,215137,143185,50000,+0.0297,0.0400,+0.0,+0.0000,NONE,RUNNING
"=""2026-08-09 17:53:16""",64806,358322,215137,143185,50000,+0.0297,0.0400,+0.0,+0.0000,NONE,RUNNING
"=""2026-08-09 17:53:17""",64806,358322,215137,143185,50000,+0.0259,0.0400,+0.0,+0.0000,NONE,RUNNING
"=""2026-08-09 17:53:18""",64806,358322,215137,143185,50000,+0.0259,0.0400,+0.0,+0.0000,NONE,RUNNING
"=""2026-08-09 17:53:19""",64806,358322,215137,143185,50000,+0.0266,0.0400,+0.0,+0.0000,NONE,RUNNING
"=""2026-08-09 17:53:20""",64806,358322,215137,143185,50000,+0.0266,0.0400,+0.0,+0.0000,NONE,RUNNING
"=""2026-08-09 17:53:21""",64806,143185,0,143185,50000,+0.0265,0.0400,+0.0,+0.0000,NONE,RUNNING
"=""2026-08-09 17:53:22""",64806,143185,0,143185,50000,+0.0265,0.0400,+0.0,+0.0000,NONE,RUNNING
"=""2026-08-09 17:53:23""",64806,143185,0,143185,50000,-0.0001,0.0400,+0.0,+0.0000,NONE,RUNNING
"=""2026-08-09 17:53:25""",64806,143185,0,143185,50000,-0.0001,0.0400,+0.0,+0.0000,NONE,RUNNING
"=""2026-08-09 17:53:26""",64806,143185,0,143185,50000,-0.0001,0.0400,+0.0,+0.0000,NONE,RUNNING
"=""2026-08-09 17:53:27""",64807,158040,0,158040,50000,-0.0006,0.0400,+0.0,+0.0000,NONE,RUNNING
"=""2026-08-09 17:53:28""",64807,158040,0,158040,50000,-0.0006,0.0400,+0.0,+0.0000,NONE,RUNNING
"=""2026-08-09 17:53:29""",64807,158040,0,158040,50000,-0.0006,0.0400,+0.0,+0.0000,NONE,RUNNING
"=""2026-08-09 17:53:30""",64807,158040,0,158040,50000,-0.0001,0.0400,+0.0,+0.0000,NONE,RUNNING
"=""2026-08-09 17:53:31""",64807,158040,0,158040,50000,-0.0006,0.0400,+0.0,+0.0000,NONE,RUNNING
"=""2026-08-09 17:53:32""",64807,114431,0,114431,50000,+0.0009,0.0400,+0.0,+0.0000,NONE,RUNNING
"=""2026-08-09 17:53:33""",64807,90760,0,90760,50000,+0.0008,0.0400,+0.0,+0.0000,NONE,RUNNING
"=""2026-08-09 17:53:34""",64807,90760,0,90760,50000,+0.0008,0.0400,+0.0,+0.0000,NONE,RUNNING
"=""2026-08-09 17:53:35""",64807,90760,0,90760,50000,+0.0008,0.0400,+0.0,+0.0000,NONE,RUNNING
"=""2026-08-09 17:53:36""",64807,90760,0,90760,50000,+0.0098,0.0400,+0.0,+0.0000,NONE,RUNNING
"=""2026-08-09 17:53:37""",64807,90760,0,90760,50000,+0.0098,0.0400,+0.0,+0.0000,NONE,RUNNING
"=""2026-08-09 17:53:38""",64807,90760,0,90760,50000,+0.0101,0.0400,+0.0,+0.0000,NONE,RUNNING
"=""2026-08-09 17:53:39""",64807,90760,0,90760,50000,+0.0101,0.0400,+0.0,+0.0000,NONE,RUNNING
"=""2026-08-09 17:53:40""",64807,90760,0,90760,50000,+0.0094,0.0400,+0.0,+0.0000,NONE,RUNNING
"=""2026-08-09 17:53:41""",64807,90760,0,90760,50000,+0.0096,0.0400,+0.0,+0.0000,NONE,RUNNING
"=""2026-08-09 17:53:42""",64807,90760,0,90760,50000,+0.0096,0.0400,+0.0,+0.0000,NONE,RUNNING
"=""2026-08-09 17:53:43""",64807,90760,0,90760,50000,+0.0096,0.0400,+0.0,+0.0000,NONE,RUNNING
"=""2026-08-09 17:53:44""",64807,90760,0,90760,50000,+0.0096,0.0400,+0.0,+0.0000,NONE,RUNNING
"=""2026-08-09 17:53:45""",64807,90760,0,90760,50000,+0.0095,0.0400,+0.0,+0.0000,NONE,RUNNING
"=""2026-08-09 17:53:46""",64807,90760,0,90760,50000,+0.0095,0.0400,+0.0,+0.0000,NONE,RUNNING
"=""2026-08-09 17:53:47""",64807,90760,0,90760,50000,+0.0095,0.0400,+0.0,+0.0000,NONE,RUNNING
"=""2026-08-09 17:53:48""",64807,90760,0,90760,50000,+0.0122,0.0400,+0.0,+0.0000,NONE,RUNNING
"=""2026-08-09 17:53:49""",64807,90760,0,90760,50000,+0.0122,0.0400,+0.0,+0.0000,NONE,RUNNING
"=""2026-08-09 17:53:50""",64807,90760,0,90760,50000,+0.0122,0.0400,+0.0,+0.0000,NONE,RUNNING
"=""2026-08-09 17:53:51""",64807,90760,0,90760,50000,+0.0122,0.0400,+0.0,+0.0000,NONE,RUNNING
"=""2026-08-09 17:53:52""",64807,90760,0,90760,50000,-0.0001,0.0400,+0.0,+0.0000,NONE,RUNNING
"=""2026-08-09 17:53:53""",64807,90760,0,90760,50000,-0.0001,0.0400,+0.0,+0.0000,NONE,RUNNING
"=""2026-08-09 17:53:54""",64807,90760,0,90760,50000,+0.0003,0.0400,+0.0,+0.0000,NONE,RUNNING
"=""2026-08-09 17:53:55""",64807,90760,0,90760,50000,+0.0015,0.0400,+0.0,+0.0000,NONE,RUNNING
"=""2026-08-09 17:53:56""",64807,90760,0,90760,50000,+0.0015,0.0400,+0.0,+0.0000,NONE,RUNNING
"=""2026-08-09 17:53:57""",64807,90760,0,90760,50000,+0.0015,0.0400,+0.0,+0.0000,NONE,RUNNING
"=""2026-08-09 17:53:58""",64807,90760,0,90760,50000,+0.0014,0.0400,+0.0,+0.0000,NONE,RUNNING
"=""2026-08-09 17:53:59""",64807,90760,0,90760,50000,+0.0014,0.0400,+0.0,+0.0000,NONE,RUNNING
"=""2026-08-09 17:54:00""",64807,90760,0,90760,50000,+0.0014,0.0400,+0.0,+0.0000,NONE,RUNNING
"=""2026-08-09 17:54:01""",64807,54965,0,54965,50000,+0.0015,0.0400,+0.0,+0.0000,NONE,RUNNING
"=""2026-08-09 17:54:02""",64807,54965,0,54965,50000,+0.0022,0.0400,+0.0,+0.0000,NONE,RUNNING
"=""2026-08-09 17:54:03""",64807,54965,0,54965,50000,+0.0022,0.0400,+0.0,+0.0000,NONE,RUNNING
"=""2026-08-09 17:54:04""",64807,54965,0,54965,50000,+0.0026,0.0400,+0.0,+0.0000,NONE,RUNNING
"=""2026-08-09 17:54:05""",64807,54965,0,54965,50000,+0.0026,0.0400,+0.0,+0.0000,NONE,RUNNING
"=""2026-08-09 17:54:06""",64807,54965,0,54965,50000,+0.0026,0.0400,+0.0,+0.0000,NONE,RUNNING
"=""2026-08-09 17:54:07""",64807,54965,0,54965,50000,+0.0026,0.0400,+0.0,+0.0000,NONE,RUNNING
"=""2026-08-09 17:54:08""",64807,14855,0,14855,50000,+0.0036,0.0400,+0.0,+0.0000,NONE,RUNNING
"=""2026-08-09 17:54:09""",64808,79598,64743,14855,50000,+0.0036,0.0400,+0.0,+0.0000,NONE,RUNNING
"=""2026-08-09 17:54:10""",64807,79598,64743,14855,50000,+0.0036,0.0400,+0.0,+0.0000,NONE,RUNNING
"=""2026-08-09 17:54:11""",64808,79598,64743,14855,50000,+0.0036,0.0400,+0.0,+0.0000,NONE,RUNNING
"=""2026-08-09 17:54:12""",64808,79598,64743,14855,50000,+0.0038,0.0400,+0.0,+0.0000,NONE,RUNNING
"=""2026-08-09 17:54:13""",64808,79598,64743,14855,50000,+0.0039,0.0400,+0.0,+0.0000,NONE,RUNNING
"=""2026-08-09 17:54:14""",64808,79598,64743,14855,50000,+0.0039,0.0400,+0.0,+0.0000,NONE,RUNNING
"=""2026-08-09 17:54:15""",64808,79598,64743,14855,50000,+0.0039,0.0400,+0.0,+0.0000,NONE,RUNNING
"=""2026-08-09 17:54:16""",64808,79598,64743,14855,50000,+0.0076,0.0400,+0.0,+0.0000,NONE,RUNNING
"=""2026-08-09 17:54:17""",64808,79598,64743,14855,50000,+0.0076,0.0400,+0.0,+0.0000,NONE,RUNNING
"=""2026-08-09 17:54:18""",64808,79598,64743,14855,50000,+0.0078,0.0400,+0.0,+0.0000,NONE,RUNNING
"=""2026-08-09 17:54:19""",64808,79598,64743,14855,50000,+0.0078,0.0400,+0.0,+0.0000,NONE,RUNNING
"=""2026-08-09 17:54:20""",64808,79598,64743,14855,50000,+0.0071,0.0400,+0.0,+0.0000,NONE,RUNNING
"=""2026-08-09 17:54:21""",64808,79598,64743,14855,50000,+0.0071,0.0400,+0.0,+0.0000,NONE,RUNNING
"=""2026-08-09 17:54:22""",64808,79598,64743,14855,50000,+0.0071,0.0400,+0.0,+0.0000,NONE,RUNNING
"=""2026-08-09 17:54:23""",64808,79598,64743,14855,50000,+0.0071,0.0400,+0.0,+0.0000,NONE,RUNNING
"=""2026-08-09 17:55:23""",64812,0,0,0,50000,+0.0014,0.0400,+0.0,+0.0000,NONE,RUNNING
"=""2026-08-09 17:56:23""",64815,25925,25925,0,50000,-0.0109,0.0400,+0.0,+0.0000,NONE,RUNNING
"=""2026-08-09 17:57:23""",64822,68734,58338,10396,50000,-0.0059,0.0400,+0.0,+0.0000,NONE,RUNNING
"=""2026-08-09 17:58:23""",64824,0,0,0,50000,+0.0038,0.0400,+0.0,+0.0000,NONE,RUNNING
"=""2026-08-09 17:59:23""",64824,45013,45013,0,50000,+0.0007,0.0400,+0.0,+0.0000,NONE,RUNNING
"=""2026-08-09 18:00:23""",64824,0,0,0,50000,+0.0005,0.0400,+0.0,+0.0000,NONE,RUNNING
"=""2026-08-09 18:01:24""",64824,0,0,0,50000,+0.0005,0.0400,+0.0,+0.0000,NONE,RUNNING
"=""2026-08-09 18:02:24""",64824,0,0,0,50000,-0.0007,0.0400,+0.0,+0.0000,NONE,RUNNING
"=""2026-08-09 18:03:24""",64826,37304,0,37304,50000,-0.0007,0.0400,+0.0,+0.0000,NONE,RUNNING
"=""2026-08-09 18:04:24""",64827,0,0,0,50000,-0.0017,0.0400,+0.0,+0.0000,NONE,RUNNING
"=""2026-08-09 18:05:24""",64828,0,0,0,50000,-0.0012,0.0400,+0.0,+0.0000,NONE,RUNNING
"=""2026-08-09 18:06:24""",64830,53745,0,53745,50000,+0.0016,0.0400,+0.0,+0.0000,NONE,RUNNING
"=""2026-08-09 18:07:24""",64830,16144,16144,0,50000,+0.0009,0.0400,+0.0,+0.0000,NONE,RUNNING
"=""2026-08-09 18:08:24""",64830,145894,145894,0,50000,-0.0024,0.0400,+0.0,+0.0000,NONE,RUNNING
"=""2026-08-09 18:09:24""",64830,51864,51864,0,50000,-0.0019,0.0400,+0.0,+0.0000,NONE,RUNNING
"=""2026-08-09 18:10:24""",64830,0,0,0,50000,-0.0037,0.0400,+0.0,+0.0000,NONE,RUNNING
"=""2026-08-09 18:11:24""",64830,17041,17041,0,50000,+0.0001,0.0400,+0.0,+0.0000,NONE,RUNNING
"=""2026-08-09 18:12:24""",64830,64488,0,64488,50000,+0.0000,0.0400,+0.0,+0.0000,NONE,RUNNING
"=""2026-08-09 18:13:24""",64830,20745,20745,0,50000,-0.0009,0.0400,+0.0,+0.0000,NONE,RUNNING
"=""2026-08-09 18:14:24""",64830,304274,304274,0,50000,-0.0013,0.0400,+0.0,+0.0000,NONE,RUNNING
"=""2026-08-09 18:15:24""",64824,206454,206454,0,50000,-0.0008,0.0400,+0.0,+0.0000,NONE,RUNNING
"=""2026-08-09 18:16:24""",64824,20766,10371,10394,50000,-0.0013,0.0400,+0.0,+0.0000,NONE,RUNNING
"=""2026-08-09 18:17:25""",64824,308718,70657,238060,50000,-0.0009,0.0400,+0.0,+0.0000,NONE,RUNNING
"=""2026-08-09 18:18:25""",64831,516080,13646,502433,50000,+0.0001,0.0400,+0.0,+0.0000,NONE,RUNNING
"=""2026-08-09 18:19:25""",64831,25090,0,25090,50000,+0.0007,0.0400,+0.0,+0.0000,NONE,RUNNING
"=""2026-08-09 18:20:25""",64831,0,0,0,50000,-0.0031,0.0400,+0.0,+0.0000,NONE,RUNNING
"=""2026-08-09 18:21:25""",64831,10717,0,10717,50000,-0.0045,0.0400,+0.0,+0.0000,NONE,RUNNING
"=""2026-08-09 18:22:25""",64831,10089,0,10089,50000,-0.0031,0.0400,+0.0,+0.0000,NONE,RUNNING
"=""2026-08-09 18:23:25""",64831,29999,0,29999,50000,-0.0003,0.0400,+0.0,+0.0000,NONE,RUNNING
"=""2026-08-09 18:24:25""",64831,0,0,0,50000,-0.0001,0.0400,+0.0,+0.0000,NONE,RUNNING
"=""2026-08-09 18:25:25""",64831,81897,81897,0,50000,+0.0029,0.0400,+0.0,+0.0000,NONE,RUNNING
"=""2026-08-09 18:26:25""",64831,101459,101459,0,50000,+0.0018,0.0400,+0.0,+0.0000,NONE,RUNNING
"=""2026-08-09 18:27:25""",64815,313962,281527,32434,50000,+0.0020,0.0400,+0.0,+0.0000,NONE,RUNNING
"=""2026-08-09 18:28:25""",64809,148929,88563,60365,50000,-0.0037,0.0400,+0.0,+0.0000,NONE,RUNNING
"=""2026-08-09 18:29:25""",64809,129619,129619,0,50000,+0.0020,0.0400,+0.0,+0.0000,NONE,RUNNING
"=""2026-08-09 18:30:26""",64809,94978,94978,0,50000,+0.0005,0.0400,+0.0,+0.0000,NONE,RUNNING
"=""2026-08-09 18:31:26""",64809,0,0,0,50000,+0.0070,0.0400,+0.0,+0.0000,NONE,RUNNING
"=""2026-08-09 18:32:26""",64809,0,0,0,50000,-0.0071,0.0400,+0.0,+0.0000,NONE,RUNNING
"=""2026-08-09 18:33:26""",64809,77208,77208,0,50000,-0.0018,0.0400,+0.0,+0.0000,NONE,RUNNING
"=""2026-08-09 18:34:26""",64809,284156,0,284156,50000,+0.0005,0.0400,+0.0,+0.0000,NONE,RUNNING
"=""2026-08-09 18:35:26""",64809,0,0,0,50000,+0.0006,0.0400,+0.0,+0.0000,NONE,RUNNING
"=""2026-08-09 18:36:26""",64809,0,0,0,50000,-0.0097,0.0400,+0.0,+0.0000,NONE,RUNNING
"=""2026-08-09 18:37:26""",64809,0,0,0,50000,-0.0050,0.0400,+0.0,+0.0000,NONE,RUNNING
"=""2026-08-09 18:38:26""",64809,0,0,0,50000,-0.0016,0.0400,+0.0,+0.0000,NONE,RUNNING
"=""2026-08-09 18:39:26""",64814,94361,0,94361,50000,-0.0033,0.0400,+0.0,+0.0000,NONE,RUNNING
"=""2026-08-09 18:40:26""",64814,47055,0,47055,50000,+0.0056,0.0400,+0.0,+0.0000,NONE,RUNNING
"=""2026-08-09 18:41:26""",64814,0,0,0,50000,-0.0002,0.0400,+0.0,+0.0000,NONE,RUNNING
"=""2026-08-09 18:42:26""",64814,98109,0,98109,50000,+0.0009,0.0400,+0.0,+0.0000,NONE,RUNNING
"=""2026-08-09 18:43:26""",64814,123920,11655,112264,50000,+0.0000,0.0400,+0.0,+0.0000,NONE,RUNNING
"=""2026-08-09 18:44:26""",64814,139703,129629,10074,50000,+0.0017,0.0400,+0.0,+0.0000,NONE,RUNNING
"=""2026-08-09 18:45:26""",64814,61485,0,61485,50000,+0.0018,0.0400,+0.0,+0.0000,NONE,RUNNING
"=""2026-08-09 18:46:26""",64814,19999,0,19999,50000,+0.0001,0.0400,+0.0,+0.0000,NONE,RUNNING
"=""2026-08-09 18:47:26""",64814,178838,135425,43413,50000,+0.0006,0.0400,+0.0,+0.0000,NONE,RUNNING
"=""2026-08-09 18:48:27""",64814,136512,136512,0,50000,+0.0030,0.0400,+0.0,+0.0000,NONE,RUNNING
"=""2026-08-09 18:49:27""",64814,0,0,0,50000,-0.0030,0.0400,+0.0,+0.0000,NONE,RUNNING
"=""2026-08-09 18:50:27""",64814,38899,0,38899,50000,+0.0024,0.0400,+0.0,+0.0000,NONE,RUNNING
"=""2026-08-09 18:51:27""",64814,0,0,0,50000,+0.0015,0.0400,+0.0,+0.0000,NONE,RUNNING
"=""2026-08-09 18:52:27""",64815,102830,0,102830,50000,-0.0029,0.0400,+0.0,+0.0000,NONE,RUNNING
"=""2026-08-09 18:53:27""",64824,535210,0,535210,50000,-0.0096,0.0400,+0.0,+0.0000,NONE,RUNNING
"=""2026-08-09 18:54:27""",64838,1365832,64772,1301059,50000,+0.0059,0.0400,+0.0,+0.0000,NONE,RUNNING
"=""2026-08-09 18:55:27""",64850,113682,12970,100712,50000,+0.0075,0.0400,+0.0,+0.0000,NONE,RUNNING
"=""2026-08-09 18:56:27""",64850,0,0,0,50000,-0.0009,0.0400,+0.0,+0.0000,NONE,RUNNING
"=""2026-08-09 18:57:27""",64850,0,0,0,50000,+0.0011,0.0400,+0.0,+0.0000,NONE,RUNNING
"=""2026-08-09 18:58:27""",64850,12492,12492,0,50000,+0.0035,0.0400,+0.0,+0.0000,NONE,RUNNING
"=""2026-08-09 18:59:27""",64855,37286,0,37286,50000,+0.0009,0.0400,+0.0,+0.0000,NONE,RUNNING
"=""2026-08-09 18:59:43""",64876,268341,0,268341,50000,-0.0352,0.0400,+0.0,+0.0000,NONE,RUNNING
"=""2026-08-09 18:59:44""",64875,268341,0,268341,50000,-0.0352,0.0400,+0.0,+0.0000,NONE,RUNNING
"=""2026-08-09 18:59:45""",64875,268341,0,268341,50000,-0.0352,0.0400,+0.0,+0.0000,NONE,RUNNING
"=""2026-08-09 18:59:46""",64876,268341,0,268341,50000,-0.0349,0.0400,+0.0,+0.0000,NONE,RUNNING
"=""2026-08-09 18:59:47""",64875,268341,0,268341,50000,-0.0349,0.0400,+0.0,+0.0000,NONE,RUNNING
"=""2026-08-09 18:59:48""",64876,268341,0,268341,50000,-0.0348,0.0400,+0.0,+0.0000,NONE,RUNNING
"=""2026-08-09 18:59:49""",64877,268341,0,268341,50000,-0.0348,0.0400,+0.0,+0.0000,NONE,RUNNING
"=""2026-08-09 18:59:50""",64877,268341,0,268341,50000,-0.0359,0.0400,+0.0,+0.0000,NONE,RUNNING
"=""2026-08-09 18:59:51""",64877,268341,0,268341,50000,-0.0359,0.0400,+0.0,+0.0000,NONE,RUNNING
"=""2026-08-09 18:59:52""",64877,268341,0,268341,50000,-0.0359,0.0400,+0.0,+0.0000,NONE,RUNNING
"=""2026-08-09 18:59:53""",64877,268341,0,268341,50000,-0.0359,0.0400,+0.0,+0.0000,NONE,RUNNING
"=""2026-08-09 18:59:54""",64877,256341,0,256341,50000,-0.0359,0.0400,+0.0,+0.0000,NONE,RUNNING
"=""2026-08-09 18:59:55""",64877,256341,0,256341,50000,-0.0359,0.0400,+0.0,+0.0000,NONE,RUNNING
"=""2026-08-09 18:59:56""",64877,256341,0,256341,50000,-0.0359,0.0400,+0.0,+0.0000,NONE,RUNNING
"=""2026-08-09 18:59:57""",64877,256341,0,256341,50000,-0.0362,0.0400,+0.0,+0.0000,NONE,RUNNING
"=""2026-08-09 18:59:58""",64877,256341,0,256341,50000,-0.0362,0.0400,+0.0,+0.0000,NONE,RUNNING
"=""2026-08-09 18:59:59""",64877,256341,0,256341,50000,-0.0360,0.0400,+0.0,+0.0000,NONE,RUNNING
"=""2026-08-09 19:00:00""",64877,256341,0,256341,50000,-0.0360,0.0400,+0.0,+0.0000,NONE,RUNNING
"=""2026-08-09 19:00:01""",64877,256341,0,256341,50000,-0.0358,0.0400,+0.0,+0.0000,NONE,RUNNING
"=""2026-08-09 19:00:02""",64877,256341,0,256341,50000,-0.0355,0.0400,+0.0,+0.0000,NONE,RUNNING
"=""2026-08-09 19:00:03""",64877,256341,0,256341,50000,-0.0355,0.0400,+0.0,+0.0000,NONE,RUNNING
"=""2026-08-09 19:00:04""",64877,256341,0,256341,50000,-0.0355,0.0400,+0.0,+0.0000,NONE,RUNNING
"=""2026-08-09 19:00:05""",64877,256341,0,256341,50000,-0.0355,0.0400,+0.0,+0.0000,NONE,RUNNING
"=""2026-08-09 19:00:06""",64877,256341,0,256341,50000,-0.0355,0.0400,+0.0,+0.0000,NONE,RUNNING
"=""2026-08-09 19:00:07""",64877,256341,0,256341,50000,-0.0358,0.0400,+0.0,+0.0000,NONE,RUNNING
"=""2026-08-09 19:00:08""",64877,256341,0,256341,50000,-0.0358,0.0400,+0.0,+0.0000,NONE,RUNNING
"=""2026-08-09 19:00:09""",64877,256341,0,256341,50000,-0.0356,0.0400,+0.0,+0.0000,NONE,RUNNING
"=""2026-08-09 19:00:10""",64877,256341,0,256341,50000,-0.0356,0.0400,+0.0,+0.0000,NONE,RUNNING
"=""2026-08-09 19:00:11""",64877,256341,0,256341,50000,-0.0356,0.0400,+0.0,+0.0000,NONE,RUNNING
"=""2026-08-09 19:00:12""",64880,256341,0,256341,50000,-0.0356,0.0400,+0.0,+0.0000,NONE,RUNNING
"=""2026-08-09 19:00:13""",64879,256341,0,256341,50000,-0.0356,0.0400,+0.0,+0.0000,NONE,RUNNING
"=""2026-08-09 19:00:14""",64880,256341,0,256341,50000,-0.0357,0.0400,+0.0,+0.0000,NONE,RUNNING
"=""2026-08-09 19:00:15""",64880,256341,0,256341,50000,-0.0357,0.0400,+0.0,+0.0000,NONE,RUNNING
"=""2026-08-09 19:00:16""",64880,256341,0,256341,50000,-0.0357,0.0400,+0.0,+0.0000,NONE,RUNNING
"=""2026-08-09 19:00:17""",64880,256341,0,256341,50000,-0.0375,0.0400,+0.0,+0.0000,NONE,RUNNING
"=""2026-08-09 19:00:18""",64880,256341,0,256341,50000,-0.0375,0.0400,+0.0,+0.0000,NONE,RUNNING
"=""2026-08-09 19:00:19""",64880,256341,0,256341,50000,-0.0374,0.0400,+0.0,+0.0000,NONE,RUNNING
"=""2026-08-09 19:00:20""",64880,256341,0,256341,50000,-0.0374,0.0400,+0.0,+0.0000,NONE,RUNNING
"=""2026-08-09 19:00:21""",64880,231055,0,231055,50000,-0.0374,0.0400,+0.0,+0.0000,NONE,RUNNING
"=""2026-08-09 19:00:22""",64880,231055,0,231055,50000,-0.0374,0.0400,+0.0,+0.0000,NONE,RUNNING
"=""2026-08-09 19:00:23""",64879,231055,0,231055,50000,-0.0374,0.0400,+0.0,+0.0000,NONE,RUNNING
"=""2026-08-09 19:00:24""",64880,231055,0,231055,50000,-0.0360,0.0400,+0.0,+0.0000,NONE,RUNNING
"=""2026-08-09 19:00:25""",64879,231055,0,231055,50000,-0.0360,0.0400,+0.0,+0.0000,NONE,RUNNING
"=""2026-08-09 19:00:26""",64880,231055,0,231055,50000,-0.0360,0.0400,+0.0,+0.0000,NONE,RUNNING
"=""2026-08-09 19:00:27""",64880,231055,0,231055,50000,-0.0360,0.0400,+0.0,+0.0000,NONE,RUNNING
"=""2026-08-09 19:00:28""",64880,231055,0,231055,50000,-0.0368,0.0400,+0.0,+0.0000,NONE,RUNNING
"=""2026-08-09 19:00:29""",64880,231055,0,231055,50000,-0.0404,0.0400,+0.0,+0.0000,NONE,RUNNING
"=""2026-08-09 19:00:30""",64879,231055,0,231055,50000,-0.0404,0.0400,+0.0,+0.0000,NONE,RUNNING
"=""2026-08-09 19:00:31""",64880,122875,0,122875,50000,-0.0404,0.0400,+0.0,+0.0000,NONE,RUNNING
"=""2026-08-09 19:00:32""",64880,122875,0,122875,50000,-0.0404,0.0400,+0.0,+0.0000,NONE,RUNNING
"=""2026-08-09 19:00:33""",64879,160519,0,160519,50000,-0.0405,0.0400,+0.0,+0.0000,NONE,RUNNING
"=""2026-08-09 19:00:34""",64880,160519,0,160519,50000,-0.0238,0.0400,+0.0,+0.0000,NONE,RUNNING
"=""2026-08-09 19:00:35""",64880,65230,0,65230,50000,-0.0241,0.0400,+0.0,+0.0000,NONE,RUNNING
"=""2026-08-09 19:00:36""",64880,65230,0,65230,50000,-0.0241,0.0400,+0.0,+0.0000,NONE,RUNNING
"=""2026-08-09 19:00:37""",64879,65230,0,65230,50000,-0.0253,0.0400,+0.0,+0.0000,NONE,RUNNING
"=""2026-08-09 19:00:38""",64880,65230,0,65230,50000,-0.0253,0.0400,+0.0,+0.0000,NONE,RUNNING
"=""2026-08-09 19:00:39""",64880,65230,0,65230,50000,-0.0253,0.0400,+0.0,+0.0000,NONE,RUNNING
"=""2026-08-09 19:00:40""",64880,37644,0,37644,50000,-0.0253,0.0400,+0.0,+0.0000,NONE,RUNNING
"=""2026-08-09 19:00:41""",64880,37644,0,37644,50000,-0.0253,0.0400,+0.0,+0.0000,NONE,RUNNING
"=""2026-08-09 19:00:42""",64880,37644,0,37644,50000,-0.0253,0.0400,+0.0,+0.0000,NONE,RUNNING
"=""2026-08-09 19:00:43""",64880,37644,0,37644,50000,-0.0043,0.0400,+0.0,+0.0000,NONE,RUNNING
"=""2026-08-09 19:00:44""",64879,37644,0,37644,50000,-0.0043,0.0400,+0.0,+0.0000,NONE,RUNNING
"=""2026-08-09 19:00:45""",64880,37644,0,37644,50000,-0.0044,0.0400,+0.0,+0.0000,NONE,RUNNING
"=""2026-08-09 19:00:46""",64879,37644,0,37644,50000,-0.0048,0.0400,+0.0,+0.0000,NONE,RUNNING
"=""2026-08-09 19:00:47""",64879,37644,0,37644,50000,-0.0048,0.0400,+0.0,+0.0000,NONE,RUNNING
"=""2026-08-09 19:00:48""",64880,37644,0,37644,50000,-0.0048,0.0400,+0.0,+0.0000,NONE,RUNNING
"=""2026-08-09 19:00:49""",64879,37644,0,37644,50000,-0.0037,0.0400,+0.0,+0.0000,NONE,RUNNING
"=""2026-08-09 19:00:50""",64880,37644,0,37644,50000,-0.0037,0.0400,+0.0,+0.0000,NONE,RUNNING
"=""2026-08-09 19:00:51""",64880,37644,0,37644,50000,-0.0037,0.0400,+0.0,+0.0000,NONE,RUNNING
"=""2026-08-09 19:00:52""",64880,37644,0,37644,50000,-0.0037,0.0400,+0.0,+0.0000,NONE,RUNNING
"=""2026-08-09 19:00:53""",64880,37644,0,37644,50000,-0.0038,0.0400,+0.0,+0.0000,NONE,RUNNING
"=""2026-08-09 19:00:54""",64880,37644,0,37644,50000,-0.0038,0.0400,+0.0,+0.0000,NONE,RUNNING
"=""2026-08-09 19:00:55""",64880,37644,0,37644,50000,-0.0039,0.0400,+0.0,+0.0000,NONE,RUNNING
"=""2026-08-09 19:00:56""",64880,37644,0,37644,50000,-0.0039,0.0400,+0.0,+0.0000,NONE,RUNNING
"=""2026-08-09 19:00:57""",64879,37644,0,37644,50000,-0.0039,0.0400,+0.0,+0.0000,NONE,RUNNING
"=""2026-08-09 19:00:58""",64880,37644,0,37644,50000,-0.0041,0.0400,+0.0,+0.0000,NONE,RUNNING
"=""2026-08-09 19:00:59""",64880,37644,0,37644,50000,-0.0041,0.0400,+0.0,+0.0000,NONE,RUNNING
"=""2026-08-09 19:01:00""",64880,37644,0,37644,50000,-0.0041,0.0400,+0.0,+0.0000,NONE,RUNNING
"=""2026-08-09 19:01:01""",64880,37644,0,37644,50000,-0.0041,0.0400,+0.0,+0.0000,NONE,RUNNING
"=""2026-08-09 19:01:02""",64880,37644,0,37644,50000,-0.0044,0.0400,+0.0,+0.0000,NONE,RUNNING
"=""2026-08-09 19:01:03""",64879,37644,0,37644,50000,-0.0044,0.0400,+0.0,+0.0000,NONE,RUNNING
"=""2026-08-09 19:01:04""",64880,37644,0,37644,50000,-0.0044,0.0400,+0.0,+0.0000,NONE,RUNNING
"=""2026-08-09 19:01:06""",64880,37644,0,37644,50000,-0.0044,0.0400,+0.0,+0.0000,NONE,RUNNING
"=""2026-08-09 19:01:07""",64880,37644,0,37644,50000,-0.0044,0.0400,+0.0,+0.0000,NONE,RUNNING
"=""2026-08-09 19:01:08""",64880,37644,0,37644,50000,-0.0044,0.0400,+0.0,+0.0000,NONE,RUNNING
"=""2026-08-09 19:01:09""",64879,37644,0,37644,50000,-0.0045,0.0400,+0.0,+0.0000,NONE,RUNNING
"=""2026-08-09 19:01:10""",64879,37644,0,37644,50000,-0.0042,0.0400,+0.0,+0.0000,NONE,RUNNING
"=""2026-08-09 19:01:11""",64879,37644,0,37644,50000,-0.0042,0.0400,+0.0,+0.0000,NONE,RUNNING
"=""2026-08-09 19:01:12""",64879,37644,0,37644,50000,-0.0041,0.0400,+0.0,+0.0000,NONE,RUNNING
"=""2026-08-09 19:01:13""",64879,37644,0,37644,50000,-0.0041,0.0400,+0.0,+0.0000,NONE,RUNNING
"=""2026-08-09 19:01:14""",64879,37644,0,37644,50000,-0.0041,0.0400,+0.0,+0.0000,NONE,RUNNING
"=""2026-08-09 19:01:15""",64879,37644,0,37644,50000,-0.0041,0.0400,+0.0,+0.0000,NONE,RUNNING
"=""2026-08-09 19:01:16""",64879,37644,0,37644,50000,-0.0041,0.0400,+0.0,+0.0000,NONE,RUNNING
"=""2026-08-09 19:01:17""",64879,37644,0,37644,50000,-0.0023,0.0400,+0.0,+0.0000,NONE,RUNNING
"=""2026-08-09 19:01:18""",64880,37644,0,37644,50000,-0.0023,0.0400,+0.0,+0.0000,NONE,RUNNING
"=""2026-08-09 19:01:19""",64880,37644,0,37644,50000,-0.0040,0.0400,+0.0,+0.0000,NONE,RUNNING
"=""2026-08-09 19:01:20""",64879,37644,0,37644,50000,-0.0040,0.0400,+0.0,+0.0000,NONE,RUNNING
"=""2026-08-09 19:01:21""",64879,37644,0,37644,50000,-0.0040,0.0400,+0.0,+0.0000,NONE,RUNNING
"=""2026-08-09 19:01:22""",64880,51424,0,51424,50000,-0.0040,0.0400,+0.0,+0.0000,NONE,RUNNING
"=""2026-08-09 19:01:23""",64879,51424,0,51424,50000,-0.0040,0.0400,+0.0,+0.0000,NONE,RUNNING
"=""2026-08-09 19:01:24""",64880,51424,0,51424,50000,-0.0054,0.0400,+0.0,+0.0000,NONE,RUNNING
"=""2026-08-09 19:01:25""",64879,51424,0,51424,50000,-0.0054,0.0400,+0.0,+0.0000,NONE,RUNNING
"=""2026-08-09 19:01:26""",64880,51424,0,51424,50000,-0.0054,0.0400,+0.0,+0.0000,NONE,RUNNING
"=""2026-08-09 19:01:27""",64879,51424,0,51424,50000,-0.0054,0.0400,+0.0,+0.0000,NONE,RUNNING
"=""2026-08-09 19:01:28""",64880,51424,0,51424,50000,-0.0054,0.0400,+0.0,+0.0000,NONE,RUNNING
"=""2026-08-09 19:01:29""",64880,51424,0,51424,50000,-0.0054,0.0400,+0.0,+0.0000,NONE,RUNNING
"=""2026-08-09 19:01:30""",64879,51424,0,51424,50000,-0.0019,0.0400,+0.0,+0.0000,NONE,RUNNING
"=""2026-08-09 19:01:31""",64880,51424,0,51424,50000,-0.0019,0.0400,+0.0,+0.0000,NONE,RUNNING
"=""2026-08-09 19:01:32""",64880,51424,0,51424,50000,-0.0015,0.0400,+0.0,+0.0000,NONE,RUNNING
"=""2026-08-09 19:01:33""",64880,51424,0,51424,50000,-0.0015,0.0400,+0.0,+0.0000,NONE,RUNNING
"=""2026-08-09 19:01:34""",64879,13780,0,13780,50000,-0.0015,0.0400,+0.0,+0.0000,NONE,RUNNING
"=""2026-08-09 19:01:35""",64880,13780,0,13780,50000,-0.0015,0.0400,+0.0,+0.0000,NONE,RUNNING
"=""2026-08-09 19:01:36""",64880,13780,0,13780,50000,-0.0013,0.0400,+0.0,+0.0000,NONE,RUNNING
"=""2026-08-09 19:01:37""",64880,13780,0,13780,50000,-0.0013,0.0400,+0.0,+0.0000,NONE,RUNNING
"=""2026-08-09 19:01:38""",64880,13780,0,13780,50000,-0.0013,0.0400,+0.0,+0.0000,NONE,RUNNING
"=""2026-08-09 19:01:39""",64880,13780,0,13780,50000,-0.0013,0.0400,+0.0,+0.0000,NONE,RUNNING
"=""2026-08-09 19:01:40""",64880,13780,0,13780,50000,-0.0013,0.0400,+0.0,+0.0000,NONE,RUNNING
"=""2026-08-09 19:01:41""",64880,395573,0,395573,50000,-0.0011,0.0400,+0.0,+0.0000,NONE,RUNNING
"=""2026-08-09 19:01:42""",64887,395573,0,395573,50000,-0.0011,0.0400,+0.0,+0.0000,NONE,RUNNING
"=""2026-08-09 19:02:42""",64899,0,0,0,50000,-0.0017,0.0400,+0.0,+0.0000,NONE,RUNNING
"=""2026-08-09 19:03:42""",64899,0,0,0,50000,+0.0012,0.0400,+0.0,+0.0000,NONE,RUNNING
"=""2026-08-09 19:04:42""",64899,43957,43957,0,50000,+0.0008,0.0400,+0.0,+0.0000,NONE,RUNNING
"=""2026-08-09 19:05:42""",64900,43257,43257,0,50000,+0.0026,0.0400,+0.0,+0.0000,NONE,RUNNING
"=""2026-08-09 19:06:42""",64899,19999,0,19999,50000,+0.0001,0.0400,+0.0,+0.0000,NONE,RUNNING
"=""2026-08-09 19:07:42""",64899,0,0,0,50000,-0.0034,0.0400,+0.0,+0.0000,NONE,RUNNING
"=""2026-08-09 19:08:42""",64899,352712,52712,300000,50000,+0.0004,0.0400,+0.0,+0.0000,NONE,RUNNING
"=""2026-08-09 19:09:42""",64902,16363,0,16363,50000,-0.0020,0.0400,+0.0,+0.0000,NONE,RUNNING
"=""2026-08-09 19:10:42""",64902,0,0,0,50000,-0.0006,0.0400,+0.0,+0.0000,NONE,RUNNING
"=""2026-08-09 19:11:42""",64906,25605,0,25605,50000,-0.0057,0.0400,+0.0,+0.0000,NONE,RUNNING
"=""2026-08-09 19:12:42""",64921,214607,0,214607,50000,-0.0005,0.0400,+0.0,+0.0000,NONE,RUNNING
"=""2026-08-09 19:13:38""",64950,409140,0,409140,50000,-0.0212,0.0400,+0.0,+0.0000,NONE,RUNNING
"=""2026-08-09 19:13:39""",64950,409140,0,409140,50000,-0.0212,0.0400,+0.0,+0.0000,NONE,RUNNING
"=""2026-08-09 19:13:40""",64950,409140,0,409140,50000,-0.0213,0.0400,+0.0,+0.0000,NONE,RUNNING
"=""2026-08-09 19:13:41""",64950,409140,0,409140,50000,-0.0213,0.0400,+0.0,+0.0000,NONE,RUNNING
"=""2026-08-09 19:13:42""",64950,409140,0,409140,50000,-0.0198,0.0400,+0.0,+0.0000,NONE,RUNNING
"=""2026-08-09 19:13:43""",64950,409140,0,409140,50000,-0.0198,0.0400,+0.0,+0.0000,NONE,RUNNING
"=""2026-08-09 19:13:44""",64950,409140,0,409140,50000,-0.0198,0.0400,+0.0,+0.0000,NONE,RUNNING
"=""2026-08-09 19:13:45""",64950,409140,0,409140,50000,-0.0198,0.0400,+0.0,+0.0000,NONE,RUNNING
"=""2026-08-09 19:13:46""",64950,409140,0,409140,50000,-0.0198,0.0400,+0.0,+0.0000,NONE,RUNNING
"=""2026-08-09 19:13:47""",64950,409140,0,409140,50000,-0.0198,0.0400,+0.0,+0.0000,NONE,RUNNING
"=""2026-08-09 19:13:48""",64950,409140,0,409140,50000,-0.0175,0.0400,+0.0,+0.0000,NONE,RUNNING
"=""2026-08-09 19:13:49""",64950,409140,0,409140,50000,-0.0174,0.0400,+0.0,+0.0000,NONE,RUNNING
"=""2026-08-09 19:13:50""",64950,409140,0,409140,50000,-0.0174,0.0400,+0.0,+0.0000,NONE,RUNNING
"=""2026-08-09 19:13:51""",64950,409140,0,409140,50000,-0.0189,0.0400,+0.0,+0.0000,NONE,RUNNING
"=""2026-08-09 19:13:52""",64950,309240,0,309240,50000,-0.0189,0.0400,+0.0,+0.0000,NONE,RUNNING
"=""2026-08-09 19:13:53""",64950,309240,0,309240,50000,-0.0189,0.0400,+0.0,+0.0000,NONE,RUNNING
"=""2026-08-09 19:13:54""",64950,309240,0,309240,50000,-0.0187,0.0400,+0.0,+0.0000,NONE,RUNNING
"=""2026-08-09 19:13:55""",64950,309240,0,309240,50000,-0.0178,0.0400,+0.0,+0.0000,NONE,RUNNING
"=""2026-08-09 19:13:56""",64950,309240,0,309240,50000,-0.0178,0.0400,+0.0,+0.0000,NONE,RUNNING
"=""2026-08-09 19:13:57""",64950,309240,0,309240,50000,-0.0178,0.0400,+0.0,+0.0000,NONE,RUNNING
"=""2026-08-09 19:13:58""",64950,309240,0,309240,50000,-0.0178,0.0400,+0.0,+0.0000,NONE,RUNNING
"=""2026-08-09 19:13:59""",64950,309240,0,309240,50000,-0.0180,0.0400,+0.0,+0.0000,NONE,RUNNING
"=""2026-08-09 19:14:00""",64950,309240,0,309240,50000,-0.0185,0.0400,+0.0,+0.0000,NONE,RUNNING
"=""2026-08-09 19:14:02""",64950,309240,0,309240,50000,-0.0196,0.0400,+0.0,+0.0000,NONE,RUNNING
"=""2026-08-09 19:14:03""",64950,309240,0,309240,50000,-0.0196,0.0400,+0.0,+0.0000,NONE,RUNNING
"=""2026-08-09 19:14:04""",64950,309240,0,309240,50000,-0.0195,0.0400,+0.0,+0.0000,NONE,RUNNING
"=""2026-08-09 19:14:05""",64950,309240,0,309240,50000,-0.0195,0.0400,+0.0,+0.0000,NONE,RUNNING
"=""2026-08-09 19:14:06""",64950,309240,0,309240,50000,-0.0195,0.0400,+0.0,+0.0000,NONE,RUNNING
"=""2026-08-09 19:14:07""",64950,309240,0,309240,50000,-0.0195,0.0400,+0.0,+0.0000,NONE,RUNNING
"=""2026-08-09 19:14:08""",64950,309240,0,309240,50000,-0.0195,0.0400,+0.0,+0.0000,NONE,RUNNING
"=""2026-08-09 19:14:09""",64950,309240,0,309240,50000,-0.0195,0.0400,+0.0,+0.0000,NONE,RUNNING
"=""2026-08-09 19:14:10""",64950,309240,0,309240,50000,-0.0195,0.0400,+0.0,+0.0000,NONE,RUNNING
"=""2026-08-09 19:14:11""",64950,309240,0,309240,50000,-0.0195,0.0400,+0.0,+0.0000,NONE,RUNNING
"=""2026-08-09 19:14:12""",64950,309240,0,309240,50000,-0.0194,0.0400,+0.0,+0.0000,NONE,RUNNING
"=""2026-08-09 19:14:13""",64950,309240,0,309240,50000,-0.0195,0.0400,+0.0,+0.0000,NONE,RUNNING
"=""2026-08-09 19:14:14""",64950,309240,0,309240,50000,-0.0195,0.0400,+0.0,+0.0000,NONE,RUNNING
"=""2026-08-09 19:14:15""",64950,309240,0,309240,50000,-0.0195,0.0400,+0.0,+0.0000,NONE,RUNNING
"=""2026-08-09 19:14:16""",64950,309240,0,309240,50000,-0.0215,0.0400,+0.0,+0.0000,NONE,RUNNING
"=""2026-08-09 19:14:17""",64950,309240,0,309240,50000,-0.0215,0.0400,+0.0,+0.0000,NONE,RUNNING
"=""2026-08-09 19:14:18""",64950,309240,0,309240,50000,-0.0215,0.0400,+0.0,+0.0000,NONE,RUNNING
"=""2026-08-09 19:14:19""",64950,309240,0,309240,50000,-0.0215,0.0400,+0.0,+0.0000,NONE,RUNNING
"=""2026-08-09 19:14:20""",64950,309240,0,309240,50000,-0.0214,0.0400,+0.0,+0.0000,NONE,RUNNING
"=""2026-08-09 19:14:21""",64950,309240,0,309240,50000,-0.0214,0.0400,+0.0,+0.0000,NONE,RUNNING
"=""2026-08-09 19:14:22""",64950,309240,0,309240,50000,-0.0214,0.0400,+0.0,+0.0000,NONE,RUNNING
"=""2026-08-09 19:14:23""",64950,309240,0,309240,50000,-0.0212,0.0400,+0.0,+0.0000,NONE,RUNNING
"=""2026-08-09 19:14:24""",64950,207637,0,207637,50000,-0.0212,0.0400,+0.0,+0.0000,NONE,RUNNING
"=""2026-08-09 19:14:25""",64950,207637,0,207637,50000,-0.0203,0.0400,+0.0,+0.0000,NONE,RUNNING
"=""2026-08-09 19:14:26""",64950,207637,0,207637,50000,-0.0203,0.0400,+0.0,+0.0000,NONE,RUNNING
"=""2026-08-09 19:14:27""",64950,207637,0,207637,50000,-0.0090,0.0400,+0.0,+0.0000,NONE,RUNNING
"=""2026-08-09 19:14:28""",64950,207637,0,207637,50000,-0.0090,0.0400,+0.0,+0.0000,NONE,RUNNING
"=""2026-08-09 19:14:29""",64950,207637,0,207637,50000,-0.0090,0.0400,+0.0,+0.0000,NONE,RUNNING
"=""2026-08-09 19:14:30""",64950,207637,0,207637,50000,-0.0090,0.0400,+0.0,+0.0000,NONE,RUNNING
"=""2026-08-09 19:14:31""",64950,207637,0,207637,50000,-0.0090,0.0400,+0.0,+0.0000,NONE,RUNNING
"=""2026-08-09 19:14:32""",64950,207637,0,207637,50000,-0.0085,0.0400,+0.0,+0.0000,NONE,RUNNING
"=""2026-08-09 19:14:33""",64950,207637,0,207637,50000,-0.0085,0.0400,+0.0,+0.0000,NONE,RUNNING
"=""2026-08-09 19:14:34""",64951,207637,0,207637,50000,-0.0085,0.0400,+0.0,+0.0000,NONE,RUNNING
"=""2026-08-09 19:14:35""",64951,207637,0,207637,50000,-0.0085,0.0400,+0.0,+0.0000,NONE,RUNNING
"=""2026-08-09 19:14:36""",64950,207637,0,207637,50000,-0.0085,0.0400,+0.0,+0.0000,NONE,RUNNING
"=""2026-08-09 19:14:37""",64951,0,0,0,50000,-0.0084,0.0400,+0.0,+0.0000,NONE,RUNNING
"=""2026-08-09 19:14:38""",64951,0,0,0,50000,-0.0084,0.0400,+0.0,+0.0000,NONE,RUNNING
"=""2026-08-09 19:14:39""",64950,0,0,0,50000,+0.0016,0.0400,+0.0,+0.0000,NONE,RUNNING
"=""2026-08-09 19:14:40""",64950,0,0,0,50000,+0.0016,0.0400,+0.0,+0.0000,NONE,RUNNING
"=""2026-08-09 19:14:41""",64950,0,0,0,50000,-0.0018,0.0400,+0.0,+0.0000,NONE,RUNNING
"=""2026-08-09 19:14:42""",64951,0,0,0,50000,-0.0033,0.0400,+0.0,+0.0000,NONE,RUNNING
"=""2026-08-09 19:14:43""",64950,0,0,0,50000,-0.0062,0.0400,+0.0,+0.0000,NONE,RUNNING
"=""2026-08-09 19:14:44""",64950,0,0,0,50000,-0.0062,0.0400,+0.0,+0.0000,NONE,RUNNING
"=""2026-08-09 19:14:45""",64951,0,0,0,50000,-0.0062,0.0400,+0.0,+0.0000,NONE,RUNNING
"=""2026-08-09 19:14:46""",64950,0,0,0,50000,-0.0062,0.0400,+0.0,+0.0000,NONE,RUNNING
"=""2026-08-09 19:14:47""",64950,0,0,0,50000,-0.0064,0.0400,+0.0,+0.0000,NONE,RUNNING
"=""2026-08-09 19:14:48""",64950,0,0,0,50000,-0.0086,0.0400,+0.0,+0.0000,NONE,RUNNING
"=""2026-08-09 19:14:49""",64950,0,0,0,50000,-0.0086,0.0400,+0.0,+0.0000,NONE,RUNNING
"=""2026-08-09 19:14:50""",64951,0,0,0,50000,-0.0085,0.0400,+0.0,+0.0000,NONE,RUNNING
"=""2026-08-09 19:14:51""",64950,0,0,0,50000,-0.0070,0.0400,+0.0,+0.0000,NONE,RUNNING
"=""2026-08-09 19:14:52""",64950,0,0,0,50000,-0.0070,0.0400,+0.0,+0.0000,NONE,RUNNING
"=""2026-08-09 19:14:53""",64951,0,0,0,50000,-0.0139,0.0400,+0.0,+0.0000,NONE,RUNNING
"=""2026-08-09 19:14:54""",64951,0,0,0,50000,-0.0140,0.0400,+0.0,+0.0000,NONE,RUNNING
"=""2026-08-09 19:14:55""",64951,0,0,0,50000,-0.0140,0.0400,+0.0,+0.0000,NONE,RUNNING
"=""2026-08-09 19:14:56""",64951,0,0,0,50000,-0.0141,0.0400,+0.0,+0.0000,NONE,RUNNING
"=""2026-08-09 19:14:57""",64950,0,0,0,50000,-0.0141,0.0400,+0.0,+0.0000,NONE,RUNNING
"=""2026-08-09 19:14:58""",64950,0,0,0,50000,-0.0141,0.0400,+0.0,+0.0000,NONE,RUNNING
"=""2026-08-09 19:14:59""",64951,0,0,0,50000,-0.0165,0.0400,+0.0,+0.0000,NONE,RUNNING
"=""2026-08-09 19:15:00""",64950,0,0,0,50000,-0.0165,0.0400,+0.0,+0.0000,NONE,RUNNING
"=""2026-08-09 19:15:01""",64950,0,0,0,50000,-0.0160,0.0400,+0.0,+0.0000,NONE,RUNNING
"=""2026-08-09 19:15:02""",64951,0,0,0,50000,-0.0160,0.0400,+0.0,+0.0000,NONE,RUNNING
"=""2026-08-09 19:15:03""",64951,0,0,0,50000,-0.0161,0.0400,+0.0,+0.0000,NONE,RUNNING
"=""2026-08-09 19:15:04""",64950,0,0,0,50000,-0.0161,0.0400,+0.0,+0.0000,NONE,RUNNING
"=""2026-08-09 19:15:05""",64951,0,0,0,50000,-0.0150,0.0400,+0.0,+0.0000,NONE,RUNNING
"=""2026-08-09 19:15:06""",64951,0,0,0,50000,-0.0150,0.0400,+0.0,+0.0000,NONE,RUNNING
"=""2026-08-09 19:15:07""",64951,0,0,0,50000,-0.0150,0.0400,+0.0,+0.0000,NONE,RUNNING
"=""2026-08-09 19:15:08""",64951,0,0,0,50000,-0.0150,0.0400,+0.0,+0.0000,NONE,RUNNING
"=""2026-08-09 19:15:09""",64950,0,0,0,50000,-0.0150,0.0400,+0.0,+0.0000,NONE,RUNNING
"=""2026-08-09 19:15:10""",64950,0,0,0,50000,-0.0150,0.0400,+0.0,+0.0000,NONE,RUNNING
"=""2026-08-09 19:15:11""",64950,0,0,0,50000,-0.0133,0.0400,+0.0,+0.0000,NONE,RUNNING
"=""2026-08-09 19:15:12""",64951,0,0,0,50000,-0.0132,0.0400,+0.0,+0.0000,NONE,RUNNING
"=""2026-08-09 19:15:13""",64951,0,0,0,50000,-0.0132,0.0400,+0.0,+0.0000,NONE,RUNNING
"=""2026-08-09 19:15:14""",64950,0,0,0,50000,-0.0132,0.0400,+0.0,+0.0000,NONE,RUNNING
"=""2026-08-09 19:15:15""",64951,0,0,0,50000,-0.0132,0.0400,+0.0,+0.0000,NONE,RUNNING
"=""2026-08-09 19:15:16""",64951,0,0,0,50000,-0.0112,0.0400,+0.0,+0.0000,NONE,RUNNING
"=""2026-08-09 19:15:17""",64951,0,0,0,50000,-0.0111,0.0400,+0.0,+0.0000,NONE,RUNNING
"=""2026-08-09 19:15:18""",64951,0,0,0,50000,-0.0111,0.0400,+0.0,+0.0000,NONE,RUNNING
"=""2026-08-09 19:15:19""",64950,0,0,0,50000,-0.0112,0.0400,+0.0,+0.0000,NONE,RUNNING
"=""2026-08-09 19:15:20""",64951,0,0,0,50000,-0.0112,0.0400,+0.0,+0.0000,NONE,RUNNING
"=""2026-08-09 19:15:21""",64951,0,0,0,50000,-0.0104,0.0400,+0.0,+0.0000,NONE,RUNNING
"=""2026-08-09 19:15:22""",64950,0,0,0,50000,-0.0106,0.0400,+0.0,+0.0000,NONE,RUNNING
"=""2026-08-09 19:15:23""",64950,0,0,0,50000,-0.0106,0.0400,+0.0,+0.0000,NONE,RUNNING
"=""2026-08-09 19:15:24""",64950,0,0,0,50000,-0.0094,0.0400,+0.0,+0.0000,NONE,RUNNING
"=""2026-08-09 19:15:25""",64950,0,0,0,50000,-0.0103,0.0400,+0.0,+0.0000,NONE,RUNNING
"=""2026-08-09 19:16:25""",64951,30807,10807,19999,50000,-0.0003,0.0400,+0.0,+0.0000,NONE,RUNNING
"=""2026-08-09 19:17:26""",64950,27660,27660,0,50000,+0.0052,0.0400,+0.0,+0.0000,NONE,RUNNING
"=""2026-08-09 19:18:26""",64950,29822,0,29822,50000,+0.0008,0.0400,+0.0,+0.0000,NONE,RUNNING
"=""2026-08-09 19:19:26""",64950,387435,367661,19773,50000,+0.0097,0.0400,+0.0,+0.0000,NONE,RUNNING
"=""2026-08-09 19:20:26""",64950,31259,11280,19979,50000,+0.0022,0.0400,+0.0,+0.0000,NONE,RUNNING
"=""2026-08-09 19:20:58""",64977,597458,124751,472707,50000,-0.0304,0.0400,+0.0,+0.0000,NONE,RUNNING
"=""2026-08-09 19:20:59""",64976,597458,124751,472707,50000,-0.0304,0.0400,+0.0,+0.0000,NONE,RUNNING
"=""2026-08-09 19:21:00""",64976,597458,124751,472707,50000,-0.0302,0.0400,+0.0,+0.0000,NONE,RUNNING
"=""2026-08-09 19:21:01""",64976,597458,124751,472707,50000,-0.0302,0.0400,+0.0,+0.0000,NONE,RUNNING
"=""2026-08-09 19:21:02""",64976,597458,124751,472707,50000,-0.0188,0.0400,+0.0,+0.0000,NONE,RUNNING
"=""2026-08-09 19:21:03""",64976,597458,124751,472707,50000,-0.0189,0.0400,+0.0,+0.0000,NONE,RUNNING
"=""2026-08-09 19:21:04""",64976,597458,124751,472707,50000,-0.0189,0.0400,+0.0,+0.0000,NONE,RUNNING
"=""2026-08-09 19:21:05""",64976,607481,124751,482730,50000,-0.0176,0.0400,+0.0,+0.0000,NONE,RUNNING
"=""2026-08-09 19:21:06""",64976,607481,124751,482730,50000,-0.0180,0.0400,+0.0,+0.0000,NONE,RUNNING
"=""2026-08-09 19:21:07""",64976,629329,146598,482730,50000,-0.0180,0.0400,+0.0,+0.0000,NONE,RUNNING
"=""2026-08-09 19:21:08""",64971,629329,146598,482730,50000,-0.0181,0.0400,+0.0,+0.0000,NONE,RUNNING
"=""2026-08-09 19:21:09""",64971,629329,146598,482730,50000,-0.0181,0.0400,+0.0,+0.0000,NONE,RUNNING
"=""2026-08-09 19:21:10""",64971,629329,146598,482730,50000,-0.0181,0.0400,+0.0,+0.0000,NONE,RUNNING
"=""2026-08-09 19:21:11""",64971,629329,146598,482730,50000,-0.0174,0.0400,+0.0,+0.0000,NONE,RUNNING
"=""2026-08-09 19:21:12""",64971,629329,146598,482730,50000,-0.0174,0.0400,+0.0,+0.0000,NONE,RUNNING
"=""2026-08-09 19:21:13""",64971,629329,146598,482730,50000,-0.0174,0.0400,+0.0,+0.0000,NONE,RUNNING
"=""2026-08-09 19:21:14""",64971,609349,146598,462751,50000,-0.0174,0.0400,+0.0,+0.0000,NONE,RUNNING
"=""2026-08-09 19:21:15""",64971,609349,146598,462751,50000,-0.0175,0.0400,+0.0,+0.0000,NONE,RUNNING
"=""2026-08-09 19:21:16""",64971,609349,146598,462751,50000,-0.0175,0.0400,+0.0,+0.0000,NONE,RUNNING
"=""2026-08-09 19:21:17""",64971,609349,146598,462751,50000,-0.0198,0.0400,+0.0,+0.0000,NONE,RUNNING
"=""2026-08-09 19:21:18""",64971,609349,146598,462751,50000,-0.0201,0.0400,+0.0,+0.0000,NONE,RUNNING
"=""2026-08-09 19:21:19""",64971,609349,146598,462751,50000,-0.0201,0.0400,+0.0,+0.0000,NONE,RUNNING
"=""2026-08-09 19:21:20""",64971,609349,146598,462751,50000,-0.0204,0.0400,+0.0,+0.0000,NONE,RUNNING
"=""2026-08-09 19:21:21""",64971,609349,146598,462751,50000,-0.0205,0.0400,+0.0,+0.0000,NONE,RUNNING
"=""2026-08-09 19:21:22""",64971,609349,146598,462751,50000,-0.0205,0.0400,+0.0,+0.0000,NONE,RUNNING
"=""2026-08-09 19:21:23""",64971,609349,146598,462751,50000,-0.0204,0.0400,+0.0,+0.0000,NONE,RUNNING
"=""2026-08-09 19:21:24""",64971,609349,146598,462751,50000,-0.0204,0.0400,+0.0,+0.0000,NONE,RUNNING
"=""2026-08-09 19:21:25""",64971,609349,146598,462751,50000,-0.0204,0.0400,+0.0,+0.0000,NONE,RUNNING
"=""2026-08-09 19:21:26""",64971,609349,146598,462751,50000,-0.0207,0.0400,+0.0,+0.0000,NONE,RUNNING
"=""2026-08-09 19:21:27""",64971,609349,146598,462751,50000,-0.0207,0.0400,+0.0,+0.0000,NONE,RUNNING
"=""2026-08-09 19:21:28""",64971,609349,146598,462751,50000,-0.0207,0.0400,+0.0,+0.0000,NONE,RUNNING
"=""2026-08-09 19:21:29""",64971,609349,146598,462751,50000,-0.0207,0.0400,+0.0,+0.0000,NONE,RUNNING
"=""2026-08-09 19:21:30""",64971,609349,146598,462751,50000,-0.0207,0.0400,+0.0,+0.0000,NONE,RUNNING
"=""2026-08-09 19:21:31""",64971,576874,146598,430275,50000,-0.0209,0.0400,+0.0,+0.0000,NONE,RUNNING
"=""2026-08-09 19:21:32""",64971,576874,146598,430275,50000,-0.0210,0.0400,+0.0,+0.0000,NONE,RUNNING
"=""2026-08-09 19:21:33""",64971,576874,146598,430275,50000,-0.0210,0.0400,+0.0,+0.0000,NONE,RUNNING
"=""2026-08-09 19:21:34""",64971,576874,146598,430275,50000,-0.0210,0.0400,+0.0,+0.0000,NONE,RUNNING
"=""2026-08-09 19:21:35""",64971,576874,146598,430275,50000,-0.0210,0.0400,+0.0,+0.0000,NONE,RUNNING
"=""2026-08-09 19:21:36""",64971,576874,146598,430275,50000,-0.0221,0.0400,+0.0,+0.0000,NONE,RUNNING
"=""2026-08-09 19:21:37""",64971,576874,146598,430275,50000,-0.0221,0.0400,+0.0,+0.0000,NONE,RUNNING
"=""2026-08-09 19:21:38""",64971,576874,146598,430275,50000,-0.0221,0.0400,+0.0,+0.0000,NONE,RUNNING
"=""2026-08-09 19:21:39""",64971,576874,146598,430275,50000,-0.0221,0.0400,+0.0,+0.0000,NONE,RUNNING
"=""2026-08-09 19:21:40""",64971,642414,212138,430275,50000,-0.0221,0.0400,+0.0,+0.0000,NONE,RUNNING
"=""2026-08-09 19:21:41""",64970,642414,212138,430275,50000,-0.0221,0.0400,+0.0,+0.0000,NONE,RUNNING
"=""2026-08-09 19:21:42""",64970,642414,212138,430275,50000,-0.0221,0.0400,+0.0,+0.0000,NONE,RUNNING
"=""2026-08-09 19:21:43""",64970,642414,212138,430275,50000,-0.0221,0.0400,+0.0,+0.0000,NONE,RUNNING
"=""2026-08-09 19:21:44""",64970,642414,212138,430275,50000,-0.0228,0.0400,+0.0,+0.0000,NONE,RUNNING
"=""2026-08-09 19:21:45""",64970,642414,212138,430275,50000,-0.0228,0.0400,+0.0,+0.0000,NONE,RUNNING
"=""2026-08-09 19:21:46""",64970,642414,212138,430275,50000,-0.0234,0.0400,+0.0,+0.0000,NONE,RUNNING
"=""2026-08-09 19:21:47""",64970,642414,212138,430275,50000,-0.0234,0.0400,+0.0,+0.0000,NONE,RUNNING
"=""2026-08-09 19:21:48""",64970,630206,199931,430275,50000,-0.0234,0.0400,+0.0,+0.0000,NONE,RUNNING
"=""2026-08-09 19:21:49""",64970,473908,199931,273977,50000,-0.0221,0.0400,+0.0,+0.0000,NONE,RUNNING
"=""2026-08-09 19:21:50""",64970,451542,199931,251611,50000,-0.0220,0.0400,+0.0,+0.0000,NONE,RUNNING
"=""2026-08-09 19:21:51""",64970,451542,199931,251611,50000,-0.0220,0.0400,+0.0,+0.0000,NONE,RUNNING
"=""2026-08-09 19:21:52""",64970,451542,199931,251611,50000,-0.0220,0.0400,+0.0,+0.0000,NONE,RUNNING
"=""2026-08-09 19:21:53""",64970,451542,199931,251611,50000,-0.0222,0.0400,+0.0,+0.0000,NONE,RUNNING
"=""2026-08-09 19:21:54""",64970,451542,199931,251611,50000,-0.0222,0.0400,+0.0,+0.0000,NONE,RUNNING
"=""2026-08-09 19:21:55""",64970,209954,199931,10023,50000,-0.0011,0.0400,+0.0,+0.0000,NONE,RUNNING
"=""2026-08-09 19:21:56""",64970,162408,152385,10023,50000,-0.0011,0.0400,+0.0,+0.0000,NONE,RUNNING
"=""2026-08-09 19:21:58""",64970,142761,132737,10023,50000,-0.0011,0.0400,+0.0,+0.0000,NONE,RUNNING
"=""2026-08-09 19:21:59""",64970,97410,87387,10023,50000,+0.0096,0.0400,+0.0,+0.0000,NONE,RUNNING
"=""2026-08-09 19:22:00""",64970,97410,87387,10023,50000,+0.0082,0.0400,+0.0,+0.0000,NONE,RUNNING
"=""2026-08-09 19:22:01""",64970,97410,87387,10023,50000,+0.0082,0.0400,+0.0,+0.0000,NONE,RUNNING
"=""2026-08-09 19:22:02""",64970,97410,87387,10023,50000,-0.0032,0.0400,+0.0,+0.0000,NONE,RUNNING
"=""2026-08-09 19:22:03""",64970,97410,87387,10023,50000,-0.0032,0.0400,+0.0,+0.0000,NONE,RUNNING
"=""2026-08-09 19:22:04""",64970,97410,87387,10023,50000,-0.0032,0.0400,+0.0,+0.0000,NONE,RUNNING
"=""2026-08-09 19:22:05""",64970,87387,87387,0,50000,-0.0045,0.0400,+0.0,+0.0000,NONE,RUNNING
"=""2026-08-09 19:22:06""",64970,87387,87387,0,50000,-0.0043,0.0400,+0.0,+0.0000,NONE,RUNNING
"=""2026-08-09 19:22:07""",64970,87387,87387,0,50000,-0.0043,0.0400,+0.0,+0.0000,NONE,RUNNING
"=""2026-08-09 19:22:08""",64970,65539,65539,0,50000,-0.0042,0.0400,+0.0,+0.0000,NONE,RUNNING
"=""2026-08-09 19:22:09""",64970,65539,65539,0,50000,-0.0044,0.0400,+0.0,+0.0000,NONE,RUNNING
"=""2026-08-09 19:22:10""",64970,65539,65539,0,50000,-0.0051,0.0400,+0.0,+0.0000,NONE,RUNNING
"=""2026-08-09 19:22:11""",64970,95567,95567,0,50000,-0.0051,0.0400,+0.0,+0.0000,NONE,RUNNING
"=""2026-08-09 19:22:12""",64970,95567,95567,0,50000,-0.0051,0.0400,+0.0,+0.0000,NONE,RUNNING
"=""2026-08-09 19:22:13""",64970,95567,95567,0,50000,-0.0051,0.0400,+0.0,+0.0000,NONE,RUNNING
"=""2026-08-09 19:22:14""",64970,95567,95567,0,50000,-0.0051,0.0400,+0.0,+0.0000,NONE,RUNNING
"=""2026-08-09 19:22:15""",64970,95567,95567,0,50000,-0.0051,0.0400,+0.0,+0.0000,NONE,RUNNING
"=""2026-08-09 19:22:16""",64970,95567,95567,0,50000,-0.0051,0.0400,+0.0,+0.0000,NONE,RUNNING
"=""2026-08-09 19:22:17""",64970,95567,95567,0,50000,-0.0028,0.0400,+0.0,+0.0000,NONE,RUNNING
"=""2026-08-09 19:22:18""",64970,95567,95567,0,50000,-0.0028,0.0400,+0.0,+0.0000,NONE,RUNNING
"=""2026-08-09 19:22:19""",64970,95567,95567,0,50000,-0.0029,0.0400,+0.0,+0.0000,NONE,RUNNING
"=""2026-08-09 19:22:20""",64970,95567,95567,0,50000,-0.0025,0.0400,+0.0,+0.0000,NONE,RUNNING
"=""2026-08-09 19:22:21""",64970,95567,95567,0,50000,-0.0025,0.0400,+0.0,+0.0000,NONE,RUNNING
"=""2026-08-09 19:22:22""",64970,95567,95567,0,50000,-0.0025,0.0400,+0.0,+0.0000,NONE,RUNNING
"=""2026-08-09 19:22:23""",64970,95567,95567,0,50000,-0.0026,0.0400,+0.0,+0.0000,NONE,RUNNING
"=""2026-08-09 19:22:24""",64970,95567,95567,0,50000,-0.0026,0.0400,+0.0,+0.0000,NONE,RUNNING
"=""2026-08-09 19:22:25""",64970,95567,95567,0,50000,-0.0026,0.0400,+0.0,+0.0000,NONE,RUNNING
"=""2026-08-09 19:22:26""",64970,95567,95567,0,50000,-0.0023,0.0400,+0.0,+0.0000,NONE,RUNNING
"=""2026-08-09 19:22:27""",64970,95567,95567,0,50000,-0.0023,0.0400,+0.0,+0.0000,NONE,RUNNING
"=""2026-08-09 19:22:28""",64970,95567,95567,0,50000,-0.0022,0.0400,+0.0,+0.0000,NONE,RUNNING
"=""2026-08-09 19:22:29""",64970,95567,95567,0,50000,-0.0022,0.0400,+0.0,+0.0000,NONE,RUNNING
"=""2026-08-09 19:22:30""",64970,95567,95567,0,50000,-0.0022,0.0400,+0.0,+0.0000,NONE,RUNNING
"=""2026-08-09 19:22:31""",64970,95567,95567,0,50000,-0.0023,0.0400,+0.0,+0.0000,NONE,RUNNING
"=""2026-08-09 19:22:32""",64970,95567,95567,0,50000,-0.0022,0.0400,+0.0,+0.0000,NONE,RUNNING
"=""2026-08-09 19:22:33""",64970,95567,95567,0,50000,-0.0025,0.0400,+0.0,+0.0000,NONE,RUNNING
"=""2026-08-09 19:22:34""",64970,95567,95567,0,50000,-0.0025,0.0400,+0.0,+0.0000,NONE,RUNNING
"=""2026-08-09 19:22:35""",64970,95567,95567,0,50000,-0.0025,0.0400,+0.0,+0.0000,NONE,RUNNING
"=""2026-08-09 19:22:36""",64970,95567,95567,0,50000,-0.0025,0.0400,+0.0,+0.0000,NONE,RUNNING
"=""2026-08-09 19:22:37""",64970,95567,95567,0,50000,-0.0027,0.0400,+0.0,+0.0000,NONE,RUNNING
"=""2026-08-09 19:22:38""",64970,95567,95567,0,50000,-0.0027,0.0400,+0.0,+0.0000,NONE,RUNNING
"=""2026-08-09 19:22:39""",64970,95567,95567,0,50000,-0.0027,0.0400,+0.0,+0.0000,NONE,RUNNING
"=""2026-08-09 19:22:40""",64970,70519,70519,0,50000,-0.0027,0.0400,+0.0,+0.0000,NONE,RUNNING
"=""2026-08-09 19:22:41""",64970,30028,30028,0,50000,-0.0027,0.0400,+0.0,+0.0000,NONE,RUNNING
"=""2026-08-09 19:22:42""",64970,30028,30028,0,50000,-0.0027,0.0400,+0.0,+0.0000,NONE,RUNNING
"=""2026-08-09 19:22:43""",64970,30028,30028,0,50000,-0.0027,0.0400,+0.0,+0.0000,NONE,RUNNING
"=""2026-08-09 19:22:44""",64970,30028,30028,0,50000,-0.0020,0.0400,+0.0,+0.0000,NONE,RUNNING
"=""2026-08-09 19:22:45""",64970,30028,30028,0,50000,-0.0020,0.0400,+0.0,+0.0000,NONE,RUNNING
"=""2026-08-09 19:22:46""",64970,30028,30028,0,50000,-0.0020,0.0400,+0.0,+0.0000,NONE,RUNNING
"=""2026-08-09 19:22:47""",64970,30028,30028,0,50000,-0.0020,0.0400,+0.0,+0.0000,NONE,RUNNING
"=""2026-08-09 19:22:48""",64970,30028,30028,0,50000,-0.0020,0.0400,+0.0,+0.0000,NONE,RUNNING
"=""2026-08-09 19:22:49""",64970,30028,30028,0,50000,-0.0020,0.0400,+0.0,+0.0000,NONE,RUNNING
"=""2026-08-09 19:22:50""",64970,30028,30028,0,50000,-0.0020,0.0400,+0.0,+0.0000,NONE,RUNNING
"=""2026-08-09 19:22:51""",64970,30028,30028,0,50000,-0.0021,0.0400,+0.0,+0.0000,NONE,RUNNING
"=""2026-08-09 19:22:52""",64970,30028,30028,0,50000,-0.0021,0.0400,+0.0,+0.0000,NONE,RUNNING
"=""2026-08-09 19:22:53""",64970,30028,30028,0,50000,-0.0021,0.0400,+0.0,+0.0000,NONE,RUNNING
"=""2026-08-09 19:22:54""",64970,30028,30028,0,50000,-0.0021,0.0400,+0.0,+0.0000,NONE,RUNNING
"=""2026-08-09 19:23:54""",64970,274615,248729,25886,50000,-0.0056,0.0400,+0.0,+0.0000,NONE,RUNNING
"=""2026-08-09 19:24:54""",64970,0,0,0,50000,-0.0099,0.0400,+0.0,+0.0000,NONE,RUNNING
"=""2026-08-09 19:25:54""",64970,0,0,0,50000,-0.0002,0.0400,+0.0,+0.0000,NONE,RUNNING
"=""2026-08-09 19:26:51""",64948,551536,551536,0,50000,-0.0232,0.0400,+0.0,+0.0000,NONE,RUNNING
"=""2026-08-09 19:26:52""",64948,551536,551536,0,50000,-0.0232,0.0400,+0.0,+0.0000,NONE,RUNNING
"=""2026-08-09 19:26:53""",64948,551536,551536,0,50000,-0.0232,0.0400,+0.0,+0.0000,NONE,RUNNING
"=""2026-08-09 19:26:54""",64948,561928,561928,0,50000,-0.0233,0.0400,+0.0,+0.0000,NONE,RUNNING
"=""2026-08-09 19:26:55""",64948,561928,561928,0,50000,-0.0233,0.0400,+0.0,+0.0000,NONE,RUNNING
"=""2026-08-09 19:26:56""",64948,81708,81708,0,50000,-0.0231,0.0400,+0.0,+0.0000,NONE,RUNNING
"=""2026-08-09 19:26:57""",64948,81708,81708,0,50000,-0.0231,0.0400,+0.0,+0.0000,NONE,RUNNING
"=""2026-08-09 19:26:58""",64948,81708,81708,0,50000,-0.0231,0.0400,+0.0,+0.0000,NONE,RUNNING
"=""2026-08-09 19:26:59""",64948,81708,81708,0,50000,-0.0156,0.0400,+0.0,+0.0000,NONE,RUNNING
"=""2026-08-09 19:27:00""",64948,109126,109126,0,50000,-0.0191,0.0400,+0.0,+0.0000,NONE,RUNNING
"=""2026-08-09 19:27:01""",64947,109126,109126,0,50000,-0.0191,0.0400,+0.0,+0.0000,NONE,RUNNING
"=""2026-08-09 19:27:02""",64947,109126,109126,0,50000,-0.0168,0.0400,+0.0,+0.0000,NONE,RUNNING
"=""2026-08-09 19:27:03""",64947,109126,109126,0,50000,-0.0168,0.0400,+0.0,+0.0000,NONE,RUNNING
"=""2026-08-09 19:27:04""",64947,109126,109126,0,50000,-0.0178,0.0400,+0.0,+0.0000,NONE,RUNNING
"=""2026-08-09 19:27:05""",64946,109126,109126,0,50000,-0.0170,0.0400,+0.0,+0.0000,NONE,RUNNING
"=""2026-08-09 19:27:06""",64946,96633,96633,0,50000,-0.0170,0.0400,+0.0,+0.0000,NONE,RUNNING
"=""2026-08-09 19:27:07""",64946,96633,96633,0,50000,-0.0172,0.0400,+0.0,+0.0000,NONE,RUNNING
"=""2026-08-09 19:27:08""",64946,96633,96633,0,50000,-0.0160,0.0400,+0.0,+0.0000,NONE,RUNNING
"=""2026-08-09 19:27:09""",64946,96633,96633,0,50000,-0.0160,0.0400,+0.0,+0.0000,NONE,RUNNING
"=""2026-08-09 19:27:10""",64946,111435,111435,0,50000,-0.0167,0.0400,+0.0,+0.0000,NONE,RUNNING
"=""2026-08-09 19:27:11""",64944,101043,101043,0,50000,-0.0167,0.0400,+0.0,+0.0000,NONE,RUNNING
"=""2026-08-09 19:27:12""",64944,101043,101043,0,50000,-0.0167,0.0400,+0.0,+0.0000,NONE,RUNNING
"=""2026-08-09 19:27:13""",64944,101043,101043,0,50000,-0.0166,0.0400,+0.0,+0.0000,NONE,RUNNING
"=""2026-08-09 19:27:14""",64944,101043,101043,0,50000,-0.0146,0.0400,+0.0,+0.0000,NONE,RUNNING
"=""2026-08-09 19:27:15""",64944,101043,101043,0,50000,-0.0146,0.0400,+0.0,+0.0000,NONE,RUNNING
"=""2026-08-09 19:27:16""",64944,101043,101043,0,50000,-0.0148,0.0400,+0.0,+0.0000,NONE,RUNNING
"=""2026-08-09 19:27:17""",64944,101043,101043,0,50000,-0.0148,0.0400,+0.0,+0.0000,NONE,RUNNING
"=""2026-08-09 19:27:18""",64944,101043,101043,0,50000,-0.0148,0.0400,+0.0,+0.0000,NONE,RUNNING
"=""2026-08-09 19:27:19""",64944,101043,101043,0,50000,-0.0148,0.0400,+0.0,+0.0000,NONE,RUNNING
"=""2026-08-09 19:27:20""",64944,101043,101043,0,50000,-0.0148,0.0400,+0.0,+0.0000,NONE,RUNNING
"=""2026-08-09 19:27:21""",64944,101043,101043,0,50000,-0.0135,0.0400,+0.0,+0.0000,NONE,RUNNING
"=""2026-08-09 19:27:22""",64944,101043,101043,0,50000,-0.0133,0.0400,+0.0,+0.0000,NONE,RUNNING
"=""2026-08-09 19:27:23""",64944,101043,101043,0,50000,-0.0133,0.0400,+0.0,+0.0000,NONE,RUNNING
"=""2026-08-09 19:27:25""",64944,101043,101043,0,50000,-0.0144,0.0400,+0.0,+0.0000,NONE,RUNNING
"=""2026-08-09 19:27:26""",64944,101043,101043,0,50000,-0.0144,0.0400,+0.0,+0.0000,NONE,RUNNING
"=""2026-08-09 19:27:27""",64944,101043,101043,0,50000,-0.0144,0.0400,+0.0,+0.0000,NONE,RUNNING
"=""2026-08-09 19:27:28""",64944,101043,101043,0,50000,-0.0144,0.0400,+0.0,+0.0000,NONE,RUNNING
"=""2026-08-09 19:27:29""",64944,101043,101043,0,50000,-0.0144,0.0400,+0.0,+0.0000,NONE,RUNNING
"=""2026-08-09 19:27:30""",64944,101043,101043,0,50000,-0.0144,0.0400,+0.0,+0.0000,NONE,RUNNING
"=""2026-08-09 19:27:31""",64944,101043,101043,0,50000,-0.0136,0.0400,+0.0,+0.0000,NONE,RUNNING
"=""2026-08-09 19:27:32""",64944,101043,101043,0,50000,-0.0138,0.0400,+0.0,+0.0000,NONE,RUNNING
"=""2026-08-09 19:27:33""",64944,101043,101043,0,50000,-0.0138,0.0400,+0.0,+0.0000,NONE,RUNNING
"=""2026-08-09 19:27:34""",64944,101043,101043,0,50000,-0.0138,0.0400,+0.0,+0.0000,NONE,RUNNING
"=""2026-08-09 19:27:35""",64944,101043,101043,0,50000,-0.0138,0.0400,+0.0,+0.0000,NONE,RUNNING
"=""2026-08-09 19:27:36""",64944,101043,101043,0,50000,-0.0138,0.0400,+0.0,+0.0000,NONE,RUNNING
"=""2026-08-09 19:27:37""",64944,84861,84861,0,50000,-0.0115,0.0400,+0.0,+0.0000,NONE,RUNNING
"=""2026-08-09 19:27:38""",64944,84861,84861,0,50000,-0.0118,0.0400,+0.0,+0.0000,NONE,RUNNING
"=""2026-08-09 19:27:39""",64944,84861,84861,0,50000,-0.0116,0.0400,+0.0,+0.0000,NONE,RUNNING
"=""2026-08-09 19:27:40""",64944,84861,84861,0,50000,-0.0116,0.0400,+0.0,+0.0000,NONE,RUNNING
"=""2026-08-09 19:27:41""",64944,84861,84861,0,50000,-0.0116,0.0400,+0.0,+0.0000,NONE,RUNNING
"=""2026-08-09 19:27:42""",64944,84861,84861,0,50000,-0.0116,0.0400,+0.0,+0.0000,NONE,RUNNING
"=""2026-08-09 19:27:43""",64944,52612,52612,0,50000,-0.0116,0.0400,+0.0,+0.0000,NONE,RUNNING
"=""2026-08-09 19:27:44""",64944,52612,52612,0,50000,-0.0116,0.0400,+0.0,+0.0000,NONE,RUNNING
"=""2026-08-09 19:27:45""",64944,52612,52612,0,50000,-0.0108,0.0400,+0.0,+0.0000,NONE,RUNNING
"=""2026-08-09 19:27:46""",64944,52612,52612,0,50000,-0.0108,0.0400,+0.0,+0.0000,NONE,RUNNING
"=""2026-08-09 19:27:47""",64944,52612,52612,0,50000,-0.0105,0.0400,+0.0,+0.0000,NONE,RUNNING
"=""2026-08-09 19:27:48""",64944,52612,52612,0,50000,-0.0105,0.0400,+0.0,+0.0000,NONE,RUNNING
"=""2026-08-09 19:27:49""",64944,52612,52612,0,50000,-0.0105,0.0400,+0.0,+0.0000,NONE,RUNNING
"=""2026-08-09 19:27:50""",64944,52612,52612,0,50000,-0.0148,0.0400,+0.0,+0.0000,NONE,RUNNING
"=""2026-08-09 19:27:51""",64947,138897,52612,86284,50000,-0.0148,0.0400,+0.0,+0.0000,NONE,RUNNING
"=""2026-08-09 19:27:52""",64947,138897,52612,86284,50000,-0.0101,0.0400,+0.0,+0.0000,NONE,RUNNING
"=""2026-08-09 19:27:53""",64947,138897,52612,86284,50000,-0.0113,0.0400,+0.0,+0.0000,NONE,RUNNING
"=""2026-08-09 19:27:54""",64947,128505,42220,86284,50000,-0.0113,0.0400,+0.0,+0.0000,NONE,RUNNING
"=""2026-08-09 19:27:55""",64947,128505,42220,86284,50000,-0.0111,0.0400,+0.0,+0.0000,NONE,RUNNING
"=""2026-08-09 19:27:56""",64947,128505,42220,86284,50000,-0.0101,0.0400,+0.0,+0.0000,NONE,RUNNING
"=""2026-08-09 19:27:57""",64947,128505,42220,86284,50000,-0.0101,0.0400,+0.0,+0.0000,NONE,RUNNING
"=""2026-08-09 19:27:58""",64947,128505,42220,86284,50000,-0.0101,0.0400,+0.0,+0.0000,NONE,RUNNING
"=""2026-08-09 19:27:59""",64947,128505,42220,86284,50000,-0.0101,0.0400,+0.0,+0.0000,NONE,RUNNING
"=""2026-08-09 19:28:59""",64950,99547,0,99547,50000,+0.0031,0.0400,+0.0,+0.0000,NONE,RUNNING
"=""2026-08-09 19:29:59""",64970,1090355,261666,828688,50000,+0.0026,0.0400,+0.0,+0.0000,NONE,RUNNING
"=""2026-08-09 19:30:59""",64970,0,0,0,50000,+0.0000,0.0400,+0.0,+0.0000,NONE,RUNNING
"=""2026-08-09 19:31:59""",64958,395540,120754,274785,50000,+0.0148,0.0400,+0.0,+0.0000,NONE,RUNNING
"=""2026-08-09 19:32:59""",64944,32455,32455,0,50000,-0.0109,0.0400,+0.0,+0.0000,NONE,RUNNING
"=""2026-08-09 19:33:59""",64943,23416,23416,0,50000,-0.0026,0.0400,+0.0,+0.0000,NONE,RUNNING
"=""2026-08-09 19:34:59""",64942,23022,23022,0,50000,-0.0005,0.0400,+0.0,+0.0000,NONE,RUNNING
"=""2026-08-09 19:35:59""",64944,688144,10575,677569,50000,-0.0104,0.0400,+0.0,+0.0000,NONE,RUNNING
"=""2026-08-09 19:36:59""",64944,0,0,0,50000,+0.0015,0.0400,+0.0,+0.0000,NONE,RUNNING
"=""2026-08-09 19:37:59""",64944,0,0,0,50000,-0.0007,0.0400,+0.0,+0.0000,NONE,RUNNING
"=""2026-08-09 19:38:59""",64944,468460,168460,299999,50000,-0.0001,0.0400,+0.0,+0.0000,NONE,RUNNING
"=""2026-08-09 19:39:59""",64944,601028,534600,66427,50000,-0.0020,0.0400,+0.0,+0.0000,NONE,RUNNING
"=""2026-08-09 19:41:00""",64944,113146,113146,0,50000,+0.0010,0.0400,+0.0,+0.0000,NONE,RUNNING
"=""2026-08-09 19:42:00""",64944,34776,0,34776,50000,-0.0002,0.0400,+0.0,+0.0000,NONE,RUNNING
"=""2026-08-09 19:43:00""",64944,25977,25977,0,50000,+0.0009,0.0400,+0.0,+0.0000,NONE,RUNNING
"=""2026-08-09 19:44:00""",64944,73843,73843,0,50000,-0.0003,0.0400,+0.0,+0.0000,NONE,RUNNING
"=""2026-08-09 19:45:00""",64944,140872,140872,0,50000,+0.0010,0.0400,+0.0,+0.0000,NONE,RUNNING
"=""2026-08-09 19:46:00""",64944,0,0,0,50000,+0.0007,0.0400,+0.0,+0.0000,NONE,RUNNING
"=""2026-08-09 19:47:00""",64975,1225745,36875,1188869,50000,+0.0074,0.0400,+0.0,+0.0000,NONE,RUNNING
"=""2026-08-09 19:48:00""",64976,434810,0,434810,50000,+0.0011,0.0400,+0.0,+0.0000,NONE,RUNNING
"=""2026-08-09 19:49:00""",64977,64977,0,64977,50000,+0.0067,0.0400,+0.0,+0.0000,NONE,RUNNING
"=""2026-08-09 19:49:04""",64977,327029,262051,64977,50000,+0.0269,0.0400,+0.0,+0.0000,NONE,RUNNING
"=""2026-08-09 19:49:05""",64977,327029,262051,64977,50000,+0.0269,0.0400,+0.0,+0.0000,NONE,RUNNING
"=""2026-08-09 19:49:06""",64977,327029,262051,64977,50000,+0.0269,0.0400,+0.0,+0.0000,NONE,RUNNING
"=""2026-08-09 19:49:07""",64977,327029,262051,64977,50000,+0.0269,0.0400,+0.0,+0.0000,NONE,RUNNING
"=""2026-08-09 19:49:08""",64977,327029,262051,64977,50000,+0.0264,0.0400,+0.0,+0.0000,NONE,RUNNING
"=""2026-08-09 19:49:09""",64977,327029,262051,64977,50000,+0.0201,0.0400,+0.0,+0.0000,NONE,RUNNING
"=""2026-08-09 19:49:10""",64977,327029,262051,64977,50000,+0.0201,0.0400,+0.0,+0.0000,NONE,RUNNING
"=""2026-08-09 19:49:11""",64977,327029,262051,64977,50000,+0.0201,0.0400,+0.0,+0.0000,NONE,RUNNING
"=""2026-08-09 19:49:12""",64977,327029,262051,64977,50000,+0.0201,0.0400,+0.0,+0.0000,NONE,RUNNING
"=""2026-08-09 19:49:13""",64977,341130,276153,64977,50000,+0.0201,0.0400,+0.0,+0.0000,NONE,RUNNING
"=""2026-08-09 19:49:14""",64977,341130,276153,64977,50000,+0.0202,0.0400,+0.0,+0.0000,NONE,RUNNING
"=""2026-08-09 19:49:15""",64977,341130,276153,64977,50000,+0.0201,0.0400,+0.0,+0.0000,NONE,RUNNING
"=""2026-08-09 19:49:16""",64977,276153,276153,0,50000,+0.0202,0.0400,+0.0,+0.0000,NONE,RUNNING
"=""2026-08-09 19:49:17""",64977,276153,276153,0,50000,+0.0202,0.0400,+0.0,+0.0000,NONE,RUNNING
"=""2026-08-09 19:49:18""",64977,276153,276153,0,50000,+0.0189,0.0400,+0.0,+0.0000,NONE,RUNNING
"=""2026-08-09 19:49:19""",64977,276153,276153,0,50000,+0.0189,0.0400,+0.0,+0.0000,NONE,RUNNING
"=""2026-08-09 19:49:20""",64977,276153,276153,0,50000,+0.0189,0.0400,+0.0,+0.0000,NONE,RUNNING
"=""2026-08-09 19:49:21""",64977,276153,276153,0,50000,+0.0184,0.0400,+0.0,+0.0000,NONE,RUNNING
"=""2026-08-09 19:49:22""",64977,276153,276153,0,50000,+0.0184,0.0400,+0.0,+0.0000,NONE,RUNNING
"=""2026-08-09 19:49:23""",64977,276153,276153,0,50000,+0.0181,0.0400,+0.0,+0.0000,NONE,RUNNING
"=""2026-08-09 19:49:24""",64977,276153,276153,0,50000,+0.0178,0.0400,+0.0,+0.0000,NONE,RUNNING
"=""2026-08-09 19:49:25""",64977,276153,276153,0,50000,+0.0178,0.0400,+0.0,+0.0000,NONE,RUNNING
"=""2026-08-09 19:49:26""",64977,276153,276153,0,50000,+0.0178,0.0400,+0.0,+0.0000,NONE,RUNNING
"=""2026-08-09 19:49:27""",64977,276153,276153,0,50000,+0.0178,0.0400,+0.0,+0.0000,NONE,RUNNING
"=""2026-08-09 19:49:28""",64977,276153,276153,0,50000,+0.0178,0.0400,+0.0,+0.0000,NONE,RUNNING
"=""2026-08-09 19:49:29""",64977,276153,276153,0,50000,+0.0174,0.0400,+0.0,+0.0000,NONE,RUNNING
"=""2026-08-09 19:49:30""",64977,276153,276153,0,50000,+0.0174,0.0400,+0.0,+0.0000,NONE,RUNNING
"=""2026-08-09 19:49:31""",64977,276153,276153,0,50000,+0.0174,0.0400,+0.0,+0.0000,NONE,RUNNING
"=""2026-08-09 19:49:32""",64977,276153,276153,0,50000,+0.0176,0.0400,+0.0,+0.0000,NONE,RUNNING
"=""2026-08-09 19:49:33""",64977,276153,276153,0,50000,+0.0172,0.0400,+0.0,+0.0000,NONE,RUNNING
"=""2026-08-09 19:49:34""",64977,276153,276153,0,50000,+0.0172,0.0400,+0.0,+0.0000,NONE,RUNNING
"=""2026-08-09 19:49:35""",64977,276153,276153,0,50000,+0.0177,0.0400,+0.0,+0.0000,NONE,RUNNING
"=""2026-08-09 19:49:36""",64977,276153,276153,0,50000,+0.0177,0.0400,+0.0,+0.0000,NONE,RUNNING
"=""2026-08-09 19:49:37""",64977,317738,317738,0,50000,+0.0177,0.0400,+0.0,+0.0000,NONE,RUNNING
"=""2026-08-09 19:49:38""",64977,317738,317738,0,50000,+0.0185,0.0400,+0.0,+0.0000,NONE,RUNNING
"=""2026-08-09 19:49:39""",64977,317738,317738,0,50000,+0.0185,0.0400,+0.0,+0.0000,NONE,RUNNING
"=""2026-08-09 19:49:40""",64977,317738,317738,0,50000,+0.0185,0.0400,+0.0,+0.0000,NONE,RUNNING
"=""2026-08-09 19:49:41""",64977,317738,317738,0,50000,+0.0185,0.0400,+0.0,+0.0000,NONE,RUNNING
"=""2026-08-09 19:49:42""",64977,317738,317738,0,50000,+0.0185,0.0400,+0.0,+0.0000,NONE,RUNNING
"=""2026-08-09 19:49:43""",64977,317738,317738,0,50000,+0.0184,0.0400,+0.0,+0.0000,NONE,RUNNING
"=""2026-08-09 19:49:44""",64977,317738,317738,0,50000,+0.0186,0.0400,+0.0,+0.0000,NONE,RUNNING
"=""2026-08-09 19:49:45""",64977,317738,317738,0,50000,+0.0187,0.0400,+0.0,+0.0000,NONE,RUNNING
"=""2026-08-09 19:49:46""",64977,317738,317738,0,50000,+0.0187,0.0400,+0.0,+0.0000,NONE,RUNNING
"=""2026-08-09 19:49:47""",64977,317738,317738,0,50000,+0.0187,0.0400,+0.0,+0.0000,NONE,RUNNING
"=""2026-08-09 19:49:48""",64977,317738,317738,0,50000,+0.0187,0.0400,+0.0,+0.0000,NONE,RUNNING
"=""2026-08-09 19:49:49""",64977,317738,317738,0,50000,+0.0187,0.0400,+0.0,+0.0000,NONE,RUNNING
"=""2026-08-09 19:49:50""",64977,317738,317738,0,50000,+0.0187,0.0400,+0.0,+0.0000,NONE,RUNNING
"=""2026-08-09 19:49:51""",64977,356839,356839,0,50000,+0.0187,0.0400,+0.0,+0.0000,NONE,RUNNING
"=""2026-08-09 19:49:52""",64977,356839,356839,0,50000,+0.0187,0.0400,+0.0,+0.0000,NONE,RUNNING
"=""2026-08-09 19:49:53""",64977,356839,356839,0,50000,+0.0187,0.0400,+0.0,+0.0000,NONE,RUNNING
"=""2026-08-09 19:49:54""",64977,356839,356839,0,50000,+0.0187,0.0400,+0.0,+0.0000,NONE,RUNNING
"=""2026-08-09 19:49:55""",64977,356839,356839,0,50000,+0.0208,0.0400,+0.0,+0.0000,NONE,RUNNING
"=""2026-08-09 19:49:56""",64977,398036,398036,0,50000,+0.0208,0.0400,+0.0,+0.0000,NONE,RUNNING
"=""2026-08-09 19:49:57""",64977,398036,398036,0,50000,+0.0208,0.0400,+0.0,+0.0000,NONE,RUNNING
"=""2026-08-09 19:49:58""",64977,398036,398036,0,50000,+0.0206,0.0400,+0.0,+0.0000,NONE,RUNNING
"=""2026-08-09 19:49:59""",64977,398036,398036,0,50000,+0.0208,0.0400,+0.0,+0.0000,NONE,RUNNING
"=""2026-08-09 19:50:00""",64977,398036,398036,0,50000,+0.0208,0.0400,+0.0,+0.0000,NONE,RUNNING
"=""2026-08-09 19:50:01""",64977,398036,398036,0,50000,+0.0209,0.0400,+0.0,+0.0000,NONE,RUNNING
"=""2026-08-09 19:50:02""",64977,135984,135984,0,50000,+0.0208,0.0400,+0.0,+0.0000,NONE,RUNNING
"=""2026-08-09 19:50:03""",64977,135984,135984,0,50000,+0.0208,0.0400,+0.0,+0.0000,NONE,RUNNING
"=""2026-08-09 19:50:04""",64977,135984,135984,0,50000,+0.0006,0.0400,+0.0,+0.0000,NONE,RUNNING
"=""2026-08-09 19:50:05""",64977,135984,135984,0,50000,+0.0006,0.0400,+0.0,+0.0000,NONE,RUNNING
"=""2026-08-09 19:50:06""",64977,135984,135984,0,50000,+0.0007,0.0400,+0.0,+0.0000,NONE,RUNNING
"=""2026-08-09 19:50:07""",64977,135984,135984,0,50000,+0.0012,0.0400,+0.0,+0.0000,NONE,RUNNING
"=""2026-08-09 19:50:08""",64977,135984,135984,0,50000,+0.0013,0.0400,+0.0,+0.0000,NONE,RUNNING
"=""2026-08-09 19:50:09""",64977,135984,135984,0,50000,+0.0013,0.0400,+0.0,+0.0000,NONE,RUNNING
"=""2026-08-09 19:50:10""",64977,135984,135984,0,50000,+0.0013,0.0400,+0.0,+0.0000,NONE,RUNNING
"=""2026-08-09 19:50:11""",64977,135984,135984,0,50000,+0.0013,0.0400,+0.0,+0.0000,NONE,RUNNING
"=""2026-08-09 19:50:12""",64977,121882,121882,0,50000,+0.0013,0.0400,+0.0,+0.0000,NONE,RUNNING
"=""2026-08-09 19:50:13""",64977,121882,121882,0,50000,+0.0012,0.0400,+0.0,+0.0000,NONE,RUNNING
"=""2026-08-09 19:50:14""",64977,121882,121882,0,50000,+0.0005,0.0400,+0.0,+0.0000,NONE,RUNNING
"=""2026-08-09 19:50:15""",64977,121882,121882,0,50000,+0.0005,0.0400,+0.0,+0.0000,NONE,RUNNING
"=""2026-08-09 19:50:16""",64977,121882,121882,0,50000,+0.0005,0.0400,+0.0,+0.0000,NONE,RUNNING
"=""2026-08-09 19:50:17""",64977,121882,121882,0,50000,+0.0005,0.0400,+0.0,+0.0000,NONE,RUNNING
"=""2026-08-09 19:50:18""",64977,121882,121882,0,50000,+0.0005,0.0400,+0.0,+0.0000,NONE,RUNNING
"=""2026-08-09 19:50:19""",64977,121882,121882,0,50000,+0.0006,0.0400,+0.0,+0.0000,NONE,RUNNING
"=""2026-08-09 19:50:20""",64977,190148,190148,0,50000,+0.0006,0.0400,+0.0,+0.0000,NONE,RUNNING
"=""2026-08-09 19:50:21""",64977,190148,190148,0,50000,+0.0006,0.0400,+0.0,+0.0000,NONE,RUNNING
"=""2026-08-09 19:50:22""",64977,190148,190148,0,50000,+0.0009,0.0400,+0.0,+0.0000,NONE,RUNNING
"=""2026-08-09 19:50:23""",64977,190148,190148,0,50000,+0.0009,0.0400,+0.0,+0.0000,NONE,RUNNING
"=""2026-08-09 19:50:24""",64977,344279,344279,0,50000,+0.0009,0.0400,+0.0,+0.0000,NONE,RUNNING
"=""2026-08-09 19:50:25""",64977,344279,344279,0,50000,+0.0009,0.0400,+0.0,+0.0000,NONE,RUNNING
"=""2026-08-09 19:50:26""",64977,344279,344279,0,50000,+0.0009,0.0400,+0.0,+0.0000,NONE,RUNNING
"=""2026-08-09 19:50:27""",64977,344279,344279,0,50000,+0.0009,0.0400,+0.0,+0.0000,NONE,RUNNING
"=""2026-08-09 19:50:28""",64977,344279,344279,0,50000,+0.0014,0.0400,+0.0,+0.0000,NONE,RUNNING
"=""2026-08-09 19:50:29""",64977,344279,344279,0,50000,+0.0014,0.0400,+0.0,+0.0000,NONE,RUNNING
"=""2026-08-09 19:50:30""",64977,344279,344279,0,50000,+0.0010,0.0400,+0.0,+0.0000,NONE,RUNNING
"=""2026-08-09 19:50:31""",64977,344279,344279,0,50000,+0.0009,0.0400,+0.0,+0.0000,NONE,RUNNING
"=""2026-08-09 19:50:32""",64977,344279,344279,0,50000,+0.0009,0.0400,+0.0,+0.0000,NONE,RUNNING
"=""2026-08-09 19:50:33""",64977,344279,344279,0,50000,+0.0009,0.0400,+0.0,+0.0000,NONE,RUNNING
"=""2026-08-09 19:50:34""",64977,344279,344279,0,50000,+0.0004,0.0400,+0.0,+0.0000,NONE,RUNNING
"=""2026-08-09 19:50:35""",64977,344279,344279,0,50000,+0.0005,0.0400,+0.0,+0.0000,NONE,RUNNING
"=""2026-08-09 19:50:36""",64977,302693,302693,0,50000,+0.0005,0.0400,+0.0,+0.0000,NONE,RUNNING
"=""2026-08-09 19:50:37""",64977,302693,302693,0,50000,-0.0003,0.0400,+0.0,+0.0000,NONE,RUNNING
"=""2026-08-09 19:50:39""",64977,302693,302693,0,50000,-0.0003,0.0400,+0.0,+0.0000,NONE,RUNNING
"=""2026-08-09 19:50:40""",64977,302693,302693,0,50000,-0.0002,0.0400,+0.0,+0.0000,NONE,RUNNING
"=""2026-08-09 19:50:41""",64977,302693,302693,0,50000,-0.0002,0.0400,+0.0,+0.0000,NONE,RUNNING
"=""2026-08-09 19:50:42""",64977,302693,302693,0,50000,-0.0002,0.0400,+0.0,+0.0000,NONE,RUNNING
"=""2026-08-09 19:50:43""",64977,302693,302693,0,50000,-0.0002,0.0400,+0.0,+0.0000,NONE,RUNNING
"=""2026-08-09 19:50:44""",64977,302693,302693,0,50000,-0.0002,0.0400,+0.0,+0.0000,NONE,RUNNING
"=""2026-08-09 19:50:45""",64977,302693,302693,0,50000,-0.0004,0.0400,+0.0,+0.0000,NONE,RUNNING
"=""2026-08-09 19:50:46""",64977,302693,302693,0,50000,-0.0002,0.0400,+0.0,+0.0000,NONE,RUNNING
"=""2026-08-09 19:50:47""",64977,302693,302693,0,50000,-0.0002,0.0400,+0.0,+0.0000,NONE,RUNNING
"=""2026-08-09 19:50:48""",64977,302693,302693,0,50000,-0.0002,0.0400,+0.0,+0.0000,NONE,RUNNING
"=""2026-08-09 19:50:49""",64977,302693,302693,0,50000,-0.0002,0.0400,+0.0,+0.0000,NONE,RUNNING
"=""2026-08-09 19:50:50""",64977,333882,333882,0,50000,-0.0002,0.0400,+0.0,+0.0000,NONE,RUNNING
"=""2026-08-09 19:50:51""",64977,333882,333882,0,50000,-0.0003,0.0400,+0.0,+0.0000,NONE,RUNNING
"=""2026-08-09 19:50:52""",64977,294782,294782,0,50000,+0.0004,0.0400,+0.0,+0.0000,NONE,RUNNING
"=""2026-08-09 19:50:53""",64977,294782,294782,0,50000,+0.0003,0.0400,+0.0,+0.0000,NONE,RUNNING
"=""2026-08-09 19:50:54""",64977,294782,294782,0,50000,+0.0008,0.0400,+0.0,+0.0000,NONE,RUNNING
"=""2026-08-09 19:50:55""",64977,294782,294782,0,50000,+0.0008,0.0400,+0.0,+0.0000,NONE,RUNNING
"=""2026-08-09 19:50:56""",64977,253585,253585,0,50000,+0.0008,0.0400,+0.0,+0.0000,NONE,RUNNING
"=""2026-08-09 19:50:57""",64977,253585,253585,0,50000,+0.0008,0.0400,+0.0,+0.0000,NONE,RUNNING
"=""2026-08-09 19:50:58""",64977,253585,253585,0,50000,+0.0008,0.0400,+0.0,+0.0000,NONE,RUNNING
"=""2026-08-09 19:50:59""",64977,253585,253585,0,50000,+0.0006,0.0400,+0.0,+0.0000,NONE,RUNNING
"=""2026-08-09 19:51:00""",64977,253585,253585,0,50000,+0.0006,0.0400,+0.0,+0.0000,NONE,RUNNING
"=""2026-08-09 19:51:01""",64977,253585,253585,0,50000,+0.0006,0.0400,+0.0,+0.0000,NONE,RUNNING
"=""2026-08-09 19:51:02""",64977,253585,253585,0,50000,+0.0007,0.0400,+0.0,+0.0000,NONE,RUNNING
"=""2026-08-09 19:51:03""",64977,253585,253585,0,50000,+0.0007,0.0400,+0.0,+0.0000,NONE,RUNNING
"=""2026-08-09 19:52:03""",64977,13303,13303,0,50000,+0.0027,0.0400,+0.0,+0.0000,NONE,RUNNING
"=""2026-08-09 19:53:03""",64977,27772,27772,0,50000,+0.0028,0.0400,+0.0,+0.0000,NONE,RUNNING
"=""2026-08-09 19:54:03""",64974,144187,144187,0,50000,-0.0052,0.0400,+0.0,+0.0000,NONE,RUNNING
"=""2026-08-09 19:55:03""",64969,25058,25058,0,50000,+0.0073,0.0400,+0.0,+0.0000,NONE,RUNNING
"=""2026-08-09 19:56:03""",64969,12993,12993,0,50000,-0.0004,0.0400,+0.0,+0.0000,NONE,RUNNING
"=""2026-08-09 19:57:03""",64969,19999,19999,0,50000,+0.0012,0.0400,+0.0,+0.0000,NONE,RUNNING
"=""2026-08-09 19:58:03""",64969,173586,173586,0,50000,+0.0008,0.0400,+0.0,+0.0000,NONE,RUNNING
"=""2026-08-09 19:59:03""",64969,30113,30113,0,50000,+0.0004,0.0400,+0.0,+0.0000,NONE,RUNNING
"=""2026-08-09 19:59:27""",64969,52502,52502,0,50000,+0.0204,0.0400,+0.0,+0.0000,NONE,RUNNING
"=""2026-08-09 19:59:28""",64965,52502,52502,0,50000,+0.0204,0.0400,+0.0,+0.0000,NONE,RUNNING
"=""2026-08-09 19:59:29""",64965,52502,52502,0,50000,+0.0204,0.0400,+0.0,+0.0000,NONE,RUNNING
"=""2026-08-09 19:59:30""",64965,52502,52502,0,50000,+0.0211,0.0400,+0.0,+0.0000,NONE,RUNNING
"=""2026-08-09 19:59:31""",64965,52502,52502,0,50000,+0.0199,0.0400,+0.0,+0.0000,NONE,RUNNING
"=""2026-08-09 19:59:32""",64965,52502,52502,0,50000,+0.0197,0.0400,+0.0,+0.0000,NONE,RUNNING
"=""2026-08-09 19:59:33""",64965,52502,52502,0,50000,+0.0197,0.0400,+0.0,+0.0000,NONE,RUNNING
"=""2026-08-09 19:59:34""",64965,52502,52502,0,50000,+0.0196,0.0400,+0.0,+0.0000,NONE,RUNNING
"=""2026-08-09 19:59:35""",64964,52502,52502,0,50000,+0.0196,0.0400,+0.0,+0.0000,NONE,RUNNING
"=""2026-08-09 19:59:36""",64964,52502,52502,0,50000,+0.0196,0.0400,+0.0,+0.0000,NONE,RUNNING
"=""2026-08-09 19:59:37""",64963,52502,52502,0,50000,+0.0189,0.0400,+0.0,+0.0000,NONE,RUNNING
"=""2026-08-09 19:59:38""",64962,52502,52502,0,50000,+0.0189,0.0400,+0.0,+0.0000,NONE,RUNNING
"=""2026-08-09 19:59:39""",64962,52502,52502,0,50000,+0.0189,0.0400,+0.0,+0.0000,NONE,RUNNING
"=""2026-08-09 19:59:40""",64961,52502,52502,0,50000,+0.0189,0.0400,+0.0,+0.0000,NONE,RUNNING
"=""2026-08-09 19:59:41""",64961,52502,52502,0,50000,+0.0192,0.0400,+0.0,+0.0000,NONE,RUNNING
"=""2026-08-09 19:59:42""",64959,52502,52502,0,50000,+0.0192,0.0400,+0.0,+0.0000,NONE,RUNNING
"=""2026-08-09 19:59:43""",64959,52502,52502,0,50000,+0.0187,0.0400,+0.0,+0.0000,NONE,RUNNING
"=""2026-08-09 19:59:44""",64959,52502,52502,0,50000,+0.0187,0.0400,+0.0,+0.0000,NONE,RUNNING
"=""2026-08-09 19:59:45""",64959,52502,52502,0,50000,+0.0188,0.0400,+0.0,+0.0000,NONE,RUNNING
"=""2026-08-09 19:59:46""",64959,52502,52502,0,50000,+0.0177,0.0400,+0.0,+0.0000,NONE,RUNNING
"=""2026-08-09 19:59:47""",64959,52502,52502,0,50000,+0.0176,0.0400,+0.0,+0.0000,NONE,RUNNING
"=""2026-08-09 19:59:48""",64959,52502,52502,0,50000,+0.0176,0.0400,+0.0,+0.0000,NONE,RUNNING
"=""2026-08-09 19:59:49""",64959,52502,52502,0,50000,+0.0176,0.0400,+0.0,+0.0000,NONE,RUNNING
"=""2026-08-09 19:59:50""",64959,52502,52502,0,50000,+0.0176,0.0400,+0.0,+0.0000,NONE,RUNNING
"=""2026-08-09 19:59:51""",64959,52502,52502,0,50000,+0.0170,0.0400,+0.0,+0.0000,NONE,RUNNING
"=""2026-08-09 19:59:52""",64959,52502,52502,0,50000,+0.0170,0.0400,+0.0,+0.0000,NONE,RUNNING
"=""2026-08-09 19:59:53""",64959,52502,52502,0,50000,+0.0170,0.0400,+0.0,+0.0000,NONE,RUNNING
"=""2026-08-09 19:59:54""",64959,52502,52502,0,50000,+0.0170,0.0400,+0.0,+0.0000,NONE,RUNNING
"=""2026-08-09 19:59:55""",64959,52502,52502,0,50000,+0.0168,0.0400,+0.0,+0.0000,NONE,RUNNING
"=""2026-08-09 19:59:56""",64959,52502,52502,0,50000,+0.0168,0.0400,+0.0,+0.0000,NONE,RUNNING
"=""2026-08-09 19:59:57""",64959,52502,52502,0,50000,+0.0159,0.0400,+0.0,+0.0000,NONE,RUNNING
"=""2026-08-09 19:59:58""",64959,52502,52502,0,50000,+0.0157,0.0400,+0.0,+0.0000,NONE,RUNNING
"=""2026-08-09 19:59:59""",64959,52502,52502,0,50000,+0.0157,0.0400,+0.0,+0.0000,NONE,RUNNING
"=""2026-08-09 20:00:00""",64959,52502,52502,0,50000,+0.0157,0.0400,+0.0,+0.0000,NONE,RUNNING
"=""2026-08-09 20:00:01""",64959,52502,52502,0,50000,+0.0156,0.0400,+0.0,+0.0000,NONE,RUNNING
"=""2026-08-09 20:00:02""",64959,52502,52502,0,50000,+0.0156,0.0400,+0.0,+0.0000,NONE,RUNNING
"=""2026-08-09 20:00:03""",64959,52502,52502,0,50000,+0.0156,0.0400,+0.0,+0.0000,NONE,RUNNING
"=""2026-08-09 20:00:04""",64959,52502,52502,0,50000,+0.0156,0.0400,+0.0,+0.0000,NONE,RUNNING
"=""2026-08-09 20:00:05""",64959,52502,52502,0,50000,+0.0161,0.0400,+0.0,+0.0000,NONE,RUNNING
"=""2026-08-09 20:00:06""",64959,52502,52502,0,50000,+0.0161,0.0400,+0.0,+0.0000,NONE,RUNNING
"=""2026-08-09 20:00:07""",64959,52502,52502,0,50000,+0.0141,0.0400,+0.0,+0.0000,NONE,RUNNING
"=""2026-08-09 20:00:08""",64959,52502,52502,0,50000,+0.0141,0.0400,+0.0,+0.0000,NONE,RUNNING
"=""2026-08-09 20:00:09""",64959,52502,52502,0,50000,+0.0141,0.0400,+0.0,+0.0000,NONE,RUNNING
"=""2026-08-09 20:00:10""",64959,52502,52502,0,50000,+0.0141,0.0400,+0.0,+0.0000,NONE,RUNNING
"=""2026-08-09 20:00:11""",64959,52502,52502,0,50000,+0.0148,0.0400,+0.0,+0.0000,NONE,RUNNING
"=""2026-08-09 20:00:12""",64959,52502,52502,0,50000,+0.0148,0.0400,+0.0,+0.0000,NONE,RUNNING
"=""2026-08-09 20:00:13""",64959,52502,52502,0,50000,+0.0147,0.0400,+0.0,+0.0000,NONE,RUNNING
"=""2026-08-09 20:00:14""",64959,52502,52502,0,50000,+0.0147,0.0400,+0.0,+0.0000,NONE,RUNNING
"=""2026-08-09 20:00:15""",64959,52502,52502,0,50000,+0.0148,0.0400,+0.0,+0.0000,NONE,RUNNING
"=""2026-08-09 20:00:16""",64959,52502,52502,0,50000,+0.0148,0.0400,+0.0,+0.0000,NONE,RUNNING
"=""2026-08-09 20:00:17""",64959,52502,52502,0,50000,+0.0060,0.0400,+0.0,+0.0000,NONE,RUNNING
"=""2026-08-09 20:00:18""",64959,52502,52502,0,50000,+0.0060,0.0400,+0.0,+0.0000,NONE,RUNNING
"=""2026-08-09 20:00:19""",64959,52502,52502,0,50000,+0.0059,0.0400,+0.0,+0.0000,NONE,RUNNING
"=""2026-08-09 20:00:20""",64959,52502,52502,0,50000,+0.0052,0.0400,+0.0,+0.0000,NONE,RUNNING
"=""2026-08-09 20:00:21""",64959,19358,19358,0,50000,+0.0052,0.0400,+0.0,+0.0000,NONE,RUNNING
"=""2026-08-09 20:00:22""",64959,19358,19358,0,50000,+0.0052,0.0400,+0.0,+0.0000,NONE,RUNNING
"=""2026-08-09 20:00:23""",64959,19358,19358,0,50000,+0.0052,0.0400,+0.0,+0.0000,NONE,RUNNING
"=""2026-08-09 20:00:24""",64959,19358,19358,0,50000,+0.0053,0.0400,+0.0,+0.0000,NONE,RUNNING
"=""2026-08-09 20:00:25""",64959,19358,19358,0,50000,+0.0053,0.0400,+0.0,+0.0000,NONE,RUNNING
"=""2026-08-09 20:00:26""",64959,0,0,0,50000,+0.0053,0.0400,+0.0,+0.0000,NONE,RUNNING
"=""2026-08-09 20:00:27""",64959,0,0,0,50000,-0.0066,0.0400,+0.0,+0.0000,NONE,RUNNING
"=""2026-08-09 20:00:28""",64959,0,0,0,50000,-0.0065,0.0400,+0.0,+0.0000,NONE,RUNNING
"=""2026-08-09 20:00:29""",64959,0,0,0,50000,-0.0065,0.0400,+0.0,+0.0000,NONE,RUNNING
"=""2026-08-09 20:01:29""",64959,31723,0,31723,50000,-0.0010,0.0400,+0.0,+0.0000,NONE,RUNNING
"=""2026-08-09 20:02:29""",64959,12297,0,12297,50000,+0.0016,0.0400,+0.0,+0.0000,NONE,RUNNING
"=""2026-08-09 20:03:29""",64964,186026,57820,128205,50000,+0.0010,0.0400,+0.0,+0.0000,NONE,RUNNING
"=""2026-08-09 20:04:29""",64964,0,0,0,50000,+0.0047,0.0400,+0.0,+0.0000,NONE,RUNNING
"=""2026-08-09 20:05:29""",64967,154439,0,154439,50000,+0.0051,0.0400,+0.0,+0.0000,NONE,RUNNING
"=""2026-08-09 20:06:29""",64978,256636,21799,234836,50000,-0.0103,0.0400,+0.0,+0.0000,NONE,RUNNING
"=""2026-08-09 20:07:30""",64978,0,0,0,50000,-0.0021,0.0400,+0.0,+0.0000,NONE,RUNNING
"=""2026-08-09 20:08:30""",64978,20306,0,20306,50000,+0.0025,0.0400,+0.0,+0.0000,NONE,RUNNING
"=""2026-08-09 20:09:30""",64973,608425,608425,0,50000,-0.0013,0.0400,+0.0,+0.0000,NONE,RUNNING
"=""2026-08-09 20:10:30""",64973,0,0,0,50000,+0.0004,0.0400,+0.0,+0.0000,NONE,RUNNING
"=""2026-08-09 20:11:30""",64976,32721,12717,20004,50000,+0.0026,0.0400,+0.0,+0.0000,NONE,RUNNING
"=""2026-08-09 20:12:30""",64976,0,0,0,50000,+0.0011,0.0400,+0.0,+0.0000,NONE,RUNNING
"=""2026-08-09 20:13:30""",64976,15531,0,15531,50000,+0.0023,0.0400,+0.0,+0.0000,NONE,RUNNING
"=""2026-08-09 20:14:30""",64975,0,0,0,50000,+0.0054,0.0400,+0.0,+0.0000,NONE,RUNNING
"=""2026-08-09 20:15:30""",64975,0,0,0,50000,-0.0001,0.0400,+0.0,+0.0000,NONE,RUNNING
"=""2026-08-09 20:16:30""",64975,0,0,0,50000,+0.0009,0.0400,+0.0,+0.0000,NONE,RUNNING
"=""2026-08-09 20:17:30""",64975,0,0,0,50000,+0.0015,0.0400,+0.0,+0.0000,NONE,RUNNING
"=""2026-08-09 20:18:30""",64975,0,0,0,50000,+0.0009,0.0400,+0.0,+0.0000,NONE,RUNNING
"=""2026-08-09 20:19:30""",64975,10317,10317,0,50000,+0.0019,0.0400,+0.0,+0.0000,NONE,RUNNING
"=""2026-08-09 20:20:30""",64975,0,0,0,50000,-0.0273,0.0400,+0.0,+0.0000,NONE,RUNNING
"=""2026-08-09 20:21:30""",64978,28738,0,28738,50000,-0.0105,0.0400,+0.0,+0.0000,NONE,RUNNING
"=""2026-08-09 20:22:30""",64978,0,0,0,50000,+0.0076,0.0400,+0.0,+0.0000,NONE,RUNNING
"=""2026-08-09 20:23:31""",64978,26110,0,26110,50000,+0.0022,0.0400,+0.0,+0.0000,NONE,RUNNING
"=""2026-08-09 20:24:31""",64978,220925,0,220925,50000,+0.0018,0.0400,+0.0,+0.0000,NONE,RUNNING
"=""2026-08-09 20:25:31""",64978,0,0,0,50000,-0.0003,0.0400,+0.0,+0.0000,NONE,RUNNING
"=""2026-08-09 20:26:31""",64978,54191,54191,0,50000,-0.0006,0.0400,+0.0,+0.0000,NONE,RUNNING
"=""2026-08-09 20:27:31""",64978,14999,0,14999,50000,-0.0003,0.0400,+0.0,+0.0000,NONE,RUNNING
"=""2026-08-09 20:28:31""",64978,0,0,0,50000,-0.0008,0.0400,+0.0,+0.0000,NONE,RUNNING
"=""2026-08-09 20:29:31""",64978,0,0,0,50000,-0.0002,0.0400,+0.0,+0.0000,NONE,RUNNING
"=""2026-08-09 20:30:31""",64978,146571,146571,0,50000,+0.0023,0.0400,+0.0,+0.0000,NONE,RUNNING
"=""2026-08-09 20:31:31""",64978,86475,0,86475,50000,-0.0014,0.0400,+0.0,+0.0000,NONE,RUNNING
"=""2026-08-09 20:32:31""",64978,0,0,0,50000,+0.0003,0.0400,+0.0,+0.0000,NONE,RUNNING
"=""2026-08-09 20:33:31""",64978,384086,384086,0,50000,+0.0009,0.0400,+0.0,+0.0000,NONE,RUNNING
"=""2026-08-09 20:34:31""",64982,175086,0,175086,50000,-0.0021,0.0400,+0.0,+0.0000,NONE,RUNNING
"=""2026-08-09 20:35:31""",64982,13096,13096,0,50000,+0.0060,0.0400,+0.0,+0.0000,NONE,RUNNING
"=""2026-08-09 20:36:31""",64982,0,0,0,50000,+0.0011,0.0400,+0.0,+0.0000,NONE,RUNNING
"=""2026-08-09 20:37:31""",64994,388260,0,388260,50000,+0.0007,0.0400,+0.0,+0.0000,NONE,RUNNING
"=""2026-08-09 20:38:31""",64994,0,0,0,50000,+0.0058,0.0400,+0.0,+0.0000,NONE,RUNNING
"=""2026-08-09 20:39:31""",64993,228211,228211,0,50000,-0.0053,0.0400,+0.0,+0.0000,NONE,RUNNING
"=""2026-08-09 20:40:31""",64990,126513,126513,0,50000,-0.0027,0.0400,+0.0,+0.0000,NONE,RUNNING
"=""2026-08-09 20:41:31""",64990,83167,83167,0,50000,-0.0008,0.0400,+0.0,+0.0000,NONE,RUNNING
"=""2026-08-09 20:42:32""",64990,14815,0,14815,50000,-0.0006,0.0400,+0.0,+0.0000,NONE,RUNNING
"=""2026-08-09 20:43:32""",64990,0,0,0,50000,-0.0019,0.0400,+0.0,+0.0000,NONE,RUNNING
"=""2026-08-09 20:44:32""",64990,109932,0,109932,50000,-0.0002,0.0400,+0.0,+0.0000,NONE,RUNNING
"=""2026-08-09 20:45:32""",64990,153912,0,153912,50000,+0.0003,0.0400,+0.0,+0.0000,NONE,RUNNING
"=""2026-08-09 20:46:32""",64990,120578,120578,0,50000,-0.0002,0.0400,+0.0,+0.0000,NONE,RUNNING
"=""2026-08-09 20:47:32""",64995,198568,0,198568,50000,-0.0018,0.0400,+0.0,+0.0000,NONE,RUNNING
"=""2026-08-09 20:48:32""",64998,76936,0,76936,50000,-0.0088,0.0400,+0.0,+0.0000,NONE,RUNNING
"=""2026-08-09 20:49:32""",64990,1173114,1126598,46515,50000,-0.0022,0.0400,+0.0,+0.0000,NONE,RUNNING
"=""2026-08-09 20:50:32""",64975,1215833,598533,617299,50000,-0.0067,0.0400,+0.0,+0.0000,NONE,RUNNING
"=""2026-08-09 20:51:32""",64975,39562,24530,15032,50000,-0.0010,0.0400,+0.0,+0.0000,NONE,RUNNING
"=""2026-08-09 20:52:32""",64981,111670,0,111670,50000,+0.0026,0.0400,+0.0,+0.0000,NONE,RUNNING
"=""2026-08-09 20:53:32""",64982,0,0,0,50000,+0.0000,0.0400,+0.0,+0.0000,NONE,RUNNING
"=""2026-08-09 20:54:32""",64964,160258,146321,13937,50000,+0.0069,0.0400,+0.0,+0.0000,NONE,RUNNING
"=""2026-08-09 20:55:32""",64964,81931,39579,42351,50000,+0.0036,0.0400,+0.0,+0.0000,NONE,RUNNING
"=""2026-08-09 20:56:32""",64964,12992,12992,0,50000,+0.0017,0.0400,+0.0,+0.0000,NONE,RUNNING
"=""2026-08-09 20:57:32""",64964,18435,18435,0,50000,+0.0054,0.0400,+0.0,+0.0000,NONE,RUNNING
"=""2026-08-09 20:58:32""",64964,12857,0,12857,50000,+0.0011,0.0400,+0.0,+0.0000,NONE,RUNNING
"=""2026-08-09 20:59:32""",64950,374387,340904,33483,50000,+0.0120,0.0400,+0.0,+0.0000,NONE,RUNNING
"=""2026-08-09 21:00:32""",64950,0,0,0,50000,-0.0025,0.0400,+0.0,+0.0000,NONE,RUNNING
"=""2026-08-09 21:01:11""",64944,232273,211594,20678,50000,+0.0200,0.0400,+0.0,+0.0000,NONE,RUNNING
"=""2026-08-09 21:01:12""",64944,232273,211594,20678,50000,+0.0200,0.0400,+0.0,+0.0000,NONE,RUNNING
"=""2026-08-09 21:01:13""",64944,232273,211594,20678,50000,+0.0200,0.0400,+0.0,+0.0000,NONE,RUNNING
"=""2026-08-09 21:01:14""",64944,232273,211594,20678,50000,+0.0200,0.0400,+0.0,+0.0000,NONE,RUNNING
"=""2026-08-09 21:01:15""",64944,232273,211594,20678,50000,+0.0200,0.0400,+0.0,+0.0000,NONE,RUNNING
"=""2026-08-09 21:01:16""",64944,232273,211594,20678,50000,+0.0224,0.0400,+0.0,+0.0000,NONE,RUNNING
"=""2026-08-09 21:01:17""",64944,232273,211594,20678,50000,+0.0224,0.0400,+0.0,+0.0000,NONE,RUNNING
"=""2026-08-09 21:01:18""",64944,232273,211594,20678,50000,+0.0224,0.0400,+0.0,+0.0000,NONE,RUNNING
"=""2026-08-09 21:01:19""",64944,232273,211594,20678,50000,+0.0223,0.0400,+0.0,+0.0000,NONE,RUNNING
"=""2026-08-09 21:01:20""",64944,232273,211594,20678,50000,+0.0223,0.0400,+0.0,+0.0000,NONE,RUNNING
"=""2026-08-09 21:01:21""",64944,232273,211594,20678,50000,+0.0223,0.0400,+0.0,+0.0000,NONE,RUNNING
"=""2026-08-09 21:01:22""",64944,232273,211594,20678,50000,+0.0205,0.0400,+0.0,+0.0000,NONE,RUNNING
"=""2026-08-09 21:01:23""",64944,232273,211594,20678,50000,+0.0205,0.0400,+0.0,+0.0000,NONE,RUNNING
"=""2026-08-09 21:01:24""",64944,232273,211594,20678,50000,+0.0205,0.0400,+0.0,+0.0000,NONE,RUNNING
"=""2026-08-09 21:01:25""",64944,232273,211594,20678,50000,+0.0204,0.0400,+0.0,+0.0000,NONE,RUNNING
"=""2026-08-09 21:01:26""",64944,232273,211594,20678,50000,+0.0200,0.0400,+0.0,+0.0000,NONE,RUNNING
"=""2026-08-09 21:01:27""",64944,232273,211594,20678,50000,+0.0200,0.0400,+0.0,+0.0000,NONE,RUNNING
"=""2026-08-09 21:01:28""",64944,232273,211594,20678,50000,+0.0200,0.0400,+0.0,+0.0000,NONE,RUNNING
"=""2026-08-09 21:01:29""",64944,232273,211594,20678,50000,+0.0200,0.0400,+0.0,+0.0000,NONE,RUNNING
"=""2026-08-09 21:01:30""",64944,232273,211594,20678,50000,+0.0200,0.0400,+0.0,+0.0000,NONE,RUNNING
"=""2026-08-09 21:01:31""",64944,232273,211594,20678,50000,+0.0203,0.0400,+0.0,+0.0000,NONE,RUNNING
"=""2026-08-09 21:01:32""",64944,232273,211594,20678,50000,+0.0202,0.0400,+0.0,+0.0000,NONE,RUNNING
"=""2026-08-09 21:01:33""",64944,232273,211594,20678,50000,+0.0202,0.0400,+0.0,+0.0000,NONE,RUNNING
"=""2026-08-09 21:01:34""",64944,232273,211594,20678,50000,+0.0202,0.0400,+0.0,+0.0000,NONE,RUNNING
"=""2026-08-09 21:01:35""",64944,232273,211594,20678,50000,+0.0202,0.0400,+0.0,+0.0000,NONE,RUNNING
"=""2026-08-09 21:01:36""",64944,232273,211594,20678,50000,+0.0194,0.0400,+0.0,+0.0000,NONE,RUNNING
"=""2026-08-09 21:01:37""",64944,232273,211594,20678,50000,+0.0213,0.0400,+0.0,+0.0000,NONE,RUNNING
"=""2026-08-09 21:01:38""",64944,232273,211594,20678,50000,+0.0207,0.0400,+0.0,+0.0000,NONE,RUNNING
"=""2026-08-09 21:01:39""",64944,232273,211594,20678,50000,+0.0207,0.0400,+0.0,+0.0000,NONE,RUNNING
"=""2026-08-09 21:01:40""",64944,232273,211594,20678,50000,+0.0204,0.0400,+0.0,+0.0000,NONE,RUNNING
"=""2026-08-09 21:01:41""",64944,211594,211594,0,50000,+0.0204,0.0400,+0.0,+0.0000,NONE,RUNNING
"=""2026-08-09 21:01:42""",64944,211594,211594,0,50000,+0.0204,0.0400,+0.0,+0.0000,NONE,RUNNING
"=""2026-08-09 21:01:43""",64944,986478,986478,0,50000,+0.0205,0.0400,+0.0,+0.0000,NONE,RUNNING
"=""2026-08-09 21:01:44""",64940,986478,986478,0,50000,+0.0205,0.0400,+0.0,+0.0000,NONE,RUNNING
"=""2026-08-09 21:01:45""",64940,986478,986478,0,50000,+0.0198,0.0400,+0.0,+0.0000,NONE,RUNNING
"=""2026-08-09 21:01:46""",64940,986478,986478,0,50000,+0.0242,0.0400,+0.0,+0.0000,NONE,RUNNING
"=""2026-08-09 21:01:47""",64940,986478,986478,0,50000,+0.0242,0.0400,+0.0,+0.0000,NONE,RUNNING
"=""2026-08-09 21:01:48""",64940,1005768,1005768,0,50000,+0.0242,0.0400,+0.0,+0.0000,NONE,RUNNING
"=""2026-08-09 21:01:49""",64937,1005768,1005768,0,50000,+0.0242,0.0400,+0.0,+0.0000,NONE,RUNNING
"=""2026-08-09 21:01:50""",64937,1005768,1005768,0,50000,+0.0242,0.0400,+0.0,+0.0000,NONE,RUNNING
"=""2026-08-09 21:01:51""",64937,1005768,1005768,0,50000,+0.0242,0.0400,+0.0,+0.0000,NONE,RUNNING
"=""2026-08-09 21:01:52""",64937,1005768,1005768,0,50000,+0.0289,0.0400,+0.0,+0.0000,NONE,RUNNING
"=""2026-08-09 21:01:53""",64937,1005768,1005768,0,50000,+0.0289,0.0400,+0.0,+0.0000,NONE,RUNNING
"=""2026-08-09 21:01:54""",64937,1005768,1005768,0,50000,+0.0289,0.0400,+0.0,+0.0000,NONE,RUNNING
"=""2026-08-09 21:01:55""",64937,1091705,1091705,0,50000,+0.0289,0.0400,+0.0,+0.0000,NONE,RUNNING
"=""2026-08-09 21:01:56""",64935,1117617,1117617,0,50000,+0.0331,0.0400,+0.0,+0.0000,NONE,RUNNING
"=""2026-08-09 21:01:57""",64934,1117617,1117617,0,50000,+0.0325,0.0400,+0.0,+0.0000,NONE,RUNNING
"=""2026-08-09 21:01:58""",64934,1117617,1117617,0,50000,+0.0325,0.0400,+0.0,+0.0000,NONE,RUNNING
"=""2026-08-09 21:01:59""",64934,1117617,1117617,0,50000,+0.0325,0.0400,+0.0,+0.0000,NONE,RUNNING
"=""2026-08-09 21:02:00""",64934,1132616,1132616,0,50000,+0.0311,0.0400,+0.0,+0.0000,NONE,RUNNING
"=""2026-08-09 21:02:01""",64931,1132616,1132616,0,50000,+0.0311,0.0400,+0.0,+0.0000,NONE,RUNNING
"=""2026-08-09 21:02:02""",64931,1132616,1132616,0,50000,+0.0332,0.0400,+0.0,+0.0000,NONE,RUNNING
"=""2026-08-09 21:02:03""",64931,1132616,1132616,0,50000,+0.0332,0.0400,+0.0,+0.0000,NONE,RUNNING
"=""2026-08-09 21:02:04""",64931,1132616,1132616,0,50000,+0.0332,0.0400,+0.0,+0.0000,NONE,RUNNING
"=""2026-08-09 21:02:05""",64931,921022,921022,0,50000,+0.0332,0.0400,+0.0,+0.0000,NONE,RUNNING
"=""2026-08-09 21:02:06""",64931,921022,921022,0,50000,+0.0333,0.0400,+0.0,+0.0000,NONE,RUNNING
"=""2026-08-09 21:02:07""",64931,921022,921022,0,50000,+0.0333,0.0400,+0.0,+0.0000,NONE,RUNNING
"=""2026-08-09 21:02:08""",64931,921022,921022,0,50000,+0.0224,0.0400,+0.0,+0.0000,NONE,RUNNING
"=""2026-08-09 21:02:09""",64931,921022,921022,0,50000,+0.0068,0.0400,+0.0,+0.0000,NONE,RUNNING
"=""2026-08-09 21:02:10""",64931,921022,921022,0,50000,+0.0068,0.0400,+0.0,+0.0000,NONE,RUNNING
"=""2026-08-09 21:02:11""",64931,921022,921022,0,50000,+0.0068,0.0400,+0.0,+0.0000,NONE,RUNNING
"=""2026-08-09 21:02:12""",64931,921022,921022,0,50000,+0.0068,0.0400,+0.0,+0.0000,NONE,RUNNING
"=""2026-08-09 21:02:13""",64931,921022,921022,0,50000,+0.0068,0.0400,+0.0,+0.0000,NONE,RUNNING
"=""2026-08-09 21:02:14""",64931,921022,921022,0,50000,+0.0068,0.0400,+0.0,+0.0000,NONE,RUNNING
"=""2026-08-09 21:02:15""",64931,921022,921022,0,50000,+0.0044,0.0400,+0.0,+0.0000,NONE,RUNNING
"=""2026-08-09 21:02:16""",64931,921022,921022,0,50000,+0.0040,0.0400,+0.0,+0.0000,NONE,RUNNING
"=""2026-08-09 21:02:17""",64931,921022,921022,0,50000,+0.0040,0.0400,+0.0,+0.0000,NONE,RUNNING
"=""2026-08-09 21:02:18""",64931,921022,921022,0,50000,+0.0041,0.0400,+0.0,+0.0000,NONE,RUNNING
"=""2026-08-09 21:02:19""",64931,921022,921022,0,50000,+0.0040,0.0400,+0.0,+0.0000,NONE,RUNNING
"=""2026-08-09 21:02:20""",64931,921022,921022,0,50000,+0.0040,0.0400,+0.0,+0.0000,NONE,RUNNING
"=""2026-08-09 21:02:21""",64931,921022,921022,0,50000,+0.0040,0.0400,+0.0,+0.0000,NONE,RUNNING
"=""2026-08-09 21:02:22""",64931,921022,921022,0,50000,+0.0058,0.0400,+0.0,+0.0000,NONE,RUNNING
"=""2026-08-09 21:02:23""",64931,921022,921022,0,50000,+0.0058,0.0400,+0.0,+0.0000,NONE,RUNNING
"=""2026-08-09 21:02:24""",64931,921022,921022,0,50000,+0.0058,0.0400,+0.0,+0.0000,NONE,RUNNING
"=""2026-08-09 21:02:25""",64931,921022,921022,0,50000,+0.0066,0.0400,+0.0,+0.0000,NONE,RUNNING
"=""2026-08-09 21:02:26""",64931,921022,921022,0,50000,+0.0066,0.0400,+0.0,+0.0000,NONE,RUNNING
"=""2026-08-09 21:02:27""",64931,921022,921022,0,50000,+0.0066,0.0400,+0.0,+0.0000,NONE,RUNNING
"=""2026-08-09 21:02:28""",64931,921022,921022,0,50000,+0.0066,0.0400,+0.0,+0.0000,NONE,RUNNING
"=""2026-08-09 21:02:29""",64931,921022,921022,0,50000,+0.0066,0.0400,+0.0,+0.0000,NONE,RUNNING
"=""2026-08-09 21:02:30""",64931,921022,921022,0,50000,+0.0066,0.0400,+0.0,+0.0000,NONE,RUNNING
"=""2026-08-09 21:02:31""",64931,921022,921022,0,50000,+0.0062,0.0400,+0.0,+0.0000,NONE,RUNNING
"=""2026-08-09 21:02:32""",64931,921022,921022,0,50000,+0.0062,0.0400,+0.0,+0.0000,NONE,RUNNING
"=""2026-08-09 21:02:34""",64931,921022,921022,0,50000,+0.0062,0.0400,+0.0,+0.0000,NONE,RUNNING
"=""2026-08-09 21:02:35""",64931,921022,921022,0,50000,+0.0062,0.0400,+0.0,+0.0000,NONE,RUNNING
"=""2026-08-09 21:02:36""",64931,921022,921022,0,50000,+0.0062,0.0400,+0.0,+0.0000,NONE,RUNNING
"=""2026-08-09 21:02:37""",64931,921022,921022,0,50000,+0.0044,0.0400,+0.0,+0.0000,NONE,RUNNING
"=""2026-08-09 21:02:38""",64931,921022,921022,0,50000,+0.0043,0.0400,+0.0,+0.0000,NONE,RUNNING
"=""2026-08-09 21:02:39""",64931,921022,921022,0,50000,+0.0043,0.0400,+0.0,+0.0000,NONE,RUNNING
"=""2026-08-09 21:02:40""",64914,997329,997329,0,50000,+0.0046,0.0400,+0.0,+0.0000,NONE,RUNNING
"=""2026-08-09 21:02:41""",64914,1022256,997329,24927,50000,+0.0046,0.0400,+0.0,+0.0000,NONE,RUNNING
"=""2026-08-09 21:02:42""",64914,1161174,997329,163844,50000,+0.0046,0.0400,+0.0,+0.0000,NONE,RUNNING
"=""2026-08-09 21:02:43""",64914,1161174,997329,163844,50000,+0.0046,0.0400,+0.0,+0.0000,NONE,RUNNING
"=""2026-08-09 21:02:44""",64914,386290,222446,163844,50000,+0.0217,0.0400,+0.0,+0.0000,NONE,RUNNING
"=""2026-08-09 21:02:45""",64914,386290,222446,163844,50000,+0.0217,0.0400,+0.0,+0.0000,NONE,RUNNING
"=""2026-08-09 21:02:46""",64914,386290,222446,163844,50000,+0.0172,0.0400,+0.0,+0.0000,NONE,RUNNING
"=""2026-08-09 21:02:47""",64919,443478,222446,221032,50000,+0.0172,0.0400,+0.0,+0.0000,NONE,RUNNING
"=""2026-08-09 21:02:48""",64919,443478,222446,221032,50000,+0.0105,0.0400,+0.0,+0.0000,NONE,RUNNING
"=""2026-08-09 21:02:49""",64919,424188,203156,221032,50000,+0.0105,0.0400,+0.0,+0.0000,NONE,RUNNING
"=""2026-08-09 21:02:50""",64919,424188,203156,221032,50000,+0.0105,0.0400,+0.0,+0.0000,NONE,RUNNING
"=""2026-08-09 21:02:51""",64919,424188,203156,221032,50000,+0.0105,0.0400,+0.0,+0.0000,NONE,RUNNING
"=""2026-08-09 21:02:52""",64919,424188,203156,221032,50000,+0.0105,0.0400,+0.0,+0.0000,NONE,RUNNING
"=""2026-08-09 21:02:53""",64919,424188,203156,221032,50000,+0.0058,0.0400,+0.0,+0.0000,NONE,RUNNING
"=""2026-08-09 21:02:54""",64919,424188,203156,221032,50000,+0.0057,0.0400,+0.0,+0.0000,NONE,RUNNING
"=""2026-08-09 21:02:55""",64919,424188,203156,221032,50000,+0.0015,0.0400,+0.0,+0.0000,NONE,RUNNING
"=""2026-08-09 21:02:56""",64919,338251,117218,221032,50000,+0.0015,0.0400,+0.0,+0.0000,NONE,RUNNING
"=""2026-08-09 21:02:57""",64919,312339,91307,221032,50000,+0.0011,0.0400,+0.0,+0.0000,NONE,RUNNING
"=""2026-08-09 21:02:58""",64919,312339,91307,221032,50000,+0.0011,0.0400,+0.0,+0.0000,NONE,RUNNING
"=""2026-08-09 21:02:59""",64919,312339,91307,221032,50000,+0.0011,0.0400,+0.0,+0.0000,NONE,RUNNING
"=""2026-08-09 21:03:00""",64919,333194,112162,221032,50000,+0.0010,0.0400,+0.0,+0.0000,NONE,RUNNING
"=""2026-08-09 21:03:01""",64919,333194,112162,221032,50000,+0.0010,0.0400,+0.0,+0.0000,NONE,RUNNING
"=""2026-08-09 21:03:02""",64919,333194,112162,221032,50000,-0.0011,0.0400,+0.0,+0.0000,NONE,RUNNING
"=""2026-08-09 21:03:03""",64919,333194,112162,221032,50000,-0.0011,0.0400,+0.0,+0.0000,NONE,RUNNING
"=""2026-08-09 21:03:04""",64919,333194,112162,221032,50000,-0.0011,0.0400,+0.0,+0.0000,NONE,RUNNING
"=""2026-08-09 21:03:05""",64919,333194,112162,221032,50000,-0.0011,0.0400,+0.0,+0.0000,NONE,RUNNING
"=""2026-08-09 21:03:06""",64919,333194,112162,221032,50000,-0.0014,0.0400,+0.0,+0.0000,NONE,RUNNING
"=""2026-08-09 21:03:07""",64919,333194,112162,221032,50000,+0.0095,0.0400,+0.0,+0.0000,NONE,RUNNING
"=""2026-08-09 21:03:08""",64919,333194,112162,221032,50000,+0.0082,0.0400,+0.0,+0.0000,NONE,RUNNING
"=""2026-08-09 21:03:09""",64919,333194,112162,221032,50000,+0.0082,0.0400,+0.0,+0.0000,NONE,RUNNING
"=""2026-08-09 21:03:10""",64919,333194,112162,221032,50000,+0.0082,0.0400,+0.0,+0.0000,NONE,RUNNING
"=""2026-08-09 21:03:11""",64919,333194,112162,221032,50000,+0.0082,0.0400,+0.0,+0.0000,NONE,RUNNING
"=""2026-08-09 21:03:12""",64919,333194,112162,221032,50000,+0.0082,0.0400,+0.0,+0.0000,NONE,RUNNING
"=""2026-08-09 21:03:13""",64919,333194,112162,221032,50000,+0.0082,0.0400,+0.0,+0.0000,NONE,RUNNING
"=""2026-08-09 21:03:14""",64919,333194,112162,221032,50000,+0.0078,0.0400,+0.0,+0.0000,NONE,RUNNING
"=""2026-08-09 21:03:15""",64919,333194,112162,221032,50000,+0.0078,0.0400,+0.0,+0.0000,NONE,RUNNING
"=""2026-08-09 21:03:16""",64919,333194,112162,221032,50000,+0.0078,0.0400,+0.0,+0.0000,NONE,RUNNING
"=""2026-08-09 21:03:17""",64919,333194,112162,221032,50000,+0.0082,0.0400,+0.0,+0.0000,NONE,RUNNING
"=""2026-08-09 21:03:18""",64919,333194,112162,221032,50000,+0.0082,0.0400,+0.0,+0.0000,NONE,RUNNING
"=""2026-08-09 21:03:19""",64919,333194,112162,221032,50000,+0.0082,0.0400,+0.0,+0.0000,NONE,RUNNING
"=""2026-08-09 21:03:20""",64919,333194,112162,221032,50000,+0.0083,0.0400,+0.0,+0.0000,NONE,RUNNING
"=""2026-08-09 21:03:21""",64919,333194,112162,221032,50000,+0.0082,0.0400,+0.0,+0.0000,NONE,RUNNING
"=""2026-08-09 21:03:22""",64919,333194,112162,221032,50000,+0.0082,0.0400,+0.0,+0.0000,NONE,RUNNING
"=""2026-08-09 21:03:23""",64919,333194,112162,221032,50000,+0.0083,0.0400,+0.0,+0.0000,NONE,RUNNING
"=""2026-08-09 21:03:24""",64919,333194,112162,221032,50000,+0.0080,0.0400,+0.0,+0.0000,NONE,RUNNING
"=""2026-08-09 21:03:25""",64919,333194,112162,221032,50000,+0.0080,0.0400,+0.0,+0.0000,NONE,RUNNING
"=""2026-08-09 21:03:26""",64919,333194,112162,221032,50000,+0.0073,0.0400,+0.0,+0.0000,NONE,RUNNING
"=""2026-08-09 21:03:27""",64919,333194,112162,221032,50000,+0.0065,0.0400,+0.0,+0.0000,NONE,RUNNING
"=""2026-08-09 21:03:28""",64919,333194,112162,221032,50000,+0.0065,0.0400,+0.0,+0.0000,NONE,RUNNING
"=""2026-08-09 21:03:29""",64919,333194,112162,221032,50000,+0.0065,0.0400,+0.0,+0.0000,NONE,RUNNING
"=""2026-08-09 21:03:30""",64919,333194,112162,221032,50000,+0.0058,0.0400,+0.0,+0.0000,NONE,RUNNING
"=""2026-08-09 21:03:31""",64919,333194,112162,221032,50000,+0.0058,0.0400,+0.0,+0.0000,NONE,RUNNING
"=""2026-08-09 21:03:32""",64919,333194,112162,221032,50000,+0.0059,0.0400,+0.0,+0.0000,NONE,RUNNING
"=""2026-08-09 21:03:33""",64919,333194,112162,221032,50000,+0.0078,0.0400,+0.0,+0.0000,NONE,RUNNING
"=""2026-08-09 21:03:34""",64919,333194,112162,221032,50000,+0.0078,0.0400,+0.0,+0.0000,NONE,RUNNING
"=""2026-08-09 21:03:35""",64919,333194,112162,221032,50000,+0.0079,0.0400,+0.0,+0.0000,NONE,RUNNING
"=""2026-08-09 21:03:36""",64919,333194,112162,221032,50000,+0.0079,0.0400,+0.0,+0.0000,NONE,RUNNING
"=""2026-08-09 21:03:37""",64919,333194,112162,221032,50000,+0.0079,0.0400,+0.0,+0.0000,NONE,RUNNING
"=""2026-08-09 21:03:38""",64919,333194,112162,221032,50000,+0.0080,0.0400,+0.0,+0.0000,NONE,RUNNING
"=""2026-08-09 21:03:39""",64919,256886,35854,221032,50000,+0.0080,0.0400,+0.0,+0.0000,NONE,RUNNING
"=""2026-08-09 21:03:40""",64919,231959,35854,196104,50000,+0.0115,0.0400,+0.0,+0.0000,NONE,RUNNING
"=""2026-08-09 21:03:41""",64919,231959,35854,196104,50000,+0.0115,0.0400,+0.0,+0.0000,NONE,RUNNING
"=""2026-08-09 21:03:42""",64919,93041,35854,57187,50000,+0.0115,0.0400,+0.0,+0.0000,NONE,RUNNING
"=""2026-08-09 21:03:43""",64919,93041,35854,57187,50000,+0.0115,0.0400,+0.0,+0.0000,NONE,RUNNING
"=""2026-08-09 21:03:44""",64919,93041,35854,57187,50000,-0.0057,0.0400,+0.0,+0.0000,NONE,RUNNING
"=""2026-08-09 21:03:45""",64919,93041,35854,57187,50000,-0.0057,0.0400,+0.0,+0.0000,NONE,RUNNING
"=""2026-08-09 21:04:45""",64919,10121,0,10121,50000,-0.0038,0.0400,+0.0,+0.0000,NONE,RUNNING
"=""2026-08-09 21:05:45""",64919,10924,10924,0,50000,-0.0042,0.0400,+0.0,+0.0000,NONE,RUNNING
"=""2026-08-09 21:06:45""",64919,64919,64919,0,50000,+0.0004,0.0400,+0.0,+0.0000,NONE,RUNNING
"=""2026-08-09 21:07:45""",64919,11975,0,11975,50000,+0.0142,0.0400,+0.0,+0.0000,NONE,RUNNING
"=""2026-08-09 21:08:45""",64919,47283,47283,0,50000,-0.0002,0.0400,+0.0,+0.0000,NONE,RUNNING
"=""2026-08-09 21:09:46""",64929,838509,623026,215482,50000,-0.0061,0.0400,+0.0,+0.0000,NONE,RUNNING
"=""2026-08-09 21:10:46""",64929,16491,16491,0,50000,-0.0006,0.0400,+0.0,+0.0000,NONE,RUNNING
"=""2026-08-09 21:11:46""",64929,15919,0,15919,50000,+0.0021,0.0400,+0.0,+0.0000,NONE,RUNNING
"=""2026-08-09 21:12:46""",64934,39498,0,39498,50000,-0.0010,0.0400,+0.0,+0.0000,NONE,RUNNING
"=""2026-08-09 21:13:46""",64937,42866,12040,30825,50000,-0.0022,0.0400,+0.0,+0.0000,NONE,RUNNING
"=""2026-08-09 21:14:46""",64937,0,0,0,50000,+0.0021,0.0400,+0.0,+0.0000,NONE,RUNNING
"=""2026-08-09 21:15:46""",64937,0,0,0,50000,+0.0009,0.0400,+0.0,+0.0000,NONE,RUNNING
"=""2026-08-09 21:16:46""",64937,0,0,0,50000,+0.0007,0.0400,+0.0,+0.0000,NONE,RUNNING
"=""2026-08-09 21:17:46""",64947,809731,0,809731,50000,-0.0023,0.0400,+0.0,+0.0000,NONE,RUNNING
"=""2026-08-09 21:18:46""",64947,0,0,0,50000,-0.0070,0.0400,+0.0,+0.0000,NONE,RUNNING
"=""2026-08-09 21:19:46""",64944,998311,976533,21778,50000,+0.0034,0.0400,+0.0,+0.0000,NONE,RUNNING
"=""2026-08-09 21:20:46""",64938,244138,244138,0,50000,-0.0028,0.0400,+0.0,+0.0000,NONE,RUNNING
"=""2026-08-09 21:21:46""",64938,0,0,0,50000,+0.0004,0.0400,+0.0,+0.0000,NONE,RUNNING
"=""2026-08-09 21:22:46""",64938,13533,13533,0,50000,-0.0000,0.0400,+0.0,+0.0000,NONE,RUNNING
"=""2026-08-09 21:23:47""",64941,309551,0,309551,50000,+0.0017,0.0400,+0.0,+0.0000,NONE,RUNNING
"=""2026-08-09 21:24:47""",64942,0,0,0,50000,+0.0003,0.0400,+0.0,+0.0000,NONE,RUNNING
"=""2026-08-09 21:25:47""",64941,0,0,0,50000,+0.0001,0.0400,+0.0,+0.0000,NONE,RUNNING
"=""2026-08-09 21:26:47""",64941,49649,0,49649,50000,-0.0004,0.0400,+0.0,+0.0000,NONE,RUNNING
"=""2026-08-09 21:27:47""",64942,24338,0,24338,50000,-0.0001,0.0400,+0.0,+0.0000,NONE,RUNNING
"=""2026-08-09 21:28:47""",64941,12947,0,12947,50000,-0.0000,0.0400,+0.0,+0.0000,NONE,RUNNING
"=""2026-08-09 21:29:47""",64941,86559,86559,0,50000,+0.0005,0.0400,+0.0,+0.0000,NONE,RUNNING
"=""2026-08-09 21:30:47""",64942,35843,35843,0,50000,+0.0047,0.0400,+0.0,+0.0000,NONE,RUNNING
"=""2026-08-09 21:31:47""",64941,38315,38315,0,50000,+0.0008,0.0400,+0.0,+0.0000,NONE,RUNNING
"=""2026-08-09 21:32:47""",64939,66051,66051,0,50000,-0.0010,0.0400,+0.0,+0.0000,NONE,RUNNING
"=""2026-08-09 21:33:47""",64938,11145,11145,0,50000,-0.0211,0.0400,+0.0,+0.0000,NONE,RUNNING
"=""2026-08-09 21:34:47""",64938,10363,10363,0,50000,-0.0005,0.0400,+0.0,+0.0000,NONE,RUNNING
"=""2026-08-09 21:35:47""",64938,0,0,0,50000,+0.0032,0.0400,+0.0,+0.0000,NONE,RUNNING
"=""2026-08-09 21:36:47""",64938,0,0,0,50000,+0.0014,0.0400,+0.0,+0.0000,NONE,RUNNING
"=""2026-08-09 21:37:47""",64938,0,0,0,50000,+0.0003,0.0400,+0.0,+0.0000,NONE,RUNNING
"=""2026-08-09 21:38:47""",64938,0,0,0,50000,+0.0009,0.0400,+0.0,+0.0000,NONE,RUNNING
"=""2026-08-09 21:39:48""",64938,0,0,0,50000,-0.0002,0.0400,+0.0,+0.0000,NONE,RUNNING
"=""2026-08-09 21:40:48""",64938,499135,0,499135,50000,+0.0002,0.0400,+0.0,+0.0000,NONE,RUNNING
"=""2026-08-09 21:41:48""",64938,0,0,0,50000,-0.0007,0.0400,+0.0,+0.0000,NONE,RUNNING
"=""2026-08-09 21:42:48""",64938,0,0,0,50000,-0.0010,0.0400,+0.0,+0.0000,NONE,RUNNING
"=""2026-08-09 21:43:48""",64938,0,0,0,50000,-0.0004,0.0400,+0.0,+0.0000,NONE,RUNNING
"=""2026-08-09 21:44:48""",64938,0,0,0,50000,-0.0004,0.0400,+0.0,+0.0000,NONE,RUNNING
"=""2026-08-09 21:45:48""",64938,0,0,0,50000,+0.0009,0.0400,+0.0,+0.0000,NONE,RUNNING
"=""2026-08-09 21:46:48""",64938,0,0,0,50000,+0.0007,0.0400,+0.0,+0.0000,NONE,RUNNING
"=""2026-08-09 21:47:48""",64938,0,0,0,50000,-0.0000,0.0400,+0.0,+0.0000,NONE,RUNNING
"=""2026-08-09 21:48:48""",64938,0,0,0,50000,-0.0045,0.0400,+0.0,+0.0000,NONE,RUNNING
"=""2026-08-09 21:49:48""",64938,240323,0,240323,50000,-0.0055,0.0400,+0.0,+0.0000,NONE,RUNNING
"=""2026-08-09 21:50:48""",64941,274807,15039,259768,50000,-0.0049,0.0400,+0.0,+0.0000,NONE,RUNNING
"=""2026-08-09 21:51:48""",64938,62272,62272,0,50000,-0.0047,0.0400,+0.0,+0.0000,NONE,RUNNING
"=""2026-08-09 21:52:48""",64938,0,0,0,50000,+0.0013,0.0400,+0.0,+0.0000,NONE,RUNNING
"=""2026-08-09 21:53:48""",64938,592138,68390,523748,50000,-0.0061,0.0400,+0.0,+0.0000,NONE,RUNNING
"=""2026-08-09 21:54:48""",64941,288697,10900,277797,50000,-0.0072,0.0400,+0.0,+0.0000,NONE,RUNNING
"=""2026-08-09 21:55:48""",64946,50685,0,50685,50000,+0.0055,0.0400,+0.0,+0.0000,NONE,RUNNING
"=""2026-08-09 21:56:48""",64948,78435,10284,68150,50000,+0.0022,0.0400,+0.0,+0.0000,NONE,RUNNING
"=""2026-08-09 21:57:49""",64950,26800,0,26800,50000,+0.0018,0.0400,+0.0,+0.0000,NONE,RUNNING
"=""2026-08-09 21:58:49""",64951,0,0,0,50000,+0.0013,0.0400,+0.0,+0.0000,NONE,RUNNING
"=""2026-08-09 21:59:49""",64960,255681,56418,199262,50000,+0.0063,0.0400,+0.0,+0.0000,NONE,RUNNING
"=""2026-08-09 22:00:49""",64962,99694,0,99694,50000,-0.0005,0.0400,+0.0,+0.0000,NONE,RUNNING
"=""2026-08-09 22:01:49""",64979,70584,0,70584,50000,+0.0150,0.0400,+0.0,+0.0000,NONE,RUNNING
"=""2026-08-09 22:02:49""",64981,50601,0,50601,50000,+0.0048,0.0400,+0.0,+0.0000,NONE,RUNNING
"=""2026-08-09 22:03:49""",64994,79912,0,79912,50000,+0.0030,0.0400,+0.0,+0.0000,NONE,RUNNING
"=""2026-08-09 22:04:49""",65000,13246,0,13246,50000,+0.0064,0.0400,+0.0,+0.0000,NONE,RUNNING
"=""2026-08-09 22:05:49""",65009,147871,0,147871,50000,-0.0000,0.0400,+0.0,+0.0000,NONE,RUNNING
"=""2026-08-09 22:06:49""",65032,200069,65016,135052,50000,+0.0056,0.0400,+0.0,+0.0000,NONE,RUNNING
"=""2026-08-09 22:07:10""",65027,629888,494835,135052,50000,+0.0369,0.0400,+0.0,+0.0000,NONE,RUNNING
"=""2026-08-09 22:07:11""",65027,600590,465537,135052,50000,+0.0369,0.0400,+0.0,+0.0000,NONE,RUNNING
"=""2026-08-09 22:07:12""",65025,642784,507731,135052,50000,+0.0369,0.0400,+0.0,+0.0000,NONE,RUNNING
"=""2026-08-09 22:07:13""",65024,642784,507731,135052,50000,+0.0347,0.0400,+0.0,+0.0000,NONE,RUNNING
"=""2026-08-09 22:07:14""",65024,642784,507731,135052,50000,+0.0347,0.0400,+0.0,+0.0000,NONE,RUNNING
"=""2026-08-09 22:07:15""",65024,642784,507731,135052,50000,+0.0347,0.0400,+0.0,+0.0000,NONE,RUNNING
"=""2026-08-09 22:07:16""",65024,642784,507731,135052,50000,+0.0347,0.0400,+0.0,+0.0000,NONE,RUNNING
"=""2026-08-09 22:07:17""",65024,642784,507731,135052,50000,+0.0349,0.0400,+0.0,+0.0000,NONE,RUNNING
"=""2026-08-09 22:07:18""",65024,642784,507731,135052,50000,+0.0441,0.0400,+0.0,+0.0000,NONE,RUNNING
"=""2026-08-09 22:07:19""",65024,642784,507731,135052,50000,+0.0441,0.0400,+0.0,+0.0000,NONE,RUNNING
"=""2026-08-09 22:07:20""",65024,642784,507731,135052,50000,+0.0397,0.0400,+0.0,+0.0000,NONE,RUNNING
"=""2026-08-09 22:07:21""",65024,642784,507731,135052,50000,+0.0397,0.0400,+0.0,+0.0000,NONE,RUNNING
"=""2026-08-09 22:07:22""",65024,642784,507731,135052,50000,+0.0427,0.0400,+0.0,+0.0000,NONE,RUNNING
"=""2026-08-09 22:07:23""",65024,663285,507731,155554,50000,+0.0427,0.0400,+0.0,+0.0000,NONE,RUNNING
"=""2026-08-09 22:07:24""",65024,663285,507731,155554,50000,+0.0425,0.0400,+0.0,+0.0000,NONE,RUNNING
"=""2026-08-09 22:07:25""",65024,663285,507731,155554,50000,+0.0425,0.0400,+0.0,+0.0000,NONE,RUNNING
"=""2026-08-09 22:07:26""",65024,663285,507731,155554,50000,+0.0321,0.0400,+0.0,+0.0000,NONE,RUNNING
"=""2026-08-09 22:07:27""",65024,663285,507731,155554,50000,+0.0316,0.0400,+0.0,+0.0000,NONE,RUNNING
"=""2026-08-09 22:07:28""",65024,663285,507731,155554,50000,+0.0316,0.0400,+0.0,+0.0000,NONE,RUNNING
"=""2026-08-09 22:07:29""",65024,663285,507731,155554,50000,+0.0316,0.0400,+0.0,+0.0000,NONE,RUNNING
"=""2026-08-09 22:07:30""",65024,663285,507731,155554,50000,+0.0316,0.0400,+0.0,+0.0000,NONE,RUNNING
"=""2026-08-09 22:07:31""",65024,663285,507731,155554,50000,+0.0314,0.0400,+0.0,+0.0000,NONE,RUNNING
"=""2026-08-09 22:07:32""",65024,528232,507731,20501,50000,+0.0313,0.0400,+0.0,+0.0000,NONE,RUNNING
"=""2026-08-09 22:07:34""",65024,528232,507731,20501,50000,+0.0313,0.0400,+0.0,+0.0000,NONE,RUNNING
"=""2026-08-09 22:07:35""",65024,528232,507731,20501,50000,+0.0311,0.0400,+0.0,+0.0000,NONE,RUNNING
"=""2026-08-09 22:07:36""",65024,528232,507731,20501,50000,+0.0309,0.0400,+0.0,+0.0000,NONE,RUNNING
"=""2026-08-09 22:07:37""",65024,528232,507731,20501,50000,+0.0309,0.0400,+0.0,+0.0000,NONE,RUNNING
"=""2026-08-09 22:07:38""",65024,528232,507731,20501,50000,+0.0309,0.0400,+0.0,+0.0000,NONE,RUNNING
"=""2026-08-09 22:07:39""",65024,528232,507731,20501,50000,+0.0309,0.0400,+0.0,+0.0000,NONE,RUNNING
"=""2026-08-09 22:07:40""",65024,528232,507731,20501,50000,+0.0309,0.0400,+0.0,+0.0000,NONE,RUNNING
"=""2026-08-09 22:07:41""",65024,528232,507731,20501,50000,+0.0324,0.0400,+0.0,+0.0000,NONE,RUNNING
"=""2026-08-09 22:07:42""",65024,528232,507731,20501,50000,+0.0329,0.0400,+0.0,+0.0000,NONE,RUNNING
"=""2026-08-09 22:07:43""",65024,528232,507731,20501,50000,+0.0329,0.0400,+0.0,+0.0000,NONE,RUNNING
"=""2026-08-09 22:07:44""",65024,528232,507731,20501,50000,+0.0329,0.0400,+0.0,+0.0000,NONE,RUNNING
"=""2026-08-09 22:07:45""",65024,528232,507731,20501,50000,+0.0329,0.0400,+0.0,+0.0000,NONE,RUNNING
"=""2026-08-09 22:07:46""",65024,528232,507731,20501,50000,+0.0300,0.0400,+0.0,+0.0000,NONE,RUNNING
"=""2026-08-09 22:07:47""",65024,528232,507731,20501,50000,+0.0300,0.0400,+0.0,+0.0000,NONE,RUNNING
"=""2026-08-09 22:07:48""",65024,528232,507731,20501,50000,+0.0300,0.0400,+0.0,+0.0000,NONE,RUNNING
"=""2026-08-09 22:07:49""",65024,528232,507731,20501,50000,+0.0299,0.0400,+0.0,+0.0000,NONE,RUNNING
"=""2026-08-09 22:07:50""",65024,528232,507731,20501,50000,+0.0299,0.0400,+0.0,+0.0000,NONE,RUNNING
"=""2026-08-09 22:07:51""",65024,528232,507731,20501,50000,+0.0298,0.0400,+0.0,+0.0000,NONE,RUNNING
"=""2026-08-09 22:07:52""",65024,528232,507731,20501,50000,+0.0298,0.0400,+0.0,+0.0000,NONE,RUNNING
"=""2026-08-09 22:07:53""",65024,528232,507731,20501,50000,+0.0298,0.0400,+0.0,+0.0000,NONE,RUNNING
"=""2026-08-09 22:07:54""",65024,528232,507731,20501,50000,+0.0298,0.0400,+0.0,+0.0000,NONE,RUNNING
"=""2026-08-09 22:07:55""",65024,528232,507731,20501,50000,+0.0298,0.0400,+0.0,+0.0000,NONE,RUNNING
"=""2026-08-09 22:07:56""",65024,528232,507731,20501,50000,+0.0287,0.0400,+0.0,+0.0000,NONE,RUNNING
"=""2026-08-09 22:07:57""",65024,528232,507731,20501,50000,+0.0288,0.0400,+0.0,+0.0000,NONE,RUNNING
"=""2026-08-09 22:07:58""",65024,528232,507731,20501,50000,+0.0282,0.0400,+0.0,+0.0000,NONE,RUNNING
"=""2026-08-09 22:07:59""",65024,528232,507731,20501,50000,+0.0282,0.0400,+0.0,+0.0000,NONE,RUNNING
"=""2026-08-09 22:08:00""",65024,528232,507731,20501,50000,+0.0282,0.0400,+0.0,+0.0000,NONE,RUNNING
"=""2026-08-09 22:08:01""",65024,528232,507731,20501,50000,+0.0287,0.0400,+0.0,+0.0000,NONE,RUNNING
"=""2026-08-09 22:08:02""",65024,528232,507731,20501,50000,+0.0287,0.0400,+0.0,+0.0000,NONE,RUNNING
"=""2026-08-09 22:08:03""",65024,528232,507731,20501,50000,+0.0287,0.0400,+0.0,+0.0000,NONE,RUNNING
"=""2026-08-09 22:08:04""",65024,528232,507731,20501,50000,+0.0287,0.0400,+0.0,+0.0000,NONE,RUNNING
"=""2026-08-09 22:08:05""",65024,528232,507731,20501,50000,+0.0288,0.0400,+0.0,+0.0000,NONE,RUNNING
"=""2026-08-09 22:08:06""",65024,98414,77912,20501,50000,+0.0288,0.0400,+0.0,+0.0000,NONE,RUNNING
"=""2026-08-09 22:08:07""",65024,119768,77912,41855,50000,+0.0292,0.0400,+0.0,+0.0000,NONE,RUNNING
"=""2026-08-09 22:08:08""",65024,119768,77912,41855,50000,+0.0292,0.0400,+0.0,+0.0000,NONE,RUNNING
"=""2026-08-09 22:08:09""",65024,119768,77912,41855,50000,+0.0271,0.0400,+0.0,+0.0000,NONE,RUNNING
"=""2026-08-09 22:08:10""",65024,119768,77912,41855,50000,+0.0271,0.0400,+0.0,+0.0000,NONE,RUNNING
"=""2026-08-09 22:08:11""",65024,119768,77912,41855,50000,-0.0143,0.0400,+0.0,+0.0000,NONE,RUNNING
"=""2026-08-09 22:08:12""",65024,41855,0,41855,50000,-0.0143,0.0400,+0.0,+0.0000,NONE,RUNNING
"=""2026-08-09 22:08:13""",65024,41855,0,41855,50000,-0.0143,0.0400,+0.0,+0.0000,NONE,RUNNING
"=""2026-08-09 22:08:14""",65024,41855,0,41855,50000,-0.0125,0.0400,+0.0,+0.0000,NONE,RUNNING
"=""2026-08-09 22:08:15""",65024,41855,0,41855,50000,-0.0125,0.0400,+0.0,+0.0000,NONE,RUNNING
"=""2026-08-09 22:08:16""",65024,41855,0,41855,50000,-0.0148,0.0400,+0.0,+0.0000,NONE,RUNNING
"=""2026-08-09 22:08:17""",65024,41855,0,41855,50000,-0.0150,0.0400,+0.0,+0.0000,NONE,RUNNING
"=""2026-08-09 22:08:18""",65024,41855,0,41855,50000,-0.0150,0.0400,+0.0,+0.0000,NONE,RUNNING
"=""2026-08-09 22:08:19""",65024,41855,0,41855,50000,-0.0150,0.0400,+0.0,+0.0000,NONE,RUNNING
"=""2026-08-09 22:08:20""",65024,41855,0,41855,50000,-0.0106,0.0400,+0.0,+0.0000,NONE,RUNNING
"=""2026-08-09 22:08:21""",65024,41855,0,41855,50000,-0.0106,0.0400,+0.0,+0.0000,NONE,RUNNING
"=""2026-08-09 22:08:22""",65024,41855,0,41855,50000,-0.0109,0.0400,+0.0,+0.0000,NONE,RUNNING
"=""2026-08-09 22:08:23""",65024,84845,63491,21354,50000,-0.0139,0.0400,+0.0,+0.0000,NONE,RUNNING
"=""2026-08-09 22:08:24""",65022,84845,63491,21354,50000,-0.0139,0.0400,+0.0,+0.0000,NONE,RUNNING
"=""2026-08-09 22:08:25""",65022,84845,63491,21354,50000,-0.0139,0.0400,+0.0,+0.0000,NONE,RUNNING
"=""2026-08-09 22:08:26""",65022,84845,63491,21354,50000,-0.0139,0.0400,+0.0,+0.0000,NONE,RUNNING
"=""2026-08-09 22:08:27""",65022,84845,63491,21354,50000,-0.0035,0.0400,+0.0,+0.0000,NONE,RUNNING
"=""2026-08-09 22:08:28""",65022,84845,63491,21354,50000,-0.0038,0.0400,+0.0,+0.0000,NONE,RUNNING
"=""2026-08-09 22:08:29""",65022,84845,63491,21354,50000,-0.0038,0.0400,+0.0,+0.0000,NONE,RUNNING
"=""2026-08-09 22:08:30""",65022,84845,63491,21354,50000,-0.0038,0.0400,+0.0,+0.0000,NONE,RUNNING
"=""2026-08-09 22:08:31""",65022,84845,63491,21354,50000,-0.0047,0.0400,+0.0,+0.0000,NONE,RUNNING
"=""2026-08-09 22:08:32""",65022,84845,63491,21354,50000,-0.0046,0.0400,+0.0,+0.0000,NONE,RUNNING
"=""2026-08-09 22:08:33""",65022,99982,78627,21354,50000,-0.0046,0.0400,+0.0,+0.0000,NONE,RUNNING
"=""2026-08-09 22:08:34""",65021,99982,78627,21354,50000,-0.0053,0.0400,+0.0,+0.0000,NONE,RUNNING
"=""2026-08-09 22:08:35""",65021,99982,78627,21354,50000,-0.0052,0.0400,+0.0,+0.0000,NONE,RUNNING
"=""2026-08-09 22:08:36""",65021,99982,78627,21354,50000,-0.0128,0.0400,+0.0,+0.0000,NONE,RUNNING
"=""2026-08-09 22:08:37""",65021,99982,78627,21354,50000,-0.0128,0.0400,+0.0,+0.0000,NONE,RUNNING
"=""2026-08-09 22:08:38""",65021,99982,78627,21354,50000,-0.0128,0.0400,+0.0,+0.0000,NONE,RUNNING
"=""2026-08-09 22:08:39""",65021,99982,78627,21354,50000,-0.0128,0.0400,+0.0,+0.0000,NONE,RUNNING
"=""2026-08-09 22:08:40""",65021,110385,89031,21354,50000,-0.0128,0.0400,+0.0,+0.0000,NONE,RUNNING
"=""2026-08-09 22:08:41""",65021,110385,89031,21354,50000,-0.0128,0.0400,+0.0,+0.0000,NONE,RUNNING
"=""2026-08-09 22:08:42""",65021,110385,89031,21354,50000,-0.0132,0.0400,+0.0,+0.0000,NONE,RUNNING
"=""2026-08-09 22:08:43""",65021,110385,89031,21354,50000,-0.0128,0.0400,+0.0,+0.0000,NONE,RUNNING
"=""2026-08-09 22:08:44""",65021,110385,89031,21354,50000,-0.0128,0.0400,+0.0,+0.0000,NONE,RUNNING
"=""2026-08-09 22:08:45""",65021,129598,108243,21354,50000,-0.0128,0.0400,+0.0,+0.0000,NONE,RUNNING
"=""2026-08-09 22:08:46""",65020,129598,108243,21354,50000,-0.0128,0.0400,+0.0,+0.0000,NONE,RUNNING
"=""2026-08-09 22:08:47""",65020,129598,108243,21354,50000,-0.0128,0.0400,+0.0,+0.0000,NONE,RUNNING
"=""2026-08-09 22:08:48""",65020,129598,108243,21354,50000,-0.0103,0.0400,+0.0,+0.0000,NONE,RUNNING
"=""2026-08-09 22:08:49""",65020,129598,108243,21354,50000,-0.0103,0.0400,+0.0,+0.0000,NONE,RUNNING
"=""2026-08-09 22:08:50""",65020,129598,108243,21354,50000,-0.0103,0.0400,+0.0,+0.0000,NONE,RUNNING
"=""2026-08-09 22:08:51""",65020,129598,108243,21354,50000,-0.0103,0.0400,+0.0,+0.0000,NONE,RUNNING
"=""2026-08-09 22:08:52""",65020,129598,108243,21354,50000,-0.0111,0.0400,+0.0,+0.0000,NONE,RUNNING
"=""2026-08-09 22:08:53""",65020,142790,121436,21354,50000,-0.0111,0.0400,+0.0,+0.0000,NONE,RUNNING
"=""2026-08-09 22:08:54""",65018,142790,121436,21354,50000,-0.0111,0.0400,+0.0,+0.0000,NONE,RUNNING
"=""2026-08-09 22:08:55""",65017,142790,121436,21354,50000,-0.0107,0.0400,+0.0,+0.0000,NONE,RUNNING
"=""2026-08-09 22:08:56""",65017,142790,121436,21354,50000,-0.0107,0.0400,+0.0,+0.0000,NONE,RUNNING
"=""2026-08-09 22:08:57""",65017,142790,121436,21354,50000,-0.0108,0.0400,+0.0,+0.0000,NONE,RUNNING
"=""2026-08-09 22:08:58""",65017,142790,121436,21354,50000,-0.0107,0.0400,+0.0,+0.0000,NONE,RUNNING
"=""2026-08-09 22:08:59""",65017,142790,121436,21354,50000,-0.0107,0.0400,+0.0,+0.0000,NONE,RUNNING
"=""2026-08-09 22:09:00""",65017,142790,121436,21354,50000,-0.0111,0.0400,+0.0,+0.0000,NONE,RUNNING
"=""2026-08-09 22:09:01""",65017,142790,121436,21354,50000,-0.0233,0.0400,+0.0,+0.0000,NONE,RUNNING
"=""2026-08-09 22:09:02""",65017,142790,121436,21354,50000,-0.0233,0.0400,+0.0,+0.0000,NONE,RUNNING
"=""2026-08-09 22:09:03""",65017,142790,121436,21354,50000,-0.0233,0.0400,+0.0,+0.0000,NONE,RUNNING
"=""2026-08-09 22:09:04""",65017,142790,121436,21354,50000,-0.0233,0.0400,+0.0,+0.0000,NONE,RUNNING
"=""2026-08-09 22:09:05""",65017,142790,121436,21354,50000,-0.0233,0.0400,+0.0,+0.0000,NONE,RUNNING
"=""2026-08-09 22:09:06""",65017,121436,121436,0,50000,-0.0237,0.0400,+0.0,+0.0000,NONE,RUNNING
"=""2026-08-09 22:09:07""",65017,121436,121436,0,50000,-0.0237,0.0400,+0.0,+0.0000,NONE,RUNNING
"=""2026-08-09 22:09:08""",65017,121436,121436,0,50000,-0.0237,0.0400,+0.0,+0.0000,NONE,RUNNING
"=""2026-08-09 22:09:09""",65017,121436,121436,0,50000,-0.0217,0.0400,+0.0,+0.0000,NONE,RUNNING
"=""2026-08-09 22:09:10""",65017,121436,121436,0,50000,-0.0207,0.0400,+0.0,+0.0000,NONE,RUNNING
"=""2026-08-09 22:09:12""",65017,121436,121436,0,50000,-0.0207,0.0400,+0.0,+0.0000,NONE,RUNNING
"=""2026-08-09 22:09:13""",65017,121436,121436,0,50000,-0.0207,0.0400,+0.0,+0.0000,NONE,RUNNING
"=""2026-08-09 22:09:14""",65017,121436,121436,0,50000,-0.0207,0.0400,+0.0,+0.0000,NONE,RUNNING
"=""2026-08-09 22:09:15""",65017,121436,121436,0,50000,-0.0207,0.0400,+0.0,+0.0000,NONE,RUNNING
"=""2026-08-09 22:09:16""",65017,121436,121436,0,50000,-0.0184,0.0400,+0.0,+0.0000,NONE,RUNNING
"=""2026-08-09 22:09:17""",65017,121436,121436,0,50000,-0.0180,0.0400,+0.0,+0.0000,NONE,RUNNING
"=""2026-08-09 22:09:18""",65017,121436,121436,0,50000,-0.0180,0.0400,+0.0,+0.0000,NONE,RUNNING
"=""2026-08-09 22:09:19""",65017,121436,121436,0,50000,-0.0180,0.0400,+0.0,+0.0000,NONE,RUNNING
"=""2026-08-09 22:09:20""",65017,121436,121436,0,50000,-0.0180,0.0400,+0.0,+0.0000,NONE,RUNNING
"=""2026-08-09 22:09:21""",65017,121436,121436,0,50000,-0.0180,0.0400,+0.0,+0.0000,NONE,RUNNING
"=""2026-08-09 22:09:22""",65017,121436,121436,0,50000,-0.0177,0.0400,+0.0,+0.0000,NONE,RUNNING
"=""2026-08-09 22:09:23""",65017,121436,121436,0,50000,-0.0185,0.0400,+0.0,+0.0000,NONE,RUNNING
"=""2026-08-09 22:09:24""",65017,57944,57944,0,50000,-0.0185,0.0400,+0.0,+0.0000,NONE,RUNNING
"=""2026-08-09 22:09:25""",65017,57944,57944,0,50000,-0.0186,0.0400,+0.0,+0.0000,NONE,RUNNING
"=""2026-08-09 22:09:26""",65017,57944,57944,0,50000,-0.0186,0.0400,+0.0,+0.0000,NONE,RUNNING
"=""2026-08-09 22:09:27""",65017,57944,57944,0,50000,-0.0185,0.0400,+0.0,+0.0000,NONE,RUNNING
"=""2026-08-09 22:09:28""",65017,57944,57944,0,50000,-0.0182,0.0400,+0.0,+0.0000,NONE,RUNNING
"=""2026-08-09 22:09:29""",65017,57944,57944,0,50000,-0.0182,0.0400,+0.0,+0.0000,NONE,RUNNING
"=""2026-08-09 22:09:30""",65017,57944,57944,0,50000,-0.0182,0.0400,+0.0,+0.0000,NONE,RUNNING
"=""2026-08-09 22:09:31""",65017,57944,57944,0,50000,-0.0173,0.0400,+0.0,+0.0000,NONE,RUNNING
"=""2026-08-09 22:09:32""",65017,57944,57944,0,50000,-0.0157,0.0400,+0.0,+0.0000,NONE,RUNNING
"=""2026-08-09 22:09:33""",65017,57944,57944,0,50000,-0.0157,0.0400,+0.0,+0.0000,NONE,RUNNING
"=""2026-08-09 22:09:34""",65017,42808,42808,0,50000,-0.0150,0.0400,+0.0,+0.0000,NONE,RUNNING
"=""2026-08-09 22:09:35""",65017,42808,42808,0,50000,-0.0148,0.0400,+0.0,+0.0000,NONE,RUNNING
"=""2026-08-09 22:09:36""",65017,42808,42808,0,50000,-0.0148,0.0400,+0.0,+0.0000,NONE,RUNNING
"=""2026-08-09 22:09:37""",65017,42808,42808,0,50000,-0.0072,0.0400,+0.0,+0.0000,NONE,RUNNING
"=""2026-08-09 22:09:38""",65017,42808,42808,0,50000,-0.0072,0.0400,+0.0,+0.0000,NONE,RUNNING
"=""2026-08-09 22:09:39""",65017,42808,42808,0,50000,-0.0055,0.0400,+0.0,+0.0000,NONE,RUNNING
"=""2026-08-09 22:09:40""",65017,42808,42808,0,50000,-0.0055,0.0400,+0.0,+0.0000,NONE,RUNNING
"=""2026-08-09 22:09:41""",65017,32405,32405,0,50000,-0.0054,0.0400,+0.0,+0.0000,NONE,RUNNING
"=""2026-08-09 22:09:42""",65017,32405,32405,0,50000,-0.0054,0.0400,+0.0,+0.0000,NONE,RUNNING
"=""2026-08-09 22:09:43""",65017,32405,32405,0,50000,-0.0058,0.0400,+0.0,+0.0000,NONE,RUNNING
"=""2026-08-09 22:09:44""",65017,32405,32405,0,50000,-0.0058,0.0400,+0.0,+0.0000,NONE,RUNNING
"=""2026-08-09 22:09:45""",65017,13192,13192,0,50000,-0.0058,0.0400,+0.0,+0.0000,NONE,RUNNING
"=""2026-08-09 22:09:46""",65017,13192,13192,0,50000,-0.0058,0.0400,+0.0,+0.0000,NONE,RUNNING
"=""2026-08-09 22:09:47""",65017,13192,13192,0,50000,-0.0038,0.0400,+0.0,+0.0000,NONE,RUNNING
"=""2026-08-09 22:09:48""",65017,13192,13192,0,50000,-0.0038,0.0400,+0.0,+0.0000,NONE,RUNNING
"=""2026-08-09 22:09:49""",65017,13192,13192,0,50000,-0.0062,0.0400,+0.0,+0.0000,NONE,RUNNING
"=""2026-08-09 22:09:50""",65017,13192,13192,0,50000,-0.0062,0.0400,+0.0,+0.0000,NONE,RUNNING
"=""2026-08-09 22:09:51""",65017,13192,13192,0,50000,-0.0062,0.0400,+0.0,+0.0000,NONE,RUNNING
"=""2026-08-09 22:09:52""",65017,13192,13192,0,50000,-0.0054,0.0400,+0.0,+0.0000,NONE,RUNNING
"=""2026-08-09 22:09:53""",65017,0,0,0,50000,-0.0053,0.0400,+0.0,+0.0000,NONE,RUNNING
"=""2026-08-09 22:09:54""",65017,0,0,0,50000,-0.0053,0.0400,+0.0,+0.0000,NONE,RUNNING
"=""2026-08-09 22:09:55""",65017,0,0,0,50000,-0.0056,0.0400,+0.0,+0.0000,NONE,RUNNING
"=""2026-08-09 22:09:56""",65017,0,0,0,50000,-0.0056,0.0400,+0.0,+0.0000,NONE,RUNNING
"=""2026-08-09 22:09:57""",65017,0,0,0,50000,-0.0053,0.0400,+0.0,+0.0000,NONE,RUNNING
"=""2026-08-09 22:09:58""",65017,0,0,0,50000,-0.0053,0.0400,+0.0,+0.0000,NONE,RUNNING
"=""2026-08-09 22:09:59""",65017,0,0,0,50000,-0.0053,0.0400,+0.0,+0.0000,NONE,RUNNING
"=""2026-08-09 22:10:00""",65017,0,0,0,50000,-0.0053,0.0400,+0.0,+0.0000,NONE,RUNNING
"=""2026-08-09 22:10:01""",65017,0,0,0,50000,+0.0068,0.0400,+0.0,+0.0000,NONE,RUNNING
"=""2026-08-09 22:10:02""",65017,0,0,0,50000,+0.0083,0.0400,+0.0,+0.0000,NONE,RUNNING
"=""2026-08-09 22:10:03""",65017,0,0,0,50000,+0.0083,0.0400,+0.0,+0.0000,NONE,RUNNING
"=""2026-08-09 22:10:04""",65017,0,0,0,50000,+0.0083,0.0400,+0.0,+0.0000,NONE,RUNNING
"=""2026-08-09 22:10:05""",65017,0,0,0,50000,+0.0083,0.0400,+0.0,+0.0000,NONE,RUNNING
"=""2026-08-09 22:10:06""",65017,0,0,0,50000,+0.0083,0.0400,+0.0,+0.0000,NONE,RUNNING
"=""2026-08-09 22:10:07""",65017,0,0,0,50000,+0.0083,0.0400,+0.0,+0.0000,NONE,RUNNING
"=""2026-08-09 22:10:08""",65017,0,0,0,50000,+0.0083,0.0400,+0.0,+0.0000,NONE,RUNNING
"=""2026-08-09 22:10:09""",65017,0,0,0,50000,+0.0083,0.0400,+0.0,+0.0000,NONE,RUNNING
"=""2026-08-09 22:10:10""",65017,0,0,0,50000,+0.0083,0.0400,+0.0,+0.0000,NONE,RUNNING
"=""2026-08-09 22:10:11""",65017,0,0,0,50000,+0.0074,0.0400,+0.0,+0.0000,NONE,RUNNING
"=""2026-08-09 22:10:12""",65017,0,0,0,50000,+0.0075,0.0400,+0.0,+0.0000,NONE,RUNNING
"=""2026-08-09 22:10:13""",65017,0,0,0,50000,+0.0075,0.0400,+0.0,+0.0000,NONE,RUNNING
"=""2026-08-09 22:10:14""",65017,0,0,0,50000,+0.0075,0.0400,+0.0,+0.0000,NONE,RUNNING
"=""2026-08-09 22:10:15""",65017,0,0,0,50000,+0.0075,0.0400,+0.0,+0.0000,NONE,RUNNING
"=""2026-08-09 22:11:15""",65017,0,0,0,50000,+0.0009,0.0400,+0.0,+0.0000,NONE,RUNNING
"=""2026-08-09 22:12:15""",65017,0,0,0,50000,+0.0097,0.0400,+0.0,+0.0000,NONE,RUNNING
"=""2026-08-09 22:13:15""",65017,21441,21441,0,50000,-0.0030,0.0400,+0.0,+0.0000,NONE,RUNNING
"=""2026-08-09 22:14:15""",65017,36302,0,36302,50000,+0.0035,0.0400,+0.0,+0.0000,NONE,RUNNING
"=""2026-08-09 22:15:15""",65019,14763,0,14763,50000,+0.0027,0.0400,+0.0,+0.0000,NONE,RUNNING
"=""2026-08-09 22:16:16""",65031,130943,0,130943,50000,+0.0037,0.0400,+0.0,+0.0000,NONE,RUNNING
"=""2026-08-09 22:17:16""",65046,131142,0,131142,50000,+0.0002,0.0400,+0.0,+0.0000,NONE,RUNNING
"=""2026-08-09 22:18:16""",65046,56433,0,56433,50000,+0.0024,0.0400,+0.0,+0.0000,NONE,RUNNING
"=""2026-08-09 22:19:16""",65049,0,0,0,50000,-0.0018,0.0400,+0.0,+0.0000,NONE,RUNNING
"=""2026-08-09 22:20:16""",65049,204880,63602,141278,50000,+0.0010,0.0400,+0.0,+0.0000,NONE,RUNNING
"=""2026-08-09 22:21:16""",65055,146744,12458,134286,50000,+0.0025,0.0400,+0.0,+0.0000,NONE,RUNNING
"=""2026-08-09 22:22:16""",65039,462162,462162,0,50000,-0.0061,0.0400,+0.0,+0.0000,NONE,RUNNING
"=""2026-08-09 22:23:16""",65039,0,0,0,50000,+0.0018,0.0400,+0.0,+0.0000,NONE,RUNNING
"=""2026-08-09 22:24:16""",65039,31923,31923,0,50000,+0.0014,0.0400,+0.0,+0.0000,NONE,RUNNING
"=""2026-08-09 22:25:16""",65046,513011,28447,484563,50000,-0.0023,0.0400,+0.0,+0.0000,NONE,RUNNING
"=""2026-08-09 22:26:16""",65051,358729,32501,326228,50000,+0.0030,0.0400,+0.0,+0.0000,NONE,RUNNING
"=""2026-08-09 22:27:16""",65051,0,0,0,50000,-0.0005,0.0400,+0.0,+0.0000,NONE,RUNNING
"=""2026-08-09 22:28:16""",65051,0,0,0,50000,-0.0004,0.0400,+0.0,+0.0000,NONE,RUNNING
"=""2026-08-09 22:28:30""",65059,51235,0,51235,50000,+0.0423,0.0400,+0.0,+0.0000,NONE,RUNNING
"=""2026-08-09 22:28:32""",65059,51235,0,51235,50000,+0.0423,0.0400,+0.0,+0.0000,NONE,RUNNING
"=""2026-08-09 22:28:33""",65059,51235,0,51235,50000,+0.0424,0.0400,+0.0,+0.0000,NONE,RUNNING
"=""2026-08-09 22:28:34""",65059,51235,0,51235,50000,+0.0424,0.0400,+0.0,+0.0000,NONE,RUNNING
"=""2026-08-09 22:28:35""",65059,51235,0,51235,50000,+0.0424,0.0400,+0.0,+0.0000,NONE,RUNNING
"=""2026-08-09 22:28:36""",65059,51235,0,51235,50000,+0.0424,0.0400,+0.0,+0.0000,NONE,RUNNING
"=""2026-08-09 22:28:37""",65059,51235,0,51235,50000,+0.0423,0.0400,+0.0,+0.0000,NONE,RUNNING
"=""2026-08-09 22:28:38""",65059,51235,0,51235,50000,+0.0423,0.0400,+0.0,+0.0000,NONE,RUNNING
"=""2026-08-09 22:28:39""",65059,51235,0,51235,50000,+0.0423,0.0400,+0.0,+0.0000,NONE,RUNNING
"=""2026-08-09 22:28:40""",65059,51235,0,51235,50000,+0.0423,0.0400,+0.0,+0.0000,NONE,RUNNING
"=""2026-08-09 22:28:41""",65059,51235,0,51235,50000,+0.0423,0.0400,+0.0,+0.0000,NONE,RUNNING
"=""2026-08-09 22:28:42""",65059,51235,0,51235,50000,+0.0419,0.0400,+0.0,+0.0000,NONE,RUNNING
"=""2026-08-09 22:28:43""",65059,51235,0,51235,50000,+0.0404,0.0400,+0.0,+0.0000,NONE,RUNNING
"=""2026-08-09 22:28:44""",65059,51235,0,51235,50000,+0.0404,0.0400,+0.0,+0.0000,NONE,RUNNING
"=""2026-08-09 22:28:45""",65059,51235,0,51235,50000,+0.0404,0.0400,+0.0,+0.0000,NONE,RUNNING
"=""2026-08-09 22:28:46""",65059,51235,0,51235,50000,+0.0408,0.0400,+0.0,+0.0000,NONE,RUNNING
"=""2026-08-09 22:28:47""",65059,51235,0,51235,50000,+0.0408,0.0400,+0.0,+0.0000,NONE,RUNNING
"=""2026-08-09 22:28:48""",65059,51235,0,51235,50000,+0.0408,0.0400,+0.0,+0.0000,NONE,RUNNING
"=""2026-08-09 22:28:49""",65059,51235,0,51235,50000,+0.0408,0.0400,+0.0,+0.0000,NONE,RUNNING
"=""2026-08-09 22:28:50""",65059,51235,0,51235,50000,+0.0408,0.0400,+0.0,+0.0000,NONE,RUNNING
"=""2026-08-09 22:28:51""",65060,51235,0,51235,50000,+0.0400,0.0400,+0.0,+0.0000,NONE,RUNNING
"=""2026-08-09 22:28:52""",65059,51235,0,51235,50000,+0.0400,0.0400,+0.0,+0.0000,NONE,RUNNING
"=""2026-08-09 22:28:53""",65059,51235,0,51235,50000,+0.0408,0.0400,+0.0,+0.0000,NONE,RUNNING
"=""2026-08-09 22:28:54""",65060,51235,0,51235,50000,+0.0409,0.0400,+0.0,+0.0000,NONE,RUNNING
"=""2026-08-09 22:28:55""",65059,76868,25632,51235,50000,+0.0409,0.0400,+0.0,+0.0000,NONE,RUNNING
"=""2026-08-09 22:28:56""",65059,76868,25632,51235,50000,+0.0409,0.0400,+0.0,+0.0000,NONE,RUNNING
"=""2026-08-09 22:28:57""",65060,76868,25632,51235,50000,+0.0408,0.0400,+0.0,+0.0000,NONE,RUNNING
"=""2026-08-09 22:28:58""",65060,76868,25632,51235,50000,+0.0404,0.0400,+0.0,+0.0000,NONE,RUNNING
"=""2026-08-09 22:28:59""",65059,76868,25632,51235,50000,+0.0404,0.0400,+0.0,+0.0000,NONE,RUNNING
"=""2026-08-09 22:29:00""",65060,76868,25632,51235,50000,+0.0404,0.0600,+0.0,+0.0000,NONE,RUNNING
"=""2026-08-09 22:29:01""",65060,76868,25632,51235,50000,+0.0398,0.0600,+0.0,+0.0000,NONE,RUNNING
"=""2026-08-09 22:29:02""",65060,76868,25632,51235,50000,+0.0398,0.0600,+0.0,+0.0000,NONE,RUNNING
"=""2026-08-09 22:29:03""",65060,91492,40257,51235,50000,+0.0398,0.0600,+0.0,+0.0000,NONE,RUNNING
"=""2026-08-09 22:29:04""",65059,91492,40257,51235,50000,+0.0398,0.0600,+0.0,+0.0000,NONE,RUNNING
"=""2026-08-09 22:29:05""",65059,91492,40257,51235,50000,+0.0398,0.0600,+0.0,+0.0000,NONE,RUNNING
"=""2026-08-09 22:29:06""",65060,91492,40257,51235,50000,+0.0401,0.0600,+0.0,+0.0000,NONE,RUNNING
"=""2026-08-09 22:29:07""",65059,91492,40257,51235,50000,+0.0401,0.0600,+0.0,+0.0000,NONE,RUNNING
"=""2026-08-09 22:29:08""",65059,91492,40257,51235,50000,+0.0404,0.0600,+0.0,+0.0000,NONE,RUNNING
"=""2026-08-09 22:29:09""",65059,91492,40257,51235,50000,+0.0404,0.0600,+0.0,+0.0000,NONE,RUNNING
"=""2026-08-09 22:29:10""",65059,91492,40257,51235,50000,+0.0404,0.0600,+0.0,+0.0000,NONE,RUNNING
"=""2026-08-09 22:29:11""",65059,91492,40257,51235,50000,+0.0404,0.0600,+0.0,+0.0000,NONE,RUNNING
"=""2026-08-09 22:29:12""",65062,108715,40257,68457,50000,+0.0404,0.0600,+0.0,+0.0000,NONE,RUNNING
"=""2026-08-09 22:29:13""",65062,108715,40257,68457,50000,+0.0420,0.0600,+0.0,+0.0000,NONE,RUNNING
"=""2026-08-09 22:29:14""",65062,108715,40257,68457,50000,+0.0422,0.0600,+0.0,+0.0000,NONE,RUNNING
"=""2026-08-09 22:29:15""",65062,108715,40257,68457,50000,+0.0422,0.0600,+0.0,+0.0000,NONE,RUNNING
"=""2026-08-09 22:29:16""",65062,108715,40257,68457,50000,+0.0422,0.0600,+0.0,+0.0000,NONE,RUNNING
"=""2026-08-09 22:29:17""",65062,131427,40257,91169,50000,+0.0421,0.0600,+0.0,+0.0000,NONE,RUNNING
"=""2026-08-09 22:29:18""",65080,143401,52231,91169,50000,+0.0421,0.0600,+0.0,+0.0000,NONE,RUNNING
"=""2026-08-09 22:29:19""",65080,143401,52231,91169,50000,+0.0421,0.0600,+0.0,+0.0000,NONE,RUNNING
"=""2026-08-09 22:29:20""",65080,143401,52231,91169,50000,+0.0421,0.0600,+0.0,+0.0000,NONE,RUNNING
"=""2026-08-09 22:29:21""",65080,124877,52231,72646,50000,+0.0421,0.0600,+0.0,+0.0000,NONE,RUNNING
"=""2026-08-09 22:29:22""",65080,124877,52231,72646,50000,+0.0443,0.0600,+0.0,+0.0000,NONE,RUNNING
"=""2026-08-09 22:29:23""",65080,124877,52231,72646,50000,+0.0262,0.0600,+0.0,+0.0000,NONE,RUNNING
"=""2026-08-09 22:29:24""",65080,124877,52231,72646,50000,+0.0262,0.0600,+0.0,+0.0000,NONE,RUNNING
"=""2026-08-09 22:29:25""",65080,124877,52231,72646,50000,+0.0262,0.0600,+0.0,+0.0000,NONE,RUNNING
"=""2026-08-09 22:29:26""",65080,124877,52231,72646,50000,+0.0263,0.0600,+0.0,+0.0000,NONE,RUNNING
"=""2026-08-09 22:29:27""",65080,124877,52231,72646,50000,+0.0265,0.0600,+0.0,+0.0000,NONE,RUNNING
"=""2026-08-09 22:29:28""",65080,124877,52231,72646,50000,+0.0265,0.0600,+0.0,+0.0000,NONE,RUNNING
"=""2026-08-09 22:29:29""",65080,124877,52231,72646,50000,+0.0250,0.0600,+0.0,+0.0000,NONE,RUNNING
"=""2026-08-09 22:29:30""",65080,92166,52231,39934,50000,+0.0250,0.0600,+0.0,+0.0000,NONE,RUNNING
"=""2026-08-09 22:29:31""",65080,92166,52231,39934,50000,-0.0204,0.0600,+0.0,+0.0000,NONE,RUNNING
"=""2026-08-09 22:29:32""",65080,92166,52231,39934,50000,-0.0203,0.0600,+0.0,+0.0000,NONE,RUNNING
"=""2026-08-09 22:29:33""",65080,92166,52231,39934,50000,-0.0203,0.0600,+0.0,+0.0000,NONE,RUNNING
"=""2026-08-09 22:29:34""",65080,92166,52231,39934,50000,-0.0203,0.0600,+0.0,+0.0000,NONE,RUNNING
"=""2026-08-09 22:29:35""",65080,92166,52231,39934,50000,-0.0191,0.0600,+0.0,+0.0000,NONE,RUNNING
"=""2026-08-09 22:29:36""",65080,227847,52231,175615,50000,-0.0191,0.0600,+0.0,+0.0000,NONE,RUNNING
"=""2026-08-09 22:29:37""",65088,227847,52231,175615,50000,-0.0190,0.0600,+0.0,+0.0000,NONE,RUNNING
"=""2026-08-09 22:29:38""",65087,227847,52231,175615,50000,-0.0189,0.0600,+0.0,+0.0000,NONE,RUNNING
"=""2026-08-09 22:29:39""",65087,227847,52231,175615,50000,-0.0189,0.0600,+0.0,+0.0000,NONE,RUNNING
"=""2026-08-09 22:29:40""",65087,227847,52231,175615,50000,-0.0189,0.0600,+0.0,+0.0000,NONE,RUNNING
"=""2026-08-09 22:29:41""",65087,227847,52231,175615,50000,-0.0279,0.0600,+0.0,+0.0000,NONE,RUNNING
"=""2026-08-09 22:29:42""",65087,227847,52231,175615,50000,-0.0279,0.0600,+0.0,+0.0000,NONE,RUNNING
"=""2026-08-09 22:29:43""",65088,227847,52231,175615,50000,-0.0265,0.0600,+0.0,+0.0000,NONE,RUNNING
"=""2026-08-09 22:29:44""",65087,227847,52231,175615,50000,-0.0265,0.0600,+0.0,+0.0000,NONE,RUNNING
"=""2026-08-09 22:29:45""",65088,227847,52231,175615,50000,-0.0264,0.0600,+0.0,+0.0000,NONE,RUNNING
"=""2026-08-09 22:29:46""",65087,227847,52231,175615,50000,-0.0268,0.0600,+0.0,+0.0000,NONE,RUNNING
"=""2026-08-09 22:29:47""",65087,227847,52231,175615,50000,-0.0272,0.0600,+0.0,+0.0000,NONE,RUNNING
"=""2026-08-09 22:29:48""",65087,227847,52231,175615,50000,-0.0272,0.0600,+0.0,+0.0000,NONE,RUNNING
"=""2026-08-09 22:29:49""",65087,227847,52231,175615,50000,-0.0272,0.0600,+0.0,+0.0000,NONE,RUNNING
"=""2026-08-09 22:29:50""",65087,227847,52231,175615,50000,-0.0272,0.0600,+0.0,+0.0000,NONE,RUNNING
"=""2026-08-09 22:29:51""",65088,227847,52231,175615,50000,-0.0272,0.0600,+0.0,+0.0000,NONE,RUNNING
"=""2026-08-09 22:29:52""",65088,227847,52231,175615,50000,-0.0280,0.0600,+0.0,+0.0000,NONE,RUNNING
"=""2026-08-09 22:29:53""",65087,227847,52231,175615,50000,-0.0277,0.0600,+0.0,+0.0000,NONE,RUNNING
"=""2026-08-09 22:29:54""",65088,227847,52231,175615,50000,-0.0277,0.0600,+0.0,+0.0000,NONE,RUNNING
"=""2026-08-09 22:29:55""",65087,224925,26598,198326,50000,-0.0277,0.0600,+0.0,+0.0000,NONE,RUNNING
"=""2026-08-09 22:29:56""",65087,224925,26598,198326,50000,-0.0277,0.0600,+0.0,+0.0000,NONE,RUNNING
"=""2026-08-09 22:29:57""",65087,224925,26598,198326,50000,-0.0265,0.0600,+0.0,+0.0000,NONE,RUNNING
"=""2026-08-09 22:29:58""",65088,224925,26598,198326,50000,-0.0261,0.0600,+0.0,+0.0000,NONE,RUNNING
"=""2026-08-09 22:29:59""",65087,224925,26598,198326,50000,-0.0261,0.0600,+0.0,+0.0000,NONE,RUNNING
"=""2026-08-09 22:30:00""",65087,224925,26598,198326,50000,-0.0261,0.0600,+0.0,+0.0000,NONE,RUNNING
"=""2026-08-09 22:30:01""",65088,235356,26598,208758,50000,-0.0255,0.0600,+0.0,+0.0000,NONE,RUNNING
"=""2026-08-09 22:30:02""",65090,235356,26598,208758,50000,-0.0251,0.0600,+0.0,+0.0000,NONE,RUNNING
"=""2026-08-09 22:30:03""",65091,220732,11974,208758,50000,-0.0251,0.0600,+0.0,+0.0000,NONE,RUNNING
"=""2026-08-09 22:30:04""",65091,220732,11974,208758,50000,-0.0251,0.0600,+0.0,+0.0000,NONE,RUNNING
"=""2026-08-09 22:30:05""",65091,220732,11974,208758,50000,-0.0168,0.0600,+0.0,+0.0000,NONE,RUNNING
"=""2026-08-09 22:30:06""",65091,220732,11974,208758,50000,-0.0168,0.0600,+0.0,+0.0000,NONE,RUNNING
"=""2026-08-09 22:30:07""",65091,220732,11974,208758,50000,-0.0171,0.0600,+0.0,+0.0000,NONE,RUNNING
"=""2026-08-09 22:30:09""",65091,220732,11974,208758,50000,-0.0171,0.0600,+0.0,+0.0000,NONE,RUNNING
"=""2026-08-09 22:30:10""",65091,220732,11974,208758,50000,-0.0169,0.0600,+0.0,+0.0000,NONE,RUNNING
"=""2026-08-09 22:30:11""",65091,220732,11974,208758,50000,-0.0169,0.0600,+0.0,+0.0000,NONE,RUNNING
"=""2026-08-09 22:30:12""",65091,203510,11974,191535,50000,-0.0166,0.0600,+0.0,+0.0000,NONE,RUNNING
"=""2026-08-09 22:30:13""",65091,203510,11974,191535,50000,-0.0166,0.0600,+0.0,+0.0000,NONE,RUNNING
"=""2026-08-09 22:30:14""",65091,203510,11974,191535,50000,-0.0168,0.0600,+0.0,+0.0000,NONE,RUNNING
"=""2026-08-09 22:30:15""",65091,203510,11974,191535,50000,-0.0168,0.0600,+0.0,+0.0000,NONE,RUNNING
"=""2026-08-09 22:30:16""",65091,203510,11974,191535,50000,-0.0124,0.0600,+0.0,+0.0000,NONE,RUNNING
"=""2026-08-09 22:30:17""",65091,191471,11974,179497,50000,-0.0122,0.0600,+0.0,+0.0000,NONE,RUNNING
"=""2026-08-09 22:30:18""",65093,193277,11974,181303,50000,-0.0122,0.0600,+0.0,+0.0000,NONE,RUNNING
"=""2026-08-09 22:30:19""",65095,262343,0,262343,50000,-0.0122,0.0600,+0.0,+0.0000,NONE,RUNNING
"=""2026-08-09 22:30:20""",65099,328653,0,328653,50000,-0.0122,0.0600,+0.0,+0.0000,NONE,RUNNING
"=""2026-08-09 22:30:21""",65100,328653,0,328653,50000,-0.0122,0.0600,+0.0,+0.0000,NONE,RUNNING
"=""2026-08-09 22:30:22""",65100,328653,0,328653,50000,-0.0113,0.0600,+0.0,+0.0000,NONE,RUNNING
"=""2026-08-09 22:30:27""",65105,1041519,0,1041519,50000,+0.0444,0.0600,+0.0,+0.0000,NONE,RUNNING
"=""2026-08-09 22:30:28""",65105,1041519,0,1041519,50000,+0.0444,0.0600,+0.0,+0.0000,NONE,RUNNING
"=""2026-08-09 22:30:29""",65105,1041519,0,1041519,50000,+0.0458,0.0600,+0.0,+0.0000,NONE,RUNNING
"=""2026-08-09 22:30:30""",65105,1041519,0,1041519,50000,+0.0458,0.0600,+0.0,+0.0000,NONE,RUNNING
"=""2026-08-09 22:30:31""",65106,1041519,0,1041519,50000,+0.0458,0.0600,+0.0,+0.0000,NONE,RUNNING
"=""2026-08-09 22:30:32""",65106,1041519,0,1041519,50000,+0.0457,0.0600,+0.0,+0.0000,NONE,RUNNING
"=""2026-08-09 22:30:33""",65105,1157609,116090,1041519,50000,+0.0430,0.0600,+0.0,+0.0000,NONE,RUNNING
"=""2026-08-09 22:30:34""",65105,1157609,116090,1041519,50000,+0.0430,0.0600,+0.0,+0.0000,NONE,RUNNING
"=""2026-08-09 22:30:35""",65105,1157609,116090,1041519,50000,+0.0418,0.0600,+0.0,+0.0000,NONE,RUNNING
"=""2026-08-09 22:30:36""",65105,1021928,116090,905838,50000,+0.0418,0.0600,+0.0,+0.0000,NONE,RUNNING
"=""2026-08-09 22:30:37""",65105,1021928,116090,905838,50000,+0.0417,0.0600,+0.0,+0.0000,NONE,RUNNING
"=""2026-08-09 22:30:38""",65105,1021928,116090,905838,50000,+0.0417,0.0600,+0.0,+0.0000,NONE,RUNNING
"=""2026-08-09 22:30:39""",65105,1065772,159934,905838,50000,+0.0417,0.0600,+0.0,+0.0000,NONE,RUNNING
"=""2026-08-09 22:30:40""",65102,1065772,159934,905838,50000,+0.0396,0.0600,+0.0,+0.0000,NONE,RUNNING
"=""2026-08-09 22:30:41""",65102,1065772,159934,905838,50000,+0.0486,0.0600,+0.0,+0.0000,NONE,RUNNING
"=""2026-08-09 22:30:42""",65102,1065772,159934,905838,50000,+0.0448,0.0600,+0.0,+0.0000,NONE,RUNNING
"=""2026-08-09 22:30:43""",65102,1065772,159934,905838,50000,+0.0448,0.0600,+0.0,+0.0000,NONE,RUNNING
"=""2026-08-09 22:30:44""",65102,1065772,159934,905838,50000,+0.0448,0.0600,+0.0,+0.0000,NONE,RUNNING
"=""2026-08-09 22:30:45""",65102,1065772,159934,905838,50000,+0.0448,0.0600,+0.0,+0.0000,NONE,RUNNING
"=""2026-08-09 22:30:46""",65102,1065772,159934,905838,50000,+0.0448,0.0600,+0.0,+0.0000,NONE,RUNNING
"=""2026-08-09 22:30:47""",65102,1065772,159934,905838,50000,+0.0451,0.0600,+0.0,+0.0000,NONE,RUNNING
"=""2026-08-09 22:30:48""",65102,1065772,159934,905838,50000,+0.0451,0.0600,+0.0,+0.0000,NONE,RUNNING
"=""2026-08-09 22:30:49""",65102,1065772,159934,905838,50000,+0.0350,0.0600,+0.0,+0.0000,NONE,RUNNING
"=""2026-08-09 22:30:50""",65102,1065772,159934,905838,50000,+0.0350,0.0600,+0.0,+0.0000,NONE,RUNNING
"=""2026-08-09 22:30:51""",65102,1065772,159934,905838,50000,+0.0350,0.0600,+0.0,+0.0000,NONE,RUNNING
"=""2026-08-09 22:30:52""",65102,1065772,159934,905838,50000,+0.0348,0.0600,+0.0,+0.0000,NONE,RUNNING
"=""2026-08-09 22:30:53""",65102,1080858,175020,905838,50000,+0.0346,0.0600,+0.0,+0.0000,NONE,RUNNING
"=""2026-08-09 22:30:54""",65102,1080858,175020,905838,50000,+0.0346,0.0600,+0.0,+0.0000,NONE,RUNNING
"=""2026-08-09 22:30:55""",65102,1058147,175020,883126,50000,+0.0356,0.0600,+0.0,+0.0000,NONE,RUNNING
"=""2026-08-09 22:30:56""",65102,1058147,175020,883126,50000,+0.0356,0.0600,+0.0,+0.0000,NONE,RUNNING
"=""2026-08-09 22:30:57""",65102,1058147,175020,883126,50000,+0.0344,0.0600,+0.0,+0.0000,NONE,RUNNING
"=""2026-08-09 22:30:58""",65102,1058147,175020,883126,50000,+0.0347,0.0600,+0.0,+0.0000,NONE,RUNNING
"=""2026-08-09 22:30:59""",65102,1058147,175020,883126,50000,+0.0347,0.0600,+0.0,+0.0000,NONE,RUNNING
"=""2026-08-09 22:31:00""",65102,1058147,175020,883126,50000,+0.0347,0.0600,+0.0,+0.0000,NONE,RUNNING
"=""2026-08-09 22:31:01""",65102,1047716,175020,872695,50000,+0.0347,0.0600,+0.0,+0.0000,NONE,RUNNING
"=""2026-08-09 22:31:02""",65102,1047716,175020,872695,50000,+0.0343,0.0600,+0.0,+0.0000,NONE,RUNNING
"=""2026-08-09 22:31:03""",65102,1047716,175020,872695,50000,+0.0343,0.0600,+0.0,+0.0000,NONE,RUNNING
"=""2026-08-09 22:31:04""",65102,1047716,175020,872695,50000,+0.0337,0.0600,+0.0,+0.0000,NONE,RUNNING
"=""2026-08-09 22:31:05""",65102,1047716,175020,872695,50000,+0.0337,0.0600,+0.0,+0.0000,NONE,RUNNING
"=""2026-08-09 22:31:06""",65102,1047716,175020,872695,50000,+0.0254,0.0600,+0.0,+0.0000,NONE,RUNNING
"=""2026-08-09 22:31:07""",65102,1047716,175020,872695,50000,+0.0254,0.0600,+0.0,+0.0000,NONE,RUNNING
"=""2026-08-09 22:31:08""",65102,1047716,175020,872695,50000,+0.0254,0.0600,+0.0,+0.0000,NONE,RUNNING
"=""2026-08-09 22:31:09""",65102,1047716,175020,872695,50000,+0.0252,0.0600,+0.0,+0.0000,NONE,RUNNING
"=""2026-08-09 22:31:10""",65102,1047716,175020,872695,50000,+0.0241,0.0600,+0.0,+0.0000,NONE,RUNNING
"=""2026-08-09 22:31:11""",65102,1047716,175020,872695,50000,+0.0241,0.0600,+0.0,+0.0000,NONE,RUNNING
"=""2026-08-09 22:31:12""",65102,1047716,175020,872695,50000,+0.0237,0.0600,+0.0,+0.0000,NONE,RUNNING
"=""2026-08-09 22:31:13""",65102,1047716,175020,872695,50000,+0.0228,0.0600,+0.0,+0.0000,NONE,RUNNING
"=""2026-08-09 22:31:14""",65102,1047716,175020,872695,50000,+0.0228,0.0600,+0.0,+0.0000,NONE,RUNNING
"=""2026-08-09 22:31:15""",65102,1047716,175020,872695,50000,+0.0183,0.0600,+0.0,+0.0000,NONE,RUNNING
"=""2026-08-09 22:31:16""",65102,1047716,175020,872695,50000,+0.0186,0.0600,+0.0,+0.0000,NONE,RUNNING
"=""2026-08-09 22:31:17""",65102,1035236,175020,860215,50000,+0.0186,0.0600,+0.0,+0.0000,NONE,RUNNING
"=""2026-08-09 22:31:18""",65102,1035236,175020,860215,50000,+0.0186,0.0600,+0.0,+0.0000,NONE,RUNNING
"=""2026-08-09 22:31:19""",65102,887886,175020,712866,50000,+0.0168,0.0600,+0.0,+0.0000,NONE,RUNNING
"=""2026-08-09 22:31:20""",65102,887886,175020,712866,50000,+0.0168,0.0600,+0.0,+0.0000,NONE,RUNNING
"=""2026-08-09 22:31:21""",65102,887886,175020,712866,50000,+0.0159,0.0600,+0.0,+0.0000,NONE,RUNNING
"=""2026-08-09 22:31:22""",65102,887886,175020,712866,50000,+0.0115,0.0600,+0.0,+0.0000,NONE,RUNNING
"=""2026-08-09 22:31:23""",65102,887886,175020,712866,50000,+0.0115,0.0600,+0.0,+0.0000,NONE,RUNNING
"=""2026-08-09 22:31:24""",65102,512563,175020,337543,50000,-0.0101,0.0600,+0.0,+0.0000,NONE,RUNNING
"=""2026-08-09 22:31:25""",65102,175020,175020,0,50000,-0.0101,0.0600,+0.0,+0.0000,NONE,RUNNING
"=""2026-08-09 22:31:26""",65102,175020,175020,0,50000,-0.0073,0.0600,+0.0,+0.0000,NONE,RUNNING
"=""2026-08-09 22:31:27""",65102,175020,175020,0,50000,-0.0234,0.0600,+0.0,+0.0000,NONE,RUNNING
"=""2026-08-09 22:31:28""",65102,175020,175020,0,50000,-0.0242,0.0600,+0.0,+0.0000,NONE,RUNNING
"=""2026-08-09 22:31:29""",65102,175020,175020,0,50000,-0.0242,0.0600,+0.0,+0.0000,NONE,RUNNING
"=""2026-08-09 22:31:30""",65102,175020,175020,0,50000,-0.0242,0.0600,+0.0,+0.0000,NONE,RUNNING
"=""2026-08-09 22:31:31""",65102,175020,175020,0,50000,-0.0241,0.0600,+0.0,+0.0000,NONE,RUNNING
"=""2026-08-09 22:31:32""",65102,58930,58930,0,50000,-0.0241,0.0600,+0.0,+0.0000,NONE,RUNNING
"=""2026-08-09 22:31:33""",65102,58930,58930,0,50000,-0.0214,0.0600,+0.0,+0.0000,NONE,RUNNING
"=""2026-08-09 22:31:34""",65102,58930,58930,0,50000,-0.0201,0.0600,+0.0,+0.0000,NONE,RUNNING
"=""2026-08-09 22:31:35""",65102,58930,58930,0,50000,-0.0201,0.0600,+0.0,+0.0000,NONE,RUNNING
"=""2026-08-09 22:31:37""",65102,58930,58930,0,50000,-0.0200,0.0600,+0.0,+0.0000,NONE,RUNNING
"=""2026-08-09 22:31:38""",65102,58930,58930,0,50000,-0.0200,0.0600,+0.0,+0.0000,NONE,RUNNING
"=""2026-08-09 22:31:39""",65102,58930,58930,0,50000,-0.0200,0.0600,+0.0,+0.0000,NONE,RUNNING
"=""2026-08-09 22:31:40""",65102,15086,15086,0,50000,-0.0180,0.0600,+0.0,+0.0000,NONE,RUNNING
"=""2026-08-09 22:31:41""",65102,15086,15086,0,50000,-0.0181,0.0600,+0.0,+0.0000,NONE,RUNNING
"=""2026-08-09 22:31:42""",65102,15086,15086,0,50000,-0.0181,0.0600,+0.0,+0.0000,NONE,RUNNING
"=""2026-08-09 22:31:43""",65102,15086,15086,0,50000,-0.0143,0.0600,+0.0,+0.0000,NONE,RUNNING
"=""2026-08-09 22:31:44""",65102,15086,15086,0,50000,-0.0143,0.0600,+0.0,+0.0000,NONE,RUNNING
"=""2026-08-09 22:31:45""",65102,15086,15086,0,50000,-0.0140,0.0600,+0.0,+0.0000,NONE,RUNNING
"=""2026-08-09 22:31:46""",65102,15086,15086,0,50000,-0.0140,0.0600,+0.0,+0.0000,NONE,RUNNING
"=""2026-08-09 22:31:47""",65102,79872,15086,64786,50000,-0.0140,0.0600,+0.0,+0.0000,NONE,RUNNING
"=""2026-08-09 22:31:48""",65102,79872,15086,64786,50000,-0.0140,0.0600,+0.0,+0.0000,NONE,RUNNING
"=""2026-08-09 22:31:49""",65102,79872,15086,64786,50000,-0.0140,0.0600,+0.0,+0.0000,NONE,RUNNING
"=""2026-08-09 22:31:50""",65102,79872,15086,64786,50000,-0.0039,0.0600,+0.0,+0.0000,NONE,RUNNING
"=""2026-08-09 22:31:51""",65102,79872,15086,64786,50000,-0.0040,0.0600,+0.0,+0.0000,NONE,RUNNING
"=""2026-08-09 22:31:52""",65102,79872,15086,64786,50000,-0.0038,0.0600,+0.0,+0.0000,NONE,RUNNING
"=""2026-08-09 22:31:53""",65102,64786,0,64786,50000,-0.0038,0.0600,+0.0,+0.0000,NONE,RUNNING
"=""2026-08-09 22:31:54""",65102,64786,0,64786,50000,-0.0038,0.0600,+0.0,+0.0000,NONE,RUNNING
"=""2026-08-09 22:31:55""",65102,64786,0,64786,50000,-0.0048,0.0600,+0.0,+0.0000,NONE,RUNNING
"=""2026-08-09 22:31:56""",65102,64786,0,64786,50000,-0.0048,0.0600,+0.0,+0.0000,NONE,RUNNING
"=""2026-08-09 22:31:57""",65102,64786,0,64786,50000,-0.0046,0.0600,+0.0,+0.0000,NONE,RUNNING
"=""2026-08-09 22:31:58""",65102,64786,0,64786,50000,-0.0049,0.0600,+0.0,+0.0000,NONE,RUNNING
"=""2026-08-09 22:31:59""",65102,64786,0,64786,50000,-0.0049,0.0600,+0.0,+0.0000,NONE,RUNNING
"=""2026-08-09 22:32:00""",65102,64786,0,64786,50000,-0.0044,0.0600,+0.0,+0.0000,NONE,RUNNING
"=""2026-08-09 22:32:01""",65100,393910,329124,64786,50000,-0.0044,0.0600,+0.0,+0.0000,NONE,RUNNING
"=""2026-08-09 22:32:02""",65100,393910,329124,64786,50000,-0.0044,0.0600,+0.0,+0.0000,NONE,RUNNING
"=""2026-08-09 22:32:03""",65100,393910,329124,64786,50000,-0.0044,0.0600,+0.0,+0.0000,NONE,RUNNING
"=""2026-08-09 22:32:04""",65100,393910,329124,64786,50000,-0.0038,0.0600,+0.0,+0.0000,NONE,RUNNING
"=""2026-08-09 22:32:05""",65100,393910,329124,64786,50000,-0.0038,0.0600,+0.0,+0.0000,NONE,RUNNING
"=""2026-08-09 22:32:18""",65134,1088624,329124,759500,50000,-0.0384,0.0600,+0.0,+0.0000,NONE,RUNNING
"=""2026-08-09 22:32:19""",65134,1088624,329124,759500,50000,-0.0366,0.0600,+0.0,+0.0000,NONE,RUNNING
"=""2026-08-09 22:32:20""",65134,1088624,329124,759500,50000,-0.0366,0.0600,+0.0,+0.0000,NONE,RUNNING
"=""2026-08-09 22:32:21""",65134,1088624,329124,759500,50000,-0.0582,0.0600,+0.0,+0.0000,NONE,RUNNING
"=""2026-08-09 22:32:22""",65134,1088624,329124,759500,50000,-0.0539,0.0600,+0.0,+0.0000,NONE,RUNNING
"=""2026-08-09 22:32:23""",65134,1088624,329124,759500,50000,-0.0539,0.0600,+0.0,+0.0000,NONE,RUNNING
"=""2026-08-09 22:32:24""",65134,1088624,329124,759500,50000,-0.0538,0.0600,+0.0,+0.0000,NONE,RUNNING
"=""2026-08-09 22:32:25""",65134,1088624,329124,759500,50000,-0.0567,0.0600,+0.0,+0.0000,NONE,RUNNING
"=""2026-08-09 22:32:26""",65134,1088624,329124,759500,50000,-0.0567,0.0600,+0.0,+0.0000,NONE,RUNNING
"=""2026-08-09 22:32:27""",65134,1088624,329124,759500,50000,-0.0567,0.0600,+0.0,+0.0000,NONE,RUNNING
"=""2026-08-09 22:32:28""",65134,1088624,329124,759500,50000,-0.0559,0.0600,+0.0,+0.0000,NONE,RUNNING
"=""2026-08-09 22:32:29""",65159,1400021,329124,1070897,50000,-0.0551,0.0600,+0.0,+0.0000,NONE,RUNNING
"=""2026-08-09 22:32:30""",65160,1400021,329124,1070897,50000,-0.0551,0.0600,+0.0,+0.0000,NONE,RUNNING
"=""2026-08-09 22:32:31""",65159,1400021,329124,1070897,50000,-0.0638,0.0600,+0.0,+0.0000,NONE,RUNNING
"=""2026-08-09 22:32:32""",65159,1400021,329124,1070897,50000,-0.0638,0.0600,+0.0,+0.0000,NONE,RUNNING
"=""2026-08-09 22:32:33""",65159,1400021,329124,1070897,50000,-0.0638,0.0600,+0.0,+0.0000,NONE,RUNNING
"=""2026-08-09 22:32:34""",65161,1426507,329124,1097383,50000,-0.0638,0.0600,+0.0,+0.0000,NONE,RUNNING
"=""2026-08-09 22:32:35""",65164,1426507,329124,1097383,50000,-0.0651,0.0600,+0.0,+0.0000,NONE,RUNNING
"=""2026-08-09 22:32:36""",65164,1426507,329124,1097383,50000,-0.0651,0.0600,+0.0,+0.0000,NONE,RUNNING
"=""2026-08-09 22:32:37""",65162,1523424,426041,1097383,50000,-0.0622,0.0600,+0.0,+0.0000,NONE,RUNNING
"=""2026-08-09 22:32:38""",65152,1536540,439157,1097383,50000,-0.0622,0.0600,+0.0,+0.0000,NONE,RUNNING
"=""2026-08-09 22:32:39""",65152,1536540,439157,1097383,50000,-0.0622,0.0600,+0.0,+0.0000,NONE,RUNNING
"=""2026-08-09 22:32:40""",65152,1536540,439157,1097383,50000,-0.0680,0.0600,+0.0,+0.0000,NONE,RUNNING
"=""2026-08-09 22:32:41""",65152,1549278,451894,1097383,50000,-0.0679,0.0600,+0.0,+0.0000,NONE,RUNNING
"=""2026-08-09 22:32:42""",65150,1549278,451894,1097383,50000,-0.0679,0.0600,+0.0,+0.0000,NONE,RUNNING
"=""2026-08-09 22:32:43""",65150,1549278,451894,1097383,50000,-0.0594,0.0600,+0.0,+0.0000,NONE,RUNNING
"=""2026-08-09 22:32:44""",65150,1549278,451894,1097383,50000,-0.0597,0.0600,+0.0,+0.0000,NONE,RUNNING
"=""2026-08-09 22:32:45""",65150,1549278,451894,1097383,50000,-0.0597,0.0600,+0.0,+0.0000,NONE,RUNNING
"=""2026-08-09 22:32:46""",65150,1549278,451894,1097383,50000,-0.0605,0.0600,+0.0,+0.0000,NONE,RUNNING
"=""2026-08-09 22:32:47""",65150,1484491,451894,1032596,50000,-0.0605,0.0600,+0.0,+0.0000,NONE,RUNNING
"=""2026-08-09 22:32:48""",65146,1525089,492492,1032596,50000,-0.0605,0.0600,+0.0,+0.0000,NONE,RUNNING
"=""2026-08-09 22:32:49""",65146,1525089,492492,1032596,50000,-0.0602,0.0600,+0.0,+0.0000,NONE,RUNNING
"=""2026-08-09 22:32:50""",65146,1535110,502513,1032596,50000,-0.0600,0.0600,+0.0,+0.0000,NONE,RUNNING
"=""2026-08-09 22:32:51""",65134,1535110,502513,1032596,50000,-0.0600,0.0600,+0.0,+0.0000,NONE,RUNNING
"=""2026-08-09 22:32:52""",65134,1535110,502513,1032596,50000,-0.0568,0.0600,+0.0,+0.0000,NONE,RUNNING
"=""2026-08-09 22:32:53""",65134,1535110,502513,1032596,50000,-0.0568,0.0600,+0.0,+0.0000,NONE,RUNNING
"=""2026-08-09 22:32:54""",65134,1535110,502513,1032596,50000,-0.0568,0.0600,+0.0,+0.0000,NONE,RUNNING
"=""2026-08-09 22:32:55""",65133,1535110,502513,1032596,50000,-0.0583,0.0600,+0.0,+0.0000,NONE,RUNNING
"=""2026-08-09 22:32:56""",65133,1535110,502513,1032596,50000,-0.0583,0.0600,+0.0,+0.0000,NONE,RUNNING
"=""2026-08-09 22:32:57""",65133,1535110,502513,1032596,50000,-0.0586,0.0600,+0.0,+0.0000,NONE,RUNNING
"=""2026-08-09 22:32:58""",65133,1535110,502513,1032596,50000,-0.0616,0.0600,+0.0,+0.0000,NONE,RUNNING
"=""2026-08-09 22:32:59""",65133,1535110,502513,1032596,50000,-0.0621,0.0600,+0.0,+0.0000,NONE,RUNNING
"=""2026-08-09 22:33:00""",65133,1535110,502513,1032596,50000,-0.0621,0.0600,+0.0,+0.0000,NONE,RUNNING
"=""2026-08-09 22:33:01""",65133,1205986,173389,1032596,50000,-0.0618,0.0600,+0.0,+0.0000,NONE,RUNNING
"=""2026-08-09 22:33:02""",65133,1205986,173389,1032596,50000,-0.0618,0.0600,+0.0,+0.0000,NONE,RUNNING
"=""2026-08-09 22:33:03""",65133,1205986,173389,1032596,50000,-0.0618,0.0600,+0.0,+0.0000,NONE,RUNNING
"=""2026-08-09 22:33:04""",65133,1205986,173389,1032596,50000,-0.0626,0.0600,+0.0,+0.0000,NONE,RUNNING
"=""2026-08-09 22:33:05""",65133,1205986,173389,1032596,50000,-0.0645,0.0600,+0.0,+0.0000,NONE,RUNNING
"=""2026-08-09 22:33:06""",65133,1205986,173389,1032596,50000,-0.0645,0.0600,+0.0,+0.0000,NONE,RUNNING
"=""2026-08-09 22:33:07""",65133,1205986,173389,1032596,50000,-0.0645,0.0600,+0.0,+0.0000,NONE,RUNNING
"=""2026-08-09 22:33:08""",65133,1205986,173389,1032596,50000,-0.0607,0.0600,+0.0,+0.0000,NONE,RUNNING
"=""2026-08-09 22:33:09""",65133,1205986,173389,1032596,50000,-0.0607,0.0600,+0.0,+0.0000,NONE,RUNNING
"=""2026-08-09 22:33:10""",65133,1205986,173389,1032596,50000,-0.0606,0.0600,+0.0,+0.0000,NONE,RUNNING
"=""2026-08-09 22:33:11""",65133,1205986,173389,1032596,50000,-0.0620,0.0600,+0.0,+0.0000,NONE,RUNNING
"=""2026-08-09 22:33:12""",65133,644068,173389,470678,50000,-0.0620,0.0600,+0.0,+0.0000,NONE,RUNNING
"=""2026-08-09 22:33:13""",65133,750489,291379,459109,50000,-0.0634,0.0600,+0.0,+0.0000,NONE,RUNNING
"=""2026-08-09 22:33:14""",65130,651004,291379,359624,50000,-0.0634,0.0600,+0.0,+0.0000,NONE,RUNNING
"=""2026-08-09 22:33:15""",65130,629262,291379,337882,50000,-0.0636,0.0600,+0.0,+0.0000,NONE,RUNNING
"=""2026-08-09 22:33:16""",65130,629262,291379,337882,50000,-0.0690,0.0600,+0.0,+0.0000,NONE,RUNNING
"=""2026-08-09 22:33:17""",65130,629262,291379,337882,50000,-0.0690,0.0600,+0.0,+0.0000,NONE,RUNNING
"=""2026-08-09 22:33:18""",65130,629262,291379,337882,50000,-0.0291,0.0600,+0.0,+0.0000,NONE,RUNNING
"=""2026-08-09 22:33:19""",65130,629262,291379,337882,50000,-0.0291,0.0600,+0.0,+0.0000,NONE,RUNNING
"=""2026-08-09 22:33:20""",65130,629262,291379,337882,50000,-0.0075,0.0600,+0.0,+0.0000,NONE,RUNNING
"=""2026-08-09 22:33:21""",65130,629262,291379,337882,50000,-0.0075,0.0600,+0.0,+0.0000,NONE,RUNNING
"=""2026-08-09 22:33:22""",65130,629262,291379,337882,50000,-0.0085,0.0600,+0.0,+0.0000,NONE,RUNNING
"=""2026-08-09 22:33:23""",65130,629262,291379,337882,50000,-0.0085,0.0600,+0.0,+0.0000,NONE,RUNNING
"=""2026-08-09 22:33:24""",65130,629262,291379,337882,50000,-0.0086,0.0600,+0.0,+0.0000,NONE,RUNNING
"=""2026-08-09 22:33:25""",65130,629262,291379,337882,50000,-0.0072,0.0600,+0.0,+0.0000,NONE,RUNNING
"=""2026-08-09 22:33:26""",65130,629262,291379,337882,50000,-0.0072,0.0600,+0.0,+0.0000,NONE,RUNNING
"=""2026-08-09 22:33:27""",65130,629262,291379,337882,50000,-0.0079,0.0600,+0.0,+0.0000,NONE,RUNNING
"=""2026-08-09 22:33:29""",65130,317865,291379,26485,50000,-0.0074,0.0600,+0.0,+0.0000,NONE,RUNNING
"=""2026-08-09 22:33:30""",65130,317865,291379,26485,50000,-0.0074,0.0600,+0.0,+0.0000,NONE,RUNNING
"=""2026-08-09 22:33:31""",65130,317865,291379,26485,50000,+0.0012,0.0600,+0.0,+0.0000,NONE,RUNNING
"=""2026-08-09 22:33:32""",65130,317865,291379,26485,50000,+0.0012,0.0600,+0.0,+0.0000,NONE,RUNNING
"=""2026-08-09 22:33:33""",65130,317865,291379,26485,50000,+0.0018,0.0600,+0.0,+0.0000,NONE,RUNNING
"=""2026-08-09 22:33:34""",65130,291379,291379,0,50000,+0.0018,0.0600,+0.0,+0.0000,NONE,RUNNING
"=""2026-08-09 22:33:35""",65130,341592,341592,0,50000,+0.0032,0.0600,+0.0,+0.0000,NONE,RUNNING
"=""2026-08-09 22:33:36""",65130,341592,341592,0,50000,+0.0032,0.0600,+0.0,+0.0000,NONE,RUNNING
"=""2026-08-09 22:33:37""",65130,285497,285497,0,50000,+0.0003,0.0600,+0.0,+0.0000,NONE,RUNNING
"=""2026-08-09 22:33:38""",65130,231559,231559,0,50000,+0.0002,0.0600,+0.0,+0.0000,NONE,RUNNING
"=""2026-08-09 22:33:39""",65130,231559,231559,0,50000,+0.0002,0.0600,+0.0,+0.0000,NONE,RUNNING
"=""2026-08-09 22:33:40""",65130,231559,231559,0,50000,+0.0061,0.0600,+0.0,+0.0000,NONE,RUNNING
"=""2026-08-09 22:33:41""",65130,231559,231559,0,50000,+0.0061,0.0600,+0.0,+0.0000,NONE,RUNNING
"=""2026-08-09 22:33:42""",65130,218821,218821,0,50000,+0.0061,0.0600,+0.0,+0.0000,NONE,RUNNING
"=""2026-08-09 22:33:43""",65130,218821,218821,0,50000,-0.0024,0.0600,+0.0,+0.0000,NONE,RUNNING
"=""2026-08-09 22:33:44""",65130,218821,218821,0,50000,-0.0033,0.0600,+0.0,+0.0000,NONE,RUNNING
"=""2026-08-09 22:33:45""",65130,218821,218821,0,50000,-0.0033,0.0600,+0.0,+0.0000,NONE,RUNNING
"=""2026-08-09 22:33:46""",65130,218821,218821,0,50000,-0.0025,0.0600,+0.0,+0.0000,NONE,RUNNING
"=""2026-08-09 22:33:47""",65130,218821,218821,0,50000,-0.0028,0.0600,+0.0,+0.0000,NONE,RUNNING
"=""2026-08-09 22:33:48""",65130,178223,178223,0,50000,-0.0028,0.0600,+0.0,+0.0000,NONE,RUNNING
"=""2026-08-09 22:33:49""",65130,208938,208938,0,50000,-0.0031,0.0600,+0.0,+0.0000,NONE,RUNNING
"=""2026-08-09 22:33:50""",65130,208938,208938,0,50000,-0.0031,0.0600,+0.0,+0.0000,NONE,RUNNING
"=""2026-08-09 22:33:51""",65130,198917,198917,0,50000,-0.0025,0.0600,+0.0,+0.0000,NONE,RUNNING
"=""2026-08-09 22:33:52""",65130,198917,198917,0,50000,-0.0057,0.0600,+0.0,+0.0000,NONE,RUNNING
"=""2026-08-09 22:33:53""",65130,198917,198917,0,50000,-0.0057,0.0600,+0.0,+0.0000,NONE,RUNNING
"=""2026-08-09 22:33:54""",65130,198917,198917,0,50000,-0.0057,0.0600,+0.0,+0.0000,NONE,RUNNING
"=""2026-08-09 22:33:55""",65130,198917,198917,0,50000,-0.0042,0.0600,+0.0,+0.0000,NONE,RUNNING
"=""2026-08-09 22:33:56""",65130,198917,198917,0,50000,-0.0042,0.0600,+0.0,+0.0000,NONE,RUNNING
"=""2026-08-09 22:33:57""",65130,198917,198917,0,50000,-0.0035,0.0600,+0.0,+0.0000,NONE,RUNNING
"=""2026-08-09 22:33:58""",65130,198917,198917,0,50000,-0.0005,0.0600,+0.0,+0.0000,NONE,RUNNING
"=""2026-08-09 22:33:59""",65130,198917,198917,0,50000,-0.0005,0.0600,+0.0,+0.0000,NONE,RUNNING
"=""2026-08-09 22:34:00""",65130,225479,225479,0,50000,-0.0006,0.0600,+0.0,+0.0000,NONE,RUNNING
"=""2026-08-09 22:34:01""",65130,225479,225479,0,50000,-0.0006,0.0600,+0.0,+0.0000,NONE,RUNNING
"=""2026-08-09 22:34:02""",65130,225479,225479,0,50000,-0.0009,0.0600,+0.0,+0.0000,NONE,RUNNING
"=""2026-08-09 22:34:03""",65130,225479,225479,0,50000,-0.0022,0.0600,+0.0,+0.0000,NONE,RUNNING
"=""2026-08-09 22:34:04""",65130,225479,225479,0,50000,-0.0014,0.0600,+0.0,+0.0000,NONE,RUNNING
"=""2026-08-09 22:34:05""",65130,225479,225479,0,50000,-0.0014,0.0600,+0.0,+0.0000,NONE,RUNNING
"=""2026-08-09 22:34:06""",65130,225479,225479,0,50000,-0.0014,0.0600,+0.0,+0.0000,NONE,RUNNING
"=""2026-08-09 22:34:07""",65130,225479,225479,0,50000,-0.0052,0.0600,+0.0,+0.0000,NONE,RUNNING
"=""2026-08-09 22:34:08""",65130,225479,225479,0,50000,-0.0052,0.0600,+0.0,+0.0000,NONE,RUNNING
"=""2026-08-09 22:34:09""",65130,225479,225479,0,50000,-0.0011,0.0600,+0.0,+0.0000,NONE,RUNNING
"=""2026-08-09 22:34:10""",65130,225479,225479,0,50000,-0.0011,0.0600,+0.0,+0.0000,NONE,RUNNING
"=""2026-08-09 22:34:11""",65130,225479,225479,0,50000,-0.0012,0.0600,+0.0,+0.0000,NONE,RUNNING
"=""2026-08-09 22:34:12""",65130,225479,225479,0,50000,-0.0006,0.0600,+0.0,+0.0000,NONE,RUNNING
"=""2026-08-09 22:34:13""",65130,107488,107488,0,50000,-0.0006,0.0600,+0.0,+0.0000,NONE,RUNNING
"=""2026-08-09 22:34:14""",65130,107488,107488,0,50000,+0.0008,0.0600,+0.0,+0.0000,NONE,RUNNING
"=""2026-08-09 22:34:15""",65130,107488,107488,0,50000,+0.0007,0.0600,+0.0,+0.0000,NONE,RUNNING
"=""2026-08-09 22:34:16""",65130,107488,107488,0,50000,+0.0062,0.0600,+0.0,+0.0000,NONE,RUNNING
"=""2026-08-09 22:34:17""",65130,107488,107488,0,50000,+0.0062,0.0600,+0.0,+0.0000,NONE,RUNNING
"=""2026-08-09 22:35:17""",65130,10030,10030,0,50000,+0.0046,0.0600,+0.0,+0.0000,NONE,RUNNING
"=""2026-08-09 22:36:17""",65130,104999,18666,86333,50000,-0.0035,0.0600,+0.0,+0.0000,NONE,RUNNING
"=""2026-08-09 22:37:17""",65130,0,0,0,50000,-0.0077,0.0600,+0.0,+0.0000,NONE,RUNNING
"=""2026-08-09 22:38:17""",65128,322644,231681,90963,50000,+0.0048,0.0600,+0.0,+0.0000,NONE,RUNNING
"=""2026-08-09 22:39:17""",65125,736905,560406,176499,50000,-0.0022,0.0600,+0.0,+0.0000,NONE,RUNNING
"=""2026-08-09 22:40:13""",65205,4376159,447747,3928411,50000,+0.0566,0.0600,+0.0,+0.0000,NONE,RUNNING
"=""2026-08-09 22:40:14""",65205,4376159,447747,3928411,50000,+0.0566,0.0600,+0.0,+0.0000,NONE,RUNNING
"=""2026-08-09 22:40:15""",65205,4376159,447747,3928411,50000,+0.0525,0.0600,+0.0,+0.0000,NONE,RUNNING
"=""2026-08-09 22:40:16""",65205,4388410,447747,3940662,50000,+0.0525,0.0600,+0.0,+0.0000,NONE,RUNNING
"=""2026-08-09 22:40:17""",65205,4388410,447747,3940662,50000,+0.0681,0.0600,+0.0,+0.0000,NONE,RUNNING
"=""2026-08-09 22:40:19""",65205,4388410,447747,3940662,50000,+0.0698,0.0600,+0.0,+0.0000,NONE,RUNNING
"=""2026-08-09 22:40:20""",65205,4388410,447747,3940662,50000,+0.0698,0.0600,+0.0,+0.0000,NONE,RUNNING
"=""2026-08-09 22:40:21""",65237,4674995,447747,4227247,50000,+0.0692,0.0600,+0.0,+0.0000,NONE,RUNNING
"=""2026-08-09 22:40:22""",65237,4806047,568766,4237281,50000,+0.0692,0.0600,+0.0,+0.0000,NONE,RUNNING
"=""2026-08-09 22:40:23""",65237,4806047,568766,4237281,50000,+0.0689,0.0600,+0.0,+0.0000,NONE,RUNNING
"=""2026-08-09 22:40:24""",65237,4806047,568766,4237281,50000,+0.0689,0.0600,+0.0,+0.0000,NONE,RUNNING
"=""2026-08-09 22:40:25""",65237,4806047,568766,4237281,50000,+0.0682,0.0600,+0.0,+0.0000,NONE,RUNNING
"=""2026-08-09 22:40:26""",65237,4806047,568766,4237281,50000,+0.0682,0.0600,+0.0,+0.0000,NONE,RUNNING
"=""2026-08-09 22:40:27""",65234,4828234,590953,4237281,50000,+0.0176,0.0600,+0.0,+0.0000,NONE,RUNNING
"=""2026-08-09 22:40:28""",65234,4828234,590953,4237281,50000,+0.0176,0.0600,+0.0,+0.0000,NONE,RUNNING
"=""2026-08-09 22:40:29""",65234,4828234,590953,4237281,50000,+0.0182,0.0600,+0.0,+0.0000,NONE,RUNNING
"=""2026-08-09 22:40:30""",65234,4828234,590953,4237281,50000,+0.0182,0.0600,+0.0,+0.0000,NONE,RUNNING
"=""2026-08-09 22:40:31""",65233,4828234,590953,4237281,50000,+0.0163,0.0600,+0.0,+0.0000,NONE,RUNNING
"=""2026-08-09 22:40:32""",65226,4864585,627304,4237281,50000,+0.0163,0.0600,+0.0,+0.0000,NONE,RUNNING
"=""2026-08-09 22:40:33""",65226,4864585,627304,4237281,50000,+0.0348,0.0600,+0.0,+0.0000,NONE,RUNNING
"=""2026-08-09 22:40:34""",65226,4864585,627304,4237281,50000,+0.0346,0.0600,+0.0,+0.0000,NONE,RUNNING
"=""2026-08-09 22:40:35""",65226,4864585,627304,4237281,50000,+0.0346,0.0600,+0.0,+0.0000,NONE,RUNNING
"=""2026-08-09 22:40:36""",65226,4864585,627304,4237281,50000,+0.0329,0.0600,+0.0,+0.0000,NONE,RUNNING
"=""2026-08-09 22:40:37""",65226,4864585,627304,4237281,50000,+0.0330,0.0600,+0.0,+0.0000,NONE,RUNNING
"=""2026-08-09 22:40:38""",65226,4490882,627304,3863577,50000,+0.0340,0.0600,+0.0,+0.0000,NONE,RUNNING
"=""2026-08-09 22:40:39""",65226,4673211,627304,4045907,50000,+0.0340,0.0600,+0.0,+0.0000,NONE,RUNNING
"=""2026-08-09 22:40:40""",65226,4673211,627304,4045907,50000,+0.0593,0.0600,+0.0,+0.0000,NONE,RUNNING
"=""2026-08-09 22:40:41""",65226,4673211,627304,4045907,50000,+0.0593,0.0600,+0.0,+0.0000,NONE,RUNNING
"=""2026-08-09 22:40:42""",65230,4697150,627304,4069845,50000,+0.0580,0.0600,+0.0,+0.0000,NONE,RUNNING
"=""2026-08-09 22:40:43""",65231,4697150,627304,4069845,50000,+0.0580,0.0600,+0.0,+0.0000,NONE,RUNNING
"=""2026-08-09 22:40:44""",65231,4697150,627304,4069845,50000,+0.0580,0.0600,+0.0,+0.0000,NONE,RUNNING
"=""2026-08-09 22:40:45""",65231,4697150,627304,4069845,50000,+0.0575,0.0600,+0.0,+0.0000,NONE,RUNNING
"=""2026-08-09 22:40:46""",65231,4697150,627304,4069845,50000,+0.0551,0.0600,+0.0,+0.0000,NONE,RUNNING
"=""2026-08-09 22:40:47""",65231,4697150,627304,4069845,50000,+0.0551,0.0600,+0.0,+0.0000,NONE,RUNNING
"=""2026-08-09 22:40:48""",65231,4697150,627304,4069845,50000,+0.0533,0.0600,+0.0,+0.0000,NONE,RUNNING
"=""2026-08-09 22:40:49""",65238,4697150,627304,4069845,50000,+0.0533,0.0600,+0.0,+0.0000,NONE,RUNNING
"=""2026-08-09 22:40:50""",65237,4697150,627304,4069845,50000,+0.0516,0.0600,+0.0,+0.0000,NONE,RUNNING
"=""2026-08-09 22:40:51""",65237,4697150,627304,4069845,50000,+0.0517,0.0600,+0.0,+0.0000,NONE,RUNNING
"=""2026-08-09 22:40:52""",65237,4697150,627304,4069845,50000,+0.0517,0.0600,+0.0,+0.0000,NONE,RUNNING
"=""2026-08-09 22:40:53""",65237,4697150,627304,4069845,50000,+0.0517,0.0600,+0.0,+0.0000,NONE,RUNNING
"=""2026-08-09 22:40:54""",65265,4799652,638680,4160971,50000,+0.0517,0.0600,+0.0,+0.0000,NONE,RUNNING
"=""2026-08-09 22:40:55""",65265,4958411,797439,4160971,50000,+0.0757,0.0600,+0.0,+0.0000,NONE,RUNNING
"=""2026-08-09 22:40:56""",65265,4958411,797439,4160971,50000,+0.0757,0.0600,+0.0,+0.0000,NONE,RUNNING
"=""2026-08-09 22:40:57""",65264,4835963,689367,4146596,50000,+0.0757,0.0600,+0.0,+0.0000,NONE,RUNNING
"=""2026-08-09 22:40:58""",65261,4835963,689367,4146596,50000,+0.0757,0.0600,+0.0,+0.0000,NONE,RUNNING
"=""2026-08-09 22:40:59""",65261,4888868,689367,4199500,50000,+0.0757,0.0600,+0.0,+0.0000,NONE,RUNNING
"=""2026-08-09 22:41:00""",65261,4916429,689367,4227061,50000,+0.1254,0.0600,+0.0,+0.0000,NONE,RUNNING
"=""2026-08-09 22:41:01""",65261,4929391,702329,4227061,50000,+0.1264,0.0600,+0.0,+0.0000,NONE,RUNNING
"=""2026-08-09 22:41:02""",65261,4929391,702329,4227061,50000,+0.1264,0.0600,+0.0,+0.0000,NONE,RUNNING
"=""2026-08-09 22:41:03""",65261,4929391,702329,4227061,50000,+0.1264,0.0600,+0.0,+0.0000,NONE,RUNNING
"=""2026-08-09 22:41:04""",65261,4654168,702329,3951838,50000,+0.1264,0.0600,+0.0,+0.0000,NONE,RUNNING
"=""2026-08-09 22:41:05""",65261,4610075,718558,3891517,50000,+0.1264,0.0600,+0.0,+0.0000,NONE,RUNNING
"=""2026-08-09 22:41:06""",65261,4610075,718558,3891517,50000,+0.1290,0.0600,+0.0,+0.0000,NONE,RUNNING
"=""2026-08-09 22:41:07""",65261,4610075,718558,3891517,50000,+0.1290,0.0600,+0.0,+0.0000,NONE,RUNNING
"=""2026-08-09 22:41:08""",65253,1509924,812481,697442,50000,+0.1261,0.0600,+0.0,+0.0000,NONE,RUNNING
"=""2026-08-09 22:41:09""",65253,1489619,792176,697442,50000,+0.1261,0.0600,+0.0,+0.0000,NONE,RUNNING
"=""2026-08-09 22:41:10""",65253,1873346,792176,1081169,50000,+0.1354,0.0600,+0.0,+0.0000,NONE,RUNNING
"=""2026-08-09 22:41:11""",65253,1685371,604201,1081169,50000,+0.1354,0.0600,+0.0,+0.0000,NONE,RUNNING
"=""2026-08-09 22:41:12""",65253,1611684,530514,1081169,50000,+0.1354,0.0600,+0.0,+0.0000,NONE,RUNNING
"=""2026-08-09 22:41:13""",65253,1588675,507505,1081169,50000,+0.1354,0.0600,+0.0,+0.0000,NONE,RUNNING
"=""2026-08-09 22:41:14""",65253,1588675,507505,1081169,50000,+0.0608,0.0600,+0.0,+0.0000,NONE,RUNNING
"=""2026-08-09 22:41:15""",65253,1588675,507505,1081169,50000,+0.0608,0.0600,+0.0,+0.0000,NONE,RUNNING
"=""2026-08-09 22:41:16""",65253,1612701,531531,1081169,50000,+0.0638,0.0600,+0.0,+0.0000,NONE,RUNNING
"=""2026-08-09 22:41:17""",65250,1600450,531531,1068918,50000,+0.0482,0.0600,+0.0,+0.0000,NONE,RUNNING
"=""2026-08-09 22:41:18""",65250,1600450,531531,1068918,50000,+0.0482,0.0600,+0.0,+0.0000,NONE,RUNNING
"=""2026-08-09 22:41:19""",65250,1600450,531531,1068918,50000,+0.0478,0.0600,+0.0,+0.0000,NONE,RUNNING
"=""2026-08-09 22:41:20""",65250,1600450,531531,1068918,50000,+0.0484,0.0600,+0.0,+0.0000,NONE,RUNNING
"=""2026-08-09 22:41:21""",65255,1275356,469348,806007,50000,+0.0542,0.0600,+0.0,+0.0000,NONE,RUNNING
"=""2026-08-09 22:41:22""",65255,1216520,410513,806007,50000,+0.0542,0.0600,+0.0,+0.0000,NONE,RUNNING
"=""2026-08-09 22:41:23""",65255,1216520,410513,806007,50000,+0.0545,0.0600,+0.0,+0.0000,NONE,RUNNING
"=""2026-08-09 22:41:24""",65255,1216520,410513,806007,50000,+0.0545,0.0600,+0.0,+0.0000,NONE,RUNNING
"=""2026-08-09 22:41:25""",65255,1216520,410513,806007,50000,+0.0545,0.0600,+0.0,+0.0000,NONE,RUNNING
"=""2026-08-09 22:41:26""",65255,1228380,422373,806007,50000,+0.1051,0.0600,+0.0,+0.0000,NONE,RUNNING
"=""2026-08-09 22:41:27""",65255,1206193,400185,806007,50000,+0.0771,0.0600,+0.0,+0.0000,NONE,RUNNING
"=""2026-08-09 22:41:28""",65255,1206193,400185,806007,50000,+0.0771,0.0600,+0.0,+0.0000,NONE,RUNNING
"=""2026-08-09 22:41:29""",65255,1206193,400185,806007,50000,+0.0765,0.0600,+0.0,+0.0000,NONE,RUNNING
"=""2026-08-09 22:41:30""",65255,1206193,400185,806007,50000,+0.0765,0.0600,+0.0,+0.0000,NONE,RUNNING
"=""2026-08-09 22:41:31""",65255,1221332,415325,806007,50000,+0.0755,0.0600,+0.0,+0.0000,NONE,RUNNING
"=""2026-08-09 22:41:32""",65255,1184981,378974,806007,50000,+0.0570,0.0600,+0.0,+0.0000,NONE,RUNNING
"=""2026-08-09 22:41:33""",65255,1184981,378974,806007,50000,+0.0570,0.0600,+0.0,+0.0000,NONE,RUNNING
"=""2026-08-09 22:41:34""",65255,1184981,378974,806007,50000,+0.0586,0.0600,+0.0,+0.0000,NONE,RUNNING
"=""2026-08-09 22:41:35""",65255,1184981,378974,806007,50000,+0.0602,0.0600,+0.0,+0.0000,NONE,RUNNING
"=""2026-08-09 22:41:36""",65255,1184981,378974,806007,50000,+0.0580,0.0600,+0.0,+0.0000,NONE,RUNNING
"=""2026-08-09 22:41:37""",65255,1184981,378974,806007,50000,+0.0580,0.0600,+0.0,+0.0000,NONE,RUNNING
"=""2026-08-09 22:41:38""",65255,1184981,378974,806007,50000,+0.0569,0.0600,+0.0,+0.0000,NONE,RUNNING
"=""2026-08-09 22:41:39""",65255,1020162,378974,641188,50000,+0.0569,0.0600,+0.0,+0.0000,NONE,RUNNING
"=""2026-08-09 22:41:40""",65255,1020162,378974,641188,50000,+0.0585,0.0600,+0.0,+0.0000,NONE,RUNNING
"=""2026-08-09 22:41:41""",65255,1009389,392139,617250,50000,+0.0585,0.0600,+0.0,+0.0000,NONE,RUNNING
"=""2026-08-09 22:41:42""",65255,1009389,392139,617250,50000,+0.0598,0.0600,+0.0,+0.0000,NONE,RUNNING
"=""2026-08-09 22:41:43""",65255,1073018,455767,617250,50000,+0.0588,0.0600,+0.0,+0.0000,NONE,RUNNING
"=""2026-08-09 22:41:44""",65250,1073018,455767,617250,50000,+0.0593,0.0600,+0.0,+0.0000,NONE,RUNNING
"=""2026-08-09 22:41:45""",65250,1073018,455767,617250,50000,+0.0593,0.0600,+0.0,+0.0000,NONE,RUNNING
"=""2026-08-09 22:41:46""",65250,1073018,455767,617250,50000,+0.0587,0.0600,+0.0,+0.0000,NONE,RUNNING
"=""2026-08-09 22:41:47""",65250,1073018,455767,617250,50000,+0.0605,0.0600,+0.0,+0.0000,NONE,RUNNING
"=""2026-08-09 22:41:48""",65250,1157734,540484,617250,50000,+0.0605,0.0600,+0.0,+0.0000,NONE,RUNNING
"=""2026-08-09 22:41:49""",65248,1157734,540484,617250,50000,+0.0605,0.0600,+0.0,+0.0000,NONE,RUNNING
"=""2026-08-09 22:41:50""",65248,1220697,603446,617250,50000,+0.0605,0.0600,+0.0,+0.0000,NONE,RUNNING
"=""2026-08-09 22:41:51""",65244,1220697,603446,617250,50000,+0.0604,0.0600,+0.0,+0.0000,NONE,RUNNING
"=""2026-08-09 22:41:52""",65242,1220697,603446,617250,50000,+0.0464,0.0600,+0.0,+0.0000,NONE,RUNNING
"=""2026-08-09 22:41:53""",65242,1118195,592071,526124,50000,+0.0464,0.0600,+0.0,+0.0000,NONE,RUNNING
"=""2026-08-09 22:41:54""",65242,1053502,527378,526124,50000,+0.0213,0.0600,+0.0,+0.0000,NONE,RUNNING
"=""2026-08-09 22:41:55""",65242,959436,433312,526124,50000,+0.0213,0.0600,+0.0,+0.0000,NONE,RUNNING
"=""2026-08-09 22:41:57""",65242,937183,411059,526124,50000,+0.0213,0.0600,+0.0,+0.0000,NONE,RUNNING
"=""2026-08-09 22:41:58""",65242,937183,411059,526124,50000,+0.0213,0.0600,+0.0,+0.0000,NONE,RUNNING
"=""2026-08-09 22:41:59""",65242,884278,411059,473219,50000,+0.0184,0.0600,+0.0,+0.0000,NONE,RUNNING
"=""2026-08-09 22:42:00""",65242,884278,411059,473219,50000,+0.0184,0.0600,+0.0,+0.0000,NONE,RUNNING
"=""2026-08-09 22:42:01""",65238,904852,469908,434944,50000,-0.0313,0.0600,+0.0,+0.0000,NONE,RUNNING
"=""2026-08-09 22:42:02""",65238,891890,456945,434944,50000,-0.0308,0.0600,+0.0,+0.0000,NONE,RUNNING
"=""2026-08-09 22:42:03""",65238,891890,456945,434944,50000,-0.0308,0.0600,+0.0,+0.0000,NONE,RUNNING
"=""2026-08-09 22:42:04""",65238,891890,456945,434944,50000,-0.0308,0.0600,+0.0,+0.0000,NONE,RUNNING
"=""2026-08-09 22:42:05""",65234,910865,475921,434944,50000,-0.0329,0.0600,+0.0,+0.0000,NONE,RUNNING
"=""2026-08-09 22:42:06""",65228,937173,502229,434944,50000,-0.0329,0.0600,+0.0,+0.0000,NONE,RUNNING
"=""2026-08-09 22:42:07""",65228,937173,502229,434944,50000,-0.0355,0.0600,+0.0,+0.0000,NONE,RUNNING
"=""2026-08-09 22:42:08""",65223,843250,408305,434944,50000,-0.0350,0.0600,+0.0,+0.0000,NONE,RUNNING
"=""2026-08-09 22:42:09""",65223,843250,408305,434944,50000,-0.0350,0.0600,+0.0,+0.0000,NONE,RUNNING
"=""2026-08-09 22:42:10""",65223,843250,408305,434944,50000,-0.0393,0.0600,+0.0,+0.0000,NONE,RUNNING
"=""2026-08-09 22:42:11""",65223,459523,408305,51217,50000,-0.0361,0.0600,+0.0,+0.0000,NONE,RUNNING
"=""2026-08-09 22:42:12""",65223,447077,395859,51217,50000,-0.0361,0.0600,+0.0,+0.0000,NONE,RUNNING
"=""2026-08-09 22:42:13""",65223,447077,395859,51217,50000,-0.0361,0.0600,+0.0,+0.0000,NONE,RUNNING
"=""2026-08-09 22:42:14""",65223,447077,395859,51217,50000,-0.0252,0.0600,+0.0,+0.0000,NONE,RUNNING
"=""2026-08-09 22:42:15""",65223,447077,395859,51217,50000,-0.0282,0.0600,+0.0,+0.0000,NONE,RUNNING
"=""2026-08-09 22:42:16""",65223,462856,411638,51217,50000,-0.0282,0.0600,+0.0,+0.0000,NONE,RUNNING
"=""2026-08-09 22:42:17""",65223,438830,387612,51217,50000,-0.0282,0.0600,+0.0,+0.0000,NONE,RUNNING
"=""2026-08-09 22:42:18""",65223,438830,387612,51217,50000,-0.0289,0.0600,+0.0,+0.0000,NONE,RUNNING
"=""2026-08-09 22:42:19""",65223,438830,387612,51217,50000,-0.0289,0.0600,+0.0,+0.0000,NONE,RUNNING
"=""2026-08-09 22:42:20""",65223,438830,387612,51217,50000,-0.0286,0.0600,+0.0,+0.0000,NONE,RUNNING
"=""2026-08-09 22:42:21""",65222,478500,460990,17510,50000,-0.0286,0.0600,+0.0,+0.0000,NONE,RUNNING
"=""2026-08-09 22:42:22""",65222,478500,460990,17510,50000,-0.0344,0.0600,+0.0,+0.0000,NONE,RUNNING
"=""2026-08-09 22:42:23""",65222,478500,460990,17510,50000,-0.0344,0.0600,+0.0,+0.0000,NONE,RUNNING
"=""2026-08-09 22:42:24""",65222,478500,460990,17510,50000,-0.0323,0.0600,+0.0,+0.0000,NONE,RUNNING
"=""2026-08-09 22:42:25""",65229,587995,460990,127005,50000,-0.0323,0.0600,+0.0,+0.0000,NONE,RUNNING
"=""2026-08-09 22:42:26""",65229,576135,449129,127005,50000,-0.0323,0.0600,+0.0,+0.0000,NONE,RUNNING
"=""2026-08-09 22:42:27""",65229,602452,449129,153322,50000,-0.0043,0.0600,+0.0,+0.0000,NONE,RUNNING
"=""2026-08-09 22:42:28""",65229,602452,449129,153322,50000,-0.0043,0.0600,+0.0,+0.0000,NONE,RUNNING
"=""2026-08-09 22:42:29""",65229,602452,449129,153322,50000,-0.0058,0.0600,+0.0,+0.0000,NONE,RUNNING
"=""2026-08-09 22:42:30""",65229,602452,449129,153322,50000,-0.0058,0.0600,+0.0,+0.0000,NONE,RUNNING
"=""2026-08-09 22:42:31""",65229,587312,433990,153322,50000,-0.0048,0.0600,+0.0,+0.0000,NONE,RUNNING
"=""2026-08-09 22:42:32""",65229,613481,460158,153322,50000,-0.0052,0.0600,+0.0,+0.0000,NONE,RUNNING
"=""2026-08-09 22:42:33""",65229,613481,460158,153322,50000,-0.0052,0.0600,+0.0,+0.0000,NONE,RUNNING
"=""2026-08-09 22:42:34""",65229,613481,460158,153322,50000,-0.0068,0.0600,+0.0,+0.0000,NONE,RUNNING
"=""2026-08-09 22:42:35""",65229,613481,460158,153322,50000,-0.0068,0.0600,+0.0,+0.0000,NONE,RUNNING
"=""2026-08-09 22:42:36""",65229,678710,460158,218552,50000,-0.0034,0.0600,+0.0,+0.0000,NONE,RUNNING
"=""2026-08-09 22:42:37""",65229,678710,460158,218552,50000,-0.0012,0.0600,+0.0,+0.0000,NONE,RUNNING
"=""2026-08-09 22:42:38""",65229,678710,460158,218552,50000,-0.0012,0.0600,+0.0,+0.0000,NONE,RUNNING
"=""2026-08-09 22:42:39""",65229,886169,631163,255006,50000,-0.0044,0.0600,+0.0,+0.0000,NONE,RUNNING
"=""2026-08-09 22:42:40""",65229,886169,631163,255006,50000,-0.0059,0.0600,+0.0,+0.0000,NONE,RUNNING
"=""2026-08-09 22:42:41""",65236,1531541,617998,913543,50000,-0.0059,0.0600,+0.0,+0.0000,NONE,RUNNING
"=""2026-08-09 22:42:42""",65236,1531541,617998,913543,50000,-0.0059,0.0600,+0.0,+0.0000,NONE,RUNNING
"=""2026-08-09 22:42:43""",65236,1483731,570187,913543,50000,-0.0050,0.0600,+0.0,+0.0000,NONE,RUNNING
"=""2026-08-09 22:42:44""",65230,1496157,582614,913543,50000,-0.0047,0.0600,+0.0,+0.0000,NONE,RUNNING
"=""2026-08-09 22:42:45""",65230,1496157,582614,913543,50000,-0.0047,0.0600,+0.0,+0.0000,NONE,RUNNING
"=""2026-08-09 22:42:46""",65230,1496157,582614,913543,50000,-0.0041,0.0600,+0.0,+0.0000,NONE,RUNNING
"=""2026-08-09 22:42:47""",65230,1496157,582614,913543,50000,-0.0041,0.0600,+0.0,+0.0000,NONE,RUNNING
"=""2026-08-09 22:42:48""",65230,1411441,497898,913543,50000,-0.0041,0.0600,+0.0,+0.0000,NONE,RUNNING
"=""2026-08-09 22:42:49""",65230,1411441,497898,913543,50000,-0.0041,0.0600,+0.0,+0.0000,NONE,RUNNING
"=""2026-08-09 22:42:50""",65230,1469880,556337,913543,50000,+0.0004,0.0600,+0.0,+0.0000,NONE,RUNNING
"=""2026-08-09 22:42:51""",65230,1460321,546778,913543,50000,+0.0004,0.0600,+0.0,+0.0000,NONE,RUNNING
"=""2026-08-09 22:42:52""",65228,1460321,546778,913543,50000,+0.0144,0.0600,+0.0,+0.0000,NONE,RUNNING
"=""2026-08-09 22:42:53""",65228,1460321,546778,913543,50000,+0.0135,0.0600,+0.0,+0.0000,NONE,RUNNING
"=""2026-08-09 22:42:54""",65228,1460321,546778,913543,50000,+0.0135,0.0600,+0.0,+0.0000,NONE,RUNNING
"=""2026-08-09 22:42:55""",65228,1460321,546778,913543,50000,+0.0135,0.0600,+0.0,+0.0000,NONE,RUNNING
"=""2026-08-09 22:42:56""",65228,1460321,546778,913543,50000,+0.0135,0.0600,+0.0,+0.0000,NONE,RUNNING
"=""2026-08-09 22:42:57""",65228,1460321,546778,913543,50000,+0.0135,0.0600,+0.0,+0.0000,NONE,RUNNING
"=""2026-08-09 22:42:58""",65228,1460321,546778,913543,50000,+0.0164,0.0600,+0.0,+0.0000,NONE,RUNNING
"=""2026-08-09 22:42:59""",65227,1483007,569464,913543,50000,+0.0164,0.0600,+0.0,+0.0000,NONE,RUNNING
"=""2026-08-09 22:43:00""",65222,1424158,510615,913543,50000,+0.0149,0.0600,+0.0,+0.0000,NONE,RUNNING
"=""2026-08-09 22:43:01""",65222,1424158,510615,913543,50000,+0.0144,0.0600,+0.0,+0.0000,NONE,RUNNING
"=""2026-08-09 22:43:02""",65222,1424158,510615,913543,50000,+0.0144,0.0600,+0.0,+0.0000,NONE,RUNNING
"=""2026-08-09 22:43:03""",65222,1424158,510615,913543,50000,+0.0144,0.0600,+0.0,+0.0000,NONE,RUNNING
"=""2026-08-09 22:43:04""",65222,1424158,510615,913543,50000,+0.0166,0.0600,+0.0,+0.0000,NONE,RUNNING
"=""2026-08-09 22:43:05""",65222,1388954,475410,913543,50000,+0.0179,0.0600,+0.0,+0.0000,NONE,RUNNING
"=""2026-08-09 22:43:06""",65222,1362646,449102,913543,50000,+0.0179,0.0600,+0.0,+0.0000,NONE,RUNNING
"=""2026-08-09 22:43:07""",65222,1362646,449102,913543,50000,+0.0174,0.0600,+0.0,+0.0000,NONE,RUNNING
"=""2026-08-09 22:43:08""",65222,1431410,517867,913543,50000,+0.0181,0.0600,+0.0,+0.0000,NONE,RUNNING
"=""2026-08-09 22:43:09""",65220,1431410,517867,913543,50000,+0.0181,0.0600,+0.0,+0.0000,NONE,RUNNING
"=""2026-08-09 22:43:10""",65220,1431410,517867,913543,50000,+0.0181,0.0600,+0.0,+0.0000,NONE,RUNNING
"=""2026-08-09 22:43:11""",65220,1431410,517867,913543,50000,+0.0149,0.0600,+0.0,+0.0000,NONE,RUNNING
"=""2026-08-09 22:43:12""",65220,1431410,517867,913543,50000,+0.0145,0.0600,+0.0,+0.0000,NONE,RUNNING
"=""2026-08-09 22:43:13""",65220,1431410,517867,913543,50000,+0.0145,0.0600,+0.0,+0.0000,NONE,RUNNING
"=""2026-08-09 22:43:14""",65220,1431410,517867,913543,50000,+0.0036,0.0600,+0.0,+0.0000,NONE,RUNNING
"=""2026-08-09 22:43:15""",65220,1415631,502088,913543,50000,+0.0024,0.0600,+0.0,+0.0000,NONE,RUNNING
"=""2026-08-09 22:43:16""",65220,1415631,502088,913543,50000,+0.0035,0.0600,+0.0,+0.0000,NONE,RUNNING
"=""2026-08-09 22:43:17""",65220,1415631,502088,913543,50000,+0.0035,0.0600,+0.0,+0.0000,NONE,RUNNING
"=""2026-08-09 22:43:18""",65220,1415631,502088,913543,50000,+0.0035,0.0600,+0.0,+0.0000,NONE,RUNNING
"=""2026-08-09 22:43:19""",65220,1526929,613386,913543,50000,+0.0035,0.0600,+0.0,+0.0000,NONE,RUNNING
"=""2026-08-09 22:43:20""",65218,1453551,540008,913543,50000,+0.0099,0.0600,+0.0,+0.0000,NONE,RUNNING
"=""2026-08-09 22:43:21""",65218,1453551,540008,913543,50000,+0.0099,0.0600,+0.0,+0.0000,NONE,RUNNING
"=""2026-08-09 22:43:22""",65218,1453551,540008,913543,50000,+0.0078,0.0600,+0.0,+0.0000,NONE,RUNNING
"=""2026-08-09 22:43:23""",65218,1453551,540008,913543,50000,+0.0078,0.0600,+0.0,+0.0000,NONE,RUNNING
"=""2026-08-09 22:43:24""",65218,1453551,540008,913543,50000,+0.0122,0.0600,+0.0,+0.0000,NONE,RUNNING
"=""2026-08-09 22:43:25""",65218,1344057,540008,804048,50000,+0.0122,0.0600,+0.0,+0.0000,NONE,RUNNING
"=""2026-08-09 22:43:26""",65218,1317740,540008,777731,50000,+0.0122,0.0600,+0.0,+0.0000,NONE,RUNNING
"=""2026-08-09 22:43:27""",65218,1317740,540008,777731,50000,+0.0142,0.0600,+0.0,+0.0000,NONE,RUNNING
"=""2026-08-09 22:44:28""",65214,576137,237656,338480,50000,+0.0019,0.0600,+0.0,+0.0000,NONE,RUNNING
"=""2026-08-09 22:45:28""",65219,109868,33235,76633,50000,+0.0138,0.0600,+0.0,+0.0000,NONE,RUNNING
"=""2026-08-09 22:46:28""",65219,223474,65168,158306,50000,+0.0068,0.0900,+0.0,+0.0000,NONE,RUNNING
"=""2026-08-09 22:47:28""",65220,720525,620574,99950,50000,+0.0099,0.0900,+0.0,+0.0000,NONE,RUNNING
"=""2026-08-09 22:48:28""",65221,192242,22655,169586,50000,-0.0012,0.0900,+0.0,+0.0000,NONE,RUNNING
"=""2026-08-09 22:49:28""",65219,173661,107374,66286,50000,-0.0030,0.0900,+0.0,+0.0000,NONE,RUNNING
"=""2026-08-09 22:50:28""",65208,392678,372677,20000,50000,+0.0197,0.0900,+0.0,+0.0000,NONE,RUNNING
"=""2026-08-09 22:51:28""",65197,87787,87787,0,50000,+0.0090,0.0900,+0.0,+0.0000,NONE,RUNNING
"=""2026-08-09 22:52:01""",65209,344847,0,344847,50000,+0.0695,0.0900,+0.0,+0.0000,NONE,RUNNING
"=""2026-08-09 22:52:02""",65209,344847,0,344847,50000,+0.0695,0.0900,+0.0,+0.0000,NONE,RUNNING
"=""2026-08-09 22:52:03""",65209,344847,0,344847,50000,+0.0695,0.0900,+0.0,+0.0000,NONE,RUNNING
"=""2026-08-09 22:52:04""",65209,344847,0,344847,50000,+0.0678,0.0900,+0.0,+0.0000,NONE,RUNNING
"=""2026-08-09 22:52:05""",65209,344847,0,344847,50000,+0.0669,0.0900,+0.0,+0.0000,NONE,RUNNING
"=""2026-08-09 22:52:06""",65209,344847,0,344847,50000,+0.0669,0.0900,+0.0,+0.0000,NONE,RUNNING
"=""2026-08-09 22:52:07""",65209,344847,0,344847,50000,+0.0664,0.0900,+0.0,+0.0000,NONE,RUNNING
"=""2026-08-09 22:52:08""",65209,344847,0,344847,50000,+0.0646,0.0900,+0.0,+0.0000,NONE,RUNNING
"=""2026-08-09 22:52:09""",65209,344847,0,344847,50000,+0.0646,0.0900,+0.0,+0.0000,NONE,RUNNING
"=""2026-08-09 22:52:10""",65209,400871,0,400871,50000,+0.0631,0.0900,+0.0,+0.0000,NONE,RUNNING
"=""2026-08-09 22:52:11""",65220,400871,0,400871,50000,+0.0631,0.0900,+0.0,+0.0000,NONE,RUNNING
"=""2026-08-09 22:52:12""",65220,400871,0,400871,50000,+0.0629,0.0900,+0.0,+0.0000,NONE,RUNNING
"=""2026-08-09 22:52:13""",65220,400871,0,400871,50000,+0.0629,0.0900,+0.0,+0.0000,NONE,RUNNING
"=""2026-08-09 22:52:14""",65220,400871,0,400871,50000,+0.0629,0.0900,+0.0,+0.0000,NONE,RUNNING
"=""2026-08-09 22:52:15""",65220,480272,79400,400871,50000,+0.0630,0.0900,+0.0,+0.0000,NONE,RUNNING
"=""2026-08-09 22:52:16""",65220,480272,79400,400871,50000,+0.0630,0.0900,+0.0,+0.0000,NONE,RUNNING
"=""2026-08-09 22:52:17""",65220,480272,79400,400871,50000,+0.0666,0.0900,+0.0,+0.0000,NONE,RUNNING
"=""2026-08-09 22:52:18""",65220,480272,79400,400871,50000,+0.0666,0.0900,+0.0,+0.0000,NONE,RUNNING
"=""2026-08-09 22:52:19""",65220,480272,79400,400871,50000,+0.0663,0.0900,+0.0,+0.0000,NONE,RUNNING
"=""2026-08-09 22:52:20""",65220,480272,79400,400871,50000,+0.0663,0.0900,+0.0,+0.0000,NONE,RUNNING
"=""2026-08-09 22:52:21""",65220,480272,79400,400871,50000,+0.0698,0.0900,+0.0,+0.0000,NONE,RUNNING
"=""2026-08-09 22:52:23""",65220,480272,79400,400871,50000,+0.0705,0.0900,+0.0,+0.0000,NONE,RUNNING
"=""2026-08-09 22:52:24""",65220,480272,79400,400871,50000,+0.0706,0.0900,+0.0,+0.0000,NONE,RUNNING
"=""2026-08-09 22:52:25""",65220,480272,79400,400871,50000,+0.0706,0.0900,+0.0,+0.0000,NONE,RUNNING
"=""2026-08-09 22:52:26""",65220,480272,79400,400871,50000,+0.0706,0.0900,+0.0,+0.0000,NONE,RUNNING
"=""2026-08-09 22:52:27""",65220,480272,79400,400871,50000,+0.0700,0.0900,+0.0,+0.0000,NONE,RUNNING
"=""2026-08-09 22:52:28""",65220,480272,79400,400871,50000,+0.0700,0.0900,+0.0,+0.0000,NONE,RUNNING
"=""2026-08-09 22:52:29""",65220,480272,79400,400871,50000,+0.0699,0.0900,+0.0,+0.0000,NONE,RUNNING
"=""2026-08-09 22:52:30""",65220,480272,79400,400871,50000,+0.0699,0.0900,+0.0,+0.0000,NONE,RUNNING
"=""2026-08-09 22:52:31""",65220,480272,79400,400871,50000,+0.0700,0.0900,+0.0,+0.0000,NONE,RUNNING
"=""2026-08-09 22:52:32""",65220,480272,79400,400871,50000,+0.0706,0.0900,+0.0,+0.0000,NONE,RUNNING
"=""2026-08-09 22:52:33""",65220,480272,79400,400871,50000,+0.0707,0.0900,+0.0,+0.0000,NONE,RUNNING
"=""2026-08-09 22:52:34""",65220,480272,79400,400871,50000,+0.0707,0.0900,+0.0,+0.0000,NONE,RUNNING
"=""2026-08-09 22:52:35""",65220,480272,79400,400871,50000,+0.0707,0.0900,+0.0,+0.0000,NONE,RUNNING
"=""2026-08-09 22:52:36""",65220,480272,79400,400871,50000,+0.0710,0.0900,+0.0,+0.0000,NONE,RUNNING
"=""2026-08-09 22:52:37""",65220,480272,79400,400871,50000,+0.0710,0.0900,+0.0,+0.0000,NONE,RUNNING
"=""2026-08-09 22:52:38""",65220,480272,79400,400871,50000,+0.0705,0.0900,+0.0,+0.0000,NONE,RUNNING
"=""2026-08-09 22:52:39""",65220,480272,79400,400871,50000,+0.0705,0.0900,+0.0,+0.0000,NONE,RUNNING
"=""2026-08-09 22:52:40""",65220,480272,79400,400871,50000,+0.0705,0.0900,+0.0,+0.0000,NONE,RUNNING
"=""2026-08-09 22:52:41""",65220,480272,79400,400871,50000,+0.0705,0.0900,+0.0,+0.0000,NONE,RUNNING
"=""2026-08-09 22:52:42""",65220,480272,79400,400871,50000,+0.0706,0.0900,+0.0,+0.0000,NONE,RUNNING
"=""2026-08-09 22:52:43""",65220,480272,79400,400871,50000,+0.0695,0.0900,+0.0,+0.0000,NONE,RUNNING
"=""2026-08-09 22:52:44""",65220,480272,79400,400871,50000,+0.0695,0.0900,+0.0,+0.0000,NONE,RUNNING
"=""2026-08-09 22:52:45""",65220,480272,79400,400871,50000,+0.0695,0.0900,+0.0,+0.0000,NONE,RUNNING
"=""2026-08-09 22:52:46""",65220,480272,79400,400871,50000,+0.0701,0.0900,+0.0,+0.0000,NONE,RUNNING
"=""2026-08-09 22:52:47""",65220,480272,79400,400871,50000,+0.0701,0.0900,+0.0,+0.0000,NONE,RUNNING
"=""2026-08-09 22:52:48""",65220,480272,79400,400871,50000,+0.0715,0.0900,+0.0,+0.0000,NONE,RUNNING
"=""2026-08-09 22:52:49""",65220,480272,79400,400871,50000,+0.0715,0.0900,+0.0,+0.0000,NONE,RUNNING
"=""2026-08-09 22:52:50""",65220,480272,79400,400871,50000,+0.0707,0.0900,+0.0,+0.0000,NONE,RUNNING
"=""2026-08-09 22:52:51""",65220,480272,79400,400871,50000,+0.0708,0.0900,+0.0,+0.0000,NONE,RUNNING
"=""2026-08-09 22:52:52""",65220,480272,79400,400871,50000,+0.0708,0.0900,+0.0,+0.0000,NONE,RUNNING
"=""2026-08-09 22:52:53""",65220,480272,79400,400871,50000,+0.0690,0.0900,+0.0,+0.0000,NONE,RUNNING
"=""2026-08-09 22:52:54""",65220,480272,79400,400871,50000,+0.0690,0.0900,+0.0,+0.0000,NONE,RUNNING
"=""2026-08-09 22:52:55""",65220,480272,79400,400871,50000,+0.0675,0.0900,+0.0,+0.0000,NONE,RUNNING
"=""2026-08-09 22:52:56""",65220,158296,79400,78895,50000,+0.0661,0.0900,+0.0,+0.0000,NONE,RUNNING
"=""2026-08-09 22:52:57""",65220,158296,79400,78895,50000,+0.0637,0.0900,+0.0,+0.0000,NONE,RUNNING
"=""2026-08-09 22:52:58""",65220,158296,79400,78895,50000,+0.0637,0.0900,+0.0,+0.0000,NONE,RUNNING
"=""2026-08-09 22:52:59""",65220,158296,79400,78895,50000,+0.0637,0.0900,+0.0,+0.0000,NONE,RUNNING
"=""2026-08-09 22:53:00""",65220,158296,79400,78895,50000,+0.0637,0.0900,+0.0,+0.0000,NONE,RUNNING
"=""2026-08-09 22:53:01""",65220,135425,79400,56024,50000,+0.0645,0.0900,+0.0,+0.0000,NONE,RUNNING
"=""2026-08-09 22:53:02""",65220,282571,226546,56024,50000,+0.0645,0.0900,+0.0,+0.0000,NONE,RUNNING
"=""2026-08-09 22:53:03""",65220,282571,226546,56024,50000,+0.0036,0.0900,+0.0,+0.0000,NONE,RUNNING
"=""2026-08-09 22:53:04""",65220,282571,226546,56024,50000,+0.0038,0.0900,+0.0,+0.0000,NONE,RUNNING
"=""2026-08-09 22:53:05""",65220,282571,226546,56024,50000,+0.0047,0.0900,+0.0,+0.0000,NONE,RUNNING
"=""2026-08-09 22:53:06""",65220,282571,226546,56024,50000,+0.0047,0.0900,+0.0,+0.0000,NONE,RUNNING
"=""2026-08-09 22:53:07""",65220,282571,226546,56024,50000,+0.0054,0.0900,+0.0,+0.0000,NONE,RUNNING
"=""2026-08-09 22:53:08""",65220,282571,226546,56024,50000,+0.0073,0.0900,+0.0,+0.0000,NONE,RUNNING
"=""2026-08-09 22:53:09""",65220,282571,226546,56024,50000,+0.0073,0.0900,+0.0,+0.0000,NONE,RUNNING
"=""2026-08-09 22:53:10""",65220,236582,226546,10035,50000,+0.0075,0.0900,+0.0,+0.0000,NONE,RUNNING
"=""2026-08-09 22:53:11""",65220,226546,226546,0,50000,+0.0075,0.0900,+0.0,+0.0000,NONE,RUNNING
"=""2026-08-09 22:53:12""",65220,295833,295833,0,50000,+0.0075,0.0900,+0.0,+0.0000,NONE,RUNNING
"=""2026-08-09 22:53:13""",65220,295833,295833,0,50000,+0.0075,0.0900,+0.0,+0.0000,NONE,RUNNING
"=""2026-08-09 22:53:14""",65220,295833,295833,0,50000,+0.0075,0.0900,+0.0,+0.0000,NONE,RUNNING
"=""2026-08-09 22:53:15""",65220,216432,216432,0,50000,+0.0074,0.0900,+0.0,+0.0000,NONE,RUNNING
"=""2026-08-09 22:53:16""",65220,216432,216432,0,50000,+0.0089,0.0900,+0.0,+0.0000,NONE,RUNNING
"=""2026-08-09 22:53:17""",65220,216432,216432,0,50000,+0.0089,0.0900,+0.0,+0.0000,NONE,RUNNING
"=""2026-08-09 22:53:18""",65220,216432,216432,0,50000,+0.0053,0.0900,+0.0,+0.0000,NONE,RUNNING
"=""2026-08-09 22:53:19""",65220,216432,216432,0,50000,+0.0053,0.0900,+0.0,+0.0000,NONE,RUNNING
"=""2026-08-09 22:53:20""",65220,216432,216432,0,50000,+0.0018,0.0900,+0.0,+0.0000,NONE,RUNNING
"=""2026-08-09 22:53:21""",65220,216432,216432,0,50000,+0.0018,0.0900,+0.0,+0.0000,NONE,RUNNING
"=""2026-08-09 22:53:22""",65220,216432,216432,0,50000,+0.0014,0.0900,+0.0,+0.0000,NONE,RUNNING
"=""2026-08-09 22:53:23""",65220,216432,216432,0,50000,+0.0014,0.0900,+0.0,+0.0000,NONE,RUNNING
"=""2026-08-09 22:53:24""",65220,216432,216432,0,50000,+0.0013,0.0900,+0.0,+0.0000,NONE,RUNNING
"=""2026-08-09 22:53:25""",65220,216432,216432,0,50000,+0.0013,0.0900,+0.0,+0.0000,NONE,RUNNING
"=""2026-08-09 22:53:26""",65220,216432,216432,0,50000,+0.0019,0.0900,+0.0,+0.0000,NONE,RUNNING
"=""2026-08-09 22:53:27""",65220,216432,216432,0,50000,+0.0019,0.0900,+0.0,+0.0000,NONE,RUNNING
"=""2026-08-09 22:53:28""",65220,216432,216432,0,50000,+0.0017,0.0900,+0.0,+0.0000,NONE,RUNNING
"=""2026-08-09 22:53:29""",65220,216432,216432,0,50000,+0.0016,0.0900,+0.0,+0.0000,NONE,RUNNING
"=""2026-08-09 22:53:30""",65220,216432,216432,0,50000,+0.0016,0.0900,+0.0,+0.0000,NONE,RUNNING
"=""2026-08-09 22:53:31""",65220,216432,216432,0,50000,+0.0016,0.0900,+0.0,+0.0000,NONE,RUNNING
"=""2026-08-09 22:53:32""",65220,216432,216432,0,50000,+0.0016,0.0900,+0.0,+0.0000,NONE,RUNNING
"=""2026-08-09 22:53:33""",65220,216432,216432,0,50000,+0.0016,0.0900,+0.0,+0.0000,NONE,RUNNING
"=""2026-08-09 22:53:34""",65220,216432,216432,0,50000,-0.0002,0.0900,+0.0,+0.0000,NONE,RUNNING
"=""2026-08-09 22:53:35""",65220,216432,216432,0,50000,-0.0006,0.0900,+0.0,+0.0000,NONE,RUNNING
"=""2026-08-09 22:53:36""",65220,216432,216432,0,50000,-0.0006,0.0900,+0.0,+0.0000,NONE,RUNNING
"=""2026-08-09 22:53:37""",65220,216432,216432,0,50000,-0.0027,0.0900,+0.0,+0.0000,NONE,RUNNING
"=""2026-08-09 22:53:38""",65220,216432,216432,0,50000,-0.0027,0.0900,+0.0,+0.0000,NONE,RUNNING
"=""2026-08-09 22:53:39""",65220,216432,216432,0,50000,-0.0027,0.0900,+0.0,+0.0000,NONE,RUNNING
"=""2026-08-09 22:53:40""",65220,216432,216432,0,50000,-0.0027,0.0900,+0.0,+0.0000,NONE,RUNNING
"=""2026-08-09 22:53:41""",65220,216432,216432,0,50000,-0.0029,0.0900,+0.0,+0.0000,NONE,RUNNING
"=""2026-08-09 22:53:42""",65220,216432,216432,0,50000,-0.0030,0.0900,+0.0,+0.0000,NONE,RUNNING
"=""2026-08-09 22:53:43""",65220,216432,216432,0,50000,-0.0030,0.0900,+0.0,+0.0000,NONE,RUNNING
"=""2026-08-09 22:53:44""",65220,216432,216432,0,50000,-0.0030,0.0900,+0.0,+0.0000,NONE,RUNNING
"=""2026-08-09 22:53:45""",65220,216432,216432,0,50000,-0.0037,0.0900,+0.0,+0.0000,NONE,RUNNING
"=""2026-08-09 22:53:46""",65220,216432,216432,0,50000,-0.0037,0.0900,+0.0,+0.0000,NONE,RUNNING
"=""2026-08-09 22:53:47""",65220,216432,216432,0,50000,-0.0039,0.0900,+0.0,+0.0000,NONE,RUNNING
"=""2026-08-09 22:53:48""",65220,216432,216432,0,50000,-0.0053,0.0900,+0.0,+0.0000,NONE,RUNNING
"=""2026-08-09 22:53:49""",65220,216432,216432,0,50000,-0.0053,0.0900,+0.0,+0.0000,NONE,RUNNING
"=""2026-08-09 22:53:50""",65220,216432,216432,0,50000,-0.0053,0.0900,+0.0,+0.0000,NONE,RUNNING
"=""2026-08-09 22:53:51""",65220,216432,216432,0,50000,-0.0054,0.0900,+0.0,+0.0000,NONE,RUNNING
"=""2026-08-09 22:53:52""",65220,216432,216432,0,50000,-0.0054,0.0900,+0.0,+0.0000,NONE,RUNNING
"=""2026-08-09 22:53:53""",65220,216432,216432,0,50000,-0.0049,0.0900,+0.0,+0.0000,NONE,RUNNING
"=""2026-08-09 22:53:54""",65220,216432,216432,0,50000,-0.0035,0.0900,+0.0,+0.0000,NONE,RUNNING
"=""2026-08-09 22:53:55""",65220,216432,216432,0,50000,-0.0035,0.0900,+0.0,+0.0000,NONE,RUNNING
"=""2026-08-09 22:53:56""",65220,216432,216432,0,50000,-0.0028,0.0900,+0.0,+0.0000,NONE,RUNNING
"=""2026-08-09 22:53:57""",65220,216432,216432,0,50000,-0.0004,0.0900,+0.0,+0.0000,NONE,RUNNING
"=""2026-08-09 22:53:58""",65220,216432,216432,0,50000,-0.0004,0.0900,+0.0,+0.0000,NONE,RUNNING
"=""2026-08-09 22:53:59""",65220,216432,216432,0,50000,-0.0004,0.0900,+0.0,+0.0000,NONE,RUNNING
"=""2026-08-09 22:54:00""",65220,216432,216432,0,50000,-0.0004,0.0900,+0.0,+0.0000,NONE,RUNNING
"=""2026-08-09 22:54:01""",65220,69286,69286,0,50000,-0.0012,0.0900,+0.0,+0.0000,NONE,RUNNING
"=""2026-08-09 22:55:02""",65219,207462,182078,25383,50000,+0.0089,0.0900,+0.0,+0.0000,NONE,RUNNING
"=""2026-08-09 22:56:02""",65219,14999,14999,0,300000,-0.0015,0.2000,+0.0,+0.0000,NONE,RUNNING
"=""2026-08-09 22:57:02""",65219,42191,42191,0,300000,+0.0048,0.2000,+0.0,+0.0000,NONE,RUNNING
"=""2026-08-09 22:58:02""",65219,51467,41177,10290,300000,-0.0007,0.2000,+0.0,+0.0000,NONE,RUNNING
"=""2026-08-09 22:59:02""",65219,71265,71265,0,300000,-0.0004,0.2000,+0.0,+0.0000,NONE,RUNNING
"=""2026-08-09 23:00:02""",65226,70792,0,70792,300000,-0.0014,0.2000,+0.0,+0.0000,NONE,RUNNING
"=""2026-08-09 23:01:02""",65226,155680,116683,38997,300000,+0.0115,0.2000,+0.0,+0.0000,NONE,RUNNING
"=""2026-08-09 23:02:02""",65218,177720,177720,0,300000,+0.0225,0.2000,+0.0,+0.0000,NONE,RUNNING
"=""2026-08-09 23:03:02""",65198,10728,10728,0,300000,+0.0042,0.2000,+0.0,+0.0000,NONE,RUNNING
"=""2026-08-09 23:04:02""",65202,47536,10381,37155,300000,+0.0044,0.2000,+0.0,+0.0000,NONE,RUNNING
"=""2026-08-09 23:05:02""",65202,141932,52389,89543,300000,+0.0051,0.2000,+0.0,+0.0000,NONE,RUNNING
"=""2026-08-09 23:06:02""",65221,233669,78352,155316,300000,+0.0477,0.2000,+0.0,+0.0000,NONE,RUNNING
"=""2026-08-09 23:07:02""",65236,50688,13734,36953,300000,+0.0048,0.2000,+0.0,+0.0000,NONE,RUNNING
"=""2026-08-09 23:08:02""",65239,74600,0,74600,300000,+0.0109,0.2000,+0.0,+0.0000,NONE,RUNNING
"=""2026-08-09 23:09:02""",65230,161907,151460,10446,300000,+0.0023,0.2000,+0.0,+0.0000,NONE,RUNNING
"=""2026-08-09 23:10:02""",65228,620715,98869,521846,300000,-0.0038,0.2000,+0.0,+0.0000,NONE,RUNNING
"=""2026-08-09 23:11:02""",65223,125775,115325,10449,300000,-0.0001,0.2000,+0.0,+0.0000,NONE,RUNNING
"=""2026-08-09 23:12:03""",65224,32555,17170,15385,300000,+0.0124,0.2000,+0.0,+0.0000,NONE,RUNNING
"=""2026-08-09 23:13:03""",65223,193505,143492,50013,300000,+0.0131,0.2000,+0.0,+0.0000,NONE,RUNNING
"=""2026-08-09 23:14:03""",65236,169860,0,169860,300000,+0.0024,0.2000,+0.0,+0.0000,NONE,RUNNING
"=""2026-08-09 23:15:03""",65237,550358,550358,0,300000,+0.0201,0.2000,+0.0,+0.0000,NONE,RUNNING
"=""2026-08-09 23:16:03""",65221,203856,203856,0,300000,-0.0140,0.2000,+0.0,+0.0000,NONE,RUNNING
"=""2026-08-09 23:17:03""",65212,103446,103446,0,300000,+0.0105,0.2000,+0.0,+0.0000,NONE,RUNNING
"=""2026-08-09 23:18:03""",65212,92919,92919,0,300000,+0.0044,0.2000,+0.0,+0.0000,NONE,RUNNING
"=""2026-08-09 23:19:03""",65200,76798,36867,39931,300000,-0.0007,0.2000,+0.0,+0.0000,NONE,RUNNING
"=""2026-08-09 23:20:03""",65200,82530,51457,31073,300000,+0.0204,0.2000,+0.0,+0.0000,NONE,RUNNING
"=""2026-08-09 23:21:03""",65201,76553,14999,61553,300000,+0.0027,0.2000,+0.0,+0.0000,NONE,RUNNING
"=""2026-08-09 23:22:03""",65205,200025,53831,146193,300000,-0.0054,0.2000,+0.0,+0.0000,NONE,RUNNING
"=""2026-08-09 23:23:03""",65203,150868,150868,0,300000,+0.0020,0.2000,+0.0,+0.0000,NONE,RUNNING
"=""2026-08-09 23:24:03""",65178,343196,323196,20000,300000,+0.0033,0.2000,+0.0,+0.0000,NONE,RUNNING
"=""2026-08-09 23:25:03""",65164,334093,276078,58015,300000,+0.0007,0.2000,+0.0,+0.0000,NONE,RUNNING
"=""2026-08-09 23:26:03""",65164,458004,358541,99462,300000,+0.0057,0.2000,+0.0,+0.0000,NONE,RUNNING
"=""2026-08-09 23:27:03""",65178,237400,37197,200203,300000,+0.0045,0.2000,+0.0,+0.0000,NONE,RUNNING
"=""2026-08-09 23:28:03""",65181,12110,0,12110,300000,-0.0030,0.2000,+0.0,+0.0000,NONE,RUNNING
"=""2026-08-09 23:29:04""",65185,0,0,0,300000,+0.0068,0.2000,+0.0,+0.0000,NONE,RUNNING
"=""2026-08-09 23:30:04""",65185,0,0,0,300000,+0.0025,0.2000,+0.0,+0.0000,NONE,RUNNING
"=""2026-08-09 23:31:04""",65203,109618,19999,89618,300000,+0.0214,0.2000,+0.0,+0.0000,NONE,RUNNING
"=""2026-08-09 23:32:04""",65212,1224087,243050,981036,300000,-0.0025,0.2000,+0.0,+0.0000,NONE,RUNNING
"=""2026-08-09 23:33:04""",65216,451024,274101,176922,300000,+0.0081,0.2000,+0.0,+0.0000,NONE,RUNNING
"=""2026-08-09 23:34:04""",65217,146741,131974,14767,300000,+0.0015,0.2000,+0.0,+0.0000,NONE,RUNNING
"=""2026-08-09 23:35:04""",65203,653283,653283,0,300000,+0.0026,0.2000,+0.0,+0.0000,NONE,RUNNING
"=""2026-08-09 23:36:04""",65201,122339,44518,77820,300000,+0.0025,0.2000,+0.0,+0.0000,NONE,RUNNING
"=""2026-08-09 23:37:04""",65188,205221,185660,19560,300000,-0.0045,0.2000,+0.0,+0.0000,NONE,RUNNING
"=""2026-08-09 23:38:04""",65187,68769,38715,30053,300000,+0.0116,0.2000,+0.0,+0.0000,NONE,RUNNING
"=""2026-08-09 23:39:04""",65184,60131,60131,0,300000,+0.0034,0.2000,+0.0,+0.0000,NONE,RUNNING
"=""2026-08-09 23:40:04""",65172,79739,79739,0,300000,+0.0001,0.2000,+0.0,+0.0000,NONE,RUNNING
"=""2026-08-09 23:41:04""",65162,161248,161248,0,300000,+0.0125,0.2000,+0.0,+0.0000,NONE,RUNNING
"=""2026-08-09 23:42:04""",65150,25401,25401,0,300000,-0.0114,0.2000,+0.0,+0.0000,NONE,RUNNING
"=""2026-08-09 23:43:04""",65162,138974,0,138974,300000,+0.0032,0.2000,+0.0,+0.0000,NONE,RUNNING
"=""2026-08-09 23:44:04""",65162,10624,10624,0,300000,-0.0046,0.2000,+0.0,+0.0000,NONE,RUNNING
"=""2026-08-09 23:45:04""",65167,334551,0,334551,300000,+0.0003,0.2000,+0.0,+0.0000,NONE,RUNNING
"=""2026-08-09 23:46:04""",65167,47907,32583,15323,300000,+0.0005,0.2000,+0.0,+0.0000,NONE,RUNNING
"=""2026-08-09 23:47:04""",65167,36427,36427,0,300000,+0.0095,0.2000,+0.0,+0.0000,NONE,RUNNING
"=""2026-08-09 23:48:05""",65167,0,0,0,300000,+0.0028,0.2000,+0.0,+0.0000,NONE,RUNNING
"=""2026-08-09 23:49:05""",65170,0,0,0,300000,+0.0093,0.2000,+0.0,+0.0000,NONE,RUNNING
"=""2026-08-09 23:50:05""",65174,231799,0,231799,300000,+0.0009,0.2000,+0.0,+0.0000,NONE,RUNNING
"=""2026-08-09 23:51:05""",65184,109678,0,109678,300000,-0.0033,0.2000,+0.0,+0.0000,NONE,RUNNING
"=""2026-08-09 23:52:05""",65186,38843,0,38843,300000,+0.0034,0.2000,+0.0,+0.0000,NONE,RUNNING
"=""2026-08-09 23:53:05""",65186,0,0,0,300000,+0.0023,0.2000,+0.0,+0.0000,NONE,RUNNING
"=""2026-08-09 23:54:05""",65187,0,0,0,300000,-0.0010,0.2000,+0.0,+0.0000,NONE,RUNNING
"=""2026-08-09 23:55:05""",65197,36585,0,36585,300000,+0.0037,0.2000,+0.0,+0.0000,NONE,RUNNING
"=""2026-08-09 23:56:05""",65201,37330,37330,0,300000,+0.0429,0.2000,+0.0,+0.0000,NONE,RUNNING
"=""2026-08-09 23:57:05""",65245,42029,0,42029,300000,+0.0124,0.2000,+0.0,+0.0000,NONE,RUNNING
"=""2026-08-09 23:58:05""",65278,511451,212206,299244,300000,+0.0617,0.2000,+0.0,+0.0000,NONE,RUNNING
"=""2026-08-09 23:59:05""",65294,335388,50213,285175,300000,+0.0651,0.2000,+0.0,+0.0000,NONE,RUNNING
"=""2026-08-09 23:59:12""",65299,335388,50213,285175,300000,+0.1243,0.2000,+0.0,+0.0000,NONE,RUNNING
"=""2026-08-09 23:59:13""",65300,335388,50213,285175,300000,+0.1243,0.2000,+0.0,+0.0000,NONE,RUNNING
"=""2026-08-09 23:59:14""",65300,335388,50213,285175,300000,+0.1243,0.2000,+0.0,+0.0000,NONE,RUNNING
"=""2026-08-09 23:59:15""",65299,601243,316067,285175,300000,+0.1586,0.2000,+0.0,+0.0000,NONE,RUNNING
"=""2026-08-09 23:59:16""",65286,601243,316067,285175,300000,+0.1586,0.2000,+0.0,+0.0000,NONE,RUNNING
"=""2026-08-09 23:59:17""",65286,601243,316067,285175,300000,+0.1563,0.2000,+0.0,+0.0000,NONE,RUNNING
"=""2026-08-09 23:59:18""",65286,601243,316067,285175,300000,+0.1563,0.2000,+0.0,+0.0000,NONE,RUNNING
"=""2026-08-09 23:59:19""",65286,601243,316067,285175,300000,+0.1563,0.2000,+0.0,+0.0000,NONE,RUNNING
"=""2026-08-09 23:59:20""",65286,601243,316067,285175,300000,+0.1563,0.2000,+0.0,+0.0000,NONE,RUNNING
"=""2026-08-09 23:59:22""",65286,601243,316067,285175,300000,+0.1556,0.2000,+0.0,+0.0000,NONE,RUNNING
"=""2026-08-09 23:59:23""",65286,622787,337612,285175,300000,+0.2093,0.2000,+0.0,+0.0000,NONE,RUNNING
"=""2026-08-09 23:59:24""",65286,622787,337612,285175,300000,+0.2093,0.2000,+0.0,+0.0000,NONE,RUNNING
"=""2026-08-09 23:59:25""",65278,684613,399438,285175,300000,+0.2083,0.2000,+0.0,+0.0000,NONE,RUNNING
"=""2026-08-09 23:59:26""",65278,684613,399438,285175,300000,+0.2114,0.2000,+0.0,+0.0000,NONE,RUNNING
"=""2026-08-09 23:59:27""",65278,684613,399438,285175,300000,+0.2120,0.2000,+0.0,+0.0000,NONE,RUNNING
"=""2026-08-09 23:59:28""",65278,684613,399438,285175,300000,+0.2122,0.2000,+0.0,+0.0000,NONE,RUNNING
"=""2026-08-09 23:59:29""",65278,684613,399438,285175,300000,+0.2122,0.2000,+0.0,+0.0000,NONE,RUNNING
"=""2026-08-09 23:59:30""",65278,634399,349224,285175,300000,+0.2116,0.2000,+0.0,+0.0000,NONE,RUNNING
"=""2026-08-09 23:59:31""",65278,634399,349224,285175,300000,+0.2116,0.2000,+0.0,+0.0000,NONE,RUNNING
"=""2026-08-09 23:59:32""",65278,634399,349224,285175,300000,+0.2133,0.2000,+0.0,+0.0000,NONE,RUNNING
"=""2026-08-09 23:59:33""",65273,658850,373675,285175,300000,+0.2133,0.2000,+0.0,+0.0000,NONE,RUNNING
"=""2026-08-09 23:59:34""",65273,658850,373675,285175,300000,+0.2133,0.2000,+0.0,+0.0000,NONE,RUNNING
"=""2026-08-09 23:59:35""",65273,658850,373675,285175,300000,+0.2133,0.2000,+0.0,+0.0000,NONE,RUNNING
"=""2026-08-09 23:59:36""",65273,688510,403335,285175,300000,+0.2098,0.2000,+0.0,+0.0000,NONE,RUNNING
"=""2026-08-09 23:59:37""",65273,688510,403335,285175,300000,+0.2098,0.2000,+0.0,+0.0000,NONE,RUNNING
"=""2026-08-09 23:59:38""",65273,688510,403335,285175,300000,+0.1993,0.2000,+0.0,+0.0000,NONE,RUNNING
"=""2026-08-09 23:59:39""",65264,665755,519527,146227,300000,+0.1993,0.2000,+0.0,+0.0000,NONE,RUNNING
"=""2026-08-09 23:59:40""",65260,570250,519527,50723,300000,+0.1999,0.2000,+0.0,+0.0000,NONE,RUNNING
"=""2026-08-09 23:59:41""",65260,570250,519527,50723,300000,+0.1999,0.2000,+0.0,+0.0000,NONE,RUNNING
"=""2026-08-09 23:59:42""",65260,570250,519527,50723,300000,+0.1999,0.2000,+0.0,+0.0000,NONE,RUNNING
"=""2026-08-09 23:59:43""",65260,570250,519527,50723,300000,+0.1662,0.2000,+0.0,+0.0000,NONE,RUNNING
"=""2026-08-09 23:59:44""",65260,570250,519527,50723,300000,+0.1662,0.2000,+0.0,+0.0000,NONE,RUNNING
"=""2026-08-09 23:59:45""",65260,570250,519527,50723,300000,+0.1608,0.2000,+0.0,+0.0000,NONE,RUNNING
"=""2026-08-09 23:59:46""",65260,570250,519527,50723,300000,+0.1608,0.2000,+0.0,+0.0000,NONE,RUNNING
"=""2026-08-09 23:59:47""",65260,530050,519527,10522,300000,+0.1670,0.2000,+0.0,+0.0000,NONE,RUNNING
"=""2026-08-09 23:59:48""",65260,530050,519527,10522,300000,+0.1638,0.2000,+0.0,+0.0000,NONE,RUNNING
"=""2026-08-09 23:59:49""",65260,530050,519527,10522,300000,+0.1638,0.2000,+0.0,+0.0000,NONE,RUNNING
"=""2026-08-09 23:59:50""",65260,530050,519527,10522,300000,+0.1638,0.2000,+0.0,+0.0000,NONE,RUNNING
"=""2026-08-09 23:59:51""",65260,530050,519527,10522,300000,+0.1638,0.2000,+0.0,+0.0000,NONE,RUNNING
"=""2026-08-09 23:59:52""",65260,530050,519527,10522,300000,+0.1713,0.2000,+0.0,+0.0000,NONE,RUNNING
"=""2026-08-09 23:59:53""",65260,519527,519527,0,300000,+0.1739,0.2000,+0.0,+0.0000,NONE,RUNNING
"=""2026-08-09 23:59:54""",65260,519527,519527,0,300000,+0.1731,0.2000,+0.0,+0.0000,NONE,RUNNING
"=""2026-08-09 23:59:55""",65260,519527,519527,0,300000,+0.1731,0.2000,+0.0,+0.0000,NONE,RUNNING
"=""2026-08-09 23:59:56""",65260,519527,519527,0,300000,+0.1729,0.2000,+0.0,+0.0000,NONE,RUNNING
"=""2026-08-09 23:59:57""",65260,519527,519527,0,300000,+0.1717,0.2000,+0.0,+0.0000,NONE,RUNNING
"=""2026-08-09 23:59:58""",65260,519527,519527,0,300000,+0.1717,0.2000,+0.0,+0.0000,NONE,RUNNING
"=""2026-08-09 23:59:59""",65260,519527,519527,0,300000,+0.1717,0.2000,+0.0,+0.0000,NONE,RUNNING
