Timestamp(KST),BTC_Price($),1m_Rolling_Liq($),1m_Long_Liq($),1m_Short_Liq($),Liq_Threshold($),1m_OI_Speed(%),OI_Speed_Threshold(%),5s_Price_Delta($),1m_Price_Delta($),1m_Price_Slope,Signal,Bot_State
="2026-09-07 09:00:01",80349,796019,504328,291691,1000000,+0.0031,0.1700,+5.5,+7.2,-0.0911,NONE,STOPPED
="2026-09-07 09:00:02",80349,786014,504328,281686,1000000,+0.0010,0.1700,+5.5,+7.2,-0.0907,NONE,STOPPED
="2026-09-07 09:00:03",80356,786014,504328,281686,1000000,+0.0010,0.1700,+11.6,+13.3,-0.0668,NONE,STOPPED
="2026-09-07 09:00:04",80355,786014,504328,281686,1000000,+0.0010,0.1700,+14.2,+13.3,-0.0454,NONE,STOPPED
="2026-09-07 09:00:05",80355,776009,504328,271680,1000000,+0.0006,0.1700,+14.2,+13.3,-0.0454,NONE,STOPPED
="2026-09-07 09:00:06",80355,776009,504328,271680,1000000,+0.0006,0.1700,+6.1,+13.3,-0.0095,NONE,STOPPED
="2026-09-07 09:00:07",80336,846298,574617,271680,1000000,+0.0010,0.1700,-13.9,-6.7,-0.0724,NONE,STOPPED
="2026-09-07 09:00:08",80330,836293,574617,261675,1000000,+0.0022,0.1700,-25.0,-11.7,-0.1489,NONE,STOPPED
="2026-09-07 09:00:09",80323,846298,574617,271680,1000000,+0.0022,0.1700,-32.7,-19.4,-0.2478,NONE,STOPPED
="2026-09-07 09:00:10",80323,846298,574617,271680,1000000,+0.0022,0.1700,-32.7,-19.4,-0.3366,NONE,STOPPED
="2026-09-07 09:00:11",80316,836293,574617,261675,1000000,-0.0084,0.1700,-40.0,-26.6,-0.4444,NONE,STOPPED
="2026-09-07 09:00:12",80316,846298,574617,271680,1000000,-0.0084,0.1700,-20.0,-26.6,-0.5408,NONE,STOPPED
="2026-09-07 09:00:13",80316,846298,574617,271680,1000000,-0.0081,0.1700,-15.0,-26.6,-0.6265,NONE,STOPPED
="2026-09-07 09:00:14",80316,836293,574617,261675,1000000,-0.0081,0.1700,-15.0,-26.6,-0.6265,NONE,STOPPED
="2026-09-07 09:00:15",80316,846298,574617,271680,1000000,-0.0081,0.1700,-7.3,-28.6,-0.7022,NONE,STOPPED
="2026-09-07 09:00:16",80316,836292,574617,261675,1000000,-0.0081,0.1700,-7.3,-29.3,-0.8244,NONE,STOPPED
="2026-09-07 09:00:17",80316,836292,574617,261675,1000000,-0.0081,0.1700,-0.0,-38.0,-0.8729,NONE,STOPPED
="2026-09-07 09:00:18",80316,926540,654860,271680,1000000,-0.0094,0.1700,+0.0,-38.0,-0.9089,NONE,STOPPED
="2026-09-07 09:00:19",80316,916535,654860,261675,1000000,-0.0110,0.1700,-0.0,-38.0,-0.9383,NONE,STOPPED
="2026-09-07 09:00:20",80316,916535,654860,261675,1000000,-0.0105,0.1700,-0.0,-38.0,-0.9617,NONE,STOPPED
="2026-09-07 09:00:21",80316,906538,634857,271680,1000000,-0.0105,0.1700,+0.0,-38.0,-0.9794,NONE,STOPPED
="2026-09-07 09:00:22",80325,864463,602787,261675,1000000,-0.0115,0.1700,+10.0,-28.0,-0.9532,NONE,STOPPED
="2026-09-07 09:00:23",80326,864463,602787,261675,1000000,-0.0115,0.1700,+10.0,-28.0,-0.9262,NONE,STOPPED
="2026-09-07 09:00:24",80326,874468,602787,271680,1000000,-0.0122,0.1700,+10.0,-28.0,-0.9262,NONE,STOPPED
="2026-09-07 09:00:25",80326,864463,602787,261676,1000000,-0.0130,0.1700,+10.0,-28.0,-0.8985,NONE,STOPPED
="2026-09-07 09:00:26",80325,864463,602787,261676,1000000,-0.0093,0.1700,+10.0,-28.0,-0.8417,NONE,STOPPED
="2026-09-07 09:00:27",80325,864463,602787,261676,1000000,-0.0093,0.1700,+10.0,-28.0,-0.8127,NONE,STOPPED
="2026-09-07 09:00:28",80315,917578,665907,251671,1000000,-0.0093,0.1700,-10.5,-38.5,-0.8244,NONE,STOPPED
="2026-09-07 09:00:29",80315,917578,665907,251671,1000000,-0.0093,0.1700,-10.5,-38.5,-0.8319,NONE,STOPPED
="2026-09-07 09:00:30",80315,917578,665907,251671,1000000,-0.0113,0.1700,-10.5,-38.5,-0.8353,NONE,STOPPED
="2026-09-07 09:00:31",80315,907573,665907,241666,1000000,-0.0100,0.1700,-10.5,-38.5,-0.8353,NONE,STOPPED
="2026-09-07 09:00:32",80315,907573,665907,241666,1000000,-0.0105,0.1700,-10.5,-38.5,-0.8319,NONE,STOPPED
="2026-09-07 09:00:33",80315,918593,665907,252686,1000000,-0.0105,0.1700,+0.0,-38.5,-0.8255,NONE,STOPPED
="2026-09-07 09:00:34",80315,908588,665907,242681,1000000,-0.0105,0.1700,+0.0,-38.5,-0.8255,NONE,STOPPED
="2026-09-07 09:00:35",80315,908588,665907,242681,1000000,-0.0105,0.1700,+0.0,-38.5,-0.8012,NONE,STOPPED
="2026-09-07 09:00:36",80315,908588,665907,242681,1000000,-0.0105,0.1700,+0.0,-38.5,-0.7912,NONE,STOPPED
="2026-09-07 09:00:37",80315,898583,665907,232676,1000000,-0.0105,0.1700,+0.0,-38.5,-0.7755,NONE,STOPPED
="2026-09-07 09:00:38",80312,910326,677649,232676,1000000,-0.0105,0.1700,-3.5,-42.0,-0.7715,NONE,STOPPED
="2026-09-07 09:00:39",80312,910326,677649,232676,1000000,-0.0109,0.1700,-3.5,-42.0,-0.7646,NONE,STOPPED
="2026-09-07 09:00:40",80312,900321,677649,222671,1000000,-0.0108,0.1700,-3.5,-42.0,-0.7551,NONE,STOPPED
="2026-09-07 09:00:41",80312,900321,677649,222671,1000000,-0.0108,0.1700,-3.5,-42.0,-0.7431,NONE,STOPPED
="2026-09-07 09:00:42",80308,900321,677649,222671,1000000,-0.0115,0.1700,-7.5,-46.0,-0.7445,NONE,STOPPED
="2026-09-07 09:00:43",80308,890316,677649,212666,1000000,-0.0133,0.1700,-7.5,-46.0,-0.7445,NONE,STOPPED
="2026-09-07 09:00:44",80308,890316,677649,212666,1000000,-0.0133,0.1700,-4.0,-46.0,-0.7424,NONE,STOPPED
="2026-09-07 09:00:45",80304,890316,677649,212666,1000000,-0.0133,0.1700,-8.0,-50.0,-0.7444,NONE,STOPPED
="2026-09-07 09:00:46",80304,880310,677649,202661,1000000,-0.0133,0.1700,-8.0,-50.0,-0.7475,NONE,STOPPED
="2026-09-07 09:00:47",80304,880310,677649,202661,1000000,-0.0133,0.1700,-4.0,-50.0,-0.7467,NONE,STOPPED
="2026-09-07 09:00:48",80285,894550,691889,202661,1000000,-0.0133,0.1700,-22.8,-68.8,-0.8154,NONE,STOPPED
="2026-09-07 09:00:49",80285,884544,691889,192655,1000000,-0.0125,0.1700,-22.8,-68.8,-0.8737,NONE,STOPPED
="2026-09-07 09:00:50",80285,884544,691889,192655,1000000,-0.0125,0.1700,-18.8,-68.8,-0.9222,NONE,STOPPED
="2026-09-07 09:00:51",80285,874539,691889,182649,1000000,-0.0136,0.1700,-18.8,-68.8,-0.9616,NONE,STOPPED
="2026-09-07 09:00:52",80285,887301,704651,182649,1000000,-0.0136,0.1700,-18.8,-68.8,-0.9616,NONE,STOPPED
="2026-09-07 09:00:53",80281,435045,252395,182649,1000000,-0.0136,0.1700,-22.4,-62.8,-1.0071,NONE,STOPPED
="2026-09-07 09:00:54",80271,450994,278350,172644,1000000,-0.0231,0.1700,-14.1,-73.3,-1.1238,NONE,STOPPED
="2026-09-07 09:00:55",80238,811230,595887,215342,1000000,-0.0230,0.1700,-46.6,-105.8,-1.3127,NONE,STOPPED
="2026-09-07 09:00:56",80238,811230,595887,215342,1000000,-0.0230,0.1700,-46.6,-105.8,-1.4780,NONE,STOPPED
="2026-09-07 09:00:57",80246,940174,723883,216291,1000000,-0.0230,0.1700,-35.6,-98.4,-1.5927,NONE,STOPPED
="2026-09-07 09:00:58",80246,940174,723883,216291,1000000,-0.0230,0.1700,-35.6,-95.8,-1.6900,NONE,STOPPED
="2026-09-07 09:00:59",80246,940174,723883,216291,1000000,-0.0237,0.1700,-25.1,-95.8,-1.7729,NONE,STOPPED
="2026-09-07 09:01:00",80246,848585,723883,124702,1000000,+0.0172,0.1700,+7.3,-103.9,-1.8408,NONE,STOPPED
="2026-09-07 09:01:01",80270,859062,723883,135179,1000000,+0.0192,0.1700,+31.8,-79.5,-1.7952,NONE,STOPPED
="2026-09-07 09:01:02",80275,859062,723883,135179,1000000,+0.0192,0.1700,+29.9,-80.1,-1.7253,NONE,STOPPED
="2026-09-07 09:01:03",80275,935146,723883,211263,1000000,+0.0192,0.1700,+29.9,-80.1,-1.6514,NONE,STOPPED
="2026-09-07 09:01:04",80279,935146,723883,211263,1000000,+0.0207,0.1700,+34.0,-76.0,-1.5615,NONE,STOPPED
="2026-09-07 09:01:05",80280,935146,723883,211263,1000000,+0.0211,0.1700,+34.0,-76.0,-1.4731,NONE,STOPPED
="2026-09-07 09:01:06",80280,935146,723883,211263,1000000,+0.0202,0.1700,+9.6,-56.0,-1.3865,NONE,STOPPED
="2026-09-07 09:01:07",80280,864857,653594,211263,1000000,+0.0202,0.1700,+9.6,-56.0,-1.3865,NONE,STOPPED
="2026-09-07 09:01:08",80280,864857,653594,211263,1000000,+0.0190,0.1700,+4.1,-43.3,-1.2454,NONE,STOPPED
="2026-09-07 09:01:09",80280,854852,653594,201258,1000000,+0.0191,0.1700,+0.0,-43.3,-1.1832,NONE,STOPPED
="2026-09-07 09:01:10",80285,854852,653594,201258,1000000,+0.0191,0.1700,+5.4,-30.6,-1.1011,NONE,STOPPED
="2026-09-07 09:01:11",80285,854852,653594,201258,1000000,+0.0297,0.1700,+5.4,-30.6,-1.0269,NONE,STOPPED
="2026-09-07 09:01:12",80285,844847,653594,191253,1000000,+0.0276,0.1700,+5.4,-30.6,-0.9559,NONE,STOPPED
="2026-09-07 09:01:13",80285,844847,653594,191253,1000000,+0.0276,0.1700,+5.4,-30.6,-0.8879,NONE,STOPPED
="2026-09-07 09:01:14",80285,844847,653594,191253,1000000,+0.0276,0.1700,+5.4,-30.6,-0.8229,NONE,STOPPED
="2026-09-07 09:01:15",80285,834842,653594,181248,1000000,+0.0276,0.1700,+5.4,-30.6,-0.7607,NONE,STOPPED
="2026-09-07 09:01:16",80285,834842,653594,181248,1000000,+0.0277,0.1700,+5.4,-30.6,-0.7607,NONE,STOPPED
="2026-09-07 09:01:17",80274,955254,653594,301659,1000000,+0.0289,0.1700,-11.0,-41.6,-0.7256,NONE,STOPPED
="2026-09-07 09:01:18",80274,865006,573351,291654,1000000,+0.0289,0.1700,-11.0,-41.6,-0.7056,NONE,STOPPED
="2026-09-07 09:01:19",80274,865006,573351,291654,1000000,+0.0296,0.1700,-11.0,-41.6,-0.6842,NONE,STOPPED
="2026-09-07 09:01:20",80274,865006,573351,291654,1000000,+0.0291,0.1700,-11.0,-41.6,-0.6617,NONE,STOPPED
="2026-09-07 09:01:21",80274,879843,598193,281649,1000000,+0.0280,0.1700,+0.0,-51.6,-0.6380,NONE,STOPPED
="2026-09-07 09:01:22",80274,879843,598193,281649,1000000,+0.0280,0.1700,+0.0,-51.6,-0.6074,NONE,STOPPED
="2026-09-07 09:01:23",80274,879843,598193,281649,1000000,+0.0287,0.1700,+0.0,-51.6,-0.5761,NONE,STOPPED
="2026-09-07 09:01:24",80274,869837,598193,271644,1000000,+0.0287,0.1700,-0.0,-51.6,-0.5443,NONE,STOPPED
="2026-09-07 09:01:25",80274,869837,598193,271644,1000000,+0.0289,0.1700,-0.0,-51.6,-0.5443,NONE,STOPPED
="2026-09-07 09:01:26",80274,880694,609050,271644,1000000,+0.0252,0.1700,+0.0,-51.6,-0.5121,NONE,STOPPED
="2026-09-07 09:01:27",80276,880694,609050,271644,1000000,+0.0255,0.1700,+1.9,-39.1,-0.4393,NONE,STOPPED
="2026-09-07 09:01:28",80276,833279,545930,287348,1000000,+0.0255,0.1700,+1.9,-39.1,-0.4062,NONE,STOPPED
="2026-09-07 09:01:29",80276,843284,545930,297353,1000000,+0.0275,0.1700,+1.9,-39.1,-0.3735,NONE,STOPPED
="2026-09-07 09:01:30",80281,843284,545930,297353,1000000,+0.0275,0.1700,+7.6,-33.5,-0.3193,NONE,STOPPED
="2026-09-07 09:01:31",80281,843284,545930,297353,1000000,+0.0278,0.1700,+7.6,-33.5,-0.2679,NONE,STOPPED
="2026-09-07 09:01:32",80282,853290,545930,307359,1000000,+0.0283,0.1700,+5.7,-33.5,-0.2191,NONE,STOPPED
="2026-09-07 09:01:33",80282,842270,545930,296339,1000000,+0.0283,0.1700,+5.7,-33.5,-0.1728,NONE,STOPPED
="2026-09-07 09:01:34",80281,842270,545930,296339,1000000,+0.0291,0.1700,+5.7,-33.5,-0.1288,NONE,STOPPED
="2026-09-07 09:01:35",80281,852276,545930,306345,1000000,+0.0291,0.1700,+5.7,-33.5,-0.1288,NONE,STOPPED
="2026-09-07 09:01:36",80282,852276,545930,306345,1000000,+0.0291,0.1700,+0.0,-33.5,-0.0475,NONE,STOPPED
="2026-09-07 09:01:37",80282,852276,545930,306345,1000000,+0.0292,0.1700,+0.0,-30.0,-0.0100,NONE,STOPPED
="2026-09-07 09:01:38",80282,850540,534188,316352,1000000,+0.0292,0.1700,+0.0,-30.0,+0.0236,NONE,STOPPED
="2026-09-07 09:01:39",80281,850540,534188,316352,1000000,+0.0296,0.1700,-0.0,-30.0,+0.0553,NONE,STOPPED
="2026-09-07 09:01:40",80281,850540,534188,316352,1000000,+0.0354,0.1700,-0.0,-30.0,+0.0853,NONE,STOPPED
="2026-09-07 09:01:41",80281,860547,534188,326358,1000000,+0.0361,0.1700,-0.0,-26.0,+0.1138,NONE,STOPPED
="2026-09-07 09:01:42",80281,936377,610019,326358,1000000,+0.0361,0.1700,-0.0,-26.0,+0.1382,NONE,STOPPED
="2026-09-07 09:01:43",80261,1056770,610019,446751,1000000,+0.0362,0.1700,-20.0,-46.0,+0.0834,NONE,STOPPED
="2026-09-07 09:01:44",80261,1066775,610019,456756,1000000,+0.0362,0.1700,-20.0,-46.0,+0.0834,NONE,STOPPED
="2026-09-07 09:01:45",80260,1066775,610019,456756,1000000,+0.0362,0.1700,-21.1,-43.1,+0.0310,NONE,STOPPED
="2026-09-07 09:01:46",80260,1066775,610019,456756,1000000,+0.0358,0.1700,-21.1,-43.1,-0.0598,NONE,STOPPED
="2026-09-07 09:01:47",80260,1076781,610019,466761,1000000,+0.0358,0.1700,-21.1,-24.4,-0.0964,NONE,STOPPED
="2026-09-07 09:01:48",80260,1062541,595779,466761,1000000,+0.0358,0.1700,-1.1,-24.3,-0.1393,NONE,STOPPED
="2026-09-07 09:01:49",80268,1082397,595779,486618,1000000,+0.0352,0.1700,+7.1,-17.2,-0.1494,NONE,STOPPED
="2026-09-07 09:01:50",80269,1082397,595779,486618,1000000,+0.0352,0.1700,+9.1,-15.2,-0.1499,NONE,STOPPED
="2026-09-07 09:01:51",80270,1082397,595779,486618,1000000,+0.0363,0.1700,+9.1,-11.6,-0.1494,NONE,STOPPED
="2026-09-07 09:01:52",80269,1069635,583016,486618,1000000,+0.0373,0.1700,+9.1,-11.6,-0.1502,NONE,STOPPED
="2026-09-07 09:01:53",80269,1294531,807912,486618,1000000,+0.0373,0.1700,+9.1,-11.6,-0.1502,NONE,STOPPED
="2026-09-07 09:01:54",80271,1342738,781957,560780,1000000,+0.0468,0.1700,+11.1,+0.8,-0.1425,NONE,STOPPED
="2026-09-07 09:01:55",80280,982503,464419,518083,1000000,+0.0468,0.1700,+10.0,+41.3,-0.1000,NONE,STOPPED
="2026-09-07 09:01:56",80288,992507,464419,528087,1000000,+0.0465,0.1700,+18.0,+42.0,-0.0614,NONE,STOPPED
="2026-09-07 09:01:57",80288,853558,336424,517133,1000000,+0.0465,0.1700,+18.0,+42.0,-0.0236,NONE,STOPPED
="2026-09-07 09:01:58",80293,853558,336424,517133,1000000,+0.0525,0.1700,+21.2,+47.2,+0.0294,NONE,STOPPED
="2026-09-07 09:01:59",80293,863562,336424,527138,1000000,+0.0525,0.1700,+13.2,+47.2,+0.0758,NONE,STOPPED
="2026-09-07 09:02:00",80293,863562,336424,527138,1000000,+0.0525,0.1700,+13.2,+22.8,+0.1163,NONE,STOPPED
="2026-09-07 09:02:01",80294,853085,336424,516660,1000000,+0.0111,0.1700,+6.0,+18.1,+0.1686,NONE,STOPPED
="2026-09-07 09:02:02",80294,863090,336424,526665,1000000,+0.0111,0.1700,+6.0,+18.1,+0.1686,NONE,STOPPED
="2026-09-07 09:02:03",80294,787006,336424,450581,1000000,+0.0097,0.1700,+0.8,+14.0,+0.2625,NONE,STOPPED
="2026-09-07 09:02:04",80294,787006,336424,450581,1000000,+0.0097,0.1700,+0.8,+14.0,+0.3039,NONE,STOPPED
="2026-09-07 09:02:05",80294,797012,336424,460587,1000000,+0.0107,0.1700,+0.8,+14.0,+0.3406,NONE,STOPPED
="2026-09-07 09:02:06",80294,797012,336424,460587,1000000,+0.0116,0.1700,+0.8,+14.0,+0.3727,NONE,STOPPED
="2026-09-07 09:02:07",80294,797012,336424,460587,1000000,+0.0107,0.1700,+0.0,+14.0,+0.4007,NONE,STOPPED
="2026-09-07 09:02:08",80294,807018,336424,470594,1000000,+0.0107,0.1700,+0.0,+14.0,+0.4248,NONE,STOPPED
="2026-09-07 09:02:09",80294,807018,336424,470594,1000000,+0.0106,0.1700,+0.0,+8.6,+0.4453,NONE,STOPPED
="2026-09-07 09:02:10",80294,817024,336424,480599,1000000,+0.0105,0.1700,+0.0,+8.6,+0.4658,NONE,STOPPED
="2026-09-07 09:02:11",80294,817024,336424,480599,1000000,+0.0105,0.1700,+0.0,+8.6,+0.4658,NONE,STOPPED
="2026-09-07 09:02:12",80294,817024,336424,480599,1000000,+0.0126,0.1700,+0.0,+8.6,+0.4833,NONE,STOPPED
="2026-09-07 09:02:13",80294,827029,336424,490605,1000000,+0.0126,0.1700,+0.0,+8.6,+0.5098,NONE,STOPPED
="2026-09-07 09:02:14",80294,827029,336424,490605,1000000,+0.0126,0.1700,+0.0,+8.6,+0.5192,NONE,STOPPED
="2026-09-07 09:02:15",80294,827029,336424,490605,1000000,+0.0125,0.1700,+0.0,+19.6,+0.5264,NONE,STOPPED
="2026-09-07 09:02:16",80294,756760,336424,420336,1000000,+0.0125,0.1700,+0.0,+19.6,+0.5249,NONE,STOPPED
="2026-09-07 09:02:17",80294,716623,336424,380198,1000000,+0.0174,0.1700,+0.0,+19.6,+0.5216,NONE,STOPPED
="2026-09-07 09:02:18",80294,716623,336424,380198,1000000,+0.0174,0.1700,+0.0,+19.6,+0.5168,NONE,STOPPED
="2026-09-07 09:02:19",80294,726629,336424,390204,1000000,+0.0167,0.1700,+0.0,+19.6,+0.5105,NONE,STOPPED
="2026-09-07 09:02:20",80294,726629,336424,390204,1000000,+0.0167,0.1700,+0.0,+19.6,+0.5105,NONE,STOPPED
="2026-09-07 09:02:21",80294,701787,311583,390204,1000000,+0.0177,0.1700,+0.0,+19.6,+0.5029,NONE,STOPPED
="2026-09-07 09:02:22",80294,711792,311583,400209,1000000,+0.0177,0.1700,+0.0,+19.6,+0.4845,NONE,STOPPED
="2026-09-07 09:02:23",80339,958314,311583,646731,1000000,+0.0153,0.1700,+45.7,+65.3,+0.6516,NONE,STOPPED
="2026-09-07 09:02:24",80339,958314,311583,646731,1000000,+0.0150,0.1700,+45.7,+65.3,+0.8000,NONE,STOPPED
="2026-09-07 09:02:25",80339,958314,311583,646731,1000000,+0.0150,0.1700,+45.7,+65.3,+0.9309,NONE,STOPPED
="2026-09-07 09:02:26",80339,947457,300725,646731,1000000,+0.0151,0.1700,+45.7,+63.4,+1.0458,NONE,STOPPED
="2026-09-07 09:02:27",80339,947457,300725,646731,1000000,+0.0148,0.1700,+45.7,+63.4,+1.1468,NONE,STOPPED
="2026-09-07 09:02:28",80339,941759,300725,641033,1000000,+0.0148,0.1700,-0.0,+63.4,+1.2340,NONE,STOPPED
="2026-09-07 09:02:29",80330,981418,350390,631027,1000000,+0.0165,0.1700,-8.7,+49.0,+1.2744,NONE,STOPPED
="2026-09-07 09:02:30",80330,991424,350390,641033,1000000,+0.0165,0.1700,-8.7,+49.0,+1.2744,NONE,STOPPED
="2026-09-07 09:02:31",80330,991424,350390,641033,1000000,+0.0162,0.1700,-8.7,+49.0,+1.3374,NONE,STOPPED
="2026-09-07 09:02:32",80330,981418,350390,631028,1000000,+0.0133,0.1700,-8.8,+48.9,+1.3578,NONE,STOPPED
="2026-09-07 09:02:33",80330,991424,350390,641034,1000000,+0.0133,0.1700,-8.7,+49.0,+1.3716,NONE,STOPPED
="2026-09-07 09:02:34",80330,991424,350390,641034,1000000,+0.0125,0.1700,-8.7,+49.0,+1.3795,NONE,STOPPED
="2026-09-07 09:02:35",80330,981418,350390,631028,1000000,+0.0125,0.1700,-8.7,+49.0,+1.3818,NONE,STOPPED
="2026-09-07 09:02:36",80329,991424,350390,641033,1000000,+0.0125,0.1700,-2.0,+47.0,+1.3715,NONE,STOPPED
="2026-09-07 09:02:37",80329,991424,350390,641033,1000000,+0.0124,0.1700,-1.9,+47.0,+1.3574,NONE,STOPPED
="2026-09-07 09:02:38",80329,981417,350390,631027,1000000,+0.0122,0.1700,-2.0,+47.0,+1.3398,NONE,STOPPED
="2026-09-07 09:02:39",80329,991423,350390,641033,1000000,+0.0122,0.1700,-2.0,+47.0,+1.3398,NONE,STOPPED
="2026-09-07 09:02:40",80329,991423,350390,641033,1000000,+0.0064,0.1700,-2.0,+47.0,+1.3191,NONE,STOPPED
="2026-09-07 09:02:41",80329,981417,350390,631026,1000000,+0.0064,0.1700,-2.0,+47.0,+1.2696,NONE,STOPPED
="2026-09-07 09:02:42",80329,905587,274560,631026,1000000,+0.0061,0.1700,-2.0,+67.0,+1.2414,NONE,STOPPED
="2026-09-07 09:02:43",80329,795199,274560,520639,1000000,+0.0059,0.1700,-2.0,+68.1,+1.1991,NONE,STOPPED
="2026-09-07 09:02:44",80329,785194,274560,510634,1000000,+0.0059,0.1700,-2.0,+68.1,+1.1547,NONE,STOPPED
="2026-09-07 09:02:45",80329,785194,274560,510634,1000000,+0.0070,0.1700,-0.0,+68.1,+1.1090,NONE,STOPPED
="2026-09-07 09:02:46",80329,1045860,274560,771300,1000000,+0.0070,0.1700,-0.0,+68.1,+1.0622,NONE,STOPPED
="2026-09-07 09:02:47",80329,1035855,274560,761295,1000000,+0.0076,0.1700,-0.0,+68.1,+1.0147,NONE,STOPPED
="2026-09-07 09:02:48",80329,1035855,274560,761295,1000000,+0.0076,0.1700,+0.0,+61.0,+0.9665,NONE,STOPPED
="2026-09-07 09:02:49",80329,1026004,274560,751444,1000000,+0.0082,0.1700,+0.0,+61.0,+0.9665,NONE,STOPPED
="2026-09-07 09:02:50",80329,1026004,274560,751444,1000000,+0.0082,0.1700,+0.0,+59.0,+0.8785,NONE,STOPPED
="2026-09-07 09:02:51",80329,1026004,274560,751444,1000000,+0.0086,0.1700,-0.0,+59.0,+0.8345,NONE,STOPPED
="2026-09-07 09:02:52",80329,1036010,274560,761450,1000000,+0.0076,0.1700,-0.0,+57.0,+0.7902,NONE,STOPPED
="2026-09-07 09:02:53",80329,754022,49664,704358,1000000,+0.0076,0.1700,+0.0,+49.0,+0.7471,NONE,STOPPED
="2026-09-07 09:02:54",80329,746958,49664,697293,1000000,+0.0077,0.1700,-0.0,+49.0,+0.7087,NONE,STOPPED
="2026-09-07 09:02:55",80329,746958,49664,697293,1000000,+0.0080,0.1700,+0.0,+41.0,+0.6704,NONE,STOPPED
="2026-09-07 09:02:56",80329,736953,49664,687289,1000000,+0.0081,0.1700,-0.0,+41.0,+0.6368,NONE,STOPPED
="2026-09-07 09:02:57",80329,746959,49664,697294,1000000,+0.0081,0.1700,+0.0,+35.8,+0.6033,NONE,STOPPED
="2026-09-07 09:02:58",80329,746959,49664,697294,1000000,+0.0021,0.1700,+0.0,+35.8,+0.6033,NONE,STOPPED
="2026-09-07 09:02:59",80329,892138,49664,842474,1000000,+0.0021,0.1700,+0.0,+35.8,+0.5730,NONE,STOPPED
="2026-09-07 09:03:00",80346,944477,49664,894813,1000000,+0.0014,0.1700,+17.7,+53.4,+0.5863,NONE,STOPPED
="2026-09-07 09:03:01",80346,944477,49664,894813,1000000,+0.0018,0.1700,+17.7,+52.7,+0.6135,NONE,STOPPED
="2026-09-07 09:03:02",80346,934472,49664,884808,1000000,+0.0018,0.1700,+17.7,+52.7,+0.6135,NONE,STOPPED
="2026-09-07 09:03:03",80346,944478,49664,894814,1000000,+0.0016,0.1700,+17.7,+52.7,+0.6395,NONE,STOPPED
="2026-09-07 09:03:04",80347,944478,49664,894814,1000000,+0.0006,0.1700,+19.0,+54.0,+0.6844,NONE,STOPPED
="2026-09-07 09:03:05",80347,934472,49664,884807,1000000,+0.0006,0.1700,+1.3,+54.0,+0.6986,NONE,STOPPED
="2026-09-07 09:03:06",80347,934472,49664,884807,1000000,+0.0024,0.1700,+1.3,+54.0,+0.7080,NONE,STOPPED
="2026-09-07 09:03:07",80366,951757,49664,902092,1000000,+0.0033,0.1700,+19.3,+72.0,+0.7829,NONE,STOPPED
="2026-09-07 09:03:08",80366,941750,49664,892086,1000000,+0.0033,0.1700,+18.0,+72.0,+0.8467,NONE,STOPPED
="2026-09-07 09:03:09",80366,951756,49664,902092,1000000,+0.0041,0.1700,+18.0,+72.0,+0.9001,NONE,STOPPED
="2026-09-07 09:03:10",80365,941750,49664,892086,1000000,+0.0041,0.1700,+18.0,+72.0,+0.9440,NONE,STOPPED
="2026-09-07 09:03:11",80365,941750,49664,892086,1000000,+0.0041,0.1700,+18.0,+72.0,+0.9440,NONE,STOPPED
="2026-09-07 09:03:12",80365,951756,49664,902091,1000000,+0.0041,0.1700,+18.0,+72.0,+0.9792,NONE,STOPPED
="2026-09-07 09:03:13",80364,941750,49664,892086,1000000,+0.0025,0.1700,-1.7,+70.3,+1.0132,NONE,STOPPED
="2026-09-07 09:03:14",80364,941750,49664,892086,1000000,+0.0025,0.1700,-1.7,+70.3,+1.0208,NONE,STOPPED
="2026-09-07 09:03:15",80364,951756,49664,902091,1000000,+0.0025,0.1700,-1.7,+70.3,+1.0226,NONE,STOPPED
="2026-09-07 09:03:16",80364,941750,49664,892086,1000000,-0.0011,0.1700,-1.7,+70.3,+1.0194,NONE,STOPPED
="2026-09-07 09:03:17",80356,1062284,49664,1012620,1000000,-0.0011,0.1700,-8.2,+62.0,+0.9794,NONE,STOPPED
="2026-09-07 09:03:18",80356,1072290,49664,1022626,1000000,-0.0011,0.1700,-8.3,+62.0,+0.9383,NONE,STOPPED
="2026-09-07 09:03:19",80356,1062285,49664,1012620,1000000,-0.0011,0.1700,-8.3,+62.0,+0.8964,NONE,STOPPED
="2026-09-07 09:03:20",80356,1062285,49664,1012620,1000000,-0.0011,0.1700,-8.2,+62.0,+0.8539,NONE,STOPPED
="2026-09-07 09:03:21",80356,1072291,49664,1022626,1000000,-0.0013,0.1700,-8.2,+62.0,+0.8539,NONE,STOPPED
="2026-09-07 09:03:22",80355,1062285,49664,1012621,1000000,-0.0013,0.1700,-0.9,+15.4,+0.7606,NONE,STOPPED
="2026-09-07 09:03:23",80355,815763,49664,766099,1000000,+0.0012,0.1700,-0.9,+15.4,+0.7418,NONE,STOPPED
="2026-09-07 09:03:24",80355,825769,49664,776105,1000000,+0.0012,0.1700,-0.9,+15.4,+0.7225,NONE,STOPPED
="2026-09-07 09:03:25",80355,825769,49664,776105,1000000,+0.0002,0.1700,-0.9,+15.4,+0.7028,NONE,STOPPED
="2026-09-07 09:03:26",80355,825769,49664,776105,1000000,+0.0002,0.1700,+0.0,+15.4,+0.6828,NONE,STOPPED
="2026-09-07 09:03:27",80355,835775,49664,786110,1000000,+0.0002,0.1700,+0.0,+15.4,+0.6626,NONE,STOPPED
="2026-09-07 09:03:28",80355,825769,49664,776105,1000000,+0.0004,0.1700,+0.0,+24.1,+0.6421,NONE,STOPPED
="2026-09-07 09:03:29",80347,787122,11016,776105,1000000,-0.0013,0.1700,-7.1,+17.0,+0.5885,NONE,STOPPED
="2026-09-07 09:03:30",80347,787121,11016,776105,1000000,-0.0013,0.1700,-7.1,+17.0,+0.5885,NONE,STOPPED
="2026-09-07 09:03:31",80347,787121,11016,776105,1000000,-0.0007,0.1700,-7.1,+17.0,+0.4897,NONE,STOPPED
="2026-09-07 09:03:32",80347,787121,11016,776105,1000000,+0.0022,0.1700,-7.1,+17.0,+0.4442,NONE,STOPPED
="2026-09-07 09:03:33",80347,787120,11016,776104,1000000,+0.0022,0.1700,-7.1,+17.0,+0.4011,NONE,STOPPED
="2026-09-07 09:03:34",80347,787120,11016,776104,1000000,-0.0021,0.1700,+0.0,+17.0,+0.3603,NONE,STOPPED
="2026-09-07 09:03:35",80347,787120,11016,776104,1000000,-0.0021,0.1700,+0.0,+19.0,+0.3216,NONE,STOPPED
="2026-09-07 09:03:36",80347,787119,11016,776103,1000000,-0.0021,0.1700,+0.0,+19.0,+0.2839,NONE,STOPPED
="2026-09-07 09:03:37",80347,787119,11016,776103,1000000,-0.0021,0.1700,-0.0,+19.0,+0.2480,NONE,STOPPED
="2026-09-07 09:03:38",80367,903323,11016,892307,1000000,-0.0019,0.1700,+19.8,+38.8,+0.2912,NONE,STOPPED
="2026-09-07 09:03:39",80367,893317,11016,882301,1000000,-0.0019,0.1700,+19.8,+38.8,+0.2912,NONE,STOPPED
="2026-09-07 09:03:40",80367,893317,11016,882301,1000000,+0.0000,0.1700,+19.8,+38.8,+0.3599,NONE,STOPPED
="2026-09-07 09:03:41",80366,893317,11016,882301,1000000,+0.0000,0.1700,+18.5,+37.5,+0.3814,NONE,STOPPED
="2026-09-07 09:03:42",80362,903323,11016,892307,1000000,+0.0004,0.1700,+14.6,+33.6,+0.3834,NONE,STOPPED
="2026-09-07 09:03:43",80362,893318,11016,882301,1000000,+0.0004,0.1700,-5.2,+33.6,+0.3832,NONE,STOPPED
="2026-09-07 09:03:44",80362,893318,11016,882301,1000000,+0.0004,0.1700,-5.2,+33.6,+0.3808,NONE,STOPPED
="2026-09-07 09:03:45",80362,903324,11016,892307,1000000,-0.0003,0.1700,-5.2,+33.6,+0.3765,NONE,STOPPED
="2026-09-07 09:03:46",80362,642658,11016,631641,1000000,-0.0016,0.1700,-3.9,+33.6,+0.3704,NONE,STOPPED
="2026-09-07 09:03:47",80362,642658,11016,631641,1000000,-0.0022,0.1700,-3.9,+33.6,+0.3626,NONE,STOPPED
="2026-09-07 09:03:48",80362,652663,11016,641647,1000000,-0.0022,0.1700,-3.9,+33.6,+0.3626,NONE,STOPPED
="2026-09-07 09:03:49",80362,642658,11016,631641,1000000,-0.0022,0.1700,+0.0,+33.6,+0.3431,NONE,STOPPED
="2026-09-07 09:03:50",80362,642658,11016,631641,1000000,-0.0022,0.1700,+0.0,+33.6,+0.3315,NONE,STOPPED
="2026-09-07 09:03:51",80355,674376,32729,641647,1000000,-0.0026,0.1700,-7.3,+26.3,+0.2906,NONE,STOPPED
="2026-09-07 09:03:52",80355,664370,32729,631641,1000000,-0.0026,0.1700,-7.3,+26.3,+0.2517,NONE,STOPPED
="2026-09-07 09:03:53",80355,664370,32729,631641,1000000,-0.0026,0.1700,-7.3,+26.3,+0.2146,NONE,STOPPED
="2026-09-07 09:03:54",80355,664370,32729,631641,1000000,-0.0027,0.1700,-7.3,+26.3,+0.1792,NONE,STOPPED
="2026-09-07 09:03:55",80342,743342,111700,631641,1000000,-0.0032,0.1700,-20.6,+13.0,+0.0937,NONE,STOPPED
="2026-09-07 09:03:56",80342,743342,111700,631641,1000000,-0.0032,0.1700,-13.3,+13.0,+0.0150,NONE,STOPPED
="2026-09-07 09:03:57",80342,743341,111700,631641,1000000,-0.0032,0.1700,-13.3,+13.0,+0.0150,NONE,STOPPED
="2026-09-07 09:03:58",80342,882642,251001,631641,1000000,-0.0033,0.1700,-13.3,+13.0,-0.0573,NONE,STOPPED
="2026-09-07 09:03:59",80314,737465,251001,486463,1000000,-0.0025,0.1700,-41.3,-32.6,-0.3913,NONE,STOPPED
="2026-09-07 09:04:00",80314,685126,251001,434124,1000000,-0.0025,0.1700,-28.0,-32.7,-0.5238,NONE,STOPPED
="2026-09-07 09:04:01",80314,685126,251001,434124,1000000,-0.0082,0.1700,-28.0,-32.7,-0.6423,NONE,STOPPED
="2026-09-07 09:04:02",80322,795083,251001,544081,1000000,-0.0082,0.1700,-20.0,-26.0,-0.7166,NONE,STOPPED
="2026-09-07 09:04:03",80321,785077,251001,534076,1000000,-0.0079,0.1700,+8.0,-26.0,-0.7810,NONE,STOPPED
="2026-09-07 09:04:04",80322,785077,251001,534076,1000000,-0.0082,0.1700,+8.0,-26.0,-0.8371,NONE,STOPPED
="2026-09-07 09:04:05",80322,795082,251001,544081,1000000,-0.0082,0.1700,+8.0,-26.0,-0.8371,NONE,STOPPED
="2026-09-07 09:04:06",80322,795082,251001,544081,1000000,-0.0100,0.1700,+8.0,-44.0,-0.9267,NONE,STOPPED
="2026-09-07 09:04:07",80327,777798,251001,526796,1000000,-0.0099,0.1700,+6.0,-38.0,-0.9271,NONE,STOPPED
="2026-09-07 09:04:08",80328,787802,251001,536801,1000000,-0.0099,0.1700,+6.0,-38.0,-0.9239,NONE,STOPPED
="2026-09-07 09:04:09",80328,777797,251001,526795,1000000,-0.0106,0.1700,+6.0,-38.0,-0.9176,NONE,STOPPED
="2026-09-07 09:04:10",80328,777797,251001,526795,1000000,-0.0100,0.1700,+6.0,-38.0,-0.9084,NONE,STOPPED
="2026-09-07 09:04:11",80331,789449,251001,538447,1000000,-0.0100,0.1700,+9.8,-32.5,-0.8820,NONE,STOPPED
="2026-09-07 09:04:12",80333,779444,251001,528442,1000000,-0.0084,0.1700,+6.0,-30.3,-0.8471,NONE,STOPPED
="2026-09-07 09:04:13",80334,779444,251001,528442,1000000,-0.0084,0.1700,+6.0,-30.3,-0.8122,NONE,STOPPED
="2026-09-07 09:04:14",80334,779444,251001,528442,1000000,-0.0084,0.1700,+6.0,-30.3,-0.8122,NONE,STOPPED
="2026-09-07 09:04:15",80334,779444,251001,528442,1000000,-0.0084,0.1700,+6.0,-30.3,-0.7776,NONE,STOPPED
="2026-09-07 09:04:16",80334,779444,251001,528442,1000000,-0.0095,0.1700,+2.2,-22.0,-0.7090,NONE,STOPPED
="2026-09-07 09:04:17",80334,658910,251001,407908,1000000,-0.0095,0.1700,+0.0,-22.0,-0.6802,NONE,STOPPED
="2026-09-07 09:04:18",80334,658910,251001,407908,1000000,-0.0095,0.1700,+0.0,-22.0,-0.6517,NONE,STOPPED
="2026-09-07 09:04:19",80334,658910,251001,407908,1000000,-0.0095,0.1700,+0.0,-22.0,-0.6234,NONE,STOPPED
="2026-09-07 09:04:20",80334,658910,251001,407908,1000000,-0.0099,0.1700,+0.0,-21.1,-0.5955,NONE,STOPPED
="2026-09-07 09:04:21",80334,658909,251001,407908,1000000,-0.0099,0.1700,+0.0,-21.1,-0.5685,NONE,STOPPED
="2026-09-07 09:04:22",80334,658909,251001,407908,1000000,-0.0099,0.1700,+0.0,-21.1,-0.5418,NONE,STOPPED
="2026-09-07 09:04:23",80334,668915,251001,417913,1000000,-0.0099,0.1700,+0.0,-21.1,-0.5418,NONE,STOPPED
="2026-09-07 09:04:24",80334,658909,251001,407907,1000000,-0.0099,0.1700,+0.0,-21.1,-0.5155,NONE,STOPPED
="2026-09-07 09:04:25",80334,658909,251001,407907,1000000,-0.0088,0.1700,+0.0,-21.1,-0.4642,NONE,STOPPED
="2026-09-07 09:04:26",80334,668915,251001,417914,1000000,-0.0090,0.1700,+0.0,-21.1,-0.4391,NONE,STOPPED
="2026-09-07 09:04:27",80334,658910,251001,407908,1000000,-0.0090,0.1700,+0.0,-21.1,-0.4146,NONE,STOPPED
="2026-09-07 09:04:28",80333,658910,251001,407908,1000000,-0.0093,0.1700,-0.0,-14.0,-0.3905,NONE,STOPPED
="2026-09-07 09:04:29",80333,657899,239985,417914,1000000,-0.0093,0.1700,-0.0,-14.0,-0.3712,NONE,STOPPED
="2026-09-07 09:04:30",80333,647894,239985,407909,1000000,-0.0093,0.1700,-0.0,-14.0,-0.3523,NONE,STOPPED
="2026-09-07 09:04:31",80334,647894,239985,407909,1000000,-0.0099,0.1700,+0.0,-14.0,-0.3337,NONE,STOPPED
="2026-09-07 09:04:32",80334,657900,239985,417915,1000000,-0.0105,0.1700,+0.0,-14.0,-0.3155,NONE,STOPPED
="2026-09-07 09:04:33",80334,647895,239985,407910,1000000,-0.0105,0.1700,+0.0,-14.0,-0.3155,NONE,STOPPED
="2026-09-07 09:04:34",80334,647895,239985,407910,1000000,-0.0061,0.1700,+0.0,-14.0,-0.2803,NONE,STOPPED
="2026-09-07 09:04:35",80333,647895,239985,407910,1000000,-0.0061,0.1700,-0.0,-14.0,-0.2633,NONE,STOPPED
="2026-09-07 09:04:36",80334,647897,239985,407912,1000000,-0.0061,0.1700,+0.0,-14.0,-0.2467,NONE,STOPPED
="2026-09-07 09:04:37",80333,677943,239985,437958,1000000,-0.0061,0.1700,-0.0,-33.8,-0.2305,NONE,STOPPED
="2026-09-07 09:04:38",80333,571744,239985,331759,1000000,-0.0059,0.1700,-0.0,-33.8,-0.2026,NONE,STOPPED
="2026-09-07 09:04:39",80334,571746,239985,331761,1000000,-0.0059,0.1700,+0.0,-33.8,-0.1754,NONE,STOPPED
="2026-09-07 09:04:40",80333,571746,239985,331761,1000000,-0.0078,0.1700,-0.0,-32.5,-0.1488,NONE,STOPPED
="2026-09-07 09:04:41",80334,581752,239985,341767,1000000,-0.0079,0.1700,+0.0,-28.6,-0.1237,NONE,STOPPED
="2026-09-07 09:04:42",80333,571746,239985,331761,1000000,-0.0079,0.1700,-0.0,-28.6,-0.1016,NONE,STOPPED
="2026-09-07 09:04:43",80333,710663,378901,331761,1000000,-0.0079,0.1700,-0.0,-28.6,-0.1016,NONE,STOPPED
="2026-09-07 09:04:44",80310,710663,378901,331761,1000000,-0.0079,0.1700,-24.0,-52.6,-0.1735,NONE,STOPPED
="2026-09-07 09:04:45",80310,710663,378901,331762,1000000,-0.0079,0.1700,-24.0,-52.6,-0.2911,NONE,STOPPED
="2026-09-07 09:04:46",80310,817307,378901,438406,1000000,-0.0066,0.1700,-24.0,-52.6,-0.3383,NONE,STOPPED
="2026-09-07 09:04:47",80332,888715,378901,509814,1000000,-0.0058,0.1700,-1.9,-30.5,-0.2924,NONE,STOPPED
="2026-09-07 09:04:48",80332,888716,378901,509814,1000000,-0.0058,0.1700,+22.1,-30.5,-0.2487,NONE,STOPPED
="2026-09-07 09:04:49",80332,888716,378901,509814,1000000,-0.0057,0.1700,+22.1,-30.5,-0.2072,NONE,STOPPED
="2026-09-07 09:04:50",80332,888716,378901,509814,1000000,-0.0367,0.1700,+22.1,-23.2,-0.1675,NONE,STOPPED
="2026-09-07 09:04:51",80326,867003,357189,509814,1000000,-0.0367,0.1700,+16.0,-29.3,-0.1581,NONE,STOPPED
="2026-09-07 09:04:52",80326,867003,357189,509814,1000000,-0.0367,0.1700,-6.1,-29.3,-0.1479,NONE,STOPPED
="2026-09-07 09:04:53",80326,877009,357189,519820,1000000,-0.0404,0.1700,-6.1,-29.3,-0.1479,NONE,STOPPED
="2026-09-07 09:04:54",80326,867003,357189,509814,1000000,-0.0404,0.1700,-6.1,-16.0,-0.1259,NONE,STOPPED
="2026-09-07 09:04:55",80326,788031,278217,509814,1000000,-0.0400,0.1700,-6.1,-16.0,-0.1222,NONE,STOPPED
="2026-09-07 09:04:56",80326,788031,278217,509814,1000000,-0.0400,0.1700,+0.0,-16.0,-0.1179,NONE,STOPPED
="2026-09-07 09:04:57",80326,788032,278217,509814,1000000,-0.0404,0.1700,-0.0,+12.0,-0.1132,NONE,STOPPED
="2026-09-07 09:04:58",80326,648731,138916,509814,1000000,-0.0404,0.1700,+0.0,+12.0,-0.1250,NONE,STOPPED
="2026-09-07 09:04:59",80326,648730,138916,509813,1000000,-0.0404,0.1700,+0.0,+12.0,-0.1360,NONE,STOPPED
="2026-09-07 09:05:00",80326,648730,138916,509813,1000000,-0.0405,0.1700,+0.0,+12.0,-0.1462,NONE,STOPPED
="2026-09-07 09:05:01",80329,713776,138916,574859,1000000,-0.0348,0.1700,+3.1,+7.1,-0.1435,NONE,STOPPED
="2026-09-07 09:05:02",80333,613824,138916,474907,1000000,-0.0348,0.1700,+8.0,+12.0,-0.1177,NONE,STOPPED
="2026-09-07 09:05:03",80333,613824,138916,474907,1000000,-0.0348,0.1700,+8.0,+12.0,-0.0944,NONE,STOPPED
="2026-09-07 09:05:04",80333,613824,138916,474907,1000000,-0.0346,0.1700,+8.0,+12.0,-0.0944,NONE,STOPPED
="2026-09-07 09:05:05",80333,613825,138916,474908,1000000,-0.0346,0.1700,+8.0,+12.0,-0.0734,NONE,STOPPED
="2026-09-07 09:05:06",80333,613825,138916,474908,1000000,-0.0299,0.1700,+4.9,+6.0,-0.0380,NONE,STOPPED
="2026-09-07 09:05:07",80337,654340,138916,515423,1000000,-0.0300,0.1700,+3.9,+9.9,-0.0044,NONE,STOPPED
="2026-09-07 09:05:08",80337,654340,138916,515423,1000000,-0.0300,0.1700,+4.0,+10.0,+0.0263,NONE,STOPPED
="2026-09-07 09:05:09",80337,654340,138916,515423,1000000,-0.0268,0.1700,+4.0,+10.0,+0.0538,NONE,STOPPED
="2026-09-07 09:05:10",80337,654340,138916,515423,1000000,-0.0275,0.1700,+4.0,+6.2,+0.0783,NONE,STOPPED
="2026-09-07 09:05:11",80337,652694,138916,513777,1000000,-0.0273,0.1700,+4.0,+4.0,+0.1024,NONE,STOPPED
="2026-09-07 09:05:12",80330,652694,138916,513777,1000000,-0.0273,0.1700,-6.9,-3.1,+0.0979,NONE,STOPPED
="2026-09-07 09:05:13",80330,652694,138916,513777,1000000,-0.0273,0.1700,-7.0,-3.0,+0.0937,NONE,STOPPED
="2026-09-07 09:05:14",80330,662699,138916,523783,1000000,-0.0273,0.1700,-7.0,-3.0,+0.0937,NONE,STOPPED
="2026-09-07 09:05:15",80330,1086987,573210,513777,1000000,-0.0274,0.1700,-7.0,-3.0,+0.0899,NONE,STOPPED
="2026-09-07 09:05:16",80322,1101761,573210,528551,1000000,-0.0275,0.1700,-15.0,-11.1,+0.0238,NONE,STOPPED
="2026-09-07 09:05:17",80322,1111766,573210,538556,1000000,-0.0269,0.1700,-8.0,-11.1,-0.0043,NONE,STOPPED
="2026-09-07 09:05:18",80322,1101761,573210,528550,1000000,-0.0269,0.1700,-8.0,-11.1,-0.0296,NONE,STOPPED
="2026-09-07 09:05:19",80313,1101761,573210,528550,1000000,-0.0269,0.1700,-18.0,-21.0,-0.0907,NONE,STOPPED
="2026-09-07 09:05:20",80313,1111765,573210,538555,1000000,-0.0265,0.1700,-9.9,-21.0,-0.1454,NONE,STOPPED
="2026-09-07 09:05:21",80313,1101760,573210,528549,1000000,-0.0265,0.1700,-9.9,-21.0,-0.1941,NONE,STOPPED
="2026-09-07 09:05:22",80313,1101760,573210,528549,1000000,-0.0264,0.1700,-9.9,-21.0,-0.2372,NONE,STOPPED
="2026-09-07 09:05:23",80313,1101759,573210,528548,1000000,-0.0264,0.1700,-9.9,-21.0,-0.2752,NONE,STOPPED
="2026-09-07 09:05:24",80313,1122916,573210,549706,1000000,-0.0480,0.1700,-9.9,-21.0,-0.2752,NONE,STOPPED
="2026-09-07 09:05:25",80317,1132922,573210,559711,1000000,-0.0480,0.1700,+4.4,-16.6,-0.3140,NONE,STOPPED
="2026-09-07 09:05:26",80363,1300231,573210,727021,1000000,-0.0477,0.1700,+50.7,+29.7,-0.1438,NONE,STOPPED
="2026-09-07 09:05:27",80363,1300231,573210,727021,1000000,-0.0477,0.1700,+50.7,+29.7,+0.0104,NONE,STOPPED
="2026-09-07 09:05:28",80363,1310237,573210,737026,1000000,-0.0477,0.1700,+50.7,+29.7,+0.1497,NONE,STOPPED
="2026-09-07 09:05:29",80363,1300230,573210,727020,1000000,-0.0477,0.1700,+48.9,+29.7,+0.2752,NONE,STOPPED
="2026-09-07 09:05:30",80363,1300230,573210,727020,1000000,-0.0477,0.1700,+46.3,+29.7,+0.3879,NONE,STOPPED
="2026-09-07 09:05:31",80369,1316959,573210,743748,1000000,-0.0362,0.1700,+6.3,+36.0,+0.5131,NONE,STOPPED
="2026-09-07 09:05:32",80369,1316958,573210,743747,1000000,-0.0357,0.1700,+6.3,+36.0,+0.6247,NONE,STOPPED
="2026-09-07 09:05:33",80369,1316958,573210,743747,1000000,-0.0357,0.1700,+6.3,+36.0,+0.6247,NONE,STOPPED
="2026-09-07 09:05:34",80370,1316958,573210,743747,1000000,-0.0363,0.1700,+6.3,+36.0,+0.7238,NONE,STOPPED
="2026-09-07 09:05:35",80370,1326963,573210,753752,1000000,-0.0363,0.1700,+6.3,+36.0,+0.8877,NONE,STOPPED
="2026-09-07 09:05:36",80375,1350263,573210,777053,1000000,-0.0363,0.1700,+6.0,+42.0,+0.9774,NONE,STOPPED
="2026-09-07 09:05:37",80379,1320217,573210,747006,1000000,-0.0363,0.1700,+10.0,+46.0,+1.0711,NONE,STOPPED
="2026-09-07 09:05:38",80379,1320217,573210,747006,1000000,-0.0365,0.1700,+10.0,+46.0,+1.1525,NONE,STOPPED
="2026-09-07 09:05:39",80379,1310210,573210,737000,1000000,-0.0387,0.1700,+10.0,+46.0,+1.2224,NONE,STOPPED
="2026-09-07 09:05:40",80385,1310210,573210,737000,1000000,-0.0387,0.1700,+16.0,+52.0,+1.3051,NONE,STOPPED
="2026-09-07 09:05:41",80388,1300204,573210,726994,1000000,-0.0387,0.1700,+12.0,+54.0,+1.3836,NONE,STOPPED
="2026-09-07 09:05:42",80388,1300204,573210,726994,1000000,-0.0387,0.1700,+12.0,+54.0,+1.3836,NONE,STOPPED
="2026-09-07 09:05:43",80392,1171291,434293,736998,1000000,-0.0382,0.1700,+12.3,+82.3,+1.4668,NONE,STOPPED
="2026-09-07 09:05:44",80392,1171291,434293,736998,1000000,-0.0382,0.1700,+12.3,+82.3,+1.5671,NONE,STOPPED
="2026-09-07 09:05:45",80392,1161285,434293,726991,1000000,-0.0321,0.1700,+6.3,+82.3,+1.6011,NONE,STOPPED
="2026-09-07 09:05:46",80392,1064645,434293,630351,1000000,-0.0321,0.1700,+4.3,+60.1,+1.6254,NONE,STOPPED
="2026-09-07 09:05:47",80392,993237,434293,558943,1000000,-0.0329,0.1700,+0.0,+60.2,+1.6544,NONE,STOPPED
="2026-09-07 09:05:48",80392,983231,434293,548937,1000000,-0.0329,0.1700,-0.0,+60.2,+1.6749,NONE,STOPPED
="2026-09-07 09:05:49",80392,983231,434293,548937,1000000,-0.0330,0.1700,+0.0,+60.2,+1.6878,NONE,STOPPED
="2026-09-07 09:05:50",80403,1142004,434293,707710,1000000,-0.0020,0.1700,+11.7,+78.0,+1.7391,NONE,STOPPED
="2026-09-07 09:05:51",80403,1131998,434293,697704,1000000,-0.0020,0.1700,+11.7,+78.0,+1.7391,NONE,STOPPED
="2026-09-07 09:05:52",80420,1131998,434293,697704,1000000,-0.0020,0.1700,+27.7,+94.0,+1.8381,NONE,STOPPED
="2026-09-07 09:05:53",80423,1121992,434293,687698,1000000,+0.0017,0.1700,+31.7,+98.0,+2.0177,NONE,STOPPED
="2026-09-07 09:05:54",80423,1121992,434293,687698,1000000,+0.0017,0.1700,+31.7,+98.0,+2.0838,NONE,STOPPED
="2026-09-07 09:05:55",80423,1131997,434293,697703,1000000,+0.0029,0.1700,+20.0,+98.0,+2.1359,NONE,STOPPED
="2026-09-07 09:05:56",80426,1131997,434293,697703,1000000,+0.0029,0.1700,+6.0,+100.0,+2.1828,NONE,STOPPED
="2026-09-07 09:05:57",80425,1121992,434293,687698,1000000,+0.0034,0.1700,+2.0,+100.0,+2.2169,NONE,STOPPED
="2026-09-07 09:05:58",80426,1131997,434293,697703,1000000,+0.0023,0.1700,+2.0,+100.0,+2.2395,NONE,STOPPED
="2026-09-07 09:05:59",80426,1121991,434293,687697,1000000,+0.0023,0.1700,+2.0,+100.0,+2.2514,NONE,STOPPED
="2026-09-07 09:06:00",80426,1121991,434293,687697,1000000,+0.0028,0.1700,+2.0,+100.0,+2.2514,NONE,STOPPED
="2026-09-07 09:06:01",80426,1072126,434293,637832,1000000,+0.0028,0.1700,+2.0,+92.0,+2.2487,NONE,STOPPED
="2026-09-07 09:06:02",80435,1046940,434293,612646,1000000,+0.0028,0.1700,+10.0,+102.0,+2.2774,NONE,STOPPED
="2026-09-07 09:06:03",80439,1046940,434293,612646,1000000,+0.0028,0.1700,+14.0,+106.0,+2.3105,NONE,STOPPED
="2026-09-07 09:06:04",80440,1046940,434293,612646,1000000,+0.0028,0.1700,+14.0,+106.0,+2.3316,NONE,STOPPED
="2026-09-07 09:06:05",80440,1036934,434293,602640,1000000,+0.0028,0.1700,+14.0,+106.0,+2.3316,NONE,STOPPED
="2026-09-07 09:06:06",80443,1046939,434293,612645,1000000,-0.0019,0.1700,+18.0,+106.1,+2.3691,NONE,STOPPED
="2026-09-07 09:06:07",80432,1213441,641311,572130,1000000,-0.0021,0.1700,+6.0,+94.0,+2.3286,NONE,STOPPED
="2026-09-07 09:06:08",80432,1203436,641311,562125,1000000,-0.0021,0.1700,-8.0,+94.0,+2.2832,NONE,STOPPED
="2026-09-07 09:06:09",80432,1293873,641311,652562,1000000,-0.0053,0.1700,-8.0,+94.0,+2.2332,NONE,STOPPED
="2026-09-07 09:06:10",80432,1293873,641311,652562,1000000,-0.0070,0.1700,-11.3,+94.0,+2.1793,NONE,STOPPED
="2026-09-07 09:06:11",80432,1283867,641311,642556,1000000,-0.0072,0.1700,-12.0,+101.1,+2.1218,NONE,STOPPED
="2026-09-07 09:06:12",80432,1293873,641311,652561,1000000,-0.0072,0.1700,-12.0,+101.0,+2.0570,NONE,STOPPED
="2026-09-07 09:06:13",80422,1351021,698459,652561,1000000,-0.0072,0.1700,-10.0,+91.0,+1.9505,NONE,STOPPED
="2026-09-07 09:06:14",80422,1341016,698459,642556,1000000,-0.0072,0.1700,-10.0,+91.0,+1.9505,NONE,STOPPED
="2026-09-07 09:06:15",80422,916727,264165,652561,1000000,-0.0072,0.1700,-10.0,+99.1,+1.7380,NONE,STOPPED
="2026-09-07 09:06:16",80422,901954,264165,637788,1000000,-0.0079,0.1700,-10.0,+99.1,+1.6321,NONE,STOPPED
="2026-09-07 09:06:17",80422,891949,264165,627783,1000000,-0.0085,0.1700,-10.0,+99.1,+1.5281,NONE,STOPPED
="2026-09-07 09:06:18",80422,901954,264165,637788,1000000,-0.0085,0.1700,+0.0,+109.0,+1.4262,NONE,STOPPED
="2026-09-07 09:06:19",80422,901954,264165,637788,1000000,-0.0085,0.1700,+0.0,+109.0,+1.3202,NONE,STOPPED
="2026-09-07 09:06:20",80422,891949,264165,627783,1000000,-0.0085,0.1700,+0.0,+109.0,+1.2164,NONE,STOPPED
="2026-09-07 09:06:21",80422,901955,264165,637789,1000000,-0.0085,0.1700,+0.0,+109.0,+1.1149,NONE,STOPPED
="2026-09-07 09:06:22",80422,911955,264165,647789,1000000,-0.0081,0.1700,+0.0,+109.0,+1.0155,NONE,STOPPED
="2026-09-07 09:06:23",80422,911956,264165,647790,1000000,-0.0081,0.1700,+0.0,+109.0,+1.0155,NONE,STOPPED
="2026-09-07 09:06:24",80414,901564,264165,637399,1000000,+0.0134,0.1700,-8.0,+99.2,+0.8872,NONE,STOPPED
="2026-09-07 09:06:25",80408,891559,264165,627393,1000000,+0.0114,0.1700,-14.0,+44.3,+0.6200,NONE,STOPPED
="2026-09-07 09:06:26",80408,724248,264165,460082,1000000,+0.0114,0.1700,-14.0,+44.3,+0.5177,NONE,STOPPED
="2026-09-07 09:06:27",80408,724248,264165,460082,1000000,+0.0114,0.1700,-14.0,+44.3,+0.4215,NONE,STOPPED
="2026-09-07 09:06:28",80408,714243,264165,450077,1000000,+0.0114,0.1700,-6.0,+44.3,+0.3312,NONE,STOPPED
="2026-09-07 09:06:29",80408,724248,264165,460082,1000000,+0.0114,0.1700,-4.0,+44.3,+0.2463,NONE,STOPPED
="2026-09-07 09:06:30",80401,750157,264165,485991,1000000,+0.0114,0.1700,-6.3,+31.7,+0.1420,NONE,STOPPED
="2026-09-07 09:06:31",80392,733429,264165,469263,1000000,+0.0004,0.1700,-15.7,+22.3,+0.0124,NONE,STOPPED
="2026-09-07 09:06:32",80392,733429,264165,469263,1000000,+0.0004,0.1700,-15.7,+22.3,+0.0124,NONE,STOPPED
="2026-09-07 09:06:33",80388,733429,264165,469263,1000000,+0.0010,0.1700,-20.0,+18.0,-0.2329,NONE,STOPPED
="2026-09-07 09:06:34",80388,733429,264165,469263,1000000,+0.0010,0.1700,-20.0,+18.0,-0.3480,NONE,STOPPED
="2026-09-07 09:06:35",80388,723424,264165,459258,1000000,+0.0009,0.1700,-13.7,+12.0,-0.4530,NONE,STOPPED
="2026-09-07 09:06:36",80388,690117,264165,425951,1000000,+0.0009,0.1700,-4.3,+8.0,-0.5449,NONE,STOPPED
="2026-09-07 09:06:37",80396,785890,264165,521724,1000000,+0.0009,0.1700,+3.7,+16.0,-0.5946,NONE,STOPPED
="2026-09-07 09:06:38",80384,861291,339566,521724,1000000,+0.0009,0.1700,-3.6,+4.4,-0.6845,NONE,STOPPED
="2026-09-07 09:06:39",80384,861291,339566,521724,1000000,+0.0032,0.1700,-3.6,-1.6,-0.7654,NONE,STOPPED
="2026-09-07 09:06:40",80374,871701,339566,532134,1000000,+0.0042,0.1700,-14.0,-14.0,-0.8743,NONE,STOPPED
="2026-09-07 09:06:41",80374,871701,339566,532134,1000000,+0.0042,0.1700,-14.0,-14.0,-0.8743,NONE,STOPPED
="2026-09-07 09:06:42",80372,871701,339566,532134,1000000,+0.0037,0.1700,-16.0,-20.3,-0.9779,NONE,STOPPED
="2026-09-07 09:06:43",80372,861697,339566,522130,1000000,+0.0081,0.1700,-12.4,-20.3,-1.1455,NONE,STOPPED
="2026-09-07 09:06:44",80382,901518,339566,561951,1000000,+0.0081,0.1700,-2.4,-10.3,-1.1749,NONE,STOPPED
="2026-09-07 09:06:45",80382,901518,339566,561951,1000000,+0.0081,0.1700,+8.0,-10.3,-1.1988,NONE,STOPPED
="2026-09-07 09:06:46",80382,891514,339566,551947,1000000,+0.0026,0.1700,+10.0,-10.3,-1.2178,NONE,STOPPED
="2026-09-07 09:06:47",80382,891514,339566,551947,1000000,+0.0026,0.1700,+10.0,-10.3,-1.2322,NONE,STOPPED
="2026-09-07 09:06:48",80382,891514,339566,551947,1000000,+0.0026,0.1700,+10.0,-10.3,-1.2424,NONE,STOPPED
="2026-09-07 09:06:49",80382,891514,339566,551947,1000000,+0.0057,0.1700,+10.0,-22.0,-1.2488,NONE,STOPPED
="2026-09-07 09:06:50",80382,732741,339566,393174,1000000,+0.0057,0.1700,+10.0,-38.0,-1.2445,NONE,STOPPED
="2026-09-07 09:06:51",80382,732741,339566,393174,1000000,+0.0057,0.1700,+10.0,-38.0,-1.2445,NONE,STOPPED
="2026-09-07 09:06:52",80382,732741,339566,393174,1000000,+0.0057,0.1700,+10.0,-42.0,-1.2053,NONE,STOPPED
="2026-09-07 09:06:53",80382,732741,339566,393174,1000000,+0.0016,0.1700,+10.0,-42.0,-1.1810,NONE,STOPPED
="2026-09-07 09:06:54",80382,732741,339566,393174,1000000,+0.0016,0.1700,+0.0,-42.0,-1.1547,NONE,STOPPED
="2026-09-07 09:06:55",80382,722737,339566,383170,1000000,+0.0004,0.1700,+0.0,-44.0,-1.1267,NONE,STOPPED
="2026-09-07 09:06:56",80382,722737,339566,383170,1000000,+0.0004,0.1700,+0.0,-44.0,-1.0959,NONE,STOPPED
="2026-09-07 09:06:57",80382,722737,339566,383170,1000000,+0.0015,0.1700,+0.0,-44.0,-1.0637,NONE,STOPPED
="2026-09-07 09:06:58",80382,712732,339566,373165,1000000,+0.0015,0.1700,+0.0,-44.0,-1.0305,NONE,STOPPED
="2026-09-07 09:06:59",80382,712732,339566,373165,1000000,+0.0049,0.1700,+0.0,-44.0,-0.9962,NONE,STOPPED
="2026-09-07 09:07:00",80382,712732,339566,373165,1000000,+0.0045,0.1700,+0.0,-44.0,-0.9962,NONE,STOPPED
="2026-09-07 09:07:01",80385,712732,339566,373165,1000000,+0.0045,0.1700,+3.4,-50.6,-0.9121,NONE,STOPPED
="2026-09-07 09:07:02",80385,712732,339566,373165,1000000,+0.0036,0.1700,+3.4,-54.6,-0.8577,NONE,STOPPED
="2026-09-07 09:07:03",80385,712732,339566,373165,1000000,+0.0036,0.1700,+3.4,-54.6,-0.8020,NONE,STOPPED
="2026-09-07 09:07:04",80385,712732,339566,373165,1000000,+0.0036,0.1700,+3.4,-57.9,-0.7472,NONE,STOPPED
="2026-09-07 09:07:05",80385,712732,339566,373165,1000000,+0.0036,0.1700,+3.4,-58.6,-0.6915,NONE,STOPPED
="2026-09-07 09:07:06",80385,702727,339566,363160,1000000,+0.0036,0.1700,+3.4,-46.6,-0.6366,NONE,STOPPED
="2026-09-07 09:07:07",80385,495709,132549,363160,1000000,+0.0038,0.1700,+3.4,-46.6,-0.5901,NONE,STOPPED
="2026-09-07 09:07:08",80385,526900,132549,394350,1000000,+0.0038,0.1700,+3.4,-46.6,-0.5901,NONE,STOPPED
="2026-09-07 09:07:09",80395,436463,132549,303913,1000000,+0.0048,0.1700,+10.6,-36.0,-0.4220,NONE,STOPPED
="2026-09-07 09:07:10",80396,436463,132549,303913,1000000,+0.0066,0.1700,+10.6,-36.0,-0.3453,NONE,STOPPED
="2026-09-07 09:07:11",80408,448155,132549,315605,1000000,+0.0066,0.1700,+22.6,-24.0,-0.2265,NONE,STOPPED
="2026-09-07 09:07:12",80413,438149,132549,305599,1000000,+0.0072,0.1700,+28.6,-8.0,-0.0935,NONE,STOPPED
="2026-09-07 09:07:13",80413,381000,75401,305599,1000000,+0.0072,0.1700,+18.0,-8.0,+0.0226,NONE,STOPPED
="2026-09-07 09:07:14",80413,381000,75401,305599,1000000,+0.0077,0.1700,+18.0,-8.0,+0.1287,NONE,STOPPED
="2026-09-07 09:07:15",80416,400575,75401,325174,1000000,+0.0077,0.1700,+20.0,-6.0,+0.2334,NONE,STOPPED
="2026-09-07 09:07:16",80415,400575,75401,325174,1000000,+0.0085,0.1700,+8.0,-6.0,+0.3286,NONE,STOPPED
="2026-09-07 09:07:17",80415,414982,75401,339581,1000000,+0.0085,0.1700,+8.0,-6.0,+0.3286,NONE,STOPPED
="2026-09-07 09:07:18",80423,404977,75401,329576,1000000,+0.0082,0.1700,+10.0,+2.0,+0.4461,NONE,STOPPED
="2026-09-07 09:07:19",80424,404977,75401,329576,1000000,+0.0082,0.1700,+10.0,+2.0,+0.6478,NONE,STOPPED
="2026-09-07 09:07:20",80424,404977,75401,329576,1000000,+0.0083,0.1700,+8.0,+2.0,+0.7336,NONE,STOPPED
="2026-09-07 09:07:21",80423,394971,75401,319570,1000000,+0.0083,0.1700,+8.0,+2.0,+0.8102,NONE,STOPPED
="2026-09-07 09:07:22",80424,384971,75401,309570,1000000,+0.0080,0.1700,+0.0,+10.0,+0.8783,NONE,STOPPED
="2026-09-07 09:07:23",80424,374965,75401,299564,1000000,+0.0085,0.1700,+0.0,+12.0,+0.9336,NONE,STOPPED
="2026-09-07 09:07:24",80424,364199,75401,288798,1000000,+0.0085,0.1700,+0.0,+16.0,+0.9806,NONE,STOPPED
="2026-09-07 09:07:25",80424,364199,75401,288798,1000000,+0.0105,0.1700,+0.0,+16.0,+1.0185,NONE,STOPPED
="2026-09-07 09:07:26",80423,354194,75401,278793,1000000,+0.0105,0.1700,-0.0,+16.0,+1.0502,NONE,STOPPED
="2026-09-07 09:07:27",80423,354194,75401,278793,1000000,+0.0105,0.1700,-0.0,+16.0,+1.0502,NONE,STOPPED
="2026-09-07 09:07:28",80399,354194,75401,278793,1000000,+0.0105,0.1700,-24.8,-8.8,+1.0010,NONE,STOPPED
="2026-09-07 09:07:29",80399,344189,75401,268788,1000000,+0.0105,0.1700,-24.8,-2.5,+0.9306,NONE,STOPPED
="2026-09-07 09:07:30",80399,318280,75401,242879,1000000,+0.0105,0.1700,-24.8,+6.9,+0.8610,NONE,STOPPED
="2026-09-07 09:07:31",80399,318280,75401,242879,1000000,+0.0099,0.1700,-24.8,+6.9,+0.7902,NONE,STOPPED
="2026-09-07 09:07:32",80399,308274,75401,232873,1000000,+0.0099,0.1700,-24.8,+11.2,+0.7237,NONE,STOPPED
="2026-09-07 09:07:33",80399,308274,75401,232873,1000000,+0.0088,0.1700,-24.8,+11.2,+0.6588,NONE,STOPPED
="2026-09-07 09:07:34",80384,308274,75401,232873,1000000,+0.0089,0.1700,-15.2,-4.0,+0.5385,NONE,STOPPED
="2026-09-07 09:07:35",80374,308274,75401,232873,1000000,+0.0089,0.1700,-25.2,-14.0,+0.3891,NONE,STOPPED
="2026-09-07 09:07:36",80374,308274,75401,232873,1000000,+0.0089,0.1700,-25.2,-14.0,+0.3891,NONE,STOPPED
="2026-09-07 09:07:37",80374,212501,75401,137100,1000000,+0.0089,0.1700,-25.2,-10.4,+0.1331,NONE,STOPPED
="2026-09-07 09:07:38",80374,137100,0,137100,1000000,+0.0089,0.1700,-25.2,-10.4,+0.0178,NONE,STOPPED
="2026-09-07 09:07:39",80374,137100,0,137100,1000000,+0.0082,0.1700,-10.0,+0.0,-0.0871,NONE,STOPPED
="2026-09-07 09:07:40",80374,126690,0,126690,1000000,+0.0072,0.1700,-10.0,+2.0,-0.1883,NONE,STOPPED
="2026-09-07 09:07:41",80374,126690,0,126690,1000000,+0.0072,0.1700,-0.0,+2.0,-0.2815,NONE,STOPPED
="2026-09-07 09:07:42",80374,126690,0,126690,1000000,+0.0072,0.1700,-0.0,+2.0,-0.3660,NONE,STOPPED
="2026-09-07 09:07:43",80365,126690,0,126690,1000000,+0.0026,0.1700,-8.5,-16.5,-0.4755,NONE,STOPPED
="2026-09-07 09:07:44",80364,86869,0,86869,1000000,+0.0026,0.1700,-9.8,-17.8,-0.5728,NONE,STOPPED
="2026-09-07 09:07:45",80364,86869,0,86869,1000000,+0.0026,0.1700,-9.8,-17.8,-0.5728,NONE,STOPPED
="2026-09-07 09:07:46",80354,86869,0,86869,1000000,+0.0020,0.1700,-20.0,-28.0,-0.6994,NONE,STOPPED
="2026-09-07 09:07:47",80345,86869,0,86869,1000000,+0.0020,0.1700,-28.9,-36.9,-0.9784,NONE,STOPPED
="2026-09-07 09:07:48",80345,86869,0,86869,1000000,+0.0035,0.1700,-20.4,-36.9,-1.0947,NONE,STOPPED
="2026-09-07 09:07:49",80345,86869,0,86869,1000000,+0.0004,0.1700,-19.1,-36.9,-1.1969,NONE,STOPPED
="2026-09-07 09:07:50",80345,86869,0,86869,1000000,+0.0004,0.1700,-8.9,-36.9,-1.2861,NONE,STOPPED
="2026-09-07 09:07:51",80345,86869,0,86869,1000000,+0.0004,0.1700,+0.0,-36.9,-1.3633,NONE,STOPPED
="2026-09-07 09:07:52",80345,86869,0,86869,1000000,+0.0004,0.1700,+0.0,-36.9,-1.4294,NONE,STOPPED
="2026-09-07 09:07:53",80345,86869,0,86869,1000000,+0.0045,0.1700,-8.9,-36.9,-1.4853,NONE,STOPPED
="2026-09-07 09:07:54",80345,86869,0,86869,1000000,+0.0045,0.1700,-8.9,-36.9,-1.4853,NONE,STOPPED
="2026-09-07 09:07:55",80345,86869,0,86869,1000000,+0.0044,0.1700,+0.0,-36.9,-1.5316,NONE,STOPPED
="2026-09-07 09:07:56",80345,86869,0,86869,1000000,+0.0044,0.1700,+0.0,-36.9,-1.5989,NONE,STOPPED
="2026-09-07 09:07:57",80345,86869,0,86869,1000000,+0.0044,0.1700,+0.0,-36.9,-1.6211,NONE,STOPPED
="2026-09-07 09:07:58",80345,86869,0,86869,1000000,+0.0044,0.1700,+0.0,-36.9,-1.6365,NONE,STOPPED
="2026-09-07 09:07:59",80345,86869,0,86869,1000000,+0.0010,0.1700,+0.0,-36.9,-1.6458,NONE,STOPPED
="2026-09-07 09:08:00",80345,86869,0,86869,1000000,+0.0010,0.1700,+0.0,-40.3,-1.6491,NONE,STOPPED
="2026-09-07 09:08:01",80345,86869,0,86869,1000000,+0.0009,0.1700,+0.0,-40.3,-1.6454,NONE,STOPPED
="2026-09-07 09:08:02",80345,86869,0,86869,1000000,+0.0018,0.1700,+0.0,-40.3,-1.6370,NONE,STOPPED
="2026-09-07 09:08:03",80345,86869,0,86869,1000000,+0.0018,0.1700,+0.0,-40.3,-1.6370,NONE,STOPPED
="2026-09-07 09:08:04",80346,86869,0,86869,1000000,+0.0016,0.1700,+1.3,-39.0,-1.5984,NONE,STOPPED
="2026-09-07 09:08:05",80346,86869,0,86869,1000000,+0.0016,0.1700,+1.3,-39.0,-1.5744,NONE,STOPPED
="2026-09-07 09:08:06",80346,86869,0,86869,1000000,+0.0027,0.1700,+1.3,-39.0,-1.5477,NONE,STOPPED
="2026-09-07 09:08:07",80346,86869,0,86869,1000000,+0.0027,0.1700,+1.3,-49.6,-1.5186,NONE,STOPPED
="2026-09-07 09:08:08",80346,55678,0,55678,1000000,+0.0017,0.1700,+0.0,-49.6,-1.4809,NONE,STOPPED
="2026-09-07 09:08:09",80346,55678,0,55678,1000000,+0.0018,0.1700,+1.3,-49.6,-1.4416,NONE,STOPPED
="2026-09-07 09:08:10",80345,55678,0,55678,1000000,+0.0018,0.1700,-1.3,-62.9,-1.4057,NONE,STOPPED
="2026-09-07 09:08:11",80345,43986,0,43986,1000000,+0.0012,0.1700,-1.3,-68.9,-1.3608,NONE,STOPPED
="2026-09-07 09:08:12",80345,43986,0,43986,1000000,+0.0012,0.1700,-1.3,-68.9,-1.3608,NONE,STOPPED
="2026-09-07 09:08:13",80345,43986,0,43986,1000000,-0.0002,0.1700,-1.3,-68.9,-1.2598,NONE,STOPPED
="2026-09-07 09:08:14",80345,43986,0,43986,1000000,-0.0007,0.1700,-1.3,-70.9,-1.2078,NONE,STOPPED
="2026-09-07 09:08:15",80345,14406,0,14406,1000000,-0.0007,0.1700,+0.0,-70.9,-1.1540,NONE,STOPPED
="2026-09-07 09:08:16",80345,14406,0,14406,1000000,-0.0010,0.1700,+0.0,-78.9,-1.0996,NONE,STOPPED
="2026-09-07 09:08:17",80345,0,0,0,1000000,-0.0008,0.1700,+0.0,-78.9,-1.0400,NONE,STOPPED
="2026-09-07 09:08:18",80355,41699,0,41699,1000000,-0.0008,0.1700,+10.9,-68.0,-0.9379,NONE,STOPPED
="2026-09-07 09:08:19",80358,41699,0,41699,1000000,+0.0001,0.1700,+12.9,-66.0,-0.8323,NONE,STOPPED
="2026-09-07 09:08:20",80358,41699,0,41699,1000000,+0.0000,0.1700,+12.9,-66.0,-0.8323,NONE,STOPPED
="2026-09-07 09:08:21",80358,41699,0,41699,1000000,+0.0000,0.1700,+12.9,-66.0,-0.7316,NONE,STOPPED
="2026-09-07 09:08:22",80372,70272,0,70272,1000000,+0.0000,0.1700,+26.9,-52.0,-0.4897,NONE,STOPPED
="2026-09-07 09:08:23",80372,70272,0,70272,1000000,-0.0005,0.1700,+16.0,-52.0,-0.3534,NONE,STOPPED
="2026-09-07 09:08:24",80372,70272,0,70272,1000000,-0.0005,0.1700,+14.0,-52.0,-0.2264,NONE,STOPPED
="2026-09-07 09:08:25",80371,70272,0,70272,1000000,+0.0014,0.1700,+14.0,-52.0,-0.1080,NONE,STOPPED
="2026-09-07 09:08:26",80362,70272,0,70272,1000000,+0.0014,0.1700,+4.3,-61.7,-0.0353,NONE,STOPPED
="2026-09-07 09:08:27",80362,70272,0,70272,1000000,+0.0014,0.1700,-9.7,-36.9,+0.0334,NONE,STOPPED
="2026-09-07 09:08:28",80361,70272,0,70272,1000000,+0.0007,0.1700,-10.6,-37.9,+0.0798,NONE,STOPPED
="2026-09-07 09:08:29",80361,70272,0,70272,1000000,+0.0007,0.1700,-10.6,-37.9,+0.1235,NONE,STOPPED
="2026-09-07 09:08:30",80361,70272,0,70272,1000000,+0.0007,0.1700,-10.6,-37.9,+0.1235,NONE,STOPPED
="2026-09-07 09:08:31",80361,70272,0,70272,1000000,+0.0003,0.1700,-1.0,-37.9,+0.1967,NONE,STOPPED
="2026-09-07 09:08:32",80364,132703,0,132703,1000000,+0.0003,0.1700,+2.0,-35.0,+0.2512,NONE,STOPPED
="2026-09-07 09:08:33",80367,132703,0,132703,1000000,+0.0014,0.1700,+6.6,-16.0,+0.3102,NONE,STOPPED
="2026-09-07 09:08:34",80372,132703,0,132703,1000000,+0.0056,0.1700,+10.6,-2.0,+0.3710,NONE,STOPPED
="2026-09-07 09:08:35",80377,160924,0,160924,1000000,+0.0056,0.1700,+16.6,+4.0,+0.4434,NONE,STOPPED
="2026-09-07 09:08:36",80377,160924,0,160924,1000000,+0.0057,0.1700,+16.6,+4.0,+0.5083,NONE,STOPPED
="2026-09-07 09:08:37",80378,160924,0,160924,1000000,+0.0057,0.1700,+13.8,+4.0,+0.5663,NONE,STOPPED
="2026-09-07 09:08:38",80378,160924,0,160924,1000000,+0.0058,0.1700,+10.0,+4.0,+0.6179,NONE,STOPPED
="2026-09-07 09:08:39",80378,160924,0,160924,1000000,+0.0064,0.1700,+10.0,+4.0,+0.6179,NONE,STOPPED
="2026-09-07 09:08:40",80378,160924,0,160924,1000000,+0.0064,0.1700,+6.0,+4.0,+0.6636,NONE,STOPPED
="2026-09-07 09:08:41",80385,160924,0,160924,1000000,+0.0064,0.1700,+7.8,+11.8,+0.7687,NONE,STOPPED
="2026-09-07 09:08:42",80388,160924,0,160924,1000000,+0.0067,0.1700,+10.0,+22.5,+0.8348,NONE,STOPPED
="2026-09-07 09:08:43",80386,178094,17170,160924,1000000,+0.0067,0.1700,+8.5,+22.3,+0.8818,NONE,STOPPED
="2026-09-07 09:08:44",80386,178094,17170,160924,1000000,+0.0066,0.1700,+8.5,+32.5,+0.9214,NONE,STOPPED
="2026-09-07 09:08:45",80386,178094,17170,160924,1000000,+0.0066,0.1700,+8.5,+41.4,+0.9484,NONE,STOPPED
="2026-09-07 09:08:46",80386,178094,17170,160924,1000000,+0.0018,0.1700,+0.8,+41.4,+0.9643,NONE,STOPPED
="2026-09-07 09:08:47",80386,178094,17170,160924,1000000,+0.0018,0.1700,-1.5,+41.4,+0.9752,NONE,STOPPED
="2026-09-07 09:08:48",80386,178094,17170,160924,1000000,+0.0003,0.1700,-1.5,+41.4,+0.9814,NONE,STOPPED
="2026-09-07 09:08:49",80386,178094,17170,160924,1000000,+0.0003,0.1700,-1.5,+41.4,+0.9814,NONE,STOPPED
="2026-09-07 09:08:50",80385,178094,17170,160924,1000000,+0.0010,0.1700,-0.8,+40.6,+0.9803,NONE,STOPPED
="2026-09-07 09:08:51",80385,178094,17170,160924,1000000,+0.0010,0.1700,-0.8,+40.6,+0.9677,NONE,STOPPED
="2026-09-07 09:08:52",80385,199135,38211,160924,1000000,+0.0010,0.1700,-0.8,+40.7,+0.9568,NONE,STOPPED
="2026-09-07 09:08:53",80385,199135,38211,160924,1000000,+0.0010,0.1700,-0.8,+40.6,+0.9433,NONE,STOPPED
="2026-09-07 09:08:54",80385,199135,38211,160924,1000000,+0.0011,0.1700,+0.0,+40.7,+0.9274,NONE,STOPPED
="2026-09-07 09:08:55",80385,199135,38211,160924,1000000,+0.0011,0.1700,+0.0,+40.7,+0.9094,NONE,STOPPED
="2026-09-07 09:08:56",80385,199135,38211,160924,1000000,+0.0011,0.1700,-0.8,+40.6,+0.8894,NONE,STOPPED
="2026-09-07 09:08:57",80387,199135,38211,160924,1000000,+0.0011,0.1700,+2.2,+42.9,+0.8764,NONE,STOPPED
="2026-09-07 09:08:58",80387,221952,38211,183741,1000000,+0.0011,0.1700,+2.2,+42.9,+0.8764,NONE,STOPPED
="2026-09-07 09:08:59",80405,221952,38211,183741,1000000,+0.0013,0.1700,+19.6,+60.2,+0.9285,NONE,STOPPED
="2026-09-07 09:09:00",80405,221952,38211,183741,1000000,+0.0013,0.1700,+19.6,+60.3,+0.9718,NONE,STOPPED
="2026-09-07 09:09:01",80405,221952,38211,183741,1000000,+0.0014,0.1700,+19.6,+60.3,+1.0340,NONE,STOPPED
="2026-09-07 09:09:02",80405,221952,38211,183741,1000000,-0.0056,0.1700,+17.4,+59.0,+1.0544,NONE,STOPPED
="2026-09-07 09:09:03",80405,221952,38211,183741,1000000,-0.0054,0.1700,+0.0,+59.0,+1.0691,NONE,STOPPED
="2026-09-07 09:09:04",80405,221952,38211,183741,1000000,-0.0054,0.1700,+0.0,+59.0,+1.0779,NONE,STOPPED
="2026-09-07 09:09:05",80405,221952,38211,183741,1000000,-0.0054,0.1700,-0.0,+59.0,+1.0813,NONE,STOPPED
="2026-09-07 09:09:06",80415,235902,38211,197691,1000000,-0.0054,0.1700,+10.6,+69.6,+1.1212,NONE,STOPPED
="2026-09-07 09:09:07",80415,235902,38211,197691,1000000,-0.0065,0.1700,+10.6,+69.6,+1.1212,NONE,STOPPED
="2026-09-07 09:09:08",80417,235902,38211,197691,1000000,-0.0065,0.1700,+12.6,+71.6,+1.1834,NONE,STOPPED
="2026-09-07 09:09:09",80418,235902,38211,197691,1000000,-0.0064,0.1700,+12.6,+72.9,+1.2064,NONE,STOPPED
="2026-09-07 09:09:10",80420,235902,38211,197691,1000000,-0.0064,0.1700,+14.6,+74.9,+1.2289,NONE,STOPPED
="2026-09-07 09:09:11",80420,235902,38211,197691,1000000,-0.0049,0.1700,+4.0,+74.9,+1.2439,NONE,STOPPED
="2026-09-07 09:09:12",80420,235902,38211,197691,1000000,-0.0049,0.1700,+4.0,+74.9,+1.2520,NONE,STOPPED
="2026-09-07 09:09:13",80420,235902,38211,197691,1000000,-0.0035,0.1700,+2.0,+74.9,+1.2537,NONE,STOPPED
="2026-09-07 09:09:14",80430,235902,38211,197691,1000000,-0.0036,0.1700,+12.0,+84.9,+1.2886,NONE,STOPPED
="2026-09-07 09:09:15",80430,235902,38211,197691,1000000,-0.0036,0.1700,+10.0,+84.9,+1.3143,NONE,STOPPED
="2026-09-07 09:09:16",80430,235902,38211,197691,1000000,-0.0032,0.1700,+10.0,+84.9,+1.3143,NONE,STOPPED
="2026-09-07 09:09:17",80429,235902,38211,197691,1000000,-0.0032,0.1700,+10.0,+74.0,+1.3410,NONE,STOPPED
="2026-09-07 09:09:18",80430,194203,38211,155992,1000000,-0.0032,0.1700,+10.0,+72.0,+1.3501,NONE,STOPPED
="2026-09-07 09:09:19",80430,194203,38211,155992,1000000,-0.0042,0.1700,+10.0,+72.0,+1.3538,NONE,STOPPED
="2026-09-07 09:09:20",80430,194203,38211,155992,1000000,-0.0023,0.1700,+10.0,+72.0,+1.3515,NONE,STOPPED
="2026-09-07 09:09:21",80409,238941,82948,155992,1000000,-0.0023,0.1700,-20.4,+37.6,+1.2641,NONE,STOPPED
="2026-09-07 09:09:22",80408,210367,82948,127419,1000000,-0.0024,0.1700,-22.0,+36.0,+1.1822,NONE,STOPPED
="2026-09-07 09:09:23",80405,210367,82948,127419,1000000,-0.0021,0.1700,-24.6,+33.4,+1.0934,NONE,STOPPED
="2026-09-07 09:09:24",80405,210367,82948,127419,1000000,-0.0021,0.1700,-24.6,+33.4,+1.0088,NONE,STOPPED
="2026-09-07 09:09:25",80405,210367,82948,127419,1000000,-0.0040,0.1700,-24.6,+33.4,+1.0088,NONE,STOPPED
="2026-09-07 09:09:26",80405,210367,82948,127419,1000000,-0.0107,0.1700,-24.6,+43.1,+0.9236,NONE,STOPPED
="2026-09-07 09:09:27",80405,210367,82948,127419,1000000,-0.0107,0.1700,-2.6,+44.0,+0.7669,NONE,STOPPED
="2026-09-07 09:09:28",80405,210367,82948,127419,1000000,-0.0101,0.1700,-2.6,+44.0,+0.6912,NONE,STOPPED
="2026-09-07 09:09:29",80405,210367,82948,127419,1000000,-0.0101,0.1700,-2.6,+44.0,+0.6189,NONE,STOPPED
="2026-09-07 09:09:30",80405,210367,82948,127419,1000000,-0.0101,0.1700,-0.0,+44.0,+0.5500,NONE,STOPPED
="2026-09-07 09:09:31",80394,210367,82948,127419,1000000,-0.0096,0.1700,-10.5,+30.6,+0.4435,NONE,STOPPED
="2026-09-07 09:09:32",80394,147937,82948,64988,1000000,-0.0096,0.1700,-10.5,+26.9,+0.3459,NONE,STOPPED
="2026-09-07 09:09:33",80394,147937,82948,64988,1000000,-0.0098,0.1700,-10.5,+22.9,+0.2572,NONE,STOPPED
="2026-09-07 09:09:34",80394,147937,82948,64988,1000000,-0.0140,0.1700,-10.5,+22.9,+0.2572,NONE,STOPPED
="2026-09-07 09:09:35",80394,119716,82948,36767,1000000,-0.0140,0.1700,-10.4,+16.9,+0.1772,NONE,STOPPED
="2026-09-07 09:09:36",80394,119716,82948,36767,1000000,-0.0139,0.1700,-10.5,+16.9,+0.0412,NONE,STOPPED
="2026-09-07 09:09:37",80394,119716,82948,36767,1000000,-0.0139,0.1700,+0.0,+16.9,-0.0190,NONE,STOPPED
="2026-09-07 09:09:38",80396,119716,82948,36767,1000000,-0.0141,0.1700,+1.3,+18.2,-0.0697,NONE,STOPPED
="2026-09-07 09:09:39",80396,119716,82948,36767,1000000,-0.0141,0.1700,+1.3,+18.2,-0.1164,NONE,STOPPED
="2026-09-07 09:09:40",80396,119716,82948,36767,1000000,-0.0141,0.1700,+1.3,+10.4,-0.1595,NONE,STOPPED
="2026-09-07 09:09:41",80396,119716,82948,36767,1000000,-0.0140,0.1700,+1.3,+8.2,-0.1946,NONE,STOPPED
="2026-09-07 09:09:42",80396,119716,82948,36767,1000000,-0.0123,0.1700,+1.3,+9.7,-0.2251,NONE,STOPPED
="2026-09-07 09:09:43",80396,102545,65778,36767,1000000,-0.0123,0.1700,+1.3,+9.7,-0.2251,NONE,STOPPED
="2026-09-07 09:09:44",80396,115683,78916,36767,1000000,-0.0123,0.1700,+1.3,+9.7,-0.2538,NONE,STOPPED
="2026-09-07 09:09:45",80384,115683,78916,36767,1000000,-0.0122,0.1700,-12.2,-2.5,-0.3935,NONE,STOPPED
="2026-09-07 09:09:46",80384,115683,78916,36767,1000000,-0.0074,0.1700,-12.2,-2.5,-0.4529,NONE,STOPPED
="2026-09-07 09:09:47",80384,115683,78916,36767,1000000,-0.0074,0.1700,-12.2,-2.5,-0.5060,NONE,STOPPED
="2026-09-07 09:09:48",80384,115683,78916,36767,1000000,-0.0074,0.1700,-12.2,-1.8,-0.5534,NONE,STOPPED
="2026-09-07 09:09:49",80384,115683,78916,36767,1000000,-0.0074,0.1700,-12.2,-1.8,-0.5958,NONE,STOPPED
="2026-09-07 09:09:50",80384,115683,78916,36767,1000000,-0.0080,0.1700,-0.0,-1.8,-0.6332,NONE,STOPPED
="2026-09-07 09:09:51",80384,115683,78916,36767,1000000,-0.0107,0.1700,+0.0,-1.7,-0.6659,NONE,STOPPED
="2026-09-07 09:09:52",80384,94642,57875,36767,1000000,-0.0107,0.1700,+0.0,-1.7,-0.6943,NONE,STOPPED
="2026-09-07 09:09:53",80384,94642,57875,36767,1000000,-0.0108,0.1700,+0.0,-1.7,-0.6943,NONE,STOPPED
="2026-09-07 09:09:54",80384,94642,57875,36767,1000000,-0.0107,0.1700,+0.0,-1.8,-0.7394,NONE,STOPPED
="2026-09-07 09:09:55",80384,111067,57875,53191,1000000,-0.0107,0.1700,-0.0,-1.8,-0.7567,NONE,STOPPED
="2026-09-07 09:09:56",80384,111067,57875,53191,1000000,-0.0107,0.1700,+0.0,-4.0,-0.7708,NONE,STOPPED
="2026-09-07 09:09:57",80384,111067,57875,53191,1000000,-0.0026,0.1700,+0.0,-21.3,-0.7807,NONE,STOPPED
="2026-09-07 09:09:58",80384,88249,57875,30373,1000000,-0.0028,0.1700,+0.0,-21.4,-0.7774,NONE,STOPPED
="2026-09-07 09:09:59",80384,88249,57875,30373,1000000,-0.0028,0.1700,+0.0,-21.4,-0.7720,NONE,STOPPED
="2026-09-07 09:10:00",80384,88249,57875,30373,1000000,-0.0032,0.1700,-0.0,-21.4,-0.7645,NONE,STOPPED
="2026-09-07 09:10:01",80384,88249,57875,30373,1000000,-0.0032,0.1700,-0.0,-21.4,-0.7554,NONE,STOPPED
="2026-09-07 09:10:02",80378,114624,84250,30373,1000000,+0.0037,0.1700,-6.0,-27.4,-0.7679,NONE,STOPPED
="2026-09-07 09:10:03",80378,114624,84250,30373,1000000,+0.0037,0.1700,-6.0,-27.4,-0.7767,NONE,STOPPED
="2026-09-07 09:10:04",80378,114624,84250,30373,1000000,+0.0037,0.1700,-6.0,-27.4,-0.7820,NONE,STOPPED
="2026-09-07 09:10:05",80376,146139,84250,61889,1000000,+0.0037,0.1700,-8.0,-40.0,-0.7919,NONE,STOPPED
="2026-09-07 09:10:06",80376,132189,84250,47939,1000000,+0.0025,0.1700,-8.0,-40.0,-0.7916,NONE,STOPPED
="2026-09-07 09:10:07",80376,132189,84250,47939,1000000,+0.0025,0.1700,-2.0,-42.0,-0.7880,NONE,STOPPED
="2026-09-07 09:10:08",80376,132189,84250,47939,1000000,+0.0023,0.1700,-2.0,-42.0,-0.7880,NONE,STOPPED
="2026-09-07 09:10:09",80362,132189,84250,47939,1000000,+0.0023,0.1700,-16.0,-58.0,-0.8316,NONE,STOPPED
="2026-09-07 09:10:10",80347,132189,84250,47939,1000000,+0.0022,0.1700,-29.0,-73.0,-0.9242,NONE,STOPPED
="2026-09-07 09:10:11",80346,132189,84250,47939,1000000,+0.0007,0.1700,-30.0,-74.0,-1.0077,NONE,STOPPED
="2026-09-07 09:10:12",80344,132189,84250,47939,1000000,+0.0007,0.1700,-31.5,-75.4,-1.0845,NONE,STOPPED
="2026-09-07 09:10:13",80344,132189,84250,47939,1000000,-0.0005,0.1700,-29.5,-85.4,-1.1492,NONE,STOPPED
="2026-09-07 09:10:14",80352,210778,84250,126528,1000000,-0.0004,0.1700,-9.4,-77.4,-1.1653,NONE,STOPPED
="2026-09-07 09:10:15",80363,223914,84250,139663,1000000,-0.0004,0.1700,+16.7,-66.3,-1.1313,NONE,STOPPED
="2026-09-07 09:10:16",80363,223914,84250,139663,1000000,-0.0004,0.1700,+17.7,-66.3,-1.0953,NONE,STOPPED
="2026-09-07 09:10:17",80363,223914,84250,139663,1000000,-0.0004,0.1700,+17.7,-66.3,-1.0953,NONE,STOPPED
="2026-09-07 09:10:18",80363,223914,84250,139663,1000000,-0.0004,0.1700,+19.1,-66.3,-1.0181,NONE,STOPPED
="2026-09-07 09:10:19",80363,223914,84250,139663,1000000,-0.0006,0.1700,+11.1,-66.3,-0.9774,NONE,STOPPED
="2026-09-07 09:10:20",80363,223914,84250,139663,1000000,-0.0006,0.1700,+0.0,-45.9,-0.9356,NONE,STOPPED
="2026-09-07 09:10:21",80363,179176,39512,139663,1000000,-0.0027,0.1700,+0.0,-44.3,-0.9053,NONE,STOPPED
="2026-09-07 09:10:22",80363,179176,39512,139663,1000000,-0.0027,0.1700,-0.0,-41.7,-0.8749,NONE,STOPPED
="2026-09-07 09:10:23",80363,179176,39512,139663,1000000,-0.0027,0.1700,-0.0,-41.7,-0.8452,NONE,STOPPED
="2026-09-07 09:10:24",80363,179176,39512,139663,1000000,-0.0029,0.1700,-0.0,-41.7,-0.8147,NONE,STOPPED
="2026-09-07 09:10:25",80363,179176,39512,139663,1000000,-0.0029,0.1700,+0.0,-41.7,-0.7835,NONE,STOPPED
="2026-09-07 09:10:26",80363,179176,39512,139663,1000000,+0.0038,0.1700,+0.0,-41.7,-0.7835,NONE,STOPPED
="2026-09-07 09:10:27",80362,179176,39512,139663,1000000,+0.0038,0.1700,-1.0,-42.6,-0.7555,NONE,STOPPED
="2026-09-07 09:10:28",80362,179176,39512,139663,1000000,+0.0036,0.1700,-1.0,-42.6,-0.6974,NONE,STOPPED
="2026-09-07 09:10:29",80362,179176,39512,139663,1000000,+0.0036,0.1700,-1.0,-42.6,-0.6674,NONE,STOPPED
="2026-09-07 09:10:30",80362,179176,39512,139663,1000000,+0.0036,0.1700,-1.0,-32.2,-0.6369,NONE,STOPPED
="2026-09-07 09:10:31",80362,179176,39512,139663,1000000,+0.0043,0.1700,-1.0,-32.2,-0.6124,NONE,STOPPED
="2026-09-07 09:10:32",80362,179176,39512,139663,1000000,+0.0043,0.1700,-0.0,-32.2,-0.5876,NONE,STOPPED
="2026-09-07 09:10:33",80362,179176,39512,139663,1000000,+0.0045,0.1700,-0.0,-32.2,-0.5624,NONE,STOPPED
="2026-09-07 09:10:34",80362,179176,39512,139663,1000000,+0.0060,0.1700,-0.0,-32.2,-0.5370,NONE,STOPPED
="2026-09-07 09:10:35",80362,179176,39512,139663,1000000,+0.0060,0.1700,-0.0,-32.2,-0.5370,NONE,STOPPED
="2026-09-07 09:10:36",80362,179176,39512,139663,1000000,+0.0059,0.1700,-1.0,-32.2,-0.5114,NONE,STOPPED
="2026-09-07 09:10:37",80362,179176,39512,139663,1000000,+0.0061,0.1700,+0.0,-33.5,-0.4599,NONE,STOPPED
="2026-09-07 09:10:38",80362,179176,39512,139663,1000000,+0.0061,0.1700,+0.0,-33.5,-0.4334,NONE,STOPPED
="2026-09-07 09:10:39",80366,194663,39512,155151,1000000,+0.0061,0.1700,+4.1,-29.4,-0.3912,NONE,STOPPED
="2026-09-07 09:10:40",80366,194663,39512,155151,1000000,+0.0061,0.1700,+4.1,-29.4,-0.3506,NONE,STOPPED
="2026-09-07 09:10:41",80366,194663,39512,155151,1000000,+0.0061,0.1700,+4.0,-29.4,-0.3118,NONE,STOPPED
="2026-09-07 09:10:42",80366,194663,39512,155151,1000000,+0.0043,0.1700,+4.0,-29.4,-0.2746,NONE,STOPPED
="2026-09-07 09:10:43",80375,194663,39512,155151,1000000,+0.0027,0.1700,+13.3,-8.0,-0.2029,NONE,STOPPED
="2026-09-07 09:10:44",80378,181525,26374,155151,1000000,+0.0027,0.1700,+11.2,-6.0,-0.1360,NONE,STOPPED
="2026-09-07 09:10:45",80378,181525,26374,155151,1000000,+0.0026,0.1700,+11.2,-6.0,-0.1360,NONE,STOPPED
="2026-09-07 09:10:46",80369,181525,26374,155151,1000000,+0.0026,0.1700,+3.2,-14.0,-0.0737,NONE,STOPPED
="2026-09-07 09:10:47",80372,181525,26374,155151,1000000,+0.0026,0.1700,+6.1,-11.2,-0.0363,NONE,STOPPED
="2026-09-07 09:10:48",80376,181525,26374,155151,1000000,+0.0026,0.1700,+0.5,-7.5,+0.0125,NONE,STOPPED
="2026-09-07 09:10:49",80368,181525,26374,155151,1000000,+0.0026,0.1700,-9.6,-15.6,+0.0261,NONE,STOPPED
="2026-09-07 09:10:50",80368,181525,26374,155151,1000000,+0.0027,0.1700,-2.5,-15.6,+0.0390,NONE,STOPPED
="2026-09-07 09:10:51",80368,181525,26374,155151,1000000,+0.0054,0.1700,-1.6,-15.6,+0.0513,NONE,STOPPED
="2026-09-07 09:10:52",80368,181525,26374,155151,1000000,+0.0054,0.1700,-4.4,-15.6,+0.0631,NONE,STOPPED
="2026-09-07 09:10:53",80368,181525,26374,155151,1000000,+0.0054,0.1700,-8.0,-15.6,+0.0744,NONE,STOPPED
="2026-09-07 09:10:54",80368,181525,26374,155151,1000000,+0.0054,0.1700,-8.0,-15.6,+0.0852,NONE,STOPPED
="2026-09-07 09:10:55",80368,165101,26374,138727,1000000,+0.0054,0.1700,-8.0,-15.6,+0.0852,NONE,STOPPED
="2026-09-07 09:10:56",80368,165101,26374,138727,1000000,+0.0048,0.1700,-0.0,-15.6,+0.0927,NONE,STOPPED
="2026-09-07 09:10:57",80368,165101,26374,138727,1000000,-0.0033,0.1700,+0.0,-15.6,+0.1146,NONE,STOPPED
="2026-09-07 09:10:58",80368,165101,26374,138727,1000000,-0.0033,0.1700,+0.0,-15.6,+0.1235,NONE,STOPPED
="2026-09-07 09:10:59",80368,165101,26374,138727,1000000,-0.0034,0.1700,+0.0,-15.6,+0.1321,NONE,STOPPED
="2026-09-07 09:11:00",80368,165101,26374,138727,1000000,-0.0030,0.1700,+0.0,-15.6,+0.1403,NONE,STOPPED
="2026-09-07 09:11:01",80368,165101,26374,138727,1000000,-0.0030,0.1700,+0.0,-9.6,+0.1480,NONE,STOPPED
="2026-09-07 09:11:02",80368,138727,0,138727,1000000,+0.0084,0.1700,+0.0,-9.6,+0.1518,NONE,STOPPED
="2026-09-07 09:11:03",80372,138727,0,138727,1000000,+0.0084,0.1700,+4.2,-5.4,+0.1716,NONE,STOPPED
="2026-09-07 09:11:04",80372,138727,0,138727,1000000,+0.0084,0.1700,+4.2,-5.4,+0.1716,NONE,STOPPED
="2026-09-07 09:11:05",80376,107211,0,107211,1000000,+0.0082,0.1700,+7.6,-0.0,+0.2295,NONE,STOPPED
="2026-09-07 09:11:06",80376,107211,0,107211,1000000,+0.0094,0.1700,+7.6,-0.0,+0.2535,NONE,STOPPED
="2026-09-07 09:11:07",80377,107211,0,107211,1000000,+0.0094,0.1700,+9.6,+4.0,+0.2826,NONE,STOPPED
="2026-09-07 09:11:08",80377,107211,0,107211,1000000,+0.0092,0.1700,+5.4,+16.0,+0.3072,NONE,STOPPED
="2026-09-07 09:11:09",80377,107211,0,107211,1000000,+0.0092,0.1700,+2.0,+31.0,+0.3216,NONE,STOPPED
="2026-09-07 09:11:10",80377,107211,0,107211,1000000,+0.0092,0.1700,+2.0,+32.0,+0.3243,NONE,STOPPED
="2026-09-07 09:11:11",80379,107211,0,107211,1000000,+0.0105,0.1700,+4.0,+35.4,+0.3319,NONE,STOPPED
="2026-09-07 09:11:12",80380,107211,0,107211,1000000,+0.0105,0.1700,+2.0,+35.4,+0.3360,NONE,STOPPED
="2026-09-07 09:11:13",80380,107211,0,107211,1000000,+0.0117,0.1700,+2.0,+27.4,+0.3376,NONE,STOPPED
="2026-09-07 09:11:14",80380,28622,0,28622,1000000,+0.0118,0.1700,+2.0,+27.4,+0.3376,NONE,STOPPED
="2026-09-07 09:11:15",80380,15487,0,15487,1000000,+0.0118,0.1700,+2.0,+16.3,+0.3506,NONE,STOPPED
="2026-09-07 09:11:16",80380,15487,0,15487,1000000,+0.0118,0.1700,+0.0,+16.3,+0.3572,NONE,STOPPED
="2026-09-07 09:11:17",80380,15487,0,15487,1000000,+0.0118,0.1700,+0.0,+16.3,+0.3618,NONE,STOPPED
="2026-09-07 09:11:18",80379,15487,0,15487,1000000,+0.0118,0.1700,-0.0,+16.3,+0.3645,NONE,STOPPED
="2026-09-07 09:11:19",80380,15487,0,15487,1000000,+0.0120,0.1700,+0.0,+16.3,+0.3657,NONE,STOPPED
="2026-09-07 09:11:20",80380,15487,0,15487,1000000,+0.0120,0.1700,+0.0,+16.3,+0.3653,NONE,STOPPED
="2026-09-07 09:11:21",80379,15487,0,15487,1000000,+0.0122,0.1700,-0.0,+16.3,+0.3635,NONE,STOPPED
="2026-09-07 09:11:22",80380,15487,0,15487,1000000,+0.0122,0.1700,+0.0,+16.3,+0.3605,NONE,STOPPED
="2026-09-07 09:11:23",80380,15487,0,15487,1000000,+0.0124,0.1700,+0.0,+16.3,+0.3564,NONE,STOPPED
="2026-09-07 09:11:24",80380,15487,0,15487,1000000,+0.0124,0.1700,+0.0,+16.3,+0.3564,NONE,STOPPED
="2026-09-07 09:11:25",80380,15487,0,15487,1000000,+0.0124,0.1700,+0.0,+17.3,+0.3451,NONE,STOPPED
="2026-09-07 09:11:26",80380,15487,0,15487,1000000,+0.0072,0.1700,+0.0,+17.3,+0.3376,NONE,STOPPED
="2026-09-07 09:11:27",80379,15487,0,15487,1000000,+0.0074,0.1700,-0.0,+17.3,+0.3293,NONE,STOPPED
="2026-09-07 09:11:28",80382,15487,0,15487,1000000,+0.0074,0.1700,+2.0,+19.3,+0.3282,NONE,STOPPED
="2026-09-07 09:11:29",80381,15487,0,15487,1000000,+0.0074,0.1700,+2.0,+19.3,+0.3256,NONE,STOPPED
="2026-09-07 09:11:30",80381,15487,0,15487,1000000,+0.0072,0.1700,+2.0,+19.3,+0.3219,NONE,STOPPED
="2026-09-07 09:11:31",80381,15487,0,15487,1000000,+0.0065,0.1700,+2.0,+19.3,+0.3170,NONE,STOPPED
="2026-09-07 09:11:32",80382,15487,0,15487,1000000,+0.0065,0.1700,+2.0,+19.3,+0.3112,NONE,STOPPED
="2026-09-07 09:11:33",80382,15487,0,15487,1000000,+0.0065,0.1700,+2.0,+19.3,+0.3112,NONE,STOPPED
="2026-09-07 09:11:34",80382,15487,0,15487,1000000,+0.0050,0.1700,+2.0,+19.3,+0.3044,NONE,STOPPED
="2026-09-07 09:11:35",80381,15487,0,15487,1000000,+0.0050,0.1700,-0.0,+19.3,+0.2885,NONE,STOPPED
="2026-09-07 09:11:36",80381,15487,0,15487,1000000,+0.0044,0.1700,-0.0,+19.3,+0.2795,NONE,STOPPED
="2026-09-07 09:11:37",80381,15487,0,15487,1000000,+0.0042,0.1700,-0.0,+19.3,+0.2700,NONE,STOPPED
="2026-09-07 09:11:38",80381,15487,0,15487,1000000,+0.0042,0.1700,-0.0,+15.2,+0.2599,NONE,STOPPED
="2026-09-07 09:11:39",80370,64169,64169,0,1000000,+0.0045,0.1700,-11.4,+3.8,+0.2074,NONE,STOPPED
="2026-09-07 09:11:40",80370,64169,64169,0,1000000,+0.0045,0.1700,-11.4,+3.8,+0.1591,NONE,STOPPED
="2026-09-07 09:11:41",80368,64169,64169,0,1000000,+0.0038,0.1700,-14.0,+1.2,+0.1045,NONE,STOPPED
="2026-09-07 09:11:42",80368,64169,64169,0,1000000,+0.0038,0.1700,-14.0,-8.0,+0.0544,NONE,STOPPED
="2026-09-07 09:11:43",80368,64169,64169,0,1000000,+0.0055,0.1700,-14.0,-8.0,+0.0544,NONE,STOPPED
="2026-09-07 09:11:44",80368,64169,64169,0,1000000,+0.0055,0.1700,-14.0,-10.0,+0.0143,NONE,STOPPED
="2026-09-07 09:11:45",80366,64169,64169,0,1000000,+0.0054,0.1700,-4.6,-4.0,-0.0645,NONE,STOPPED
="2026-09-07 09:11:46",80366,64169,64169,0,1000000,+0.0054,0.1700,-2.0,-6.8,-0.1045,NONE,STOPPED
="2026-09-07 09:11:47",80350,91046,91046,0,1000000,+0.0054,0.1700,-17.5,-26.0,-0.1992,NONE,STOPPED
="2026-09-07 09:11:48",80350,171397,171397,0,1000000,+0.0054,0.1700,-17.5,-17.9,-0.2820,NONE,STOPPED
="2026-09-07 09:11:49",80350,171397,171397,0,1000000,+0.0054,0.1700,-17.5,-17.9,-0.3608,NONE,STOPPED
="2026-09-07 09:11:50",80350,171397,171397,0,1000000,+0.0054,0.1700,-15.5,-17.9,-0.4311,NONE,STOPPED
="2026-09-07 09:11:51",80350,182992,171397,11595,1000000,+0.0042,0.1700,-15.5,-17.9,-0.4936,NONE,STOPPED
="2026-09-07 09:11:52",80350,182992,171397,11595,1000000,+0.0042,0.1700,-15.5,-17.9,-0.4936,NONE,STOPPED
="2026-09-07 09:11:53",80350,182992,171397,11595,1000000,+0.0042,0.1700,-15.5,-17.9,-0.5488,NONE,STOPPED
="2026-09-07 09:11:54",80350,182992,171397,11595,1000000,+0.0042,0.1700,-15.5,-17.9,-0.6396,NONE,STOPPED
="2026-09-07 09:11:55",80350,182992,171397,11595,1000000,+0.0042,0.1700,-15.5,-17.9,-0.6761,NONE,STOPPED
="2026-09-07 09:11:56",80350,182992,171397,11595,1000000,+0.0047,0.1700,-0.0,-17.9,-0.7074,NONE,STOPPED
="2026-09-07 09:11:57",80350,182992,171397,11595,1000000,+0.0047,0.1700,-0.0,-17.9,-0.7336,NONE,STOPPED
="2026-09-07 09:11:58",80350,182992,171397,11595,1000000,+0.0047,0.1700,+0.0,-17.9,-0.7553,NONE,STOPPED
="2026-09-07 09:11:59",80350,182992,171397,11595,1000000,+0.0048,0.1700,+0.0,-17.9,-0.7728,NONE,STOPPED
="2026-09-07 09:12:00",80346,182992,171397,11595,1000000,+0.0048,0.1700,-3.7,-21.7,-0.8009,NONE,STOPPED
="2026-09-07 09:12:01",80346,182992,171397,11595,1000000,-0.0066,0.1700,-3.7,-21.7,-0.8009,NONE,STOPPED
="2026-09-07 09:12:02",80346,182992,171397,11595,1000000,-0.0066,0.1700,-4.5,-26.6,-0.8481,NONE,STOPPED
="2026-09-07 09:12:03",80343,182992,171397,11595,1000000,-0.0070,0.1700,-7.2,-32.7,-0.8729,NONE,STOPPED
="2026-09-07 09:12:04",80343,182992,171397,11595,1000000,-0.0070,0.1700,-7.2,-32.7,-0.8905,NONE,STOPPED
="2026-09-07 09:12:05",80343,182992,171397,11595,1000000,-0.0068,0.1700,-3.5,-32.8,-0.9035,NONE,STOPPED
="2026-09-07 09:12:06",80343,182992,171397,11595,1000000,-0.0068,0.1700,-3.5,-32.8,-0.9035,NONE,STOPPED
="2026-09-07 09:12:07",80343,182992,171397,11595,1000000,-0.0082,0.1700,-2.8,-34.7,-0.9121,NONE,STOPPED
="2026-09-07 09:12:08",80343,182992,171397,11595,1000000,-0.0080,0.1700,-2.8,-34.7,-0.9153,NONE,STOPPED
="2026-09-07 09:12:09",80343,182992,171397,11595,1000000,-0.0080,0.1700,-2.8,-34.7,-0.9118,NONE,STOPPED
="2026-09-07 09:12:10",80343,182992,171397,11595,1000000,-0.0080,0.1700,+0.0,-36.7,-0.9054,NONE,STOPPED
="2026-09-07 09:12:11",80343,182992,171397,11595,1000000,-0.0092,0.1700,+0.0,-36.7,-0.8950,NONE,STOPPED
="2026-09-07 09:12:12",80343,182992,171397,11595,1000000,-0.0092,0.1700,+0.0,-36.7,-0.8823,NONE,STOPPED
="2026-09-07 09:12:13",80343,182992,171397,11595,1000000,-0.0096,0.1700,-0.0,-36.8,-0.8673,NONE,STOPPED
="2026-09-07 09:12:14",80343,182992,171397,11595,1000000,-0.0097,0.1700,-0.0,-36.8,-0.8505,NONE,STOPPED
="2026-09-07 09:12:15",80343,182992,171397,11595,1000000,-0.0097,0.1700,+0.0,-36.7,-0.8318,NONE,STOPPED
="2026-09-07 09:12:16",80343,182992,171397,11595,1000000,-0.0097,0.1700,+0.0,-36.7,-0.8318,NONE,STOPPED
="2026-09-07 09:12:17",80341,182992,171397,11595,1000000,-0.0097,0.1700,-1.4,-38.2,-0.8005,NONE,STOPPED
="2026-09-07 09:12:18",80341,182992,171397,11595,1000000,-0.0086,0.1700,-1.4,-38.2,-0.7821,NONE,STOPPED
="2026-09-07 09:12:19",80341,182992,171397,11595,1000000,-0.0086,0.1700,-1.4,-38.2,-0.7622,NONE,STOPPED
="2026-09-07 09:12:20",80341,182992,171397,11595,1000000,-0.0086,0.1700,-1.4,-38.2,-0.7410,NONE,STOPPED
="2026-09-07 09:12:21",80338,241969,230373,11595,1000000,-0.0086,0.1700,-3.8,-42.0,-0.7335,NONE,STOPPED
="2026-09-07 09:12:22",80338,241969,230373,11595,1000000,-0.0083,0.1700,-3.8,-42.0,-0.7233,NONE,STOPPED
="2026-09-07 09:12:23",80338,241969,230373,11595,1000000,-0.0085,0.1700,-3.8,-42.0,-0.7110,NONE,STOPPED
="2026-09-07 09:12:24",80338,241969,230373,11595,1000000,-0.0085,0.1700,-3.8,-42.0,-0.6965,NONE,STOPPED
="2026-09-07 09:12:25",80338,241969,230373,11595,1000000,+0.0002,0.1700,-3.8,-42.0,-0.6965,NONE,STOPPED
="2026-09-07 09:12:26",80338,241969,230373,11595,1000000,+0.0055,0.1700,-3.8,-42.0,-0.6621,NONE,STOPPED
="2026-09-07 09:12:27",80338,241969,230373,11595,1000000,+0.0055,0.1700,-0.0,-44.0,-0.6427,NONE,STOPPED
="2026-09-07 09:12:28",80338,241969,230373,11595,1000000,+0.0054,0.1700,-0.0,-44.0,-0.6207,NONE,STOPPED
="2026-09-07 09:12:29",80335,241969,230373,11595,1000000,+0.0054,0.1700,-2.8,-46.8,-0.6085,NONE,STOPPED
="2026-09-07 09:12:30",80335,241969,230373,11595,1000000,+0.0055,0.1700,-2.8,-46.8,-0.5943,NONE,STOPPED
="2026-09-07 09:12:31",80331,241969,230373,11595,1000000,+0.0055,0.1700,-6.6,-50.6,-0.5928,NONE,STOPPED
="2026-09-07 09:12:32",80330,241969,230373,11595,1000000,+0.0055,0.1700,-7.0,-51.0,-0.5899,NONE,STOPPED
="2026-09-07 09:12:33",80330,241969,230373,11595,1000000,+0.0055,0.1700,-7.0,-51.0,-0.5840,NONE,STOPPED
="2026-09-07 09:12:34",80330,241969,230373,11595,1000000,+0.0063,0.1700,-7.0,-51.0,-0.5840,NONE,STOPPED
="2026-09-07 09:12:35",80330,241969,230373,11595,1000000,+0.0063,0.1700,-4.2,-51.0,-0.5753,NONE,STOPPED
="2026-09-07 09:12:36",80330,241969,230373,11595,1000000,+0.0069,0.1700,-0.5,-51.0,-0.5507,NONE,STOPPED
="2026-09-07 09:12:37",80330,241969,230373,11595,1000000,+0.0064,0.1700,-0.0,-51.0,-0.5353,NONE,STOPPED
="2026-09-07 09:12:38",80330,241969,230373,11595,1000000,+0.0064,0.1700,-0.0,-39.6,-0.5181,NONE,STOPPED
="2026-09-07 09:12:39",80330,177799,166204,11595,1000000,+0.0061,0.1700,-0.5,-39.6,-0.5061,NONE,STOPPED
="2026-09-07 09:12:40",80330,177799,166204,11595,1000000,+0.0061,0.1700,-0.0,-37.1,-0.4926,NONE,STOPPED
="2026-09-07 09:12:41",80330,177799,166204,11595,1000000,+0.0076,0.1700,-0.0,-37.0,-0.4792,NONE,STOPPED
="2026-09-07 09:12:42",80330,177799,166204,11595,1000000,+0.0076,0.1700,-0.0,-37.1,-0.4645,NONE,STOPPED
="2026-09-07 09:12:43",80330,177799,166204,11595,1000000,+0.0077,0.1700,-0.0,-37.1,-0.4487,NONE,STOPPED
="2026-09-07 09:12:44",80330,177799,166204,11595,1000000,+0.0077,0.1700,-0.0,-37.1,-0.4487,NONE,STOPPED
="2026-09-07 09:12:45",80330,177799,166204,11595,1000000,+0.0077,0.1700,+0.0,-35.0,-0.4152,NONE,STOPPED
="2026-09-07 09:12:46",80330,177799,166204,11595,1000000,+0.0077,0.1700,+0.0,-19.5,-0.3977,NONE,STOPPED
="2026-09-07 09:12:47",80330,150922,139327,11595,1000000,+0.0077,0.1700,-0.0,-19.6,-0.3891,NONE,STOPPED
="2026-09-07 09:12:48",80330,70571,58976,11595,1000000,+0.0077,0.1700,+0.0,-19.5,-0.3795,NONE,STOPPED
="2026-09-07 09:12:49",80330,70571,58976,11595,1000000,+0.0073,0.1700,-0.0,-19.6,-0.3693,NONE,STOPPED
="2026-09-07 09:12:50",80328,70571,58976,11595,1000000,+0.0073,0.1700,-3.0,-22.5,-0.3699,NONE,STOPPED
="2026-09-07 09:12:51",80328,58976,58976,0,1000000,+0.0086,0.1700,-3.0,-22.5,-0.3687,NONE,STOPPED
="2026-09-07 09:12:52",80327,58976,58976,0,1000000,+0.0086,0.1700,-3.0,-22.5,-0.3661,NONE,STOPPED
="2026-09-07 09:12:53",80327,58976,58976,0,1000000,+0.0086,0.1700,-3.0,-22.5,-0.3661,NONE,STOPPED
="2026-09-07 09:12:54",80327,58976,58976,0,1000000,+0.0086,0.1700,-3.0,-22.5,-0.3565,NONE,STOPPED
="2026-09-07 09:12:55",80328,58976,58976,0,1000000,+0.0086,0.1700,-2.9,-22.5,-0.3499,NONE,STOPPED
="2026-09-07 09:12:56",80328,58976,58976,0,1000000,+0.0086,0.1700,-2.9,-22.5,-0.3423,NONE,STOPPED
="2026-09-07 09:12:57",80328,58976,58976,0,1000000,+0.0086,0.1700,+0.0,-22.5,-0.3337,NONE,STOPPED
="2026-09-07 09:12:58",80328,58976,58976,0,1000000,+0.0085,0.1700,+0.0,-22.5,-0.3242,NONE,STOPPED
="2026-09-07 09:12:59",80328,58976,58976,0,1000000,+0.0085,0.1700,+0.0,-18.8,-0.3140,NONE,STOPPED
="2026-09-07 09:13:00",80327,58976,58976,0,1000000,+0.0085,0.1700,-0.0,-18.0,-0.3054,NONE,STOPPED
="2026-09-07 09:13:01",80323,69085,69085,0,1000000,+0.0085,0.1700,-4.6,-22.7,-0.3147,NONE,STOPPED
="2026-09-07 09:13:02",80323,69085,69085,0,1000000,+0.0085,0.1700,-4.6,-19.9,-0.3215,NONE,STOPPED
="2026-09-07 09:13:03",80323,69085,69085,0,1000000,+0.0089,0.1700,-4.6,-19.9,-0.3279,NONE,STOPPED
="2026-09-07 09:13:04",80323,69085,69085,0,1000000,+0.0089,0.1700,-4.6,-19.9,-0.3322,NONE,STOPPED
="2026-09-07 09:13:05",80323,69085,69085,0,1000000,+0.0087,0.1700,-4.6,-19.9,-0.3347,NONE,STOPPED
="2026-09-07 09:13:06",80327,113832,69085,44746,1000000,+0.0102,0.1700,+4.2,-15.7,-0.3191,NONE,STOPPED
="2026-09-07 09:13:07",80327,113832,69085,44746,1000000,+0.0093,0.1700,+4.2,-15.7,-0.3035,NONE,STOPPED
="2026-09-07 09:13:08",80327,113832,69085,44746,1000000,+0.0093,0.1700,+4.2,-15.7,-0.2881,NONE,STOPPED
="2026-09-07 09:13:09",80327,129897,69085,60812,1000000,+0.0093,0.1700,+4.6,-15.3,-0.2711,NONE,STOPPED
="2026-09-07 09:13:10",80327,129897,69085,60812,1000000,+0.0093,0.1700,+4.6,-15.3,-0.2711,NONE,STOPPED
="2026-09-07 09:13:11",80328,129897,69085,60812,1000000,+0.0093,0.1700,+0.4,-15.3,-0.2381,NONE,STOPPED
="2026-09-07 09:13:12",80328,129897,69085,60812,1000000,+0.0093,0.1700,+0.4,-15.2,-0.2221,NONE,STOPPED
="2026-09-07 09:13:13",80328,129897,69085,60812,1000000,+0.0096,0.1700,+0.4,-15.2,-0.2064,NONE,STOPPED
="2026-09-07 09:13:14",80327,129897,69085,60812,1000000,+0.0099,0.1700,+0.4,-15.3,-0.1911,NONE,STOPPED
="2026-09-07 09:13:15",80328,129897,69085,60812,1000000,+0.0099,0.1700,+0.0,-13.8,-0.1761,NONE,STOPPED
="2026-09-07 09:13:16",80329,168213,69085,99127,1000000,+0.0099,0.1700,+2.0,-11.8,-0.1546,NONE,STOPPED
="2026-09-07 09:13:17",80329,248543,149415,99127,1000000,+0.0098,0.1700,+2.0,-11.8,-0.1341,NONE,STOPPED
="2026-09-07 09:13:18",80323,248543,149415,99127,1000000,+0.0087,0.1700,-4.5,-18.4,-0.1401,NONE,STOPPED
="2026-09-07 09:13:19",80323,248543,149415,99127,1000000,+0.0087,0.1700,-4.5,-18.4,-0.1401,NONE,STOPPED
="2026-09-07 09:13:20",80322,248543,149415,99127,1000000,+0.0087,0.1700,-6.0,-19.8,-0.1502,NONE,STOPPED
="2026-09-07 09:13:21",80322,189566,90439,99127,1000000,+0.0077,0.1700,-8.0,-16.0,-0.1668,NONE,STOPPED
="2026-09-07 09:13:22",80322,189566,90439,99127,1000000,+0.0074,0.1700,-8.0,-16.0,-0.1736,NONE,STOPPED
="2026-09-07 09:13:23",80322,189566,90439,99127,1000000,+0.0077,0.1700,-1.5,-16.0,-0.1788,NONE,STOPPED
="2026-09-07 09:13:24",80322,189566,90439,99127,1000000,+0.0077,0.1700,-1.4,-16.0,-0.1825,NONE,STOPPED
="2026-09-07 09:13:25",80322,189566,90439,99127,1000000,-0.0010,0.1700,-0.0,-16.0,-0.1848,NONE,STOPPED
="2026-09-07 09:13:26",80322,189566,90439,99127,1000000,-0.0010,0.1700,-0.0,-16.0,-0.1860,NONE,STOPPED
="2026-09-07 09:13:27",80322,189566,90439,99127,1000000,-0.0008,0.1700,-0.0,-16.0,-0.1860,NONE,STOPPED
="2026-09-07 09:13:28",80322,189566,90439,99127,1000000,-0.0008,0.1700,-0.0,-16.0,-0.1860,NONE,STOPPED
="2026-09-07 09:13:29",80325,189566,90439,99127,1000000,-0.0010,0.1700,+3.9,-9.3,-0.1699,NONE,STOPPED
="2026-09-07 09:13:30",80327,189566,90439,99127,1000000,-0.0010,0.1700,+5.0,-4.4,-0.1384,NONE,STOPPED
="2026-09-07 09:13:31",80329,189566,90439,99127,1000000,-0.0010,0.1700,+8.0,-1.0,-0.1123,NONE,STOPPED
="2026-09-07 09:13:32",80330,189566,90439,99127,1000000,-0.0024,0.1700,+8.0,-1.0,-0.0885,NONE,STOPPED
="2026-09-07 09:13:33",80330,209567,90439,119127,1000000,-0.0024,0.1700,+5.1,-0.0,-0.0629,NONE,STOPPED
="2026-09-07 09:13:34",80330,209567,90439,119127,1000000,-0.0032,0.1700,+5.1,-0.0,-0.0395,NONE,STOPPED
="2026-09-07 09:13:35",80331,209567,90439,119127,1000000,-0.0042,0.1700,+5.0,+1.0,-0.0139,NONE,STOPPED
="2026-09-07 09:13:36",80331,209567,90439,119127,1000000,-0.0042,0.1700,+2.0,+1.0,+0.0094,NONE,STOPPED
="2026-09-07 09:13:37",80343,209567,90439,119127,1000000,-0.0036,0.1700,+13.0,+12.1,+0.0735,NONE,STOPPED
="2026-09-07 09:13:38",80343,209567,90439,119127,1000000,-0.0036,0.1700,+13.0,+12.1,+0.0735,NONE,STOPPED
="2026-09-07 09:13:39",80343,209567,90439,119127,1000000,-0.0036,0.1700,+12.1,+12.1,+0.1833,NONE,STOPPED
="2026-09-07 09:13:40",80343,209567,90439,119127,1000000,-0.0045,0.1700,+11.0,+12.1,+0.2298,NONE,STOPPED
="2026-09-07 09:13:41",80343,209567,90439,119127,1000000,-0.0045,0.1700,+11.0,+12.1,+0.2712,NONE,STOPPED
="2026-09-07 09:13:42",80343,209567,90439,119127,1000000,-0.0069,0.1700,-0.0,+12.1,+0.3079,NONE,STOPPED
="2026-09-07 09:13:43",80343,209567,90439,119127,1000000,-0.0071,0.1700,+0.0,+12.1,+0.3403,NONE,STOPPED
="2026-09-07 09:13:44",80343,209567,90439,119127,1000000,-0.0071,0.1700,-0.0,+12.1,+0.3686,NONE,STOPPED
="2026-09-07 09:13:45",80343,316655,90439,226216,1000000,-0.0071,0.1700,+0.0,+12.1,+0.3932,NONE,STOPPED
="2026-09-07 09:13:46",80343,316655,90439,226216,1000000,-0.0071,0.1700,+0.0,+12.1,+0.4143,NONE,STOPPED
="2026-09-07 09:13:47",80349,331681,90439,241242,1000000,-0.0071,0.1700,+7.0,+19.0,+0.4593,NONE,STOPPED
="2026-09-07 09:13:48",80349,331681,90439,241242,1000000,-0.0046,0.1700,+7.0,+19.0,+0.4593,NONE,STOPPED
="2026-09-07 09:13:49",80349,331681,90439,241242,1000000,-0.0042,0.1700,+7.0,+22.0,+0.5326,NONE,STOPPED
="2026-09-07 09:13:50",80350,331681,90439,241242,1000000,-0.0042,0.1700,+6.9,+22.0,+0.5600,NONE,STOPPED
="2026-09-07 09:13:51",80350,331681,90439,241242,1000000,-0.0033,0.1700,+7.0,+22.0,+0.5829,NONE,STOPPED
="2026-09-07 09:13:52",80350,331681,90439,241242,1000000,-0.0033,0.1700,+0.0,+22.0,+0.6017,NONE,STOPPED
="2026-09-07 09:13:53",80350,331681,90439,241242,1000000,-0.0033,0.1700,+0.0,+22.0,+0.6167,NONE,STOPPED
="2026-09-07 09:13:54",80350,331681,90439,241242,1000000,-0.0034,0.1700,+0.0,+22.0,+0.6282,NONE,STOPPED
="2026-09-07 09:13:55",80350,331681,90439,241242,1000000,-0.0034,0.1700,+0.0,+22.0,+0.6366,NONE,STOPPED
="2026-09-07 09:13:56",80350,331681,90439,241242,1000000,-0.0037,0.1700,+0.0,+22.0,+0.6366,NONE,STOPPED
="2026-09-07 09:13:57",80350,331681,90439,241242,1000000,-0.0037,0.1700,+0.0,+22.0,+0.6420,NONE,STOPPED
="2026-09-07 09:13:58",80350,347769,90439,257330,1000000,-0.0036,0.1700,+0.0,+22.0,+0.6449,NONE,STOPPED
="2026-09-07 09:13:59",80349,347769,90439,257330,1000000,-0.0036,0.1700,-0.0,+22.0,+0.6429,NONE,STOPPED
="2026-09-07 09:14:00",80350,347769,90439,257330,1000000,-0.0036,0.1700,+0.0,+26.6,+0.6388,NONE,STOPPED
="2026-09-07 09:14:01",80356,476712,80329,396382,1000000,-0.0036,0.1700,+6.0,+32.6,+0.6535,NONE,STOPPED
="2026-09-07 09:14:02",80356,476712,80329,396382,1000000,-0.0036,0.1700,+6.0,+32.6,+0.6535,NONE,STOPPED
="2026-09-07 09:14:03",80363,476712,80329,396382,1000000,-0.0030,0.1700,+13.9,+40.6,+0.7020,NONE,STOPPED
="2026-09-07 09:14:04",80363,476712,80329,396382,1000000,-0.0028,0.1700,+13.9,+40.6,+0.7335,NONE,STOPPED
="2026-09-07 09:14:05",80363,476712,80329,396382,1000000,-0.0028,0.1700,+13.9,+36.4,+0.7590,NONE,STOPPED
="2026-09-07 09:14:06",80363,431966,80329,351636,1000000,-0.0017,0.1700,+7.9,+36.4,+0.7817,NONE,STOPPED
="2026-09-07 09:14:07",80363,431966,80329,351636,1000000,-0.0009,0.1700,+7.9,+36.4,+0.7992,NONE,STOPPED
="2026-09-07 09:14:08",80363,431966,80329,351636,1000000,-0.0009,0.1700,+0.0,+35.9,+0.8121,NONE,STOPPED
="2026-09-07 09:14:09",80349,463241,127670,335570,1000000,-0.0009,0.1700,-13.9,+22.0,+0.7667,NONE,STOPPED
="2026-09-07 09:14:10",80349,463241,127670,335570,1000000,-0.0009,0.1700,-13.9,+22.0,+0.7667,NONE,STOPPED
="2026-09-07 09:14:11",80340,463241,127670,335570,1000000,-0.0009,0.1700,-23.9,+12.0,+0.6417,NONE,STOPPED
="2026-09-07 09:14:12",80340,463241,127670,335570,1000000,+0.0176,0.1700,-23.9,+12.0,+0.5659,NONE,STOPPED
="2026-09-07 09:14:13",80340,463241,127670,335570,1000000,+0.0176,0.1700,-23.9,+12.0,+0.4951,NONE,STOPPED
="2026-09-07 09:14:14",80340,463241,127670,335570,1000000,+0.0174,0.1700,-10.0,+12.0,+0.4291,NONE,STOPPED
="2026-09-07 09:14:15",80340,463241,127670,335570,1000000,+0.0201,0.1700,-10.0,+10.0,+0.3675,NONE,STOPPED
="2026-09-07 09:14:16",80340,424925,127670,297255,1000000,+0.0203,0.1700,-10.0,+10.0,+0.3114,NONE,STOPPED
="2026-09-07 09:14:17",80339,344595,47340,297255,1000000,+0.0203,0.1700,-0.5,+16.0,+0.2570,NONE,STOPPED
="2026-09-07 09:14:18",80338,344595,47340,297255,1000000,+0.0203,0.1700,-2.0,+16.0,+0.1969,NONE,STOPPED
="2026-09-07 09:14:19",80338,344595,47340,297255,1000000,+0.0203,0.1700,-2.0,+16.0,+0.1969,NONE,STOPPED
="2026-09-07 09:14:20",80338,344595,47340,297255,1000000,+0.0214,0.1700,-2.0,+16.0,+0.1402,NONE,STOPPED
="2026-09-07 09:14:21",80338,344595,47340,297255,1000000,+0.0208,0.1700,-2.0,+16.0,+0.0389,NONE,STOPPED
="2026-09-07 09:14:22",80338,344595,47340,297255,1000000,+0.0205,0.1700,-1.4,+16.0,-0.0063,NONE,STOPPED
="2026-09-07 09:14:23",80338,344595,47340,297255,1000000,+0.0205,0.1700,-0.0,+16.0,-0.0483,NONE,STOPPED
="2026-09-07 09:14:24",80338,344595,47340,297255,1000000,+0.0202,0.1700,-0.0,+16.0,-0.0870,NONE,STOPPED
="2026-09-07 09:14:25",80338,344595,47340,297255,1000000,+0.0202,0.1700,-0.0,+16.0,-0.1228,NONE,STOPPED
="2026-09-07 09:14:26",80338,414646,47340,367306,1000000,+0.0202,0.1700,+0.0,+16.0,-0.1559,NONE,STOPPED
="2026-09-07 09:14:27",80338,414646,47340,367306,1000000,+0.0200,0.1700,-0.0,+12.1,-0.1863,NONE,STOPPED
="2026-09-07 09:14:28",80343,440080,47340,392739,1000000,+0.0202,0.1700,+5.7,+17.8,-0.1900,NONE,STOPPED
="2026-09-07 09:14:29",80343,440080,47340,392739,1000000,+0.0202,0.1700,+5.7,+17.8,-0.1900,NONE,STOPPED
="2026-09-07 09:14:30",80343,440080,47340,392739,1000000,+0.0202,0.1700,+5.7,+13.7,-0.1967,NONE,STOPPED
="2026-09-07 09:14:31",80343,440080,47340,392739,1000000,+0.0202,0.1700,+5.7,+13.7,-0.1978,NONE,STOPPED
="2026-09-07 09:14:32",80341,508752,116012,392739,1000000,+0.0216,0.1700,+3.3,+10.4,-0.2082,NONE,STOPPED
="2026-09-07 09:14:33",80341,488752,116012,372739,1000000,+0.0174,0.1700,-2.3,+10.4,-0.2171,NONE,STOPPED
="2026-09-07 09:14:34",80341,488752,116012,372739,1000000,+0.0174,0.1700,-2.3,+9.3,-0.2252,NONE,STOPPED
="2026-09-07 09:14:35",80341,488752,116012,372739,1000000,+0.0184,0.1700,-2.3,+9.3,-0.2319,NONE,STOPPED
="2026-09-07 09:14:36",80341,488752,116012,372739,1000000,+0.0184,0.1700,-2.4,-1.7,-0.2380,NONE,STOPPED
="2026-09-07 09:14:37",80341,488752,116012,372739,1000000,+0.0184,0.1700,-0.0,-1.7,-0.2367,NONE,STOPPED
="2026-09-07 09:14:38",80341,488752,116012,372739,1000000,+0.0184,0.1700,-0.0,-1.7,-0.2367,NONE,STOPPED
="2026-09-07 09:14:39",80341,488752,116012,372739,1000000,+0.0153,0.1700,-2.4,-1.7,-0.2350,NONE,STOPPED
="2026-09-07 09:14:40",80341,488752,116012,372739,1000000,+0.0153,0.1700,-0.0,-1.7,-0.2304,NONE,STOPPED
="2026-09-07 09:14:41",80341,488752,116012,372739,1000000,+0.0153,0.1700,+0.0,-1.7,-0.2276,NONE,STOPPED
="2026-09-07 09:14:42",80341,488752,116012,372739,1000000,+0.0178,0.1700,+0.0,-1.7,-0.2245,NONE,STOPPED
="2026-09-07 09:14:43",80341,488752,116012,372739,1000000,+0.0155,0.1700,+0.0,-1.7,-0.2211,NONE,STOPPED
="2026-09-07 09:14:44",80341,488752,116012,372739,1000000,+0.0155,0.1700,-0.0,-1.7,-0.2175,NONE,STOPPED
="2026-09-07 09:14:45",80341,381663,116012,265650,1000000,+0.0155,0.1700,+0.0,-1.7,-0.2137,NONE,STOPPED
="2026-09-07 09:14:46",80341,381663,116012,265650,1000000,+0.0155,0.1700,+0.0,-8.7,-0.2098,NONE,STOPPED
="2026-09-07 09:14:47",80341,366637,116012,250625,1000000,+0.0131,0.1700,+0.0,-8.7,-0.2015,NONE,STOPPED
="2026-09-07 09:14:48",80341,366637,116012,250625,1000000,+0.0131,0.1700,+0.0,-8.7,-0.2015,NONE,STOPPED
="2026-09-07 09:14:49",80344,366637,116012,250625,1000000,+0.0133,0.1700,+3.3,-5.4,-0.1608,NONE,STOPPED
="2026-09-07 09:14:50",80344,366637,116012,250625,1000000,+0.0133,0.1700,+3.3,-5.4,-0.1420,NONE,STOPPED
="2026-09-07 09:14:51",80344,366637,116012,250625,1000000,+0.0124,0.1700,+3.3,-5.4,-0.1245,NONE,STOPPED
="2026-09-07 09:14:52",80344,366637,116012,250625,1000000,+0.0124,0.1700,+3.3,-5.4,-0.1081,NONE,STOPPED
="2026-09-07 09:14:53",80344,366637,116012,250625,1000000,+0.0124,0.1700,+3.3,-5.4,-0.0927,NONE,STOPPED
="2026-09-07 09:14:54",80341,366637,116012,250625,1000000,+0.0125,0.1700,-3.3,-8.7,-0.0910,NONE,STOPPED
="2026-09-07 09:14:55",80341,366637,116012,250625,1000000,+0.0125,0.1700,-3.3,-8.7,-0.0889,NONE,STOPPED
="2026-09-07 09:14:56",80341,366637,116012,250625,1000000,+0.0125,0.1700,-3.3,-8.7,-0.0864,NONE,STOPPED
="2026-09-07 09:14:57",80341,366637,116012,250625,1000000,+0.0118,0.1700,-3.3,-8.7,-0.0837,NONE,STOPPED
="2026-09-07 09:14:58",80341,450882,216345,234536,1000000,+0.0118,0.1700,-3.3,-8.7,-0.0837,NONE,STOPPED
="2026-09-07 09:14:59",80328,450882,216345,234536,1000000,+0.0118,0.1700,-13.3,-22.0,-0.1758,NONE,STOPPED
="2026-09-07 09:15:00",80328,450882,216345,234536,1000000,+0.0118,0.1700,-13.3,-28.0,-0.1749,NONE,STOPPED
="2026-09-07 09:15:01",80328,311830,216345,95484,1000000,+0.0118,0.1700,-13.3,-28.0,-0.2440,NONE,STOPPED
="2026-09-07 09:15:02",80328,311830,216345,95484,1000000,+0.0111,0.1700,-13.3,-35.9,-0.2696,NONE,STOPPED
="2026-09-07 09:15:03",80328,361829,216345,145484,1000000,+0.0111,0.1700,-13.3,-35.9,-0.2864,NONE,STOPPED
="2026-09-07 09:15:04",80328,361829,216345,145484,1000000,+0.0103,0.1700,-0.0,-35.9,-0.2997,NONE,STOPPED
="2026-09-07 09:15:05",80328,415904,216345,199559,1000000,+0.0103,0.1700,-0.0,-35.9,-0.2997,NONE,STOPPED
="2026-09-07 09:15:06",80328,415904,216345,199559,1000000,+0.0093,0.1700,-0.0,-35.9,-0.3097,NONE,STOPPED
="2026-09-07 09:15:07",80328,415904,216345,199559,1000000,+0.0093,0.1700,+0.0,-35.9,-0.3210,NONE,STOPPED
="2026-09-07 09:15:08",80322,415904,216345,199559,1000000,+0.0093,0.1700,-6.0,-28.0,-0.3461,NONE,STOPPED
="2026-09-07 09:15:09",80322,368564,169004,199559,1000000,+0.0093,0.1700,-6.0,-28.0,-0.3750,NONE,STOPPED
="2026-09-07 09:15:10",80322,368564,169004,199559,1000000,+0.0082,0.1700,-6.0,-18.0,-0.3994,NONE,STOPPED
="2026-09-07 09:15:11",80322,368564,169004,199559,1000000,+0.0082,0.1700,-6.0,-18.0,-0.4258,NONE,STOPPED
="2026-09-07 09:15:12",80322,368564,169004,199559,1000000,-0.0103,0.1700,-6.0,-18.0,-0.4482,NONE,STOPPED
="2026-09-07 09:15:13",80322,368564,169004,199559,1000000,-0.0104,0.1700,-0.0,-18.0,-0.4670,NONE,STOPPED
="2026-09-07 09:15:14",80322,368564,169004,199559,1000000,-0.0104,0.1700,-0.0,-18.0,-0.4670,NONE,STOPPED
="2026-09-07 09:15:15",80322,368564,169004,199559,1000000,-0.0132,0.1700,+0.0,-18.0,-0.4949,NONE,STOPPED
="2026-09-07 09:15:16",80322,368564,169004,199559,1000000,-0.0132,0.1700,-0.0,-17.4,-0.5044,NONE,STOPPED
="2026-09-07 09:15:17",80322,368564,169004,199559,1000000,-0.0131,0.1700,-0.0,-16.0,-0.5117,NONE,STOPPED
="2026-09-07 09:15:18",80322,380034,169004,211029,1000000,-0.0132,0.1700,+0.0,-16.0,-0.5174,NONE,STOPPED
="2026-09-07 09:15:19",80332,380034,169004,211029,1000000,-0.0133,0.1700,+10.0,-6.0,-0.4821,NONE,STOPPED
="2026-09-07 09:15:20",80332,380034,169004,211029,1000000,-0.0133,0.1700,+10.0,-6.0,-0.4487,NONE,STOPPED
="2026-09-07 09:15:21",80332,380034,169004,211029,1000000,-0.0128,0.1700,+10.0,-6.0,-0.4171,NONE,STOPPED
="2026-09-07 09:15:22",80332,380034,169004,211029,1000000,-0.0124,0.1700,+10.0,-6.0,-0.3872,NONE,STOPPED
="2026-09-07 09:15:23",80332,380034,169004,211029,1000000,-0.0124,0.1700,+10.0,-6.0,-0.3872,NONE,STOPPED
="2026-09-07 09:15:24",80335,380034,169004,211029,1000000,-0.0121,0.1700,+14.0,-2.0,-0.3433,NONE,STOPPED
="2026-09-07 09:15:25",80335,380034,169004,211029,1000000,-0.0121,0.1700,+4.0,-2.0,-0.2647,NONE,STOPPED
="2026-09-07 09:15:26",80326,309983,169004,140978,1000000,-0.0121,0.1700,-5.8,-11.8,-0.2676,NONE,STOPPED
="2026-09-07 09:15:27",80326,309983,169004,140978,1000000,-0.0120,0.1700,-5.8,-17.5,-0.2692,NONE,STOPPED
="2026-09-07 09:15:28",80326,284549,169004,115544,1000000,-0.0116,0.1700,-9.8,-17.5,-0.2661,NONE,STOPPED
="2026-09-07 09:15:29",80326,284549,169004,115544,1000000,-0.0116,0.1700,-9.8,-17.5,-0.2622,NONE,STOPPED
="2026-09-07 09:15:30",80326,284549,169004,115544,1000000,-0.0116,0.1700,-9.8,-17.5,-0.2573,NONE,STOPPED
="2026-09-07 09:15:31",80326,215877,100332,115544,1000000,-0.0119,0.1700,-9.8,-15.1,-0.2516,NONE,STOPPED
="2026-09-07 09:15:32",80326,215877,100332,115544,1000000,-0.0119,0.1700,-9.8,-15.1,-0.2465,NONE,STOPPED
="2026-09-07 09:15:33",80326,215877,100332,115544,1000000,-0.0077,0.1700,-9.8,-15.1,-0.2465,NONE,STOPPED
="2026-09-07 09:15:34",80326,215877,100332,115544,1000000,-0.0077,0.1700,-0.0,-15.1,-0.2409,NONE,STOPPED
="2026-09-07 09:15:35",80322,215877,100332,115544,1000000,-0.0079,0.1700,-4.2,-19.3,-0.2442,NONE,STOPPED
="2026-09-07 09:15:36",80322,215877,100332,115544,1000000,-0.0079,0.1700,-4.2,-19.3,-0.2516,NONE,STOPPED
="2026-09-07 09:15:37",80322,215877,100332,115544,1000000,-0.0079,0.1700,-4.2,-19.3,-0.2570,NONE,STOPPED
="2026-09-07 09:15:38",80295,299589,164067,135522,1000000,-0.0091,0.1700,-31.0,-46.1,-0.3647,NONE,STOPPED
="2026-09-07 09:15:39",80295,309891,164067,145824,1000000,-0.0059,0.1700,-30.9,-46.1,-0.4603,NONE,STOPPED
="2026-09-07 09:15:40",80295,309891,164067,145824,1000000,-0.0059,0.1700,-26.7,-46.1,-0.5446,NONE,STOPPED
="2026-09-07 09:15:41",80294,309891,164067,145824,1000000,-0.0059,0.1700,-28.0,-47.3,-0.6233,NONE,STOPPED
="2026-09-07 09:15:42",80294,309891,164067,145824,1000000,-0.0037,0.1700,-28.0,-47.3,-0.6919,NONE,STOPPED
="2026-09-07 09:15:43",80294,309891,164067,145824,1000000,-0.0037,0.1700,-28.0,-47.3,-0.6919,NONE,STOPPED
="2026-09-07 09:15:44",80295,309891,164067,145824,1000000,-0.0009,0.1700,-0.2,-46.2,-0.7469,NONE,STOPPED
="2026-09-07 09:15:45",80295,309891,164067,145824,1000000,-0.0009,0.1700,-0.2,-46.2,-0.8325,NONE,STOPPED
="2026-09-07 09:15:46",80295,309891,164067,145824,1000000,-0.0009,0.1700,+1.1,-46.2,-0.8645,NONE,STOPPED
="2026-09-07 09:15:47",80295,309891,164067,145824,1000000,+0.0005,0.1700,+1.1,-49.5,-0.8900,NONE,STOPPED
="2026-09-07 09:15:48",80295,309891,164067,145824,1000000,+0.0003,0.1700,+0.0,-49.5,-0.9075,NONE,STOPPED
="2026-09-07 09:15:49",80295,309891,164067,145824,1000000,+0.0003,0.1700,+0.0,-49.5,-0.9196,NONE,STOPPED
="2026-09-07 09:15:50",80295,309891,164067,145824,1000000,+0.0003,0.1700,+0.0,-49.5,-0.9268,NONE,STOPPED
="2026-09-07 09:15:51",80294,343732,197907,145824,1000000,+0.0003,0.1700,-1.1,-50.6,-0.9336,NONE,STOPPED
="2026-09-07 09:15:52",80294,391802,245977,145824,1000000,+0.0003,0.1700,-1.1,-50.6,-0.9336,NONE,STOPPED
="2026-09-07 09:15:53",80278,391802,245977,145824,1000000,+0.0000,0.1700,-17.1,-66.6,-0.9982,NONE,STOPPED
="2026-09-07 09:15:54",80279,411672,245977,165695,1000000,+0.0000,0.1700,-15.8,-62.0,-1.0937,NONE,STOPPED
="2026-09-07 09:15:55",80279,411672,245977,165695,1000000,+0.0000,0.1700,-15.7,-61.9,-1.1262,NONE,STOPPED
="2026-09-07 09:15:56",80279,411672,245977,165695,1000000,-0.0017,0.1700,-14.6,-61.9,-1.1509,NONE,STOPPED
="2026-09-07 09:15:57",80279,411672,245977,165695,1000000,-0.0006,0.1700,+1.4,-48.6,-1.1686,NONE,STOPPED
="2026-09-07 09:15:58",80279,311340,145645,165695,1000000,-0.0006,0.1700,+1.4,-48.6,-1.1878,NONE,STOPPED
="2026-09-07 09:15:59",80279,311340,145645,165695,1000000,-0.0011,0.1700,+0.1,-48.6,-1.2010,NONE,STOPPED
="2026-09-07 09:16:00",80279,311340,145645,165695,1000000,-0.0011,0.1700,+0.1,-48.6,-1.2085,NONE,STOPPED
="2026-09-07 09:16:01",80279,311340,145645,165695,1000000,-0.0011,0.1700,+0.1,-48.6,-1.2085,NONE,STOPPED
="2026-09-07 09:16:02",80279,311340,145645,165695,1000000,+0.0029,0.1700,+0.0,-48.6,-1.2087,NONE,STOPPED
="2026-09-07 09:16:03",80279,261340,145645,115695,1000000,+0.0029,0.1700,+0.0,-48.6,-1.2022,NONE,STOPPED
="2026-09-07 09:16:04",80279,261340,145645,115695,1000000,+0.0038,0.1700,-0.0,-48.6,-1.1919,NONE,STOPPED
="2026-09-07 09:16:05",80269,207265,145645,61620,1000000,+0.0038,0.1700,-9.8,-58.4,-1.2162,NONE,STOPPED
="2026-09-07 09:16:06",80269,207265,145645,61620,1000000,+0.0038,0.1700,-9.8,-58.4,-1.2335,NONE,STOPPED
="2026-09-07 09:16:07",80269,207265,145645,61620,1000000,+0.0038,0.1700,-9.8,-52.4,-1.2444,NONE,STOPPED
="2026-09-07 09:16:08",80269,207265,145645,61620,1000000,+0.0038,0.1700,-9.8,-52.4,-1.2530,NONE,STOPPED
="2026-09-07 09:16:09",80269,207265,145645,61620,1000000,+0.0043,0.1700,-9.8,-52.4,-1.2562,NONE,STOPPED
="2026-09-07 09:16:10",80269,207265,145645,61620,1000000,+0.0053,0.1700,-9.8,-52.4,-1.2562,NONE,STOPPED
="2026-09-07 09:16:11",80269,207265,145645,61620,1000000,+0.0052,0.1700,+0.0,-52.4,-1.2480,NONE,STOPPED
="2026-09-07 09:16:12",80275,234284,145645,88639,1000000,+0.0052,0.1700,+5.9,-46.5,-1.2144,NONE,STOPPED
="2026-09-07 09:16:13",80275,234284,145645,88639,1000000,+0.0053,0.1700,+5.9,-46.5,-1.1794,NONE,STOPPED
="2026-09-07 09:16:14",80275,234284,145645,88639,1000000,+0.0057,0.1700,+5.9,-46.5,-1.1432,NONE,STOPPED
="2026-09-07 09:16:15",80275,234284,145645,88639,1000000,+0.0057,0.1700,+5.9,-46.5,-1.1059,NONE,STOPPED
="2026-09-07 09:16:16",80275,234284,145645,88639,1000000,+0.0057,0.1700,+5.9,-46.5,-1.0678,NONE,STOPPED
="2026-09-07 09:16:17",80275,234284,145645,88639,1000000,+0.0062,0.1700,+0.0,-46.5,-1.0289,NONE,STOPPED
="2026-09-07 09:16:18",80275,222814,145645,77169,1000000,+0.0062,0.1700,+0.0,-56.4,-0.9895,NONE,STOPPED
="2026-09-07 09:16:19",80275,222814,145645,77169,1000000,+0.0063,0.1700,+0.0,-56.4,-0.9895,NONE,STOPPED
="2026-09-07 09:16:20",80275,222814,145645,77169,1000000,+0.0063,0.1700,+0.0,-56.4,-0.9435,NONE,STOPPED
="2026-09-07 09:16:21",80275,222814,145645,77169,1000000,+0.0061,0.1700,+0.0,-56.4,-0.8512,NONE,STOPPED
="2026-09-07 09:16:22",80277,222814,145645,77169,1000000,+0.0058,0.1700,+2.4,-58.0,-0.7956,NONE,STOPPED
="2026-09-07 09:16:23",80277,222814,145645,77169,1000000,+0.0058,0.1700,+2.4,-58.0,-0.7385,NONE,STOPPED
="2026-09-07 09:16:24",80277,222814,145645,77169,1000000,+0.0057,0.1700,+2.4,-58.0,-0.6827,NONE,STOPPED
="2026-09-07 09:16:25",80277,222814,145645,77169,1000000,+0.0057,0.1700,+2.4,-48.2,-0.6280,NONE,STOPPED
="2026-09-07 09:16:26",80277,222814,145645,77169,1000000,+0.0057,0.1700,+2.4,-48.2,-0.5804,NONE,STOPPED
="2026-09-07 09:16:27",80277,222814,145645,77169,1000000,+0.0057,0.1700,+2.4,-48.2,-0.5338,NONE,STOPPED
="2026-09-07 09:16:28",80277,222814,145645,77169,1000000,+0.0054,0.1700,+2.4,-48.2,-0.4883,NONE,STOPPED
="2026-09-07 09:16:29",80277,222814,145645,77169,1000000,+0.0035,0.1700,+2.4,-48.2,-0.4883,NONE,STOPPED
="2026-09-07 09:16:30",80277,222814,145645,77169,1000000,+0.0035,0.1700,+2.4,-48.2,-0.4439,NONE,STOPPED
="2026-09-07 09:16:31",80277,222814,145645,77169,1000000,+0.0038,0.1700,+2.4,-48.2,-0.3581,NONE,STOPPED
="2026-09-07 09:16:32",80277,222814,145645,77169,1000000,+0.0038,0.1700,+0.0,-48.2,-0.3167,NONE,STOPPED
="2026-09-07 09:16:33",80277,222814,145645,77169,1000000,+0.0038,0.1700,+0.0,-48.2,-0.2948,NONE,STOPPED
="2026-09-07 09:16:34",80278,222814,145645,77169,1000000,+0.0038,0.1700,+0.0,-44.0,-0.2505,NONE,STOPPED
="2026-09-07 09:16:35",80277,222814,145645,77169,1000000,+0.0040,0.1700,+0.0,-44.0,-0.2110,NONE,STOPPED
="2026-09-07 09:16:36",80277,222814,145645,77169,1000000,+0.0040,0.1700,+0.0,-44.0,-0.1734,NONE,STOPPED
="2026-09-07 09:16:37",80279,222814,145645,77169,1000000,+0.0052,0.1700,+2.0,-15.3,-0.1292,NONE,STOPPED
="2026-09-07 09:16:38",80280,139102,81910,57191,1000000,+0.0050,0.1700,+2.0,-15.3,-0.1038,NONE,STOPPED
="2026-09-07 09:16:39",80280,128799,81910,46889,1000000,+0.0050,0.1700,+2.0,-15.3,-0.1038,NONE,STOPPED
="2026-09-07 09:16:40",80280,128799,81910,46889,1000000,+0.0050,0.1700,+2.0,-14.0,-0.0582,NONE,STOPPED
="2026-09-07 09:16:41",80282,128799,81910,46889,1000000,+0.0050,0.1700,+4.0,-12.0,-0.0302,NONE,STOPPED
="2026-09-07 09:16:42",80282,128799,81910,46889,1000000,+0.0050,0.1700,+2.0,-13.1,-0.0045,NONE,STOPPED
="2026-09-07 09:16:43",80282,128799,81910,46889,1000000,+0.0021,0.1700,+2.0,-13.1,+0.0200,NONE,STOPPED
="2026-09-07 09:16:44",80282,128799,81910,46889,1000000,+0.0021,0.1700,+2.0,-13.1,+0.0427,NONE,STOPPED
="2026-09-07 09:16:45",80282,128799,81910,46889,1000000,+0.0028,0.1700,+2.0,-13.1,+0.0637,NONE,STOPPED
="2026-09-07 09:16:46",80276,128799,81910,46889,1000000,+0.0014,0.1700,-6.0,-19.1,+0.0597,NONE,STOPPED
="2026-09-07 09:16:47",80271,128799,81910,46889,1000000,+0.0014,0.1700,-10.4,-23.5,+0.0394,NONE,STOPPED
="2026-09-07 09:16:48",80271,128799,81910,46889,1000000,+0.0012,0.1700,-10.4,-23.5,+0.0220,NONE,STOPPED
="2026-09-07 09:16:49",80271,128799,81910,46889,1000000,+0.0012,0.1700,-10.4,-23.5,+0.0220,NONE,STOPPED
="2026-09-07 09:16:50",80271,128799,81910,46889,1000000,+0.0012,0.1700,-10.4,-22.4,-0.0054,NONE,STOPPED
="2026-09-07 09:16:51",80271,94959,48070,46889,1000000,+0.0010,0.1700,-4.4,-6.4,-0.0165,NONE,STOPPED
="2026-09-07 09:16:52",80271,46889,0,46889,1000000,+0.0010,0.1700,+0.0,-6.4,-0.0353,NONE,STOPPED
="2026-09-07 09:16:53",80271,46889,0,46889,1000000,+0.0013,0.1700,+0.0,-7.7,-0.0520,NONE,STOPPED
="2026-09-07 09:16:54",80271,27018,0,27018,1000000,+0.0012,0.1700,-0.0,-7.8,-0.0662,NONE,STOPPED
="2026-09-07 09:16:55",80271,27018,0,27018,1000000,+0.0012,0.1700,+0.0,-7.8,-0.0785,NONE,STOPPED
="2026-09-07 09:16:56",80271,27018,0,27018,1000000,+0.0028,0.1700,-0.0,-7.9,-0.0893,NONE,STOPPED
="2026-09-07 09:16:57",80271,27018,0,27018,1000000,+0.0029,0.1700,+0.0,-7.9,-0.0986,NONE,STOPPED
="2026-09-07 09:16:58",80271,27018,0,27018,1000000,+0.0029,0.1700,+0.0,-7.9,-0.1066,NONE,STOPPED
="2026-09-07 09:16:59",80271,27018,0,27018,1000000,+0.0034,0.1700,+0.0,-7.9,-0.1066,NONE,STOPPED
="2026-09-07 09:17:00",80269,27018,0,27018,1000000,+0.0034,0.1700,-1.6,-9.4,-0.1306,NONE,STOPPED
="2026-09-07 09:17:01",80270,27018,0,27018,1000000,+0.0033,0.1700,-1.6,-9.4,-0.1401,NONE,STOPPED
="2026-09-07 09:17:02",80270,27018,0,27018,1000000,-0.0008,0.1700,-1.6,-9.4,-0.1481,NONE,STOPPED
="2026-09-07 09:17:03",80270,27018,0,27018,1000000,-0.0008,0.1700,-1.6,-9.4,-0.1547,NONE,STOPPED
="2026-09-07 09:17:04",80270,27018,0,27018,1000000,-0.0015,0.1700,-1.6,-9.4,-0.1547,NONE,STOPPED
="2026-09-07 09:17:05",80270,27018,0,27018,1000000,-0.0015,0.1700,-1.6,+0.4,-0.1600,NONE,STOPPED
="2026-09-07 09:17:06",80261,38603,11585,27018,1000000,-0.0015,0.1700,-8.4,-8.0,-0.2132,NONE,STOPPED
="2026-09-07 09:17:07",80261,38603,11585,27018,1000000,-0.0015,0.1700,-8.4,-8.0,-0.2503,NONE,STOPPED
="2026-09-07 09:17:08",80250,118311,91292,27018,1000000,-0.0015,0.1700,-19.9,-19.5,-0.3283,NONE,STOPPED
="2026-09-07 09:17:09",80250,118311,91292,27018,1000000,-0.0020,0.1700,-19.9,-19.5,-0.3980,NONE,STOPPED
="2026-09-07 09:17:10",80250,118311,91292,27018,1000000,-0.0050,0.1700,-19.5,-19.5,-0.4600,NONE,STOPPED
="2026-09-07 09:17:11",80250,118311,91292,27018,1000000,-0.0048,0.1700,-11.5,-25.4,-0.5150,NONE,STOPPED
="2026-09-07 09:17:12",80250,91292,91292,0,1000000,-0.0048,0.1700,-11.5,-25.4,-0.5595,NONE,STOPPED
="2026-09-07 09:17:13",80250,150800,150800,0,1000000,-0.0050,0.1700,-11.5,-25.4,-0.5595,NONE,STOPPED
="2026-09-07 09:17:14",80225,150800,150800,0,1000000,-0.0055,0.1700,-25.1,-50.6,-0.6967,NONE,STOPPED
="2026-09-07 09:17:15",80212,162632,162632,0,1000000,-0.0055,0.1700,-38.1,-63.6,-0.9767,NONE,STOPPED
="2026-09-07 09:17:16",80202,285919,285919,0,1000000,+0.0043,0.1700,-48.1,-73.5,-1.1560,NONE,STOPPED
="2026-09-07 09:17:17",80202,358082,358082,0,1000000,+0.0037,0.1700,-48.1,-73.5,-1.3141,NONE,STOPPED
="2026-09-07 09:17:18",80202,358082,358082,0,1000000,+0.0037,0.1700,-23.0,-73.5,-1.4526,NONE,STOPPED
="2026-09-07 09:17:19",80203,448141,358082,90058,1000000,+0.0051,0.1700,-21.0,-71.6,-1.5652,NONE,STOPPED
="2026-09-07 09:17:20",80205,448141,358082,90058,1000000,+0.0051,0.1700,-6.7,-70.3,-1.6566,NONE,STOPPED
="2026-09-07 09:17:21",80206,461962,358082,103879,1000000,+0.0053,0.1700,+4.6,-71.4,-1.7286,NONE,STOPPED
="2026-09-07 09:17:22",80206,461962,358082,103879,1000000,+0.0124,0.1700,+4.6,-71.4,-1.7863,NONE,STOPPED
="2026-09-07 09:17:23",80206,461962,358082,103879,1000000,+0.0124,0.1700,+4.6,-71.4,-1.7863,NONE,STOPPED
="2026-09-07 09:17:24",80206,461962,358082,103879,1000000,+0.0124,0.1700,+2.6,-71.4,-1.8675,NONE,STOPPED
="2026-09-07 09:17:25",80192,615216,511336,103879,1000000,+0.0133,0.1700,-12.6,-85.3,-1.9478,NONE,STOPPED
="2026-09-07 09:17:26",80198,634555,511336,123218,1000000,+0.0133,0.1700,-7.7,-79.1,-1.9887,NONE,STOPPED
="2026-09-07 09:17:27",80198,634555,511336,123218,1000000,+0.0133,0.1700,-7.6,-79.1,-2.0186,NONE,STOPPED
="2026-09-07 09:17:28",80198,634555,511336,123218,1000000,+0.0134,0.1700,-7.7,-79.1,-2.0384,NONE,STOPPED
="2026-09-07 09:17:29",80198,634555,511336,123218,1000000,+0.0134,0.1700,-7.7,-79.1,-2.0489,NONE,STOPPED
="2026-09-07 09:17:30",80198,634555,511336,123218,1000000,+0.0152,0.1700,+6.3,-79.1,-2.0508,NONE,STOPPED
="2026-09-07 09:17:31",80198,634555,511336,123218,1000000,+0.0486,0.1700,+0.0,-79.1,-2.0451,NONE,STOPPED
="2026-09-07 09:17:32",80198,634555,511336,123218,1000000,+0.0486,0.1700,+0.0,-79.1,-2.0451,NONE,STOPPED
="2026-09-07 09:17:33",80198,634555,511336,123218,1000000,+0.0486,0.1700,-0.0,-79.1,-1.9934,NONE,STOPPED
="2026-09-07 09:17:34",80204,634555,511336,123218,1000000,+0.0494,0.1700,+5.8,-73.3,-1.9466,NONE,STOPPED
="2026-09-07 09:17:35",80205,634555,511336,123218,1000000,+0.0494,0.1700,+7.1,-72.0,-1.8919,NONE,STOPPED
="2026-09-07 09:17:36",80206,634555,511336,123218,1000000,+0.0494,0.1700,+7.1,-74.0,-1.8352,NONE,STOPPED
="2026-09-07 09:17:37",80206,634555,511336,123218,1000000,+0.0494,0.1700,+7.1,-74.0,-1.7756,NONE,STOPPED
="2026-09-07 09:17:38",80205,634555,511336,123218,1000000,+0.0530,0.1700,+7.1,-74.0,-1.7146,NONE,STOPPED
="2026-09-07 09:17:39",80205,634555,511336,123218,1000000,+0.0530,0.1700,+1.3,-74.0,-1.6526,NONE,STOPPED
="2026-09-07 09:17:40",80206,634555,511336,123218,1000000,+0.0530,0.1700,+0.0,-76.0,-1.5895,NONE,STOPPED
="2026-09-07 09:17:41",80207,634555,511336,123218,1000000,+0.0530,0.1700,+1.3,-74.7,-1.5195,NONE,STOPPED
="2026-09-07 09:17:42",80207,634555,511336,123218,1000000,+0.0530,0.1700,+1.3,-74.7,-1.5195,NONE,STOPPED
="2026-09-07 09:17:43",80207,634555,511336,123218,1000000,+0.0530,0.1700,+1.3,-74.7,-1.3798,NONE,STOPPED
="2026-09-07 09:17:44",80207,634555,511336,123218,1000000,+0.0529,0.1700,+1.3,-74.7,-1.3103,NONE,STOPPED
="2026-09-07 09:17:45",80207,634555,511336,123218,1000000,+0.0523,0.1700,+1.3,-68.7,-1.2411,NONE,STOPPED
="2026-09-07 09:17:46",80207,634555,511336,123218,1000000,+0.0523,0.1700,+0.0,-64.3,-1.1761,NONE,STOPPED
="2026-09-07 09:17:47",80207,634555,511336,123218,1000000,+0.0522,0.1700,+0.0,-64.3,-1.1143,NONE,STOPPED
="2026-09-07 09:17:48",80207,634555,511336,123218,1000000,+0.0523,0.1700,+0.0,-64.3,-1.0531,NONE,STOPPED
="2026-09-07 09:17:49",80207,634555,511336,123218,1000000,+0.0523,0.1700,+1.3,-64.3,-0.9925,NONE,STOPPED
="2026-09-07 09:17:50",80207,634555,511336,123218,1000000,+0.0526,0.1700,+1.3,-64.3,-0.9326,NONE,STOPPED
="2026-09-07 09:17:51",80207,634555,511336,123218,1000000,+0.0526,0.1700,+1.3,-64.3,-0.9326,NONE,STOPPED
="2026-09-07 09:17:52",80207,634555,511336,123218,1000000,+0.0526,0.1700,+0.0,-64.3,-0.8734,NONE,STOPPED
="2026-09-07 09:17:53",80207,680934,557715,123218,1000000,+0.0522,0.1700,+0.0,-64.3,-0.7576,NONE,STOPPED
="2026-09-07 09:17:54",80207,680934,557715,123218,1000000,+0.0523,0.1700,+0.0,-64.3,-0.7009,NONE,STOPPED
="2026-09-07 09:17:55",80207,680934,557715,123218,1000000,+0.0523,0.1700,-0.0,-64.3,-0.6453,NONE,STOPPED
="2026-09-07 09:17:56",80209,699351,576132,123218,1000000,+0.0526,0.1700,+2.7,-61.6,-0.5800,NONE,STOPPED
="2026-09-07 09:17:57",80209,699351,576132,123218,1000000,+0.0525,0.1700,+2.7,-61.6,-0.5168,NONE,STOPPED
="2026-09-07 09:17:58",80210,699351,576132,123218,1000000,+0.0525,0.1700,+2.7,-60.0,-0.4556,NONE,STOPPED
="2026-09-07 09:17:59",80210,699351,576132,123218,1000000,+0.0525,0.1700,+2.7,-60.0,-0.3973,NONE,STOPPED
="2026-09-07 09:18:00",80212,699351,576132,123218,1000000,+0.0527,0.1700,+5.4,-57.3,-0.3579,NONE,STOPPED
="2026-09-07 09:18:01",80204,717421,576132,141288,1000000,+0.0527,0.1700,-6.0,-66.0,-0.3003,NONE,STOPPED
="2026-09-07 09:18:02",80204,717421,576132,141288,1000000,+0.0548,0.1700,-6.0,-66.0,-0.2694,NONE,STOPPED
="2026-09-07 09:18:03",80190,717421,576132,141288,1000000,+0.0555,0.1700,-19.1,-79.1,-0.2889,NONE,STOPPED
="2026-09-07 09:18:04",80190,717421,576132,141288,1000000,+0.0555,0.1700,-19.1,-79.1,-0.2889,NONE,STOPPED
="2026-09-07 09:18:05",80188,717421,576132,141288,1000000,+0.0557,0.1700,-22.0,-81.6,-0.3141,NONE,STOPPED
="2026-09-07 09:18:06",80186,705836,564547,141288,1000000,+0.0557,0.1700,-17.5,-75.2,-0.3578,NONE,STOPPED
="2026-09-07 09:18:07",80186,731836,564547,167288,1000000,+0.0557,0.1700,-17.5,-63.7,-0.3762,NONE,STOPPED
="2026-09-07 09:18:08",80186,652128,484840,167288,1000000,+0.0554,0.1700,-4.4,-63.7,-0.3962,NONE,STOPPED
="2026-09-07 09:18:09",80186,652128,484840,167288,1000000,+0.0584,0.1700,-1.5,-63.7,-0.4109,NONE,STOPPED
="2026-09-07 09:18:10",80186,652128,484840,167288,1000000,+0.0584,0.1700,-1.5,-63.7,-0.4209,NONE,STOPPED
="2026-09-07 09:18:11",80186,652128,484840,167288,1000000,+0.0569,0.1700,-1.5,-63.7,-0.4266,NONE,STOPPED
="2026-09-07 09:18:12",80186,652128,484840,167288,1000000,+0.0569,0.1700,+0.0,-38.5,-0.4282,NONE,STOPPED
="2026-09-07 09:18:13",80186,592620,425331,167288,1000000,+0.0571,0.1700,-0.0,-38.5,-0.4415,NONE,STOPPED
="2026-09-07 09:18:14",80186,592620,425331,167288,1000000,+0.0565,0.1700,-0.0,-38.5,-0.4415,NONE,STOPPED
="2026-09-07 09:18:15",80186,580788,413499,167288,1000000,+0.0565,0.1700,+0.0,-15.5,-0.4654,NONE,STOPPED
="2026-09-07 09:18:16",80186,493278,325990,167288,1000000,+0.0467,0.1700,-0.0,-15.5,-0.4824,NONE,STOPPED
="2026-09-07 09:18:17",80186,421115,253826,167288,1000000,+0.0467,0.1700,+0.0,-15.5,-0.4963,NONE,STOPPED
="2026-09-07 09:18:18",80186,421115,253826,167288,1000000,+0.0469,0.1700,+0.0,-17.5,-0.5073,NONE,STOPPED
="2026-09-07 09:18:19",80186,331056,253826,77229,1000000,+0.0455,0.1700,+0.0,-18.8,-0.5145,NONE,STOPPED
="2026-09-07 09:18:20",80186,331056,253826,77229,1000000,+0.0447,0.1700,+0.0,-20.1,-0.5185,NONE,STOPPED
="2026-09-07 09:18:21",80183,815569,609722,205846,1000000,+0.0447,0.1700,-2.7,-22.8,-0.5300,NONE,STOPPED
="2026-09-07 09:18:22",80192,815569,609722,205846,1000000,+0.0377,0.1700,+5.6,-14.4,-0.5061,NONE,STOPPED
="2026-09-07 09:18:23",80192,815569,609722,205846,1000000,+0.0377,0.1700,+5.6,-14.4,-0.5061,NONE,STOPPED
="2026-09-07 09:18:24",80192,815569,609722,205846,1000000,+0.0374,0.1700,+5.9,-14.2,-0.4818,NONE,STOPPED
="2026-09-07 09:18:25",80192,662315,456468,205846,1000000,+0.0366,0.1700,+5.8,-6.6,-0.4435,NONE,STOPPED
="2026-09-07 09:18:26",80192,642976,456468,186507,1000000,+0.0578,0.1700,+8.5,-6.6,-0.4255,NONE,STOPPED
="2026-09-07 09:18:27",80193,642976,456468,186507,1000000,+0.0578,0.1700,+1.6,-5.1,-0.4022,NONE,STOPPED
="2026-09-07 09:18:28",80193,642976,456468,186507,1000000,+0.0577,0.1700,+1.4,-5.1,-0.3801,NONE,STOPPED
="2026-09-07 09:18:29",80193,642976,456468,186507,1000000,+0.0566,0.1700,+1.4,-5.2,-0.3589,NONE,STOPPED
="2026-09-07 09:18:30",80193,642976,456468,186507,1000000,+0.0566,0.1700,+1.4,-5.2,-0.3386,NONE,STOPPED
="2026-09-07 09:18:31",80193,642976,456468,186507,1000000,+0.0232,0.1700,+1.4,-5.1,-0.3192,NONE,STOPPED
="2026-09-07 09:18:32",80193,642976,456468,186507,1000000,+0.0232,0.1700,+1.4,-5.1,-0.3006,NONE,STOPPED
="2026-09-07 09:18:33",80193,642976,456468,186507,1000000,+0.0232,0.1700,+1.4,-5.1,-0.3006,NONE,STOPPED
="2026-09-07 09:18:34",80193,642976,456468,186507,1000000,+0.0224,0.1700,-0.0,-12.2,-0.2625,NONE,STOPPED
="2026-09-07 09:18:35",80193,642976,456468,186507,1000000,+0.0224,0.1700,-0.0,-12.2,-0.2421,NONE,STOPPED
="2026-09-07 09:18:36",80193,642976,456468,186507,1000000,+0.0223,0.1700,-0.0,-12.2,-0.2225,NONE,STOPPED
="2026-09-07 09:18:37",80193,690255,456468,233786,1000000,+0.0223,0.1700,+0.0,-12.2,-0.2036,NONE,STOPPED
="2026-09-07 09:18:38",80193,690255,456468,233786,1000000,+0.0189,0.1700,+0.0,-12.2,-0.1855,NONE,STOPPED
="2026-09-07 09:18:39",80193,690255,456468,233786,1000000,+0.0192,0.1700,-0.0,-12.2,-0.1681,NONE,STOPPED
="2026-09-07 09:18:40",80193,690255,456468,233786,1000000,+0.0192,0.1700,-0.0,-13.5,-0.1514,NONE,STOPPED
="2026-09-07 09:18:41",80193,690255,456468,233786,1000000,+0.0192,0.1700,+0.0,-13.5,-0.1346,NONE,STOPPED
="2026-09-07 09:18:42",80193,690255,456468,233786,1000000,+0.0197,0.1700,+0.0,-13.5,-0.1346,NONE,STOPPED
="2026-09-07 09:18:43",80193,690255,456468,233786,1000000,+0.0198,0.1700,+0.0,-13.5,-0.1029,NONE,STOPPED
="2026-09-07 09:18:44",80193,690255,456468,233786,1000000,+0.0198,0.1700,-0.0,-13.5,-0.0880,NONE,STOPPED
="2026-09-07 09:18:45",80193,690255,456468,233786,1000000,+0.0198,0.1700,-0.0,-13.5,-0.0737,NONE,STOPPED
="2026-09-07 09:18:46",80193,690255,456468,233786,1000000,+0.0198,0.1700,-0.0,-13.5,-0.0599,NONE,STOPPED
="2026-09-07 09:18:47",80193,706744,472958,233786,1000000,+0.0199,0.1700,-0.0,-13.5,-0.0467,NONE,STOPPED
="2026-09-07 09:18:48",80193,706744,472958,233786,1000000,+0.0198,0.1700,+0.0,-13.5,-0.0339,NONE,STOPPED
="2026-09-07 09:18:49",80193,706744,472958,233786,1000000,+0.0198,0.1700,+0.0,-13.5,-0.0217,NONE,STOPPED
="2026-09-07 09:18:50",80193,706744,472958,233786,1000000,+0.0197,0.1700,-0.0,-13.5,-0.0099,NONE,STOPPED
="2026-09-07 09:18:51",80193,706744,472958,233786,1000000,+0.0198,0.1700,-0.0,-13.5,-0.0099,NONE,STOPPED
="2026-09-07 09:18:52",80193,720477,486690,233786,1000000,+0.0198,0.1700,-0.0,-13.5,+0.0121,NONE,STOPPED
="2026-09-07 09:18:53",80193,674098,440311,233786,1000000,+0.0202,0.1700,+0.0,-13.5,+0.0226,NONE,STOPPED
="2026-09-07 09:18:54",80193,674098,440311,233786,1000000,+0.0202,0.1700,-0.0,-13.5,+0.0326,NONE,STOPPED
="2026-09-07 09:18:55",80193,674098,440311,233786,1000000,+0.0202,0.1700,+0.0,-16.2,+0.0422,NONE,STOPPED
="2026-09-07 09:18:56",80193,655680,421894,233786,1000000,+0.0199,0.1700,-0.0,-16.2,+0.0531,NONE,STOPPED
="2026-09-07 09:18:57",80193,655680,421894,233786,1000000,+0.0199,0.1700,-0.0,-16.2,+0.0635,NONE,STOPPED
="2026-09-07 09:18:58",80193,655680,421894,233786,1000000,+0.0199,0.1700,-0.0,-16.2,+0.0736,NONE,STOPPED
="2026-09-07 09:18:59",80193,780633,546846,233786,1000000,+0.0199,0.1700,-0.0,-18.9,+0.0833,NONE,STOPPED
="2026-09-07 09:19:00",80193,780633,546846,233786,1000000,+0.0182,0.1700,-0.0,-10.3,+0.0942,NONE,STOPPED
="2026-09-07 09:19:01",80193,762563,546846,215716,1000000,+0.0182,0.1700,-0.0,-10.3,+0.0942,NONE,STOPPED
="2026-09-07 09:19:02",80176,777394,561677,215716,1000000,+0.0161,0.1700,-16.9,-14.1,+0.0388,NONE,STOPPED
="2026-09-07 09:19:03",80170,777394,561677,215716,1000000,+0.0170,0.1700,-23.0,-17.2,-0.0471,NONE,STOPPED
="2026-09-07 09:19:04",80170,777394,561677,215716,1000000,+0.0170,0.1700,-23.0,-17.2,-0.1262,NONE,STOPPED
="2026-09-07 09:19:05",80170,777394,561677,215716,1000000,+0.0168,0.1700,-23.0,-15.7,-0.1974,NONE,STOPPED
="2026-09-07 09:19:06",80164,792488,576772,215716,1000000,+0.0153,0.1700,-29.6,-22.3,-0.2878,NONE,STOPPED
="2026-09-07 09:19:07",80146,817307,627590,189716,1000000,+0.0153,0.1700,-29.9,-39.5,-0.4359,NONE,STOPPED
="2026-09-07 09:19:08",80146,817307,627590,189716,1000000,+0.0156,0.1700,-23.9,-39.5,-0.5684,NONE,STOPPED
="2026-09-07 09:19:09",80146,817307,627590,189716,1000000,+0.0156,0.1700,-23.9,-39.5,-0.5684,NONE,STOPPED
="2026-09-07 09:19:10",80134,817307,627590,189716,1000000,+0.0158,0.1700,-36.4,-52.1,-0.8839,NONE,STOPPED
="2026-09-07 09:19:11",80134,817307,627590,189716,1000000,+0.0173,0.1700,-29.8,-52.1,-1.0155,NONE,STOPPED
="2026-09-07 09:19:12",80134,817307,627590,189716,1000000,+0.0146,0.1700,-12.6,-52.1,-1.1312,NONE,STOPPED
="2026-09-07 09:19:13",80136,817307,627590,189716,1000000,+0.0146,0.1700,-10.0,-49.6,-1.2222,NONE,STOPPED
="2026-09-07 09:19:14",80142,817307,627590,189716,1000000,+0.0152,0.1700,+8.5,-43.7,-1.2778,NONE,STOPPED
="2026-09-07 09:19:15",80142,817307,627590,189716,1000000,+0.0152,0.1700,+8.4,-43.7,-1.3241,NONE,STOPPED
="2026-09-07 09:19:16",80142,781530,591813,189716,1000000,+0.0200,0.1700,+8.5,-43.7,-1.3618,NONE,STOPPED
="2026-09-07 09:19:17",80142,781530,591813,189716,1000000,+0.0199,0.1700,+8.4,-43.7,-1.3916,NONE,STOPPED
="2026-09-07 09:19:18",80142,781530,591813,189716,1000000,+0.0199,0.1700,+8.4,-43.7,-1.3916,NONE,STOPPED
="2026-09-07 09:19:19",80142,781530,591813,189716,1000000,+0.0204,0.1700,+5.9,-43.7,-1.4141,NONE,STOPPED
="2026-09-07 09:19:20",80146,781530,591813,189716,1000000,+0.0212,0.1700,+4.1,-36.8,-1.4237,NONE,STOPPED
="2026-09-07 09:19:21",80146,283196,235917,47279,1000000,+0.0212,0.1700,+4.1,-45.2,-1.4151,NONE,STOPPED
="2026-09-07 09:19:22",80146,283196,235917,47279,1000000,+0.0245,0.1700,+4.1,-45.4,-1.3978,NONE,STOPPED
="2026-09-07 09:19:23",80146,283196,235917,47279,1000000,+0.0247,0.1700,+4.1,-45.4,-1.3772,NONE,STOPPED
="2026-09-07 09:19:24",80146,283196,235917,47279,1000000,+0.0247,0.1700,+4.1,-45.4,-1.3537,NONE,STOPPED
="2026-09-07 09:19:25",80146,283196,235917,47279,1000000,+0.0248,0.1700,-0.0,-45.4,-1.3277,NONE,STOPPED
="2026-09-07 09:19:26",80146,283196,235917,47279,1000000,+0.0035,0.1700,+0.0,-46.8,-1.2994,NONE,STOPPED
="2026-09-07 09:19:27",80146,283196,235917,47279,1000000,+0.0035,0.1700,+0.0,-46.8,-1.2994,NONE,STOPPED
="2026-09-07 09:19:28",80146,283196,235917,47279,1000000,+0.0035,0.1700,-0.0,-46.8,-1.2682,NONE,STOPPED
="2026-09-07 09:19:29",80146,283196,235917,47279,1000000,+0.0050,0.1700,+0.0,-46.8,-1.2007,NONE,STOPPED
="2026-09-07 09:19:30",80146,283196,235917,47279,1000000,+0.0050,0.1700,+0.0,-46.8,-1.1649,NONE,STOPPED
="2026-09-07 09:19:31",80146,283196,235917,47279,1000000,+0.0059,0.1700,+0.0,-46.8,-1.1280,NONE,STOPPED
="2026-09-07 09:19:32",80133,437361,390082,47279,1000000,+0.0060,0.1700,-13.3,-60.1,-1.1420,NONE,STOPPED
="2026-09-07 09:19:33",80117,437361,390082,47279,1000000,+0.0060,0.1700,-29.7,-76.6,-1.2138,NONE,STOPPED
="2026-09-07 09:19:34",80117,437361,390082,47279,1000000,+0.0060,0.1700,-29.8,-76.6,-1.2736,NONE,STOPPED
="2026-09-07 09:19:35",80117,437361,390082,47279,1000000,+0.0061,0.1700,-29.7,-76.6,-1.3225,NONE,STOPPED
="2026-09-07 09:19:36",80117,437361,390082,47279,1000000,+0.0061,0.1700,-29.7,-76.6,-1.3225,NONE,STOPPED
="2026-09-07 09:19:37",80117,390082,390082,0,1000000,+0.0255,0.1700,-29.7,-76.6,-1.3611,NONE,STOPPED
="2026-09-07 09:19:38",80117,390082,390082,0,1000000,+0.0255,0.1700,-0.0,-76.6,-1.4114,NONE,STOPPED
="2026-09-07 09:19:39",80117,390082,390082,0,1000000,+0.0252,0.1700,-0.0,-76.6,-1.4243,NONE,STOPPED
="2026-09-07 09:19:40",80117,390082,390082,0,1000000,+0.0252,0.1700,+0.0,-76.6,-1.4301,NONE,STOPPED
="2026-09-07 09:19:41",80117,390082,390082,0,1000000,+0.0252,0.1700,+0.0,-76.6,-1.4292,NONE,STOPPED
="2026-09-07 09:19:42",80117,390082,390082,0,1000000,+0.0246,0.1700,-0.0,-76.6,-1.4225,NONE,STOPPED
="2026-09-07 09:19:43",80117,431572,431572,0,1000000,+0.0246,0.1700,-0.0,-76.6,-1.4102,NONE,STOPPED
="2026-09-07 09:19:44",80112,653834,653834,0,1000000,+0.0246,0.1700,-5.0,-81.6,-1.4126,NONE,STOPPED
="2026-09-07 09:19:45",80112,653834,653834,0,1000000,+0.0246,0.1700,-5.0,-81.6,-1.4126,NONE,STOPPED
="2026-09-07 09:19:46",80100,653834,653834,0,1000000,+0.0229,0.1700,-17.2,-93.8,-1.4460,NONE,STOPPED
="2026-09-07 09:19:47",80100,637344,637344,0,1000000,+0.0230,0.1700,-17.2,-93.8,-1.4734,NONE,STOPPED
="2026-09-07 09:19:48",80100,637344,637344,0,1000000,+0.0230,0.1700,-17.2,-93.8,-1.4914,NONE,STOPPED
="2026-09-07 09:19:49",80100,637344,637344,0,1000000,+0.0230,0.1700,-12.2,-93.7,-1.5010,NONE,STOPPED
="2026-09-07 09:19:50",80100,637344,637344,0,1000000,+0.0290,0.1700,-12.2,-93.7,-1.5028,NONE,STOPPED
="2026-09-07 09:19:51",80095,637344,637344,0,1000000,+0.0289,0.1700,-4.6,-98.4,-1.5155,NONE,STOPPED
="2026-09-07 09:19:52",80089,657917,657917,0,1000000,+0.0344,0.1700,-10.6,-104.4,-1.5433,NONE,STOPPED
="2026-09-07 09:19:53",80079,657917,657917,0,1000000,+0.0344,0.1700,-20.3,-114.0,-1.5989,NONE,STOPPED
="2026-09-07 09:19:54",80079,669677,669677,0,1000000,+0.0343,0.1700,-20.3,-114.0,-1.6416,NONE,STOPPED
="2026-09-07 09:19:55",80079,943689,669677,274012,1000000,+0.0343,0.1700,-20.3,-114.0,-1.6416,NONE,STOPPED
="2026-09-07 09:19:56",80079,943689,669677,274012,1000000,+0.0343,0.1700,-15.7,-114.0,-1.6926,NONE,STOPPED
="2026-09-07 09:19:57",80095,943689,669677,274012,1000000,+0.0343,0.1700,+6.0,-98.3,-1.6418,NONE,STOPPED
="2026-09-07 09:19:58",80099,963548,669677,293870,1000000,+0.0343,0.1700,+19.5,-94.5,-1.5732,NONE,STOPPED
="2026-09-07 09:19:59",80099,838596,544725,293870,1000000,+0.0114,0.1700,+19.5,-94.5,-1.5035,NONE,STOPPED
="2026-09-07 09:20:00",80099,838596,544725,293870,1000000,+0.0131,0.1700,+19.5,-94.5,-1.4328,NONE,STOPPED
="2026-09-07 09:20:01",80104,838596,544725,293870,1000000,+0.0131,0.1700,+24.8,-72.3,-1.3414,NONE,STOPPED
="2026-09-07 09:20:02",80115,823765,529894,293870,1000000,+0.0123,0.1700,+20.2,-55.1,-1.2186,NONE,STOPPED
="2026-09-07 09:20:03",80115,823765,529894,293870,1000000,+0.0114,0.1700,+16.4,-55.1,-1.1053,NONE,STOPPED
="2026-09-07 09:20:04",80116,823765,529894,293870,1000000,+0.0114,0.1700,+17.3,-54.2,-0.9938,NONE,STOPPED
="2026-09-07 09:20:05",80096,862597,544695,317902,1000000,+0.0114,0.1700,-3.1,-68.0,-0.9673,NONE,STOPPED
="2026-09-07 09:20:06",80096,847502,529600,317902,1000000,+0.0135,0.1700,-8.3,-50.7,-0.9421,NONE,STOPPED
="2026-09-07 09:20:07",80096,796684,478782,317902,1000000,+0.0135,0.1700,-19.4,-50.7,-0.9248,NONE,STOPPED
="2026-09-07 09:20:08",80096,796684,478782,317902,1000000,+0.0136,0.1700,-19.5,-38.2,-0.9052,NONE,STOPPED
="2026-09-07 09:20:09",80096,796684,478782,317902,1000000,+0.0134,0.1700,-19.5,-38.2,-0.9052,NONE,STOPPED
="2026-09-07 09:20:10",80096,796684,478782,317902,1000000,+0.0134,0.1700,-20.4,-38.2,-0.8910,NONE,STOPPED
="2026-09-07 09:20:11",80096,796684,478782,317902,1000000,+0.0134,0.1700,-20.4,-38.2,-0.8564,NONE,STOPPED
="2026-09-07 09:20:12",80096,796684,478782,317902,1000000,+0.0161,0.1700,-20.4,-40.7,-0.8365,NONE,STOPPED
="2026-09-07 09:20:13",80094,890037,478782,411255,1000000,+0.0161,0.1700,-1.5,-48.1,-0.8194,NONE,STOPPED
="2026-09-07 09:20:14",80095,890037,478782,411255,1000000,+0.0161,0.1700,-1.1,-47.7,-0.7952,NONE,STOPPED
="2026-09-07 09:20:15",80095,890037,478782,411255,1000000,+0.0161,0.1700,-1.1,-47.7,-0.7697,NONE,STOPPED
="2026-09-07 09:20:16",80095,890037,478782,411255,1000000,+0.0112,0.1700,-1.1,-47.7,-0.7428,NONE,STOPPED
="2026-09-07 09:20:17",80095,890037,478782,411255,1000000,+0.0200,0.1700,-1.1,-47.7,-0.7148,NONE,STOPPED
="2026-09-07 09:20:18",80095,890037,478782,411255,1000000,+0.0200,0.1700,+0.4,-47.7,-0.6859,NONE,STOPPED
="2026-09-07 09:20:19",80095,890037,478782,411255,1000000,+0.0195,0.1700,+0.4,-47.7,-0.6859,NONE,STOPPED
="2026-09-07 09:20:20",80088,890037,478782,411255,1000000,+0.0195,0.1700,-7.0,-58.9,-0.6752,NONE,STOPPED
="2026-09-07 09:20:21",80088,890037,478782,411255,1000000,+0.0205,0.1700,-7.0,-58.9,-0.6638,NONE,STOPPED
="2026-09-07 09:20:22",80088,890037,478782,411255,1000000,+0.0172,0.1700,-7.0,-58.9,-0.6497,NONE,STOPPED
="2026-09-07 09:20:23",80088,890037,478782,411255,1000000,+0.0172,0.1700,-7.0,-58.9,-0.6331,NONE,STOPPED
="2026-09-07 09:20:24",80088,890037,478782,411255,1000000,+0.0176,0.1700,-7.0,-58.9,-0.6143,NONE,STOPPED
="2026-09-07 09:20:25",80088,890037,478782,411255,1000000,+0.0175,0.1700,+0.0,-58.9,-0.5934,NONE,STOPPED
="2026-09-07 09:20:26",80085,890037,478782,411255,1000000,+0.0152,0.1700,-2.4,-61.3,-0.5802,NONE,STOPPED
="2026-09-07 09:20:27",80076,904037,478782,425255,1000000,+0.0152,0.1700,-11.5,-70.4,-0.5999,NONE,STOPPED
="2026-09-07 09:20:28",80076,904037,478782,425255,1000000,+0.0149,0.1700,-11.5,-70.4,-0.5999,NONE,STOPPED
="2026-09-07 09:20:29",80061,1024906,599651,425255,1000000,+0.0168,0.1700,-26.1,-85.0,-0.6879,NONE,STOPPED
="2026-09-07 09:20:30",80061,1034907,599651,435256,1000000,+0.0168,0.1700,-26.1,-85.0,-0.7416,NONE,STOPPED
="2026-09-07 09:20:31",80061,1034907,599651,435256,1000000,+0.0159,0.1700,-23.7,-71.7,-0.7857,NONE,STOPPED
="2026-09-07 09:20:32",80061,880743,445486,435256,1000000,+0.0159,0.1700,-14.6,-55.3,-0.8288,NONE,STOPPED
="2026-09-07 09:20:33",80061,880743,445486,435256,1000000,+0.0208,0.1700,-12.1,-55.3,-0.8736,NONE,STOPPED
="2026-09-07 09:20:34",80061,880743,445486,435256,1000000,+0.0207,0.1700,-0.0,-55.3,-0.9103,NONE,STOPPED
="2026-09-07 09:20:35",80061,880743,445486,435256,1000000,+0.0207,0.1700,-0.0,-55.3,-0.9396,NONE,STOPPED
="2026-09-07 09:20:36",80061,880743,445486,435256,1000000,+0.0231,0.1700,-0.0,-55.3,-0.9396,NONE,STOPPED
="2026-09-07 09:20:37",80061,897759,445486,452272,1000000,+0.0038,0.1700,+0.0,-55.3,-0.9622,NONE,STOPPED
="2026-09-07 09:20:38",80069,897759,445486,452272,1000000,+0.0038,0.1700,+7.8,-47.5,-0.9319,NONE,STOPPED
="2026-09-07 09:20:39",80069,897759,445486,452272,1000000,+0.0040,0.1700,+7.8,-47.6,-0.9130,NONE,STOPPED
="2026-09-07 09:20:40",80069,897759,445486,452272,1000000,+0.0041,0.1700,+7.8,-47.6,-0.8920,NONE,STOPPED
="2026-09-07 09:20:41",80069,897759,445486,452272,1000000,+0.0041,0.1700,+7.7,-47.5,-0.8691,NONE,STOPPED
="2026-09-07 09:20:42",80069,897759,445486,452272,1000000,+0.0023,0.1700,+7.8,-47.5,-0.8444,NONE,STOPPED
="2026-09-07 09:20:43",80069,856269,403996,452272,1000000,+0.0023,0.1700,-0.0,-42.5,-0.8183,NONE,STOPPED
="2026-09-07 09:20:44",80069,634007,181735,452272,1000000,+0.0028,0.1700,-0.0,-42.5,-0.7940,NONE,STOPPED
="2026-09-07 09:20:45",80069,634007,181735,452272,1000000,+0.0028,0.1700,+0.0,-30.3,-0.7683,NONE,STOPPED
="2026-09-07 09:20:46",80069,634007,181735,452272,1000000,+0.0045,0.1700,+0.0,-30.3,-0.7683,NONE,STOPPED
="2026-09-07 09:20:47",80069,634007,181735,452272,1000000,+0.0045,0.1700,-0.0,-30.4,-0.7491,NONE,STOPPED
="2026-09-07 09:20:48",80069,634007,181735,452272,1000000,+0.0041,0.1700,+0.0,-30.3,-0.7075,NONE,STOPPED
="2026-09-07 09:20:49",80069,634007,181735,452272,1000000,-0.0019,0.1700,+0.0,-30.3,-0.6854,NONE,STOPPED
="2026-09-07 09:20:50",80079,634007,181735,452272,1000000,-0.0019,0.1700,+10.1,-15.7,-0.6235,NONE,STOPPED
="2026-09-07 09:20:51",80079,634007,181735,452272,1000000,-0.0019,0.1700,+10.1,-9.7,-0.5677,NONE,STOPPED
="2026-09-07 09:20:52",80087,599703,147430,452272,1000000,-0.0073,0.1700,+18.3,+8.2,-0.4868,NONE,STOPPED
="2026-09-07 09:20:53",80100,640653,147430,493223,1000000,-0.0073,0.1700,+30.5,+20.4,-0.3704,NONE,STOPPED
="2026-09-07 09:20:54",80100,628893,135669,493223,1000000,-0.0075,0.1700,+30.5,+20.4,-0.2644,NONE,STOPPED
="2026-09-07 09:20:55",80100,431425,135669,295755,1000000,-0.0075,0.1700,+20.4,+20.4,-0.1680,NONE,STOPPED
="2026-09-07 09:20:56",80100,431425,135669,295755,1000000,-0.0075,0.1700,+20.4,+20.4,-0.1680,NONE,STOPPED
="2026-09-07 09:20:57",80108,431425,135669,295755,1000000,-0.0072,0.1700,+20.9,+9.5,+0.0696,NONE,STOPPED
="2026-09-07 09:20:58",80117,411566,135669,275896,1000000,-0.0072,0.1700,+17.3,+18.2,+0.2134,NONE,STOPPED
="2026-09-07 09:20:59",80119,411566,135669,275896,1000000,+0.0158,0.1700,+19.5,+20.4,+0.3521,NONE,STOPPED
="2026-09-07 09:21:00",80119,428595,152699,275896,1000000,+0.0145,0.1700,+19.5,+15.2,+0.4774,NONE,STOPPED
="2026-09-07 09:21:01",80119,428595,152699,275896,1000000,+0.0145,0.1700,+11.5,+4.0,+0.5925,NONE,STOPPED
="2026-09-07 09:21:02",80119,428595,152699,275896,1000000,+0.0154,0.1700,+10.9,+4.0,+0.7024,NONE,STOPPED
="2026-09-07 09:21:03",80119,428595,152699,275896,1000000,+0.0154,0.1700,+10.9,+4.0,+0.7024,NONE,STOPPED
="2026-09-07 09:21:04",80124,428595,152699,275896,1000000,+0.0139,0.1700,+6.9,+7.7,+0.8192,NONE,STOPPED
="2026-09-07 09:21:05",80129,389763,137898,251865,1000000,+0.0139,0.1700,+9.7,+33.2,+1.0426,NONE,STOPPED
="2026-09-07 09:21:06",80129,389763,137898,251865,1000000,+0.0132,0.1700,+9.7,+33.2,+1.1291,NONE,STOPPED
="2026-09-07 09:21:07",80121,389763,137898,251865,1000000,+0.0133,0.1700,+1.6,+25.1,+1.1731,NONE,STOPPED
="2026-09-07 09:21:08",80121,389763,137898,251865,1000000,+0.0133,0.1700,-3.0,+25.1,+1.2097,NONE,STOPPED
="2026-09-07 09:21:09",80128,389763,137898,251865,1000000,+0.0133,0.1700,-0.9,+32.2,+1.2674,NONE,STOPPED
="2026-09-07 09:21:10",80130,389763,137898,251865,1000000,+0.0123,0.1700,+1.2,+34.4,+1.3244,NONE,STOPPED
="2026-09-07 09:21:11",80130,389763,137898,251865,1000000,+0.0123,0.1700,+1.2,+34.4,+1.3723,NONE,STOPPED
="2026-09-07 09:21:12",80139,389763,137898,251865,1000000,+0.0142,0.1700,+18.6,+45.3,+1.4482,NONE,STOPPED
="2026-09-07 09:21:13",80139,296410,137898,158512,1000000,+0.0142,0.1700,+18.6,+45.3,+1.4482,NONE,STOPPED
="2026-09-07 09:21:14",80139,296410,137898,158512,1000000,+0.0141,0.1700,+11.5,+44.9,+1.5648,NONE,STOPPED
="2026-09-07 09:21:15",80139,296410,137898,158512,1000000,+0.0141,0.1700,+9.3,+44.9,+1.6083,NONE,STOPPED
="2026-09-07 09:21:16",80139,296410,137898,158512,1000000,+0.0148,0.1700,+9.3,+44.8,+1.6428,NONE,STOPPED
="2026-09-07 09:21:17",80144,310515,137898,172616,1000000,+0.0061,0.1700,+4.8,+49.6,+1.6875,NONE,STOPPED
="2026-09-07 09:21:18",80144,310515,137898,172616,1000000,+0.0087,0.1700,+4.8,+56.7,+1.7229,NONE,STOPPED
="2026-09-07 09:21:19",80144,310515,137898,172616,1000000,+0.0087,0.1700,+4.8,+56.6,+1.7453,NONE,STOPPED
="2026-09-07 09:21:20",80144,310515,137898,172616,1000000,+0.0087,0.1700,+4.8,+56.6,+1.7598,NONE,STOPPED
="2026-09-07 09:21:21",80144,310515,137898,172616,1000000,+0.0086,0.1700,+4.8,+56.6,+1.7672,NONE,STOPPED
="2026-09-07 09:21:22",80144,310515,137898,172616,1000000,+0.0086,0.1700,+4.8,+56.6,+1.7672,NONE,STOPPED
="2026-09-07 09:21:23",80144,310515,137898,172616,1000000,+0.0086,0.1700,+0.0,+56.7,+1.7680,NONE,STOPPED
="2026-09-07 09:21:24",80144,310515,137898,172616,1000000,+0.0087,0.1700,+0.0,+56.6,+1.7521,NONE,STOPPED
="2026-09-07 09:21:25",80144,310515,137898,172616,1000000,+0.0087,0.1700,+0.0,+59.1,+1.7365,NONE,STOPPED
="2026-09-07 09:21:26",80144,310515,137898,172616,1000000,+0.0110,0.1700,-0.0,+68.1,+1.7149,NONE,STOPPED
="2026-09-07 09:21:27",80144,296515,137898,158616,1000000,+0.0110,0.1700,+0.0,+70.7,+1.6838,NONE,STOPPED
="2026-09-07 09:21:28",80146,296515,137898,158616,1000000,+0.0120,0.1700,+1.3,+84.1,+1.6527,NONE,STOPPED
="2026-09-07 09:21:29",80146,175646,17029,158616,1000000,+0.0101,0.1700,+2.2,+85.0,+1.6144,NONE,STOPPED
="2026-09-07 09:21:30",80156,178867,17029,161838,1000000,+0.0101,0.1700,+12.2,+95.0,+1.6115,NONE,STOPPED
="2026-09-07 09:21:31",80156,178867,17029,161838,1000000,+0.0104,0.1700,+12.2,+95.0,+1.6016,NONE,STOPPED
="2026-09-07 09:21:32",80156,178867,17029,161838,1000000,+0.0104,0.1700,+12.2,+95.0,+1.6016,NONE,STOPPED
="2026-09-07 09:21:33",80156,178867,17029,161838,1000000,+0.0055,0.1700,+10.9,+95.0,+1.5635,NONE,STOPPED
="2026-09-07 09:21:34",80156,178867,17029,161838,1000000,+0.0056,0.1700,+10.0,+95.0,+1.5365,NONE,STOPPED
="2026-09-07 09:21:35",80156,178867,17029,161838,1000000,+0.0056,0.1700,+0.0,+95.0,+1.5049,NONE,STOPPED
="2026-09-07 09:21:36",80156,251468,17029,234438,1000000,+0.0032,0.1700,+9.9,+87.2,+1.4690,NONE,STOPPED
="2026-09-07 09:21:37",80176,234451,17029,217422,1000000,+0.0032,0.1700,+19.3,+106.6,+1.5093,NONE,STOPPED
="2026-09-07 09:21:38",80176,234451,17029,217422,1000000,+0.0032,0.1700,+19.3,+106.6,+1.5386,NONE,STOPPED
="2026-09-07 09:21:39",80176,234451,17029,217422,1000000,+0.0030,0.1700,+19.3,+106.6,+1.5579,NONE,STOPPED
="2026-09-07 09:21:40",80176,234451,17029,217422,1000000,-0.0082,0.1700,+19.3,+106.6,+1.5678,NONE,STOPPED
="2026-09-07 09:21:41",80176,234451,17029,217422,1000000,-0.0082,0.1700,+19.3,+106.6,+1.5678,NONE,STOPPED
="2026-09-07 09:21:42",80176,249869,32447,217422,1000000,-0.0064,0.1700,+19.3,+106.6,+1.5694,NONE,STOPPED
="2026-09-07 09:21:43",80174,249869,32447,217422,1000000,-0.0064,0.1700,-1.3,+105.3,+1.5405,NONE,STOPPED
="2026-09-07 09:21:44",80174,249869,32447,217422,1000000,-0.0070,0.1700,-1.3,+105.3,+1.5169,NONE,STOPPED
="2026-09-07 09:21:45",80174,249869,32447,217422,1000000,-0.0070,0.1700,-1.3,+105.3,+1.4880,NONE,STOPPED
="2026-09-07 09:21:46",80174,249869,32447,217422,1000000,-0.0076,0.1700,-1.3,+105.3,+1.4543,NONE,STOPPED
="2026-09-07 09:21:47",80174,249869,32447,217422,1000000,-0.0076,0.1700,-1.3,+105.3,+1.4162,NONE,STOPPED
="2026-09-07 09:21:48",80174,281939,32447,249492,1000000,-0.0072,0.1700,-0.0,+105.3,+1.3744,NONE,STOPPED
="2026-09-07 09:21:49",80174,281939,32447,249492,1000000,-0.0072,0.1700,+0.0,+95.2,+1.3291,NONE,STOPPED
="2026-09-07 09:21:50",80174,281939,32447,249492,1000000,-0.0112,0.1700,+0.0,+95.2,+1.2869,NONE,STOPPED
="2026-09-07 09:21:51",80174,281939,32447,249492,1000000,-0.0112,0.1700,+0.0,+95.2,+1.2869,NONE,STOPPED
="2026-09-07 09:21:52",80174,281939,32447,249492,1000000,-0.0112,0.1700,-0.0,+87.0,+1.2123,NONE,STOPPED
="2026-09-07 09:21:53",80174,240988,32447,208541,1000000,-0.0116,0.1700,+0.0,+74.8,+1.1621,NONE,STOPPED
="2026-09-07 09:21:54",80174,240988,32447,208541,1000000,-0.0114,0.1700,+0.0,+74.8,+1.1227,NONE,STOPPED
="2026-09-07 09:21:55",80174,229349,32447,196902,1000000,-0.0108,0.1700,-0.0,+66.8,+1.0813,NONE,STOPPED
="2026-09-07 09:21:56",80181,316098,69402,246696,1000000,-0.0108,0.1700,+7.0,+73.2,+1.0705,NONE,STOPPED
="2026-09-07 09:21:57",80181,316098,69402,246696,1000000,-0.0112,0.1700,+7.0,+64.5,+1.0559,NONE,STOPPED
="2026-09-07 09:21:58",80181,316098,69402,246696,1000000,-0.0112,0.1700,+7.0,+62.3,+1.0427,NONE,STOPPED
="2026-09-07 09:21:59",80181,316098,69402,246696,1000000,-0.0133,0.1700,+7.0,+62.3,+1.0272,NONE,STOPPED
="2026-09-07 09:22:00",80181,299069,52372,246696,1000000,-0.0121,0.1700,+7.0,+62.3,+1.0115,NONE,STOPPED
="2026-09-07 09:22:01",80186,334924,64172,270751,1000000,-0.0121,0.1700,+4.5,+66.8,+1.0042,NONE,STOPPED
="2026-09-07 09:22:02",80186,334924,64172,270751,1000000,-0.0121,0.1700,+4.5,+62.2,+0.9957,NONE,STOPPED
="2026-09-07 09:22:03",80186,358980,64172,294807,1000000,-0.0106,0.1700,+4.5,+57.1,+0.9860,NONE,STOPPED
="2026-09-07 09:22:04",80199,358980,64172,294807,1000000,-0.0116,0.1700,+18.0,+70.6,+1.0282,NONE,STOPPED
="2026-09-07 09:22:05",80199,383040,64172,318867,1000000,-0.0116,0.1700,+18.0,+70.6,+1.0616,NONE,STOPPED
="2026-09-07 09:22:06",80199,383040,64172,318867,1000000,-0.0117,0.1700,+13.5,+78.7,+1.0870,NONE,STOPPED
="2026-09-07 09:22:07",80199,424848,105980,318867,1000000,-0.0117,0.1700,+13.5,+78.7,+1.0870,NONE,STOPPED
="2026-09-07 09:22:08",80194,440147,121279,318867,1000000,-0.0117,0.1700,+7.7,+72.8,+1.0774,NONE,STOPPED
="2026-09-07 09:22:09",80175,440147,121279,318867,1000000,-0.0117,0.1700,-24.8,+44.6,+0.9103,NONE,STOPPED
="2026-09-07 09:22:10",80175,440147,121279,318867,1000000,-0.0107,0.1700,-24.8,+44.6,+0.8352,NONE,STOPPED
="2026-09-07 09:22:11",80175,440147,121279,318867,1000000,-0.0117,0.1700,-24.8,+35.3,+0.7632,NONE,STOPPED
="2026-09-07 09:22:12",80175,440147,121279,318867,1000000,-0.0135,0.1700,-18.9,+35.3,+0.6998,NONE,STOPPED
="2026-09-07 09:22:13",80175,440147,121279,318867,1000000,-0.0135,0.1700,-0.0,+35.3,+0.6392,NONE,STOPPED
="2026-09-07 09:22:14",80175,440147,121279,318867,1000000,-0.0128,0.1700,-0.0,+35.3,+0.5811,NONE,STOPPED
="2026-09-07 09:22:15",80175,440147,121279,318867,1000000,-0.0128,0.1700,-18.9,+35.3,+0.5256,NONE,STOPPED
="2026-09-07 09:22:16",80175,440147,121279,318867,1000000,-0.0135,0.1700,-0.0,+30.5,+0.4724,NONE,STOPPED
="2026-09-07 09:22:17",80175,426042,121279,304763,1000000,-0.0135,0.1700,-0.0,+30.5,+0.4724,NONE,STOPPED
="2026-09-07 09:22:18",80175,426042,121279,304763,1000000,-0.0161,0.1700,+0.0,+30.5,+0.3786,NONE,STOPPED
="2026-09-07 09:22:19",80175,426042,121279,304763,1000000,-0.0161,0.1700,+0.0,+30.5,+0.3347,NONE,STOPPED
="2026-09-07 09:22:20",80175,426042,121279,304763,1000000,-0.0161,0.1700,+0.0,+30.5,+0.2929,NONE,STOPPED
="2026-09-07 09:22:21",80175,426042,121279,304763,1000000,-0.0175,0.1700,+0.0,+30.5,+0.2528,NONE,STOPPED
="2026-09-07 09:22:22",80175,426042,121279,304763,1000000,-0.0175,0.1700,+0.0,+30.5,+0.2145,NONE,STOPPED
="2026-09-07 09:22:23",80175,426042,121279,304763,1000000,-0.0175,0.1700,+0.0,+30.5,+0.1779,NONE,STOPPED
="2026-09-07 09:22:24",80175,426042,121279,304763,1000000,-0.0180,0.1700,+0.0,+30.5,+0.1430,NONE,STOPPED
="2026-09-07 09:22:25",80175,426042,121279,304763,1000000,-0.0180,0.1700,+0.0,+30.5,+0.1096,NONE,STOPPED
="2026-09-07 09:22:26",80175,426042,121279,304763,1000000,-0.0170,0.1700,+0.0,+30.5,+0.1096,NONE,STOPPED
="2026-09-07 09:22:27",80175,426042,121279,304763,1000000,-0.0170,0.1700,+0.0,+30.5,+0.0776,NONE,STOPPED
="2026-09-07 09:22:28",80175,426042,121279,304763,1000000,-0.0180,0.1700,+0.0,+28.3,+0.0187,NONE,STOPPED
="2026-09-07 09:22:29",80175,426042,121279,304763,1000000,-0.0184,0.1700,-0.0,+18.3,-0.0079,NONE,STOPPED
="2026-09-07 09:22:30",80175,412820,121279,291540,1000000,-0.0184,0.1700,+0.0,+18.3,-0.0272,NONE,STOPPED
="2026-09-07 09:22:31",80175,412820,121279,291540,1000000,-0.0187,0.1700,+0.0,+18.3,-0.0455,NONE,STOPPED
="2026-09-07 09:22:32",80177,412820,121279,291540,1000000,-0.0199,0.1700,+2.3,+20.6,-0.0540,NONE,STOPPED
="2026-09-07 09:22:33",80190,412820,121279,291540,1000000,-0.0199,0.1700,+15.3,+33.7,-0.0116,NONE,STOPPED
="2026-09-07 09:22:34",80190,642265,121279,520985,1000000,-0.0200,0.1700,+15.4,+33.7,+0.0257,NONE,STOPPED
="2026-09-07 09:22:35",80190,642265,121279,520985,1000000,-0.0200,0.1700,+15.4,+33.7,+0.0257,NONE,STOPPED
="2026-09-07 09:22:36",80190,688791,167805,520985,1000000,-0.0264,0.1700,+15.3,+33.7,+0.0583,NONE,STOPPED
="2026-09-07 09:22:37",80181,616190,167805,448384,1000000,-0.0265,0.1700,+3.7,+5.0,+0.0534,NONE,STOPPED
="2026-09-07 09:22:38",80181,616190,167805,448384,1000000,-0.0265,0.1700,-9.3,+5.0,+0.0561,NONE,STOPPED
="2026-09-07 09:22:39",80181,616190,167805,448384,1000000,-0.0264,0.1700,-9.3,+5.0,+0.0582,NONE,STOPPED
="2026-09-07 09:22:40",80181,616190,167805,448384,1000000,-0.0152,0.1700,-9.3,+5.0,+0.0598,NONE,STOPPED
="2026-09-07 09:22:41",80181,616190,167805,448384,1000000,-0.0160,0.1700,-9.3,+6.3,+0.0609,NONE,STOPPED
="2026-09-07 09:22:42",80178,600772,152387,448384,1000000,-0.0160,0.1700,-2.3,+4.0,+0.0519,NONE,STOPPED
="2026-09-07 09:22:43",80178,600772,152387,448384,1000000,-0.0160,0.1700,-2.3,+4.0,+0.0434,NONE,STOPPED
="2026-09-07 09:22:44",80178,761130,152387,608742,1000000,-0.0160,0.1700,-2.3,+4.0,+0.0354,NONE,STOPPED
="2026-09-07 09:22:45",80178,782219,173476,608742,1000000,-0.0160,0.1700,-2.3,+4.0,+0.0354,NONE,STOPPED
="2026-09-07 09:22:46",80174,782219,173476,608742,1000000,-0.0154,0.1700,-6.3,-0.0,+0.0122,NONE,STOPPED
="2026-09-07 09:22:47",80174,782219,173476,608742,1000000,-0.0154,0.1700,-4.0,+0.0,-0.0281,NONE,STOPPED
="2026-09-07 09:22:48",80174,750149,173476,576672,1000000,-0.0172,0.1700,-4.0,+0.0,-0.0455,NONE,STOPPED
="2026-09-07 09:22:49",80174,750149,173476,576672,1000000,-0.0172,0.1700,-4.0,-0.0,-0.0614,NONE,STOPPED
="2026-09-07 09:22:50",80174,750149,173476,576672,1000000,-0.0128,0.1700,-4.0,+0.0,-0.0757,NONE,STOPPED
="2026-09-07 09:22:51",80174,774201,173476,600725,1000000,-0.0128,0.1700,+0.0,+0.0,-0.0886,NONE,STOPPED
="2026-09-07 09:22:52",80174,774201,173476,600725,1000000,-0.0124,0.1700,+0.0,+0.0,-0.1001,NONE,STOPPED
="2026-09-07 09:22:53",80175,774201,173476,600725,1000000,-0.0124,0.1700,+1.0,+1.0,-0.1066,NONE,STOPPED
="2026-09-07 09:22:54",80175,774201,173476,600725,1000000,-0.0124,0.1700,+1.0,+1.0,-0.1066,NONE,STOPPED
="2026-09-07 09:22:55",80175,774201,173476,600725,1000000,-0.0129,0.1700,+1.0,+1.0,-0.1123,NONE,STOPPED
="2026-09-07 09:22:56",80186,647676,136521,511155,1000000,-0.0129,0.1700,+11.5,+4.5,-0.0764,NONE,STOPPED
="2026-09-07 09:22:57",80186,647676,136521,511155,1000000,-0.0129,0.1700,+11.6,+4.5,-0.0391,NONE,STOPPED
="2026-09-07 09:22:58",80186,647676,136521,511155,1000000,-0.0131,0.1700,+10.6,+4.5,-0.0052,NONE,STOPPED
="2026-09-07 09:22:59",80186,647676,136521,511155,1000000,-0.0110,0.1700,+10.6,+4.5,+0.0256,NONE,STOPPED
="2026-09-07 09:23:00",80186,647676,136521,511155,1000000,-0.0106,0.1700,+10.6,+0.0,+0.0534,NONE,STOPPED
="2026-09-07 09:23:01",80199,611822,124721,487100,1000000,-0.0106,0.1700,+13.5,+13.5,+0.1337,NONE,STOPPED
="2026-09-07 09:23:02",80199,650419,124721,525698,1000000,-0.0106,0.1700,+13.5,+13.5,+0.1337,NONE,STOPPED
="2026-09-07 09:23:03",80203,626363,124721,501642,1000000,-0.0106,0.1700,+17.5,+4.0,+0.3007,NONE,STOPPED
="2026-09-07 09:23:04",80203,626363,124721,501642,1000000,-0.0106,0.1700,+17.5,+4.0,+0.3797,NONE,STOPPED
="2026-09-07 09:23:05",80206,602303,124721,477582,1000000,-0.0096,0.1700,+20.5,+7.0,+0.4624,NONE,STOPPED
="2026-09-07 09:23:06",80206,602303,124721,477582,1000000,-0.0024,0.1700,+7.0,+12.8,+0.5365,NONE,STOPPED
="2026-09-07 09:23:07",80206,560496,82913,477582,1000000,-0.0024,0.1700,+3.0,+31.8,+0.5992,NONE,STOPPED
="2026-09-07 09:23:08",80206,545197,67614,477582,1000000,-0.0024,0.1700,+3.0,+31.8,+0.6430,NONE,STOPPED
="2026-09-07 09:23:09",80191,545197,67614,477582,1000000,-0.0028,0.1700,-13.0,+15.8,+0.6184,NONE,STOPPED
="2026-09-07 09:23:10",80191,545197,67614,477582,1000000,-0.0028,0.1700,-13.0,+15.8,+0.6184,NONE,STOPPED
="2026-09-07 09:23:11",80190,545197,67614,477582,1000000,-0.0018,0.1700,-16.5,+15.3,+0.5920,NONE,STOPPED
="2026-09-07 09:23:12",80186,545197,67614,477582,1000000,-0.0018,0.1700,-20.6,+11.2,+0.5247,NONE,STOPPED
="2026-09-07 09:23:13",80186,545197,67614,477582,1000000,-0.0016,0.1700,-20.6,+11.2,+0.4853,NONE,STOPPED
="2026-09-07 09:23:14",80186,545197,67614,477582,1000000,-0.0024,0.1700,-4.7,+11.1,+0.4479,NONE,STOPPED
="2026-09-07 09:23:15",80186,545197,67614,477582,1000000,+0.0002,0.1700,-4.2,+11.2,+0.4125,NONE,STOPPED
="2026-09-07 09:23:16",80186,545197,67614,477582,1000000,+0.0002,0.1700,-4.2,+11.2,+0.3789,NONE,STOPPED
="2026-09-07 09:23:17",80186,545197,67614,477582,1000000,+0.0001,0.1700,-0.0,+11.1,+0.3470,NONE,STOPPED
="2026-09-07 09:23:18",80186,545197,67614,477582,1000000,-0.0002,0.1700,-0.0,+11.1,+0.3168,NONE,STOPPED
="2026-09-07 09:23:19",80188,545197,67614,477582,1000000,-0.0002,0.1700,+2.6,+13.7,+0.2981,NONE,STOPPED
="2026-09-07 09:23:20",80188,678524,200941,477582,1000000,-0.0002,0.1700,+2.6,+13.7,+0.2981,NONE,STOPPED
="2026-09-07 09:23:21",80206,712169,200941,511228,1000000,+0.0018,0.1700,+20.1,+31.3,+0.3445,NONE,STOPPED
="2026-09-07 09:23:22",80206,712169,200941,511228,1000000,+0.0018,0.1700,+20.1,+31.3,+0.3872,NONE,STOPPED
="2026-09-07 09:23:23",80206,712169,200941,511228,1000000,+0.0018,0.1700,+20.1,+31.3,+0.4240,NONE,STOPPED
="2026-09-07 09:23:24",80206,712169,200941,511228,1000000,+0.0019,0.1700,+17.6,+31.3,+0.4555,NONE,STOPPED
="2026-09-07 09:23:25",80206,712169,200941,511228,1000000,+0.0019,0.1700,+13.6,+31.3,+0.4820,NONE,STOPPED
="2026-09-07 09:23:26",80206,712169,200941,511228,1000000,+0.0009,0.1700,-0.0,+31.3,+0.5039,NONE,STOPPED
="2026-09-07 09:23:27",80206,712169,200941,511228,1000000,+0.0009,0.1700,-0.0,+31.3,+0.5215,NONE,STOPPED
="2026-09-07 09:23:28",80206,712169,200941,511228,1000000,+0.0010,0.1700,-0.0,+31.3,+0.5352,NONE,STOPPED
="2026-09-07 09:23:29",80197,829799,318571,511228,1000000,+0.0013,0.1700,-8.8,+22.5,+0.5111,NONE,STOPPED
="2026-09-07 09:23:30",80197,829799,318571,511228,1000000,+0.0013,0.1700,-8.8,+22.5,+0.5111,NONE,STOPPED
="2026-09-07 09:23:31",80197,829799,318571,511228,1000000,+0.0008,0.1700,-8.8,+22.5,+0.4871,NONE,STOPPED
="2026-09-07 09:23:32",80196,829799,318571,511228,1000000,+0.0020,0.1700,-10.3,+5.6,+0.4353,NONE,STOPPED
="2026-09-07 09:23:33",80196,829799,318571,511228,1000000,+0.0020,0.1700,-10.3,+5.6,+0.4159,NONE,STOPPED
="2026-09-07 09:23:34",80196,600354,318571,281783,1000000,+0.0024,0.1700,-1.5,+5.6,+0.3973,NONE,STOPPED
="2026-09-07 09:23:35",80196,600354,318571,281783,1000000,+0.0024,0.1700,-1.5,+14.9,+0.3792,NONE,STOPPED
="2026-09-07 09:23:36",80196,553829,272045,281783,1000000,+0.0088,0.1700,-1.5,+14.9,+0.3560,NONE,STOPPED
="2026-09-07 09:23:37",80196,553829,272045,281783,1000000,+0.0088,0.1700,-0.0,+14.9,+0.3335,NONE,STOPPED
="2026-09-07 09:23:38",80196,553829,272045,281783,1000000,+0.0088,0.1700,-0.0,+14.9,+0.3117,NONE,STOPPED
="2026-09-07 09:23:39",80196,553829,272045,281783,1000000,+0.0088,0.1700,-0.0,+14.9,+0.3117,NONE,STOPPED
="2026-09-07 09:23:40",80196,565671,283888,281783,1000000,+0.0088,0.1700,+0.0,+14.9,+0.2907,NONE,STOPPED
="2026-09-07 09:23:41",80191,565671,283888,281783,1000000,+0.0096,0.1700,-4.3,+12.9,+0.2186,NONE,STOPPED
="2026-09-07 09:23:42",80191,597352,315569,281783,1000000,+0.0096,0.1700,-4.3,+12.9,+0.1846,NONE,STOPPED
="2026-09-07 09:23:43",80175,597352,315569,281783,1000000,+0.0090,0.1700,-20.2,-3.0,+0.0907,NONE,STOPPED
="2026-09-07 09:23:44",80175,436995,315569,121425,1000000,+0.0090,0.1700,-20.2,+1.0,+0.0051,NONE,STOPPED
="2026-09-07 09:23:45",80175,415906,294481,121425,1000000,+0.0091,0.1700,-15.9,+1.0,-0.0754,NONE,STOPPED
="2026-09-07 09:23:46",80175,415906,294481,121425,1000000,+0.0091,0.1700,-15.9,+1.0,-0.1485,NONE,STOPPED
="2026-09-07 09:23:47",80175,415906,294481,121425,1000000,+0.0091,0.1700,-15.9,+1.0,-0.2151,NONE,STOPPED
="2026-09-07 09:23:48",80175,415906,294481,121425,1000000,+0.0109,0.1700,-15.9,+1.0,-0.2151,NONE,STOPPED
="2026-09-07 09:23:49",80175,415906,294481,121425,1000000,+0.0099,0.1700,-15.9,+1.0,-0.2753,NONE,STOPPED
="2026-09-07 09:23:50",80175,415906,294481,121425,1000000,+0.0095,0.1700,-0.0,+1.0,-0.3786,NONE,STOPPED
="2026-09-07 09:23:51",80170,414178,316806,97372,1000000,+0.0095,0.1700,-5.9,-4.9,-0.4454,NONE,STOPPED
="2026-09-07 09:23:52",80170,414178,316806,97372,1000000,+0.0095,0.1700,-5.9,-5.9,-0.5052,NONE,STOPPED
="2026-09-07 09:23:53",80170,441353,316806,124547,1000000,+0.0095,0.1700,-5.9,-5.9,-0.5578,NONE,STOPPED
="2026-09-07 09:23:54",80170,441353,316806,124547,1000000,+0.0095,0.1700,-5.9,-5.9,-0.6045,NONE,STOPPED
="2026-09-07 09:23:55",80170,441353,316806,124547,1000000,+0.0095,0.1700,-5.9,-16.4,-0.6456,NONE,STOPPED
="2026-09-07 09:23:56",80170,416224,316806,99418,1000000,+0.0103,0.1700,-5.9,-16.4,-0.6750,NONE,STOPPED
="2026-09-07 09:23:57",80170,416224,316806,99418,1000000,+0.0105,0.1700,-5.9,-16.4,-0.6750,NONE,STOPPED
="2026-09-07 09:23:58",80170,416224,316806,99418,1000000,+0.0101,0.1700,+0.0,-16.4,-0.6998,NONE,STOPPED
="2026-09-07 09:23:59",80158,433001,333583,99418,1000000,+0.0101,0.1700,-11.2,-27.6,-0.7804,NONE,STOPPED
="2026-09-07 09:24:00",80147,433001,333583,99418,1000000,+0.0097,0.1700,-22.5,-38.9,-0.8580,NONE,STOPPED
="2026-09-07 09:24:01",80146,433001,333583,99418,1000000,+0.0100,0.1700,-24.0,-57.9,-0.9584,NONE,STOPPED
="2026-09-07 09:24:02",80144,394403,333583,60820,1000000,+0.0100,0.1700,-25.3,-59.2,-1.0315,NONE,STOPPED
="2026-09-07 09:24:03",80144,394403,333583,60820,1000000,+0.0100,0.1700,-25.3,-59.2,-1.0315,NONE,STOPPED
="2026-09-07 09:24:04",80144,394403,333583,60820,1000000,+0.0100,0.1700,-14.1,-62.2,-1.1456,NONE,STOPPED
="2026-09-07 09:24:05",80139,394403,333583,60820,1000000,+0.0100,0.1700,-7.7,-67.2,-1.2055,NONE,STOPPED
="2026-09-07 09:24:06",80139,394403,333583,60820,1000000,+0.0028,0.1700,-6.3,-67.2,-1.2551,NONE,STOPPED
="2026-09-07 09:24:07",80139,394403,333583,60820,1000000,+0.0028,0.1700,-5.0,-67.2,-1.2949,NONE,STOPPED
="2026-09-07 09:24:08",80139,394403,333583,60820,1000000,+0.0028,0.1700,-4.9,-51.2,-1.3258,NONE,STOPPED
="2026-09-07 09:24:09",80152,394403,333583,60820,1000000,+0.0032,0.1700,+8.1,-37.6,-1.3074,NONE,STOPPED
="2026-09-07 09:24:10",80152,394403,333583,60820,1000000,+0.0032,0.1700,+13.1,-37.6,-1.2866,NONE,STOPPED
="2026-09-07 09:24:11",80160,394403,333583,60820,1000000,+0.0072,0.1700,+20.6,-26.0,-1.2344,NONE,STOPPED
="2026-09-07 09:24:12",80160,394403,333583,60820,1000000,+0.0070,0.1700,+20.6,-26.0,-1.2344,NONE,STOPPED
="2026-09-07 09:24:13",80165,394403,333583,60820,1000000,+0.0070,0.1700,+25.3,-21.2,-1.1188,NONE,STOPPED
="2026-09-07 09:24:14",80169,394403,333583,60820,1000000,+0.0072,0.1700,+17.0,-16.5,-1.0365,NONE,STOPPED
="2026-09-07 09:24:15",80169,394403,333583,60820,1000000,+0.0072,0.1700,+17.0,-16.5,-0.9587,NONE,STOPPED
="2026-09-07 09:24:16",80169,394403,333583,60820,1000000,+0.0046,0.1700,+9.5,-16.5,-0.8851,NONE,STOPPED
="2026-09-07 09:24:17",80169,394403,333583,60820,1000000,+0.0046,0.1700,+9.5,-16.5,-0.8154,NONE,STOPPED
="2026-09-07 09:24:18",80169,394403,333583,60820,1000000,+0.0055,0.1700,+4.7,-19.0,-0.7497,NONE,STOPPED
="2026-09-07 09:24:19",80169,394403,333583,60820,1000000,+0.0055,0.1700,-0.0,-23.0,-0.6859,NONE,STOPPED
="2026-09-07 09:24:20",80169,227430,200256,27174,1000000,+0.0047,0.1700,+0.0,-36.6,-0.6232,NONE,STOPPED
="2026-09-07 09:24:21",80169,227430,200256,27174,1000000,+0.0047,0.1700,+0.0,-36.6,-0.6232,NONE,STOPPED
="2026-09-07 09:24:22",80169,227430,200256,27174,1000000,+0.0030,0.1700,+0.0,-36.6,-0.5555,NONE,STOPPED
="2026-09-07 09:24:23",80169,227430,200256,27174,1000000,+0.0030,0.1700,+0.0,-36.6,-0.4300,NONE,STOPPED
="2026-09-07 09:24:24",80169,227430,200256,27174,1000000,+0.0030,0.1700,+0.0,-36.6,-0.3719,NONE,STOPPED
="2026-09-07 09:24:25",80169,227430,200256,27174,1000000,+0.0030,0.1700,+0.0,-36.6,-0.3167,NONE,STOPPED
="2026-09-07 09:24:26",80169,227430,200256,27174,1000000,+0.0031,0.1700,-0.0,-36.6,-0.2642,NONE,STOPPED
="2026-09-07 09:24:27",80169,227430,200256,27174,1000000,+0.0030,0.1700,+0.0,-36.6,-0.2142,NONE,STOPPED
="2026-09-07 09:24:28",80169,227430,200256,27174,1000000,+0.0030,0.1700,+0.0,-27.8,-0.1668,NONE,STOPPED
="2026-09-07 09:24:29",80169,109800,82626,27174,1000000,+0.0033,0.1700,-0.0,-27.8,-0.1271,NONE,STOPPED
="2026-09-07 09:24:30",80169,109800,82626,27174,1000000,+0.0038,0.1700,-0.0,-27.8,-0.1271,NONE,STOPPED
="2026-09-07 09:24:31",80169,109800,82626,27174,1000000,+0.0038,0.1700,+0.0,-27.8,-0.0894,NONE,STOPPED
="2026-09-07 09:24:32",80169,109800,82626,27174,1000000,+0.0037,0.1700,-0.0,-26.3,-0.0210,NONE,STOPPED
="2026-09-07 09:24:33",80169,109800,82626,27174,1000000,+0.0037,0.1700,-0.0,-26.3,+0.0100,NONE,STOPPED
="2026-09-07 09:24:34",80173,126134,82626,43508,1000000,+0.0033,0.1700,+4.0,-22.2,+0.0550,NONE,STOPPED
="2026-09-07 09:24:35",80173,126134,82626,43508,1000000,+0.0033,0.1700,+4.0,-22.2,+0.0968,NONE,STOPPED
="2026-09-07 09:24:36",80173,126134,82626,43508,1000000,+0.0033,0.1700,+4.0,-22.2,+0.1356,NONE,STOPPED
="2026-09-07 09:24:37",80173,126134,82626,43508,1000000,+0.0032,0.1700,+4.0,-22.2,+0.1716,NONE,STOPPED
="2026-09-07 09:24:38",80173,126134,82626,43508,1000000,+0.0032,0.1700,+4.0,-22.2,+0.2050,NONE,STOPPED
="2026-09-07 09:24:39",80173,142169,82626,59543,1000000,+0.0032,0.1700,+4.0,-17.9,+0.2359,NONE,STOPPED
="2026-09-07 09:24:40",80173,130326,70783,59543,1000000,+0.0032,0.1700,+4.0,-17.9,+0.2359,NONE,STOPPED
="2026-09-07 09:24:41",80173,130326,70783,59543,1000000,+0.0027,0.1700,-0.0,-17.9,+0.2859,NONE,STOPPED
="2026-09-07 09:24:42",80173,98645,39102,59543,1000000,+0.0027,0.1700,-0.0,-2.0,+0.3079,NONE,STOPPED
="2026-09-07 09:24:43",80173,98645,39102,59543,1000000,+0.0033,0.1700,-0.0,-2.0,+0.3183,NONE,STOPPED
="2026-09-07 09:24:44",80173,117886,58343,59543,1000000,+0.0033,0.1700,-0.0,-2.0,+0.3183,NONE,STOPPED
="2026-09-07 09:24:45",80175,117886,58343,59543,1000000,+0.0036,0.1700,+2.0,-0.0,+0.3427,NONE,STOPPED
="2026-09-07 09:24:46",80175,117886,58343,59543,1000000,+0.0036,0.1700,+2.0,-0.0,+0.3561,NONE,STOPPED
="2026-09-07 09:24:47",80175,117886,58343,59543,1000000,+0.0036,0.1700,+2.0,-0.0,+0.3676,NONE,STOPPED
="2026-09-07 09:24:48",80175,117886,58343,59543,1000000,+0.0033,0.1700,+2.0,-0.0,+0.3773,NONE,STOPPED
="2026-09-07 09:24:49",80175,117886,58343,59543,1000000,+0.0044,0.1700,+2.0,-0.0,+0.3854,NONE,STOPPED
="2026-09-07 09:24:50",80175,117886,58343,59543,1000000,+0.0044,0.1700,+2.0,+5.9,+0.3920,NONE,STOPPED
="2026-09-07 09:24:51",80175,95561,36018,59543,1000000,+0.0044,0.1700,+2.0,+5.9,+0.3936,NONE,STOPPED
="2026-09-07 09:24:52",80175,95561,36018,59543,1000000,+0.0044,0.1700,+2.0,+5.9,+0.3941,NONE,STOPPED
="2026-09-07 09:24:53",80175,68387,36018,32368,1000000,+0.0044,0.1700,+2.0,+5.9,+0.3941,NONE,STOPPED
="2026-09-07 09:24:54",80175,68387,36018,32368,1000000,+0.0045,0.1700,+2.0,+5.9,+0.4038,NONE,STOPPED
="2026-09-07 09:24:55",80175,68387,36018,32368,1000000,+0.0045,0.1700,+0.0,+5.9,+0.3960,NONE,STOPPED
="2026-09-07 09:24:56",80175,68387,36018,32368,1000000,+0.0037,0.1700,+0.0,+5.9,+0.3911,NONE,STOPPED
="2026-09-07 09:24:57",80175,68387,36018,32368,1000000,+0.0035,0.1700,+0.0,+5.9,+0.3858,NONE,STOPPED
="2026-09-07 09:24:58",80175,68387,36018,32368,1000000,+0.0035,0.1700,+0.0,+17.1,+0.3799,NONE,STOPPED
="2026-09-07 09:24:59",80182,51610,19241,32368,1000000,+0.0039,0.1700,+7.0,+35.4,+0.3955,NONE,STOPPED
="2026-09-07 09:25:00",80181,79789,47420,32368,1000000,+0.0039,0.1700,+5.8,+35.6,+0.3955,NONE,STOPPED
="2026-09-07 09:25:01",80180,79789,47420,32368,1000000,+0.0037,0.1700,+4.9,+36.1,+0.3891,NONE,STOPPED
="2026-09-07 09:25:02",80166,79789,47420,32368,1000000,+0.0037,0.1700,-9.3,+21.9,+0.3235,NONE,STOPPED
="2026-09-07 09:25:03",80166,79789,47420,32368,1000000,+0.0070,0.1700,-9.3,+21.9,+0.2626,NONE,STOPPED
="2026-09-07 09:25:04",80153,98374,66006,32368,1000000,+0.0070,0.1700,-29.5,+13.6,+0.1539,NONE,STOPPED
="2026-09-07 09:25:05",80153,98374,66006,32368,1000000,+0.0070,0.1700,-28.2,+13.7,+0.0519,NONE,STOPPED
="2026-09-07 09:25:06",80153,98374,66006,32368,1000000,+0.0083,0.1700,-27.4,+13.6,-0.0414,NONE,STOPPED
="2026-09-07 09:25:07",80153,98374,66006,32368,1000000,+0.0083,0.1700,-13.2,+13.6,-0.1265,NONE,STOPPED
="2026-09-07 09:25:08",80153,98374,66006,32368,1000000,+0.0083,0.1700,-13.2,+13.6,-0.1265,NONE,STOPPED
="2026-09-07 09:25:09",80153,98374,66006,32368,1000000,+0.0083,0.1700,-13.2,+0.6,-0.2668,NONE,STOPPED
="2026-09-07 09:25:10",80156,98374,66006,32368,1000000,+0.0083,0.1700,+2.6,-4.4,-0.3134,NONE,STOPPED
="2026-09-07 09:25:11",80156,98374,66006,32368,1000000,+0.0043,0.1700,+2.6,-4.4,-0.3507,NONE,STOPPED
="2026-09-07 09:25:12",80156,98374,66006,32368,1000000,+0.0043,0.1700,+2.6,-9.1,-0.3838,NONE,STOPPED
="2026-09-07 09:25:13",80156,98374,66006,32368,1000000,+0.0036,0.1700,+2.6,-13.9,-0.4101,NONE,STOPPED
="2026-09-07 09:25:14",80167,98374,66006,32368,1000000,+0.0034,0.1700,+14.5,-1.9,-0.3838,NONE,STOPPED
="2026-09-07 09:25:15",80167,98374,66006,32368,1000000,+0.0035,0.1700,+11.9,-1.9,-0.3589,NONE,STOPPED
="2026-09-07 09:25:16",80167,98374,66006,32368,1000000,+0.0035,0.1700,+11.9,-1.9,-0.3354,NONE,STOPPED
="2026-09-07 09:25:17",80167,98374,66006,32368,1000000,+0.0035,0.1700,+11.9,-1.9,-0.3354,NONE,STOPPED
="2026-09-07 09:25:18",80167,98374,66006,32368,1000000,+0.0030,0.1700,+11.9,-1.9,-0.3197,NONE,STOPPED
="2026-09-07 09:25:19",80167,98374,66006,32368,1000000,+0.0033,0.1700,+11.9,-1.9,-0.2727,NONE,STOPPED
="2026-09-07 09:25:20",80167,98374,66006,32368,1000000,+0.0041,0.1700,+11.9,-1.9,-0.2541,NONE,STOPPED
="2026-09-07 09:25:21",80172,98374,66006,32368,1000000,+0.0041,0.1700,+4.1,+2.2,-0.2204,NONE,STOPPED
="2026-09-07 09:25:22",80172,98374,66006,32368,1000000,+0.0036,0.1700,+4.2,+2.2,-0.1892,NONE,STOPPED
="2026-09-07 09:25:23",80172,98374,66006,32368,1000000,+0.0036,0.1700,+4.2,+2.2,-0.1605,NONE,STOPPED
="2026-09-07 09:25:24",80172,98374,66006,32368,1000000,+0.0036,0.1700,+4.1,+2.2,-0.1342,NONE,STOPPED
="2026-09-07 09:25:25",80172,98374,66006,32368,1000000,+0.0036,0.1700,+4.2,+2.2,-0.1098,NONE,STOPPED
="2026-09-07 09:25:26",80172,98374,66006,32368,1000000,+0.0036,0.1700,+4.2,+2.2,-0.1098,NONE,STOPPED
="2026-09-07 09:25:27",80172,98374,66006,32368,1000000,+0.0036,0.1700,+0.0,+2.2,-0.0671,NONE,STOPPED
="2026-09-07 09:25:28",80172,98374,66006,32368,1000000,+0.0028,0.1700,-0.0,+2.2,-0.0484,NONE,STOPPED
="2026-09-07 09:25:29",80172,98374,66006,32368,1000000,+0.0024,0.1700,+0.0,+2.2,-0.0313,NONE,STOPPED
="2026-09-07 09:25:30",80172,98374,66006,32368,1000000,+0.0024,0.1700,+0.0,+2.2,-0.0157,NONE,STOPPED
="2026-09-07 09:25:31",80172,98374,66006,32368,1000000,+0.0024,0.1700,+0.0,+2.2,-0.0016,NONE,STOPPED
="2026-09-07 09:25:32",80164,98374,66006,32368,1000000,+0.0026,0.1700,-8.0,-5.8,-0.0201,NONE,STOPPED
="2026-09-07 09:25:33",80164,82041,66006,16034,1000000,+0.0026,0.1700,-8.0,-9.8,-0.0368,NONE,STOPPED
="2026-09-07 09:25:34",80164,82041,66006,16034,1000000,+0.0026,0.1700,-8.0,-9.8,-0.0492,NONE,STOPPED
="2026-09-07 09:25:35",80164,82041,66006,16034,1000000,+0.0026,0.1700,-8.0,-9.8,-0.0492,NONE,STOPPED
="2026-09-07 09:25:36",80156,82041,66006,16034,1000000,+0.0026,0.1700,-16.1,-17.9,-0.1295,NONE,STOPPED
="2026-09-07 09:25:37",80156,82041,66006,16034,1000000,+0.0032,0.1700,-8.1,-17.9,-0.1630,NONE,STOPPED
="2026-09-07 09:25:38",80156,82041,66006,16034,1000000,+0.0033,0.1700,-8.1,-17.9,-0.1925,NONE,STOPPED
="2026-09-07 09:25:39",80156,66006,66006,0,1000000,+0.0033,0.1700,-8.1,-17.9,-0.2183,NONE,STOPPED
="2026-09-07 09:25:40",80156,66006,66006,0,1000000,+0.0033,0.1700,-0.0,-17.9,-0.2407,NONE,STOPPED
="2026-09-07 09:25:41",80156,66006,66006,0,1000000,+0.0038,0.1700,-0.0,-17.9,-0.2598,NONE,STOPPED
="2026-09-07 09:25:42",80156,66006,66006,0,1000000,+0.0038,0.1700,-0.0,-17.9,-0.2760,NONE,STOPPED
="2026-09-07 09:25:43",80156,66006,66006,0,1000000,+0.0006,0.1700,-0.0,-17.9,-0.2895,NONE,STOPPED
="2026-09-07 09:25:44",80156,46764,46764,0,1000000,+0.0002,0.1700,-0.0,-17.9,-0.2895,NONE,STOPPED
="2026-09-07 09:25:45",80167,46764,46764,0,1000000,+0.0002,0.1700,+11.9,-7.9,-0.2532,NONE,STOPPED
="2026-09-07 09:25:46",80167,46764,46764,0,1000000,+0.0002,0.1700,+11.9,-7.9,-0.1853,NONE,STOPPED
="2026-09-07 09:25:47",80167,46764,46764,0,1000000,+0.0002,0.1700,+11.9,-7.9,-0.1546,NONE,STOPPED
="2026-09-07 09:25:48",80167,46764,46764,0,1000000,+0.0004,0.1700,+11.9,-7.9,-0.1260,NONE,STOPPED
="2026-09-07 09:25:49",80167,46764,46764,0,1000000,+0.0002,0.1700,-0.0,-7.9,-0.0993,NONE,STOPPED
="2026-09-07 09:25:50",80167,46764,46764,0,1000000,+0.0002,0.1700,-0.0,-7.9,-0.0745,NONE,STOPPED
="2026-09-07 09:25:51",80167,46764,46764,0,1000000,+0.0002,0.1700,-0.0,-7.9,-0.0514,NONE,STOPPED
="2026-09-07 09:25:52",80167,46764,46764,0,1000000,+0.0002,0.1700,-0.0,-8.0,-0.0298,NONE,STOPPED
="2026-09-07 09:25:53",80167,46764,46764,0,1000000,+0.0002,0.1700,-0.0,-8.0,-0.0161,NONE,STOPPED
="2026-09-07 09:25:54",80167,46764,46764,0,1000000,+0.0002,0.1700,-0.0,-8.0,-0.0161,NONE,STOPPED
="2026-09-07 09:25:55",80167,46764,46764,0,1000000,+0.0002,0.1700,+0.0,-7.9,+0.0126,NONE,STOPPED
="2026-09-07 09:25:56",80167,46764,46764,0,1000000,+0.0003,0.1700,-0.0,-7.9,+0.0352,NONE,STOPPED
="2026-09-07 09:25:57",80167,46764,46764,0,1000000,+0.0004,0.1700,-0.0,-8.0,+0.0499,NONE,STOPPED
="2026-09-07 09:25:58",80176,46764,46764,0,1000000,+0.0004,0.1700,+8.0,-6.9,+0.0948,NONE,STOPPED
="2026-09-07 09:25:59",80176,46764,46764,0,1000000,+0.0004,0.1700,+8.1,-5.6,+0.1400,NONE,STOPPED
="2026-09-07 09:26:00",80176,18585,18585,0,1000000,+0.0003,0.1700,+8.1,-4.8,+0.1805,NONE,STOPPED
="2026-09-07 09:26:01",80176,18585,18585,0,1000000,+0.0003,0.1700,+8.1,+9.4,+0.2168,NONE,STOPPED
="2026-09-07 09:26:02",80176,18585,18585,0,1000000,+0.0011,0.1700,+8.1,+9.4,+0.2409,NONE,STOPPED
="2026-09-07 09:26:03",80176,18585,18585,0,1000000,-0.0023,0.1700,+8.1,+9.4,+0.2409,NONE,STOPPED
="2026-09-07 09:26:04",80176,0,0,0,1000000,-0.0023,0.1700,+0.1,+22.6,+0.2725,NONE,STOPPED
="2026-09-07 09:26:05",80176,0,0,0,1000000,-0.0023,0.1700,-0.0,+22.6,+0.2804,NONE,STOPPED
="2026-09-07 09:26:06",80176,0,0,0,1000000,-0.0035,0.1700,-0.0,+22.6,+0.2861,NONE,STOPPED
="2026-09-07 09:26:07",80167,0,0,0,1000000,-0.0035,0.1700,-8.1,+14.5,+0.2583,NONE,STOPPED
="2026-09-07 09:26:08",80165,0,0,0,1000000,-0.0038,0.1700,-10.1,+12.5,+0.2242,NONE,STOPPED
="2026-09-07 09:26:09",80165,0,0,0,1000000,-0.0038,0.1700,-10.1,+10.0,+0.1920,NONE,STOPPED
="2026-09-07 09:26:10",80165,0,0,0,1000000,-0.0038,0.1700,-10.1,+10.0,+0.1634,NONE,STOPPED
="2026-09-07 09:26:11",80162,0,0,0,1000000,-0.0039,0.1700,-13.3,+6.8,+0.1241,NONE,STOPPED
="2026-09-07 09:26:12",80162,0,0,0,1000000,-0.0039,0.1700,-13.3,+6.8,+0.1241,NONE,STOPPED
="2026-09-07 09:26:13",80162,0,0,0,1000000,-0.0031,0.1700,-5.2,+6.8,+0.0877,NONE,STOPPED
="2026-09-07 09:26:14",80162,29632,29632,0,1000000,-0.0031,0.1700,-3.2,-5.2,+0.0304,NONE,STOPPED
="2026-09-07 09:26:15",80162,29632,29632,0,1000000,-0.0033,0.1700,-3.2,-5.2,+0.0088,NONE,STOPPED
="2026-09-07 09:26:16",80162,29632,29632,0,1000000,-0.0033,0.1700,+0.0,-5.2,-0.0106,NONE,STOPPED
="2026-09-07 09:26:17",80162,29632,29632,0,1000000,-0.0032,0.1700,+0.0,-5.2,-0.0280,NONE,STOPPED
="2026-09-07 09:26:18",80162,29632,29632,0,1000000,-0.0032,0.1700,+0.0,-5.2,-0.0437,NONE,STOPPED
="2026-09-07 09:26:19",80167,29632,29632,0,1000000,-0.0035,0.1700,+5.2,+0.0,-0.0375,NONE,STOPPED
="2026-09-07 09:26:20",80178,29632,29632,0,1000000,-0.0026,0.1700,+15.9,+6.6,+0.0099,NONE,STOPPED
="2026-09-07 09:26:21",80178,29632,29632,0,1000000,-0.0026,0.1700,+15.9,+6.6,+0.0099,NONE,STOPPED
="2026-09-07 09:26:22",80178,29632,29632,0,1000000,-0.0021,0.1700,+15.9,+6.5,+0.0550,NONE,STOPPED
="2026-09-07 09:26:23",80178,29632,29632,0,1000000,-0.0011,0.1700,+15.9,+6.6,+0.1326,NONE,STOPPED
="2026-09-07 09:26:24",80178,29632,29632,0,1000000,-0.0011,0.1700,+10.7,+6.5,+0.1655,NONE,STOPPED
="2026-09-07 09:26:25",80178,29632,29632,0,1000000,-0.0011,0.1700,-0.0,+6.5,+0.1949,NONE,STOPPED
="2026-09-07 09:26:26",80178,29632,29632,0,1000000,-0.0007,0.1700,-0.0,+6.5,+0.2211,NONE,STOPPED
="2026-09-07 09:26:27",80178,29632,29632,0,1000000,-0.0007,0.1700,-0.0,+6.6,+0.2443,NONE,STOPPED
="2026-09-07 09:26:28",80178,29632,29632,0,1000000,+0.0002,0.1700,+0.0,+6.5,+0.2646,NONE,STOPPED
="2026-09-07 09:26:29",80178,29632,29632,0,1000000,+0.0001,0.1700,-0.0,+6.5,+0.2823,NONE,STOPPED
="2026-09-07 09:26:30",80178,29632,29632,0,1000000,+0.0001,0.1700,-0.0,+6.5,+0.2823,NONE,STOPPED
="2026-09-07 09:26:31",80178,29632,29632,0,1000000,+0.0001,0.1700,-0.0,+6.5,+0.2977,NONE,STOPPED
="2026-09-07 09:26:32",80178,29632,29632,0,1000000,+0.0001,0.1700,-0.0,+14.5,+0.3169,NONE,STOPPED
="2026-09-07 09:26:33",80178,29632,29632,0,1000000,+0.0001,0.1700,+0.0,+14.5,+0.3213,NONE,STOPPED
="2026-09-07 09:26:34",80178,29632,29632,0,1000000,+0.0001,0.1700,+0.0,+22.6,+0.3241,NONE,STOPPED
="2026-09-07 09:26:35",80178,29632,29632,0,1000000,+0.0001,0.1700,-0.0,+22.6,+0.3204,NONE,STOPPED
="2026-09-07 09:26:36",80178,29632,29632,0,1000000,+0.0001,0.1700,-0.0,+22.6,+0.3155,NONE,STOPPED
="2026-09-07 09:26:37",80185,44579,29632,14947,1000000,-0.0005,0.1700,+6.4,+29.0,+0.3344,NONE,STOPPED
="2026-09-07 09:26:38",80185,44579,29632,14947,1000000,-0.0005,0.1700,+6.4,+29.0,+0.3497,NONE,STOPPED
="2026-09-07 09:26:39",80185,44579,29632,14947,1000000,-0.0005,0.1700,+6.4,+29.0,+0.3617,NONE,STOPPED
="2026-09-07 09:26:40",80185,44579,29632,14947,1000000,-0.0005,0.1700,+6.4,+29.0,+0.3617,NONE,STOPPED
="2026-09-07 09:26:41",80206,44579,29632,14947,1000000,+0.0012,0.1700,+27.8,+50.4,+0.4542,NONE,STOPPED
="2026-09-07 09:26:42",80206,44579,29632,14947,1000000,+0.0012,0.1700,+21.4,+50.4,+0.6064,NONE,STOPPED
="2026-09-07 09:26:43",80206,44579,29632,14947,1000000,+0.0044,0.1700,+21.4,+38.5,+0.6679,NONE,STOPPED
="2026-09-07 09:26:44",80206,44579,29632,14947,1000000,+0.0044,0.1700,+21.4,+38.5,+0.7277,NONE,STOPPED
="2026-09-07 09:26:45",80206,44579,29632,14947,1000000,+0.0044,0.1700,+21.4,+38.5,+0.7791,NONE,STOPPED
="2026-09-07 09:26:46",80206,44579,29632,14947,1000000,+0.0044,0.1700,+21.4,+38.5,+0.8229,NONE,STOPPED
="2026-09-07 09:26:47",80206,44579,29632,14947,1000000,+0.0044,0.1700,+0.0,+38.5,+0.8595,NONE,STOPPED
="2026-09-07 09:26:48",80206,44579,29632,14947,1000000,+0.0041,0.1700,-0.0,+38.5,+0.8896,NONE,STOPPED
="2026-09-07 09:26:49",80206,44579,29632,14947,1000000,+0.0043,0.1700,+0.0,+38.5,+0.9136,NONE,STOPPED
="2026-09-07 09:26:50",80206,44579,29632,14947,1000000,+0.0043,0.1700,+0.0,+38.5,+0.9136,NONE,STOPPED
="2026-09-07 09:26:51",80206,44579,29632,14947,1000000,+0.0044,0.1700,+0.0,+38.5,+0.9455,NONE,STOPPED
="2026-09-07 09:26:52",80206,44579,29632,14947,1000000,+0.0044,0.1700,+0.0,+38.5,+0.9542,NONE,STOPPED
="2026-09-07 09:26:53",80206,44579,29632,14947,1000000,+0.0054,0.1700,+0.0,+38.5,+0.9586,NONE,STOPPED
="2026-09-07 09:26:54",80206,44579,29632,14947,1000000,+0.0054,0.1700,-0.0,+38.5,+0.9590,NONE,STOPPED
="2026-09-07 09:26:55",80206,44579,29632,14947,1000000,+0.0054,0.1700,+0.0,+38.5,+0.9559,NONE,STOPPED
="2026-09-07 09:26:56",80206,44579,29632,14947,1000000,+0.0053,0.1700,+0.0,+38.5,+0.9495,NONE,STOPPED
="2026-09-07 09:26:57",80206,44579,29632,14947,1000000,+0.0053,0.1700,-0.0,+30.5,+0.9402,NONE,STOPPED
="2026-09-07 09:26:58",80206,44579,29632,14947,1000000,+0.0053,0.1700,-0.0,+30.4,+0.9331,NONE,STOPPED
="2026-09-07 09:26:59",80206,44579,29632,14947,1000000,+0.0053,0.1700,-0.0,+30.4,+0.9331,NONE,STOPPED
="2026-09-07 09:27:00",80206,44579,29632,14947,1000000,+0.0050,0.1700,-0.0,+30.4,+0.9292,NONE,STOPPED
="2026-09-07 09:27:01",80206,44579,29632,14947,1000000,+0.0042,0.1700,+0.0,+30.4,+0.9113,NONE,STOPPED
="2026-09-07 09:27:02",80206,105870,90922,14947,1000000,+0.0042,0.1700,-0.0,+30.4,+0.8921,NONE,STOPPED
="2026-09-07 09:27:03",80200,105870,90922,14947,1000000,+0.0018,0.1700,-6.5,+23.9,+0.8449,NONE,STOPPED
="2026-09-07 09:27:04",80200,105870,90922,14947,1000000,+0.0018,0.1700,-6.5,+23.9,+0.7999,NONE,STOPPED
="2026-09-07 09:27:05",80200,105870,90922,14947,1000000,+0.0018,0.1700,-6.5,+24.0,+0.7569,NONE,STOPPED
="2026-09-07 09:27:06",80200,105870,90922,14947,1000000,+0.0037,0.1700,-6.5,+24.0,+0.7569,NONE,STOPPED
="2026-09-07 09:27:07",80200,105870,90922,14947,1000000,+0.0037,0.1700,-6.5,+32.0,+0.7157,NONE,STOPPED
="2026-09-07 09:27:08",80200,105870,90922,14947,1000000,+0.0040,0.1700,+0.0,+34.0,+0.6273,NONE,STOPPED
="2026-09-07 09:27:09",80200,105870,90922,14947,1000000,+0.0021,0.1700,+0.0,+34.0,+0.5849,NONE,STOPPED
="2026-09-07 09:27:10",80206,105870,90922,14947,1000000,+0.0021,0.1700,+6.5,+43.7,+0.5695,NONE,STOPPED
="2026-09-07 09:27:11",80206,105870,90922,14947,1000000,+0.0022,0.1700,+6.5,+43.7,+0.5507,NONE,STOPPED
="2026-09-07 09:27:12",80206,105870,90922,14947,1000000,+0.0022,0.1700,+6.5,+43.7,+0.5308,NONE,STOPPED
="2026-09-07 09:27:13",80206,105870,90922,14947,1000000,+0.0023,0.1700,+6.5,+43.7,+0.5097,NONE,STOPPED
="2026-09-07 09:27:14",80206,76238,61290,14947,1000000,+0.0023,0.1700,+6.5,+43.7,+0.4878,NONE,STOPPED
="2026-09-07 09:27:15",80209,105033,61290,43742,1000000,+0.0023,0.1700,+2.7,+46.4,+0.4754,NONE,STOPPED
="2026-09-07 09:27:16",80209,105033,61290,43742,1000000,+0.0026,0.1700,+2.7,+46.4,+0.4754,NONE,STOPPED
="2026-09-07 09:27:17",80209,105033,61290,43742,1000000,+0.0025,0.1700,+2.7,+46.4,+0.4576,NONE,STOPPED
="2026-09-07 09:27:18",80209,105033,61290,43742,1000000,+0.0025,0.1700,+2.7,+41.2,+0.4284,NONE,STOPPED
="2026-09-07 09:27:19",80209,105033,61290,43742,1000000,+0.0110,0.1700,+2.7,+30.5,+0.4131,NONE,STOPPED
="2026-09-07 09:27:20",80209,105033,61290,43742,1000000,+0.0101,0.1700,-0.0,+30.5,+0.4031,NONE,STOPPED
="2026-09-07 09:27:21",80209,105033,61290,43742,1000000,+0.0101,0.1700,+2.7,+30.5,+0.3920,NONE,STOPPED
="2026-09-07 09:27:22",80209,105033,61290,43742,1000000,+0.0091,0.1700,+2.7,+30.5,+0.3798,NONE,STOPPED
="2026-09-07 09:27:23",80209,105033,61290,43742,1000000,+0.0082,0.1700,+2.7,+30.5,+0.3666,NONE,STOPPED
="2026-09-07 09:27:24",80209,105033,61290,43742,1000000,+0.0082,0.1700,+0.0,+30.5,+0.3526,NONE,STOPPED
="2026-09-07 09:27:25",80209,105033,61290,43742,1000000,+0.0082,0.1700,+0.0,+30.5,+0.3526,NONE,STOPPED
="2026-09-07 09:27:26",80209,105033,61290,43742,1000000,+0.0077,0.1700,+0.0,+30.5,+0.3378,NONE,STOPPED
="2026-09-07 09:27:27",80209,105033,61290,43742,1000000,+0.0077,0.1700,+0.0,+30.5,+0.3064,NONE,STOPPED
="2026-09-07 09:27:28",80209,105033,61290,43742,1000000,+0.0073,0.1700,-0.0,+30.5,+0.2898,NONE,STOPPED
="2026-09-07 09:27:29",80209,105033,61290,43742,1000000,+0.0074,0.1700,+0.0,+30.5,+0.2729,NONE,STOPPED
="2026-09-07 09:27:30",80213,105033,61290,43742,1000000,+0.0074,0.1700,+4.8,+35.3,+0.2743,NONE,STOPPED
="2026-09-07 09:27:31",80215,105033,61290,43742,1000000,+0.0072,0.1700,+6.7,+37.2,+0.2810,NONE,STOPPED
="2026-09-07 09:27:32",80219,105033,61290,43742,1000000,+0.0072,0.1700,+10.8,+41.3,+0.3012,NONE,STOPPED
="2026-09-07 09:27:33",80220,105033,61290,43742,1000000,+0.0072,0.1700,+10.9,+41.4,+0.3172,NONE,STOPPED
="2026-09-07 09:27:34",80220,105033,61290,43742,1000000,+0.0072,0.1700,+10.9,+41.4,+0.3295,NONE,STOPPED
="2026-09-07 09:27:35",80220,105033,61290,43742,1000000,+0.0072,0.1700,+6.1,+41.4,+0.3383,NONE,STOPPED
="2026-09-07 09:27:36",80220,105033,61290,43742,1000000,+0.0072,0.1700,+6.1,+41.4,+0.3383,NONE,STOPPED
="2026-09-07 09:27:37",80220,90085,61290,28795,1000000,+0.0075,0.1700,+0.0,+35.0,+0.3572,NONE,STOPPED
="2026-09-07 09:27:38",80220,90085,61290,28795,1000000,+0.0074,0.1700,+0.0,+35.0,+0.3546,NONE,STOPPED
="2026-09-07 09:27:39",80219,90085,61290,28795,1000000,+0.0074,0.1700,-0.0,+13.5,+0.3559,NONE,STOPPED
="2026-09-07 09:27:40",80219,90085,61290,28795,1000000,+0.0075,0.1700,-0.0,+13.5,+0.3683,NONE,STOPPED
="2026-09-07 09:27:41",80220,90085,61290,28795,1000000,+0.0057,0.1700,+0.0,+13.5,+0.3783,NONE,STOPPED
="2026-09-07 09:27:42",80219,90085,61290,28795,1000000,+0.0057,0.1700,-0.0,+13.5,+0.3861,NONE,STOPPED
="2026-09-07 09:27:43",80219,90085,61290,28795,1000000,+0.0057,0.1700,-0.0,+13.5,+0.3919,NONE,STOPPED
="2026-09-07 09:27:44",80219,90085,61290,28795,1000000,+0.0057,0.1700,-0.0,+13.5,+0.3957,NONE,STOPPED
="2026-09-07 09:27:45",80219,90085,61290,28795,1000000,+0.0057,0.1700,-0.0,+13.5,+0.3957,NONE,STOPPED
="2026-09-07 09:27:46",80220,90085,61290,28795,1000000,+0.0057,0.1700,+0.0,+13.5,+0.3979,NONE,STOPPED
="2026-09-07 09:27:47",80220,90085,61290,28795,1000000,+0.0058,0.1700,+0.0,+13.5,+0.3977,NONE,STOPPED
="2026-09-07 09:27:48",80219,90085,61290,28795,1000000,+0.0061,0.1700,-0.0,+13.5,+0.3956,NONE,STOPPED
="2026-09-07 09:27:49",80219,90085,61290,28795,1000000,+0.0064,0.1700,-0.0,+13.5,+0.3922,NONE,STOPPED
="2026-09-07 09:27:50",80220,90085,61290,28795,1000000,+0.0064,0.1700,+0.0,+13.5,+0.3878,NONE,STOPPED
="2026-09-07 09:27:51",80221,113390,61290,52099,1000000,+0.0064,0.1700,+2.0,+15.5,+0.3903,NONE,STOPPED
="2026-09-07 09:27:52",80222,113390,61290,52099,1000000,+0.0064,0.1700,+2.0,+15.5,+0.3912,NONE,STOPPED
="2026-09-07 09:27:53",80221,113390,61290,52099,1000000,+0.0054,0.1700,+2.0,+15.5,+0.3905,NONE,STOPPED
="2026-09-07 09:27:54",80221,113390,61290,52099,1000000,+0.0054,0.1700,+2.0,+15.5,+0.3883,NONE,STOPPED
="2026-09-07 09:27:55",80221,113390,61290,52099,1000000,+0.0039,0.1700,+2.0,+15.5,+0.3883,NONE,STOPPED
="2026-09-07 09:27:56",80222,113390,61290,52099,1000000,+0.0039,0.1700,+0.0,+15.5,+0.3805,NONE,STOPPED
="2026-09-07 09:27:57",80222,113390,61290,52099,1000000,+0.0039,0.1700,+0.0,+15.5,+0.3749,NONE,STOPPED
="2026-09-07 09:27:58",80222,113390,61290,52099,1000000,+0.0039,0.1700,+0.0,+15.5,+0.3685,NONE,STOPPED
="2026-09-07 09:27:59",80220,113390,61290,52099,1000000,+0.0039,0.1700,-1.3,+14.2,+0.3537,NONE,STOPPED
="2026-09-07 09:28:00",80220,113390,61290,52099,1000000,+0.0043,0.1700,-1.3,+14.2,+0.3413,NONE,STOPPED
="2026-09-07 09:28:01",80220,113390,61290,52099,1000000,+0.0043,0.1700,-1.3,+14.2,+0.3287,NONE,STOPPED
="2026-09-07 09:28:02",80220,52099,0,52099,1000000,+0.0034,0.1700,-1.3,+20.7,+0.3160,NONE,STOPPED
="2026-09-07 09:28:03",80220,52099,0,52099,1000000,+0.0058,0.1700,-1.3,+20.7,+0.2992,NONE,STOPPED
="2026-09-07 09:28:04",80220,52099,0,52099,1000000,+0.0058,0.1700,+0.0,+20.7,+0.2825,NONE,STOPPED
="2026-09-07 09:28:05",80220,52099,0,52099,1000000,+0.0061,0.1700,+0.0,+20.7,+0.2658,NONE,STOPPED
="2026-09-07 09:28:06",80220,52099,0,52099,1000000,+0.0042,0.1700,+0.0,+20.7,+0.2658,NONE,STOPPED
="2026-09-07 09:28:07",80220,52099,0,52099,1000000,+0.0042,0.1700,-0.0,+20.7,+0.2326,NONE,STOPPED
="2026-09-07 09:28:08",80220,52099,0,52099,1000000,+0.0044,0.1700,-0.0,+20.7,+0.2162,NONE,STOPPED
="2026-09-07 09:28:09",80197,64393,12293,52099,1000000,+0.0062,0.1700,-23.1,-8.8,+0.1102,NONE,STOPPED
="2026-09-07 09:28:10",80197,64393,12293,52099,1000000,+0.0050,0.1700,-23.1,-8.8,+0.0174,NONE,STOPPED
="2026-09-07 09:28:11",80197,64393,12293,52099,1000000,+0.0050,0.1700,-23.1,-8.8,-0.0669,NONE,STOPPED
="2026-09-07 09:28:12",80197,64393,12293,52099,1000000,+0.0049,0.1700,-23.1,-8.8,-0.1432,NONE,STOPPED
="2026-09-07 09:28:13",80197,64393,12293,52099,1000000,+0.0049,0.1700,-23.1,-8.8,-0.2122,NONE,STOPPED
="2026-09-07 09:28:14",80197,64393,12293,52099,1000000,+0.0016,0.1700,-23.1,-11.5,-0.2743,NONE,STOPPED
="2026-09-07 09:28:15",80197,35598,12293,23304,1000000,+0.0014,0.1700,+0.0,-11.5,-0.3284,NONE,STOPPED
="2026-09-07 09:28:16",80197,35598,12293,23304,1000000,+0.0014,0.1700,+0.0,-11.5,-0.3284,NONE,STOPPED
="2026-09-07 09:28:17",80197,35598,12293,23304,1000000,+0.0014,0.1700,+0.0,-11.5,-0.4191,NONE,STOPPED
="2026-09-07 09:28:18",80197,35598,12293,23304,1000000,+0.0014,0.1700,-0.0,-11.5,-0.4567,NONE,STOPPED
="2026-09-07 09:28:19",80197,35598,12293,23304,1000000,-0.0071,0.1700,+0.0,-11.5,-0.4895,NONE,STOPPED
="2026-09-07 09:28:20",80197,35598,12293,23304,1000000,-0.0079,0.1700,+0.0,-11.5,-0.5180,NONE,STOPPED
="2026-09-07 09:28:21",80197,35598,12293,23304,1000000,-0.0079,0.1700,+0.0,-11.5,-0.5424,NONE,STOPPED
="2026-09-07 09:28:22",80197,35598,12293,23304,1000000,-0.0070,0.1700,-0.0,-11.5,-0.5631,NONE,STOPPED
="2026-09-07 09:28:23",80197,35598,12293,23304,1000000,-0.0071,0.1700,-0.0,-11.5,-0.5804,NONE,STOPPED
="2026-09-07 09:28:24",80197,35598,12293,23304,1000000,-0.0071,0.1700,+0.0,-11.5,-0.5944,NONE,STOPPED
="2026-09-07 09:28:25",80197,35598,12293,23304,1000000,-0.0071,0.1700,+0.0,-11.5,-0.6056,NONE,STOPPED
="2026-09-07 09:28:26",80197,35598,12293,23304,1000000,-0.0071,0.1700,+0.0,-11.5,-0.6056,NONE,STOPPED
="2026-09-07 09:28:27",80197,35598,12293,23304,1000000,-0.0071,0.1700,-0.0,-11.5,-0.6201,NONE,STOPPED
="2026-09-07 09:28:28",80197,35598,12293,23304,1000000,-0.0067,0.1700,+0.0,-11.5,-0.6238,NONE,STOPPED
="2026-09-07 09:28:29",80197,35598,12293,23304,1000000,-0.0057,0.1700,-0.0,-16.3,-0.6254,NONE,STOPPED
="2026-09-07 09:28:30",80197,35598,12293,23304,1000000,-0.0057,0.1700,-0.0,-18.2,-0.6223,NONE,STOPPED
="2026-09-07 09:28:31",80197,35598,12293,23304,1000000,-0.0055,0.1700,+0.0,-22.4,-0.6163,NONE,STOPPED
="2026-09-07 09:28:32",80197,35598,12293,23304,1000000,-0.0051,0.1700,+0.0,-22.4,-0.6063,NONE,STOPPED
="2026-09-07 09:28:33",80197,35598,12293,23304,1000000,-0.0051,0.1700,-0.0,-22.4,-0.5951,NONE,STOPPED
="2026-09-07 09:28:34",80197,35598,12293,23304,1000000,-0.0052,0.1700,+0.0,-22.4,-0.5826,NONE,STOPPED
="2026-09-07 09:28:35",80197,52014,28709,23304,1000000,-0.0052,0.1700,+0.0,-22.4,-0.5826,NONE,STOPPED
="2026-09-07 09:28:36",80190,52014,28709,23304,1000000,-0.0054,0.1700,-7.6,-29.9,-0.5986,NONE,STOPPED
="2026-09-07 09:28:37",80190,52014,28709,23304,1000000,-0.0054,0.1700,-7.6,-29.9,-0.6194,NONE,STOPPED
="2026-09-07 09:28:38",80190,78003,54698,23304,1000000,-0.0056,0.1700,-7.6,-30.0,-0.6250,NONE,STOPPED
="2026-09-07 09:28:39",80190,78003,54698,23304,1000000,-0.0056,0.1700,-7.6,-30.0,-0.6277,NONE,STOPPED
="2026-09-07 09:28:40",80190,78003,54698,23304,1000000,-0.0056,0.1700,-0.1,-30.0,-0.6275,NONE,STOPPED
="2026-09-07 09:28:41",80190,78003,54698,23304,1000000,-0.0056,0.1700,-0.1,-30.0,-0.6250,NONE,STOPPED
="2026-09-07 09:28:42",80190,78003,54698,23304,1000000,-0.0056,0.1700,-0.1,-30.0,-0.6201,NONE,STOPPED
="2026-09-07 09:28:43",80190,78003,54698,23304,1000000,-0.0056,0.1700,+0.0,-30.0,-0.6131,NONE,STOPPED
="2026-09-07 09:28:44",80190,78003,54698,23304,1000000,-0.0056,0.1700,+0.0,-30.0,-0.6043,NONE,STOPPED
="2026-09-07 09:28:45",80190,78003,54698,23304,1000000,-0.0053,0.1700,+0.0,-30.0,-0.6043,NONE,STOPPED
="2026-09-07 09:28:46",80185,78003,54698,23304,1000000,-0.0054,0.1700,-4.3,-34.3,-0.6134,NONE,STOPPED
="2026-09-07 09:28:47",80185,78003,54698,23304,1000000,-0.0054,0.1700,-4.3,-34.2,-0.6134,NONE,STOPPED
="2026-09-07 09:28:48",80185,78003,54698,23304,1000000,-0.0055,0.1700,-4.3,-34.3,-0.6108,NONE,STOPPED
="2026-09-07 09:28:49",80185,78003,54698,23304,1000000,-0.0058,0.1700,-4.3,-34.3,-0.6057,NONE,STOPPED
="2026-09-07 09:28:50",80185,78003,54698,23304,1000000,-0.0058,0.1700,+0.0,-36.2,-0.5985,NONE,STOPPED
="2026-09-07 09:28:51",80185,54698,54698,0,1000000,-0.0058,0.1700,+0.0,-36.3,-0.5880,NONE,STOPPED
="2026-09-07 09:28:52",80185,54698,54698,0,1000000,-0.0058,0.1700,+0.0,-36.2,-0.5758,NONE,STOPPED
="2026-09-07 09:28:53",80185,54698,54698,0,1000000,-0.0059,0.1700,+0.0,-36.2,-0.5620,NONE,STOPPED
="2026-09-07 09:28:54",80185,54698,54698,0,1000000,-0.0059,0.1700,+0.0,-36.2,-0.5620,NONE,STOPPED
="2026-09-07 09:28:55",80190,54698,54698,0,1000000,-0.0045,0.1700,+4.3,-32.0,-0.5301,NONE,STOPPED
="2026-09-07 09:28:56",80190,54698,54698,0,1000000,-0.0045,0.1700,+4.3,-32.0,-0.4677,NONE,STOPPED
="2026-09-07 09:28:57",80190,54698,54698,0,1000000,-0.0045,0.1700,+4.3,-32.0,-0.4372,NONE,STOPPED
="2026-09-07 09:28:58",80199,72707,54698,18008,1000000,-0.0045,0.1700,+14.1,-20.8,-0.3688,NONE,STOPPED
="2026-09-07 09:28:59",80199,72707,54698,18008,1000000,-0.0045,0.1700,+9.9,-20.8,-0.3054,NONE,STOPPED
="2026-09-07 09:29:00",80199,72707,54698,18008,1000000,-0.0034,0.1700,+9.9,-20.8,-0.2460,NONE,STOPPED
="2026-09-07 09:29:01",80199,72707,54698,18008,1000000,-0.0034,0.1700,+9.9,-20.8,-0.1907,NONE,STOPPED
="2026-09-07 09:29:02",80199,72707,54698,18008,1000000,-0.0026,0.1700,+9.9,-20.8,-0.1390,NONE,STOPPED
="2026-09-07 09:29:03",80199,72707,54698,18008,1000000,-0.0026,0.1700,+0.0,-20.8,-0.0908,NONE,STOPPED
="2026-09-07 09:29:04",80199,72707,54698,18008,1000000,-0.0026,0.1700,+0.0,-20.8,-0.0908,NONE,STOPPED
="2026-09-07 09:29:05",80199,72707,54698,18008,1000000,-0.0029,0.1700,-0.0,-20.8,-0.0038,NONE,STOPPED
="2026-09-07 09:29:06",80199,72707,54698,18008,1000000,-0.0030,0.1700,-0.0,-20.8,+0.0354,NONE,STOPPED
="2026-09-07 09:29:07",80199,72707,54698,18008,1000000,-0.0032,0.1700,+0.0,-20.8,+0.0718,NONE,STOPPED
="2026-09-07 09:29:08",80199,72707,54698,18008,1000000,-0.0032,0.1700,+0.0,+2.3,+0.1058,NONE,STOPPED
="2026-09-07 09:29:09",80199,60413,42405,18008,1000000,-0.0032,0.1700,-0.0,+2.2,+0.1234,NONE,STOPPED
="2026-09-07 09:29:10",80199,60413,42405,18008,1000000,-0.0032,0.1700,+0.0,+2.3,+0.1391,NONE,STOPPED
="2026-09-07 09:29:11",80199,60413,42405,18008,1000000,-0.0021,0.1700,-0.0,+2.3,+0.1530,NONE,STOPPED
="2026-09-07 09:29:12",80199,60413,42405,18008,1000000,+0.0054,0.1700,-0.0,+2.3,+0.1652,NONE,STOPPED
="2026-09-07 09:29:13",80199,60413,42405,18008,1000000,+0.0054,0.1700,-0.0,+2.3,+0.1652,NONE,STOPPED
="2026-09-07 09:29:14",80199,60413,42405,18008,1000000,+0.0087,0.1700,+0.0,+2.3,+0.1854,NONE,STOPPED
="2026-09-07 09:29:15",80199,60413,42405,18008,1000000,+0.0087,0.1700,+0.0,+2.3,+0.1935,NONE,STOPPED
="2026-09-07 09:29:16",80199,60413,42405,18008,1000000,+0.0087,0.1700,-0.0,+2.2,+0.2003,NONE,STOPPED
="2026-09-07 09:29:17",80199,60413,42405,18008,1000000,+0.0087,0.1700,-0.0,+2.3,+0.2061,NONE,STOPPED
="2026-09-07 09:29:18",80199,60413,42405,18008,1000000,+0.0087,0.1700,+0.0,+2.3,+0.2108,NONE,STOPPED
="2026-09-07 09:29:19",80199,60413,42405,18008,1000000,+0.0087,0.1700,+0.0,+2.3,+0.2147,NONE,STOPPED
="2026-09-07 09:29:20",80199,60413,42405,18008,1000000,+0.0095,0.1700,+0.0,+2.3,+0.2176,NONE,STOPPED
="2026-09-07 09:29:21",80199,60413,42405,18008,1000000,+0.0088,0.1700,+0.0,+2.3,+0.2198,NONE,STOPPED
="2026-09-07 09:29:22",80199,60413,42405,18008,1000000,+0.0088,0.1700,+0.0,+2.3,+0.2212,NONE,STOPPED
="2026-09-07 09:29:23",80199,60413,42405,18008,1000000,+0.0089,0.1700,+0.0,+2.3,+0.2212,NONE,STOPPED
="2026-09-07 09:29:24",80199,60413,42405,18008,1000000,+0.0089,0.1700,-0.0,+2.2,+0.2221,NONE,STOPPED
="2026-09-07 09:29:25",80199,60413,42405,18008,1000000,+0.0089,0.1700,+0.0,+2.3,+0.2217,NONE,STOPPED
="2026-09-07 09:29:26",80199,60413,42405,18008,1000000,+0.0089,0.1700,+0.0,+2.3,+0.2207,NONE,STOPPED
="2026-09-07 09:29:27",80199,60413,42405,18008,1000000,+0.0089,0.1700,-0.0,+2.2,+0.2193,NONE,STOPPED
="2026-09-07 09:29:28",80199,60413,42405,18008,1000000,+0.0089,0.1700,+0.0,+2.3,+0.2175,NONE,STOPPED
="2026-09-07 09:29:29",80199,60413,42405,18008,1000000,+0.0079,0.1700,-0.0,+2.3,+0.2153,NONE,STOPPED
="2026-09-07 09:29:30",80199,60413,42405,18008,1000000,+0.0079,0.1700,-0.0,+2.2,+0.2128,NONE,STOPPED
="2026-09-07 09:29:31",80199,60413,42405,18008,1000000,+0.0079,0.1700,+0.0,+2.3,+0.2100,NONE,STOPPED
="2026-09-07 09:29:32",80199,60413,42405,18008,1000000,+0.0076,0.1700,+0.0,+2.3,+0.2100,NONE,STOPPED
="2026-09-07 09:29:33",80199,60413,42405,18008,1000000,+0.0076,0.1700,-0.0,+2.2,+0.2035,NONE,STOPPED
="2026-09-07 09:29:34",80199,60413,42405,18008,1000000,+0.0076,0.1700,+0.0,+9.8,+0.1999,NONE,STOPPED
="2026-09-07 09:29:35",80199,43997,25989,18008,1000000,+0.0076,0.1700,-0.0,+9.8,+0.1916,NONE,STOPPED
="2026-09-07 09:29:36",80199,43997,25989,18008,1000000,+0.0076,0.1700,+0.0,+9.8,+0.1832,NONE,STOPPED
="2026-09-07 09:29:37",80199,43997,25989,18008,1000000,+0.0076,0.1700,-0.0,+9.9,+0.1748,NONE,STOPPED
="2026-09-07 09:29:38",80199,18008,0,18008,1000000,+0.0077,0.1700,-0.0,+9.9,+0.1663,NONE,STOPPED
="2026-09-07 09:29:39",80199,18008,0,18008,1000000,+0.0077,0.1700,+0.0,+9.9,+0.1578,NONE,STOPPED
="2026-09-07 09:29:40",80199,18008,0,18008,1000000,+0.0077,0.1700,+0.0,+9.9,+0.1494,NONE,STOPPED
="2026-09-07 09:29:41",80199,18008,0,18008,1000000,+0.0077,0.1700,-0.0,+9.9,+0.1409,NONE,STOPPED
="2026-09-07 09:29:42",80199,18008,0,18008,1000000,+0.0077,0.1700,-0.0,+9.9,+0.1409,NONE,STOPPED
="2026-09-07 09:29:43",80199,18008,0,18008,1000000,+0.0077,0.1700,-0.0,+9.9,+0.1242,NONE,STOPPED
="2026-09-07 09:29:44",80199,18008,0,18008,1000000,+0.0077,0.1700,+0.0,+14.2,+0.1160,NONE,STOPPED
="2026-09-07 09:29:45",80199,18008,0,18008,1000000,+0.0074,0.1700,-0.0,+14.2,+0.1052,NONE,STOPPED
="2026-09-07 09:29:46",80199,18008,0,18008,1000000,+0.0075,0.1700,+0.0,+14.2,+0.0947,NONE,STOPPED
="2026-09-07 09:29:47",80199,18008,0,18008,1000000,+0.0075,0.1700,+0.0,+14.2,+0.0843,NONE,STOPPED
="2026-09-07 09:29:48",80199,18008,0,18008,1000000,+0.0076,0.1700,-0.0,+14.1,+0.0740,NONE,STOPPED
="2026-09-07 09:29:49",80199,18008,0,18008,1000000,+0.0073,0.1700,-0.0,+14.1,+0.0639,NONE,STOPPED
="2026-09-07 09:29:50",80199,18008,0,18008,1000000,+0.0073,0.1700,+0.0,+14.2,+0.0540,NONE,STOPPED
="2026-09-07 09:29:51",80199,18008,0,18008,1000000,+0.0073,0.1700,+0.0,+14.2,+0.0540,NONE,STOPPED
="2026-09-07 09:29:52",80199,18008,0,18008,1000000,+0.0073,0.1700,+0.0,+14.2,+0.0348,NONE,STOPPED
="2026-09-07 09:29:53",80199,18008,0,18008,1000000,+0.0073,0.1700,+0.0,+9.9,+0.0254,NONE,STOPPED
="2026-09-07 09:29:54",80199,18008,0,18008,1000000,+0.0074,0.1700,+0.0,+9.9,+0.0189,NONE,STOPPED
="2026-09-07 09:29:55",80199,18008,0,18008,1000000,+0.0074,0.1700,-0.0,+9.9,+0.0124,NONE,STOPPED
="2026-09-07 09:29:56",80199,18008,0,18008,1000000,+0.0074,0.1700,-0.0,+9.9,+0.0061,NONE,STOPPED
="2026-09-07 09:29:57",80199,18008,0,18008,1000000,+0.0074,0.1700,-0.0,+0.0,-0.0000,NONE,STOPPED
="2026-09-07 09:29:58",80199,0,0,0,1000000,+0.0074,0.1700,-0.0,-0.0,-0.0001,NONE,STOPPED
="2026-09-07 09:29:59",80199,0,0,0,1000000,+0.0074,0.1700,-0.0,-0.0,-0.0001,NONE,STOPPED
="2026-09-07 09:30:00",80199,0,0,0,1000000,+0.0064,0.1700,-0.0,-0.0,-0.0001,NONE,STOPPED
="2026-09-07 09:30:01",80206,15544,0,15544,1000000,+0.0064,0.1700,+6.1,+6.1,+0.0237,NONE,STOPPED
="2026-09-07 09:30:02",80218,15544,0,15544,1000000,+0.0063,0.1700,+18.8,+18.8,+0.0945,NONE,STOPPED
="2026-09-07 09:30:03",80218,15544,0,15544,1000000,+0.0063,0.1700,+19.1,+19.1,+0.1591,NONE,STOPPED
="2026-09-07 09:30:04",80218,15544,0,15544,1000000,+0.0063,0.1700,+19.1,+19.1,+0.2168,NONE,STOPPED
="2026-09-07 09:30:05",80223,31515,15970,15544,1000000,+0.0052,0.1700,+24.1,+24.1,+0.2878,NONE,STOPPED
="2026-09-07 09:30:06",80226,31515,15970,15544,1000000,+0.0054,0.1700,+21.0,+27.1,+0.3627,NONE,STOPPED
="2026-09-07 09:30:07",80228,31515,15970,15544,1000000,+0.0054,0.1700,+9.3,+28.1,+0.4330,NONE,STOPPED
="2026-09-07 09:30:08",80239,31515,15970,15544,1000000,+0.0054,0.1700,+21.0,+40.1,+0.5417,NONE,STOPPED
="2026-09-07 09:30:09",80240,31515,15970,15544,1000000,+0.0054,0.1700,+21.1,+40.1,+0.6382,NONE,STOPPED
="2026-09-07 09:30:10",80240,31515,15970,15544,1000000,+0.0054,0.1700,+16.0,+40.1,+0.7231,NONE,STOPPED
="2026-09-07 09:30:11",80240,31515,15970,15544,1000000,+0.0140,0.1700,+16.0,+40.1,+0.7231,NONE,STOPPED
="2026-09-07 09:30:12",80250,31515,15970,15544,1000000,+0.0066,0.1700,+22.0,+50.1,+0.9079,NONE,STOPPED
="2026-09-07 09:30:13",80253,31515,15970,15544,1000000,+0.0066,0.1700,+14.0,+54.1,+1.0130,NONE,STOPPED
="2026-09-07 09:30:14",80245,45947,30402,15544,1000000,+0.0070,0.1700,+5.3,+45.4,+1.0709,NONE,STOPPED
="2026-09-07 09:30:15",80245,45947,30402,15544,1000000,+0.0070,0.1700,+5.3,+45.4,+1.1195,NONE,STOPPED
="2026-09-07 09:30:16",80238,45947,30402,15544,1000000,+0.0070,0.1700,-4.0,+38.1,+1.1314,NONE,STOPPED
="2026-09-07 09:30:17",80232,61380,45835,15544,1000000,+0.0070,0.1700,-18.0,+32.1,+1.1150,NONE,STOPPED
="2026-09-07 09:30:18",80232,61380,45835,15544,1000000,+0.0015,0.1700,-22.0,+32.1,+1.0964,NONE,STOPPED
="2026-09-07 09:30:19",80232,61380,45835,15544,1000000,+0.0015,0.1700,-13.3,+32.1,+1.0760,NONE,STOPPED
="2026-09-07 09:30:20",80232,61380,45835,15544,1000000,+0.0015,0.1700,-13.3,+32.1,+1.0760,NONE,STOPPED
="2026-09-07 09:30:21",80210,61380,45835,15544,1000000,+0.0022,0.1700,-27.1,+11.0,+0.9200,NONE,STOPPED
="2026-09-07 09:30:22",80210,61380,45835,15544,1000000,+0.0022,0.1700,-21.1,+11.0,+0.8241,NONE,STOPPED
="2026-09-07 09:30:23",80210,61380,45835,15544,1000000,+0.0101,0.1700,-21.1,+11.0,+0.7345,NONE,STOPPED
="2026-09-07 09:30:24",80210,61380,45835,15544,1000000,+0.0101,0.1700,-21.1,+11.0,+0.6509,NONE,STOPPED
="2026-09-07 09:30:25",80210,61380,45835,15544,1000000,+0.0101,0.1700,-13.1,+11.0,+0.5729,NONE,STOPPED
="2026-09-07 09:30:26",80210,61380,45835,15544,1000000,+0.0095,0.1700,+0.0,+11.0,+0.5002,NONE,STOPPED
="2026-09-07 09:30:27",80204,61380,45835,15544,1000000,+0.0095,0.1700,-6.9,+4.1,+0.4056,NONE,STOPPED
="2026-09-07 09:30:28",80204,61380,45835,15544,1000000,+0.0095,0.1700,-6.9,+4.1,+0.3183,NONE,STOPPED
="2026-09-07 09:30:29",80204,61380,45835,15544,1000000,+0.0110,0.1700,-6.9,+4.1,+0.3183,NONE,STOPPED
="2026-09-07 09:30:30",80204,61380,45835,15544,1000000,+0.0110,0.1700,-6.9,+4.1,+0.1639,NONE,STOPPED
="2026-09-07 09:30:31",80207,139679,45835,93843,1000000,+0.0110,0.1700,-3.1,+8.0,+0.1110,NONE,STOPPED
="2026-09-07 09:30:32",80207,139679,45835,93843,1000000,+0.0110,0.1700,+3.8,+8.0,+0.0621,NONE,STOPPED
="2026-09-07 09:30:33",80207,139679,45835,93843,1000000,+0.0117,0.1700,+3.9,+8.0,+0.0172,NONE,STOPPED
="2026-09-07 09:30:34",80207,139679,45835,93843,1000000,+0.0117,0.1700,+3.9,+8.0,-0.0242,NONE,STOPPED
="2026-09-07 09:30:35",80207,139679,45835,93843,1000000,+0.0117,0.1700,+3.9,+8.0,-0.0622,NONE,STOPPED
="2026-09-07 09:30:36",80207,139679,45835,93843,1000000,+0.0117,0.1700,+3.9,+8.0,-0.0970,NONE,STOPPED
="2026-09-07 09:30:37",80207,139679,45835,93843,1000000,+0.0117,0.1700,+0.0,+8.0,-0.1289,NONE,STOPPED
="2026-09-07 09:30:38",80207,139679,45835,93843,1000000,+0.0117,0.1700,+0.0,+8.0,-0.1289,NONE,STOPPED
="2026-09-07 09:30:39",80207,139679,45835,93843,1000000,+0.0130,0.1700,+0.0,+8.0,-0.1580,NONE,STOPPED
="2026-09-07 09:30:40",80207,139679,45835,93843,1000000,+0.0130,0.1700,-0.0,+8.0,-0.2087,NONE,STOPPED
="2026-09-07 09:30:41",80207,139679,45835,93843,1000000,+0.0130,0.1700,+0.0,+8.0,-0.2307,NONE,STOPPED
="2026-09-07 09:30:42",80207,139679,45835,93843,1000000,+0.0128,0.1700,+0.0,+8.0,-0.2505,NONE,STOPPED
="2026-09-07 09:30:43",80207,139679,45835,93843,1000000,+0.0128,0.1700,-0.0,+8.0,-0.2685,NONE,STOPPED
="2026-09-07 09:30:44",80219,139679,45835,93843,1000000,+0.0128,0.1700,+12.1,+20.1,-0.2374,NONE,STOPPED
="2026-09-07 09:30:45",80219,139679,45835,93843,1000000,+0.0128,0.1700,+12.1,+20.1,-0.2094,NONE,STOPPED
="2026-09-07 09:30:46",80220,139679,45835,93843,1000000,+0.0128,0.1700,+12.1,+20.1,-0.1842,NONE,STOPPED
="2026-09-07 09:30:47",80220,139679,45835,93843,1000000,+0.0128,0.1700,+12.1,+20.1,-0.1842,NONE,STOPPED
="2026-09-07 09:30:48",80219,139679,45835,93843,1000000,+0.0139,0.1700,+12.1,+20.1,-0.1617,NONE,STOPPED
="2026-09-07 09:30:49",80220,139679,45835,93843,1000000,+0.0142,0.1700,+0.0,+20.1,-0.1240,NONE,STOPPED
="2026-09-07 09:30:50",80243,203894,45835,158059,1000000,+0.0142,0.1700,+23.6,+43.7,-0.0166,NONE,STOPPED
="2026-09-07 09:30:51",80248,203894,45835,158059,1000000,+0.0142,0.1700,+28.0,+48.1,+0.0967,NONE,STOPPED
="2026-09-07 09:30:52",80248,203894,45835,158059,1000000,+0.0142,0.1700,+28.0,+48.1,+0.1979,NONE,STOPPED
="2026-09-07 09:30:53",80248,203894,45835,158059,1000000,+0.0142,0.1700,+28.0,+48.1,+0.2877,NONE,STOPPED
="2026-09-07 09:30:54",80247,203894,45835,158059,1000000,+0.0109,0.1700,+28.0,+48.1,+0.3670,NONE,STOPPED
="2026-09-07 09:30:55",80247,203894,45835,158059,1000000,+0.0108,0.1700,+4.4,+48.1,+0.4366,NONE,STOPPED
="2026-09-07 09:30:56",80248,203894,45835,158059,1000000,+0.0108,0.1700,+4.4,+48.1,+0.4972,NONE,STOPPED
="2026-09-07 09:30:57",80248,203894,45835,158059,1000000,+0.0108,0.1700,+4.4,+48.1,+0.4972,NONE,STOPPED
="2026-09-07 09:30:58",80250,203894,45835,158059,1000000,+0.0108,0.1700,+2.0,+50.1,+0.6018,NONE,STOPPED
="2026-09-07 09:30:59",80249,203894,45835,158059,1000000,+0.0108,0.1700,+2.0,+50.1,+0.6462,NONE,STOPPED
="2026-09-07 09:31:00",80250,203894,45835,158059,1000000,+0.0146,0.1700,+2.0,+44.0,+0.6834,NONE,STOPPED
="2026-09-07 09:31:01",80251,188349,45835,142514,1000000,+0.0146,0.1700,+4.0,+33.3,+0.7253,NONE,STOPPED
="2026-09-07 09:31:02",80257,200388,57874,142514,1000000,+0.0147,0.1700,+9.7,+38.7,+0.7899,NONE,STOPPED
="2026-09-07 09:31:03",80257,200388,57874,142514,1000000,+0.0152,0.1700,+9.7,+38.7,+0.7899,NONE,STOPPED
="2026-09-07 09:31:04",80257,200388,57874,142514,1000000,+0.0163,0.1700,+7.7,+38.7,+0.8457,NONE,STOPPED
="2026-09-07 09:31:05",80257,184418,41904,142514,1000000,+0.0163,0.1700,+7.7,+30.7,+0.9364,NONE,STOPPED
="2026-09-07 09:31:06",80262,184418,41904,142514,1000000,+0.0160,0.1700,+10.0,+34.0,+0.9911,NONE,STOPPED
="2026-09-07 09:31:07",80261,184418,41904,142514,1000000,+0.0159,0.1700,+4.3,+22.0,+1.0380,NONE,STOPPED
="2026-09-07 09:31:08",80261,184418,41904,142514,1000000,+0.0159,0.1700,+4.3,+22.0,+1.0846,NONE,STOPPED
="2026-09-07 09:31:09",80262,184418,41904,142514,1000000,+0.0146,0.1700,+4.3,+22.0,+1.1241,NONE,STOPPED
="2026-09-07 09:31:10",80254,184418,41904,142514,1000000,+0.0146,0.1700,-3.7,+12.0,+1.1257,NONE,STOPPED
="2026-09-07 09:31:11",80252,184418,41904,142514,1000000,+0.0060,0.1700,-10.0,+2.0,+1.1178,NONE,STOPPED
="2026-09-07 09:31:12",80250,199114,56599,142514,1000000,+0.0061,0.1700,-12.0,-4.0,+1.1049,NONE,STOPPED
="2026-09-07 09:31:13",80250,199114,56599,142514,1000000,+0.0061,0.1700,-12.0,-4.0,+1.1049,NONE,STOPPED
="2026-09-07 09:31:14",80250,261071,42167,218903,1000000,+0.0057,0.1700,-12.0,+4.7,+1.0934,NONE,STOPPED
="2026-09-07 09:31:15",80258,261071,42167,218903,1000000,+0.0072,0.1700,+4.9,+20.9,+1.1223,NONE,STOPPED
="2026-09-07 09:31:16",80258,261071,42167,218903,1000000,+0.0072,0.1700,+6.9,+26.9,+1.1262,NONE,STOPPED
="2026-09-07 09:31:17",80258,245638,26734,218903,1000000,+0.0126,0.1700,+8.9,+26.9,+1.1231,NONE,STOPPED
="2026-09-07 09:31:18",80258,245638,26734,218903,1000000,+0.0075,0.1700,+8.9,+26.9,+1.1168,NONE,STOPPED
="2026-09-07 09:31:19",80258,245638,26734,218903,1000000,+0.0075,0.1700,+8.9,+34.9,+1.1077,NONE,STOPPED
="2026-09-07 09:31:20",80258,245638,26734,218903,1000000,+0.0075,0.1700,+0.0,+48.0,+1.0911,NONE,STOPPED
="2026-09-07 09:31:21",80258,245638,26734,218903,1000000,+0.0062,0.1700,-0.0,+47.9,+1.0644,NONE,STOPPED
="2026-09-07 09:31:22",80258,245638,26734,218903,1000000,+0.0062,0.1700,+0.0,+48.0,+1.0359,NONE,STOPPED
="2026-09-07 09:31:23",80258,245638,26734,218903,1000000,-0.0017,0.1700,+0.0,+48.0,+1.0359,NONE,STOPPED
="2026-09-07 09:31:24",80258,245638,26734,218903,1000000,-0.0021,0.1700,+0.0,+48.0,+1.0059,NONE,STOPPED
="2026-09-07 09:31:25",80258,245638,26734,218903,1000000,-0.0021,0.1700,+0.0,+48.0,+0.9419,NONE,STOPPED
="2026-09-07 09:31:26",80258,245638,26734,218903,1000000,-0.0015,0.1700,+0.0,+54.9,+0.9083,NONE,STOPPED
="2026-09-07 09:31:27",80258,245638,26734,218903,1000000,-0.0015,0.1700,+0.0,+54.9,+0.8697,NONE,STOPPED
="2026-09-07 09:31:28",80258,245638,26734,218903,1000000,-0.0015,0.1700,+0.0,+54.9,+0.8304,NONE,STOPPED
="2026-09-07 09:31:29",80258,245638,26734,218903,1000000,-0.0030,0.1700,+0.0,+54.9,+0.7907,NONE,STOPPED
="2026-09-07 09:31:30",80258,245638,26734,218903,1000000,-0.0022,0.1700,+0.0,+51.0,+0.7506,NONE,STOPPED
="2026-09-07 09:31:31",80267,167339,26734,140605,1000000,-0.0022,0.1700,+9.1,+60.1,+0.7481,NONE,STOPPED
="2026-09-07 09:31:32",80267,167339,26734,140605,1000000,-0.0022,0.1700,+9.1,+60.1,+0.7481,NONE,STOPPED
="2026-09-07 09:31:33",80272,167339,26734,140605,1000000,-0.0029,0.1700,+13.1,+64.1,+0.7575,NONE,STOPPED
="2026-09-07 09:31:34",80272,167339,26734,140605,1000000,-0.0029,0.1700,+13.1,+64.1,+0.7616,NONE,STOPPED
="2026-09-07 09:31:35",80271,167339,26734,140605,1000000,-0.0029,0.1700,+13.1,+64.1,+0.7571,NONE,STOPPED
="2026-09-07 09:31:36",80271,167339,26734,140605,1000000,-0.0029,0.1700,+4.0,+64.1,+0.7489,NONE,STOPPED
="2026-09-07 09:31:37",80272,167339,26734,140605,1000000,-0.0030,0.1700,+4.0,+64.1,+0.7373,NONE,STOPPED
="2026-09-07 09:31:38",80272,167339,26734,140605,1000000,-0.0042,0.1700,+4.0,+64.1,+0.7226,NONE,STOPPED
="2026-09-07 09:31:39",80269,167339,26734,140605,1000000,-0.0042,0.1700,-2.4,+61.8,+0.6958,NONE,STOPPED
="2026-09-07 09:31:40",80269,167339,26734,140605,1000000,-0.0041,0.1700,-2.4,+61.8,+0.6675,NONE,STOPPED
="2026-09-07 09:31:41",80262,167339,26734,140605,1000000,-0.0041,0.1700,-10.0,+54.1,+0.6081,NONE,STOPPED
="2026-09-07 09:31:42",80262,167339,26734,140605,1000000,-0.0039,0.1700,-10.0,+54.1,+0.6081,NONE,STOPPED
="2026-09-07 09:31:43",80262,167339,26734,140605,1000000,-0.0039,0.1700,-10.0,+42.0,+0.4946,NONE,STOPPED
="2026-09-07 09:31:44",80254,167339,26734,140605,1000000,-0.0039,0.1700,-14.8,+34.9,+0.4200,NONE,STOPPED
="2026-09-07 09:31:45",80254,167339,26734,140605,1000000,-0.0039,0.1700,-14.8,+34.9,+0.3496,NONE,STOPPED
="2026-09-07 09:31:46",80254,167339,26734,140605,1000000,-0.0033,0.1700,-7.2,+34.9,+0.2834,NONE,STOPPED
="2026-09-07 09:31:47",80254,167339,26734,140605,1000000,-0.0033,0.1700,-7.2,+34.8,+0.2209,NONE,STOPPED
="2026-09-07 09:31:48",80248,207059,66454,140605,1000000,-0.0044,0.1700,-14.0,+28.0,+0.1355,NONE,STOPPED
="2026-09-07 09:31:49",80248,207059,66454,140605,1000000,-0.0044,0.1700,-6.8,+4.4,+0.0563,NONE,STOPPED
="2026-09-07 09:31:50",80248,142843,66454,76389,1000000,-0.0044,0.1700,-6.9,+0.0,-0.0030,NONE,STOPPED
="2026-09-07 09:31:51",80248,142843,66454,76389,1000000,-0.0044,0.1700,-6.9,+0.0,-0.0030,NONE,STOPPED
="2026-09-07 09:31:52",80238,142843,66454,76389,1000000,-0.0026,0.1700,-16.4,-9.5,-0.0916,NONE,STOPPED
="2026-09-07 09:31:53",80238,142843,66454,76389,1000000,-0.0026,0.1700,-9.5,-9.5,-0.2441,NONE,STOPPED
="2026-09-07 09:31:54",80238,142843,66454,76389,1000000,+0.0006,0.1700,-9.5,-9.5,-0.3091,NONE,STOPPED
="2026-09-07 09:31:55",80238,142843,66454,76389,1000000,+0.0006,0.1700,-9.5,-9.5,-0.3674,NONE,STOPPED
="2026-09-07 09:31:56",80236,172436,96046,76389,1000000,+0.0012,0.1700,-2.5,-12.0,-0.4291,NONE,STOPPED
="2026-09-07 09:31:57",80236,172436,96046,76389,1000000,+0.0012,0.1700,-2.5,-14.0,-0.4839,NONE,STOPPED
="2026-09-07 09:31:58",80236,172436,96046,76389,1000000,+0.0012,0.1700,-2.5,-14.0,-0.5312,NONE,STOPPED
="2026-09-07 09:31:59",80236,172436,96046,76389,1000000,+0.0012,0.1700,-2.5,-14.0,-0.5727,NONE,STOPPED
="2026-09-07 09:32:00",80236,172436,96046,76389,1000000,-0.0026,0.1700,-2.5,-14.0,-0.5727,NONE,STOPPED
="2026-09-07 09:32:01",80230,172436,96046,76389,1000000,-0.0025,0.1700,-6.0,-27.7,-0.6830,NONE,STOPPED
="2026-09-07 09:32:02",80230,160397,84008,76389,1000000,-0.0030,0.1700,-6.0,-27.7,-0.7236,NONE,STOPPED
="2026-09-07 09:32:03",80230,160397,84008,76389,1000000,-0.0030,0.1700,-5.7,-27.4,-0.7569,NONE,STOPPED
="2026-09-07 09:32:04",80245,197902,84008,113893,1000000,-0.0031,0.1700,+10.0,-11.7,-0.7235,NONE,STOPPED
="2026-09-07 09:32:05",80245,197902,84008,113893,1000000,-0.0031,0.1700,+10.0,-11.7,-0.7235,NONE,STOPPED
="2026-09-07 09:32:06",80246,197902,84008,113893,1000000,-0.0027,0.1700,+16.0,-16.0,-0.6911,NONE,STOPPED
="2026-09-07 09:32:07",80236,197902,84008,113893,1000000,-0.0016,0.1700,+6.8,-25.2,-0.6921,NONE,STOPPED
="2026-09-07 09:32:08",80234,197902,84008,113893,1000000,-0.0016,0.1700,+3.7,-28.0,-0.6997,NONE,STOPPED
="2026-09-07 09:32:09",80220,197902,84008,113893,1000000,-0.0003,0.1700,-25.3,-33.3,-0.7559,NONE,STOPPED
="2026-09-07 09:32:10",80220,197902,84008,113893,1000000,-0.0003,0.1700,-25.3,-31.3,-0.8087,NONE,STOPPED
="2026-09-07 09:32:11",80220,197902,84008,113893,1000000,+0.0039,0.1700,-16.1,-29.3,-0.8550,NONE,STOPPED
="2026-09-07 09:32:12",80208,183206,69312,113893,1000000,+0.0039,0.1700,-28.5,-41.7,-0.9438,NONE,STOPPED
="2026-09-07 09:32:13",80208,183206,69312,113893,1000000,+0.0041,0.1700,-25.7,-50.6,-1.0211,NONE,STOPPED
="2026-09-07 09:32:14",80208,106816,69312,37504,1000000,+0.0041,0.1700,-12.7,-50.9,-1.0834,NONE,STOPPED
="2026-09-07 09:32:15",80208,106816,69312,37504,1000000,+0.0026,0.1700,-12.7,-50.9,-1.0834,NONE,STOPPED
="2026-09-07 09:32:16",80208,106816,69312,37504,1000000,+0.0026,0.1700,-12.7,-50.9,-1.1640,NONE,STOPPED
="2026-09-07 09:32:17",80200,106816,69312,37504,1000000,+0.0026,0.1700,-8.3,-58.9,-1.2458,NONE,STOPPED
="2026-09-07 09:32:18",80200,106816,69312,37504,1000000,+0.0078,0.1700,-8.3,-58.9,-1.3013,NONE,STOPPED
="2026-09-07 09:32:19",80200,106816,69312,37504,1000000,+0.0082,0.1700,-8.0,-58.9,-1.3468,NONE,STOPPED
="2026-09-07 09:32:20",80200,106816,69312,37504,1000000,+0.0082,0.1700,-8.0,-58.9,-1.3832,NONE,STOPPED
="2026-09-07 09:32:21",80200,106816,69312,37504,1000000,+0.0095,0.1700,-8.0,-58.9,-1.4111,NONE,STOPPED
="2026-09-07 09:32:22",80200,106816,69312,37504,1000000,+0.0095,0.1700,+0.0,-58.9,-1.4312,NONE,STOPPED
="2026-09-07 09:32:23",80200,106816,69312,37504,1000000,+0.0094,0.1700,+0.0,-58.9,-1.4443,NONE,STOPPED
="2026-09-07 09:32:24",80200,106816,69312,37504,1000000,+0.0097,0.1700,+0.0,-58.9,-1.4443,NONE,STOPPED
="2026-09-07 09:32:25",80225,226906,69312,157594,1000000,+0.0097,0.1700,+26.0,-32.9,-1.3503,NONE,STOPPED
="2026-09-07 09:32:26",80228,226906,69312,157594,1000000,+0.0098,0.1700,+28.0,-30.9,-1.2467,NONE,STOPPED
="2026-09-07 09:32:27",80229,226906,69312,157594,1000000,+0.0098,0.1700,+30.0,-28.9,-1.1407,NONE,STOPPED
="2026-09-07 09:32:28",80230,226906,69312,157594,1000000,+0.0098,0.1700,+30.0,-28.9,-1.0406,NONE,STOPPED
="2026-09-07 09:32:29",80230,226906,69312,157594,1000000,+0.0154,0.1700,+30.0,-28.9,-0.9459,NONE,STOPPED
="2026-09-07 09:32:30",80229,226906,69312,157594,1000000,+0.0146,0.1700,+4.0,-38.0,-0.8566,NONE,STOPPED
="2026-09-07 09:32:31",80230,226906,69312,157594,1000000,+0.0146,0.1700,+2.0,-42.0,-0.7666,NONE,STOPPED
="2026-09-07 09:32:32",80229,226906,69312,157594,1000000,+0.0148,0.1700,+2.0,-42.0,-0.6790,NONE,STOPPED
="2026-09-07 09:32:33",80230,226906,69312,157594,1000000,+0.0148,0.1700,+0.0,-42.0,-0.5961,NONE,STOPPED
="2026-09-07 09:32:34",80230,226906,69312,157594,1000000,+0.0148,0.1700,+0.0,-42.0,-0.5961,NONE,STOPPED
="2026-09-07 09:32:35",80230,226906,69312,157594,1000000,+0.0147,0.1700,+0.0,-42.0,-0.4431,NONE,STOPPED
="2026-09-07 09:32:36",80230,226906,69312,157594,1000000,+0.0147,0.1700,+0.0,-42.0,-0.3726,NONE,STOPPED
="2026-09-07 09:32:37",80229,226906,69312,157594,1000000,+0.0148,0.1700,-0.0,-42.0,-0.3059,NONE,STOPPED
="2026-09-07 09:32:38",80229,226906,69312,157594,1000000,+0.0141,0.1700,-0.0,-39.6,-0.2427,NONE,STOPPED
="2026-09-07 09:32:39",80229,226906,69312,157594,1000000,+0.0141,0.1700,-0.0,-39.6,-0.1843,NONE,STOPPED
="2026-09-07 09:32:40",80230,226906,69312,157594,1000000,+0.0140,0.1700,+0.0,-32.0,-0.1291,NONE,STOPPED
="2026-09-07 09:32:41",80229,226906,69312,157594,1000000,+0.0130,0.1700,-0.0,-32.0,-0.0815,NONE,STOPPED
="2026-09-07 09:32:42",80229,226906,69312,157594,1000000,+0.0130,0.1700,-0.0,-32.0,-0.0366,NONE,STOPPED
="2026-09-07 09:32:43",80229,226906,69312,157594,1000000,+0.0130,0.1700,-0.0,-32.0,-0.0366,NONE,STOPPED
="2026-09-07 09:32:44",80230,226906,69312,157594,1000000,+0.0130,0.1700,+0.0,-24.9,+0.0057,NONE,STOPPED
="2026-09-07 09:32:45",80230,226906,69312,157594,1000000,+0.0130,0.1700,+0.0,-24.9,+0.0746,NONE,STOPPED
="2026-09-07 09:32:46",80230,226906,69312,157594,1000000,+0.0124,0.1700,+0.0,-24.8,+0.1058,NONE,STOPPED
="2026-09-07 09:32:47",80229,226906,69312,157594,1000000,+0.0123,0.1700,-0.0,-18.0,+0.1351,NONE,STOPPED
="2026-09-07 09:32:48",80229,187186,29592,157594,1000000,+0.0123,0.1700,-0.0,-18.0,+0.1584,NONE,STOPPED
="2026-09-07 09:32:49",80229,187186,29592,157594,1000000,+0.0123,0.1700,-0.0,-18.0,+0.1800,NONE,STOPPED
="2026-09-07 09:32:50",80229,187186,29592,157594,1000000,+0.0123,0.1700,-0.0,-8.5,+0.2001,NONE,STOPPED
="2026-09-07 09:32:51",80229,187186,29592,157594,1000000,+0.0120,0.1700,-0.0,-8.5,+0.2129,NONE,STOPPED
="2026-09-07 09:32:52",80229,187186,29592,157594,1000000,+0.0102,0.1700,-0.0,-8.5,+0.2129,NONE,STOPPED
="2026-09-07 09:32:53",80230,187186,29592,157594,1000000,+0.0102,0.1700,+0.0,-8.5,+0.2246,NONE,STOPPED
="2026-09-07 09:32:54",80230,187186,29592,157594,1000000,+0.0102,0.1700,+0.0,-8.5,+0.2446,NONE,STOPPED
="2026-09-07 09:32:55",80230,187186,29592,157594,1000000,+0.0097,0.1700,+0.0,-6.0,+0.2531,NONE,STOPPED
="2026-09-07 09:32:56",80220,174128,16534,157594,1000000,+0.0097,0.1700,-10.0,-16.0,+0.2202,NONE,STOPPED
="2026-09-07 09:32:57",80220,174128,16534,157594,1000000,+0.0097,0.1700,-10.0,-16.0,+0.1905,NONE,STOPPED
="2026-09-07 09:32:58",80220,174128,16534,157594,1000000,+0.0097,0.1700,-10.0,-16.0,+0.1637,NONE,STOPPED
="2026-09-07 09:32:59",80220,174128,16534,157594,1000000,+0.0097,0.1700,-10.0,-10.0,+0.1396,NONE,STOPPED
="2026-09-07 09:33:00",80210,236904,79309,157594,1000000,+0.0092,0.1700,-20.0,-20.0,+0.0754,NONE,STOPPED
="2026-09-07 09:33:01",80210,236904,79309,157594,1000000,+0.0091,0.1700,-20.0,-20.0,+0.0754,NONE,STOPPED
="2026-09-07 09:33:02",80218,257665,79309,178355,1000000,+0.0091,0.1700,-1.2,-11.5,-0.0002,NONE,STOPPED
="2026-09-07 09:33:03",80218,257665,79309,178355,1000000,+0.0091,0.1700,-1.2,-27.2,-0.0157,NONE,STOPPED
="2026-09-07 09:33:04",80218,220161,79309,140851,1000000,+0.0092,0.1700,-1.2,-27.2,-0.0198,NONE,STOPPED
="2026-09-07 09:33:05",80218,220161,79309,140851,1000000,+0.0092,0.1700,+8.8,-17.9,-0.0223,NONE,STOPPED
="2026-09-07 09:33:06",80218,220161,79309,140851,1000000,+0.0065,0.1700,+8.8,-17.9,-0.0291,NONE,STOPPED
="2026-09-07 09:33:07",80218,220161,79309,140851,1000000,+0.0065,0.1700,+8.8,-15.2,-0.0345,NONE,STOPPED
="2026-09-07 09:33:08",80218,220161,79309,140851,1000000,+0.0054,0.1700,+8.8,-15.2,-0.0345,NONE,STOPPED
="2026-09-07 09:33:09",80218,220161,79309,140851,1000000,+0.0042,0.1700,-0.0,-1.9,-0.0530,NONE,STOPPED
="2026-09-07 09:33:10",80218,220161,79309,140851,1000000,+0.0042,0.1700,+0.0,-1.9,-0.0643,NONE,STOPPED
="2026-09-07 09:33:11",80218,220161,79309,140851,1000000,-0.0000,0.1700,-0.0,+10.5,-0.0745,NONE,STOPPED
="2026-09-07 09:33:12",80218,220161,79309,140851,1000000,+0.0005,0.1700,+0.0,+10.5,-0.0911,NONE,STOPPED
="2026-09-07 09:33:13",80220,220161,79309,140851,1000000,+0.0002,0.1700,+1.2,+12.0,-0.1018,NONE,STOPPED
="2026-09-07 09:33:14",80220,220161,79309,140851,1000000,+0.0002,0.1700,+1.2,+12.0,-0.1120,NONE,STOPPED
="2026-09-07 09:33:15",80215,220161,79309,140851,1000000,+0.0002,0.1700,-3.4,+7.4,-0.1395,NONE,STOPPED
="2026-09-07 09:33:16",80215,220161,79309,140851,1000000,+0.0002,0.1700,-3.4,+15.4,-0.1645,NONE,STOPPED
="2026-09-07 09:33:17",80215,220161,79309,140851,1000000,+0.0002,0.1700,-3.4,+15.4,-0.1645,NONE,STOPPED
="2026-09-07 09:33:18",80215,307918,167067,140851,1000000,-0.0061,0.1700,-4.6,+15.4,-0.1921,NONE,STOPPED
="2026-09-07 09:33:19",80180,307918,167067,140851,1000000,-0.0065,0.1700,-40.0,-20.0,-0.5027,NONE,STOPPED
="2026-09-07 09:33:20",80180,329793,188942,140851,1000000,-0.0065,0.1700,-35.4,-20.0,-0.6351,NONE,STOPPED
="2026-09-07 09:33:21",80180,329793,188942,140851,1000000,-0.0065,0.1700,-35.4,-20.0,-0.7538,NONE,STOPPED
="2026-09-07 09:33:22",80180,329793,188942,140851,1000000,-0.0065,0.1700,-35.4,-20.0,-0.8595,NONE,STOPPED
="2026-09-07 09:33:23",80180,329793,188942,140851,1000000,-0.0064,0.1700,+0.0,-20.0,-0.9534,NONE,STOPPED
="2026-09-07 09:33:24",80180,329793,188942,140851,1000000,+0.0008,0.1700,+0.0,-46.0,-1.0362,NONE,STOPPED
="2026-09-07 09:33:25",80180,209703,188942,20761,1000000,+0.0008,0.1700,-0.0,-48.0,-1.0931,NONE,STOPPED
="2026-09-07 09:33:26",80180,209703,188942,20761,1000000,+0.0008,0.1700,-0.0,-48.0,-1.0931,NONE,STOPPED
="2026-09-07 09:33:27",80180,209703,188942,20761,1000000,+0.0008,0.1700,-0.0,-50.0,-1.1764,NONE,STOPPED
="2026-09-07 09:33:28",80180,209703,188942,20761,1000000,+0.0002,0.1700,+0.0,-50.0,-1.2055,NONE,STOPPED
="2026-09-07 09:33:29",80180,209703,188942,20761,1000000,-0.0055,0.1700,-0.0,-50.0,-1.2276,NONE,STOPPED
="2026-09-07 09:33:30",80194,437516,188942,248573,1000000,-0.0055,0.1700,+14.3,-35.7,-1.1876,NONE,STOPPED
="2026-09-07 09:33:31",80194,437516,188942,248573,1000000,-0.0055,0.1700,+14.3,-35.7,-1.1473,NONE,STOPPED
="2026-09-07 09:33:32",80194,437516,188942,248573,1000000,-0.0056,0.1700,+14.3,-35.7,-1.1067,NONE,STOPPED
="2026-09-07 09:33:33",80199,437516,188942,248573,1000000,-0.0056,0.1700,+19.8,-30.2,-1.0446,NONE,STOPPED
="2026-09-07 09:33:34",80199,437516,188942,248573,1000000,-0.0056,0.1700,+19.8,-30.2,-0.9847,NONE,STOPPED
="2026-09-07 09:33:35",80199,437516,188942,248573,1000000,-0.0056,0.1700,+19.8,-30.2,-0.9847,NONE,STOPPED
="2026-09-07 09:33:36",80199,437516,188942,248573,1000000,-0.0056,0.1700,+5.5,-30.2,-0.9268,NONE,STOPPED
="2026-09-07 09:33:37",80199,437516,188942,248573,1000000,-0.0027,0.1700,+5.5,-30.2,-0.8169,NONE,STOPPED
="2026-09-07 09:33:38",80199,437516,188942,248573,1000000,-0.0020,0.1700,+5.5,-30.2,-0.7648,NONE,STOPPED
="2026-09-07 09:33:39",80199,437516,188942,248573,1000000,-0.0020,0.1700,+5.5,-30.2,-0.7145,NONE,STOPPED
="2026-09-07 09:33:40",80203,464685,188942,275743,1000000,-0.0020,0.1700,+3.4,-26.8,-0.6525,NONE,STOPPED
="2026-09-07 09:33:41",80203,464685,188942,275743,1000000,-0.0010,0.1700,+3.4,-26.8,-0.5936,NONE,STOPPED
="2026-09-07 09:33:42",80203,464685,188942,275743,1000000,+0.0010,0.1700,+3.4,-26.8,-0.5376,NONE,STOPPED
="2026-09-07 09:33:43",80203,464685,188942,275743,1000000,+0.0010,0.1700,+3.4,-26.8,-0.4843,NONE,STOPPED
="2026-09-07 09:33:44",80203,464685,188942,275743,1000000,+0.0011,0.1700,+3.4,-26.8,-0.4336,NONE,STOPPED
="2026-09-07 09:33:45",80203,478030,202287,275743,1000000,+0.0011,0.1700,+3.4,-26.8,-0.4336,NONE,STOPPED
="2026-09-07 09:33:46",80189,478030,202287,275743,1000000,+0.0006,0.1700,-14.0,-40.8,-0.4371,NONE,STOPPED
="2026-09-07 09:33:47",80183,495988,220244,275743,1000000,+0.0006,0.1700,-19.3,-46.1,-0.4588,NONE,STOPPED
="2026-09-07 09:33:48",80180,495988,220244,275743,1000000,+0.0006,0.1700,-23.2,-50.0,-0.4908,NONE,STOPPED
="2026-09-07 09:33:49",80180,495988,220244,275743,1000000,-0.0036,0.1700,-23.2,-50.0,-0.5169,NONE,STOPPED
="2026-09-07 09:33:50",80180,495988,220244,275743,1000000,-0.0036,0.1700,-10.9,-50.0,-0.5376,NONE,STOPPED
="2026-09-07 09:33:51",80178,495988,220244,275743,1000000,-0.0033,0.1700,-10.4,-51.2,-0.5580,NONE,STOPPED
="2026-09-07 09:33:52",80178,495988,220244,275743,1000000,-0.0033,0.1700,-5.0,-51.2,-0.5733,NONE,STOPPED
="2026-09-07 09:33:53",80178,495988,220244,275743,1000000,-0.0033,0.1700,-1.2,-51.2,-0.5841,NONE,STOPPED
="2026-09-07 09:33:54",80178,495988,220244,275743,1000000,-0.0033,0.1700,-1.2,-51.2,-0.5841,NONE,STOPPED
="2026-09-07 09:33:55",80177,495988,220244,275743,1000000,-0.0034,0.1700,-2.3,-42.3,-0.6013,NONE,STOPPED
="2026-09-07 09:33:56",80177,479453,203710,275743,1000000,-0.0034,0.1700,-1.1,-42.3,-0.6098,NONE,STOPPED
="2026-09-07 09:33:57",80177,479453,203710,275743,1000000,-0.0034,0.1700,-1.1,-42.3,-0.6147,NONE,STOPPED
="2026-09-07 09:33:58",80177,479453,203710,275743,1000000,-0.0034,0.1700,-1.1,-42.3,-0.6161,NONE,STOPPED
="2026-09-07 09:33:59",80177,479453,203710,275743,1000000,-0.0030,0.1700,-1.1,-32.3,-0.6144,NONE,STOPPED
="2026-09-07 09:34:00",80177,416678,140934,275743,1000000,-0.0030,0.1700,-1.1,-32.3,-0.6159,NONE,STOPPED
="2026-09-07 09:34:01",80177,416678,140934,275743,1000000,-0.0030,0.1700,+0.0,-41.1,-0.6148,NONE,STOPPED
="2026-09-07 09:34:02",80177,395916,140934,254982,1000000,-0.0030,0.1700,+0.0,-41.1,-0.6148,NONE,STOPPED
="2026-09-07 09:34:03",80170,395916,140934,254982,1000000,-0.0030,0.1700,-7.7,-48.8,-0.6246,NONE,STOPPED
="2026-09-07 09:34:04",80163,418324,140934,277390,1000000,+0.0017,0.1700,-14.3,-55.4,-0.6641,NONE,STOPPED
="2026-09-07 09:34:05",80159,418324,140934,277390,1000000,+0.0017,0.1700,-18.6,-59.7,-0.7133,NONE,STOPPED
="2026-09-07 09:34:06",80157,418324,140934,277390,1000000,+0.0044,0.1700,-19.8,-60.9,-0.7588,NONE,STOPPED
="2026-09-07 09:34:07",80157,418324,140934,277390,1000000,+0.0037,0.1700,-19.8,-60.9,-0.7962,NONE,STOPPED
="2026-09-07 09:34:08",80157,418324,140934,277390,1000000,+0.0037,0.1700,-12.1,-60.9,-0.8262,NONE,STOPPED
="2026-09-07 09:34:09",80157,418324,140934,277390,1000000,+0.0049,0.1700,-5.5,-60.9,-0.8494,NONE,STOPPED
="2026-09-07 09:34:10",80157,418324,140934,277390,1000000,+0.0064,0.1700,-1.2,-60.9,-0.8663,NONE,STOPPED
="2026-09-07 09:34:11",80157,418324,140934,277390,1000000,+0.0064,0.1700,-1.2,-60.9,-0.8663,NONE,STOPPED
="2026-09-07 09:34:12",80157,418324,140934,277390,1000000,+0.0059,0.1700,-1.2,-62.1,-0.8833,NONE,STOPPED
="2026-09-07 09:34:13",80157,418324,140934,277390,1000000,+0.0059,0.1700,+0.0,-62.1,-0.8837,NONE,STOPPED
="2026-09-07 09:34:14",80157,418324,140934,277390,1000000,+0.0059,0.1700,+0.0,-57.5,-0.8796,NONE,STOPPED
="2026-09-07 09:34:15",80157,418324,140934,277390,1000000,+0.0059,0.1700,+0.0,-57.5,-0.8744,NONE,STOPPED
="2026-09-07 09:34:16",80157,418324,140934,277390,1000000,+0.0058,0.1700,+0.0,-57.5,-0.8655,NONE,STOPPED
="2026-09-07 09:34:17",80157,418324,140934,277390,1000000,+0.0058,0.1700,+0.0,-22.1,-0.8532,NONE,STOPPED
="2026-09-07 09:34:18",80157,330567,53177,277390,1000000,+0.0121,0.1700,+0.0,-22.1,-0.8595,NONE,STOPPED
="2026-09-07 09:34:19",80157,330567,53177,277390,1000000,+0.0124,0.1700,+0.0,-22.1,-0.8626,NONE,STOPPED
="2026-09-07 09:34:20",80157,308692,31302,277390,1000000,+0.0124,0.1700,-0.0,-22.1,-0.8627,NONE,STOPPED
="2026-09-07 09:34:21",80157,308692,31302,277390,1000000,+0.0124,0.1700,-0.0,-22.1,-0.8627,NONE,STOPPED
="2026-09-07 09:34:22",80157,308692,31302,277390,1000000,+0.0124,0.1700,-0.0,-22.1,-0.8602,NONE,STOPPED
="2026-09-07 09:34:23",80152,308692,31302,277390,1000000,+0.0124,0.1700,-5.8,-27.8,-0.8804,NONE,STOPPED
="2026-09-07 09:34:24",80152,332738,31302,301435,1000000,+0.0052,0.1700,-5.8,-27.8,-0.8903,NONE,STOPPED
="2026-09-07 09:34:25",80152,356783,31302,325481,1000000,+0.0052,0.1700,-5.8,-27.8,-0.8964,NONE,STOPPED
="2026-09-07 09:34:26",80152,356783,31302,325481,1000000,+0.0052,0.1700,-5.8,-27.8,-0.8990,NONE,STOPPED
="2026-09-07 09:34:27",80152,356783,31302,325481,1000000,+0.0058,0.1700,-2.9,-27.8,-0.8984,NONE,STOPPED
="2026-09-07 09:34:28",80152,356783,31302,325481,1000000,+0.0058,0.1700,+0.0,-27.8,-0.8948,NONE,STOPPED
="2026-09-07 09:34:29",80152,356783,31302,325481,1000000,+0.0058,0.1700,-0.0,-42.1,-0.8887,NONE,STOPPED
="2026-09-07 09:34:30",80152,128971,31302,97669,1000000,+0.0058,0.1700,-0.0,-42.1,-0.8887,NONE,STOPPED
="2026-09-07 09:34:31",80152,128971,31302,97669,1000000,+0.0058,0.1700,+0.0,-42.1,-0.8498,NONE,STOPPED
="2026-09-07 09:34:32",80152,128971,31302,97669,1000000,+0.0058,0.1700,-0.0,-47.6,-0.8312,NONE,STOPPED
="2026-09-07 09:34:33",80152,128971,31302,97669,1000000,+0.0058,0.1700,-0.0,-47.6,-0.8053,NONE,STOPPED
="2026-09-07 09:34:34",80152,128971,31302,97669,1000000,+0.0058,0.1700,+0.0,-47.6,-0.7780,NONE,STOPPED
="2026-09-07 09:34:35",80138,128971,31302,97669,1000000,+0.0058,0.1700,-13.6,-61.2,-0.8028,NONE,STOPPED
="2026-09-07 09:34:36",80138,128971,31302,97669,1000000,+0.0029,0.1700,-13.6,-61.2,-0.8211,NONE,STOPPED
="2026-09-07 09:34:37",80138,183990,62268,121721,1000000,+0.0029,0.1700,-13.6,-61.2,-0.8337,NONE,STOPPED
="2026-09-07 09:34:38",80138,183990,62268,121721,1000000,+0.0023,0.1700,-13.6,-61.2,-0.8410,NONE,STOPPED
="2026-09-07 09:34:39",80138,183990,62268,121721,1000000,+0.0023,0.1700,-13.7,-64.7,-0.8435,NONE,STOPPED
="2026-09-07 09:34:40",80138,173151,62268,110882,1000000,+0.0023,0.1700,-13.7,-64.7,-0.8435,NONE,STOPPED
="2026-09-07 09:34:41",80142,173151,62268,110882,1000000,+0.0006,0.1700,+3.8,-60.8,-0.8028,NONE,STOPPED
="2026-09-07 09:34:42",80142,173151,62268,110882,1000000,-0.0015,0.1700,+3.9,-60.8,-0.7790,NONE,STOPPED
="2026-09-07 09:34:43",80142,173151,62268,110882,1000000,-0.0015,0.1700,+3.8,-60.8,-0.7533,NONE,STOPPED
="2026-09-07 09:34:44",80142,173151,62268,110882,1000000,-0.0015,0.1700,+3.9,-48.5,-0.7258,NONE,STOPPED
="2026-09-07 09:34:45",80127,159806,48923,110882,1000000,-0.0015,0.1700,-14.8,-61.6,-0.7617,NONE,STOPPED
="2026-09-07 09:34:46",80127,159806,48923,110882,1000000,-0.0011,0.1700,-14.8,-56.2,-0.7912,NONE,STOPPED
="2026-09-07 09:34:47",80127,141848,30965,110882,1000000,-0.0017,0.1700,-14.8,-52.4,-0.8172,NONE,STOPPED
="2026-09-07 09:34:48",80127,141848,30965,110882,1000000,+0.0026,0.1700,-14.8,-52.4,-0.8393,NONE,STOPPED
="2026-09-07 09:34:49",80127,141848,30965,110882,1000000,+0.0026,0.1700,-14.8,-52.4,-0.8393,NONE,STOPPED
="2026-09-07 09:34:50",80127,141848,30965,110882,1000000,+0.0031,0.1700,-14.8,-52.4,-0.8557,NONE,STOPPED
="2026-09-07 09:34:51",80127,141848,30965,110882,1000000,+0.0031,0.1700,-0.0,-51.2,-0.8735,NONE,STOPPED
="2026-09-07 09:34:52",80127,141848,30965,110882,1000000,+0.0032,0.1700,+0.0,-51.2,-0.8759,NONE,STOPPED
="2026-09-07 09:34:53",80134,141848,30965,110882,1000000,+0.0015,0.1700,+6.8,-43.3,-0.8478,NONE,STOPPED
="2026-09-07 09:34:54",80134,141848,30965,110882,1000000,+0.0015,0.1700,+6.8,-43.3,-0.8193,NONE,STOPPED
="2026-09-07 09:34:55",80134,141848,30965,110882,1000000,+0.0015,0.1700,+6.8,-43.3,-0.7899,NONE,STOPPED
="2026-09-07 09:34:56",80134,141848,30965,110882,1000000,+0.0019,0.1700,+6.8,-43.3,-0.7597,NONE,STOPPED
="2026-09-07 09:34:57",80149,141848,30965,110882,1000000,+0.0019,0.1700,+21.6,-28.4,-0.6709,NONE,STOPPED
="2026-09-07 09:34:58",80149,141848,30965,110882,1000000,+0.0019,0.1700,+21.6,-28.4,-0.6709,NONE,STOPPED
="2026-09-07 09:34:59",80149,141848,30965,110882,1000000,+0.0021,0.1700,+14.9,-28.4,-0.5875,NONE,STOPPED
="2026-09-07 09:35:00",80149,141848,30965,110882,1000000,+0.0021,0.1700,+14.9,-28.5,-0.4997,NONE,STOPPED
="2026-09-07 09:35:01",80149,141848,30965,110882,1000000,+0.0021,0.1700,+14.9,-28.5,-0.3660,NONE,STOPPED
="2026-09-07 09:35:02",80149,141848,30965,110882,1000000,+0.0022,0.1700,+14.9,-28.5,-0.3660,NONE,STOPPED
="2026-09-07 09:35:03",80149,141848,30965,110882,1000000,+0.0022,0.1700,+14.9,-14.2,-0.2444,NONE,STOPPED
="2026-09-07 09:35:04",80149,119440,30965,88474,1000000,-0.0025,0.1700,-0.0,-9.8,-0.1957,NONE,STOPPED
="2026-09-07 09:35:05",80157,119440,30965,88474,1000000,-0.0020,0.1700,+8.4,-0.3,-0.1201,NONE,STOPPED
="2026-09-07 09:35:06",80161,119440,30965,88474,1000000,-0.0013,0.1700,+12.2,+3.5,-0.0368,NONE,STOPPED
="2026-09-07 09:35:07",80161,119440,30965,88474,1000000,-0.0013,0.1700,+12.2,+3.6,+0.0391,NONE,STOPPED
="2026-09-07 09:35:08",80161,119440,30965,88474,1000000,-0.0028,0.1700,+12.2,+3.6,+0.1080,NONE,STOPPED
="2026-09-07 09:35:09",80161,119440,30965,88474,1000000,-0.0028,0.1700,+12.2,+3.5,+0.1705,NONE,STOPPED
="2026-09-07 09:35:10",80161,119440,30965,88474,1000000,-0.0043,0.1700,+3.8,+3.5,+0.2270,NONE,STOPPED
="2026-09-07 09:35:11",80161,119440,30965,88474,1000000,-0.0043,0.1700,+3.8,+3.5,+0.2270,NONE,STOPPED
="2026-09-07 09:35:12",80158,119440,30965,88474,1000000,-0.0043,0.1700,-3.2,+0.3,+0.3000,NONE,STOPPED
="2026-09-07 09:35:13",80158,119440,30965,88474,1000000,-0.0043,0.1700,-3.2,+0.3,+0.3308,NONE,STOPPED
="2026-09-07 09:35:14",80158,119440,30965,88474,1000000,-0.0043,0.1700,-3.2,+0.4,+0.3583,NONE,STOPPED
="2026-09-07 09:35:15",80158,119440,30965,88474,1000000,-0.0043,0.1700,-3.2,+0.3,+0.3825,NONE,STOPPED
="2026-09-07 09:35:16",80158,119440,30965,88474,1000000,-0.0042,0.1700,+0.0,+0.4,+0.4039,NONE,STOPPED
="2026-09-07 09:35:17",80158,119440,30965,88474,1000000,-0.0041,0.1700,+0.0,+0.4,+0.4225,NONE,STOPPED
="2026-09-07 09:35:18",80166,134416,30965,103450,1000000,-0.0041,0.1700,+8.1,+8.4,+0.4702,NONE,STOPPED
="2026-09-07 09:35:19",80166,134416,30965,103450,1000000,-0.0044,0.1700,+8.1,+8.4,+0.4702,NONE,STOPPED
="2026-09-07 09:35:20",80170,134416,30965,103450,1000000,-0.0044,0.1700,+12.0,+12.3,+0.5273,NONE,STOPPED
="2026-09-07 09:35:21",80176,158281,30965,127316,1000000,-0.0044,0.1700,+17.8,+21.0,+0.6449,NONE,STOPPED
="2026-09-07 09:35:22",80177,158281,30965,127316,1000000,-0.0044,0.1700,+19.5,+25.6,+0.7088,NONE,STOPPED
="2026-09-07 09:35:23",80185,158281,30965,127316,1000000,-0.0032,0.1700,+19.2,+33.5,+0.7935,NONE,STOPPED
="2026-09-07 09:35:24",80185,134236,30965,103270,1000000,-0.0032,0.1700,+15.4,+33.4,+0.8678,NONE,STOPPED
="2026-09-07 09:35:25",80185,110190,30965,79224,1000000,-0.0032,0.1700,+15.4,+33.5,+0.9324,NONE,STOPPED
="2026-09-07 09:35:26",80185,110190,30965,79224,1000000,-0.0030,0.1700,+9.6,+33.5,+0.9880,NONE,STOPPED
="2026-09-07 09:35:27",80185,110190,30965,79224,1000000,-0.0030,0.1700,+7.9,+33.4,+1.0353,NONE,STOPPED
="2026-09-07 09:35:28",80185,110190,30965,79224,1000000,-0.0030,0.1700,+7.9,+33.4,+1.0353,NONE,STOPPED
="2026-09-07 09:35:29",80173,110190,30965,79224,1000000,-0.0030,0.1700,-11.7,+21.8,+1.0295,NONE,STOPPED
="2026-09-07 09:35:30",80173,110190,30965,79224,1000000,-0.0031,0.1700,-11.7,+21.8,+1.0106,NONE,STOPPED
="2026-09-07 09:35:31",80174,110190,30965,79224,1000000,-0.0031,0.1700,-10.9,+22.6,+1.0013,NONE,STOPPED
="2026-09-07 09:35:32",80177,110190,30965,79224,1000000,-0.0031,0.1700,-8.6,+24.9,+0.9986,NONE,STOPPED
="2026-09-07 09:35:33",80175,134109,54884,79224,1000000,-0.0043,0.1700,+1.9,+23.7,+0.9887,NONE,STOPPED
="2026-09-07 09:35:34",80175,134109,54884,79224,1000000,-0.0043,0.1700,+1.9,+37.3,+0.9766,NONE,STOPPED
="2026-09-07 09:35:35",80175,134109,54884,79224,1000000,-0.0043,0.1700,+1.9,+37.3,+0.9543,NONE,STOPPED
="2026-09-07 09:35:36",80175,134109,54884,79224,1000000,-0.0083,0.1700,+1.1,+37.4,+0.9306,NONE,STOPPED
="2026-09-07 09:35:37",80175,79091,23918,55172,1000000,-0.0083,0.1700,+1.1,+37.4,+0.9306,NONE,STOPPED
="2026-09-07 09:35:38",80175,79091,23918,55172,1000000,-0.0077,0.1700,-1.1,+37.4,+0.9055,NONE,STOPPED
="2026-09-07 09:35:39",80178,79091,23918,55172,1000000,-0.0063,0.1700,+2.4,+35.9,+0.8697,NONE,STOPPED
="2026-09-07 09:35:40",80178,96675,23918,72756,1000000,-0.0063,0.1700,+2.4,+35.9,+0.8515,NONE,STOPPED
="2026-09-07 09:35:41",80178,96675,23918,72756,1000000,-0.0046,0.1700,+2.4,+35.9,+0.8317,NONE,STOPPED
="2026-09-07 09:35:42",80178,96675,23918,72756,1000000,-0.0046,0.1700,+2.4,+35.9,+0.8105,NONE,STOPPED
="2026-09-07 09:35:43",80178,96675,23918,72756,1000000,-0.0046,0.1700,+2.4,+35.9,+0.7880,NONE,STOPPED
="2026-09-07 09:35:44",80179,96675,23918,72756,1000000,-0.0046,0.1700,+1.3,+52.0,+0.7694,NONE,STOPPED
="2026-09-07 09:35:45",80179,96675,23918,72756,1000000,-0.0044,0.1700,+1.6,+52.3,+0.7416,NONE,STOPPED
="2026-09-07 09:35:46",80179,96675,23918,72756,1000000,-0.0044,0.1700,+1.6,+52.3,+0.7125,NONE,STOPPED
="2026-09-07 09:35:47",80179,96675,23918,72756,1000000,-0.0038,0.1700,+1.6,+52.3,+0.7125,NONE,STOPPED
="2026-09-07 09:35:48",80179,96675,23918,72756,1000000,-0.0038,0.1700,+1.6,+52.3,+0.6825,NONE,STOPPED
="2026-09-07 09:35:49",80179,96675,23918,72756,1000000,-0.0043,0.1700,+0.3,+52.3,+0.6200,NONE,STOPPED
="2026-09-07 09:35:50",80181,96675,23918,72756,1000000,-0.0043,0.1700,+1.6,+53.9,+0.5939,NONE,STOPPED
="2026-09-07 09:35:51",80181,96675,23918,72756,1000000,-0.0031,0.1700,+1.6,+53.9,+0.5667,NONE,STOPPED
="2026-09-07 09:35:52",80181,96675,23918,72756,1000000,-0.0014,0.1700,+1.6,+47.1,+0.5386,NONE,STOPPED
="2026-09-07 09:35:53",80181,114920,23918,91001,1000000,-0.0014,0.1700,+1.6,+47.1,+0.5138,NONE,STOPPED
="2026-09-07 09:35:54",80184,114920,23918,91001,1000000,-0.0013,0.1700,+4.4,+50.0,+0.4993,NONE,STOPPED
="2026-09-07 09:35:55",80192,114920,23918,91001,1000000,-0.0016,0.1700,+10.7,+57.8,+0.5135,NONE,STOPPED
="2026-09-07 09:35:56",80192,114920,23918,91001,1000000,-0.0016,0.1700,+10.7,+42.9,+0.5230,NONE,STOPPED
="2026-09-07 09:35:57",80192,228736,137734,91001,1000000,+0.0007,0.1700,+10.7,+42.9,+0.5230,NONE,STOPPED
="2026-09-07 09:35:58",80186,228736,137734,91001,1000000,+0.0007,0.1700,+5.0,+37.2,+0.5150,NONE,STOPPED
="2026-09-07 09:35:59",80171,228736,137734,91001,1000000,+0.0006,0.1700,-12.4,+22.7,+0.4141,NONE,STOPPED
="2026-09-07 09:36:00",80171,228736,137734,91001,1000000,+0.0009,0.1700,-20.3,+22.7,+0.3524,NONE,STOPPED
="2026-09-07 09:36:01",80183,228736,137734,91001,1000000,+0.0009,0.1700,-8.6,+34.4,+0.3400,NONE,STOPPED
="2026-09-07 09:36:02",80183,228736,137734,91001,1000000,+0.0008,0.1700,-8.6,+34.4,+0.3400,NONE,STOPPED
="2026-09-07 09:36:03",80175,228736,137734,91001,1000000,+0.0008,0.1700,-4.5,+26.2,+0.2805,NONE,STOPPED
="2026-09-07 09:36:04",80175,228736,137734,91001,1000000,+0.0008,0.1700,+3.5,+17.8,+0.2369,NONE,STOPPED
="2026-09-07 09:36:05",80175,228736,137734,91001,1000000,+0.0003,0.1700,+3.5,+13.9,+0.2007,NONE,STOPPED
="2026-09-07 09:36:06",80175,228736,137734,91001,1000000,+0.0003,0.1700,-8.2,+13.9,+0.1689,NONE,STOPPED
="2026-09-07 09:36:07",80175,243141,152140,91001,1000000,-0.0000,0.1700,-8.2,+13.9,+0.1389,NONE,STOPPED
="2026-09-07 09:36:08",80175,243141,152140,91001,1000000,+0.0015,0.1700,+0.0,+14.0,+0.1108,NONE,STOPPED
="2026-09-07 09:36:09",80175,243141,152140,91001,1000000,+0.0015,0.1700,-0.0,+13.9,+0.0843,NONE,STOPPED
="2026-09-07 09:36:10",80175,243141,152140,91001,1000000,+0.0014,0.1700,-0.0,+13.9,+0.0843,NONE,STOPPED
="2026-09-07 09:36:11",80175,243141,152140,91001,1000000,+0.0014,0.1700,-0.0,+17.2,+0.0594,NONE,STOPPED
="2026-09-07 09:36:12",80175,253168,162167,91001,1000000,+0.0014,0.1700,-0.0,+17.2,+0.0103,NONE,STOPPED
="2026-09-07 09:36:13",80175,253168,162167,91001,1000000,+0.0014,0.1700,-0.0,+17.1,-0.0122,NONE,STOPPED
="2026-09-07 09:36:14",80178,253168,162167,91001,1000000,+0.0014,0.1700,+2.6,+19.7,-0.0234,NONE,STOPPED
="2026-09-07 09:36:15",80178,253168,162167,91001,1000000,+0.0014,0.1700,+2.6,+19.7,-0.0343,NONE,STOPPED
="2026-09-07 09:36:16",80178,253168,162167,91001,1000000,+0.0014,0.1700,+2.6,+19.7,-0.0450,NONE,STOPPED
="2026-09-07 09:36:17",80178,253168,162167,91001,1000000,+0.0013,0.1700,+2.6,+11.6,-0.0555,NONE,STOPPED
="2026-09-07 09:36:18",80178,238192,162167,76025,1000000,+0.0008,0.1700,+2.6,+7.8,-0.0608,NONE,STOPPED
="2026-09-07 09:36:19",80178,238192,162167,76025,1000000,+0.0008,0.1700,+0.0,+7.8,-0.0636,NONE,STOPPED
="2026-09-07 09:36:20",80178,238192,162167,76025,1000000,+0.0008,0.1700,+0.0,+7.8,-0.0636,NONE,STOPPED
="2026-09-07 09:36:21",80178,214327,162167,52159,1000000,+0.0006,0.1700,-0.0,+0.2,-0.0657,NONE,STOPPED
="2026-09-07 09:36:22",80178,214327,162167,52159,1000000,+0.0006,0.1700,+0.0,-7.6,-0.0638,NONE,STOPPED
="2026-09-07 09:36:23",80178,214327,162167,52159,1000000,-0.0006,0.1700,+0.0,-7.6,-0.0572,NONE,STOPPED
="2026-09-07 09:36:24",80178,214327,162167,52159,1000000,-0.0006,0.1700,-0.0,-7.6,-0.0508,NONE,STOPPED
="2026-09-07 09:36:25",80178,214327,162167,52159,1000000,-0.0017,0.1700,-0.0,-7.6,-0.0446,NONE,STOPPED
="2026-09-07 09:36:26",80178,214327,162167,52159,1000000,-0.0019,0.1700,+0.0,-7.6,-0.0385,NONE,STOPPED
="2026-09-07 09:36:27",80178,214327,162167,52159,1000000,-0.0019,0.1700,+0.0,+4.1,-0.0325,NONE,STOPPED
="2026-09-07 09:36:28",80181,255254,203094,52159,1000000,-0.0019,0.1700,+3.8,+7.9,-0.0188,NONE,STOPPED
="2026-09-07 09:36:29",80181,255254,203094,52159,1000000,-0.0018,0.1700,+3.8,+7.9,-0.0188,NONE,STOPPED
="2026-09-07 09:36:30",80181,255254,203094,52159,1000000,-0.0018,0.1700,+3.9,+7.9,-0.0066,NONE,STOPPED
="2026-09-07 09:36:31",80181,255254,203094,52159,1000000,-0.0018,0.1700,+3.8,+4.8,+0.0142,NONE,STOPPED
="2026-09-07 09:36:32",80181,255254,203094,52159,1000000,-0.0006,0.1700,+3.8,+6.0,+0.0244,NONE,STOPPED
="2026-09-07 09:36:33",80181,231335,179176,52159,1000000,-0.0006,0.1700,+3.8,+6.0,+0.0327,NONE,STOPPED
="2026-09-07 09:36:34",80181,231335,179176,52159,1000000,-0.0063,0.1700,+3.8,+6.0,+0.0400,NONE,STOPPED
="2026-09-07 09:36:35",80181,231335,179176,52159,1000000,-0.0023,0.1700,+0.0,+6.0,+0.0464,NONE,STOPPED
="2026-09-07 09:36:36",80181,231335,179176,52159,1000000,-0.0023,0.1700,+0.0,+6.0,+0.0518,NONE,STOPPED
="2026-09-07 09:36:37",80181,231335,179176,52159,1000000,-0.0023,0.1700,+0.0,+3.5,+0.0565,NONE,STOPPED
="2026-09-07 09:36:38",80181,231335,179176,52159,1000000,-0.0023,0.1700,+0.0,+3.5,+0.0565,NONE,STOPPED
="2026-09-07 09:36:39",80181,231335,179176,52159,1000000,-0.0037,0.1700,+0.0,+3.6,+0.0618,NONE,STOPPED
="2026-09-07 09:36:40",80181,197420,179176,18244,1000000,-0.0037,0.1700,-0.0,+3.5,+0.0703,NONE,STOPPED
="2026-09-07 09:36:41",80181,197420,179176,18244,1000000,-0.0037,0.1700,+0.0,+3.5,+0.0735,NONE,STOPPED
="2026-09-07 09:36:42",80181,197420,179176,18244,1000000,-0.0037,0.1700,-0.0,+3.5,+0.0762,NONE,STOPPED
="2026-09-07 09:36:43",80181,197420,179176,18244,1000000,-0.0038,0.1700,+0.0,+2.3,+0.0783,NONE,STOPPED
="2026-09-07 09:36:44",80181,197420,179176,18244,1000000,-0.0038,0.1700,-0.0,+1.9,+0.0807,NONE,STOPPED
="2026-09-07 09:36:45",80181,197420,179176,18244,1000000,-0.0040,0.1700,+0.0,+2.0,+0.0829,NONE,STOPPED
="2026-09-07 09:36:46",80181,197420,179176,18244,1000000,-0.0040,0.1700,+0.0,+2.0,+0.0846,NONE,STOPPED
="2026-09-07 09:36:47",80181,209027,190783,18244,1000000,-0.0040,0.1700,+0.0,+1.9,+0.0859,NONE,STOPPED
="2026-09-07 09:36:48",80160,209027,190783,18244,1000000,-0.0040,0.1700,-21.6,-19.7,+0.0028,NONE,STOPPED
="2026-09-07 09:36:49",80160,209027,190783,18244,1000000,-0.0040,0.1700,-21.6,-19.7,+0.0028,NONE,STOPPED
="2026-09-07 09:36:50",80160,209027,190783,18244,1000000,-0.0040,0.1700,-21.6,-21.2,-0.1386,NONE,STOPPED
="2026-09-07 09:36:51",80160,209027,190783,18244,1000000,-0.0052,0.1700,-21.6,-21.3,-0.1981,NONE,STOPPED
="2026-09-07 09:36:52",80160,209027,190783,18244,1000000,-0.0059,0.1700,-21.6,-21.3,-0.2510,NONE,STOPPED
="2026-09-07 09:36:53",80160,190783,190783,0,1000000,-0.0059,0.1700,+0.0,-24.1,-0.2978,NONE,STOPPED
="2026-09-07 09:36:54",80160,190783,190783,0,1000000,-0.0060,0.1700,+0.0,-31.9,-0.3373,NONE,STOPPED
="2026-09-07 09:36:55",80160,202792,190783,12009,1000000,-0.0056,0.1700,+0.0,-31.9,-0.3668,NONE,STOPPED
="2026-09-07 09:36:56",80160,202792,190783,12009,1000000,-0.0056,0.1700,+0.0,-26.2,-0.3917,NONE,STOPPED
="2026-09-07 09:36:57",80160,88976,76967,12009,1000000,-0.0079,0.1700,+0.0,-19.7,-0.4158,NONE,STOPPED
="2026-09-07 09:36:58",80160,88976,76967,12009,1000000,-0.0079,0.1700,+0.0,-19.7,-0.4158,NONE,STOPPED
="2026-09-07 09:36:59",80160,88976,76967,12009,1000000,-0.0080,0.1700,-0.0,-11.7,-0.4535,NONE,STOPPED
="2026-09-07 09:37:00",80160,88976,76967,12009,1000000,-0.0083,0.1700,-0.0,-23.4,-0.4863,NONE,STOPPED
="2026-09-07 09:37:01",80160,88976,76967,12009,1000000,-0.0083,0.1700,-0.0,-23.3,-0.4973,NONE,STOPPED
="2026-09-07 09:37:02",80160,88976,76967,12009,1000000,-0.0083,0.1700,-0.0,-15.2,-0.5053,NONE,STOPPED
="2026-09-07 09:37:03",80160,88976,76967,12009,1000000,-0.0083,0.1700,-0.0,-15.2,-0.5156,NONE,STOPPED
="2026-09-07 09:37:04",80160,88976,76967,12009,1000000,-0.0076,0.1700,+0.0,-15.2,-0.5233,NONE,STOPPED
="2026-09-07 09:37:05",80160,88976,76967,12009,1000000,-0.0076,0.1700,-0.0,-15.2,-0.5286,NONE,STOPPED
="2026-09-07 09:37:06",80160,88976,76967,12009,1000000,-0.0072,0.1700,-0.0,-15.2,-0.5286,NONE,STOPPED
="2026-09-07 09:37:07",80169,74571,62562,12009,1000000,-0.0072,0.1700,+9.7,-5.4,-0.4940,NONE,STOPPED
="2026-09-07 09:37:08",80169,74571,62562,12009,1000000,-0.0072,0.1700,+9.7,-5.4,-0.4300,NONE,STOPPED
="2026-09-07 09:37:09",80169,74571,62562,12009,1000000,-0.0072,0.1700,+9.7,-5.4,-0.4005,NONE,STOPPED
="2026-09-07 09:37:10",80169,74571,62562,12009,1000000,-0.0072,0.1700,+9.7,-5.5,-0.3726,NONE,STOPPED
="2026-09-07 09:37:11",80169,74571,62562,12009,1000000,-0.0072,0.1700,+9.7,-5.4,-0.3462,NONE,STOPPED
="2026-09-07 09:37:12",80169,64544,52534,12009,1000000,-0.0072,0.1700,-0.0,-5.4,-0.3212,NONE,STOPPED
="2026-09-07 09:37:13",80171,64544,52534,12009,1000000,-0.0072,0.1700,+1.6,-6.4,-0.2911,NONE,STOPPED
="2026-09-07 09:37:14",80171,64544,52534,12009,1000000,-0.0069,0.1700,+1.6,-6.4,-0.2614,NONE,STOPPED
="2026-09-07 09:37:15",80171,64544,52534,12009,1000000,-0.0069,0.1700,+1.6,-6.4,-0.2335,NONE,STOPPED
="2026-09-07 09:37:16",80171,64544,52534,12009,1000000,-0.0069,0.1700,+1.6,-6.4,-0.2335,NONE,STOPPED
="2026-09-07 09:37:17",80171,64544,52534,12009,1000000,-0.0073,0.1700,+1.6,-6.4,-0.1828,NONE,STOPPED
="2026-09-07 09:37:18",80171,64544,52534,12009,1000000,-0.0073,0.1700,+1.6,-6.4,-0.1598,NONE,STOPPED
="2026-09-07 09:37:19",80171,64544,52534,12009,1000000,-0.0068,0.1700,+0.0,-6.4,-0.1382,NONE,STOPPED
="2026-09-07 09:37:20",80171,64544,52534,12009,1000000,-0.0068,0.1700,+0.0,-6.4,-0.1180,NONE,STOPPED
="2026-09-07 09:37:21",80170,64544,52534,12009,1000000,-0.0066,0.1700,-0.8,-7.2,-0.1022,NONE,STOPPED
="2026-09-07 09:37:22",80170,64544,52534,12009,1000000,-0.0066,0.1700,-0.8,-7.2,-0.0872,NONE,STOPPED
="2026-09-07 09:37:23",80170,64544,52534,12009,1000000,-0.0066,0.1700,-1.5,-7.9,-0.0760,NONE,STOPPED
="2026-09-07 09:37:24",80170,64544,52534,12009,1000000,-0.0066,0.1700,-1.6,-7.9,-0.0654,NONE,STOPPED
="2026-09-07 09:37:25",80170,64544,52534,12009,1000000,-0.0055,0.1700,-1.6,-7.9,-0.0654,NONE,STOPPED
="2026-09-07 09:37:26",80170,64544,52534,12009,1000000,-0.0055,0.1700,-1.5,-7.9,-0.0552,NONE,STOPPED
="2026-09-07 09:37:27",80170,64544,52534,12009,1000000,-0.0056,0.1700,-0.8,-11.8,-0.0361,NONE,STOPPED
="2026-09-07 09:37:28",80170,23616,11607,12009,1000000,-0.0056,0.1700,-0.8,-11.8,-0.0249,NONE,STOPPED
="2026-09-07 09:37:29",80170,23616,11607,12009,1000000,-0.0056,0.1700,-0.8,-11.8,-0.0142,NONE,STOPPED
="2026-09-07 09:37:30",80161,23616,11607,12009,1000000,-0.0056,0.1700,-9.0,-20.8,-0.0389,NONE,STOPPED
="2026-09-07 09:37:31",80161,23616,11607,12009,1000000,-0.0056,0.1700,-9.0,-20.8,-0.0605,NONE,STOPPED
="2026-09-07 09:37:32",80161,23616,11607,12009,1000000,-0.0056,0.1700,-9.0,-20.8,-0.0792,NONE,STOPPED
="2026-09-07 09:37:33",80161,23616,11607,12009,1000000,-0.0044,0.1700,-9.0,-20.8,-0.0952,NONE,STOPPED
="2026-09-07 09:37:34",80161,23616,11607,12009,1000000,+0.0013,0.1700,-9.0,-20.8,-0.1088,NONE,STOPPED
="2026-09-07 09:37:35",80161,23616,11607,12009,1000000,+0.0013,0.1700,-9.0,-20.8,-0.1088,NONE,STOPPED
="2026-09-07 09:37:36",80160,23616,11607,12009,1000000,+0.0018,0.1700,-0.8,-21.6,-0.1233,NONE,STOPPED
="2026-09-07 09:37:37",80156,23616,11607,12009,1000000,+0.0018,0.1700,-4.9,-25.7,-0.1758,NONE,STOPPED
="2026-09-07 09:37:38",80156,23616,11607,12009,1000000,+0.0023,0.1700,-5.0,-25.8,-0.1966,NONE,STOPPED
="2026-09-07 09:37:39",80156,23616,11607,12009,1000000,+0.0023,0.1700,-5.0,-25.7,-0.2141,NONE,STOPPED
="2026-09-07 09:37:40",80156,23616,11607,12009,1000000,+0.0023,0.1700,-4.1,-25.8,-0.2286,NONE,STOPPED
="2026-09-07 09:37:41",80156,23616,11607,12009,1000000,+0.0023,0.1700,-0.0,-25.7,-0.2403,NONE,STOPPED
="2026-09-07 09:37:42",80156,23616,11607,12009,1000000,+0.0025,0.1700,-4.1,-25.7,-0.2493,NONE,STOPPED
="2026-09-07 09:37:43",80156,23616,11607,12009,1000000,+0.0026,0.1700,+0.0,-25.7,-0.2560,NONE,STOPPED
="2026-09-07 09:37:44",80156,23616,11607,12009,1000000,+0.0026,0.1700,+0.0,-25.7,-0.2560,NONE,STOPPED
="2026-09-07 09:37:45",80156,23616,11607,12009,1000000,+0.0027,0.1700,-0.0,-25.8,-0.2606,NONE,STOPPED
="2026-09-07 09:37:46",80156,23616,11607,12009,1000000,+0.0027,0.1700,-0.0,-25.8,-0.2639,NONE,STOPPED
="2026-09-07 09:37:47",80156,12009,0,12009,1000000,+0.0035,0.1700,-0.0,-4.1,-0.2630,NONE,STOPPED
="2026-09-07 09:37:48",80156,12009,0,12009,1000000,+0.0035,0.1700,+0.0,-4.1,-0.2737,NONE,STOPPED
="2026-09-07 09:37:49",80156,12009,0,12009,1000000,+0.0035,0.1700,-0.0,-4.2,-0.2827,NONE,STOPPED
="2026-09-07 09:37:50",80156,12009,0,12009,1000000,+0.0035,0.1700,+0.0,-4.1,-0.2902,NONE,STOPPED
="2026-09-07 09:37:51",80156,12009,0,12009,1000000,+0.0035,0.1700,+0.0,-4.1,-0.2962,NONE,STOPPED
="2026-09-07 09:37:52",80156,12009,0,12009,1000000,+0.0041,0.1700,+0.0,-4.1,-0.3009,NONE,STOPPED
="2026-09-07 09:37:53",80156,12009,0,12009,1000000,+0.0043,0.1700,-0.0,-4.2,-0.3045,NONE,STOPPED
="2026-09-07 09:37:54",80156,60926,48917,12009,1000000,+0.0043,0.1700,-0.0,-4.2,-0.3045,NONE,STOPPED
="2026-09-07 09:37:55",80142,129700,48917,80783,1000000,+0.0040,0.1700,-13.1,-17.3,-0.3582,NONE,STOPPED
="2026-09-07 09:37:56",80162,129700,48917,80783,1000000,+0.0040,0.1700,+6.5,+2.3,-0.3022,NONE,STOPPED
="2026-09-07 09:37:57",80162,129700,48917,80783,1000000,+0.0010,0.1700,+6.5,+2.3,-0.2771,NONE,STOPPED
="2026-09-07 09:37:58",80162,129700,48917,80783,1000000,+0.0010,0.1700,+6.5,+2.4,-0.2537,NONE,STOPPED
="2026-09-07 09:37:59",80150,129700,48917,80783,1000000,+0.0010,0.1700,+7.7,-9.6,-0.2785,NONE,STOPPED
="2026-09-07 09:38:00",80150,129700,48917,80783,1000000,+0.0024,0.1700,-12.0,-9.6,-0.3002,NONE,STOPPED
="2026-09-07 09:38:01",80150,129700,48917,80783,1000000,+0.0024,0.1700,-11.9,-9.6,-0.3189,NONE,STOPPED
="2026-09-07 09:38:02",80150,129700,48917,80783,1000000,+0.0024,0.1700,-11.9,-9.6,-0.3189,NONE,STOPPED
="2026-09-07 09:38:03",80150,129700,48917,80783,1000000,+0.0024,0.1700,-11.9,-9.6,-0.3484,NONE,STOPPED
="2026-09-07 09:38:04",80138,156639,75856,80783,1000000,+0.0017,0.1700,-12.3,-21.9,-0.4074,NONE,STOPPED
="2026-09-07 09:38:05",80138,156639,75856,80783,1000000,+0.0017,0.1700,-12.3,-31.6,-0.4595,NONE,STOPPED
="2026-09-07 09:38:06",80138,156639,75856,80783,1000000,+0.0017,0.1700,-12.3,-31.6,-0.4991,NONE,STOPPED
="2026-09-07 09:38:07",80135,156639,75856,80783,1000000,+0.0017,0.1700,-15.6,-34.9,-0.5459,NONE,STOPPED
="2026-09-07 09:38:08",80135,156639,75856,80783,1000000,+0.0017,0.1700,-15.6,-34.9,-0.5860,NONE,STOPPED
="2026-09-07 09:38:09",80135,156639,75856,80783,1000000,+0.0030,0.1700,-3.3,-34.9,-0.6200,NONE,STOPPED
="2026-09-07 09:38:10",80135,156639,75856,80783,1000000,+0.0030,0.1700,-3.3,-34.9,-0.6482,NONE,STOPPED
="2026-09-07 09:38:11",80135,156639,75856,80783,1000000,+0.0030,0.1700,-3.3,-34.9,-0.6712,NONE,STOPPED
="2026-09-07 09:38:12",80135,156639,75856,80783,1000000,+0.0029,0.1700,-3.3,-34.9,-0.6712,NONE,STOPPED
="2026-09-07 09:38:13",80130,156639,75856,80783,1000000,+0.0029,0.1700,-4.5,-41.1,-0.7263,NONE,STOPPED
="2026-09-07 09:38:14",80130,156639,75856,80783,1000000,+0.0027,0.1700,-4.5,-41.1,-0.7501,NONE,STOPPED
="2026-09-07 09:38:15",80130,156639,75856,80783,1000000,+0.0027,0.1700,-4.5,-41.1,-0.7686,NONE,STOPPED
="2026-09-07 09:38:16",80130,156639,75856,80783,1000000,+0.0038,0.1700,-4.5,-41.1,-0.7821,NONE,STOPPED
="2026-09-07 09:38:17",80130,156639,75856,80783,1000000,+0.0042,0.1700,-2.6,-41.1,-0.7912,NONE,STOPPED
="2026-09-07 09:38:18",80130,156639,75856,80783,1000000,+0.0042,0.1700,+0.0,-41.1,-0.7962,NONE,STOPPED
="2026-09-07 09:38:19",80123,156639,75856,80783,1000000,+0.0043,0.1700,-6.8,-47.8,-0.8238,NONE,STOPPED
="2026-09-07 09:38:20",80123,156639,75856,80783,1000000,+0.0043,0.1700,-6.8,-47.0,-0.8453,NONE,STOPPED
="2026-09-07 09:38:21",80123,156639,75856,80783,1000000,+0.0043,0.1700,-6.8,-47.0,-0.8453,NONE,STOPPED
="2026-09-07 09:38:22",80123,156639,75856,80783,1000000,+0.0043,0.1700,-6.8,-46.3,-0.8730,NONE,STOPPED
="2026-09-07 09:38:23",80116,156639,75856,80783,1000000,+0.0043,0.1700,-13.6,-53.2,-0.9067,NONE,STOPPED
="2026-09-07 09:38:24",80116,156639,75856,80783,1000000,+0.0043,0.1700,-6.9,-53.2,-0.9335,NONE,STOPPED
="2026-09-07 09:38:25",80116,156639,75856,80783,1000000,+0.0009,0.1700,-6.9,-53.2,-0.9538,NONE,STOPPED
="2026-09-07 09:38:26",80116,156639,75856,80783,1000000,+0.0010,0.1700,-6.9,-53.2,-0.9681,NONE,STOPPED
="2026-09-07 09:38:27",80116,156639,75856,80783,1000000,+0.0010,0.1700,-6.9,-53.2,-0.9771,NONE,STOPPED
="2026-09-07 09:38:28",80116,156639,75856,80783,1000000,-0.0014,0.1700,-6.9,-53.2,-0.9811,NONE,STOPPED
="2026-09-07 09:38:29",80125,169128,75856,93272,1000000,-0.0014,0.1700,+8.6,-35.6,-0.9473,NONE,STOPPED
="2026-09-07 09:38:30",80125,169128,75856,93272,1000000,-0.0014,0.1700,+8.6,-35.6,-0.9473,NONE,STOPPED
="2026-09-07 09:38:31",80127,169128,75856,93272,1000000,-0.0000,0.1700,+10.2,-33.9,-0.9115,NONE,STOPPED
="2026-09-07 09:38:32",80127,169128,75856,93272,1000000,-0.0012,0.1700,+10.2,-33.9,-0.8400,NONE,STOPPED
="2026-09-07 09:38:33",80119,169128,75856,93272,1000000,-0.0012,0.1700,+2.2,-41.9,-0.8354,NONE,STOPPED
="2026-09-07 09:38:34",80117,169128,75856,93272,1000000,-0.0012,0.1700,-8.4,-43.2,-0.8359,NONE,STOPPED
="2026-09-07 09:38:35",80117,169128,75856,93272,1000000,-0.0012,0.1700,-10.1,-39.1,-0.8333,NONE,STOPPED
="2026-09-07 09:38:36",80117,169128,75856,93272,1000000,-0.0017,0.1700,-10.1,-39.1,-0.8300,NONE,STOPPED
="2026-09-07 09:38:37",80117,169128,75856,93272,1000000,-0.0018,0.1700,-10.1,-39.0,-0.8237,NONE,STOPPED
="2026-09-07 09:38:38",80117,169128,75856,93272,1000000,-0.0023,0.1700,-2.1,-39.0,-0.8146,NONE,STOPPED
="2026-09-07 09:38:39",80117,218064,75856,142208,1000000,-0.0023,0.1700,-2.1,-39.0,-0.8146,NONE,STOPPED
="2026-09-07 09:38:40",80117,218064,75856,142208,1000000,-0.0026,0.1700,+0.0,-39.0,-0.8031,NONE,STOPPED
="2026-09-07 09:38:41",80116,218064,75856,142208,1000000,-0.0026,0.1700,-0.2,-39.2,-0.7743,NONE,STOPPED
="2026-09-07 09:38:42",80116,218064,75856,142208,1000000,-0.0028,0.1700,-0.2,-39.2,-0.7574,NONE,STOPPED
="2026-09-07 09:38:43",80116,218064,75856,142208,1000000,-0.0028,0.1700,-0.2,-39.2,-0.7387,NONE,STOPPED
="2026-09-07 09:38:44",80116,218064,75856,142208,1000000,-0.0028,0.1700,-0.2,-39.2,-0.7187,NONE,STOPPED
="2026-09-07 09:38:45",80116,218064,75856,142208,1000000,-0.0029,0.1700,-0.2,-39.2,-0.6973,NONE,STOPPED
="2026-09-07 09:38:46",80116,251115,108907,142208,1000000,-0.0029,0.1700,-0.2,-39.2,-0.6748,NONE,STOPPED
="2026-09-07 09:38:47",80114,251115,108907,142208,1000000,-0.0036,0.1700,-2.1,-41.3,-0.6595,NONE,STOPPED
="2026-09-07 09:38:48",80114,251115,108907,142208,1000000,-0.0036,0.1700,-2.1,-41.3,-0.6425,NONE,STOPPED
="2026-09-07 09:38:49",80114,251115,108907,142208,1000000,-0.0036,0.1700,-2.1,-41.3,-0.6425,NONE,STOPPED
="2026-09-07 09:38:50",80114,251115,108907,142208,1000000,+0.0044,0.1700,-2.1,-41.3,-0.6240,NONE,STOPPED
="2026-09-07 09:38:51",80114,251115,108907,142208,1000000,+0.0044,0.1700,-2.1,-41.3,-0.5831,NONE,STOPPED
="2026-09-07 09:38:52",80114,251115,108907,142208,1000000,+0.0054,0.1700,+0.0,-41.3,-0.5611,NONE,STOPPED
="2026-09-07 09:38:53",80114,267138,124930,142208,1000000,+0.0052,0.1700,-0.0,-28.2,-0.5382,NONE,STOPPED
="2026-09-07 09:38:54",80114,218221,76013,142208,1000000,+0.0052,0.1700,+0.0,-47.8,-0.5225,NONE,STOPPED
="2026-09-07 09:38:55",80114,137438,76013,61424,1000000,+0.0052,0.1700,+0.0,-47.8,-0.4940,NONE,STOPPED
="2026-09-07 09:38:56",80114,137438,76013,61424,1000000,+0.0052,0.1700,-0.0,-47.8,-0.4651,NONE,STOPPED
="2026-09-07 09:38:57",80114,137438,76013,61424,1000000,+0.0082,0.1700,-0.0,-47.8,-0.4358,NONE,STOPPED
="2026-09-07 09:38:58",80114,137438,76013,61424,1000000,+0.0082,0.1700,+0.0,-35.8,-0.4063,NONE,STOPPED
="2026-09-07 09:38:59",80114,137438,76013,61424,1000000,+0.0087,0.1700,+0.0,-35.8,-0.4063,NONE,STOPPED
="2026-09-07 09:39:00",80114,137438,76013,61424,1000000,+0.0072,0.1700,+0.0,-35.8,-0.3838,NONE,STOPPED
="2026-09-07 09:39:01",80114,137438,76013,61424,1000000,+0.0076,0.1700,-0.0,-35.9,-0.3381,NONE,STOPPED
="2026-09-07 09:39:02",80114,137438,76013,61424,1000000,+0.0076,0.1700,+0.0,-35.8,-0.3151,NONE,STOPPED
="2026-09-07 09:39:03",80124,179937,76013,103924,1000000,+0.0076,0.1700,+9.8,-13.8,-0.2538,NONE,STOPPED
="2026-09-07 09:39:04",80124,152999,49074,103924,1000000,+0.0076,0.1700,+9.8,-13.8,-0.2039,NONE,STOPPED
="2026-09-07 09:39:05",80124,152999,49074,103924,1000000,+0.0116,0.1700,+9.8,-13.8,-0.2039,NONE,STOPPED
="2026-09-07 09:39:06",80124,152999,49074,103924,1000000,+0.0115,0.1700,+9.8,-13.8,-0.1574,NONE,STOPPED
="2026-09-07 09:39:07",80124,152999,49074,103924,1000000,+0.0115,0.1700,+9.8,-10.5,-0.0758,NONE,STOPPED
="2026-09-07 09:39:08",80124,152999,49074,103924,1000000,+0.0115,0.1700,-0.0,-10.5,-0.0404,NONE,STOPPED
="2026-09-07 09:39:09",80130,170625,49074,121551,1000000,+0.0103,0.1700,+6.4,-4.1,+0.0173,NONE,STOPPED
="2026-09-07 09:39:10",80130,170625,49074,121551,1000000,+0.0103,0.1700,+6.4,-4.1,+0.0700,NONE,STOPPED
="2026-09-07 09:39:11",80130,170625,49074,121551,1000000,+0.0104,0.1700,+6.4,-2.2,+0.1181,NONE,STOPPED
="2026-09-07 09:39:12",80130,170625,49074,121551,1000000,+0.0105,0.1700,+6.4,+0.4,+0.1607,NONE,STOPPED
="2026-09-07 09:39:13",80130,170625,49074,121551,1000000,+0.0105,0.1700,+6.4,+0.4,+0.1977,NONE,STOPPED
="2026-09-07 09:39:14",80130,170625,49074,121551,1000000,+0.0105,0.1700,+6.4,+0.4,+0.2310,NONE,STOPPED
="2026-09-07 09:39:15",80130,170625,49074,121551,1000000,+0.0105,0.1700,+6.4,+0.4,+0.2310,NONE,STOPPED
="2026-09-07 09:39:16",80130,180625,59074,121551,1000000,+0.0094,0.1700,+6.4,+0.4,+0.2877,NONE,STOPPED
="2026-09-07 09:39:17",80130,180625,59074,121551,1000000,+0.0093,0.1700,-0.0,+0.4,+0.3114,NONE,STOPPED
="2026-09-07 09:39:18",80130,180625,59074,121551,1000000,+0.0093,0.1700,-0.0,+7.2,+0.3323,NONE,STOPPED
="2026-09-07 09:39:19",80130,180625,59074,121551,1000000,+0.0092,0.1700,+0.0,+7.2,+0.3467,NONE,STOPPED
="2026-09-07 09:39:20",80130,180625,59074,121551,1000000,+0.0087,0.1700,-0.0,+7.2,+0.3588,NONE,STOPPED
="2026-09-07 09:39:21",80130,180625,59074,121551,1000000,+0.0087,0.1700,+0.0,+7.2,+0.3688,NONE,STOPPED
="2026-09-07 09:39:22",80130,180625,59074,121551,1000000,+0.0086,0.1700,+0.0,+14.1,+0.3768,NONE,STOPPED
="2026-09-07 09:39:23",80130,180625,59074,121551,1000000,+0.0083,0.1700,+0.0,+14.1,+0.3768,NONE,STOPPED
="2026-09-07 09:39:24",80130,180625,59074,121551,1000000,+0.0117,0.1700,+0.0,+14.1,+0.3796,NONE,STOPPED
="2026-09-07 09:39:25",80130,180625,59074,121551,1000000,+0.0117,0.1700,-0.0,+14.1,+0.3787,NONE,STOPPED
="2026-09-07 09:39:26",80130,180625,59074,121551,1000000,+0.0124,0.1700,+0.0,+14.1,+0.3767,NONE,STOPPED
="2026-09-07 09:39:27",80130,180625,59074,121551,1000000,+0.0124,0.1700,+0.0,+14.1,+0.3734,NONE,STOPPED
="2026-09-07 09:39:28",80130,180625,59074,121551,1000000,+0.0148,0.1700,+0.0,+5.5,+0.3691,NONE,STOPPED
="2026-09-07 09:39:29",80130,168137,59074,109062,1000000,+0.0148,0.1700,-0.0,+3.8,+0.3691,NONE,STOPPED
="2026-09-07 09:39:30",80145,168137,59074,109062,1000000,+0.0148,0.1700,+14.4,+18.2,+0.4249,NONE,STOPPED
="2026-09-07 09:39:31",80145,168137,59074,109062,1000000,+0.0134,0.1700,+14.4,+18.2,+0.4743,NONE,STOPPED
="2026-09-07 09:39:32",80145,168137,59074,109062,1000000,+0.0134,0.1700,+14.4,+26.2,+0.5176,NONE,STOPPED
="2026-09-07 09:39:33",80145,168137,59074,109062,1000000,+0.0158,0.1700,+14.4,+26.2,+0.5176,NONE,STOPPED
="2026-09-07 09:39:34",80145,168137,59074,109062,1000000,+0.0158,0.1700,+14.4,+28.3,+0.5767,NONE,STOPPED
="2026-09-07 09:39:35",80145,168137,59074,109062,1000000,+0.0158,0.1700,-0.0,+28.3,+0.5985,NONE,STOPPED
="2026-09-07 09:39:36",80145,168137,59074,109062,1000000,+0.0158,0.1700,-0.0,+28.2,+0.6159,NONE,STOPPED
="2026-09-07 09:39:37",80145,168137,59074,109062,1000000,+0.0159,0.1700,-0.0,+28.2,+0.6294,NONE,STOPPED
="2026-09-07 09:39:38",80145,168137,59074,109062,1000000,+0.0140,0.1700,+14.4,+28.3,+0.6393,NONE,STOPPED
="2026-09-07 09:39:39",80145,119201,59074,60126,1000000,+0.0140,0.1700,+0.0,+28.3,+0.6459,NONE,STOPPED
="2026-09-07 09:39:40",80145,119201,59074,60126,1000000,+0.0143,0.1700,+0.0,+28.4,+0.6494,NONE,STOPPED
="2026-09-07 09:39:41",80145,119201,59074,60126,1000000,+0.0143,0.1700,+0.0,+28.4,+0.6500,NONE,STOPPED
="2026-09-07 09:39:42",80145,119201,59074,60126,1000000,+0.0143,0.1700,+0.0,+28.4,+0.6480,NONE,STOPPED
="2026-09-07 09:39:43",80145,119201,59074,60126,1000000,+0.0143,0.1700,+0.0,+28.4,+0.6480,NONE,STOPPED
="2026-09-07 09:39:44",80145,119201,59074,60126,1000000,+0.0147,0.1700,+0.0,+28.4,+0.6374,NONE,STOPPED
="2026-09-07 09:39:45",80145,119201,59074,60126,1000000,+0.0147,0.1700,+0.0,+28.4,+0.6292,NONE,STOPPED
="2026-09-07 09:39:46",80151,86149,26023,60126,1000000,+0.0146,0.1700,+5.8,+36.3,+0.6417,NONE,STOPPED
="2026-09-07 09:39:47",80155,86149,26023,60126,1000000,+0.0146,0.1700,+9.8,+40.4,+0.6649,NONE,STOPPED
="2026-09-07 09:39:48",80155,86149,26023,60126,1000000,+0.0146,0.1700,+9.8,+40.4,+0.6831,NONE,STOPPED
="2026-09-07 09:39:49",80155,86149,26023,60126,1000000,+0.0065,0.1700,+9.8,+40.4,+0.6967,NONE,STOPPED
="2026-09-07 09:39:50",80155,86149,26023,60126,1000000,+0.0062,0.1700,+9.8,+40.4,+0.7059,NONE,STOPPED
="2026-09-07 09:39:51",80155,86149,26023,60126,1000000,+0.0062,0.1700,+4.1,+40.4,+0.7113,NONE,STOPPED
="2026-09-07 09:39:52",80155,86149,26023,60126,1000000,+0.0052,0.1700,+4.1,+40.4,+0.7113,NONE,STOPPED
="2026-09-07 09:39:53",80155,70126,10000,60126,1000000,+0.0052,0.1700,-0.0,+40.4,+0.7130,NONE,STOPPED
="2026-09-07 09:39:54",80155,70126,10000,60126,1000000,+0.0052,0.1700,+4.1,+40.4,+0.7071,NONE,STOPPED
="2026-09-07 09:39:55",80155,92060,10000,82059,1000000,+0.0052,0.1700,-0.0,+40.4,+0.6999,NONE,STOPPED
="2026-09-07 09:39:56",80155,92060,10000,82059,1000000,+0.0052,0.1700,-0.0,+40.4,+0.6902,NONE,STOPPED
="2026-09-07 09:39:57",80155,92060,10000,82059,1000000,+0.0054,0.1700,+0.0,+40.4,+0.6784,NONE,STOPPED
="2026-09-07 09:39:58",80162,92060,10000,82059,1000000,+0.0049,0.1700,+7.7,+48.1,+0.6946,NONE,STOPPED
="2026-09-07 09:39:59",80170,92060,10000,82059,1000000,+0.0049,0.1700,+15.4,+55.8,+0.7361,NONE,STOPPED
="2026-09-07 09:40:00",80164,92060,10000,82059,1000000,+0.0044,0.1700,+9.6,+50.0,+0.7474,NONE,STOPPED
="2026-09-07 09:40:01",80164,92060,10000,82059,1000000,+0.0044,0.1700,+9.6,+50.0,+0.7542,NONE,STOPPED
="2026-09-07 09:40:02",80164,92060,10000,82059,1000000,+0.0041,0.1700,+9.6,+40.2,+0.7569,NONE,STOPPED
="2026-09-07 09:40:03",80147,61849,22288,39560,1000000,+0.0045,0.1700,-14.9,+23.4,+0.6961,NONE,STOPPED
="2026-09-07 09:40:04",80147,61849,22288,39560,1000000,+0.0045,0.1700,-22.6,+23.4,+0.6383,NONE,STOPPED
="2026-09-07 09:40:05",80147,61849,22288,39560,1000000,+0.0006,0.1700,-16.8,+23.4,+0.5833,NONE,STOPPED
="2026-09-07 09:40:06",80147,61849,22288,39560,1000000,+0.0006,0.1700,-16.9,+23.4,+0.5310,NONE,STOPPED
="2026-09-07 09:40:07",80147,61849,22288,39560,1000000,+0.0006,0.1700,-16.9,+23.4,+0.4813,NONE,STOPPED
="2026-09-07 09:40:08",80147,61849,22288,39560,1000000,+0.0006,0.1700,-16.9,+23.4,+0.4813,NONE,STOPPED
="2026-09-07 09:40:09",80147,44222,22288,21933,1000000,+0.0003,0.1700,+0.0,+17.0,+0.3930,NONE,STOPPED
="2026-09-07 09:40:10",80147,44222,22288,21933,1000000,+0.0003,0.1700,-0.0,+17.0,+0.3541,NONE,STOPPED
="2026-09-07 09:40:11",80147,44222,22288,21933,1000000,+0.0001,0.1700,-0.0,+17.0,+0.3172,NONE,STOPPED
="2026-09-07 09:40:12",80147,44222,22288,21933,1000000,+0.0001,0.1700,-0.0,+17.0,+0.2822,NONE,STOPPED
="2026-09-07 09:40:13",80147,44222,22288,21933,1000000,-0.0002,0.1700,+0.0,+17.0,+0.2490,NONE,STOPPED
="2026-09-07 09:40:14",80152,61783,39849,21933,1000000,-0.0002,0.1700,+4.2,+21.2,+0.2341,NONE,STOPPED
="2026-09-07 09:40:15",80152,61783,39849,21933,1000000,-0.0002,0.1700,+4.2,+21.2,+0.2251,NONE,STOPPED
="2026-09-07 09:40:16",80152,51782,29849,21933,1000000,-0.0002,0.1700,+4.2,+21.2,+0.2041,NONE,STOPPED
="2026-09-07 09:40:17",80152,51782,29849,21933,1000000,-0.0001,0.1700,+4.2,+21.2,+0.2041,NONE,STOPPED
="2026-09-07 09:40:18",80152,51782,29849,21933,1000000,-0.0001,0.1700,+4.2,+21.2,+0.1892,NONE,STOPPED
="2026-09-07 09:40:19",80152,51782,29849,21933,1000000,-0.0019,0.1700,+4.2,+21.2,+0.1595,NONE,STOPPED
="2026-09-07 09:40:20",80152,51782,29849,21933,1000000,-0.0014,0.1700,+4.2,+21.2,+0.1448,NONE,STOPPED
="2026-09-07 09:40:21",80152,51782,29849,21933,1000000,-0.0010,0.1700,-0.0,+21.2,+0.1303,NONE,STOPPED
="2026-09-07 09:40:22",80152,51782,29849,21933,1000000,-0.0010,0.1700,+4.2,+21.2,+0.1159,NONE,STOPPED
="2026-09-07 09:40:23",80152,51782,29849,21933,1000000,-0.0006,0.1700,+0.0,+21.2,+0.1017,NONE,STOPPED
="2026-09-07 09:40:24",80152,51782,29849,21933,1000000,-0.0006,0.1700,+0.0,+21.2,+0.0876,NONE,STOPPED
="2026-09-07 09:40:25",80152,51782,29849,21933,1000000,-0.0006,0.1700,-0.0,+21.2,+0.0737,NONE,STOPPED
="2026-09-07 09:40:26",80157,69621,29849,39772,1000000,-0.0013,0.1700,+4.8,+26.1,+0.0789,NONE,STOPPED
="2026-09-07 09:40:27",80157,83995,44223,39772,1000000,-0.0013,0.1700,+4.8,+26.1,+0.0789,NONE,STOPPED
="2026-09-07 09:40:28",80144,83995,44223,39772,1000000,-0.0013,0.1700,-8.2,+13.0,-0.0122,NONE,STOPPED
="2026-09-07 09:40:29",80142,83995,44223,39772,1000000,-0.0013,0.1700,-9.8,-2.9,-0.0585,NONE,STOPPED
="2026-09-07 09:40:30",80142,83995,44223,39772,1000000,-0.0010,0.1700,-9.8,-2.9,-0.0925,NONE,STOPPED
="2026-09-07 09:40:31",80142,83995,44223,39772,1000000,-0.0010,0.1700,-14.6,-2.9,-0.1231,NONE,STOPPED
="2026-09-07 09:40:32",80142,83995,44223,39772,1000000,-0.0010,0.1700,-1.5,-2.9,-0.1506,NONE,STOPPED
="2026-09-07 09:40:33",80142,83995,44223,39772,1000000,-0.0033,0.1700,-1.5,-2.9,-0.1753,NONE,STOPPED
="2026-09-07 09:40:34",80142,83995,44223,39772,1000000,-0.0019,0.1700,-0.0,-2.9,-0.1974,NONE,STOPPED
="2026-09-07 09:40:35",80142,100024,60252,39772,1000000,-0.0019,0.1700,-0.0,-2.9,-0.2170,NONE,STOPPED
="2026-09-07 09:40:36",80142,100024,60252,39772,1000000,-0.0019,0.1700,-0.0,-2.9,-0.2170,NONE,STOPPED
="2026-09-07 09:40:37",80142,100024,60252,39772,1000000,-0.0020,0.1700,-0.3,-3.2,-0.2354,NONE,STOPPED
="2026-09-07 09:40:38",80139,100024,60252,39772,1000000,-0.0002,0.1700,-3.3,-6.2,-0.2880,NONE,STOPPED
="2026-09-07 09:40:39",80137,100024,60252,39772,1000000,-0.0003,0.1700,-4.7,-7.6,-0.3152,NONE,STOPPED
="2026-09-07 09:40:40",80137,100024,60252,39772,1000000,-0.0003,0.1700,-4.7,-7.6,-0.3390,NONE,STOPPED
="2026-09-07 09:40:41",80137,100024,60252,39772,1000000,-0.0002,0.1700,-4.4,-7.6,-0.3597,NONE,STOPPED
="2026-09-07 09:40:42",80137,100024,60252,39772,1000000,-0.0002,0.1700,-1.4,-7.6,-0.3775,NONE,STOPPED
="2026-09-07 09:40:43",80137,100024,60252,39772,1000000,-0.0002,0.1700,-1.4,-7.6,-0.3927,NONE,STOPPED
="2026-09-07 09:40:44",80137,100024,60252,39772,1000000,-0.0006,0.1700,-1.4,-7.6,-0.4033,NONE,STOPPED
="2026-09-07 09:40:45",80137,100024,60252,39772,1000000,-0.0006,0.1700,-0.0,-13.4,-0.4145,NONE,STOPPED
="2026-09-07 09:40:46",80137,100024,60252,39772,1000000,-0.0006,0.1700,-0.0,-13.4,-0.4145,NONE,STOPPED
="2026-09-07 09:40:47",80130,100024,60252,39772,1000000,-0.0005,0.1700,-7.7,-25.2,-0.4525,NONE,STOPPED
="2026-09-07 09:40:48",80130,100024,60252,39772,1000000,-0.0005,0.1700,-7.7,-25.2,-0.5058,NONE,STOPPED
="2026-09-07 09:40:49",80130,100024,60252,39772,1000000,-0.0016,0.1700,-7.7,-25.2,-0.5252,NONE,STOPPED
="2026-09-07 09:40:50",80130,100024,60252,39772,1000000,-0.0013,0.1700,-7.7,-25.2,-0.5404,NONE,STOPPED
="2026-09-07 09:40:51",80129,100024,60252,39772,1000000,-0.0013,0.1700,-0.9,-26.1,-0.5555,NONE,STOPPED
="2026-09-07 09:40:52",80129,100024,60252,39772,1000000,-0.0013,0.1700,-0.9,-26.1,-0.5669,NONE,STOPPED
="2026-09-07 09:40:53",80129,100024,60252,39772,1000000,-0.0013,0.1700,-0.9,-26.1,-0.5749,NONE,STOPPED
="2026-09-07 09:40:54",80129,100024,60252,39772,1000000,-0.0013,0.1700,-0.9,-26.1,-0.5798,NONE,STOPPED
="2026-09-07 09:40:55",80127,78090,60252,17838,1000000,-0.0013,0.1700,-2.4,-27.6,-0.5880,NONE,STOPPED
="2026-09-07 09:40:56",80127,78090,60252,17838,1000000,-0.0013,0.1700,-2.4,-27.6,-0.5880,NONE,STOPPED
="2026-09-07 09:40:57",80127,78090,60252,17838,1000000,-0.0016,0.1700,-1.5,-35.3,-0.5952,NONE,STOPPED
="2026-09-07 09:40:58",80126,78090,60252,17838,1000000,-0.0016,0.1700,-3.0,-44.6,-0.5962,NONE,STOPPED
="2026-09-07 09:40:59",80122,78090,60252,17838,1000000,-0.0017,0.1700,-6.3,-42.0,-0.6023,NONE,STOPPED
="2026-09-07 09:41:00",80118,78090,60252,17838,1000000,-0.0012,0.1700,-9.0,-46.2,-0.6245,NONE,STOPPED
="2026-09-07 09:41:01",80118,78090,60252,17838,1000000,-0.0015,0.1700,-9.0,-46.2,-0.6417,NONE,STOPPED
="2026-09-07 09:41:02",80118,65802,47963,17838,1000000,-0.0015,0.1700,-9.0,-29.4,-0.6541,NONE,STOPPED
="2026-09-07 09:41:03",80118,65802,47963,17838,1000000,-0.0019,0.1700,-7.4,-29.4,-0.6723,NONE,STOPPED
="2026-09-07 09:41:04",80118,65802,47963,17838,1000000,-0.0019,0.1700,-7.4,-29.4,-0.6723,NONE,STOPPED
="2026-09-07 09:41:05",80118,65802,47963,17838,1000000,-0.0019,0.1700,-4.2,-29.3,-0.6966,NONE,STOPPED
="2026-09-07 09:41:06",80118,65802,47963,17838,1000000,-0.0019,0.1700,+0.0,-29.3,-0.7034,NONE,STOPPED
="2026-09-07 09:41:07",80117,65802,47963,17838,1000000,-0.0019,0.1700,-1.5,-30.8,-0.7127,NONE,STOPPED
="2026-09-07 09:41:08",80117,65802,47963,17838,1000000,-0.0019,0.1700,-1.5,-30.9,-0.7185,NONE,STOPPED
="2026-09-07 09:41:09",80116,65802,47963,17838,1000000,-0.0016,0.1700,-1.7,-31.1,-0.7219,NONE,STOPPED
="2026-09-07 09:41:10",80116,77815,47963,29852,1000000,-0.0007,0.1700,-1.7,-31.1,-0.7222,NONE,STOPPED
="2026-09-07 09:41:11",80116,77815,47963,29852,1000000,-0.0007,0.1700,-1.7,-31.1,-0.7198,NONE,STOPPED
="2026-09-07 09:41:12",80116,77815,47963,29852,1000000,-0.0005,0.1700,-0.2,-31.1,-0.7150,NONE,STOPPED
="2026-09-07 09:41:13",80116,77815,47963,29852,1000000,-0.0006,0.1700,-0.2,-35.3,-0.7077,NONE,STOPPED
="2026-09-07 09:41:14",80116,60255,30403,29852,1000000,-0.0006,0.1700,-0.2,-35.3,-0.7077,NONE,STOPPED
="2026-09-07 09:41:15",80116,60255,30403,29852,1000000,-0.0005,0.1700,-0.0,-35.3,-0.6821,NONE,STOPPED
="2026-09-07 09:41:16",80116,70837,40985,29852,1000000,-0.0005,0.1700,-0.0,-35.3,-0.6668,NONE,STOPPED
="2026-09-07 09:41:17",80116,70837,40985,29852,1000000,+0.0049,0.1700,-0.0,-35.3,-0.6499,NONE,STOPPED
="2026-09-07 09:41:18",80103,70837,40985,29852,1000000,+0.0049,0.1700,-13.0,-48.3,-0.6826,NONE,STOPPED
="2026-09-07 09:41:19",80103,70837,40985,29852,1000000,+0.0078,0.1700,-13.0,-48.3,-0.7090,NONE,STOPPED
="2026-09-07 09:41:20",80103,70837,40985,29852,1000000,+0.0078,0.1700,-13.0,-48.3,-0.7296,NONE,STOPPED
="2026-09-07 09:41:21",80103,70837,40985,29852,1000000,+0.0078,0.1700,-13.0,-48.3,-0.7450,NONE,STOPPED
="2026-09-07 09:41:22",80103,70837,40985,29852,1000000,+0.0074,0.1700,-13.0,-48.3,-0.7556,NONE,STOPPED
="2026-09-07 09:41:23",80103,70837,40985,29852,1000000,+0.0074,0.1700,-13.0,-48.3,-0.7556,NONE,STOPPED
="2026-09-07 09:41:24",80103,70837,40985,29852,1000000,+0.0071,0.1700,+0.0,-48.3,-0.7616,NONE,STOPPED
="2026-09-07 09:41:25",80103,70837,40985,29852,1000000,+0.0071,0.1700,-0.0,-53.2,-0.7617,NONE,STOPPED
="2026-09-07 09:41:26",80103,73932,61919,12013,1000000,+0.0071,0.1700,+0.0,-40.1,-0.7534,NONE,STOPPED
="2026-09-07 09:41:27",80103,59558,47544,12013,1000000,+0.0068,0.1700,+0.0,-40.1,-0.7502,NONE,STOPPED
="2026-09-07 09:41:28",80103,59558,47544,12013,1000000,+0.0068,0.1700,+0.0,-38.6,-0.7441,NONE,STOPPED
="2026-09-07 09:41:29",80103,59558,47544,12013,1000000,+0.0068,0.1700,+0.0,-38.6,-0.7362,NONE,STOPPED
="2026-09-07 09:41:30",80103,59558,47544,12013,1000000,+0.0064,0.1700,+0.0,-38.6,-0.7260,NONE,STOPPED
="2026-09-07 09:41:31",80103,59558,47544,12013,1000000,+0.0064,0.1700,-0.0,-38.6,-0.7135,NONE,STOPPED
="2026-09-07 09:41:32",80103,59558,47544,12013,1000000,+0.0052,0.1700,-0.0,-38.6,-0.7135,NONE,STOPPED
="2026-09-07 09:41:33",80103,187788,47544,140243,1000000,+0.0052,0.1700,+0.0,-38.6,-0.6991,NONE,STOPPED
="2026-09-07 09:41:34",80118,187788,47544,140243,1000000,+0.0038,0.1700,+14.3,-24.2,-0.5932,NONE,STOPPED
="2026-09-07 09:41:35",80118,171759,31516,140243,1000000,+0.0038,0.1700,+14.3,-23.9,-0.5245,NONE,STOPPED
="2026-09-07 09:41:36",80118,171759,31516,140243,1000000,+0.0020,0.1700,+14.3,-20.9,-0.4600,NONE,STOPPED
="2026-09-07 09:41:37",80118,187542,31516,156025,1000000,+0.0021,0.1700,+14.7,-20.5,-0.3995,NONE,STOPPED
="2026-09-07 09:41:38",80118,187542,31516,156025,1000000,+0.0042,0.1700,+10.5,-19.1,-0.3427,NONE,STOPPED
="2026-09-07 09:41:39",80118,187542,31516,156025,1000000,+0.0043,0.1700,+0.4,-19.1,-0.2902,NONE,STOPPED
="2026-09-07 09:41:40",80118,187542,31516,156025,1000000,+0.0043,0.1700,+0.4,-19.1,-0.2409,NONE,STOPPED
="2026-09-07 09:41:41",80118,187542,31516,156025,1000000,+0.0043,0.1700,+0.4,-19.1,-0.1946,NONE,STOPPED
="2026-09-07 09:41:42",80118,187542,31516,156025,1000000,+0.0024,0.1700,+0.4,-19.1,-0.1946,NONE,STOPPED
="2026-09-07 09:41:43",80118,187542,31516,156025,1000000,+0.0024,0.1700,-0.0,-19.1,-0.1221,NONE,STOPPED
="2026-09-07 09:41:44",80118,187542,31516,156025,1000000,+0.0024,0.1700,-0.0,-19.1,-0.0849,NONE,STOPPED
="2026-09-07 09:41:45",80118,187542,31516,156025,1000000,+0.0024,0.1700,-0.0,-11.4,-0.0497,NONE,STOPPED
="2026-09-07 09:41:46",80118,187542,31516,156025,1000000,+0.0024,0.1700,+0.0,-11.4,-0.0214,NONE,STOPPED
="2026-09-07 09:41:47",80118,187542,31516,156025,1000000,+0.0024,0.1700,+0.0,-11.4,+0.0049,NONE,STOPPED
="2026-09-07 09:41:48",80118,187542,31516,156025,1000000,+0.0026,0.1700,+0.0,-11.4,+0.0294,NONE,STOPPED
="2026-09-07 09:41:49",80118,187542,31516,156025,1000000,+0.0037,0.1700,+0.0,-11.4,+0.0521,NONE,STOPPED
="2026-09-07 09:41:50",80118,187542,31516,156025,1000000,+0.0038,0.1700,-0.0,-10.5,+0.0731,NONE,STOPPED
="2026-09-07 09:41:51",80118,187542,31516,156025,1000000,+0.0038,0.1700,-0.0,-10.5,+0.0731,NONE,STOPPED
="2026-09-07 09:41:52",80118,267628,111602,156025,1000000,+0.0038,0.1700,-0.0,-10.5,+0.0920,NONE,STOPPED
="2026-09-07 09:41:53",80118,267628,111602,156025,1000000,+0.0038,0.1700,+0.0,-10.5,+0.1257,NONE,STOPPED
="2026-09-07 09:41:54",80118,267628,111602,156025,1000000,+0.0038,0.1700,+0.0,-9.0,+0.1406,NONE,STOPPED
="2026-09-07 09:41:55",80118,267628,111602,156025,1000000,+0.0038,0.1700,+0.0,-9.0,+0.1535,NONE,STOPPED
="2026-09-07 09:41:56",80118,267628,111602,156025,1000000,+0.0038,0.1700,-0.0,-9.0,+0.1653,NONE,STOPPED
="2026-09-07 09:41:57",80118,267628,111602,156025,1000000,+0.0041,0.1700,+0.0,-7.4,+0.1760,NONE,STOPPED
="2026-09-07 09:41:58",80128,267628,111602,156025,1000000,+0.0041,0.1700,+9.6,+5.4,+0.2222,NONE,STOPPED
="2026-09-07 09:41:59",80128,267628,111602,156025,1000000,+0.0042,0.1700,+9.6,+9.6,+0.2618,NONE,STOPPED
="2026-09-07 09:42:00",80128,267628,111602,156025,1000000,+0.0042,0.1700,+9.6,+9.6,+0.2947,NONE,STOPPED
="2026-09-07 09:42:01",80128,267628,111602,156025,1000000,+0.0045,0.1700,+9.6,+9.6,+0.2947,NONE,STOPPED
="2026-09-07 09:42:02",80128,267628,111602,156025,1000000,+0.0045,0.1700,+9.6,+9.6,+0.3488,NONE,STOPPED
="2026-09-07 09:42:03",80129,285120,111602,173517,1000000,+0.0052,0.1700,+1.6,+11.2,+0.3771,NONE,STOPPED
="2026-09-07 09:42:04",80129,285120,111602,173517,1000000,+0.0052,0.1700,+1.6,+11.2,+0.4016,NONE,STOPPED
="2026-09-07 09:42:05",80129,285120,111602,173517,1000000,+0.0051,0.1700,+1.6,+11.2,+0.4228,NONE,STOPPED
="2026-09-07 09:42:06",80132,298261,111602,186658,1000000,+0.0050,0.1700,+3.8,+14.9,+0.4492,NONE,STOPPED
="2026-09-07 09:42:07",80132,298261,111602,186658,1000000,+0.0050,0.1700,+3.8,+14.9,+0.4708,NONE,STOPPED
="2026-09-07 09:42:08",80133,298261,111602,186658,1000000,+0.0050,0.1700,+3.8,+16.7,+0.4954,NONE,STOPPED
="2026-09-07 09:42:09",80133,298261,111602,186658,1000000,+0.0043,0.1700,+3.8,+16.7,+0.5160,NONE,STOPPED
="2026-09-07 09:42:10",80133,307105,111602,195503,1000000,+0.0035,0.1700,+3.8,+16.7,+0.5160,NONE,STOPPED
="2026-09-07 09:42:11",80135,307105,111602,195503,1000000,+0.0035,0.1700,+3.3,+18.4,+0.5591,NONE,STOPPED
="2026-09-07 09:42:12",80135,307105,111602,195503,1000000,+0.0035,0.1700,+3.3,+18.4,+0.5750,NONE,STOPPED
="2026-09-07 09:42:13",80135,307105,111602,195503,1000000,+0.0036,0.1700,+1.7,+18.4,+0.5876,NONE,STOPPED
="2026-09-07 09:42:14",80135,307105,111602,195503,1000000,+0.0036,0.1700,+1.6,+18.4,+0.5971,NONE,STOPPED
="2026-09-07 09:42:15",80135,307105,111602,195503,1000000,+0.0036,0.1700,+0.0,+18.4,+0.6038,NONE,STOPPED
="2026-09-07 09:42:16",80138,311375,101020,210354,1000000,+0.0036,0.1700,+3.3,+21.7,+0.6208,NONE,STOPPED
="2026-09-07 09:42:17",80140,311375,101020,210354,1000000,-0.0018,0.1700,+4.9,+36.3,+0.6405,NONE,STOPPED
="2026-09-07 09:42:18",80140,311375,101020,210354,1000000,-0.0018,0.1700,+4.9,+36.3,+0.6482,NONE,STOPPED
="2026-09-07 09:42:19",80141,311375,101020,210354,1000000,-0.0029,0.1700,+6.6,+38.0,+0.6589,NONE,STOPPED
="2026-09-07 09:42:20",80141,311375,101020,210354,1000000,-0.0029,0.1700,+6.6,+38.0,+0.6589,NONE,STOPPED
="2026-09-07 09:42:21",80150,311375,101020,210354,1000000,-0.0035,0.1700,+11.8,+46.5,+0.7317,NONE,STOPPED
="2026-09-07 09:42:22",80150,311375,101020,210354,1000000,-0.0035,0.1700,+10.1,+46.4,+0.7584,NONE,STOPPED
="2026-09-07 09:42:23",80150,311375,101020,210354,1000000,-0.0032,0.1700,+10.1,+46.5,+0.7793,NONE,STOPPED
="2026-09-07 09:42:24",80150,311375,101020,210354,1000000,-0.0036,0.1700,+8.5,+46.5,+0.7948,NONE,STOPPED
="2026-09-07 09:42:25",80153,311375,101020,210354,1000000,-0.0036,0.1700,+3.6,+50.0,+0.8193,NONE,STOPPED
="2026-09-07 09:42:26",80153,290440,80086,210354,1000000,-0.0032,0.1700,+3.6,+50.0,+0.8380,NONE,STOPPED
="2026-09-07 09:42:27",80155,290440,80086,210354,1000000,-0.0030,0.1700,+5.2,+51.7,+0.8577,NONE,STOPPED
="2026-09-07 09:42:28",80158,329420,107564,221856,1000000,-0.0030,0.1700,+7.6,+54.1,+0.8811,NONE,STOPPED
="2026-09-07 09:42:29",80158,329420,107564,221856,1000000,-0.0030,0.1700,+7.6,+54.1,+0.8811,NONE,STOPPED
="2026-09-07 09:42:30",80158,432340,210484,221856,1000000,-0.0030,0.1700,+7.6,+54.1,+0.8985,NONE,STOPPED
="2026-09-07 09:42:31",80155,432340,210484,221856,1000000,-0.0031,0.1700,+1.6,+51.7,+0.8991,NONE,STOPPED
="2026-09-07 09:42:32",80155,432340,210484,221856,1000000,-0.0031,0.1700,+1.6,+47.4,+0.8935,NONE,STOPPED
="2026-09-07 09:42:33",80157,304111,210484,93626,1000000,-0.0014,0.1700,-0.5,+39.2,+0.8944,NONE,STOPPED
="2026-09-07 09:42:34",80157,318932,210484,108448,1000000,-0.0014,0.1700,-0.0,+39.8,+0.8996,NONE,STOPPED
="2026-09-07 09:42:35",80157,318932,210484,108448,1000000,+0.0005,0.1700,+2.4,+39.8,+0.9008,NONE,STOPPED
="2026-09-07 09:42:36",80157,318932,210484,108448,1000000,+0.0008,0.1700,+2.4,+39.4,+0.8984,NONE,STOPPED
="2026-09-07 09:42:37",80158,324220,210484,113735,1000000,+0.0008,0.1700,+2.4,+39.4,+0.8931,NONE,STOPPED
="2026-09-07 09:42:38",80161,324220,210484,113735,1000000,-0.0013,0.1700,+4.2,+43.1,+0.8991,NONE,STOPPED
="2026-09-07 09:42:39",80161,324220,210484,113735,1000000,-0.0013,0.1700,+4.2,+43.1,+0.8991,NONE,STOPPED
="2026-09-07 09:42:40",80162,324220,210484,113735,1000000,-0.0008,0.1700,+4.2,+43.6,+0.9031,NONE,STOPPED
="2026-09-07 09:42:41",80162,324220,210484,113735,1000000,-0.0008,0.1700,+4.4,+43.8,+0.9008,NONE,STOPPED
="2026-09-07 09:42:42",80162,324220,210484,113735,1000000,+0.0011,0.1700,+4.4,+43.8,+0.8944,NONE,STOPPED
="2026-09-07 09:42:43",80162,324220,210484,113735,1000000,+0.0010,0.1700,+0.7,+43.8,+0.8850,NONE,STOPPED
="2026-09-07 09:42:44",80166,324220,210484,113735,1000000,+0.0010,0.1700,+4.4,+48.0,+0.8893,NONE,STOPPED
="2026-09-07 09:42:45",80166,324220,210484,113735,1000000,+0.0010,0.1700,+4.2,+48.0,+0.8894,NONE,STOPPED
="2026-09-07 09:42:46",80166,324220,210484,113735,1000000,+0.0010,0.1700,+4.2,+48.0,+0.8857,NONE,STOPPED
="2026-09-07 09:42:47",80168,336976,210484,126492,1000000,+0.0010,0.1700,+6.4,+50.1,+0.8869,NONE,STOPPED
="2026-09-07 09:42:48",80168,336976,210484,126492,1000000,+0.0007,0.1700,+6.4,+50.1,+0.8841,NONE,STOPPED
="2026-09-07 09:42:49",80168,336976,210484,126492,1000000,+0.0007,0.1700,+6.4,+50.1,+0.8841,NONE,STOPPED
="2026-09-07 09:42:50",80168,336976,210484,126492,1000000,+0.0007,0.1700,+2.1,+50.2,+0.8777,NONE,STOPPED
="2026-09-07 09:42:51",80168,336976,210484,126492,1000000,+0.0007,0.1700,+2.1,+50.2,+0.8554,NONE,STOPPED
="2026-09-07 09:42:52",80146,632719,506227,126492,1000000,+0.0007,0.1700,-21.8,+28.3,+0.7551,NONE,STOPPED
="2026-09-07 09:42:53",80146,632719,506227,126492,1000000,+0.0007,0.1700,-21.8,+28.3,+0.6609,NONE,STOPPED
="2026-09-07 09:42:54",80146,632719,506227,126492,1000000,+0.0007,0.1700,-21.8,+28.3,+0.5726,NONE,STOPPED
="2026-09-07 09:42:55",80146,632719,506227,126492,1000000,-0.0019,0.1700,-21.8,+28.3,+0.4897,NONE,STOPPED
="2026-09-07 09:42:56",80146,632719,506227,126492,1000000,-0.0022,0.1700,-21.8,+28.3,+0.4120,NONE,STOPPED
="2026-09-07 09:42:57",80146,632719,506227,126492,1000000,-0.0022,0.1700,-21.8,+18.7,+0.3392,NONE,STOPPED
="2026-09-07 09:42:58",80146,632719,506227,126492,1000000,-0.0022,0.1700,-0.0,+18.7,+0.2767,NONE,STOPPED
="2026-09-07 09:42:59",80146,632719,506227,126492,1000000,-0.0022,0.1700,-0.0,+18.7,+0.2767,NONE,STOPPED
="2026-09-07 09:43:00",80146,632719,506227,126492,1000000,-0.0022,0.1700,+0.0,+18.7,+0.1752,NONE,STOPPED
="2026-09-07 09:43:01",80146,632719,506227,126492,1000000,-0.0018,0.1700,+0.0,+18.7,+0.1135,NONE,STOPPED
="2026-09-07 09:43:02",80146,632719,506227,126492,1000000,-0.0018,0.1700,+0.0,+17.1,+0.0664,NONE,STOPPED
="2026-09-07 09:43:03",80146,615227,506227,109000,1000000,-0.0025,0.1700,+0.0,+17.1,+0.0235,NONE,STOPPED
="2026-09-07 09:43:04",80146,615227,506227,109000,1000000,-0.0025,0.1700,+0.0,+17.1,-0.0164,NONE,STOPPED
="2026-09-07 09:43:05",80146,615227,506227,109000,1000000,-0.0053,0.1700,+0.0,+14.9,-0.0534,NONE,STOPPED
="2026-09-07 09:43:06",80146,602086,506227,95859,1000000,-0.0051,0.1700,-0.0,+14.9,-0.0865,NONE,STOPPED
="2026-09-07 09:43:07",80134,633313,537453,95859,1000000,-0.0056,0.1700,-12.6,+0.7,-0.1659,NONE,STOPPED
="2026-09-07 09:43:08",80134,633313,537453,95859,1000000,-0.0056,0.1700,-12.6,+0.7,-0.1659,NONE,STOPPED
="2026-09-07 09:43:09",80127,633313,537453,95859,1000000,-0.0049,0.1700,-19.5,-6.2,-0.2640,NONE,STOPPED
="2026-09-07 09:43:10",80127,612455,537453,75001,1000000,-0.0049,0.1700,-19.5,-7.9,-0.4316,NONE,STOPPED
="2026-09-07 09:43:11",80129,612455,537453,75001,1000000,-0.0049,0.1700,-17.9,-6.3,-0.4962,NONE,STOPPED
="2026-09-07 09:43:12",80142,626528,537453,89074,1000000,-0.0049,0.1700,+8.0,+7.1,-0.5017,NONE,STOPPED
="2026-09-07 09:43:13",80142,626528,537453,89074,1000000,-0.0037,0.1700,+15.0,+7.1,-0.5060,NONE,STOPPED
="2026-09-07 09:43:14",80146,646118,537453,108664,1000000,-0.0037,0.1700,+19.3,+11.4,-0.4924,NONE,STOPPED
="2026-09-07 09:43:15",80146,646118,537453,108664,1000000,-0.0036,0.1700,+19.3,+8.1,-0.4795,NONE,STOPPED
="2026-09-07 09:43:16",80146,631267,537453,93813,1000000,-0.0036,0.1700,+17.7,+6.5,-0.4653,NONE,STOPPED
="2026-09-07 09:43:17",80146,631267,537453,93813,1000000,-0.0036,0.1700,+4.3,+6.5,-0.4507,NONE,STOPPED
="2026-09-07 09:43:18",80146,631267,537453,93813,1000000,-0.0036,0.1700,+4.3,+6.5,-0.4507,NONE,STOPPED
="2026-09-07 09:43:19",80146,631267,537453,93813,1000000,-0.0036,0.1700,+4.3,+4.8,-0.4367,NONE,STOPPED
="2026-09-07 09:43:20",80146,631267,537453,93813,1000000,-0.0036,0.1700,+4.3,-3.7,-0.4034,NONE,STOPPED
="2026-09-07 09:43:21",80142,631267,537453,93813,1000000,-0.0030,0.1700,-4.5,-8.1,-0.4027,NONE,STOPPED
="2026-09-07 09:43:22",80142,631267,537453,93813,1000000,-0.0033,0.1700,-4.5,-8.2,-0.4009,NONE,STOPPED
="2026-09-07 09:43:23",80142,631267,537453,93813,1000000,-0.0033,0.1700,-4.5,-8.1,-0.3981,NONE,STOPPED
="2026-09-07 09:43:24",80142,631267,537453,93813,1000000,-0.0029,0.1700,-4.5,-11.7,-0.3944,NONE,STOPPED
="2026-09-07 09:43:25",80142,631267,537453,93813,1000000,-0.0029,0.1700,-4.5,-11.7,-0.3877,NONE,STOPPED
="2026-09-07 09:43:26",80142,631267,537453,93813,1000000,-0.0029,0.1700,-4.5,-13.4,-0.3803,NONE,STOPPED
="2026-09-07 09:43:27",80146,680375,537453,142921,1000000,-0.0031,0.1700,+4.5,-11.3,-0.3538,NONE,STOPPED
="2026-09-07 09:43:28",80146,641395,509975,131419,1000000,-0.0031,0.1700,+4.5,-11.3,-0.3272,NONE,STOPPED
="2026-09-07 09:43:29",80146,641395,509975,131419,1000000,-0.0034,0.1700,+4.5,-11.3,-0.3272,NONE,STOPPED
="2026-09-07 09:43:30",80146,538475,407055,131419,1000000,-0.0034,0.1700,+4.5,-8.9,-0.2789,NONE,STOPPED
="2026-09-07 09:43:31",80153,538475,407055,131419,1000000,-0.0033,0.1700,+11.0,-2.4,-0.2317,NONE,STOPPED
="2026-09-07 09:43:32",80153,538475,407055,131419,1000000,-0.0033,0.1700,+6.5,-4.2,-0.1882,NONE,STOPPED
="2026-09-07 09:43:33",80153,538475,407055,131419,1000000,-0.0039,0.1700,+6.5,-4.8,-0.1469,NONE,STOPPED
="2026-09-07 09:43:34",80153,523653,407055,116597,1000000,-0.0039,0.1700,+6.5,-4.8,-0.1084,NONE,STOPPED
="2026-09-07 09:43:35",80162,599323,407055,192268,1000000,-0.0039,0.1700,+15.5,+4.3,-0.0378,NONE,STOPPED
="2026-09-07 09:43:36",80164,599323,407055,192268,1000000,-0.0042,0.1700,+11.6,+6.8,+0.0363,NONE,STOPPED
="2026-09-07 09:43:37",80168,578254,407055,171198,1000000,-0.0042,0.1700,+14.8,+6.3,+0.1162,NONE,STOPPED
="2026-09-07 09:43:38",80168,578254,407055,171198,1000000,-0.0079,0.1700,+14.8,+6.3,+0.1162,NONE,STOPPED
="2026-09-07 09:43:39",80168,578254,407055,171198,1000000,-0.0079,0.1700,+14.8,+5.8,+0.1905,NONE,STOPPED
="2026-09-07 09:43:40",80168,578254,407055,171198,1000000,-0.0084,0.1700,+5.8,+5.6,+0.3189,NONE,STOPPED
="2026-09-07 09:43:41",80168,578254,407055,171198,1000000,-0.0084,0.1700,+3.2,+5.6,+0.3735,NONE,STOPPED
="2026-09-07 09:43:42",80168,578254,407055,171198,1000000,-0.0084,0.1700,+3.2,+5.6,+0.4223,NONE,STOPPED
="2026-09-07 09:43:43",80168,578254,407055,171198,1000000,-0.0083,0.1700,+0.0,+1.4,+0.4657,NONE,STOPPED
="2026-09-07 09:43:44",80168,578254,407055,171198,1000000,-0.0081,0.1700,+3.2,+1.4,+0.5067,NONE,STOPPED
="2026-09-07 09:43:45",80168,578254,407055,171198,1000000,-0.0081,0.1700,+0.0,+1.4,+0.5430,NONE,STOPPED
="2026-09-07 09:43:46",80168,578254,407055,171198,1000000,-0.0081,0.1700,+3.2,-0.7,+0.5749,NONE,STOPPED
="2026-09-07 09:43:47",80168,565497,407055,158441,1000000,-0.0123,0.1700,+0.0,-0.7,+0.6040,NONE,STOPPED
="2026-09-07 09:43:48",80168,565497,407055,158441,1000000,-0.0123,0.1700,+0.0,-0.7,+0.6040,NONE,STOPPED
="2026-09-07 09:43:49",80168,565497,407055,158441,1000000,-0.0123,0.1700,-0.0,-0.8,+0.6294,NONE,STOPPED
="2026-09-07 09:43:50",80168,565497,407055,158441,1000000,-0.0123,0.1700,-0.0,-0.8,+0.6699,NONE,STOPPED
="2026-09-07 09:43:51",80168,565497,407055,158441,1000000,-0.0123,0.1700,-0.0,+21.1,+0.6856,NONE,STOPPED
="2026-09-07 09:43:52",80168,189668,31226,158441,1000000,-0.0123,0.1700,+0.0,+21.1,+0.6852,NONE,STOPPED
="2026-09-07 09:43:53",80168,189668,31226,158441,1000000,-0.0123,0.1700,+0.0,+21.1,+0.6827,NONE,STOPPED
="2026-09-07 09:43:54",80168,200694,42252,158441,1000000,-0.0123,0.1700,-0.0,+21.1,+0.6780,NONE,STOPPED
="2026-09-07 09:43:55",80168,200694,42252,158441,1000000,-0.0097,0.1700,+0.0,+21.1,+0.6716,NONE,STOPPED
="2026-09-07 09:43:56",80168,200694,42252,158441,1000000,-0.0097,0.1700,+0.0,+21.1,+0.6635,NONE,STOPPED
="2026-09-07 09:43:57",80168,200694,42252,158441,1000000,-0.0097,0.1700,+0.0,+21.1,+0.6635,NONE,STOPPED
="2026-09-07 09:43:58",80168,200694,42252,158441,1000000,-0.0097,0.1700,-0.0,+21.1,+0.6624,NONE,STOPPED
="2026-09-07 09:43:59",80168,200694,42252,158441,1000000,-0.0095,0.1700,-0.0,+21.1,+0.6307,NONE,STOPPED
="2026-09-07 09:44:00",80159,214922,56481,158441,1000000,-0.0095,0.1700,-8.8,+12.3,+0.5834,NONE,STOPPED
="2026-09-07 09:44:01",80153,214922,56481,158441,1000000,-0.0098,0.1700,-14.3,+6.8,+0.5170,NONE,STOPPED
="2026-09-07 09:44:02",80153,214922,56481,158441,1000000,-0.0098,0.1700,-14.3,+6.8,+0.4551,NONE,STOPPED
="2026-09-07 09:44:03",80146,214922,56481,158441,1000000,-0.0098,0.1700,-21.1,-0.0,+0.3711,NONE,STOPPED
="2026-09-07 09:44:04",80146,214922,56481,158441,1000000,-0.0098,0.1700,-21.1,-0.0,+0.2937,NONE,STOPPED
="2026-09-07 09:44:05",80146,214922,56481,158441,1000000,-0.0072,0.1700,-12.3,+0.0,+0.2226,NONE,STOPPED
="2026-09-07 09:44:06",80146,225450,67009,158441,1000000,-0.0072,0.1700,-12.3,+0.0,+0.2226,NONE,STOPPED
="2026-09-07 09:44:07",80136,194224,35782,158441,1000000,-0.0067,0.1700,-17.4,+8.8,+0.0110,NONE,STOPPED
="2026-09-07 09:44:08",80136,194224,35782,158441,1000000,-0.0067,0.1700,-10.6,+8.8,-0.0889,NONE,STOPPED
="2026-09-07 09:44:09",80136,194224,35782,158441,1000000,-0.0067,0.1700,-10.6,+8.8,-0.1800,NONE,STOPPED
="2026-09-07 09:44:10",80136,194224,35782,158441,1000000,-0.0067,0.1700,-10.7,+7.3,-0.2632,NONE,STOPPED
="2026-09-07 09:44:11",80136,194224,35782,158441,1000000,-0.0067,0.1700,+0.0,-6.1,-0.3378,NONE,STOPPED
="2026-09-07 09:44:12",80136,180151,35782,144368,1000000,-0.0070,0.1700,-10.7,-6.1,-0.3974,NONE,STOPPED
="2026-09-07 09:44:13",80136,180151,35782,144368,1000000,-0.0082,0.1700,+0.0,-10.4,-0.4506,NONE,STOPPED
="2026-09-07 09:44:14",80140,160560,35782,124778,1000000,-0.0082,0.1700,+3.8,-6.6,-0.4804,NONE,STOPPED
="2026-09-07 09:44:15",80140,174969,35782,139187,1000000,-0.0078,0.1700,+3.8,-6.6,-0.4804,NONE,STOPPED
="2026-09-07 09:44:16",80152,174969,35782,139187,1000000,-0.0079,0.1700,+15.9,+5.5,-0.4749,NONE,STOPPED
="2026-09-07 09:44:17",80152,174969,35782,139187,1000000,-0.0088,0.1700,+16.0,+5.6,-0.4198,NONE,STOPPED
="2026-09-07 09:44:18",80152,174969,35782,139187,1000000,-0.0088,0.1700,+16.0,+5.6,-0.4017,NONE,STOPPED
="2026-09-07 09:44:19",80152,174969,35782,139187,1000000,-0.0088,0.1700,+12.2,+5.6,-0.3845,NONE,STOPPED
="2026-09-07 09:44:20",80152,174969,35782,139187,1000000,-0.0088,0.1700,+0.1,+10.1,-0.3684,NONE,STOPPED
="2026-09-07 09:44:21",80152,174969,35782,139187,1000000,-0.0098,0.1700,-0.0,+10.1,-0.3558,NONE,STOPPED
="2026-09-07 09:44:22",80152,174969,35782,139187,1000000,-0.0095,0.1700,+0.2,+10.1,-0.3441,NONE,STOPPED
="2026-09-07 09:44:23",80152,174969,35782,139187,1000000,-0.0095,0.1700,-0.0,+10.1,-0.3331,NONE,STOPPED
="2026-09-07 09:44:24",80152,174969,35782,139187,1000000,-0.0074,0.1700,-0.0,+10.1,-0.3228,NONE,STOPPED
="2026-09-07 09:44:25",80152,174969,35782,139187,1000000,-0.0074,0.1700,-0.0,+10.1,-0.3228,NONE,STOPPED
="2026-09-07 09:44:26",80152,174969,35782,139187,1000000,-0.0074,0.1700,+0.0,+5.6,-0.3041,NONE,STOPPED
="2026-09-07 09:44:27",80152,125861,35782,90079,1000000,-0.0074,0.1700,+0.0,+5.6,-0.2930,NONE,STOPPED
="2026-09-07 09:44:28",80152,125861,35782,90079,1000000,-0.0074,0.1700,+0.0,+5.6,-0.2824,NONE,STOPPED
="2026-09-07 09:44:29",80152,125861,35782,90079,1000000,-0.0071,0.1700,-0.0,+5.6,-0.2725,NONE,STOPPED
="2026-09-07 09:44:30",80152,125861,35782,90079,1000000,-0.0071,0.1700,+0.0,-0.9,-0.2631,NONE,STOPPED
="2026-09-07 09:44:31",80152,125861,35782,90079,1000000,-0.0071,0.1700,+0.0,-0.9,-0.2502,NONE,STOPPED
="2026-09-07 09:44:32",80152,125861,35782,90079,1000000,-0.0071,0.1700,+0.0,-0.9,-0.2380,NONE,STOPPED
="2026-09-07 09:44:33",80152,125861,35782,90079,1000000,-0.0071,0.1700,+0.0,-0.9,-0.2380,NONE,STOPPED
="2026-09-07 09:44:34",80152,125861,35782,90079,1000000,-0.0071,0.1700,-0.0,-9.9,-0.2152,NONE,STOPPED
="2026-09-07 09:44:35",80152,50191,35782,14409,1000000,-0.0071,0.1700,+0.0,-12.5,-0.1990,NONE,STOPPED
="2026-09-07 09:44:36",80152,50191,35782,14409,1000000,-0.0066,0.1700,-0.0,-15.7,-0.1820,NONE,STOPPED
="2026-09-07 09:44:37",80152,50191,35782,14409,1000000,-0.0066,0.1700,-0.0,-15.7,-0.1636,NONE,STOPPED
="2026-09-07 09:44:38",80152,50191,35782,14409,1000000,-0.0029,0.1700,-0.0,-15.7,-0.1459,NONE,STOPPED
="2026-09-07 09:44:39",80152,50191,35782,14409,1000000,-0.0029,0.1700,+0.0,-15.7,-0.1287,NONE,STOPPED
="2026-09-07 09:44:40",80152,50191,35782,14409,1000000,-0.0029,0.1700,+0.0,-15.7,-0.1121,NONE,STOPPED
="2026-09-07 09:44:41",80152,50191,35782,14409,1000000,-0.0029,0.1700,+0.0,-15.7,-0.0962,NONE,STOPPED
="2026-09-07 09:44:42",80152,50191,35782,14409,1000000,-0.0024,0.1700,-0.0,-15.7,-0.0808,NONE,STOPPED
="2026-09-07 09:44:43",80152,50191,35782,14409,1000000,-0.0024,0.1700,-0.0,-15.7,-0.0808,NONE,STOPPED
="2026-09-07 09:44:44",80152,50191,35782,14409,1000000,-0.0025,0.1700,+0.0,-15.7,-0.0517,NONE,STOPPED
="2026-09-07 09:44:45",80152,50191,35782,14409,1000000,-0.0028,0.1700,+0.0,-15.7,-0.0379,NONE,STOPPED
="2026-09-07 09:44:46",80152,50191,35782,14409,1000000,-0.0028,0.1700,+0.0,-15.7,-0.0246,NONE,STOPPED
="2026-09-07 09:44:47",80152,50191,35782,14409,1000000,+0.0014,0.1700,+0.0,-15.7,-0.0117,NONE,STOPPED
="2026-09-07 09:44:48",80152,50191,35782,14409,1000000,+0.0015,0.1700,+0.0,-15.7,+0.0006,NONE,STOPPED
="2026-09-07 09:44:49",80152,50191,35782,14409,1000000,+0.0015,0.1700,+0.0,-15.7,+0.0125,NONE,STOPPED
="2026-09-07 09:44:50",80152,50191,35782,14409,1000000,+0.0015,0.1700,-0.0,-15.7,+0.0239,NONE,STOPPED
="2026-09-07 09:44:51",80152,50191,35782,14409,1000000,+0.0014,0.1700,+0.0,-15.7,+0.0350,NONE,STOPPED
="2026-09-07 09:44:52",80152,50191,35782,14409,1000000,+0.0014,0.1700,+0.0,-15.7,+0.0350,NONE,STOPPED
="2026-09-07 09:44:53",80152,50191,35782,14409,1000000,+0.0014,0.1700,-0.0,-15.7,+0.0456,NONE,STOPPED
="2026-09-07 09:44:54",80152,39165,24756,14409,1000000,+0.0014,0.1700,-0.0,-15.7,+0.0658,NONE,STOPPED
="2026-09-07 09:44:55",80150,39165,24756,14409,1000000,+0.0013,0.1700,-2.3,-18.0,+0.0663,NONE,STOPPED
="2026-09-07 09:44:56",80150,39165,24756,14409,1000000,+0.0013,0.1700,-2.3,-18.0,+0.0674,NONE,STOPPED
="2026-09-07 09:44:57",80150,39165,24756,14409,1000000,+0.0013,0.1700,-2.3,-18.0,+0.0690,NONE,STOPPED
="2026-09-07 09:44:58",80150,39165,24756,14409,1000000,+0.0017,0.1700,-2.3,-18.0,+0.0710,NONE,STOPPED
="2026-09-07 09:44:59",80150,39165,24756,14409,1000000,+0.0015,0.1700,-2.3,-9.3,+0.0735,NONE,STOPPED
="2026-09-07 09:45:00",80150,36219,21809,14409,1000000,+0.0017,0.1700,+0.0,-3.7,+0.0711,NONE,STOPPED
="2026-09-07 09:45:01",80146,36219,21809,14409,1000000,+0.0017,0.1700,-3.1,-6.8,+0.0537,NONE,STOPPED
="2026-09-07 09:45:02",80146,36219,21809,14409,1000000,+0.0017,0.1700,-3.1,+0.0,+0.0379,NONE,STOPPED
="2026-09-07 09:45:03",80146,36219,21809,14409,1000000,+0.0017,0.1700,-3.1,+0.0,+0.0379,NONE,STOPPED
="2026-09-07 09:45:04",80146,36219,21809,14409,1000000,+0.0017,0.1700,-3.1,+0.0,+0.0197,NONE,STOPPED
="2026-09-07 09:45:05",80146,36219,21809,14409,1000000,+0.0018,0.1700,-3.1,+10.6,-0.0121,NONE,STOPPED
="2026-09-07 09:45:06",80152,25691,11281,14409,1000000,+0.0020,0.1700,+5.4,+16.0,-0.0114,NONE,STOPPED
="2026-09-07 09:45:07",80152,25691,11281,14409,1000000,+0.0020,0.1700,+5.4,+16.1,-0.0114,NONE,STOPPED
="2026-09-07 09:45:08",80152,25691,11281,14409,1000000,+0.0020,0.1700,+5.4,+16.0,-0.0120,NONE,STOPPED
="2026-09-07 09:45:09",80152,25691,11281,14409,1000000,+0.0020,0.1700,+5.4,+16.0,-0.0132,NONE,STOPPED
="2026-09-07 09:45:10",80152,41422,11281,30140,1000000,+0.0020,0.1700,+5.4,+16.1,-0.0149,NONE,STOPPED
="2026-09-07 09:45:11",80152,41422,11281,30140,1000000,+0.0022,0.1700,+0.0,+16.1,-0.0171,NONE,STOPPED
="2026-09-07 09:45:12",80152,41422,11281,30140,1000000,+0.0022,0.1700,+0.0,+16.1,-0.0171,NONE,STOPPED
="2026-09-07 09:45:13",80152,41422,11281,30140,1000000,+0.0023,0.1700,+0.0,+16.0,-0.0197,NONE,STOPPED
="2026-09-07 09:45:14",80156,41422,11281,30140,1000000,+0.0023,0.1700,+4.6,+4.8,+0.0102,NONE,STOPPED
="2026-09-07 09:45:15",80156,27013,11281,15731,1000000,+0.0019,0.1700,+4.6,+4.6,+0.0306,NONE,STOPPED
="2026-09-07 09:45:16",80156,27013,11281,15731,1000000,+0.0019,0.1700,+4.6,+4.6,+0.0490,NONE,STOPPED
="2026-09-07 09:45:17",80156,27013,11281,15731,1000000,+0.0029,0.1700,+4.6,+4.6,+0.0654,NONE,STOPPED
="2026-09-07 09:45:18",80156,27013,11281,15731,1000000,+0.0029,0.1700,+4.6,+4.6,+0.0801,NONE,STOPPED
="2026-09-07 09:45:19",80168,44387,11281,33105,1000000,+0.0029,0.1700,+11.1,+15.7,+0.1363,NONE,STOPPED
="2026-09-07 09:45:20",80168,44387,11281,33105,1000000,+0.0029,0.1700,+11.1,+15.7,+0.1866,NONE,STOPPED
="2026-09-07 09:45:21",80168,44387,11281,33105,1000000,+0.0039,0.1700,+11.1,+15.7,+0.2314,NONE,STOPPED
="2026-09-07 09:45:22",80168,44387,11281,33105,1000000,+0.0040,0.1700,+11.1,+15.7,+0.2314,NONE,STOPPED
="2026-09-07 09:45:23",80168,44387,11281,33105,1000000,+0.0040,0.1700,+11.1,+15.7,+0.3007,NONE,STOPPED
="2026-09-07 09:45:24",80168,44387,11281,33105,1000000,+0.0018,0.1700,+11.1,+15.7,+0.3370,NONE,STOPPED
="2026-09-07 09:45:25",80168,44387,11281,33105,1000000,+0.0017,0.1700,+11.1,+15.7,+0.3636,NONE,STOPPED
="2026-09-07 09:45:26",80172,44387,11281,33105,1000000,+0.0017,0.1700,+4.9,+20.6,+0.4058,NONE,STOPPED
="2026-09-07 09:45:27",80172,44387,11281,33105,1000000,+0.0017,0.1700,+5.0,+20.6,+0.4426,NONE,STOPPED
="2026-09-07 09:45:28",80172,44387,11281,33105,1000000,+0.0017,0.1700,+4.9,+20.7,+0.4744,NONE,STOPPED
="2026-09-07 09:45:29",80177,44387,11281,33105,1000000,+0.0017,0.1700,+9.2,+24.9,+0.5180,NONE,STOPPED
="2026-09-07 09:45:30",80177,44387,11281,33105,1000000,+0.0017,0.1700,+9.2,+24.9,+0.5557,NONE,STOPPED
="2026-09-07 09:45:31",80177,44387,11281,33105,1000000,+0.0017,0.1700,+9.2,+24.9,+0.5557,NONE,STOPPED
="2026-09-07 09:45:32",80177,44387,11281,33105,1000000,+0.0017,0.1700,+4.2,+24.9,+0.5879,NONE,STOPPED
="2026-09-07 09:45:33",80177,44387,11281,33105,1000000,+0.0017,0.1700,+4.2,+24.9,+0.6376,NONE,STOPPED
="2026-09-07 09:45:34",80177,44387,11281,33105,1000000,+0.0017,0.1700,+0.0,+24.9,+0.6558,NONE,STOPPED
="2026-09-07 09:45:35",80177,44387,11281,33105,1000000,+0.0021,0.1700,+0.0,+24.9,+0.6700,NONE,STOPPED
="2026-09-07 09:45:36",80177,44387,11281,33105,1000000,+0.0016,0.1700,-0.0,+24.9,+0.6806,NONE,STOPPED
="2026-09-07 09:45:37",80177,44387,11281,33105,1000000,+0.0018,0.1700,+0.0,+24.9,+0.6878,NONE,STOPPED
="2026-09-07 09:45:38",80165,44387,11281,33105,1000000,+0.0018,0.1700,-11.9,+13.0,+0.6457,NONE,STOPPED
="2026-09-07 09:45:39",80154,44387,11281,33105,1000000,+0.0018,0.1700,-23.0,+1.9,+0.5622,NONE,STOPPED
="2026-09-07 09:45:40",80150,44387,11281,33105,1000000,+0.0017,0.1700,-27.2,-2.3,+0.4686,NONE,STOPPED
="2026-09-07 09:45:41",80150,44387,11281,33105,1000000,+0.0017,0.1700,-27.2,-2.3,+0.4686,NONE,STOPPED
="2026-09-07 09:45:42",80150,44387,11281,33105,1000000,+0.0011,0.1700,-27.2,-2.3,+0.3031,NONE,STOPPED
="2026-09-07 09:45:43",80150,44387,11281,33105,1000000,+0.0011,0.1700,-15.3,-2.3,+0.2303,NONE,STOPPED
="2026-09-07 09:45:44",80150,44387,11281,33105,1000000,+0.0014,0.1700,-4.2,-2.3,+0.1636,NONE,STOPPED
="2026-09-07 09:45:45",80150,44387,11281,33105,1000000,+0.0017,0.1700,-4.2,-2.3,+0.1025,NONE,STOPPED
="2026-09-07 09:45:46",80150,44387,11281,33105,1000000,+0.0017,0.1700,+0.0,-2.3,+0.0468,NONE,STOPPED
="2026-09-07 09:45:47",80150,44387,11281,33105,1000000,+0.0017,0.1700,-0.0,-2.3,-0.0041,NONE,STOPPED
="2026-09-07 09:45:48",80150,44387,11281,33105,1000000,+0.0017,0.1700,+0.0,-2.3,-0.0504,NONE,STOPPED
="2026-09-07 09:45:49",80150,44387,11281,33105,1000000,+0.0017,0.1700,+0.0,-2.3,-0.0924,NONE,STOPPED
="2026-09-07 09:45:50",80150,44387,11281,33105,1000000,+0.0002,0.1700,+0.0,-2.3,-0.0924,NONE,STOPPED
="2026-09-07 09:45:51",80150,63218,30113,33105,1000000,+0.0002,0.1700,-0.0,-2.3,-0.1304,NONE,STOPPED
="2026-09-07 09:45:52",80129,63218,30113,33105,1000000,+0.0003,0.1700,-20.8,-23.1,-0.3491,NONE,STOPPED
="2026-09-07 09:45:53",80129,63218,30113,33105,1000000,+0.0038,0.1700,-20.8,-23.1,-0.4419,NONE,STOPPED
="2026-09-07 09:45:54",80137,106125,30113,76011,1000000,+0.0038,0.1700,-12.9,-12.9,-0.4940,NONE,STOPPED
="2026-09-07 09:45:55",80137,106125,30113,76011,1000000,+0.0038,0.1700,-12.9,-12.9,-0.5413,NONE,STOPPED
="2026-09-07 09:45:56",80137,106125,30113,76011,1000000,+0.0039,0.1700,+7.9,-12.9,-0.5829,NONE,STOPPED
="2026-09-07 09:45:57",80137,106125,30113,76011,1000000,+0.0039,0.1700,+7.9,-12.9,-0.6190,NONE,STOPPED
="2026-09-07 09:45:58",80137,106125,30113,76011,1000000,+0.0035,0.1700,+7.8,-12.9,-0.6502,NONE,STOPPED
="2026-09-07 09:45:59",80137,106125,30113,76011,1000000,+0.0047,0.1700,+7.8,-12.9,-0.6502,NONE,STOPPED
="2026-09-07 09:46:00",80137,106125,30113,76011,1000000,+0.0045,0.1700,+0.0,-9.8,-0.6989,NONE,STOPPED
="2026-09-07 09:46:01",80137,94843,18831,76011,1000000,+0.0045,0.1700,-0.0,-9.8,-0.7192,NONE,STOPPED
="2026-09-07 09:46:02",80137,94843,18831,76011,1000000,+0.0045,0.1700,+0.0,-9.8,-0.7358,NONE,STOPPED
="2026-09-07 09:46:03",80137,94843,18831,76011,1000000,+0.0045,0.1700,-0.0,-9.8,-0.7490,NONE,STOPPED
="2026-09-07 09:46:04",80137,94843,18831,76011,1000000,+0.0045,0.1700,+0.0,-9.8,-0.7591,NONE,STOPPED
="2026-09-07 09:46:05",80137,94843,18831,76011,1000000,+0.0046,0.1700,+0.0,-9.8,-0.7591,NONE,STOPPED
="2026-09-07 09:46:06",80137,94843,18831,76011,1000000,+0.0044,0.1700,-0.0,-15.2,-0.7664,NONE,STOPPED
="2026-09-07 09:46:07",80137,94843,18831,76011,1000000,+0.0044,0.1700,+0.0,-15.2,-0.7668,NONE,STOPPED
="2026-09-07 09:46:08",80137,94843,18831,76011,1000000,+0.0057,0.1700,-0.0,-15.2,-0.7638,NONE,STOPPED
="2026-09-07 09:46:09",80137,94843,18831,76011,1000000,+0.0057,0.1700,-0.0,-15.3,-0.7589,NONE,STOPPED
="2026-09-07 09:46:10",80137,79111,18831,60280,1000000,+0.0057,0.1700,-0.0,-15.2,-0.7522,NONE,STOPPED
="2026-09-07 09:46:11",80137,79111,18831,60280,1000000,+0.0057,0.1700,+0.0,-15.2,-0.7439,NONE,STOPPED
="2026-09-07 09:46:12",80137,79111,18831,60280,1000000,+0.0057,0.1700,-0.0,-19.8,-0.7343,NONE,STOPPED
="2026-09-07 09:46:13",80137,79111,18831,60280,1000000,+0.0056,0.1700,+0.0,-19.8,-0.7205,NONE,STOPPED
="2026-09-07 09:46:14",80137,79111,18831,60280,1000000,+0.0056,0.1700,+0.0,-19.8,-0.7057,NONE,STOPPED
="2026-09-07 09:46:15",80137,79111,18831,60280,1000000,+0.0056,0.1700,+0.0,-19.8,-0.7057,NONE,STOPPED
="2026-09-07 09:46:16",80137,79111,18831,60280,1000000,+0.0055,0.1700,-0.0,-19.8,-0.6734,NONE,STOPPED
="2026-09-07 09:46:17",80137,79111,18831,60280,1000000,+0.0055,0.1700,+0.0,-19.8,-0.6561,NONE,STOPPED
="2026-09-07 09:46:18",80137,79111,18831,60280,1000000,+0.0051,0.1700,+0.0,-30.9,-0.6381,NONE,STOPPED
="2026-09-07 09:46:19",80139,72943,18831,54112,1000000,+0.0051,0.1700,+2.6,-28.4,-0.6030,NONE,STOPPED
="2026-09-07 09:46:20",80140,72943,18831,54112,1000000,+0.0051,0.1700,+3.9,-27.0,-0.5633,NONE,STOPPED
="2026-09-07 09:46:21",80140,72943,18831,54112,1000000,+0.0051,0.1700,+3.9,-27.0,-0.5250,NONE,STOPPED
="2026-09-07 09:46:22",80140,72943,18831,54112,1000000,+0.0050,0.1700,+3.9,-27.1,-0.4878,NONE,STOPPED
="2026-09-07 09:46:23",80140,72943,18831,54112,1000000,+0.0050,0.1700,+3.9,-27.0,-0.4518,NONE,STOPPED
="2026-09-07 09:46:24",80140,72943,18831,54112,1000000,+0.0050,0.1700,+3.9,-27.0,-0.4518,NONE,STOPPED
="2026-09-07 09:46:25",80140,72943,18831,54112,1000000,+0.0051,0.1700,+1.3,-27.0,-0.4170,NONE,STOPPED
="2026-09-07 09:46:26",80155,72943,18831,54112,1000000,+0.0051,0.1700,+14.6,-17.4,-0.2906,NONE,STOPPED
="2026-09-07 09:46:27",80155,72943,18831,54112,1000000,+0.0079,0.1700,+14.6,-17.3,-0.2049,NONE,STOPPED
="2026-09-07 09:46:28",80155,72943,18831,54112,1000000,+0.0079,0.1700,+14.6,-21.6,-0.1256,NONE,STOPPED
="2026-09-07 09:46:29",80155,72943,18831,54112,1000000,+0.0079,0.1700,+14.6,-21.6,-0.0497,NONE,STOPPED
="2026-09-07 09:46:30",80155,72943,18831,54112,1000000,+0.0079,0.1700,+14.6,-21.6,+0.0205,NONE,STOPPED
="2026-09-07 09:46:31",80155,72943,18831,54112,1000000,+0.0079,0.1700,+14.6,-21.6,+0.0852,NONE,STOPPED
="2026-09-07 09:46:32",80155,72943,18831,54112,1000000,+0.0079,0.1700,+0.0,-21.6,+0.1450,NONE,STOPPED
="2026-09-07 09:46:33",80155,72943,18831,54112,1000000,+0.0079,0.1700,-0.0,-21.6,+0.2001,NONE,STOPPED
="2026-09-07 09:46:34",80155,72943,18831,54112,1000000,+0.0079,0.1700,-0.0,-21.6,+0.2001,NONE,STOPPED
="2026-09-07 09:46:35",80165,84319,18831,65488,1000000,+0.0075,0.1700,+9.7,-11.9,+0.3350,NONE,STOPPED
="2026-09-07 09:46:36",80165,84319,18831,65488,1000000,+0.0068,0.1700,+9.7,-11.9,+0.4116,NONE,STOPPED
="2026-09-07 09:46:37",80165,84319,18831,65488,1000000,+0.0067,0.1700,+9.7,-0.0,+0.4811,NONE,STOPPED
="2026-09-07 09:46:38",80165,84319,18831,65488,1000000,+0.0067,0.1700,+9.7,+11.1,+0.5367,NONE,STOPPED
="2026-09-07 09:46:39",80165,84319,18831,65488,1000000,+0.0087,0.1700,+9.7,+15.3,+0.5796,NONE,STOPPED
="2026-09-07 09:46:40",80165,84319,18831,65488,1000000,+0.0088,0.1700,+0.0,+15.3,+0.6145,NONE,STOPPED
="2026-09-07 09:46:41",80165,84319,18831,65488,1000000,+0.0088,0.1700,-0.0,+15.3,+0.6444,NONE,STOPPED
="2026-09-07 09:46:42",80165,84319,18831,65488,1000000,+0.0088,0.1700,-0.0,+15.3,+0.6444,NONE,STOPPED
="2026-09-07 09:46:43",80165,84319,18831,65488,1000000,+0.0088,0.1700,-0.0,+15.3,+0.6697,NONE,STOPPED
="2026-09-07 09:46:44",80165,84319,18831,65488,1000000,+0.0084,0.1700,-0.0,+15.3,+0.7081,NONE,STOPPED
="2026-09-07 09:46:45",80145,100854,35366,65488,1000000,+0.0100,0.1700,-20.1,-4.8,+0.6436,NONE,STOPPED
="2026-09-07 09:46:46",80145,100854,35366,65488,1000000,+0.0100,0.1700,-20.1,-4.8,+0.5836,NONE,STOPPED
="2026-09-07 09:46:47",80145,100854,35366,65488,1000000,+0.0100,0.1700,-20.1,-4.8,+0.5279,NONE,STOPPED
="2026-09-07 09:46:48",80145,100854,35366,65488,1000000,+0.0100,0.1700,-20.1,-4.8,+0.4763,NONE,STOPPED
="2026-09-07 09:46:49",80139,114160,48671,65488,1000000,+0.0100,0.1700,-25.5,-10.2,+0.4075,NONE,STOPPED
="2026-09-07 09:46:50",80137,95328,29840,65488,1000000,+0.0114,0.1700,-8.1,+7.9,+0.3339,NONE,STOPPED
="2026-09-07 09:46:51",80137,95328,29840,65488,1000000,+0.0121,0.1700,-8.1,+7.9,+0.3339,NONE,STOPPED
="2026-09-07 09:46:52",80137,95328,29840,65488,1000000,+0.0121,0.1700,-8.1,+7.9,+0.2539,NONE,STOPPED
="2026-09-07 09:46:53",80122,106789,41300,65488,1000000,+0.0086,0.1700,-22.6,-14.5,+0.0558,NONE,STOPPED
="2026-09-07 09:46:54",80122,63882,41300,22581,1000000,+0.0087,0.1700,-17.2,-14.5,-0.0527,NONE,STOPPED
="2026-09-07 09:46:55",80122,63882,41300,22581,1000000,+0.0087,0.1700,-14.5,-14.5,-0.1509,NONE,STOPPED
="2026-09-07 09:46:56",80122,63882,41300,22581,1000000,+0.0087,0.1700,-14.5,-14.5,-0.2396,NONE,STOPPED
="2026-09-07 09:46:57",80122,63882,41300,22581,1000000,+0.0087,0.1700,-14.5,-14.5,-0.3193,NONE,STOPPED
="2026-09-07 09:46:58",80115,80014,57432,22581,1000000,+0.0023,0.1700,-7.2,-21.7,-0.4187,NONE,STOPPED
="2026-09-07 09:46:59",80109,80014,57432,22581,1000000,+0.0011,0.1700,-12.8,-27.3,-0.5296,NONE,STOPPED
="2026-09-07 09:47:00",80109,80014,57432,22581,1000000,+0.0011,0.1700,-12.8,-27.3,-0.6285,NONE,STOPPED
="2026-09-07 09:47:01",80109,80014,57432,22581,1000000,+0.0011,0.1700,-12.8,-27.3,-0.6285,NONE,STOPPED
="2026-09-07 09:47:02",80107,110022,87440,22581,1000000,+0.0011,0.1700,-15.5,-29.9,-0.8039,NONE,STOPPED
="2026-09-07 09:47:03",80107,110022,87440,22581,1000000,+0.0011,0.1700,-8.2,-30.0,-0.8809,NONE,STOPPED
="2026-09-07 09:47:04",80107,110022,87440,22581,1000000,+0.0026,0.1700,-2.6,-29.9,-0.9480,NONE,STOPPED
="2026-09-07 09:47:05",80106,126598,104016,22581,1000000,+0.0025,0.1700,-3.7,-31.0,-1.0103,NONE,STOPPED
="2026-09-07 09:47:06",80100,126598,104016,22581,1000000,+0.0025,0.1700,-9.7,-37.1,-1.0873,NONE,STOPPED
="2026-09-07 09:47:07",80100,126598,104016,22581,1000000,+0.0025,0.1700,-7.1,-37.1,-1.1537,NONE,STOPPED
="2026-09-07 09:47:08",80100,126598,104016,22581,1000000,+0.0012,0.1700,-7.1,-37.1,-1.2104,NONE,STOPPED
="2026-09-07 09:47:09",80100,126598,104016,22581,1000000,+0.0012,0.1700,-7.1,-37.1,-1.2104,NONE,STOPPED
="2026-09-07 09:47:10",80100,126598,104016,22581,1000000,+0.0034,0.1700,-6.0,-37.1,-1.2975,NONE,STOPPED
="2026-09-07 09:47:11",80100,126598,104016,22581,1000000,+0.0034,0.1700,-0.0,-37.1,-1.3293,NONE,STOPPED
="2026-09-07 09:47:12",80100,126598,104016,22581,1000000,+0.0034,0.1700,-0.0,-37.1,-1.3541,NONE,STOPPED
="2026-09-07 09:47:13",80100,126598,104016,22581,1000000,+0.0034,0.1700,-6.0,-37.1,-1.3723,NONE,STOPPED
="2026-09-07 09:47:14",80100,126598,104016,22581,1000000,+0.0034,0.1700,-0.0,-37.1,-1.3847,NONE,STOPPED
="2026-09-07 09:47:15",80100,126598,104016,22581,1000000,+0.0034,0.1700,+0.0,-37.1,-1.3916,NONE,STOPPED
="2026-09-07 09:47:16",80100,150628,104016,46611,1000000,+0.0034,0.1700,+0.0,-37.1,-1.3935,NONE,STOPPED
="2026-09-07 09:47:17",80100,150628,104016,46611,1000000,+0.0034,0.1700,+0.0,-37.1,-1.3909,NONE,STOPPED
="2026-09-07 09:47:18",80100,150628,104016,46611,1000000,+0.0038,0.1700,+0.0,-37.1,-1.3909,NONE,STOPPED
="2026-09-07 09:47:19",80100,139422,104016,35406,1000000,+0.0038,0.1700,-0.0,-41.0,-1.4065,NONE,STOPPED
="2026-09-07 09:47:20",80100,139422,104016,35406,1000000,+0.0038,0.1700,-0.0,-41.0,-1.3560,NONE,STOPPED
="2026-09-07 09:47:21",80100,139422,104016,35406,1000000,+0.0038,0.1700,-0.0,-41.0,-1.3368,NONE,STOPPED
="2026-09-07 09:47:22",80100,139422,104016,35406,1000000,+0.0041,0.1700,+0.0,-41.0,-1.3148,NONE,STOPPED
="2026-09-07 09:47:23",80100,139422,104016,35406,1000000,+0.0041,0.1700,+0.0,-41.0,-1.2905,NONE,STOPPED
="2026-09-07 09:47:24",80100,139422,104016,35406,1000000,+0.0041,0.1700,+0.0,-41.0,-1.2640,NONE,STOPPED
="2026-09-07 09:47:25",80100,139422,104016,35406,1000000,+0.0040,0.1700,-0.0,-55.6,-1.2355,NONE,STOPPED
="2026-09-07 09:47:26",80100,139422,104016,35406,1000000,+0.0012,0.1700,+0.0,-55.6,-1.1965,NONE,STOPPED
="2026-09-07 09:47:27",80100,139422,104016,35406,1000000,+0.0012,0.1700,-0.0,-55.6,-1.1562,NONE,STOPPED
="2026-09-07 09:47:28",80100,139422,104016,35406,1000000,+0.0012,0.1700,-0.0,-55.6,-1.1562,NONE,STOPPED
="2026-09-07 09:47:29",80100,139422,104016,35406,1000000,+0.0012,0.1700,-0.0,-55.6,-1.1151,NONE,STOPPED
="2026-09-07 09:47:30",80100,139422,104016,35406,1000000,+0.0012,0.1700,-0.0,-55.6,-1.0296,NONE,STOPPED
="2026-09-07 09:47:31",80100,139422,104016,35406,1000000,+0.0012,0.1700,+0.0,-55.6,-0.9860,NONE,STOPPED
="2026-09-07 09:47:32",80100,139422,104016,35406,1000000,-0.0005,0.1700,-0.0,-55.6,-0.9420,NONE,STOPPED
="2026-09-07 09:47:33",80091,152533,117127,35406,1000000,-0.0005,0.1700,-8.1,-63.7,-0.9292,NONE,STOPPED
="2026-09-07 09:47:34",80112,236992,117127,119865,1000000,+0.0002,0.1700,+12.1,-53.2,-0.8344,NONE,STOPPED
="2026-09-07 09:47:35",80112,225616,117127,108489,1000000,+0.0002,0.1700,+12.1,-53.2,-0.7387,NONE,STOPPED
="2026-09-07 09:47:36",80112,225616,117127,108489,1000000,+0.0010,0.1700,+12.1,-53.2,-0.6477,NONE,STOPPED
="2026-09-07 09:47:37",80112,225616,117127,108489,1000000,+0.0010,0.1700,+12.1,-53.2,-0.6477,NONE,STOPPED
="2026-09-07 09:47:38",80112,225616,117127,108489,1000000,+0.0010,0.1700,+12.1,-53.2,-0.5612,NONE,STOPPED
="2026-09-07 09:47:39",80112,225616,117127,108489,1000000,-0.0011,0.1700,-0.0,-53.2,-0.4010,NONE,STOPPED
="2026-09-07 09:47:40",80112,225616,117127,108489,1000000,-0.0226,0.1700,+0.0,-53.2,-0.3268,NONE,STOPPED
="2026-09-07 09:47:41",80104,225616,117127,108489,1000000,-0.0226,0.1700,-7.1,-60.3,-0.2841,NONE,STOPPED
="2026-09-07 09:47:42",80094,225616,117127,108489,1000000,-0.0226,0.1700,-17.2,-70.4,-0.2812,NONE,STOPPED
="2026-09-07 09:47:43",80129,557170,117127,440043,1000000,-0.0226,0.1700,+17.6,-35.6,-0.1398,NONE,STOPPED
="2026-09-07 09:47:44",80129,557170,117127,440043,1000000,-0.0226,0.1700,+17.6,-15.5,-0.0092,NONE,STOPPED
="2026-09-07 09:47:45",80129,540635,100592,440043,1000000,-0.0241,0.1700,+17.6,-15.5,+0.0991,NONE,STOPPED
="2026-09-07 09:47:46",80129,540635,100592,440043,1000000,-0.0241,0.1700,+24.7,-15.5,+0.1983,NONE,STOPPED
="2026-09-07 09:47:47",80129,540635,100592,440043,1000000,-0.0201,0.1700,+24.7,-15.5,+0.1983,NONE,STOPPED
="2026-09-07 09:47:48",80145,588847,100592,488254,1000000,-0.0201,0.1700,+15.9,+5.7,+0.4335,NONE,STOPPED
="2026-09-07 09:47:49",80145,575542,87287,488254,1000000,-0.0201,0.1700,+15.9,+8.4,+0.5611,NONE,STOPPED
="2026-09-07 09:47:50",80145,575542,87287,488254,1000000,-0.0201,0.1700,+15.9,+8.4,+0.6744,NONE,STOPPED
="2026-09-07 09:47:51",80145,575542,87287,488254,1000000,-0.0208,0.1700,+15.9,+8.4,+0.7760,NONE,STOPPED
="2026-09-07 09:47:52",80153,575542,87287,488254,1000000,-0.0208,0.1700,+23.5,+30.6,+0.8965,NONE,STOPPED
="2026-09-07 09:47:53",80153,564081,75826,488254,1000000,-0.0207,0.1700,+7.7,+30.6,+0.9951,NONE,STOPPED
="2026-09-07 09:47:54",80164,564081,75826,488254,1000000,-0.0207,0.1700,+19.2,+42.1,+1.1264,NONE,STOPPED
="2026-09-07 09:47:55",80164,564081,75826,488254,1000000,-0.0208,0.1700,+19.2,+42.1,+1.2421,NONE,STOPPED
="2026-09-07 09:47:56",80164,564081,75826,488254,1000000,-0.0208,0.1700,+19.2,+42.1,+1.2421,NONE,STOPPED
="2026-09-07 09:47:57",80164,564081,75826,488254,1000000,-0.0215,0.1700,+19.2,+49.3,+1.4312,NONE,STOPPED
="2026-09-07 09:47:58",80178,569483,59694,509788,1000000,-0.0151,0.1700,+25.0,+68.4,+1.5546,NONE,STOPPED
="2026-09-07 09:47:59",80181,569483,59694,509788,1000000,-0.0151,0.1700,+16.9,+71.9,+1.6714,NONE,STOPPED
="2026-09-07 09:48:00",80181,569483,59694,509788,1000000,-0.0152,0.1700,+16.9,+71.9,+1.7714,NONE,STOPPED
="2026-09-07 09:48:01",80181,569483,59694,509788,1000000,-0.0152,0.1700,+16.9,+74.5,+1.8561,NONE,STOPPED
="2026-09-07 09:48:02",80181,539475,29686,509788,1000000,-0.0152,0.1700,+16.9,+74.5,+1.9249,NONE,STOPPED
="2026-09-07 09:48:03",80181,539475,29686,509788,1000000,-0.0153,0.1700,+16.9,+74.5,+1.9249,NONE,STOPPED
="2026-09-07 09:48:04",80181,539475,29686,509788,1000000,-0.0168,0.1700,+3.4,+74.5,+1.9807,NONE,STOPPED
="2026-09-07 09:48:05",80169,553672,43883,509788,1000000,-0.0169,0.1700,-11.8,+69.8,+2.0107,NONE,STOPPED
="2026-09-07 09:48:06",80169,553672,43883,509788,1000000,-0.0169,0.1700,-11.8,+69.8,+1.9877,NONE,STOPPED
="2026-09-07 09:48:07",80169,553672,43883,509788,1000000,-0.0169,0.1700,-11.8,+69.8,+1.9598,NONE,STOPPED
="2026-09-07 09:48:08",80169,553672,43883,509788,1000000,-0.0169,0.1700,-11.8,+69.8,+1.9276,NONE,STOPPED
="2026-09-07 09:48:09",80168,569268,59479,509788,1000000,-0.0169,0.1700,-13.3,+68.3,+1.8854,NONE,STOPPED
="2026-09-07 09:48:10",80162,569268,59479,509788,1000000,-0.0191,0.1700,-7.7,+62.1,+1.8163,NONE,STOPPED
="2026-09-07 09:48:11",80162,569268,59479,509788,1000000,-0.0240,0.1700,-7.7,+62.1,+1.7470,NONE,STOPPED
="2026-09-07 09:48:12",80162,569268,59479,509788,1000000,-0.0240,0.1700,-7.7,+62.1,+1.6778,NONE,STOPPED
="2026-09-07 09:48:13",80162,569268,59479,509788,1000000,-0.0240,0.1700,-7.7,+62.1,+1.6778,NONE,STOPPED
="2026-09-07 09:48:14",80162,580486,70697,509788,1000000,-0.0240,0.1700,-6.2,+62.1,+1.5399,NONE,STOPPED
="2026-09-07 09:48:15",80158,650375,140586,509788,1000000,-0.0240,0.1700,-3.8,+58.3,+1.4567,NONE,STOPPED
="2026-09-07 09:48:16",80156,626345,140586,485758,1000000,-0.0240,0.1700,-5.4,+56.7,+1.3691,NONE,STOPPED
="2026-09-07 09:48:17",80146,626345,140586,485758,1000000,-0.0240,0.1700,-15.1,+47.0,+1.2464,NONE,STOPPED
="2026-09-07 09:48:18",80146,626345,140586,485758,1000000,-0.0240,0.1700,-15.1,+47.0,+1.1301,NONE,STOPPED
="2026-09-07 09:48:19",80140,626345,140586,485758,1000000,-0.0240,0.1700,-21.9,+40.2,+0.9933,NONE,STOPPED
="2026-09-07 09:48:20",80140,626345,140586,485758,1000000,-0.0240,0.1700,-18.1,+40.2,+0.8650,NONE,STOPPED
="2026-09-07 09:48:21",80140,626345,140586,485758,1000000,-0.0255,0.1700,-16.5,+40.2,+0.7445,NONE,STOPPED
="2026-09-07 09:48:22",80140,626345,140586,485758,1000000,-0.0258,0.1700,-6.8,+40.2,+0.6315,NONE,STOPPED
="2026-09-07 09:48:23",80140,626345,140586,485758,1000000,-0.0258,0.1700,-6.8,+40.2,+0.6315,NONE,STOPPED
="2026-09-07 09:48:24",80135,626345,140586,485758,1000000,-0.0259,0.1700,-4.5,+35.7,+0.3931,NONE,STOPPED
="2026-09-07 09:48:25",80135,626345,140586,485758,1000000,-0.0259,0.1700,-4.5,+35.7,+0.2859,NONE,STOPPED
="2026-09-07 09:48:26",80130,626345,140586,485758,1000000,-0.0258,0.1700,-10.1,+30.1,+0.1645,NONE,STOPPED
="2026-09-07 09:48:27",80130,626345,140586,485758,1000000,-0.0255,0.1700,-10.1,+30.1,+0.0522,NONE,STOPPED
="2026-09-07 09:48:28",80130,626345,140586,485758,1000000,-0.0255,0.1700,-5.6,+30.1,-0.0514,NONE,STOPPED
="2026-09-07 09:48:29",80130,638364,140586,497778,1000000,-0.0255,0.1700,-5.5,+30.1,-0.1470,NONE,STOPPED
="2026-09-07 09:48:30",80132,638364,140586,497778,1000000,-0.0255,0.1700,-3.0,+32.7,-0.2251,NONE,STOPPED
="2026-09-07 09:48:31",80132,638364,140586,497778,1000000,-0.0255,0.1700,+2.6,+32.7,-0.2972,NONE,STOPPED
="2026-09-07 09:48:32",80132,638364,140586,497778,1000000,-0.0221,0.1700,+2.6,+32.7,-0.2972,NONE,STOPPED
="2026-09-07 09:48:33",80132,625254,127475,497778,1000000,-0.0221,0.1700,+2.6,+20.6,-0.4299,NONE,STOPPED
="2026-09-07 09:48:34",80132,540794,127475,413318,1000000,-0.0229,0.1700,+2.6,+20.6,-0.4787,NONE,STOPPED
="2026-09-07 09:48:35",80132,540794,127475,413318,1000000,-0.0229,0.1700,-0.0,+20.6,-0.5230,NONE,STOPPED
="2026-09-07 09:48:36",80132,540794,127475,413318,1000000,-0.0229,0.1700,-0.0,+20.6,-0.5633,NONE,STOPPED
="2026-09-07 09:48:37",80132,540794,127475,413318,1000000,-0.0229,0.1700,-0.0,+20.6,-0.5997,NONE,STOPPED
="2026-09-07 09:48:38",80129,540794,127475,413318,1000000,-0.0229,0.1700,-3.3,+17.3,-0.6454,NONE,STOPPED
="2026-09-07 09:48:39",80129,540794,127475,413318,1000000,-0.0229,0.1700,-3.3,+17.3,-0.6866,NONE,STOPPED
="2026-09-07 09:48:40",80129,540794,127475,413318,1000000,-0.0015,0.1700,-3.3,+24.4,-0.7233,NONE,STOPPED
="2026-09-07 09:48:41",80129,540794,127475,413318,1000000,-0.0015,0.1700,-3.3,+34.4,-0.7604,NONE,STOPPED
="2026-09-07 09:48:42",80129,540794,127475,413318,1000000,-0.0054,0.1700,-3.3,+34.4,-0.7604,NONE,STOPPED
="2026-09-07 09:48:43",80129,209240,127475,81764,1000000,-0.0054,0.1700,-3.3,-0.3,-0.7998,NONE,STOPPED
="2026-09-07 09:48:44",80129,209240,127475,81764,1000000,-0.0054,0.1700,-3.3,-0.3,-0.8260,NONE,STOPPED
="2026-09-07 09:48:45",80129,209240,127475,81764,1000000,-0.0054,0.1700,-0.0,-0.3,-0.8349,NONE,STOPPED
="2026-09-07 09:48:46",80129,209240,127475,81764,1000000,-0.0054,0.1700,-0.0,-0.3,-0.8413,NONE,STOPPED
="2026-09-07 09:48:47",80129,209240,127475,81764,1000000,-0.0095,0.1700,-0.0,-16.2,-0.8454,NONE,STOPPED
="2026-09-07 09:48:48",80129,161029,127475,33553,1000000,-0.0094,0.1700,+0.0,-16.2,-0.8377,NONE,STOPPED
="2026-09-07 09:48:49",80129,161029,127475,33553,1000000,-0.0094,0.1700,+0.0,-16.2,-0.8283,NONE,STOPPED
="2026-09-07 09:48:50",80129,161029,127475,33553,1000000,-0.0094,0.1700,-0.0,-16.2,-0.8174,NONE,STOPPED
="2026-09-07 09:48:51",80129,161029,127475,33553,1000000,-0.0094,0.1700,+0.0,-23.9,-0.8052,NONE,STOPPED
="2026-09-07 09:48:52",80129,161029,127475,33553,1000000,-0.0094,0.1700,+0.0,-23.9,-0.8052,NONE,STOPPED
="2026-09-07 09:48:53",80129,161029,127475,33553,1000000,-0.0094,0.1700,-0.0,-35.4,-0.7680,NONE,STOPPED
="2026-09-07 09:48:54",80129,161029,127475,33553,1000000,-0.0093,0.1700,-0.0,-35.4,-0.7410,NONE,STOPPED
="2026-09-07 09:48:55",80129,161029,127475,33553,1000000,-0.0093,0.1700,-0.0,-35.4,-0.7135,NONE,STOPPED
="2026-09-07 09:48:56",80129,161029,127475,33553,1000000,-0.0086,0.1700,-0.0,-35.4,-0.6854,NONE,STOPPED
="2026-09-07 09:48:57",80129,161029,127475,33553,1000000,-0.0086,0.1700,-0.0,-48.8,-0.6571,NONE,STOPPED
="2026-09-07 09:48:58",80129,139495,127475,12019,1000000,-0.0082,0.1700,-0.0,-52.2,-0.6202,NONE,STOPPED
="2026-09-07 09:48:59",80129,139495,127475,12019,1000000,-0.0082,0.1700,+0.0,-52.2,-0.5812,NONE,STOPPED
="2026-09-07 09:49:00",80129,139495,127475,12019,1000000,-0.0082,0.1700,+0.0,-52.2,-0.5423,NONE,STOPPED
="2026-09-07 09:49:01",80129,139495,127475,12019,1000000,-0.0082,0.1700,+0.0,-52.2,-0.5037,NONE,STOPPED
="2026-09-07 09:49:02",80129,139495,127475,12019,1000000,-0.0082,0.1700,+0.0,-52.2,-0.4652,NONE,STOPPED
="2026-09-07 09:49:03",80129,139495,127475,12019,1000000,-0.0081,0.1700,+0.0,-52.2,-0.4271,NONE,STOPPED
="2026-09-07 09:49:04",80129,139495,127475,12019,1000000,-0.0081,0.1700,+0.0,-40.4,-0.3893,NONE,STOPPED
="2026-09-07 09:49:05",80138,139027,96702,42324,1000000,-0.0080,0.1700,+9.0,-31.5,-0.3242,NONE,STOPPED
="2026-09-07 09:49:06",80138,139027,96702,42324,1000000,-0.0081,0.1700,+9.0,-31.5,-0.2629,NONE,STOPPED
="2026-09-07 09:49:07",80138,139027,96702,42324,1000000,-0.0081,0.1700,+9.0,-31.5,-0.2053,NONE,STOPPED
="2026-09-07 09:49:08",80138,139027,96702,42324,1000000,-0.0081,0.1700,+9.0,-31.5,-0.2053,NONE,STOPPED
="2026-09-07 09:49:09",80138,123432,81107,42324,1000000,-0.0066,0.1700,+9.0,-30.0,-0.1192,NONE,STOPPED
="2026-09-07 09:49:10",80138,123432,81107,42324,1000000,-0.0066,0.1700,-0.0,-23.8,-0.0574,NONE,STOPPED
="2026-09-07 09:49:11",80138,123432,81107,42324,1000000,-0.0016,0.1700,+9.0,-23.8,-0.0167,NONE,STOPPED
="2026-09-07 09:49:12",80138,123432,81107,42324,1000000,-0.0007,0.1700,-0.0,-23.8,+0.0214,NONE,STOPPED
="2026-09-07 09:49:13",80138,123432,81107,42324,1000000,-0.0007,0.1700,-0.0,-23.8,+0.0571,NONE,STOPPED
="2026-09-07 09:49:14",80138,112213,69888,42324,1000000,-0.0007,0.1700,-0.0,-20.0,+0.0904,NONE,STOPPED
="2026-09-07 09:49:15",80129,42324,0,42324,1000000,-0.0008,0.1700,-9.0,-27.3,+0.0845,NONE,STOPPED
="2026-09-07 09:49:16",80129,42324,0,42324,1000000,-0.0008,0.1700,-9.0,-17.6,+0.0791,NONE,STOPPED
="2026-09-07 09:49:17",80129,42324,0,42324,1000000,-0.0008,0.1700,-9.0,-17.6,+0.0791,NONE,STOPPED
="2026-09-07 09:49:18",80129,42324,0,42324,1000000,-0.0008,0.1700,-9.0,-17.6,+0.0692,NONE,STOPPED
="2026-09-07 09:49:19",80129,58482,0,58482,1000000,-0.0053,0.1700,-9.0,-10.8,+0.0496,NONE,STOPPED
="2026-09-07 09:49:20",80129,58482,0,58482,1000000,-0.0053,0.1700,+0.0,-10.8,+0.0398,NONE,STOPPED
="2026-09-07 09:49:21",80129,58482,0,58482,1000000,-0.0037,0.1700,-9.0,-10.8,+0.0311,NONE,STOPPED
="2026-09-07 09:49:22",80129,58482,0,58482,1000000,-0.0037,0.1700,-0.0,-6.3,+0.0236,NONE,STOPPED
="2026-09-07 09:49:23",80129,58482,0,58482,1000000,-0.0037,0.1700,-0.0,-6.3,+0.0145,NONE,STOPPED
="2026-09-07 09:49:24",80135,58482,0,58482,1000000,-0.0037,0.1700,+6.3,-0.0,+0.0308,NONE,STOPPED
="2026-09-07 09:49:25",80135,58482,0,58482,1000000,-0.0043,0.1700,+6.3,+5.5,+0.0456,NONE,STOPPED
="2026-09-07 09:49:26",80135,58482,0,58482,1000000,-0.0043,0.1700,+6.3,+5.5,+0.0557,NONE,STOPPED
="2026-09-07 09:49:27",80135,58482,0,58482,1000000,-0.0046,0.1700,+6.3,+5.5,+0.0557,NONE,STOPPED
="2026-09-07 09:49:28",80135,58482,0,58482,1000000,-0.0046,0.1700,+6.3,+5.5,+0.0645,NONE,STOPPED
="2026-09-07 09:49:29",80135,46462,0,46462,1000000,-0.0046,0.1700,+6.3,+2.9,+0.0788,NONE,STOPPED
="2026-09-07 09:49:30",80135,46462,0,46462,1000000,-0.0046,0.1700,+0.0,+3.0,+0.0861,NONE,STOPPED
="2026-09-07 09:49:31",80135,46462,0,46462,1000000,-0.0046,0.1700,-0.0,+2.9,+0.0924,NONE,STOPPED
="2026-09-07 09:49:32",80146,46462,0,46462,1000000,-0.0063,0.1700,+11.2,+14.2,+0.1416,NONE,STOPPED
="2026-09-07 09:49:33",80146,46462,0,46462,1000000,-0.0063,0.1700,+11.3,+14.2,+0.1857,NONE,STOPPED
="2026-09-07 09:49:34",80146,46462,0,46462,1000000,-0.0062,0.1700,+11.3,+14.2,+0.2249,NONE,STOPPED
="2026-09-07 09:49:35",80146,46462,0,46462,1000000,-0.0062,0.1700,+11.3,+14.2,+0.2596,NONE,STOPPED
="2026-09-07 09:49:36",80151,46462,0,46462,1000000,-0.0062,0.1700,+16.1,+19.1,+0.3088,NONE,STOPPED
="2026-09-07 09:49:37",80151,46462,0,46462,1000000,-0.0062,0.1700,+16.1,+19.1,+0.3088,NONE,STOPPED
="2026-09-07 09:49:38",80151,46462,0,46462,1000000,-0.0060,0.1700,+4.8,+22.4,+0.3524,NONE,STOPPED
="2026-09-07 09:49:39",80151,46462,0,46462,1000000,-0.0060,0.1700,+4.8,+22.4,+0.4197,NONE,STOPPED
="2026-09-07 09:49:40",80165,46462,0,46462,1000000,-0.0060,0.1700,+19.0,+36.6,+0.5016,NONE,STOPPED
="2026-09-07 09:49:41",80167,46462,0,46462,1000000,-0.0089,0.1700,+15.3,+37.6,+0.5779,NONE,STOPPED
="2026-09-07 09:49:42",80167,46462,0,46462,1000000,-0.0050,0.1700,+15.3,+37.6,+0.6448,NONE,STOPPED
="2026-09-07 09:49:43",80166,46462,0,46462,1000000,-0.0050,0.1700,+15.2,+37.6,+0.7029,NONE,STOPPED
="2026-09-07 09:49:44",80166,46462,0,46462,1000000,+0.0485,0.1700,+15.3,+37.6,+0.7529,NONE,STOPPED
="2026-09-07 09:49:45",80167,46462,0,46462,1000000,+0.0485,0.1700,+1.1,+37.6,+0.7954,NONE,STOPPED
="2026-09-07 09:49:46",80166,46462,0,46462,1000000,+0.0485,0.1700,-0.0,+37.6,+0.8310,NONE,STOPPED
="2026-09-07 09:49:47",80166,46462,0,46462,1000000,+0.0485,0.1700,-0.0,+37.6,+0.8310,NONE,STOPPED
="2026-09-07 09:49:48",80166,46462,0,46462,1000000,+0.0484,0.1700,-0.0,+37.6,+0.8602,NONE,STOPPED
="2026-09-07 09:49:49",80166,46462,0,46462,1000000,+0.0477,0.1700,-0.0,+37.6,+0.9012,NONE,STOPPED
="2026-09-07 09:49:50",80166,46462,0,46462,1000000,+0.0477,0.1700,-0.0,+37.6,+0.9141,NONE,STOPPED
="2026-09-07 09:49:51",80167,46462,0,46462,1000000,+0.0477,0.1700,+0.0,+37.6,+0.9226,NONE,STOPPED
="2026-09-07 09:49:52",80163,46462,0,46462,1000000,+0.0477,0.1700,-3.9,+33.8,+0.9119,NONE,STOPPED
="2026-09-07 09:49:53",80163,46462,0,46462,1000000,+0.0477,0.1700,-3.9,+33.8,+0.8989,NONE,STOPPED
="2026-09-07 09:49:54",80163,46462,0,46462,1000000,+0.0475,0.1700,-3.9,+33.8,+0.8839,NONE,STOPPED
="2026-09-07 09:49:55",80163,46462,0,46462,1000000,+0.0475,0.1700,-3.8,+33.8,+0.8670,NONE,STOPPED
="2026-09-07 09:49:56",80163,46462,0,46462,1000000,+0.0462,0.1700,-3.8,+33.8,+0.8670,NONE,STOPPED
="2026-09-07 09:49:57",80163,46462,0,46462,1000000,+0.0462,0.1700,-3.9,+33.8,+0.8484,NONE,STOPPED
="2026-09-07 09:49:58",80163,46462,0,46462,1000000,+0.0458,0.1700,+0.0,+33.8,+0.8070,NONE,STOPPED
="2026-09-07 09:49:59",80163,46462,0,46462,1000000,+0.0455,0.1700,+0.0,+33.8,+0.7846,NONE,STOPPED
="2026-09-07 09:50:00",80163,46462,0,46462,1000000,+0.0455,0.1700,+0.0,+33.8,+0.7610,NONE,STOPPED
="2026-09-07 09:50:01",80146,58058,11595,46462,1000000,+0.0455,0.1700,-16.6,+17.1,+0.6719,NONE,STOPPED
="2026-09-07 09:50:02",80146,58058,11595,46462,1000000,+0.0455,0.1700,-16.6,+17.1,+0.6719,NONE,STOPPED
="2026-09-07 09:50:03",80146,58058,11595,46462,1000000,+0.0455,0.1700,-16.7,+17.1,+0.5106,NONE,STOPPED
="2026-09-07 09:50:04",80146,58058,11595,46462,1000000,+0.0455,0.1700,-16.7,+8.1,+0.4378,NONE,STOPPED
="2026-09-07 09:50:05",80146,27752,11595,16157,1000000,+0.0447,0.1700,-16.7,+8.2,+0.3753,NONE,STOPPED
="2026-09-07 09:50:06",80146,27752,11595,16157,1000000,+0.0448,0.1700,-0.0,+8.2,+0.3171,NONE,STOPPED
="2026-09-07 09:50:07",80146,27752,11595,16157,1000000,+0.0448,0.1700,-0.0,+8.2,+0.2632,NONE,STOPPED
="2026-09-07 09:50:08",80146,27752,11595,16157,1000000,+0.0448,0.1700,+0.0,+8.2,+0.2131,NONE,STOPPED
="2026-09-07 09:50:09",80146,27752,11595,16157,1000000,+0.0448,0.1700,+0.0,+8.2,+0.1667,NONE,STOPPED
="2026-09-07 09:50:10",80146,27752,11595,16157,1000000,+0.0433,0.1700,+0.0,+8.2,+0.1667,NONE,STOPPED
="2026-09-07 09:50:11",80146,27752,11595,16157,1000000,+0.0433,0.1700,+0.0,+8.2,+0.0903,NONE,STOPPED
="2026-09-07 09:50:12",80146,27752,11595,16157,1000000,+0.0424,0.1700,+0.0,+8.2,+0.0472,NONE,STOPPED
="2026-09-07 09:50:13",80146,27752,11595,16157,1000000,+0.0424,0.1700,-0.0,+8.2,+0.0132,NONE,STOPPED
="2026-09-07 09:50:14",80146,27752,11595,16157,1000000,+0.0424,0.1700,-0.0,+17.1,-0.0182,NONE,STOPPED
="2026-09-07 09:50:15",80146,27752,11595,16157,1000000,+0.0424,0.1700,+0.0,+17.1,-0.0525,NONE,STOPPED
="2026-09-07 09:50:16",80146,27752,11595,16157,1000000,+0.0424,0.1700,+0.0,+17.1,-0.0844,NONE,STOPPED
="2026-09-07 09:50:17",80146,27752,11595,16157,1000000,+0.0424,0.1700,-0.0,+17.1,-0.1140,NONE,STOPPED
="2026-09-07 09:50:18",80146,27752,11595,16157,1000000,+0.0422,0.1700,+0.0,+17.1,-0.1414,NONE,STOPPED
="2026-09-07 09:50:19",80146,11595,11595,0,1000000,+0.0467,0.1700,+0.0,+17.1,-0.1669,NONE,STOPPED
="2026-09-07 09:50:20",80146,11595,11595,0,1000000,+0.0467,0.1700,+0.0,+17.1,-0.1669,NONE,STOPPED
="2026-09-07 09:50:21",80141,11595,11595,0,1000000,+0.0466,0.1700,-5.3,+11.8,-0.2515,NONE,STOPPED
="2026-09-07 09:50:22",80141,11595,11595,0,1000000,+0.0466,0.1700,-5.3,+11.8,-0.2883,NONE,STOPPED
="2026-09-07 09:50:23",80141,11595,11595,0,1000000,+0.0466,0.1700,-5.3,+5.5,-0.3217,NONE,STOPPED
="2026-09-07 09:50:24",80141,11595,11595,0,1000000,+0.0466,0.1700,-5.3,+5.5,-0.3482,NONE,STOPPED
="2026-09-07 09:50:25",80141,11595,11595,0,1000000,+0.0472,0.1700,+0.0,+5.5,-0.3718,NONE,STOPPED
="2026-09-07 09:50:26",80141,11595,11595,0,1000000,+0.0472,0.1700,+0.0,+5.5,-0.3929,NONE,STOPPED
="2026-09-07 09:50:27",80141,11595,11595,0,1000000,+0.0470,0.1700,+0.0,+5.5,-0.4114,NONE,STOPPED
="2026-09-07 09:50:28",80141,11595,11595,0,1000000,+0.0470,0.1700,-0.0,+5.5,-0.4278,NONE,STOPPED
="2026-09-07 09:50:29",80141,11595,11595,0,1000000,+0.0470,0.1700,-0.0,+5.5,-0.4278,NONE,STOPPED
="2026-09-07 09:50:30",80141,11595,11595,0,1000000,+0.0470,0.1700,-0.0,+5.5,-0.4545,NONE,STOPPED
="2026-09-07 09:50:31",80141,11595,11595,0,1000000,+0.0470,0.1700,-0.0,-5.7,-0.4650,NONE,STOPPED
="2026-09-07 09:50:32",80141,11595,11595,0,1000000,+0.0470,0.1700,+0.0,-5.7,-0.4671,NONE,STOPPED
="2026-09-07 09:50:33",80141,11595,11595,0,1000000,+0.0470,0.1700,+0.0,-5.7,-0.4677,NONE,STOPPED
="2026-09-07 09:50:34",80141,11595,11595,0,1000000,+0.0469,0.1700,-0.0,-5.8,-0.4672,NONE,STOPPED
="2026-09-07 09:50:35",80141,11595,11595,0,1000000,+0.0469,0.1700,-0.0,-10.6,-0.4655,NONE,STOPPED
="2026-09-07 09:50:36",80141,11595,11595,0,1000000,+0.0466,0.1700,-0.0,-10.6,-0.4598,NONE,STOPPED
="2026-09-07 09:50:37",80143,76190,11595,64595,1000000,+0.0466,0.1700,+2.6,-8.0,-0.4432,NONE,STOPPED
="2026-09-07 09:50:38",80143,76190,11595,64595,1000000,+0.0466,0.1700,+2.6,-8.0,-0.4432,NONE,STOPPED
="2026-09-07 09:50:39",80143,76190,11595,64595,1000000,+0.0466,0.1700,+2.6,-22.2,-0.4344,NONE,STOPPED
="2026-09-07 09:50:40",80143,76190,11595,64595,1000000,+0.0466,0.1700,+2.6,-23.3,-0.3864,NONE,STOPPED
="2026-09-07 09:50:41",80143,76190,11595,64595,1000000,+0.0494,0.1700,+2.6,-23.2,-0.3617,NONE,STOPPED
="2026-09-07 09:50:42",80143,76190,11595,64595,1000000,+0.0479,0.1700,-0.0,-23.2,-0.3376,NONE,STOPPED
="2026-09-07 09:50:43",80143,76190,11595,64595,1000000,+0.0479,0.1700,+2.6,-23.2,-0.3139,NONE,STOPPED
="2026-09-07 09:50:44",80143,76190,11595,64595,1000000,-0.0055,0.1700,+2.6,-23.2,-0.2907,NONE,STOPPED
="2026-09-07 09:50:45",80143,76190,11595,64595,1000000,-0.0070,0.1700,+0.0,-23.2,-0.2680,NONE,STOPPED
="2026-09-07 09:50:46",80143,76190,11595,64595,1000000,-0.0070,0.1700,-0.0,-23.2,-0.2459,NONE,STOPPED
="2026-09-07 09:50:47",80143,76190,11595,64595,1000000,-0.0070,0.1700,-0.0,-23.2,-0.2459,NONE,STOPPED
="2026-09-07 09:50:48",80122,102282,37687,64595,1000000,-0.0070,0.1700,-21.1,-44.4,-0.2920,NONE,STOPPED
="2026-09-07 09:50:49",80122,102282,37687,64595,1000000,-0.0063,0.1700,-21.1,-44.4,-0.3385,NONE,STOPPED
="2026-09-07 09:50:50",80122,102282,37687,64595,1000000,-0.0063,0.1700,-21.1,-44.4,-0.3845,NONE,STOPPED
="2026-09-07 09:50:51",80122,102282,37687,64595,1000000,-0.0063,0.1700,-21.1,-40.5,-0.4239,NONE,STOPPED
="2026-09-07 09:50:52",80122,102282,37687,64595,1000000,-0.0064,0.1700,-21.1,-40.5,-0.4594,NONE,STOPPED
="2026-09-07 09:50:53",80122,102282,37687,64595,1000000,-0.0064,0.1700,-0.0,-40.5,-0.4893,NONE,STOPPED
="2026-09-07 09:50:54",80122,102282,37687,64595,1000000,-0.0064,0.1700,+0.0,-40.5,-0.5138,NONE,STOPPED
="2026-09-07 09:50:55",80122,102282,37687,64595,1000000,-0.0077,0.1700,+0.0,-40.5,-0.5334,NONE,STOPPED
="2026-09-07 09:50:56",80122,102282,37687,64595,1000000,-0.0063,0.1700,-0.0,-40.5,-0.5486,NONE,STOPPED
="2026-09-07 09:50:57",80122,102282,37687,64595,1000000,-0.0063,0.1700,-0.0,-40.5,-0.5486,NONE,STOPPED
="2026-09-07 09:50:58",80122,102282,37687,64595,1000000,-0.0036,0.1700,-0.0,-40.5,-0.5669,NONE,STOPPED
="2026-09-07 09:50:59",80122,102282,37687,64595,1000000,-0.0033,0.1700,-0.0,-40.5,-0.5707,NONE,STOPPED
="2026-09-07 09:51:00",80122,102282,37687,64595,1000000,-0.0033,0.1700,+0.0,-23.9,-0.5713,NONE,STOPPED
="2026-09-07 09:51:01",80127,90686,26091,64595,1000000,-0.0043,0.1700,+5.1,-18.7,-0.5592,NONE,STOPPED
="2026-09-07 09:51:02",80127,90686,26091,64595,1000000,-0.0043,0.1700,+5.1,-18.7,-0.5462,NONE,STOPPED
="2026-09-07 09:51:03",80127,90686,26091,64595,1000000,+0.0000,0.1700,+5.1,-18.7,-0.5326,NONE,STOPPED
="2026-09-07 09:51:04",80127,90686,26091,64595,1000000,+0.0000,0.1700,+5.1,-18.7,-0.5183,NONE,STOPPED
="2026-09-07 09:51:05",80127,90686,26091,64595,1000000,+0.0008,0.1700,+5.1,-18.7,-0.5183,NONE,STOPPED
="2026-09-07 09:51:06",80127,90686,26091,64595,1000000,+0.0008,0.1700,+5.1,-18.7,-0.5034,NONE,STOPPED
="2026-09-07 09:51:07",80127,90686,26091,64595,1000000,+0.0007,0.1700,+0.0,-18.7,-0.4723,NONE,STOPPED
="2026-09-07 09:51:08",80127,90686,26091,64595,1000000,+0.0007,0.1700,-0.0,-18.7,-0.4562,NONE,STOPPED
="2026-09-07 09:51:09",80127,90686,26091,64595,1000000,+0.0007,0.1700,+0.0,-18.7,-0.4398,NONE,STOPPED
="2026-09-07 09:51:10",80127,90686,26091,64595,1000000,+0.0007,0.1700,+0.0,-18.7,-0.4232,NONE,STOPPED
="2026-09-07 09:51:11",80134,90686,26091,64595,1000000,+0.0007,0.1700,+6.9,-11.8,-0.3794,NONE,STOPPED
="2026-09-07 09:51:12",80134,90686,26091,64595,1000000,+0.0008,0.1700,+6.9,-11.8,-0.3383,NONE,STOPPED
="2026-09-07 09:51:13",80134,90686,26091,64595,1000000,-0.0003,0.1700,+6.9,-11.8,-0.2996,NONE,STOPPED
="2026-09-07 09:51:14",80134,90686,26091,64595,1000000,-0.0003,0.1700,+6.9,-11.8,-0.2633,NONE,STOPPED
="2026-09-07 09:51:15",80134,90686,26091,64595,1000000,-0.0003,0.1700,+6.9,-11.8,-0.2633,NONE,STOPPED
="2026-09-07 09:51:16",80134,90686,26091,64595,1000000,+0.0016,0.1700,+6.9,-11.8,-0.1970,NONE,STOPPED
="2026-09-07 09:51:17",80134,90686,26091,64595,1000000,+0.0016,0.1700,-0.0,-11.8,-0.1668,NONE,STOPPED
="2026-09-07 09:51:18",80134,90686,26091,64595,1000000,+0.0018,0.1700,-0.0,-11.8,-0.1385,NONE,STOPPED
="2026-09-07 09:51:19",80134,90686,26091,64595,1000000,+0.0018,0.1700,+0.0,-6.5,-0.1119,NONE,STOPPED
="2026-09-07 09:51:20",80134,90686,26091,64595,1000000,+0.0018,0.1700,+0.0,-6.5,-0.0901,NONE,STOPPED
="2026-09-07 09:51:21",80134,90686,26091,64595,1000000,+0.0019,0.1700,+0.0,-6.5,-0.0699,NONE,STOPPED
="2026-09-07 09:51:22",80134,90686,26091,64595,1000000,+0.0030,0.1700,+0.0,-6.5,-0.0510,NONE,STOPPED
="2026-09-07 09:51:23",80134,90686,26091,64595,1000000,+0.0030,0.1700,+0.0,-6.5,-0.0334,NONE,STOPPED
="2026-09-07 09:51:24",80134,90686,26091,64595,1000000,+0.0030,0.1700,+0.0,-6.5,-0.0334,NONE,STOPPED
="2026-09-07 09:51:25",80134,90686,26091,64595,1000000,+0.0030,0.1700,-0.0,-6.5,-0.0018,NONE,STOPPED
="2026-09-07 09:51:26",80134,90686,26091,64595,1000000,+0.0030,0.1700,-0.0,-6.5,+0.0123,NONE,STOPPED
="2026-09-07 09:51:27",80134,90686,26091,64595,1000000,+0.0031,0.1700,+0.0,-6.5,+0.0255,NONE,STOPPED
="2026-09-07 09:51:28",80134,90686,26091,64595,1000000,+0.0031,0.1700,-0.0,-6.5,+0.0376,NONE,STOPPED
="2026-09-07 09:51:29",80134,90686,26091,64595,1000000,+0.0032,0.1700,-0.0,-6.5,+0.0489,NONE,STOPPED
="2026-09-07 09:51:30",80134,90686,26091,64595,1000000,+0.0032,0.1700,-0.0,-6.5,+0.0594,NONE,STOPPED
="2026-09-07 09:51:31",80134,90686,26091,64595,1000000,+0.0032,0.1700,-0.0,-6.5,+0.0690,NONE,STOPPED
="2026-09-07 09:51:32",80134,90686,26091,64595,1000000,+0.0032,0.1700,+0.0,-6.5,+0.0780,NONE,STOPPED
="2026-09-07 09:51:33",80134,90686,26091,64595,1000000,+0.0032,0.1700,-0.0,-6.5,+0.0863,NONE,STOPPED
="2026-09-07 09:51:34",80134,90686,26091,64595,1000000,+0.0032,0.1700,-0.0,-6.5,+0.0863,NONE,STOPPED
="2026-09-07 09:51:35",80134,90686,26091,64595,1000000,+0.0033,0.1700,-0.0,-6.5,+0.1010,NONE,STOPPED
="2026-09-07 09:51:36",80134,90686,26091,64595,1000000,+0.0036,0.1700,+0.0,-9.1,+0.1075,NONE,STOPPED
="2026-09-07 09:51:37",80134,26091,26091,0,1000000,+0.0036,0.1700,-0.0,-9.1,+0.1150,NONE,STOPPED
="2026-09-07 09:51:38",80134,26091,26091,0,1000000,+0.0036,0.1700,+0.0,-9.1,+0.1220,NONE,STOPPED
="2026-09-07 09:51:39",80134,26091,26091,0,1000000,+0.0036,0.1700,-0.0,-9.1,+0.1284,NONE,STOPPED
="2026-09-07 09:51:40",80134,26091,26091,0,1000000,+0.0036,0.1700,-0.0,-9.1,+0.1345,NONE,STOPPED
="2026-09-07 09:51:41",80134,26091,26091,0,1000000,+0.0036,0.1700,+0.0,-9.0,+0.1401,NONE,STOPPED
="2026-09-07 09:51:42",80134,26091,26091,0,1000000,+0.0051,0.1700,+0.0,-9.1,+0.1453,NONE,STOPPED
="2026-09-07 09:51:43",80134,26091,26091,0,1000000,+0.0051,0.1700,+0.0,-9.1,+0.1453,NONE,STOPPED
="2026-09-07 09:51:44",80134,26091,26091,0,1000000,+0.0031,0.1700,+0.0,-9.1,+0.1501,NONE,STOPPED
="2026-09-07 09:51:45",80134,26091,26091,0,1000000,+0.0046,0.1700,+0.0,-9.0,+0.1587,NONE,STOPPED
="2026-09-07 09:51:46",80134,26091,26091,0,1000000,+0.0046,0.1700,-0.0,-9.1,+0.1625,NONE,STOPPED
="2026-09-07 09:51:47",80134,26091,26091,0,1000000,+0.0033,0.1700,-0.0,+12.1,+0.1659,NONE,STOPPED
="2026-09-07 09:51:48",80134,0,0,0,1000000,+0.0033,0.1700,+0.0,+12.1,+0.1563,NONE,STOPPED
="2026-09-07 09:51:49",80134,0,0,0,1000000,+0.0033,0.1700,-0.0,+12.1,+0.1467,NONE,STOPPED
="2026-09-07 09:51:50",80134,0,0,0,1000000,+0.0033,0.1700,+0.0,+12.1,+0.1372,NONE,STOPPED
="2026-09-07 09:51:51",80134,0,0,0,1000000,+0.0034,0.1700,-0.0,+12.1,+0.1277,NONE,STOPPED
="2026-09-07 09:51:52",80134,0,0,0,1000000,+0.0034,0.1700,-0.0,+12.1,+0.1277,NONE,STOPPED
="2026-09-07 09:51:53",80134,0,0,0,1000000,+0.0063,0.1700,-0.0,+12.1,+0.1090,NONE,STOPPED
="2026-09-07 09:51:54",80134,0,0,0,1000000,+0.0063,0.1700,+0.0,+12.1,+0.0999,NONE,STOPPED
="2026-09-07 09:51:55",80134,0,0,0,1000000,+0.0076,0.1700,+0.0,+12.1,+0.0908,NONE,STOPPED
="2026-09-07 09:51:56",80134,0,0,0,1000000,+0.0076,0.1700,+0.0,+12.1,+0.0819,NONE,STOPPED
="2026-09-07 09:51:57",80134,0,0,0,1000000,+0.0049,0.1700,-0.0,+12.1,+0.0730,NONE,STOPPED
="2026-09-07 09:51:58",80134,0,0,0,1000000,+0.0049,0.1700,-0.0,+12.1,+0.0643,NONE,STOPPED
="2026-09-07 09:51:59",80139,0,0,0,1000000,+0.0049,0.1700,+4.4,+16.5,+0.0731,NONE,STOPPED
="2026-09-07 09:52:00",80139,0,0,0,1000000,+0.0059,0.1700,+4.9,+11.9,+0.0820,NONE,STOPPED
="2026-09-07 09:52:01",80139,11734,0,11734,1000000,+0.0059,0.1700,+4.9,+11.9,+0.0820,NONE,STOPPED
="2026-09-07 09:52:02",80152,11734,0,11734,1000000,+0.0054,0.1700,+17.4,+24.3,+0.1743,NONE,STOPPED
="2026-09-07 09:52:03",80152,11734,0,11734,1000000,+0.0011,0.1700,+17.4,+24.3,+0.2228,NONE,STOPPED
="2026-09-07 09:52:04",80152,11734,0,11734,1000000,+0.0011,0.1700,+13.0,+24.3,+0.2656,NONE,STOPPED
="2026-09-07 09:52:05",80152,11734,0,11734,1000000,+0.0011,0.1700,+12.5,+24.3,+0.3030,NONE,STOPPED
="2026-09-07 09:52:06",80152,11734,0,11734,1000000,+0.0012,0.1700,+12.5,+24.3,+0.3030,NONE,STOPPED
="2026-09-07 09:52:07",80152,11734,0,11734,1000000,+0.0012,0.1700,+5.5,+24.3,+0.3356,NONE,STOPPED
="2026-09-07 09:52:08",80152,11734,0,11734,1000000,+0.0012,0.1700,+5.5,+24.3,+0.3874,NONE,STOPPED
="2026-09-07 09:52:09",80152,11734,0,11734,1000000,+0.0010,0.1700,+0.0,+24.4,+0.4073,NONE,STOPPED
="2026-09-07 09:52:10",80152,11734,0,11734,1000000,+0.0010,0.1700,+0.0,+17.4,+0.4237,NONE,STOPPED
="2026-09-07 09:52:11",80152,11734,0,11734,1000000,+0.0010,0.1700,+0.0,+17.4,+0.4409,NONE,STOPPED
="2026-09-07 09:52:12",80152,11734,0,11734,1000000,+0.0010,0.1700,+0.0,+17.4,+0.4551,NONE,STOPPED
="2026-09-07 09:52:13",80152,11734,0,11734,1000000,+0.0021,0.1700,+0.0,+17.4,+0.4663,NONE,STOPPED
="2026-09-07 09:52:14",80152,11734,0,11734,1000000,+0.0022,0.1700,+0.0,+17.4,+0.4748,NONE,STOPPED
="2026-09-07 09:52:15",80152,11734,0,11734,1000000,+0.0022,0.1700,+0.0,+17.4,+0.4748,NONE,STOPPED
="2026-09-07 09:52:16",80159,11734,0,11734,1000000,+0.0002,0.1700,+7.5,+24.9,+0.5103,NONE,STOPPED
="2026-09-07 09:52:17",80167,11734,0,11734,1000000,+0.0002,0.1700,+15.6,+33.0,+0.6253,NONE,STOPPED
="2026-09-07 09:52:18",80167,11734,0,11734,1000000,+0.0005,0.1700,+15.6,+33.0,+0.6714,NONE,STOPPED
="2026-09-07 09:52:19",80167,11734,0,11734,1000000,+0.0005,0.1700,+15.6,+33.0,+0.7108,NONE,STOPPED
="2026-09-07 09:52:20",80167,11734,0,11734,1000000,+0.0005,0.1700,+8.0,+33.0,+0.7439,NONE,STOPPED
="2026-09-07 09:52:21",80167,11734,0,11734,1000000,+0.0001,0.1700,+8.0,+33.0,+0.7712,NONE,STOPPED
="2026-09-07 09:52:22",80167,11734,0,11734,1000000,-0.0010,0.1700,+8.0,+33.0,+0.7932,NONE,STOPPED
="2026-09-07 09:52:23",80167,11734,0,11734,1000000,-0.0010,0.1700,+8.0,+33.0,+0.8102,NONE,STOPPED
="2026-09-07 09:52:24",80167,11734,0,11734,1000000,-0.0003,0.1700,-0.0,+33.0,+0.8228,NONE,STOPPED
="2026-09-07 09:52:25",80167,11734,0,11734,1000000,-0.0002,0.1700,-0.0,+33.0,+0.8228,NONE,STOPPED
="2026-09-07 09:52:26",80167,11734,0,11734,1000000,-0.0002,0.1700,-0.0,+32.9,+0.8358,NONE,STOPPED
="2026-09-07 09:52:27",80167,11734,0,11734,1000000,-0.0008,0.1700,+0.0,+33.0,+0.8369,NONE,STOPPED
="2026-09-07 09:52:28",80167,11734,0,11734,1000000,-0.0008,0.1700,-0.0,+33.0,+0.8349,NONE,STOPPED
="2026-09-07 09:52:29",80167,11734,0,11734,1000000,-0.0008,0.1700,-0.0,+33.0,+0.8300,NONE,STOPPED
="2026-09-07 09:52:30",80167,11734,0,11734,1000000,-0.0008,0.1700,-0.0,+33.0,+0.8225,NONE,STOPPED
="2026-09-07 09:52:31",80167,58814,0,58814,1000000,-0.0008,0.1700,-0.0,+32.9,+0.8126,NONE,STOPPED
="2026-09-07 09:52:32",80167,58814,0,58814,1000000,-0.0008,0.1700,+0.0,+33.0,+0.8006,NONE,STOPPED
="2026-09-07 09:52:33",80167,58814,0,58814,1000000,-0.0011,0.1700,-0.0,+32.9,+0.7866,NONE,STOPPED
="2026-09-07 09:52:34",80167,58814,0,58814,1000000,-0.0011,0.1700,-0.0,+32.9,+0.7866,NONE,STOPPED
="2026-09-07 09:52:35",80167,114314,0,114314,1000000,-0.0011,0.1700,+0.0,+33.0,+0.7538,NONE,STOPPED
="2026-09-07 09:52:36",80167,114314,0,114314,1000000,-0.0011,0.1700,+0.0,+33.0,+0.7353,NONE,STOPPED
="2026-09-07 09:52:37",80167,114314,0,114314,1000000,-0.0011,0.1700,+0.0,+33.0,+0.7155,NONE,STOPPED
="2026-09-07 09:52:38",80167,114314,0,114314,1000000,-0.0011,0.1700,-0.0,+33.0,+0.6947,NONE,STOPPED
="2026-09-07 09:52:39",80167,114314,0,114314,1000000,-0.0012,0.1700,+0.0,+33.0,+0.6729,NONE,STOPPED
="2026-09-07 09:52:40",80167,114314,0,114314,1000000,-0.0012,0.1700,-0.0,+32.9,+0.6503,NONE,STOPPED
="2026-09-07 09:52:41",80167,114314,0,114314,1000000,-0.0012,0.1700,+0.0,+33.0,+0.6271,NONE,STOPPED
="2026-09-07 09:52:42",80167,114314,0,114314,1000000,-0.0012,0.1700,-0.0,+32.9,+0.6032,NONE,STOPPED
="2026-09-07 09:52:43",80167,114314,0,114314,1000000,-0.0012,0.1700,-0.0,+32.9,+0.6032,NONE,STOPPED
="2026-09-07 09:52:44",80167,114314,0,114314,1000000,+0.0008,0.1700,-0.0,+32.9,+0.5542,NONE,STOPPED
="2026-09-07 09:52:45",80167,114314,0,114314,1000000,+0.0008,0.1700,-0.0,+33.0,+0.5292,NONE,STOPPED
="2026-09-07 09:52:46",80167,114314,0,114314,1000000,+0.0008,0.1700,+0.0,+33.0,+0.5040,NONE,STOPPED
="2026-09-07 09:52:47",80167,114314,0,114314,1000000,+0.0021,0.1700,+0.0,+33.0,+0.4786,NONE,STOPPED
="2026-09-07 09:52:48",80167,144763,0,144763,1000000,+0.0028,0.1700,+0.0,+33.0,+0.4532,NONE,STOPPED
="2026-09-07 09:52:49",80167,144763,0,144763,1000000,+0.0028,0.1700,-0.0,+32.9,+0.4277,NONE,STOPPED
="2026-09-07 09:52:50",80159,230129,38359,191769,1000000,+0.0028,0.1700,-8.0,+25.0,+0.3711,NONE,STOPPED
="2026-09-07 09:52:51",80159,230129,38359,191769,1000000,+0.0028,0.1700,-8.0,+24.9,+0.3176,NONE,STOPPED
="2026-09-07 09:52:52",80159,230129,38359,191769,1000000,+0.0028,0.1700,-8.0,+25.0,+0.2673,NONE,STOPPED
="2026-09-07 09:52:53",80159,230129,38359,191769,1000000,-0.0002,0.1700,-8.0,+25.0,+0.2673,NONE,STOPPED
="2026-09-07 09:52:54",80167,244967,38359,206608,1000000,+0.0000,0.1700,-0.0,+32.9,+0.2061,NONE,STOPPED
="2026-09-07 09:52:55",80167,244967,38359,206608,1000000,+0.0000,0.1700,+8.0,+32.9,+0.1919,NONE,STOPPED
="2026-09-07 09:52:56",80167,244967,38359,206608,1000000,+0.0000,0.1700,+8.0,+32.9,+0.1772,NONE,STOPPED
="2026-09-07 09:52:57",80167,244967,38359,206608,1000000,+0.0000,0.1700,+8.0,+32.9,+0.1620,NONE,STOPPED
="2026-09-07 09:52:58",80167,244967,38359,206608,1000000,+0.0003,0.1700,+8.0,+28.5,+0.1466,NONE,STOPPED
="2026-09-07 09:52:59",80167,244967,38359,206608,1000000,+0.0004,0.1700,+8.0,+28.0,+0.1335,NONE,STOPPED
="2026-09-07 09:53:00",80172,365192,38359,326832,1000000,+0.0004,0.1700,+4.9,+26.0,+0.1397,NONE,STOPPED
="2026-09-07 09:53:01",80172,353458,38359,315098,1000000,+0.0009,0.1700,+4.9,+20.5,+0.1479,NONE,STOPPED
="2026-09-07 09:53:02",80172,353458,38359,315098,1000000,+0.0009,0.1700,+4.9,+20.5,+0.1479,NONE,STOPPED
="2026-09-07 09:53:03",80172,353458,38359,315098,1000000,+0.0009,0.1700,+4.9,+20.5,+0.1648,NONE,STOPPED
="2026-09-07 09:53:04",80172,353458,38359,315098,1000000,+0.0002,0.1700,+4.9,+20.5,+0.1704,NONE,STOPPED
="2026-09-07 09:53:05",80172,353458,38359,315098,1000000,+0.0001,0.1700,-0.0,+20.5,+0.1744,NONE,STOPPED
="2026-09-07 09:53:06",80172,353458,38359,315098,1000000,+0.0002,0.1700,+0.0,+20.5,+0.1768,NONE,STOPPED
="2026-09-07 09:53:07",80172,353458,38359,315098,1000000,+0.0002,0.1700,-0.0,+20.5,+0.1778,NONE,STOPPED
="2026-09-07 09:53:08",80172,353458,38359,315098,1000000,+0.0003,0.1700,+0.0,+20.5,+0.1775,NONE,STOPPED
="2026-09-07 09:53:09",80172,353458,38359,315098,1000000,+0.0003,0.1700,+0.0,+20.5,+0.1761,NONE,STOPPED
="2026-09-07 09:53:10",80172,353458,38359,315098,1000000,-0.0037,0.1700,+0.0,+20.5,+0.1761,NONE,STOPPED
="2026-09-07 09:53:11",80172,353458,38359,315098,1000000,-0.0037,0.1700,+0.0,+20.5,+0.1700,NONE,STOPPED
="2026-09-07 09:53:12",80176,353458,38359,315098,1000000,-0.0037,0.1700,+3.9,+24.4,+0.1809,NONE,STOPPED
="2026-09-07 09:53:13",80177,353458,38359,315098,1000000,-0.0037,0.1700,+5.3,+25.7,+0.1947,NONE,STOPPED
="2026-09-07 09:53:14",80177,353458,38359,315098,1000000,-0.0038,0.1700,+5.2,+18.2,+0.2058,NONE,STOPPED
="2026-09-07 09:53:15",80177,353458,38359,315098,1000000,-0.0038,0.1700,+5.3,+10.2,+0.2190,NONE,STOPPED
="2026-09-07 09:53:16",80177,353458,38359,315098,1000000,-0.0043,0.1700,+5.2,+10.2,+0.2347,NONE,STOPPED
="2026-09-07 09:53:17",80177,353458,38359,315098,1000000,-0.0043,0.1700,+1.3,+10.2,+0.2482,NONE,STOPPED
="2026-09-07 09:53:18",80177,353458,38359,315098,1000000,-0.0045,0.1700,+1.3,+10.2,+0.2595,NONE,STOPPED
="2026-09-07 09:53:19",80177,353458,38359,315098,1000000,-0.0044,0.1700,+1.3,+10.2,+0.2595,NONE,STOPPED
="2026-09-07 09:53:20",80177,353458,38359,315098,1000000,-0.0044,0.1700,-0.0,+10.2,+0.2689,NONE,STOPPED
="2026-09-07 09:53:21",80179,353458,38359,315098,1000000,-0.0041,0.1700,+2.2,+12.3,+0.2908,NONE,STOPPED
="2026-09-07 09:53:22",80179,353458,38359,315098,1000000,-0.0041,0.1700,+2.2,+12.3,+0.3028,NONE,STOPPED
="2026-09-07 09:53:23",80180,353458,38359,315098,1000000,-0.0041,0.1700,+2.2,+12.4,+0.3126,NONE,STOPPED
="2026-09-07 09:53:24",80180,353458,38359,315098,1000000,-0.0049,0.1700,+2.2,+12.3,+0.3204,NONE,STOPPED
="2026-09-07 09:53:25",80180,353458,38359,315098,1000000,-0.0050,0.1700,+2.2,+12.4,+0.3264,NONE,STOPPED
="2026-09-07 09:53:26",80179,353458,38359,315098,1000000,-0.0050,0.1700,+2.2,+12.3,+0.3306,NONE,STOPPED
="2026-09-07 09:53:27",80180,353458,38359,315098,1000000,-0.0044,0.1700,+0.0,+12.4,+0.3333,NONE,STOPPED
="2026-09-07 09:53:28",80180,353458,38359,315098,1000000,-0.0044,0.1700,+0.0,+12.4,+0.3333,NONE,STOPPED
="2026-09-07 09:53:29",80179,353458,38359,315098,1000000,-0.0044,0.1700,-0.0,+12.3,+0.3346,NONE,STOPPED
="2026-09-07 09:53:30",80191,370408,38359,332049,1000000,-0.0045,0.1700,+11.6,+24.0,+0.3786,NONE,STOPPED
="2026-09-07 09:53:31",80191,370408,38359,332049,1000000,-0.0054,0.1700,+11.6,+24.0,+0.4171,NONE,STOPPED
="2026-09-07 09:53:32",80191,323327,38359,284968,1000000,-0.0054,0.1700,+11.6,+24.0,+0.4503,NONE,STOPPED
="2026-09-07 09:53:33",80191,323327,38359,284968,1000000,-0.0051,0.1700,+11.6,+24.0,+0.4787,NONE,STOPPED
="2026-09-07 09:53:34",80191,323327,38359,284968,1000000,-0.0051,0.1700,+11.6,+24.0,+0.5025,NONE,STOPPED
="2026-09-07 09:53:35",80191,267828,38359,229469,1000000,-0.0051,0.1700,+11.6,+24.0,+0.5223,NONE,STOPPED
="2026-09-07 09:53:36",80191,267828,38359,229469,1000000,-0.0051,0.1700,+0.0,+24.0,+0.5383,NONE,STOPPED
="2026-09-07 09:53:37",80191,267828,38359,229469,1000000,-0.0053,0.1700,+0.0,+24.0,+0.5509,NONE,STOPPED
="2026-09-07 09:53:38",80191,267828,38359,229469,1000000,-0.0053,0.1700,+0.0,+24.0,+0.5509,NONE,STOPPED
="2026-09-07 09:53:39",80191,267828,38359,229469,1000000,-0.0052,0.1700,+0.0,+24.0,+0.5602,NONE,STOPPED
="2026-09-07 09:53:40",80191,267828,38359,229469,1000000,-0.0052,0.1700,-0.0,+24.0,+0.5702,NONE,STOPPED
="2026-09-07 09:53:41",80191,267828,38359,229469,1000000,-0.0046,0.1700,-0.0,+24.0,+0.5713,NONE,STOPPED
="2026-09-07 09:53:42",80193,267828,38359,229469,1000000,-0.0046,0.1700,+2.1,+26.1,+0.5786,NONE,STOPPED
="2026-09-07 09:53:43",80166,683542,454073,229469,1000000,-0.0046,0.1700,-25.6,-1.6,+0.4751,NONE,STOPPED
="2026-09-07 09:53:44",80166,683542,454073,229469,1000000,-0.0046,0.1700,-25.6,-1.6,+0.3799,NONE,STOPPED
="2026-09-07 09:53:45",80152,683542,454073,229469,1000000,-0.0046,0.1700,-38.9,-14.9,+0.2406,NONE,STOPPED
="2026-09-07 09:53:46",80152,683542,454073,229469,1000000,-0.0046,0.1700,-38.9,-14.9,+0.1138,NONE,STOPPED
="2026-09-07 09:53:47",80152,683542,454073,229469,1000000,-0.0140,0.1700,-41.0,-14.9,-0.0015,NONE,STOPPED
="2026-09-07 09:53:48",80152,653093,454073,199019,1000000,-0.0147,0.1700,-41.0,-14.9,-0.0015,NONE,STOPPED
="2026-09-07 09:53:49",80152,653093,454073,199019,1000000,-0.0147,0.1700,-13.3,-6.9,-0.2004,NONE,STOPPED
="2026-09-07 09:53:50",80152,567727,415714,152013,1000000,-0.0129,0.1700,-0.0,-6.9,-0.2904,NONE,STOPPED
="2026-09-07 09:53:51",80152,567727,415714,152013,1000000,-0.0130,0.1700,-0.0,-6.9,-0.3715,NONE,STOPPED
="2026-09-07 09:53:52",80150,567727,415714,152013,1000000,-0.0130,0.1700,-2.8,-9.6,-0.4552,NONE,STOPPED
="2026-09-07 09:53:53",80144,643162,415714,227448,1000000,-0.0130,0.1700,-8.0,-22.9,-0.5507,NONE,STOPPED
="2026-09-07 09:53:54",80144,628323,415714,212609,1000000,-0.0132,0.1700,-8.0,-22.9,-0.6312,NONE,STOPPED
="2026-09-07 09:53:55",80135,646812,434202,212609,1000000,-0.0104,0.1700,-17.3,-32.2,-0.7384,NONE,STOPPED
="2026-09-07 09:53:56",80135,646812,434202,212609,1000000,-0.0104,0.1700,-17.3,-32.2,-0.8334,NONE,STOPPED
="2026-09-07 09:53:57",80135,646812,434202,212609,1000000,-0.0104,0.1700,-17.3,-32.2,-0.8334,NONE,STOPPED
="2026-09-07 09:53:58",80131,646812,434202,212609,1000000,-0.0107,0.1700,-18.3,-36.0,-0.9550,NONE,STOPPED
="2026-09-07 09:53:59",80131,646812,434202,212609,1000000,-0.0097,0.1700,-13.1,-40.9,-1.0931,NONE,STOPPED
="2026-09-07 09:54:00",80131,526588,434202,92385,1000000,-0.0097,0.1700,-3.8,-40.9,-1.1548,NONE,STOPPED
="2026-09-07 09:54:01",80131,526588,434202,92385,1000000,-0.0097,0.1700,-3.8,-40.9,-1.2071,NONE,STOPPED
="2026-09-07 09:54:02",80131,526588,434202,92385,1000000,-0.0107,0.1700,-3.8,-40.9,-1.2071,NONE,STOPPED
="2026-09-07 09:54:03",80131,526588,434202,92385,1000000,-0.0107,0.1700,+0.0,-40.9,-1.2860,NONE,STOPPED
="2026-09-07 09:54:04",80131,526588,434202,92385,1000000,-0.0100,0.1700,+0.0,-40.9,-1.3140,NONE,STOPPED
="2026-09-07 09:54:05",80131,526588,434202,92385,1000000,-0.0100,0.1700,-3.8,-40.9,-1.3352,NONE,STOPPED
="2026-09-07 09:54:06",80131,526588,434202,92385,1000000,-0.0100,0.1700,-0.0,-40.9,-1.3501,NONE,STOPPED
="2026-09-07 09:54:07",80131,526588,434202,92385,1000000,-0.0100,0.1700,-0.0,-40.9,-1.3593,NONE,STOPPED
="2026-09-07 09:54:08",80131,526588,434202,92385,1000000,-0.0099,0.1700,+0.0,-40.9,-1.3632,NONE,STOPPED
="2026-09-07 09:54:09",80131,526588,434202,92385,1000000,-0.0058,0.1700,+0.0,-40.9,-1.3623,NONE,STOPPED
="2026-09-07 09:54:10",80131,526588,434202,92385,1000000,-0.0058,0.1700,+0.0,-40.9,-1.3623,NONE,STOPPED
="2026-09-07 09:54:11",80131,526588,434202,92385,1000000,-0.0034,0.1700,+0.0,-40.9,-1.3571,NONE,STOPPED
="2026-09-07 09:54:12",80131,526588,434202,92385,1000000,-0.0034,0.1700,-0.0,-46.2,-1.3326,NONE,STOPPED
="2026-09-07 09:54:13",80131,526588,434202,92385,1000000,-0.0034,0.1700,+0.0,-46.2,-1.3133,NONE,STOPPED
="2026-09-07 09:54:14",80131,526588,434202,92385,1000000,-0.0034,0.1700,-0.0,-46.2,-1.2912,NONE,STOPPED
="2026-09-07 09:54:15",80131,526588,434202,92385,1000000,-0.0034,0.1700,+0.0,-46.2,-1.2665,NONE,STOPPED
="2026-09-07 09:54:16",80131,526588,434202,92385,1000000,-0.0029,0.1700,+0.0,-46.2,-1.2395,NONE,STOPPED
="2026-09-07 09:54:17",80131,526588,434202,92385,1000000,-0.0029,0.1700,+0.0,-46.2,-1.2104,NONE,STOPPED
="2026-09-07 09:54:18",80131,526588,434202,92385,1000000,-0.0029,0.1700,+0.0,-46.2,-1.1796,NONE,STOPPED
="2026-09-07 09:54:19",80136,540345,434202,106143,1000000,-0.0030,0.1700,+5.1,-41.1,-1.1272,NONE,STOPPED
="2026-09-07 09:54:20",80136,540345,434202,106143,1000000,-0.0030,0.1700,+5.1,-41.1,-1.1272,NONE,STOPPED
="2026-09-07 09:54:21",80136,540345,434202,106143,1000000,-0.0030,0.1700,+5.1,-43.2,-1.0232,NONE,STOPPED
="2026-09-07 09:54:22",80136,540345,434202,106143,1000000,-0.0029,0.1700,+5.1,-43.2,-0.9716,NONE,STOPPED
="2026-09-07 09:54:23",80136,540345,434202,106143,1000000,-0.0036,0.1700,+5.1,-43.2,-0.9209,NONE,STOPPED
="2026-09-07 09:54:24",80136,540345,434202,106143,1000000,-0.0036,0.1700,+5.1,-43.2,-0.8709,NONE,STOPPED
="2026-09-07 09:54:25",80136,540345,434202,106143,1000000,-0.0034,0.1700,-0.0,-43.2,-0.8219,NONE,STOPPED
="2026-09-07 09:54:26",80136,540345,434202,106143,1000000,-0.0034,0.1700,+0.0,-43.2,-0.7737,NONE,STOPPED
="2026-09-07 09:54:27",80136,540345,434202,106143,1000000,-0.0034,0.1700,+0.0,-43.2,-0.7264,NONE,STOPPED
="2026-09-07 09:54:28",80136,540345,434202,106143,1000000,-0.0034,0.1700,+0.0,-43.2,-0.6800,NONE,STOPPED
="2026-09-07 09:54:29",80136,540345,434202,106143,1000000,-0.0034,0.1700,+0.0,-43.2,-0.6800,NONE,STOPPED
="2026-09-07 09:54:30",80136,523395,434202,89192,1000000,-0.0035,0.1700,-0.0,-54.9,-0.5995,NONE,STOPPED
="2026-09-07 09:54:31",80136,523395,434202,89192,1000000,-0.0026,0.1700,+0.0,-54.9,-0.5326,NONE,STOPPED
="2026-09-07 09:54:32",80127,538021,448829,89192,1000000,-0.0025,0.1700,-9.6,-64.5,-0.5208,NONE,STOPPED
="2026-09-07 09:54:33",80127,564191,474998,89192,1000000,-0.0025,0.1700,-9.6,-64.5,-0.5064,NONE,STOPPED
="2026-09-07 09:54:34",80127,564191,474998,89192,1000000,-0.0025,0.1700,-9.6,-64.5,-0.4895,NONE,STOPPED
="2026-09-07 09:54:35",80127,564191,474998,89192,1000000,-0.0025,0.1700,-9.6,-64.5,-0.4705,NONE,STOPPED
="2026-09-07 09:54:36",80127,564191,474998,89192,1000000,-0.0025,0.1700,-9.6,-64.5,-0.4496,NONE,STOPPED
="2026-09-07 09:54:37",80127,564191,474998,89192,1000000,-0.0023,0.1700,-0.0,-64.5,-0.4270,NONE,STOPPED
="2026-09-07 09:54:38",80127,564191,474998,89192,1000000,-0.0023,0.1700,-9.6,-64.5,-0.4028,NONE,STOPPED
="2026-09-07 09:54:39",80127,564191,474998,89192,1000000,+0.0027,0.1700,-9.6,-64.5,-0.4028,NONE,STOPPED
="2026-09-07 09:54:40",80127,564191,474998,89192,1000000,+0.0027,0.1700,-0.0,-64.5,-0.3773,NONE,STOPPED
="2026-09-07 09:54:41",80127,564191,474998,89192,1000000,+0.0020,0.1700,-0.0,-66.7,-0.3230,NONE,STOPPED
="2026-09-07 09:54:42",80127,577140,474998,102141,1000000,+0.0020,0.1700,+0.0,-38.9,-0.2932,NONE,STOPPED
="2026-09-07 09:54:43",80127,161426,59284,102141,1000000,+0.0020,0.1700,-0.0,-38.9,-0.2795,NONE,STOPPED
="2026-09-07 09:54:44",80127,161426,59284,102141,1000000,+0.0020,0.1700,+0.0,-25.6,-0.2649,NONE,STOPPED
="2026-09-07 09:54:45",80136,183280,59284,123995,1000000,+0.0020,0.1700,+9.6,-16.0,-0.2200,NONE,STOPPED
="2026-09-07 09:54:46",80136,183280,59284,123995,1000000,+0.0115,0.1700,+9.6,-16.0,-0.1779,NONE,STOPPED
="2026-09-07 09:54:47",80136,183280,59284,123995,1000000,+0.0115,0.1700,+9.6,-16.0,-0.1385,NONE,STOPPED
="2026-09-07 09:54:48",80136,183280,59284,123995,1000000,+0.0112,0.1700,+9.6,-16.0,-0.1385,NONE,STOPPED
="2026-09-07 09:54:49",80136,183280,59284,123995,1000000,+0.0112,0.1700,+9.7,-16.0,-0.0672,NONE,STOPPED
="2026-09-07 09:54:50",80136,183280,59284,123995,1000000,+0.0094,0.1700,+0.0,-16.0,-0.0350,NONE,STOPPED
="2026-09-07 09:54:51",80136,183280,59284,123995,1000000,+0.0094,0.1700,+9.6,-13.2,-0.0049,NONE,STOPPED
="2026-09-07 09:54:52",80139,206721,59284,147436,1000000,+0.0094,0.1700,+3.2,-4.8,+0.0340,NONE,STOPPED
="2026-09-07 09:54:53",80152,209703,59284,150418,1000000,+0.0094,0.1700,+16.1,+8.1,+0.1167,NONE,STOPPED
="2026-09-07 09:54:54",80152,209703,59284,150418,1000000,+0.0094,0.1700,+16.1,+17.4,+0.1916,NONE,STOPPED
="2026-09-07 09:54:55",80152,191214,40796,150418,1000000,+0.0067,0.1700,+16.1,+17.4,+0.2534,NONE,STOPPED
="2026-09-07 09:54:56",80152,191214,40796,150418,1000000,+0.0067,0.1700,+16.1,+21.2,+0.3086,NONE,STOPPED
="2026-09-07 09:54:57",80152,191214,40796,150418,1000000,+0.0067,0.1700,+16.1,+21.2,+0.3086,NONE,STOPPED
="2026-09-07 09:54:58",80152,191214,40796,150418,1000000,+0.0045,0.1700,+12.9,+21.2,+0.3553,NONE,STOPPED
="2026-09-07 09:54:59",80152,191214,40796,150418,1000000,+0.0034,0.1700,-0.0,+21.2,+0.4319,NONE,STOPPED
="2026-09-07 09:55:00",80152,191214,40796,150418,1000000,+0.0033,0.1700,+0.0,+21.2,+0.4556,NONE,STOPPED
="2026-09-07 09:55:01",80152,191214,40796,150418,1000000,+0.0043,0.1700,-0.0,+21.2,+0.4889,NONE,STOPPED
="2026-09-07 09:55:02",80152,191214,40796,150418,1000000,+0.0043,0.1700,-0.0,+21.2,+0.5109,NONE,STOPPED
="2026-09-07 09:55:03",80152,191214,40796,150418,1000000,+0.0034,0.1700,-0.0,+21.2,+0.5291,NONE,STOPPED
="2026-09-07 09:55:04",80152,191214,40796,150418,1000000,+0.0034,0.1700,-0.0,+21.2,+0.5291,NONE,STOPPED
="2026-09-07 09:55:05",80152,191214,40796,150418,1000000,+0.0034,0.1700,-0.0,+21.2,+0.5437,NONE,STOPPED
="2026-09-07 09:55:06",80150,204301,53882,150418,1000000,+0.0034,0.1700,-2.6,+18.6,+0.5535,NONE,STOPPED
="2026-09-07 09:55:07",80138,204301,53882,150418,1000000,+0.0034,0.1700,-14.4,+6.8,+0.5039,NONE,STOPPED
="2026-09-07 09:55:08",80158,294042,53882,240159,1000000,+0.0033,0.1700,+5.5,+26.7,+0.5348,NONE,STOPPED
="2026-09-07 09:55:09",80158,294042,53882,240159,1000000,+0.0033,0.1700,+5.4,+26.6,+0.5607,NONE,STOPPED
="2026-09-07 09:55:10",80158,294042,53882,240159,1000000,+0.0037,0.1700,+5.4,+26.7,+0.5822,NONE,STOPPED
="2026-09-07 09:55:11",80158,294042,53882,240159,1000000,+0.0012,0.1700,+8.0,+26.6,+0.5994,NONE,STOPPED
="2026-09-07 09:55:12",80158,294042,53882,240159,1000000,+0.0012,0.1700,+19.9,+26.7,+0.6128,NONE,STOPPED
="2026-09-07 09:55:13",80158,294042,53882,240159,1000000,+0.0008,0.1700,-0.0,+26.6,+0.6227,NONE,STOPPED
="2026-09-07 09:55:14",80158,294042,53882,240159,1000000,+0.0008,0.1700,-0.0,+26.6,+0.6227,NONE,STOPPED
="2026-09-07 09:55:15",80158,294042,53882,240159,1000000,+0.0008,0.1700,+0.0,+26.7,+0.6294,NONE,STOPPED
="2026-09-07 09:55:16",80158,294042,53882,240159,1000000,+0.0271,0.1700,+0.0,+26.7,+0.6341,NONE,STOPPED
="2026-09-07 09:55:17",80158,294042,53882,240159,1000000,+0.0270,0.1700,+0.0,+26.7,+0.6326,NONE,STOPPED
="2026-09-07 09:55:18",80158,294042,53882,240159,1000000,+0.0270,0.1700,-0.0,+21.5,+0.6288,NONE,STOPPED
="2026-09-07 09:55:19",80158,280284,53882,226402,1000000,+0.0268,0.1700,+0.0,+21.5,+0.6262,NONE,STOPPED
="2026-09-07 09:55:20",80158,280284,53882,226402,1000000,+0.0268,0.1700,+0.0,+21.5,+0.6216,NONE,STOPPED
="2026-09-07 09:55:21",80158,280284,53882,226402,1000000,+0.0268,0.1700,-0.0,+21.5,+0.6152,NONE,STOPPED
="2026-09-07 09:55:22",80158,280284,53882,226402,1000000,+0.0268,0.1700,+0.0,+21.5,+0.6073,NONE,STOPPED
="2026-09-07 09:55:23",80158,280284,53882,226402,1000000,+0.0275,0.1700,+0.0,+21.5,+0.5980,NONE,STOPPED
="2026-09-07 09:55:24",80158,280284,53882,226402,1000000,+0.0275,0.1700,+0.0,+21.5,+0.5980,NONE,STOPPED
="2026-09-07 09:55:25",80158,280284,53882,226402,1000000,+0.0279,0.1700,-0.0,+21.5,+0.5756,NONE,STOPPED
="2026-09-07 09:55:26",80158,280284,53882,226402,1000000,+0.0279,0.1700,+0.0,+21.5,+0.5629,NONE,STOPPED
="2026-09-07 09:55:27",80158,280284,53882,226402,1000000,+0.0279,0.1700,+0.0,+21.5,+0.5492,NONE,STOPPED
="2026-09-07 09:55:28",80158,280284,53882,226402,1000000,+0.0267,0.1700,+0.0,+21.5,+0.5347,NONE,STOPPED
="2026-09-07 09:55:29",80158,280284,53882,226402,1000000,+0.0267,0.1700,+0.0,+21.5,+0.5196,NONE,STOPPED
="2026-09-07 09:55:30",80158,280284,53882,226402,1000000,+0.0268,0.1700,+0.0,+21.5,+0.5038,NONE,STOPPED
="2026-09-07 09:55:31",80168,280284,53882,226402,1000000,+0.0268,0.1700,+9.7,+40.9,+0.5253,NONE,STOPPED
="2026-09-07 09:55:32",80179,265658,39256,226402,1000000,+0.0267,0.1700,+20.9,+52.1,+0.5803,NONE,STOPPED
="2026-09-07 09:55:33",80179,239488,13086,226402,1000000,+0.0267,0.1700,+20.9,+52.1,+0.5803,NONE,STOPPED
="2026-09-07 09:55:34",80179,239488,13086,226402,1000000,+0.0267,0.1700,+20.9,+52.1,+0.6271,NONE,STOPPED
="2026-09-07 09:55:35",80184,239488,13086,226402,1000000,+0.0267,0.1700,+26.6,+57.7,+0.7207,NONE,STOPPED
="2026-09-07 09:55:36",80184,239488,13086,226402,1000000,+0.0267,0.1700,+16.8,+57.7,+0.7663,NONE,STOPPED
="2026-09-07 09:55:37",80184,239488,13086,226402,1000000,+0.0287,0.1700,+5.6,+57.7,+0.8040,NONE,STOPPED
="2026-09-07 09:55:38",80184,239488,13086,226402,1000000,+0.0287,0.1700,+5.6,+57.7,+0.8343,NONE,STOPPED
="2026-09-07 09:55:39",80184,239488,13086,226402,1000000,+0.0237,0.1700,+5.6,+57.7,+0.8579,NONE,STOPPED
="2026-09-07 09:55:40",80184,239488,13086,226402,1000000,+0.0237,0.1700,+5.6,+57.8,+0.8753,NONE,STOPPED
="2026-09-07 09:55:41",80184,239488,13086,226402,1000000,+0.0237,0.1700,-0.0,+57.7,+0.8869,NONE,STOPPED
="2026-09-07 09:55:42",80184,226539,13086,213452,1000000,+0.0237,0.1700,+0.0,+57.8,+0.8935,NONE,STOPPED
="2026-09-07 09:55:43",80184,226539,13086,213452,1000000,+0.0237,0.1700,+0.0,+57.8,+0.8935,NONE,STOPPED
="2026-09-07 09:55:44",80184,226539,13086,213452,1000000,+0.0235,0.1700,+0.0,+48.1,+0.8926,NONE,STOPPED
="2026-09-07 09:55:45",80184,204685,13086,191598,1000000,+0.0235,0.1700,+0.0,+48.1,+0.8919,NONE,STOPPED
="2026-09-07 09:55:46",80184,204685,13086,191598,1000000,+0.0235,0.1700,+0.0,+48.1,+0.8874,NONE,STOPPED
="2026-09-07 09:55:47",80184,204685,13086,191598,1000000,+0.0235,0.1700,+0.0,+48.1,+0.8796,NONE,STOPPED
="2026-09-07 09:55:48",80184,204685,13086,191598,1000000,+0.0238,0.1700,+0.0,+48.1,+0.8687,NONE,STOPPED
="2026-09-07 09:55:49",80184,204685,13086,191598,1000000,+0.0238,0.1700,-0.0,+48.1,+0.8550,NONE,STOPPED
="2026-09-07 09:55:50",80179,277847,86248,191598,1000000,+0.0237,0.1700,-5.6,+42.5,+0.8170,NONE,STOPPED
="2026-09-07 09:55:51",80179,277847,86248,191598,1000000,+0.0237,0.1700,-5.6,+39.3,+0.7789,NONE,STOPPED
="2026-09-07 09:55:52",80179,254406,86248,168158,1000000,+0.0237,0.1700,-5.6,+26.4,+0.7428,NONE,STOPPED
="2026-09-07 09:55:53",80179,175989,86248,89741,1000000,+0.0237,0.1700,-5.6,+26.4,+0.7428,NONE,STOPPED
="2026-09-07 09:55:54",80179,175989,86248,89741,1000000,+0.0237,0.1700,-5.6,+26.4,+0.7145,NONE,STOPPED
="2026-09-07 09:55:55",80179,175989,86248,89741,1000000,+0.0236,0.1700,+0.0,+26.4,+0.6580,NONE,STOPPED
="2026-09-07 09:55:56",80179,175989,86248,89741,1000000,+0.0211,0.1700,-0.0,+26.4,+0.6298,NONE,STOPPED
="2026-09-07 09:55:57",80179,175989,86248,89741,1000000,+0.0233,0.1700,-0.0,+26.4,+0.6017,NONE,STOPPED
="2026-09-07 09:55:58",80179,175989,86248,89741,1000000,+0.0233,0.1700,+0.0,+26.4,+0.5738,NONE,STOPPED
="2026-09-07 09:55:59",80179,175989,86248,89741,1000000,+0.0233,0.1700,-0.0,+26.4,+0.5461,NONE,STOPPED
="2026-09-07 09:56:00",80179,175989,86248,89741,1000000,+0.0234,0.1700,+0.0,+26.4,+0.5186,NONE,STOPPED
="2026-09-07 09:56:01",80172,200749,111008,89741,1000000,+0.0234,0.1700,-7.1,+19.2,+0.4637,NONE,STOPPED
="2026-09-07 09:56:02",80172,200749,111008,89741,1000000,+0.0234,0.1700,-7.1,+19.2,+0.4637,NONE,STOPPED
="2026-09-07 09:56:03",80171,200749,111008,89741,1000000,+0.0243,0.1700,-7.4,+19.0,+0.3612,NONE,STOPPED
="2026-09-07 09:56:04",80171,200749,111008,89741,1000000,+0.0243,0.1700,-7.4,+19.0,+0.3144,NONE,STOPPED
="2026-09-07 09:56:05",80171,200749,111008,89741,1000000,+0.0243,0.1700,-7.4,+21.6,+0.2703,NONE,STOPPED
="2026-09-07 09:56:06",80171,187662,97921,89741,1000000,+0.0243,0.1700,-0.2,+33.4,+0.2272,NONE,STOPPED
="2026-09-07 09:56:07",80171,187662,97921,89741,1000000,+0.0243,0.1700,-0.2,+13.6,+0.1793,NONE,STOPPED
="2026-09-07 09:56:08",80171,97921,97921,0,1000000,+0.0243,0.1700,+0.0,+13.6,+0.1460,NONE,STOPPED
="2026-09-07 09:56:09",80171,146528,146528,0,1000000,+0.0243,0.1700,+0.0,+13.6,+0.1148,NONE,STOPPED
="2026-09-07 09:56:10",80147,146528,146528,0,1000000,+0.0239,0.1700,-24.8,-11.3,-0.0111,NONE,STOPPED
="2026-09-07 09:56:11",80147,146528,146528,0,1000000,+0.0239,0.1700,-24.8,-11.3,-0.0111,NONE,STOPPED
="2026-09-07 09:56:12",80147,146528,146528,0,1000000,+0.0239,0.1700,-24.8,-11.3,-0.1254,NONE,STOPPED
="2026-09-07 09:56:13",80147,163528,146528,16999,1000000,+0.0243,0.1700,-24.9,-11.3,-0.3224,NONE,STOPPED
="2026-09-07 09:56:14",80147,163528,146528,16999,1000000,+0.0243,0.1700,-24.8,-11.3,-0.4064,NONE,STOPPED
="2026-09-07 09:56:15",80147,163528,146528,16999,1000000,+0.0243,0.1700,-24.8,-11.3,-0.4818,NONE,STOPPED
="2026-09-07 09:56:16",80147,163528,146528,16999,1000000,-0.0019,0.1700,+0.0,-11.3,-0.5490,NONE,STOPPED
="2026-09-07 09:56:17",80147,163528,146528,16999,1000000,-0.0087,0.1700,+0.0,-11.3,-0.6087,NONE,STOPPED
="2026-09-07 09:56:18",80147,163528,146528,16999,1000000,-0.0084,0.1700,+0.0,-11.3,-0.6615,NONE,STOPPED
="2026-09-07 09:56:19",80147,163528,146528,16999,1000000,-0.0084,0.1700,+0.0,-11.3,-0.7078,NONE,STOPPED
="2026-09-07 09:56:20",80147,163528,146528,16999,1000000,-0.0085,0.1700,-0.0,-11.3,-0.7481,NONE,STOPPED
="2026-09-07 09:56:21",80147,163528,146528,16999,1000000,-0.0085,0.1700,-0.0,-11.3,-0.7481,NONE,STOPPED
="2026-09-07 09:56:22",80147,163528,146528,16999,1000000,-0.0085,0.1700,-0.0,-11.3,-0.8125,NONE,STOPPED
="2026-09-07 09:56:23",80147,163528,146528,16999,1000000,-0.0085,0.1700,+0.0,-11.3,-0.8374,NONE,STOPPED
="2026-09-07 09:56:24",80147,163528,146528,16999,1000000,-0.0085,0.1700,-0.0,-11.3,-0.8579,NONE,STOPPED
="2026-09-07 09:56:25",80147,163528,146528,16999,1000000,-0.0089,0.1700,+0.0,-11.3,-0.8744,NONE,STOPPED
="2026-09-07 09:56:26",80147,163528,146528,16999,1000000,-0.0088,0.1700,-0.0,-11.3,-0.8872,NONE,STOPPED
="2026-09-07 09:56:27",80147,163528,146528,16999,1000000,-0.0088,0.1700,+0.0,-11.3,-0.8966,NONE,STOPPED
="2026-09-07 09:56:28",80147,163528,146528,16999,1000000,-0.0076,0.1700,+0.0,-11.3,-0.9029,NONE,STOPPED
="2026-09-07 09:56:29",80147,163528,146528,16999,1000000,-0.0076,0.1700,+0.0,-11.3,-0.9029,NONE,STOPPED
="2026-09-07 09:56:30",80147,163528,146528,16999,1000000,-0.0076,0.1700,+0.0,-11.3,-0.9063,NONE,STOPPED
="2026-09-07 09:56:31",80147,163528,146528,16999,1000000,-0.0076,0.1700,+0.0,-32.2,-0.8996,NONE,STOPPED
="2026-09-07 09:56:32",80147,163528,146528,16999,1000000,-0.0076,0.1700,+0.0,-32.2,-0.8833,NONE,STOPPED
="2026-09-07 09:56:33",80147,163528,146528,16999,1000000,-0.0076,0.1700,+0.0,-32.2,-0.8653,NONE,STOPPED
="2026-09-07 09:56:34",80147,163528,146528,16999,1000000,-0.0076,0.1700,+0.0,-37.8,-0.8457,NONE,STOPPED
="2026-09-07 09:56:35",80146,163528,146528,16999,1000000,-0.0076,0.1700,-0.1,-37.9,-0.8219,NONE,STOPPED
="2026-09-07 09:56:36",80146,163528,146528,16999,1000000,-0.0073,0.1700,-0.1,-37.9,-0.7969,NONE,STOPPED
="2026-09-07 09:56:37",80146,163528,146528,16999,1000000,-0.0093,0.1700,-0.1,-37.9,-0.7709,NONE,STOPPED
="2026-09-07 09:56:38",80146,163528,146528,16999,1000000,-0.0093,0.1700,-0.1,-38.0,-0.7442,NONE,STOPPED
="2026-09-07 09:56:39",80146,163528,146528,16999,1000000,-0.0093,0.1700,-0.1,-38.0,-0.7442,NONE,STOPPED
="2026-09-07 09:56:40",80146,163528,146528,16999,1000000,-0.0093,0.1700,-0.1,-37.9,-0.7166,NONE,STOPPED
="2026-09-07 09:56:41",80146,163528,146528,16999,1000000,-0.0093,0.1700,-0.1,-37.9,-0.6599,NONE,STOPPED
="2026-09-07 09:56:42",80146,163528,146528,16999,1000000,-0.0093,0.1700,-0.0,-37.9,-0.6310,NONE,STOPPED
="2026-09-07 09:56:43",80146,163528,146528,16999,1000000,-0.0093,0.1700,+0.0,-37.9,-0.6018,NONE,STOPPED
="2026-09-07 09:56:44",80146,163528,146528,16999,1000000,-0.0091,0.1700,+0.0,-37.9,-0.5723,NONE,STOPPED
="2026-09-07 09:56:45",80146,163528,146528,16999,1000000,-0.0091,0.1700,+0.0,-37.9,-0.5427,NONE,STOPPED
="2026-09-07 09:56:46",80146,163528,146528,16999,1000000,-0.0091,0.1700,-0.0,-38.0,-0.5131,NONE,STOPPED
="2026-09-07 09:56:47",80131,163528,146528,16999,1000000,-0.0091,0.1700,-15.2,-53.1,-0.5426,NONE,STOPPED
="2026-09-07 09:56:48",80131,163528,146528,16999,1000000,-0.0092,0.1700,-15.2,-53.1,-0.5426,NONE,STOPPED
="2026-09-07 09:56:49",80131,163528,146528,16999,1000000,-0.0092,0.1700,-15.2,-53.1,-0.5662,NONE,STOPPED
="2026-09-07 09:56:50",80131,90365,73366,16999,1000000,-0.0090,0.1700,-15.2,-47.5,-0.6010,NONE,STOPPED
="2026-09-07 09:56:51",80131,90365,73366,16999,1000000,-0.0091,0.1700,-15.2,-47.5,-0.6130,NONE,STOPPED
="2026-09-07 09:56:52",80131,104130,87131,16999,1000000,-0.0091,0.1700,+0.0,-47.5,-0.6207,NONE,STOPPED
="2026-09-07 09:56:53",80131,104130,87131,16999,1000000,-0.0091,0.1700,+0.0,-47.5,-0.6245,NONE,STOPPED
="2026-09-07 09:56:54",80131,104130,87131,16999,1000000,-0.0091,0.1700,-0.0,-47.5,-0.6248,NONE,STOPPED
="2026-09-07 09:56:55",80131,104130,87131,16999,1000000,-0.0091,0.1700,-0.0,-47.5,-0.6218,NONE,STOPPED
="2026-09-07 09:56:56",80131,104130,87131,16999,1000000,-0.0065,0.1700,-0.0,-47.5,-0.6159,NONE,STOPPED
="2026-09-07 09:56:57",80131,104130,87131,16999,1000000,-0.0092,0.1700,+0.0,-47.5,-0.6073,NONE,STOPPED
="2026-09-07 09:56:58",80131,104130,87131,16999,1000000,-0.0092,0.1700,+0.0,-47.5,-0.6073,NONE,STOPPED
="2026-09-07 09:56:59",80131,104130,87131,16999,1000000,-0.0092,0.1700,+0.0,-47.5,-0.5830,NONE,STOPPED
="2026-09-07 09:57:00",80131,104130,87131,16999,1000000,-0.0092,0.1700,+0.0,-40.4,-0.5677,NONE,STOPPED
="2026-09-07 09:57:01",80131,79371,62372,16999,1000000,-0.0092,0.1700,+0.0,-40.1,-0.5551,NONE,STOPPED
="2026-09-07 09:57:02",80128,112677,95677,16999,1000000,-0.0092,0.1700,-2.9,-43.0,-0.5523,NONE,STOPPED
="2026-09-07 09:57:03",80128,112677,95677,16999,1000000,-0.0092,0.1700,-2.9,-43.1,-0.5469,NONE,STOPPED
="2026-09-07 09:57:04",80128,112677,95677,16999,1000000,-0.0090,0.1700,-2.9,-43.0,-0.5390,NONE,STOPPED
="2026-09-07 09:57:05",80128,112677,95677,16999,1000000,-0.0090,0.1700,-2.9,-43.0,-0.5290,NONE,STOPPED
="2026-09-07 09:57:06",80128,112677,95677,16999,1000000,-0.0090,0.1700,-2.9,-43.0,-0.5290,NONE,STOPPED
="2026-09-07 09:57:07",80128,112677,95677,16999,1000000,-0.0096,0.1700,-0.0,-43.1,-0.5034,NONE,STOPPED
="2026-09-07 09:57:08",80128,112677,95677,16999,1000000,-0.0096,0.1700,+0.0,-43.0,-0.4881,NONE,STOPPED
="2026-09-07 09:57:09",80124,74568,57568,16999,1000000,-0.0096,0.1700,-4.3,-22.5,-0.4879,NONE,STOPPED
="2026-09-07 09:57:10",80136,188011,47070,140940,1000000,-0.0088,0.1700,+7.5,-10.6,-0.4540,NONE,STOPPED
="2026-09-07 09:57:11",80131,188011,47070,140940,1000000,-0.0088,0.1700,+3.1,-15.1,-0.4391,NONE,STOPPED
="2026-09-07 09:57:12",80128,188011,47070,140940,1000000,-0.0088,0.1700,-0.8,-18.9,-0.4389,NONE,STOPPED
="2026-09-07 09:57:13",80126,171012,47070,123941,1000000,-0.0062,0.1700,-2.0,-20.2,-0.4421,NONE,STOPPED
="2026-09-07 09:57:14",80126,171012,47070,123941,1000000,-0.0062,0.1700,-2.0,-20.2,-0.4421,NONE,STOPPED
="2026-09-07 09:57:15",80123,171012,47070,123941,1000000,-0.0062,0.1700,-1.4,-23.8,-0.4573,NONE,STOPPED
="2026-09-07 09:57:16",80123,171012,47070,123941,1000000,-0.0075,0.1700,-8.7,-23.8,-0.4781,NONE,STOPPED
="2026-09-07 09:57:17",80123,171012,47070,123941,1000000,-0.0007,0.1700,-4.9,-23.8,-0.4843,NONE,STOPPED
="2026-09-07 09:57:18",80123,171012,47070,123941,1000000,-0.0007,0.1700,-3.6,-23.8,-0.4880,NONE,STOPPED
="2026-09-07 09:57:19",80123,171012,47070,123941,1000000,-0.0007,0.1700,+0.0,-23.8,-0.4894,NONE,STOPPED
="2026-09-07 09:57:20",80123,171012,47070,123941,1000000,-0.0007,0.1700,+0.0,-23.8,-0.4886,NONE,STOPPED
="2026-09-07 09:57:21",80123,171012,47070,123941,1000000,-0.0007,0.1700,-0.0,-23.8,-0.4861,NONE,STOPPED
="2026-09-07 09:57:22",80123,171012,47070,123941,1000000,-0.0006,0.1700,+0.0,-23.8,-0.4817,NONE,STOPPED
="2026-09-07 09:57:23",80123,171012,47070,123941,1000000,-0.0006,0.1700,+0.0,-23.8,-0.4758,NONE,STOPPED
="2026-09-07 09:57:24",80123,171012,47070,123941,1000000,-0.0006,0.1700,+0.0,-23.8,-0.4758,NONE,STOPPED
="2026-09-07 09:57:25",80123,171012,47070,123941,1000000,-0.0006,0.1700,+0.0,-23.8,-0.4597,NONE,STOPPED
="2026-09-07 09:57:26",80100,171012,47070,123941,1000000,-0.0008,0.1700,-23.2,-47.0,-0.5402,NONE,STOPPED
="2026-09-07 09:57:27",80100,171012,47070,123941,1000000,-0.0008,0.1700,-23.2,-47.0,-0.6106,NONE,STOPPED
="2026-09-07 09:57:28",80100,171012,47070,123941,1000000,+0.0042,0.1700,-23.2,-47.0,-0.6715,NONE,STOPPED
="2026-09-07 09:57:29",80100,187007,63065,123941,1000000,+0.0042,0.1700,-23.2,-47.0,-0.7238,NONE,STOPPED
="2026-09-07 09:57:30",80100,187007,63065,123941,1000000,+0.0042,0.1700,-23.2,-47.0,-0.7680,NONE,STOPPED
="2026-09-07 09:57:31",80100,187007,63065,123941,1000000,+0.0052,0.1700,+0.0,-47.0,-0.8048,NONE,STOPPED
="2026-09-07 09:57:32",80100,187007,63065,123941,1000000,+0.0051,0.1700,-23.2,-47.0,-0.8349,NONE,STOPPED
="2026-09-07 09:57:33",80100,187007,63065,123941,1000000,+0.0051,0.1700,-23.2,-47.0,-0.8349,NONE,STOPPED
="2026-09-07 09:57:34",80091,187007,63065,123941,1000000,+0.0051,0.1700,-8.1,-55.1,-0.9367,NONE,STOPPED
="2026-09-07 09:57:35",80091,187007,63065,123941,1000000,+0.0051,0.1700,-8.1,-55.1,-0.9749,NONE,STOPPED
="2026-09-07 09:57:36",80077,514132,197663,316468,1000000,+0.0049,0.1700,-22.6,-69.5,-1.0616,NONE,STOPPED
="2026-09-07 09:57:37",80075,514132,197663,316468,1000000,+0.0049,0.1700,-24.7,-71.6,-1.1441,NONE,STOPPED
="2026-09-07 09:57:38",80075,514132,197663,316468,1000000,+0.0048,0.1700,-16.6,-71.6,-1.2140,NONE,STOPPED
="2026-09-07 09:57:39",80075,514132,197663,316468,1000000,+0.0048,0.1700,-16.6,-71.7,-1.2723,NONE,STOPPED
="2026-09-07 09:57:40",80075,545027,228558,316468,1000000,+0.0476,0.1700,-16.6,-71.6,-1.3199,NONE,STOPPED
="2026-09-07 09:57:41",80075,545027,228558,316468,1000000,+0.0476,0.1700,-2.2,-71.6,-1.3577,NONE,STOPPED
="2026-09-07 09:57:42",80075,545027,228558,316468,1000000,+0.0476,0.1700,-2.2,-71.6,-1.3577,NONE,STOPPED
="2026-09-07 09:57:43",80075,545027,228558,316468,1000000,+0.0440,0.1700,-2.2,-71.7,-1.3865,NONE,STOPPED
="2026-09-07 09:57:44",80088,575864,228558,347305,1000000,+0.0440,0.1700,+13.2,-58.5,-1.3605,NONE,STOPPED
="2026-09-07 09:57:45",80088,575864,228558,347305,1000000,+0.0440,0.1700,+13.2,-58.4,-1.3211,NONE,STOPPED
="2026-09-07 09:57:46",80088,575864,228558,347305,1000000,+0.0440,0.1700,+13.2,-43.3,-1.2801,NONE,STOPPED
="2026-09-07 09:57:47",80088,575864,228558,347305,1000000,+0.0440,0.1700,+13.2,-43.3,-1.2469,NONE,STOPPED
="2026-09-07 09:57:48",80088,575864,228558,347305,1000000,+0.0440,0.1700,+10.9,-43.3,-1.2123,NONE,STOPPED
="2026-09-07 09:57:49",80088,575864,228558,347305,1000000,+0.0440,0.1700,+0.0,-43.3,-1.1765,NONE,STOPPED
="2026-09-07 09:57:50",80088,575864,228558,347305,1000000,+0.0423,0.1700,-0.0,-43.3,-1.1398,NONE,STOPPED
="2026-09-07 09:57:51",80088,575864,228558,347305,1000000,+0.0424,0.1700,-0.0,-43.3,-1.1022,NONE,STOPPED
="2026-09-07 09:57:52",80088,562099,214793,347305,1000000,+0.0424,0.1700,-0.0,-43.3,-1.1022,NONE,STOPPED
="2026-09-07 09:57:53",80088,562099,214793,347305,1000000,+0.0424,0.1700,+0.0,-43.3,-1.0638,NONE,STOPPED
="2026-09-07 09:57:54",80088,562099,214793,347305,1000000,+0.0424,0.1700,+0.0,-43.3,-0.9855,NONE,STOPPED
="2026-09-07 09:57:55",80074,562099,214793,347305,1000000,+0.0424,0.1700,-13.7,-57.0,-0.9994,NONE,STOPPED
="2026-09-07 09:57:56",80074,562099,214793,347305,1000000,+0.0421,0.1700,-13.8,-57.0,-1.0077,NONE,STOPPED
="2026-09-07 09:57:57",80076,562099,214793,347305,1000000,+0.0448,0.1700,-12.2,-55.4,-1.0046,NONE,STOPPED
="2026-09-07 09:57:58",80103,753392,254639,498753,1000000,+0.0448,0.1700,+15.3,-28.0,-0.8907,NONE,STOPPED
="2026-09-07 09:57:59",80103,753392,254639,498753,1000000,+0.0062,0.1700,+15.3,-28.0,-0.7839,NONE,STOPPED
="2026-09-07 09:58:00",80103,753392,254639,498753,1000000,+0.0062,0.1700,+29.0,-28.0,-0.6836,NONE,STOPPED
="2026-09-07 09:58:01",80103,753392,254639,498753,1000000,+0.0062,0.1700,+29.0,-28.0,-0.6836,NONE,STOPPED
="2026-09-07 09:58:02",80103,735437,236683,498753,1000000,+0.0062,0.1700,+29.0,-25.1,-0.5898,NONE,STOPPED
="2026-09-07 09:58:03",80090,735437,236683,498753,1000000,+0.0060,0.1700,-13.1,-38.2,-0.5198,NONE,STOPPED
="2026-09-07 09:58:04",80090,735437,236683,498753,1000000,+0.0060,0.1700,-13.1,-38.1,-0.4854,NONE,STOPPED
="2026-09-07 09:58:05",80086,800772,302019,498753,1000000,-0.0025,0.1700,-17.2,-42.3,-0.4676,NONE,STOPPED
="2026-09-07 09:58:06",80080,800772,302019,498753,1000000,-0.0025,0.1700,-23.0,-48.1,-0.4712,NONE,STOPPED
="2026-09-07 09:58:07",80080,800772,302019,498753,1000000,-0.0019,0.1700,-9.9,-48.1,-0.4717,NONE,STOPPED
="2026-09-07 09:58:08",80080,800772,302019,498753,1000000,-0.0019,0.1700,-9.9,-43.8,-0.4691,NONE,STOPPED
="2026-09-07 09:58:09",80080,800772,302019,498753,1000000,-0.0019,0.1700,-9.9,-55.6,-0.4665,NONE,STOPPED
="2026-09-07 09:58:10",80080,676831,302019,374811,1000000,-0.0026,0.1700,-5.8,-51.2,-0.4542,NONE,STOPPED
="2026-09-07 09:58:11",80080,694736,302019,392716,1000000,-0.0032,0.1700,-5.8,-51.2,-0.4542,NONE,STOPPED
="2026-09-07 09:58:12",80086,748897,302019,446878,1000000,-0.0032,0.1700,+5.8,-41.5,-0.4197,NONE,STOPPED
="2026-09-07 09:58:13",80095,748897,302019,446878,1000000,-0.0057,0.1700,+14.5,-28.0,-0.2934,NONE,STOPPED
="2026-09-07 09:58:14",80095,748897,302019,446878,1000000,-0.0057,0.1700,+14.5,-28.0,-0.2381,NONE,STOPPED
="2026-09-07 09:58:15",80095,748897,302019,446878,1000000,-0.0045,0.1700,+14.5,-28.0,-0.1861,NONE,STOPPED
="2026-09-07 09:58:16",80095,748897,302019,446878,1000000,-0.0045,0.1700,+8.6,-28.0,-0.1371,NONE,STOPPED
="2026-09-07 09:58:17",80095,748897,302019,446878,1000000,-0.0049,0.1700,+8.6,-28.0,-0.0911,NONE,STOPPED
="2026-09-07 09:58:18",80095,748897,302019,446878,1000000,-0.0049,0.1700,+8.6,-28.0,-0.0477,NONE,STOPPED
="2026-09-07 09:58:19",80095,748897,302019,446878,1000000,-0.0049,0.1700,+8.6,-28.0,-0.0070,NONE,STOPPED
="2026-09-07 09:58:20",80095,748897,302019,446878,1000000,-0.0055,0.1700,+8.6,-28.0,+0.0313,NONE,STOPPED
="2026-09-07 09:58:21",80095,748897,302019,446878,1000000,-0.0055,0.1700,+8.6,-28.0,+0.0313,NONE,STOPPED
="2026-09-07 09:58:22",80095,748897,302019,446878,1000000,-0.0056,0.1700,+0.0,-28.0,+0.1011,NONE,STOPPED
="2026-09-07 09:58:23",80095,748897,302019,446878,1000000,-0.0055,0.1700,+0.0,-28.0,+0.1329,NONE,STOPPED
="2026-09-07 09:58:24",80095,748897,302019,446878,1000000,-0.0055,0.1700,-0.0,-28.0,+0.1628,NONE,STOPPED
="2026-09-07 09:58:25",80095,748897,302019,446878,1000000,-0.0055,0.1700,-0.0,-4.8,+0.1908,NONE,STOPPED
="2026-09-07 09:58:26",80095,748897,302019,446878,1000000,-0.0055,0.1700,+0.0,-4.8,+0.2030,NONE,STOPPED
="2026-09-07 09:58:27",80095,748897,302019,446878,1000000,-0.0056,0.1700,+0.0,-4.8,+0.2140,NONE,STOPPED
="2026-09-07 09:58:28",80095,748897,302019,446878,1000000,-0.0106,0.1700,-0.0,-4.8,+0.2236,NONE,STOPPED
="2026-09-07 09:58:29",80095,752351,305473,446878,1000000,-0.0105,0.1700,+0.0,-4.8,+0.2323,NONE,STOPPED
="2026-09-07 09:58:30",80095,752351,305473,446878,1000000,-0.0105,0.1700,+0.0,-4.8,+0.2323,NONE,STOPPED
="2026-09-07 09:58:31",80095,752351,305473,446878,1000000,-0.0115,0.1700,+0.0,-4.8,+0.2398,NONE,STOPPED
="2026-09-07 09:58:32",80095,752351,305473,446878,1000000,-0.0115,0.1700,-0.0,+3.3,+0.2522,NONE,STOPPED
="2026-09-07 09:58:33",80095,752351,305473,446878,1000000,-0.0129,0.1700,-0.0,+3.3,+0.2521,NONE,STOPPED
="2026-09-07 09:58:34",80095,752351,305473,446878,1000000,-0.0129,0.1700,-0.0,+3.3,+0.2514,NONE,STOPPED
="2026-09-07 09:58:35",80095,752351,305473,446878,1000000,-0.0129,0.1700,+0.0,+17.8,+0.2501,NONE,STOPPED
="2026-09-07 09:58:36",80095,425226,170875,254350,1000000,-0.0121,0.1700,+0.0,+19.9,+0.2395,NONE,STOPPED
="2026-09-07 09:58:37",80095,425226,170875,254350,1000000,-0.0120,0.1700,-0.0,+19.9,+0.2273,NONE,STOPPED
="2026-09-07 09:58:38",80095,425226,170875,254350,1000000,-0.0120,0.1700,+0.0,+19.9,+0.2149,NONE,STOPPED
="2026-09-07 09:58:39",80087,438152,183801,254350,1000000,-0.0120,0.1700,-8.0,+11.9,+0.1712,NONE,STOPPED
="2026-09-07 09:58:40",80087,407258,152907,254350,1000000,-0.0548,0.1700,-8.0,+11.9,+0.1712,NONE,STOPPED
="2026-09-07 09:58:41",80089,474155,152907,321248,1000000,-0.0548,0.1700,-5.4,+14.5,+0.1028,NONE,STOPPED
="2026-09-07 09:58:42",80098,485963,152907,333056,1000000,-0.0548,0.1700,+3.2,+20.9,+0.1101,NONE,STOPPED
="2026-09-07 09:58:43",80102,485963,152907,333056,1000000,-0.0513,0.1700,+7.3,+14.1,+0.1331,NONE,STOPPED
="2026-09-07 09:58:44",80102,455126,152907,302219,1000000,-0.0513,0.1700,+15.3,+14.1,+0.1594,NONE,STOPPED
="2026-09-07 09:58:45",80102,455126,152907,302219,1000000,-0.0514,0.1700,+15.3,+14.1,+0.1825,NONE,STOPPED
="2026-09-07 09:58:46",80102,455126,152907,302219,1000000,-0.0514,0.1700,+12.7,+14.0,+0.2025,NONE,STOPPED
="2026-09-07 09:58:47",80102,455126,152907,302219,1000000,-0.0514,0.1700,+4.1,+14.1,+0.2198,NONE,STOPPED
="2026-09-07 09:58:48",80100,455126,152907,302219,1000000,-0.0514,0.1700,-2.0,+12.0,+0.2268,NONE,STOPPED
="2026-09-07 09:58:49",80100,455126,152907,302219,1000000,-0.0514,0.1700,-2.0,+12.0,+0.2268,NONE,STOPPED
="2026-09-07 09:58:50",80099,471511,152907,318604,1000000,-0.0496,0.1700,-2.6,+11.5,+0.2320,NONE,STOPPED
="2026-09-07 09:58:51",80099,471511,152907,318604,1000000,-0.0520,0.1700,-2.6,+11.5,+0.2328,NONE,STOPPED
="2026-09-07 09:58:52",80099,471511,152907,318604,1000000,-0.0520,0.1700,-2.6,+11.5,+0.2326,NONE,STOPPED
="2026-09-07 09:58:53",80099,471511,152907,318604,1000000,-0.0520,0.1700,-0.6,+11.5,+0.2315,NONE,STOPPED
="2026-09-07 09:58:54",80099,471511,152907,318604,1000000,-0.0520,0.1700,-0.6,+25.2,+0.2296,NONE,STOPPED
="2026-09-07 09:58:55",80099,471511,152907,318604,1000000,-0.0522,0.1700,-0.0,+25.2,+0.2185,NONE,STOPPED
="2026-09-07 09:58:56",80099,471511,152907,318604,1000000,-0.0519,0.1700,-0.0,+23.6,+0.2069,NONE,STOPPED
="2026-09-07 09:58:57",80099,471511,152907,318604,1000000,-0.0516,0.1700,-0.0,-3.8,+0.1958,NONE,STOPPED
="2026-09-07 09:58:58",80099,280218,113061,167157,1000000,-0.0516,0.1700,-0.0,-3.8,+0.1958,NONE,STOPPED
="2026-09-07 09:58:59",80099,280218,113061,167157,1000000,-0.0130,0.1700,-0.0,-3.8,+0.2010,NONE,STOPPED
="2026-09-07 09:59:00",80099,280218,113061,167157,1000000,-0.0130,0.1700,-0.0,-3.8,+0.2094,NONE,STOPPED
="2026-09-07 09:59:01",80090,280218,113061,167157,1000000,-0.0127,0.1700,-9.1,+0.1,+0.1770,NONE,STOPPED
="2026-09-07 09:59:02",80090,264868,97710,167157,1000000,-0.0127,0.1700,-9.1,+0.1,+0.1398,NONE,STOPPED
="2026-09-07 09:59:03",80096,279870,97710,182159,1000000,-0.0126,0.1700,-3.1,+6.2,+0.1291,NONE,STOPPED
="2026-09-07 09:59:04",80097,279870,97710,182159,1000000,-0.0126,0.1700,-2.6,+10.8,+0.1208,NONE,STOPPED
="2026-09-07 09:59:05",80097,279870,97710,182159,1000000,-0.0042,0.1700,-2.6,+10.8,+0.1208,NONE,STOPPED
="2026-09-07 09:59:06",80097,214534,32375,182159,1000000,-0.0042,0.1700,-2.6,+16.6,+0.0965,NONE,STOPPED
="2026-09-07 09:59:07",80097,214534,32375,182159,1000000,-0.0046,0.1700,+6.6,+16.6,+0.0830,NONE,STOPPED
="2026-09-07 09:59:08",80097,214534,32375,182159,1000000,-0.0046,0.1700,+0.5,+16.6,+0.0699,NONE,STOPPED
="2026-09-07 09:59:09",80097,214534,32375,182159,1000000,-0.0095,0.1700,-0.0,+16.6,+0.0571,NONE,STOPPED
="2026-09-07 09:59:10",80097,214534,32375,182159,1000000,-0.0095,0.1700,+0.0,+10.8,+0.0446,NONE,STOPPED
="2026-09-07 09:59:11",80097,196629,32375,164254,1000000,-0.0089,0.1700,+0.0,+2.2,+0.0360,NONE,STOPPED
="2026-09-07 09:59:12",80097,142467,32375,110092,1000000,-0.0089,0.1700,-0.0,+2.2,+0.0329,NONE,STOPPED
="2026-09-07 09:59:13",80097,142467,32375,110092,1000000,-0.0084,0.1700,-0.0,+2.2,+0.0299,NONE,STOPPED
="2026-09-07 09:59:14",80097,142467,32375,110092,1000000,-0.0084,0.1700,-0.0,+2.2,+0.0299,NONE,STOPPED
="2026-09-07 09:59:15",80097,220642,110549,110092,1000000,-0.0084,0.1700,-0.0,+2.2,+0.0270,NONE,STOPPED
="2026-09-07 09:59:16",80097,220642,110549,110092,1000000,-0.0080,0.1700,-0.0,+2.2,+0.0216,NONE,STOPPED
="2026-09-07 09:59:17",80097,220642,110549,110092,1000000,-0.0076,0.1700,+0.0,+2.2,+0.0191,NONE,STOPPED
="2026-09-07 09:59:18",80097,220642,110549,110092,1000000,-0.0076,0.1700,-0.0,+2.2,+0.0166,NONE,STOPPED
="2026-09-07 09:59:19",80097,220642,110549,110092,1000000,-0.0077,0.1700,+0.0,+2.2,+0.0143,NONE,STOPPED
="2026-09-07 09:59:20",80097,245466,110549,134917,1000000,-0.0071,0.1700,+0.0,+2.2,+0.0120,NONE,STOPPED
="2026-09-07 09:59:21",80097,245466,110549,134917,1000000,-0.0071,0.1700,-0.0,+2.2,+0.0098,NONE,STOPPED
="2026-09-07 09:59:22",80097,245466,110549,134917,1000000,-0.0071,0.1700,-0.0,+2.2,+0.0077,NONE,STOPPED
="2026-09-07 09:59:23",80097,245466,110549,134917,1000000,-0.0071,0.1700,-0.0,+2.2,+0.0057,NONE,STOPPED
="2026-09-07 09:59:24",80097,245466,110549,134917,1000000,-0.0071,0.1700,-0.0,+2.2,+0.0057,NONE,STOPPED
="2026-09-07 09:59:25",80097,245466,110549,134917,1000000,-0.0071,0.1700,+0.0,+2.2,+0.0024,NONE,STOPPED
="2026-09-07 09:59:26",80097,245466,110549,134917,1000000,-0.0071,0.1700,+0.0,+2.2,+0.0001,NONE,STOPPED
="2026-09-07 09:59:27",80097,245466,110549,134917,1000000,-0.0070,0.1700,+0.0,+2.2,-0.0016,NONE,STOPPED
="2026-09-07 09:59:28",80097,245466,110549,134917,1000000,-0.0063,0.1700,+0.0,+2.2,-0.0032,NONE,STOPPED
="2026-09-07 09:59:29",80097,226018,91100,134917,1000000,-0.0064,0.1700,-0.0,+2.2,-0.0048,NONE,STOPPED
="2026-09-07 09:59:30",80097,226018,91100,134917,1000000,-0.0064,0.1700,-0.0,+2.2,-0.0064,NONE,STOPPED
="2026-09-07 09:59:31",80097,226018,91100,134917,1000000,-0.0069,0.1700,-0.0,+2.2,-0.0079,NONE,STOPPED
="2026-09-07 09:59:32",80097,226018,91100,134917,1000000,-0.0069,0.1700,-0.0,+2.2,-0.0093,NONE,STOPPED
="2026-09-07 09:59:33",80097,226018,91100,134917,1000000,-0.0055,0.1700,+0.0,+2.2,-0.0107,NONE,STOPPED
="2026-09-07 09:59:34",80097,226018,91100,134917,1000000,-0.0055,0.1700,+0.0,+2.2,-0.0107,NONE,STOPPED
="2026-09-07 09:59:35",80097,226018,91100,134917,1000000,-0.0055,0.1700,+0.0,+2.2,-0.0132,NONE,STOPPED
="2026-09-07 09:59:36",80097,226018,91100,134917,1000000,-0.0063,0.1700,+0.0,+2.2,-0.0144,NONE,STOPPED
="2026-09-07 09:59:37",80097,226018,91100,134917,1000000,-0.0057,0.1700,-0.0,+2.2,-0.0156,NONE,STOPPED
="2026-09-07 09:59:38",80097,226018,91100,134917,1000000,-0.0057,0.1700,-0.0,+10.2,-0.0167,NONE,STOPPED
="2026-09-07 09:59:39",80097,213091,78174,134917,1000000,-0.0057,0.1700,-0.0,+10.2,-0.0227,NONE,STOPPED
="2026-09-07 09:59:40",80097,213091,78174,134917,1000000,-0.0061,0.1700,+0.0,+7.6,-0.0284,NONE,STOPPED
="2026-09-07 09:59:41",80097,146193,78174,68019,1000000,-0.0061,0.1700,+0.0,-1.0,-0.0325,NONE,STOPPED
="2026-09-07 09:59:42",80102,134386,78174,56211,1000000,-0.0061,0.1700,+5.1,-0.1,-0.0115,NONE,STOPPED
="2026-09-07 09:59:43",80110,150103,78174,71929,1000000,-0.0061,0.1700,+12.6,+7.5,+0.0394,NONE,STOPPED
="2026-09-07 09:59:44",80110,165513,78174,87339,1000000,-0.0059,0.1700,+12.6,+7.5,+0.0394,NONE,STOPPED
="2026-09-07 09:59:45",80116,165513,78174,87339,1000000,-0.0058,0.1700,+18.7,+13.6,+0.1719,NONE,STOPPED
="2026-09-07 09:59:46",80116,165513,78174,87339,1000000,-0.0058,0.1700,+18.7,+13.6,+0.2283,NONE,STOPPED
="2026-09-07 09:59:47",80116,165513,78174,87339,1000000,-0.0055,0.1700,+13.7,+15.6,+0.2787,NONE,STOPPED
="2026-09-07 09:59:48",80116,165513,78174,87339,1000000,-0.0055,0.1700,+6.1,+16.1,+0.3223,NONE,STOPPED
="2026-09-07 09:59:49",80116,165513,78174,87339,1000000,-0.0057,0.1700,+0.0,+16.1,+0.3604,NONE,STOPPED
="2026-09-07 09:59:50",80116,149128,78174,70954,1000000,-0.0057,0.1700,+6.1,+16.2,+0.3937,NONE,STOPPED
="2026-09-07 09:59:51",80116,149128,78174,70954,1000000,-0.0033,0.1700,+0.0,+16.1,+0.4227,NONE,STOPPED
="2026-09-07 09:59:52",80116,149128,78174,70954,1000000,-0.0033,0.1700,-0.0,+16.2,+0.4475,NONE,STOPPED
="2026-09-07 09:59:53",80116,149128,78174,70954,1000000,-0.0032,0.1700,-0.0,+16.1,+0.4686,NONE,STOPPED
="2026-09-07 09:59:54",80116,149128,78174,70954,1000000,-0.0032,0.1700,-0.0,+16.1,+0.4686,NONE,STOPPED
="2026-09-07 09:59:55",80120,220245,78174,142071,1000000,-0.0031,0.1700,+4.6,+20.8,+0.5186,NONE,STOPPED
="2026-09-07 09:59:56",80120,220245,78174,142071,1000000,-0.0031,0.1700,+4.6,+20.8,+0.5463,NONE,STOPPED
="2026-09-07 09:59:57",80156,490580,78174,412406,1000000,-0.0033,0.1700,+40.5,+56.7,+0.7091,NONE,STOPPED
="2026-09-07 09:59:58",80160,501495,78174,423321,1000000,-0.0033,0.1700,+43.9,+60.0,+0.8670,NONE,STOPPED
="2026-09-07 09:59:59",80160,501495,78174,423321,1000000,-0.0022,0.1700,+43.9,+60.1,+1.0068,NONE,STOPPED
="2026-09-07 10:00:00",80160,501495,78174,423321,1000000,-0.0025,0.1700,+39.3,+69.2,+1.1297,NONE,STOPPED
="2026-09-07 10:00:01",80160,501495,78174,423321,1000000,-0.0025,0.1700,+39.3,+69.2,+1.2314,NONE,STOPPED
="2026-09-07 10:00:02",80160,501495,78174,423321,1000000,-0.0025,0.1700,+3.4,+63.2,+1.3189,NONE,STOPPED
="2026-09-07 10:00:03",80151,513906,105587,408319,1000000,-0.0005,0.1700,-8.8,+53.8,+1.3624,NONE,STOPPED
="2026-09-07 10:00:04",80145,513906,105587,408319,1000000,-0.0005,0.1700,-14.6,+48.0,+1.3750,NONE,STOPPED
="2026-09-07 10:00:05",80145,513906,105587,408319,1000000,-0.0005,0.1700,-14.6,+48.0,+1.3750,NONE,STOPPED
="2026-09-07 10:00:06",80145,513906,105587,408319,1000000,-0.0005,0.1700,-14.6,+48.1,+1.3830,NONE,STOPPED
="2026-09-07 10:00:07",80156,513906,105587,408319,1000000,-0.0001,0.1700,-3.9,+58.7,+1.4210,NONE,STOPPED
="2026-09-07 10:00:08",80156,513906,105587,408319,1000000,-0.0001,0.1700,+4.9,+58.7,+1.4503,NONE,STOPPED
="2026-09-07 10:00:09",80156,513906,105587,408319,1000000,+0.0026,0.1700,+10.7,+58.7,+1.4716,NONE,STOPPED
="2026-09-07 10:00:10",80156,513906,105587,408319,1000000,+0.0026,0.1700,+10.7,+58.7,+1.4857,NONE,STOPPED
="2026-09-07 10:00:11",80156,531682,105587,426095,1000000,+0.0025,0.1700,+10.7,+58.7,+1.4931,NONE,STOPPED
="2026-09-07 10:00:12",80160,531682,105587,426095,1000000,+0.0019,0.1700,+3.9,+62.6,+1.5095,NONE,STOPPED
="2026-09-07 10:00:13",80160,531682,105587,426095,1000000,+0.0019,0.1700,+3.9,+62.6,+1.5095,NONE,STOPPED
="2026-09-07 10:00:14",80160,531682,105587,426095,1000000,+0.0019,0.1700,+3.9,+62.6,+1.5188,NONE,STOPPED
="2026-09-07 10:00:15",80160,453508,27412,426095,1000000,+0.0003,0.1700,+3.9,+62.6,+1.5185,NONE,STOPPED
="2026-09-07 10:00:16",80160,453508,27412,426095,1000000,-0.0001,0.1700,+3.9,+62.6,+1.5100,NONE,STOPPED
="2026-09-07 10:00:17",80160,453508,27412,426095,1000000,-0.0016,0.1700,+3.9,+62.6,+1.4966,NONE,STOPPED
="2026-09-07 10:00:18",80151,453508,27412,426095,1000000,-0.0015,0.1700,-8.9,+53.7,+1.4442,NONE,STOPPED
="2026-09-07 10:00:19",80151,453508,27412,426095,1000000,-0.0015,0.1700,-8.9,+53.7,+1.3912,NONE,STOPPED
="2026-09-07 10:00:20",80151,428683,27412,401270,1000000,-0.0015,0.1700,-8.9,+53.7,+1.3379,NONE,STOPPED
="2026-09-07 10:00:21",80151,428683,27412,401270,1000000,-0.0015,0.1700,-8.9,+53.7,+1.2843,NONE,STOPPED
="2026-09-07 10:00:22",80151,428683,27412,401270,1000000,-0.0015,0.1700,-8.9,+53.7,+1.2307,NONE,STOPPED
="2026-09-07 10:00:23",80151,428683,27412,401270,1000000,-0.0023,0.1700,-8.9,+53.7,+1.2307,NONE,STOPPED
="2026-09-07 10:00:24",80151,428683,27412,401270,1000000,-0.0023,0.1700,+0.0,+53.7,+1.1236,NONE,STOPPED
="2026-09-07 10:00:25",80151,428683,27412,401270,1000000,-0.0023,0.1700,-0.0,+53.7,+1.0703,NONE,STOPPED
="2026-09-07 10:00:26",80151,428683,27412,401270,1000000,-0.0023,0.1700,-0.0,+53.7,+1.0174,NONE,STOPPED
="2026-09-07 10:00:27",80151,428683,27412,401270,1000000,-0.0028,0.1700,-0.0,+53.7,+0.9648,NONE,STOPPED
="2026-09-07 10:00:28",80151,428683,27412,401270,1000000,-0.0028,0.1700,+0.0,+53.7,+0.9127,NONE,STOPPED
="2026-09-07 10:00:29",80149,458410,57140,401270,1000000,-0.0028,0.1700,-1.4,+52.3,+0.8556,NONE,STOPPED
="2026-09-07 10:00:30",80149,458410,57140,401270,1000000,-0.0028,0.1700,-1.4,+52.3,+0.7997,NONE,STOPPED
="2026-09-07 10:00:31",80149,458410,57140,401270,1000000,-0.0022,0.1700,-1.4,+52.3,+0.7450,NONE,STOPPED
="2026-09-07 10:00:32",80149,458410,57140,401270,1000000,-0.0015,0.1700,-1.4,+52.3,+0.6914,NONE,STOPPED
="2026-09-07 10:00:33",80149,458410,57140,401270,1000000,-0.0015,0.1700,-1.4,+52.3,+0.6914,NONE,STOPPED
="2026-09-07 10:00:34",80146,458410,57140,401270,1000000,-0.0015,0.1700,-4.2,+49.5,+0.5674,NONE,STOPPED
="2026-09-07 10:00:35",80135,471863,70592,401270,1000000,-0.0015,0.1700,-14.5,+37.8,+0.4631,NONE,STOPPED
="2026-09-07 10:00:36",80135,471863,70592,401270,1000000,-0.0015,0.1700,-14.5,+37.8,+0.3655,NONE,STOPPED
="2026-09-07 10:00:37",80135,471863,70592,401270,1000000,-0.0021,0.1700,-14.5,+37.8,+0.2743,NONE,STOPPED
="2026-09-07 10:00:38",80135,471863,70592,401270,1000000,-0.0021,0.1700,-11.7,+37.8,+0.1889,NONE,STOPPED
="2026-09-07 10:00:39",80135,471863,70592,401270,1000000,-0.0021,0.1700,-11.7,+37.8,+0.1092,NONE,STOPPED
="2026-09-07 10:00:40",80135,471863,70592,401270,1000000,-0.0017,0.1700,-11.7,+37.8,+0.0347,NONE,STOPPED
="2026-09-07 10:00:41",80135,471863,70592,401270,1000000,-0.0017,0.1700,-11.7,+32.8,-0.0348,NONE,STOPPED
="2026-09-07 10:00:42",80135,471863,70592,401270,1000000,-0.0028,0.1700,-11.7,+32.8,-0.0348,NONE,STOPPED
="2026-09-07 10:00:43",80135,456146,70592,385553,1000000,-0.0028,0.1700,-0.0,+25.2,-0.0966,NONE,STOPPED
="2026-09-07 10:00:44",80135,440736,70592,370143,1000000,-0.0030,0.1700,-0.0,+19.1,-0.1947,NONE,STOPPED
="2026-09-07 10:00:45",80123,455642,85499,370143,1000000,-0.0030,0.1700,-12.1,+7.0,-0.2833,NONE,STOPPED
="2026-09-07 10:00:46",80123,455642,85499,370143,1000000,-0.0029,0.1700,-12.1,+7.0,-0.3637,NONE,STOPPED
="2026-09-07 10:00:47",80123,455642,85499,370143,1000000,-0.0029,0.1700,-12.1,+7.0,-0.4366,NONE,STOPPED
="2026-09-07 10:00:48",80123,455642,85499,370143,1000000,-0.0029,0.1700,-12.1,+7.0,-0.5025,NONE,STOPPED
="2026-09-07 10:00:49",80123,455642,85499,370143,1000000,-0.0029,0.1700,-12.1,+7.0,-0.5618,NONE,STOPPED
="2026-09-07 10:00:50",80123,455642,85499,370143,1000000,-0.0027,0.1700,+0.0,+7.0,-0.6150,NONE,STOPPED
="2026-09-07 10:00:51",80123,455642,85499,370143,1000000,-0.0027,0.1700,+0.0,+7.0,-0.6150,NONE,STOPPED
="2026-09-07 10:00:52",80123,455642,85499,370143,1000000,+0.0034,0.1700,-0.0,+7.0,-0.7048,NONE,STOPPED
="2026-09-07 10:00:53",80123,455642,85499,370143,1000000,+0.0033,0.1700,+0.0,+7.0,-0.7422,NONE,STOPPED
="2026-09-07 10:00:54",80123,455642,85499,370143,1000000,+0.0033,0.1700,-0.0,+2.4,-0.7751,NONE,STOPPED
="2026-09-07 10:00:55",80123,384525,85499,299026,1000000,+0.0033,0.1700,-0.0,+2.4,-0.8010,NONE,STOPPED
="2026-09-07 10:00:56",80123,384525,85499,299026,1000000,+0.0033,0.1700,-0.0,-33.5,-0.8231,NONE,STOPPED
="2026-09-07 10:00:57",80123,114190,85499,28691,1000000,+0.0030,0.1700,+0.0,-36.9,-0.8198,NONE,STOPPED
="2026-09-07 10:00:58",80123,103275,85499,17776,1000000,+0.0030,0.1700,-0.0,-36.9,-0.8117,NONE,STOPPED
="2026-09-07 10:00:59",80123,103275,85499,17776,1000000,+0.0019,0.1700,+0.0,-36.9,-0.8011,NONE,STOPPED
="2026-09-07 10:01:00",80123,167293,85499,81794,1000000,+0.0019,0.1700,+0.0,-36.9,-0.8011,NONE,STOPPED
="2026-09-07 10:01:01",80138,167293,85499,81794,1000000,+0.0020,0.1700,+15.1,-21.8,-0.6910,NONE,STOPPED
="2026-09-07 10:01:02",80138,167293,85499,81794,1000000,-0.0000,0.1700,+15.1,-12.9,-0.6240,NONE,STOPPED
="2026-09-07 10:01:03",80138,139881,58086,81794,1000000,-0.0000,0.1700,+15.1,-7.2,-0.5661,NONE,STOPPED
="2026-09-07 10:01:04",80129,152721,70926,81794,1000000,+0.0008,0.1700,+6.7,-15.6,-0.5481,NONE,STOPPED
="2026-09-07 10:01:05",80129,152721,70926,81794,1000000,+0.0008,0.1700,+6.7,-15.6,-0.5481,NONE,STOPPED
="2026-09-07 10:01:06",80128,152721,70926,81794,1000000,+0.0008,0.1700,-10.0,-27.8,-0.5229,NONE,STOPPED
="2026-09-07 10:01:07",80116,152721,70926,81794,1000000,+0.0008,0.1700,-21.6,-39.4,-0.5479,NONE,STOPPED
="2026-09-07 10:01:08",80116,152721,70926,81794,1000000,+0.0008,0.1700,-21.6,-39.4,-0.5681,NONE,STOPPED
="2026-09-07 10:01:09",80116,152721,70926,81794,1000000,+0.0030,0.1700,-13.2,-39.4,-0.5837,NONE,STOPPED
="2026-09-07 10:01:10",80116,152721,70926,81794,1000000,+0.0045,0.1700,-11.6,-39.4,-0.5951,NONE,STOPPED
="2026-09-07 10:01:11",80116,134944,70926,64018,1000000,+0.0046,0.1700,-11.6,-43.3,-0.6026,NONE,STOPPED
="2026-09-07 10:01:12",80116,134944,70926,64018,1000000,+0.0046,0.1700,-0.0,-43.3,-0.6043,NONE,STOPPED
="2026-09-07 10:01:13",80111,134944,70926,64018,1000000,+0.0040,0.1700,-5.2,-48.6,-0.6233,NONE,STOPPED
="2026-09-07 10:01:14",80111,145025,81007,64018,1000000,+0.0040,0.1700,-5.2,-48.6,-0.6233,NONE,STOPPED
="2026-09-07 10:01:15",80108,145025,81007,64018,1000000,+0.0056,0.1700,-8.1,-51.4,-0.6678,NONE,STOPPED
="2026-09-07 10:01:16",80108,145025,81007,64018,1000000,+0.0056,0.1700,-8.1,-51.4,-0.6820,NONE,STOPPED
="2026-09-07 10:01:17",80108,145025,81007,64018,1000000,+0.0072,0.1700,-8.1,-42.5,-0.6915,NONE,STOPPED
="2026-09-07 10:01:18",80108,145025,81007,64018,1000000,+0.0072,0.1700,-2.8,-42.5,-0.7020,NONE,STOPPED
="2026-09-07 10:01:19",80108,155287,91269,64018,1000000,+0.0072,0.1700,+0.0,-42.5,-0.7084,NONE,STOPPED
="2026-09-07 10:01:20",80108,155287,91269,64018,1000000,+0.0072,0.1700,+0.0,-42.5,-0.7111,NONE,STOPPED
="2026-09-07 10:01:21",80108,155287,91269,64018,1000000,+0.0072,0.1700,-0.0,-42.5,-0.7104,NONE,STOPPED
="2026-09-07 10:01:22",80108,155287,91269,64018,1000000,+0.0076,0.1700,+0.0,-42.5,-0.7065,NONE,STOPPED
="2026-09-07 10:01:23",80108,155287,91269,64018,1000000,+0.0083,0.1700,+0.0,-42.5,-0.7065,NONE,STOPPED
="2026-09-07 10:01:24",80108,155287,91269,64018,1000000,+0.0083,0.1700,-0.0,-42.5,-0.6998,NONE,STOPPED
="2026-09-07 10:01:25",80108,155287,91269,64018,1000000,+0.0083,0.1700,+0.0,-42.5,-0.6788,NONE,STOPPED
="2026-09-07 10:01:26",80108,155287,91269,64018,1000000,+0.0079,0.1700,+0.0,-42.5,-0.6651,NONE,STOPPED
="2026-09-07 10:01:27",80108,155287,91269,64018,1000000,+0.0077,0.1700,-0.0,-42.5,-0.6495,NONE,STOPPED
="2026-09-07 10:01:28",80108,155287,91269,64018,1000000,+0.0077,0.1700,-0.0,-41.1,-0.6322,NONE,STOPPED
="2026-09-07 10:01:29",80108,125560,61542,64018,1000000,+0.0077,0.1700,+0.0,-41.1,-0.6142,NONE,STOPPED
="2026-09-07 10:01:30",80108,125560,61542,64018,1000000,+0.0077,0.1700,-0.0,-41.1,-0.5950,NONE,STOPPED
="2026-09-07 10:01:31",80100,159143,95125,64018,1000000,+0.0085,0.1700,-8.6,-49.7,-0.6078,NONE,STOPPED
="2026-09-07 10:01:32",80100,159143,95125,64018,1000000,+0.0078,0.1700,-8.6,-46.9,-0.6163,NONE,STOPPED
="2026-09-07 10:01:33",80100,159143,95125,64018,1000000,+0.0078,0.1700,-8.6,-46.9,-0.6163,NONE,STOPPED
="2026-09-07 10:01:34",80100,200661,95125,105535,1000000,+0.0078,0.1700,-8.6,-46.9,-0.6224,NONE,STOPPED
="2026-09-07 10:01:35",80120,201225,81672,119553,1000000,+0.0036,0.1700,+11.5,-15.1,-0.5406,NONE,STOPPED
="2026-09-07 10:01:36",80120,201225,81672,119553,1000000,+0.0036,0.1700,+20.1,-15.1,-0.4744,NONE,STOPPED
="2026-09-07 10:01:37",80127,201225,81672,119553,1000000,+0.0036,0.1700,+27.1,-8.1,-0.3851,NONE,STOPPED
="2026-09-07 10:01:38",80127,201225,81672,119553,1000000,+0.0033,0.1700,+27.1,-8.1,-0.3025,NONE,STOPPED
="2026-09-07 10:01:39",80127,201225,81672,119553,1000000,+0.0033,0.1700,+23.6,-8.1,-0.2263,NONE,STOPPED
="2026-09-07 10:01:40",80127,201225,81672,119553,1000000,+0.0033,0.1700,+7.0,-8.1,-0.1561,NONE,STOPPED
="2026-09-07 10:01:41",80127,201225,81672,119553,1000000,+0.0033,0.1700,+7.0,-8.1,-0.0914,NONE,STOPPED
="2026-09-07 10:01:42",80138,216274,81672,134601,1000000,+0.0045,0.1700,+11.5,+3.4,+0.0128,NONE,STOPPED
="2026-09-07 10:01:43",80138,216274,81672,134601,1000000,+0.0045,0.1700,+11.5,+3.4,+0.0128,NONE,STOPPED
="2026-09-07 10:01:44",80138,216274,81672,134601,1000000,+0.0042,0.1700,+11.5,+3.4,+0.1076,NONE,STOPPED
="2026-09-07 10:01:45",80145,216014,66766,149248,1000000,+0.0037,0.1700,+18.8,+22.8,+0.3056,NONE,STOPPED
="2026-09-07 10:01:46",80148,216014,66766,149248,1000000,+0.0037,0.1700,+21.4,+25.4,+0.4034,NONE,STOPPED
="2026-09-07 10:01:47",80148,216014,66766,149248,1000000,+0.0042,0.1700,+9.9,+25.4,+0.4906,NONE,STOPPED
="2026-09-07 10:01:48",80148,216014,66766,149248,1000000,+0.0042,0.1700,+9.9,+25.4,+0.5681,NONE,STOPPED
="2026-09-07 10:01:49",80148,216014,66766,149248,1000000,+0.0042,0.1700,+6.3,+25.4,+0.6365,NONE,STOPPED
="2026-09-07 10:01:50",80139,226140,76892,149248,1000000,+0.0036,0.1700,-6.0,+16.8,+0.6630,NONE,STOPPED
="2026-09-07 10:01:51",80145,688167,76892,611275,1000000,-0.0024,0.1700,-2.6,+22.8,+0.7086,NONE,STOPPED
="2026-09-07 10:01:52",80145,688167,76892,611275,1000000,-0.0008,0.1700,-2.6,+22.8,+0.7477,NONE,STOPPED
="2026-09-07 10:01:53",80145,688167,76892,611275,1000000,-0.0008,0.1700,-2.6,+22.8,+0.7477,NONE,STOPPED
="2026-09-07 10:01:54",80145,688167,76892,611275,1000000,-0.0008,0.1700,-2.6,+22.8,+0.8087,NONE,STOPPED
="2026-09-07 10:01:55",80145,688167,76892,611275,1000000,-0.0008,0.1700,+6.0,+22.8,+0.8314,NONE,STOPPED
="2026-09-07 10:01:56",80145,688167,76892,611275,1000000,-0.0010,0.1700,+0.0,+22.8,+0.8495,NONE,STOPPED
="2026-09-07 10:01:57",80147,688167,76892,611275,1000000,-0.0010,0.1700,+1.5,+24.3,+0.8693,NONE,STOPPED
="2026-09-07 10:01:58",80147,688167,76892,611275,1000000,-0.0007,0.1700,+1.5,+24.3,+0.8845,NONE,STOPPED
="2026-09-07 10:01:59",80147,688167,76892,611275,1000000,-0.0008,0.1700,+1.5,+17.6,+0.8956,NONE,STOPPED
="2026-09-07 10:02:00",80147,624149,76892,547257,1000000,-0.0009,0.1700,+1.5,+9.2,+0.9070,NONE,STOPPED
="2026-09-07 10:02:01",80147,624149,76892,547257,1000000,-0.0009,0.1700,+1.5,+9.2,+0.9199,NONE,STOPPED
="2026-09-07 10:02:02",80147,624149,76892,547257,1000000,-0.0010,0.1700,+1.5,+9.2,+0.9199,NONE,STOPPED
="2026-09-07 10:02:03",80181,667382,107490,559892,1000000,-0.0010,0.1700,+34.3,+51.9,+1.0692,NONE,STOPPED
="2026-09-07 10:02:04",80181,654542,94650,559892,1000000,-0.0019,0.1700,+34.3,+53.5,+1.1875,NONE,STOPPED
="2026-09-07 10:02:05",80181,654542,94650,559892,1000000,-0.0018,0.1700,+34.3,+53.5,+1.2899,NONE,STOPPED
="2026-09-07 10:02:06",80181,654542,94650,559892,1000000,-0.0018,0.1700,+34.3,+65.1,+1.3785,NONE,STOPPED
="2026-09-07 10:02:07",80181,654542,94650,559892,1000000,-0.0018,0.1700,+34.3,+65.1,+1.4471,NONE,STOPPED
="2026-09-07 10:02:08",80181,654542,94650,559892,1000000,-0.0264,0.1700,+34.3,+65.1,+1.5042,NONE,STOPPED
="2026-09-07 10:02:09",80191,654542,94650,559892,1000000,-0.0264,0.1700,+9.9,+75.0,+1.5889,NONE,STOPPED
="2026-09-07 10:02:10",80191,654542,94650,559892,1000000,-0.0279,0.1700,+9.9,+75.0,+1.6599,NONE,STOPPED
="2026-09-07 10:02:11",80191,654542,94650,559892,1000000,-0.0279,0.1700,+9.9,+75.0,+1.6599,NONE,STOPPED
="2026-09-07 10:02:12",80191,654542,94650,559892,1000000,-0.0265,0.1700,+9.9,+75.0,+1.7182,NONE,STOPPED
="2026-09-07 10:02:13",80199,654542,94650,559892,1000000,-0.0258,0.1700,+18.2,+91.4,+1.8298,NONE,STOPPED
="2026-09-07 10:02:14",80200,644462,84569,559892,1000000,-0.0258,0.1700,+8.4,+91.4,+1.8800,NONE,STOPPED
="2026-09-07 10:02:15",80200,644462,84569,559892,1000000,-0.0248,0.1700,+8.3,+91.4,+1.9182,NONE,STOPPED
="2026-09-07 10:02:16",80205,708023,84569,623453,1000000,-0.0248,0.1700,+14.3,+97.4,+1.9687,NONE,STOPPED
="2026-09-07 10:02:17",80205,708023,84569,623453,1000000,-0.0249,0.1700,+14.3,+97.4,+2.0067,NONE,STOPPED
="2026-09-07 10:02:18",80205,708023,84569,623453,1000000,-0.0249,0.1700,+6.0,+97.4,+2.0332,NONE,STOPPED
="2026-09-07 10:02:19",80205,697761,74307,623453,1000000,-0.0249,0.1700,+6.0,+97.4,+2.0493,NONE,STOPPED
="2026-09-07 10:02:20",80205,697761,74307,623453,1000000,-0.0269,0.1700,+6.0,+97.4,+2.0493,NONE,STOPPED
="2026-09-07 10:02:21",80205,697761,74307,623453,1000000,-0.0269,0.1700,-0.0,+97.4,+2.0535,NONE,STOPPED
="2026-09-07 10:02:22",80205,697761,74307,623453,1000000,-0.0272,0.1700,-0.0,+97.4,+2.0432,NONE,STOPPED
="2026-09-07 10:02:23",80205,697761,74307,623453,1000000,-0.0271,0.1700,-0.0,+97.4,+2.0256,NONE,STOPPED
="2026-09-07 10:02:24",80205,697761,74307,623453,1000000,-0.0271,0.1700,+0.0,+97.4,+2.0016,NONE,STOPPED
="2026-09-07 10:02:25",80205,697761,74307,623453,1000000,-0.0271,0.1700,-0.0,+97.4,+1.9715,NONE,STOPPED
="2026-09-07 10:02:26",80205,697761,74307,623453,1000000,-0.0268,0.1700,+0.0,+97.4,+1.9361,NONE,STOPPED
="2026-09-07 10:02:27",80205,697761,74307,623453,1000000,-0.0281,0.1700,-0.0,+97.4,+1.8959,NONE,STOPPED
="2026-09-07 10:02:28",80205,697761,74307,623453,1000000,-0.0281,0.1700,+0.0,+97.4,+1.8514,NONE,STOPPED
="2026-09-07 10:02:29",80205,697761,74307,623453,1000000,-0.0281,0.1700,+0.0,+97.4,+1.8514,NONE,STOPPED
="2026-09-07 10:02:30",80205,697761,74307,623453,1000000,-0.0280,0.1700,+0.0,+106.0,+1.7513,NONE,STOPPED
="2026-09-07 10:02:31",80206,664178,40724,623453,1000000,-0.0288,0.1700,+0.0,+106.0,+1.6913,NONE,STOPPED
="2026-09-07 10:02:32",80215,714374,40724,673650,1000000,-0.0288,0.1700,+10.0,+116.0,+1.6678,NONE,STOPPED
="2026-09-07 10:02:33",80215,714374,40724,673650,1000000,-0.0288,0.1700,+10.0,+112.5,+1.6382,NONE,STOPPED
="2026-09-07 10:02:34",80215,672856,40724,632132,1000000,-0.0288,0.1700,+10.0,+95.9,+1.6052,NONE,STOPPED
="2026-09-07 10:02:35",80216,658839,40724,618115,1000000,-0.0246,0.1700,+10.0,+95.9,+1.5773,NONE,STOPPED
="2026-09-07 10:02:36",80215,658839,40724,618115,1000000,-0.0243,0.1700,+10.0,+88.9,+1.5448,NONE,STOPPED
="2026-09-07 10:02:37",80215,658839,40724,618115,1000000,-0.0243,0.1700,+10.0,+88.9,+1.5123,NONE,STOPPED
="2026-09-07 10:02:38",80215,658839,40724,618115,1000000,-0.0240,0.1700,+10.0,+88.9,+1.5123,NONE,STOPPED
="2026-09-07 10:02:39",80216,658839,40724,618115,1000000,-0.0081,0.1700,+0.0,+88.9,+1.4760,NONE,STOPPED
="2026-09-07 10:02:40",80215,658839,40724,618115,1000000,-0.0081,0.1700,-0.0,+88.9,+1.3933,NONE,STOPPED
="2026-09-07 10:02:41",80215,658839,40724,618115,1000000,-0.0081,0.1700,-0.0,+77.4,+1.3477,NONE,STOPPED
="2026-09-07 10:02:42",80216,643790,40724,603066,1000000,-0.0078,0.1700,+0.0,+77.4,+1.3068,NONE,STOPPED
="2026-09-07 10:02:43",80217,643790,40724,603066,1000000,-0.0075,0.1700,+1.4,+75.2,+1.2693,NONE,STOPPED
="2026-09-07 10:02:44",80217,643790,40724,603066,1000000,-0.0075,0.1700,+1.4,+71.5,+1.2314,NONE,STOPPED
="2026-09-07 10:02:45",80217,629144,40724,588420,1000000,-0.0075,0.1700,+1.4,+68.9,+1.1936,NONE,STOPPED
="2026-09-07 10:02:46",80217,629144,40724,588420,1000000,-0.0075,0.1700,+1.4,+68.9,+1.1553,NONE,STOPPED
="2026-09-07 10:02:47",80217,629144,40724,588420,1000000,-0.0080,0.1700,+1.4,+68.9,+1.1553,NONE,STOPPED
="2026-09-07 10:02:48",80217,629144,40724,588420,1000000,-0.0080,0.1700,+1.4,+68.9,+1.1152,NONE,STOPPED
="2026-09-07 10:02:49",80217,629144,40724,588420,1000000,-0.0080,0.1700,+1.4,+77.5,+1.0306,NONE,STOPPED
="2026-09-07 10:02:50",80217,619018,30598,588420,1000000,-0.0074,0.1700,-0.0,+71.5,+0.9812,NONE,STOPPED
="2026-09-07 10:02:51",80217,156990,30598,126392,1000000,-0.0075,0.1700,+0.0,+71.5,+0.9347,NONE,STOPPED
="2026-09-07 10:02:52",80217,156990,30598,126392,1000000,-0.0090,0.1700,-0.0,+71.5,+0.8874,NONE,STOPPED
="2026-09-07 10:02:53",80217,156990,30598,126392,1000000,-0.0090,0.1700,+0.0,+71.5,+0.8396,NONE,STOPPED
="2026-09-07 10:02:54",80217,156990,30598,126392,1000000,-0.0085,0.1700,-0.0,+71.5,+0.7913,NONE,STOPPED
="2026-09-07 10:02:55",80217,156990,30598,126392,1000000,-0.0085,0.1700,-0.0,+71.5,+0.7428,NONE,STOPPED
="2026-09-07 10:02:56",80217,156990,30598,126392,1000000,-0.0084,0.1700,-0.0,+70.0,+0.6941,NONE,STOPPED
="2026-09-07 10:02:57",80217,156990,30598,126392,1000000,-0.0084,0.1700,-0.0,+70.0,+0.6941,NONE,STOPPED
="2026-09-07 10:02:58",80217,156990,30598,126392,1000000,-0.0084,0.1700,+0.0,+70.0,+0.6463,NONE,STOPPED
="2026-09-07 10:02:59",80217,156990,30598,126392,1000000,-0.0083,0.1700,+0.0,+70.0,+0.5509,NONE,STOPPED
="2026-09-07 10:03:00",80217,156990,30598,126392,1000000,-0.0081,0.1700,+0.0,+70.0,+0.5035,NONE,STOPPED
="2026-09-07 10:03:01",80219,156990,30598,126392,1000000,-0.0081,0.1700,+2.6,+72.5,+0.4663,NONE,STOPPED
="2026-09-07 10:03:02",80219,156990,30598,126392,1000000,-0.0080,0.1700,+2.6,+38.2,+0.4284,NONE,STOPPED
="2026-09-07 10:03:03",80219,113757,0,113757,1000000,-0.0083,0.1700,+2.6,+38.2,+0.4109,NONE,STOPPED
="2026-09-07 10:03:04",80219,124269,0,124269,1000000,-0.0083,0.1700,+2.6,+38.2,+0.3925,NONE,STOPPED
="2026-09-07 10:03:05",80220,124269,0,124269,1000000,-0.0083,0.1700,+2.6,+38.2,+0.3735,NONE,STOPPED
="2026-09-07 10:03:06",80230,213413,0,213413,1000000,-0.0083,0.1700,+10.0,+48.3,+0.3926,NONE,STOPPED
="2026-09-07 10:03:07",80230,213413,0,213413,1000000,-0.0083,0.1700,+10.0,+48.3,+0.3926,NONE,STOPPED
="2026-09-07 10:03:08",80230,213413,0,213413,1000000,+0.0163,0.1700,+10.1,+38.5,+0.4185,NONE,STOPPED
="2026-09-07 10:03:09",80240,213413,0,213413,1000000,+0.0163,0.1700,+20.8,+49.1,+0.4733,NONE,STOPPED
="2026-09-07 10:03:10",80240,213413,0,213413,1000000,+0.0166,0.1700,+20.8,+49.1,+0.5204,NONE,STOPPED
="2026-09-07 10:03:11",80240,213413,0,213413,1000000,+0.0151,0.1700,+10.8,+49.1,+0.5601,NONE,STOPPED
="2026-09-07 10:03:12",80240,213413,0,213413,1000000,+0.0151,0.1700,+10.8,+40.8,+0.5932,NONE,STOPPED
="2026-09-07 10:03:13",80226,306494,93080,213413,1000000,+0.0149,0.1700,-4.1,+26.0,+0.5677,NONE,STOPPED
="2026-09-07 10:03:14",80220,306494,93080,213413,1000000,+0.0139,0.1700,-20.8,+20.0,+0.5189,NONE,STOPPED
="2026-09-07 10:03:15",80218,306494,93080,213413,1000000,+0.0139,0.1700,-22.8,+12.0,+0.4647,NONE,STOPPED
="2026-09-07 10:03:16",80218,242932,93080,149851,1000000,+0.0139,0.1700,-22.8,+12.0,+0.4647,NONE,STOPPED
="2026-09-07 10:03:17",80216,242932,93080,149851,1000000,+0.0135,0.1700,-24.8,+10.0,+0.4095,NONE,STOPPED
="2026-09-07 10:03:18",80216,242932,93080,149851,1000000,+0.0135,0.1700,-10.0,+10.0,+0.3096,NONE,STOPPED
="2026-09-07 10:03:19",80216,242932,93080,149851,1000000,+0.0069,0.1700,-4.0,+10.0,+0.2646,NONE,STOPPED
="2026-09-07 10:03:20",80216,242932,93080,149851,1000000,+0.0089,0.1700,-2.0,+10.0,+0.2227,NONE,STOPPED
="2026-09-07 10:03:21",80204,254355,104503,149851,1000000,+0.0089,0.1700,-11.9,-1.8,+0.1374,NONE,STOPPED
="2026-09-07 10:03:22",80196,254355,104503,149851,1000000,+0.0082,0.1700,-20.0,-10.0,+0.0277,NONE,STOPPED
="2026-09-07 10:03:23",80196,254355,104503,149851,1000000,+0.0081,0.1700,-20.0,-10.0,-0.0719,NONE,STOPPED
="2026-09-07 10:03:24",80187,254355,104503,149851,1000000,+0.0081,0.1700,-28.1,-18.0,-0.1935,NONE,STOPPED
="2026-09-07 10:03:25",80184,254355,104503,149851,1000000,+0.0089,0.1700,-32.0,-22.0,-0.3186,NONE,STOPPED
="2026-09-07 10:03:26",80184,254355,104503,149851,1000000,+0.0089,0.1700,-32.0,-22.0,-0.3186,NONE,STOPPED
="2026-09-07 10:03:27",80184,254355,104503,149851,1000000,+0.0102,0.1700,-20.1,-22.0,-0.4310,NONE,STOPPED
="2026-09-07 10:03:28",80184,254355,104503,149851,1000000,+0.0094,0.1700,-12.0,-22.0,-0.6217,NONE,STOPPED
="2026-09-07 10:03:29",80184,254355,104503,149851,1000000,+0.0094,0.1700,-3.9,-22.0,-0.7015,NONE,STOPPED
="2026-09-07 10:03:30",80184,254355,104503,149851,1000000,+0.0093,0.1700,+0.0,-22.0,-0.7719,NONE,STOPPED
="2026-09-07 10:03:31",80184,254355,104503,149851,1000000,+0.0093,0.1700,-3.9,-32.0,-0.8336,NONE,STOPPED
="2026-09-07 10:03:32",80184,204159,104503,99655,1000000,+0.0093,0.1700,+0.0,-32.0,-0.8811,NONE,STOPPED
="2026-09-07 10:03:33",80184,204159,104503,99655,1000000,+0.0093,0.1700,+0.0,-32.0,-0.9214,NONE,STOPPED
="2026-09-07 10:03:34",80184,204159,104503,99655,1000000,+0.0097,0.1700,-0.0,-32.0,-0.9549,NONE,STOPPED
="2026-09-07 10:03:35",80184,204159,104503,99655,1000000,+0.0097,0.1700,-0.0,-32.0,-0.9549,NONE,STOPPED
="2026-09-07 10:03:36",80184,204159,104503,99655,1000000,+0.0093,0.1700,-0.0,-32.0,-0.9823,NONE,STOPPED
="2026-09-07 10:03:37",80184,204159,104503,99655,1000000,+0.0093,0.1700,+0.0,-32.0,-1.0202,NONE,STOPPED
="2026-09-07 10:03:38",80169,204159,104503,99655,1000000,+0.0093,0.1700,-14.1,-46.1,-1.0864,NONE,STOPPED
="2026-09-07 10:03:39",80175,244260,104503,139756,1000000,-0.0066,0.1700,-8.8,-40.8,-1.1223,NONE,STOPPED
="2026-09-07 10:03:40",80185,255049,104503,150545,1000000,-0.0055,0.1700,+1.1,-30.8,-1.1123,NONE,STOPPED
="2026-09-07 10:03:41",80202,276164,104503,171661,1000000,-0.0055,0.1700,+18.1,-13.9,-1.0334,NONE,STOPPED
="2026-09-07 10:03:42",80202,276164,104503,171661,1000000,-0.0059,0.1700,+18.6,-14.9,-0.9572,NONE,STOPPED
="2026-09-07 10:03:43",80202,276164,104503,171661,1000000,-0.0059,0.1700,+32.6,-14.9,-0.8844,NONE,STOPPED
="2026-09-07 10:03:44",80202,276164,104503,171661,1000000,-0.0059,0.1700,+32.6,-14.9,-0.8844,NONE,STOPPED
="2026-09-07 10:03:45",80202,276164,104503,171661,1000000,-0.0059,0.1700,+27.4,-14.9,-0.8156,NONE,STOPPED
="2026-09-07 10:03:46",80206,276164,104503,171661,1000000,-0.0059,0.1700,+3.9,-11.4,-0.6758,NONE,STOPPED
="2026-09-07 10:03:47",80206,276164,104503,171661,1000000,-0.0054,0.1700,+3.4,-11.4,-0.6057,NONE,STOPPED
="2026-09-07 10:03:48",80205,276164,104503,171661,1000000,-0.0054,0.1700,+3.4,-11.4,-0.5402,NONE,STOPPED
="2026-09-07 10:03:49",80206,276164,104503,171661,1000000,-0.0028,0.1700,+3.4,-11.4,-0.4789,NONE,STOPPED
="2026-09-07 10:03:50",80216,276164,104503,171661,1000000,-0.0028,0.1700,+13.4,-1.4,-0.3826,NONE,STOPPED
="2026-09-07 10:03:51",80216,276164,104503,171661,1000000,-0.0027,0.1700,+10.0,-1.4,-0.2940,NONE,STOPPED
="2026-09-07 10:03:52",80216,276164,104503,171661,1000000,-0.0027,0.1700,+10.0,-1.4,-0.2125,NONE,STOPPED
="2026-09-07 10:03:53",80215,276164,104503,171661,1000000,-0.0027,0.1700,+10.0,-1.4,-0.1378,NONE,STOPPED
="2026-09-07 10:03:54",80215,276164,104503,171661,1000000,-0.0032,0.1700,+10.0,-1.4,-0.1378,NONE,STOPPED
="2026-09-07 10:03:55",80216,276164,104503,171661,1000000,-0.0032,0.1700,+10.0,-1.4,-0.0067,NONE,STOPPED
="2026-09-07 10:03:56",80213,370518,198857,171661,1000000,-0.0022,0.1700,-2.6,-4.0,+0.0405,NONE,STOPPED
="2026-09-07 10:03:57",80213,370518,198857,171661,1000000,-0.0022,0.1700,-2.6,-4.0,+0.0836,NONE,STOPPED
="2026-09-07 10:03:58",80213,370518,198857,171661,1000000,-0.0022,0.1700,-2.6,-4.0,+0.1229,NONE,STOPPED
="2026-09-07 10:03:59",80213,370518,198857,171661,1000000,-0.0024,0.1700,-2.6,-4.0,+0.1586,NONE,STOPPED
="2026-09-07 10:04:00",80213,370518,198857,171661,1000000,-0.0026,0.1700,-2.6,-6.6,+0.1910,NONE,STOPPED
="2026-09-07 10:04:01",80208,370518,198857,171661,1000000,-0.0026,0.1700,-5.2,-11.7,+0.2019,NONE,STOPPED
="2026-09-07 10:04:02",80208,370518,198857,171661,1000000,-0.0017,0.1700,-5.2,-11.7,+0.2019,NONE,STOPPED
="2026-09-07 10:04:03",80208,370518,198857,171661,1000000,-0.0014,0.1700,-5.1,-11.7,+0.2118,NONE,STOPPED
="2026-09-07 10:04:04",80208,360006,198857,161149,1000000,-0.0020,0.1700,-5.2,-11.7,+0.2293,NONE,STOPPED
="2026-09-07 10:04:05",80208,360006,198857,161149,1000000,-0.0020,0.1700,-5.1,-21.7,+0.2369,NONE,STOPPED
="2026-09-07 10:04:06",80209,294531,198857,95673,1000000,-0.0020,0.1700,+1.3,-20.4,+0.2549,NONE,STOPPED
="2026-09-07 10:04:07",80209,294531,198857,95673,1000000,-0.0021,0.1700,+1.3,-20.6,+0.2718,NONE,STOPPED
="2026-09-07 10:04:08",80209,294531,198857,95673,1000000,-0.0021,0.1700,+1.3,-31.2,+0.2874,NONE,STOPPED
="2026-09-07 10:04:09",80209,294531,198857,95673,1000000,-0.0021,0.1700,+1.3,-31.2,+0.3084,NONE,STOPPED
="2026-09-07 10:04:10",80209,294531,198857,95673,1000000,-0.0024,0.1700,+1.3,-31.2,+0.3282,NONE,STOPPED
="2026-09-07 10:04:11",80209,294531,198857,95673,1000000,-0.0024,0.1700,+1.3,-31.2,+0.3469,NONE,STOPPED
="2026-09-07 10:04:12",80209,294531,198857,95673,1000000,-0.0024,0.1700,+1.3,-31.2,+0.3469,NONE,STOPPED
="2026-09-07 10:04:13",80209,201450,105776,95673,1000000,-0.0021,0.1700,+0.0,-16.4,+0.3512,NONE,STOPPED
="2026-09-07 10:04:14",80212,220021,105776,114244,1000000,-0.0026,0.1700,+3.1,-5.4,+0.3872,NONE,STOPPED
="2026-09-07 10:04:15",80209,220021,105776,114244,1000000,-0.0026,0.1700,+0.0,-6.4,+0.3874,NONE,STOPPED
="2026-09-07 10:04:16",80209,220021,105776,114244,1000000,-0.0023,0.1700,+0.0,-6.4,+0.3859,NONE,STOPPED
="2026-09-07 10:04:17",80209,220021,105776,114244,1000000,-0.0023,0.1700,+0.0,-6.4,+0.3840,NONE,STOPPED
="2026-09-07 10:04:18",80209,220021,105776,114244,1000000,-0.0023,0.1700,-0.0,-6.4,+0.3817,NONE,STOPPED
="2026-09-07 10:04:19",80209,220021,105776,114244,1000000,+0.0044,0.1700,-3.1,-6.4,+0.3792,NONE,STOPPED
="2026-09-07 10:04:20",80209,220021,105776,114244,1000000,+0.0045,0.1700,-3.1,+5.4,+0.3763,NONE,STOPPED
="2026-09-07 10:04:21",80209,208598,94353,114244,1000000,+0.0045,0.1700,-3.1,+13.6,+0.3660,NONE,STOPPED
="2026-09-07 10:04:22",80209,208598,94353,114244,1000000,+0.0051,0.1700,-3.1,+13.6,+0.3660,NONE,STOPPED
="2026-09-07 10:04:23",80215,208598,94353,114244,1000000,+0.0059,0.1700,+6.1,+27.7,+0.3806,NONE,STOPPED
="2026-09-07 10:04:24",80215,208598,94353,114244,1000000,+0.0059,0.1700,+6.1,+31.7,+0.3796,NONE,STOPPED
="2026-09-07 10:04:25",80215,208598,94353,114244,1000000,+0.0051,0.1700,+6.1,+31.7,+0.3744,NONE,STOPPED
="2026-09-07 10:04:26",80215,208598,94353,114244,1000000,+0.0056,0.1700,+6.1,+31.7,+0.3677,NONE,STOPPED
="2026-09-07 10:04:27",80215,208598,94353,114244,1000000,+0.0056,0.1700,-0.0,+31.7,+0.3595,NONE,STOPPED
="2026-09-07 10:04:28",80215,208598,94353,114244,1000000,+0.0065,0.1700,+6.1,+31.7,+0.3500,NONE,STOPPED
="2026-09-07 10:04:29",80215,208598,94353,114244,1000000,+0.0065,0.1700,+0.0,+31.7,+0.3393,NONE,STOPPED
="2026-09-07 10:04:30",80215,208598,94353,114244,1000000,+0.0065,0.1700,-0.0,+31.7,+0.3276,NONE,STOPPED
="2026-09-07 10:04:31",80215,208598,94353,114244,1000000,+0.0065,0.1700,-0.0,+31.7,+0.3149,NONE,STOPPED
="2026-09-07 10:04:32",80215,208598,94353,114244,1000000,+0.0065,0.1700,-0.0,+31.7,+0.3149,NONE,STOPPED
="2026-09-07 10:04:33",80222,208598,94353,114244,1000000,+0.0078,0.1700,+6.3,+38.0,+0.3270,NONE,STOPPED
="2026-09-07 10:04:34",80223,208598,94353,114244,1000000,+0.0074,0.1700,+8.3,+40.0,+0.3405,NONE,STOPPED
="2026-09-07 10:04:35",80223,208598,94353,114244,1000000,+0.0074,0.1700,+8.3,+40.0,+0.3504,NONE,STOPPED
="2026-09-07 10:04:36",80223,208598,94353,114244,1000000,+0.0074,0.1700,+8.3,+40.0,+0.3572,NONE,STOPPED
="2026-09-07 10:04:37",80224,208598,94353,114244,1000000,+0.0074,0.1700,+4.0,+54.1,+0.3610,NONE,STOPPED
="2026-09-07 10:04:38",80224,208598,94353,114244,1000000,+0.0074,0.1700,+2.0,+48.8,+0.3535,NONE,STOPPED
="2026-09-07 10:04:39",80224,168497,94353,74143,1000000,+0.0080,0.1700,+0.0,+38.9,+0.3470,NONE,STOPPED
="2026-09-07 10:04:40",80224,157708,94353,63354,1000000,+0.0070,0.1700,+0.0,+21.9,+0.3443,NONE,STOPPED
="2026-09-07 10:04:41",80224,136592,94353,42238,1000000,+0.0070,0.1700,+0.0,+21.9,+0.3443,NONE,STOPPED
="2026-09-07 10:04:42",80226,136592,94353,42238,1000000,-0.0027,0.1700,+2.0,+23.4,+0.3686,NONE,STOPPED
="2026-09-07 10:04:43",80225,136592,94353,42238,1000000,-0.0027,0.1700,+2.0,+23.4,+0.3767,NONE,STOPPED
="2026-09-07 10:04:44",80225,136592,94353,42238,1000000,-0.0027,0.1700,+2.0,+23.4,+0.3823,NONE,STOPPED
="2026-09-07 10:04:45",80225,136592,94353,42238,1000000,-0.0023,0.1700,+2.0,+20.0,+0.3857,NONE,STOPPED
="2026-09-07 10:04:46",80226,136592,94353,42238,1000000,-0.0027,0.1700,+2.0,+20.0,+0.3892,NONE,STOPPED
="2026-09-07 10:04:47",80216,372892,220052,152840,1000000,-0.0027,0.1700,-10.0,+10.0,+0.3519,NONE,STOPPED
="2026-09-07 10:04:48",80216,372892,220052,152840,1000000,-0.0023,0.1700,-10.0,+10.0,+0.3167,NONE,STOPPED
="2026-09-07 10:04:49",80216,493640,220052,273588,1000000,-0.0023,0.1700,-10.0,+0.0,+0.2836,NONE,STOPPED
="2026-09-07 10:04:50",80216,493640,220052,273588,1000000,-0.0049,0.1700,-10.0,+0.0,+0.2836,NONE,STOPPED
="2026-09-07 10:04:51",80216,664370,220052,444318,1000000,-0.0050,0.1700,-10.0,+0.0,+0.2586,NONE,STOPPED
="2026-09-07 10:04:52",80224,684737,220052,464685,1000000,-0.0050,0.1700,+8.9,+8.9,+0.2479,NONE,STOPPED
="2026-09-07 10:04:53",80224,684737,220052,464685,1000000,-0.0050,0.1700,+8.9,+8.9,+0.2587,NONE,STOPPED
="2026-09-07 10:04:54",80224,684737,220052,464685,1000000,-0.0050,0.1700,+8.9,+8.9,+0.2675,NONE,STOPPED
="2026-09-07 10:04:55",80224,684737,220052,464685,1000000,-0.0050,0.1700,+8.9,+11.5,+0.2747,NONE,STOPPED
="2026-09-07 10:04:56",80224,590384,125698,464685,1000000,-0.0061,0.1700,+8.9,+11.5,+0.2788,NONE,STOPPED
="2026-09-07 10:04:57",80224,590384,125698,464685,1000000,-0.0073,0.1700,+0.0,+11.5,+0.2815,NONE,STOPPED
="2026-09-07 10:04:58",80224,590384,125698,464685,1000000,-0.0073,0.1700,+0.0,+11.5,+0.2829,NONE,STOPPED
="2026-09-07 10:04:59",80224,590384,125698,464685,1000000,-0.0070,0.1700,+8.9,+11.5,+0.2831,NONE,STOPPED
="2026-09-07 10:05:00",80224,590384,125698,464685,1000000,-0.0096,0.1700,-0.0,+16.6,+0.2822,NONE,STOPPED
="2026-09-07 10:05:01",80225,590384,125698,464685,1000000,-0.0096,0.1700,+1.1,+17.7,+0.2816,NONE,STOPPED
="2026-09-07 10:05:02",80225,590384,125698,464685,1000000,-0.0105,0.1700,+1.1,+17.7,+0.2797,NONE,STOPPED
="2026-09-07 10:05:03",80225,590384,125698,464685,1000000,-0.0105,0.1700,+1.1,+17.7,+0.2797,NONE,STOPPED
="2026-09-07 10:05:04",80226,590384,125698,464685,1000000,-0.0099,0.1700,+1.1,+17.7,+0.2727,NONE,STOPPED
="2026-09-07 10:05:05",80228,590384,125698,464685,1000000,-0.0099,0.1700,+3.4,+18.8,+0.2768,NONE,STOPPED
="2026-09-07 10:05:06",80233,624529,125698,498831,1000000,-0.0093,0.1700,+7.9,+24.4,+0.3018,NONE,STOPPED
="2026-09-07 10:05:07",80233,624529,125698,498831,1000000,-0.0093,0.1700,+8.0,+24.4,+0.3230,NONE,STOPPED
="2026-09-07 10:05:08",80233,624529,125698,498831,1000000,-0.0093,0.1700,+7.9,+24.4,+0.3406,NONE,STOPPED
="2026-09-07 10:05:09",80233,624529,125698,498831,1000000,-0.0097,0.1700,+7.9,+24.4,+0.3551,NONE,STOPPED
="2026-09-07 10:05:10",80233,624529,125698,498831,1000000,-0.0097,0.1700,+5.6,+24.4,+0.3665,NONE,STOPPED
="2026-09-07 10:05:11",80239,624529,125698,498831,1000000,-0.0097,0.1700,+5.9,+30.3,+0.3982,NONE,STOPPED
="2026-09-07 10:05:12",80239,624529,125698,498831,1000000,-0.0098,0.1700,+5.9,+30.3,+0.3982,NONE,STOPPED
="2026-09-07 10:05:13",80239,624529,125698,498831,1000000,-0.0098,0.1700,+5.9,+27.3,+0.4476,NONE,STOPPED
="2026-09-07 10:05:14",80239,605958,125698,480260,1000000,-0.0093,0.1700,+5.9,+30.3,+0.4678,NONE,STOPPED
="2026-09-07 10:05:15",80239,605958,125698,480260,1000000,-0.0093,0.1700,+5.9,+30.3,+0.4822,NONE,STOPPED
="2026-09-07 10:05:16",80239,605958,125698,480260,1000000,-0.0083,0.1700,+5.9,+30.3,+0.4931,NONE,STOPPED
="2026-09-07 10:05:17",80175,1084720,604460,480260,1000000,-0.0083,0.1700,-64.6,-34.3,+0.2494,NONE,STOPPED
="2026-09-07 10:05:18",80175,1084720,604460,480260,1000000,-0.0083,0.1700,-64.6,-34.3,+0.0281,NONE,STOPPED
="2026-09-07 10:05:19",80175,1084720,604460,480260,1000000,-0.0083,0.1700,-64.6,-34.3,-0.1724,NONE,STOPPED
="2026-09-07 10:05:20",80164,1084720,604460,480260,1000000,-0.0083,0.1700,-75.2,-44.8,-0.3943,NONE,STOPPED
="2026-09-07 10:05:21",80164,1084720,604460,480260,1000000,-0.0145,0.1700,-75.2,-44.8,-0.3943,NONE,STOPPED
="2026-09-07 10:05:22",80164,1084720,604460,480260,1000000,-0.0145,0.1700,-75.2,-50.9,-0.5941,NONE,STOPPED
="2026-09-07 10:05:23",80164,1084720,604460,480260,1000000,-0.0153,0.1700,-10.6,-50.9,-0.9257,NONE,STOPPED
="2026-09-07 10:05:24",80164,1084720,604460,480260,1000000,-0.0153,0.1700,-10.5,-50.9,-1.0641,NONE,STOPPED
="2026-09-07 10:05:25",80164,1084720,604460,480260,1000000,-0.0152,0.1700,-0.0,-50.9,-1.1861,NONE,STOPPED
="2026-09-07 10:05:26",80164,1084720,604460,480260,1000000,-0.0157,0.1700,+0.0,-50.9,-1.2928,NONE,STOPPED
="2026-09-07 10:05:27",80164,1084720,604460,480260,1000000,-0.0157,0.1700,+0.0,-50.9,-1.3853,NONE,STOPPED
="2026-09-07 10:05:28",80164,1084720,604460,480260,1000000,-0.0157,0.1700,+0.0,-50.9,-1.4648,NONE,STOPPED
="2026-09-07 10:05:29",80164,1084720,604460,480260,1000000,-0.0157,0.1700,+0.0,-50.9,-1.5321,NONE,STOPPED
="2026-09-07 10:05:30",80164,1084720,604460,480260,1000000,-0.0158,0.1700,+0.0,-50.9,-1.5321,NONE,STOPPED
="2026-09-07 10:05:31",80164,1084720,604460,480260,1000000,-0.0158,0.1700,+0.0,-55.3,-1.6343,NONE,STOPPED
="2026-09-07 10:05:32",80164,1084720,604460,480260,1000000,-0.0171,0.1700,+0.0,-57.3,-1.6681,NONE,STOPPED
="2026-09-07 10:05:33",80164,1084720,604460,480260,1000000,-0.0171,0.1700,-0.0,-59.3,-1.6921,NONE,STOPPED
="2026-09-07 10:05:34",80164,1084720,604460,480260,1000000,-0.0173,0.1700,+0.0,-59.3,-1.7069,NONE,STOPPED
="2026-09-07 10:05:35",80164,1084720,604460,480260,1000000,-0.0172,0.1700,+0.0,-59.3,-1.7145,NONE,STOPPED
="2026-09-07 10:05:36",80164,1084720,604460,480260,1000000,-0.0181,0.1700,+0.0,-59.3,-1.7155,NONE,STOPPED
="2026-09-07 10:05:37",80164,1084720,604460,480260,1000000,-0.0181,0.1700,-0.0,-59.3,-1.7105,NONE,STOPPED
="2026-09-07 10:05:38",80164,1084720,604460,480260,1000000,-0.0187,0.1700,+0.0,-59.3,-1.7000,NONE,STOPPED
="2026-09-07 10:05:39",80164,1084720,604460,480260,1000000,-0.0187,0.1700,+0.0,-59.3,-1.7000,NONE,STOPPED
="2026-09-07 10:05:40",80164,1084720,604460,480260,1000000,-0.0187,0.1700,+0.0,-59.3,-1.6845,NONE,STOPPED
="2026-09-07 10:05:41",80164,1084720,604460,480260,1000000,-0.0187,0.1700,+0.0,-61.3,-1.6393,NONE,STOPPED
="2026-09-07 10:05:42",80164,1084720,604460,480260,1000000,-0.0090,0.1700,+0.0,-61.3,-1.6104,NONE,STOPPED
="2026-09-07 10:05:43",80146,1103606,623346,480260,1000000,-0.0086,0.1700,-17.8,-79.1,-1.6475,NONE,STOPPED
="2026-09-07 10:05:44",80136,1117375,637114,480260,1000000,-0.0086,0.1700,-28.6,-89.8,-1.7166,NONE,STOPPED
="2026-09-07 10:05:45",80128,1117375,637114,480260,1000000,-0.0090,0.1700,-36.4,-97.7,-1.8030,NONE,STOPPED
="2026-09-07 10:05:46",80104,1141870,661610,480260,1000000,-0.0090,0.1700,-60.3,-111.6,-1.9670,NONE,STOPPED
="2026-09-07 10:05:47",80104,905570,535912,369658,1000000,-0.0095,0.1700,-60.3,-111.6,-2.1137,NONE,STOPPED
="2026-09-07 10:05:48",80104,905570,535912,369658,1000000,-0.0095,0.1700,-60.3,-111.6,-2.1137,NONE,STOPPED
="2026-09-07 10:05:49",80104,784822,535912,248910,1000000,-0.0078,0.1700,-42.5,-111.6,-2.2385,NONE,STOPPED
="2026-09-07 10:05:50",80108,784822,535912,248910,1000000,-0.0077,0.1700,-19.6,-107.3,-2.4127,NONE,STOPPED
="2026-09-07 10:05:51",80118,614092,535912,78180,1000000,-0.0077,0.1700,+14.5,-106.0,-2.4270,NONE,STOPPED
="2026-09-07 10:05:52",80118,593725,535912,57813,1000000,-0.0077,0.1700,+14.5,-106.0,-2.4258,NONE,STOPPED
="2026-09-07 10:05:53",80118,593725,535912,57813,1000000,-0.0077,0.1700,+14.5,-106.0,-2.4153,NONE,STOPPED
="2026-09-07 10:05:54",80118,593725,535912,57813,1000000,-0.0077,0.1700,+14.5,-106.0,-2.3966,NONE,STOPPED
="2026-09-07 10:05:55",80128,613754,535912,77842,1000000,-0.0077,0.1700,+19.6,-96.6,-2.3335,NONE,STOPPED
="2026-09-07 10:05:56",80128,613754,535912,77842,1000000,-0.0077,0.1700,+9.4,-96.6,-2.2672,NONE,STOPPED
="2026-09-07 10:05:57",80141,631183,535912,95270,1000000,-0.0065,0.1700,+22.8,-83.2,-2.1461,NONE,STOPPED
="2026-09-07 10:05:58",80141,631183,535912,95270,1000000,-0.0065,0.1700,+22.8,-83.2,-2.1461,NONE,STOPPED
="2026-09-07 10:05:59",80151,631183,535912,95270,1000000,-0.0056,0.1700,+32.4,-73.5,-1.8416,NONE,STOPPED
="2026-09-07 10:06:00",80146,631183,535912,95270,1000000,-0.0030,0.1700,+17.7,-80.0,-1.7194,NONE,STOPPED
="2026-09-07 10:06:01",80146,631183,535912,95270,1000000,-0.0030,0.1700,+17.7,-80.0,-1.6009,NONE,STOPPED
="2026-09-07 10:06:02",80146,645024,549753,95270,1000000,+0.0022,0.1700,+17.7,-80.0,-1.6009,NONE,STOPPED
="2026-09-07 10:06:03",80128,645024,549753,95270,1000000,+0.0022,0.1700,-22.4,-97.1,-1.5019,NONE,STOPPED
="2026-09-07 10:06:04",80128,645024,549753,95270,1000000,+0.0022,0.1700,-22.4,-99.4,-1.4484,NONE,STOPPED
="2026-09-07 10:06:05",80128,645024,549753,95270,1000000,+0.0032,0.1700,-17.1,-105.0,-1.3913,NONE,STOPPED
="2026-09-07 10:06:06",80128,587211,549753,37457,1000000,+0.0026,0.1700,-17.1,-105.0,-1.3290,NONE,STOPPED
="2026-09-07 10:06:07",80128,587211,549753,37457,1000000,+0.0026,0.1700,-17.1,-105.0,-1.2651,NONE,STOPPED
="2026-09-07 10:06:08",80128,587211,549753,37457,1000000,+0.0026,0.1700,-17.1,-105.0,-1.2000,NONE,STOPPED
="2026-09-07 10:06:09",80128,587211,549753,37457,1000000,+0.0029,0.1700,-17.1,-105.0,-1.2000,NONE,STOPPED
="2026-09-07 10:06:10",80128,587211,549753,37457,1000000,+0.0029,0.1700,+0.0,-105.0,-1.1338,NONE,STOPPED
="2026-09-07 10:06:11",80123,587211,549753,37457,1000000,+0.0031,0.1700,-5.7,-116.7,-1.0381,NONE,STOPPED
="2026-09-07 10:06:12",80123,587211,549753,37457,1000000,+0.0032,0.1700,-5.7,-116.7,-0.9847,NONE,STOPPED
="2026-09-07 10:06:13",80123,587211,549753,37457,1000000,+0.0032,0.1700,-5.7,-116.7,-0.9292,NONE,STOPPED
="2026-09-07 10:06:14",80123,587211,549753,37457,1000000,+0.0040,0.1700,-5.7,-116.7,-0.8719,NONE,STOPPED
="2026-09-07 10:06:15",80123,587211,549753,37457,1000000,+0.0040,0.1700,-0.0,-116.7,-0.8131,NONE,STOPPED
="2026-09-07 10:06:16",80107,627770,590313,37457,1000000,+0.0030,0.1700,-15.2,-67.3,-0.8123,NONE,STOPPED
="2026-09-07 10:06:17",80107,149008,111551,37457,1000000,+0.0029,0.1700,-15.2,-67.3,-0.8438,NONE,STOPPED
="2026-09-07 10:06:18",80107,149008,111551,37457,1000000,+0.0029,0.1700,-15.2,-67.3,-0.8438,NONE,STOPPED
="2026-09-07 10:06:19",80107,149008,111551,37457,1000000,+0.0029,0.1700,-15.2,-67.3,-0.8680,NONE,STOPPED
="2026-09-07 10:06:20",80107,149008,111551,37457,1000000,+0.0032,0.1700,-15.2,-56.8,-0.9035,NONE,STOPPED
="2026-09-07 10:06:21",80107,149008,111551,37457,1000000,+0.0094,0.1700,+0.0,-56.8,-0.9156,NONE,STOPPED
="2026-09-07 10:06:22",80107,149008,111551,37457,1000000,+0.0094,0.1700,+0.0,-56.8,-0.9225,NONE,STOPPED
="2026-09-07 10:06:23",80107,149008,111551,37457,1000000,+0.0094,0.1700,-0.0,-56.8,-0.9245,NONE,STOPPED
="2026-09-07 10:06:24",80107,149008,111551,37457,1000000,+0.0094,0.1700,-0.0,-56.8,-0.9222,NONE,STOPPED
="2026-09-07 10:06:25",80107,149008,111551,37457,1000000,+0.0093,0.1700,+0.0,-56.8,-0.9158,NONE,STOPPED
="2026-09-07 10:06:26",80107,149008,111551,37457,1000000,+0.0087,0.1700,+0.0,-56.8,-0.9058,NONE,STOPPED
="2026-09-07 10:06:27",80107,149008,111551,37457,1000000,+0.0087,0.1700,+0.0,-56.8,-0.9058,NONE,STOPPED
="2026-09-07 10:06:28",80107,173041,135583,37457,1000000,+0.0087,0.1700,-0.0,-56.8,-0.8926,NONE,STOPPED
="2026-09-07 10:06:29",80100,184816,147358,37457,1000000,+0.0071,0.1700,-7.9,-64.7,-0.8952,NONE,STOPPED
="2026-09-07 10:06:30",80100,184816,147358,37457,1000000,+0.0072,0.1700,-7.9,-64.7,-0.9009,NONE,STOPPED
="2026-09-07 10:06:31",80100,184816,147358,37457,1000000,+0.0072,0.1700,-7.9,-64.7,-0.9017,NONE,STOPPED
="2026-09-07 10:06:32",80100,184816,147358,37457,1000000,+0.0064,0.1700,-7.9,-64.7,-0.8979,NONE,STOPPED
="2026-09-07 10:06:33",80100,184816,147358,37457,1000000,+0.0064,0.1700,-5.9,-64.7,-0.8899,NONE,STOPPED
="2026-09-07 10:06:34",80100,184816,147358,37457,1000000,+0.0066,0.1700,-5.9,-64.7,-0.8781,NONE,STOPPED
="2026-09-07 10:06:35",80100,184816,147358,37457,1000000,+0.0061,0.1700,-5.9,-64.7,-0.8629,NONE,STOPPED
="2026-09-07 10:06:36",80100,184816,147358,37457,1000000,+0.0069,0.1700,+0.0,-64.7,-0.8447,NONE,STOPPED
="2026-09-07 10:06:37",80100,184816,147358,37457,1000000,+0.0069,0.1700,+0.0,-64.7,-0.8447,NONE,STOPPED
="2026-09-07 10:06:38",80100,184816,147358,37457,1000000,+0.0069,0.1700,+0.0,-64.7,-0.8002,NONE,STOPPED
="2026-09-07 10:06:39",80100,184816,147358,37457,1000000,+0.0069,0.1700,-0.0,-64.7,-0.7746,NONE,STOPPED
="2026-09-07 10:06:40",80100,184816,147358,37457,1000000,+0.0069,0.1700,-0.0,-64.7,-0.7469,NONE,STOPPED
="2026-09-07 10:06:41",80100,184816,147358,37457,1000000,+0.0069,0.1700,-0.0,-64.7,-0.7176,NONE,STOPPED
="2026-09-07 10:06:42",80100,184816,147358,37457,1000000,+0.0073,0.1700,+0.0,-46.9,-0.6866,NONE,STOPPED
="2026-09-07 10:06:43",80100,165930,128472,37457,1000000,+0.0069,0.1700,-0.0,-36.2,-0.6652,NONE,STOPPED
="2026-09-07 10:06:44",80100,152162,114704,37457,1000000,+0.0069,0.1700,+0.0,-28.3,-0.6489,NONE,STOPPED
="2026-09-07 10:06:45",80100,152162,114704,37457,1000000,+0.0068,0.1700,-0.0,-4.4,-0.6361,NONE,STOPPED
="2026-09-07 10:06:46",80100,127666,90208,37457,1000000,+0.0068,0.1700,-0.0,-4.4,-0.6361,NONE,STOPPED
="2026-09-07 10:06:47",80100,127666,90208,37457,1000000,+0.0068,0.1700,-0.0,-4.4,-0.6364,NONE,STOPPED
="2026-09-07 10:06:48",80100,127666,90208,37457,1000000,+0.0070,0.1700,+0.0,-4.4,-0.6327,NONE,STOPPED
="2026-09-07 10:06:49",80100,127666,90208,37457,1000000,+0.0053,0.1700,+0.0,-8.7,-0.6289,NONE,STOPPED
="2026-09-07 10:06:50",80100,127666,90208,37457,1000000,+0.0053,0.1700,-0.0,-18.9,-0.6214,NONE,STOPPED
="2026-09-07 10:06:51",80100,127666,90208,37457,1000000,+0.0056,0.1700,-0.0,-18.9,-0.6068,NONE,STOPPED
="2026-09-07 10:06:52",80100,127666,90208,37457,1000000,+0.0056,0.1700,-0.0,-18.9,-0.5914,NONE,STOPPED
="2026-09-07 10:06:53",80100,127666,90208,37457,1000000,+0.0056,0.1700,+0.0,-18.9,-0.5753,NONE,STOPPED
="2026-09-07 10:06:54",80098,150102,112644,37457,1000000,+0.0056,0.1700,-1.7,-30.1,-0.5655,NONE,STOPPED
="2026-09-07 10:06:55",80098,130073,112644,17428,1000000,+0.0056,0.1700,-1.7,-30.1,-0.5655,NONE,STOPPED
="2026-09-07 10:06:56",80098,130073,112644,17428,1000000,+0.0056,0.1700,-1.7,-30.1,-0.5488,NONE,STOPPED
="2026-09-07 10:06:57",80098,112644,112644,0,1000000,+0.0056,0.1700,-1.7,-53.1,-0.5047,NONE,STOPPED
="2026-09-07 10:06:58",80098,112644,112644,0,1000000,+0.0056,0.1700,-1.7,-53.1,-0.4719,NONE,STOPPED
="2026-09-07 10:06:59",80098,112644,112644,0,1000000,+0.0047,0.1700,-1.7,-47.7,-0.4388,NONE,STOPPED
="2026-09-07 10:07:00",80098,112644,112644,0,1000000,+0.0047,0.1700,+0.0,-47.7,-0.4088,NONE,STOPPED
="2026-09-07 10:07:01",80098,112644,112644,0,1000000,+0.0048,0.1700,+0.0,-30.6,-0.3786,NONE,STOPPED
="2026-09-07 10:07:02",80098,98803,98803,0,1000000,-0.0005,0.1700,+0.0,-30.6,-0.3588,NONE,STOPPED
="2026-09-07 10:07:03",80098,98803,98803,0,1000000,-0.0003,0.1700,+0.0,-30.6,-0.3388,NONE,STOPPED
="2026-09-07 10:07:04",80098,98803,98803,0,1000000,-0.0003,0.1700,+0.0,-30.6,-0.3388,NONE,STOPPED
="2026-09-07 10:07:05",80098,98803,98803,0,1000000,-0.0013,0.1700,-0.0,-30.6,-0.3073,NONE,STOPPED
="2026-09-07 10:07:06",80098,98803,98803,0,1000000,-0.0013,0.1700,+0.0,-30.6,-0.2779,NONE,STOPPED
="2026-09-07 10:07:07",80085,368557,368557,0,1000000,-0.0013,0.1700,-12.3,-42.9,-0.3054,NONE,STOPPED
="2026-09-07 10:07:08",80066,393559,393559,0,1000000,-0.0013,0.1700,-31.7,-62.3,-0.4035,NONE,STOPPED
="2026-09-07 10:07:09",80066,393559,393559,0,1000000,-0.0027,0.1700,-31.7,-56.6,-0.4895,NONE,STOPPED
="2026-09-07 10:07:10",80064,393559,393559,0,1000000,-0.0027,0.1700,-33.9,-58.8,-0.5767,NONE,STOPPED
="2026-09-07 10:07:11",80064,393559,393559,0,1000000,-0.0029,0.1700,-34.0,-58.9,-0.6526,NONE,STOPPED
="2026-09-07 10:07:12",80064,393559,393559,0,1000000,-0.0029,0.1700,-21.6,-58.8,-0.7180,NONE,STOPPED
="2026-09-07 10:07:13",80064,393559,393559,0,1000000,-0.0029,0.1700,-2.3,-58.8,-0.7738,NONE,STOPPED
="2026-09-07 10:07:14",80064,393559,393559,0,1000000,-0.0037,0.1700,-2.3,-58.8,-0.7738,NONE,STOPPED
="2026-09-07 10:07:15",80052,412987,412987,0,1000000,+0.0006,0.1700,-12.2,-55.8,-0.9068,NONE,STOPPED
="2026-09-07 10:07:16",80052,372427,372427,0,1000000,+0.0006,0.1700,-12.2,-55.8,-0.9898,NONE,STOPPED
="2026-09-07 10:07:17",80052,372427,372427,0,1000000,+0.0006,0.1700,-12.2,-55.8,-1.0611,NONE,STOPPED
="2026-09-07 10:07:18",80052,372427,372427,0,1000000,+0.0014,0.1700,-12.2,-55.8,-1.1217,NONE,STOPPED
="2026-09-07 10:07:19",80052,372427,372427,0,1000000,+0.0014,0.1700,-12.2,-55.8,-1.1724,NONE,STOPPED
="2026-09-07 10:07:20",80052,372427,372427,0,1000000,+0.0011,0.1700,-12.2,-55.8,-1.2139,NONE,STOPPED
="2026-09-07 10:07:21",80053,410832,372427,38405,1000000,+0.0008,0.1700,+1.3,-54.5,-1.2420,NONE,STOPPED
="2026-09-07 10:07:22",80053,410832,372427,38405,1000000,+0.0008,0.1700,+1.3,-54.5,-1.2628,NONE,STOPPED
="2026-09-07 10:07:23",80053,410832,372427,38405,1000000,+0.0008,0.1700,+1.3,-54.5,-1.2628,NONE,STOPPED
="2026-09-07 10:07:24",80053,410832,372427,38405,1000000,+0.0008,0.1700,+1.3,-54.5,-1.2851,NONE,STOPPED
="2026-09-07 10:07:25",80050,468059,429654,38405,1000000,+0.0040,0.1700,-2.1,-57.9,-1.3010,NONE,STOPPED
="2026-09-07 10:07:26",80049,548436,429654,118782,1000000,+0.0046,0.1700,-4.3,-58.9,-1.3141,NONE,STOPPED
="2026-09-07 10:07:27",80049,548436,429654,118782,1000000,+0.0026,0.1700,-4.4,-56.9,-1.3209,NONE,STOPPED
="2026-09-07 10:07:28",80049,524404,405622,118782,1000000,+0.0026,0.1700,-4.4,-50.9,-1.3232,NONE,STOPPED
="2026-09-07 10:07:29",80049,512629,393846,118782,1000000,+0.0042,0.1700,-4.4,-50.9,-1.3240,NONE,STOPPED
="2026-09-07 10:07:30",80074,633649,393846,239802,1000000,+0.0042,0.1700,+24.5,-25.5,-1.2210,NONE,STOPPED
="2026-09-07 10:07:31",80074,633649,393846,239802,1000000,+0.0042,0.1700,+25.4,-25.5,-1.1235,NONE,STOPPED
="2026-09-07 10:07:32",80074,633649,393846,239802,1000000,+0.0050,0.1700,+25.4,-25.5,-1.1235,NONE,STOPPED
="2026-09-07 10:07:33",80074,633649,393846,239802,1000000,+0.0050,0.1700,+25.4,-25.5,-0.9441,NONE,STOPPED
="2026-09-07 10:07:34",80074,633649,393846,239802,1000000,+0.0143,0.1700,+25.4,-25.5,-0.8616,NONE,STOPPED
="2026-09-07 10:07:35",80064,633649,393846,239802,1000000,+0.0149,0.1700,-10.4,-36.0,-0.8243,NONE,STOPPED
="2026-09-07 10:07:36",80064,633649,393846,239802,1000000,+0.0149,0.1700,-10.4,-36.0,-0.7872,NONE,STOPPED
="2026-09-07 10:07:37",80064,633649,393846,239802,1000000,+0.0149,0.1700,-10.5,-36.0,-0.7502,NONE,STOPPED
="2026-09-07 10:07:38",80064,633649,393846,239802,1000000,+0.0149,0.1700,-10.5,-36.0,-0.7135,NONE,STOPPED
="2026-09-07 10:07:39",80055,633649,393846,239802,1000000,+0.0149,0.1700,-18.5,-44.0,-0.7084,NONE,STOPPED
="2026-09-07 10:07:40",80055,633649,393846,239802,1000000,+0.0147,0.1700,-8.1,-44.0,-0.7006,NONE,STOPPED
="2026-09-07 10:07:41",80055,633649,393846,239802,1000000,+0.0147,0.1700,-8.1,-44.0,-0.7006,NONE,STOPPED
="2026-09-07 10:07:42",80045,633649,393846,239802,1000000,+0.0143,0.1700,-18.3,-54.3,-0.7174,NONE,STOPPED
="2026-09-07 10:07:43",80045,633649,393846,239802,1000000,+0.0143,0.1700,-18.3,-54.3,-0.7386,NONE,STOPPED
="2026-09-07 10:07:44",80045,633649,393846,239802,1000000,+0.0143,0.1700,-10.3,-54.3,-0.7542,NONE,STOPPED
="2026-09-07 10:07:45",80045,633649,393846,239802,1000000,+0.0143,0.1700,-10.3,-54.3,-0.7646,NONE,STOPPED
="2026-09-07 10:07:46",80045,633649,393846,239802,1000000,+0.0141,0.1700,-10.3,-54.3,-0.7704,NONE,STOPPED
="2026-09-07 10:07:47",80045,633649,393846,239802,1000000,+0.0141,0.1700,-10.3,-54.3,-0.7718,NONE,STOPPED
="2026-09-07 10:07:48",80053,653645,393846,259798,1000000,+0.0139,0.1700,+8.1,-46.2,-0.7379,NONE,STOPPED
="2026-09-07 10:07:49",80053,653645,393846,259798,1000000,+0.0134,0.1700,+8.1,-46.2,-0.7036,NONE,STOPPED
="2026-09-07 10:07:50",80053,653645,393846,259798,1000000,+0.0130,0.1700,+8.1,-46.2,-0.7036,NONE,STOPPED
="2026-09-07 10:07:51",80053,653645,393846,259798,1000000,+0.0130,0.1700,+8.1,-46.2,-0.6690,NONE,STOPPED
="2026-09-07 10:07:52",80061,653645,393846,259798,1000000,+0.0163,0.1700,+15.7,-38.6,-0.5431,NONE,STOPPED
="2026-09-07 10:07:53",80061,653645,393846,259798,1000000,+0.0163,0.1700,+7.6,-36.9,-0.4842,NONE,STOPPED
="2026-09-07 10:07:54",80061,631209,371410,259798,1000000,+0.0163,0.1700,+7.6,-36.9,-0.4291,NONE,STOPPED
="2026-09-07 10:07:55",80061,631209,371410,259798,1000000,+0.0166,0.1700,+7.6,-36.9,-0.3764,NONE,STOPPED
="2026-09-07 10:07:56",80061,631209,371410,259798,1000000,+0.0166,0.1700,+7.6,-36.9,-0.3261,NONE,STOPPED
="2026-09-07 10:07:57",80061,631209,371410,259798,1000000,+0.0166,0.1700,+0.0,-36.9,-0.2780,NONE,STOPPED
="2026-09-07 10:07:58",80061,631209,371410,259798,1000000,+0.0166,0.1700,-0.0,-36.9,-0.2322,NONE,STOPPED
="2026-09-07 10:07:59",80061,631209,371410,259798,1000000,+0.0166,0.1700,-0.0,-36.9,-0.1884,NONE,STOPPED
="2026-09-07 10:08:00",80061,631209,371410,259798,1000000,+0.0165,0.1700,-0.0,-36.9,-0.1660,NONE,STOPPED
="2026-09-07 10:08:01",80061,631209,371410,259798,1000000,+0.0165,0.1700,-0.0,-36.9,-0.1065,NONE,STOPPED
="2026-09-07 10:08:02",80061,631209,371410,259798,1000000,+0.0164,0.1700,-0.0,-36.9,-0.0684,NONE,STOPPED
="2026-09-07 10:08:03",80061,631209,371410,259798,1000000,+0.0164,0.1700,-0.0,-36.9,-0.0320,NONE,STOPPED
="2026-09-07 10:08:04",80061,631209,371410,259798,1000000,+0.0173,0.1700,+0.0,-36.9,+0.0029,NONE,STOPPED
="2026-09-07 10:08:05",80065,631209,371410,259798,1000000,+0.0173,0.1700,+4.6,-32.3,+0.0540,NONE,STOPPED
="2026-09-07 10:08:06",80065,631209,371410,259798,1000000,+0.0173,0.1700,+4.6,-32.3,+0.0540,NONE,STOPPED
="2026-09-07 10:08:07",80065,361455,101656,259798,1000000,+0.0173,0.1700,+4.6,-20.0,+0.1018,NONE,STOPPED
="2026-09-07 10:08:08",80053,336453,76654,259798,1000000,+0.0172,0.1700,-7.6,-12.8,+0.0718,NONE,STOPPED
="2026-09-07 10:08:09",80053,336453,76654,259798,1000000,+0.0186,0.1700,-7.6,-10.5,+0.0541,NONE,STOPPED
="2026-09-07 10:08:10",80063,352713,76654,276058,1000000,+0.0238,0.1700,-2.8,-1.1,+0.0735,NONE,STOPPED
="2026-09-07 10:08:11",80065,352713,76654,276058,1000000,+0.0238,0.1700,+4.6,+1.6,+0.1019,NONE,STOPPED
="2026-09-07 10:08:12",80065,352713,76654,276058,1000000,+0.0238,0.1700,+12.1,+1.6,+0.1274,NONE,STOPPED
="2026-09-07 10:08:13",80065,352713,76654,276058,1000000,+0.0238,0.1700,+12.1,+1.6,+0.1504,NONE,STOPPED
="2026-09-07 10:08:14",80065,352713,76654,276058,1000000,+0.0238,0.1700,+12.1,+13.8,+0.1710,NONE,STOPPED
="2026-09-07 10:08:15",80065,333285,57227,276058,1000000,+0.0195,0.1700,+12.1,+13.8,+0.1710,NONE,STOPPED
="2026-09-07 10:08:16",80065,333285,57227,276058,1000000,+0.0195,0.1700,+2.8,+13.8,+0.1816,NONE,STOPPED
="2026-09-07 10:08:17",80065,333285,57227,276058,1000000,+0.0190,0.1700,-0.0,+13.8,+0.1983,NONE,STOPPED
="2026-09-07 10:08:18",80065,333285,57227,276058,1000000,+0.0182,0.1700,+0.0,+13.8,+0.2040,NONE,STOPPED
="2026-09-07 10:08:19",80065,333285,57227,276058,1000000,+0.0182,0.1700,-0.0,+13.8,+0.2081,NONE,STOPPED
="2026-09-07 10:08:20",80056,333285,57227,276058,1000000,+0.0184,0.1700,-9.5,+3.0,+0.1740,NONE,STOPPED
="2026-09-07 10:08:21",80047,294880,57227,237653,1000000,+0.0188,0.1700,-18.9,-6.4,+0.1066,NONE,STOPPED
="2026-09-07 10:08:22",80047,294880,57227,237653,1000000,+0.0188,0.1700,-18.9,-6.4,+0.0451,NONE,STOPPED
="2026-09-07 10:08:23",80047,294880,57227,237653,1000000,+0.0188,0.1700,-18.9,-6.4,-0.0107,NONE,STOPPED
="2026-09-07 10:08:24",80047,359393,57227,302166,1000000,+0.0188,0.1700,-18.9,-6.4,-0.0107,NONE,STOPPED
="2026-09-07 10:08:25",80054,348070,45903,302166,1000000,+0.0156,0.1700,-1.9,+4.5,-0.0324,NONE,STOPPED
="2026-09-07 10:08:26",80054,221789,0,221789,1000000,+0.0134,0.1700,+7.4,+5.4,-0.0748,NONE,STOPPED
="2026-09-07 10:08:27",80054,221789,0,221789,1000000,+0.0155,0.1700,+7.4,+5.4,-0.0936,NONE,STOPPED
="2026-09-07 10:08:28",80054,221789,0,221789,1000000,+0.0155,0.1700,+7.4,+5.4,-0.1108,NONE,STOPPED
="2026-09-07 10:08:29",80054,221789,0,221789,1000000,+0.0155,0.1700,+0.0,-20.0,-0.1264,NONE,STOPPED
="2026-09-07 10:08:30",80054,100769,0,100769,1000000,+0.0155,0.1700,+7.4,-20.0,-0.1253,NONE,STOPPED
="2026-09-07 10:08:31",80053,100769,0,100769,1000000,+0.0155,0.1700,-1.3,-21.3,-0.1281,NONE,STOPPED
="2026-09-07 10:08:32",80053,100769,0,100769,1000000,+0.0173,0.1700,-1.3,-21.3,-0.1296,NONE,STOPPED
="2026-09-07 10:08:33",80045,100769,0,100769,1000000,+0.0080,0.1700,-8.8,-28.8,-0.1590,NONE,STOPPED
="2026-09-07 10:08:34",80045,100769,0,100769,1000000,+0.0080,0.1700,-8.8,-28.8,-0.1590,NONE,STOPPED
="2026-09-07 10:08:35",80038,100769,0,100769,1000000,+0.0080,0.1700,-16.3,-25.8,-0.2572,NONE,STOPPED
="2026-09-07 10:08:36",80038,100769,0,100769,1000000,+0.0080,0.1700,-15.0,-25.8,-0.3060,NONE,STOPPED
="2026-09-07 10:08:37",80030,162291,61522,100769,1000000,+0.0079,0.1700,-22.8,-33.6,-0.3790,NONE,STOPPED
="2026-09-07 10:08:38",80030,162291,61522,100769,1000000,+0.0079,0.1700,-15.2,-25.5,-0.4433,NONE,STOPPED
="2026-09-07 10:08:39",80030,162291,61522,100769,1000000,-0.0051,0.1700,-10.7,-25.5,-0.5047,NONE,STOPPED
="2026-09-07 10:08:40",80030,162291,61522,100769,1000000,-0.0049,0.1700,-7.8,-25.5,-0.5585,NONE,STOPPED
="2026-09-07 10:08:41",80025,162291,61522,100769,1000000,-0.0049,0.1700,-13.2,-20.6,-0.6264,NONE,STOPPED
="2026-09-07 10:08:42",80025,162291,61522,100769,1000000,-0.0275,0.1700,-5.4,-20.6,-0.6920,NONE,STOPPED
="2026-09-07 10:08:43",80025,162291,61522,100769,1000000,-0.0275,0.1700,-5.4,-20.6,-0.6920,NONE,STOPPED
="2026-09-07 10:08:44",80025,162291,61522,100769,1000000,-0.0274,0.1700,-5.4,-20.6,-0.7997,NONE,STOPPED
="2026-09-07 10:08:45",80025,162291,61522,100769,1000000,-0.0271,0.1700,-5.4,-20.6,-0.8428,NONE,STOPPED
="2026-09-07 10:08:46",80025,162291,61522,100769,1000000,-0.0271,0.1700,-0.0,-20.6,-0.8797,NONE,STOPPED
="2026-09-07 10:08:47",80025,162291,61522,100769,1000000,-0.0255,0.1700,+0.0,-28.7,-0.9106,NONE,STOPPED
="2026-09-07 10:08:48",80025,142295,61522,80772,1000000,-0.0255,0.1700,+0.0,-28.7,-0.9311,NONE,STOPPED
="2026-09-07 10:08:49",80025,142295,61522,80772,1000000,-0.0250,0.1700,+0.0,-28.7,-0.9468,NONE,STOPPED
="2026-09-07 10:08:50",80036,158600,61522,97078,1000000,-0.0250,0.1700,+10.9,-25.4,-0.9154,NONE,STOPPED
="2026-09-07 10:08:51",80036,158600,61522,97078,1000000,-0.0250,0.1700,+10.9,-25.4,-0.8796,NONE,STOPPED
="2026-09-07 10:08:52",80036,158600,61522,97078,1000000,-0.0283,0.1700,+10.9,-25.4,-0.8441,NONE,STOPPED
="2026-09-07 10:08:53",80036,158600,61522,97078,1000000,-0.0283,0.1700,+10.9,-25.4,-0.8441,NONE,STOPPED
="2026-09-07 10:08:54",80036,158600,61522,97078,1000000,-0.0266,0.1700,+10.9,-25.4,-0.7742,NONE,STOPPED
="2026-09-07 10:08:55",80036,158600,61522,97078,1000000,-0.0266,0.1700,+10.9,-25.4,-0.7399,NONE,STOPPED
="2026-09-07 10:08:56",80036,158600,61522,97078,1000000,-0.0261,0.1700,+0.0,-25.4,-0.7061,NONE,STOPPED
="2026-09-07 10:08:57",80036,158600,61522,97078,1000000,-0.0261,0.1700,+10.9,-25.4,-0.6728,NONE,STOPPED
="2026-09-07 10:08:58",80036,197422,100343,97078,1000000,-0.0261,0.1700,+10.9,-25.4,-0.6400,NONE,STOPPED
="2026-09-07 10:08:59",80036,197422,100343,97078,1000000,-0.0261,0.1700,-0.0,-25.4,-0.6078,NONE,STOPPED
="2026-09-07 10:09:00",80036,197422,100343,97078,1000000,-0.0261,0.1700,-0.0,-25.4,-0.5760,NONE,STOPPED
="2026-09-07 10:09:01",80036,197422,100343,97078,1000000,-0.0262,0.1700,-0.0,-25.4,-0.5760,NONE,STOPPED
="2026-09-07 10:09:02",80036,197422,100343,97078,1000000,-0.0270,0.1700,+0.0,-25.4,-0.5152,NONE,STOPPED
="2026-09-07 10:09:03",80036,197422,100343,97078,1000000,-0.0270,0.1700,+0.0,-25.4,-0.4845,NONE,STOPPED
="2026-09-07 10:09:04",80036,197422,100343,97078,1000000,-0.0279,0.1700,+0.0,-30.0,-0.4552,NONE,STOPPED
="2026-09-07 10:09:05",80036,197422,100343,97078,1000000,-0.0279,0.1700,-0.0,-30.0,-0.4238,NONE,STOPPED
="2026-09-07 10:09:06",80036,197422,100343,97078,1000000,-0.0281,0.1700,+0.0,-17.8,-0.3930,NONE,STOPPED
="2026-09-07 10:09:07",80027,209740,112661,97078,1000000,-0.0280,0.1700,-8.4,-26.2,-0.4030,NONE,STOPPED
="2026-09-07 10:09:08",80025,209740,112661,97078,1000000,-0.0280,0.1700,-10.0,-27.8,-0.4167,NONE,STOPPED
="2026-09-07 10:09:09",80011,248791,112661,136129,1000000,-0.0281,0.1700,-25.0,-52.2,-0.4853,NONE,STOPPED
="2026-09-07 10:09:10",80011,285148,149018,136129,1000000,-0.0333,0.1700,-25.0,-52.2,-0.4853,NONE,STOPPED
="2026-09-07 10:09:11",80011,285148,149018,136129,1000000,-0.0333,0.1700,-25.0,-55.0,-0.5393,NONE,STOPPED
="2026-09-07 10:09:12",80011,285148,149018,136129,1000000,-0.0333,0.1700,-16.6,-54.9,-0.6208,NONE,STOPPED
="2026-09-07 10:09:13",80011,285148,149018,136129,1000000,-0.0333,0.1700,-15.0,-54.9,-0.6511,NONE,STOPPED
="2026-09-07 10:09:14",80011,285148,149018,136129,1000000,-0.0332,0.1700,-0.0,-55.0,-0.6751,NONE,STOPPED
="2026-09-07 10:09:15",80011,285148,149018,136129,1000000,-0.0358,0.1700,-15.0,-55.0,-0.6934,NONE,STOPPED
="2026-09-07 10:09:16",80011,285148,149018,136129,1000000,-0.0353,0.1700,-0.0,-54.9,-0.7064,NONE,STOPPED
="2026-09-07 10:09:17",80011,285148,149018,136129,1000000,-0.0353,0.1700,-0.0,-55.0,-0.7145,NONE,STOPPED
="2026-09-07 10:09:18",80011,285148,149018,136129,1000000,-0.0395,0.1700,+0.0,-54.9,-0.7182,NONE,STOPPED
="2026-09-07 10:09:19",80011,285148,149018,136129,1000000,-0.0397,0.1700,-0.0,-45.4,-0.7179,NONE,STOPPED
="2026-09-07 10:09:20",80011,306066,169937,136129,1000000,-0.0397,0.1700,-0.0,-45.4,-0.7179,NONE,STOPPED
="2026-09-07 10:09:21",80001,306066,169937,136129,1000000,-0.0372,0.1700,-9.1,-45.2,-0.7803,NONE,STOPPED
="2026-09-07 10:09:22",80000,306066,169937,136129,1000000,-0.0372,0.1700,-11.0,-47.1,-0.8180,NONE,STOPPED
="2026-09-07 10:09:23",80000,306066,169937,136129,1000000,-0.0372,0.1700,-11.0,-54.5,-0.8488,NONE,STOPPED
="2026-09-07 10:09:24",80000,241552,169937,71615,1000000,-0.0406,0.1700,-11.0,-54.5,-0.8687,NONE,STOPPED
="2026-09-07 10:09:25",80000,321232,249616,71615,1000000,-0.0385,0.1700,-5.0,-54.5,-0.8828,NONE,STOPPED
="2026-09-07 10:09:26",80000,321232,249616,71615,1000000,-0.0385,0.1700,-1.9,-54.5,-0.8917,NONE,STOPPED
="2026-09-07 10:09:27",80000,321232,249616,71615,1000000,-0.0385,0.1700,-1.9,-54.5,-0.8957,NONE,STOPPED
="2026-09-07 10:09:28",80000,349873,278257,71615,1000000,-0.0385,0.1700,-1.9,-54.5,-0.8953,NONE,STOPPED
="2026-09-07 10:09:29",80000,349873,278257,71615,1000000,-0.0385,0.1700,-1.9,-54.5,-0.8953,NONE,STOPPED
="2026-09-07 10:09:30",79989,349873,278257,71615,1000000,-0.0385,0.1700,-10.6,-65.1,-0.9320,NONE,STOPPED
="2026-09-07 10:09:31",79989,349873,278257,71615,1000000,-0.0433,0.1700,-10.6,-63.8,-0.9834,NONE,STOPPED
="2026-09-07 10:09:32",79989,349873,278257,71615,1000000,-0.0451,0.1700,-10.6,-56.3,-0.9994,NONE,STOPPED
="2026-09-07 10:09:33",79989,349873,278257,71615,1000000,-0.0458,0.1700,-10.6,-51.8,-1.0138,NONE,STOPPED
="2026-09-07 10:09:34",79989,349873,278257,71615,1000000,-0.0458,0.1700,-10.6,-48.8,-1.0254,NONE,STOPPED
="2026-09-07 10:09:35",79989,349873,278257,71615,1000000,-0.0458,0.1700,-10.6,-48.8,-1.0335,NONE,STOPPED
="2026-09-07 10:09:36",79989,349873,278257,71615,1000000,-0.0468,0.1700,+0.0,-41.0,-1.0367,NONE,STOPPED
="2026-09-07 10:09:37",79989,288351,216735,71615,1000000,-0.0468,0.1700,-0.0,-41.0,-1.0403,NONE,STOPPED
="2026-09-07 10:09:38",79989,288351,216735,71615,1000000,-0.0468,0.1700,-0.0,-41.0,-1.0403,NONE,STOPPED
="2026-09-07 10:09:39",79989,288351,216735,71615,1000000,-0.0338,0.1700,-0.0,-41.0,-1.0398,NONE,STOPPED
="2026-09-07 10:09:40",79997,409597,216735,192861,1000000,-0.0338,0.1700,+7.7,-27.9,-0.9979,NONE,STOPPED
="2026-09-07 10:09:41",79997,409597,216735,192861,1000000,-0.0338,0.1700,+8.0,-27.6,-0.9623,NONE,STOPPED
="2026-09-07 10:09:42",80005,432146,216735,215410,1000000,-0.0113,0.1700,+15.6,-20.1,-0.8972,NONE,STOPPED
="2026-09-07 10:09:43",80005,432146,216735,215410,1000000,-0.0077,0.1700,+15.6,-20.1,-0.8352,NONE,STOPPED
="2026-09-07 10:09:44",80011,462535,216735,245800,1000000,-0.0078,0.1700,+21.6,-14.1,-0.7528,NONE,STOPPED
="2026-09-07 10:09:45",80017,462535,216735,245800,1000000,-0.0078,0.1700,+20.2,-7.7,-0.6509,NONE,STOPPED
="2026-09-07 10:09:46",80017,462535,216735,245800,1000000,-0.0097,0.1700,+19.9,-7.7,-0.5564,NONE,STOPPED
="2026-09-07 10:09:47",80017,462535,216735,245800,1000000,-0.0113,0.1700,+12.3,-7.7,-0.4688,NONE,STOPPED
="2026-09-07 10:09:48",80017,462535,216735,245800,1000000,-0.0113,0.1700,+12.3,-7.7,-0.4688,NONE,STOPPED
="2026-09-07 10:09:49",80006,462535,216735,245800,1000000,-0.0097,0.1700,-4.5,-29.5,-0.3923,NONE,STOPPED
="2026-09-07 10:09:50",80006,446230,216735,229494,1000000,-0.0096,0.1700,-10.8,-29.5,-0.3501,NONE,STOPPED
="2026-09-07 10:09:51",80006,446230,216735,229494,1000000,-0.0109,0.1700,-10.8,-29.5,-0.3097,NONE,STOPPED
="2026-09-07 10:09:52",80002,446230,216735,229494,1000000,-0.0109,0.1700,-15.0,-33.6,-0.2873,NONE,STOPPED
="2026-09-07 10:09:53",80000,446230,216735,229494,1000000,-0.0109,0.1700,-5.8,-35.2,-0.2710,NONE,STOPPED
="2026-09-07 10:09:54",80000,446230,216735,229494,1000000,-0.0129,0.1700,-5.8,-35.2,-0.2542,NONE,STOPPED
="2026-09-07 10:09:55",80000,446230,216735,229494,1000000,-0.0130,0.1700,-5.8,-35.2,-0.2369,NONE,STOPPED
="2026-09-07 10:09:56",80000,446230,216735,229494,1000000,-0.0134,0.1700,-5.8,-35.2,-0.2191,NONE,STOPPED
="2026-09-07 10:09:57",80000,446230,216735,229494,1000000,-0.0134,0.1700,-5.8,-35.2,-0.2191,NONE,STOPPED
="2026-09-07 10:09:58",79990,407408,177914,229494,1000000,-0.0134,0.1700,-11.8,-45.5,-0.2410,NONE,STOPPED
="2026-09-07 10:09:59",79989,407408,177914,229494,1000000,-0.0135,0.1700,-11.3,-46.6,-0.2803,NONE,STOPPED
="2026-09-07 10:10:00",79989,407408,177914,229494,1000000,-0.0135,0.1700,-11.4,-46.6,-0.3071,NONE,STOPPED
="2026-09-07 10:10:01",79989,407408,177914,229494,1000000,-0.0130,0.1700,-11.4,-46.6,-0.3035,NONE,STOPPED
="2026-09-07 10:10:02",79989,420082,190587,229494,1000000,-0.0121,0.1700,-1.1,-46.6,-0.3099,NONE,STOPPED
="2026-09-07 10:10:03",79989,420082,190587,229494,1000000,-0.0121,0.1700,+0.0,-46.6,-0.3131,NONE,STOPPED
="2026-09-07 10:10:04",79989,420082,190587,229494,1000000,-0.0114,0.1700,-0.0,-46.6,-0.3135,NONE,STOPPED
="2026-09-07 10:10:05",79989,420082,190587,229494,1000000,-0.0114,0.1700,-0.0,-46.6,-0.3135,NONE,STOPPED
="2026-09-07 10:10:06",79989,420082,190587,229494,1000000,-0.0112,0.1700,-0.0,-38.2,-0.3068,NONE,STOPPED
="2026-09-07 10:10:07",79989,407763,178269,229494,1000000,-0.0112,0.1700,-0.0,-36.5,-0.3053,NONE,STOPPED
="2026-09-07 10:10:08",79989,407763,178269,229494,1000000,-0.0112,0.1700,-0.0,-21.6,-0.3027,NONE,STOPPED
="2026-09-07 10:10:09",79989,352453,178269,174184,1000000,-0.0112,0.1700,-0.0,-21.6,-0.3073,NONE,STOPPED
="2026-09-07 10:10:10",79977,396086,221901,174184,1000000,-0.0111,0.1700,-11.6,-33.2,-0.3552,NONE,STOPPED
="2026-09-07 10:10:11",79977,396086,221901,174184,1000000,-0.0111,0.1700,-11.6,-33.2,-0.3968,NONE,STOPPED
="2026-09-07 10:10:12",79977,396086,221901,174184,1000000,-0.0111,0.1700,-11.6,-33.2,-0.4325,NONE,STOPPED
="2026-09-07 10:10:13",79977,396086,221901,174184,1000000,-0.0111,0.1700,-11.6,-33.2,-0.4629,NONE,STOPPED
="2026-09-07 10:10:14",79977,396086,221901,174184,1000000,-0.0085,0.1700,-11.6,-33.2,-0.4883,NONE,STOPPED
="2026-09-07 10:10:15",79977,396086,221901,174184,1000000,-0.0085,0.1700,-11.6,-33.2,-0.4883,NONE,STOPPED
="2026-09-07 10:10:16",79981,470980,221901,249079,1000000,-0.0083,0.1700,+3.9,-29.3,-0.5096,NONE,STOPPED
="2026-09-07 10:10:17",79981,470980,221901,249079,1000000,-0.0083,0.1700,+3.9,-29.3,-0.5094,NONE,STOPPED
="2026-09-07 10:10:18",79981,470980,221901,249079,1000000,-0.0041,0.1700,+3.9,-29.3,-0.5063,NONE,STOPPED
="2026-09-07 10:10:19",79981,470980,221901,249079,1000000,-0.0041,0.1700,+3.9,-23.3,-0.5012,NONE,STOPPED
="2026-09-07 10:10:20",79981,470023,220943,249079,1000000,-0.0018,0.1700,+3.9,-20.2,-0.4980,NONE,STOPPED
="2026-09-07 10:10:21",79980,470023,220943,249079,1000000,-0.0043,0.1700,-1.5,-19.8,-0.5007,NONE,STOPPED
="2026-09-07 10:10:22",79980,470023,220943,249079,1000000,-0.0059,0.1700,-1.5,-19.8,-0.5024,NONE,STOPPED
="2026-09-07 10:10:23",79972,470023,220943,249079,1000000,-0.0025,0.1700,-8.7,-27.0,-0.5303,NONE,STOPPED
="2026-09-07 10:10:24",79972,501257,252178,249079,1000000,-0.0025,0.1700,-8.7,-27.0,-0.5303,NONE,STOPPED
="2026-09-07 10:10:25",79969,421578,172499,249079,1000000,-0.0025,0.1700,-11.8,-30.1,-0.5657,NONE,STOPPED
="2026-09-07 10:10:26",79969,421578,172499,249079,1000000,-0.0025,0.1700,-10.4,-30.1,-0.6204,NONE,STOPPED
="2026-09-07 10:10:27",79957,421578,172499,249079,1000000,-0.0025,0.1700,-22.7,-42.4,-0.6883,NONE,STOPPED
="2026-09-07 10:10:28",79957,421578,172499,249079,1000000,-0.0030,0.1700,-15.4,-31.8,-0.7471,NONE,STOPPED
="2026-09-07 10:10:29",79957,437466,188387,249079,1000000,-0.0030,0.1700,-12.3,-31.8,-0.8039,NONE,STOPPED
="2026-09-07 10:10:30",79957,437466,188387,249079,1000000,+0.0018,0.1700,-12.3,-31.9,-0.8528,NONE,STOPPED
="2026-09-07 10:10:31",79957,437466,188387,249079,1000000,+0.0002,0.1700,-12.3,-31.8,-0.8942,NONE,STOPPED
="2026-09-07 10:10:32",79957,437466,188387,249079,1000000,+0.0002,0.1700,-0.0,-31.9,-0.9289,NONE,STOPPED
="2026-09-07 10:10:33",79957,437466,188387,249079,1000000,+0.0009,0.1700,-0.0,-31.9,-0.9289,NONE,STOPPED
="2026-09-07 10:10:34",79957,437466,188387,249079,1000000,+0.0013,0.1700,-12.3,-31.8,-0.9573,NONE,STOPPED
="2026-09-07 10:10:35",79963,505026,188387,316639,1000000,+0.0013,0.1700,+5.4,-26.4,-0.9762,NONE,STOPPED
="2026-09-07 10:10:36",79963,505026,188387,316639,1000000,+0.0023,0.1700,+5.4,-26.4,-0.9696,NONE,STOPPED
="2026-09-07 10:10:37",79963,505026,188387,316639,1000000,+0.0023,0.1700,+5.5,-26.4,-0.9605,NONE,STOPPED
="2026-09-07 10:10:38",79963,505026,188387,316639,1000000,+0.0007,0.1700,+5.4,-26.4,-0.9492,NONE,STOPPED
="2026-09-07 10:10:39",79963,505026,188387,316639,1000000,+0.0008,0.1700,+5.4,-34.1,-0.9359,NONE,STOPPED
="2026-09-07 10:10:40",79963,383781,188387,195393,1000000,+0.0008,0.1700,-0.0,-34.4,-0.9161,NONE,STOPPED
="2026-09-07 10:10:41",79963,383781,188387,195393,1000000,+0.0033,0.1700,-0.0,-42.0,-0.8946,NONE,STOPPED
="2026-09-07 10:10:42",79963,361232,188387,172844,1000000,-0.0003,0.1700,-0.0,-42.0,-0.8671,NONE,STOPPED
="2026-09-07 10:10:43",79963,361232,188387,172844,1000000,-0.0003,0.1700,-0.0,-42.0,-0.8671,NONE,STOPPED
="2026-09-07 10:10:44",79963,330842,188387,142454,1000000,+0.0005,0.1700,+0.0,-48.0,-0.8093,NONE,STOPPED
="2026-09-07 10:10:45",79963,330842,188387,142454,1000000,+0.0024,0.1700,+0.0,-54.3,-0.7678,NONE,STOPPED
="2026-09-07 10:10:46",79969,352823,188387,164436,1000000,+0.0035,0.1700,+6.6,-47.7,-0.7040,NONE,STOPPED
="2026-09-07 10:10:47",79969,352823,188387,164436,1000000,+0.0035,0.1700,+6.6,-36.9,-0.6423,NONE,STOPPED
="2026-09-07 10:10:48",79969,352823,188387,164436,1000000,+0.0019,0.1700,+6.6,-36.9,-0.5895,NONE,STOPPED
="2026-09-07 10:10:49",79969,352823,188387,164436,1000000,+0.0071,0.1700,+6.6,-36.9,-0.5386,NONE,STOPPED
="2026-09-07 10:10:50",79969,352823,188387,164436,1000000,+0.0071,0.1700,+6.6,-36.9,-0.4896,NONE,STOPPED
="2026-09-07 10:10:51",79980,352823,188387,164436,1000000,+0.0085,0.1700,+10.6,-22.1,-0.4011,NONE,STOPPED
="2026-09-07 10:10:52",79980,352823,188387,164436,1000000,+0.0085,0.1700,+10.6,-20.5,-0.3210,NONE,STOPPED
="2026-09-07 10:10:53",79980,352823,188387,164436,1000000,+0.0110,0.1700,+10.6,-20.5,-0.3210,NONE,STOPPED
="2026-09-07 10:10:54",79980,352823,188387,164436,1000000,+0.0110,0.1700,+10.6,-20.5,-0.2475,NONE,STOPPED
="2026-09-07 10:10:55",79980,352823,188387,164436,1000000,+0.0111,0.1700,+10.6,-20.6,-0.1156,NONE,STOPPED
="2026-09-07 10:10:56",79980,352823,188387,164436,1000000,+0.0140,0.1700,+10.6,-10.3,-0.0565,NONE,STOPPED
="2026-09-07 10:10:57",79980,372022,207586,164436,1000000,+0.0140,0.1700,-0.0,-9.2,-0.0080,NONE,STOPPED
="2026-09-07 10:10:58",79980,410718,246282,164436,1000000,+0.0140,0.1700,-0.0,-9.2,+0.0360,NONE,STOPPED
="2026-09-07 10:10:59",79980,410718,246282,164436,1000000,+0.0132,0.1700,-0.0,-9.2,+0.0765,NONE,STOPPED
="2026-09-07 10:11:00",79980,410718,246282,164436,1000000,+0.0132,0.1700,+0.0,-9.2,+0.1137,NONE,STOPPED
="2026-09-07 10:11:01",79980,453553,289117,164436,1000000,+0.0127,0.1700,-0.0,-9.2,+0.1476,NONE,STOPPED
="2026-09-07 10:11:02",79980,1173368,459009,714358,1000000,+0.0128,0.1700,-0.0,-9.2,+0.1476,NONE,STOPPED
="2026-09-07 10:11:03",80004,1173368,459009,714358,1000000,+0.0128,0.1700,+23.8,+14.6,+0.3879,NONE,STOPPED
="2026-09-07 10:11:04",80004,1173368,459009,714358,1000000,+0.0120,0.1700,+23.8,+14.6,+0.4875,NONE,STOPPED
="2026-09-07 10:11:05",80004,1173368,459009,714358,1000000,+0.0138,0.1700,+23.8,+14.6,+0.5769,NONE,STOPPED
="2026-09-07 10:11:06",80016,1173368,459009,714358,1000000,+0.0138,0.1700,+36.1,+26.9,+0.7045,NONE,STOPPED
="2026-09-07 10:11:07",80016,1173368,459009,714358,1000000,+0.0138,0.1700,+10.8,+26.9,+0.8184,NONE,STOPPED
="2026-09-07 10:11:08",80016,1173368,459009,714358,1000000,+0.0170,0.1700,+12.3,+26.9,+0.9195,NONE,STOPPED
="2026-09-07 10:11:09",80024,1173368,459009,714358,1000000,+0.0170,0.1700,+20.2,+46.4,+1.0393,NONE,STOPPED
="2026-09-07 10:11:10",80032,1093378,379020,714358,1000000,+0.0170,0.1700,+28.5,+54.7,+1.1700,NONE,STOPPED
="2026-09-07 10:11:11",80032,1093378,379020,714358,1000000,+0.0174,0.1700,+28.5,+54.7,+1.1700,NONE,STOPPED
="2026-09-07 10:11:12",80032,1093378,379020,714358,1000000,+0.0174,0.1700,+16.1,+54.7,+1.3841,NONE,STOPPED
="2026-09-07 10:11:13",80032,1093378,379020,714358,1000000,+0.0174,0.1700,+16.1,+54.7,+1.4698,NONE,STOPPED
="2026-09-07 10:11:14",80032,1093378,379020,714358,1000000,+0.0174,0.1700,+8.2,+54.7,+1.5427,NONE,STOPPED
="2026-09-07 10:11:15",80032,1093378,379020,714358,1000000,+0.0172,0.1700,+8.2,+50.8,+1.6038,NONE,STOPPED
="2026-09-07 10:11:16",80032,1018484,379020,639463,1000000,+0.0172,0.1700,+0.0,+50.8,+1.6564,NONE,STOPPED
="2026-09-07 10:11:17",80040,1018484,379020,639463,1000000,+0.0175,0.1700,+7.6,+58.4,+1.7285,NONE,STOPPED
="2026-09-07 10:11:18",80040,1085575,446111,639463,1000000,+0.0175,0.1700,+7.6,+58.4,+1.7883,NONE,STOPPED
="2026-09-07 10:11:19",80048,1100316,446111,654205,1000000,+0.0152,0.1700,+16.2,+67.0,+1.8702,NONE,STOPPED
="2026-09-07 10:11:20",80048,1080356,426151,654205,1000000,+0.0152,0.1700,+16.2,+67.0,+1.8702,NONE,STOPPED
="2026-09-07 10:11:21",80048,1080356,426151,654205,1000000,+0.0154,0.1700,+16.2,+68.5,+1.9384,NONE,STOPPED
="2026-09-07 10:11:22",80048,1080356,426151,654205,1000000,+0.0170,0.1700,+8.6,+75.7,+2.0358,NONE,STOPPED
="2026-09-07 10:11:23",80048,1080356,426151,654205,1000000,+0.0170,0.1700,+8.6,+78.8,+2.0635,NONE,STOPPED
="2026-09-07 10:11:24",80048,1049122,394917,654205,1000000,+0.0174,0.1700,+0.0,+78.8,+2.0796,NONE,STOPPED
="2026-09-07 10:11:25",80061,1049122,394917,654205,1000000,+0.0174,0.1700,+12.5,+91.3,+2.1354,NONE,STOPPED
="2026-09-07 10:11:26",80061,1049122,394917,654205,1000000,+0.0160,0.1700,+12.5,+103.6,+2.1783,NONE,STOPPED
="2026-09-07 10:11:27",80061,1049122,394917,654205,1000000,+0.0160,0.1700,+12.5,+103.6,+2.2017,NONE,STOPPED
="2026-09-07 10:11:28",80056,1064880,410674,654205,1000000,+0.0165,0.1700,+7.9,+99.0,+2.1962,NONE,STOPPED
="2026-09-07 10:11:29",80056,1064880,410674,654205,1000000,+0.0165,0.1700,+7.9,+99.0,+2.1962,NONE,STOPPED
="2026-09-07 10:11:30",80056,1020350,366145,654205,1000000,+0.0165,0.1700,+7.9,+99.0,+2.1827,NONE,STOPPED
="2026-09-07 10:11:31",80056,1020350,366145,654205,1000000,+0.0181,0.1700,-4.6,+99.0,+2.1345,NONE,STOPPED
="2026-09-07 10:11:32",80056,1020350,366145,654205,1000000,+0.0181,0.1700,-4.6,+99.0,+2.1011,NONE,STOPPED
="2026-09-07 10:11:33",80056,1030560,366145,664415,1000000,+0.0222,0.1700,+0.0,+99.0,+2.0623,NONE,STOPPED
="2026-09-07 10:11:34",80056,963000,366145,596855,1000000,+0.0218,0.1700,+0.0,+93.6,+2.0187,NONE,STOPPED
="2026-09-07 10:11:35",80056,963000,366145,596855,1000000,+0.0218,0.1700,-4.6,+93.6,+1.9740,NONE,STOPPED
="2026-09-07 10:11:36",80056,963000,366145,596855,1000000,+0.0208,0.1700,+0.0,+93.6,+1.9254,NONE,STOPPED
="2026-09-07 10:11:37",80056,963000,366145,596855,1000000,+0.0223,0.1700,-0.0,+93.6,+1.8734,NONE,STOPPED
="2026-09-07 10:11:38",80056,963000,366145,596855,1000000,+0.0223,0.1700,-0.0,+93.6,+1.8183,NONE,STOPPED
="2026-09-07 10:11:39",80056,963000,366145,596855,1000000,+0.0223,0.1700,-0.0,+93.6,+1.8183,NONE,STOPPED
="2026-09-07 10:11:40",80056,963000,366145,596855,1000000,+0.0223,0.1700,-0.0,+93.6,+1.7004,NONE,STOPPED
="2026-09-07 10:11:41",80056,963000,366145,596855,1000000,+0.0199,0.1700,+0.0,+93.6,+1.6383,NONE,STOPPED
="2026-09-07 10:11:42",80056,963000,366145,596855,1000000,+0.0199,0.1700,+0.0,+93.6,+1.5745,NONE,STOPPED
="2026-09-07 10:11:43",80056,963000,366145,596855,1000000,+0.0202,0.1700,+0.0,+93.6,+1.5093,NONE,STOPPED
="2026-09-07 10:11:44",80056,963000,366145,596855,1000000,+0.0194,0.1700,-0.0,+93.6,+1.4429,NONE,STOPPED
="2026-09-07 10:11:45",80056,963000,366145,596855,1000000,+0.0194,0.1700,+0.0,+86.9,+1.3756,NONE,STOPPED
="2026-09-07 10:11:46",80056,941019,366145,574874,1000000,+0.0223,0.1700,+0.0,+86.9,+1.3116,NONE,STOPPED
="2026-09-07 10:11:47",80056,941019,366145,574874,1000000,+0.0223,0.1700,+0.0,+86.9,+1.2471,NONE,STOPPED
="2026-09-07 10:11:48",80056,941019,366145,574874,1000000,+0.0227,0.1700,+0.0,+86.9,+1.2471,NONE,STOPPED
="2026-09-07 10:11:49",80056,941019,366145,574874,1000000,+0.0175,0.1700,-0.0,+86.9,+1.1639,NONE,STOPPED
="2026-09-07 10:11:50",80056,941019,366145,574874,1000000,+0.0175,0.1700,+0.0,+76.3,+1.0516,NONE,STOPPED
="2026-09-07 10:11:51",80056,941019,366145,574874,1000000,+0.0175,0.1700,-0.0,+76.3,+0.9927,NONE,STOPPED
="2026-09-07 10:11:52",80056,941019,366145,574874,1000000,+0.0176,0.1700,+0.0,+76.3,+0.9340,NONE,STOPPED
="2026-09-07 10:11:53",80056,941019,366145,574874,1000000,+0.0150,0.1700,-0.0,+76.3,+0.8754,NONE,STOPPED
="2026-09-07 10:11:54",80051,941019,366145,574874,1000000,+0.0150,0.1700,-5.5,+70.8,+0.7956,NONE,STOPPED
="2026-09-07 10:11:55",80051,941019,366145,574874,1000000,+0.0150,0.1700,-5.5,+70.8,+0.7184,NONE,STOPPED
="2026-09-07 10:11:56",80051,941019,366145,574874,1000000,+0.0122,0.1700,-5.5,+70.8,+0.6436,NONE,STOPPED
="2026-09-07 10:11:57",80051,921820,346945,574874,1000000,+0.0122,0.1700,-5.5,+70.8,+0.6436,NONE,STOPPED
="2026-09-07 10:11:58",80051,883124,308249,574874,1000000,+0.0202,0.1700,-5.5,+70.9,+0.5712,NONE,STOPPED
="2026-09-07 10:11:59",80051,883124,308249,574874,1000000,+0.0210,0.1700,+0.0,+70.8,+0.4333,NONE,STOPPED
="2026-09-07 10:12:00",80051,883124,308249,574874,1000000,+0.0210,0.1700,+0.0,+70.9,+0.3677,NONE,STOPPED
="2026-09-07 10:12:01",80051,827615,252741,574874,1000000,+0.0210,0.1700,-0.0,+45.6,+0.3042,NONE,STOPPED
="2026-09-07 10:12:02",80051,107801,82849,24951,1000000,+0.0209,0.1700,-0.0,+45.6,+0.3042,NONE,STOPPED
="2026-09-07 10:12:03",80043,107801,82849,24951,1000000,+0.0209,0.1700,-7.5,+39.6,+0.1573,NONE,STOPPED
="2026-09-07 10:12:04",80043,107801,82849,24951,1000000,+0.0209,0.1700,-7.5,+39.6,+0.0901,NONE,STOPPED
="2026-09-07 10:12:05",80043,107801,82849,24951,1000000,+0.0192,0.1700,-7.5,+27.2,+0.0270,NONE,STOPPED
="2026-09-07 10:12:06",80043,107801,82849,24951,1000000,+0.0192,0.1700,-7.5,+27.2,-0.0247,NONE,STOPPED
="2026-09-07 10:12:07",80043,107801,82849,24951,1000000,+0.0195,0.1700,-0.0,+27.2,-0.0729,NONE,STOPPED
="2026-09-07 10:12:08",80043,107801,82849,24951,1000000,+0.0163,0.1700,-0.0,+19.3,-0.1178,NONE,STOPPED
="2026-09-07 10:12:09",80043,107801,82849,24951,1000000,+0.0163,0.1700,-7.5,+11.1,-0.1548,NONE,STOPPED
="2026-09-07 10:12:10",80043,107801,82849,24951,1000000,+0.0163,0.1700,-7.5,+11.1,-0.1548,NONE,STOPPED
="2026-09-07 10:12:11",80043,107801,82849,24951,1000000,+0.0158,0.1700,-0.0,+11.1,-0.2108,NONE,STOPPED
="2026-09-07 10:12:12",80043,107801,82849,24951,1000000,+0.0158,0.1700,-0.0,+11.1,-0.2352,NONE,STOPPED
="2026-09-07 10:12:13",80032,125505,100553,24951,1000000,+0.0157,0.1700,-10.7,+0.4,-0.2992,NONE,STOPPED
="2026-09-07 10:12:14",80032,125505,100553,24951,1000000,+0.0157,0.1700,-10.8,+0.3,-0.3570,NONE,STOPPED
="2026-09-07 10:12:15",80032,125505,100553,24951,1000000,+0.0157,0.1700,-10.7,+0.3,-0.4089,NONE,STOPPED
="2026-09-07 10:12:16",80029,125505,100553,24951,1000000,+0.0157,0.1700,-14.1,-10.6,-0.4686,NONE,STOPPED
="2026-09-07 10:12:17",80024,125505,100553,24951,1000000,+0.0153,0.1700,-19.3,-15.8,-0.5374,NONE,STOPPED
="2026-09-07 10:12:18",80024,58414,33462,24951,1000000,+0.0153,0.1700,-19.3,-15.8,-0.5374,NONE,STOPPED
="2026-09-07 10:12:19",80024,43673,33462,10210,1000000,+0.0153,0.1700,-8.6,-24.4,-0.5983,NONE,STOPPED
="2026-09-07 10:12:20",80024,43673,33462,10210,1000000,+0.0151,0.1700,-8.5,-24.4,-0.6887,NONE,STOPPED
="2026-09-07 10:12:21",80009,43673,33462,10210,1000000,+0.0151,0.1700,-19.8,-39.0,-0.7815,NONE,STOPPED
="2026-09-07 10:12:22",80009,43673,33462,10210,1000000,+0.0152,0.1700,-14.6,-39.0,-0.8629,NONE,STOPPED
="2026-09-07 10:12:23",80009,43673,33462,10210,1000000,+0.0152,0.1700,-14.6,-39.1,-0.9337,NONE,STOPPED
="2026-09-07 10:12:24",80001,43673,33462,10210,1000000,+0.0148,0.1700,-22.7,-59.6,-1.0261,NONE,STOPPED
="2026-09-07 10:12:25",80001,43673,33462,10210,1000000,+0.0144,0.1700,-22.7,-59.6,-1.0988,NONE,STOPPED
="2026-09-07 10:12:26",80020,79757,33462,46295,1000000,+0.0158,0.1700,+10.9,-40.7,-1.0866,NONE,STOPPED
="2026-09-07 10:12:27",80020,79757,33462,46295,1000000,+0.0158,0.1700,+10.9,-36.1,-1.0716,NONE,STOPPED
="2026-09-07 10:12:28",80020,63999,17704,46295,1000000,+0.0158,0.1700,+10.9,-36.1,-1.0716,NONE,STOPPED
="2026-09-07 10:12:29",80020,63999,17704,46295,1000000,+0.0158,0.1700,+18.9,-36.1,-1.0400,NONE,STOPPED
="2026-09-07 10:12:30",79995,419177,372882,46295,1000000,+0.0158,0.1700,-5.7,-60.7,-1.1169,NONE,STOPPED
="2026-09-07 10:12:31",79995,419177,372882,46295,1000000,+0.0171,0.1700,-24.7,-60.7,-1.1822,NONE,STOPPED
="2026-09-07 10:12:32",79995,419177,372882,46295,1000000,+0.0171,0.1700,-24.9,-60.9,-1.2375,NONE,STOPPED
="2026-09-07 10:12:33",79995,408967,372882,36084,1000000,+0.0130,0.1700,-24.8,-60.9,-1.2829,NONE,STOPPED
="2026-09-07 10:12:34",79995,408967,372882,36084,1000000,+0.0130,0.1700,-24.8,-60.9,-1.3192,NONE,STOPPED
="2026-09-07 10:12:35",79995,408967,372882,36084,1000000,+0.0182,0.1700,-0.2,-60.9,-1.3471,NONE,STOPPED
="2026-09-07 10:12:36",79995,408967,372882,36084,1000000,+0.0182,0.1700,-0.2,-60.9,-1.3673,NONE,STOPPED
="2026-09-07 10:12:37",79995,429454,372882,56571,1000000,+0.0182,0.1700,-0.2,-60.9,-1.3673,NONE,STOPPED
="2026-09-07 10:12:38",80006,429454,372882,56571,1000000,+0.0182,0.1700,+10.5,-50.4,-1.3395,NONE,STOPPED
="2026-09-07 10:12:39",80006,429454,372882,56571,1000000,+0.0182,0.1700,+10.5,-50.4,-1.2770,NONE,STOPPED
="2026-09-07 10:12:40",80006,429454,372882,56571,1000000,+0.0182,0.1700,+10.5,-50.4,-1.2429,NONE,STOPPED
="2026-09-07 10:12:41",80006,429454,372882,56571,1000000,+0.0209,0.1700,+10.5,-50.4,-1.2072,NONE,STOPPED
="2026-09-07 10:12:42",80006,429454,372882,56571,1000000,+0.0206,0.1700,+10.5,-50.4,-1.1702,NONE,STOPPED
="2026-09-07 10:12:43",80006,429454,372882,56571,1000000,+0.0208,0.1700,-0.0,-50.4,-1.1320,NONE,STOPPED
="2026-09-07 10:12:44",80006,429454,372882,56571,1000000,+0.0208,0.1700,+0.0,-50.4,-1.0927,NONE,STOPPED
="2026-09-07 10:12:45",79967,703689,647117,56571,1000000,+0.0168,0.1700,-38.5,-88.8,-1.2023,NONE,STOPPED
="2026-09-07 10:12:46",79967,703689,647117,56571,1000000,+0.0168,0.1700,-38.5,-88.8,-1.2961,NONE,STOPPED
="2026-09-07 10:12:47",79967,703689,647117,56571,1000000,+0.0166,0.1700,-38.5,-88.8,-1.2961,NONE,STOPPED
="2026-09-07 10:12:48",79967,703689,647117,56571,1000000,+0.0162,0.1700,-38.4,-88.8,-1.4411,NONE,STOPPED
="2026-09-07 10:12:49",79958,735869,679298,56571,1000000,+0.0162,0.1700,-48.1,-98.5,-1.5321,NONE,STOPPED
="2026-09-07 10:12:50",79958,735869,679298,56571,1000000,+0.0129,0.1700,-9.7,-98.5,-1.6079,NONE,STOPPED
="2026-09-07 10:12:51",79958,735869,679298,56571,1000000,+0.0129,0.1700,-9.6,-98.5,-1.6697,NONE,STOPPED
="2026-09-07 10:12:52",79958,735869,679298,56571,1000000,+0.0127,0.1700,-9.6,-98.5,-1.7186,NONE,STOPPED
="2026-09-07 10:12:53",79958,735869,679298,56571,1000000,+0.0127,0.1700,-9.7,-93.0,-1.7556,NONE,STOPPED
="2026-09-07 10:12:54",79958,735869,679298,56571,1000000,+0.0127,0.1700,-9.6,-93.0,-1.7851,NONE,STOPPED
="2026-09-07 10:12:55",79958,735869,679298,56571,1000000,+0.0127,0.1700,-0.0,-93.0,-1.8045,NONE,STOPPED
="2026-09-07 10:12:56",79958,735869,679298,56571,1000000,+0.0163,0.1700,-0.0,-93.0,-1.8045,NONE,STOPPED
="2026-09-07 10:12:57",79958,735869,679298,56571,1000000,+0.0163,0.1700,+0.0,-93.0,-1.8148,NONE,STOPPED
="2026-09-07 10:12:58",79958,735869,679298,56571,1000000,+0.0083,0.1700,+0.0,-93.0,-1.8107,NONE,STOPPED
="2026-09-07 10:12:59",79958,735869,679298,56571,1000000,+0.0090,0.1700,-0.0,-93.0,-1.7978,NONE,STOPPED
="2026-09-07 10:13:00",79958,735869,679298,56571,1000000,+0.0090,0.1700,+0.0,-93.0,-1.7783,NONE,STOPPED
="2026-09-07 10:13:01",79958,735869,679298,56571,1000000,+0.0090,0.1700,+0.0,-85.5,-1.7534,NONE,STOPPED
="2026-09-07 10:13:02",79958,735869,679298,56571,1000000,+0.0113,0.1700,-0.0,-85.5,-1.7279,NONE,STOPPED
="2026-09-07 10:13:03",79953,735869,679298,56571,1000000,+0.0113,0.1700,-4.1,-89.6,-1.7136,NONE,STOPPED
="2026-09-07 10:13:04",79953,735869,679298,56571,1000000,+0.0112,0.1700,-4.1,-89.6,-1.6935,NONE,STOPPED
="2026-09-07 10:13:05",79953,735869,679298,56571,1000000,+0.0091,0.1700,-4.1,-89.6,-1.6935,NONE,STOPPED
="2026-09-07 10:13:06",79971,762436,679298,83138,1000000,+0.0091,0.1700,+13.1,-72.3,-1.5460,NONE,STOPPED
="2026-09-07 10:13:07",79971,762436,679298,83138,1000000,+0.0089,0.1700,+13.1,-72.3,-1.4535,NONE,STOPPED
="2026-09-07 10:13:08",79971,762436,679298,83138,1000000,+0.0098,0.1700,+17.2,-72.3,-1.3633,NONE,STOPPED
="2026-09-07 10:13:09",79971,762436,679298,83138,1000000,+0.0098,0.1700,+17.3,-72.3,-1.2753,NONE,STOPPED
="2026-09-07 10:13:10",79971,762436,679298,83138,1000000,+0.0098,0.1700,+10.3,-72.3,-1.1895,NONE,STOPPED
="2026-09-07 10:13:11",79971,762436,679298,83138,1000000,+0.0098,0.1700,-0.0,-72.3,-1.1059,NONE,STOPPED
="2026-09-07 10:13:12",79971,762436,679298,83138,1000000,+0.0181,0.1700,+10.3,-61.6,-1.0244,NONE,STOPPED
="2026-09-07 10:13:13",79971,744731,661593,83138,1000000,+0.0182,0.1700,-0.0,-61.6,-0.9516,NONE,STOPPED
="2026-09-07 10:13:14",79971,744731,661593,83138,1000000,+0.0182,0.1700,-0.0,-61.6,-0.9516,NONE,STOPPED
="2026-09-07 10:13:15",79971,744731,661593,83138,1000000,+0.0182,0.1700,+0.0,-61.6,-0.8807,NONE,STOPPED
="2026-09-07 10:13:16",79971,744731,661593,83138,1000000,+0.0182,0.1700,+0.0,-53.1,-0.7469,NONE,STOPPED
="2026-09-07 10:13:17",79971,744731,661593,83138,1000000,+0.0182,0.1700,-0.0,-53.1,-0.6869,NONE,STOPPED
="2026-09-07 10:13:18",79971,744731,661593,83138,1000000,+0.0182,0.1700,-0.0,-53.1,-0.6286,NONE,STOPPED
="2026-09-07 10:13:19",79971,759677,661593,98084,1000000,+0.0182,0.1700,+0.0,-53.1,-0.5720,NONE,STOPPED
="2026-09-07 10:13:20",79971,759677,661593,98084,1000000,+0.0149,0.1700,-0.0,-38.4,-0.5171,NONE,STOPPED
="2026-09-07 10:13:21",79971,759677,661593,98084,1000000,+0.0149,0.1700,-0.0,-38.4,-0.4727,NONE,STOPPED
="2026-09-07 10:13:22",79971,759677,661593,98084,1000000,+0.0149,0.1700,-0.0,-38.4,-0.4297,NONE,STOPPED
="2026-09-07 10:13:23",79971,759677,661593,98084,1000000,+0.0149,0.1700,-0.0,-38.4,-0.4297,NONE,STOPPED
="2026-09-07 10:13:24",79971,759677,661593,98084,1000000,+0.0149,0.1700,+0.0,-30.4,-0.3880,NONE,STOPPED
="2026-09-07 10:13:25",79971,759677,661593,98084,1000000,+0.0153,0.1700,+0.0,-49.3,-0.3182,NONE,STOPPED
="2026-09-07 10:13:26",79971,723592,661593,61999,1000000,+0.0153,0.1700,+0.0,-49.3,-0.2735,NONE,STOPPED
="2026-09-07 10:13:27",79971,737891,661593,76298,1000000,+0.0154,0.1700,+0.5,-48.8,-0.2281,NONE,STOPPED
="2026-09-07 10:13:28",79971,737891,661593,76298,1000000,+0.0154,0.1700,+0.5,-48.8,-0.1844,NONE,STOPPED
="2026-09-07 10:13:29",79971,737891,661593,76298,1000000,+0.0154,0.1700,+0.5,-24.1,-0.1421,NONE,STOPPED
="2026-09-07 10:13:30",79971,382714,306415,76298,1000000,+0.0154,0.1700,+0.5,-24.1,-0.1162,NONE,STOPPED
="2026-09-07 10:13:31",79971,382714,306415,76298,1000000,+0.0140,0.1700,+0.5,-23.9,-0.0914,NONE,STOPPED
="2026-09-07 10:13:32",79971,382714,306415,76298,1000000,+0.0143,0.1700,+0.0,-23.9,-0.0677,NONE,STOPPED
="2026-09-07 10:13:33",79971,382714,306415,76298,1000000,+0.0143,0.1700,+0.0,-23.9,-0.0677,NONE,STOPPED
="2026-09-07 10:13:34",79971,395509,319210,76298,1000000,+0.0143,0.1700,+0.5,-23.9,-0.0450,NONE,STOPPED
="2026-09-07 10:13:35",79984,492962,399195,93767,1000000,+0.0101,0.1700,+12.5,-11.4,+0.0464,NONE,STOPPED
="2026-09-07 10:13:36",79984,492962,399195,93767,1000000,+0.0109,0.1700,+12.5,-21.9,+0.1102,NONE,STOPPED
="2026-09-07 10:13:37",79984,472475,399195,73280,1000000,+0.0109,0.1700,+12.5,-22.0,+0.1750,NONE,STOPPED
="2026-09-07 10:13:38",79954,795529,722249,73280,1000000,+0.0109,0.1700,-16.9,-51.4,+0.1202,NONE,STOPPED
="2026-09-07 10:13:39",79954,795529,722249,73280,1000000,+0.0109,0.1700,-16.9,-51.4,+0.0721,NONE,STOPPED
="2026-09-07 10:13:40",79954,795529,722249,73280,1000000,+0.0109,0.1700,-29.4,-51.4,+0.0302,NONE,STOPPED
="2026-09-07 10:13:41",79954,795529,722249,73280,1000000,+0.0082,0.1700,-29.6,-51.5,-0.0066,NONE,STOPPED
="2026-09-07 10:13:42",79954,795529,722249,73280,1000000,+0.0082,0.1700,-29.6,-51.5,-0.0380,NONE,STOPPED
="2026-09-07 10:13:43",79954,795529,722249,73280,1000000,+0.0080,0.1700,-29.6,-51.5,-0.0380,NONE,STOPPED
="2026-09-07 10:13:44",79947,795529,722249,73280,1000000,+0.0080,0.1700,-7.6,-20.5,-0.1410,NONE,STOPPED
="2026-09-07 10:13:45",79947,521294,448014,73280,1000000,+0.0576,0.1700,-7.6,-20.5,-0.2053,NONE,STOPPED
="2026-09-07 10:13:46",79947,521294,448014,73280,1000000,+0.0576,0.1700,-7.4,-20.5,-0.2626,NONE,STOPPED
="2026-09-07 10:13:47",79947,521294,448014,73280,1000000,+0.0577,0.1700,-7.4,-20.5,-0.3135,NONE,STOPPED
="2026-09-07 10:13:48",79955,637003,448014,188988,1000000,+0.0579,0.1700,+8.0,-2.8,-0.3271,NONE,STOPPED
="2026-09-07 10:13:49",79955,604822,415834,188988,1000000,+0.0579,0.1700,+8.0,-2.8,-0.3443,NONE,STOPPED
="2026-09-07 10:13:50",79955,604822,415834,188988,1000000,+0.0612,0.1700,+8.0,-2.8,-0.3591,NONE,STOPPED
="2026-09-07 10:13:51",79955,604822,415834,188988,1000000,+0.0612,0.1700,+8.0,-2.8,-0.3718,NONE,STOPPED
="2026-09-07 10:13:52",79955,604822,415834,188988,1000000,+0.0586,0.1700,+8.0,-2.8,-0.3718,NONE,STOPPED
="2026-09-07 10:13:53",79955,604822,415834,188988,1000000,+0.0586,0.1700,-0.0,-2.8,-0.3913,NONE,STOPPED
="2026-09-07 10:13:54",79955,604822,415834,188988,1000000,+0.0586,0.1700,-0.0,-2.8,-0.3985,NONE,STOPPED
="2026-09-07 10:13:55",79955,604822,415834,188988,1000000,+0.0586,0.1700,+0.0,-2.8,-0.4041,NONE,STOPPED
="2026-09-07 10:13:56",79955,604822,415834,188988,1000000,+0.0550,0.1700,-0.0,-2.8,-0.4082,NONE,STOPPED
="2026-09-07 10:13:57",79955,604822,415834,188988,1000000,+0.0549,0.1700,+0.0,-2.8,-0.4110,NONE,STOPPED
="2026-09-07 10:13:58",79955,604822,415834,188988,1000000,+0.0549,0.1700,+0.0,-2.8,-0.4127,NONE,STOPPED
="2026-09-07 10:13:59",79955,604822,415834,188988,1000000,+0.0543,0.1700,+0.0,-2.8,-0.4132,NONE,STOPPED
="2026-09-07 10:14:00",79955,604822,415834,188988,1000000,+0.0543,0.1700,+0.0,-2.8,-0.4127,NONE,STOPPED
="2026-09-07 10:14:01",79955,604822,415834,188988,1000000,+0.0550,0.1700,+0.0,-2.8,-0.4127,NONE,STOPPED
="2026-09-07 10:14:02",79960,604822,415834,188988,1000000,+0.0527,0.1700,+4.8,+6.2,-0.3734,NONE,STOPPED
="2026-09-07 10:14:03",79960,604822,415834,188988,1000000,+0.0527,0.1700,+4.8,+6.2,-0.3577,NONE,STOPPED
="2026-09-07 10:14:04",79960,604822,415834,188988,1000000,+0.0527,0.1700,+4.8,-0.8,-0.3430,NONE,STOPPED
="2026-09-07 10:14:05",79960,604822,415834,188988,1000000,+0.0548,0.1700,+4.8,-11.1,-0.3249,NONE,STOPPED
="2026-09-07 10:14:06",79960,578255,415834,162421,1000000,+0.0546,0.1700,+0.0,-11.1,-0.3014,NONE,STOPPED
="2026-09-07 10:14:07",79960,578255,415834,162421,1000000,+0.0546,0.1700,+4.8,-11.1,-0.2790,NONE,STOPPED
="2026-09-07 10:14:08",79960,578255,415834,162421,1000000,+0.0537,0.1700,+0.0,-11.1,-0.2575,NONE,STOPPED
="2026-09-07 10:14:09",79960,578255,415834,162421,1000000,+0.0537,0.1700,-0.0,-11.1,-0.2369,NONE,STOPPED
="2026-09-07 10:14:10",79960,578255,415834,162421,1000000,+0.0537,0.1700,-0.0,-11.1,-0.2369,NONE,STOPPED
="2026-09-07 10:14:11",79960,578255,415834,162421,1000000,+0.0537,0.1700,+0.0,-11.1,-0.1984,NONE,STOPPED
="2026-09-07 10:14:12",79958,593714,431293,162421,1000000,+0.0454,0.1700,-1.6,-12.7,-0.1865,NONE,STOPPED
="2026-09-07 10:14:13",79958,593714,431293,162421,1000000,+0.0448,0.1700,-1.6,-12.7,-0.1748,NONE,STOPPED
="2026-09-07 10:14:14",79958,593714,431293,162421,1000000,+0.0448,0.1700,-1.6,-12.7,-0.1632,NONE,STOPPED
="2026-09-07 10:14:15",79958,593714,431293,162421,1000000,+0.0448,0.1700,-1.6,-12.7,-0.1518,NONE,STOPPED
="2026-09-07 10:14:16",79958,593714,431293,162421,1000000,+0.0451,0.1700,-1.6,-12.7,-0.1406,NONE,STOPPED
="2026-09-07 10:14:17",79958,593714,431293,162421,1000000,+0.0451,0.1700,-0.0,-12.7,-0.1296,NONE,STOPPED
="2026-09-07 10:14:18",79958,593714,431293,162421,1000000,+0.0451,0.1700,-1.6,-12.7,-0.1187,NONE,STOPPED
="2026-09-07 10:14:19",79958,578768,431293,147475,1000000,+0.0451,0.1700,-1.6,-12.7,-0.1187,NONE,STOPPED
="2026-09-07 10:14:20",79958,578768,431293,147475,1000000,+0.0484,0.1700,-0.0,-12.7,-0.1081,NONE,STOPPED
="2026-09-07 10:14:21",79958,578768,431293,147475,1000000,+0.0484,0.1700,-0.0,-12.7,-0.0874,NONE,STOPPED
="2026-09-07 10:14:22",79958,578768,431293,147475,1000000,+0.0484,0.1700,+0.0,-12.7,-0.0774,NONE,STOPPED
="2026-09-07 10:14:23",79958,578768,431293,147475,1000000,+0.0506,0.1700,-0.0,-12.7,-0.0676,NONE,STOPPED
="2026-09-07 10:14:24",79958,578768,431293,147475,1000000,+0.0506,0.1700,+0.0,-12.7,-0.0579,NONE,STOPPED
="2026-09-07 10:14:25",79958,578768,431293,147475,1000000,+0.0507,0.1700,-0.0,-12.7,-0.0486,NONE,STOPPED
="2026-09-07 10:14:26",79958,578768,431293,147475,1000000,+0.0506,0.1700,-0.0,-13.2,-0.0394,NONE,STOPPED
="2026-09-07 10:14:27",79958,564470,431293,133176,1000000,+0.0506,0.1700,-0.0,-13.2,-0.0301,NONE,STOPPED
="2026-09-07 10:14:28",79958,564470,431293,133176,1000000,+0.0500,0.1700,-0.0,-13.2,-0.0301,NONE,STOPPED
="2026-09-07 10:14:29",79958,564470,431293,133176,1000000,+0.0500,0.1700,-0.0,-13.2,-0.0210,NONE,STOPPED
="2026-09-07 10:14:30",79958,564470,431293,133176,1000000,+0.0500,0.1700,-0.0,-13.2,-0.0035,NONE,STOPPED
="2026-09-07 10:14:31",79958,564470,431293,133176,1000000,+0.0500,0.1700,+0.0,-13.2,+0.0049,NONE,STOPPED
="2026-09-07 10:14:32",79958,564470,431293,133176,1000000,+0.0498,0.1700,+0.0,-13.2,+0.0132,NONE,STOPPED
="2026-09-07 10:14:33",79958,564470,431293,133176,1000000,+0.0498,0.1700,+0.0,-13.2,+0.0212,NONE,STOPPED
="2026-09-07 10:14:34",79958,551674,418497,133176,1000000,+0.0498,0.1700,-0.0,-25.7,+0.0290,NONE,STOPPED
="2026-09-07 10:14:35",79958,454221,338513,115708,1000000,+0.0499,0.1700,-0.0,-25.7,+0.0441,NONE,STOPPED
="2026-09-07 10:14:36",79948,474715,359006,115708,1000000,+0.0491,0.1700,-10.3,-36.0,+0.0188,NONE,STOPPED
="2026-09-07 10:14:37",79948,474715,359006,115708,1000000,+0.0491,0.1700,-10.3,-36.0,+0.0188,NONE,STOPPED
="2026-09-07 10:14:38",79948,151660,35952,115708,1000000,+0.0480,0.1700,-10.3,-6.6,-0.0029,NONE,STOPPED
="2026-09-07 10:14:39",79948,151660,35952,115708,1000000,+0.0480,0.1700,-10.3,-6.6,-0.0717,NONE,STOPPED
="2026-09-07 10:14:40",79948,151660,35952,115708,1000000,+0.0480,0.1700,-10.3,-6.5,-0.1011,NONE,STOPPED
="2026-09-07 10:14:41",79948,151660,35952,115708,1000000,+0.0480,0.1700,-0.0,-6.5,-0.1274,NONE,STOPPED
="2026-09-07 10:14:42",79948,151660,35952,115708,1000000,+0.0480,0.1700,-10.3,+1.0,-0.1509,NONE,STOPPED
="2026-09-07 10:14:43",79948,151660,35952,115708,1000000,+0.0480,0.1700,-0.0,+0.9,-0.1763,NONE,STOPPED
="2026-09-07 10:14:44",79948,151660,35952,115708,1000000,+0.0480,0.1700,-0.0,+0.9,-0.1992,NONE,STOPPED
="2026-09-07 10:14:45",79948,151660,35952,115708,1000000,-0.0016,0.1700,+0.0,+0.9,-0.2196,NONE,STOPPED
="2026-09-07 10:14:46",79948,151660,35952,115708,1000000,-0.0016,0.1700,+0.0,+1.0,-0.2378,NONE,STOPPED
="2026-09-07 10:14:47",79948,184916,35952,148963,1000000,-0.0016,0.1700,+0.0,+1.0,-0.2378,NONE,STOPPED
="2026-09-07 10:14:48",79958,131056,97801,33255,1000000,-0.0017,0.1700,+10.3,+3.2,-0.1928,NONE,STOPPED
="2026-09-07 10:14:49",79958,181867,148612,33255,1000000,-0.0017,0.1700,+10.3,+3.2,-0.1715,NONE,STOPPED
="2026-09-07 10:14:50",79958,181867,148612,33255,1000000,-0.0017,0.1700,+10.3,+3.2,-0.1479,NONE,STOPPED
="2026-09-07 10:14:51",79958,181867,148612,33255,1000000,+0.0009,0.1700,+10.3,+3.2,-0.1261,NONE,STOPPED
="2026-09-07 10:14:52",79958,181867,148612,33255,1000000,+0.0009,0.1700,+2.9,+3.3,-0.1062,NONE,STOPPED
="2026-09-07 10:14:53",79958,181867,148612,33255,1000000,-0.0001,0.1700,+2.9,+3.2,-0.0879,NONE,STOPPED
="2026-09-07 10:14:54",79958,181867,148612,33255,1000000,-0.0001,0.1700,-0.0,+3.2,-0.0712,NONE,STOPPED
="2026-09-07 10:14:55",79958,181867,148612,33255,1000000,-0.0001,0.1700,-0.0,+3.2,-0.0560,NONE,STOPPED
="2026-09-07 10:14:56",79958,181867,148612,33255,1000000,-0.0001,0.1700,+0.0,+3.2,-0.0421,NONE,STOPPED
="2026-09-07 10:14:57",79958,181867,148612,33255,1000000,-0.0001,0.1700,+0.0,+3.2,-0.0421,NONE,STOPPED
="2026-09-07 10:14:58",79958,181867,148612,33255,1000000,-0.0001,0.1700,+0.0,+3.2,-0.0181,NONE,STOPPED
="2026-09-07 10:14:59",79958,181867,148612,33255,1000000,-0.0026,0.1700,+0.0,+3.2,-0.0077,NONE,STOPPED
="2026-09-07 10:15:00",79958,181867,148612,33255,1000000,-0.0026,0.1700,-0.0,-1.6,+0.0016,NONE,STOPPED
="2026-09-07 10:15:01",79958,181867,148612,33255,1000000,-0.0033,0.1700,-0.0,-1.6,+0.0128,NONE,STOPPED
="2026-09-07 10:15:02",79958,181867,148612,33255,1000000,-0.0033,0.1700,-0.0,-1.6,+0.0231,NONE,STOPPED
="2026-09-07 10:15:03",79958,203611,170355,33255,1000000,-0.0033,0.1700,-0.0,-1.6,+0.0231,NONE,STOPPED
="2026-09-07 10:15:04",79958,203611,170355,33255,1000000,-0.0034,0.1700,+0.0,-1.6,+0.0412,NONE,STOPPED
="2026-09-07 10:15:05",79969,231089,170355,60733,1000000,-0.0029,0.1700,+10.8,+9.2,+0.0912,NONE,STOPPED
="2026-09-07 10:15:06",79969,231089,170355,60733,1000000,-0.0029,0.1700,+10.9,+9.3,+0.1363,NONE,STOPPED
="2026-09-07 10:15:07",79969,231089,170355,60733,1000000,-0.0027,0.1700,+10.9,+9.3,+0.1767,NONE,STOPPED
="2026-09-07 10:15:08",79969,231089,170355,60733,1000000,-0.0039,0.1700,+10.8,+9.3,+0.2128,NONE,STOPPED
="2026-09-07 10:15:09",79969,231089,170355,60733,1000000,-0.0039,0.1700,+10.8,+9.3,+0.2449,NONE,STOPPED
="2026-09-07 10:15:10",79969,231089,170355,60733,1000000,-0.0039,0.1700,+10.8,+9.2,+0.2732,NONE,STOPPED
="2026-09-07 10:15:11",79969,231089,170355,60733,1000000,-0.0039,0.1700,-0.0,+10.8,+0.2982,NONE,STOPPED
="2026-09-07 10:15:12",79969,287244,226510,60733,1000000,-0.0039,0.1700,-0.0,+10.8,+0.2982,NONE,STOPPED
="2026-09-07 10:15:13",79969,287244,226510,60733,1000000,-0.0033,0.1700,-0.0,+10.8,+0.3190,NONE,STOPPED
="2026-09-07 10:15:14",79969,287244,226510,60733,1000000,-0.0038,0.1700,+0.0,+10.9,+0.3520,NONE,STOPPED
="2026-09-07 10:15:15",79969,287244,226510,60733,1000000,-0.0038,0.1700,+0.0,+10.9,+0.3647,NONE,STOPPED
="2026-09-07 10:15:16",79969,287244,226510,60733,1000000,-0.0040,0.1700,-0.0,+10.8,+0.3750,NONE,STOPPED
="2026-09-07 10:15:17",79969,287244,226510,60733,1000000,-0.0040,0.1700,+0.0,+10.9,+0.3833,NONE,STOPPED
="2026-09-07 10:15:18",79969,287244,226510,60733,1000000,-0.0040,0.1700,+0.0,+10.9,+0.3896,NONE,STOPPED
="2026-09-07 10:15:19",79969,287244,226510,60733,1000000,-0.0040,0.1700,-0.0,+10.8,+0.3940,NONE,STOPPED
="2026-09-07 10:15:20",79969,287244,226510,60733,1000000,-0.0055,0.1700,+0.0,+10.9,+0.3969,NONE,STOPPED
="2026-09-07 10:15:21",79969,308999,248266,60733,1000000,-0.0055,0.1700,+0.0,+10.9,+0.3969,NONE,STOPPED
="2026-09-07 10:15:22",79947,308999,248266,60733,1000000,-0.0077,0.1700,-22.2,-11.4,+0.3117,NONE,STOPPED
="2026-09-07 10:15:23",79945,308999,248266,60733,1000000,-0.0057,0.1700,-23.9,-13.0,+0.1566,NONE,STOPPED
="2026-09-07 10:15:24",79945,308999,248266,60733,1000000,-0.0057,0.1700,-23.9,-13.0,+0.0863,NONE,STOPPED
="2026-09-07 10:15:25",79945,308999,248266,60733,1000000,-0.0058,0.1700,-23.9,-13.0,+0.0226,NONE,STOPPED
="2026-09-07 10:15:26",79945,308999,248266,60733,1000000,-0.0060,0.1700,-1.6,-13.0,-0.0351,NONE,STOPPED
="2026-09-07 10:15:27",79945,308999,248266,60733,1000000,-0.0060,0.1700,-1.6,-13.0,-0.0870,NONE,STOPPED
="2026-09-07 10:15:28",79941,308999,248266,60733,1000000,-0.0054,0.1700,-3.9,-16.9,-0.1488,NONE,STOPPED
="2026-09-07 10:15:29",79941,308999,248266,60733,1000000,-0.0062,0.1700,-3.9,-16.9,-0.2042,NONE,STOPPED
="2026-09-07 10:15:30",79941,308999,248266,60733,1000000,-0.0062,0.1700,-3.9,-16.9,-0.2536,NONE,STOPPED
="2026-09-07 10:15:31",79941,434807,374074,60733,1000000,-0.0063,0.1700,-3.9,-16.9,-0.2536,NONE,STOPPED
="2026-09-07 10:15:32",79927,434807,374074,60733,1000000,-0.0063,0.1700,-18.5,-31.6,-0.3543,NONE,STOPPED
="2026-09-07 10:15:33",79927,434807,374074,60733,1000000,-0.0063,0.1700,-14.6,-31.5,-0.5238,NONE,STOPPED
="2026-09-07 10:15:34",79920,434807,374074,60733,1000000,-0.0063,0.1700,-21.2,-38.1,-0.6197,NONE,STOPPED
="2026-09-07 10:15:35",79920,434807,374074,60733,1000000,-0.0182,0.1700,-21.2,-27.8,-0.7044,NONE,STOPPED
="2026-09-07 10:15:36",79915,439547,378813,60733,1000000,-0.0182,0.1700,-12.0,-33.2,-0.8058,NONE,STOPPED
="2026-09-07 10:15:37",79915,439547,378813,60733,1000000,-0.0171,0.1700,-12.0,-33.2,-0.8953,NONE,STOPPED
="2026-09-07 10:15:38",79915,439547,378813,60733,1000000,-0.0171,0.1700,-12.0,-33.2,-0.9737,NONE,STOPPED
="2026-09-07 10:15:39",79915,439547,378813,60733,1000000,-0.0162,0.1700,-5.4,-33.2,-1.0418,NONE,STOPPED
="2026-09-07 10:15:40",79915,439547,378813,60733,1000000,-0.0162,0.1700,-5.4,-33.2,-1.0418,NONE,STOPPED
="2026-09-07 10:15:41",79915,439547,378813,60733,1000000,-0.0162,0.1700,-5.4,-33.2,-1.1005,NONE,STOPPED
="2026-09-07 10:15:42",79915,439547,378813,60733,1000000,-0.0211,0.1700,-5.4,-33.2,-1.1920,NONE,STOPPED
="2026-09-07 10:15:43",79915,439547,378813,60733,1000000,-0.0211,0.1700,-5.4,-33.2,-1.2263,NONE,STOPPED
="2026-09-07 10:15:44",79915,439547,378813,60733,1000000,-0.0211,0.1700,+0.0,-33.2,-1.2537,NONE,STOPPED
="2026-09-07 10:15:45",79901,622589,550311,72278,1000000,-0.0233,0.1700,-13.3,-46.5,-1.3264,NONE,STOPPED
="2026-09-07 10:15:46",79894,681487,609209,72278,1000000,-0.0233,0.1700,-20.8,-61.4,-1.4174,NONE,STOPPED
="2026-09-07 10:15:47",79894,648232,609209,39023,1000000,-0.0233,0.1700,-20.8,-64.3,-1.4907,NONE,STOPPED
="2026-09-07 10:15:48",79894,602362,563339,39023,1000000,-0.0234,0.1700,-20.8,-64.3,-1.5502,NONE,STOPPED
="2026-09-07 10:15:49",79890,576548,512528,64020,1000000,-0.0234,0.1700,-25.0,-68.5,-1.6150,NONE,STOPPED
="2026-09-07 10:15:50",79890,576548,512528,64020,1000000,-0.0234,0.1700,-25.0,-68.5,-1.6150,NONE,STOPPED
="2026-09-07 10:15:51",79890,576548,512528,64020,1000000,-0.0253,0.1700,-11.7,-68.5,-1.6679,NONE,STOPPED
="2026-09-07 10:15:52",79877,576548,512528,64020,1000000,-0.0253,0.1700,-17.1,-81.5,-1.7924,NONE,STOPPED
="2026-09-07 10:15:53",79877,576548,512528,64020,1000000,-0.0243,0.1700,-17.1,-81.5,-1.8606,NONE,STOPPED
="2026-09-07 10:15:54",79866,576548,512528,64020,1000000,-0.0243,0.1700,-23.8,-92.3,-1.9579,NONE,STOPPED
="2026-09-07 10:15:55",79866,576548,512528,64020,1000000,-0.0243,0.1700,-23.8,-92.3,-2.0388,NONE,STOPPED
="2026-09-07 10:15:56",79866,576548,512528,64020,1000000,-0.0242,0.1700,-23.8,-92.3,-2.1046,NONE,STOPPED
="2026-09-07 10:15:57",79876,614625,512528,102097,1000000,-0.0272,0.1700,-1.0,-82.5,-2.1183,NONE,STOPPED
="2026-09-07 10:15:58",79888,630801,512528,118273,1000000,-0.0247,0.1700,+10.9,-70.6,-2.0766,NONE,STOPPED
="2026-09-07 10:15:59",79887,630801,512528,118273,1000000,-0.0247,0.1700,+21.8,-70.6,-2.0314,NONE,STOPPED
="2026-09-07 10:16:00",79895,674120,528507,145613,1000000,-0.0247,0.1700,+29.1,-63.3,-1.9545,NONE,STOPPED
="2026-09-07 10:16:01",79895,674120,528507,145613,1000000,-0.0242,0.1700,+29.1,-63.3,-1.8781,NONE,STOPPED
="2026-09-07 10:16:02",79895,674120,528507,145613,1000000,-0.0242,0.1700,+19.2,-63.3,-1.8021,NONE,STOPPED
="2026-09-07 10:16:03",79895,652377,506764,145613,1000000,-0.0242,0.1700,+7.3,-63.3,-1.7265,NONE,STOPPED
="2026-09-07 10:16:04",79889,652377,506764,145613,1000000,-0.0259,0.1700,+1.2,-80.2,-1.6749,NONE,STOPPED
="2026-09-07 10:16:05",79889,624898,506764,118134,1000000,-0.0264,0.1700,+1.2,-80.2,-1.6749,NONE,STOPPED
="2026-09-07 10:16:06",79889,624898,506764,118134,1000000,-0.0264,0.1700,-6.0,-80.2,-1.6151,NONE,STOPPED
="2026-09-07 10:16:07",79889,624898,506764,118134,1000000,-0.0260,0.1700,-6.0,-80.2,-1.4918,NONE,STOPPED
="2026-09-07 10:16:08",79889,624898,506764,118134,1000000,-0.0248,0.1700,-6.0,-80.2,-1.4288,NONE,STOPPED
="2026-09-07 10:16:09",79889,624898,506764,118134,1000000,-0.0248,0.1700,-0.0,-80.2,-1.3652,NONE,STOPPED
="2026-09-07 10:16:10",79889,624898,506764,118134,1000000,-0.0247,0.1700,-0.0,-80.2,-1.3011,NONE,STOPPED
="2026-09-07 10:16:11",79889,624898,506764,118134,1000000,-0.0247,0.1700,-0.0,-80.2,-1.2368,NONE,STOPPED
="2026-09-07 10:16:12",79889,553284,435149,118134,1000000,-0.0247,0.1700,-0.0,-80.2,-1.1723,NONE,STOPPED
="2026-09-07 10:16:13",79889,553284,435149,118134,1000000,-0.0255,0.1700,-0.0,-80.2,-1.1078,NONE,STOPPED
="2026-09-07 10:16:14",79889,553284,435149,118134,1000000,-0.0251,0.1700,-0.0,-80.2,-1.1078,NONE,STOPPED
="2026-09-07 10:16:15",79889,553284,435149,118134,1000000,-0.0251,0.1700,+0.0,-80.2,-1.0434,NONE,STOPPED
="2026-09-07 10:16:16",79889,553284,435149,118134,1000000,-0.0252,0.1700,+0.0,-80.2,-0.9156,NONE,STOPPED
="2026-09-07 10:16:17",79889,553284,435149,118134,1000000,-0.0253,0.1700,+0.0,-80.2,-0.8523,NONE,STOPPED
="2026-09-07 10:16:18",79889,553284,435149,118134,1000000,-0.0253,0.1700,+0.0,-80.2,-0.7896,NONE,STOPPED
="2026-09-07 10:16:19",79889,553284,435149,118134,1000000,-0.0239,0.1700,+0.0,-80.2,-0.7276,NONE,STOPPED
="2026-09-07 10:16:20",79889,553284,435149,118134,1000000,-0.0225,0.1700,-0.0,-57.9,-0.6662,NONE,STOPPED
="2026-09-07 10:16:21",79898,560048,413394,146653,1000000,-0.0225,0.1700,+9.4,-48.6,-0.5827,NONE,STOPPED
="2026-09-07 10:16:22",79898,560048,413394,146653,1000000,-0.0234,0.1700,+9.4,-46.9,-0.5034,NONE,STOPPED
="2026-09-07 10:16:23",79898,560048,413394,146653,1000000,-0.0254,0.1700,+9.4,-46.9,-0.5034,NONE,STOPPED
="2026-09-07 10:16:24",79898,560048,413394,146653,1000000,-0.0254,0.1700,+9.4,-46.9,-0.4290,NONE,STOPPED
="2026-09-07 10:16:25",79907,560048,413394,146653,1000000,-0.0254,0.1700,+18.3,-38.0,-0.2568,NONE,STOPPED
="2026-09-07 10:16:26",79910,560048,413394,146653,1000000,-0.0252,0.1700,+11.6,-35.3,-0.1514,NONE,STOPPED
="2026-09-07 10:16:27",79890,649693,503040,146653,1000000,-0.0252,0.1700,-7.7,-50.8,-0.1289,NONE,STOPPED
="2026-09-07 10:16:28",79878,649693,503040,146653,1000000,-0.0205,0.1700,-19.8,-62.8,-0.1552,NONE,STOPPED
="2026-09-07 10:16:29",79871,649693,503040,146653,1000000,-0.0197,0.1700,-26.8,-69.8,-0.2035,NONE,STOPPED
="2026-09-07 10:16:30",79871,649693,503040,146653,1000000,-0.0197,0.1700,-35.7,-55.2,-0.2443,NONE,STOPPED
="2026-09-07 10:16:31",79871,523885,377232,146653,1000000,-0.0225,0.1700,-38.4,-55.2,-0.2871,NONE,STOPPED
="2026-09-07 10:16:32",79882,523885,377232,146653,1000000,-0.0225,0.1700,-8.3,-44.4,-0.2813,NONE,STOPPED
="2026-09-07 10:16:33",79882,523885,377232,146653,1000000,-0.0225,0.1700,-8.3,-44.4,-0.2813,NONE,STOPPED
="2026-09-07 10:16:34",79897,523885,377232,146653,1000000,-0.0225,0.1700,+25.3,-23.3,-0.2116,NONE,STOPPED
="2026-09-07 10:16:35",79897,523885,377232,146653,1000000,-0.0106,0.1700,+25.3,-17.9,-0.1536,NONE,STOPPED
="2026-09-07 10:16:36",79897,498652,351998,146653,1000000,-0.0106,0.1700,+25.3,-17.9,-0.1028,NONE,STOPPED
="2026-09-07 10:16:37",79897,508790,351998,156791,1000000,-0.0070,0.1700,+14.6,-17.9,-0.0555,NONE,STOPPED
="2026-09-07 10:16:38",79897,508790,351998,156791,1000000,-0.0070,0.1700,+14.6,-17.9,-0.0115,NONE,STOPPED
="2026-09-07 10:16:39",79904,508790,351998,156791,1000000,-0.0070,0.1700,+7.4,-10.5,+0.0581,NONE,STOPPED
="2026-09-07 10:16:40",79910,508790,351998,156791,1000000,-0.0079,0.1700,+13.2,-4.6,+0.1446,NONE,STOPPED
="2026-09-07 10:16:41",79910,508790,351998,156791,1000000,-0.0097,0.1700,+13.2,-4.6,+0.2234,NONE,STOPPED
="2026-09-07 10:16:42",79910,508790,351998,156791,1000000,-0.0097,0.1700,+13.2,-4.6,+0.2234,NONE,STOPPED
="2026-09-07 10:16:43",79910,508790,351998,156791,1000000,-0.0097,0.1700,+13.2,-4.6,+0.2949,NONE,STOPPED
="2026-09-07 10:16:44",79921,508790,351998,156791,1000000,-0.0097,0.1700,+17.2,+20.0,+0.5020,NONE,STOPPED
="2026-09-07 10:16:45",79921,337293,180501,156791,1000000,-0.0076,0.1700,+11.3,+27.5,+0.5821,NONE,STOPPED
="2026-09-07 10:16:46",79921,266850,121603,145246,1000000,-0.0077,0.1700,+11.3,+27.5,+0.6486,NONE,STOPPED
="2026-09-07 10:16:47",79927,308139,121603,186535,1000000,-0.0077,0.1700,+17.1,+33.2,+0.7290,NONE,STOPPED
="2026-09-07 10:16:48",79911,346776,160240,186535,1000000,-0.0076,0.1700,-9.8,+21.9,+0.7391,NONE,STOPPED
="2026-09-07 10:16:49",79911,321779,160240,161539,1000000,-0.0076,0.1700,-9.8,+21.9,+0.7435,NONE,STOPPED
="2026-09-07 10:16:50",79923,321779,160240,161539,1000000,-0.0066,0.1700,+1.8,+33.5,+0.7901,NONE,STOPPED
="2026-09-07 10:16:51",79923,321779,160240,161539,1000000,-0.0047,0.1700,+1.8,+46.4,+0.8296,NONE,STOPPED
="2026-09-07 10:16:52",79923,321779,160240,161539,1000000,-0.0047,0.1700,+1.8,+46.4,+0.8296,NONE,STOPPED
="2026-09-07 10:16:53",79923,321779,160240,161539,1000000,-0.0060,0.1700,+11.6,+57.2,+0.8738,NONE,STOPPED
="2026-09-07 10:16:54",79926,321779,160240,161539,1000000,-0.0060,0.1700,+14.9,+60.6,+0.8942,NONE,STOPPED
="2026-09-07 10:16:55",79926,321779,160240,161539,1000000,-0.0060,0.1700,+3.4,+60.6,+0.9084,NONE,STOPPED
="2026-09-07 10:16:56",79926,321779,160240,161539,1000000,-0.0070,0.1700,+3.4,+50.8,+0.9171,NONE,STOPPED
="2026-09-07 10:16:57",79926,283702,160240,123461,1000000,-0.0070,0.1700,+3.4,+38.8,+0.9266,NONE,STOPPED
="2026-09-07 10:16:58",79926,267525,160240,107285,1000000,-0.0040,0.1700,+3.4,+38.8,+0.9386,NONE,STOPPED
="2026-09-07 10:16:59",79926,267525,160240,107285,1000000,-0.0038,0.1700,+3.4,+31.5,+0.9459,NONE,STOPPED
="2026-09-07 10:17:00",79926,224207,144261,79946,1000000,-0.0043,0.1700,+3.4,+31.5,+0.9459,NONE,STOPPED
="2026-09-07 10:17:01",79931,224207,144261,79946,1000000,-0.0043,0.1700,+5.1,+36.6,+0.9771,NONE,STOPPED
="2026-09-07 10:17:02",79934,239724,144261,95462,1000000,-0.0035,0.1700,+8.1,+39.7,+1.0069,NONE,STOPPED
="2026-09-07 10:17:03",79939,239724,144261,95462,1000000,-0.0035,0.1700,+13.2,+50.8,+1.0499,NONE,STOPPED
="2026-09-07 10:17:04",79940,239724,144261,95462,1000000,-0.0018,0.1700,+13.2,+50.8,+1.0816,NONE,STOPPED
="2026-09-07 10:17:05",79945,239724,144261,95462,1000000,-0.0018,0.1700,+19.1,+56.7,+1.1293,NONE,STOPPED
="2026-09-07 10:17:06",79951,239724,144261,95462,1000000,-0.0018,0.1700,+19.5,+62.2,+1.1894,NONE,STOPPED
="2026-09-07 10:17:07",79951,239724,144261,95462,1000000,-0.0021,0.1700,+16.4,+62.2,+1.2392,NONE,STOPPED
="2026-09-07 10:17:08",79951,239724,144261,95462,1000000,-0.0021,0.1700,+16.4,+62.2,+1.2392,NONE,STOPPED
="2026-09-07 10:17:09",79958,239724,144261,95462,1000000,-0.0015,0.1700,+18.5,+69.3,+1.3503,NONE,STOPPED
="2026-09-07 10:17:10",79958,239724,144261,95462,1000000,-0.0015,0.1700,+12.6,+69.3,+1.3977,NONE,STOPPED
="2026-09-07 10:17:11",79972,442028,144261,297766,1000000,-0.0015,0.1700,+21.4,+83.5,+1.4906,NONE,STOPPED
="2026-09-07 10:17:12",79972,442028,144261,297766,1000000,+0.0004,0.1700,+21.3,+83.5,+1.5688,NONE,STOPPED
="2026-09-07 10:17:13",79972,442028,144261,297766,1000000,+0.0011,0.1700,+18.1,+83.5,+1.6335,NONE,STOPPED
="2026-09-07 10:17:14",79972,442028,144261,297766,1000000,-0.0028,0.1700,+14.3,+83.5,+1.6857,NONE,STOPPED
="2026-09-07 10:17:15",79972,442028,144261,297766,1000000,-0.0028,0.1700,+14.2,+83.5,+1.7264,NONE,STOPPED
="2026-09-07 10:17:16",79972,442028,144261,297766,1000000,-0.0026,0.1700,+14.2,+83.5,+1.7567,NONE,STOPPED
="2026-09-07 10:17:17",79972,475267,144261,331005,1000000,-0.0026,0.1700,+14.2,+83.5,+1.7567,NONE,STOPPED
="2026-09-07 10:17:18",79972,475267,144261,331005,1000000,-0.0030,0.1700,+0.2,+83.7,+1.7780,NONE,STOPPED
="2026-09-07 10:17:19",79979,548641,203355,345285,1000000,-0.0044,0.1700,+6.3,+89.9,+1.8397,NONE,STOPPED
="2026-09-07 10:17:20",79968,548641,203355,345285,1000000,-0.0044,0.1700,-3.9,+70.3,+1.8161,NONE,STOPPED
="2026-09-07 10:17:21",79968,520122,203355,316766,1000000,-0.0041,0.1700,-3.9,+70.3,+1.7932,NONE,STOPPED
="2026-09-07 10:17:22",79984,633576,203355,430221,1000000,-0.0032,0.1700,+11.1,+85.4,+1.8247,NONE,STOPPED
="2026-09-07 10:17:23",79984,633576,203355,430221,1000000,-0.0032,0.1700,+5.0,+85.4,+1.8462,NONE,STOPPED
="2026-09-07 10:17:24",79984,633576,203355,430221,1000000,-0.0039,0.1700,+4.9,+76.5,+1.8585,NONE,STOPPED
="2026-09-07 10:17:25",79984,633576,203355,430221,1000000,-0.0039,0.1700,+15.1,+73.8,+1.8678,NONE,STOPPED
="2026-09-07 10:17:26",79984,633576,203355,430221,1000000,-0.0039,0.1700,+15.1,+93.1,+1.8710,NONE,STOPPED
="2026-09-07 10:17:27",79984,543931,113709,430221,1000000,-0.0039,0.1700,+15.1,+93.1,+1.8710,NONE,STOPPED
="2026-09-07 10:17:28",79984,595749,113709,482040,1000000,-0.0085,0.1700,-0.0,+112.2,+1.8260,NONE,STOPPED
="2026-09-07 10:17:29",79984,595749,113709,482040,1000000,-0.0085,0.1700,-0.0,+112.2,+1.7871,NONE,STOPPED
="2026-09-07 10:17:30",79984,595749,113709,482040,1000000,-0.0066,0.1700,-0.0,+112.2,+1.7433,NONE,STOPPED
="2026-09-07 10:17:31",79984,595749,113709,482040,1000000,-0.0038,0.1700,+0.0,+101.5,+1.6953,NONE,STOPPED
="2026-09-07 10:17:32",79984,595749,113709,482040,1000000,-0.0038,0.1700,-0.0,+101.5,+1.6500,NONE,STOPPED
="2026-09-07 10:17:33",79984,595749,113709,482040,1000000,-0.0048,0.1700,-0.0,+86.9,+1.6011,NONE,STOPPED
="2026-09-07 10:17:34",79984,595749,113709,482040,1000000,-0.0048,0.1700,-0.0,+86.9,+1.5580,NONE,STOPPED
="2026-09-07 10:17:35",79984,595749,113709,482040,1000000,-0.0048,0.1700,+0.0,+86.9,+1.5120,NONE,STOPPED
="2026-09-07 10:17:36",79984,595749,113709,482040,1000000,-0.0048,0.1700,+0.0,+86.9,+1.5120,NONE,STOPPED
="2026-09-07 10:17:37",79984,585611,113709,471902,1000000,-0.0084,0.1700,+0.0,+86.9,+1.4634,NONE,STOPPED
="2026-09-07 10:17:38",79985,585611,113709,471902,1000000,-0.0084,0.1700,+1.7,+81.2,+1.3720,NONE,STOPPED
="2026-09-07 10:17:39",79985,585611,113709,471902,1000000,-0.0084,0.1700,+1.7,+75.3,+1.3273,NONE,STOPPED
="2026-09-07 10:17:40",79985,585611,113709,471902,1000000,-0.0097,0.1700,+1.7,+75.3,+1.2840,NONE,STOPPED
="2026-09-07 10:17:41",79989,585611,113709,471902,1000000,-0.0029,0.1700,+5.3,+78.9,+1.2529,NONE,STOPPED
="2026-09-07 10:17:42",79989,585611,113709,471902,1000000,-0.0029,0.1700,+3.6,+67.6,+1.2186,NONE,STOPPED
="2026-09-07 10:17:43",79989,585611,113709,471902,1000000,-0.0029,0.1700,+3.6,+67.6,+1.1886,NONE,STOPPED
="2026-09-07 10:17:44",79989,585611,113709,471902,1000000,-0.0029,0.1700,+3.6,+67.6,+1.1560,NONE,STOPPED
="2026-09-07 10:17:45",79989,585611,113709,471902,1000000,-0.0033,0.1700,+3.6,+67.6,+1.1560,NONE,STOPPED
="2026-09-07 10:17:46",79990,585611,113709,471902,1000000,-0.0031,0.1700,+1.7,+63.5,+1.0908,NONE,STOPPED
="2026-09-07 10:17:47",79990,586205,113709,472496,1000000,-0.0031,0.1700,+1.7,+79.1,+1.0616,NONE,STOPPED
="2026-09-07 10:17:48",79990,531590,59093,472496,1000000,-0.0031,0.1700,+1.7,+79.1,+1.0208,NONE,STOPPED
="2026-09-07 10:17:49",79990,531590,59093,472496,1000000,-0.0031,0.1700,+1.7,+67.5,+0.9782,NONE,STOPPED
="2026-09-07 10:17:50",79990,531590,59093,472496,1000000,-0.0041,0.1700,+1.7,+67.5,+0.9411,NONE,STOPPED
="2026-09-07 10:17:51",79990,572218,59093,513124,1000000,-0.0041,0.1700,+1.7,+67.5,+0.9026,NONE,STOPPED
="2026-09-07 10:17:52",79990,572218,59093,513124,1000000,-0.0043,0.1700,-0.0,+67.5,+0.8629,NONE,STOPPED
="2026-09-07 10:17:53",79990,572218,59093,513124,1000000,-0.0030,0.1700,+0.0,+64.1,+0.8223,NONE,STOPPED
="2026-09-07 10:17:54",79990,572218,59093,513124,1000000,-0.0030,0.1700,+0.0,+64.1,+0.8223,NONE,STOPPED
="2026-09-07 10:17:55",79990,572218,59093,513124,1000000,-0.0021,0.1700,+0.0,+64.1,+0.7828,NONE,STOPPED
="2026-09-07 10:17:56",79990,572218,59093,513124,1000000,-0.0011,0.1700,+0.0,+64.1,+0.7017,NONE,STOPPED
="2026-09-07 10:17:57",79990,572218,59093,513124,1000000,-0.0011,0.1700,+0.0,+64.1,+0.6604,NONE,STOPPED
="2026-09-07 10:17:58",80004,882578,59093,823485,1000000,-0.0007,0.1700,+13.1,+77.2,+0.6698,NONE,STOPPED
="2026-09-07 10:17:59",80004,882578,59093,823485,1000000,-0.0009,0.1700,+13.1,+77.2,+0.6739,NONE,STOPPED
="2026-09-07 10:18:00",80004,882578,59093,823485,1000000,-0.0009,0.1700,+13.1,+72.2,+0.6730,NONE,STOPPED
="2026-09-07 10:18:01",80004,882578,59093,823485,1000000,-0.0004,0.1700,+13.1,+69.1,+0.6708,NONE,STOPPED
="2026-09-07 10:18:02",80004,867062,59093,807968,1000000,-0.0012,0.1700,+13.1,+69.1,+0.6708,NONE,STOPPED
="2026-09-07 10:18:03",80004,867062,59093,807968,1000000,-0.0012,0.1700,+0.0,+64.1,+0.6610,NONE,STOPPED
="2026-09-07 10:18:04",80004,867062,59093,807968,1000000,-0.0022,0.1700,+0.0,+64.1,+0.6610,NONE,STOPPED
="2026-09-07 10:18:05",80004,867062,59093,807968,1000000,-0.0022,0.1700,-0.0,+58.1,+0.6522,NONE,STOPPED
="2026-09-07 10:18:06",79991,894527,71581,822946,1000000,-0.0022,0.1700,-12.9,+39.7,+0.5856,NONE,STOPPED
="2026-09-07 10:18:07",79989,894527,71581,822946,1000000,-0.0023,0.1700,-14.5,+34.9,+0.5236,NONE,STOPPED
="2026-09-07 10:18:08",79978,894527,71581,822946,1000000,-0.0023,0.1700,-26.0,+19.6,+0.4215,NONE,STOPPED
="2026-09-07 10:18:09",79974,894527,71581,822946,1000000,-0.0029,0.1700,-29.2,+16.4,+0.3167,NONE,STOPPED
="2026-09-07 10:18:10",79988,991938,71581,920356,1000000,-0.0033,0.1700,-16.1,+15.3,+0.2709,NONE,STOPPED
="2026-09-07 10:18:11",79988,789633,71581,718052,1000000,-0.0052,0.1700,-3.1,+15.3,+0.2360,NONE,STOPPED
="2026-09-07 10:18:12",79993,804724,71581,733143,1000000,-0.0052,0.1700,+3.5,+20.3,+0.2227,NONE,STOPPED
="2026-09-07 10:18:13",79993,804724,71581,733143,1000000,-0.0048,0.1700,+15.0,+20.3,+0.2093,NONE,STOPPED
="2026-09-07 10:18:14",79993,804724,71581,733143,1000000,-0.0009,0.1700,+15.0,+20.3,+0.2093,NONE,STOPPED
="2026-09-07 10:18:15",79993,804724,71581,733143,1000000,-0.0009,0.1700,+18.2,+20.3,+0.1958,NONE,STOPPED
="2026-09-07 10:18:16",79997,804724,71581,733143,1000000,-0.0009,0.1700,+9.5,+24.5,+0.1860,NONE,STOPPED
="2026-09-07 10:18:17",80000,771485,71581,699904,1000000,-0.0005,0.1700,+7.7,+21.7,+0.2008,NONE,STOPPED
="2026-09-07 10:18:18",80001,771485,71581,699904,1000000,-0.0005,0.1700,+7.9,+21.9,+0.2175,NONE,STOPPED
="2026-09-07 10:18:19",80001,715155,12487,702667,1000000,+0.0002,0.1700,+7.9,+32.1,+0.2313,NONE,STOPPED
="2026-09-07 10:18:20",80001,715155,12487,702667,1000000,+0.0002,0.1700,+7.9,+32.1,+0.2363,NONE,STOPPED
="2026-09-07 10:18:21",80001,715155,12487,702667,1000000,+0.0000,0.1700,+3.5,+17.0,+0.2392,NONE,STOPPED
="2026-09-07 10:18:22",80001,601700,12487,589212,1000000,+0.0000,0.1700,+0.2,+17.0,+0.2491,NONE,STOPPED
="2026-09-07 10:18:23",80001,601700,12487,589212,1000000,+0.0003,0.1700,+0.2,+17.0,+0.2491,NONE,STOPPED
="2026-09-07 10:18:24",80001,601700,12487,589212,1000000,+0.0003,0.1700,+0.2,+17.0,+0.2570,NONE,STOPPED
="2026-09-07 10:18:25",80001,601700,12487,589212,1000000,+0.0003,0.1700,+0.2,+17.0,+0.2671,NONE,STOPPED
="2026-09-07 10:18:26",80001,660483,12487,647995,1000000,-0.0009,0.1700,-0.0,+17.0,+0.2697,NONE,STOPPED
="2026-09-07 10:18:27",80001,608665,12487,596177,1000000,-0.0009,0.1700,-0.0,+17.0,+0.2708,NONE,STOPPED
="2026-09-07 10:18:28",80004,608665,12487,596177,1000000,-0.0009,0.1700,+3.1,+20.1,+0.2825,NONE,STOPPED
="2026-09-07 10:18:29",80004,608665,12487,596177,1000000,+0.0019,0.1700,+3.1,+20.1,+0.2918,NONE,STOPPED
="2026-09-07 10:18:30",80004,608665,12487,596177,1000000,-0.0001,0.1700,+3.1,+20.0,+0.2989,NONE,STOPPED
="2026-09-07 10:18:31",80004,608665,12487,596177,1000000,-0.0001,0.1700,+3.1,+20.1,+0.3039,NONE,STOPPED
="2026-09-07 10:18:32",80004,608665,12487,596177,1000000,-0.0001,0.1700,+3.1,+20.0,+0.3070,NONE,STOPPED
="2026-09-07 10:18:33",80004,608665,12487,596177,1000000,+0.0009,0.1700,+3.1,+20.0,+0.3070,NONE,STOPPED
="2026-09-07 10:18:34",80004,608665,12487,596177,1000000,+0.0009,0.1700,+3.1,+20.0,+0.3083,NONE,STOPPED
="2026-09-07 10:18:35",80004,608665,12487,596177,1000000,-0.0001,0.1700,-0.0,+20.0,+0.3066,NONE,STOPPED
="2026-09-07 10:18:36",80004,608665,12487,596177,1000000,-0.0001,0.1700,-0.0,+18.4,+0.3037,NONE,STOPPED
="2026-09-07 10:18:37",80004,608665,12487,596177,1000000,-0.0001,0.1700,-0.0,+18.4,+0.3006,NONE,STOPPED
="2026-09-07 10:18:38",80004,608665,12487,596177,1000000,-0.0001,0.1700,+0.0,+18.4,+0.2964,NONE,STOPPED
="2026-09-07 10:18:39",80004,608665,12487,596177,1000000,-0.0001,0.1700,+0.0,+18.4,+0.2913,NONE,STOPPED
="2026-09-07 10:18:40",80004,608665,12487,596177,1000000,+0.0012,0.1700,+0.0,+14.8,+0.2852,NONE,STOPPED
="2026-09-07 10:18:41",80004,608665,12487,596177,1000000,+0.0017,0.1700,-0.0,+14.8,+0.2805,NONE,STOPPED
="2026-09-07 10:18:42",80004,608665,12487,596177,1000000,+0.0017,0.1700,-0.0,+14.8,+0.2805,NONE,STOPPED
="2026-09-07 10:18:43",80004,608665,12487,596177,1000000,+0.0017,0.1700,-0.0,+14.8,+0.2751,NONE,STOPPED
="2026-09-07 10:18:44",80004,608665,12487,596177,1000000,+0.0021,0.1700,+0.0,+14.8,+0.2622,NONE,STOPPED
="2026-09-07 10:18:45",80004,608665,12487,596177,1000000,+0.0025,0.1700,-0.0,+13.1,+0.2549,NONE,STOPPED
="2026-09-07 10:18:46",80004,608665,12487,596177,1000000,+0.0025,0.1700,+0.0,+13.1,+0.2482,NONE,STOPPED
="2026-09-07 10:18:47",80004,566781,12487,554294,1000000,+0.0025,0.1700,+0.0,+13.1,+0.2410,NONE,STOPPED
="2026-09-07 10:18:48",80004,566781,12487,554294,1000000,+0.0025,0.1700,+0.0,+13.1,+0.2334,NONE,STOPPED
="2026-09-07 10:18:49",80004,566781,12487,554294,1000000,+0.0025,0.1700,+0.0,+13.1,+0.2255,NONE,STOPPED
="2026-09-07 10:18:50",80004,566781,12487,554294,1000000,+0.0023,0.1700,-0.0,+13.1,+0.2172,NONE,STOPPED
="2026-09-07 10:18:51",80004,526153,12487,513665,1000000,+0.0024,0.1700,+0.0,+13.1,+0.2087,NONE,STOPPED
="2026-09-07 10:18:52",80004,526153,12487,513665,1000000,+0.0024,0.1700,+0.0,+13.1,+0.2087,NONE,STOPPED
="2026-09-07 10:18:53",80004,526153,12487,513665,1000000,+0.0027,0.1700,-0.0,+13.1,+0.2000,NONE,STOPPED
="2026-09-07 10:18:54",80004,526153,12487,513665,1000000,+0.0018,0.1700,+0.0,+13.1,+0.1821,NONE,STOPPED
="2026-09-07 10:18:55",80004,526153,12487,513665,1000000,+0.0018,0.1700,+0.0,+13.1,+0.1730,NONE,STOPPED
="2026-09-07 10:18:56",80004,526153,12487,513665,1000000,+0.0012,0.1700,+0.0,+13.1,+0.1638,NONE,STOPPED
="2026-09-07 10:18:57",80008,547343,12487,534855,1000000,+0.0008,0.1700,+4.5,+4.5,+0.1722,NONE,STOPPED
="2026-09-07 10:18:58",80008,236983,12487,224495,1000000,+0.0008,0.1700,+4.5,+4.5,+0.1868,NONE,STOPPED
="2026-09-07 10:18:59",80008,236983,12487,224495,1000000,+0.0007,0.1700,+4.5,+4.5,+0.1994,NONE,STOPPED
="2026-09-07 10:19:00",80008,236983,12487,224495,1000000,+0.0007,0.1700,+4.5,+4.5,+0.2104,NONE,STOPPED
="2026-09-07 10:19:01",80008,236983,12487,224495,1000000,+0.0002,0.1700,+4.5,+4.5,+0.2198,NONE,STOPPED
="2026-09-07 10:19:02",80008,236983,12487,224495,1000000,+0.0001,0.1700,+4.5,+4.5,+0.2198,NONE,STOPPED
="2026-09-07 10:19:03",80008,236983,12487,224495,1000000,+0.0001,0.1700,-0.0,+4.5,+0.2343,NONE,STOPPED
="2026-09-07 10:19:04",80008,236983,12487,224495,1000000,+0.0011,0.1700,+0.0,+4.5,+0.2396,NONE,STOPPED
="2026-09-07 10:19:05",80013,269055,12487,256567,1000000,+0.0009,0.1700,+5.0,+22.4,+0.2632,NONE,STOPPED
="2026-09-07 10:19:06",80013,241589,0,241589,1000000,+0.0009,0.1700,+5.0,+24.0,+0.2758,NONE,STOPPED
="2026-09-07 10:19:07",80013,241589,0,241589,1000000,+0.0009,0.1700,+5.0,+35.5,+0.2849,NONE,STOPPED
="2026-09-07 10:19:08",80014,241589,0,241589,1000000,-0.0004,0.1700,+5.4,+39.2,+0.2865,NONE,STOPPED
="2026-09-07 10:19:09",80014,241589,0,241589,1000000,-0.0004,0.1700,+5.4,+26.0,+0.2840,NONE,STOPPED
="2026-09-07 10:19:10",79952,1058280,914100,144179,1000000,+0.0000,0.1700,-60.9,-35.3,+0.0487,NONE,STOPPED
="2026-09-07 10:19:11",79952,1140701,996522,144179,1000000,+0.0000,0.1700,-60.9,-35.3,+0.0487,NONE,STOPPED
="2026-09-07 10:19:12",79944,1125610,996522,129088,1000000,-0.0008,0.1700,-69.5,-49.0,-0.1981,NONE,STOPPED
="2026-09-07 10:19:13",79947,1164250,996522,167728,1000000,-0.0012,0.1700,-67.0,-46.0,-0.6338,NONE,STOPPED
="2026-09-07 10:19:14",79953,1164250,996522,167728,1000000,-0.0012,0.1700,-60.2,-39.2,-0.7704,NONE,STOPPED
="2026-09-07 10:19:15",79953,1164250,996522,167728,1000000,-0.0011,0.1700,+1.2,-43.6,-0.8918,NONE,STOPPED
="2026-09-07 10:19:16",79953,1164250,996522,167728,1000000,-0.0011,0.1700,+9.8,-46.9,-0.9963,NONE,STOPPED
="2026-09-07 10:19:17",79953,1164250,996522,167728,1000000,-0.0053,0.1700,+18.4,-47.1,-1.0858,NONE,STOPPED
="2026-09-07 10:19:18",79953,1224216,1056487,167728,1000000,-0.0053,0.1700,+6.8,-47.1,-1.1631,NONE,STOPPED
="2026-09-07 10:19:19",79953,1207172,1056487,150685,1000000,-0.0053,0.1700,-0.0,-47.1,-1.2294,NONE,STOPPED
="2026-09-07 10:19:20",79953,1207172,1056487,150685,1000000,-0.0061,0.1700,+6.8,-47.1,-1.2853,NONE,STOPPED
="2026-09-07 10:19:21",79953,1207172,1056487,150685,1000000,-0.0061,0.1700,+6.8,-47.1,-1.2853,NONE,STOPPED
="2026-09-07 10:19:22",79953,1207172,1056487,150685,1000000,-0.0061,0.1700,-0.0,-47.1,-1.3317,NONE,STOPPED
="2026-09-07 10:19:23",79953,1207172,1056487,150685,1000000,-0.0056,0.1700,-0.0,-47.1,-1.3990,NONE,STOPPED
="2026-09-07 10:19:24",79953,1207172,1056487,150685,1000000,-0.0072,0.1700,+0.0,-47.1,-1.4212,NONE,STOPPED
="2026-09-07 10:19:25",79939,1236549,1085864,150685,1000000,-0.0060,0.1700,-14.0,-61.1,-1.4912,NONE,STOPPED
="2026-09-07 10:19:26",79939,1177766,1085864,91902,1000000,-0.0060,0.1700,-14.0,-61.1,-1.5495,NONE,STOPPED
="2026-09-07 10:19:27",79930,1177766,1085864,91902,1000000,-0.0089,0.1700,-22.9,-73.1,-1.6316,NONE,STOPPED
="2026-09-07 10:19:28",79921,1193364,1101462,91902,1000000,-0.0089,0.1700,-32.8,-83.0,-1.7369,NONE,STOPPED
="2026-09-07 10:19:29",79921,1193364,1101462,91902,1000000,-0.0117,0.1700,-32.8,-83.0,-1.8260,NONE,STOPPED
="2026-09-07 10:19:30",79921,1193364,1101462,91902,1000000,-0.0087,0.1700,-32.8,-83.0,-1.8260,NONE,STOPPED
="2026-09-07 10:19:31",79921,1193364,1101462,91902,1000000,-0.0087,0.1700,-18.8,-83.0,-1.9001,NONE,STOPPED
="2026-09-07 10:19:32",79921,1193364,1101462,91902,1000000,-0.0087,0.1700,-9.9,-83.0,-2.0080,NONE,STOPPED
="2026-09-07 10:19:33",79921,1193364,1101462,91902,1000000,-0.0107,0.1700,-9.9,-83.0,-2.0439,NONE,STOPPED
="2026-09-07 10:19:34",79921,1193364,1101462,91902,1000000,-0.0107,0.1700,-0.0,-83.0,-2.0690,NONE,STOPPED
="2026-09-07 10:19:35",79921,1313084,1101462,211621,1000000,-0.0097,0.1700,-0.0,-83.0,-2.0843,NONE,STOPPED
="2026-09-07 10:19:36",79921,1313084,1101462,211621,1000000,-0.0095,0.1700,+0.0,-83.0,-2.0905,NONE,STOPPED
="2026-09-07 10:19:37",79921,1313084,1101462,211621,1000000,-0.0095,0.1700,+0.0,-83.0,-2.0886,NONE,STOPPED
="2026-09-07 10:19:38",79921,1313084,1101462,211621,1000000,-0.0095,0.1700,+0.0,-83.0,-2.0791,NONE,STOPPED
="2026-09-07 10:19:39",79921,1313084,1101462,211621,1000000,-0.0095,0.1700,+0.0,-83.0,-2.0791,NONE,STOPPED
="2026-09-07 10:19:40",79921,1313084,1101462,211621,1000000,-0.0095,0.1700,+0.0,-83.0,-2.0405,NONE,STOPPED
="2026-09-07 10:19:41",79921,1313084,1101462,211621,1000000,-0.0100,0.1700,+0.0,-83.0,-2.0124,NONE,STOPPED
="2026-09-07 10:19:42",79921,1313084,1101462,211621,1000000,-0.0101,0.1700,+0.0,-83.0,-1.9794,NONE,STOPPED
="2026-09-07 10:19:43",79921,1313084,1101462,211621,1000000,-0.0101,0.1700,+0.0,-83.0,-1.9418,NONE,STOPPED
="2026-09-07 10:19:44",79921,1313084,1101462,211621,1000000,-0.0105,0.1700,-0.0,-83.0,-1.9002,NONE,STOPPED
="2026-09-07 10:19:45",79921,1313084,1101462,211621,1000000,-0.0105,0.1700,+0.0,-83.0,-1.8549,NONE,STOPPED
="2026-09-07 10:19:46",79921,1313084,1101462,211621,1000000,-0.0105,0.1700,-0.0,-83.0,-1.8065,NONE,STOPPED
="2026-09-07 10:19:47",79921,1313084,1101462,211621,1000000,-0.0106,0.1700,+0.0,-83.0,-1.7553,NONE,STOPPED
="2026-09-07 10:19:48",79921,1313084,1101462,211621,1000000,-0.0106,0.1700,+0.0,-83.0,-1.7553,NONE,STOPPED
="2026-09-07 10:19:49",79921,1313084,1101462,211621,1000000,-0.0139,0.1700,+0.0,-83.0,-1.7016,NONE,STOPPED
="2026-09-07 10:19:50",79921,1313084,1101462,211621,1000000,-0.0137,0.1700,+0.0,-83.0,-1.5881,NONE,STOPPED
="2026-09-07 10:19:51",79921,1313084,1101462,211621,1000000,-0.0138,0.1700,-0.0,-83.0,-1.5289,NONE,STOPPED
="2026-09-07 10:19:52",79934,1313084,1101462,211621,1000000,-0.0138,0.1700,+13.4,-69.6,-1.4162,NONE,STOPPED
="2026-09-07 10:19:53",79934,1313084,1101462,211621,1000000,-0.0141,0.1700,+13.4,-69.6,-1.3077,NONE,STOPPED
="2026-09-07 10:19:54",79934,1313084,1101462,211621,1000000,-0.0107,0.1700,+13.4,-69.6,-1.2032,NONE,STOPPED
="2026-09-07 10:19:55",79934,1313084,1101462,211621,1000000,-0.0107,0.1700,+13.4,-69.6,-1.1027,NONE,STOPPED
="2026-09-07 10:19:56",79934,1313084,1101462,211621,1000000,-0.0101,0.1700,+13.4,-74.1,-1.0059,NONE,STOPPED
="2026-09-07 10:19:57",79934,1291894,1101462,190431,1000000,-0.0101,0.1700,+13.4,-74.1,-1.0059,NONE,STOPPED
="2026-09-07 10:19:58",79934,1306085,1115654,190431,1000000,-0.0101,0.1700,+13.4,-74.2,-0.9100,NONE,STOPPED
="2026-09-07 10:19:59",79934,1306085,1115654,190431,1000000,-0.0099,0.1700,-0.0,-74.2,-0.7288,NONE,STOPPED
="2026-09-07 10:20:00",79922,1331099,1140667,190431,1000000,-0.0098,0.1700,-12.1,-86.3,-0.6904,NONE,STOPPED
="2026-09-07 10:20:01",79922,1331099,1140667,190431,1000000,-0.0098,0.1700,-12.1,-86.3,-0.6505,NONE,STOPPED
="2026-09-07 10:20:02",79922,1331099,1140667,190431,1000000,-0.0098,0.1700,-12.1,-86.3,-0.6093,NONE,STOPPED
="2026-09-07 10:20:03",79922,1331099,1140667,190431,1000000,-0.0098,0.1700,-12.1,-86.3,-0.5669,NONE,STOPPED
="2026-09-07 10:20:04",79922,1331099,1140667,190431,1000000,-0.0164,0.1700,-12.1,-91.3,-0.5236,NONE,STOPPED
="2026-09-07 10:20:05",79922,1299027,1140667,158359,1000000,-0.0161,0.1700,-0.0,-91.3,-0.4765,NONE,STOPPED
="2026-09-07 10:20:06",79922,1321452,1163093,158359,1000000,-0.0161,0.1700,-0.0,-91.3,-0.4288,NONE,STOPPED
="2026-09-07 10:20:07",79894,1337272,1178913,158359,1000000,-0.0154,0.1700,-28.2,-120.0,-0.4906,NONE,STOPPED
="2026-09-07 10:20:08",79894,1337272,1178913,158359,1000000,-0.0141,0.1700,-28.2,-119.9,-0.5406,NONE,STOPPED
="2026-09-07 10:20:09",79894,1337272,1178913,158359,1000000,-0.0141,0.1700,-28.2,-119.9,-0.5406,NONE,STOPPED
="2026-09-07 10:20:10",79894,440130,281771,158359,1000000,-0.0125,0.1700,-28.2,-50.0,-0.6476,NONE,STOPPED
="2026-09-07 10:20:11",79894,357709,199349,158359,1000000,-0.0125,0.1700,-28.2,-41.3,-0.7106,NONE,STOPPED
="2026-09-07 10:20:12",79894,357709,199349,158359,1000000,-0.0116,0.1700,+0.0,-52.9,-0.7697,NONE,STOPPED
="2026-09-07 10:20:13",79894,319069,199349,119719,1000000,-0.0162,0.1700,-0.0,-59.8,-0.8133,NONE,STOPPED
="2026-09-07 10:20:14",79894,319069,199349,119719,1000000,-0.0162,0.1700,-0.0,-59.8,-0.8450,NONE,STOPPED
="2026-09-07 10:20:15",79894,319069,199349,119719,1000000,-0.0162,0.1700,-0.0,-59.8,-0.8698,NONE,STOPPED
="2026-09-07 10:20:16",79894,319069,199349,119719,1000000,-0.0162,0.1700,-0.0,-59.8,-0.8882,NONE,STOPPED
="2026-09-07 10:20:17",79894,319069,199349,119719,1000000,-0.0121,0.1700,+0.0,-59.8,-0.9007,NONE,STOPPED
="2026-09-07 10:20:18",79894,259103,139384,119719,1000000,-0.0121,0.1700,+0.0,-59.8,-0.9007,NONE,STOPPED
="2026-09-07 10:20:19",79894,259103,139384,119719,1000000,-0.0148,0.1700,+0.0,-59.8,-0.9099,NONE,STOPPED
="2026-09-07 10:20:20",79894,259103,139384,119719,1000000,-0.0148,0.1700,-0.0,-59.8,-0.9076,NONE,STOPPED
="2026-09-07 10:20:21",79894,259103,139384,119719,1000000,-0.0148,0.1700,+0.0,-59.8,-0.9011,NONE,STOPPED
="2026-09-07 10:20:22",79894,259103,139384,119719,1000000,-0.0171,0.1700,-0.0,-59.8,-0.8910,NONE,STOPPED
="2026-09-07 10:20:23",79894,259103,139384,119719,1000000,-0.0171,0.1700,-0.0,-59.8,-0.8775,NONE,STOPPED
="2026-09-07 10:20:24",79894,259103,139384,119719,1000000,-0.0155,0.1700,-0.0,-45.8,-0.8610,NONE,STOPPED
="2026-09-07 10:20:25",79894,229726,110007,119719,1000000,-0.0155,0.1700,+0.0,-45.7,-0.8501,NONE,STOPPED
="2026-09-07 10:20:26",79894,229726,110007,119719,1000000,-0.0155,0.1700,+0.0,-36.8,-0.8367,NONE,STOPPED
="2026-09-07 10:20:27",79894,229726,110007,119719,1000000,-0.0126,0.1700,+0.0,-26.9,-0.8262,NONE,STOPPED
="2026-09-07 10:20:28",79894,214128,94409,119719,1000000,-0.0094,0.1700,+0.0,-26.9,-0.8262,NONE,STOPPED
="2026-09-07 10:20:29",79894,214128,94409,119719,1000000,-0.0094,0.1700,-0.0,-26.9,-0.8107,NONE,STOPPED
="2026-09-07 10:20:30",79894,243308,94409,148899,1000000,-0.0124,0.1700,-0.0,-26.9,-0.7999,NONE,STOPPED
="2026-09-07 10:20:31",79899,243308,94409,148899,1000000,-0.0115,0.1700,+5.4,-21.5,-0.7663,NONE,STOPPED
="2026-09-07 10:20:32",79899,243308,94409,148899,1000000,-0.0095,0.1700,+5.4,-21.6,-0.7333,NONE,STOPPED
="2026-09-07 10:20:33",79899,243308,94409,148899,1000000,-0.0095,0.1700,+5.4,-21.6,-0.7008,NONE,STOPPED
="2026-09-07 10:20:34",79899,243308,94409,148899,1000000,-0.0095,0.1700,+5.4,-21.6,-0.6689,NONE,STOPPED
="2026-09-07 10:20:35",79909,147714,94409,53305,1000000,-0.0083,0.1700,+15.9,-11.1,-0.5967,NONE,STOPPED
="2026-09-07 10:20:36",79909,147714,94409,53305,1000000,-0.0085,0.1700,+10.5,-11.1,-0.5292,NONE,STOPPED
="2026-09-07 10:20:37",79909,147714,94409,53305,1000000,-0.0071,0.1700,+10.5,-11.1,-0.5292,NONE,STOPPED
="2026-09-07 10:20:38",79909,147714,94409,53305,1000000,-0.0071,0.1700,+10.5,-11.1,-0.4072,NONE,STOPPED
="2026-09-07 10:20:39",79909,147714,94409,53305,1000000,-0.0071,0.1700,+10.5,-11.1,-0.3522,NONE,STOPPED
="2026-09-07 10:20:40",79912,147714,94409,53305,1000000,-0.0070,0.1700,+2.3,-8.8,-0.2921,NONE,STOPPED
="2026-09-07 10:20:41",79912,147714,94409,53305,1000000,-0.0070,0.1700,+2.3,-8.8,-0.2364,NONE,STOPPED
="2026-09-07 10:20:42",79912,147714,94409,53305,1000000,-0.0070,0.1700,+2.3,-8.8,-0.1847,NONE,STOPPED
="2026-09-07 10:20:43",79912,147714,94409,53305,1000000,-0.0070,0.1700,+2.2,-8.8,-0.1368,NONE,STOPPED
="2026-09-07 10:20:44",79901,183516,130211,53305,1000000,-0.0038,0.1700,-8.4,-19.5,-0.1340,NONE,STOPPED
="2026-09-07 10:20:45",79901,321516,130211,191305,1000000,-0.0038,0.1700,-10.6,-19.5,-0.1304,NONE,STOPPED
="2026-09-07 10:20:46",79901,321516,130211,191305,1000000,-0.0038,0.1700,-10.6,-19.5,-0.1304,NONE,STOPPED
="2026-09-07 10:20:47",79901,321516,130211,191305,1000000,-0.0053,0.1700,-10.7,-19.5,-0.1186,NONE,STOPPED
="2026-09-07 10:20:48",79901,321516,130211,191305,1000000,-0.0053,0.1700,-10.6,-19.5,-0.1153,NONE,STOPPED
="2026-09-07 10:20:49",79901,321516,130211,191305,1000000,-0.0020,0.1700,-0.0,-19.5,-0.1091,NONE,STOPPED
="2026-09-07 10:20:50",79901,321516,130211,191305,1000000,+0.0011,0.1700,-0.0,-19.5,-0.1025,NONE,STOPPED
="2026-09-07 10:20:51",79901,321516,130211,191305,1000000,+0.0013,0.1700,-0.0,-32.9,-0.0954,NONE,STOPPED
="2026-09-07 10:20:52",79901,321516,130211,191305,1000000,+0.0013,0.1700,-0.0,-32.9,-0.0798,NONE,STOPPED
="2026-09-07 10:20:53",79889,359314,168008,191305,1000000,+0.0030,0.1700,-12.1,-45.0,-0.1112,NONE,STOPPED
="2026-09-07 10:20:54",79884,359314,168008,191305,1000000,-0.0004,0.1700,-16.9,-49.8,-0.1565,NONE,STOPPED
="2026-09-07 10:20:55",79884,359314,168008,191305,1000000,-0.0004,0.1700,-16.9,-49.8,-0.1565,NONE,STOPPED
="2026-09-07 10:20:56",79884,359314,168008,191305,1000000,-0.0021,0.1700,-16.9,-49.8,-0.2430,NONE,STOPPED
="2026-09-07 10:20:57",79869,359314,168008,191305,1000000,-0.0021,0.1700,-31.9,-64.8,-0.3140,NONE,STOPPED
="2026-09-07 10:20:58",79869,345122,153817,191305,1000000,-0.0021,0.1700,-19.8,-64.8,-0.3890,NONE,STOPPED
="2026-09-07 10:20:59",79869,345122,153817,191305,1000000,-0.0021,0.1700,-14.9,-52.6,-0.4538,NONE,STOPPED
="2026-09-07 10:21:00",79869,320109,128803,191305,1000000,-0.0021,0.1700,-15.0,-52.6,-0.5168,NONE,STOPPED
="2026-09-07 10:21:01",79869,320109,128803,191305,1000000,-0.0023,0.1700,-15.0,-52.6,-0.5710,NONE,STOPPED
="2026-09-07 10:21:02",79872,320109,128803,191305,1000000,-0.0008,0.1700,+2.6,-50.1,-0.6071,NONE,STOPPED
="2026-09-07 10:21:03",79872,320109,128803,191305,1000000,-0.0008,0.1700,+2.6,-50.1,-0.6071,NONE,STOPPED
="2026-09-07 10:21:04",79872,320109,128803,191305,1000000,+0.0058,0.1700,+2.6,-50.0,-0.6367,NONE,STOPPED
="2026-09-07 10:21:05",79872,320109,128803,191305,1000000,+0.0067,0.1700,+2.6,-50.0,-0.6811,NONE,STOPPED
="2026-09-07 10:21:06",79887,348621,128803,219817,1000000,+0.0067,0.1700,+17.5,-6.9,-0.6335,NONE,STOPPED
="2026-09-07 10:21:07",79887,310376,90558,219817,1000000,+0.0060,0.1700,+14.9,-6.9,-0.6070,NONE,STOPPED
="2026-09-07 10:21:08",79887,310376,90558,219817,1000000,+0.0055,0.1700,+14.9,-6.9,-0.5814,NONE,STOPPED
="2026-09-07 10:21:09",79887,310376,90558,219817,1000000,+0.0055,0.1700,+14.9,-6.9,-0.5565,NONE,STOPPED
="2026-09-07 10:21:10",79887,293417,73599,219817,1000000,+0.0039,0.1700,+14.9,-6.9,-0.5324,NONE,STOPPED
="2026-09-07 10:21:11",79874,293417,73599,219817,1000000,+0.0049,0.1700,-13.1,-20.1,-0.5601,NONE,STOPPED
="2026-09-07 10:21:12",79874,293417,73599,219817,1000000,+0.0049,0.1700,-13.1,-20.1,-0.5601,NONE,STOPPED
="2026-09-07 10:21:13",79874,293417,73599,219817,1000000,+0.0094,0.1700,-13.1,-20.0,-0.5834,NONE,STOPPED
="2026-09-07 10:21:14",79874,293417,73599,219817,1000000,+0.0094,0.1700,-13.1,-20.0,-0.6181,NONE,STOPPED
="2026-09-07 10:21:15",79874,293417,73599,219817,1000000,+0.0106,0.1700,-13.1,-20.0,-0.6301,NONE,STOPPED
="2026-09-07 10:21:16",79874,293417,73599,219817,1000000,+0.0106,0.1700,+0.0,-20.0,-0.6390,NONE,STOPPED
="2026-09-07 10:21:17",79874,293417,73599,219817,1000000,+0.0106,0.1700,+0.0,-20.0,-0.6449,NONE,STOPPED
="2026-09-07 10:21:18",79874,293417,73599,219817,1000000,+0.0106,0.1700,+0.0,-20.0,-0.6482,NONE,STOPPED
="2026-09-07 10:21:19",79874,293417,73599,219817,1000000,+0.0134,0.1700,+0.0,-20.0,-0.6490,NONE,STOPPED
="2026-09-07 10:21:20",79874,293417,73599,219817,1000000,+0.0134,0.1700,+0.0,-20.0,-0.6477,NONE,STOPPED
="2026-09-07 10:21:21",79874,293417,73599,219817,1000000,+0.0148,0.1700,+0.0,-20.0,-0.6442,NONE,STOPPED
="2026-09-07 10:21:22",79874,293417,73599,219817,1000000,+0.0170,0.1700,+0.0,-20.0,-0.6442,NONE,STOPPED
="2026-09-07 10:21:23",79892,293417,73599,219817,1000000,+0.0170,0.1700,+18.0,-2.0,-0.5216,NONE,STOPPED
="2026-09-07 10:21:24",79892,293417,73599,219817,1000000,+0.0218,0.1700,+18.0,-2.0,-0.4544,NONE,STOPPED
="2026-09-07 10:21:25",79913,307288,73599,233688,1000000,+0.0218,0.1700,+39.8,+19.7,-0.3075,NONE,STOPPED
="2026-09-07 10:21:26",79913,307288,73599,233688,1000000,+0.0218,0.1700,+39.8,+19.7,-0.1737,NONE,STOPPED
="2026-09-07 10:21:27",79913,307288,73599,233688,1000000,+0.0218,0.1700,+28.2,+19.7,-0.0522,NONE,STOPPED
="2026-09-07 10:21:28",79913,307288,73599,233688,1000000,+0.0185,0.1700,+21.8,+19.8,+0.0580,NONE,STOPPED
="2026-09-07 10:21:29",79913,307288,73599,233688,1000000,+0.0185,0.1700,+21.8,+19.7,+0.1574,NONE,STOPPED
="2026-09-07 10:21:30",79913,278107,73599,204507,1000000,+0.0186,0.1700,+21.8,+19.7,+0.1574,NONE,STOPPED
="2026-09-07 10:21:31",79913,278107,73599,204507,1000000,+0.0177,0.1700,+0.0,+14.4,+0.2470,NONE,STOPPED
="2026-09-07 10:21:32",79922,278107,73599,204507,1000000,+0.0177,0.1700,+8.9,+23.3,+0.4404,NONE,STOPPED
="2026-09-07 10:21:33",79923,278107,73599,204507,1000000,+0.0180,0.1700,+9.5,+23.9,+0.5409,NONE,STOPPED
="2026-09-07 10:21:34",79930,278107,73599,204507,1000000,+0.0180,0.1700,+17.1,+21.0,+0.6599,NONE,STOPPED
="2026-09-07 10:21:35",79930,253982,73599,180382,1000000,+0.0168,0.1700,+17.1,+21.0,+0.7722,NONE,STOPPED
="2026-09-07 10:21:36",79930,253982,73599,180382,1000000,+0.0170,0.1700,+17.1,+21.0,+0.8720,NONE,STOPPED
="2026-09-07 10:21:37",79930,253982,73599,180382,1000000,+0.0156,0.1700,+8.2,+21.0,+0.9605,NONE,STOPPED
="2026-09-07 10:21:38",79930,253982,73599,180382,1000000,+0.0156,0.1700,+7.6,+21.0,+1.0383,NONE,STOPPED
="2026-09-07 10:21:39",79930,326120,145738,180382,1000000,+0.0180,0.1700,-0.5,+18.2,+1.1042,NONE,STOPPED
="2026-09-07 10:21:40",79930,326120,145738,180382,1000000,+0.0180,0.1700,-0.5,+18.2,+1.1042,NONE,STOPPED
="2026-09-07 10:21:41",79930,326120,145738,180382,1000000,+0.0180,0.1700,-0.5,+18.2,+1.2126,NONE,STOPPED
="2026-09-07 10:21:42",79930,326120,145738,180382,1000000,+0.0110,0.1700,-0.6,+18.2,+1.2550,NONE,STOPPED
="2026-09-07 10:21:43",79930,326120,145738,180382,1000000,+0.0110,0.1700,-0.5,+28.8,+1.2904,NONE,STOPPED
="2026-09-07 10:21:44",79930,304708,124325,180382,1000000,+0.0078,0.1700,-0.5,+28.8,+1.3128,NONE,STOPPED
="2026-09-07 10:21:45",79930,152319,109936,42382,1000000,+0.0078,0.1700,-0.0,+28.8,+1.3293,NONE,STOPPED
="2026-09-07 10:21:46",79930,152319,109936,42382,1000000,+0.0078,0.1700,-0.5,+28.8,+1.3406,NONE,STOPPED
="2026-09-07 10:21:47",79930,152319,109936,42382,1000000,+0.0093,0.1700,-0.0,+28.8,+1.3469,NONE,STOPPED
="2026-09-07 10:21:48",79930,152319,109936,42382,1000000,+0.0089,0.1700,+0.0,+28.8,+1.3487,NONE,STOPPED
="2026-09-07 10:21:49",79930,152319,109936,42382,1000000,+0.0089,0.1700,+0.0,+28.8,+1.3487,NONE,STOPPED
="2026-09-07 10:21:50",79930,152319,109936,42382,1000000,+0.0058,0.1700,+0.0,+28.8,+1.3464,NONE,STOPPED
="2026-09-07 10:21:51",79914,152319,109936,42382,1000000,+0.0058,0.1700,-16.3,+12.5,+1.2104,NONE,STOPPED
="2026-09-07 10:21:52",79914,152319,109936,42382,1000000,+0.0098,0.1700,-16.3,+24.6,+1.1467,NONE,STOPPED
="2026-09-07 10:21:53",79914,114521,72138,42382,1000000,+0.0081,0.1700,-16.3,+29.4,+1.0785,NONE,STOPPED
="2026-09-07 10:21:54",79914,114521,72138,42382,1000000,+0.0081,0.1700,-16.3,+29.4,+1.0102,NONE,STOPPED
="2026-09-07 10:21:55",79914,114521,72138,42382,1000000,+0.0081,0.1700,-16.3,+29.4,+0.9446,NONE,STOPPED
="2026-09-07 10:21:56",79914,114521,72138,42382,1000000,+0.0098,0.1700,-0.0,+44.4,+0.8817,NONE,STOPPED
="2026-09-07 10:21:57",79914,114521,72138,42382,1000000,+0.0147,0.1700,+0.0,+44.4,+0.8123,NONE,STOPPED
="2026-09-07 10:21:58",79914,114521,72138,42382,1000000,+0.0147,0.1700,+0.0,+44.4,+0.8123,NONE,STOPPED
="2026-09-07 10:21:59",79914,132182,72138,60043,1000000,+0.0147,0.1700,+0.0,+44.4,+0.7455,NONE,STOPPED
="2026-09-07 10:22:00",79914,132182,72138,60043,1000000,+0.0147,0.1700,+0.0,+44.4,+0.6705,NONE,STOPPED
="2026-09-07 10:22:01",79914,132182,72138,60043,1000000,+0.0147,0.1700,+0.0,+41.8,+0.5599,NONE,STOPPED
="2026-09-07 10:22:02",79914,132182,72138,60043,1000000,+0.0132,0.1700,+0.0,+41.8,+0.5044,NONE,STOPPED
="2026-09-07 10:22:03",79914,132182,72138,60043,1000000,+0.0132,0.1700,-0.0,+41.8,+0.4510,NONE,STOPPED
="2026-09-07 10:22:04",79914,132182,72138,60043,1000000,+0.0143,0.1700,-0.0,+41.8,+0.4510,NONE,STOPPED
="2026-09-07 10:22:05",79914,132182,72138,60043,1000000,+0.0134,0.1700,+0.0,+41.8,+0.3997,NONE,STOPPED
="2026-09-07 10:22:06",79914,103669,72138,31531,1000000,+0.0134,0.1700,+0.0,+26.9,+0.3121,NONE,STOPPED
="2026-09-07 10:22:07",79914,103669,72138,31531,1000000,+0.0134,0.1700,-0.0,+26.9,+0.2754,NONE,STOPPED
="2026-09-07 10:22:08",79914,103669,72138,31531,1000000,+0.0139,0.1700,+0.0,+26.9,+0.2403,NONE,STOPPED
="2026-09-07 10:22:09",79914,103669,72138,31531,1000000,+0.0139,0.1700,+0.0,+26.9,+0.2067,NONE,STOPPED
="2026-09-07 10:22:10",79927,150863,72138,78724,1000000,+0.0139,0.1700,+13.4,+53.4,+0.2266,NONE,STOPPED
="2026-09-07 10:22:11",79927,150863,72138,78724,1000000,+0.0129,0.1700,+13.4,+53.4,+0.2346,NONE,STOPPED
="2026-09-07 10:22:12",79933,177732,72138,105593,1000000,+0.0129,0.1700,+19.3,+59.3,+0.2625,NONE,STOPPED
="2026-09-07 10:22:13",79933,177732,72138,105593,1000000,+0.0121,0.1700,+19.3,+59.3,+0.2625,NONE,STOPPED
="2026-09-07 10:22:14",79933,177732,72138,105593,1000000,+0.0109,0.1700,+19.3,+59.4,+0.2850,NONE,STOPPED
="2026-09-07 10:22:15",79933,177732,72138,105593,1000000,+0.0109,0.1700,+6.0,+59.3,+0.3153,NONE,STOPPED
="2026-09-07 10:22:16",79933,177732,72138,105593,1000000,+0.0110,0.1700,+6.0,+59.3,+0.3240,NONE,STOPPED
="2026-09-07 10:22:17",79933,177732,72138,105593,1000000,+0.0110,0.1700,+6.0,+59.3,+0.3288,NONE,STOPPED
="2026-09-07 10:22:18",79933,177732,72138,105593,1000000,+0.0110,0.1700,-0.0,+59.3,+0.3301,NONE,STOPPED
="2026-09-07 10:22:19",79933,177732,72138,105593,1000000,+0.0111,0.1700,-0.0,+59.3,+0.3281,NONE,STOPPED
="2026-09-07 10:22:20",79933,177732,72138,105593,1000000,+0.0097,0.1700,-0.0,+59.3,+0.3232,NONE,STOPPED
="2026-09-07 10:22:21",79933,177732,72138,105593,1000000,+0.0097,0.1700,-0.0,+47.8,+0.3157,NONE,STOPPED
="2026-09-07 10:22:22",79933,177732,72138,105593,1000000,+0.0097,0.1700,-0.0,+47.8,+0.3157,NONE,STOPPED
="2026-09-07 10:22:23",79933,177732,72138,105593,1000000,+0.0097,0.1700,+0.0,+41.4,+0.3129,NONE,STOPPED
="2026-09-07 10:22:24",79933,177732,72138,105593,1000000,+0.0050,0.1700,+0.0,+19.6,+0.3080,NONE,STOPPED
="2026-09-07 10:22:25",79933,163861,72138,91723,1000000,+0.0049,0.1700,+0.0,+19.6,+0.3157,NONE,STOPPED
="2026-09-07 10:22:26",79933,163861,72138,91723,1000000,+0.0049,0.1700,+0.0,+19.6,+0.3213,NONE,STOPPED
="2026-09-07 10:22:27",79933,163861,72138,91723,1000000,+0.0049,0.1700,-0.0,+19.6,+0.3248,NONE,STOPPED
="2026-09-07 10:22:28",79933,163861,72138,91723,1000000,+0.0054,0.1700,+0.0,+19.6,+0.3267,NONE,STOPPED
="2026-09-07 10:22:29",79933,163861,72138,91723,1000000,+0.0053,0.1700,-0.0,+19.6,+0.3269,NONE,STOPPED
="2026-09-07 10:22:30",79933,163861,72138,91723,1000000,+0.0053,0.1700,-0.0,+19.6,+0.3256,NONE,STOPPED
="2026-09-07 10:22:31",79933,163861,72138,91723,1000000,+0.0050,0.1700,+0.0,+10.6,+0.3229,NONE,STOPPED
="2026-09-07 10:22:32",79933,163861,72138,91723,1000000,+0.0050,0.1700,+0.0,+10.6,+0.3229,NONE,STOPPED
="2026-09-07 10:22:33",79933,163861,72138,91723,1000000,+0.0047,0.1700,+0.0,+2.5,+0.3252,NONE,STOPPED
="2026-09-07 10:22:34",79933,163861,72138,91723,1000000,+0.0047,0.1700,-0.0,+2.5,+0.3293,NONE,STOPPED
="2026-09-07 10:22:35",79933,163861,72138,91723,1000000,+0.0047,0.1700,-0.0,+2.5,+0.3323,NONE,STOPPED
="2026-09-07 10:22:36",79933,163861,72138,91723,1000000,+0.0045,0.1700,+0.0,+2.5,+0.3343,NONE,STOPPED
="2026-09-07 10:22:37",79933,163861,72138,91723,1000000,+0.0046,0.1700,-0.0,+2.5,+0.3353,NONE,STOPPED
="2026-09-07 10:22:38",79951,194360,72138,122222,1000000,+0.0046,0.1700,+17.6,+20.6,+0.4040,NONE,STOPPED
="2026-09-07 10:22:39",79951,122222,0,122222,1000000,+0.0022,0.1700,+17.6,+20.6,+0.4646,NONE,STOPPED
="2026-09-07 10:22:40",79951,122222,0,122222,1000000,+0.0022,0.1700,+17.6,+20.6,+0.5181,NONE,STOPPED
="2026-09-07 10:22:41",79951,122222,0,122222,1000000,+0.0057,0.1700,+17.6,+20.6,+0.5181,NONE,STOPPED
="2026-09-07 10:22:42",79951,122222,0,122222,1000000,+0.0126,0.1700,+17.6,+20.6,+0.5650,NONE,STOPPED
="2026-09-07 10:22:43",79951,122222,0,122222,1000000,+0.0123,0.1700,-0.0,+20.6,+0.6407,NONE,STOPPED
="2026-09-07 10:22:44",79949,122222,0,122222,1000000,+0.0123,0.1700,-1.3,+19.4,+0.6656,NONE,STOPPED
="2026-09-07 10:22:45",79949,122222,0,122222,1000000,+0.0123,0.1700,-1.3,+19.3,+0.6861,NONE,STOPPED
="2026-09-07 10:22:46",79949,122222,0,122222,1000000,+0.0123,0.1700,-1.3,+19.4,+0.7025,NONE,STOPPED
="2026-09-07 10:22:47",79949,122222,0,122222,1000000,+0.0123,0.1700,-1.3,+19.3,+0.7153,NONE,STOPPED
="2026-09-07 10:22:48",79949,122222,0,122222,1000000,+0.0127,0.1700,-1.3,+19.3,+0.7248,NONE,STOPPED
="2026-09-07 10:22:49",79949,122222,0,122222,1000000,+0.0059,0.1700,-1.3,+35.7,+0.7311,NONE,STOPPED
="2026-09-07 10:22:50",79949,122222,0,122222,1000000,+0.0059,0.1700,-0.0,+35.7,+0.7246,NONE,STOPPED
="2026-09-07 10:22:51",79949,122222,0,122222,1000000,+0.0059,0.1700,-0.0,+35.7,+0.7246,NONE,STOPPED
="2026-09-07 10:22:52",79949,122222,0,122222,1000000,+0.0019,0.1700,-0.0,+35.7,+0.7158,NONE,STOPPED
="2026-09-07 10:22:53",79949,122222,0,122222,1000000,+0.0047,0.1700,-0.0,+35.7,+0.6919,NONE,STOPPED
="2026-09-07 10:22:54",79949,122222,0,122222,1000000,+0.0047,0.1700,+0.0,+35.7,+0.6772,NONE,STOPPED
="2026-09-07 10:22:55",79957,133735,0,133735,1000000,+0.0047,0.1700,+7.2,+42.9,+0.6892,NONE,STOPPED
="2026-09-07 10:22:56",79957,133735,0,133735,1000000,+0.0048,0.1700,+7.6,+43.3,+0.6986,NONE,STOPPED
="2026-09-07 10:22:57",79957,133735,0,133735,1000000,-0.0001,0.1700,+7.6,+43.3,+0.7039,NONE,STOPPED
="2026-09-07 10:22:58",79957,133735,0,133735,1000000,-0.0001,0.1700,+7.6,+43.3,+0.7055,NONE,STOPPED
="2026-09-07 10:22:59",79957,116074,0,116074,1000000,+0.0005,0.1700,+7.6,+43.3,+0.7037,NONE,STOPPED
="2026-09-07 10:23:00",79957,116074,0,116074,1000000,+0.0005,0.1700,+0.4,+43.3,+0.7002,NONE,STOPPED
="2026-09-07 10:23:01",79957,116074,0,116074,1000000,+0.0005,0.1700,-0.0,+43.3,+0.6913,NONE,STOPPED
="2026-09-07 10:23:02",79949,199966,83892,116074,1000000,+0.0005,0.1700,-7.6,+35.7,+0.6514,NONE,STOPPED
="2026-09-07 10:23:03",79949,199966,83892,116074,1000000,-0.0006,0.1700,-7.6,+35.7,+0.6124,NONE,STOPPED
="2026-09-07 10:23:04",79949,199966,83892,116074,1000000,-0.0006,0.1700,-7.6,+35.7,+0.6124,NONE,STOPPED
="2026-09-07 10:23:05",79949,199966,83892,116074,1000000,-0.0006,0.1700,-7.6,+35.7,+0.5364,NONE,STOPPED
="2026-09-07 10:23:06",79949,199966,83892,116074,1000000,+0.0021,0.1700,-7.6,+35.7,+0.4996,NONE,STOPPED
="2026-09-07 10:23:07",79949,199966,83892,116074,1000000,+0.0021,0.1700,-7.6,+35.7,+0.4635,NONE,STOPPED
="2026-09-07 10:23:08",79949,199966,83892,116074,1000000,+0.0021,0.1700,-0.0,+35.7,+0.4282,NONE,STOPPED
="2026-09-07 10:23:09",79949,199966,83892,116074,1000000,+0.0021,0.1700,-0.0,+22.3,+0.3937,NONE,STOPPED
="2026-09-07 10:23:10",79949,152773,83892,68881,1000000,+0.0021,0.1700,+0.0,+22.3,+0.3681,NONE,STOPPED
="2026-09-07 10:23:11",79949,152773,83892,68881,1000000,+0.0021,0.1700,-0.0,+16.3,+0.3431,NONE,STOPPED
="2026-09-07 10:23:12",79949,125904,83892,42012,1000000,+0.0020,0.1700,+0.0,+16.3,+0.3223,NONE,STOPPED
="2026-09-07 10:23:13",79949,125904,83892,42012,1000000,+0.0028,0.1700,+0.0,+16.3,+0.3223,NONE,STOPPED
="2026-09-07 10:23:14",79949,125904,83892,42012,1000000,+0.0028,0.1700,+0.0,+16.3,+0.3021,NONE,STOPPED
="2026-09-07 10:23:15",79957,125904,83892,42012,1000000,+0.0032,0.1700,+7.6,+24.0,+0.3195,NONE,STOPPED
="2026-09-07 10:23:16",79957,125904,83892,42012,1000000,+0.0030,0.1700,+7.6,+24.0,+0.3246,NONE,STOPPED
="2026-09-07 10:23:17",79957,125904,83892,42012,1000000,+0.0030,0.1700,+7.6,+24.0,+0.3277,NONE,STOPPED
="2026-09-07 10:23:18",79957,125904,83892,42012,1000000,+0.0057,0.1700,+7.6,+24.0,+0.3288,NONE,STOPPED
="2026-09-07 10:23:19",79957,125904,83892,42012,1000000,+0.0056,0.1700,+7.6,+24.0,+0.3282,NONE,STOPPED
="2026-09-07 10:23:20",79957,125904,83892,42012,1000000,+0.0059,0.1700,+0.0,+24.0,+0.3260,NONE,STOPPED
="2026-09-07 10:23:21",79957,125904,83892,42012,1000000,+0.0059,0.1700,+0.0,+24.0,+0.3224,NONE,STOPPED
="2026-09-07 10:23:22",79957,125904,83892,42012,1000000,+0.0059,0.1700,+0.0,+24.0,+0.3174,NONE,STOPPED
="2026-09-07 10:23:23",79957,125904,83892,42012,1000000,+0.0059,0.1700,+0.0,+24.0,+0.3174,NONE,STOPPED
="2026-09-07 10:23:24",79957,125904,83892,42012,1000000,+0.0059,0.1700,+0.0,+24.0,+0.3040,NONE,STOPPED
="2026-09-07 10:23:25",79957,125904,83892,42012,1000000,+0.0059,0.1700,+0.0,+24.0,+0.2958,NONE,STOPPED
="2026-09-07 10:23:26",79957,125904,83892,42012,1000000,+0.0059,0.1700,-0.0,+24.0,+0.2867,NONE,STOPPED
="2026-09-07 10:23:27",79957,125904,83892,42012,1000000,+0.0059,0.1700,-0.0,+24.0,+0.2769,NONE,STOPPED
="2026-09-07 10:23:28",79957,125904,83892,42012,1000000,+0.0054,0.1700,+0.0,+24.0,+0.2664,NONE,STOPPED
="2026-09-07 10:23:29",79957,125904,83892,42012,1000000,+0.0054,0.1700,-0.0,+24.0,+0.2553,NONE,STOPPED
="2026-09-07 10:23:30",79957,125904,83892,42012,1000000,+0.0055,0.1700,+0.0,+24.0,+0.2436,NONE,STOPPED
="2026-09-07 10:23:31",79957,125904,83892,42012,1000000,+0.0058,0.1700,-0.0,+24.0,+0.2315,NONE,STOPPED
="2026-09-07 10:23:32",79957,125904,83892,42012,1000000,+0.0058,0.1700,-0.0,+24.0,+0.2315,NONE,STOPPED
="2026-09-07 10:23:33",79957,125904,83892,42012,1000000,+0.0074,0.1700,+0.0,+24.0,+0.2191,NONE,STOPPED
="2026-09-07 10:23:34",79957,125904,83892,42012,1000000,+0.0074,0.1700,+0.0,+24.0,+0.1932,NONE,STOPPED
="2026-09-07 10:23:35",79957,125904,83892,42012,1000000,+0.0074,0.1700,-0.0,+24.0,+0.1799,NONE,STOPPED
="2026-09-07 10:23:36",79957,125904,83892,42012,1000000,+0.0075,0.1700,-0.0,+24.0,+0.1664,NONE,STOPPED
="2026-09-07 10:23:37",79957,125904,83892,42012,1000000,+0.0074,0.1700,+0.0,+6.4,+0.1528,NONE,STOPPED
="2026-09-07 10:23:38",79957,95405,83892,11513,1000000,+0.0074,0.1700,-0.0,+6.4,+0.1498,NONE,STOPPED
="2026-09-07 10:23:39",79957,95405,83892,11513,1000000,+0.0074,0.1700,+0.0,+6.4,+0.1465,NONE,STOPPED
="2026-09-07 10:23:40",79957,95405,83892,11513,1000000,+0.0040,0.1700,-0.0,+6.4,+0.1429,NONE,STOPPED
="2026-09-07 10:23:41",79957,95405,83892,11513,1000000,+0.0040,0.1700,-0.0,+6.4,+0.1391,NONE,STOPPED
="2026-09-07 10:23:42",79957,95405,83892,11513,1000000,+0.0040,0.1700,-0.0,+6.4,+0.1391,NONE,STOPPED
="2026-09-07 10:23:43",79957,95405,83892,11513,1000000,+0.0046,0.1700,-0.0,+7.6,+0.1309,NONE,STOPPED
="2026-09-07 10:23:44",79957,95405,83892,11513,1000000,+0.0046,0.1700,-0.0,+7.6,+0.1258,NONE,STOPPED
="2026-09-07 10:23:45",79957,95405,83892,11513,1000000,+0.0046,0.1700,-0.0,+7.6,+0.1205,NONE,STOPPED
="2026-09-07 10:23:46",79957,95405,83892,11513,1000000,+0.0052,0.1700,+0.0,+7.6,+0.1152,NONE,STOPPED
="2026-09-07 10:23:47",79957,95405,83892,11513,1000000,+0.0052,0.1700,-0.0,+7.6,+0.1098,NONE,STOPPED
="2026-09-07 10:23:48",79951,95405,83892,11513,1000000,+0.0054,0.1700,-6.4,+1.3,+0.0795,NONE,STOPPED
="2026-09-07 10:23:49",79942,95405,83892,11513,1000000,+0.0054,0.1700,-14.8,-7.1,+0.0191,NONE,STOPPED
="2026-09-07 10:23:50",79942,95405,83892,11513,1000000,+0.0121,0.1700,-14.8,-7.1,-0.0358,NONE,STOPPED
="2026-09-07 10:23:51",79942,95405,83892,11513,1000000,+0.0121,0.1700,-14.8,-7.1,-0.0854,NONE,STOPPED
="2026-09-07 10:23:52",79942,95405,83892,11513,1000000,+0.0121,0.1700,-14.8,-7.1,-0.0854,NONE,STOPPED
="2026-09-07 10:23:53",79942,95405,83892,11513,1000000,+0.0093,0.1700,-8.4,-7.1,-0.1706,NONE,STOPPED
="2026-09-07 10:23:54",79937,95405,83892,11513,1000000,+0.0092,0.1700,-5.0,-19.3,-0.2260,NONE,STOPPED
="2026-09-07 10:23:55",79934,83892,83892,0,1000000,+0.0092,0.1700,-7.8,-22.6,-0.2823,NONE,STOPPED
="2026-09-07 10:23:56",79933,83892,83892,0,1000000,+0.0091,0.1700,-9.2,-24.0,-0.3372,NONE,STOPPED
="2026-09-07 10:23:57",79933,83892,83892,0,1000000,+0.0106,0.1700,-9.2,-24.0,-0.3856,NONE,STOPPED
="2026-09-07 10:23:58",79909,145136,145136,0,1000000,+0.0106,0.1700,-33.4,-48.1,-0.5221,NONE,STOPPED
="2026-09-07 10:23:59",79909,145136,145136,0,1000000,+0.0100,0.1700,-28.4,-48.1,-0.6434,NONE,STOPPED
="2026-09-07 10:24:00",79909,195221,145136,50084,1000000,+0.0100,0.1700,-28.4,-48.1,-0.6434,NONE,STOPPED
="2026-09-07 10:24:01",79919,225758,175673,50084,1000000,+0.0103,0.1700,-13.7,-30.1,-0.7680,NONE,STOPPED
="2026-09-07 10:24:02",79919,179836,129752,50084,1000000,+0.0103,0.1700,-13.7,-30.1,-0.8223,NONE,STOPPED
="2026-09-07 10:24:03",79919,179836,129752,50084,1000000,+0.0103,0.1700,+10.4,-30.1,-0.8689,NONE,STOPPED
="2026-09-07 10:24:04",79919,179836,129752,50084,1000000,+0.0115,0.1700,+10.4,-30.1,-0.8689,NONE,STOPPED
="2026-09-07 10:24:05",79919,179836,129752,50084,1000000,+0.0115,0.1700,+10.4,-30.1,-0.9412,NONE,STOPPED
="2026-09-07 10:24:06",79919,179836,129752,50084,1000000,+0.0115,0.1700,+0.0,-30.0,-0.9680,NONE,STOPPED
="2026-09-07 10:24:07",79919,179836,129752,50084,1000000,+0.0119,0.1700,+0.0,-30.0,-0.9893,NONE,STOPPED
="2026-09-07 10:24:08",79919,212946,162862,50084,1000000,+0.0119,0.1700,+0.0,-30.0,-1.0054,NONE,STOPPED
="2026-09-07 10:24:09",79919,212946,162862,50084,1000000,+0.0119,0.1700,+0.0,-30.0,-1.0168,NONE,STOPPED
="2026-09-07 10:24:10",79919,212946,162862,50084,1000000,+0.0119,0.1700,-0.0,-30.1,-1.0240,NONE,STOPPED
="2026-09-07 10:24:11",79919,212946,162862,50084,1000000,+0.0120,0.1700,-0.0,-30.1,-1.0272,NONE,STOPPED
="2026-09-07 10:24:12",79919,212946,162862,50084,1000000,+0.0120,0.1700,-0.0,-30.1,-1.0267,NONE,STOPPED
="2026-09-07 10:24:13",79919,212946,162862,50084,1000000,+0.0109,0.1700,-0.0,-30.1,-1.0267,NONE,STOPPED
="2026-09-07 10:24:14",79919,212946,162862,50084,1000000,+0.0106,0.1700,-0.0,-37.7,-1.0116,NONE,STOPPED
="2026-09-07 10:24:15",79919,212946,162862,50084,1000000,+0.0106,0.1700,+0.0,-37.7,-0.9977,NONE,STOPPED
="2026-09-07 10:24:16",79919,212946,162862,50084,1000000,+0.0099,0.1700,+0.0,-37.7,-0.9813,NONE,STOPPED
="2026-09-07 10:24:17",79919,212946,162862,50084,1000000,+0.0072,0.1700,-0.0,-37.7,-0.9629,NONE,STOPPED
="2026-09-07 10:24:18",79928,239750,162862,76888,1000000,+0.0072,0.1700,+9.0,-28.7,-0.9075,NONE,STOPPED
="2026-09-07 10:24:19",79928,239750,162862,76888,1000000,+0.0072,0.1700,+9.0,-28.7,-0.8540,NONE,STOPPED
="2026-09-07 10:24:20",79928,239750,162862,76888,1000000,+0.0072,0.1700,+9.0,-28.7,-0.8023,NONE,STOPPED
="2026-09-07 10:24:21",79919,297315,220426,76888,1000000,+0.0070,0.1700,+0.2,-37.5,-0.7866,NONE,STOPPED
="2026-09-07 10:24:22",79905,312013,235124,76888,1000000,+0.0073,0.1700,-14.0,-51.6,-0.8243,NONE,STOPPED
="2026-09-07 10:24:23",79905,312013,235124,76888,1000000,+0.0072,0.1700,-14.0,-51.6,-0.8243,NONE,STOPPED
="2026-09-07 10:24:24",79905,312013,235124,76888,1000000,+0.0072,0.1700,-23.0,-51.7,-0.8549,NONE,STOPPED
="2026-09-07 10:24:25",79905,312013,235124,76888,1000000,+0.0072,0.1700,-23.0,-51.6,-0.8969,NONE,STOPPED
="2026-09-07 10:24:26",79905,312013,235124,76888,1000000,+0.0069,0.1700,-14.2,-51.7,-0.9094,NONE,STOPPED
="2026-09-07 10:24:27",79905,312013,235124,76888,1000000,+0.0069,0.1700,-14.2,-51.7,-0.9168,NONE,STOPPED
="2026-09-07 10:24:28",79905,312013,235124,76888,1000000,+0.0070,0.1700,-0.0,-51.7,-0.9196,NONE,STOPPED
="2026-09-07 10:24:29",79905,312013,235124,76888,1000000,+0.0069,0.1700,-14.2,-51.7,-0.9181,NONE,STOPPED
="2026-09-07 10:24:30",79905,312013,235124,76888,1000000,+0.0069,0.1700,-14.2,-51.6,-0.9127,NONE,STOPPED
="2026-09-07 10:24:31",79905,312013,235124,76888,1000000,+0.0055,0.1700,+0.0,-51.7,-0.9039,NONE,STOPPED
="2026-09-07 10:24:32",79905,312013,235124,76888,1000000,+0.0055,0.1700,+0.0,-51.7,-0.9039,NONE,STOPPED
="2026-09-07 10:24:33",79905,312013,235124,76888,1000000,+0.0040,0.1700,+0.0,-51.7,-0.8918,NONE,STOPPED
="2026-09-07 10:24:34",79905,312013,235124,76888,1000000,+0.0040,0.1700,-0.0,-51.7,-0.8594,NONE,STOPPED
="2026-09-07 10:24:35",79905,327994,251106,76888,1000000,+0.0043,0.1700,-0.0,-51.7,-0.8396,NONE,STOPPED
="2026-09-07 10:24:36",79905,327994,251106,76888,1000000,+0.0041,0.1700,-0.0,-51.7,-0.8178,NONE,STOPPED
="2026-09-07 10:24:37",79905,327994,251106,76888,1000000,+0.0041,0.1700,+0.0,-51.6,-0.7940,NONE,STOPPED
="2026-09-07 10:24:38",79905,327994,251106,76888,1000000,+0.0041,0.1700,+0.0,-51.7,-0.7686,NONE,STOPPED
="2026-09-07 10:24:39",79905,327994,251106,76888,1000000,+0.0041,0.1700,+0.0,-51.6,-0.7417,NONE,STOPPED
="2026-09-07 10:24:40",79905,327994,251106,76888,1000000,+0.0041,0.1700,+0.0,-51.6,-0.7136,NONE,STOPPED
="2026-09-07 10:24:41",79905,327994,251106,76888,1000000,+0.0045,0.1700,+0.0,-51.6,-0.7136,NONE,STOPPED
="2026-09-07 10:24:42",79905,327994,251106,76888,1000000,+0.0045,0.1700,+0.0,-51.7,-0.6844,NONE,STOPPED
="2026-09-07 10:24:43",79905,357421,280532,76888,1000000,+0.0042,0.1700,+0.0,-51.6,-0.6234,NONE,STOPPED
="2026-09-07 10:24:44",79905,357421,280532,76888,1000000,+0.0047,0.1700,-0.0,-51.7,-0.5918,NONE,STOPPED
="2026-09-07 10:24:45",79905,357421,280532,76888,1000000,+0.0047,0.1700,-0.7,-52.3,-0.5623,NONE,STOPPED
="2026-09-07 10:24:46",79901,357421,280532,76888,1000000,+0.0041,0.1700,-3.8,-55.4,-0.5442,NONE,STOPPED
="2026-09-07 10:24:47",79901,357421,280532,76888,1000000,+0.0036,0.1700,-3.8,-49.1,-0.5243,NONE,STOPPED
="2026-09-07 10:24:48",79901,357421,280532,76888,1000000,+0.0034,0.1700,-3.8,-40.7,-0.5067,NONE,STOPPED
="2026-09-07 10:24:49",79901,357421,280532,76888,1000000,+0.0036,0.1700,-3.8,-40.7,-0.4927,NONE,STOPPED
="2026-09-07 10:24:50",79901,357421,280532,76888,1000000,+0.0036,0.1700,-3.1,-40.7,-0.4773,NONE,STOPPED
="2026-09-07 10:24:51",79901,357421,280532,76888,1000000,+0.0036,0.1700,-3.1,-40.7,-0.4773,NONE,STOPPED
="2026-09-07 10:24:52",79901,357421,280532,76888,1000000,+0.0036,0.1700,-3.1,-40.7,-0.4606,NONE,STOPPED
="2026-09-07 10:24:53",79901,357421,280532,76888,1000000,+0.0036,0.1700,-0.0,-35.7,-0.4240,NONE,STOPPED
="2026-09-07 10:24:54",79901,357421,280532,76888,1000000,+0.0038,0.1700,-3.1,-32.8,-0.4073,NONE,STOPPED
="2026-09-07 10:24:55",79901,357421,280532,76888,1000000,+0.0038,0.1700,+0.0,-31.5,-0.3915,NONE,STOPPED
="2026-09-07 10:24:56",79901,357421,280532,76888,1000000,+0.0038,0.1700,+0.0,-31.5,-0.3758,NONE,STOPPED
="2026-09-07 10:24:57",79901,357421,280532,76888,1000000,+0.0023,0.1700,-0.0,-7.3,-0.3595,NONE,STOPPED
="2026-09-07 10:24:58",79901,296177,219288,76888,1000000,+0.0023,0.1700,+0.0,-7.3,-0.3572,NONE,STOPPED
="2026-09-07 10:24:59",79907,316938,219288,97649,1000000,+0.0016,0.1700,+5.5,-12.3,-0.3328,NONE,STOPPED
="2026-09-07 10:25:00",79922,572434,219288,353146,1000000,+0.0016,0.1700,+20.4,+2.7,-0.2452,NONE,STOPPED
="2026-09-07 10:25:01",79922,541897,188751,353146,1000000,+0.0013,0.1700,+20.4,+2.7,-0.2452,NONE,STOPPED
="2026-09-07 10:25:02",79922,503926,150780,353146,1000000,+0.0019,0.1700,+20.4,+2.7,-0.0915,NONE,STOPPED
="2026-09-07 10:25:03",79922,503926,150780,353146,1000000,+0.0019,0.1700,+20.4,+2.7,-0.0246,NONE,STOPPED
="2026-09-07 10:25:04",79917,521119,167973,353146,1000000,-0.0020,0.1700,+9.7,-2.6,+0.0159,NONE,STOPPED
="2026-09-07 10:25:05",79909,521119,167973,353146,1000000,-0.0020,0.1700,-12.7,-10.0,+0.0239,NONE,STOPPED
="2026-09-07 10:25:06",79901,548594,195448,353146,1000000,-0.0020,0.1700,-20.8,-18.1,+0.0001,NONE,STOPPED
="2026-09-07 10:25:07",79901,548594,195448,353146,1000000,-0.0025,0.1700,-20.8,-18.1,+0.0001,NONE,STOPPED
="2026-09-07 10:25:08",79901,515484,162338,353146,1000000,-0.0027,0.1700,-20.8,-18.1,-0.0209,NONE,STOPPED
="2026-09-07 10:25:09",79900,515484,162338,353146,1000000,-0.0027,0.1700,-17.1,-19.7,-0.0613,NONE,STOPPED
="2026-09-07 10:25:10",79900,515484,162338,353146,1000000,-0.0027,0.1700,-9.7,-19.7,-0.0805,NONE,STOPPED
="2026-09-07 10:25:11",79900,515484,162338,353146,1000000,-0.0018,0.1700,-1.6,-19.7,-0.0970,NONE,STOPPED
="2026-09-07 10:25:12",79900,515484,162338,353146,1000000,-0.0018,0.1700,-1.6,-19.7,-0.1111,NONE,STOPPED
="2026-09-07 10:25:13",79901,515484,162338,353146,1000000,-0.0008,0.1700,-0.0,-18.1,-0.1167,NONE,STOPPED
="2026-09-07 10:25:14",79901,515484,162338,353146,1000000,-0.0004,0.1700,+1.6,-18.1,-0.1210,NONE,STOPPED
="2026-09-07 10:25:15",79901,515484,162338,353146,1000000,-0.0004,0.1700,+1.6,-18.1,-0.1238,NONE,STOPPED
="2026-09-07 10:25:16",79901,515484,162338,353146,1000000,+0.0003,0.1700,+1.6,-18.1,-0.1253,NONE,STOPPED
="2026-09-07 10:25:17",79901,515484,162338,353146,1000000,+0.0040,0.1700,+1.6,-18.1,-0.1253,NONE,STOPPED
="2026-09-07 10:25:18",79901,488681,162338,326342,1000000,+0.0040,0.1700,-0.0,-27.1,-0.1197,NONE,STOPPED
="2026-09-07 10:25:19",79901,488681,162338,326342,1000000,+0.0040,0.1700,-0.0,-27.1,-0.1128,NONE,STOPPED
="2026-09-07 10:25:20",79886,550352,224010,326342,1000000,+0.0045,0.1700,-15.1,-33.4,-0.1640,NONE,STOPPED
="2026-09-07 10:25:21",79882,618039,166445,451593,1000000,+0.0045,0.1700,-18.8,-22.9,-0.2282,NONE,STOPPED
="2026-09-07 10:25:22",79882,616262,151747,464514,1000000,+0.0042,0.1700,-18.8,-23.0,-0.2934,NONE,STOPPED
="2026-09-07 10:25:23",79890,616262,151747,464514,1000000,+0.0042,0.1700,-10.9,-15.1,-0.3206,NONE,STOPPED
="2026-09-07 10:25:24",79890,616262,151747,464514,1000000,+0.0042,0.1700,-10.9,-15.1,-0.3441,NONE,STOPPED
="2026-09-07 10:25:25",79874,817861,353346,464514,1000000,+0.0046,0.1700,-11.6,-30.8,-0.4258,NONE,STOPPED
="2026-09-07 10:25:26",79874,817861,353346,464514,1000000,+0.0046,0.1700,-11.6,-30.8,-0.4258,NONE,STOPPED
="2026-09-07 10:25:27",79874,817861,353346,464514,1000000,+0.0120,0.1700,-7.9,-30.9,-0.4980,NONE,STOPPED
="2026-09-07 10:25:28",79874,817861,353346,464514,1000000,+0.0120,0.1700,-15.8,-30.9,-0.6172,NONE,STOPPED
="2026-09-07 10:25:29",79874,855109,390594,464514,1000000,+0.0120,0.1700,-15.8,-30.9,-0.6654,NONE,STOPPED
="2026-09-07 10:25:30",79874,855109,390594,464514,1000000,+0.0077,0.1700,+0.0,-30.9,-0.7066,NONE,STOPPED
="2026-09-07 10:25:31",79874,855109,390594,464514,1000000,+0.0091,0.1700,-15.8,-30.9,-0.7416,NONE,STOPPED
="2026-09-07 10:25:32",79870,870312,405798,464514,1000000,+0.0147,0.1700,-4.2,-35.1,-0.7872,NONE,STOPPED
="2026-09-07 10:25:33",79870,870312,405798,464514,1000000,+0.0147,0.1700,-4.2,-35.1,-0.8257,NONE,STOPPED
="2026-09-07 10:25:34",79870,870312,405798,464514,1000000,+0.0147,0.1700,-4.2,-35.1,-0.8577,NONE,STOPPED
="2026-09-07 10:25:35",79870,854331,389816,464514,1000000,+0.0144,0.1700,-4.2,-35.1,-0.8577,NONE,STOPPED
="2026-09-07 10:25:36",79866,934425,469910,464514,1000000,+0.0139,0.1700,-8.5,-39.3,-0.9079,NONE,STOPPED
="2026-09-07 10:25:37",79866,934425,469910,464514,1000000,+0.0139,0.1700,-4.2,-39.3,-0.9507,NONE,STOPPED
="2026-09-07 10:25:38",79866,945760,469910,475849,1000000,+0.0168,0.1700,-4.2,-39.3,-0.9746,NONE,STOPPED
="2026-09-07 10:25:39",79866,945760,469910,475849,1000000,+0.0168,0.1700,-4.2,-39.3,-0.9927,NONE,STOPPED
="2026-09-07 10:25:40",79866,945760,469910,475849,1000000,+0.0168,0.1700,-4.2,-39.3,-1.0057,NONE,STOPPED
="2026-09-07 10:25:41",79866,945760,469910,475849,1000000,+0.0165,0.1700,+0.0,-39.3,-1.0138,NONE,STOPPED
="2026-09-07 10:25:42",79866,945760,469910,475849,1000000,+0.0165,0.1700,+0.0,-39.3,-1.0175,NONE,STOPPED
="2026-09-07 10:25:43",79866,942675,466826,475849,1000000,+0.0165,0.1700,+0.0,-39.3,-1.0172,NONE,STOPPED
="2026-09-07 10:25:44",79866,942675,466826,475849,1000000,+0.0160,0.1700,+0.0,-39.3,-1.0172,NONE,STOPPED
="2026-09-07 10:25:45",79866,942675,466826,475849,1000000,+0.0159,0.1700,-0.0,-38.7,-1.0133,NONE,STOPPED
="2026-09-07 10:25:46",79866,942675,466826,475849,1000000,+0.0159,0.1700,+0.0,-35.5,-0.9984,NONE,STOPPED
="2026-09-07 10:25:47",79866,942675,466826,475849,1000000,+0.0164,0.1700,+0.0,-35.5,-0.9876,NONE,STOPPED
="2026-09-07 10:25:48",79866,942675,466826,475849,1000000,+0.0169,0.1700,+0.0,-35.5,-0.9743,NONE,STOPPED
="2026-09-07 10:25:49",79866,942675,466826,475849,1000000,+0.0167,0.1700,-0.0,-35.5,-0.9587,NONE,STOPPED
="2026-09-07 10:25:50",79866,942675,466826,475849,1000000,+0.0167,0.1700,+0.0,-35.5,-0.9411,NONE,STOPPED
="2026-09-07 10:25:51",79866,942675,466826,475849,1000000,+0.0164,0.1700,+0.0,-35.5,-0.9217,NONE,STOPPED
="2026-09-07 10:25:52",79866,942675,466826,475849,1000000,+0.0164,0.1700,-0.0,-35.5,-0.9006,NONE,STOPPED
="2026-09-07 10:25:53",79866,942675,466826,475849,1000000,+0.0164,0.1700,-0.0,-35.5,-0.8782,NONE,STOPPED
="2026-09-07 10:25:54",79866,942675,466826,475849,1000000,+0.0172,0.1700,+0.0,-35.5,-0.8544,NONE,STOPPED
="2026-09-07 10:25:55",79866,942675,466826,475849,1000000,+0.0172,0.1700,+0.0,-35.5,-0.8544,NONE,STOPPED
="2026-09-07 10:25:56",79866,942675,466826,475849,1000000,+0.0172,0.1700,-0.0,-35.5,-0.8038,NONE,STOPPED
="2026-09-07 10:25:57",79866,942675,466826,475849,1000000,+0.0176,0.1700,+0.0,-35.5,-0.7771,NONE,STOPPED
="2026-09-07 10:25:58",79866,942675,466826,475849,1000000,+0.0176,0.1700,-0.0,-41.0,-0.7498,NONE,STOPPED
="2026-09-07 10:25:59",79866,921915,466826,455088,1000000,+0.0183,0.1700,+0.0,-56.0,-0.7186,NONE,STOPPED
="2026-09-07 10:26:00",79866,641263,491756,149507,1000000,+0.0183,0.1700,+0.0,-56.0,-0.6777,NONE,STOPPED
="2026-09-07 10:26:01",79866,641263,491756,149507,1000000,+0.0180,0.1700,-0.2,-56.2,-0.6377,NONE,STOPPED
="2026-09-07 10:26:02",79866,641263,491756,149507,1000000,+0.0174,0.1700,-0.2,-56.2,-0.6377,NONE,STOPPED
="2026-09-07 10:26:03",79866,641263,491756,149507,1000000,+0.0187,0.1700,-0.2,-56.2,-0.5976,NONE,STOPPED
="2026-09-07 10:26:04",79866,624071,474564,149507,1000000,+0.0187,0.1700,-0.2,-43.5,-0.5209,NONE,STOPPED
="2026-09-07 10:26:05",79866,624071,474564,149507,1000000,+0.0187,0.1700,-0.2,-35.4,-0.4888,NONE,STOPPED
="2026-09-07 10:26:06",79866,596596,447088,149507,1000000,+0.0187,0.1700,-0.0,-35.4,-0.4616,NONE,STOPPED
="2026-09-07 10:26:07",79866,596596,447088,149507,1000000,+0.0192,0.1700,-0.0,-35.4,-0.4345,NONE,STOPPED
="2026-09-07 10:26:08",79866,596596,447088,149507,1000000,+0.0195,0.1700,+0.0,-33.8,-0.4074,NONE,STOPPED
="2026-09-07 10:26:09",79865,644157,494650,149507,1000000,+0.0195,0.1700,-0.6,-34.4,-0.3837,NONE,STOPPED
="2026-09-07 10:26:10",79857,644157,494650,149507,1000000,+0.0195,0.1700,-8.9,-42.6,-0.3920,NONE,STOPPED
="2026-09-07 10:26:11",79857,644157,494650,149507,1000000,+0.0186,0.1700,-8.9,-42.6,-0.3920,NONE,STOPPED
="2026-09-07 10:26:12",79857,644157,494650,149507,1000000,+0.0186,0.1700,-8.9,-42.6,-0.3971,NONE,STOPPED
="2026-09-07 10:26:13",79857,644157,494650,149507,1000000,+0.0122,0.1700,-8.9,-44.2,-0.3975,NONE,STOPPED
="2026-09-07 10:26:14",79857,644157,494650,149507,1000000,+0.0118,0.1700,-8.3,-44.2,-0.3934,NONE,STOPPED
="2026-09-07 10:26:15",79857,644157,494650,149507,1000000,+0.0118,0.1700,+0.0,-44.2,-0.3870,NONE,STOPPED
="2026-09-07 10:26:16",79857,644157,494650,149507,1000000,+0.0119,0.1700,+0.0,-44.2,-0.3786,NONE,STOPPED
="2026-09-07 10:26:17",79857,644157,494650,149507,1000000,+0.0082,0.1700,+0.0,-44.2,-0.3683,NONE,STOPPED
="2026-09-07 10:26:18",79857,644157,494650,149507,1000000,+0.0082,0.1700,+0.0,-44.2,-0.3564,NONE,STOPPED
="2026-09-07 10:26:19",79857,644157,494650,149507,1000000,+0.0066,0.1700,+0.0,-29.1,-0.3430,NONE,STOPPED
="2026-09-07 10:26:20",79857,592918,432978,159939,1000000,+0.0061,0.1700,-0.0,-25.4,-0.3375,NONE,STOPPED
="2026-09-07 10:26:21",79857,467667,432978,34688,1000000,+0.0061,0.1700,-0.0,-25.4,-0.3375,NONE,STOPPED
="2026-09-07 10:26:22",79857,454746,432978,21767,1000000,+0.0057,0.1700,+0.0,-33.3,-0.3268,NONE,STOPPED
="2026-09-07 10:26:23",79857,454746,432978,21767,1000000,+0.0057,0.1700,-0.0,-33.3,-0.3149,NONE,STOPPED
="2026-09-07 10:26:24",79857,454746,432978,21767,1000000,+0.0054,0.1700,+0.0,-17.5,-0.3019,NONE,STOPPED
="2026-09-07 10:26:25",79857,253147,231380,21767,1000000,+0.0054,0.1700,+0.0,-17.5,-0.2977,NONE,STOPPED
="2026-09-07 10:26:26",79864,299621,231380,68241,1000000,-0.0020,0.1700,+6.8,-10.8,-0.2663,NONE,STOPPED
="2026-09-07 10:26:27",79864,299621,231380,68241,1000000,-0.0020,0.1700,+6.8,-10.8,-0.2367,NONE,STOPPED
="2026-09-07 10:26:28",79864,299621,231380,68241,1000000,-0.0020,0.1700,+6.8,-10.8,-0.2088,NONE,STOPPED
="2026-09-07 10:26:29",79864,262372,194131,68241,1000000,-0.0020,0.1700,+6.8,-10.8,-0.1824,NONE,STOPPED
="2026-09-07 10:26:30",79864,262372,194131,68241,1000000,+0.0022,0.1700,+6.8,-10.8,-0.1824,NONE,STOPPED
="2026-09-07 10:26:31",79864,262372,194131,68241,1000000,+0.0022,0.1700,+6.8,-10.8,-0.1576,NONE,STOPPED
="2026-09-07 10:26:32",79864,247169,178928,68241,1000000,-0.0039,0.1700,+0.0,-6.5,-0.1147,NONE,STOPPED
="2026-09-07 10:26:33",79864,247169,178928,68241,1000000,-0.0039,0.1700,+6.8,-6.5,-0.0965,NONE,STOPPED
="2026-09-07 10:26:34",79864,247169,178928,68241,1000000,-0.0043,0.1700,+0.0,-6.5,-0.0793,NONE,STOPPED
="2026-09-07 10:26:35",79864,247169,178928,68241,1000000,-0.0043,0.1700,-0.0,-2.3,-0.0633,NONE,STOPPED
="2026-09-07 10:26:36",79864,167075,98834,68241,1000000,-0.0038,0.1700,+0.0,-2.3,-0.0509,NONE,STOPPED
="2026-09-07 10:26:37",79864,167075,98834,68241,1000000,-0.0038,0.1700,-0.0,-2.3,-0.0394,NONE,STOPPED
="2026-09-07 10:26:38",79866,155740,98834,56906,1000000,-0.0038,0.1700,+2.3,+0.0,-0.0197,NONE,STOPPED
="2026-09-07 10:26:39",79866,155740,98834,56906,1000000,-0.0067,0.1700,+2.3,+0.0,-0.0197,NONE,STOPPED
="2026-09-07 10:26:40",79866,155740,98834,56906,1000000,-0.0067,0.1700,+2.3,+0.0,-0.0018,NONE,STOPPED
="2026-09-07 10:26:41",79866,155740,98834,56906,1000000,-0.0065,0.1700,+2.3,-0.0,+0.0295,NONE,STOPPED
="2026-09-07 10:26:42",79866,155740,98834,56906,1000000,-0.0065,0.1700,+2.3,+0.0,+0.0431,NONE,STOPPED
="2026-09-07 10:26:43",79866,129398,72492,56906,1000000,-0.0065,0.1700,-0.0,+0.0,+0.0553,NONE,STOPPED
="2026-09-07 10:26:44",79866,129398,72492,56906,1000000,-0.0063,0.1700,+0.0,+0.0,+0.0664,NONE,STOPPED
="2026-09-07 10:26:45",79866,129398,72492,56906,1000000,-0.0063,0.1700,+0.0,+0.0,+0.0763,NONE,STOPPED
="2026-09-07 10:26:46",79866,129398,72492,56906,1000000,-0.0063,0.1700,+0.0,+0.0,+0.0852,NONE,STOPPED
="2026-09-07 10:26:47",79866,129398,72492,56906,1000000,-0.0063,0.1700,-0.0,-0.0,+0.0932,NONE,STOPPED
="2026-09-07 10:26:48",79866,129398,72492,56906,1000000,-0.0067,0.1700,-0.0,-0.0,+0.0932,NONE,STOPPED
="2026-09-07 10:26:49",79866,129398,72492,56906,1000000,-0.0067,0.1700,-0.0,+0.0,+0.1002,NONE,STOPPED
="2026-09-07 10:26:50",79866,129398,72492,56906,1000000,-0.0069,0.1700,+0.0,+0.0,+0.1119,NONE,STOPPED
="2026-09-07 10:26:51",79866,129398,72492,56906,1000000,-0.0066,0.1700,-0.0,+0.0,+0.1166,NONE,STOPPED
="2026-09-07 10:26:52",79866,129398,72492,56906,1000000,-0.0066,0.1700,+0.0,+0.0,+0.1207,NONE,STOPPED
="2026-09-07 10:26:53",79866,129398,72492,56906,1000000,-0.0068,0.1700,-0.0,-0.0,+0.1242,NONE,STOPPED
="2026-09-07 10:26:54",79856,150792,93886,56906,1000000,-0.0075,0.1700,-10.3,-10.3,+0.0871,NONE,STOPPED
="2026-09-07 10:26:55",79856,150792,93886,56906,1000000,-0.0075,0.1700,-10.3,-10.3,+0.0536,NONE,STOPPED
="2026-09-07 10:26:56",79856,150792,93886,56906,1000000,-0.0069,0.1700,-10.3,-10.3,+0.0233,NONE,STOPPED
="2026-09-07 10:26:57",79858,193803,93886,99916,1000000,-0.0072,0.1700,-8.0,-8.0,+0.0048,NONE,STOPPED
="2026-09-07 10:26:58",79858,193803,93886,99916,1000000,-0.0072,0.1700,-8.0,-8.0,+0.0048,NONE,STOPPED
="2026-09-07 10:26:59",79858,193803,93886,99916,1000000,-0.0105,0.1700,-8.0,-8.0,-0.0098,NONE,STOPPED
="2026-09-07 10:27:00",79858,193803,93886,99916,1000000,-0.0105,0.1700,+2.2,-8.0,-0.0409,NONE,STOPPED
="2026-09-07 10:27:01",79858,168872,68956,99916,1000000,-0.0101,0.1700,+2.2,-7.8,-0.0512,NONE,STOPPED
="2026-09-07 10:27:02",79858,287647,127728,159919,1000000,-0.0102,0.1700,-0.0,-7.8,-0.0614,NONE,STOPPED
="2026-09-07 10:27:03",79858,287647,127728,159919,1000000,-0.0115,0.1700,+0.0,-7.8,-0.0702,NONE,STOPPED
="2026-09-07 10:27:04",79862,287647,127728,159919,1000000,-0.0115,0.1700,+3.8,-4.0,-0.0629,NONE,STOPPED
="2026-09-07 10:27:05",79866,328415,127728,200686,1000000,-0.0093,0.1700,+8.0,+0.2,-0.0396,NONE,STOPPED
="2026-09-07 10:27:06",79866,328415,127728,200686,1000000,-0.0093,0.1700,+8.0,+0.2,-0.0396,NONE,STOPPED
="2026-09-07 10:27:07",79866,328415,127728,200686,1000000,-0.0098,0.1700,+8.0,+0.2,+0.0013,NONE,STOPPED
="2026-09-07 10:27:08",79866,328415,127728,200686,1000000,-0.0031,0.1700,+8.0,+0.8,+0.0191,NONE,STOPPED
="2026-09-07 10:27:09",79866,303300,102614,200686,1000000,-0.0031,0.1700,+4.2,+9.1,+0.0349,NONE,STOPPED
="2026-09-07 10:27:10",79866,337907,137220,200686,1000000,-0.0031,0.1700,+4.2,+9.1,+0.0441,NONE,STOPPED
="2026-09-07 10:27:11",79866,337907,137220,200686,1000000,-0.0031,0.1700,-0.0,+9.1,+0.0521,NONE,STOPPED
="2026-09-07 10:27:12",79866,337907,137220,200686,1000000,+0.0033,0.1700,+0.0,+9.1,+0.0589,NONE,STOPPED
="2026-09-07 10:27:13",79866,337907,137220,200686,1000000,+0.0033,0.1700,-0.0,+9.1,+0.0646,NONE,STOPPED
="2026-09-07 10:27:14",79866,337907,137220,200686,1000000,+0.0022,0.1700,-0.0,+9.1,+0.0693,NONE,STOPPED
="2026-09-07 10:27:15",79866,337907,137220,200686,1000000,+0.0022,0.1700,-0.0,+9.1,+0.0693,NONE,STOPPED
="2026-09-07 10:27:16",79866,354646,153959,200686,1000000,+0.0021,0.1700,-0.0,+9.1,+0.0760,NONE,STOPPED
="2026-09-07 10:27:17",79862,379933,179247,200686,1000000,+0.0024,0.1700,-4.2,+4.9,+0.0618,NONE,STOPPED
="2026-09-07 10:27:18",79862,1094602,179247,915354,1000000,+0.0024,0.1700,-4.2,+4.9,+0.0487,NONE,STOPPED
="2026-09-07 10:27:19",79862,1094602,179247,915354,1000000,+0.0041,0.1700,-4.2,+4.9,+0.0364,NONE,STOPPED
="2026-09-07 10:27:20",79862,1084169,179247,904922,1000000,+0.0040,0.1700,-4.2,+4.9,+0.0248,NONE,STOPPED
="2026-09-07 10:27:21",79862,1084169,179247,904922,1000000,+0.0040,0.1700,-4.2,+4.9,+0.0140,NONE,STOPPED
="2026-09-07 10:27:22",79862,1084169,179247,904922,1000000,+0.0045,0.1700,-4.2,+4.9,+0.0040,NONE,STOPPED
="2026-09-07 10:27:23",79862,1084169,179247,904922,1000000,+0.0045,0.1700,+0.0,+4.9,-0.0053,NONE,STOPPED
="2026-09-07 10:27:24",79862,1084169,179247,904922,1000000,+0.0083,0.1700,+0.0,+4.9,-0.0053,NONE,STOPPED
="2026-09-07 10:27:25",79862,1084169,179247,904922,1000000,+0.0083,0.1700,-0.0,-1.9,-0.0222,NONE,STOPPED
="2026-09-07 10:27:26",79862,1037695,179247,858448,1000000,+0.0087,0.1700,+0.0,-1.9,-0.0256,NONE,STOPPED
="2026-09-07 10:27:27",79866,1037695,179247,858448,1000000,+0.0087,0.1700,+4.2,+2.3,-0.0124,NONE,STOPPED
="2026-09-07 10:27:28",79866,1037695,179247,858448,1000000,+0.0087,0.1700,+4.2,+2.3,-0.0004,NONE,STOPPED
="2026-09-07 10:27:29",79866,1037695,179247,858448,1000000,+0.0087,0.1700,+4.2,+2.3,+0.0105,NONE,STOPPED
="2026-09-07 10:27:30",79866,1037695,179247,858448,1000000,+0.0104,0.1700,+4.2,+2.3,+0.0202,NONE,STOPPED
="2026-09-07 10:27:31",79866,1037695,179247,858448,1000000,+0.0109,0.1700,+4.2,+2.3,+0.0290,NONE,STOPPED
="2026-09-07 10:27:32",79873,1149761,179247,970514,1000000,+0.0109,0.1700,+7.2,+9.5,+0.0651,NONE,STOPPED
="2026-09-07 10:27:33",79873,1161802,191287,970514,1000000,+0.0109,0.1700,+7.2,+9.5,+0.0651,NONE,STOPPED
="2026-09-07 10:27:34",79879,1161802,191287,970514,1000000,+0.0113,0.1700,+13.3,+15.5,+0.1208,NONE,STOPPED
="2026-09-07 10:27:35",79879,1161802,191287,970514,1000000,+0.0113,0.1700,+13.3,+15.6,+0.2153,NONE,STOPPED
="2026-09-07 10:27:36",79879,1161802,191287,970514,1000000,+0.0113,0.1700,+13.2,+15.6,+0.2548,NONE,STOPPED
="2026-09-07 10:27:37",79879,1161802,191287,970514,1000000,+0.0113,0.1700,+6.0,+13.3,+0.2897,NONE,STOPPED
="2026-09-07 10:27:38",79892,1188161,191287,996874,1000000,+0.0113,0.1700,+13.0,+26.2,+0.3722,NONE,STOPPED
="2026-09-07 10:27:39",79892,1188161,191287,996874,1000000,+0.0132,0.1700,+13.0,+26.2,+0.4456,NONE,STOPPED
="2026-09-07 10:27:40",79892,1188161,191287,996874,1000000,+0.0130,0.1700,+13.0,+26.2,+0.5105,NONE,STOPPED
="2026-09-07 10:27:41",79892,1188161,191287,996874,1000000,+0.0130,0.1700,+13.0,+26.2,+0.5676,NONE,STOPPED
="2026-09-07 10:27:42",79892,1188161,191287,996874,1000000,+0.0161,0.1700,+13.0,+26.2,+0.6174,NONE,STOPPED
="2026-09-07 10:27:43",79892,1188161,191287,996874,1000000,+0.0161,0.1700,+13.0,+26.2,+0.6174,NONE,STOPPED
="2026-09-07 10:27:44",79892,1188161,191287,996874,1000000,+0.0159,0.1700,+0.0,+26.2,+0.6973,NONE,STOPPED
="2026-09-07 10:27:45",79892,1188161,191287,996874,1000000,+0.0171,0.1700,-0.0,+26.2,+0.7284,NONE,STOPPED
="2026-09-07 10:27:46",79892,1188161,191287,996874,1000000,+0.0171,0.1700,+0.0,+26.2,+0.7542,NONE,STOPPED
="2026-09-07 10:27:47",79892,1188161,191287,996874,1000000,+0.0171,0.1700,-0.0,+26.2,+0.7751,NONE,STOPPED
="2026-09-07 10:27:48",79892,1188161,191287,996874,1000000,+0.0171,0.1700,-0.0,+26.2,+0.7914,NONE,STOPPED
="2026-09-07 10:27:49",79892,1188161,191287,996874,1000000,+0.0173,0.1700,+0.0,+26.2,+0.8037,NONE,STOPPED
="2026-09-07 10:27:50",79892,1188161,191287,996874,1000000,+0.0173,0.1700,-0.0,+26.2,+0.8121,NONE,STOPPED
="2026-09-07 10:27:51",79892,1188161,191287,996874,1000000,+0.0172,0.1700,+0.0,+26.2,+0.8171,NONE,STOPPED
="2026-09-07 10:27:52",79892,1188161,191287,996874,1000000,+0.0172,0.1700,+0.0,+26.2,+0.8171,NONE,STOPPED
="2026-09-07 10:27:53",79892,1188161,191287,996874,1000000,+0.0173,0.1700,-0.0,+26.2,+0.8189,NONE,STOPPED
="2026-09-07 10:27:54",79892,1210463,213588,996874,1000000,+0.0214,0.1700,-0.0,+36.5,+0.8078,NONE,STOPPED
="2026-09-07 10:27:55",79892,1210463,213588,996874,1000000,+0.0214,0.1700,-0.0,+36.5,+0.7955,NONE,STOPPED
="2026-09-07 10:27:56",79892,1210463,213588,996874,1000000,+0.0207,0.1700,-0.0,+34.3,+0.7812,NONE,STOPPED
="2026-09-07 10:27:57",79892,1167452,213588,953863,1000000,+0.0207,0.1700,-0.0,+34.3,+0.7665,NONE,STOPPED
="2026-09-07 10:27:58",79892,1167452,213588,953863,1000000,+0.0207,0.1700,+0.0,+34.3,+0.7500,NONE,STOPPED
="2026-09-07 10:27:59",79892,1167452,213588,953863,1000000,+0.0239,0.1700,-0.0,+34.3,+0.7321,NONE,STOPPED
="2026-09-07 10:28:00",79892,1167452,213588,953863,1000000,+0.0241,0.1700,+0.0,+34.3,+0.7129,NONE,STOPPED
="2026-09-07 10:28:01",79892,1167452,213588,953863,1000000,+0.0241,0.1700,+0.0,+34.3,+0.6925,NONE,STOPPED
="2026-09-07 10:28:02",79892,1048677,154816,893861,1000000,+0.0241,0.1700,+0.0,+34.3,+0.6711,NONE,STOPPED
="2026-09-07 10:28:03",79892,1085066,191205,893861,1000000,+0.0243,0.1700,-0.0,+30.4,+0.6488,NONE,STOPPED
="2026-09-07 10:28:04",79892,1085066,191205,893861,1000000,+0.0243,0.1700,+0.0,+26.2,+0.6281,NONE,STOPPED
="2026-09-07 10:28:05",79892,1044299,191205,853094,1000000,+0.0221,0.1700,+0.0,+26.2,+0.6093,NONE,STOPPED
="2026-09-07 10:28:06",79892,1044299,191205,853094,1000000,+0.0221,0.1700,-0.0,+26.2,+0.5897,NONE,STOPPED
="2026-09-07 10:28:07",79892,1044299,191205,853094,1000000,+0.0221,0.1700,-0.0,+26.2,+0.5696,NONE,STOPPED
="2026-09-07 10:28:08",79892,1044299,191205,853094,1000000,+0.0155,0.1700,+0.0,+26.2,+0.5491,NONE,STOPPED
="2026-09-07 10:28:09",79892,1021851,168757,853094,1000000,+0.0155,0.1700,+0.0,+26.2,+0.5491,NONE,STOPPED
="2026-09-07 10:28:10",79892,987244,134150,853094,1000000,+0.0159,0.1700,+0.0,+26.2,+0.5282,NONE,STOPPED
="2026-09-07 10:28:11",79892,987244,134150,853094,1000000,+0.0159,0.1700,-0.0,+26.2,+0.4855,NONE,STOPPED
="2026-09-07 10:28:12",79892,987244,134150,853094,1000000,+0.0159,0.1700,-0.0,+26.2,+0.4638,NONE,STOPPED
="2026-09-07 10:28:13",79892,987244,134150,853094,1000000,+0.0159,0.1700,-0.0,+26.2,+0.4421,NONE,STOPPED
="2026-09-07 10:28:14",79892,987244,134150,853094,1000000,+0.0170,0.1700,+0.0,+26.2,+0.4203,NONE,STOPPED
="2026-09-07 10:28:15",79892,987244,134150,853094,1000000,+0.0167,0.1700,-0.0,+26.2,+0.3985,NONE,STOPPED
="2026-09-07 10:28:16",79892,970506,117412,853094,1000000,+0.0167,0.1700,+0.0,+30.4,+0.3767,NONE,STOPPED
="2026-09-07 10:28:17",79892,989617,136523,853094,1000000,+0.0163,0.1700,+0.0,+30.4,+0.3525,NONE,STOPPED
="2026-09-07 10:28:18",79887,346181,207755,138425,1000000,+0.0168,0.1700,-4.9,+25.6,+0.3095,NONE,STOPPED
="2026-09-07 10:28:19",79887,362651,224225,138425,1000000,+0.0168,0.1700,-4.9,+25.6,+0.3095,NONE,STOPPED
="2026-09-07 10:28:20",79880,362651,224225,138425,1000000,+0.0169,0.1700,-12.2,+18.2,+0.1821,NONE,STOPPED
="2026-09-07 10:28:21",79880,377451,239025,138425,1000000,+0.0169,0.1700,-12.7,+17.8,+0.1196,NONE,STOPPED
="2026-09-07 10:28:22",79880,377451,239025,138425,1000000,+0.0175,0.1700,-12.7,+17.8,+0.0617,NONE,STOPPED
="2026-09-07 10:28:23",79880,377451,239025,138425,1000000,+0.0175,0.1700,-7.4,+18.2,+0.0097,NONE,STOPPED
="2026-09-07 10:28:24",79890,413283,239025,174257,1000000,+0.0139,0.1700,+8.1,+28.2,+0.0006,NONE,STOPPED
="2026-09-07 10:28:25",79890,413283,239025,174257,1000000,+0.0139,0.1700,+10.0,+28.2,-0.0089,NONE,STOPPED
="2026-09-07 10:28:26",79890,413283,239025,174257,1000000,+0.0135,0.1700,+10.5,+24.0,-0.0186,NONE,STOPPED
="2026-09-07 10:28:27",79890,413283,239025,174257,1000000,+0.0135,0.1700,+10.5,+24.0,-0.0261,NONE,STOPPED
="2026-09-07 10:28:28",79890,413283,239025,174257,1000000,+0.0135,0.1700,+10.5,+24.0,-0.0261,NONE,STOPPED
="2026-09-07 10:28:29",79890,413283,239025,174257,1000000,+0.0135,0.1700,+10.1,+24.0,-0.0339,NONE,STOPPED
="2026-09-07 10:28:30",79890,413283,239025,174257,1000000,+0.0118,0.1700,-0.0,+24.0,-0.0501,NONE,STOPPED
="2026-09-07 10:28:31",79890,413283,239025,174257,1000000,+0.0109,0.1700,-0.0,+16.8,-0.0584,NONE,STOPPED
="2026-09-07 10:28:32",79890,301216,239025,62190,1000000,+0.0109,0.1700,-0.0,+10.8,-0.0625,NONE,STOPPED
="2026-09-07 10:28:33",79890,289176,226985,62190,1000000,+0.0109,0.1700,-0.0,+10.8,-0.0632,NONE,STOPPED
="2026-09-07 10:28:34",79890,289176,226985,62190,1000000,+0.0121,0.1700,+0.0,+10.8,-0.0640,NONE,STOPPED
="2026-09-07 10:28:35",79890,289176,226985,62190,1000000,+0.0121,0.1700,-0.0,+10.8,-0.0651,NONE,STOPPED
="2026-09-07 10:28:36",79890,289176,226985,62190,1000000,+0.0121,0.1700,+0.0,+10.8,-0.0664,NONE,STOPPED
="2026-09-07 10:28:37",79890,289176,226985,62190,1000000,+0.0130,0.1700,+0.0,+10.8,-0.0664,NONE,STOPPED
="2026-09-07 10:28:38",79890,262816,226985,35831,1000000,+0.0130,0.1700,-0.0,-2.2,-0.0680,NONE,STOPPED
="2026-09-07 10:28:39",79931,570318,226985,343333,1000000,+0.0110,0.1700,+41.1,+38.9,+0.1039,NONE,STOPPED
="2026-09-07 10:28:40",79931,581308,237975,343333,1000000,+0.0110,0.1700,+41.1,+38.8,+0.2531,NONE,STOPPED
="2026-09-07 10:28:41",79931,581308,237975,343333,1000000,+0.0110,0.1700,+41.1,+38.9,+0.3871,NONE,STOPPED
="2026-09-07 10:28:42",79931,581308,237975,343333,1000000,+0.0079,0.1700,+41.1,+38.8,+0.5068,NONE,STOPPED
="2026-09-07 10:28:43",79931,581308,237975,343333,1000000,+0.0082,0.1700,+41.1,+38.9,+0.6134,NONE,STOPPED
="2026-09-07 10:28:44",79931,581308,237975,343333,1000000,+0.0082,0.1700,-0.0,+38.8,+0.7077,NONE,STOPPED
="2026-09-07 10:28:45",79931,581308,237975,343333,1000000,+0.0070,0.1700,-0.0,+38.8,+0.7906,NONE,STOPPED
="2026-09-07 10:28:46",79931,581308,237975,343333,1000000,+0.0070,0.1700,-0.0,+38.8,+0.7906,NONE,STOPPED
="2026-09-07 10:28:47",79931,581308,237975,343333,1000000,-0.0204,0.1700,-0.0,+38.8,+0.8630,NONE,STOPPED
="2026-09-07 10:28:48",79931,581308,237975,343333,1000000,-0.0204,0.1700,-0.0,+38.8,+0.9792,NONE,STOPPED
="2026-09-07 10:28:49",79931,581308,237975,343333,1000000,-0.0204,0.1700,-0.0,+38.8,+1.0246,NONE,STOPPED
="2026-09-07 10:28:50",79931,581308,237975,343333,1000000,-0.0204,0.1700,+0.0,+38.9,+1.0622,NONE,STOPPED
="2026-09-07 10:28:51",79931,581308,237975,343333,1000000,-0.0203,0.1700,+0.0,+38.9,+1.0928,NONE,STOPPED
="2026-09-07 10:28:52",79931,581308,237975,343333,1000000,-0.0203,0.1700,+0.0,+38.9,+1.1169,NONE,STOPPED
="2026-09-07 10:28:53",79931,581308,237975,343333,1000000,-0.0206,0.1700,-0.0,+38.8,+1.1349,NONE,STOPPED
="2026-09-07 10:28:54",79935,556755,194279,362476,1000000,-0.0247,0.1700,+3.9,+42.7,+1.1625,NONE,STOPPED
="2026-09-07 10:28:55",79935,556755,194279,362476,1000000,-0.0247,0.1700,+3.9,+42.7,+1.1625,NONE,STOPPED
="2026-09-07 10:28:56",79935,556755,194279,362476,1000000,-0.0252,0.1700,+3.8,+42.7,+1.1835,NONE,STOPPED
="2026-09-07 10:28:57",79935,556755,194279,362476,1000000,-0.0252,0.1700,+3.8,+42.7,+1.2080,NONE,STOPPED
="2026-09-07 10:28:58",79935,556755,194279,362476,1000000,-0.0252,0.1700,+3.9,+42.7,+1.2124,NONE,STOPPED
="2026-09-07 10:28:59",79935,556755,194279,362476,1000000,-0.0314,0.1700,-0.0,+42.7,+1.2121,NONE,STOPPED
="2026-09-07 10:29:00",79935,556755,194279,362476,1000000,-0.0316,0.1700,-0.0,+42.7,+1.2076,NONE,STOPPED
="2026-09-07 10:29:01",79935,556755,194279,362476,1000000,-0.0316,0.1700,+0.0,+42.7,+1.1995,NONE,STOPPED
="2026-09-07 10:29:02",79935,556755,194279,362476,1000000,-0.0372,0.1700,-0.0,+42.7,+1.1878,NONE,STOPPED
="2026-09-07 10:29:03",79935,520367,157891,362476,1000000,-0.0373,0.1700,-0.0,+42.7,+1.1878,NONE,STOPPED
="2026-09-07 10:29:04",79935,520367,157891,362476,1000000,-0.0373,0.1700,+0.0,+42.7,+1.1730,NONE,STOPPED
="2026-09-07 10:29:05",79935,520367,157891,362476,1000000,-0.0385,0.1700,-0.0,+42.7,+1.1351,NONE,STOPPED
="2026-09-07 10:29:06",79935,520367,157891,362476,1000000,-0.0385,0.1700,-0.0,+42.7,+1.1126,NONE,STOPPED
="2026-09-07 10:29:07",79935,520367,157891,362476,1000000,-0.0385,0.1700,-0.0,+42.7,+1.0881,NONE,STOPPED
="2026-09-07 10:29:08",79938,534865,157891,376974,1000000,-0.0401,0.1700,+3.1,+45.9,+1.0740,NONE,STOPPED
="2026-09-07 10:29:09",79938,534865,157891,376974,1000000,-0.0405,0.1700,+3.1,+45.8,+1.0570,NONE,STOPPED
="2026-09-07 10:29:10",79938,534865,157891,376974,1000000,-0.0405,0.1700,+3.2,+45.9,+1.0376,NONE,STOPPED
="2026-09-07 10:29:11",79938,534865,157891,376974,1000000,-0.0393,0.1700,+3.2,+45.9,+1.0159,NONE,STOPPED
="2026-09-07 10:29:12",79938,534865,157891,376974,1000000,-0.0393,0.1700,+3.2,+45.9,+0.9921,NONE,STOPPED
="2026-09-07 10:29:13",79938,534865,157891,376974,1000000,-0.0393,0.1700,+3.2,+45.9,+0.9921,NONE,STOPPED
="2026-09-07 10:29:14",79938,534865,157891,376974,1000000,-0.0399,0.1700,-0.0,+45.8,+0.9393,NONE,STOPPED
="2026-09-07 10:29:15",79938,534865,157891,376974,1000000,-0.0396,0.1700,+0.0,+45.9,+0.9108,NONE,STOPPED
="2026-09-07 10:29:16",79938,534865,157891,376974,1000000,-0.0396,0.1700,-0.0,+45.8,+0.8810,NONE,STOPPED
="2026-09-07 10:29:17",79938,490467,113492,376974,1000000,-0.0396,0.1700,-0.0,+50.7,+0.8501,NONE,STOPPED
="2026-09-07 10:29:18",79938,419234,42260,376974,1000000,-0.0401,0.1700,-0.0,+56.1,+0.8154,NONE,STOPPED
="2026-09-07 10:29:19",79938,402764,25790,376974,1000000,-0.0401,0.1700,+0.0,+58.1,+0.7767,NONE,STOPPED
="2026-09-07 10:29:20",79938,402764,25790,376974,1000000,-0.0427,0.1700,-0.0,+58.5,+0.7364,NONE,STOPPED
="2026-09-07 10:29:21",79938,387964,10989,376974,1000000,-0.0427,0.1700,+0.0,+58.5,+0.6955,NONE,STOPPED
="2026-09-07 10:29:22",79938,387964,10989,376974,1000000,-0.0433,0.1700,+0.0,+58.5,+0.6955,NONE,STOPPED
="2026-09-07 10:29:23",79938,387964,10989,376974,1000000,-0.0464,0.1700,+0.0,+58.1,+0.6544,NONE,STOPPED
="2026-09-07 10:29:24",79938,352133,10989,341143,1000000,-0.0464,0.1700,-0.0,+48.0,+0.5785,NONE,STOPPED
="2026-09-07 10:29:25",79938,352133,10989,341143,1000000,-0.0464,0.1700,-0.0,+48.0,+0.5436,NONE,STOPPED
="2026-09-07 10:29:26",79938,352133,10989,341143,1000000,-0.0464,0.1700,+0.0,+48.1,+0.5087,NONE,STOPPED
="2026-09-07 10:29:27",79938,352133,10989,341143,1000000,-0.0471,0.1700,+0.0,+48.1,+0.4738,NONE,STOPPED
="2026-09-07 10:29:28",79938,352133,10989,341143,1000000,-0.0471,0.1700,+0.0,+48.1,+0.4391,NONE,STOPPED
="2026-09-07 10:29:29",79938,352133,10989,341143,1000000,-0.0471,0.1700,-0.0,+48.1,+0.4046,NONE,STOPPED
="2026-09-07 10:29:30",79938,352133,10989,341143,1000000,-0.0471,0.1700,+0.0,+48.1,+0.3703,NONE,STOPPED
="2026-09-07 10:29:31",79938,352133,10989,341143,1000000,-0.0462,0.1700,-0.0,+48.1,+0.3363,NONE,STOPPED
="2026-09-07 10:29:32",79938,352133,10989,341143,1000000,-0.0462,0.1700,-0.0,+48.1,+0.3363,NONE,STOPPED
="2026-09-07 10:29:33",79938,352133,10989,341143,1000000,-0.0462,0.1700,-0.0,+48.0,+0.2814,NONE,STOPPED
="2026-09-07 10:29:34",79938,352133,10989,341143,1000000,-0.0474,0.1700,-0.0,+48.1,+0.2366,NONE,STOPPED
="2026-09-07 10:29:35",79938,352133,10989,341143,1000000,-0.0477,0.1700,+0.0,+48.1,+0.2042,NONE,STOPPED
="2026-09-07 10:29:36",79938,352133,10989,341143,1000000,-0.0477,0.1700,-0.0,+48.1,+0.1723,NONE,STOPPED
="2026-09-07 10:29:37",79938,352133,10989,341143,1000000,-0.0477,0.1700,+0.0,+48.1,+0.1409,NONE,STOPPED
="2026-09-07 10:29:38",79938,352133,10989,341143,1000000,-0.0510,0.1700,-0.0,+7.0,+0.1100,NONE,STOPPED
="2026-09-07 10:29:39",79938,44631,10989,33641,1000000,-0.0510,0.1700,-0.0,+7.0,+0.1045,NONE,STOPPED
="2026-09-07 10:29:40",79938,33641,0,33641,1000000,-0.0510,0.1700,-0.0,+7.0,+0.0991,NONE,STOPPED
="2026-09-07 10:29:41",79938,33641,0,33641,1000000,-0.0510,0.1700,-0.0,+7.0,+0.0991,NONE,STOPPED
="2026-09-07 10:29:42",79938,33641,0,33641,1000000,-0.0510,0.1700,+0.0,+7.0,+0.0937,NONE,STOPPED
="2026-09-07 10:29:43",79938,33641,0,33641,1000000,-0.0513,0.1700,-0.0,+7.0,+0.0828,NONE,STOPPED
="2026-09-07 10:29:44",79938,33641,0,33641,1000000,-0.0513,0.1700,+0.0,+7.0,+0.0774,NONE,STOPPED
="2026-09-07 10:29:45",79938,33641,0,33641,1000000,-0.0519,0.1700,-0.0,+7.0,+0.0720,NONE,STOPPED
="2026-09-07 10:29:46",79938,33641,0,33641,1000000,-0.0519,0.1700,+0.0,+7.0,+0.0667,NONE,STOPPED
="2026-09-07 10:29:47",79938,33641,0,33641,1000000,-0.0244,0.1700,+0.0,+7.0,+0.0615,NONE,STOPPED
="2026-09-07 10:29:48",79938,33641,0,33641,1000000,-0.0237,0.1700,+0.0,+7.0,+0.0562,NONE,STOPPED
="2026-09-07 10:29:49",79938,33641,0,33641,1000000,-0.0237,0.1700,+0.0,+7.0,+0.0511,NONE,STOPPED
="2026-09-07 10:29:50",79938,33641,0,33641,1000000,-0.0237,0.1700,-0.0,+7.0,+0.0460,NONE,STOPPED
="2026-09-07 10:29:51",79938,33641,0,33641,1000000,-0.0237,0.1700,-0.0,+7.0,+0.0460,NONE,STOPPED
="2026-09-07 10:29:52",79929,33641,0,33641,1000000,-0.0234,0.1700,-9.3,-2.3,-0.0326,NONE,STOPPED
="2026-09-07 10:29:53",79929,33641,0,33641,1000000,-0.0234,0.1700,-9.3,-6.1,-0.0666,NONE,STOPPED
="2026-09-07 10:29:54",79923,27323,12824,14498,1000000,-0.0240,0.1700,-15.5,-12.3,-0.1191,NONE,STOPPED
="2026-09-07 10:29:55",79923,27323,12824,14498,1000000,-0.0235,0.1700,-15.5,-12.3,-0.1662,NONE,STOPPED
="2026-09-07 10:29:56",79923,27323,12824,14498,1000000,-0.0235,0.1700,-6.2,-12.3,-0.2083,NONE,STOPPED
="2026-09-07 10:29:57",79918,27323,12824,14498,1000000,-0.0228,0.1700,-10.7,-16.8,-0.2632,NONE,STOPPED
="2026-09-07 10:29:58",79918,27323,12824,14498,1000000,-0.0228,0.1700,-10.7,-16.8,-0.3120,NONE,STOPPED
="2026-09-07 10:29:59",79918,27323,12824,14498,1000000,-0.0166,0.1700,-4.5,-16.8,-0.3552,NONE,STOPPED
="2026-09-07 10:30:00",79918,27323,12824,14498,1000000,-0.0166,0.1700,-4.5,-16.8,-0.3552,NONE,STOPPED
="2026-09-07 10:30:01",79918,27323,12824,14498,1000000,-0.0166,0.1700,-4.5,-16.8,-0.4263,NONE,STOPPED
="2026-09-07 10:30:02",79917,27323,12824,14498,1000000,-0.0110,0.1700,-0.7,-17.5,-0.4574,NONE,STOPPED
="2026-09-07 10:30:03",79917,27323,12824,14498,1000000,-0.0110,0.1700,-0.7,-17.5,-0.4574,NONE,STOPPED
="2026-09-07 10:30:04",79908,27323,12824,14498,1000000,-0.0110,0.1700,-9.9,-26.7,-0.5564,NONE,STOPPED
="2026-09-07 10:30:05",79903,39148,24650,14498,1000000,-0.0098,0.1700,-15.2,-32.0,-0.6268,NONE,STOPPED
="2026-09-07 10:30:06",79901,39148,24650,14498,1000000,-0.0098,0.1700,-17.0,-33.8,-0.6955,NONE,STOPPED
="2026-09-07 10:30:07",79890,52739,38240,14498,1000000,-0.0056,0.1700,-27.9,-48.5,-0.8003,NONE,STOPPED
="2026-09-07 10:30:08",79888,38240,38240,0,1000000,-0.0040,0.1700,-25.6,-50.0,-0.8962,NONE,STOPPED
="2026-09-07 10:30:09",79887,202343,57172,145170,1000000,-0.0040,0.1700,-21.1,-50.9,-0.9835,NONE,STOPPED
="2026-09-07 10:30:10",79900,202343,57172,145170,1000000,-0.0040,0.1700,-3.4,-38.5,-1.0106,NONE,STOPPED
="2026-09-07 10:30:11",79900,202343,57172,145170,1000000,-0.0051,0.1700,-1.6,-38.5,-1.0317,NONE,STOPPED
="2026-09-07 10:30:12",79900,202343,57172,145170,1000000,-0.0051,0.1700,-1.6,-38.5,-1.0317,NONE,STOPPED
="2026-09-07 10:30:13",79900,232663,87492,145170,1000000,+0.0057,0.1700,+10.0,-38.5,-1.0622,NONE,STOPPED
="2026-09-07 10:30:14",79895,232663,87492,145170,1000000,+0.0063,0.1700,+8.2,-42.8,-1.0948,NONE,STOPPED
="2026-09-07 10:30:15",79895,232663,87492,145170,1000000,+0.0063,0.1700,-4.2,-42.8,-1.1097,NONE,STOPPED
="2026-09-07 10:30:16",79895,232663,87492,145170,1000000,+0.0063,0.1700,-4.2,-42.7,-1.1191,NONE,STOPPED
="2026-09-07 10:30:17",79895,232663,87492,145170,1000000,+0.0062,0.1700,-4.2,-42.8,-1.1238,NONE,STOPPED
="2026-09-07 10:30:18",79895,232663,87492,145170,1000000,+0.0062,0.1700,-4.2,-42.8,-1.1240,NONE,STOPPED
="2026-09-07 10:30:19",79895,232663,87492,145170,1000000,+0.0060,0.1700,+0.0,-42.7,-1.1200,NONE,STOPPED
="2026-09-07 10:30:20",79895,232663,87492,145170,1000000,+0.0085,0.1700,+0.0,-42.8,-1.1125,NONE,STOPPED
="2026-09-07 10:30:21",79895,232663,87492,145170,1000000,+0.0085,0.1700,+0.0,-42.8,-1.1125,NONE,STOPPED
="2026-09-07 10:30:22",79895,232663,87492,145170,1000000,+0.0085,0.1700,+0.0,-42.8,-1.1015,NONE,STOPPED
="2026-09-07 10:30:23",79911,232663,87492,145170,1000000,+0.0116,0.1700,+15.5,-27.3,-0.9565,NONE,STOPPED
="2026-09-07 10:30:24",79911,232663,87492,145170,1000000,+0.0116,0.1700,+15.5,-27.3,-0.8889,NONE,STOPPED
="2026-09-07 10:30:25",79911,232663,87492,145170,1000000,+0.0101,0.1700,+15.5,-27.3,-0.8243,NONE,STOPPED
="2026-09-07 10:30:26",79911,232663,87492,145170,1000000,+0.0108,0.1700,+15.5,-27.3,-0.7625,NONE,STOPPED
="2026-09-07 10:30:27",79911,232663,87492,145170,1000000,+0.0105,0.1700,-0.0,-27.3,-0.7036,NONE,STOPPED
="2026-09-07 10:30:28",79904,232663,87492,145170,1000000,+0.0105,0.1700,-7.1,-34.4,-0.6752,NONE,STOPPED
="2026-09-07 10:30:29",79894,232663,87492,145170,1000000,+0.0105,0.1700,-16.5,-43.8,-0.6829,NONE,STOPPED
="2026-09-07 10:30:30",79894,232663,87492,145170,1000000,+0.0105,0.1700,-16.5,-43.8,-0.6829,NONE,STOPPED
="2026-09-07 10:30:31",79894,232663,87492,145170,1000000,+0.0105,0.1700,-16.5,-43.8,-0.6853,NONE,STOPPED
="2026-09-07 10:30:32",79894,232663,87492,145170,1000000,+0.0105,0.1700,-16.5,-43.8,-0.6842,NONE,STOPPED
="2026-09-07 10:30:33",79894,232663,87492,145170,1000000,+0.0105,0.1700,-9.4,-43.8,-0.6783,NONE,STOPPED
="2026-09-07 10:30:34",79894,232663,87492,145170,1000000,+0.0103,0.1700,-0.0,-43.8,-0.6699,NONE,STOPPED
="2026-09-07 10:30:35",79894,232663,87492,145170,1000000,+0.0106,0.1700,-0.0,-43.8,-0.6590,NONE,STOPPED
="2026-09-07 10:30:36",79894,232663,87492,145170,1000000,+0.0106,0.1700,-9.4,-43.8,-0.6459,NONE,STOPPED
="2026-09-07 10:30:37",79894,232663,87492,145170,1000000,+0.0105,0.1700,+0.0,-43.8,-0.6308,NONE,STOPPED
="2026-09-07 10:30:38",79894,232663,87492,145170,1000000,+0.0129,0.1700,+0.0,-43.8,-0.6140,NONE,STOPPED
="2026-09-07 10:30:39",79909,278722,87492,191229,1000000,+0.0129,0.1700,+14.4,-29.4,-0.5397,NONE,STOPPED
="2026-09-07 10:30:40",79909,278722,87492,191229,1000000,+0.0129,0.1700,+14.4,-29.4,-0.5397,NONE,STOPPED
="2026-09-07 10:30:41",79909,278722,87492,191229,1000000,+0.0130,0.1700,+14.4,-29.4,-0.4144,NONE,STOPPED
="2026-09-07 10:30:42",79909,278722,87492,191229,1000000,+0.0130,0.1700,+14.4,-29.4,-0.3416,NONE,STOPPED
="2026-09-07 10:30:43",79909,278722,87492,191229,1000000,+0.0130,0.1700,+14.4,-29.4,-0.2830,NONE,STOPPED
="2026-09-07 10:30:44",79916,278722,87492,191229,1000000,+0.0121,0.1700,+7.5,-21.9,-0.1986,NONE,STOPPED
="2026-09-07 10:30:45",79916,278722,87492,191229,1000000,+0.0126,0.1700,+7.5,-21.9,-0.1203,NONE,STOPPED
="2026-09-07 10:30:46",79916,278722,87492,191229,1000000,+0.0126,0.1700,+7.5,-21.9,-0.0479,NONE,STOPPED
="2026-09-07 10:30:47",79916,278722,87492,191229,1000000,+0.0126,0.1700,+7.5,-21.9,+0.0192,NONE,STOPPED
="2026-09-07 10:30:48",79916,278722,87492,191229,1000000,+0.0119,0.1700,+7.5,-21.9,+0.0813,NONE,STOPPED
="2026-09-07 10:30:49",79916,278722,87492,191229,1000000,+0.0110,0.1700,+0.0,-21.9,+0.1386,NONE,STOPPED
="2026-09-07 10:30:50",79916,278722,87492,191229,1000000,+0.0110,0.1700,+0.0,-21.9,+0.1386,NONE,STOPPED
="2026-09-07 10:30:51",79916,278722,87492,191229,1000000,+0.0110,0.1700,-0.0,-12.7,+0.2344,NONE,STOPPED
="2026-09-07 10:30:52",79916,278722,87492,191229,1000000,+0.0110,0.1700,-0.0,-12.7,+0.2737,NONE,STOPPED
="2026-09-07 10:30:53",79916,278722,87492,191229,1000000,+0.0110,0.1700,-0.0,-6.5,+0.3095,NONE,STOPPED
="2026-09-07 10:30:54",79916,265897,74668,191229,1000000,+0.0116,0.1700,+0.0,-6.5,+0.3382,NONE,STOPPED
="2026-09-07 10:30:55",79915,265897,74668,191229,1000000,+0.0116,0.1700,-0.8,-7.2,+0.3611,NONE,STOPPED
="2026-09-07 10:30:56",79915,265897,74668,191229,1000000,+0.0116,0.1700,-0.8,-2.8,+0.3814,NONE,STOPPED
="2026-09-07 10:30:57",79912,265897,74668,191229,1000000,+0.0109,0.1700,-3.9,-5.9,+0.3845,NONE,STOPPED
="2026-09-07 10:30:58",79912,265897,74668,191229,1000000,+0.0105,0.1700,-3.9,-5.9,+0.3869,NONE,STOPPED
="2026-09-07 10:30:59",79912,265897,74668,191229,1000000,+0.0105,0.1700,-3.9,-5.9,+0.3869,NONE,STOPPED
="2026-09-07 10:31:00",79912,265897,74668,191229,1000000,+0.0105,0.1700,-3.1,-5.9,+0.4048,NONE,STOPPED
="2026-09-07 10:31:01",79910,265897,74668,191229,1000000,+0.0105,0.1700,-5.8,-7.9,+0.3792,NONE,STOPPED
="2026-09-07 10:31:02",79910,265897,74668,191229,1000000,+0.0105,0.1700,-2.7,-4.1,+0.3691,NONE,STOPPED
="2026-09-07 10:31:03",79903,265897,74668,191229,1000000,+0.0104,0.1700,-9.4,-5.4,+0.3310,NONE,STOPPED
="2026-09-07 10:31:04",79900,279793,88564,191229,1000000,+0.0104,0.1700,-12.7,-3.4,+0.2800,NONE,STOPPED
="2026-09-07 10:31:05",79900,267967,76738,191229,1000000,+0.0098,0.1700,-12.7,-3.4,+0.2800,NONE,STOPPED
="2026-09-07 10:31:06",79900,267967,76738,191229,1000000,+0.0056,0.1700,-12.7,-1.6,+0.2301,NONE,STOPPED
="2026-09-07 10:31:07",79900,254377,63148,191229,1000000,+0.0056,0.1700,-10.0,+11.5,+0.1331,NONE,STOPPED
="2026-09-07 10:31:08",79900,254377,63148,191229,1000000,+0.0048,0.1700,-3.3,+12.4,+0.0858,NONE,STOPPED
="2026-09-07 10:31:09",79900,90274,44215,46058,1000000,+0.0047,0.1700,-0.0,+0.0,+0.0414,NONE,STOPPED
="2026-09-07 10:31:10",79886,90274,44215,46058,1000000,+0.0047,0.1700,-13.9,-13.9,-0.0460,NONE,STOPPED
="2026-09-07 10:31:11",79886,90274,44215,46058,1000000,+0.0047,0.1700,-13.9,-13.9,-0.1251,NONE,STOPPED
="2026-09-07 10:31:12",79886,90274,44215,46058,1000000,-0.0061,0.1700,-13.9,-9.6,-0.1964,NONE,STOPPED
="2026-09-07 10:31:13",79886,59954,13895,46058,1000000,-0.0061,0.1700,-13.9,-9.6,-0.2630,NONE,STOPPED
="2026-09-07 10:31:14",79886,59954,13895,46058,1000000,-0.0067,0.1700,-13.9,-9.6,-0.3228,NONE,STOPPED
="2026-09-07 10:31:15",79886,59954,13895,46058,1000000,-0.0066,0.1700,-13.9,-9.6,-0.3228,NONE,STOPPED
="2026-09-07 10:31:16",79886,59954,13895,46058,1000000,-0.0095,0.1700,-0.0,-9.7,-0.3763,NONE,STOPPED
="2026-09-07 10:31:17",79886,59954,13895,46058,1000000,-0.0095,0.1700,-0.0,-9.7,-0.4660,NONE,STOPPED
="2026-09-07 10:31:18",79886,59954,13895,46058,1000000,-0.0095,0.1700,-0.0,-9.7,-0.5031,NONE,STOPPED
="2026-09-07 10:31:19",79886,59954,13895,46058,1000000,-0.0092,0.1700,-0.0,-9.7,-0.5355,NONE,STOPPED
="2026-09-07 10:31:20",79886,59954,13895,46058,1000000,-0.0096,0.1700,+0.0,-9.6,-0.5635,NONE,STOPPED
="2026-09-07 10:31:21",79886,59954,13895,46058,1000000,-0.0096,0.1700,+0.0,-25.1,-0.5874,NONE,STOPPED
="2026-09-07 10:31:22",79886,59954,13895,46058,1000000,-0.0096,0.1700,-0.0,-25.1,-0.5983,NONE,STOPPED
="2026-09-07 10:31:23",79886,59954,13895,46058,1000000,-0.0096,0.1700,+0.0,-25.1,-0.6060,NONE,STOPPED
="2026-09-07 10:31:24",79886,59954,13895,46058,1000000,-0.0096,0.1700,+0.0,-25.1,-0.6060,NONE,STOPPED
="2026-09-07 10:31:25",79886,59954,13895,46058,1000000,-0.0080,0.1700,-0.0,-25.1,-0.6108,NONE,STOPPED
="2026-09-07 10:31:26",79886,59954,13895,46058,1000000,-0.0069,0.1700,-0.0,-25.1,-0.6124,NONE,STOPPED
="2026-09-07 10:31:27",79886,59954,13895,46058,1000000,-0.0066,0.1700,-0.0,-18.0,-0.6098,NONE,STOPPED
="2026-09-07 10:31:28",79893,122778,13895,108882,1000000,-0.0066,0.1700,+6.9,-1.6,-0.5824,NONE,STOPPED
="2026-09-07 10:31:29",79893,122778,13895,108882,1000000,-0.0071,0.1700,+7.0,-1.6,-0.5615,NONE,STOPPED
="2026-09-07 10:31:30",79893,133003,24121,108882,1000000,-0.0071,0.1700,+7.0,-1.6,-0.5412,NONE,STOPPED
="2026-09-07 10:31:31",79893,133003,24121,108882,1000000,-0.0071,0.1700,+6.9,-1.7,-0.5216,NONE,STOPPED
="2026-09-07 10:31:32",79897,133003,24121,108882,1000000,-0.0073,0.1700,+11.1,+2.5,-0.4864,NONE,STOPPED
="2026-09-07 10:31:33",79906,133003,24121,108882,1000000,-0.0073,0.1700,+13.7,+12.1,-0.4161,NONE,STOPPED
="2026-09-07 10:31:34",79906,133003,24121,108882,1000000,-0.0070,0.1700,+13.7,+12.1,-0.4161,NONE,STOPPED
="2026-09-07 10:31:35",79912,133003,24121,108882,1000000,-0.0059,0.1700,+19.6,+18.0,-0.2493,NONE,STOPPED
="2026-09-07 10:31:36",79912,133003,24121,108882,1000000,-0.0059,0.1700,+19.6,+18.0,-0.1769,NONE,STOPPED
="2026-09-07 10:31:37",79912,133003,24121,108882,1000000,-0.0059,0.1700,+15.5,+18.0,-0.1113,NONE,STOPPED
="2026-09-07 10:31:38",79912,133003,24121,108882,1000000,-0.0058,0.1700,+5.9,+3.6,-0.0521,NONE,STOPPED
="2026-09-07 10:31:39",79912,86945,24121,62823,1000000,-0.0058,0.1700,+5.9,+3.6,+0.0100,NONE,STOPPED
="2026-09-07 10:31:40",79912,86945,24121,62823,1000000,-0.0058,0.1700,+0.0,+3.6,+0.0665,NONE,STOPPED
="2026-09-07 10:31:41",79912,86945,24121,62823,1000000,-0.0058,0.1700,+0.0,+3.6,+0.1178,NONE,STOPPED
="2026-09-07 10:31:42",79912,86945,24121,62823,1000000,-0.0058,0.1700,+0.0,+3.6,+0.1641,NONE,STOPPED
="2026-09-07 10:31:43",79912,86945,24121,62823,1000000,-0.0058,0.1700,+0.0,+3.6,+0.1641,NONE,STOPPED
="2026-09-07 10:31:44",79912,86945,24121,62823,1000000,-0.0071,0.1700,+0.0,-3.9,+0.2480,NONE,STOPPED
="2026-09-07 10:31:45",79921,101033,24121,76912,1000000,-0.0071,0.1700,+9.2,+5.3,+0.3217,NONE,STOPPED
="2026-09-07 10:31:46",79921,101033,24121,76912,1000000,-0.0071,0.1700,+9.2,+5.3,+0.3880,NONE,STOPPED
="2026-09-07 10:31:47",79921,101033,24121,76912,1000000,-0.0089,0.1700,+9.2,+5.3,+0.4474,NONE,STOPPED
="2026-09-07 10:31:48",79932,101033,24121,76912,1000000,-0.0089,0.1700,+20.1,+16.2,+0.5431,NONE,STOPPED
="2026-09-07 10:31:49",79932,101033,24121,76912,1000000,-0.0080,0.1700,+20.1,+16.3,+0.6286,NONE,STOPPED
="2026-09-07 10:31:50",79932,101033,24121,76912,1000000,-0.0080,0.1700,+11.0,+16.3,+0.7046,NONE,STOPPED
="2026-09-07 10:31:51",79932,101033,24121,76912,1000000,-0.0084,0.1700,+11.0,+16.3,+0.7718,NONE,STOPPED
="2026-09-07 10:31:52",79932,101033,24121,76912,1000000,-0.0085,0.1700,+11.0,+16.3,+0.7718,NONE,STOPPED
="2026-09-07 10:31:53",79932,101033,24121,76912,1000000,-0.0085,0.1700,+11.0,+16.3,+0.8308,NONE,STOPPED
="2026-09-07 10:31:54",79932,101033,24121,76912,1000000,-0.0081,0.1700,-0.0,+17.0,+0.9267,NONE,STOPPED
="2026-09-07 10:31:55",79932,101033,24121,76912,1000000,-0.0081,0.1700,-0.0,+17.0,+0.9642,NONE,STOPPED
="2026-09-07 10:31:56",79932,101033,24121,76912,1000000,-0.0081,0.1700,+0.0,+20.2,+0.9957,NONE,STOPPED
="2026-09-07 10:31:57",79932,101033,24121,76912,1000000,-0.0081,0.1700,+0.0,+20.1,+1.0199,NONE,STOPPED
="2026-09-07 10:31:58",79932,101033,24121,76912,1000000,-0.0076,0.1700,-0.0,+20.2,+1.0389,NONE,STOPPED
="2026-09-07 10:31:59",79932,101033,24121,76912,1000000,-0.0076,0.1700,+0.0,+20.2,+1.0534,NONE,STOPPED
="2026-09-07 10:32:00",79932,101033,24121,76912,1000000,-0.0076,0.1700,-0.0,+22.8,+1.0635,NONE,STOPPED
="2026-09-07 10:32:01",79929,116193,39281,76912,1000000,-0.0076,0.1700,-3.4,+19.4,+1.0550,NONE,STOPPED
="2026-09-07 10:32:02",79929,116193,39281,76912,1000000,-0.0076,0.1700,-3.4,+26.2,+1.0443,NONE,STOPPED
="2026-09-07 10:32:03",79929,116193,39281,76912,1000000,-0.0076,0.1700,-3.4,+29.4,+1.0275,NONE,STOPPED
="2026-09-07 10:32:04",79929,102297,25385,76912,1000000,-0.0070,0.1700,-3.4,+29.4,+1.0070,NONE,STOPPED
="2026-09-07 10:32:05",79929,102297,25385,76912,1000000,-0.0070,0.1700,-3.4,+29.4,+0.9851,NONE,STOPPED
="2026-09-07 10:32:06",79920,102297,25385,76912,1000000,-0.0065,0.1700,-9.2,+20.2,+0.9261,NONE,STOPPED
="2026-09-07 10:32:07",79920,102297,25385,76912,1000000,-0.0065,0.1700,-9.2,+20.2,+0.8695,NONE,STOPPED
="2026-09-07 10:32:08",79920,102297,25385,76912,1000000,-0.0057,0.1700,-9.4,+20.0,+0.8145,NONE,STOPPED
="2026-09-07 10:32:09",79920,102297,25385,76912,1000000,-0.0057,0.1700,-9.4,+20.0,+0.8145,NONE,STOPPED
="2026-09-07 10:32:10",79920,102297,25385,76912,1000000,-0.0057,0.1700,-9.4,+33.9,+0.7618,NONE,STOPPED
="2026-09-07 10:32:11",79920,102297,25385,76912,1000000,-0.0057,0.1700,-0.2,+33.9,+0.6465,NONE,STOPPED
="2026-09-07 10:32:12",79920,102297,25385,76912,1000000,-0.0061,0.1700,-0.2,+33.9,+0.5923,NONE,STOPPED
="2026-09-07 10:32:13",79920,102297,25385,76912,1000000,-0.0056,0.1700,-0.0,+33.9,+0.5403,NONE,STOPPED
="2026-09-07 10:32:14",79920,102297,25385,76912,1000000,-0.0056,0.1700,-0.0,+33.9,+0.4904,NONE,STOPPED
="2026-09-07 10:32:15",79920,102297,25385,76912,1000000,-0.0056,0.1700,+0.0,+33.9,+0.4426,NONE,STOPPED
="2026-09-07 10:32:16",79920,102297,25385,76912,1000000,-0.0056,0.1700,-0.0,+33.9,+0.3966,NONE,STOPPED
="2026-09-07 10:32:17",79920,145571,25385,120185,1000000,-0.0028,0.1700,+0.0,+33.9,+0.3525,NONE,STOPPED
="2026-09-07 10:32:18",79920,145571,25385,120185,1000000,-0.0029,0.1700,+0.0,+33.9,+0.3102,NONE,STOPPED
="2026-09-07 10:32:19",79920,145571,25385,120185,1000000,-0.0029,0.1700,+0.0,+33.9,+0.3102,NONE,STOPPED
="2026-09-07 10:32:20",79920,145571,25385,120185,1000000,-0.0025,0.1700,+0.0,+33.9,+0.2697,NONE,STOPPED
="2026-09-07 10:32:21",79920,145571,25385,120185,1000000,-0.0025,0.1700,-0.0,+33.9,+0.1933,NONE,STOPPED
="2026-09-07 10:32:22",79927,171581,25385,146196,1000000,-0.0025,0.1700,+7.0,+40.9,+0.1848,NONE,STOPPED
="2026-09-07 10:32:23",79927,171581,25385,146196,1000000,-0.0025,0.1700,+7.0,+40.9,+0.1749,NONE,STOPPED
="2026-09-07 10:32:24",79927,171581,25385,146196,1000000,-0.0027,0.1700,+7.0,+40.9,+0.1639,NONE,STOPPED
="2026-09-07 10:32:25",79927,171581,25385,146196,1000000,-0.0027,0.1700,+7.0,+40.9,+0.1518,NONE,STOPPED
="2026-09-07 10:32:26",79927,171581,25385,146196,1000000,-0.0038,0.1700,+7.0,+40.9,+0.1388,NONE,STOPPED
="2026-09-07 10:32:27",79927,171581,25385,146196,1000000,-0.0039,0.1700,+7.0,+33.9,+0.1250,NONE,STOPPED
="2026-09-07 10:32:28",79927,108758,25385,83373,1000000,-0.0039,0.1700,+7.0,+33.9,+0.1250,NONE,STOPPED
="2026-09-07 10:32:29",79927,108758,25385,83373,1000000,-0.0033,0.1700,+0.0,+33.9,+0.1147,NONE,STOPPED
="2026-09-07 10:32:30",79927,98532,15159,83373,1000000,-0.0033,0.1700,-0.0,+33.9,+0.0921,NONE,STOPPED
="2026-09-07 10:32:31",79930,109845,15159,94685,1000000,-0.0034,0.1700,+3.6,+33.5,+0.0941,NONE,STOPPED
="2026-09-07 10:32:32",79936,109845,15159,94685,1000000,-0.0032,0.1700,+9.3,+29.5,+0.1188,NONE,STOPPED
="2026-09-07 10:32:33",79936,109845,15159,94685,1000000,-0.0032,0.1700,+9.3,+23.7,+0.1454,NONE,STOPPED
="2026-09-07 10:32:34",79936,109845,15159,94685,1000000,-0.0032,0.1700,+9.3,+23.7,+0.1717,NONE,STOPPED
="2026-09-07 10:32:35",79936,109845,15159,94685,1000000,-0.0043,0.1700,+9.4,+23.7,+0.1943,NONE,STOPPED
="2026-09-07 10:32:36",79936,109845,15159,94685,1000000,-0.0031,0.1700,+5.7,+23.7,+0.2136,NONE,STOPPED
="2026-09-07 10:32:37",79936,109845,15159,94685,1000000,-0.0031,0.1700,+0.0,+23.7,+0.2298,NONE,STOPPED
="2026-09-07 10:32:38",79936,109845,15159,94685,1000000,-0.0032,0.1700,+0.0,+23.7,+0.2298,NONE,STOPPED
="2026-09-07 10:32:39",79936,109845,15159,94685,1000000,-0.0032,0.1700,-0.0,+23.7,+0.2537,NONE,STOPPED
="2026-09-07 10:32:40",79940,109845,15159,94685,1000000,-0.0032,0.1700,+4.1,+27.7,+0.2779,NONE,STOPPED
="2026-09-07 10:32:41",79940,109845,15159,94685,1000000,-0.0032,0.1700,+4.1,+27.8,+0.2982,NONE,STOPPED
="2026-09-07 10:32:42",79940,109845,15159,94685,1000000,-0.0032,0.1700,+4.1,+27.7,+0.3150,NONE,STOPPED
="2026-09-07 10:32:43",79940,109845,15159,94685,1000000,-0.0032,0.1700,+4.1,+27.7,+0.3285,NONE,STOPPED
="2026-09-07 10:32:44",79940,109845,15159,94685,1000000,-0.0009,0.1700,+4.1,+18.6,+0.3390,NONE,STOPPED
="2026-09-07 10:32:45",79940,95756,15159,80597,1000000,-0.0009,0.1700,+0.0,+18.6,+0.3524,NONE,STOPPED
="2026-09-07 10:32:46",79940,95756,15159,80597,1000000,-0.0030,0.1700,+0.0,+18.6,+0.3631,NONE,STOPPED
="2026-09-07 10:32:47",79940,95756,15159,80597,1000000,-0.0013,0.1700,+0.0,+18.6,+0.3631,NONE,STOPPED
="2026-09-07 10:32:48",79940,95756,15159,80597,1000000,-0.0013,0.1700,+0.0,+7.6,+0.3840,NONE,STOPPED
="2026-09-07 10:32:49",79940,95756,15159,80597,1000000,-0.0013,0.1700,-0.0,+7.6,+0.3944,NONE,STOPPED
="2026-09-07 10:32:50",79940,95756,15159,80597,1000000,-0.0013,0.1700,-0.0,+7.6,+0.4028,NONE,STOPPED
="2026-09-07 10:32:51",79940,95756,15159,80597,1000000,-0.0008,0.1700,-0.0,+7.6,+0.4093,NONE,STOPPED
="2026-09-07 10:32:52",79940,95756,15159,80597,1000000,-0.0008,0.1700,+0.0,+7.6,+0.4141,NONE,STOPPED
="2026-09-07 10:32:53",79940,95756,15159,80597,1000000,-0.0008,0.1700,-0.0,+7.6,+0.4173,NONE,STOPPED
="2026-09-07 10:32:54",79940,95756,15159,80597,1000000,-0.0012,0.1700,-0.0,+7.6,+0.4191,NONE,STOPPED
="2026-09-07 10:32:55",79940,95756,15159,80597,1000000,-0.0013,0.1700,-0.0,+7.6,+0.4195,NONE,STOPPED
="2026-09-07 10:32:56",79940,95756,15159,80597,1000000,-0.0013,0.1700,-0.0,+7.6,+0.4195,NONE,STOPPED
="2026-09-07 10:32:57",79945,95756,15159,80597,1000000,-0.0013,0.1700,+5.3,+12.9,+0.4394,NONE,STOPPED
="2026-09-07 10:32:58",79945,95756,15159,80597,1000000,-0.0013,0.1700,+5.3,+12.9,+0.4699,NONE,STOPPED
="2026-09-07 10:32:59",79945,95756,15159,80597,1000000,-0.0013,0.1700,+5.3,+12.9,+0.4810,NONE,STOPPED
="2026-09-07 10:33:00",79950,105853,15159,90694,1000000,-0.0013,0.1700,+9.6,+20.6,+0.5061,NONE,STOPPED
="2026-09-07 10:33:01",79962,90694,0,90694,1000000,-0.0018,0.1700,+17.2,+33.5,+0.5755,NONE,STOPPED
="2026-09-07 10:33:02",79962,90694,0,90694,1000000,-0.0018,0.1700,+17.2,+33.5,+0.6362,NONE,STOPPED
="2026-09-07 10:33:03",79969,108520,0,108520,1000000,-0.0018,0.1700,+24.0,+40.3,+0.7154,NONE,STOPPED
="2026-09-07 10:33:04",79969,108520,0,108520,1000000,-0.0135,0.1700,+24.0,+40.3,+0.7154,NONE,STOPPED
="2026-09-07 10:33:05",79970,183599,0,183599,1000000,-0.0140,0.1700,+24.8,+41.1,+0.7875,NONE,STOPPED
="2026-09-07 10:33:06",79992,194106,0,194106,1000000,-0.0140,0.1700,+29.1,+71.8,+1.0179,NONE,STOPPED
="2026-09-07 10:33:07",79991,194106,0,194106,1000000,-0.0144,0.1700,+29.1,+72.0,+1.1290,NONE,STOPPED
="2026-09-07 10:33:08",79991,233868,0,233868,1000000,-0.0144,0.1700,+22.2,+72.0,+1.2250,NONE,STOPPED
="2026-09-07 10:33:09",79992,233868,0,233868,1000000,-0.0144,0.1700,+21.5,+72.0,+1.3071,NONE,STOPPED
="2026-09-07 10:33:10",79985,247337,13469,233868,1000000,-0.0144,0.1700,+4.7,+65.6,+1.3515,NONE,STOPPED
="2026-09-07 10:33:11",79984,247337,13469,233868,1000000,-0.0275,0.1700,-7.8,+64.2,+1.3809,NONE,STOPPED
="2026-09-07 10:33:12",79984,247337,13469,233868,1000000,-0.0271,0.1700,-7.8,+64.2,+1.4024,NONE,STOPPED
="2026-09-07 10:33:13",79984,247337,13469,233868,1000000,-0.0273,0.1700,-7.8,+64.2,+1.4164,NONE,STOPPED
="2026-09-07 10:33:14",79984,247337,13469,233868,1000000,-0.0273,0.1700,-7.8,+64.2,+1.4164,NONE,STOPPED
="2026-09-07 10:33:15",79984,247337,13469,233868,1000000,-0.0273,0.1700,-1.4,+64.2,+1.4248,NONE,STOPPED
="2026-09-07 10:33:16",79984,247337,13469,233868,1000000,-0.0273,0.1700,-1.4,+64.2,+1.4202,NONE,STOPPED
="2026-09-07 10:33:17",79984,204064,13469,190595,1000000,-0.0281,0.1700,+0.0,+64.2,+1.4106,NONE,STOPPED
="2026-09-07 10:33:18",79986,204064,13469,190595,1000000,-0.0279,0.1700,+1.8,+66.0,+1.4034,NONE,STOPPED
="2026-09-07 10:33:19",79986,204064,13469,190595,1000000,-0.0279,0.1700,+1.8,+66.0,+1.3914,NONE,STOPPED
="2026-09-07 10:33:20",79986,204064,13469,190595,1000000,-0.0279,0.1700,+1.8,+66.0,+1.3748,NONE,STOPPED
="2026-09-07 10:33:21",79986,204064,13469,190595,1000000,-0.0279,0.1700,+1.8,+59.0,+1.3542,NONE,STOPPED
="2026-09-07 10:33:22",79986,178053,13469,164584,1000000,-0.0279,0.1700,+1.8,+59.0,+1.3342,NONE,STOPPED
="2026-09-07 10:33:23",79986,178053,13469,164584,1000000,-0.0296,0.1700,+1.8,+59.0,+1.3342,NONE,STOPPED
="2026-09-07 10:33:24",79988,178053,13469,164584,1000000,-0.0294,0.1700,+2.3,+61.3,+1.3199,NONE,STOPPED
="2026-09-07 10:33:25",79988,178053,13469,164584,1000000,-0.0294,0.1700,+2.3,+61.3,+1.2798,NONE,STOPPED
="2026-09-07 10:33:26",79978,203735,39150,164584,1000000,-0.0294,0.1700,-7.1,+51.9,+1.2182,NONE,STOPPED
="2026-09-07 10:33:27",79978,203735,39150,164584,1000000,-0.0294,0.1700,-7.1,+51.9,+1.1574,NONE,STOPPED
="2026-09-07 10:33:28",79978,203735,39150,164584,1000000,-0.0294,0.1700,-9.4,+51.9,+1.0976,NONE,STOPPED
="2026-09-07 10:33:29",79978,203735,39150,164584,1000000,-0.0317,0.1700,-9.4,+51.9,+1.0385,NONE,STOPPED
="2026-09-07 10:33:30",79978,203735,39150,164584,1000000,-0.0317,0.1700,-9.4,+48.3,+0.9805,NONE,STOPPED
="2026-09-07 10:33:31",79978,192422,39150,153271,1000000,-0.0316,0.1700,-9.4,+42.6,+0.9257,NONE,STOPPED
="2026-09-07 10:33:32",79978,192422,39150,153271,1000000,-0.0315,0.1700,-0.0,+42.6,+0.8753,NONE,STOPPED
="2026-09-07 10:33:33",79978,192422,39150,153271,1000000,-0.0315,0.1700,-0.0,+42.6,+0.8258,NONE,STOPPED
="2026-09-07 10:33:34",79978,192422,39150,153271,1000000,-0.0315,0.1700,-0.0,+42.6,+0.8258,NONE,STOPPED
="2026-09-07 10:33:35",79978,192422,39150,153271,1000000,-0.0316,0.1700,+0.0,+42.6,+0.7297,NONE,STOPPED
="2026-09-07 10:33:36",79978,192422,39150,153271,1000000,-0.0328,0.1700,-0.0,+42.6,+0.6830,NONE,STOPPED
="2026-09-07 10:33:37",79978,192422,39150,153271,1000000,-0.0328,0.1700,+0.0,+42.6,+0.6374,NONE,STOPPED
="2026-09-07 10:33:38",79978,192422,39150,153271,1000000,-0.0335,0.1700,+0.0,+42.6,+0.5928,NONE,STOPPED
="2026-09-07 10:33:39",79978,192422,39150,153271,1000000,-0.0335,0.1700,+0.0,+38.5,+0.5491,NONE,STOPPED
="2026-09-07 10:33:40",79978,192422,39150,153271,1000000,-0.0335,0.1700,+0.0,+38.5,+0.5089,NONE,STOPPED
="2026-09-07 10:33:41",79978,192422,39150,153271,1000000,-0.0335,0.1700,-0.0,+38.5,+0.4696,NONE,STOPPED
="2026-09-07 10:33:42",79978,192422,39150,153271,1000000,-0.0335,0.1700,-0.0,+38.5,+0.4313,NONE,STOPPED
="2026-09-07 10:33:43",79978,192422,39150,153271,1000000,-0.0335,0.1700,-0.0,+38.5,+0.4313,NONE,STOPPED
="2026-09-07 10:33:44",79978,192422,39150,153271,1000000,-0.0335,0.1700,+0.0,+38.5,+0.3574,NONE,STOPPED
="2026-09-07 10:33:45",79978,192422,39150,153271,1000000,-0.0335,0.1700,-0.0,+38.5,+0.3218,NONE,STOPPED
="2026-09-07 10:33:46",79978,192422,39150,153271,1000000,-0.0315,0.1700,-0.0,+38.5,+0.2871,NONE,STOPPED
="2026-09-07 10:33:47",79978,236151,82880,153271,1000000,-0.0315,0.1700,-0.0,+38.5,+0.2533,NONE,STOPPED
="2026-09-07 10:33:48",79978,236151,82880,153271,1000000,-0.0316,0.1700,-0.0,+38.5,+0.2204,NONE,STOPPED
="2026-09-07 10:33:49",79978,236151,82880,153271,1000000,-0.0315,0.1700,-0.0,+38.5,+0.1883,NONE,STOPPED
="2026-09-07 10:33:50",79978,236151,82880,153271,1000000,-0.0322,0.1700,-0.0,+38.5,+0.1572,NONE,STOPPED
="2026-09-07 10:33:51",79971,236151,82880,153271,1000000,-0.0322,0.1700,-7.9,+30.6,+0.0960,NONE,STOPPED
="2026-09-07 10:33:52",79971,236151,82880,153271,1000000,-0.0322,0.1700,-7.9,+30.6,+0.0960,NONE,STOPPED
="2026-09-07 10:33:53",79970,253904,100632,153271,1000000,-0.0322,0.1700,-8.2,+30.3,+0.0377,NONE,STOPPED
="2026-09-07 10:33:54",79954,253904,100632,153271,1000000,-0.0332,0.1700,-24.3,+14.2,-0.1821,NONE,STOPPED
="2026-09-07 10:33:55",79948,253904,100632,153271,1000000,-0.0331,0.1700,-30.1,+3.1,-0.3032,NONE,STOPPED
="2026-09-07 10:33:56",79948,253904,100632,153271,1000000,-0.0326,0.1700,-22.2,+3.1,-0.4102,NONE,STOPPED
="2026-09-07 10:33:57",79948,253904,100632,153271,1000000,-0.0326,0.1700,-21.9,+3.1,-0.5070,NONE,STOPPED
="2026-09-07 10:33:58",79948,253904,100632,153271,1000000,-0.0326,0.1700,-7.1,+3.1,-0.5943,NONE,STOPPED
="2026-09-07 10:33:59",79948,253904,100632,153271,1000000,-0.0326,0.1700,-5.8,-1.2,-0.6729,NONE,STOPPED
="2026-09-07 10:34:00",79960,321037,100632,220404,1000000,-0.0326,0.1700,+11.7,-2.4,-0.6949,NONE,STOPPED
="2026-09-07 10:34:01",79960,321037,100632,220404,1000000,-0.0321,0.1700,+11.8,-2.4,-0.7062,NONE,STOPPED
="2026-09-07 10:34:02",79960,321037,100632,220404,1000000,-0.0321,0.1700,+11.8,-9.2,-0.7149,NONE,STOPPED
="2026-09-07 10:34:03",79960,303211,100632,202578,1000000,-0.0318,0.1700,+11.7,-10.0,-0.7172,NONE,STOPPED
="2026-09-07 10:34:04",79960,303211,100632,202578,1000000,-0.0201,0.1700,+11.8,-20.4,-0.7170,NONE,STOPPED
="2026-09-07 10:34:05",79960,228131,100632,127498,1000000,-0.0201,0.1700,+11.7,-31.5,-0.7086,NONE,STOPPED
="2026-09-07 10:34:06",79960,217625,100632,116992,1000000,-0.0213,0.1700,+0.0,-31.4,-0.6919,NONE,STOPPED
="2026-09-07 10:34:07",79960,217625,100632,116992,1000000,-0.0209,0.1700,-0.0,-31.5,-0.6741,NONE,STOPPED
="2026-09-07 10:34:08",79960,177862,100632,77229,1000000,-0.0209,0.1700,-0.0,-31.5,-0.6551,NONE,STOPPED
="2026-09-07 10:34:09",79960,177862,100632,77229,1000000,-0.0214,0.1700,+0.0,-25.1,-0.6351,NONE,STOPPED
="2026-09-07 10:34:10",79960,164393,87163,77229,1000000,-0.0084,0.1700,+0.0,-25.1,-0.6351,NONE,STOPPED
="2026-09-07 10:34:11",79960,164393,87163,77229,1000000,-0.0084,0.1700,-0.0,-23.7,-0.6183,NONE,STOPPED
="2026-09-07 10:34:12",79968,164393,87163,77229,1000000,-0.0084,0.1700,+7.7,-16.0,-0.5272,NONE,STOPPED
="2026-09-07 10:34:13",79968,164393,87163,77229,1000000,-0.0081,0.1700,+7.7,-16.0,-0.4850,NONE,STOPPED
="2026-09-07 10:34:14",79968,164393,87163,77229,1000000,-0.0081,0.1700,+7.7,-16.0,-0.4449,NONE,STOPPED
="2026-09-07 10:34:15",79968,164393,87163,77229,1000000,-0.0085,0.1700,+7.7,-16.0,-0.4068,NONE,STOPPED
="2026-09-07 10:34:16",79968,164393,87163,77229,1000000,-0.0085,0.1700,+7.7,-16.0,-0.3705,NONE,STOPPED
="2026-09-07 10:34:17",79968,164393,87163,77229,1000000,-0.0077,0.1700,-0.0,-17.8,-0.3361,NONE,STOPPED
="2026-09-07 10:34:18",79968,164393,87163,77229,1000000,-0.0077,0.1700,+0.0,-17.8,-0.3022,NONE,STOPPED
="2026-09-07 10:34:19",79968,164393,87163,77229,1000000,-0.0077,0.1700,+0.0,-17.8,-0.2700,NONE,STOPPED
="2026-09-07 10:34:20",79968,164393,87163,77229,1000000,-0.0077,0.1700,+0.0,-17.8,-0.2700,NONE,STOPPED
="2026-09-07 10:34:21",79968,164393,87163,77229,1000000,-0.0076,0.1700,-0.0,-17.8,-0.2101,NONE,STOPPED
="2026-09-07 10:34:22",79957,175219,97989,77229,1000000,-0.0060,0.1700,-10.8,-30.9,-0.2244,NONE,STOPPED
="2026-09-07 10:34:23",79957,175219,97989,77229,1000000,-0.0060,0.1700,-10.8,-30.9,-0.2344,NONE,STOPPED
="2026-09-07 10:34:24",79957,175219,97989,77229,1000000,-0.0051,0.1700,-10.8,-30.9,-0.2417,NONE,STOPPED
="2026-09-07 10:34:25",79955,175219,97989,77229,1000000,-0.0051,0.1700,-13.2,-24.0,-0.2561,NONE,STOPPED
="2026-09-07 10:34:26",79955,149537,72307,77229,1000000,-0.0051,0.1700,-13.2,-24.0,-0.2729,NONE,STOPPED
="2026-09-07 10:34:27",79955,149537,72307,77229,1000000,-0.0221,0.1700,-2.4,-24.0,-0.2868,NONE,STOPPED
="2026-09-07 10:34:28",79954,149537,72307,77229,1000000,-0.0221,0.1700,-2.4,-24.0,-0.2979,NONE,STOPPED
="2026-09-07 10:34:29",79954,149537,72307,77229,1000000,-0.0197,0.1700,-2.4,-24.0,-0.2979,NONE,STOPPED
="2026-09-07 10:34:30",79955,149537,72307,77229,1000000,-0.0197,0.1700,-2.4,-24.0,-0.3126,NONE,STOPPED
="2026-09-07 10:34:31",79954,149537,72307,77229,1000000,-0.0197,0.1700,-0.0,-24.0,-0.3166,NONE,STOPPED
="2026-09-07 10:34:32",79954,149537,72307,77229,1000000,-0.0198,0.1700,-0.0,-24.0,-0.3186,NONE,STOPPED
="2026-09-07 10:34:33",79954,249030,72307,176722,1000000,-0.0200,0.1700,-0.0,-24.0,-0.3188,NONE,STOPPED
="2026-09-07 10:34:34",79955,249030,72307,176722,1000000,-0.0199,0.1700,+0.0,-24.0,-0.3174,NONE,STOPPED
="2026-09-07 10:34:35",79954,249030,72307,176722,1000000,-0.0199,0.1700,-0.0,-24.0,-0.3144,NONE,STOPPED
="2026-09-07 10:34:36",79955,249030,72307,176722,1000000,-0.0199,0.1700,+0.0,-24.0,-0.3101,NONE,STOPPED
="2026-09-07 10:34:37",79954,249030,72307,176722,1000000,-0.0195,0.1700,-0.0,-24.0,-0.3046,NONE,STOPPED
="2026-09-07 10:34:38",79954,249030,72307,176722,1000000,-0.0188,0.1700,-0.0,-24.0,-0.3046,NONE,STOPPED
="2026-09-07 10:34:39",79955,249030,72307,176722,1000000,-0.0188,0.1700,+0.0,-24.0,-0.2979,NONE,STOPPED
="2026-09-07 10:34:40",79954,249030,72307,176722,1000000,-0.0189,0.1700,-0.0,-24.0,-0.2817,NONE,STOPPED
="2026-09-07 10:34:41",79954,249030,72307,176722,1000000,-0.0189,0.1700,-0.0,-24.0,-0.2724,NONE,STOPPED
="2026-09-07 10:34:42",79954,249030,72307,176722,1000000,-0.0194,0.1700,-0.0,-24.0,-0.2623,NONE,STOPPED
="2026-09-07 10:34:43",79955,249030,72307,176722,1000000,-0.0194,0.1700,+0.0,-24.0,-0.2516,NONE,STOPPED
="2026-09-07 10:34:44",79954,249030,72307,176722,1000000,-0.0194,0.1700,-0.0,-24.0,-0.2403,NONE,STOPPED
="2026-09-07 10:34:45",79954,249030,72307,176722,1000000,-0.0201,0.1700,-0.0,-24.0,-0.2286,NONE,STOPPED
="2026-09-07 10:34:46",79955,249030,72307,176722,1000000,-0.0201,0.1700,+0.0,-23.9,-0.2165,NONE,STOPPED
="2026-09-07 10:34:47",79955,205301,28578,176722,1000000,-0.0200,0.1700,+0.0,-23.9,-0.2039,NONE,STOPPED
="2026-09-07 10:34:48",79955,205301,28578,176722,1000000,-0.0200,0.1700,+0.0,-23.9,-0.2039,NONE,STOPPED
="2026-09-07 10:34:49",79955,205301,28578,176722,1000000,-0.0200,0.1700,+0.0,-23.9,-0.1781,NONE,STOPPED
="2026-09-07 10:34:50",79955,205301,28578,176722,1000000,-0.0193,0.1700,+0.0,-16.0,-0.1649,NONE,STOPPED
="2026-09-07 10:34:51",79954,205301,28578,176722,1000000,-0.0193,0.1700,-0.0,-15.7,-0.1563,NONE,STOPPED
="2026-09-07 10:34:52",79954,205301,28578,176722,1000000,-0.0194,0.1700,-0.0,-0.9,-0.1478,NONE,STOPPED
="2026-09-07 10:34:53",79955,187548,10826,176722,1000000,-0.0184,0.1700,+0.0,+0.4,-0.1479,NONE,STOPPED
="2026-09-07 10:34:54",79967,216788,10826,205962,1000000,-0.0184,0.1700,+13.0,+19.2,-0.0980,NONE,STOPPED
="2026-09-07 10:34:55",79967,216788,10826,205962,1000000,-0.0193,0.1700,+13.0,+19.2,-0.0564,NONE,STOPPED
="2026-09-07 10:34:56",79968,216788,10826,205962,1000000,-0.0198,0.1700,+13.0,+19.2,-0.0190,NONE,STOPPED
="2026-09-07 10:34:57",79967,216788,10826,205962,1000000,-0.0193,0.1700,+13.0,+19.2,+0.0142,NONE,STOPPED
="2026-09-07 10:34:58",79967,216788,10826,205962,1000000,-0.0193,0.1700,+13.0,+19.2,+0.0142,NONE,STOPPED
="2026-09-07 10:34:59",79968,216788,10826,205962,1000000,-0.0193,0.1700,+0.0,+7.5,+0.0698,NONE,STOPPED
="2026-09-07 10:35:00",79968,139559,10826,128733,1000000,-0.0193,0.1700,+0.0,+7.4,+0.0722,NONE,STOPPED
="2026-09-07 10:35:01",79964,139559,10826,128733,1000000,-0.0197,0.1700,-3.8,+3.6,+0.1116,NONE,STOPPED
="2026-09-07 10:35:02",79960,139559,10826,128733,1000000,-0.0201,0.1700,-7.2,+0.2,+0.1088,NONE,STOPPED
="2026-09-07 10:35:03",79960,149562,20829,128733,1000000,-0.0201,0.1700,-7.2,+0.2,+0.1060,NONE,STOPPED
="2026-09-07 10:35:04",79960,149562,20829,128733,1000000,-0.0201,0.1700,-7.2,+0.2,+0.1060,NONE,STOPPED
="2026-09-07 10:35:05",79960,149562,20829,128733,1000000,-0.0189,0.1700,-7.2,+0.2,+0.1005,NONE,STOPPED
="2026-09-07 10:35:06",79960,149562,20829,128733,1000000,-0.0189,0.1700,-3.4,+0.2,+0.0977,NONE,STOPPED
="2026-09-07 10:35:07",79957,149562,20829,128733,1000000,-0.0190,0.1700,-3.5,-3.3,+0.0813,NONE,STOPPED
="2026-09-07 10:35:08",79957,149562,20829,128733,1000000,-0.0190,0.1700,-3.5,-3.3,+0.0662,NONE,STOPPED
="2026-09-07 10:35:09",79954,149562,20829,128733,1000000,-0.0184,0.1700,-5.8,-5.5,+0.0439,NONE,STOPPED
="2026-09-07 10:35:10",79955,149562,20829,128733,1000000,-0.0184,0.1700,-5.8,-13.2,+0.0236,NONE,STOPPED
="2026-09-07 10:35:11",79954,149562,20829,128733,1000000,-0.0184,0.1700,-5.8,-13.2,+0.0100,NONE,STOPPED
="2026-09-07 10:35:12",79954,149562,20829,128733,1000000,-0.0184,0.1700,-2.2,-13.2,-0.0019,NONE,STOPPED
="2026-09-07 10:35:13",79954,149562,20829,128733,1000000,-0.0184,0.1700,-2.2,-13.2,-0.0019,NONE,STOPPED
="2026-09-07 10:35:14",79955,149562,20829,128733,1000000,-0.0183,0.1700,-2.2,-13.2,-0.0121,NONE,STOPPED
="2026-09-07 10:35:15",79954,149562,20829,128733,1000000,-0.0179,0.1700,-0.0,-13.2,-0.0284,NONE,STOPPED
="2026-09-07 10:35:16",79955,149562,20829,128733,1000000,-0.0172,0.1700,+0.0,-13.2,-0.0346,NONE,STOPPED
="2026-09-07 10:35:17",79955,149562,20829,128733,1000000,-0.0172,0.1700,+0.0,-13.2,-0.0396,NONE,STOPPED
="2026-09-07 10:35:18",79954,149562,20829,128733,1000000,-0.0173,0.1700,-0.0,-13.2,-0.0436,NONE,STOPPED
="2026-09-07 10:35:19",79954,149562,20829,128733,1000000,-0.0173,0.1700,-0.0,-13.2,-0.0466,NONE,STOPPED
="2026-09-07 10:35:20",79954,149562,20829,128733,1000000,-0.0172,0.1700,-0.0,-13.2,-0.0487,NONE,STOPPED
="2026-09-07 10:35:21",79955,149562,20829,128733,1000000,-0.0173,0.1700,+0.0,-2.4,-0.0499,NONE,STOPPED
="2026-09-07 10:35:22",79963,157135,10003,147132,1000000,-0.0160,0.1700,+8.6,+6.2,-0.0236,NONE,STOPPED
="2026-09-07 10:35:23",79963,157135,10003,147132,1000000,-0.0160,0.1700,+8.6,+6.2,-0.0236,NONE,STOPPED
="2026-09-07 10:35:24",79963,157135,10003,147132,1000000,-0.0168,0.1700,+8.6,+8.6,+0.0216,NONE,STOPPED
="2026-09-07 10:35:25",79963,157135,10003,147132,1000000,-0.0168,0.1700,+8.6,+8.6,+0.0394,NONE,STOPPED
="2026-09-07 10:35:26",79963,157135,10003,147132,1000000,-0.0171,0.1700,+8.6,+8.6,+0.0552,NONE,STOPPED
="2026-09-07 10:35:27",79963,157135,10003,147132,1000000,-0.0002,0.1700,+8.6,+8.6,+0.0691,NONE,STOPPED
="2026-09-07 10:35:28",79963,157135,10003,147132,1000000,-0.0002,0.1700,-0.0,+8.6,+0.0813,NONE,STOPPED
="2026-09-07 10:35:29",79963,157135,10003,147132,1000000,-0.0002,0.1700,-0.0,+8.6,+0.0919,NONE,STOPPED
="2026-09-07 10:35:30",79963,157135,10003,147132,1000000,-0.0002,0.1700,-0.0,+8.6,+0.1010,NONE,STOPPED
="2026-09-07 10:35:31",79963,157135,10003,147132,1000000,-0.0002,0.1700,-0.0,+8.6,+0.1087,NONE,STOPPED
="2026-09-07 10:35:32",79963,157135,10003,147132,1000000,-0.0010,0.1700,-0.0,+8.6,+0.1087,NONE,STOPPED
="2026-09-07 10:35:33",79963,57642,10003,47639,1000000,-0.0009,0.1700,+0.0,+8.6,+0.1206,NONE,STOPPED
="2026-09-07 10:35:34",79963,57642,10003,47639,1000000,-0.0009,0.1700,+0.0,+8.6,+0.1249,NONE,STOPPED
="2026-09-07 10:35:35",79963,57642,10003,47639,1000000,-0.0008,0.1700,-0.0,+8.6,+0.1282,NONE,STOPPED
="2026-09-07 10:35:36",79963,57642,10003,47639,1000000,-0.0008,0.1700,+0.0,+8.6,+0.1306,NONE,STOPPED
="2026-09-07 10:35:37",79963,68544,20905,47639,1000000,-0.0012,0.1700,-0.3,+8.2,+0.1308,NONE,STOPPED
="2026-09-07 10:35:38",79963,68544,20905,47639,1000000,-0.0064,0.1700,-0.4,+8.2,+0.1304,NONE,STOPPED
="2026-09-07 10:35:39",79963,68544,20905,47639,1000000,-0.0063,0.1700,-0.3,+8.2,+0.1295,NONE,STOPPED
="2026-09-07 10:35:40",79959,78548,30908,47639,1000000,-0.0063,0.1700,-3.7,+4.8,+0.1147,NONE,STOPPED
="2026-09-07 10:35:41",79959,78548,30908,47639,1000000,-0.0063,0.1700,-3.7,+4.8,+0.1147,NONE,STOPPED
="2026-09-07 10:35:42",79959,78548,30908,47639,1000000,-0.0057,0.1700,-3.4,+4.8,+0.0878,NONE,STOPPED
="2026-09-07 10:35:43",79959,78548,30908,47639,1000000,-0.0052,0.1700,-3.4,+4.8,+0.0756,NONE,STOPPED
="2026-09-07 10:35:44",79959,78548,30908,47639,1000000,-0.0052,0.1700,-3.4,+4.8,+0.0640,NONE,STOPPED
="2026-09-07 10:35:45",79959,78548,30908,47639,1000000,-0.0046,0.1700,-0.0,+4.8,+0.0532,NONE,STOPPED
="2026-09-07 10:35:46",79959,78548,30908,47639,1000000,-0.0046,0.1700,-0.0,+4.8,+0.0429,NONE,STOPPED
="2026-09-07 10:35:47",79945,143335,95695,47639,1000000,-0.0058,0.1700,-14.0,-9.2,-0.0212,NONE,STOPPED
="2026-09-07 10:35:48",79945,143335,95695,47639,1000000,-0.0058,0.1700,-14.0,-9.2,-0.0793,NONE,STOPPED
="2026-09-07 10:35:49",79945,143335,95695,47639,1000000,-0.0058,0.1700,-14.0,-9.2,-0.1317,NONE,STOPPED
="2026-09-07 10:35:50",79945,143335,95695,47639,1000000,-0.0058,0.1700,-14.0,-9.2,-0.1317,NONE,STOPPED
="2026-09-07 10:35:51",79945,143335,95695,47639,1000000,-0.0058,0.1700,-14.0,-9.2,-0.1788,NONE,STOPPED
="2026-09-07 10:35:52",79945,143335,95695,47639,1000000,-0.0058,0.1700,+0.0,-9.2,-0.2587,NONE,STOPPED
="2026-09-07 10:35:53",79945,143335,95695,47639,1000000,-0.0049,0.1700,-0.0,-22.2,-0.2922,NONE,STOPPED
="2026-09-07 10:35:54",79945,114094,95695,18399,1000000,-0.0049,0.1700,-0.0,-22.2,-0.3138,NONE,STOPPED
="2026-09-07 10:35:55",79945,114094,95695,18399,1000000,-0.0040,0.1700,-0.0,-22.2,-0.3320,NONE,STOPPED
="2026-09-07 10:35:56",79945,114094,95695,18399,1000000,-0.0039,0.1700,-0.0,-22.2,-0.3469,NONE,STOPPED
="2026-09-07 10:35:57",79945,114094,95695,18399,1000000,-0.0043,0.1700,+0.0,-22.2,-0.3590,NONE,STOPPED
="2026-09-07 10:35:58",79945,114094,95695,18399,1000000,-0.0043,0.1700,-0.0,-22.2,-0.3683,NONE,STOPPED
="2026-09-07 10:35:59",79945,114094,95695,18399,1000000,-0.0043,0.1700,-0.0,-22.2,-0.3683,NONE,STOPPED
="2026-09-07 10:36:00",79945,114094,95695,18399,1000000,-0.0043,0.1700,+0.0,-22.2,-0.3788,NONE,STOPPED
="2026-09-07 10:36:01",79945,134441,116042,18399,1000000,-0.0043,0.1700,+0.0,-14.9,-0.3844,NONE,STOPPED
="2026-09-07 10:36:02",79945,134441,116042,18399,1000000,-0.0040,0.1700,-0.0,-14.9,-0.3893,NONE,STOPPED
="2026-09-07 10:36:03",79945,124438,106039,18399,1000000,-0.0040,0.1700,-0.0,-15.0,-0.3924,NONE,STOPPED
="2026-09-07 10:36:04",79945,124438,106039,18399,1000000,-0.0040,0.1700,-0.0,-15.0,-0.3924,NONE,STOPPED
="2026-09-07 10:36:05",79945,147756,106039,41717,1000000,-0.0036,0.1700,-0.0,-15.0,-0.3939,NONE,STOPPED
="2026-09-07 10:36:06",79956,147756,106039,41717,1000000,-0.0036,0.1700,+11.2,-0.2,-0.3097,NONE,STOPPED
="2026-09-07 10:36:07",79956,147756,106039,41717,1000000,-0.0035,0.1700,+11.2,-0.2,-0.2741,NONE,STOPPED
="2026-09-07 10:36:08",79956,147756,106039,41717,1000000,-0.0035,0.1700,+11.2,+2.0,-0.2411,NONE,STOPPED
="2026-09-07 10:36:09",79956,147756,106039,41717,1000000,-0.0042,0.1700,+11.2,+2.0,-0.2117,NONE,STOPPED
="2026-09-07 10:36:10",79956,147756,106039,41717,1000000,-0.0042,0.1700,+0.0,+2.0,-0.1846,NONE,STOPPED
="2026-09-07 10:36:11",79956,159994,118277,41717,1000000,-0.0042,0.1700,+0.0,+2.0,-0.1597,NONE,STOPPED
="2026-09-07 10:36:12",79954,159994,118277,41717,1000000,-0.0042,0.1700,-2.9,-1.0,-0.1481,NONE,STOPPED
="2026-09-07 10:36:13",79954,159994,118277,41717,1000000,-0.0043,0.1700,-2.9,-1.0,-0.1372,NONE,STOPPED
="2026-09-07 10:36:14",79954,159994,118277,41717,1000000,-0.0043,0.1700,-2.9,-1.0,-0.1372,NONE,STOPPED
="2026-09-07 10:36:15",79951,199184,157467,41717,1000000,-0.0035,0.1700,-5.5,-3.5,-0.1271,NONE,STOPPED
="2026-09-07 10:36:16",79940,221420,179703,41717,1000000,-0.0042,0.1700,-17.0,-15.0,-0.1716,NONE,STOPPED
="2026-09-07 10:36:17",79920,263750,222033,41717,1000000,-0.0042,0.1700,-33.3,-34.3,-0.2863,NONE,STOPPED
="2026-09-07 10:36:18",79920,263750,222033,41717,1000000,-0.0042,0.1700,-33.3,-34.3,-0.3889,NONE,STOPPED
="2026-09-07 10:36:19",79920,263750,222033,41717,1000000,-0.0043,0.1700,-33.3,-34.3,-0.4803,NONE,STOPPED
="2026-09-07 10:36:20",79941,313926,222033,91892,1000000,-0.0043,0.1700,-10.4,-13.9,-0.4817,NONE,STOPPED
="2026-09-07 10:36:21",79941,313926,222033,91892,1000000,+0.0325,0.1700,+1.1,-22.4,-0.4814,NONE,STOPPED
="2026-09-07 10:36:22",79941,295527,222033,73493,1000000,+0.0312,0.1700,+20.4,-22.5,-0.4745,NONE,STOPPED
="2026-09-07 10:36:23",79941,295527,222033,73493,1000000,+0.0312,0.1700,+20.4,-22.5,-0.4662,NONE,STOPPED
="2026-09-07 10:36:24",79941,295527,222033,73493,1000000,+0.0295,0.1700,+20.4,-22.5,-0.4662,NONE,STOPPED
="2026-09-07 10:36:25",79941,295527,222033,73493,1000000,+0.0298,0.1700,+0.0,-22.4,-0.4463,NONE,STOPPED
="2026-09-07 10:36:26",79941,295527,222033,73493,1000000,+0.0298,0.1700,+0.0,-22.4,-0.4350,NONE,STOPPED
="2026-09-07 10:36:27",79941,295527,222033,73493,1000000,+0.0298,0.1700,-0.0,-22.5,-0.4228,NONE,STOPPED
="2026-09-07 10:36:28",79941,295527,222033,73493,1000000,+0.0298,0.1700,+0.0,-22.4,-0.4099,NONE,STOPPED
="2026-09-07 10:36:29",79941,295527,222033,73493,1000000,+0.0298,0.1700,+0.0,-22.4,-0.3964,NONE,STOPPED
="2026-09-07 10:36:30",79941,295527,222033,73493,1000000,+0.0299,0.1700,+0.0,-22.4,-0.3824,NONE,STOPPED
="2026-09-07 10:36:31",79941,295527,222033,73493,1000000,+0.0299,0.1700,+0.0,-22.4,-0.3679,NONE,STOPPED
="2026-09-07 10:36:32",79941,295527,222033,73493,1000000,+0.0307,0.1700,-0.0,-22.5,-0.3531,NONE,STOPPED
="2026-09-07 10:36:33",79941,295527,222033,73493,1000000,+0.0302,0.1700,-0.0,-22.5,-0.3531,NONE,STOPPED
="2026-09-07 10:36:34",79941,295527,222033,73493,1000000,+0.0302,0.1700,+0.0,-22.4,-0.3378,NONE,STOPPED
="2026-09-07 10:36:35",79941,295527,222033,73493,1000000,+0.0301,0.1700,+0.0,-22.4,-0.3067,NONE,STOPPED
="2026-09-07 10:36:36",79941,295527,222033,73493,1000000,+0.0301,0.1700,-0.0,-22.1,-0.2909,NONE,STOPPED
="2026-09-07 10:36:37",79941,284625,211131,73493,1000000,+0.0301,0.1700,+0.0,-22.1,-0.2751,NONE,STOPPED
="2026-09-07 10:36:38",79941,284625,211131,73493,1000000,+0.0353,0.1700,-0.0,-22.1,-0.2593,NONE,STOPPED
="2026-09-07 10:36:39",79941,284625,211131,73493,1000000,+0.0353,0.1700,-0.0,-18.7,-0.2435,NONE,STOPPED
="2026-09-07 10:36:40",79928,310391,236897,73493,1000000,+0.0350,0.1700,-13.1,-31.8,-0.2807,NONE,STOPPED
="2026-09-07 10:36:41",79927,310391,236897,73493,1000000,+0.0350,0.1700,-13.1,-31.8,-0.3129,NONE,STOPPED
="2026-09-07 10:36:42",79927,322543,249049,73493,1000000,+0.0350,0.1700,-13.1,-31.8,-0.3402,NONE,STOPPED
="2026-09-07 10:36:43",79927,322543,249049,73493,1000000,+0.0345,0.1700,-13.1,-31.8,-0.3402,NONE,STOPPED
="2026-09-07 10:36:44",79927,322543,249049,73493,1000000,+0.0345,0.1700,-13.1,-31.8,-0.3821,NONE,STOPPED
="2026-09-07 10:36:45",79925,343834,270341,73493,1000000,+0.0342,0.1700,-2.2,-34.0,-0.4057,NONE,STOPPED
="2026-09-07 10:36:46",79925,343834,270341,73493,1000000,+0.0342,0.1700,-2.2,-20.0,-0.4249,NONE,STOPPED
="2026-09-07 10:36:47",79925,279047,205554,73493,1000000,+0.0355,0.1700,-2.2,-20.0,-0.4487,NONE,STOPPED
="2026-09-07 10:36:48",79925,279047,205554,73493,1000000,+0.0355,0.1700,-2.2,-20.0,-0.4687,NONE,STOPPED
="2026-09-07 10:36:49",79925,279047,205554,73493,1000000,+0.0355,0.1700,-2.2,-20.0,-0.4851,NONE,STOPPED
="2026-09-07 10:36:50",79925,279047,205554,73493,1000000,+0.0355,0.1700,-2.2,-20.0,-0.4983,NONE,STOPPED
="2026-09-07 10:36:51",79925,279047,205554,73493,1000000,+0.0355,0.1700,-0.0,-20.0,-0.5085,NONE,STOPPED
="2026-09-07 10:36:52",79925,279047,205554,73493,1000000,+0.0356,0.1700,-0.0,-20.0,-0.5085,NONE,STOPPED
="2026-09-07 10:36:53",79925,279047,205554,73493,1000000,+0.0347,0.1700,-0.0,-20.0,-0.5160,NONE,STOPPED
="2026-09-07 10:36:54",79925,279047,205554,73493,1000000,+0.0347,0.1700,-0.0,-20.0,-0.5234,NONE,STOPPED
="2026-09-07 10:36:55",79925,279047,205554,73493,1000000,+0.0345,0.1700,+0.0,-20.0,-0.5239,NONE,STOPPED
="2026-09-07 10:36:56",79925,279047,205554,73493,1000000,+0.0345,0.1700,-0.0,-20.0,-0.5224,NONE,STOPPED
="2026-09-07 10:36:57",79925,279047,205554,73493,1000000,+0.0345,0.1700,-0.0,-20.0,-0.5192,NONE,STOPPED
="2026-09-07 10:36:58",79925,279047,205554,73493,1000000,+0.0345,0.1700,+0.0,-20.0,-0.5144,NONE,STOPPED
="2026-09-07 10:36:59",79929,318984,205554,113430,1000000,+0.0345,0.1700,+3.8,-16.1,-0.4932,NONE,STOPPED
="2026-09-07 10:37:00",79929,318984,205554,113430,1000000,+0.0344,0.1700,+3.8,-16.1,-0.4722,NONE,STOPPED
="2026-09-07 10:37:01",79929,345709,185207,160501,1000000,+0.0344,0.1700,+3.8,-16.1,-0.4722,NONE,STOPPED
="2026-09-07 10:37:02",79939,345709,185207,160501,1000000,+0.0344,0.1700,+13.8,-6.2,-0.3559,NONE,STOPPED
="2026-09-07 10:37:03",79939,345709,185207,160501,1000000,+0.0344,0.1700,+13.8,-6.2,-0.3056,NONE,STOPPED
="2026-09-07 10:37:04",79939,345709,185207,160501,1000000,+0.0322,0.1700,+10.0,-17.3,-0.2577,NONE,STOPPED
="2026-09-07 10:37:05",79939,322391,185207,137184,1000000,+0.0322,0.1700,+9.9,-17.4,-0.2069,NONE,STOPPED
="2026-09-07 10:37:06",79939,322391,185207,137184,1000000,+0.0318,0.1700,-0.1,-17.4,-0.1595,NONE,STOPPED
="2026-09-07 10:37:07",79939,322391,185207,137184,1000000,+0.0318,0.1700,-0.1,-17.4,-0.1151,NONE,STOPPED
="2026-09-07 10:37:08",79939,337114,199930,137184,1000000,+0.0325,0.1700,-0.1,-17.4,-0.0738,NONE,STOPPED
="2026-09-07 10:37:09",79938,337114,199930,137184,1000000,+0.0325,0.1700,-1.3,-18.6,-0.0398,NONE,STOPPED
="2026-09-07 10:37:10",79938,337114,199930,137184,1000000,+0.0329,0.1700,-1.3,-18.6,-0.0398,NONE,STOPPED
="2026-09-07 10:37:11",79937,353324,216140,137184,1000000,+0.0329,0.1700,-1.7,-16.1,+0.0199,NONE,STOPPED
="2026-09-07 10:37:12",79937,341086,203902,137184,1000000,+0.0329,0.1700,-1.7,-16.1,+0.0443,NONE,STOPPED
="2026-09-07 10:37:13",79937,341086,203902,137184,1000000,+0.0329,0.1700,-1.7,-16.1,+0.0671,NONE,STOPPED
="2026-09-07 10:37:14",79937,301896,164712,137184,1000000,+0.0329,0.1700,-0.5,-13.6,+0.0885,NONE,STOPPED
="2026-09-07 10:37:15",79937,301896,164712,137184,1000000,+0.0322,0.1700,-0.5,-2.1,+0.1068,NONE,STOPPED
="2026-09-07 10:37:16",79937,237330,100146,137184,1000000,+0.0323,0.1700,-0.0,+17.2,+0.1170,NONE,STOPPED
="2026-09-07 10:37:17",79937,237330,100146,137184,1000000,+0.0323,0.1700,-0.0,+17.2,+0.1143,NONE,STOPPED
="2026-09-07 10:37:18",79937,252040,100146,151894,1000000,+0.0323,0.1700,+0.0,+17.2,+0.1110,NONE,STOPPED
="2026-09-07 10:37:19",79942,252040,100146,151894,1000000,+0.0317,0.1700,+4.4,+1.2,+0.1242,NONE,STOPPED
="2026-09-07 10:37:20",79942,201864,100146,101718,1000000,+0.0317,0.1700,+4.4,+1.2,+0.1242,NONE,STOPPED
="2026-09-07 10:37:21",79942,201864,100146,101718,1000000,-0.0051,0.1700,+4.4,+1.2,+0.1686,NONE,STOPPED
="2026-09-07 10:37:22",79942,201864,100146,101718,1000000,-0.0051,0.1700,+4.4,+1.2,+0.1873,NONE,STOPPED
="2026-09-07 10:37:23",79942,201864,100146,101718,1000000,-0.0051,0.1700,+4.4,+1.2,+0.2039,NONE,STOPPED
="2026-09-07 10:37:24",79942,201864,100146,101718,1000000,-0.0035,0.1700,+4.4,+1.2,+0.2186,NONE,STOPPED
="2026-09-07 10:37:25",79942,201864,100146,101718,1000000,-0.0035,0.1700,+0.0,+1.2,+0.2315,NONE,STOPPED
="2026-09-07 10:37:26",79942,201864,100146,101718,1000000,-0.0041,0.1700,-0.0,+1.2,+0.2427,NONE,STOPPED
="2026-09-07 10:37:27",79942,201864,100146,101718,1000000,-0.0041,0.1700,+0.0,+1.2,+0.2524,NONE,STOPPED
="2026-09-07 10:37:28",79942,201864,100146,101718,1000000,-0.0041,0.1700,-0.0,+1.2,+0.2607,NONE,STOPPED
="2026-09-07 10:37:29",79942,201864,100146,101718,1000000,-0.0041,0.1700,-0.0,+1.2,+0.2607,NONE,STOPPED
="2026-09-07 10:37:30",79942,201864,100146,101718,1000000,-0.0041,0.1700,+0.0,+1.2,+0.2677,NONE,STOPPED
="2026-09-07 10:37:31",79942,201864,100146,101718,1000000,-0.0041,0.1700,+0.0,+1.2,+0.2781,NONE,STOPPED
="2026-09-07 10:37:32",79942,201864,100146,101718,1000000,-0.0041,0.1700,-0.0,+1.2,+0.2817,NONE,STOPPED
="2026-09-07 10:37:33",79942,201864,100146,101718,1000000,-0.0041,0.1700,-0.0,+1.2,+0.2844,NONE,STOPPED
="2026-09-07 10:37:34",79942,201864,100146,101718,1000000,-0.0036,0.1700,+0.0,+1.2,+0.2862,NONE,STOPPED
="2026-09-07 10:37:35",79942,201864,100146,101718,1000000,-0.0036,0.1700,-0.0,+1.2,+0.2872,NONE,STOPPED
="2026-09-07 10:37:36",79942,201864,100146,101718,1000000,-0.0036,0.1700,+0.0,+1.2,+0.2875,NONE,STOPPED
="2026-09-07 10:37:37",79949,201864,100146,101718,1000000,-0.0036,0.1700,+7.4,+8.6,+0.3159,NONE,STOPPED
="2026-09-07 10:37:38",79949,201864,100146,101718,1000000,-0.0038,0.1700,+7.4,+8.6,+0.3407,NONE,STOPPED
="2026-09-07 10:37:39",79949,201864,100146,101718,1000000,-0.0036,0.1700,+7.4,+8.6,+0.3407,NONE,STOPPED
="2026-09-07 10:37:40",79949,166095,64376,101718,1000000,-0.0036,0.1700,+7.4,+21.7,+0.3729,NONE,STOPPED
="2026-09-07 10:37:41",79949,166095,64376,101718,1000000,-0.0037,0.1700,+7.4,+21.7,+0.3809,NONE,STOPPED
="2026-09-07 10:37:42",79949,166095,64376,101718,1000000,-0.0037,0.1700,-0.0,+21.7,+0.3865,NONE,STOPPED
="2026-09-07 10:37:43",79949,153943,52224,101718,1000000,-0.0037,0.1700,+7.4,+21.7,+0.3900,NONE,STOPPED
="2026-09-07 10:37:44",79949,132651,30933,101718,1000000,-0.0036,0.1700,-0.0,+23.9,+0.3914,NONE,STOPPED
="2026-09-07 10:37:45",79949,132651,30933,101718,1000000,-0.0033,0.1700,+7.4,+23.9,+0.3898,NONE,STOPPED
="2026-09-07 10:37:46",79949,132651,30933,101718,1000000,-0.0033,0.1700,-0.0,+23.9,+0.3865,NONE,STOPPED
="2026-09-07 10:37:47",79949,132651,30933,101718,1000000,-0.0033,0.1700,-0.0,+23.9,+0.3865,NONE,STOPPED
="2026-09-07 10:37:48",79949,132651,30933,101718,1000000,-0.0033,0.1700,+0.0,+23.9,+0.3817,NONE,STOPPED
="2026-09-07 10:37:49",79949,132651,30933,101718,1000000,-0.0033,0.1700,+0.0,+23.9,+0.3684,NONE,STOPPED
="2026-09-07 10:37:50",79949,132651,30933,101718,1000000,-0.0033,0.1700,-0.0,+23.9,+0.3599,NONE,STOPPED
="2026-09-07 10:37:51",79949,132651,30933,101718,1000000,-0.0042,0.1700,-0.0,+23.9,+0.3506,NONE,STOPPED
="2026-09-07 10:37:52",79942,172199,70481,101718,1000000,-0.0043,0.1700,-6.9,+17.0,+0.3135,NONE,STOPPED
="2026-09-07 10:37:53",79942,172199,70481,101718,1000000,-0.0043,0.1700,-6.9,+17.0,+0.2784,NONE,STOPPED
="2026-09-07 10:37:54",79942,172199,70481,101718,1000000,-0.0043,0.1700,-6.9,+17.0,+0.2451,NONE,STOPPED
="2026-09-07 10:37:55",79940,197810,96091,101718,1000000,-0.0042,0.1700,-9.7,+14.2,+0.2027,NONE,STOPPED
="2026-09-07 10:37:56",79940,197810,96091,101718,1000000,-0.0037,0.1700,-9.7,+14.2,+0.1631,NONE,STOPPED
="2026-09-07 10:37:57",79940,197810,96091,101718,1000000,-0.0037,0.1700,-9.7,+14.2,+0.1631,NONE,STOPPED
="2026-09-07 10:37:58",79940,229372,127653,101718,1000000,-0.0037,0.1700,-2.8,+10.3,+0.0913,NONE,STOPPED
="2026-09-07 10:37:59",79940,189435,127653,61782,1000000,-0.0037,0.1700,-2.8,+10.3,+0.0612,NONE,STOPPED
="2026-09-07 10:38:00",79940,189435,127653,61782,1000000,-0.0037,0.1700,-0.0,+0.4,+0.0333,NONE,STOPPED
="2026-09-07 10:38:01",79940,142363,127653,14710,1000000,-0.0037,0.1700,-0.0,+0.4,+0.0134,NONE,STOPPED
="2026-09-07 10:38:02",79940,142363,127653,14710,1000000,-0.0065,0.1700,-0.0,+0.4,-0.0048,NONE,STOPPED
="2026-09-07 10:38:03",79940,142363,127653,14710,1000000,-0.0042,0.1700,+0.0,+0.4,-0.0213,NONE,STOPPED
="2026-09-07 10:38:04",79940,142363,127653,14710,1000000,-0.0042,0.1700,+0.0,+0.4,-0.0213,NONE,STOPPED
="2026-09-07 10:38:05",79940,142363,127653,14710,1000000,-0.0042,0.1700,+0.0,+0.5,-0.0501,NONE,STOPPED
="2026-09-07 10:38:06",79940,142363,127653,14710,1000000,-0.0042,0.1700,+0.0,+0.4,-0.0625,NONE,STOPPED
="2026-09-07 10:38:07",79940,142363,127653,14710,1000000,-0.0042,0.1700,+0.0,+0.5,-0.0738,NONE,STOPPED
="2026-09-07 10:38:08",79940,142363,127653,14710,1000000,-0.0042,0.1700,-0.0,+1.6,-0.0839,NONE,STOPPED
="2026-09-07 10:38:09",79940,127640,112930,14710,1000000,-0.0025,0.1700,+0.0,+1.6,-0.0937,NONE,STOPPED
="2026-09-07 10:38:10",79940,127640,112930,14710,1000000,-0.0029,0.1700,+0.0,+2.1,-0.1025,NONE,STOPPED
="2026-09-07 10:38:11",79940,111430,96720,14710,1000000,-0.0029,0.1700,-0.0,+2.1,-0.1107,NONE,STOPPED
="2026-09-07 10:38:12",79940,111430,96720,14710,1000000,-0.0030,0.1700,+0.0,+2.1,-0.1180,NONE,STOPPED
="2026-09-07 10:38:13",79940,111430,96720,14710,1000000,-0.0030,0.1700,+0.0,+2.1,-0.1180,NONE,STOPPED
="2026-09-07 10:38:14",79940,111430,96720,14710,1000000,-0.0030,0.1700,+0.0,+2.1,-0.1302,NONE,STOPPED
="2026-09-07 10:38:15",79940,131415,116705,14710,1000000,-0.0029,0.1700,+0.0,+2.1,-0.1353,NONE,STOPPED
="2026-09-07 10:38:16",79941,131415,116705,14710,1000000,-0.0030,0.1700,+1.7,+3.8,-0.1332,NONE,STOPPED
="2026-09-07 10:38:17",79941,131415,116705,14710,1000000,-0.0030,0.1700,+1.7,+3.8,-0.1312,NONE,STOPPED
="2026-09-07 10:38:18",79941,131415,116705,14710,1000000,-0.0032,0.1700,+1.7,-0.6,-0.1292,NONE,STOPPED
="2026-09-07 10:38:19",79941,116705,116705,0,1000000,-0.0027,0.1700,+1.7,-0.7,-0.1246,NONE,STOPPED
="2026-09-07 10:38:20",79941,116705,116705,0,1000000,-0.0027,0.1700,+1.7,-0.6,-0.1202,NONE,STOPPED
="2026-09-07 10:38:21",79941,116705,116705,0,1000000,-0.0025,0.1700,+1.7,-0.6,-0.1158,NONE,STOPPED
="2026-09-07 10:38:22",79941,116705,116705,0,1000000,-0.0025,0.1700,+1.7,-0.6,-0.1158,NONE,STOPPED
="2026-09-07 10:38:23",79941,116705,116705,0,1000000,-0.0025,0.1700,-0.0,-0.6,-0.1075,NONE,STOPPED
="2026-09-07 10:38:24",79941,116705,116705,0,1000000,-0.0025,0.1700,+0.0,-0.6,-0.1035,NONE,STOPPED
="2026-09-07 10:38:25",79935,116705,116705,0,1000000,-0.0024,0.1700,-5.9,-6.6,-0.1228,NONE,STOPPED
="2026-09-07 10:38:26",79924,143395,143395,0,1000000,-0.0018,0.1700,-17.3,-17.9,-0.1840,NONE,STOPPED
="2026-09-07 10:38:27",79924,143395,143395,0,1000000,-0.0018,0.1700,-17.3,-17.9,-0.2387,NONE,STOPPED
="2026-09-07 10:38:28",79924,143395,143395,0,1000000,-0.0018,0.1700,-17.3,-17.9,-0.2874,NONE,STOPPED
="2026-09-07 10:38:29",79924,143395,143395,0,1000000,-0.0018,0.1700,-17.3,-17.9,-0.3305,NONE,STOPPED
="2026-09-07 10:38:30",79924,143395,143395,0,1000000,-0.0018,0.1700,-11.4,-17.9,-0.3684,NONE,STOPPED
="2026-09-07 10:38:31",79924,143395,143395,0,1000000,-0.0018,0.1700,+0.0,-17.9,-0.4013,NONE,STOPPED
="2026-09-07 10:38:32",79924,143395,143395,0,1000000,-0.0018,0.1700,+0.0,-17.9,-0.4013,NONE,STOPPED
="2026-09-07 10:38:33",79924,143395,143395,0,1000000,+0.0001,0.1700,-0.0,-17.9,-0.4543,NONE,STOPPED
="2026-09-07 10:38:34",79924,143395,143395,0,1000000,+0.0001,0.1700,-0.0,-17.9,-0.4749,NONE,STOPPED
="2026-09-07 10:38:35",79924,143395,143395,0,1000000,+0.0001,0.1700,+0.0,-17.9,-0.4920,NONE,STOPPED
="2026-09-07 10:38:36",79924,143395,143395,0,1000000,+0.0001,0.1700,-0.0,-25.3,-0.5058,NONE,STOPPED
="2026-09-07 10:38:37",79924,143395,143395,0,1000000,+0.0001,0.1700,-0.0,-25.3,-0.5122,NONE,STOPPED
="2026-09-07 10:38:38",79924,143395,143395,0,1000000,+0.0003,0.1700,-0.0,-25.3,-0.5159,NONE,STOPPED
="2026-09-07 10:38:39",79924,143395,143395,0,1000000,-0.0005,0.1700,-0.0,-25.3,-0.5172,NONE,STOPPED
="2026-09-07 10:38:40",79924,143395,143395,0,1000000,-0.0005,0.1700,+0.0,-25.3,-0.5163,NONE,STOPPED
="2026-09-07 10:38:41",79924,155969,155969,0,1000000,-0.0005,0.1700,+0.0,-25.3,-0.5163,NONE,STOPPED
="2026-09-07 10:38:42",79915,155969,155969,0,1000000,-0.0005,0.1700,-8.6,-33.9,-0.5469,NONE,STOPPED
="2026-09-07 10:38:43",79915,155969,155969,0,1000000,-0.0007,0.1700,-8.6,-33.9,-0.5929,NONE,STOPPED
="2026-09-07 10:38:44",79915,155969,155969,0,1000000,-0.0008,0.1700,-8.6,-33.9,-0.6091,NONE,STOPPED
="2026-09-07 10:38:45",79915,155969,155969,0,1000000,-0.0008,0.1700,-8.6,-33.9,-0.6212,NONE,STOPPED
="2026-09-07 10:38:46",79915,155969,155969,0,1000000,-0.0008,0.1700,-0.0,-33.9,-0.6296,NONE,STOPPED
="2026-09-07 10:38:47",79915,155969,155969,0,1000000,-0.0007,0.1700,-8.6,-33.9,-0.6346,NONE,STOPPED
="2026-09-07 10:38:48",79915,155969,155969,0,1000000,-0.0007,0.1700,-0.0,-33.9,-0.6364,NONE,STOPPED
="2026-09-07 10:38:49",79915,155969,155969,0,1000000,-0.0013,0.1700,+0.0,-33.9,-0.6354,NONE,STOPPED
="2026-09-07 10:38:50",79915,155969,155969,0,1000000,-0.0013,0.1700,+0.0,-33.9,-0.6354,NONE,STOPPED
="2026-09-07 10:38:51",79915,155969,155969,0,1000000,-0.0004,0.1700,-0.0,-33.9,-0.6319,NONE,STOPPED
="2026-09-07 10:38:52",79915,116421,116421,0,1000000,-0.0005,0.1700,+0.0,-27.0,-0.6220,NONE,STOPPED
="2026-09-07 10:38:53",79915,116421,116421,0,1000000,-0.0005,0.1700,+0.0,-27.0,-0.6160,NONE,STOPPED
="2026-09-07 10:38:54",79915,116421,116421,0,1000000,-0.0005,0.1700,+0.0,-24.2,-0.6082,NONE,STOPPED
="2026-09-07 10:38:55",79915,90810,90810,0,1000000,-0.0005,0.1700,-0.0,-24.2,-0.6005,NONE,STOPPED
="2026-09-07 10:38:56",79915,90810,90810,0,1000000,-0.0009,0.1700,-0.0,-24.2,-0.5912,NONE,STOPPED
="2026-09-07 10:38:57",79915,90810,90810,0,1000000,-0.0009,0.1700,-0.0,-24.2,-0.5806,NONE,STOPPED
="2026-09-07 10:38:58",79915,59248,59248,0,1000000,-0.0009,0.1700,+0.0,-24.2,-0.5687,NONE,STOPPED
="2026-09-07 10:38:59",79915,59248,59248,0,1000000,-0.0009,0.1700,-0.0,-24.2,-0.5557,NONE,STOPPED
="2026-09-07 10:39:00",79915,59248,59248,0,1000000,-0.0009,0.1700,-0.0,-24.2,-0.5557,NONE,STOPPED
="2026-09-07 10:39:01",79915,59248,59248,0,1000000,-0.0011,0.1700,-0.0,-24.2,-0.5269,NONE,STOPPED
="2026-09-07 10:39:02",79915,59248,59248,0,1000000,+0.0017,0.1700,+0.0,-24.2,-0.5113,NONE,STOPPED
="2026-09-07 10:39:03",79915,59248,59248,0,1000000,+0.0017,0.1700,+0.0,-24.2,-0.4950,NONE,STOPPED
="2026-09-07 10:39:04",79915,59248,59248,0,1000000,+0.0017,0.1700,-0.0,-24.2,-0.4782,NONE,STOPPED
="2026-09-07 10:39:05",79915,59248,59248,0,1000000,+0.0017,0.1700,+0.0,-24.2,-0.4608,NONE,STOPPED
="2026-09-07 10:39:06",79915,59248,59248,0,1000000,+0.0017,0.1700,+0.0,-24.2,-0.4431,NONE,STOPPED
="2026-09-07 10:39:07",79915,59248,59248,0,1000000,+0.0018,0.1700,+0.0,-24.2,-0.4250,NONE,STOPPED
="2026-09-07 10:39:08",79918,69630,59248,10381,1000000,+0.0001,0.1700,+2.6,-21.7,-0.3967,NONE,STOPPED
="2026-09-07 10:39:09",79918,69630,59248,10381,1000000,+0.0001,0.1700,+2.6,-21.7,-0.3967,NONE,STOPPED
="2026-09-07 10:39:10",79918,69630,59248,10381,1000000,+0.0001,0.1700,+2.6,-21.7,-0.3425,NONE,STOPPED
="2026-09-07 10:39:11",79918,69630,59248,10381,1000000,+0.0001,0.1700,+2.6,-21.7,-0.3165,NONE,STOPPED
="2026-09-07 10:39:12",79918,69630,59248,10381,1000000,+0.0001,0.1700,+2.6,-21.7,-0.2914,NONE,STOPPED
="2026-09-07 10:39:13",79918,69630,59248,10381,1000000,+0.0001,0.1700,-0.0,-21.7,-0.2669,NONE,STOPPED
="2026-09-07 10:39:14",79918,69630,59248,10381,1000000,-0.0003,0.1700,+2.6,-21.7,-0.2432,NONE,STOPPED
="2026-09-07 10:39:15",79918,49645,39263,10381,1000000,-0.0004,0.1700,-0.0,-23.4,-0.2202,NONE,STOPPED
="2026-09-07 10:39:16",79918,49645,39263,10381,1000000,-0.0004,0.1700,+0.0,-23.4,-0.1968,NONE,STOPPED
="2026-09-07 10:39:17",79918,49645,39263,10381,1000000,-0.0004,0.1700,-0.0,-23.4,-0.1742,NONE,STOPPED
="2026-09-07 10:39:18",79918,49645,39263,10381,1000000,-0.0002,0.1700,-0.0,-23.4,-0.1742,NONE,STOPPED
="2026-09-07 10:39:19",79918,49645,39263,10381,1000000,-0.0002,0.1700,+0.0,-23.3,-0.1522,NONE,STOPPED
="2026-09-07 10:39:20",79918,49645,39263,10381,1000000,+0.0000,0.1700,+0.0,-23.4,-0.1103,NONE,STOPPED
="2026-09-07 10:39:21",79918,49645,39263,10381,1000000,-0.0001,0.1700,-0.0,-23.4,-0.0903,NONE,STOPPED
="2026-09-07 10:39:22",79918,49645,39263,10381,1000000,-0.0001,0.1700,-0.0,-23.3,-0.0710,NONE,STOPPED
="2026-09-07 10:39:23",79918,49645,39263,10381,1000000,+0.0001,0.1700,+0.0,-23.4,-0.0522,NONE,STOPPED
="2026-09-07 10:39:24",79918,49645,39263,10381,1000000,+0.0000,0.1700,-0.0,-17.4,-0.0340,NONE,STOPPED
="2026-09-07 10:39:25",79918,49645,39263,10381,1000000,+0.0000,0.1700,+0.0,-6.0,-0.0200,NONE,STOPPED
="2026-09-07 10:39:26",79918,22955,12573,10381,1000000,+0.0001,0.1700,+0.0,-6.1,-0.0134,NONE,STOPPED
="2026-09-07 10:39:27",79918,22955,12573,10381,1000000,+0.0001,0.1700,+0.0,-6.1,-0.0134,NONE,STOPPED
="2026-09-07 10:39:28",79918,22955,12573,10381,1000000,+0.0001,0.1700,-0.0,-6.1,-0.0072,NONE,STOPPED
="2026-09-07 10:39:29",79918,22955,12573,10381,1000000,+0.0001,0.1700,+0.0,-6.0,+0.0046,NONE,STOPPED
="2026-09-07 10:39:30",79918,22955,12573,10381,1000000,+0.0001,0.1700,-0.0,-6.1,+0.0100,NONE,STOPPED
="2026-09-07 10:39:31",79918,22955,12573,10381,1000000,+0.0001,0.1700,-0.0,-6.1,+0.0152,NONE,STOPPED
="2026-09-07 10:39:32",79918,22955,12573,10381,1000000,+0.0001,0.1700,+0.0,-6.0,+0.0202,NONE,STOPPED
="2026-09-07 10:39:33",79906,90112,79731,10381,1000000,-0.0017,0.1700,-12.2,-18.2,-0.0226,NONE,STOPPED
="2026-09-07 10:39:34",79906,90112,79731,10381,1000000,-0.0017,0.1700,-12.2,-18.2,-0.0607,NONE,STOPPED
="2026-09-07 10:39:35",79906,90112,79731,10381,1000000,-0.0017,0.1700,-12.2,-18.2,-0.0946,NONE,STOPPED
="2026-09-07 10:39:36",79906,90112,79731,10381,1000000,-0.0017,0.1700,-12.2,-18.2,-0.1246,NONE,STOPPED
="2026-09-07 10:39:37",79906,90112,79731,10381,1000000,-0.0017,0.1700,-12.2,-18.2,-0.1246,NONE,STOPPED
="2026-09-07 10:39:38",79906,90112,79731,10381,1000000,+0.0006,0.1700,-12.2,-18.2,-0.1509,NONE,STOPPED
="2026-09-07 10:39:39",79906,90112,79731,10381,1000000,+0.0014,0.1700,+0.0,-18.2,-0.1936,NONE,STOPPED
="2026-09-07 10:39:40",79906,90112,79731,10381,1000000,+0.0014,0.1700,-0.0,-9.6,-0.2106,NONE,STOPPED
="2026-09-07 10:39:41",79906,77538,67157,10381,1000000,+0.0014,0.1700,-0.0,-9.6,-0.2301,NONE,STOPPED
="2026-09-07 10:39:42",79906,77538,67157,10381,1000000,+0.0014,0.1700,-0.0,-9.6,-0.2470,NONE,STOPPED
="2026-09-07 10:39:43",79906,77538,67157,10381,1000000,+0.0016,0.1700,+0.0,-9.6,-0.2615,NONE,STOPPED
="2026-09-07 10:39:44",79906,77538,67157,10381,1000000,+0.0018,0.1700,-0.0,-9.6,-0.2739,NONE,STOPPED
="2026-09-07 10:39:45",79906,77538,67157,10381,1000000,+0.0018,0.1700,+0.0,-9.6,-0.2841,NONE,STOPPED
="2026-09-07 10:39:46",79906,77538,67157,10381,1000000,+0.0018,0.1700,+0.0,-9.6,-0.2841,NONE,STOPPED
="2026-09-07 10:39:47",79906,77538,67157,10381,1000000,-0.0015,0.1700,+0.0,-9.6,-0.2925,NONE,STOPPED
="2026-09-07 10:39:48",79900,90639,80258,10381,1000000,-0.0009,0.1700,-6.1,-15.8,-0.3281,NONE,STOPPED
="2026-09-07 10:39:49",79900,90639,80258,10381,1000000,-0.0009,0.1700,-6.1,-15.8,-0.3532,NONE,STOPPED
="2026-09-07 10:39:50",79900,90639,80258,10381,1000000,-0.0009,0.1700,-6.1,-15.8,-0.3747,NONE,STOPPED
="2026-09-07 10:39:51",79900,90639,80258,10381,1000000,-0.0009,0.1700,-6.1,-15.8,-0.3929,NONE,STOPPED
="2026-09-07 10:39:52",79900,90639,80258,10381,1000000,-0.0008,0.1700,-6.1,-15.8,-0.4080,NONE,STOPPED
="2026-09-07 10:39:53",79897,110861,100479,10381,1000000,-0.0008,0.1700,-3.0,-18.8,-0.4320,NONE,STOPPED
="2026-09-07 10:39:54",79897,134783,100479,34303,1000000,-0.0012,0.1700,-3.0,-18.7,-0.4521,NONE,STOPPED
="2026-09-07 10:39:55",79897,134783,100479,34303,1000000,-0.0012,0.1700,-3.0,-18.8,-0.4689,NONE,STOPPED
="2026-09-07 10:39:56",79897,170484,136181,34303,1000000,-0.0012,0.1700,-3.0,-18.8,-0.4689,NONE,STOPPED
="2026-09-07 10:39:57",79890,170484,136181,34303,1000000,-0.0012,0.1700,-9.3,-25.0,-0.5393,NONE,STOPPED
="2026-09-07 10:39:58",79900,260312,136181,124130,1000000,-0.0012,0.1700,+3.0,-15.8,-0.5308,NONE,STOPPED
="2026-09-07 10:39:59",79900,260312,136181,124130,1000000,-0.0021,0.1700,+3.0,-15.8,-0.5213,NONE,STOPPED
="2026-09-07 10:40:00",79900,260312,136181,124130,1000000,-0.0021,0.1700,+3.0,-15.8,-0.5109,NONE,STOPPED
="2026-09-07 10:40:01",79900,260312,136181,124130,1000000,-0.0019,0.1700,+9.2,-15.8,-0.4998,NONE,STOPPED
="2026-09-07 10:40:02",79900,260312,136181,124130,1000000,-0.0054,0.1700,+9.3,-15.8,-0.4879,NONE,STOPPED
="2026-09-07 10:40:03",79900,260312,136181,124130,1000000,-0.0055,0.1700,+9.3,-15.8,-0.4879,NONE,STOPPED
="2026-09-07 10:40:04",79900,260312,136181,124130,1000000,-0.0055,0.1700,-0.0,-15.8,-0.4626,NONE,STOPPED
="2026-09-07 10:40:05",79900,260312,136181,124130,1000000,-0.0055,0.1700,+0.0,-15.8,-0.4492,NONE,STOPPED
="2026-09-07 10:40:06",79900,260312,136181,124130,1000000,-0.0055,0.1700,-0.0,-15.8,-0.4355,NONE,STOPPED
="2026-09-07 10:40:07",79900,260312,136181,124130,1000000,-0.0055,0.1700,-0.0,-18.3,-0.4214,NONE,STOPPED
="2026-09-07 10:40:08",79900,249930,136181,113749,1000000,-0.0055,0.1700,-0.0,-18.3,-0.4055,NONE,STOPPED
="2026-09-07 10:40:09",79900,249930,136181,113749,1000000,-0.0055,0.1700,-0.0,-18.3,-0.3895,NONE,STOPPED
="2026-09-07 10:40:10",79900,249930,136181,113749,1000000,-0.0055,0.1700,-0.0,-18.3,-0.3733,NONE,STOPPED
="2026-09-07 10:40:11",79900,249930,136181,113749,1000000,-0.0055,0.1700,-0.0,-18.3,-0.3570,NONE,STOPPED
="2026-09-07 10:40:12",79900,249930,136181,113749,1000000,-0.0054,0.1700,-0.0,-18.3,-0.3570,NONE,STOPPED
="2026-09-07 10:40:13",79900,249930,136181,113749,1000000,-0.0050,0.1700,-0.0,-18.3,-0.3243,NONE,STOPPED
="2026-09-07 10:40:14",79900,249930,136181,113749,1000000,-0.0050,0.1700,-0.0,-18.3,-0.3080,NONE,STOPPED
="2026-09-07 10:40:15",79900,249930,136181,113749,1000000,-0.0049,0.1700,-0.0,-18.3,-0.2918,NONE,STOPPED
="2026-09-07 10:40:16",79900,249930,136181,113749,1000000,-0.0049,0.1700,+0.0,-18.3,-0.2757,NONE,STOPPED
="2026-09-07 10:40:17",79900,249930,136181,113749,1000000,-0.0049,0.1700,-0.0,-18.3,-0.2596,NONE,STOPPED
="2026-09-07 10:40:18",79900,249930,136181,113749,1000000,-0.0049,0.1700,-0.0,-18.3,-0.2437,NONE,STOPPED
="2026-09-07 10:40:19",79900,249930,136181,113749,1000000,-0.0049,0.1700,+0.0,-18.3,-0.2279,NONE,STOPPED
="2026-09-07 10:40:20",79900,249930,136181,113749,1000000,-0.0051,0.1700,+0.0,-18.3,-0.2123,NONE,STOPPED
="2026-09-07 10:40:21",79900,249930,136181,113749,1000000,-0.0048,0.1700,+0.0,-18.3,-0.2123,NONE,STOPPED
="2026-09-07 10:40:22",79900,249930,136181,113749,1000000,-0.0050,0.1700,+0.0,-18.3,-0.1969,NONE,STOPPED
="2026-09-07 10:40:23",79900,249930,136181,113749,1000000,-0.0050,0.1700,+0.0,-18.3,-0.1668,NONE,STOPPED
="2026-09-07 10:40:24",79900,249930,136181,113749,1000000,-0.0055,0.1700,-0.0,-18.3,-0.1521,NONE,STOPPED
="2026-09-07 10:40:25",79900,249930,136181,113749,1000000,-0.0055,0.1700,+0.0,-18.3,-0.1375,NONE,STOPPED
="2026-09-07 10:40:26",79900,249930,136181,113749,1000000,-0.0055,0.1700,+0.0,-18.3,-0.1233,NONE,STOPPED
="2026-09-07 10:40:27",79900,249930,136181,113749,1000000,-0.0052,0.1700,-0.0,-18.3,-0.1093,NONE,STOPPED
="2026-09-07 10:40:28",79900,249930,136181,113749,1000000,-0.0052,0.1700,+0.0,-18.3,-0.0955,NONE,STOPPED
="2026-09-07 10:40:29",79900,249930,136181,113749,1000000,-0.0052,0.1700,-0.0,-18.3,-0.0821,NONE,STOPPED
="2026-09-07 10:40:30",79900,249930,136181,113749,1000000,-0.0055,0.1700,-0.0,-18.3,-0.0821,NONE,STOPPED
="2026-09-07 10:40:31",79900,249930,136181,113749,1000000,-0.0056,0.1700,-0.0,-18.3,-0.0689,NONE,STOPPED
="2026-09-07 10:40:32",79900,249930,136181,113749,1000000,-0.0056,0.1700,+0.0,-6.1,-0.0433,NONE,STOPPED
="2026-09-07 10:40:33",79900,182773,69023,113749,1000000,-0.0056,0.1700,-0.0,-6.1,-0.0384,NONE,STOPPED
="2026-09-07 10:40:34",79900,182773,69023,113749,1000000,-0.0049,0.1700,+0.0,-6.1,-0.0335,NONE,STOPPED
="2026-09-07 10:40:35",79900,182773,69023,113749,1000000,-0.0049,0.1700,-0.0,-6.1,-0.0288,NONE,STOPPED
="2026-09-07 10:40:36",79900,182773,69023,113749,1000000,-0.0049,0.1700,-0.0,-6.1,-0.0241,NONE,STOPPED
="2026-09-07 10:40:37",79900,182773,69023,113749,1000000,-0.0072,0.1700,-0.0,-6.1,-0.0196,NONE,STOPPED
="2026-09-07 10:40:38",79900,182773,69023,113749,1000000,-0.0072,0.1700,-0.0,-6.1,-0.0152,NONE,STOPPED
="2026-09-07 10:40:39",79900,182773,69023,113749,1000000,-0.0074,0.1700,+0.0,-6.1,-0.0109,NONE,STOPPED
="2026-09-07 10:40:40",79900,182773,69023,113749,1000000,-0.0074,0.1700,+0.0,-6.1,-0.0109,NONE,STOPPED
="2026-09-07 10:40:41",79900,182773,69023,113749,1000000,-0.0074,0.1700,+0.0,-6.1,-0.0025,NONE,STOPPED
="2026-09-07 10:40:42",79900,280893,167144,113749,1000000,-0.0074,0.1700,+0.0,-6.1,+0.0015,NONE,STOPPED
="2026-09-07 10:40:43",79900,280893,167144,113749,1000000,-0.0074,0.1700,+0.0,-6.1,+0.0054,NONE,STOPPED
="2026-09-07 10:40:44",79900,280893,167144,113749,1000000,-0.0076,0.1700,-0.0,-6.1,+0.0092,NONE,STOPPED
="2026-09-07 10:40:45",79900,280893,167144,113749,1000000,-0.0084,0.1700,-0.0,-6.1,+0.0128,NONE,STOPPED
="2026-09-07 10:40:46",79900,280893,167144,113749,1000000,-0.0084,0.1700,+0.0,-6.1,+0.0164,NONE,STOPPED
="2026-09-07 10:40:47",79900,280893,167144,113749,1000000,-0.0051,0.1700,-0.0,+0.0,+0.0199,NONE,STOPPED
="2026-09-07 10:40:48",79900,267792,154043,113749,1000000,-0.0051,0.1700,-0.0,+0.0,+0.0196,NONE,STOPPED
="2026-09-07 10:40:49",79900,267792,154043,113749,1000000,-0.0051,0.1700,-0.0,+0.0,+0.0196,NONE,STOPPED
="2026-09-07 10:40:50",79900,277816,164066,113749,1000000,-0.0051,0.1700,-0.0,-0.0,+0.0192,NONE,STOPPED
="2026-09-07 10:40:51",79900,277816,164066,113749,1000000,-0.0051,0.1700,-0.0,-0.0,+0.0185,NONE,STOPPED
="2026-09-07 10:40:52",79900,277816,164066,113749,1000000,-0.0061,0.1700,+0.0,+3.0,+0.0181,NONE,STOPPED
="2026-09-07 10:40:53",79900,257594,143845,113749,1000000,-0.0061,0.1700,-0.0,+3.0,+0.0159,NONE,STOPPED
="2026-09-07 10:40:54",79900,233672,143845,89827,1000000,-0.0057,0.1700,-0.0,+3.0,+0.0137,NONE,STOPPED
="2026-09-07 10:40:55",79900,233672,143845,89827,1000000,-0.0058,0.1700,-0.0,+9.2,+0.0116,NONE,STOPPED
="2026-09-07 10:40:56",79888,225946,136118,89827,1000000,-0.0058,0.1700,-11.8,-2.5,-0.0401,NONE,STOPPED
="2026-09-07 10:40:57",79888,225946,136118,89827,1000000,-0.0058,0.1700,-11.8,-11.8,-0.0871,NONE,STOPPED
="2026-09-07 10:40:58",79888,136118,136118,0,1000000,-0.0058,0.1700,-11.8,-11.8,-0.1240,NONE,STOPPED
="2026-09-07 10:40:59",79888,136118,136118,0,1000000,-0.0049,0.1700,-11.8,-11.8,-0.1240,NONE,STOPPED
="2026-09-07 10:41:00",79888,136118,136118,0,1000000,-0.0049,0.1700,-11.8,-11.8,-0.1829,NONE,STOPPED
="2026-09-07 10:41:01",79888,136118,136118,0,1000000,-0.0061,0.1700,-0.2,-12.0,-0.2127,NONE,STOPPED
="2026-09-07 10:41:02",79888,136118,136118,0,1000000,-0.0026,0.1700,-0.2,-12.0,-0.2360,NONE,STOPPED
="2026-09-07 10:41:03",79888,136118,136118,0,1000000,-0.0026,0.1700,-0.2,-12.0,-0.2564,NONE,STOPPED
="2026-09-07 10:41:04",79888,136118,136118,0,1000000,-0.0047,0.1700,-0.2,-12.0,-0.2739,NONE,STOPPED
="2026-09-07 10:41:05",79888,136118,136118,0,1000000,-0.0047,0.1700,-0.2,-12.0,-0.2888,NONE,STOPPED
="2026-09-07 10:41:06",79888,136118,136118,0,1000000,-0.0047,0.1700,-0.2,-12.0,-0.2888,NONE,STOPPED
="2026-09-07 10:41:07",79888,314720,283100,31619,1000000,-0.0047,0.1700,-0.2,-12.0,-0.3013,NONE,STOPPED
="2026-09-07 10:41:08",79872,314720,283100,31619,1000000,-0.0047,0.1700,-15.0,-27.0,-0.4308,NONE,STOPPED
="2026-09-07 10:41:09",79872,314720,283100,31619,1000000,-0.0047,0.1700,-15.0,-27.0,-0.4843,NONE,STOPPED
="2026-09-07 10:41:10",79872,314720,283100,31619,1000000,-0.0022,0.1700,-15.0,-27.0,-0.5309,NONE,STOPPED
="2026-09-07 10:41:11",79872,314720,283100,31619,1000000,-0.0022,0.1700,-15.0,-27.0,-0.5713,NONE,STOPPED
="2026-09-07 10:41:12",79872,314720,283100,31619,1000000,-0.0022,0.1700,-0.0,-27.0,-0.6058,NONE,STOPPED
="2026-09-07 10:41:13",79872,314720,283100,31619,1000000,-0.0023,0.1700,-0.0,-27.0,-0.6350,NONE,STOPPED
="2026-09-07 10:41:14",79872,314720,283100,31619,1000000,-0.0023,0.1700,-0.0,-27.0,-0.6591,NONE,STOPPED
="2026-09-07 10:41:15",79872,314720,283100,31619,1000000,-0.0024,0.1700,+0.0,-27.0,-0.6787,NONE,STOPPED
="2026-09-07 10:41:16",79872,314720,283100,31619,1000000,-0.0024,0.1700,+0.0,-27.0,-0.6787,NONE,STOPPED
="2026-09-07 10:41:17",79866,314720,283100,31619,1000000,-0.0029,0.1700,-6.8,-33.8,-0.7453,NONE,STOPPED
="2026-09-07 10:41:18",79866,314720,283100,31619,1000000,-0.0029,0.1700,-6.8,-33.8,-0.7846,NONE,STOPPED
="2026-09-07 10:41:19",79866,314720,283100,31619,1000000,-0.0029,0.1700,-6.8,-33.8,-0.8082,NONE,STOPPED
="2026-09-07 10:41:20",79866,314720,283100,31619,1000000,-0.0029,0.1700,-6.8,-33.8,-0.8266,NONE,STOPPED
="2026-09-07 10:41:21",79866,314720,283100,31619,1000000,-0.0032,0.1700,-0.0,-33.8,-0.8404,NONE,STOPPED
="2026-09-07 10:41:22",79866,314720,283100,31619,1000000,-0.0032,0.1700,-6.8,-33.8,-0.8498,NONE,STOPPED
="2026-09-07 10:41:23",79866,314720,283100,31619,1000000,-0.0024,0.1700,-0.0,-33.8,-0.8553,NONE,STOPPED
="2026-09-07 10:41:24",79866,314720,283100,31619,1000000,-0.0020,0.1700,-0.0,-33.8,-0.8572,NONE,STOPPED
="2026-09-07 10:41:25",79866,370545,338926,31619,1000000,-0.0021,0.1700,-0.0,-33.8,-0.8572,NONE,STOPPED
="2026-09-07 10:41:26",79860,370545,338926,31619,1000000,-0.0021,0.1700,-6.2,-40.0,-0.8800,NONE,STOPPED
="2026-09-07 10:41:27",79855,370545,338926,31619,1000000,-0.0025,0.1700,-11.2,-44.9,-0.9461,NONE,STOPPED
="2026-09-07 10:41:28",79855,370545,338926,31619,1000000,-0.0025,0.1700,-11.2,-44.9,-0.9693,NONE,STOPPED
="2026-09-07 10:41:29",79855,370545,338926,31619,1000000,-0.0007,0.1700,-11.2,-44.9,-0.9867,NONE,STOPPED
="2026-09-07 10:41:30",79855,370545,338926,31619,1000000,-0.0003,0.1700,-4.9,-44.9,-0.9986,NONE,STOPPED
="2026-09-07 10:41:31",79855,370545,338926,31619,1000000,+0.0000,0.1700,-4.9,-44.9,-1.0057,NONE,STOPPED
="2026-09-07 10:41:32",79855,370545,338926,31619,1000000,+0.0000,0.1700,-4.9,-44.9,-1.0082,NONE,STOPPED
="2026-09-07 10:41:33",79855,370545,338926,31619,1000000,+0.0000,0.1700,-4.9,-44.9,-1.0066,NONE,STOPPED
="2026-09-07 10:41:34",79855,370545,338926,31619,1000000,-0.0007,0.1700,-4.9,-44.9,-1.0012,NONE,STOPPED
="2026-09-07 10:41:35",79855,370545,338926,31619,1000000,-0.0002,0.1700,-4.9,-44.9,-1.0012,NONE,STOPPED
="2026-09-07 10:41:36",79855,440105,408485,31619,1000000,-0.0002,0.1700,+0.0,-44.9,-0.9924,NONE,STOPPED
="2026-09-07 10:41:37",79855,440105,408485,31619,1000000,-0.0002,0.1700,+0.0,-44.9,-0.9659,NONE,STOPPED
="2026-09-07 10:41:38",79854,440105,408485,31619,1000000,-0.0002,0.1700,-0.1,-45.0,-0.9490,NONE,STOPPED
="2026-09-07 10:41:39",79854,440105,408485,31619,1000000,+0.0000,0.1700,-0.1,-45.0,-0.9299,NONE,STOPPED
="2026-09-07 10:41:40",79854,440105,408485,31619,1000000,+0.0000,0.1700,-0.1,-45.0,-0.9087,NONE,STOPPED
="2026-09-07 10:41:41",79854,440105,408485,31619,1000000,-0.0001,0.1700,-0.1,-45.0,-0.8857,NONE,STOPPED
="2026-09-07 10:41:42",79854,341984,310365,31619,1000000,-0.0001,0.1700,-0.1,-45.0,-0.8610,NONE,STOPPED
="2026-09-07 10:41:43",79854,341984,310365,31619,1000000,-0.0001,0.1700,-0.1,-45.0,-0.8349,NONE,STOPPED
="2026-09-07 10:41:44",79854,341984,310365,31619,1000000,-0.0001,0.1700,+0.0,-45.0,-0.8076,NONE,STOPPED
="2026-09-07 10:41:45",79854,341984,310365,31619,1000000,+0.0007,0.1700,+0.0,-45.0,-0.8076,NONE,STOPPED
="2026-09-07 10:41:46",79854,341984,310365,31619,1000000,+0.0007,0.1700,-0.0,-45.0,-0.7792,NONE,STOPPED
="2026-09-07 10:41:47",79854,341984,310365,31619,1000000,+0.0049,0.1700,-0.0,-45.0,-0.7198,NONE,STOPPED
="2026-09-07 10:41:48",79863,443555,310365,133190,1000000,+0.0049,0.1700,+9.0,-36.0,-0.6541,NONE,STOPPED
="2026-09-07 10:41:49",79863,443555,310365,133190,1000000,+0.0049,0.1700,+9.0,-36.0,-0.5913,NONE,STOPPED
="2026-09-07 10:41:50",79863,433531,300341,133190,1000000,+0.0031,0.1700,+9.0,-36.0,-0.5315,NONE,STOPPED
="2026-09-07 10:41:51",79863,433531,300341,133190,1000000,+0.0031,0.1700,+9.0,-36.0,-0.4743,NONE,STOPPED
="2026-09-07 10:41:52",79863,433531,300341,133190,1000000,+0.0041,0.1700,+9.0,-36.0,-0.4197,NONE,STOPPED
="2026-09-07 10:41:53",79856,433531,300341,133190,1000000,+0.0036,0.1700,-7.3,-43.4,-0.3962,NONE,STOPPED
="2026-09-07 10:41:54",79855,433531,300341,133190,1000000,+0.0036,0.1700,-8.9,-44.9,-0.3782,NONE,STOPPED
="2026-09-07 10:41:55",79855,447497,300341,147155,1000000,+0.0037,0.1700,-8.9,-44.9,-0.3782,NONE,STOPPED
="2026-09-07 10:41:56",79855,419522,272366,147155,1000000,+0.0029,0.1700,-8.9,-33.2,-0.3465,NONE,STOPPED
="2026-09-07 10:41:57",79855,419522,272366,147155,1000000,+0.0029,0.1700,-8.9,-33.1,-0.3328,NONE,STOPPED
="2026-09-07 10:41:58",79855,419522,272366,147155,1000000,+0.0029,0.1700,-1.6,-33.2,-0.3183,NONE,STOPPED
="2026-09-07 10:41:59",79855,419522,272366,147155,1000000,+0.0029,0.1700,-1.6,-33.2,-0.3031,NONE,STOPPED
="2026-09-07 10:42:00",79855,419522,272366,147155,1000000,+0.0040,0.1700,+0.0,-32.9,-0.2872,NONE,STOPPED
="2026-09-07 10:42:01",79855,419522,272366,147155,1000000,+0.0040,0.1700,+0.0,-32.9,-0.2709,NONE,STOPPED
="2026-09-07 10:42:02",79855,419522,272366,147155,1000000,+0.0042,0.1700,+0.0,-32.9,-0.2541,NONE,STOPPED
="2026-09-07 10:42:03",79855,419522,272366,147155,1000000,+0.0064,0.1700,+0.0,-32.9,-0.2370,NONE,STOPPED
="2026-09-07 10:42:04",79855,419522,272366,147155,1000000,+0.0064,0.1700,-0.0,-32.9,-0.2195,NONE,STOPPED
="2026-09-07 10:42:05",79855,419522,272366,147155,1000000,+0.0060,0.1700,-0.0,-32.9,-0.2019,NONE,STOPPED
="2026-09-07 10:42:06",79855,387902,272366,115535,1000000,+0.0060,0.1700,-0.0,-17.9,-0.1840,NONE,STOPPED
="2026-09-07 10:42:07",79855,240920,125385,115535,1000000,+0.0060,0.1700,-0.0,-17.9,-0.1751,NONE,STOPPED
="2026-09-07 10:42:08",79855,240920,125385,115535,1000000,+0.0060,0.1700,-0.0,-17.9,-0.1751,NONE,STOPPED
="2026-09-07 10:42:09",79855,240920,125385,115535,1000000,+0.0013,0.1700,+0.0,-17.9,-0.1563,NONE,STOPPED
="2026-09-07 10:42:10",79855,240920,125385,115535,1000000,+0.0013,0.1700,-0.0,-17.9,-0.1467,NONE,STOPPED
="2026-09-07 10:42:11",79855,240920,125385,115535,1000000,+0.0013,0.1700,-0.0,-17.9,-0.1402,NONE,STOPPED
="2026-09-07 10:42:12",79855,240920,125385,115535,1000000,+0.0013,0.1700,-0.0,-17.9,-0.1291,NONE,STOPPED
="2026-09-07 10:42:13",79855,240920,125385,115535,1000000,+0.0014,0.1700,+0.0,-17.9,-0.1181,NONE,STOPPED
="2026-09-07 10:42:14",79855,240920,125385,115535,1000000,+0.0014,0.1700,-0.0,-17.9,-0.1073,NONE,STOPPED
="2026-09-07 10:42:15",79855,240920,125385,115535,1000000,+0.0014,0.1700,+0.0,-11.1,-0.0966,NONE,STOPPED
="2026-09-07 10:42:16",79855,240920,125385,115535,1000000,+0.0020,0.1700,+0.0,-11.1,-0.0901,NONE,STOPPED
="2026-09-07 10:42:17",79855,240920,125385,115535,1000000,+0.0020,0.1700,+0.0,-11.1,-0.0901,NONE,STOPPED
="2026-09-07 10:42:18",79855,240920,125385,115535,1000000,+0.0018,0.1700,+0.0,-11.1,-0.0772,NONE,STOPPED
="2026-09-07 10:42:19",79855,240920,125385,115535,1000000,+0.0018,0.1700,+0.0,-11.1,-0.0707,NONE,STOPPED
="2026-09-07 10:42:20",79855,240920,125385,115535,1000000,+0.0018,0.1700,-0.0,-11.2,-0.0643,NONE,STOPPED
="2026-09-07 10:42:21",79855,240920,125385,115535,1000000,+0.0018,0.1700,-0.0,-11.2,-0.0578,NONE,STOPPED
="2026-09-07 10:42:22",79855,240920,125385,115535,1000000,+0.0010,0.1700,+0.0,-11.1,-0.0514,NONE,STOPPED
="2026-09-07 10:42:23",79855,240920,125385,115535,1000000,+0.0010,0.1700,-0.0,-11.2,-0.0450,NONE,STOPPED
="2026-09-07 10:42:24",79855,240920,125385,115535,1000000,+0.0010,0.1700,+0.0,-4.9,-0.0386,NONE,STOPPED
="2026-09-07 10:42:25",79855,185095,69559,115535,1000000,+0.0011,0.1700,-0.0,+0.0,-0.0360,NONE,STOPPED
="2026-09-07 10:42:26",79855,185095,69559,115535,1000000,+0.0011,0.1700,-0.0,+0.0,-0.0364,NONE,STOPPED
="2026-09-07 10:42:27",79855,185095,69559,115535,1000000,+0.0003,0.1700,-0.0,+0.0,-0.0364,NONE,STOPPED
="2026-09-07 10:42:28",79855,185095,69559,115535,1000000,-0.0015,0.1700,-0.0,+0.0,-0.0357,NONE,STOPPED
="2026-09-07 10:42:29",79871,197343,69559,127783,1000000,-0.0015,0.1700,+16.5,+16.6,+0.0274,NONE,STOPPED
="2026-09-07 10:42:30",79871,197343,69559,127783,1000000,-0.0015,0.1700,+16.6,+16.6,+0.0851,NONE,STOPPED
="2026-09-07 10:42:31",79871,197343,69559,127783,1000000,-0.0018,0.1700,+16.6,+16.6,+0.1369,NONE,STOPPED
="2026-09-07 10:42:32",79871,197343,69559,127783,1000000,-0.0018,0.1700,+16.6,+16.6,+0.1830,NONE,STOPPED
="2026-09-07 10:42:33",79871,197343,69559,127783,1000000,-0.0021,0.1700,+16.6,+16.6,+0.2241,NONE,STOPPED
="2026-09-07 10:42:34",79871,197343,69559,127783,1000000,-0.0026,0.1700,+16.6,+16.5,+0.2603,NONE,STOPPED
="2026-09-07 10:42:35",79871,218858,69559,149298,1000000,-0.0026,0.1700,+16.6,+16.6,+0.2922,NONE,STOPPED
="2026-09-07 10:42:36",79871,149298,0,149298,1000000,-0.0030,0.1700,+16.6,+16.6,+0.2922,NONE,STOPPED
="2026-09-07 10:42:37",79881,149298,0,149298,1000000,-0.0030,0.1700,+10.3,+26.8,+0.3599,NONE,STOPPED
="2026-09-07 10:42:38",79881,149298,0,149298,1000000,-0.0030,0.1700,+10.3,+26.9,+0.4725,NONE,STOPPED
="2026-09-07 10:42:39",79881,149298,0,149298,1000000,-0.0030,0.1700,+10.3,+26.9,+0.5185,NONE,STOPPED
="2026-09-07 10:42:40",79881,149298,0,149298,1000000,-0.0033,0.1700,+10.3,+26.9,+0.5584,NONE,STOPPED
="2026-09-07 10:42:41",79881,149298,0,149298,1000000,-0.0031,0.1700,+10.3,+26.9,+0.5925,NONE,STOPPED
="2026-09-07 10:42:42",79881,149298,0,149298,1000000,-0.0031,0.1700,+10.3,+26.9,+0.6214,NONE,STOPPED
="2026-09-07 10:42:43",79881,149298,0,149298,1000000,-0.0031,0.1700,+0.0,+26.9,+0.6453,NONE,STOPPED
="2026-09-07 10:42:44",79881,149298,0,149298,1000000,-0.0032,0.1700,+0.0,+26.9,+0.6648,NONE,STOPPED
="2026-09-07 10:42:45",79881,149298,0,149298,1000000,-0.0032,0.1700,+0.0,+26.9,+0.6802,NONE,STOPPED
="2026-09-07 10:42:46",79881,149298,0,149298,1000000,-0.0032,0.1700,+0.0,+26.9,+0.6802,NONE,STOPPED
="2026-09-07 10:42:47",79881,149298,0,149298,1000000,-0.0073,0.1700,-0.0,+26.9,+0.6916,NONE,STOPPED
="2026-09-07 10:42:48",79881,47728,0,47728,1000000,-0.0073,0.1700,-0.0,+17.9,+0.7098,NONE,STOPPED
="2026-09-07 10:42:49",79881,47728,0,47728,1000000,-0.0073,0.1700,+0.0,+18.0,+0.7171,NONE,STOPPED
="2026-09-07 10:42:50",79881,47728,0,47728,1000000,-0.0055,0.1700,-0.0,+17.9,+0.7214,NONE,STOPPED
="2026-09-07 10:42:51",79881,47728,0,47728,1000000,-0.0055,0.1700,+0.0,+18.0,+0.7233,NONE,STOPPED
="2026-09-07 10:42:52",79881,47728,0,47728,1000000,-0.0067,0.1700,+0.0,+25.3,+0.7227,NONE,STOPPED
="2026-09-07 10:42:53",79881,47728,0,47728,1000000,-0.0062,0.1700,-0.0,+26.9,+0.7153,NONE,STOPPED
="2026-09-07 10:42:54",79881,47728,0,47728,1000000,-0.0062,0.1700,-0.0,+26.8,+0.7051,NONE,STOPPED
="2026-09-07 10:42:55",79881,33763,0,33763,1000000,-0.0062,0.1700,-0.0,+26.9,+0.6933,NONE,STOPPED
="2026-09-07 10:42:56",79881,33763,0,33763,1000000,-0.0054,0.1700,-0.0,+26.9,+0.6933,NONE,STOPPED
="2026-09-07 10:42:57",79881,33763,0,33763,1000000,-0.0054,0.1700,-0.0,+26.8,+0.6799,NONE,STOPPED
="2026-09-07 10:42:58",79881,33763,0,33763,1000000,-0.0051,0.1700,+0.0,+26.9,+0.6493,NONE,STOPPED
="2026-09-07 10:42:59",79881,33763,0,33763,1000000,-0.0051,0.1700,-0.0,+26.8,+0.6323,NONE,STOPPED
="2026-09-07 10:43:00",79881,33763,0,33763,1000000,-0.0050,0.1700,+0.0,+26.8,+0.6143,NONE,STOPPED
="2026-09-07 10:43:01",79881,33763,0,33763,1000000,-0.0050,0.1700,+0.0,+26.8,+0.5956,NONE,STOPPED
="2026-09-07 10:43:02",79881,33763,0,33763,1000000,-0.0052,0.1700,+0.0,+26.8,+0.5956,NONE,STOPPED
="2026-09-07 10:43:03",79881,33763,0,33763,1000000,-0.0052,0.1700,-0.0,+26.9,+0.5561,NONE,STOPPED
="2026-09-07 10:43:04",79881,33763,0,33763,1000000,-0.0053,0.1700,-0.0,+26.9,+0.5356,NONE,STOPPED
="2026-09-07 10:43:05",79881,33763,0,33763,1000000,-0.0049,0.1700,-0.0,+26.9,+0.5145,NONE,STOPPED
="2026-09-07 10:43:06",79881,33763,0,33763,1000000,-0.0045,0.1700,-0.0,+26.9,+0.4932,NONE,STOPPED
="2026-09-07 10:43:07",79881,33763,0,33763,1000000,-0.0045,0.1700,+0.0,+26.9,+0.4716,NONE,STOPPED
="2026-09-07 10:43:08",79881,33763,0,33763,1000000,-0.0023,0.1700,-0.0,+26.8,+0.4498,NONE,STOPPED
="2026-09-07 10:43:09",79881,33763,0,33763,1000000,-0.0023,0.1700,+0.0,+26.9,+0.4279,NONE,STOPPED
="2026-09-07 10:43:10",79881,33763,0,33763,1000000,-0.0023,0.1700,+0.0,+26.9,+0.4059,NONE,STOPPED
="2026-09-07 10:43:11",79881,33763,0,33763,1000000,-0.0023,0.1700,+0.0,+26.9,+0.4059,NONE,STOPPED
="2026-09-07 10:43:12",79881,33763,0,33763,1000000,-0.0024,0.1700,-0.0,+26.9,+0.3885,NONE,STOPPED
="2026-09-07 10:43:13",79881,33763,0,33763,1000000,-0.0024,0.1700,-0.0,+26.9,+0.3452,NONE,STOPPED
="2026-09-07 10:43:14",79881,33763,0,33763,1000000,-0.0024,0.1700,-0.0,+26.8,+0.3237,NONE,STOPPED
="2026-09-07 10:43:15",79881,33763,0,33763,1000000,-0.0025,0.1700,+0.0,+26.8,+0.3024,NONE,STOPPED
="2026-09-07 10:43:16",79881,33763,0,33763,1000000,-0.0025,0.1700,+0.0,+26.9,+0.2812,NONE,STOPPED
="2026-09-07 10:43:17",79881,33763,0,33763,1000000,-0.0025,0.1700,-0.0,+26.8,+0.2602,NONE,STOPPED
="2026-09-07 10:43:18",79881,33763,0,33763,1000000,-0.0023,0.1700,+0.0,+26.8,+0.2394,NONE,STOPPED
="2026-09-07 10:43:19",79879,33763,0,33763,1000000,-0.0030,0.1700,-2.6,+24.3,+0.2089,NONE,STOPPED
="2026-09-07 10:43:20",79871,33763,0,33763,1000000,-0.0030,0.1700,-10.3,+16.6,+0.1496,NONE,STOPPED
="2026-09-07 10:43:21",79871,69979,36215,33763,1000000,-0.0030,0.1700,-10.3,+16.6,+0.1496,NONE,STOPPED
="2026-09-07 10:43:22",79863,97143,63380,33763,1000000,-0.0013,0.1700,-18.3,+8.5,+0.0634,NONE,STOPPED
="2026-09-07 10:43:23",79850,97143,63380,33763,1000000,-0.0013,0.1700,-31.9,-5.1,-0.1887,NONE,STOPPED
="2026-09-07 10:43:24",79850,97143,63380,33763,1000000,-0.0013,0.1700,-29.4,-5.1,-0.2976,NONE,STOPPED
="2026-09-07 10:43:25",79850,97143,63380,33763,1000000,-0.0013,0.1700,-21.6,-5.1,-0.3960,NONE,STOPPED
="2026-09-07 10:43:26",79850,97143,63380,33763,1000000,-0.0019,0.1700,-13.6,-5.1,-0.4847,NONE,STOPPED
="2026-09-07 10:43:27",79850,97143,63380,33763,1000000,-0.0010,0.1700,+0.0,-5.1,-0.5644,NONE,STOPPED
="2026-09-07 10:43:28",79850,97143,63380,33763,1000000,-0.0010,0.1700,-0.0,-21.6,-0.6357,NONE,STOPPED
="2026-09-07 10:43:29",79850,84895,63380,21515,1000000,-0.0018,0.1700,+0.0,-21.6,-0.6891,NONE,STOPPED
="2026-09-07 10:43:30",79850,84895,63380,21515,1000000,-0.0018,0.1700,+0.0,-21.6,-0.7356,NONE,STOPPED
="2026-09-07 10:43:31",79850,84895,63380,21515,1000000,-0.0018,0.1700,+0.0,-21.6,-0.7356,NONE,STOPPED
="2026-09-07 10:43:32",79850,84895,63380,21515,1000000,-0.0021,0.1700,-0.0,-21.6,-0.7755,NONE,STOPPED
="2026-09-07 10:43:33",79850,84895,63380,21515,1000000,-0.0017,0.1700,-0.0,-21.6,-0.8379,NONE,STOPPED
="2026-09-07 10:43:34",79850,84895,63380,21515,1000000,-0.0017,0.1700,+0.0,-21.6,-0.8612,NONE,STOPPED
="2026-09-07 10:43:35",79850,63380,63380,0,1000000,-0.0016,0.1700,+0.0,-31.9,-0.8798,NONE,STOPPED
="2026-09-07 10:43:36",79850,63380,63380,0,1000000,-0.0013,0.1700,+0.0,-31.9,-0.8878,NONE,STOPPED
="2026-09-07 10:43:37",79850,106582,106582,0,1000000,-0.0013,0.1700,+0.0,-31.9,-0.8920,NONE,STOPPED
="2026-09-07 10:43:38",79850,106582,106582,0,1000000,-0.0013,0.1700,+0.0,-31.9,-0.8927,NONE,STOPPED
="2026-09-07 10:43:39",79850,106582,106582,0,1000000,-0.0013,0.1700,-0.0,-31.9,-0.8903,NONE,STOPPED
="2026-09-07 10:43:40",79850,106582,106582,0,1000000,-0.0010,0.1700,-0.0,-31.9,-0.8903,NONE,STOPPED
="2026-09-07 10:43:41",79850,106582,106582,0,1000000,-0.0010,0.1700,+0.0,-31.9,-0.8849,NONE,STOPPED
="2026-09-07 10:43:42",79850,106582,106582,0,1000000,-0.0010,0.1700,-0.0,-31.9,-0.8664,NONE,STOPPED
="2026-09-07 10:43:43",79850,106582,106582,0,1000000,-0.0010,0.1700,-0.0,-31.9,-0.8539,NONE,STOPPED
="2026-09-07 10:43:44",79850,106582,106582,0,1000000,-0.0007,0.1700,-0.0,-31.9,-0.8394,NONE,STOPPED
="2026-09-07 10:43:45",79850,106582,106582,0,1000000,-0.0007,0.1700,+0.0,-31.9,-0.8231,NONE,STOPPED
="2026-09-07 10:43:46",79850,106582,106582,0,1000000,-0.0009,0.1700,-0.0,-31.9,-0.8054,NONE,STOPPED
="2026-09-07 10:43:47",79850,106582,106582,0,1000000,-0.0009,0.1700,-0.0,-31.9,-0.7862,NONE,STOPPED
="2026-09-07 10:43:48",79850,106582,106582,0,1000000,-0.0009,0.1700,-0.0,-31.9,-0.7658,NONE,STOPPED
="2026-09-07 10:43:49",79850,129122,106582,22540,1000000,-0.0009,0.1700,-0.0,-31.9,-0.7444,NONE,STOPPED
="2026-09-07 10:43:50",79850,129122,106582,22540,1000000,-0.0015,0.1700,-0.0,-31.9,-0.7444,NONE,STOPPED
="2026-09-07 10:43:51",79850,129122,106582,22540,1000000,-0.0015,0.1700,-0.0,-31.9,-0.6964,NONE,STOPPED
="2026-09-07 10:43:52",79835,487492,453679,33812,1000000,-0.0004,0.1700,-14.6,-46.5,-0.7316,NONE,STOPPED
="2026-09-07 10:43:53",79835,487492,453679,33812,1000000,-0.0004,0.1700,-14.6,-46.5,-0.7582,NONE,STOPPED
="2026-09-07 10:43:54",79835,487492,453679,33812,1000000,-0.0004,0.1700,-14.6,-46.5,-0.7790,NONE,STOPPED
="2026-09-07 10:43:55",79829,487492,453679,33812,1000000,-0.0004,0.1700,-20.3,-52.2,-0.8168,NONE,STOPPED
="2026-09-07 10:43:56",79833,501564,453679,47884,1000000,-0.0006,0.1700,-16.5,-48.4,-0.8324,NONE,STOPPED
="2026-09-07 10:43:57",79833,501564,453679,47884,1000000,-0.0006,0.1700,-1.9,-48.4,-0.8430,NONE,STOPPED
="2026-09-07 10:43:58",79841,516707,453679,63027,1000000,-0.0009,0.1700,+6.4,-40.1,-0.8168,NONE,STOPPED
="2026-09-07 10:43:59",79841,516707,453679,63027,1000000,-0.0091,0.1700,+6.4,-40.1,-0.8168,NONE,STOPPED
="2026-09-07 10:44:00",79841,516707,453679,63027,1000000,-0.0092,0.1700,+12.1,-40.1,-0.7620,NONE,STOPPED
="2026-09-07 10:44:01",79841,516707,453679,63027,1000000,-0.0092,0.1700,+8.3,-40.1,-0.7327,NONE,STOPPED
="2026-09-07 10:44:02",79841,516707,453679,63027,1000000,-0.0092,0.1700,+8.3,-40.1,-0.7034,NONE,STOPPED
="2026-09-07 10:44:03",79851,623155,453679,169476,1000000,-0.0092,0.1700,+9.8,-30.3,-0.6352,NONE,STOPPED
="2026-09-07 10:44:04",79851,623155,453679,169476,1000000,-0.0091,0.1700,+9.8,-30.3,-0.5705,NONE,STOPPED
="2026-09-07 10:44:05",79851,623155,453679,169476,1000000,-0.0091,0.1700,+9.9,-30.3,-0.5091,NONE,STOPPED
="2026-09-07 10:44:06",79851,623155,453679,169476,1000000,-0.0112,0.1700,+9.8,-30.3,-0.4509,NONE,STOPPED
="2026-09-07 10:44:07",79851,623155,453679,169476,1000000,-0.0112,0.1700,+9.9,-30.3,-0.3956,NONE,STOPPED
="2026-09-07 10:44:08",79851,623155,453679,169476,1000000,-0.0102,0.1700,+9.9,-30.3,-0.3956,NONE,STOPPED
="2026-09-07 10:44:09",79851,623155,453679,169476,1000000,-0.0102,0.1700,-0.0,-30.3,-0.2935,NONE,STOPPED
="2026-09-07 10:44:10",79851,623155,453679,169476,1000000,-0.0102,0.1700,-0.0,-30.3,-0.2463,NONE,STOPPED
="2026-09-07 10:44:11",79851,623155,453679,169476,1000000,-0.0102,0.1700,-0.0,-30.3,-0.2016,NONE,STOPPED
="2026-09-07 10:44:12",79851,623155,453679,169476,1000000,-0.0102,0.1700,-0.0,-30.3,-0.1591,NONE,STOPPED
="2026-09-07 10:44:13",79851,623155,453679,169476,1000000,-0.0102,0.1700,-0.0,-30.3,-0.1189,NONE,STOPPED
="2026-09-07 10:44:14",79851,623155,453679,169476,1000000,-0.0096,0.1700,-0.0,-30.3,-0.0807,NONE,STOPPED
="2026-09-07 10:44:15",79851,623155,453679,169476,1000000,-0.0096,0.1700,+0.0,-30.3,-0.0444,NONE,STOPPED
="2026-09-07 10:44:16",79851,623155,453679,169476,1000000,-0.0096,0.1700,+0.0,-30.3,-0.0100,NONE,STOPPED
="2026-09-07 10:44:17",79851,623155,453679,169476,1000000,-0.0096,0.1700,+0.0,-30.3,-0.0100,NONE,STOPPED
="2026-09-07 10:44:18",79859,623155,453679,169476,1000000,-0.0096,0.1700,+7.7,-20.1,+0.1101,NONE,STOPPED
="2026-09-07 10:44:19",79859,623155,453679,169476,1000000,-0.0089,0.1700,+7.7,-12.3,+0.1619,NONE,STOPPED
="2026-09-07 10:44:20",79859,623155,453679,169476,1000000,-0.0108,0.1700,+7.6,-4.3,+0.2049,NONE,STOPPED
="2026-09-07 10:44:21",79859,586940,417463,169476,1000000,-0.0108,0.1700,+7.6,+9.3,+0.2393,NONE,STOPPED
="2026-09-07 10:44:22",79859,559775,390299,169476,1000000,-0.0125,0.1700,+0.0,+9.3,+0.2621,NONE,STOPPED
="2026-09-07 10:44:23",79859,559775,390299,169476,1000000,-0.0125,0.1700,+7.6,+9.3,+0.2820,NONE,STOPPED
="2026-09-07 10:44:24",79859,559775,390299,169476,1000000,-0.0120,0.1700,+0.0,+9.3,+0.2992,NONE,STOPPED
="2026-09-07 10:44:25",79859,559775,390299,169476,1000000,-0.0120,0.1700,+7.6,+9.3,+0.3138,NONE,STOPPED
="2026-09-07 10:44:26",79859,559775,390299,169476,1000000,-0.0114,0.1700,+7.6,+9.3,+0.3138,NONE,STOPPED
="2026-09-07 10:44:27",79859,559775,390299,169476,1000000,-0.0114,0.1700,+0.0,+9.3,+0.3364,NONE,STOPPED
="2026-09-07 10:44:28",79859,559775,390299,169476,1000000,-0.0114,0.1700,+0.0,+9.3,+0.3447,NONE,STOPPED
="2026-09-07 10:44:29",79859,559775,390299,169476,1000000,-0.0107,0.1700,-0.0,+9.3,+0.3511,NONE,STOPPED
="2026-09-07 10:44:30",79859,559775,390299,169476,1000000,-0.0107,0.1700,+0.0,+9.3,+0.3559,NONE,STOPPED
="2026-09-07 10:44:31",79859,559775,390299,169476,1000000,-0.0104,0.1700,-0.0,+9.3,+0.3591,NONE,STOPPED
="2026-09-07 10:44:32",79859,559775,390299,169476,1000000,-0.0104,0.1700,-0.0,+9.3,+0.3609,NONE,STOPPED
="2026-09-07 10:44:33",79859,559775,390299,169476,1000000,-0.0105,0.1700,-0.0,+9.3,+0.3614,NONE,STOPPED
="2026-09-07 10:44:34",79859,559775,390299,169476,1000000,-0.0105,0.1700,+0.0,+9.3,+0.3608,NONE,STOPPED
="2026-09-07 10:44:35",79859,559775,390299,169476,1000000,-0.0105,0.1700,+0.0,+9.3,+0.3592,NONE,STOPPED
="2026-09-07 10:44:36",79859,580412,410936,169476,1000000,-0.0111,0.1700,+0.0,+9.3,+0.3592,NONE,STOPPED
="2026-09-07 10:44:37",79844,580412,410936,169476,1000000,-0.0111,0.1700,-15.2,-6.0,+0.2403,NONE,STOPPED
="2026-09-07 10:44:38",79844,537210,367734,169476,1000000,-0.0111,0.1700,-15.3,-6.0,+0.1882,NONE,STOPPED
="2026-09-07 10:44:39",79844,537210,367734,169476,1000000,-0.0048,0.1700,-15.3,-6.0,+0.1405,NONE,STOPPED
="2026-09-07 10:44:40",79850,580215,367734,212481,1000000,-0.0048,0.1700,-8.6,+0.7,+0.1229,NONE,STOPPED
="2026-09-07 10:44:41",79850,580215,367734,212481,1000000,-0.0048,0.1700,+6.7,+0.7,+0.1066,NONE,STOPPED
="2026-09-07 10:44:42",79850,580215,367734,212481,1000000,-0.0048,0.1700,+6.7,+0.7,+0.0915,NONE,STOPPED
="2026-09-07 10:44:43",79850,580215,367734,212481,1000000,-0.0052,0.1700,+6.7,+0.7,+0.0776,NONE,STOPPED
="2026-09-07 10:44:44",79850,580215,367734,212481,1000000,-0.0052,0.1700,+6.7,+0.7,+0.0647,NONE,STOPPED
="2026-09-07 10:44:45",79850,580215,367734,212481,1000000,-0.0035,0.1700,+6.7,+0.7,+0.0527,NONE,STOPPED
="2026-09-07 10:44:46",79850,580215,367734,212481,1000000,-0.0034,0.1700,+6.7,+0.7,+0.0527,NONE,STOPPED
="2026-09-07 10:44:47",79850,580215,367734,212481,1000000,-0.0034,0.1700,+6.7,+0.7,+0.0315,NONE,STOPPED
="2026-09-07 10:44:48",79850,580215,367734,212481,1000000,-0.0042,0.1700,+6.7,+0.7,+0.0221,NONE,STOPPED
="2026-09-07 10:44:49",79850,557675,367734,189941,1000000,-0.0042,0.1700,-0.0,+0.7,+0.0135,NONE,STOPPED
="2026-09-07 10:44:50",79850,557675,367734,189941,1000000,-0.0035,0.1700,-0.0,+0.7,+0.0056,NONE,STOPPED
="2026-09-07 10:44:51",79850,557675,367734,189941,1000000,-0.0035,0.1700,+0.0,+15.3,-0.0016,NONE,STOPPED
="2026-09-07 10:44:52",79850,199305,20636,178669,1000000,-0.0035,0.1700,-0.0,+15.3,-0.0171,NONE,STOPPED
="2026-09-07 10:44:53",79850,199305,20636,178669,1000000,-0.0035,0.1700,+0.0,+15.3,-0.0318,NONE,STOPPED
="2026-09-07 10:44:54",79850,199305,20636,178669,1000000,-0.0031,0.1700,-0.0,+21.0,-0.0458,NONE,STOPPED
="2026-09-07 10:44:55",79850,199305,20636,178669,1000000,-0.0031,0.1700,+0.0,+17.2,-0.0626,NONE,STOPPED
="2026-09-07 10:44:56",79850,185233,20636,164597,1000000,-0.0029,0.1700,+0.0,+17.2,-0.0626,NONE,STOPPED
="2026-09-07 10:44:57",79850,185233,20636,164597,1000000,-0.0029,0.1700,+0.0,+8.9,-0.0893,NONE,STOPPED
="2026-09-07 10:44:58",79850,170090,20636,149454,1000000,-0.0029,0.1700,+0.0,+8.9,-0.0966,NONE,STOPPED
="2026-09-07 10:44:59",79850,170090,20636,149454,1000000,+0.0053,0.1700,-0.0,+8.9,-0.1036,NONE,STOPPED
="2026-09-07 10:45:00",79854,170090,20636,149454,1000000,+0.0053,0.1700,+3.8,+12.7,-0.0953,NONE,STOPPED
="2026-09-07 10:45:01",79854,170090,20636,149454,1000000,+0.0055,0.1700,+3.8,+12.7,-0.0882,NONE,STOPPED
="2026-09-07 10:45:02",79854,170090,20636,149454,1000000,+0.0055,0.1700,+3.8,+2.8,-0.0821,NONE,STOPPED
="2026-09-07 10:45:03",79854,63642,20636,43005,1000000,+0.0055,0.1700,+3.8,+2.8,-0.0821,NONE,STOPPED
="2026-09-07 10:45:04",79854,63642,20636,43005,1000000,+0.0055,0.1700,+3.7,+2.8,-0.0708,NONE,STOPPED
="2026-09-07 10:45:05",79859,63642,20636,43005,1000000,+0.0072,0.1700,+8.9,+7.9,-0.0313,NONE,STOPPED
="2026-09-07 10:45:06",79859,63642,20636,43005,1000000,+0.0073,0.1700,+5.1,+7.9,-0.0049,NONE,STOPPED
="2026-09-07 10:45:07",79864,137060,20636,116424,1000000,+0.0073,0.1700,+9.6,+12.4,+0.0364,NONE,STOPPED
="2026-09-07 10:45:08",79864,137060,20636,116424,1000000,+0.0063,0.1700,+9.6,+12.4,+0.0734,NONE,STOPPED
="2026-09-07 10:45:09",79866,137060,20636,116424,1000000,+0.0063,0.1700,+11.8,+14.6,+0.1149,NONE,STOPPED
="2026-09-07 10:45:10",79866,137060,20636,116424,1000000,+0.0101,0.1700,+6.6,+14.6,+0.1518,NONE,STOPPED
="2026-09-07 10:45:11",79876,137060,20636,116424,1000000,+0.0101,0.1700,+16.9,+24.8,+0.2245,NONE,STOPPED
="2026-09-07 10:45:12",79876,137060,20636,116424,1000000,+0.0101,0.1700,+12.4,+24.8,+0.2892,NONE,STOPPED
="2026-09-07 10:45:13",79876,137060,20636,116424,1000000,+0.0096,0.1700,+12.4,+24.8,+0.2892,NONE,STOPPED
="2026-09-07 10:45:14",79876,159040,20636,138404,1000000,+0.0090,0.1700,+12.4,+24.8,+0.3466,NONE,STOPPED
="2026-09-07 10:45:15",79883,159040,20636,138404,1000000,+0.0090,0.1700,+17.3,+31.9,+0.4773,NONE,STOPPED
="2026-09-07 10:45:16",79887,159040,20636,138404,1000000,+0.0086,0.1700,+11.5,+28.7,+0.5570,NONE,STOPPED
="2026-09-07 10:45:17",79887,159040,20636,138404,1000000,+0.0086,0.1700,+11.5,+28.7,+0.6317,NONE,STOPPED
="2026-09-07 10:45:18",79887,159040,20636,138404,1000000,+0.0086,0.1700,+11.5,+28.7,+0.6973,NONE,STOPPED
="2026-09-07 10:45:19",79887,159040,20636,138404,1000000,+0.0089,0.1700,+9.2,+28.7,+0.7546,NONE,STOPPED
="2026-09-07 10:45:20",79887,159040,20636,138404,1000000,+0.0108,0.1700,+4.4,+28.7,+0.8041,NONE,STOPPED
="2026-09-07 10:45:21",79887,159040,20636,138404,1000000,+0.0108,0.1700,+4.4,+28.7,+0.8464,NONE,STOPPED
="2026-09-07 10:45:22",79887,159040,20636,138404,1000000,+0.0080,0.1700,+4.4,+28.7,+0.8821,NONE,STOPPED
="2026-09-07 10:45:23",79887,183596,45191,138404,1000000,+0.0080,0.1700,+4.4,+28.7,+0.8821,NONE,STOPPED
="2026-09-07 10:45:24",79887,183596,45191,138404,1000000,+0.0075,0.1700,+0.0,+28.7,+0.9355,NONE,STOPPED
="2026-09-07 10:45:25",79887,183596,45191,138404,1000000,+0.0075,0.1700,+0.0,+28.7,+0.9543,NONE,STOPPED
="2026-09-07 10:45:26",79887,183596,45191,138404,1000000,+0.0074,0.1700,+0.0,+28.7,+0.9682,NONE,STOPPED
="2026-09-07 10:45:27",79887,183596,45191,138404,1000000,+0.0074,0.1700,+0.0,+28.7,+0.9778,NONE,STOPPED
="2026-09-07 10:45:28",79887,183596,45191,138404,1000000,+0.0074,0.1700,+0.0,+28.7,+0.9833,NONE,STOPPED
="2026-09-07 10:45:29",79887,183596,45191,138404,1000000,+0.0074,0.1700,-0.0,+28.7,+0.9852,NONE,STOPPED
="2026-09-07 10:45:30",79887,183596,45191,138404,1000000,+0.0074,0.1700,-0.0,+28.7,+0.9837,NONE,STOPPED
="2026-09-07 10:45:31",79887,183596,45191,138404,1000000,+0.0071,0.1700,+0.0,+28.7,+0.9792,NONE,STOPPED
="2026-09-07 10:45:32",79887,183596,45191,138404,1000000,+0.0071,0.1700,+0.0,+28.7,+0.9792,NONE,STOPPED
="2026-09-07 10:45:33",79887,183596,45191,138404,1000000,+0.0072,0.1700,+0.0,+28.7,+0.9621,NONE,STOPPED
="2026-09-07 10:45:34",79887,183596,45191,138404,1000000,+0.0072,0.1700,+0.0,+28.7,+0.9501,NONE,STOPPED
="2026-09-07 10:45:35",79887,183596,45191,138404,1000000,+0.0071,0.1700,-0.0,+43.9,+0.9359,NONE,STOPPED
="2026-09-07 10:45:36",79887,162959,24555,138404,1000000,+0.0077,0.1700,-0.0,+43.9,+0.9107,NONE,STOPPED
="2026-09-07 10:45:37",79887,162959,24555,138404,1000000,+0.0077,0.1700,-0.0,+43.9,+0.8840,NONE,STOPPED
="2026-09-07 10:45:38",79887,162959,24555,138404,1000000,+0.0073,0.1700,-0.0,+43.9,+0.8560,NONE,STOPPED
="2026-09-07 10:45:39",79887,162959,24555,138404,1000000,+0.0011,0.1700,-0.0,+37.3,+0.8270,NONE,STOPPED
="2026-09-07 10:45:40",79887,133092,24555,108537,1000000,+0.0011,0.1700,-0.0,+37.3,+0.8270,NONE,STOPPED
="2026-09-07 10:45:41",79887,133092,24555,108537,1000000,+0.0011,0.1700,-0.0,+37.3,+0.8011,NONE,STOPPED
="2026-09-07 10:45:42",79887,133092,24555,108537,1000000,+0.0011,0.1700,+0.0,+37.3,+0.7469,NONE,STOPPED
="2026-09-07 10:45:43",79887,133092,24555,108537,1000000,+0.0011,0.1700,-0.0,+37.3,+0.7188,NONE,STOPPED
="2026-09-07 10:45:44",79887,133092,24555,108537,1000000,+0.0008,0.1700,+0.0,+37.3,+0.6901,NONE,STOPPED
="2026-09-07 10:45:45",79887,133092,24555,108537,1000000,-0.0008,0.1700,+0.0,+37.3,+0.6611,NONE,STOPPED
="2026-09-07 10:45:46",79887,133092,24555,108537,1000000,-0.0008,0.1700,+0.0,+37.3,+0.6317,NONE,STOPPED
="2026-09-07 10:45:47",79890,133092,24555,108537,1000000,-0.0008,0.1700,+2.6,+39.9,+0.6124,NONE,STOPPED
="2026-09-07 10:45:48",79890,133092,24555,108537,1000000,+0.0000,0.1700,+2.6,+39.9,+0.5919,NONE,STOPPED
="2026-09-07 10:45:49",79890,133092,24555,108537,1000000,+0.0000,0.1700,+2.6,+39.9,+0.5704,NONE,STOPPED
="2026-09-07 10:45:50",79890,133092,24555,108537,1000000,-0.0000,0.1700,+2.6,+39.9,+0.5480,NONE,STOPPED
="2026-09-07 10:45:51",79890,133092,24555,108537,1000000,-0.0000,0.1700,+2.6,+39.9,+0.5480,NONE,STOPPED
="2026-09-07 10:45:52",79890,133092,24555,108537,1000000,-0.0000,0.1700,+2.6,+39.9,+0.5248,NONE,STOPPED
="2026-09-07 10:45:53",79890,133092,24555,108537,1000000,-0.0000,0.1700,+0.0,+39.9,+0.4766,NONE,STOPPED
="2026-09-07 10:45:54",79890,133092,24555,108537,1000000,-0.0004,0.1700,+0.2,+40.1,+0.4527,NONE,STOPPED
="2026-09-07 10:45:55",79896,133092,24555,108537,1000000,-0.0004,0.1700,+5.5,+45.4,+0.4486,NONE,STOPPED
="2026-09-07 10:45:56",79900,153092,44554,108537,1000000,-0.0005,0.1700,+9.4,+49.3,+0.4574,NONE,STOPPED
="2026-09-07 10:45:57",79900,153092,44554,108537,1000000,-0.0005,0.1700,+9.4,+49.3,+0.4624,NONE,STOPPED
="2026-09-07 10:45:58",79900,153092,44554,108537,1000000,-0.0005,0.1700,+9.4,+49.3,+0.4641,NONE,STOPPED
="2026-09-07 10:45:59",79900,153092,44554,108537,1000000,-0.0005,0.1700,+9.1,+45.5,+0.4626,NONE,STOPPED
="2026-09-07 10:46:00",79900,153092,44554,108537,1000000,-0.0007,0.1700,+3.9,+45.5,+0.4606,NONE,STOPPED
="2026-09-07 10:46:01",79900,153092,44554,108537,1000000,-0.0007,0.1700,+3.9,+45.5,+0.4606,NONE,STOPPED
="2026-09-07 10:46:02",79900,153092,44554,108537,1000000,-0.0007,0.1700,+0.0,+45.6,+0.4490,NONE,STOPPED
="2026-09-07 10:46:03",79900,153092,44554,108537,1000000,-0.0022,0.1700,-0.0,+45.5,+0.4398,NONE,STOPPED
="2026-09-07 10:46:04",79900,153092,44554,108537,1000000,-0.0022,0.1700,-0.0,+40.4,+0.4286,NONE,STOPPED
="2026-09-07 10:46:05",79900,153092,44554,108537,1000000,-0.0022,0.1700,-0.0,+40.4,+0.4188,NONE,STOPPED
="2026-09-07 10:46:06",79900,153092,44554,108537,1000000,-0.0023,0.1700,-0.0,+35.9,+0.4074,NONE,STOPPED
="2026-09-07 10:46:07",79885,97287,62168,35118,1000000,-0.0023,0.1700,-14.3,+21.7,+0.3416,NONE,STOPPED
="2026-09-07 10:46:08",79885,97287,62168,35118,1000000,-0.0014,0.1700,-14.3,+19.5,+0.2800,NONE,STOPPED
="2026-09-07 10:46:09",79885,97287,62168,35118,1000000,-0.0053,0.1700,-14.3,+19.5,+0.2800,NONE,STOPPED
="2026-09-07 10:46:10",79885,97287,62168,35118,1000000,-0.0053,0.1700,-14.3,+19.5,+0.2238,NONE,STOPPED
="2026-09-07 10:46:11",79885,97287,62168,35118,1000000,-0.0043,0.1700,-14.3,+9.3,+0.1284,NONE,STOPPED
="2026-09-07 10:46:12",79885,97287,62168,35118,1000000,-0.0043,0.1700,-14.3,+9.3,+0.0886,NONE,STOPPED
="2026-09-07 10:46:13",79885,97287,62168,35118,1000000,-0.0038,0.1700,+0.0,+7.0,+0.0519,NONE,STOPPED
="2026-09-07 10:46:14",79885,75307,62168,13138,1000000,-0.0111,0.1700,-0.0,+2.2,+0.0193,NONE,STOPPED
="2026-09-07 10:46:15",79885,75307,62168,13138,1000000,-0.0111,0.1700,-0.0,-2.3,-0.0079,NONE,STOPPED
="2026-09-07 10:46:16",79885,75307,62168,13138,1000000,-0.0107,0.1700,+0.0,-2.2,-0.0300,NONE,STOPPED
="2026-09-07 10:46:17",79885,75307,62168,13138,1000000,-0.0115,0.1700,+0.0,-2.2,-0.0500,NONE,STOPPED
="2026-09-07 10:46:18",79885,75307,62168,13138,1000000,-0.0115,0.1700,+0.0,-2.2,-0.0500,NONE,STOPPED
="2026-09-07 10:46:19",79885,75307,62168,13138,1000000,-0.0118,0.1700,+0.0,-2.2,-0.0680,NONE,STOPPED
="2026-09-07 10:46:20",79884,75307,62168,13138,1000000,-0.0118,0.1700,-1.6,-3.9,-0.1109,NONE,STOPPED
="2026-09-07 10:46:21",79864,143345,130207,13138,1000000,-0.0118,0.1700,-21.2,-23.5,-0.2053,NONE,STOPPED
="2026-09-07 10:46:22",79864,143345,130207,13138,1000000,-0.0090,0.1700,-21.4,-23.6,-0.2904,NONE,STOPPED
="2026-09-07 10:46:23",79864,118790,105652,13138,1000000,-0.0071,0.1700,-21.4,-23.6,-0.3664,NONE,STOPPED
="2026-09-07 10:46:24",79864,118790,105652,13138,1000000,-0.0071,0.1700,-19.7,-23.6,-0.4340,NONE,STOPPED
="2026-09-07 10:46:25",79864,118790,105652,13138,1000000,-0.0070,0.1700,-19.7,-23.6,-0.4938,NONE,STOPPED
="2026-09-07 10:46:26",79864,118790,105652,13138,1000000,-0.0070,0.1700,-0.1,-23.6,-0.5464,NONE,STOPPED
="2026-09-07 10:46:27",79864,118790,105652,13138,1000000,-0.0066,0.1700,-0.0,-23.6,-0.5922,NONE,STOPPED
="2026-09-07 10:46:28",79864,118790,105652,13138,1000000,-0.0066,0.1700,-0.0,-23.6,-0.5922,NONE,STOPPED
="2026-09-07 10:46:29",79864,118790,105652,13138,1000000,-0.0066,0.1700,-0.0,-23.6,-0.6657,NONE,STOPPED
="2026-09-07 10:46:30",79864,118790,105652,13138,1000000,-0.0067,0.1700,-0.0,-23.6,-0.6943,NONE,STOPPED
="2026-09-07 10:46:31",79864,118790,105652,13138,1000000,-0.0064,0.1700,+0.0,-23.6,-0.7179,NONE,STOPPED
="2026-09-07 10:46:32",79864,118790,105652,13138,1000000,-0.0064,0.1700,-0.0,-23.6,-0.7370,NONE,STOPPED
="2026-09-07 10:46:33",79864,118790,105652,13138,1000000,-0.0064,0.1700,+0.0,-23.6,-0.7519,NONE,STOPPED
="2026-09-07 10:46:34",79864,118790,105652,13138,1000000,-0.0064,0.1700,-0.0,-23.6,-0.7631,NONE,STOPPED
="2026-09-07 10:46:35",79864,118790,105652,13138,1000000,-0.0064,0.1700,-0.0,-23.6,-0.7707,NONE,STOPPED
="2026-09-07 10:46:36",79864,118790,105652,13138,1000000,-0.0063,0.1700,-0.0,-23.6,-0.7751,NONE,STOPPED
="2026-09-07 10:46:37",79864,118790,105652,13138,1000000,-0.0063,0.1700,-0.0,-23.6,-0.7751,NONE,STOPPED
="2026-09-07 10:46:38",79864,118790,105652,13138,1000000,-0.0060,0.1700,+0.0,-23.6,-0.7754,NONE,STOPPED
="2026-09-07 10:46:39",79864,118790,105652,13138,1000000,-0.0060,0.1700,-0.0,-23.6,-0.7717,NONE,STOPPED
="2026-09-07 10:46:40",79864,105652,105652,0,1000000,-0.0060,0.1700,+0.0,-23.6,-0.7658,NONE,STOPPED
="2026-09-07 10:46:41",79864,105652,105652,0,1000000,-0.0060,0.1700,-0.0,-23.6,-0.7580,NONE,STOPPED
="2026-09-07 10:46:42",79864,105652,105652,0,1000000,-0.0057,0.1700,+0.0,-23.6,-0.7483,NONE,STOPPED
="2026-09-07 10:46:43",79864,105652,105652,0,1000000,-0.0057,0.1700,+0.0,-23.6,-0.7369,NONE,STOPPED
="2026-09-07 10:46:44",79864,105652,105652,0,1000000,-0.0055,0.1700,+0.0,-23.6,-0.7241,NONE,STOPPED
="2026-09-07 10:46:45",79864,105652,105652,0,1000000,-0.0060,0.1700,+0.0,-23.6,-0.7099,NONE,STOPPED
="2026-09-07 10:46:46",79864,105652,105652,0,1000000,-0.0060,0.1700,-0.0,-26.3,-0.6946,NONE,STOPPED
="2026-09-07 10:46:47",79864,105652,105652,0,1000000,-0.0060,0.1700,-0.0,-26.3,-0.6946,NONE,STOPPED
="2026-09-07 10:46:48",79864,105652,105652,0,1000000,-0.0060,0.1700,+0.0,-26.2,-0.6767,NONE,STOPPED
="2026-09-07 10:46:49",79864,105652,105652,0,1000000,-0.0060,0.1700,+0.0,-26.2,-0.6383,NONE,STOPPED
="2026-09-07 10:46:50",79864,105652,105652,0,1000000,-0.0060,0.1700,-0.0,-26.3,-0.6181,NONE,STOPPED
="2026-09-07 10:46:51",79864,105652,105652,0,1000000,-0.0060,0.1700,+0.0,-26.2,-0.5973,NONE,STOPPED
="2026-09-07 10:46:52",79864,105652,105652,0,1000000,-0.0060,0.1700,-0.0,-26.3,-0.5761,NONE,STOPPED
="2026-09-07 10:46:53",79872,139973,105652,34321,1000000,-0.0060,0.1700,+8.0,-18.5,-0.5235,NONE,STOPPED
="2026-09-07 10:46:54",79872,139973,105652,34321,1000000,-0.0060,0.1700,+8.0,-23.7,-0.4736,NONE,STOPPED
="2026-09-07 10:46:55",79872,139973,105652,34321,1000000,-0.0060,0.1700,+8.0,-27.7,-0.4232,NONE,STOPPED
="2026-09-07 10:46:56",79872,119974,85652,34321,1000000,-0.0060,0.1700,+8.0,-27.7,-0.4232,NONE,STOPPED
="2026-09-07 10:46:57",79872,119974,85652,34321,1000000,-0.0073,0.1700,+8.0,-27.7,-0.3730,NONE,STOPPED
="2026-09-07 10:46:58",79872,119974,85652,34321,1000000,-0.0073,0.1700,+0.0,-27.7,-0.2800,NONE,STOPPED
="2026-09-07 10:46:59",79872,119974,85652,34321,1000000,-0.0073,0.1700,-0.0,-27.7,-0.2371,NONE,STOPPED
="2026-09-07 10:47:00",79872,119974,85652,34321,1000000,-0.0072,0.1700,+0.0,-27.7,-0.1962,NONE,STOPPED
="2026-09-07 10:47:01",79879,173043,85652,87390,1000000,-0.0072,0.1700,+6.8,-20.9,-0.1311,NONE,STOPPED
="2026-09-07 10:47:02",79879,173043,85652,87390,1000000,-0.0056,0.1700,+6.8,-20.9,-0.0707,NONE,STOPPED
="2026-09-07 10:47:03",79879,173043,85652,87390,1000000,-0.0056,0.1700,+6.8,-20.9,-0.0146,NONE,STOPPED
="2026-09-07 10:47:04",79879,173043,85652,87390,1000000,-0.0056,0.1700,+6.8,-20.9,-0.0146,NONE,STOPPED
="2026-09-07 10:47:05",79879,173043,85652,87390,1000000,-0.0056,0.1700,+6.8,-20.9,+0.0374,NONE,STOPPED
="2026-09-07 10:47:06",79879,173043,85652,87390,1000000,-0.0056,0.1700,+6.8,-6.6,+0.1303,NONE,STOPPED
="2026-09-07 10:47:07",79879,155429,68038,87390,1000000,-0.0058,0.1700,+0.0,-6.6,+0.1629,NONE,STOPPED
="2026-09-07 10:47:08",79879,155429,68038,87390,1000000,-0.0067,0.1700,-0.0,-6.6,+0.1926,NONE,STOPPED
="2026-09-07 10:47:09",79879,155429,68038,87390,1000000,-0.0067,0.1700,+0.0,-6.6,+0.2196,NONE,STOPPED
="2026-09-07 10:47:10",79879,155429,68038,87390,1000000,-0.0067,0.1700,-0.0,-6.6,+0.2439,NONE,STOPPED
="2026-09-07 10:47:11",79879,155429,68038,87390,1000000,-0.0077,0.1700,+0.0,-6.6,+0.2660,NONE,STOPPED
="2026-09-07 10:47:12",79879,155429,68038,87390,1000000,-0.0077,0.1700,+0.0,-6.6,+0.2858,NONE,STOPPED
="2026-09-07 10:47:13",79879,155429,68038,87390,1000000,-0.0078,0.1700,+0.0,-6.6,+0.2858,NONE,STOPPED
="2026-09-07 10:47:14",79880,155429,68038,87390,1000000,-0.0005,0.1700,+1.2,-5.4,+0.3082,NONE,STOPPED
="2026-09-07 10:47:15",79880,155429,68038,87390,1000000,-0.0005,0.1700,+1.2,-5.4,+0.3460,NONE,STOPPED
="2026-09-07 10:47:16",79880,155429,68038,87390,1000000,-0.0004,0.1700,+1.2,-5.4,+0.3617,NONE,STOPPED
="2026-09-07 10:47:17",79880,155429,68038,87390,1000000,+0.0004,0.1700,+1.2,-5.4,+0.3756,NONE,STOPPED
="2026-09-07 10:47:18",79880,155429,68038,87390,1000000,+0.0004,0.1700,+0.0,-3.8,+0.3877,NONE,STOPPED
="2026-09-07 10:47:19",79880,155429,68038,87390,1000000,-0.0002,0.1700,+0.0,-3.8,+0.3971,NONE,STOPPED
="2026-09-07 10:47:20",79880,155429,68038,87390,1000000,-0.0002,0.1700,+0.0,+15.8,+0.4051,NONE,STOPPED
="2026-09-07 10:47:21",79880,87390,0,87390,1000000,-0.0002,0.1700,-0.0,+15.9,+0.3998,NONE,STOPPED
="2026-09-07 10:47:22",79886,87390,0,87390,1000000,-0.0002,0.1700,+6.7,+22.6,+0.4193,NONE,STOPPED
="2026-09-07 10:47:23",79886,87390,0,87390,1000000,-0.0021,0.1700,+6.7,+22.6,+0.4193,NONE,STOPPED
="2026-09-07 10:47:24",79886,87390,0,87390,1000000,-0.0021,0.1700,+6.7,+22.6,+0.4354,NONE,STOPPED
="2026-09-07 10:47:25",79886,87390,0,87390,1000000,-0.0020,0.1700,+6.7,+22.6,+0.4581,NONE,STOPPED
="2026-09-07 10:47:26",79886,87390,0,87390,1000000,-0.0020,0.1700,+6.7,+22.6,+0.4653,NONE,STOPPED
="2026-09-07 10:47:27",79886,87390,0,87390,1000000,-0.0024,0.1700,+6.7,+22.6,+0.4699,NONE,STOPPED
="2026-09-07 10:47:28",79886,87390,0,87390,1000000,-0.0023,0.1700,+6.7,+22.6,+0.4722,NONE,STOPPED
="2026-09-07 10:47:29",79886,87390,0,87390,1000000,-0.0023,0.1700,+6.7,+22.6,+0.4724,NONE,STOPPED
="2026-09-07 10:47:30",79886,87390,0,87390,1000000,-0.0023,0.1700,-0.0,+22.6,+0.4707,NONE,STOPPED
="2026-09-07 10:47:31",79886,87390,0,87390,1000000,-0.0024,0.1700,-0.0,+22.6,+0.4673,NONE,STOPPED
="2026-09-07 10:47:32",79886,87390,0,87390,1000000,-0.0024,0.1700,+0.0,+22.6,+0.4623,NONE,STOPPED
="2026-09-07 10:47:33",79886,87390,0,87390,1000000,-0.0024,0.1700,+0.0,+22.6,+0.4623,NONE,STOPPED
="2026-09-07 10:47:34",79894,87390,0,87390,1000000,-0.0022,0.1700,+7.1,+29.7,+0.4789,NONE,STOPPED
="2026-09-07 10:47:35",79894,87390,0,87390,1000000,-0.0022,0.1700,+7.1,+29.7,+0.4945,NONE,STOPPED
="2026-09-07 10:47:36",79894,87390,0,87390,1000000,-0.0023,0.1700,+7.1,+29.7,+0.5066,NONE,STOPPED
="2026-09-07 10:47:37",79894,87390,0,87390,1000000,-0.0023,0.1700,+7.1,+29.7,+0.5152,NONE,STOPPED
="2026-09-07 10:47:38",79894,87390,0,87390,1000000,-0.0023,0.1700,+6.2,+29.7,+0.5209,NONE,STOPPED
="2026-09-07 10:47:39",79894,87390,0,87390,1000000,-0.0023,0.1700,+0.0,+29.7,+0.5238,NONE,STOPPED
="2026-09-07 10:47:40",79894,87390,0,87390,1000000,-0.0023,0.1700,+6.2,+29.7,+0.5242,NONE,STOPPED
="2026-09-07 10:47:41",79894,87390,0,87390,1000000,-0.0023,0.1700,-0.0,+29.7,+0.5222,NONE,STOPPED
="2026-09-07 10:47:42",79894,87390,0,87390,1000000,-0.0025,0.1700,-0.0,+29.7,+0.5222,NONE,STOPPED
="2026-09-07 10:47:43",79894,87390,0,87390,1000000,-0.0025,0.1700,+0.0,+29.7,+0.5121,NONE,STOPPED
="2026-09-07 10:47:44",79894,87390,0,87390,1000000,-0.0011,0.1700,-0.0,+29.7,+0.5043,NONE,STOPPED
="2026-09-07 10:47:45",79894,87390,0,87390,1000000,-0.0005,0.1700,+0.0,+29.7,+0.4951,NONE,STOPPED
="2026-09-07 10:47:46",79894,87390,0,87390,1000000,-0.0003,0.1700,+0.0,+29.7,+0.4844,NONE,STOPPED
="2026-09-07 10:47:47",79894,87390,0,87390,1000000,-0.0003,0.1700,+0.0,+29.7,+0.4724,NONE,STOPPED
="2026-09-07 10:47:48",79894,87390,0,87390,1000000,-0.0003,0.1700,+0.0,+29.7,+0.4594,NONE,STOPPED
="2026-09-07 10:47:49",79894,87390,0,87390,1000000,-0.0003,0.1700,+0.0,+29.7,+0.4453,NONE,STOPPED
="2026-09-07 10:47:50",79894,87390,0,87390,1000000,-0.0003,0.1700,+0.0,+29.7,+0.4303,NONE,STOPPED
="2026-09-07 10:47:51",79894,87390,0,87390,1000000,-0.0004,0.1700,-0.0,+29.7,+0.4146,NONE,STOPPED
="2026-09-07 10:47:52",79894,87390,0,87390,1000000,-0.0004,0.1700,-0.0,+29.7,+0.4146,NONE,STOPPED
="2026-09-07 10:47:53",79894,53069,0,53069,1000000,-0.0004,0.1700,-0.0,+21.7,+0.3860,NONE,STOPPED
="2026-09-07 10:47:54",79894,53069,0,53069,1000000,-0.0004,0.1700,+0.0,+21.8,+0.3732,NONE,STOPPED
="2026-09-07 10:47:55",79894,53069,0,53069,1000000,-0.0004,0.1700,-0.0,+21.7,+0.3599,NONE,STOPPED
="2026-09-07 10:47:56",79887,241935,188866,53069,1000000,-0.0005,0.1700,-6.2,+15.5,+0.3221,NONE,STOPPED
="2026-09-07 10:47:57",79887,241935,188866,53069,1000000,+0.0009,0.1700,-6.2,+15.5,+0.2862,NONE,STOPPED
="2026-09-07 10:47:58",79887,241935,188866,53069,1000000,+0.0009,0.1700,-6.2,+15.5,+0.2523,NONE,STOPPED
="2026-09-07 10:47:59",79887,241935,188866,53069,1000000,+0.0009,0.1700,-6.2,+15.5,+0.2203,NONE,STOPPED
="2026-09-07 10:48:00",79887,241935,188866,53069,1000000,+0.0008,0.1700,-6.2,+8.8,+0.1900,NONE,STOPPED
="2026-09-07 10:48:01",79887,220612,220612,0,1000000,+0.0008,0.1700,-6.2,+8.8,+0.1900,NONE,STOPPED
="2026-09-07 10:48:02",79880,220612,220612,0,1000000,+0.0017,0.1700,-7.5,+1.2,+0.0866,NONE,STOPPED
="2026-09-07 10:48:03",79880,220612,220612,0,1000000,+0.0017,0.1700,-7.5,+1.2,+0.0866,NONE,STOPPED
="2026-09-07 10:48:04",79880,220612,220612,0,1000000,+0.0017,0.1700,-7.5,+1.2,-0.0002,NONE,STOPPED
="2026-09-07 10:48:05",79880,220612,220612,0,1000000,+0.0017,0.1700,-7.5,+1.2,-0.0380,NONE,STOPPED
="2026-09-07 10:48:06",79887,220612,220612,0,1000000,+0.0017,0.1700,+6.9,+8.2,-0.0454,NONE,STOPPED
="2026-09-07 10:48:07",79887,220612,220612,0,1000000,+0.0019,0.1700,+6.9,+8.2,-0.0524,NONE,STOPPED
="2026-09-07 10:48:08",79887,220612,220612,0,1000000,+0.0022,0.1700,+6.9,+8.2,-0.0590,NONE,STOPPED
="2026-09-07 10:48:09",79887,220612,220612,0,1000000,+0.0022,0.1700,+6.9,+8.2,-0.0653,NONE,STOPPED
="2026-09-07 10:48:10",79887,220612,220612,0,1000000,+0.0022,0.1700,+6.9,+8.2,-0.0713,NONE,STOPPED
="2026-09-07 10:48:11",79887,220612,220612,0,1000000,+0.0013,0.1700,-0.0,+8.2,-0.0769,NONE,STOPPED
="2026-09-07 10:48:12",79887,220612,220612,0,1000000,+0.0013,0.1700,-0.0,+8.2,-0.0769,NONE,STOPPED
="2026-09-07 10:48:13",79887,220612,220612,0,1000000,+0.0014,0.1700,+6.9,+7.0,-0.0863,NONE,STOPPED
="2026-09-07 10:48:14",79887,220612,220612,0,1000000,+0.0020,0.1700,+0.0,+7.0,-0.0903,NONE,STOPPED
="2026-09-07 10:48:15",79887,220612,220612,0,1000000,+0.0020,0.1700,+0.0,+7.0,-0.0940,NONE,STOPPED
="2026-09-07 10:48:16",79887,220612,220612,0,1000000,+0.0019,0.1700,+0.0,+7.0,-0.0975,NONE,STOPPED
="2026-09-07 10:48:17",79869,231051,231051,0,1000000,+0.0005,0.1700,-17.5,-10.6,-0.1690,NONE,STOPPED
="2026-09-07 10:48:18",79869,270985,231051,39934,1000000,+0.0011,0.1700,-17.5,-10.6,-0.2334,NONE,STOPPED
="2026-09-07 10:48:19",79871,270985,231051,39934,1000000,+0.0011,0.1700,-16.3,-9.3,-0.2863,NONE,STOPPED
="2026-09-07 10:48:20",79871,270985,231051,39934,1000000,+0.0011,0.1700,-16.3,-9.3,-0.3335,NONE,STOPPED
="2026-09-07 10:48:21",79871,270985,231051,39934,1000000,+0.0011,0.1700,-16.3,-9.3,-0.3335,NONE,STOPPED
="2026-09-07 10:48:22",79871,270985,231051,39934,1000000,+0.0011,0.1700,-16.3,-16.0,-0.3756,NONE,STOPPED
="2026-09-07 10:48:23",79871,270985,231051,39934,1000000,+0.0013,0.1700,+1.3,-16.0,-0.4373,NONE,STOPPED
="2026-09-07 10:48:24",79869,283615,243680,39934,1000000,+0.0013,0.1700,-1.3,-17.2,-0.4669,NONE,STOPPED
="2026-09-07 10:48:25",79869,283615,243680,39934,1000000,+0.0012,0.1700,-1.3,-17.2,-0.4922,NONE,STOPPED
="2026-09-07 10:48:26",79869,283615,243680,39934,1000000,+0.0017,0.1700,-1.3,-17.2,-0.5135,NONE,STOPPED
="2026-09-07 10:48:27",79858,388107,348172,39934,1000000,+0.0017,0.1700,-12.5,-28.5,-0.5750,NONE,STOPPED
="2026-09-07 10:48:28",79858,388107,348172,39934,1000000,+0.0016,0.1700,-12.5,-28.5,-0.6287,NONE,STOPPED
="2026-09-07 10:48:29",79858,388107,348172,39934,1000000,+0.0016,0.1700,-11.2,-28.5,-0.6752,NONE,STOPPED
="2026-09-07 10:48:30",79858,388107,348172,39934,1000000,+0.0016,0.1700,-11.2,-28.5,-0.7151,NONE,STOPPED
="2026-09-07 10:48:31",79858,388107,348172,39934,1000000,+0.0018,0.1700,-11.2,-28.5,-0.7151,NONE,STOPPED
="2026-09-07 10:48:32",79858,388107,348172,39934,1000000,+0.0048,0.1700,-0.0,-29.4,-0.7769,NONE,STOPPED
="2026-09-07 10:48:33",79858,388107,348172,39934,1000000,+0.0048,0.1700,-0.0,-35.6,-0.7992,NONE,STOPPED
="2026-09-07 10:48:34",79858,388107,348172,39934,1000000,+0.0046,0.1700,-0.0,-35.6,-0.8129,NONE,STOPPED
="2026-09-07 10:48:35",79858,388107,348172,39934,1000000,+0.0046,0.1700,+0.0,-35.6,-0.8222,NONE,STOPPED
="2026-09-07 10:48:36",79847,398292,358358,39934,1000000,+0.0046,0.1700,-10.7,-46.2,-0.8691,NONE,STOPPED
="2026-09-07 10:48:37",79847,410270,358358,51912,1000000,+0.0046,0.1700,-10.7,-46.3,-0.9083,NONE,STOPPED
="2026-09-07 10:48:38",79847,410270,358358,51912,1000000,+0.0046,0.1700,-10.7,-46.2,-0.9402,NONE,STOPPED
="2026-09-07 10:48:39",79847,410270,358358,51912,1000000,+0.0046,0.1700,-10.7,-46.2,-0.9402,NONE,STOPPED
="2026-09-07 10:48:40",79847,410270,358358,51912,1000000,+0.0046,0.1700,-10.7,-46.2,-0.9654,NONE,STOPPED
="2026-09-07 10:48:41",79844,410270,358358,51912,1000000,+0.0046,0.1700,-3.8,-50.1,-1.0131,NONE,STOPPED
="2026-09-07 10:48:42",79835,410270,358358,51912,1000000,-0.0145,0.1700,-12.1,-58.4,-1.0674,NONE,STOPPED
="2026-09-07 10:48:43",79835,410270,358358,51912,1000000,-0.0145,0.1700,-12.2,-58.4,-1.1123,NONE,STOPPED
="2026-09-07 10:48:44",79835,410270,358358,51912,1000000,-0.0159,0.1700,-12.2,-58.4,-1.1486,NONE,STOPPED
="2026-09-07 10:48:45",79835,410270,358358,51912,1000000,-0.0159,0.1700,-12.1,-58.4,-1.1769,NONE,STOPPED
="2026-09-07 10:48:46",79835,410270,358358,51912,1000000,-0.0161,0.1700,-8.3,-58.4,-1.1979,NONE,STOPPED
="2026-09-07 10:48:47",79826,451513,399601,51912,1000000,-0.0161,0.1700,-9.4,-67.8,-1.2487,NONE,STOPPED
="2026-09-07 10:48:48",79826,451513,399601,51912,1000000,-0.0263,0.1700,-9.4,-67.8,-1.2898,NONE,STOPPED
="2026-09-07 10:48:49",79826,451513,399601,51912,1000000,-0.0262,0.1700,-9.4,-67.8,-1.2898,NONE,STOPPED
="2026-09-07 10:48:50",79826,451513,399601,51912,1000000,-0.0262,0.1700,-9.4,-67.8,-1.3217,NONE,STOPPED
="2026-09-07 10:48:51",79833,462162,399601,62561,1000000,-0.0519,0.1700,-1.8,-60.2,-1.3321,NONE,STOPPED
="2026-09-07 10:48:52",79833,462162,399601,62561,1000000,-0.0519,0.1700,+7.6,-60.2,-1.3147,NONE,STOPPED
="2026-09-07 10:48:53",79833,462162,399601,62561,1000000,-0.0519,0.1700,+7.6,-60.2,-1.2937,NONE,STOPPED
="2026-09-07 10:48:54",79833,462162,399601,62561,1000000,-0.0519,0.1700,+7.6,-60.2,-1.2694,NONE,STOPPED
="2026-09-07 10:48:55",79833,462162,399601,62561,1000000,-0.0519,0.1700,+7.6,-54.0,-1.2423,NONE,STOPPED
="2026-09-07 10:48:56",79833,273295,210734,62561,1000000,-0.0518,0.1700,+7.6,-54.0,-1.2163,NONE,STOPPED
="2026-09-07 10:48:57",79839,368024,265308,102715,1000000,-0.0536,0.1700,+5.2,-48.8,-1.1677,NONE,STOPPED
="2026-09-07 10:48:58",79839,368024,265308,102715,1000000,-0.0536,0.1700,+5.2,-48.8,-1.1677,NONE,STOPPED
="2026-09-07 10:48:59",79857,378101,265308,112792,1000000,-0.0536,0.1700,+23.9,-30.1,-0.9975,NONE,STOPPED
="2026-09-07 10:49:00",79857,378101,265308,112792,1000000,-0.0533,0.1700,+23.9,-22.6,-0.9977,NONE,STOPPED
="2026-09-07 10:49:01",79857,346355,233562,112792,1000000,-0.0533,0.1700,+23.9,-22.5,-0.7805,NONE,STOPPED
="2026-09-07 10:49:02",79857,346355,233562,112792,1000000,-0.0542,0.1700,+18.7,-22.5,-0.6846,NONE,STOPPED
="2026-09-07 10:49:03",79857,346355,233562,112792,1000000,-0.0546,0.1700,+18.7,-22.5,-0.5948,NONE,STOPPED
="2026-09-07 10:49:04",79857,346355,233562,112792,1000000,-0.0546,0.1700,+0.0,-22.5,-0.5108,NONE,STOPPED
="2026-09-07 10:49:05",79857,346355,233562,112792,1000000,-0.0546,0.1700,+0.0,-29.5,-0.4322,NONE,STOPPED
="2026-09-07 10:49:06",79857,346355,233562,112792,1000000,-0.0546,0.1700,+0.0,-29.5,-0.4322,NONE,STOPPED
="2026-09-07 10:49:07",79857,346355,233562,112792,1000000,-0.0546,0.1700,+0.0,-29.5,-0.2818,NONE,STOPPED
="2026-09-07 10:49:08",79857,346355,233562,112792,1000000,-0.0549,0.1700,-0.0,-29.5,-0.2138,NONE,STOPPED
="2026-09-07 10:49:09",79857,346355,233562,112792,1000000,-0.0546,0.1700,-0.0,-29.5,-0.1500,NONE,STOPPED
="2026-09-07 10:49:10",79857,346355,233562,112792,1000000,-0.0546,0.1700,-0.0,-29.5,-0.0904,NONE,STOPPED
="2026-09-07 10:49:11",79857,346355,233562,112792,1000000,-0.0537,0.1700,-0.0,-29.5,-0.0347,NONE,STOPPED
="2026-09-07 10:49:12",79857,346355,233562,112792,1000000,-0.0536,0.1700,+0.0,-29.5,+0.0175,NONE,STOPPED
="2026-09-07 10:49:13",79857,346355,233562,112792,1000000,-0.0536,0.1700,-0.0,-29.5,+0.0661,NONE,STOPPED
="2026-09-07 10:49:14",79857,346355,233562,112792,1000000,-0.0542,0.1700,+0.0,-29.5,+0.1116,NONE,STOPPED
="2026-09-07 10:49:15",79857,346355,233562,112792,1000000,-0.0542,0.1700,+0.0,-29.5,+0.1116,NONE,STOPPED
="2026-09-07 10:49:16",79857,346355,233562,112792,1000000,-0.0538,0.1700,-0.0,-11.9,+0.1936,NONE,STOPPED
="2026-09-07 10:49:17",79857,335916,223124,112792,1000000,-0.0524,0.1700,-0.0,-11.9,+0.2198,NONE,STOPPED
="2026-09-07 10:49:18",79857,295981,223124,72857,1000000,-0.0521,0.1700,-0.0,-13.2,+0.2438,NONE,STOPPED
="2026-09-07 10:49:19",79857,295981,223124,72857,1000000,-0.0521,0.1700,-0.0,-13.2,+0.2664,NONE,STOPPED
="2026-09-07 10:49:20",79857,295981,223124,72857,1000000,-0.0521,0.1700,-0.0,-13.2,+0.2870,NONE,STOPPED
="2026-09-07 10:49:21",79857,295981,223124,72857,1000000,-0.0521,0.1700,-0.0,-13.2,+0.3058,NONE,STOPPED
="2026-09-07 10:49:22",79857,295981,223124,72857,1000000,-0.0521,0.1700,-0.0,-13.2,+0.3228,NONE,STOPPED
="2026-09-07 10:49:23",79857,295981,223124,72857,1000000,-0.0521,0.1700,+0.0,-11.9,+0.3382,NONE,STOPPED
="2026-09-07 10:49:24",79857,283352,210494,72857,1000000,-0.0522,0.1700,+0.0,-11.9,+0.3382,NONE,STOPPED
="2026-09-07 10:49:25",79857,283352,210494,72857,1000000,-0.0532,0.1700,+0.0,-11.9,+0.3630,NONE,STOPPED
="2026-09-07 10:49:26",79857,283352,210494,72857,1000000,-0.0538,0.1700,+0.0,-0.7,+0.3735,NONE,STOPPED
="2026-09-07 10:49:27",79857,178859,106002,72857,1000000,-0.0538,0.1700,+0.0,-0.7,+0.3759,NONE,STOPPED
="2026-09-07 10:49:28",79863,178859,106002,72857,1000000,-0.0538,0.1700,+6.1,+5.4,+0.4012,NONE,STOPPED
="2026-09-07 10:49:29",79863,178859,106002,72857,1000000,-0.0538,0.1700,+6.1,+5.4,+0.4232,NONE,STOPPED
="2026-09-07 10:49:30",79863,178859,106002,72857,1000000,-0.0538,0.1700,+6.1,+5.4,+0.4423,NONE,STOPPED
="2026-09-07 10:49:31",79863,178859,106002,72857,1000000,-0.0538,0.1700,+6.1,+5.4,+0.4585,NONE,STOPPED
="2026-09-07 10:49:32",79863,178859,106002,72857,1000000,-0.0538,0.1700,+6.1,+5.4,+0.4721,NONE,STOPPED
="2026-09-07 10:49:33",79863,178859,106002,72857,1000000,-0.0568,0.1700,+6.1,+5.4,+0.4721,NONE,STOPPED
="2026-09-07 10:49:34",79863,178859,106002,72857,1000000,-0.0568,0.1700,+6.1,+5.4,+0.4834,NONE,STOPPED
="2026-09-07 10:49:35",79863,178859,106002,72857,1000000,-0.0560,0.1700,+0.0,+16.1,+0.4995,NONE,STOPPED
="2026-09-07 10:49:36",79863,168674,95817,72857,1000000,-0.0560,0.1700,+0.0,+16.1,+0.4982,NONE,STOPPED
="2026-09-07 10:49:37",79863,156697,95817,60880,1000000,-0.0560,0.1700,-0.0,+16.1,+0.4952,NONE,STOPPED
="2026-09-07 10:49:38",79878,156697,95817,60880,1000000,-0.0560,0.1700,+14.8,+30.9,+0.5485,NONE,STOPPED
="2026-09-07 10:49:39",79878,156697,95817,60880,1000000,-0.0560,0.1700,+14.8,+30.9,+0.5948,NONE,STOPPED
="2026-09-07 10:49:40",79878,156697,95817,60880,1000000,-0.0560,0.1700,+14.8,+34.7,+0.6344,NONE,STOPPED
="2026-09-07 10:49:41",79878,156697,95817,60880,1000000,-0.0375,0.1700,+14.8,+43.1,+0.6657,NONE,STOPPED
="2026-09-07 10:49:42",79878,156697,95817,60880,1000000,-0.0375,0.1700,+14.8,+43.1,+0.6864,NONE,STOPPED
="2026-09-07 10:49:43",79878,156697,95817,60880,1000000,-0.0375,0.1700,+14.8,+43.1,+0.6864,NONE,STOPPED
="2026-09-07 10:49:44",79878,156697,95817,60880,1000000,-0.0409,0.1700,+14.8,+43.1,+0.7132,NONE,STOPPED
="2026-09-07 10:49:45",79878,156697,95817,60880,1000000,-0.0409,0.1700,+0.0,+43.1,+0.7201,NONE,STOPPED
="2026-09-07 10:49:46",79865,156697,95817,60880,1000000,-0.0409,0.1700,-12.9,+39.6,+0.6730,NONE,STOPPED
="2026-09-07 10:49:47",79865,115454,54573,60880,1000000,-0.0409,0.1700,-12.9,+39.6,+0.6218,NONE,STOPPED
="2026-09-07 10:49:48",79865,115454,54573,60880,1000000,-0.0307,0.1700,-12.9,+39.6,+0.5722,NONE,STOPPED
="2026-09-07 10:49:49",79865,115454,54573,60880,1000000,-0.0327,0.1700,-12.9,+39.6,+0.5242,NONE,STOPPED
="2026-09-07 10:49:50",79865,115454,54573,60880,1000000,-0.0327,0.1700,-12.9,+32.0,+0.4778,NONE,STOPPED
="2026-09-07 10:49:51",79865,104805,54573,50231,1000000,-0.0071,0.1700,-12.9,+32.0,+0.4374,NONE,STOPPED
="2026-09-07 10:49:52",79865,204781,154550,50231,1000000,-0.0071,0.1700,-12.9,+32.0,+0.3984,NONE,STOPPED
="2026-09-07 10:49:53",79865,204781,154550,50231,1000000,-0.0071,0.1700,-12.9,+32.0,+0.3984,NONE,STOPPED
="2026-09-07 10:49:54",79858,286273,236041,50231,1000000,-0.0071,0.1700,-7.2,+24.7,+0.2795,NONE,STOPPED
="2026-09-07 10:49:55",79858,286273,236041,50231,1000000,-0.0071,0.1700,-7.3,+24.7,+0.2207,NONE,STOPPED
="2026-09-07 10:49:56",79858,286273,236041,50231,1000000,-0.0071,0.1700,-7.2,+19.6,+0.1656,NONE,STOPPED
="2026-09-07 10:49:57",79858,191544,181467,10076,1000000,-0.0053,0.1700,-7.2,+19.5,+0.1172,NONE,STOPPED
="2026-09-07 10:49:58",79858,191544,181467,10076,1000000,-0.0053,0.1700,-2.5,+0.8,+0.0720,NONE,STOPPED
="2026-09-07 10:49:59",79858,181467,181467,0,1000000,-0.0053,0.1700,+0.0,+0.8,+0.0413,NONE,STOPPED
="2026-09-07 10:50:00",79858,181467,181467,0,1000000,-0.0056,0.1700,-2.5,+0.8,+0.0131,NONE,STOPPED
="2026-09-07 10:50:01",79858,181467,181467,0,1000000,-0.0056,0.1700,-2.5,+0.8,+0.0131,NONE,STOPPED
="2026-09-07 10:50:02",79858,181467,181467,0,1000000,-0.0056,0.1700,+0.0,+0.8,-0.0360,NONE,STOPPED
="2026-09-07 10:50:03",79858,181467,181467,0,1000000,-0.0053,0.1700,+0.0,+0.8,-0.0573,NONE,STOPPED
="2026-09-07 10:50:04",79858,181467,181467,0,1000000,-0.0053,0.1700,+0.0,+0.8,-0.0766,NONE,STOPPED
="2026-09-07 10:50:05",79858,181467,181467,0,1000000,-0.0053,0.1700,+0.0,+0.8,-0.0941,NONE,STOPPED
="2026-09-07 10:50:06",79865,181467,181467,0,1000000,-0.0053,0.1700,+7.2,+8.1,-0.0817,NONE,STOPPED
="2026-09-07 10:50:07",79865,181467,181467,0,1000000,-0.0053,0.1700,+7.2,+8.1,-0.0706,NONE,STOPPED
="2026-09-07 10:50:08",79865,181467,181467,0,1000000,-0.0053,0.1700,+7.2,+8.1,-0.0607,NONE,STOPPED
="2026-09-07 10:50:09",79865,181467,181467,0,1000000,-0.0055,0.1700,+7.2,+8.1,-0.0519,NONE,STOPPED
="2026-09-07 10:50:10",79865,181467,181467,0,1000000,-0.0055,0.1700,+7.2,+8.1,-0.0519,NONE,STOPPED
="2026-09-07 10:50:11",79865,181467,181467,0,1000000,-0.0054,0.1700,+7.2,+8.1,-0.0440,NONE,STOPPED
="2026-09-07 10:50:12",79877,181467,181467,0,1000000,-0.0055,0.1700,+11.6,+19.7,+0.0547,NONE,STOPPED
="2026-09-07 10:50:13",79877,181467,181467,0,1000000,-0.0055,0.1700,+11.6,+19.7,+0.0963,NONE,STOPPED
="2026-09-07 10:50:14",79877,181467,181467,0,1000000,-0.0050,0.1700,+11.6,+19.7,+0.1332,NONE,STOPPED
="2026-09-07 10:50:15",79877,181467,181467,0,1000000,-0.0050,0.1700,+11.6,+19.7,+0.1658,NONE,STOPPED
="2026-09-07 10:50:16",79877,181467,181467,0,1000000,-0.0054,0.1700,-0.0,+19.7,+0.1944,NONE,STOPPED
="2026-09-07 10:50:17",79877,181467,181467,0,1000000,-0.0042,0.1700,-0.0,+19.7,+0.2192,NONE,STOPPED
="2026-09-07 10:50:18",79877,181467,181467,0,1000000,-0.0046,0.1700,-0.0,+19.7,+0.2406,NONE,STOPPED
="2026-09-07 10:50:19",79877,181467,181467,0,1000000,-0.0046,0.1700,-0.0,+19.7,+0.2406,NONE,STOPPED
="2026-09-07 10:50:20",79877,181467,181467,0,1000000,-0.0041,0.1700,-0.0,+19.7,+0.2588,NONE,STOPPED
="2026-09-07 10:50:21",79877,181467,181467,0,1000000,-0.0041,0.1700,-0.0,+19.7,+0.2866,NONE,STOPPED
="2026-09-07 10:50:22",79877,181467,181467,0,1000000,-0.0041,0.1700,+0.0,+19.7,+0.2967,NONE,STOPPED
="2026-09-07 10:50:23",79877,181467,181467,0,1000000,-0.0041,0.1700,+0.0,+19.7,+0.3045,NONE,STOPPED
="2026-09-07 10:50:24",79877,181467,181467,0,1000000,-0.0032,0.1700,-0.0,+19.7,+0.3101,NONE,STOPPED
="2026-09-07 10:50:25",79877,181467,181467,0,1000000,-0.0032,0.1700,+0.0,+19.7,+0.3138,NONE,STOPPED
="2026-09-07 10:50:26",79877,181467,181467,0,1000000,-0.0032,0.1700,+0.0,+19.7,+0.3158,NONE,STOPPED
="2026-09-07 10:50:27",79877,181467,181467,0,1000000,-0.0027,0.1700,-0.0,+13.5,+0.3161,NONE,STOPPED
="2026-09-07 10:50:28",79877,181467,181467,0,1000000,-0.0027,0.1700,+0.0,+13.5,+0.3187,NONE,STOPPED
="2026-09-07 10:50:29",79877,181467,181467,0,1000000,-0.0027,0.1700,+0.0,+13.5,+0.3187,NONE,STOPPED
="2026-09-07 10:50:30",79877,181467,181467,0,1000000,-0.0027,0.1700,+0.0,+13.5,+0.3198,NONE,STOPPED
="2026-09-07 10:50:31",79877,181467,181467,0,1000000,-0.0027,0.1700,-0.0,+13.5,+0.3183,NONE,STOPPED
="2026-09-07 10:50:32",79877,181467,181467,0,1000000,-0.0027,0.1700,+0.0,+13.5,+0.3159,NONE,STOPPED
="2026-09-07 10:50:33",79877,181467,181467,0,1000000,-0.0027,0.1700,-0.0,+13.5,+0.3124,NONE,STOPPED
="2026-09-07 10:50:34",79877,181467,181467,0,1000000,-0.0035,0.1700,-0.0,+13.5,+0.3081,NONE,STOPPED
="2026-09-07 10:50:35",79877,181467,181467,0,1000000,-0.0035,0.1700,-0.0,+13.5,+0.3030,NONE,STOPPED
="2026-09-07 10:50:36",79877,181467,181467,0,1000000,-0.0035,0.1700,-0.0,+13.5,+0.2971,NONE,STOPPED
="2026-09-07 10:50:37",79877,181467,181467,0,1000000,-0.0035,0.1700,-0.0,-1.3,+0.2906,NONE,STOPPED
="2026-09-07 10:50:38",79877,181467,181467,0,1000000,-0.0035,0.1700,+0.0,-1.3,+0.2926,NONE,STOPPED
="2026-09-07 10:50:39",79877,196915,196915,0,1000000,-0.0035,0.1700,+0.0,-1.3,+0.2926,NONE,STOPPED
="2026-09-07 10:50:40",79872,196915,196915,0,1000000,-0.0035,0.1700,-5.1,-6.3,+0.2742,NONE,STOPPED
="2026-09-07 10:50:41",79865,210703,210703,0,1000000,-0.0030,0.1700,-12.4,-13.7,+0.1982,NONE,STOPPED
="2026-09-07 10:50:42",79865,210703,210703,0,1000000,-0.0035,0.1700,-12.4,-13.7,+0.1592,NONE,STOPPED
="2026-09-07 10:50:43",79865,210703,210703,0,1000000,-0.0001,0.1700,-12.4,-13.7,+0.1239,NONE,STOPPED
="2026-09-07 10:50:44",79865,210703,210703,0,1000000,-0.0001,0.1700,-7.4,-13.7,+0.0919,NONE,STOPPED
="2026-09-07 10:50:45",79865,210703,210703,0,1000000,-0.0001,0.1700,-3.3,-0.8,+0.0632,NONE,STOPPED
="2026-09-07 10:50:46",79865,210703,210703,0,1000000,-0.0001,0.1700,-0.0,-0.8,+0.0296,NONE,STOPPED
="2026-09-07 10:50:47",79865,210703,210703,0,1000000,-0.0001,0.1700,-3.3,-0.8,-0.0011,NONE,STOPPED
="2026-09-07 10:50:48",79865,210703,210703,0,1000000,-0.0001,0.1700,-0.0,-0.8,-0.0290,NONE,STOPPED
="2026-09-07 10:50:49",79865,210703,210703,0,1000000,-0.0001,0.1700,-0.0,-0.8,-0.0290,NONE,STOPPED
="2026-09-07 10:50:50",79865,210703,210703,0,1000000,+0.0020,0.1700,-3.3,-0.8,-0.0773,NONE,STOPPED
="2026-09-07 10:50:51",79865,210703,210703,0,1000000,+0.0020,0.1700,-0.0,-0.8,-0.0981,NONE,STOPPED
="2026-09-07 10:50:52",79865,210703,210703,0,1000000,+0.0020,0.1700,-0.0,+3.9,-0.1168,NONE,STOPPED
="2026-09-07 10:50:53",79874,110727,110727,0,1000000,+0.0020,0.1700,+9.2,+15.6,-0.1006,NONE,STOPPED
="2026-09-07 10:50:54",79874,29235,29235,0,1000000,+0.0020,0.1700,+9.2,+15.6,-0.0877,NONE,STOPPED
="2026-09-07 10:50:55",79874,29235,29235,0,1000000,+0.0020,0.1700,+9.2,+15.6,-0.0765,NONE,STOPPED
="2026-09-07 10:50:56",79874,29235,29235,0,1000000,+0.0020,0.1700,+9.2,+15.6,-0.0666,NONE,STOPPED
="2026-09-07 10:50:57",79874,29235,29235,0,1000000,+0.0020,0.1700,+9.2,+15.6,-0.0582,NONE,STOPPED
="2026-09-07 10:50:58",79874,29235,29235,0,1000000,+0.0013,0.1700,+9.2,+15.6,-0.0582,NONE,STOPPED
="2026-09-07 10:50:59",79874,29235,29235,0,1000000,+0.0013,0.1700,-0.0,+15.6,-0.0510,NONE,STOPPED
="2026-09-07 10:51:00",79874,29235,29235,0,1000000,+0.0013,0.1700,-0.0,+15.6,-0.0313,NONE,STOPPED
="2026-09-07 10:51:01",79874,29235,29235,0,1000000,+0.0013,0.1700,+0.0,+15.6,-0.0361,NONE,STOPPED
="2026-09-07 10:51:02",79874,29235,29235,0,1000000,+0.0013,0.1700,+0.0,+15.6,-0.0330,NONE,STOPPED
="2026-09-07 10:51:03",79875,29235,29235,0,1000000,+0.0013,0.1700,+1.3,+16.9,-0.0259,NONE,STOPPED
="2026-09-07 10:51:04",79875,29235,29235,0,1000000,+0.0011,0.1700,+1.3,+16.9,-0.0259,NONE,STOPPED
="2026-09-07 10:51:05",79886,29235,29235,0,1000000,+0.0011,0.1700,+12.2,+20.6,+0.0653,NONE,STOPPED
="2026-09-07 10:51:06",79886,29235,29235,0,1000000,+0.0013,0.1700,+12.2,+20.6,+0.1076,NONE,STOPPED
="2026-09-07 10:51:07",79886,29235,29235,0,1000000,+0.0013,0.1700,+12.2,+20.6,+0.1450,NONE,STOPPED
="2026-09-07 10:51:08",79886,29235,29235,0,1000000,+0.0013,0.1700,+10.9,+20.6,+0.1780,NONE,STOPPED
="2026-09-07 10:51:09",79886,29235,29235,0,1000000,+0.0013,0.1700,+10.9,+20.6,+0.2069,NONE,STOPPED
="2026-09-07 10:51:10",79886,29235,29235,0,1000000,+0.0013,0.1700,-0.0,+8.9,+0.2319,NONE,STOPPED
="2026-09-07 10:51:11",79886,29235,29235,0,1000000,+0.0012,0.1700,+0.0,+9.0,+0.2605,NONE,STOPPED
="2026-09-07 10:51:12",79886,29235,29235,0,1000000,+0.0012,0.1700,-0.0,+9.0,+0.2857,NONE,STOPPED
="2026-09-07 10:51:13",79886,29235,29235,0,1000000,+0.0011,0.1700,-0.0,+9.0,+0.2857,NONE,STOPPED
="2026-09-07 10:51:14",79886,29235,29235,0,1000000,+0.0007,0.1700,-0.0,+8.9,+0.3077,NONE,STOPPED
="2026-09-07 10:51:15",79886,29235,29235,0,1000000,+0.0007,0.1700,+0.0,+9.0,+0.3431,NONE,STOPPED
="2026-09-07 10:51:16",79886,29235,29235,0,1000000,+0.0006,0.1700,-0.0,+9.0,+0.3570,NONE,STOPPED
="2026-09-07 10:51:17",79886,29235,29235,0,1000000,-0.0006,0.1700,+0.0,+9.0,+0.3685,NONE,STOPPED
="2026-09-07 10:51:18",79886,29235,29235,0,1000000,-0.0006,0.1700,-0.0,+9.0,+0.3779,NONE,STOPPED
="2026-09-07 10:51:19",79886,29235,29235,0,1000000,-0.0010,0.1700,-0.0,+9.0,+0.3853,NONE,STOPPED
="2026-09-07 10:51:20",79886,29235,29235,0,1000000,-0.0015,0.1700,+0.0,+9.0,+0.3909,NONE,STOPPED
="2026-09-07 10:51:21",79886,29235,29235,0,1000000,-0.0015,0.1700,-0.0,+8.9,+0.3948,NONE,STOPPED
="2026-09-07 10:51:22",79886,29235,29235,0,1000000,-0.0015,0.1700,+0.0,+9.0,+0.3973,NONE,STOPPED
="2026-09-07 10:51:23",79886,29235,29235,0,1000000,-0.0015,0.1700,+0.0,+9.0,+0.3973,NONE,STOPPED
="2026-09-07 10:51:24",79886,29235,29235,0,1000000,-0.0014,0.1700,-0.0,+9.0,+0.3981,NONE,STOPPED
="2026-09-07 10:51:25",79886,29235,29235,0,1000000,-0.0014,0.1700,-0.0,+9.0,+0.3967,NONE,STOPPED
="2026-09-07 10:51:26",79886,29235,29235,0,1000000,-0.0014,0.1700,+0.0,+9.0,+0.3942,NONE,STOPPED
="2026-09-07 10:51:27",79886,29235,29235,0,1000000,-0.0019,0.1700,-0.0,+8.9,+0.3908,NONE,STOPPED
="2026-09-07 10:51:28",79886,29235,29235,0,1000000,-0.0019,0.1700,-0.0,+8.9,+0.3865,NONE,STOPPED
="2026-09-07 10:51:29",79886,29235,29235,0,1000000,-0.0019,0.1700,+0.0,+9.0,+0.3815,NONE,STOPPED
="2026-09-07 10:51:30",79886,29235,29235,0,1000000,-0.0019,0.1700,-0.0,+9.0,+0.3758,NONE,STOPPED
="2026-09-07 10:51:31",79886,29235,29235,0,1000000,-0.0020,0.1700,+0.0,+9.0,+0.3694,NONE,STOPPED
="2026-09-07 10:51:32",79886,29235,29235,0,1000000,-0.0020,0.1700,+0.0,+9.0,+0.3694,NONE,STOPPED
="2026-09-07 10:51:33",79886,29235,29235,0,1000000,-0.0019,0.1700,+0.0,+9.0,+0.3551,NONE,STOPPED
="2026-09-07 10:51:34",79886,29235,29235,0,1000000,-0.0025,0.1700,+0.0,+9.0,+0.3472,NONE,STOPPED
="2026-09-07 10:51:35",79886,29235,29235,0,1000000,-0.0025,0.1700,+0.0,+9.0,+0.3390,NONE,STOPPED
="2026-09-07 10:51:36",79897,29235,29235,0,1000000,-0.0025,0.1700,+11.1,+20.1,+0.3738,NONE,STOPPED
="2026-09-07 10:51:37",79897,29235,29235,0,1000000,-0.0025,0.1700,+11.1,+20.1,+0.4039,NONE,STOPPED
="2026-09-07 10:51:38",79897,29235,29235,0,1000000,-0.0025,0.1700,+11.1,+25.2,+0.4297,NONE,STOPPED
="2026-09-07 10:51:39",79897,34628,34628,0,1000000,-0.0025,0.1700,+11.1,+29.2,+0.4485,NONE,STOPPED
="2026-09-07 10:51:40",79897,20840,20840,0,1000000,-0.0017,0.1700,+11.1,+32.5,+0.4611,NONE,STOPPED
="2026-09-07 10:51:41",79897,20840,20840,0,1000000,-0.0017,0.1700,+11.1,+32.5,+0.4611,NONE,STOPPED
="2026-09-07 10:51:42",79897,20840,20840,0,1000000,-0.0012,0.1700,+11.1,+32.5,+0.4746,NONE,STOPPED
="2026-09-07 10:51:43",79897,20840,20840,0,1000000,-0.0012,0.1700,+0.0,+32.5,+0.4748,NONE,STOPPED
="2026-09-07 10:51:44",79892,20840,20840,0,1000000,-0.0017,0.1700,-4.8,+27.7,+0.4554,NONE,STOPPED
="2026-09-07 10:51:45",79892,20840,20840,0,1000000,-0.0017,0.1700,-4.8,+27.7,+0.4356,NONE,STOPPED
="2026-09-07 10:51:46",79892,20840,20840,0,1000000,-0.0017,0.1700,-4.8,+27.7,+0.4156,NONE,STOPPED
="2026-09-07 10:51:47",79892,20840,20840,0,1000000,-0.0017,0.1700,-4.8,+27.7,+0.3953,NONE,STOPPED
="2026-09-07 10:51:48",79892,20840,20840,0,1000000,-0.0017,0.1700,-4.8,+27.7,+0.3749,NONE,STOPPED
="2026-09-07 10:51:49",79892,20840,20840,0,1000000,-0.0017,0.1700,+0.0,+27.7,+0.3544,NONE,STOPPED
="2026-09-07 10:51:50",79892,20840,20840,0,1000000,+0.0065,0.1700,-4.8,+27.7,+0.3338,NONE,STOPPED
="2026-09-07 10:51:51",79892,20840,20840,0,1000000,+0.0065,0.1700,-4.8,+27.7,+0.3338,NONE,STOPPED
="2026-09-07 10:51:52",79892,20840,20840,0,1000000,+0.0066,0.1700,+0.0,+18.5,+0.2928,NONE,STOPPED
="2026-09-07 10:51:53",79892,20840,20840,0,1000000,+0.0064,0.1700,-0.0,+18.5,+0.2779,NONE,STOPPED
="2026-09-07 10:51:54",79892,20840,20840,0,1000000,+0.0064,0.1700,-0.0,+18.5,+0.2630,NONE,STOPPED
="2026-09-07 10:51:55",79892,20840,20840,0,1000000,+0.0066,0.1700,+0.0,+18.5,+0.2482,NONE,STOPPED
="2026-09-07 10:51:56",79892,20840,20840,0,1000000,+0.0066,0.1700,-0.0,+18.5,+0.2334,NONE,STOPPED
="2026-09-07 10:51:57",79892,20840,20840,0,1000000,+0.0066,0.1700,-0.0,+18.5,+0.2187,NONE,STOPPED
="2026-09-07 10:51:58",79892,20840,20840,0,1000000,+0.0073,0.1700,+0.0,+18.5,+0.2040,NONE,STOPPED
="2026-09-07 10:51:59",79892,20840,20840,0,1000000,+0.0073,0.1700,+0.0,+18.5,+0.2040,NONE,STOPPED
="2026-09-07 10:52:00",79892,20840,20840,0,1000000,+0.0073,0.1700,-0.0,+18.5,+0.1810,NONE,STOPPED
="2026-09-07 10:52:01",79892,20840,20840,0,1000000,+0.0073,0.1700,+0.0,+18.5,+0.1609,NONE,STOPPED
="2026-09-07 10:52:02",79892,20840,20840,0,1000000,+0.0073,0.1700,-0.0,+17.2,+0.1468,NONE,STOPPED
="2026-09-07 10:52:03",79892,20840,20840,0,1000000,+0.0084,0.1700,-0.0,+6.3,+0.1337,NONE,STOPPED
="2026-09-07 10:52:04",79892,20840,20840,0,1000000,+0.0086,0.1700,+0.0,+6.3,+0.1275,NONE,STOPPED
="2026-09-07 10:52:05",79892,20840,20840,0,1000000,+0.0086,0.1700,-0.0,+6.3,+0.1212,NONE,STOPPED
="2026-09-07 10:52:06",79892,20840,20840,0,1000000,+0.0015,0.1700,-0.0,+6.3,+0.1212,NONE,STOPPED
="2026-09-07 10:52:07",79892,20840,20840,0,1000000,+0.0015,0.1700,+0.0,+6.3,+0.1088,NONE,STOPPED
="2026-09-07 10:52:08",79892,20840,20840,0,1000000,+0.0015,0.1700,-0.0,+6.3,+0.1027,NONE,STOPPED
="2026-09-07 10:52:09",79892,20840,20840,0,1000000,+0.0015,0.1700,-0.0,+6.3,+0.0967,NONE,STOPPED
="2026-09-07 10:52:10",79892,20840,20840,0,1000000,+0.0015,0.1700,+0.0,+6.3,+0.0908,NONE,STOPPED
="2026-09-07 10:52:11",79892,20840,20840,0,1000000,+0.0015,0.1700,-0.0,+6.3,+0.0849,NONE,STOPPED
="2026-09-07 10:52:12",79892,20840,20840,0,1000000,+0.0015,0.1700,-0.0,+6.3,+0.0791,NONE,STOPPED
="2026-09-07 10:52:13",79892,20840,20840,0,1000000,+0.0016,0.1700,+0.0,+6.3,+0.0734,NONE,STOPPED
="2026-09-07 10:52:14",79892,20840,20840,0,1000000,+0.0014,0.1700,-0.0,+6.3,+0.0678,NONE,STOPPED
="2026-09-07 10:52:15",79892,37891,20840,17050,1000000,+0.0014,0.1700,-0.0,+6.3,+0.0678,NONE,STOPPED
="2026-09-07 10:52:16",79902,37891,20840,17050,1000000,+0.0015,0.1700,+9.3,+15.6,+0.0985,NONE,STOPPED
="2026-09-07 10:52:17",79902,37891,20840,17050,1000000,+0.0015,0.1700,+9.3,+15.6,+0.1495,NONE,STOPPED
="2026-09-07 10:52:18",79902,37891,20840,17050,1000000,+0.0015,0.1700,+9.3,+15.6,+0.1703,NONE,STOPPED
="2026-09-07 10:52:19",79902,37891,20840,17050,1000000,+0.0020,0.1700,+9.3,+15.6,+0.1883,NONE,STOPPED
="2026-09-07 10:52:20",79902,37891,20840,17050,1000000,+0.0044,0.1700,-0.0,+15.6,+0.2036,NONE,STOPPED
="2026-09-07 10:52:21",79902,37891,20840,17050,1000000,+0.0044,0.1700,-0.0,+15.6,+0.2165,NONE,STOPPED
="2026-09-07 10:52:22",79902,37891,20840,17050,1000000,+0.0044,0.1700,+0.0,+15.6,+0.2273,NONE,STOPPED
="2026-09-07 10:52:23",79902,37891,20840,17050,1000000,+0.0043,0.1700,+0.0,+15.6,+0.2360,NONE,STOPPED
="2026-09-07 10:52:24",79902,37891,20840,17050,1000000,+0.0043,0.1700,-0.0,+15.6,+0.2428,NONE,STOPPED
="2026-09-07 10:52:25",79902,37891,20840,17050,1000000,+0.0043,0.1700,-0.0,+15.6,+0.2428,NONE,STOPPED
="2026-09-07 10:52:26",79902,37891,20840,17050,1000000,+0.0043,0.1700,+0.0,+15.6,+0.2478,NONE,STOPPED
="2026-09-07 10:52:27",79902,37891,20840,17050,1000000,+0.0038,0.1700,-0.0,+15.6,+0.2532,NONE,STOPPED
="2026-09-07 10:52:28",79902,37891,20840,17050,1000000,+0.0038,0.1700,-0.0,+15.6,+0.2539,NONE,STOPPED
="2026-09-07 10:52:29",79902,37891,20840,17050,1000000,+0.0038,0.1700,-0.0,+15.6,+0.2533,NONE,STOPPED
="2026-09-07 10:52:30",79902,37891,20840,17050,1000000,+0.0038,0.1700,-0.0,+15.6,+0.2517,NONE,STOPPED
="2026-09-07 10:52:31",79902,37891,20840,17050,1000000,+0.0039,0.1700,+0.0,+15.6,+0.2490,NONE,STOPPED
="2026-09-07 10:52:32",79902,37891,20840,17050,1000000,+0.0039,0.1700,+0.0,+15.6,+0.2455,NONE,STOPPED
="2026-09-07 10:52:33",79902,37891,20840,17050,1000000,+0.0039,0.1700,+0.0,+15.6,+0.2411,NONE,STOPPED
="2026-09-07 10:52:34",79902,37891,20840,17050,1000000,+0.0044,0.1700,+0.0,+15.6,+0.2360,NONE,STOPPED
="2026-09-07 10:52:35",79902,37891,20840,17050,1000000,+0.0044,0.1700,+0.0,+15.6,+0.2360,NONE,STOPPED
="2026-09-07 10:52:36",79902,37891,20840,17050,1000000,+0.0044,0.1700,-0.0,+4.5,+0.2305,NONE,STOPPED
="2026-09-07 10:52:37",79902,37891,20840,17050,1000000,+0.0042,0.1700,+0.0,+4.5,+0.2302,NONE,STOPPED
="2026-09-07 10:52:38",79902,37891,20840,17050,1000000,+0.0042,0.1700,-0.0,+4.5,+0.2292,NONE,STOPPED
="2026-09-07 10:52:39",79902,17050,0,17050,1000000,+0.0042,0.1700,-0.0,+4.5,+0.2276,NONE,STOPPED
="2026-09-07 10:52:40",79902,32049,0,32049,1000000,+0.0035,0.1700,+0.0,+4.5,+0.2256,NONE,STOPPED
="2026-09-07 10:52:41",79902,32049,0,32049,1000000,+0.0035,0.1700,+0.0,+4.5,+0.2232,NONE,STOPPED
="2026-09-07 10:52:42",79902,32049,0,32049,1000000,+0.0029,0.1700,-0.0,+4.5,+0.2202,NONE,STOPPED
="2026-09-07 10:52:43",79902,32049,0,32049,1000000,+0.0034,0.1700,+0.0,+9.3,+0.2169,NONE,STOPPED
="2026-09-07 10:52:44",79902,32049,0,32049,1000000,+0.0034,0.1700,+0.0,+9.3,+0.2169,NONE,STOPPED
="2026-09-07 10:52:45",79902,32049,0,32049,1000000,+0.0034,0.1700,-0.0,+9.3,+0.2104,NONE,STOPPED
="2026-09-07 10:52:46",79902,32049,0,32049,1000000,+0.0033,0.1700,+0.0,+9.3,+0.1966,NONE,STOPPED
="2026-09-07 10:52:47",79902,32049,0,32049,1000000,+0.0033,0.1700,+0.0,+9.3,+0.1895,NONE,STOPPED
="2026-09-07 10:52:48",79902,32049,0,32049,1000000,+0.0033,0.1700,-0.0,+9.3,+0.1822,NONE,STOPPED
="2026-09-07 10:52:49",79902,32049,0,32049,1000000,+0.0033,0.1700,+0.0,+9.3,+0.1748,NONE,STOPPED
="2026-09-07 10:52:50",79902,32049,0,32049,1000000,-0.0049,0.1700,-0.0,+9.3,+0.1673,NONE,STOPPED
="2026-09-07 10:52:51",79902,32049,0,32049,1000000,-0.0049,0.1700,+0.0,+9.3,+0.1598,NONE,STOPPED
="2026-09-07 10:52:52",79902,32049,0,32049,1000000,-0.0047,0.1700,+0.0,+9.3,+0.1522,NONE,STOPPED
="2026-09-07 10:52:53",79902,32049,0,32049,1000000,-0.0047,0.1700,+0.0,+9.3,+0.1522,NONE,STOPPED
="2026-09-07 10:52:54",79902,32049,0,32049,1000000,-0.0047,0.1700,+0.8,+10.1,+0.1477,NONE,STOPPED
="2026-09-07 10:52:55",79902,32049,0,32049,1000000,-0.0049,0.1700,+0.8,+10.1,+0.1378,NONE,STOPPED
="2026-09-07 10:52:56",79910,58313,0,58313,1000000,-0.0049,0.1700,+8.0,+17.3,+0.1604,NONE,STOPPED
="2026-09-07 10:52:57",79910,58313,0,58313,1000000,-0.0049,0.1700,+8.0,+17.3,+0.1800,NONE,STOPPED
="2026-09-07 10:52:58",79910,58313,0,58313,1000000,-0.0065,0.1700,+7.2,+17.3,+0.1968,NONE,STOPPED
="2026-09-07 10:52:59",79910,58313,0,58313,1000000,-0.0065,0.1700,+7.2,+17.3,+0.2109,NONE,STOPPED
="2026-09-07 10:53:00",79910,58313,0,58313,1000000,-0.0067,0.1700,+7.2,+17.3,+0.2228,NONE,STOPPED
="2026-09-07 10:53:01",79910,58313,0,58313,1000000,-0.0078,0.1700,+0.0,+17.3,+0.2324,NONE,STOPPED
="2026-09-07 10:53:02",79910,58313,0,58313,1000000,-0.0078,0.1700,+7.2,+17.3,+0.2399,NONE,STOPPED
="2026-09-07 10:53:03",79910,58313,0,58313,1000000,-0.0078,0.1700,-0.0,+17.3,+0.2455,NONE,STOPPED
="2026-09-07 10:53:04",79910,58313,0,58313,1000000,-0.0078,0.1700,+0.0,+17.3,+0.2495,NONE,STOPPED
="2026-09-07 10:53:05",79910,58313,0,58313,1000000,-0.0010,0.1700,-0.0,+17.3,+0.2519,NONE,STOPPED
="2026-09-07 10:53:06",79910,58313,0,58313,1000000,-0.0010,0.1700,-0.0,+17.3,+0.2529,NONE,STOPPED
="2026-09-07 10:53:07",79910,58313,0,58313,1000000,+0.0010,0.1700,+0.0,+17.3,+0.2526,NONE,STOPPED
="2026-09-07 10:53:08",79910,58313,0,58313,1000000,+0.0010,0.1700,-0.0,+17.3,+0.2510,NONE,STOPPED
="2026-09-07 10:53:09",79910,58313,0,58313,1000000,+0.0010,0.1700,-0.0,+17.3,+0.2510,NONE,STOPPED
="2026-09-07 10:53:10",79918,89227,12735,76492,1000000,+0.0010,0.1700,+8.0,+25.3,+0.2759,NONE,STOPPED
="2026-09-07 10:53:11",79918,89227,12735,76492,1000000,+0.0010,0.1700,+8.0,+25.3,+0.2993,NONE,STOPPED
="2026-09-07 10:53:12",79917,104220,27727,76492,1000000,+0.0010,0.1700,+8.0,+25.2,+0.3190,NONE,STOPPED
="2026-09-07 10:53:13",79918,104220,27727,76492,1000000,+0.0019,0.1700,+8.0,+25.3,+0.3353,NONE,STOPPED
="2026-09-07 10:53:14",79917,119213,42720,76492,1000000,+0.0021,0.1700,+8.0,+16.0,+0.3484,NONE,STOPPED
="2026-09-07 10:53:15",79917,102162,42720,59442,1000000,+0.0021,0.1700,-0.0,+16.0,+0.3643,NONE,STOPPED
="2026-09-07 10:53:16",79917,117155,57713,59442,1000000,+0.0021,0.1700,-0.0,+16.0,+0.3774,NONE,STOPPED
="2026-09-07 10:53:17",79917,117155,57713,59442,1000000,+0.0021,0.1700,-0.0,+16.0,+0.3878,NONE,STOPPED
="2026-09-07 10:53:18",79917,117155,57713,59442,1000000,+0.0021,0.1700,-0.0,+16.0,+0.3960,NONE,STOPPED
="2026-09-07 10:53:19",79917,132147,72705,59442,1000000,+0.0021,0.1700,-0.0,+16.0,+0.3960,NONE,STOPPED
="2026-09-07 10:53:20",79918,132147,72705,59442,1000000,-0.0003,0.1700,+0.0,+16.0,+0.4019,NONE,STOPPED
="2026-09-07 10:53:21",79917,147140,87698,59442,1000000,-0.0003,0.1700,-0.0,+16.0,+0.4080,NONE,STOPPED
="2026-09-07 10:53:22",79918,147140,87698,59442,1000000,-0.0003,0.1700,+0.0,+16.0,+0.4085,NONE,STOPPED
="2026-09-07 10:53:23",79917,147140,87698,59442,1000000,-0.0003,0.1700,-0.0,+16.0,+0.4074,NONE,STOPPED
="2026-09-07 10:53:24",79917,147140,87698,59442,1000000,-0.0003,0.1700,-0.0,+16.0,+0.4049,NONE,STOPPED
="2026-09-07 10:53:25",79918,147140,87698,59442,1000000,-0.0003,0.1700,+0.0,+16.0,+0.4012,NONE,STOPPED
="2026-09-07 10:53:26",79917,147140,87698,59442,1000000,-0.0003,0.1700,-0.0,+16.0,+0.3963,NONE,STOPPED
="2026-09-07 10:53:27",79917,147140,87698,59442,1000000,+0.0002,0.1700,-0.0,+16.0,+0.3904,NONE,STOPPED
="2026-09-07 10:53:28",79917,147140,87698,59442,1000000,+0.0001,0.1700,-0.0,+16.0,+0.3904,NONE,STOPPED
="2026-09-07 10:53:29",79918,147140,87698,59442,1000000,+0.0001,0.1700,+0.0,+16.0,+0.3836,NONE,STOPPED
="2026-09-07 10:53:30",79917,147140,87698,59442,1000000,+0.0001,0.1700,-0.0,+16.0,+0.3675,NONE,STOPPED
="2026-09-07 10:53:31",79918,147140,87698,59442,1000000,+0.0001,0.1700,+0.0,+16.0,+0.3584,NONE,STOPPED
="2026-09-07 10:53:32",79917,147140,87698,59442,1000000,+0.0001,0.1700,-0.0,+16.0,+0.3487,NONE,STOPPED
="2026-09-07 10:53:33",79917,147140,87698,59442,1000000,+0.0001,0.1700,-0.0,+16.0,+0.3386,NONE,STOPPED
="2026-09-07 10:53:34",79918,147140,87698,59442,1000000,+0.0001,0.1700,+0.0,+16.0,+0.3280,NONE,STOPPED
="2026-09-07 10:53:35",79917,147140,87698,59442,1000000,+0.0001,0.1700,-0.0,+16.0,+0.3170,NONE,STOPPED
="2026-09-07 10:53:36",79917,147140,87698,59442,1000000,+0.0002,0.1700,-0.0,+16.0,+0.3056,NONE,STOPPED
="2026-09-07 10:53:37",79917,147140,87698,59442,1000000,+0.0002,0.1700,-0.0,+16.0,+0.3056,NONE,STOPPED
="2026-09-07 10:53:38",79918,147140,87698,59442,1000000,+0.0012,0.1700,+0.0,+16.0,+0.2940,NONE,STOPPED
="2026-09-07 10:53:39",79917,147140,87698,59442,1000000,+0.0012,0.1700,-0.0,+16.0,+0.2701,NONE,STOPPED
="2026-09-07 10:53:40",79918,132141,87698,44442,1000000,-0.0000,0.1700,+0.0,+16.0,+0.2580,NONE,STOPPED
="2026-09-07 10:53:41",79918,132141,87698,44442,1000000,-0.0000,0.1700,+0.0,+16.0,+0.2457,NONE,STOPPED
="2026-09-07 10:53:42",79926,208232,87698,120534,1000000,+0.0006,0.1700,+8.4,+24.3,+0.2660,NONE,STOPPED
="2026-09-07 10:53:43",79926,208232,87698,120534,1000000,+0.0006,0.1700,+8.4,+24.3,+0.2829,NONE,STOPPED
="2026-09-07 10:53:44",79926,208232,87698,120534,1000000,-0.0020,0.1700,+8.4,+24.3,+0.2967,NONE,STOPPED
="2026-09-07 10:53:45",79926,208232,87698,120534,1000000,-0.0019,0.1700,+8.4,+24.3,+0.3077,NONE,STOPPED
="2026-09-07 10:53:46",79930,208232,87698,120534,1000000,-0.0019,0.1700,+12.0,+28.0,+0.3304,NONE,STOPPED
="2026-09-07 10:53:47",79930,208232,87698,120534,1000000,-0.0019,0.1700,+12.0,+28.0,+0.3304,NONE,STOPPED
="2026-09-07 10:53:48",79930,208232,87698,120534,1000000,-0.0019,0.1700,+3.7,+28.0,+0.3646,NONE,STOPPED
="2026-09-07 10:53:49",79930,208232,87698,120534,1000000,-0.0019,0.1700,+3.7,+28.0,+0.3767,NONE,STOPPED
="2026-09-07 10:53:50",79930,208232,87698,120534,1000000,-0.0023,0.1700,+3.7,+28.0,+0.3858,NONE,STOPPED
="2026-09-07 10:53:51",79930,208232,87698,120534,1000000,-0.0023,0.1700,+3.7,+28.0,+0.3922,NONE,STOPPED
="2026-09-07 10:53:52",79930,208232,87698,120534,1000000,-0.0023,0.1700,-0.0,+27.2,+0.3961,NONE,STOPPED
="2026-09-07 10:53:53",79930,208232,87698,120534,1000000,-0.0028,0.1700,-0.0,+27.2,+0.3981,NONE,STOPPED
="2026-09-07 10:53:54",79930,208232,87698,120534,1000000,-0.0028,0.1700,+0.0,+27.2,+0.3981,NONE,STOPPED
="2026-09-07 10:53:55",79930,208232,87698,120534,1000000,-0.0028,0.1700,-0.0,+20.0,+0.3961,NONE,STOPPED
="2026-09-07 10:53:56",79930,181969,87698,94270,1000000,-0.0028,0.1700,-0.0,+20.0,+0.3961,NONE,STOPPED
="2026-09-07 10:53:57",79930,181969,87698,94270,1000000,-0.0012,0.1700,-0.0,+20.0,+0.3967,NONE,STOPPED
="2026-09-07 10:53:58",79930,181969,87698,94270,1000000,-0.0072,0.1700,-0.0,+20.0,+0.3931,NONE,STOPPED
="2026-09-07 10:53:59",79930,181969,87698,94270,1000000,-0.0072,0.1700,-0.0,+20.0,+0.3891,NONE,STOPPED
="2026-09-07 10:54:00",79930,181969,87698,94270,1000000,-0.0070,0.1700,+0.1,+20.1,+0.3843,NONE,STOPPED
="2026-09-07 10:54:01",79930,181969,87698,94270,1000000,-0.0070,0.1700,+0.1,+20.1,+0.3783,NONE,STOPPED
="2026-09-07 10:54:02",79930,181969,87698,94270,1000000,-0.0070,0.1700,+0.1,+20.1,+0.3712,NONE,STOPPED
="2026-09-07 10:54:03",79930,181969,87698,94270,1000000,-0.0070,0.1700,+0.1,+20.1,+0.3632,NONE,STOPPED
="2026-09-07 10:54:04",79930,181969,87698,94270,1000000,-0.0070,0.1700,+0.1,+20.1,+0.3543,NONE,STOPPED
="2026-09-07 10:54:05",79935,181969,87698,94270,1000000,-0.0070,0.1700,+5.2,+25.3,+0.3649,NONE,STOPPED
="2026-09-07 10:54:06",79935,181969,87698,94270,1000000,-0.0090,0.1700,+5.2,+25.3,+0.3727,NONE,STOPPED
="2026-09-07 10:54:07",79935,181969,87698,94270,1000000,-0.0090,0.1700,+5.2,+25.3,+0.3781,NONE,STOPPED
="2026-09-07 10:54:08",79935,181969,87698,94270,1000000,-0.0091,0.1700,+5.2,+25.3,+0.3811,NONE,STOPPED
="2026-09-07 10:54:09",79935,181969,87698,94270,1000000,-0.0091,0.1700,+5.2,+17.3,+0.3821,NONE,STOPPED
="2026-09-07 10:54:10",79935,151054,74963,76091,1000000,-0.0091,0.1700,+5.2,+17.3,+0.3821,NONE,STOPPED
="2026-09-07 10:54:11",79935,151054,74963,76091,1000000,-0.0092,0.1700,+5.2,+17.3,+0.3860,NONE,STOPPED
="2026-09-07 10:54:12",79935,136061,59970,76091,1000000,-0.0092,0.1700,+0.0,+17.3,+0.3885,NONE,STOPPED
="2026-09-07 10:54:13",79935,136061,59970,76091,1000000,-0.0101,0.1700,-0.0,+17.3,+0.3874,NONE,STOPPED
="2026-09-07 10:54:14",79935,121069,44977,76091,1000000,-0.0101,0.1700,-0.0,+17.3,+0.3848,NONE,STOPPED
="2026-09-07 10:54:15",79935,121069,44977,76091,1000000,-0.0092,0.1700,+0.0,+17.3,+0.3810,NONE,STOPPED
="2026-09-07 10:54:16",79935,106076,29985,76091,1000000,-0.0092,0.1700,+0.0,+17.3,+0.3761,NONE,STOPPED
="2026-09-07 10:54:17",79935,106076,29985,76091,1000000,-0.0095,0.1700,+0.0,+17.3,+0.3701,NONE,STOPPED
="2026-09-07 10:54:18",79935,106076,29985,76091,1000000,-0.0095,0.1700,+0.0,+17.3,+0.3632,NONE,STOPPED
="2026-09-07 10:54:19",79935,91084,14992,76091,1000000,-0.0095,0.1700,-0.0,+17.3,+0.3554,NONE,STOPPED
="2026-09-07 10:54:20",79935,91084,14992,76091,1000000,-0.0095,0.1700,-0.0,+17.3,+0.3554,NONE,STOPPED
="2026-09-07 10:54:21",79935,76091,0,76091,1000000,-0.0098,0.1700,-0.0,+17.3,+0.3468,NONE,STOPPED
="2026-09-07 10:54:22",79935,76091,0,76091,1000000,-0.0097,0.1700,+0.0,+17.3,+0.3279,NONE,STOPPED
="2026-09-07 10:54:23",79935,76091,0,76091,1000000,-0.0097,0.1700,-0.0,+17.3,+0.3175,NONE,STOPPED
="2026-09-07 10:54:24",79935,76091,0,76091,1000000,-0.0097,0.1700,+0.0,+17.3,+0.3068,NONE,STOPPED
="2026-09-07 10:54:25",79935,76091,0,76091,1000000,-0.0097,0.1700,-0.0,+17.3,+0.2957,NONE,STOPPED
="2026-09-07 10:54:26",79935,76091,0,76091,1000000,-0.0097,0.1700,-0.0,+17.3,+0.2842,NONE,STOPPED
="2026-09-07 10:54:27",79935,76091,0,76091,1000000,-0.0097,0.1700,+0.0,+17.3,+0.2725,NONE,STOPPED
="2026-09-07 10:54:28",79935,76091,0,76091,1000000,-0.0096,0.1700,-0.0,+17.3,+0.2605,NONE,STOPPED
="2026-09-07 10:54:29",79935,76091,0,76091,1000000,-0.0096,0.1700,-0.0,+17.3,+0.2483,NONE,STOPPED
="2026-09-07 10:54:30",79935,76091,0,76091,1000000,-0.0096,0.1700,-0.0,+17.3,+0.2483,NONE,STOPPED
="2026-09-07 10:54:31",79935,76091,0,76091,1000000,-0.0096,0.1700,-0.0,+17.3,+0.2236,NONE,STOPPED
="2026-09-07 10:54:32",79935,76091,0,76091,1000000,-0.0096,0.1700,-0.0,+17.3,+0.2111,NONE,STOPPED
="2026-09-07 10:54:33",79935,76091,0,76091,1000000,-0.0095,0.1700,+0.0,+17.3,+0.1986,NONE,STOPPED
="2026-09-07 10:54:34",79935,76091,0,76091,1000000,-0.0095,0.1700,+0.0,+17.3,+0.1861,NONE,STOPPED
="2026-09-07 10:54:35",79935,76091,0,76091,1000000,-0.0098,0.1700,-0.0,+17.3,+0.1735,NONE,STOPPED
="2026-09-07 10:54:36",79935,76091,0,76091,1000000,-0.0098,0.1700,+0.0,+17.3,+0.1611,NONE,STOPPED
="2026-09-07 10:54:37",79935,76091,0,76091,1000000,-0.0098,0.1700,-0.0,+17.3,+0.1487,NONE,STOPPED
="2026-09-07 10:54:38",79935,76091,0,76091,1000000,-0.0107,0.1700,-0.0,+17.3,+0.1363,NONE,STOPPED
="2026-09-07 10:54:39",79935,76091,0,76091,1000000,-0.0107,0.1700,-0.0,+17.3,+0.1363,NONE,STOPPED
="2026-09-07 10:54:40",79935,76091,0,76091,1000000,-0.0095,0.1700,-0.0,+17.3,+0.1120,NONE,STOPPED
="2026-09-07 10:54:41",79935,76091,0,76091,1000000,-0.0095,0.1700,-0.0,+9.0,+0.1000,NONE,STOPPED
="2026-09-07 10:54:42",79935,0,0,0,1000000,-0.0106,0.1700,+0.0,+9.0,+0.0933,NONE,STOPPED
="2026-09-07 10:54:43",79935,0,0,0,1000000,-0.0106,0.1700,-0.0,+9.0,+0.0865,NONE,STOPPED
="2026-09-07 10:54:44",79935,0,0,0,1000000,-0.0081,0.1700,-0.0,+9.0,+0.0798,NONE,STOPPED
="2026-09-07 10:54:45",79935,0,0,0,1000000,-0.0080,0.1700,+0.0,+5.3,+0.0733,NONE,STOPPED
="2026-09-07 10:54:46",79935,0,0,0,1000000,-0.0080,0.1700,-0.0,+5.3,+0.0689,NONE,STOPPED
="2026-09-07 10:54:47",79935,0,0,0,1000000,-0.0080,0.1700,-0.0,+5.3,+0.0646,NONE,STOPPED
="2026-09-07 10:54:48",79935,0,0,0,1000000,-0.0087,0.1700,-0.0,+5.3,+0.0646,NONE,STOPPED
="2026-09-07 10:54:49",79935,0,0,0,1000000,-0.0083,0.1700,-0.0,+5.3,+0.0561,NONE,STOPPED
="2026-09-07 10:54:50",79935,0,0,0,1000000,-0.0083,0.1700,-0.0,+5.3,+0.0519,NONE,STOPPED
="2026-09-07 10:54:51",79935,0,0,0,1000000,-0.0083,0.1700,+0.0,+5.3,+0.0478,NONE,STOPPED
="2026-09-07 10:54:52",79935,0,0,0,1000000,-0.0083,0.1700,+0.0,+5.3,+0.0438,NONE,STOPPED
="2026-09-07 10:54:53",79935,0,0,0,1000000,-0.0078,0.1700,-0.0,+5.3,+0.0397,NONE,STOPPED
="2026-09-07 10:54:54",79935,11428,11428,0,1000000,-0.0077,0.1700,-0.0,+5.3,+0.0357,NONE,STOPPED
="2026-09-07 10:54:55",79935,11428,11428,0,1000000,-0.0077,0.1700,-0.0,+5.3,+0.0318,NONE,STOPPED
="2026-09-07 10:54:56",79935,11428,11428,0,1000000,-0.0076,0.1700,-0.0,+5.3,+0.0318,NONE,STOPPED
="2026-09-07 10:54:57",79935,21572,21572,0,1000000,-0.0076,0.1700,-0.0,+5.3,+0.0279,NONE,STOPPED
="2026-09-07 10:54:58",79927,21572,21572,0,1000000,-0.0016,0.1700,-8.0,-2.7,-0.0386,NONE,STOPPED
="2026-09-07 10:54:59",79927,21572,21572,0,1000000,-0.0016,0.1700,-8.0,-2.8,-0.0673,NONE,STOPPED
="2026-09-07 10:55:00",79927,21572,21572,0,1000000,-0.0017,0.1700,-8.0,-2.8,-0.0932,NONE,STOPPED
="2026-09-07 10:55:01",79927,21572,21572,0,1000000,-0.0017,0.1700,-8.0,-2.8,-0.1164,NONE,STOPPED
="2026-09-07 10:55:02",79927,21572,21572,0,1000000,-0.0017,0.1700,-0.0,-2.8,-0.1373,NONE,STOPPED
="2026-09-07 10:55:03",79927,21572,21572,0,1000000,-0.0030,0.1700,-0.0,-2.8,-0.1373,NONE,STOPPED
="2026-09-07 10:55:04",79927,21572,21572,0,1000000,-0.0030,0.1700,-8.0,-2.8,-0.1559,NONE,STOPPED
="2026-09-07 10:55:05",79927,21572,21572,0,1000000,-0.0030,0.1700,-8.0,-8.0,-0.1840,NONE,STOPPED
="2026-09-07 10:55:06",79927,21572,21572,0,1000000,-0.0030,0.1700,-8.0,-8.0,-0.1937,NONE,STOPPED
="2026-09-07 10:55:07",79927,21572,21572,0,1000000,-0.0030,0.1700,-0.0,-8.0,-0.2019,NONE,STOPPED
="2026-09-07 10:55:08",79927,21572,21572,0,1000000,-0.0029,0.1700,-0.0,-8.0,-0.2086,NONE,STOPPED
="2026-09-07 10:55:09",79927,21572,21572,0,1000000,-0.0029,0.1700,+0.0,-8.0,-0.2140,NONE,STOPPED
="2026-09-07 10:55:10",79927,21572,21572,0,1000000,-0.0029,0.1700,-0.0,-8.0,-0.2181,NONE,STOPPED
="2026-09-07 10:55:11",79927,21572,21572,0,1000000,-0.0029,0.1700,-0.0,-8.0,-0.2211,NONE,STOPPED
="2026-09-07 10:55:12",79927,21572,21572,0,1000000,-0.0029,0.1700,+0.0,-8.0,-0.2231,NONE,STOPPED
="2026-09-07 10:55:13",79927,21572,21572,0,1000000,-0.0031,0.1700,+0.0,-8.0,-0.2231,NONE,STOPPED
="2026-09-07 10:55:14",79927,21572,21572,0,1000000,-0.0031,0.1700,-0.0,-8.0,-0.2242,NONE,STOPPED
="2026-09-07 10:55:15",79927,21572,21572,0,1000000,-0.0039,0.1700,+0.0,-8.0,-0.2235,NONE,STOPPED
="2026-09-07 10:55:16",79933,21572,21572,0,1000000,-0.0039,0.1700,+6.1,-1.9,-0.1984,NONE,STOPPED
="2026-09-07 10:55:17",79933,21572,21572,0,1000000,-0.0037,0.1700,+6.1,-1.9,-0.1750,NONE,STOPPED
="2026-09-07 10:55:18",79933,21572,21572,0,1000000,-0.0037,0.1700,+6.1,-1.9,-0.1532,NONE,STOPPED
="2026-09-07 10:55:19",79933,21572,21572,0,1000000,-0.0055,0.1700,+6.1,-1.9,-0.1330,NONE,STOPPED
="2026-09-07 10:55:20",79933,21572,21572,0,1000000,-0.0052,0.1700,+6.1,-1.9,-0.1142,NONE,STOPPED
="2026-09-07 10:55:21",79933,38362,38362,0,1000000,-0.0064,0.1700,+6.1,-1.9,-0.0968,NONE,STOPPED
="2026-09-07 10:55:22",79933,38362,38362,0,1000000,-0.0064,0.1700,+6.1,-1.9,-0.0968,NONE,STOPPED
="2026-09-07 10:55:23",79933,38362,38362,0,1000000,-0.0064,0.1700,+0.0,-1.9,-0.0806,NONE,STOPPED
="2026-09-07 10:55:24",79933,38362,38362,0,1000000,-0.0064,0.1700,+0.0,-1.9,-0.0517,NONE,STOPPED
="2026-09-07 10:55:25",79933,38362,38362,0,1000000,-0.0064,0.1700,+0.0,-1.9,-0.0388,NONE,STOPPED
="2026-09-07 10:55:26",79933,38362,38362,0,1000000,-0.0064,0.1700,-0.0,-1.9,-0.0269,NONE,STOPPED
="2026-09-07 10:55:27",79933,38362,38362,0,1000000,-0.0064,0.1700,+0.0,-1.9,-0.0160,NONE,STOPPED
="2026-09-07 10:55:28",79933,38362,38362,0,1000000,-0.0072,0.1700,-0.0,-1.9,-0.0059,NONE,STOPPED
="2026-09-07 10:55:29",79933,38362,38362,0,1000000,-0.0072,0.1700,+0.0,-1.9,+0.0034,NONE,STOPPED
="2026-09-07 10:55:30",79933,38362,38362,0,1000000,-0.0072,0.1700,+0.0,-1.9,+0.0120,NONE,STOPPED
="2026-09-07 10:55:31",79933,38362,38362,0,1000000,-0.0088,0.1700,-0.0,-1.9,+0.0198,NONE,STOPPED
="2026-09-07 10:55:32",79933,38362,38362,0,1000000,-0.0088,0.1700,-0.0,-1.9,+0.0270,NONE,STOPPED
="2026-09-07 10:55:33",79933,38362,38362,0,1000000,-0.0088,0.1700,-0.0,-1.9,+0.0270,NONE,STOPPED
="2026-09-07 10:55:34",79935,38362,38362,0,1000000,-0.0089,0.1700,+1.9,-0.0,+0.0469,NONE,STOPPED
="2026-09-07 10:55:35",79935,38362,38362,0,1000000,-0.0086,0.1700,+1.9,-0.0,+0.0590,NONE,STOPPED
="2026-09-07 10:55:36",79935,38362,38362,0,1000000,-0.0086,0.1700,+1.9,+0.0,+0.0699,NONE,STOPPED
="2026-09-07 10:55:37",79935,38362,38362,0,1000000,-0.0093,0.1700,+1.9,-0.0,+0.0797,NONE,STOPPED
="2026-09-07 10:55:38",79935,38362,38362,0,1000000,-0.0093,0.1700,+1.9,-0.0,+0.0884,NONE,STOPPED
="2026-09-07 10:55:39",79935,38362,38362,0,1000000,-0.0100,0.1700,+1.9,-0.0,+0.0962,NONE,STOPPED
="2026-09-07 10:55:40",79935,38362,38362,0,1000000,-0.0100,0.1700,+1.9,-0.0,+0.1032,NONE,STOPPED
="2026-09-07 10:55:41",79935,38362,38362,0,1000000,-0.0100,0.1700,+0.0,-0.0,+0.1093,NONE,STOPPED
="2026-09-07 10:55:42",79935,38362,38362,0,1000000,-0.0089,0.1700,+0.0,-0.0,+0.1093,NONE,STOPPED
="2026-09-07 10:55:43",79935,38362,38362,0,1000000,-0.0089,0.1700,+0.0,+0.0,+0.1194,NONE,STOPPED
="2026-09-07 10:55:44",79941,38362,38362,0,1000000,-0.0089,0.1700,+6.2,+6.2,+0.1476,NONE,STOPPED
="2026-09-07 10:55:45",79941,52792,52792,0,1000000,-0.0090,0.1700,+6.2,+6.2,+0.1728,NONE,STOPPED
="2026-09-07 10:55:46",79941,52792,52792,0,1000000,-0.0093,0.1700,+6.2,+6.2,+0.1951,NONE,STOPPED
="2026-09-07 10:55:47",79941,52792,52792,0,1000000,-0.0093,0.1700,+6.2,+6.2,+0.2148,NONE,STOPPED
="2026-09-07 10:55:48",79941,52792,52792,0,1000000,-0.0086,0.1700,+6.2,+6.2,+0.2321,NONE,STOPPED
="2026-09-07 10:55:49",79941,52792,52792,0,1000000,-0.0103,0.1700,+6.2,+6.2,+0.2472,NONE,STOPPED
="2026-09-07 10:55:50",79946,52792,52792,0,1000000,-0.0103,0.1700,+5.4,+11.6,+0.2811,NONE,STOPPED
="2026-09-07 10:55:51",79946,52792,52792,0,1000000,-0.0103,0.1700,+5.4,+11.6,+0.2811,NONE,STOPPED
="2026-09-07 10:55:52",79946,52792,52792,0,1000000,-0.0103,0.1700,+5.4,+11.6,+0.3109,NONE,STOPPED
="2026-09-07 10:55:53",79947,52792,52792,0,1000000,-0.0103,0.1700,+5.9,+12.1,+0.3615,NONE,STOPPED
="2026-09-07 10:55:54",79954,41364,41364,0,1000000,-0.0105,0.1700,+12.8,+19.1,+0.4098,NONE,STOPPED
="2026-09-07 10:55:55",79967,260270,118554,141716,1000000,-0.0112,0.1700,+20.6,+32.3,+0.5035,NONE,STOPPED
="2026-09-07 10:55:56",79967,260270,118554,141716,1000000,-0.0112,0.1700,+20.6,+40.2,+0.5866,NONE,STOPPED
="2026-09-07 10:55:57",79967,250127,108410,141716,1000000,-0.0112,0.1700,+20.6,+40.2,+0.6550,NONE,STOPPED
="2026-09-07 10:55:58",79967,250127,108410,141716,1000000,-0.0112,0.1700,+20.2,+40.2,+0.7143,NONE,STOPPED
="2026-09-07 10:55:59",79967,250127,108410,141716,1000000,+0.0454,0.1700,+13.2,+40.2,+0.7653,NONE,STOPPED
="2026-09-07 10:56:00",79971,250127,108410,141716,1000000,+0.0456,0.1700,+4.0,+44.2,+0.8241,NONE,STOPPED
="2026-09-07 10:56:01",79971,250127,108410,141716,1000000,+0.0455,0.1700,+4.0,+44.2,+0.8241,NONE,STOPPED
="2026-09-07 10:56:02",79971,250127,108410,141716,1000000,+0.0455,0.1700,+4.0,+44.2,+0.9163,NONE,STOPPED
="2026-09-07 10:56:03",79971,250127,108410,141716,1000000,+0.0468,0.1700,+4.0,+44.2,+0.9510,NONE,STOPPED
="2026-09-07 10:56:04",79971,250127,108410,141716,1000000,+0.0471,0.1700,+4.0,+44.2,+0.9788,NONE,STOPPED
="2026-09-07 10:56:05",79971,250127,108410,141716,1000000,+0.0471,0.1700,+4.0,+44.2,+1.0004,NONE,STOPPED
="2026-09-07 10:56:06",79971,250127,108410,141716,1000000,+0.0471,0.1700,-0.0,+44.2,+1.0163,NONE,STOPPED
="2026-09-07 10:56:07",79971,250127,108410,141716,1000000,+0.0469,0.1700,-0.0,+44.2,+1.0268,NONE,STOPPED
="2026-09-07 10:56:08",79971,250127,108410,141716,1000000,+0.0469,0.1700,+0.0,+44.2,+1.0325,NONE,STOPPED
="2026-09-07 10:56:09",79971,250127,108410,141716,1000000,+0.0469,0.1700,+0.0,+44.2,+1.0338,NONE,STOPPED
="2026-09-07 10:56:10",79971,250127,108410,141716,1000000,+0.0469,0.1700,+0.0,+44.2,+1.0338,NONE,STOPPED
="2026-09-07 10:56:11",79971,250127,108410,141716,1000000,+0.0461,0.1700,+0.0,+44.2,+1.0247,NONE,STOPPED
="2026-09-07 10:56:12",79971,250127,108410,141716,1000000,+0.0461,0.1700,+0.0,+44.2,+1.0149,NONE,STOPPED
="2026-09-07 10:56:13",79971,250127,108410,141716,1000000,+0.0463,0.1700,-0.0,+44.2,+1.0021,NONE,STOPPED
="2026-09-07 10:56:14",79971,250127,108410,141716,1000000,+0.0463,0.1700,+0.0,+44.2,+0.9866,NONE,STOPPED
="2026-09-07 10:56:15",79971,250127,108410,141716,1000000,+0.0463,0.1700,+0.0,+38.1,+0.9687,NONE,STOPPED
="2026-09-07 10:56:16",79971,250127,108410,141716,1000000,+0.0465,0.1700,+0.0,+38.1,+0.9522,NONE,STOPPED
="2026-09-07 10:56:17",79971,250127,108410,141716,1000000,+0.0465,0.1700,-0.0,+38.1,+0.9337,NONE,STOPPED
="2026-09-07 10:56:18",79971,250127,108410,141716,1000000,+0.0483,0.1700,+0.0,+38.1,+0.9134,NONE,STOPPED
="2026-09-07 10:56:19",79971,250127,108410,141716,1000000,+0.0483,0.1700,-0.0,+38.1,+0.8914,NONE,STOPPED
="2026-09-07 10:56:20",79971,250127,108410,141716,1000000,+0.0483,0.1700,-0.0,+38.1,+0.8914,NONE,STOPPED
="2026-09-07 10:56:21",79971,250127,108410,141716,1000000,+0.0495,0.1700,+0.0,+38.1,+0.8433,NONE,STOPPED
="2026-09-07 10:56:22",79971,233337,91620,141716,1000000,+0.0495,0.1700,-0.0,+38.1,+0.8175,NONE,STOPPED
="2026-09-07 10:56:23",79971,233337,91620,141716,1000000,+0.0495,0.1700,-0.0,+38.1,+0.7907,NONE,STOPPED
="2026-09-07 10:56:24",79971,233337,91620,141716,1000000,+0.0495,0.1700,+0.0,+38.1,+0.7632,NONE,STOPPED
="2026-09-07 10:56:25",79971,233337,91620,141716,1000000,+0.0495,0.1700,+0.0,+38.1,+0.7349,NONE,STOPPED
="2026-09-07 10:56:26",79971,233337,91620,141716,1000000,+0.0528,0.1700,-0.0,+38.1,+0.7061,NONE,STOPPED
="2026-09-07 10:56:27",79971,233337,91620,141716,1000000,+0.0535,0.1700,-0.0,+38.1,+0.6768,NONE,STOPPED
="2026-09-07 10:56:28",79959,233337,91620,141716,1000000,+0.0535,0.1700,-12.2,+25.9,+0.5996,NONE,STOPPED
="2026-09-07 10:56:29",79959,233337,91620,141716,1000000,+0.0536,0.1700,-12.2,+25.9,+0.5269,NONE,STOPPED
="2026-09-07 10:56:30",79959,233337,91620,141716,1000000,+0.0536,0.1700,-12.2,+25.9,+0.5269,NONE,STOPPED
="2026-09-07 10:56:31",79959,233337,91620,141716,1000000,+0.0552,0.1700,-12.2,+25.9,+0.3941,NONE,STOPPED
="2026-09-07 10:56:32",79959,233337,91620,141716,1000000,+0.0567,0.1700,-12.2,+25.9,+0.3336,NONE,STOPPED
="2026-09-07 10:56:33",79959,233337,91620,141716,1000000,+0.0568,0.1700,-12.2,+24.0,+0.2766,NONE,STOPPED
="2026-09-07 10:56:34",79959,233337,91620,141716,1000000,+0.0568,0.1700,+0.0,+24.0,+0.2243,NONE,STOPPED
="2026-09-07 10:56:35",79959,233337,91620,141716,1000000,+0.0524,0.1700,-0.0,+24.0,+0.1750,NONE,STOPPED
="2026-09-07 10:56:36",79959,233337,91620,141716,1000000,+0.0524,0.1700,+0.0,+24.0,+0.1288,NONE,STOPPED
="2026-09-07 10:56:37",79956,233337,91620,141716,1000000,+0.0531,0.1700,-2.8,+21.2,+0.0747,NONE,STOPPED
="2026-09-07 10:56:38",79956,233337,91620,141716,1000000,+0.0531,0.1700,-2.8,+21.2,+0.0242,NONE,STOPPED
="2026-09-07 10:56:39",79956,233337,91620,141716,1000000,+0.0538,0.1700,-2.8,+21.2,+0.0242,NONE,STOPPED
="2026-09-07 10:56:40",79956,233337,91620,141716,1000000,+0.0538,0.1700,-2.8,+21.2,-0.0226,NONE,STOPPED
="2026-09-07 10:56:41",79956,233337,91620,141716,1000000,+0.0538,0.1700,-2.8,+21.2,-0.1066,NONE,STOPPED
="2026-09-07 10:56:42",79956,233337,91620,141716,1000000,+0.0520,0.1700,+0.0,+21.2,-0.1441,NONE,STOPPED
="2026-09-07 10:56:43",79946,233337,91620,141716,1000000,+0.0520,0.1700,-10.4,+4.6,-0.2195,NONE,STOPPED
="2026-09-07 10:56:44",79946,233337,91620,141716,1000000,+0.0520,0.1700,-10.5,+4.6,-0.2845,NONE,STOPPED
="2026-09-07 10:56:45",79946,218906,77190,141716,1000000,+0.0520,0.1700,-10.4,+4.6,-0.3433,NONE,STOPPED
="2026-09-07 10:56:46",79946,218906,77190,141716,1000000,+0.0522,0.1700,-10.4,+4.6,-0.3965,NONE,STOPPED
="2026-09-07 10:56:47",79946,218906,77190,141716,1000000,+0.0517,0.1700,-10.5,+4.6,-0.4443,NONE,STOPPED
="2026-09-07 10:56:48",79946,218906,77190,141716,1000000,+0.0517,0.1700,-10.5,+4.6,-0.4443,NONE,STOPPED
="2026-09-07 10:56:49",79946,218906,77190,141716,1000000,+0.0535,0.1700,-10.4,+4.6,-0.4872,NONE,STOPPED
="2026-09-07 10:56:50",79943,218906,77190,141716,1000000,+0.0529,0.1700,-2.2,-3.0,-0.5722,NONE,STOPPED
="2026-09-07 10:56:51",79943,218906,77190,141716,1000000,+0.0529,0.1700,-2.2,-3.0,-0.6061,NONE,STOPPED
="2026-09-07 10:56:52",79943,218906,77190,141716,1000000,+0.0529,0.1700,-2.2,-3.5,-0.6356,NONE,STOPPED
="2026-09-07 10:56:53",79943,218906,77190,141716,1000000,+0.0535,0.1700,-2.2,-10.5,-0.6607,NONE,STOPPED
="2026-09-07 10:56:54",79943,218906,77190,141716,1000000,+0.0535,0.1700,-0.1,-23.7,-0.6779,NONE,STOPPED
="2026-09-07 10:56:55",79943,0,0,0,1000000,+0.0543,0.1700,-0.1,-23.7,-0.6838,NONE,STOPPED
="2026-09-07 10:56:56",79943,0,0,0,1000000,+0.0528,0.1700,-0.2,-23.9,-0.6875,NONE,STOPPED
="2026-09-07 10:56:57",79943,0,0,0,1000000,+0.0528,0.1700,-0.2,-23.9,-0.6875,NONE,STOPPED
="2026-09-07 10:56:58",79943,0,0,0,1000000,-0.0039,0.1700,-0.2,-23.9,-0.6886,NONE,STOPPED
="2026-09-07 10:56:59",79943,0,0,0,1000000,-0.0039,0.1700,-0.2,-27.9,-0.6835,NONE,STOPPED
="2026-09-07 10:57:00",79943,0,0,0,1000000,-0.0039,0.1700,-0.2,-27.8,-0.6896,NONE,STOPPED
="2026-09-07 10:57:01",79943,0,0,0,1000000,-0.0038,0.1700,-0.0,-27.9,-0.6653,NONE,STOPPED
="2026-09-07 10:57:02",79943,0,0,0,1000000,-0.0038,0.1700,-0.0,-27.9,-0.6538,NONE,STOPPED
="2026-09-07 10:57:03",79943,0,0,0,1000000,-0.0033,0.1700,+0.0,-27.8,-0.6407,NONE,STOPPED
="2026-09-07 10:57:04",79943,0,0,0,1000000,-0.0036,0.1700,-0.0,-27.9,-0.6264,NONE,STOPPED
="2026-09-07 10:57:05",79943,0,0,0,1000000,-0.0036,0.1700,-0.0,-27.8,-0.6110,NONE,STOPPED
="2026-09-07 10:57:06",79943,0,0,0,1000000,-0.0036,0.1700,-0.0,-27.8,-0.6110,NONE,STOPPED
="2026-09-07 10:57:07",79943,0,0,0,1000000,-0.0034,0.1700,+0.0,-27.8,-0.5945,NONE,STOPPED
="2026-09-07 10:57:08",79943,0,0,0,1000000,-0.0044,0.1700,+0.0,-27.9,-0.5589,NONE,STOPPED
="2026-09-07 10:57:09",79943,0,0,0,1000000,-0.0044,0.1700,+0.0,-27.8,-0.5400,NONE,STOPPED
="2026-09-07 10:57:10",79943,0,0,0,1000000,-0.0035,0.1700,-0.0,-27.9,-0.5206,NONE,STOPPED
="2026-09-07 10:57:11",79943,0,0,0,1000000,-0.0031,0.1700,-0.0,-27.9,-0.5007,NONE,STOPPED
="2026-09-07 10:57:12",79943,0,0,0,1000000,-0.0031,0.1700,+0.0,-27.8,-0.4804,NONE,STOPPED
="2026-09-07 10:57:13",79943,0,0,0,1000000,-0.0031,0.1700,-0.0,-27.9,-0.4597,NONE,STOPPED
="2026-09-07 10:57:14",79943,0,0,0,1000000,-0.0031,0.1700,-0.0,-27.9,-0.4389,NONE,STOPPED
="2026-09-07 10:57:15",79943,0,0,0,1000000,-0.0031,0.1700,+0.0,-27.9,-0.4177,NONE,STOPPED
="2026-09-07 10:57:16",79943,0,0,0,1000000,-0.0033,0.1700,+0.0,-27.9,-0.4177,NONE,STOPPED
="2026-09-07 10:57:17",79943,23983,23983,0,1000000,-0.0033,0.1700,-0.0,-27.8,-0.3805,NONE,STOPPED
="2026-09-07 10:57:18",79943,23983,23983,0,1000000,-0.0039,0.1700,+0.0,-27.8,-0.3539,NONE,STOPPED
="2026-09-07 10:57:19",79943,43969,43969,0,1000000,-0.0039,0.1700,-0.0,-27.8,-0.3326,NONE,STOPPED
="2026-09-07 10:57:20",79943,43969,43969,0,1000000,-0.0039,0.1700,-0.0,-27.9,-0.3113,NONE,STOPPED
="2026-09-07 10:57:21",79943,43969,43969,0,1000000,-0.0038,0.1700,+0.0,-27.8,-0.2901,NONE,STOPPED
="2026-09-07 10:57:22",79943,43969,43969,0,1000000,-0.0038,0.1700,-0.0,-27.8,-0.2691,NONE,STOPPED
="2026-09-07 10:57:23",79943,43969,43969,0,1000000,-0.0037,0.1700,-0.0,-27.9,-0.2483,NONE,STOPPED
="2026-09-07 10:57:24",79943,43969,43969,0,1000000,-0.0037,0.1700,+0.0,-27.9,-0.2276,NONE,STOPPED
="2026-09-07 10:57:25",79943,43969,43969,0,1000000,-0.0037,0.1700,+0.0,-27.9,-0.2276,NONE,STOPPED
="2026-09-07 10:57:26",79943,43969,43969,0,1000000,-0.0070,0.1700,-0.0,-27.8,-0.1870,NONE,STOPPED
="2026-09-07 10:57:27",79943,43969,43969,0,1000000,-0.0072,0.1700,+0.0,-15.6,-0.1670,NONE,STOPPED
="2026-09-07 10:57:28",79943,43969,43969,0,1000000,-0.0072,0.1700,-0.0,-15.6,-0.1548,NONE,STOPPED
="2026-09-07 10:57:29",79943,43969,43969,0,1000000,-0.0072,0.1700,+0.0,-15.6,-0.1427,NONE,STOPPED
="2026-09-07 10:57:30",79943,43969,43969,0,1000000,-0.0072,0.1700,+0.0,-15.6,-0.1307,NONE,STOPPED
="2026-09-07 10:57:31",79943,59877,59877,0,1000000,-0.0072,0.1700,-0.0,-15.6,-0.1189,NONE,STOPPED
="2026-09-07 10:57:32",79943,59877,59877,0,1000000,-0.0088,0.1700,+0.0,-15.6,-0.1072,NONE,STOPPED
="2026-09-07 10:57:33",79943,59877,59877,0,1000000,-0.0088,0.1700,+0.0,-15.6,-0.0957,NONE,STOPPED
="2026-09-07 10:57:34",79943,59877,59877,0,1000000,-0.0088,0.1700,+0.0,-15.6,-0.0957,NONE,STOPPED
="2026-09-07 10:57:35",79943,59877,59877,0,1000000,-0.0044,0.1700,+0.0,-15.6,-0.0733,NONE,STOPPED
="2026-09-07 10:57:36",79943,59877,59877,0,1000000,-0.0044,0.1700,+0.0,-12.8,-0.0623,NONE,STOPPED
="2026-09-07 10:57:37",79943,59877,59877,0,1000000,-0.0044,0.1700,+0.0,-12.8,-0.0533,NONE,STOPPED
="2026-09-07 10:57:38",79943,59877,59877,0,1000000,-0.0044,0.1700,+0.0,-12.9,-0.0444,NONE,STOPPED
="2026-09-07 10:57:39",79943,59877,59877,0,1000000,-0.0044,0.1700,-0.0,-12.8,-0.0357,NONE,STOPPED
="2026-09-07 10:57:40",79943,59877,59877,0,1000000,-0.0043,0.1700,-0.0,-12.8,-0.0271,NONE,STOPPED
="2026-09-07 10:57:41",79943,59877,59877,0,1000000,-0.0025,0.1700,-0.0,-12.9,-0.0188,NONE,STOPPED
="2026-09-07 10:57:42",79943,59877,59877,0,1000000,-0.0024,0.1700,-0.0,-2.4,-0.0106,NONE,STOPPED
="2026-09-07 10:57:43",79943,79123,79123,0,1000000,-0.0024,0.1700,-0.0,-2.4,-0.0106,NONE,STOPPED
="2026-09-07 10:57:44",79941,79123,79123,0,1000000,-0.0024,0.1700,-2.1,-4.5,-0.0173,NONE,STOPPED
="2026-09-07 10:57:45",79941,79123,79123,0,1000000,-0.0024,0.1700,-2.1,-4.5,-0.0281,NONE,STOPPED
="2026-09-07 10:57:46",79941,79123,79123,0,1000000,-0.0024,0.1700,-2.1,-4.5,-0.0326,NONE,STOPPED
="2026-09-07 10:57:47",79941,79123,79123,0,1000000,-0.0019,0.1700,-2.1,-4.6,-0.0363,NONE,STOPPED
="2026-09-07 10:57:48",79941,79123,79123,0,1000000,-0.0023,0.1700,-2.1,-2.4,-0.0395,NONE,STOPPED
="2026-09-07 10:57:49",79941,79123,79123,0,1000000,-0.0023,0.1700,+0.0,-2.3,-0.0434,NONE,STOPPED
="2026-09-07 10:57:50",79941,79123,79123,0,1000000,-0.0017,0.1700,+0.0,-2.3,-0.0468,NONE,STOPPED
="2026-09-07 10:57:51",79941,79123,79123,0,1000000,-0.0017,0.1700,-0.0,-2.3,-0.0497,NONE,STOPPED
="2026-09-07 10:57:52",79941,79123,79123,0,1000000,-0.0017,0.1700,-0.0,-2.3,-0.0497,NONE,STOPPED
="2026-09-07 10:57:53",79941,79123,79123,0,1000000,-0.0022,0.1700,-0.0,-2.3,-0.0522,NONE,STOPPED
="2026-09-07 10:57:54",79941,79123,79123,0,1000000,-0.0022,0.1700,-0.0,-2.3,-0.0560,NONE,STOPPED
="2026-09-07 10:57:55",79941,79123,79123,0,1000000,-0.0119,0.1700,-0.0,-2.1,-0.0573,NONE,STOPPED
="2026-09-07 10:57:56",79941,79123,79123,0,1000000,-0.0104,0.1700,-0.0,-2.1,-0.0584,NONE,STOPPED
="2026-09-07 10:57:57",79941,79123,79123,0,1000000,-0.0104,0.1700,+0.0,-2.1,-0.0592,NONE,STOPPED
="2026-09-07 10:57:58",79941,79123,79123,0,1000000,-0.0104,0.1700,-0.0,-2.1,-0.0597,NONE,STOPPED
="2026-09-07 10:57:59",79941,79123,79123,0,1000000,-0.0104,0.1700,+0.0,-2.1,-0.0600,NONE,STOPPED
="2026-09-07 10:58:00",79941,79123,79123,0,1000000,-0.0104,0.1700,-0.0,-2.1,-0.0600,NONE,STOPPED
="2026-09-07 10:58:01",79941,79123,79123,0,1000000,-0.0103,0.1700,-0.0,-2.1,-0.0600,NONE,STOPPED
="2026-09-07 10:58:02",79941,79123,79123,0,1000000,-0.0103,0.1700,+0.0,-2.1,-0.0598,NONE,STOPPED
="2026-09-07 10:58:03",79941,79123,79123,0,1000000,-0.0109,0.1700,-0.0,-2.1,-0.0589,NONE,STOPPED
="2026-09-07 10:58:04",79941,79123,79123,0,1000000,-0.0108,0.1700,+0.0,-2.1,-0.0582,NONE,STOPPED
="2026-09-07 10:58:05",79941,79123,79123,0,1000000,-0.0108,0.1700,+0.0,-2.1,-0.0573,NONE,STOPPED
="2026-09-07 10:58:06",79941,79123,79123,0,1000000,-0.0108,0.1700,-0.0,-2.1,-0.0563,NONE,STOPPED
="2026-09-07 10:58:07",79942,79123,79123,0,1000000,-0.0108,0.1700,+1.3,-0.9,-0.0503,NONE,STOPPED
="2026-09-07 10:58:08",79954,79123,79123,0,1000000,-0.0098,0.1700,+12.6,+10.5,-0.0005,NONE,STOPPED
="2026-09-07 10:58:09",79954,79123,79123,0,1000000,-0.0098,0.1700,+12.6,+10.5,+0.0444,NONE,STOPPED
="2026-09-07 10:58:10",79954,79123,79123,0,1000000,-0.0098,0.1700,+12.6,+10.5,+0.0444,NONE,STOPPED
="2026-09-07 10:58:11",79954,79123,79123,0,1000000,-0.0090,0.1700,+12.6,+10.5,+0.0849,NONE,STOPPED
="2026-09-07 10:58:12",79954,79123,79123,0,1000000,-0.0090,0.1700,+11.3,+10.5,+0.1535,NONE,STOPPED
="2026-09-07 10:58:13",79954,79123,79123,0,1000000,-0.0092,0.1700,+11.3,+10.5,+0.1823,NONE,STOPPED
="2026-09-07 10:58:14",79954,79123,79123,0,1000000,-0.0092,0.1700,+11.3,+10.5,+0.2078,NONE,STOPPED
="2026-09-07 10:58:15",79954,79123,79123,0,1000000,-0.0092,0.1700,+11.3,+10.5,+0.2301,NONE,STOPPED
="2026-09-07 10:58:16",79954,79123,79123,0,1000000,-0.0092,0.1700,+0.0,+10.5,+0.2496,NONE,STOPPED
="2026-09-07 10:58:17",79954,55140,55140,0,1000000,-0.0092,0.1700,+0.0,+10.5,+0.2665,NONE,STOPPED
="2026-09-07 10:58:18",79954,55140,55140,0,1000000,-0.0087,0.1700,+0.0,+10.5,+0.2809,NONE,STOPPED
="2026-09-07 10:58:19",79954,35154,35154,0,1000000,-0.0094,0.1700,+0.0,+10.5,+0.2809,NONE,STOPPED
="2026-09-07 10:58:20",79954,35154,35154,0,1000000,-0.0094,0.1700,+0.0,+10.5,+0.2930,NONE,STOPPED
="2026-09-07 10:58:21",79954,35154,35154,0,1000000,-0.0095,0.1700,-0.0,+10.5,+0.3110,NONE,STOPPED
="2026-09-07 10:58:22",79954,35154,35154,0,1000000,-0.0092,0.1700,-0.0,+10.5,+0.3173,NONE,STOPPED
="2026-09-07 10:58:23",79954,35154,35154,0,1000000,-0.0092,0.1700,+0.0,+10.5,+0.3220,NONE,STOPPED
="2026-09-07 10:58:24",79954,35154,35154,0,1000000,-0.0091,0.1700,+0.0,+10.5,+0.3252,NONE,STOPPED
="2026-09-07 10:58:25",79954,56311,56311,0,1000000,-0.0104,0.1700,-0.0,+10.5,+0.3270,NONE,STOPPED
="2026-09-07 10:58:26",79954,56311,56311,0,1000000,-0.0104,0.1700,-0.0,+10.4,+0.3275,NONE,STOPPED
="2026-09-07 10:58:27",79954,56311,56311,0,1000000,-0.0103,0.1700,-0.0,+10.5,+0.3268,NONE,STOPPED
="2026-09-07 10:58:28",79941,70142,70142,0,1000000,-0.0103,0.1700,-12.6,-2.1,+0.2762,NONE,STOPPED
="2026-09-07 10:58:29",79941,70142,70142,0,1000000,-0.0103,0.1700,-12.6,-2.1,+0.2762,NONE,STOPPED
="2026-09-07 10:58:30",79941,70142,70142,0,1000000,-0.0103,0.1700,-12.6,-2.1,+0.1867,NONE,STOPPED
="2026-09-07 10:58:31",79933,83676,83676,0,1000000,-0.0114,0.1700,-20.6,-10.1,+0.1161,NONE,STOPPED
="2026-09-07 10:58:32",79933,208472,83676,124795,1000000,-0.0114,0.1700,-20.6,-10.1,+0.0520,NONE,STOPPED
="2026-09-07 10:58:33",79933,208472,83676,124795,1000000,-0.0114,0.1700,-8.0,-10.1,-0.0063,NONE,STOPPED
="2026-09-07 10:58:34",79933,208472,83676,124795,1000000,-0.0130,0.1700,-8.0,-10.1,-0.0589,NONE,STOPPED
="2026-09-07 10:58:35",79933,208472,83676,124795,1000000,-0.0130,0.1700,-8.0,-10.1,-0.1064,NONE,STOPPED
="2026-09-07 10:58:36",79933,208472,83676,124795,1000000,-0.0131,0.1700,-0.0,-10.1,-0.1491,NONE,STOPPED
="2026-09-07 10:58:37",79933,208472,83676,124795,1000000,-0.0131,0.1700,-0.0,-10.1,-0.1873,NONE,STOPPED
="2026-09-07 10:58:38",79933,208472,83676,124795,1000000,-0.0131,0.1700,-0.0,-10.1,-0.1873,NONE,STOPPED
="2026-09-07 10:58:39",79933,208472,83676,124795,1000000,-0.0132,0.1700,+0.0,-10.1,-0.2212,NONE,STOPPED
="2026-09-07 10:58:40",79933,208472,83676,124795,1000000,-0.0105,0.1700,+0.0,-10.1,-0.2779,NONE,STOPPED
="2026-09-07 10:58:41",79933,208472,83676,124795,1000000,-0.0105,0.1700,-0.0,-10.1,-0.3011,NONE,STOPPED
="2026-09-07 10:58:42",79933,208472,83676,124795,1000000,-0.0106,0.1700,-0.0,-8.0,-0.3213,NONE,STOPPED
="2026-09-07 10:58:43",79933,230374,64431,165943,1000000,-0.0106,0.1700,+0.0,-8.0,-0.3399,NONE,STOPPED
="2026-09-07 10:58:44",79933,230374,64431,165943,1000000,-0.0104,0.1700,-0.0,-8.0,-0.3558,NONE,STOPPED
="2026-09-07 10:58:45",79933,230374,64431,165943,1000000,-0.0104,0.1700,-0.0,-8.0,-0.3693,NONE,STOPPED
="2026-09-07 10:58:46",79933,230374,64431,165943,1000000,-0.0104,0.1700,+0.0,-8.0,-0.3805,NONE,STOPPED
="2026-09-07 10:58:47",79933,230374,64431,165943,1000000,-0.0105,0.1700,+0.0,-8.0,-0.3805,NONE,STOPPED
="2026-09-07 10:58:48",79933,230374,64431,165943,1000000,-0.0101,0.1700,-0.0,-8.0,-0.3968,NONE,STOPPED
="2026-09-07 10:58:49",79933,230374,64431,165943,1000000,-0.0101,0.1700,-0.0,-8.0,-0.4022,NONE,STOPPED
="2026-09-07 10:58:50",79933,230374,64431,165943,1000000,-0.0101,0.1700,-0.0,-8.0,-0.4060,NONE,STOPPED
="2026-09-07 10:58:51",79933,230374,64431,165943,1000000,-0.0101,0.1700,+0.0,-8.0,-0.4083,NONE,STOPPED
="2026-09-07 10:58:52",79933,230374,64431,165943,1000000,-0.0101,0.1700,-0.0,-8.0,-0.4092,NONE,STOPPED
="2026-09-07 10:58:53",79933,230374,64431,165943,1000000,-0.0092,0.1700,+0.0,-8.0,-0.4089,NONE,STOPPED
="2026-09-07 10:58:54",79933,230374,64431,165943,1000000,-0.0092,0.1700,-0.0,-8.0,-0.4074,NONE,STOPPED
="2026-09-07 10:58:55",79933,230374,64431,165943,1000000,+0.0005,0.1700,-0.0,-8.0,-0.4050,NONE,STOPPED
="2026-09-07 10:58:56",79933,230374,64431,165943,1000000,+0.0006,0.1700,-0.0,-8.0,-0.4050,NONE,STOPPED
="2026-09-07 10:58:57",79933,230374,64431,165943,1000000,+0.0006,0.1700,+0.0,-8.0,-0.4015,NONE,STOPPED
="2026-09-07 10:58:58",79933,230374,64431,165943,1000000,+0.0006,0.1700,-0.0,-8.0,-0.3923,NONE,STOPPED
="2026-09-07 10:58:59",79933,230374,64431,165943,1000000,+0.0007,0.1700,-0.0,-8.0,-0.3866,NONE,STOPPED
="2026-09-07 10:59:00",79933,230374,64431,165943,1000000,+0.0007,0.1700,-0.0,-8.0,-0.3803,NONE,STOPPED
="2026-09-07 10:59:01",79933,230374,64431,165943,1000000,+0.0006,0.1700,-0.0,-8.0,-0.3734,NONE,STOPPED
="2026-09-07 10:59:02",79933,230374,64431,165943,1000000,+0.0009,0.1700,+0.0,-8.0,-0.3660,NONE,STOPPED
="2026-09-07 10:59:03",79933,230374,64431,165943,1000000,+0.0009,0.1700,+0.0,-8.0,-0.3660,NONE,STOPPED
="2026-09-07 10:59:04",79933,230374,64431,165943,1000000,+0.0008,0.1700,+0.0,-8.0,-0.3582,NONE,STOPPED
="2026-09-07 10:59:05",79933,230374,64431,165943,1000000,+0.0008,0.1700,-0.0,-8.0,-0.3416,NONE,STOPPED
="2026-09-07 10:59:06",79933,230374,64431,165943,1000000,+0.0009,0.1700,+0.0,-9.3,-0.3329,NONE,STOPPED
="2026-09-07 10:59:07",79933,230374,64431,165943,1000000,+0.0009,0.1700,+0.0,-20.6,-0.3231,NONE,STOPPED
="2026-09-07 10:59:08",79933,230374,64431,165943,1000000,+0.0009,0.1700,+0.0,-20.6,-0.3062,NONE,STOPPED
="2026-09-07 10:59:09",79933,230374,64431,165943,1000000,-0.0015,0.1700,+0.0,-20.6,-0.2894,NONE,STOPPED
="2026-09-07 10:59:10",79933,230374,64431,165943,1000000,-0.0028,0.1700,-0.0,-20.6,-0.2727,NONE,STOPPED
="2026-09-07 10:59:11",79933,230374,64431,165943,1000000,-0.0027,0.1700,-0.0,-20.6,-0.2560,NONE,STOPPED
="2026-09-07 10:59:12",79933,230374,64431,165943,1000000,-0.0027,0.1700,-0.0,-20.6,-0.2560,NONE,STOPPED
="2026-09-07 10:59:13",79933,230374,64431,165943,1000000,-0.0025,0.1700,-0.0,-20.6,-0.2394,NONE,STOPPED
="2026-09-07 10:59:14",79933,230374,64431,165943,1000000,-0.0025,0.1700,+0.0,-20.6,-0.2067,NONE,STOPPED
="2026-09-07 10:59:15",79933,230374,64431,165943,1000000,-0.0026,0.1700,-0.0,-20.6,-0.1906,NONE,STOPPED
="2026-09-07 10:59:16",79933,230374,64431,165943,1000000,-0.0026,0.1700,+0.0,-20.6,-0.1746,NONE,STOPPED
="2026-09-07 10:59:17",79933,230374,64431,165943,1000000,-0.0026,0.1700,-0.0,-20.6,-0.1589,NONE,STOPPED
="2026-09-07 10:59:18",79933,230374,64431,165943,1000000,-0.0026,0.1700,+0.0,-20.6,-0.1434,NONE,STOPPED
="2026-09-07 10:59:19",79933,230374,64431,165943,1000000,-0.0019,0.1700,-0.0,-20.6,-0.1281,NONE,STOPPED
="2026-09-07 10:59:20",79933,230374,64431,165943,1000000,-0.0018,0.1700,-0.0,-20.6,-0.1131,NONE,STOPPED
="2026-09-07 10:59:21",79933,230374,64431,165943,1000000,-0.0018,0.1700,-0.0,-20.6,-0.1131,NONE,STOPPED
="2026-09-07 10:59:22",79933,230374,64431,165943,1000000,-0.0021,0.1700,-0.0,-20.6,-0.0984,NONE,STOPPED
="2026-09-07 10:59:23",79933,230374,64431,165943,1000000,-0.0020,0.1700,+0.0,-20.6,-0.0695,NONE,STOPPED
="2026-09-07 10:59:24",79933,230374,64431,165943,1000000,-0.0020,0.1700,-0.0,-20.6,-0.0556,NONE,STOPPED
="2026-09-07 10:59:25",79933,209217,43273,165943,1000000,-0.0007,0.1700,-0.0,-20.6,-0.0419,NONE,STOPPED
="2026-09-07 10:59:26",79933,209217,43273,165943,1000000,-0.0016,0.1700,-0.0,-20.6,-0.0285,NONE,STOPPED
="2026-09-07 10:59:27",79933,209217,43273,165943,1000000,-0.0016,0.1700,+0.0,-8.0,-0.0153,NONE,STOPPED
="2026-09-07 10:59:28",79933,195386,29443,165943,1000000,-0.0016,0.1700,-0.0,-8.0,-0.0101,NONE,STOPPED
="2026-09-07 10:59:29",79933,195386,29443,165943,1000000,-0.0016,0.1700,-0.0,-8.0,-0.0050,NONE,STOPPED
="2026-09-07 10:59:30",79933,195386,29443,165943,1000000,-0.0016,0.1700,-0.0,-0.0,-0.0000,NONE,STOPPED
="2026-09-07 10:59:31",79933,180747,14803,165943,1000000,-0.0004,0.1700,-0.0,-0.0,-0.0000,NONE,STOPPED
="2026-09-07 10:59:32",79933,55951,14803,41148,1000000,-0.0004,0.1700,+0.0,+0.0,-0.0000,NONE,STOPPED
="2026-09-07 10:59:33",79933,55951,14803,41148,1000000,-0.0005,0.1700,+0.0,+0.0,+0.0000,NONE,STOPPED
="2026-09-07 10:59:34",79933,55951,14803,41148,1000000,+0.0011,0.1700,-0.0,+0.0,+0.0000,NONE,STOPPED
="2026-09-07 10:59:35",79933,55951,14803,41148,1000000,+0.0011,0.1700,-0.0,+0.0,-0.0000,NONE,STOPPED
="2026-09-07 10:59:36",79933,55951,14803,41148,1000000,+0.0011,0.1700,+0.0,+0.0,+0.0000,NONE,STOPPED
="2026-09-07 10:59:37",79933,55951,14803,41148,1000000,+0.0011,0.1700,+0.0,+0.0,+0.0000,NONE,STOPPED
="2026-09-07 10:59:38",79933,55951,14803,41148,1000000,+0.0009,0.1700,-0.0,+0.0,+0.0000,NONE,STOPPED
="2026-09-07 10:59:39",79933,55951,14803,41148,1000000,+0.0009,0.1700,-0.0,-0.0,-0.0000,NONE,STOPPED
="2026-09-07 10:59:40",79933,55951,14803,41148,1000000,-0.0018,0.1700,-0.0,-0.0,-0.0000,NONE,STOPPED
="2026-09-07 10:59:41",79933,55951,14803,41148,1000000,-0.0018,0.1700,+0.0,+0.0,+0.0000,NONE,STOPPED
="2026-09-07 10:59:42",79933,55951,14803,41148,1000000,-0.0018,0.1700,-0.0,-0.0,-0.0000,NONE,STOPPED
="2026-09-07 10:59:43",79933,14803,14803,0,1000000,-0.0018,0.1700,-0.0,+0.0,-0.0000,NONE,STOPPED
="2026-09-07 10:59:44",79933,14803,14803,0,1000000,-0.0020,0.1700,+0.0,+0.0,+0.0000,NONE,STOPPED
="2026-09-07 10:59:45",79933,14803,14803,0,1000000,-0.0020,0.1700,+0.0,+0.0,+0.0000,NONE,STOPPED
="2026-09-07 10:59:46",79933,14803,14803,0,1000000,-0.0020,0.1700,+0.0,+0.0,+0.0001,NONE,STOPPED
="2026-09-07 10:59:47",79933,14803,14803,0,1000000,-0.0019,0.1700,-0.0,+0.0,+0.0000,NONE,STOPPED
="2026-09-07 10:59:48",79933,14803,14803,0,1000000,-0.0020,0.1700,+0.0,+0.0,+0.0001,NONE,STOPPED
="2026-09-07 10:59:49",79933,14803,14803,0,1000000,-0.0020,0.1700,+0.0,+0.0,+0.0001,NONE,STOPPED
="2026-09-07 10:59:50",79933,14803,14803,0,1000000,-0.0020,0.1700,+0.0,+0.0,+0.0001,NONE,STOPPED
="2026-09-07 10:59:51",79933,14803,14803,0,1000000,-0.0019,0.1700,-0.0,+0.0,+0.0000,NONE,STOPPED
="2026-09-07 10:59:52",79933,14803,14803,0,1000000,-0.0019,0.1700,+0.0,+0.0,+0.0000,NONE,STOPPED
="2026-09-07 10:59:53",79933,14803,14803,0,1000000,-0.0029,0.1700,+0.0,+0.0,+0.0001,NONE,STOPPED
="2026-09-07 10:59:54",79933,14803,14803,0,1000000,-0.0029,0.1700,+0.0,+0.0,+0.0001,NONE,STOPPED
="2026-09-07 10:59:55",79933,14803,14803,0,1000000,-0.0029,0.1700,+0.0,+0.0,+0.0001,NONE,STOPPED
="2026-09-07 10:59:56",79933,14803,14803,0,1000000,-0.0031,0.1700,-0.0,+0.0,+0.0001,NONE,STOPPED
="2026-09-07 10:59:57",79933,14803,14803,0,1000000,-0.0031,0.1700,-0.0,+0.0,+0.0000,NONE,STOPPED
="2026-09-07 10:59:58",79933,14803,14803,0,1000000,-0.0031,0.1700,-0.0,+0.0,+0.0000,NONE,STOPPED
="2026-09-07 10:59:59",79933,14803,14803,0,1000000,-0.0031,0.1700,-0.0,+0.0,+0.0000,NONE,STOPPED
="2026-09-07 11:00:00",79926,587267,587267,0,1000000,-0.0031,0.1700,-7.4,-7.4,-0.0284,NONE,STOPPED
="2026-09-07 11:00:01",79926,587267,587267,0,1000000,-0.0037,0.1700,-7.4,-7.4,-0.0549,NONE,STOPPED
="2026-09-07 11:00:02",79926,587267,587267,0,1000000,-0.0040,0.1700,-7.4,-7.4,-0.0782,NONE,STOPPED
="2026-09-07 11:00:03",79926,587267,587267,0,1000000,-0.0054,0.1700,-7.4,-7.4,-0.0990,NONE,STOPPED
="2026-09-07 11:00:04",79926,587267,587267,0,1000000,-0.0054,0.1700,-7.4,-7.4,-0.0990,NONE,STOPPED
="2026-09-07 11:00:05",79926,587267,587267,0,1000000,-0.0055,0.1700,-7.4,-7.4,-0.1337,NONE,STOPPED
="2026-09-07 11:00:06",79926,587267,587267,0,1000000,-0.0055,0.1700,-0.0,-7.4,-0.1480,NONE,STOPPED
="2026-09-07 11:00:07",79926,587267,587267,0,1000000,-0.0055,0.1700,-7.4,-7.4,-0.1604,NONE,STOPPED
="2026-09-07 11:00:08",79926,587267,587267,0,1000000,-0.0031,0.1700,-7.4,-7.4,-0.1710,NONE,STOPPED
="2026-09-07 11:00:09",79926,587267,587267,0,1000000,-0.0031,0.1700,-7.4,-7.4,-0.1801,NONE,STOPPED
="2026-09-07 11:00:10",79926,587267,587267,0,1000000,-0.0031,0.1700,+0.0,-7.4,-0.1877,NONE,STOPPED
="2026-09-07 11:00:11",79926,587267,587267,0,1000000,-0.0032,0.1700,+0.0,-7.4,-0.1939,NONE,STOPPED
="2026-09-07 11:00:12",79926,587267,587267,0,1000000,-0.0032,0.1700,+0.0,-7.4,-0.1939,NONE,STOPPED
="2026-09-07 11:00:13",79926,587267,587267,0,1000000,-0.0032,0.1700,-0.0,-7.4,-0.2028,NONE,STOPPED
="2026-09-07 11:00:14",79926,587267,587267,0,1000000,-0.0031,0.1700,-0.0,-7.4,-0.2056,NONE,STOPPED
="2026-09-07 11:00:15",79926,587267,587267,0,1000000,-0.0031,0.1700,-0.0,-7.4,-0.2074,NONE,STOPPED
="2026-09-07 11:00:16",79926,587267,587267,0,1000000,-0.0031,0.1700,-0.0,-7.4,-0.2084,NONE,STOPPED
="2026-09-07 11:00:17",79926,587267,587267,0,1000000,-0.0031,0.1700,-0.0,-7.4,-0.2085,NONE,STOPPED
="2026-09-07 11:00:18",79926,587267,587267,0,1000000,-0.0031,0.1700,+0.0,-7.4,-0.2079,NONE,STOPPED
="2026-09-07 11:00:19",79926,587267,587267,0,1000000,-0.0031,0.1700,-0.0,-7.4,-0.2066,NONE,STOPPED
="2026-09-07 11:00:20",79926,587267,587267,0,1000000,-0.0032,0.1700,-0.0,-7.4,-0.2047,NONE,STOPPED
="2026-09-07 11:00:21",79926,587267,587267,0,1000000,-0.0032,0.1700,+0.0,-7.4,-0.2022,NONE,STOPPED
="2026-09-07 11:00:22",79926,587267,587267,0,1000000,-0.0035,0.1700,+0.0,-7.4,-0.2022,NONE,STOPPED
="2026-09-07 11:00:23",79926,587267,587267,0,1000000,-0.0036,0.1700,-0.0,-7.4,-0.1959,NONE,STOPPED
="2026-09-07 11:00:24",79926,587267,587267,0,1000000,-0.0036,0.1700,-0.0,-7.4,-0.1921,NONE,STOPPED
="2026-09-07 11:00:25",79926,587267,587267,0,1000000,-0.0036,0.1700,+0.0,-7.4,-0.1879,NONE,STOPPED
="2026-09-07 11:00:26",79926,628411,628411,0,1000000,-0.0027,0.1700,+0.0,-7.4,-0.1834,NONE,STOPPED
="2026-09-07 11:00:27",79926,628411,628411,0,1000000,-0.0027,0.1700,+0.0,-7.4,-0.1785,NONE,STOPPED
="2026-09-07 11:00:28",79926,628411,628411,0,1000000,-0.0026,0.1700,-0.0,-7.4,-0.1735,NONE,STOPPED
="2026-09-07 11:00:29",79926,628411,628411,0,1000000,-0.0026,0.1700,-0.0,-7.4,-0.1683,NONE,STOPPED
="2026-09-07 11:00:30",79926,628411,628411,0,1000000,-0.0026,0.1700,+0.0,-7.4,-0.1629,NONE,STOPPED
="2026-09-07 11:00:31",79926,613607,613607,0,1000000,-0.0025,0.1700,+0.0,-7.4,-0.1629,NONE,STOPPED
="2026-09-07 11:00:32",79926,613607,613607,0,1000000,-0.0025,0.1700,+0.0,-7.4,-0.1516,NONE,STOPPED
="2026-09-07 11:00:33",79926,613607,613607,0,1000000,-0.0025,0.1700,-0.0,-7.4,-0.1458,NONE,STOPPED
="2026-09-07 11:00:34",79926,613607,613607,0,1000000,-0.0025,0.1700,+0.0,-7.4,-0.1398,NONE,STOPPED
="2026-09-07 11:00:35",79926,613607,613607,0,1000000,-0.0025,0.1700,+0.0,-7.4,-0.1338,NONE,STOPPED
="2026-09-07 11:00:36",79926,613607,613607,0,1000000,-0.0025,0.1700,+0.0,-7.4,-0.1278,NONE,STOPPED
="2026-09-07 11:00:37",79926,613607,613607,0,1000000,-0.0023,0.1700,+0.0,-7.4,-0.1217,NONE,STOPPED
="2026-09-07 11:00:38",79926,613607,613607,0,1000000,-0.0021,0.1700,-0.0,-7.4,-0.1156,NONE,STOPPED
="2026-09-07 11:00:39",79926,613607,613607,0,1000000,-0.0021,0.1700,+0.0,-7.4,-0.1095,NONE,STOPPED
="2026-09-07 11:00:40",79926,613607,613607,0,1000000,-0.0021,0.1700,+0.0,-7.4,-0.1034,NONE,STOPPED
="2026-09-07 11:00:41",79926,613607,613607,0,1000000,-0.0021,0.1700,+0.0,-7.4,-0.1034,NONE,STOPPED
="2026-09-07 11:00:42",79926,613607,613607,0,1000000,-0.0020,0.1700,+0.0,-7.4,-0.0913,NONE,STOPPED
="2026-09-07 11:00:43",79926,613607,613607,0,1000000,-0.0020,0.1700,+0.0,-7.4,-0.0853,NONE,STOPPED
="2026-09-07 11:00:44",79926,613607,613607,0,1000000,-0.0020,0.1700,+0.0,-7.4,-0.0794,NONE,STOPPED
="2026-09-07 11:00:45",79926,613607,613607,0,1000000,-0.0020,0.1700,+0.0,-7.4,-0.0735,NONE,STOPPED
="2026-09-07 11:00:46",79926,613607,613607,0,1000000,-0.0020,0.1700,+0.0,-7.4,-0.0677,NONE,STOPPED
="2026-09-07 11:00:47",79926,613607,613607,0,1000000,-0.0022,0.1700,+0.0,-7.4,-0.0619,NONE,STOPPED
="2026-09-07 11:00:48",79926,613607,613607,0,1000000,-0.0022,0.1700,+0.0,-7.4,-0.0562,NONE,STOPPED
="2026-09-07 11:00:49",79926,613607,613607,0,1000000,-0.0022,0.1700,+0.0,-7.4,-0.0562,NONE,STOPPED
="2026-09-07 11:00:50",79926,613607,613607,0,1000000,-0.0022,0.1700,-0.0,-7.4,-0.0507,NONE,STOPPED
="2026-09-07 11:00:51",79926,613607,613607,0,1000000,-0.0022,0.1700,-0.0,-7.4,-0.0398,NONE,STOPPED
="2026-09-07 11:00:52",79926,613607,613607,0,1000000,-0.0022,0.1700,-0.0,-7.4,-0.0345,NONE,STOPPED
="2026-09-07 11:00:53",79926,613607,613607,0,1000000,-0.0022,0.1700,+0.0,-7.4,-0.0293,NONE,STOPPED
="2026-09-07 11:00:54",79926,613607,613607,0,1000000,-0.0022,0.1700,+0.0,-7.4,-0.0241,NONE,STOPPED
="2026-09-07 11:00:55",79926,613607,613607,0,1000000,-0.0022,0.1700,+0.0,-7.4,-0.0191,NONE,STOPPED
="2026-09-07 11:00:56",79926,613607,613607,0,1000000,-0.0022,0.1700,+0.0,-7.4,-0.0141,NONE,STOPPED
="2026-09-07 11:00:57",79926,613607,613607,0,1000000,-0.0022,0.1700,+0.0,-7.4,-0.0093,NONE,STOPPED
="2026-09-07 11:00:58",79926,613607,613607,0,1000000,-0.0022,0.1700,+0.0,-7.4,-0.0093,NONE,STOPPED
="2026-09-07 11:00:59",79926,613607,613607,0,1000000,-0.0018,0.1700,+0.0,-7.4,-0.0046,NONE,STOPPED
="2026-09-07 11:01:00",79926,41144,41144,0,1000000,-0.0012,0.1700,+0.0,+0.0,+0.0001,NONE,STOPPED
="2026-09-07 11:01:01",79926,41144,41144,0,1000000,-0.0012,0.1700,+0.0,+0.0,+0.0001,NONE,STOPPED
="2026-09-07 11:01:02",79926,41144,41144,0,1000000,-0.0003,0.1700,+0.0,+0.0,+0.0001,NONE,STOPPED
="2026-09-07 11:01:03",79926,41144,41144,0,1000000,+0.0011,0.1700,-0.0,-0.0,+0.0001,NONE,STOPPED
="2026-09-07 11:01:04",79926,41144,41144,0,1000000,+0.0011,0.1700,-0.0,-0.0,+0.0000,NONE,STOPPED
="2026-09-07 11:01:05",79926,41144,41144,0,1000000,+0.0009,0.1700,+0.0,+0.0,+0.0000,NONE,STOPPED
="2026-09-07 11:01:06",79926,41144,41144,0,1000000,+0.0009,0.1700,+0.0,+0.0,+0.0000,NONE,STOPPED
="2026-09-07 11:01:07",79926,41144,41144,0,1000000,+0.0006,0.1700,-0.0,-0.0,+0.0000,NONE,STOPPED
="2026-09-07 11:01:08",79926,41144,41144,0,1000000,+0.0006,0.1700,-0.0,-0.0,-0.0000,NONE,STOPPED
="2026-09-07 11:01:09",79926,41144,41144,0,1000000,+0.0006,0.1700,+0.0,+0.0,+0.0000,NONE,STOPPED
="2026-09-07 11:01:10",79926,41144,41144,0,1000000,+0.0006,0.1700,+0.0,+0.0,+0.0000,NONE,STOPPED
="2026-09-07 11:01:11",79926,41144,41144,0,1000000,+0.0006,0.1700,+0.0,+0.0,+0.0000,NONE,STOPPED
="2026-09-07 11:01:12",79935,69574,41144,28430,1000000,+0.0006,0.1700,+9.2,+9.2,+0.0358,NONE,STOPPED
="2026-09-07 11:01:13",79935,69574,41144,28430,1000000,+0.0006,0.1700,+9.2,+9.2,+0.0679,NONE,STOPPED
="2026-09-07 11:01:14",79935,69574,41144,28430,1000000,-0.0042,0.1700,+9.2,+9.2,+0.0967,NONE,STOPPED
="2026-09-07 11:01:15",79935,69574,41144,28430,1000000,-0.0041,0.1700,+9.2,+9.2,+0.1224,NONE,STOPPED
="2026-09-07 11:01:16",79935,69574,41144,28430,1000000,-0.0041,0.1700,+9.2,+9.2,+0.1451,NONE,STOPPED
="2026-09-07 11:01:17",79935,69574,41144,28430,1000000,-0.0043,0.1700,+9.2,+9.2,+0.1653,NONE,STOPPED
="2026-09-07 11:01:18",79935,69574,41144,28430,1000000,-0.0043,0.1700,+0.0,+9.2,+0.1829,NONE,STOPPED
="2026-09-07 11:01:19",79935,69574,41144,28430,1000000,-0.0043,0.1700,-0.0,+9.2,+0.1982,NONE,STOPPED
="2026-09-07 11:01:20",79935,89558,41144,48414,1000000,-0.0043,0.1700,-0.0,+9.2,+0.1982,NONE,STOPPED
="2026-09-07 11:01:21",79939,109543,41144,68399,1000000,-0.0042,0.1700,+3.8,+13.0,+0.2375,NONE,STOPPED
="2026-09-07 11:01:22",79939,109543,41144,68399,1000000,-0.0039,0.1700,+3.8,+13.0,+0.2604,NONE,STOPPED
="2026-09-07 11:01:23",79939,109543,41144,68399,1000000,-0.0039,0.1700,+3.8,+13.0,+0.2801,NONE,STOPPED
="2026-09-07 11:01:24",79939,109543,41144,68399,1000000,-0.0039,0.1700,+3.8,+13.0,+0.2970,NONE,STOPPED
="2026-09-07 11:01:25",79939,109543,41144,68399,1000000,-0.0039,0.1700,+3.8,+13.0,+0.3112,NONE,STOPPED
="2026-09-07 11:01:26",79939,68399,0,68399,1000000,-0.0041,0.1700,-0.0,+13.0,+0.3230,NONE,STOPPED
="2026-09-07 11:01:27",79939,68399,0,68399,1000000,-0.0041,0.1700,+3.8,+13.0,+0.3327,NONE,STOPPED
="2026-09-07 11:01:28",79939,68399,0,68399,1000000,-0.0041,0.1700,+0.0,+13.0,+0.3402,NONE,STOPPED
="2026-09-07 11:01:29",79939,68399,0,68399,1000000,-0.0041,0.1700,+0.0,+13.0,+0.3402,NONE,STOPPED
="2026-09-07 11:01:30",79939,68399,0,68399,1000000,-0.0043,0.1700,+0.0,+13.0,+0.3498,NONE,STOPPED
="2026-09-07 11:01:31",79939,68399,0,68399,1000000,-0.0045,0.1700,+0.0,+13.0,+0.3521,NONE,STOPPED
="2026-09-07 11:01:32",79933,136864,68465,68399,1000000,-0.0045,0.1700,-5.7,+7.3,+0.3306,NONE,STOPPED
="2026-09-07 11:01:33",79933,136864,68465,68399,1000000,-0.0045,0.1700,-5.8,+7.3,+0.3100,NONE,STOPPED
="2026-09-07 11:01:34",79933,136864,68465,68399,1000000,-0.0045,0.1700,-5.7,+7.3,+0.2904,NONE,STOPPED
="2026-09-07 11:01:35",79933,136864,68465,68399,1000000,-0.0045,0.1700,-5.7,+7.3,+0.2716,NONE,STOPPED
="2026-09-07 11:01:36",79933,136864,68465,68399,1000000,-0.0045,0.1700,-5.7,+7.3,+0.2740,NONE,STOPPED
="2026-09-07 11:01:37",79933,136864,68465,68399,1000000,-0.0046,0.1700,-5.7,+7.3,+0.2524,NONE,STOPPED
="2026-09-07 11:01:38",79933,136864,68465,68399,1000000,-0.0031,0.1700,+0.0,+7.3,+0.2324,NONE,STOPPED
="2026-09-07 11:01:39",79933,136864,68465,68399,1000000,-0.0046,0.1700,+0.0,+7.3,+0.2324,NONE,STOPPED
="2026-09-07 11:01:40",79933,136864,68465,68399,1000000,-0.0031,0.1700,+0.0,+7.3,+0.1965,NONE,STOPPED
="2026-09-07 11:01:41",79933,136864,68465,68399,1000000,-0.0031,0.1700,+0.0,+7.3,+0.1803,NONE,STOPPED
="2026-09-07 11:01:42",79933,136864,68465,68399,1000000,-0.0030,0.1700,-0.0,+7.3,+0.1650,NONE,STOPPED
="2026-09-07 11:01:43",79933,136864,68465,68399,1000000,-0.0030,0.1700,-0.0,+7.3,+0.1506,NONE,STOPPED
="2026-09-07 11:01:44",79933,136864,68465,68399,1000000,-0.0030,0.1700,+0.0,+7.3,+0.1371,NONE,STOPPED
="2026-09-07 11:01:45",79933,136864,68465,68399,1000000,-0.0030,0.1700,+0.0,+7.3,+0.1243,NONE,STOPPED
="2026-09-07 11:01:46",79933,136864,68465,68399,1000000,-0.0030,0.1700,+0.0,+7.3,+0.1122,NONE,STOPPED
="2026-09-07 11:01:47",79933,136864,68465,68399,1000000,-0.0029,0.1700,+0.0,+7.3,+0.1007,NONE,STOPPED
="2026-09-07 11:01:48",79933,136864,68465,68399,1000000,-0.0027,0.1700,+0.0,+7.3,+0.1007,NONE,STOPPED
="2026-09-07 11:01:49",79933,136864,68465,68399,1000000,-0.0027,0.1700,+0.0,+7.3,+0.0898,NONE,STOPPED
="2026-09-07 11:01:50",79933,136864,68465,68399,1000000,-0.0027,0.1700,+0.0,+7.3,+0.0696,NONE,STOPPED
="2026-09-07 11:01:51",79933,136864,68465,68399,1000000,-0.0027,0.1700,+0.0,+7.3,+0.0602,NONE,STOPPED
="2026-09-07 11:01:52",79933,136864,68465,68399,1000000,-0.0027,0.1700,-0.0,+7.3,+0.0512,NONE,STOPPED
="2026-09-07 11:01:53",79933,136864,68465,68399,1000000,-0.0027,0.1700,+0.0,+7.3,+0.0426,NONE,STOPPED
="2026-09-07 11:01:54",79933,136864,68465,68399,1000000,-0.0027,0.1700,+0.0,+7.3,+0.0344,NONE,STOPPED
="2026-09-07 11:01:55",79933,136864,68465,68399,1000000,-0.0027,0.1700,+0.0,+7.3,+0.0266,NONE,STOPPED
="2026-09-07 11:01:56",79933,136864,68465,68399,1000000,-0.0027,0.1700,+0.0,+7.3,+0.0191,NONE,STOPPED
="2026-09-07 11:01:57",79933,136864,68465,68399,1000000,-0.0027,0.1700,+0.0,+7.3,+0.0119,NONE,STOPPED
="2026-09-07 11:01:58",79933,136864,68465,68399,1000000,-0.0031,0.1700,+0.0,+7.3,+0.0119,NONE,STOPPED
="2026-09-07 11:01:59",79933,136864,68465,68399,1000000,-0.0031,0.1700,-0.0,+7.3,-0.0016,NONE,STOPPED
="2026-09-07 11:02:00",79933,136864,68465,68399,1000000,-0.0030,0.1700,+0.0,+7.3,-0.0032,NONE,STOPPED
="2026-09-07 11:02:01",79920,163173,94774,68399,1000000,-0.0030,0.1700,-12.9,-5.6,-0.0641,NONE,STOPPED
="2026-09-07 11:02:02",79920,163173,94774,68399,1000000,-0.0039,0.1700,-13.3,-6.0,-0.1166,NONE,STOPPED
="2026-09-07 11:02:03",79920,163173,94774,68399,1000000,-0.0030,0.1700,-13.3,-6.0,-0.1640,NONE,STOPPED
="2026-09-07 11:02:04",79920,163173,94774,68399,1000000,-0.0030,0.1700,-13.3,-6.0,-0.1640,NONE,STOPPED
="2026-09-07 11:02:05",79920,163173,94774,68399,1000000,-0.0027,0.1700,-13.3,-6.0,-0.2067,NONE,STOPPED
="2026-09-07 11:02:06",79920,163173,94774,68399,1000000,-0.0034,0.1700,-0.4,-6.0,-0.2792,NONE,STOPPED
="2026-09-07 11:02:07",79920,163173,94774,68399,1000000,-0.0031,0.1700,-0.0,-6.0,-0.3097,NONE,STOPPED
="2026-09-07 11:02:08",79920,163173,94774,68399,1000000,-0.0031,0.1700,-0.4,-6.0,-0.3366,NONE,STOPPED
="2026-09-07 11:02:09",79920,163173,94774,68399,1000000,-0.0025,0.1700,-0.0,-6.1,-0.3603,NONE,STOPPED
="2026-09-07 11:02:10",79919,163173,94774,68399,1000000,-0.0025,0.1700,-0.2,-6.2,-0.3817,NONE,STOPPED
="2026-09-07 11:02:11",79919,163173,94774,68399,1000000,-0.0025,0.1700,-0.2,-15.4,-0.4002,NONE,STOPPED
="2026-09-07 11:02:12",79919,134742,94774,39968,1000000,-0.0025,0.1700,-0.2,-15.4,-0.4103,NONE,STOPPED
="2026-09-07 11:02:13",79919,134742,94774,39968,1000000,-0.0025,0.1700,-0.2,-15.4,-0.4180,NONE,STOPPED
="2026-09-07 11:02:14",79919,134742,94774,39968,1000000,+0.0023,0.1700,-0.2,-15.4,-0.4180,NONE,STOPPED
="2026-09-07 11:02:15",79919,134742,94774,39968,1000000,+0.0037,0.1700,-0.2,-15.4,-0.4236,NONE,STOPPED
="2026-09-07 11:02:16",79919,134742,94774,39968,1000000,+0.0037,0.1700,+0.0,-15.4,-0.4290,NONE,STOPPED
="2026-09-07 11:02:17",79919,134742,94774,39968,1000000,+0.0038,0.1700,-0.0,-15.4,-0.4291,NONE,STOPPED
="2026-09-07 11:02:18",79919,134742,94774,39968,1000000,+0.0038,0.1700,+0.0,-15.4,-0.4277,NONE,STOPPED
="2026-09-07 11:02:19",79919,134742,94774,39968,1000000,+0.0038,0.1700,+0.0,-15.4,-0.4249,NONE,STOPPED
="2026-09-07 11:02:20",79919,114758,94774,19984,1000000,+0.0038,0.1700,+0.0,-19.3,-0.4208,NONE,STOPPED
="2026-09-07 11:02:21",79919,94774,94774,0,1000000,+0.0038,0.1700,+0.0,-19.3,-0.4131,NONE,STOPPED
="2026-09-07 11:02:22",79919,94774,94774,0,1000000,+0.0038,0.1700,+0.0,-19.2,-0.4045,NONE,STOPPED
="2026-09-07 11:02:23",79919,94774,94774,0,1000000,+0.0038,0.1700,+0.0,-19.2,-0.4045,NONE,STOPPED
="2026-09-07 11:02:24",79919,94774,94774,0,1000000,+0.0038,0.1700,-0.0,-19.3,-0.3950,NONE,STOPPED
="2026-09-07 11:02:25",79919,94774,94774,0,1000000,+0.0035,0.1700,-0.0,-19.3,-0.3738,NONE,STOPPED
="2026-09-07 11:02:26",79919,94774,94774,0,1000000,+0.0036,0.1700,-0.0,-19.3,-0.3622,NONE,STOPPED
="2026-09-07 11:02:27",79919,94774,94774,0,1000000,+0.0036,0.1700,-0.0,-19.3,-0.3501,NONE,STOPPED
="2026-09-07 11:02:28",79919,94774,94774,0,1000000,+0.0042,0.1700,+0.0,-19.2,-0.3375,NONE,STOPPED
="2026-09-07 11:02:29",79919,94774,94774,0,1000000,+0.0044,0.1700,-0.0,-19.3,-0.3245,NONE,STOPPED
="2026-09-07 11:02:30",79919,94774,94774,0,1000000,+0.0044,0.1700,-0.0,-19.3,-0.3112,NONE,STOPPED
="2026-09-07 11:02:31",79919,94774,94774,0,1000000,+0.0044,0.1700,+0.0,-13.5,-0.2976,NONE,STOPPED
="2026-09-07 11:02:32",79919,26308,26308,0,1000000,+0.0044,0.1700,+0.0,-13.5,-0.2976,NONE,STOPPED
="2026-09-07 11:02:33",79919,26308,26308,0,1000000,+0.0044,0.1700,+0.0,-13.5,-0.2873,NONE,STOPPED
="2026-09-07 11:02:34",79919,26308,26308,0,1000000,+0.0057,0.1700,+0.0,-13.5,-0.2660,NONE,STOPPED
="2026-09-07 11:02:35",79919,26308,26308,0,1000000,+0.0057,0.1700,+0.0,-13.5,-0.2551,NONE,STOPPED
="2026-09-07 11:02:36",79919,26308,26308,0,1000000,+0.0057,0.1700,+0.0,-13.5,-0.2448,NONE,STOPPED
="2026-09-07 11:02:37",79919,26308,26308,0,1000000,+0.0057,0.1700,+0.0,-13.5,-0.2339,NONE,STOPPED
="2026-09-07 11:02:38",79919,26308,26308,0,1000000,+0.0041,0.1700,-0.0,-13.5,-0.2229,NONE,STOPPED
="2026-09-07 11:02:39",79919,26308,26308,0,1000000,+0.0041,0.1700,-0.0,-13.5,-0.2119,NONE,STOPPED
="2026-09-07 11:02:40",79919,26308,26308,0,1000000,+0.0033,0.1700,-0.0,-13.5,-0.2008,NONE,STOPPED
="2026-09-07 11:02:41",79919,26308,26308,0,1000000,+0.0033,0.1700,+0.0,-13.5,-0.1898,NONE,STOPPED
="2026-09-07 11:02:42",79919,26308,26308,0,1000000,+0.0033,0.1700,+0.0,-13.5,-0.1898,NONE,STOPPED
="2026-09-07 11:02:43",79919,26308,26308,0,1000000,-0.0008,0.1700,+0.0,-13.5,-0.1679,NONE,STOPPED
="2026-09-07 11:02:44",79919,26308,26308,0,1000000,-0.0008,0.1700,+0.0,-13.5,-0.1570,NONE,STOPPED
="2026-09-07 11:02:45",79919,26308,26308,0,1000000,-0.0008,0.1700,-0.0,-13.5,-0.1462,NONE,STOPPED
="2026-09-07 11:02:46",79919,26308,26308,0,1000000,-0.0008,0.1700,-0.0,-13.5,-0.1355,NONE,STOPPED
="2026-09-07 11:02:47",79931,92985,26308,66676,1000000,-0.0008,0.1700,+11.6,-1.9,-0.0798,NONE,STOPPED
="2026-09-07 11:02:48",79931,92985,26308,66676,1000000,-0.0011,0.1700,+11.6,-1.9,-0.0287,NONE,STOPPED
="2026-09-07 11:02:49",79931,92985,26308,66676,1000000,-0.0006,0.1700,+11.6,-1.9,+0.0180,NONE,STOPPED
="2026-09-07 11:02:50",79931,92985,26308,66676,1000000,-0.0006,0.1700,+11.6,-1.9,+0.0605,NONE,STOPPED
="2026-09-07 11:02:51",79931,92985,26308,66676,1000000,-0.0006,0.1700,+11.6,-1.9,+0.0605,NONE,STOPPED
="2026-09-07 11:02:52",79931,92985,26308,66676,1000000,-0.0006,0.1700,+11.6,-1.9,+0.0993,NONE,STOPPED
="2026-09-07 11:02:53",79931,92985,26308,66676,1000000,-0.0006,0.1700,-0.0,-1.9,+0.1664,NONE,STOPPED
="2026-09-07 11:02:54",79931,92985,26308,66676,1000000,-0.0006,0.1700,-0.0,-1.9,+0.1953,NONE,STOPPED
="2026-09-07 11:02:55",79927,92985,26308,66676,1000000,-0.0010,0.1700,-3.8,-5.8,+0.2063,NONE,STOPPED
="2026-09-07 11:02:56",79923,92985,26308,66676,1000000,-0.0010,0.1700,-7.9,-9.9,+0.2002,NONE,STOPPED
="2026-09-07 11:02:57",79923,92985,26308,66676,1000000,-0.0010,0.1700,-7.9,-9.9,+0.1947,NONE,STOPPED
="2026-09-07 11:02:58",79923,92985,26308,66676,1000000,-0.0010,0.1700,-7.9,-9.9,+0.1896,NONE,STOPPED
="2026-09-07 11:02:59",79923,92985,26308,66676,1000000,-0.0010,0.1700,-7.9,-9.9,+0.1851,NONE,STOPPED
="2026-09-07 11:03:00",79923,92985,26308,66676,1000000,-0.0010,0.1700,-4.1,-9.9,+0.1851,NONE,STOPPED
="2026-09-07 11:03:01",79917,66676,0,66676,1000000,-0.0010,0.1700,-5.6,-2.1,+0.1476,NONE,STOPPED
="2026-09-07 11:03:02",79917,66676,0,66676,1000000,-0.0010,0.1700,-5.6,-2.1,+0.1168,NONE,STOPPED
="2026-09-07 11:03:03",79917,66676,0,66676,1000000,-0.0019,0.1700,-5.6,-2.1,+0.0886,NONE,STOPPED
="2026-09-07 11:03:04",79909,114759,48083,66676,1000000,-0.0019,0.1700,-13.8,-10.4,+0.0307,NONE,STOPPED
="2026-09-07 11:03:05",79909,114759,48083,66676,1000000,-0.0024,0.1700,-13.8,-10.4,+0.0307,NONE,STOPPED
="2026-09-07 11:03:06",79909,155899,89223,66676,1000000,-0.0018,0.1700,-13.8,-10.3,-0.0217,NONE,STOPPED
="2026-09-07 11:03:07",79908,155899,89223,66676,1000000,-0.0018,0.1700,-9.4,-11.5,-0.1203,NONE,STOPPED
="2026-09-07 11:03:08",79908,155899,89223,66676,1000000,-0.0018,0.1700,-9.4,-11.5,-0.1622,NONE,STOPPED
="2026-09-07 11:03:09",79908,155899,89223,66676,1000000,-0.0024,0.1700,-1.2,-11.3,-0.1996,NONE,STOPPED
="2026-09-07 11:03:10",79908,155899,89223,66676,1000000,-0.0024,0.1700,-1.2,-11.3,-0.2328,NONE,STOPPED
="2026-09-07 11:03:11",79908,155899,89223,66676,1000000,-0.0022,0.1700,-1.2,-11.3,-0.2623,NONE,STOPPED
="2026-09-07 11:03:12",79908,155899,89223,66676,1000000,-0.0022,0.1700,-1.2,-11.3,-0.2881,NONE,STOPPED
="2026-09-07 11:03:13",79908,155899,89223,66676,1000000,-0.0020,0.1700,-1.2,-11.3,-0.3106,NONE,STOPPED
="2026-09-07 11:03:14",79908,155899,89223,66676,1000000,-0.0020,0.1700,-1.2,-11.3,-0.3106,NONE,STOPPED
="2026-09-07 11:03:15",79908,155899,89223,66676,1000000,-0.0034,0.1700,+0.0,-11.3,-0.3396,NONE,STOPPED
="2026-09-07 11:03:16",79908,155899,89223,66676,1000000,-0.0034,0.1700,-0.0,-11.3,-0.3604,NONE,STOPPED
="2026-09-07 11:03:17",79908,155899,89223,66676,1000000,-0.0034,0.1700,-0.0,-11.3,-0.3719,NONE,STOPPED
="2026-09-07 11:03:18",79908,155899,89223,66676,1000000,-0.0034,0.1700,+0.0,-11.3,-0.3812,NONE,STOPPED
="2026-09-07 11:03:19",79908,155899,89223,66676,1000000,-0.0034,0.1700,-0.0,-11.3,-0.3884,NONE,STOPPED
="2026-09-07 11:03:20",79908,155899,89223,66676,1000000,-0.0034,0.1700,+0.0,-11.3,-0.3936,NONE,STOPPED
="2026-09-07 11:03:21",79908,155899,89223,66676,1000000,-0.0034,0.1700,+0.0,-11.3,-0.3972,NONE,STOPPED
="2026-09-07 11:03:22",79908,155899,89223,66676,1000000,-0.0034,0.1700,+0.0,-11.3,-0.3991,NONE,STOPPED
="2026-09-07 11:03:23",79908,155899,89223,66676,1000000,-0.0046,0.1700,+0.0,-11.3,-0.3991,NONE,STOPPED
="2026-09-07 11:03:24",79908,155899,89223,66676,1000000,-0.0043,0.1700,-0.0,-11.3,-0.3997,NONE,STOPPED
="2026-09-07 11:03:25",79918,155899,89223,66676,1000000,-0.0043,0.1700,+10.2,-1.1,-0.3482,NONE,STOPPED
="2026-09-07 11:03:26",79918,155899,89223,66676,1000000,-0.0046,0.1700,+10.2,-1.1,-0.3104,NONE,STOPPED
="2026-09-07 11:03:27",79918,155899,89223,66676,1000000,-0.0052,0.1700,+10.2,-1.1,-0.2752,NONE,STOPPED
="2026-09-07 11:03:28",79918,155899,89223,66676,1000000,-0.0052,0.1700,+10.2,-1.1,-0.2425,NONE,STOPPED
="2026-09-07 11:03:29",79918,155899,89223,66676,1000000,-0.0052,0.1700,+7.6,-1.1,-0.2121,NONE,STOPPED
="2026-09-07 11:03:30",79918,155899,89223,66676,1000000,-0.0034,0.1700,+0.0,-1.1,-0.1839,NONE,STOPPED
="2026-09-07 11:03:31",79918,155899,89223,66676,1000000,-0.0034,0.1700,+0.0,-1.1,-0.1578,NONE,STOPPED
="2026-09-07 11:03:32",79918,155899,89223,66676,1000000,-0.0034,0.1700,+0.0,-1.1,-0.1578,NONE,STOPPED
="2026-09-07 11:03:33",79918,155899,89223,66676,1000000,-0.0034,0.1700,+0.0,-1.1,-0.1337,NONE,STOPPED
="2026-09-07 11:03:34",79918,155899,89223,66676,1000000,-0.0047,0.1700,-0.0,-1.1,-0.0907,NONE,STOPPED
="2026-09-07 11:03:35",79918,197042,89223,107819,1000000,-0.0047,0.1700,+0.0,-1.1,-0.0716,NONE,STOPPED
="2026-09-07 11:03:36",79918,197042,89223,107819,1000000,-0.0047,0.1700,-0.0,-1.1,-0.0541,NONE,STOPPED
="2026-09-07 11:03:37",79918,197042,89223,107819,1000000,-0.0047,0.1700,-0.0,-1.1,-0.0380,NONE,STOPPED
="2026-09-07 11:03:38",79918,197042,89223,107819,1000000,-0.0045,0.1700,-0.0,-1.1,-0.0231,NONE,STOPPED
="2026-09-07 11:03:39",79918,197042,89223,107819,1000000,-0.0045,0.1700,-0.0,-1.1,-0.0095,NONE,STOPPED
="2026-09-07 11:03:40",79918,197042,89223,107819,1000000,-0.0037,0.1700,-0.0,-1.1,+0.0030,NONE,STOPPED
="2026-09-07 11:03:41",79918,197042,89223,107819,1000000,-0.0037,0.1700,-0.0,-1.1,+0.0144,NONE,STOPPED
="2026-09-07 11:03:42",79918,197042,89223,107819,1000000,-0.0037,0.1700,-0.0,-1.1,+0.0144,NONE,STOPPED
="2026-09-07 11:03:43",79918,197042,89223,107819,1000000,+0.0005,0.1700,-0.0,-1.1,+0.0249,NONE,STOPPED
="2026-09-07 11:03:44",79918,197042,89223,107819,1000000,+0.0005,0.1700,+0.0,-1.1,+0.0431,NONE,STOPPED
="2026-09-07 11:03:45",79918,197042,89223,107819,1000000,+0.0005,0.1700,+0.0,-1.1,+0.0510,NONE,STOPPED
="2026-09-07 11:03:46",79918,197042,89223,107819,1000000,+0.0005,0.1700,+0.0,-12.7,+0.0581,NONE,STOPPED
="2026-09-07 11:03:47",79913,140519,99376,41142,1000000,+0.0005,0.1700,-5.2,-18.0,+0.0512,NONE,STOPPED
="2026-09-07 11:03:48",79913,140519,99376,41142,1000000,+0.0005,0.1700,-5.2,-18.0,+0.0456,NONE,STOPPED
="2026-09-07 11:03:49",79913,140519,99376,41142,1000000,+0.0001,0.1700,-5.2,-18.0,+0.0410,NONE,STOPPED
="2026-09-07 11:03:50",79913,140519,99376,41142,1000000,-0.0013,0.1700,-5.2,-18.0,+0.0375,NONE,STOPPED
="2026-09-07 11:03:51",79913,140519,99376,41142,1000000,-0.0013,0.1700,-5.2,-18.0,+0.0375,NONE,STOPPED
="2026-09-07 11:03:52",79913,140519,99376,41142,1000000,-0.0013,0.1700,-5.2,-17.9,+0.0350,NONE,STOPPED
="2026-09-07 11:03:53",79909,140519,99376,41142,1000000,-0.0013,0.1700,-4.2,-22.1,+0.0019,NONE,STOPPED
="2026-09-07 11:03:54",79909,140519,99376,41142,1000000,-0.0013,0.1700,-4.1,-18.3,-0.0111,NONE,STOPPED
="2026-09-07 11:03:55",79909,140519,99376,41142,1000000,-0.0009,0.1700,-4.1,-14.2,-0.0245,NONE,STOPPED
="2026-09-07 11:03:56",79909,140519,99376,41142,1000000,-0.0009,0.1700,-4.2,-14.2,-0.0383,NONE,STOPPED
="2026-09-07 11:03:57",79908,140519,99376,41142,1000000,-0.0010,0.1700,-0.8,-15.0,-0.0535,NONE,STOPPED
="2026-09-07 11:03:58",79908,140519,99376,41142,1000000,-0.0010,0.1700,-0.8,-15.0,-0.0666,NONE,STOPPED
="2026-09-07 11:03:59",79908,140519,99376,41142,1000000,-0.0011,0.1700,-0.8,-15.0,-0.0777,NONE,STOPPED
="2026-09-07 11:04:00",79908,140519,99376,41142,1000000,-0.0011,0.1700,-0.8,-9.4,-0.0871,NONE,STOPPED
="2026-09-07 11:04:01",79908,140519,99376,41142,1000000,-0.0011,0.1700,-0.8,-9.4,-0.0871,NONE,STOPPED
="2026-09-07 11:04:02",79908,140519,99376,41142,1000000,-0.0011,0.1700,-0.8,-9.4,-0.1080,NONE,STOPPED
="2026-09-07 11:04:03",79908,140519,99376,41142,1000000,-0.0024,0.1700,-0.8,-1.2,-0.1161,NONE,STOPPED
="2026-09-07 11:04:04",79908,92435,51293,41142,1000000,-0.0024,0.1700,+0.0,-1.2,-0.1279,NONE,STOPPED
="2026-09-07 11:04:05",79908,92435,51293,41142,1000000,-0.0020,0.1700,+0.0,+0.0,-0.1384,NONE,STOPPED
="2026-09-07 11:04:06",79899,129584,88441,41142,1000000,-0.0020,0.1700,-8.6,-8.6,-0.1817,NONE,STOPPED
="2026-09-07 11:04:07",79895,129584,88441,41142,1000000,-0.0020,0.1700,-13.5,-13.5,-0.2395,NONE,STOPPED
="2026-09-07 11:04:08",79895,129584,88441,41142,1000000,-0.0020,0.1700,-13.5,-13.5,-0.2911,NONE,STOPPED
="2026-09-07 11:04:09",79895,167157,126014,41142,1000000,-0.0024,0.1700,-13.5,-13.5,-0.3371,NONE,STOPPED
="2026-09-07 11:04:10",79895,167157,126014,41142,1000000,-0.0024,0.1700,-13.5,-13.5,-0.3371,NONE,STOPPED
="2026-09-07 11:04:11",79895,167157,126014,41142,1000000,-0.0025,0.1700,-4.9,-13.5,-0.4134,NONE,STOPPED
="2026-09-07 11:04:12",79895,167157,126014,41142,1000000,-0.0025,0.1700,-4.9,-13.5,-0.4446,NONE,STOPPED
="2026-09-07 11:04:13",79895,167157,126014,41142,1000000,-0.0027,0.1700,-4.9,-13.5,-0.4715,NONE,STOPPED
="2026-09-07 11:04:14",79895,167157,126014,41142,1000000,-0.0027,0.1700,-4.9,-13.5,-0.4946,NONE,STOPPED
="2026-09-07 11:04:15",79895,167157,126014,41142,1000000,-0.0027,0.1700,+0.0,-13.5,-0.5141,NONE,STOPPED
="2026-09-07 11:04:16",79895,167157,126014,41142,1000000,-0.0028,0.1700,+0.0,-13.5,-0.5302,NONE,STOPPED
="2026-09-07 11:04:17",79895,167157,126014,41142,1000000,-0.0028,0.1700,+0.0,-13.5,-0.5433,NONE,STOPPED
="2026-09-07 11:04:18",79895,167157,126014,41142,1000000,-0.0028,0.1700,+0.0,-13.5,-0.5535,NONE,STOPPED
="2026-09-07 11:04:19",79895,167157,126014,41142,1000000,-0.0028,0.1700,+0.0,-13.5,-0.5612,NONE,STOPPED
="2026-09-07 11:04:20",79895,167157,126014,41142,1000000,-0.0028,0.1700,+0.0,-13.5,-0.5612,NONE,STOPPED
="2026-09-07 11:04:21",79895,167157,126014,41142,1000000,-0.0028,0.1700,+0.0,-13.5,-0.5696,NONE,STOPPED
="2026-09-07 11:04:22",79895,167157,126014,41142,1000000,-0.0026,0.1700,-0.0,-13.5,-0.5708,NONE,STOPPED
="2026-09-07 11:04:23",79895,167157,126014,41142,1000000,-0.0014,0.1700,-0.0,-16.0,-0.5701,NONE,STOPPED
="2026-09-07 11:04:24",79895,167157,126014,41142,1000000,-0.0025,0.1700,+0.0,-23.7,-0.5662,NONE,STOPPED
="2026-09-07 11:04:25",79895,167157,126014,41142,1000000,-0.0025,0.1700,-0.0,-23.7,-0.5563,NONE,STOPPED
="2026-09-07 11:04:26",79895,167157,126014,41142,1000000,-0.0022,0.1700,-0.0,-23.7,-0.5451,NONE,STOPPED
="2026-09-07 11:04:27",79895,167157,126014,41142,1000000,-0.0028,0.1700,+0.0,-23.7,-0.5327,NONE,STOPPED
="2026-09-07 11:04:28",79895,167157,126014,41142,1000000,-0.0028,0.1700,+0.0,-23.7,-0.5194,NONE,STOPPED
="2026-09-07 11:04:29",79895,167157,126014,41142,1000000,-0.0028,0.1700,+0.0,-23.7,-0.5194,NONE,STOPPED
="2026-09-07 11:04:30",79895,167157,126014,41142,1000000,-0.0041,0.1700,+0.0,-23.7,-0.5053,NONE,STOPPED
="2026-09-07 11:04:31",79895,167157,126014,41142,1000000,-0.0041,0.1700,-0.0,-23.7,-0.4749,NONE,STOPPED
="2026-09-07 11:04:32",79895,167157,126014,41142,1000000,-0.0041,0.1700,+0.0,-23.7,-0.4588,NONE,STOPPED
="2026-09-07 11:04:33",79895,167157,126014,41142,1000000,-0.0038,0.1700,+0.0,-23.7,-0.4422,NONE,STOPPED
="2026-09-07 11:04:34",79895,167157,126014,41142,1000000,-0.0038,0.1700,+0.0,-23.7,-0.4251,NONE,STOPPED
="2026-09-07 11:04:35",79895,126014,126014,0,1000000,-0.0038,0.1700,+0.0,-23.7,-0.4078,NONE,STOPPED
="2026-09-07 11:04:36",79895,126014,126014,0,1000000,-0.0039,0.1700,+0.0,-23.7,-0.3902,NONE,STOPPED
="2026-09-07 11:04:37",79895,126014,126014,0,1000000,-0.0039,0.1700,-0.0,-23.7,-0.3724,NONE,STOPPED
="2026-09-07 11:04:38",79895,126014,126014,0,1000000,-0.0041,0.1700,+0.0,-23.7,-0.3544,NONE,STOPPED
="2026-09-07 11:04:39",79895,126014,126014,0,1000000,-0.0041,0.1700,+0.0,-23.7,-0.3544,NONE,STOPPED
="2026-09-07 11:04:40",79895,126014,126014,0,1000000,-0.0041,0.1700,+0.0,-23.7,-0.3363,NONE,STOPPED
="2026-09-07 11:04:41",79895,126014,126014,0,1000000,-0.0041,0.1700,-0.0,-23.7,-0.3000,NONE,STOPPED
="2026-09-07 11:04:42",79895,126014,126014,0,1000000,-0.0040,0.1700,+0.0,-23.7,-0.2819,NONE,STOPPED
="2026-09-07 11:04:43",79895,126014,126014,0,1000000,-0.0040,0.1700,+0.0,-23.7,-0.2638,NONE,STOPPED
="2026-09-07 11:04:44",79895,126014,126014,0,1000000,-0.0040,0.1700,-0.0,-23.7,-0.2458,NONE,STOPPED
="2026-09-07 11:04:45",79895,126014,126014,0,1000000,-0.0040,0.1700,-0.0,-23.7,-0.2280,NONE,STOPPED
="2026-09-07 11:04:46",79895,126014,126014,0,1000000,-0.0039,0.1700,-0.0,-18.4,-0.2102,NONE,STOPPED
="2026-09-07 11:04:47",79895,115861,115861,0,1000000,-0.0039,0.1700,-0.0,-18.4,-0.1959,NONE,STOPPED
="2026-09-07 11:04:48",79895,115861,115861,0,1000000,-0.0039,0.1700,-0.0,-18.4,-0.1959,NONE,STOPPED
="2026-09-07 11:04:49",79895,115861,115861,0,1000000,-0.0039,0.1700,-0.0,-18.4,-0.1816,NONE,STOPPED
="2026-09-07 11:04:50",79895,115861,115861,0,1000000,-0.0025,0.1700,-0.0,-18.4,-0.1535,NONE,STOPPED
="2026-09-07 11:04:51",79895,115861,115861,0,1000000,-0.0025,0.1700,+0.0,-14.3,-0.1397,NONE,STOPPED
="2026-09-07 11:04:52",79895,115861,115861,0,1000000,-0.0023,0.1700,-0.0,-14.3,-0.1286,NONE,STOPPED
="2026-09-07 11:04:53",79895,115861,115861,0,1000000,-0.0023,0.1700,-0.0,-14.3,-0.1176,NONE,STOPPED
="2026-09-07 11:04:54",79895,115861,115861,0,1000000,-0.0023,0.1700,+0.0,-14.3,-0.1068,NONE,STOPPED
="2026-09-07 11:04:55",79895,115861,115861,0,1000000,-0.0023,0.1700,+0.0,-14.3,-0.0961,NONE,STOPPED
="2026-09-07 11:04:56",79895,115861,115861,0,1000000,-0.0023,0.1700,-0.0,-13.5,-0.0856,NONE,STOPPED
="2026-09-07 11:04:57",79895,115861,115861,0,1000000,-0.0022,0.1700,-0.0,-13.5,-0.0856,NONE,STOPPED
="2026-09-07 11:04:58",79895,115861,115861,0,1000000,-0.0023,0.1700,+0.0,-13.5,-0.0757,NONE,STOPPED
="2026-09-07 11:04:59",79895,115861,115861,0,1000000,-0.0023,0.1700,-0.0,-13.5,-0.0565,NONE,STOPPED
="2026-09-07 11:05:00",79895,115861,115861,0,1000000,-0.0023,0.1700,-0.0,-13.5,-0.0471,NONE,STOPPED
="2026-09-07 11:05:01",79895,115861,115861,0,1000000,-0.0023,0.1700,+0.0,-13.5,-0.0379,NONE,STOPPED
="2026-09-07 11:05:02",79895,137389,127374,10015,1000000,-0.0023,0.1700,+0.0,-13.5,-0.0379,NONE,STOPPED
="2026-09-07 11:05:03",79895,137389,127374,10015,1000000,-0.0009,0.1700,-0.0,-13.5,-0.0202,NONE,STOPPED
="2026-09-07 11:05:04",79895,137389,127374,10015,1000000,-0.0011,0.1700,+0.0,-13.5,-0.0115,NONE,STOPPED
="2026-09-07 11:05:05",79895,137389,127374,10015,1000000,-0.0011,0.1700,+0.0,-4.9,-0.0031,NONE,STOPPED
="2026-09-07 11:05:06",79895,59100,49085,10015,1000000,-0.0011,0.1700,-0.0,+0.0,-0.0000,NONE,STOPPED
="2026-09-07 11:05:07",79895,59100,49085,10015,1000000,-0.0017,0.1700,-0.0,+0.0,-0.0001,NONE,STOPPED
="2026-09-07 11:05:08",79895,59100,49085,10015,1000000,-0.0017,0.1700,+0.0,+0.0,-0.0000,NONE,STOPPED
="2026-09-07 11:05:09",79895,21528,11512,10015,1000000,-0.0013,0.1700,+0.0,+0.0,-0.0000,NONE,STOPPED
="2026-09-07 11:05:10",79895,21528,11512,10015,1000000,+0.0003,0.1700,+0.0,+0.0,+0.0000,NONE,STOPPED
="2026-09-07 11:05:11",79895,21528,11512,10015,1000000,+0.0003,0.1700,+0.0,+0.0,+0.0000,NONE,STOPPED
="2026-09-07 11:05:12",79895,21528,11512,10015,1000000,+0.0003,0.1700,-0.0,+0.0,-0.0000,NONE,STOPPED
="2026-09-07 11:05:13",79895,21528,11512,10015,1000000,+0.0003,0.1700,-0.0,+0.0,-0.0000,NONE,STOPPED
="2026-09-07 11:05:14",79895,21528,11512,10015,1000000,+0.0003,0.1700,-0.0,-0.0,-0.0000,NONE,STOPPED
="2026-09-07 11:05:15",79895,21528,11512,10015,1000000,+0.0003,0.1700,+0.0,+0.0,-0.0000,NONE,STOPPED
="2026-09-07 11:05:16",79895,21528,11512,10015,1000000,+0.0003,0.1700,-0.0,-0.0,-0.0000,NONE,STOPPED
="2026-09-07 11:05:17",79888,78804,68788,10015,1000000,+0.0006,0.1700,-7.1,-7.1,-0.0277,NONE,STOPPED
="2026-09-07 11:05:18",79877,78804,68788,10015,1000000,+0.0006,0.1700,-17.7,-17.7,-0.0938,NONE,STOPPED
="2026-09-07 11:05:19",79877,78804,68788,10015,1000000,+0.0005,0.1700,-17.7,-17.7,-0.1531,NONE,STOPPED
="2026-09-07 11:05:20",79877,78804,68788,10015,1000000,+0.0005,0.1700,-17.7,-17.7,-0.2062,NONE,STOPPED
="2026-09-07 11:05:21",79877,78804,68788,10015,1000000,+0.0002,0.1700,-17.7,-17.7,-0.2062,NONE,STOPPED
="2026-09-07 11:05:22",79877,78804,68788,10015,1000000,+0.0002,0.1700,-10.6,-17.7,-0.2953,NONE,STOPPED
="2026-09-07 11:05:23",79877,78804,68788,10015,1000000,+0.0031,0.1700,-0.0,-17.7,-0.3321,NONE,STOPPED
="2026-09-07 11:05:24",79875,94668,84652,10015,1000000,+0.0041,0.1700,-2.3,-20.0,-0.3733,NONE,STOPPED
="2026-09-07 11:05:25",79875,94668,84652,10015,1000000,+0.0041,0.1700,-2.3,-20.0,-0.4092,NONE,STOPPED
="2026-09-07 11:05:26",79872,94668,84652,10015,1000000,+0.0041,0.1700,-4.9,-22.6,-0.4504,NONE,STOPPED
="2026-09-07 11:05:27",79872,94668,84652,10015,1000000,+0.0047,0.1700,-4.9,-22.6,-0.4860,NONE,STOPPED
="2026-09-07 11:05:28",79872,94668,84652,10015,1000000,+0.0047,0.1700,-4.9,-22.6,-0.5166,NONE,STOPPED
="2026-09-07 11:05:29",79872,94668,84652,10015,1000000,+0.0050,0.1700,-2.6,-22.6,-0.5425,NONE,STOPPED
="2026-09-07 11:05:30",79872,94668,84652,10015,1000000,+0.0046,0.1700,-2.6,-22.6,-0.5425,NONE,STOPPED
="2026-09-07 11:05:31",79872,94668,84652,10015,1000000,+0.0046,0.1700,-2.6,-22.6,-0.5641,NONE,STOPPED
="2026-09-07 11:05:32",79872,94668,84652,10015,1000000,+0.0047,0.1700,+0.0,-22.6,-0.5956,NONE,STOPPED
="2026-09-07 11:05:33",79872,94668,84652,10015,1000000,+0.0047,0.1700,-2.6,-22.6,-0.6062,NONE,STOPPED
="2026-09-07 11:05:34",79872,94668,84652,10015,1000000,+0.0043,0.1700,+0.0,-22.6,-0.6136,NONE,STOPPED
="2026-09-07 11:05:35",79872,94668,84652,10015,1000000,+0.0044,0.1700,+0.0,-22.6,-0.6182,NONE,STOPPED
="2026-09-07 11:05:36",79872,94668,84652,10015,1000000,+0.0045,0.1700,+0.0,-22.6,-0.6202,NONE,STOPPED
="2026-09-07 11:05:37",79865,94668,84652,10015,1000000,+0.0045,0.1700,-7.5,-30.1,-0.6492,NONE,STOPPED
="2026-09-07 11:05:38",79865,94668,84652,10015,1000000,+0.0053,0.1700,-7.5,-30.1,-0.6730,NONE,STOPPED
="2026-09-07 11:05:39",79865,94668,84652,10015,1000000,+0.0053,0.1700,-7.5,-30.1,-0.6730,NONE,STOPPED
="2026-09-07 11:05:40",79865,94668,84652,10015,1000000,+0.0053,0.1700,-7.5,-30.1,-0.6988,NONE,STOPPED
="2026-09-07 11:05:41",79865,94668,84652,10015,1000000,+0.0053,0.1700,-7.5,-30.1,-0.7177,NONE,STOPPED
="2026-09-07 11:05:42",79865,94668,84652,10015,1000000,+0.0052,0.1700,+0.0,-30.1,-0.7249,NONE,STOPPED
="2026-09-07 11:05:43",79865,94668,84652,10015,1000000,+0.0052,0.1700,-7.5,-30.1,-0.7287,NONE,STOPPED
="2026-09-07 11:05:44",79865,94668,84652,10015,1000000,+0.0054,0.1700,-7.5,-30.1,-0.7294,NONE,STOPPED
="2026-09-07 11:05:45",79865,94668,84652,10015,1000000,+0.0054,0.1700,-7.5,-30.1,-0.7274,NONE,STOPPED
="2026-09-07 11:05:46",79865,94668,84652,10015,1000000,+0.0053,0.1700,-7.5,-30.1,-0.7228,NONE,STOPPED
="2026-09-07 11:05:47",79874,176262,84652,91609,1000000,+0.0052,0.1700,+9.9,-20.2,-0.6775,NONE,STOPPED
="2026-09-07 11:05:48",79874,176262,84652,91609,1000000,+0.0052,0.1700,+9.9,-20.2,-0.6340,NONE,STOPPED
="2026-09-07 11:05:49",79874,176262,84652,91609,1000000,+0.0052,0.1700,+9.9,-20.2,-0.6340,NONE,STOPPED
="2026-09-07 11:05:50",79874,176262,84652,91609,1000000,+0.0052,0.1700,+9.9,-20.2,-0.5922,NONE,STOPPED
="2026-09-07 11:05:51",79874,176262,84652,91609,1000000,+0.0052,0.1700,+9.9,-20.2,-0.5134,NONE,STOPPED
="2026-09-07 11:05:52",79874,176262,84652,91609,1000000,+0.0050,0.1700,+9.9,-20.2,-0.4764,NONE,STOPPED
="2026-09-07 11:05:53",79874,176262,84652,91609,1000000,+0.0050,0.1700,+9.9,-20.2,-0.4408,NONE,STOPPED
="2026-09-07 11:05:54",79874,176262,84652,91609,1000000,+0.0037,0.1700,+9.9,-20.2,-0.4067,NONE,STOPPED
="2026-09-07 11:05:55",79874,176262,84652,91609,1000000,+0.0037,0.1700,-0.0,-20.2,-0.3739,NONE,STOPPED
="2026-09-07 11:05:56",79874,176262,84652,91609,1000000,+0.0041,0.1700,-0.0,-20.2,-0.3425,NONE,STOPPED
="2026-09-07 11:05:57",79874,176262,84652,91609,1000000,+0.0041,0.1700,+0.0,-20.2,-0.3122,NONE,STOPPED
="2026-09-07 11:05:58",79874,176262,84652,91609,1000000,+0.0042,0.1700,+0.0,-20.2,-0.2831,NONE,STOPPED
="2026-09-07 11:05:59",79874,176262,84652,91609,1000000,+0.0042,0.1700,+0.0,-20.2,-0.2831,NONE,STOPPED
="2026-09-07 11:06:00",79874,176262,84652,91609,1000000,+0.0042,0.1700,+0.0,-20.2,-0.2350,NONE,STOPPED
="2026-09-07 11:06:01",79874,176262,84652,91609,1000000,+0.0042,0.1700,-0.0,-20.2,-0.2028,NONE,STOPPED
="2026-09-07 11:06:02",79870,154733,73139,81594,1000000,+0.0042,0.1700,-4.2,-24.4,-0.1943,NONE,STOPPED
="2026-09-07 11:06:03",79870,154733,73139,81594,1000000,+0.0042,0.1700,-4.2,-24.4,-0.1851,NONE,STOPPED
="2026-09-07 11:06:04",79870,154733,73139,81594,1000000,+0.0044,0.1700,-4.2,-24.4,-0.1851,NONE,STOPPED
="2026-09-07 11:06:05",79870,154733,73139,81594,1000000,+0.0044,0.1700,-4.2,-24.4,-0.1651,NONE,STOPPED
="2026-09-07 11:06:06",79869,170120,88526,81594,1000000,+0.0044,0.1700,-5.1,-25.4,-0.1582,NONE,STOPPED
="2026-09-07 11:06:07",79868,170120,88526,81594,1000000,+0.0050,0.1700,-2.5,-26.9,-0.1566,NONE,STOPPED
="2026-09-07 11:06:08",79868,170120,88526,81594,1000000,+0.0034,0.1700,-2.5,-26.9,-0.1537,NONE,STOPPED
="2026-09-07 11:06:09",79868,170120,88526,81594,1000000,+0.0034,0.1700,-2.5,-26.9,-0.1496,NONE,STOPPED
="2026-09-07 11:06:10",79868,170120,88526,81594,1000000,+0.0019,0.1700,-2.5,-26.9,-0.1389,NONE,STOPPED
="2026-09-07 11:06:11",79868,170120,88526,81594,1000000,+0.0019,0.1700,-1.5,-26.9,-0.1335,NONE,STOPPED
="2026-09-07 11:06:12",79868,170120,88526,81594,1000000,+0.0019,0.1700,+0.0,-26.9,-0.1271,NONE,STOPPED
="2026-09-07 11:06:13",79868,170120,88526,81594,1000000,+0.0019,0.1700,+0.0,-26.9,-0.1271,NONE,STOPPED
="2026-09-07 11:06:14",79868,170120,88526,81594,1000000,+0.0019,0.1700,+0.0,-26.9,-0.1120,NONE,STOPPED
="2026-09-07 11:06:15",79868,170120,88526,81594,1000000,+0.0024,0.1700,+0.0,-26.9,-0.1034,NONE,STOPPED
="2026-09-07 11:06:16",79868,170120,88526,81594,1000000,+0.0024,0.1700,+0.0,-19.8,-0.0942,NONE,STOPPED
="2026-09-07 11:06:17",79868,112844,31250,81594,1000000,+0.0022,0.1700,+0.0,-9.2,-0.0890,NONE,STOPPED
="2026-09-07 11:06:18",79868,123021,41427,81594,1000000,+0.0022,0.1700,-0.0,-9.2,-0.0897,NONE,STOPPED
="2026-09-07 11:06:19",79868,123021,41427,81594,1000000,+0.0024,0.1700,+0.0,-9.2,-0.0897,NONE,STOPPED
="2026-09-07 11:06:20",79868,123021,41427,81594,1000000,+0.0024,0.1700,-0.0,-9.2,-0.0892,NONE,STOPPED
="2026-09-07 11:06:21",79868,123021,41427,81594,1000000,+0.0024,0.1700,-0.0,-9.2,-0.0882,NONE,STOPPED
="2026-09-07 11:06:22",79868,123021,41427,81594,1000000,+0.0024,0.1700,-0.0,-9.2,-0.0882,NONE,STOPPED
="2026-09-07 11:06:23",79866,123021,41427,81594,1000000,-0.0004,0.1700,-1.4,-10.6,-0.0920,NONE,STOPPED
="2026-09-07 11:06:24",79866,107157,25563,81594,1000000,-0.0009,0.1700,-1.4,-8.2,-0.0981,NONE,STOPPED
="2026-09-07 11:06:25",79866,107157,25563,81594,1000000,-0.0009,0.1700,-1.4,-5.7,-0.1005,NONE,STOPPED
="2026-09-07 11:06:26",79866,107157,25563,81594,1000000,-0.0009,0.1700,-1.3,-5.7,-0.1038,NONE,STOPPED
="2026-09-07 11:06:27",79866,107157,25563,81594,1000000,-0.0009,0.1700,+0.0,-5.7,-0.1062,NONE,STOPPED
="2026-09-07 11:06:28",79866,107157,25563,81594,1000000,-0.0009,0.1700,+0.0,-5.7,-0.1081,NONE,STOPPED
="2026-09-07 11:06:29",79866,107157,25563,81594,1000000,-0.0012,0.1700,+0.0,-5.7,-0.1093,NONE,STOPPED
="2026-09-07 11:06:30",79866,107157,25563,81594,1000000,-0.0005,0.1700,+0.0,-5.7,-0.1099,NONE,STOPPED
="2026-09-07 11:06:31",79866,107157,25563,81594,1000000,-0.0006,0.1700,+0.0,-5.7,-0.1100,NONE,STOPPED
="2026-09-07 11:06:32",79866,180909,99315,81594,1000000,-0.0006,0.1700,+0.0,-5.7,-0.1100,NONE,STOPPED
="2026-09-07 11:06:33",79866,180909,99315,81594,1000000,-0.0006,0.1700,+0.0,-5.7,-0.1097,NONE,STOPPED
="2026-09-07 11:06:34",79866,180909,99315,81594,1000000,-0.0006,0.1700,+0.0,-5.7,-0.1078,NONE,STOPPED
="2026-09-07 11:06:35",79866,180909,99315,81594,1000000,-0.0007,0.1700,-0.0,-5.7,-0.1063,NONE,STOPPED
="2026-09-07 11:06:36",79866,180909,99315,81594,1000000,-0.0007,0.1700,+0.0,+1.9,-0.1045,NONE,STOPPED
="2026-09-07 11:06:37",79866,180909,99315,81594,1000000,-0.0007,0.1700,+0.0,+1.9,-0.1070,NONE,STOPPED
="2026-09-07 11:06:38",79866,180909,99315,81594,1000000,-0.0014,0.1700,+0.0,+1.9,-0.1092,NONE,STOPPED
="2026-09-07 11:06:39",79866,180909,99315,81594,1000000,+0.0028,0.1700,-0.0,+1.9,-0.1111,NONE,STOPPED
="2026-09-07 11:06:40",79866,180909,99315,81594,1000000,+0.0028,0.1700,-0.0,+1.9,-0.1127,NONE,STOPPED
="2026-09-07 11:06:41",79866,180909,99315,81594,1000000,+0.0028,0.1700,+0.0,+1.9,-0.1139,NONE,STOPPED
="2026-09-07 11:06:42",79866,180909,99315,81594,1000000,+0.0028,0.1700,+0.0,+1.9,-0.1139,NONE,STOPPED
="2026-09-07 11:06:43",79866,191808,110213,81594,1000000,+0.0028,0.1700,+0.0,+1.9,-0.1189,NONE,STOPPED
="2026-09-07 11:06:44",79865,191808,110213,81594,1000000,+0.0026,0.1700,-1.9,+0.0,-0.1341,NONE,STOPPED
="2026-09-07 11:06:45",79865,191808,110213,81594,1000000,+0.0046,0.1700,-1.9,+0.0,-0.1400,NONE,STOPPED
="2026-09-07 11:06:46",79865,191808,110213,81594,1000000,+0.0046,0.1700,-1.9,-9.9,-0.1451,NONE,STOPPED
="2026-09-07 11:06:47",79865,121351,110213,11137,1000000,+0.0046,0.1700,-1.9,-9.9,-0.1431,NONE,STOPPED
="2026-09-07 11:06:48",79865,121351,110213,11137,1000000,+0.0046,0.1700,-1.9,-9.9,-0.1406,NONE,STOPPED
="2026-09-07 11:06:49",79865,121351,110213,11137,1000000,+0.0018,0.1700,+0.0,-9.9,-0.1376,NONE,STOPPED
="2026-09-07 11:06:50",79865,121351,110213,11137,1000000,+0.0018,0.1700,-0.0,-9.9,-0.1342,NONE,STOPPED
="2026-09-07 11:06:51",79865,121351,110213,11137,1000000,+0.0018,0.1700,-0.0,-9.9,-0.1305,NONE,STOPPED
="2026-09-07 11:06:52",79865,121351,110213,11137,1000000,+0.0054,0.1700,-0.0,-9.9,-0.1305,NONE,STOPPED
="2026-09-07 11:06:53",79865,121351,110213,11137,1000000,+0.0067,0.1700,+0.0,-9.9,-0.1263,NONE,STOPPED
="2026-09-07 11:06:54",79865,121351,110213,11137,1000000,+0.0067,0.1700,+0.0,-9.9,-0.1172,NONE,STOPPED
="2026-09-07 11:06:55",79865,121351,110213,11137,1000000,+0.0031,0.1700,-0.0,-9.9,-0.1124,NONE,STOPPED
="2026-09-07 11:06:56",79865,121351,110213,11137,1000000,+0.0027,0.1700,-0.0,-9.9,-0.1073,NONE,STOPPED
="2026-09-07 11:06:57",79864,178416,167278,11137,1000000,+0.0027,0.1700,-0.0,-9.9,-0.1020,NONE,STOPPED
="2026-09-07 11:06:58",79861,178416,167278,11137,1000000,+0.0027,0.1700,-3.2,-13.1,-0.1092,NONE,STOPPED
="2026-09-07 11:06:59",79861,178416,167278,11137,1000000,+0.0027,0.1700,-3.2,-13.1,-0.1149,NONE,STOPPED
="2026-09-07 11:07:00",79861,178416,167278,11137,1000000,+0.0027,0.1700,-3.2,-13.1,-0.1194,NONE,STOPPED
="2026-09-07 11:07:01",79856,178416,167278,11137,1000000,+0.0028,0.1700,-8.3,-14.0,-0.1426,NONE,STOPPED
="2026-09-07 11:07:02",79856,178416,167278,11137,1000000,+0.0028,0.1700,-8.3,-14.0,-0.1426,NONE,STOPPED
="2026-09-07 11:07:03",79850,178416,167278,11137,1000000,+0.0028,0.1700,-11.4,-20.3,-0.2323,NONE,STOPPED
="2026-09-07 11:07:04",79850,178416,167278,11137,1000000,+0.0005,0.1700,-11.4,-20.3,-0.2693,NONE,STOPPED
="2026-09-07 11:07:05",79850,204419,193281,11137,1000000,+0.0005,0.1700,-11.4,-19.3,-0.3017,NONE,STOPPED
="2026-09-07 11:07:06",79850,189032,177894,11137,1000000,+0.0005,0.1700,-6.3,-17.8,-0.3303,NONE,STOPPED
="2026-09-07 11:07:07",79850,189032,177894,11137,1000000,+0.0005,0.1700,-6.3,-17.8,-0.3559,NONE,STOPPED
="2026-09-07 11:07:08",79850,189032,177894,11137,1000000,+0.0021,0.1700,+0.0,-17.8,-0.3778,NONE,STOPPED
="2026-09-07 11:07:09",79850,189032,177894,11137,1000000,+0.0021,0.1700,-0.0,-17.8,-0.3964,NONE,STOPPED
="2026-09-07 11:07:10",79850,189032,177894,11137,1000000,+0.0027,0.1700,-0.0,-17.8,-0.4061,NONE,STOPPED
="2026-09-07 11:07:11",79850,189032,177894,11137,1000000,+0.0027,0.1700,-0.0,-17.8,-0.4061,NONE,STOPPED
="2026-09-07 11:07:12",79850,189032,177894,11137,1000000,+0.0027,0.1700,-0.0,-17.8,-0.4226,NONE,STOPPED
="2026-09-07 11:07:13",79850,189032,177894,11137,1000000,+0.0026,0.1700,-0.0,-17.8,-0.4351,NONE,STOPPED
="2026-09-07 11:07:14",79850,213058,201920,11137,1000000,+0.0026,0.1700,-0.0,-17.8,-0.4400,NONE,STOPPED
="2026-09-07 11:07:15",79850,213058,201920,11137,1000000,+0.0021,0.1700,-0.0,-17.8,-0.4428,NONE,STOPPED
="2026-09-07 11:07:16",79850,213058,201920,11137,1000000,+0.0020,0.1700,+0.0,-17.8,-0.4438,NONE,STOPPED
="2026-09-07 11:07:17",79850,213058,201920,11137,1000000,+0.0020,0.1700,+0.0,-17.8,-0.4430,NONE,STOPPED
="2026-09-07 11:07:18",79850,202881,191743,11137,1000000,+0.0019,0.1700,-0.0,-17.8,-0.4407,NONE,STOPPED
="2026-09-07 11:07:19",79842,215840,204702,11137,1000000,+0.0019,0.1700,-8.4,-26.2,-0.4700,NONE,STOPPED
="2026-09-07 11:07:20",79842,215840,204702,11137,1000000,+0.0019,0.1700,-8.4,-26.2,-0.4700,NONE,STOPPED
="2026-09-07 11:07:21",79842,215840,204702,11137,1000000,+0.0019,0.1700,-8.4,-24.9,-0.5152,NONE,STOPPED
="2026-09-07 11:07:22",79842,215840,204702,11137,1000000,+0.0046,0.1700,-8.4,-24.9,-0.5325,NONE,STOPPED
="2026-09-07 11:07:23",79842,215840,204702,11137,1000000,+0.0046,0.1700,-8.4,-24.9,-0.5462,NONE,STOPPED
="2026-09-07 11:07:24",79834,239797,228659,11137,1000000,+0.0051,0.1700,-7.3,-32.2,-0.5855,NONE,STOPPED
="2026-09-07 11:07:25",79811,251003,239865,11137,1000000,+0.0039,0.1700,-30.8,-55.7,-0.7110,NONE,STOPPED
="2026-09-07 11:07:26",79811,251003,239865,11137,1000000,+0.0039,0.1700,-30.8,-55.7,-0.8218,NONE,STOPPED
="2026-09-07 11:07:27",79819,282353,239865,42488,1000000,+0.0040,0.1700,-22.3,-47.2,-0.8855,NONE,STOPPED
="2026-09-07 11:07:28",79814,307928,265439,42488,1000000,+0.0040,0.1700,-27.3,-52.2,-0.9594,NONE,STOPPED
="2026-09-07 11:07:29",79809,332489,290000,42488,1000000,+0.0040,0.1700,-24.8,-57.0,-1.0419,NONE,STOPPED
="2026-09-07 11:07:30",79809,332489,290000,42488,1000000,+0.0033,0.1700,-24.8,-57.0,-1.0419,NONE,STOPPED
="2026-09-07 11:07:31",79809,332489,290000,42488,1000000,+0.0033,0.1700,-1.4,-57.0,-1.1726,NONE,STOPPED
="2026-09-07 11:07:32",79809,258737,216248,42488,1000000,-0.0037,0.1700,-9.9,-57.0,-1.2225,NONE,STOPPED
="2026-09-07 11:07:33",79809,258737,216248,42488,1000000,-0.0037,0.1700,-4.9,-57.0,-1.2631,NONE,STOPPED
="2026-09-07 11:07:34",79805,258737,216248,42488,1000000,-0.0037,0.1700,-4.2,-61.2,-1.3116,NONE,STOPPED
="2026-09-07 11:07:35",79805,258737,216248,42488,1000000,-0.0073,0.1700,-4.2,-61.2,-1.3506,NONE,STOPPED
="2026-09-07 11:07:36",79805,258737,216248,42488,1000000,-0.0073,0.1700,-4.2,-61.2,-1.3808,NONE,STOPPED
="2026-09-07 11:07:37",79805,275217,232728,42488,1000000,-0.0073,0.1700,-4.2,-61.2,-1.4029,NONE,STOPPED
="2026-09-07 11:07:38",79805,275217,232728,42488,1000000,-0.0062,0.1700,-4.2,-61.2,-1.4176,NONE,STOPPED
="2026-09-07 11:07:39",79805,275217,232728,42488,1000000,-0.0105,0.1700,-4.2,-61.2,-1.4176,NONE,STOPPED
="2026-09-07 11:07:40",79819,275217,232728,42488,1000000,-0.0105,0.1700,+13.6,-47.6,-1.3494,NONE,STOPPED
="2026-09-07 11:07:41",79819,275217,232728,42488,1000000,-0.0133,0.1700,+13.6,-45.7,-1.2995,NONE,STOPPED
="2026-09-07 11:07:42",79819,275217,232728,42488,1000000,-0.0133,0.1700,+13.6,-45.7,-1.2408,NONE,STOPPED
="2026-09-07 11:07:43",79819,264318,221830,42488,1000000,-0.0133,0.1700,+13.6,-45.7,-1.1926,NONE,STOPPED
="2026-09-07 11:07:44",79819,264318,221830,42488,1000000,-0.0133,0.1700,+6.9,-45.8,-1.1444,NONE,STOPPED
="2026-09-07 11:07:45",79819,264318,221830,42488,1000000,-0.0133,0.1700,+0.0,-45.7,-1.0961,NONE,STOPPED
="2026-09-07 11:07:46",79819,264318,221830,42488,1000000,-0.0152,0.1700,+6.9,-45.8,-1.0481,NONE,STOPPED
="2026-09-07 11:07:47",79819,253180,221830,31350,1000000,-0.0125,0.1700,-0.0,-45.7,-1.0003,NONE,STOPPED
="2026-09-07 11:07:48",79819,253180,221830,31350,1000000,-0.0125,0.1700,-0.0,-45.8,-0.9528,NONE,STOPPED
="2026-09-07 11:07:49",79819,253180,221830,31350,1000000,-0.0097,0.1700,-0.0,-45.8,-0.9528,NONE,STOPPED
="2026-09-07 11:07:50",79819,253180,221830,31350,1000000,-0.0097,0.1700,+0.0,-45.7,-0.8590,NONE,STOPPED
="2026-09-07 11:07:51",79819,253180,221830,31350,1000000,-0.0097,0.1700,+0.0,-45.7,-0.8127,NONE,STOPPED
="2026-09-07 11:07:52",79819,253180,221830,31350,1000000,-0.0133,0.1700,+0.0,-45.7,-0.7671,NONE,STOPPED
="2026-09-07 11:07:53",79819,253180,221830,31350,1000000,-0.0153,0.1700,-0.0,-45.8,-0.7220,NONE,STOPPED
="2026-09-07 11:07:54",79819,253180,221830,31350,1000000,-0.0117,0.1700,-0.0,-45.7,-0.6776,NONE,STOPPED
="2026-09-07 11:07:55",79819,253180,221830,31350,1000000,-0.0117,0.1700,-0.0,-45.7,-0.6339,NONE,STOPPED
="2026-09-07 11:07:56",79819,253180,221830,31350,1000000,-0.0117,0.1700,+0.0,-45.7,-0.5908,NONE,STOPPED
="2026-09-07 11:07:57",79819,196116,164765,31350,1000000,-0.0119,0.1700,+0.0,-42.6,-0.5484,NONE,STOPPED
="2026-09-07 11:07:58",79819,196116,164765,31350,1000000,-0.0119,0.1700,+0.0,-42.6,-0.5484,NONE,STOPPED
="2026-09-07 11:07:59",79819,196116,164765,31350,1000000,-0.0119,0.1700,-0.0,-42.6,-0.5087,NONE,STOPPED
="2026-09-07 11:08:00",79819,196116,164765,31350,1000000,-0.0121,0.1700,+0.0,-42.5,-0.4447,NONE,STOPPED
="2026-09-07 11:08:01",79820,196116,164765,31350,1000000,-0.0121,0.1700,+1.6,-29.6,-0.3910,NONE,STOPPED
="2026-09-07 11:08:02",79820,196116,164765,31350,1000000,-0.0132,0.1700,+1.6,-29.6,-0.3555,NONE,STOPPED
="2026-09-07 11:08:03",79820,196116,164765,31350,1000000,-0.0110,0.1700,+1.6,-29.6,-0.3213,NONE,STOPPED
="2026-09-07 11:08:04",79830,196116,164765,31350,1000000,-0.0110,0.1700,+11.4,-19.7,-0.2498,NONE,STOPPED
="2026-09-07 11:08:05",79830,170113,138762,31350,1000000,-0.0112,0.1700,+11.4,-19.7,-0.1834,NONE,STOPPED
="2026-09-07 11:08:06",79830,170113,138762,31350,1000000,-0.0112,0.1700,+9.9,-19.7,-0.1216,NONE,STOPPED
="2026-09-07 11:08:07",79830,170113,138762,31350,1000000,-0.0112,0.1700,+9.9,-19.7,-0.1216,NONE,STOPPED
="2026-09-07 11:08:08",79831,170113,138762,31350,1000000,-0.0111,0.1700,+10.7,-18.9,-0.0076,NONE,STOPPED
="2026-09-07 11:08:09",79831,170113,138762,31350,1000000,-0.0111,0.1700,+0.8,-18.9,+0.0447,NONE,STOPPED
="2026-09-07 11:08:10",79831,170113,138762,31350,1000000,-0.0116,0.1700,+0.8,-18.9,+0.0930,NONE,STOPPED
="2026-09-07 11:08:11",79831,170113,138762,31350,1000000,-0.0113,0.1700,+0.8,-18.9,+0.1377,NONE,STOPPED
="2026-09-07 11:08:12",79834,170113,138762,31350,1000000,-0.0113,0.1700,+3.9,-15.9,+0.1908,NONE,STOPPED
="2026-09-07 11:08:13",79819,486316,454966,31350,1000000,-0.0113,0.1700,-12.2,-31.1,+0.1799,NONE,STOPPED
="2026-09-07 11:08:14",79819,462290,430939,31350,1000000,-0.0113,0.1700,-12.2,-31.1,+0.1710,NONE,STOPPED
="2026-09-07 11:08:15",79819,462290,430939,31350,1000000,-0.0121,0.1700,-12.2,-31.1,+0.1637,NONE,STOPPED
="2026-09-07 11:08:16",79819,462290,430939,31350,1000000,-0.0120,0.1700,-12.2,-31.1,+0.1637,NONE,STOPPED
="2026-09-07 11:08:17",79819,462290,430939,31350,1000000,-0.0120,0.1700,-12.2,-31.1,+0.1581,NONE,STOPPED
="2026-09-07 11:08:18",79819,462290,430939,31350,1000000,-0.0120,0.1700,+0.0,-22.7,+0.1511,NONE,STOPPED
="2026-09-07 11:08:19",79819,449332,417981,31350,1000000,-0.0120,0.1700,+0.0,-22.7,+0.1443,NONE,STOPPED
="2026-09-07 11:08:20",79819,449332,417981,31350,1000000,-0.0120,0.1700,+0.0,-22.7,+0.1388,NONE,STOPPED
="2026-09-07 11:08:21",79819,449332,417981,31350,1000000,-0.0137,0.1700,+0.0,-22.7,+0.1344,NONE,STOPPED
="2026-09-07 11:08:22",79823,449332,417981,31350,1000000,-0.0163,0.1700,+4.1,-18.6,+0.1470,NONE,STOPPED
="2026-09-07 11:08:23",79823,449332,417981,31350,1000000,-0.0163,0.1700,+4.1,-11.3,+0.1589,NONE,STOPPED
="2026-09-07 11:08:24",79823,414169,382818,31350,1000000,-0.0163,0.1700,+4.1,+12.2,+0.1657,NONE,STOPPED
="2026-09-07 11:08:25",79823,414169,382818,31350,1000000,-0.0152,0.1700,+4.1,+12.2,+0.1657,NONE,STOPPED
="2026-09-07 11:08:26",79823,414169,382818,31350,1000000,-0.0152,0.1700,+4.1,+3.7,+0.1498,NONE,STOPPED
="2026-09-07 11:08:27",79823,382818,382818,0,1000000,-0.0152,0.1700,+4.1,+8.7,+0.1468,NONE,STOPPED
="2026-09-07 11:08:28",79823,357244,357244,0,1000000,-0.0156,0.1700,-0.0,+13.6,+0.1406,NONE,STOPPED
="2026-09-07 11:08:29",79829,349743,332683,17059,1000000,-0.0156,0.1700,+5.7,+19.3,+0.1535,NONE,STOPPED
="2026-09-07 11:08:30",79829,349743,332683,17059,1000000,-0.0174,0.1700,+5.7,+19.2,+0.1642,NONE,STOPPED
="2026-09-07 11:08:31",79829,349743,332683,17059,1000000,-0.0104,0.1700,+5.7,+19.3,+0.1728,NONE,STOPPED
="2026-09-07 11:08:32",79829,349743,332683,17059,1000000,-0.0104,0.1700,+5.7,+19.3,+0.1795,NONE,STOPPED
="2026-09-07 11:08:33",79829,365557,332683,32874,1000000,-0.0097,0.1700,+5.7,+23.4,+0.1844,NONE,STOPPED
="2026-09-07 11:08:34",79829,365557,332683,32874,1000000,-0.0061,0.1700,+5.7,+23.4,+0.1844,NONE,STOPPED
="2026-09-07 11:08:35",79829,365557,332683,32874,1000000,-0.0061,0.1700,+5.7,+23.4,+0.1852,NONE,STOPPED
="2026-09-07 11:08:36",79829,365557,332683,32874,1000000,-0.0051,0.1700,-0.0,+23.4,+0.1827,NONE,STOPPED
="2026-09-07 11:08:37",79829,349077,316203,32874,1000000,-0.0051,0.1700,+0.0,+23.4,+0.1796,NONE,STOPPED
="2026-09-07 11:08:38",79829,349077,316203,32874,1000000,-0.0061,0.1700,+0.0,+16.7,+0.1756,NONE,STOPPED
="2026-09-07 11:08:39",79829,349077,316203,32874,1000000,-0.0061,0.1700,-0.0,+9.8,+0.1745,NONE,STOPPED
="2026-09-07 11:08:40",79829,349077,316203,32874,1000000,-0.0034,0.1700,+0.0,+9.8,+0.1768,NONE,STOPPED
="2026-09-07 11:08:41",79829,349077,316203,32874,1000000,-0.0034,0.1700,-0.0,+9.8,+0.1781,NONE,STOPPED
="2026-09-07 11:08:42",79829,349077,316203,32874,1000000,-0.0035,0.1700,-0.0,+9.8,+0.1784,NONE,STOPPED
="2026-09-07 11:08:43",79829,368739,316203,52535,1000000,-0.0035,0.1700,-0.0,+9.8,+0.1780,NONE,STOPPED
="2026-09-07 11:08:44",79829,368739,316203,52535,1000000,-0.0035,0.1700,-0.0,+9.8,+0.1780,NONE,STOPPED
="2026-09-07 11:08:45",79839,434711,316203,118508,1000000,-0.0016,0.1700,+10.4,+20.3,+0.2523,NONE,STOPPED
="2026-09-07 11:08:46",79839,434711,316203,118508,1000000,-0.0016,0.1700,+10.4,+20.3,+0.2826,NONE,STOPPED
="2026-09-07 11:08:47",79839,434711,316203,118508,1000000,-0.0043,0.1700,+10.4,+20.3,+0.3088,NONE,STOPPED
="2026-09-07 11:08:48",79839,434711,316203,118508,1000000,-0.0043,0.1700,+10.4,+20.3,+0.3312,NONE,STOPPED
="2026-09-07 11:08:49",79839,434711,316203,118508,1000000,-0.0043,0.1700,+10.4,+20.3,+0.3502,NONE,STOPPED
="2026-09-07 11:08:50",79839,434711,316203,118508,1000000,-0.0043,0.1700,-0.0,+20.3,+0.3660,NONE,STOPPED
="2026-09-07 11:08:51",79840,434711,316203,118508,1000000,-0.0111,0.1700,+0.6,+20.8,+0.3810,NONE,STOPPED
="2026-09-07 11:08:52",79847,434711,316203,118508,1000000,-0.0091,0.1700,+7.8,+28.1,+0.4211,NONE,STOPPED
="2026-09-07 11:08:53",79847,434711,316203,118508,1000000,-0.0091,0.1700,+7.8,+28.1,+0.4211,NONE,STOPPED
="2026-09-07 11:08:54",79847,434711,316203,118508,1000000,-0.0091,0.1700,+7.8,+28.1,+0.4558,NONE,STOPPED
="2026-09-07 11:08:55",79847,434711,316203,118508,1000000,-0.0091,0.1700,+7.8,+28.1,+0.5100,NONE,STOPPED
="2026-09-07 11:08:56",79847,434711,316203,118508,1000000,-0.0089,0.1700,+7.2,+28.1,+0.5305,NONE,STOPPED
="2026-09-07 11:08:57",79847,434711,316203,118508,1000000,-0.0199,0.1700,+0.0,+28.1,+0.5469,NONE,STOPPED
="2026-09-07 11:08:58",79847,434711,316203,118508,1000000,-0.0199,0.1700,+0.0,+28.1,+0.5595,NONE,STOPPED
="2026-09-07 11:08:59",79847,434711,316203,118508,1000000,-0.0199,0.1700,+0.0,+28.1,+0.5688,NONE,STOPPED
="2026-09-07 11:09:00",79847,434711,316203,118508,1000000,-0.0199,0.1700,+0.0,+26.5,+0.5749,NONE,STOPPED
="2026-09-07 11:09:01",79847,434711,316203,118508,1000000,-0.0199,0.1700,+0.0,+26.5,+0.5792,NONE,STOPPED
="2026-09-07 11:09:02",79847,434711,316203,118508,1000000,-0.0188,0.1700,+0.0,+26.5,+0.5808,NONE,STOPPED
="2026-09-07 11:09:03",79847,455704,337196,118508,1000000,-0.0176,0.1700,+0.0,+16.6,+0.5799,NONE,STOPPED
="2026-09-07 11:09:04",79847,623322,504814,118508,1000000,-0.0176,0.1700,-0.0,+16.6,+0.5829,NONE,STOPPED
="2026-09-07 11:09:05",79847,623322,504814,118508,1000000,-0.0175,0.1700,-0.0,+16.6,+0.5837,NONE,STOPPED
="2026-09-07 11:09:06",79847,623322,504814,118508,1000000,-0.0181,0.1700,+0.0,+16.6,+0.5826,NONE,STOPPED
="2026-09-07 11:09:07",79847,623322,504814,118508,1000000,-0.0181,0.1700,+0.0,+15.8,+0.5798,NONE,STOPPED
="2026-09-07 11:09:08",79847,623322,504814,118508,1000000,-0.0182,0.1700,+0.0,+15.8,+0.5798,NONE,STOPPED
="2026-09-07 11:09:09",79847,623322,504814,118508,1000000,-0.0182,0.1700,+0.0,+15.8,+0.5758,NONE,STOPPED
="2026-09-07 11:09:10",79847,623322,504814,118508,1000000,-0.0182,0.1700,-0.0,+15.8,+0.5635,NONE,STOPPED
="2026-09-07 11:09:11",79847,623322,504814,118508,1000000,-0.0185,0.1700,-0.0,+12.8,+0.5724,NONE,STOPPED
="2026-09-07 11:09:12",79847,623322,504814,118508,1000000,-0.0185,0.1700,+0.0,+28.0,+0.5618,NONE,STOPPED
="2026-09-07 11:09:13",79847,307118,188610,118508,1000000,-0.0185,0.1700,+0.0,+28.0,+0.5411,NONE,STOPPED
="2026-09-07 11:09:14",79847,307118,188610,118508,1000000,-0.0177,0.1700,+0.0,+28.0,+0.5203,NONE,STOPPED
="2026-09-07 11:09:15",79847,307118,188610,118508,1000000,-0.0177,0.1700,+0.0,+28.0,+0.4994,NONE,STOPPED
="2026-09-07 11:09:16",79847,307118,188610,118508,1000000,-0.0177,0.1700,+0.0,+28.0,+0.4784,NONE,STOPPED
="2026-09-07 11:09:17",79847,307118,188610,118508,1000000,-0.0177,0.1700,+0.0,+28.0,+0.4784,NONE,STOPPED
="2026-09-07 11:09:18",79847,307118,188610,118508,1000000,-0.0177,0.1700,-0.0,+28.0,+0.4573,NONE,STOPPED
="2026-09-07 11:09:19",79847,307118,188610,118508,1000000,-0.0166,0.1700,-0.0,+28.0,+0.4152,NONE,STOPPED
="2026-09-07 11:09:20",79847,307118,188610,118508,1000000,-0.0149,0.1700,+0.0,+28.0,+0.3942,NONE,STOPPED
="2026-09-07 11:09:21",79846,381530,210586,170944,1000000,-0.0149,0.1700,-0.9,+23.1,+0.3697,NONE,STOPPED
="2026-09-07 11:09:22",79846,381530,210586,170944,1000000,-0.0149,0.1700,-1.3,+22.7,+0.3466,NONE,STOPPED
="2026-09-07 11:09:23",79842,397924,210586,187337,1000000,-0.0149,0.1700,-5.1,+18.8,+0.3089,NONE,STOPPED
="2026-09-07 11:09:24",79842,410046,222708,187337,1000000,-0.0149,0.1700,-5.1,+18.8,+0.2732,NONE,STOPPED
="2026-09-07 11:09:25",79842,410046,222708,187337,1000000,-0.0133,0.1700,-5.1,+18.8,+0.2396,NONE,STOPPED
="2026-09-07 11:09:26",79842,410046,222708,187337,1000000,-0.0129,0.1700,-4.3,+18.8,+0.2077,NONE,STOPPED
="2026-09-07 11:09:27",79842,410046,222708,187337,1000000,-0.0129,0.1700,-3.8,+18.8,+0.1776,NONE,STOPPED
="2026-09-07 11:09:28",79842,646898,459561,187337,1000000,-0.0129,0.1700,-3.8,+18.8,+0.1776,NONE,STOPPED
="2026-09-07 11:09:29",79801,629839,459561,170278,1000000,-0.0136,0.1700,-40.3,-27.2,-0.1540,NONE,STOPPED
="2026-09-07 11:09:30",79801,629839,459561,170278,1000000,-0.0118,0.1700,-40.3,-27.2,-0.3040,NONE,STOPPED
="2026-09-07 11:09:31",79801,629839,459561,170278,1000000,-0.0118,0.1700,-40.4,-27.3,-0.4394,NONE,STOPPED
="2026-09-07 11:09:32",79801,629839,459561,170278,1000000,-0.0118,0.1700,-40.4,-27.3,-0.5607,NONE,STOPPED
="2026-09-07 11:09:33",79801,614024,459561,154463,1000000,-0.0125,0.1700,-5.4,-27.3,-0.6690,NONE,STOPPED
="2026-09-07 11:09:34",79801,614024,459561,154463,1000000,-0.0029,0.1700,-0.1,-27.3,-0.7652,NONE,STOPPED
="2026-09-07 11:09:35",79801,614024,459561,154463,1000000,-0.0029,0.1700,-0.1,-27.3,-0.8504,NONE,STOPPED
="2026-09-07 11:09:36",79801,614024,459561,154463,1000000,-0.0039,0.1700,+0.0,-27.3,-0.9252,NONE,STOPPED
="2026-09-07 11:09:37",79801,614024,459561,154463,1000000,-0.0039,0.1700,+0.0,-27.3,-0.9252,NONE,STOPPED
="2026-09-07 11:09:38",79801,614024,459561,154463,1000000,-0.0039,0.1700,-0.1,-27.3,-0.9906,NONE,STOPPED
="2026-09-07 11:09:39",79801,614024,459561,154463,1000000,-0.0039,0.1700,+0.0,-27.3,-1.0954,NONE,STOPPED
="2026-09-07 11:09:40",79801,614024,459561,154463,1000000,-0.0039,0.1700,+0.0,-27.3,-1.1362,NONE,STOPPED
="2026-09-07 11:09:41",79801,614024,459561,154463,1000000,-0.0021,0.1700,-0.0,-27.3,-1.1701,NONE,STOPPED
="2026-09-07 11:09:42",79801,614024,459561,154463,1000000,-0.0020,0.1700,-0.0,-27.3,-1.1976,NONE,STOPPED
="2026-09-07 11:09:43",79801,614024,459561,154463,1000000,-0.0020,0.1700,+0.0,-37.8,-1.2191,NONE,STOPPED
="2026-09-07 11:09:44",79806,594363,459561,134801,1000000,-0.0032,0.1700,+4.5,-33.2,-1.2111,NONE,STOPPED
="2026-09-07 11:09:45",79806,528390,459561,68829,1000000,-0.0051,0.1700,+4.5,-33.2,-1.2000,NONE,STOPPED
="2026-09-07 11:09:46",79806,528390,459561,68829,1000000,-0.0051,0.1700,+4.5,-33.2,-1.2000,NONE,STOPPED
="2026-09-07 11:09:47",79806,528390,459561,68829,1000000,-0.0051,0.1700,+4.5,-33.2,-1.1860,NONE,STOPPED
="2026-09-07 11:09:48",79806,528390,459561,68829,1000000,-0.0051,0.1700,+4.5,-33.3,-1.1507,NONE,STOPPED
="2026-09-07 11:09:49",79806,528390,459561,68829,1000000,-0.0051,0.1700,+4.5,-33.2,-1.1298,NONE,STOPPED
="2026-09-07 11:09:50",79806,528390,459561,68829,1000000,-0.0066,0.1700,-0.0,-33.8,-1.1071,NONE,STOPPED
="2026-09-07 11:09:51",79806,528390,459561,68829,1000000,+0.0002,0.1700,+0.0,-41.0,-1.0823,NONE,STOPPED
="2026-09-07 11:09:52",79806,528390,459561,68829,1000000,+0.0002,0.1700,+0.0,-41.1,-1.0515,NONE,STOPPED
="2026-09-07 11:09:53",79806,528390,459561,68829,1000000,+0.0002,0.1700,+0.0,-41.1,-1.0196,NONE,STOPPED
="2026-09-07 11:09:54",79806,528390,459561,68829,1000000,+0.0003,0.1700,+0.0,-41.1,-0.9867,NONE,STOPPED
="2026-09-07 11:09:55",79806,528390,459561,68829,1000000,+0.0005,0.1700,-0.0,-41.1,-0.9529,NONE,STOPPED
="2026-09-07 11:09:56",79806,528390,459561,68829,1000000,+0.0005,0.1700,-0.0,-41.1,-0.9529,NONE,STOPPED
="2026-09-07 11:09:57",79806,528390,459561,68829,1000000,+0.0116,0.1700,+0.0,-41.1,-0.8833,NONE,STOPPED
="2026-09-07 11:09:58",79806,528390,459561,68829,1000000,+0.0116,0.1700,-0.0,-41.1,-0.8477,NONE,STOPPED
="2026-09-07 11:09:59",79806,528390,459561,68829,1000000,+0.0122,0.1700,-0.0,-41.1,-0.8118,NONE,STOPPED
="2026-09-07 11:10:00",79806,528390,459561,68829,1000000,+0.0122,0.1700,-0.0,-41.1,-0.7756,NONE,STOPPED
="2026-09-07 11:10:01",79806,528390,459561,68829,1000000,+0.0122,0.1700,-0.0,-41.1,-0.7393,NONE,STOPPED
="2026-09-07 11:10:02",79806,528390,459561,68829,1000000,+0.0122,0.1700,+0.0,-41.1,-0.7029,NONE,STOPPED
="2026-09-07 11:10:03",79814,507398,438568,68829,1000000,+0.0111,0.1700,+8.5,-32.6,-0.6330,NONE,STOPPED
="2026-09-07 11:10:04",79814,339780,270950,68829,1000000,+0.0111,0.1700,+8.5,-32.6,-0.5666,NONE,STOPPED
="2026-09-07 11:10:05",79814,339780,270950,68829,1000000,+0.0097,0.1700,+8.5,-32.6,-0.5035,NONE,STOPPED
="2026-09-07 11:10:06",79814,339780,270950,68829,1000000,+0.0103,0.1700,+8.5,-32.6,-0.4435,NONE,STOPPED
="2026-09-07 11:10:07",79814,339780,270950,68829,1000000,+0.0103,0.1700,+8.5,-32.6,-0.3865,NONE,STOPPED
="2026-09-07 11:10:08",79814,339780,270950,68829,1000000,+0.0103,0.1700,+8.5,-32.6,-0.3323,NONE,STOPPED
="2026-09-07 11:10:09",79814,366960,270950,96009,1000000,+0.0103,0.1700,+8.5,-32.6,-0.3323,NONE,STOPPED
="2026-09-07 11:10:10",79827,366960,270950,96009,1000000,+0.0103,0.1700,+12.7,-19.9,-0.1364,NONE,STOPPED
="2026-09-07 11:10:11",79827,366960,270950,96009,1000000,+0.0037,0.1700,+12.7,-19.9,-0.0690,NONE,STOPPED
="2026-09-07 11:10:12",79827,366960,270950,96009,1000000,+0.0037,0.1700,+12.7,-19.9,+0.0100,NONE,STOPPED
="2026-09-07 11:10:13",79827,366960,270950,96009,1000000,+0.0037,0.1700,+12.7,-19.9,+0.0828,NONE,STOPPED
="2026-09-07 11:10:14",79827,366960,270950,96009,1000000,+0.0038,0.1700,+12.7,-19.9,+0.1498,NONE,STOPPED
="2026-09-07 11:10:15",79827,366960,270950,96009,1000000,+0.0038,0.1700,+0.0,-19.9,+0.2114,NONE,STOPPED
="2026-09-07 11:10:16",79827,366960,270950,96009,1000000,+0.0038,0.1700,+0.0,-19.9,+0.2680,NONE,STOPPED
="2026-09-07 11:10:17",79827,366960,270950,96009,1000000,+0.0005,0.1700,-0.0,-19.9,+0.3198,NONE,STOPPED
="2026-09-07 11:10:18",79827,366960,270950,96009,1000000,+0.0005,0.1700,-0.0,-19.9,+0.3671,NONE,STOPPED
="2026-09-07 11:10:19",79827,366960,270950,96009,1000000,-0.0006,0.1700,-0.0,-19.9,+0.3671,NONE,STOPPED
="2026-09-07 11:10:20",79821,366960,270950,96009,1000000,-0.0004,0.1700,-6.3,-25.3,+0.4253,NONE,STOPPED
="2026-09-07 11:10:21",79821,292548,248974,43573,1000000,-0.0004,0.1700,-6.3,-24.9,+0.4386,NONE,STOPPED
="2026-09-07 11:10:22",79821,292548,248974,43573,1000000,-0.0004,0.1700,-6.3,-21.1,+0.4506,NONE,STOPPED
="2026-09-07 11:10:23",79821,276154,248974,27179,1000000,-0.0005,0.1700,-6.3,-21.1,+0.4593,NONE,STOPPED
="2026-09-07 11:10:24",79821,264032,236852,27179,1000000,-0.0005,0.1700,-6.3,-21.0,+0.4672,NONE,STOPPED
="2026-09-07 11:10:25",79821,264032,236852,27179,1000000,-0.0020,0.1700,-6.3,-21.1,+0.4742,NONE,STOPPED
="2026-09-07 11:10:26",79821,264032,236852,27179,1000000,-0.0023,0.1700,+0.0,-21.0,+0.4806,NONE,STOPPED
="2026-09-07 11:10:27",79821,264032,236852,27179,1000000,-0.0023,0.1700,+0.0,+14.0,+0.4863,NONE,STOPPED
="2026-09-07 11:10:28",79821,27179,0,27179,1000000,-0.0017,0.1700,+0.0,+14.0,+0.4863,NONE,STOPPED
="2026-09-07 11:10:29",79815,27179,0,27179,1000000,-0.0017,0.1700,-6.1,+13.2,+0.4055,NONE,STOPPED
="2026-09-07 11:10:30",79815,27179,0,27179,1000000,-0.0017,0.1700,-6.1,+13.3,+0.3669,NONE,STOPPED
="2026-09-07 11:10:31",79815,27179,0,27179,1000000,-0.0017,0.1700,-6.1,+13.3,+0.3304,NONE,STOPPED
="2026-09-07 11:10:32",79815,27179,0,27179,1000000,-0.0017,0.1700,-6.1,+13.3,+0.2959,NONE,STOPPED
="2026-09-07 11:10:33",79815,27179,0,27179,1000000,-0.0018,0.1700,-0.0,+13.3,+0.2632,NONE,STOPPED
="2026-09-07 11:10:34",79815,27179,0,27179,1000000,-0.0114,0.1700,+0.0,+13.3,+0.2324,NONE,STOPPED
="2026-09-07 11:10:35",79815,27179,0,27179,1000000,-0.0114,0.1700,+0.0,+13.3,+0.2033,NONE,STOPPED
="2026-09-07 11:10:36",79815,27179,0,27179,1000000,-0.0111,0.1700,+0.0,+13.3,+0.1757,NONE,STOPPED
="2026-09-07 11:10:37",79815,27179,0,27179,1000000,-0.0111,0.1700,+0.0,+13.3,+0.1757,NONE,STOPPED
="2026-09-07 11:10:38",79815,27179,0,27179,1000000,-0.0111,0.1700,+0.0,+13.3,+0.1497,NONE,STOPPED
="2026-09-07 11:10:39",79806,43168,15988,27179,1000000,-0.0111,0.1700,-8.5,+4.9,+0.0691,NONE,STOPPED
="2026-09-07 11:10:40",79806,43168,15988,27179,1000000,-0.0129,0.1700,-8.5,+4.9,+0.0176,NONE,STOPPED
="2026-09-07 11:10:41",79806,43168,15988,27179,1000000,-0.0129,0.1700,-8.5,+4.9,-0.0295,NONE,STOPPED
="2026-09-07 11:10:42",79806,43168,15988,27179,1000000,-0.0129,0.1700,-8.5,+4.9,-0.0727,NONE,STOPPED
="2026-09-07 11:10:43",79806,43168,15988,27179,1000000,-0.0117,0.1700,-8.5,+0.4,-0.1120,NONE,STOPPED
="2026-09-07 11:10:44",79806,43168,15988,27179,1000000,-0.0116,0.1700,-8.5,+0.4,-0.1452,NONE,STOPPED
="2026-09-07 11:10:45",79806,43168,15988,27179,1000000,-0.0116,0.1700,-8.5,+0.4,-0.1751,NONE,STOPPED
="2026-09-07 11:10:46",79806,43168,15988,27179,1000000,-0.0116,0.1700,-8.5,+0.4,-0.1751,NONE,STOPPED
="2026-09-07 11:10:47",79806,43168,15988,27179,1000000,-0.0116,0.1700,-0.0,+0.4,-0.2021,NONE,STOPPED
="2026-09-07 11:10:48",79806,43168,15988,27179,1000000,-0.0121,0.1700,+0.0,+0.4,-0.2478,NONE,STOPPED
="2026-09-07 11:10:49",79806,43168,15988,27179,1000000,-0.0106,0.1700,-0.0,+0.4,-0.2671,NONE,STOPPED
="2026-09-07 11:10:50",79806,43168,15988,27179,1000000,-0.0106,0.1700,+0.0,+0.4,-0.2840,NONE,STOPPED
="2026-09-07 11:10:51",79806,43168,15988,27179,1000000,-0.0119,0.1700,-0.0,+0.4,-0.2989,NONE,STOPPED
="2026-09-07 11:10:52",79806,43168,15988,27179,1000000,-0.0119,0.1700,-0.0,+0.4,-0.3119,NONE,STOPPED
="2026-09-07 11:10:53",79806,43168,15988,27179,1000000,-0.0119,0.1700,-0.0,+0.4,-0.3232,NONE,STOPPED
="2026-09-07 11:10:54",79814,63301,15988,47312,1000000,-0.0119,0.1700,+8.2,+8.6,-0.3008,NONE,STOPPED
="2026-09-07 11:10:55",79814,63301,15988,47312,1000000,-0.0119,0.1700,+8.2,+8.6,-0.2802,NONE,STOPPED
="2026-09-07 11:10:56",79814,63301,15988,47312,1000000,-0.0121,0.1700,+8.2,+8.6,-0.2802,NONE,STOPPED
="2026-09-07 11:10:57",79814,63301,15988,47312,1000000,-0.0117,0.1700,+8.2,+8.6,-0.2612,NONE,STOPPED
="2026-09-07 11:10:58",79818,63301,15988,47312,1000000,-0.0117,0.1700,+11.4,+11.7,-0.2152,NONE,STOPPED
="2026-09-07 11:10:59",79824,63301,15988,47312,1000000,-0.0123,0.1700,+9.9,+18.5,-0.1631,NONE,STOPPED
="2026-09-07 11:11:00",79824,63301,15988,47312,1000000,-0.0109,0.1700,+9.9,+18.5,-0.1161,NONE,STOPPED
="2026-09-07 11:11:01",79824,63301,15988,47312,1000000,-0.0109,0.1700,+9.9,+18.5,-0.0737,NONE,STOPPED
="2026-09-07 11:11:02",79824,63301,15988,47312,1000000,-0.0109,0.1700,+9.9,+10.0,-0.0356,NONE,STOPPED
="2026-09-07 11:11:03",79824,63301,15988,47312,1000000,-0.0101,0.1700,+9.9,+10.0,-0.0356,NONE,STOPPED
="2026-09-07 11:11:04",79824,63301,15988,47312,1000000,-0.0101,0.1700,+6.7,+10.0,+0.0036,NONE,STOPPED
="2026-09-07 11:11:05",79824,63301,15988,47312,1000000,-0.0103,0.1700,+0.0,+10.0,+0.0705,NONE,STOPPED
="2026-09-07 11:11:06",79824,63301,15988,47312,1000000,-0.0088,0.1700,-0.0,+10.0,+0.0988,NONE,STOPPED
="2026-09-07 11:11:07",79824,63301,15988,47312,1000000,-0.0103,0.1700,-0.0,+10.0,+0.1240,NONE,STOPPED
="2026-09-07 11:11:08",79824,63301,15988,47312,1000000,-0.0103,0.1700,+0.0,-2.7,+0.1464,NONE,STOPPED
="2026-09-07 11:11:09",79824,36121,15988,20132,1000000,-0.0103,0.1700,+0.0,-2.7,+0.1738,NONE,STOPPED
="2026-09-07 11:11:10",79824,36121,15988,20132,1000000,-0.0103,0.1700,-0.0,-2.7,+0.1984,NONE,STOPPED
="2026-09-07 11:11:11",79824,36121,15988,20132,1000000,-0.0037,0.1700,+0.0,-2.7,+0.2207,NONE,STOPPED
="2026-09-07 11:11:12",79824,36121,15988,20132,1000000,-0.0041,0.1700,+0.0,-2.7,+0.2407,NONE,STOPPED
="2026-09-07 11:11:13",79824,36121,15988,20132,1000000,-0.0042,0.1700,+0.0,-2.7,+0.2407,NONE,STOPPED
="2026-09-07 11:11:14",79824,36121,15988,20132,1000000,-0.0042,0.1700,+0.0,-2.7,+0.2585,NONE,STOPPED
="2026-09-07 11:11:15",79824,36121,15988,20132,1000000,-0.0042,0.1700,+0.0,-2.7,+0.2883,NONE,STOPPED
="2026-09-07 11:11:16",79824,36121,15988,20132,1000000,-0.0042,0.1700,+0.0,-2.7,+0.3006,NONE,STOPPED
="2026-09-07 11:11:17",79824,50438,15988,34450,1000000,-0.0009,0.1700,+0.0,-2.7,+0.3113,NONE,STOPPED
="2026-09-07 11:11:18",79824,50438,15988,34450,1000000,-0.0009,0.1700,-0.0,-2.7,+0.3204,NONE,STOPPED
="2026-09-07 11:11:19",79824,50438,15988,34450,1000000,-0.0012,0.1700,+0.0,+3.6,+0.3283,NONE,STOPPED
="2026-09-07 11:11:20",79824,50438,15988,34450,1000000,-0.0014,0.1700,+0.0,+3.6,+0.3311,NONE,STOPPED
="2026-09-07 11:11:21",79824,50438,15988,34450,1000000,-0.0014,0.1700,-0.0,+3.6,+0.3328,NONE,STOPPED
="2026-09-07 11:11:22",79824,50438,15988,34450,1000000,-0.0014,0.1700,-0.0,+3.6,+0.3335,NONE,STOPPED
="2026-09-07 11:11:23",79824,50438,15988,34450,1000000,-0.0014,0.1700,-0.0,+3.6,+0.3335,NONE,STOPPED
="2026-09-07 11:11:24",79824,60847,26397,34450,1000000,-0.0006,0.1700,+0.0,+3.6,+0.3323,NONE,STOPPED
="2026-09-07 11:11:25",79824,60847,26397,34450,1000000,-0.0006,0.1700,+0.0,+3.6,+0.3306,NONE,STOPPED
="2026-09-07 11:11:26",79824,60847,26397,34450,1000000,-0.0003,0.1700,-0.0,+3.6,+0.3282,NONE,STOPPED
="2026-09-07 11:11:27",79824,60847,26397,34450,1000000,-0.0003,0.1700,-0.0,+9.6,+0.3252,NONE,STOPPED
="2026-09-07 11:11:28",79824,60847,26397,34450,1000000,-0.0006,0.1700,+0.0,+9.7,+0.3180,NONE,STOPPED
="2026-09-07 11:11:29",79824,60847,26397,34450,1000000,-0.0007,0.1700,-0.0,+9.7,+0.3104,NONE,STOPPED
="2026-09-07 11:11:30",79824,60847,26397,34450,1000000,-0.0007,0.1700,-0.0,+9.6,+0.3024,NONE,STOPPED
="2026-09-07 11:11:31",79824,60847,26397,34450,1000000,-0.0016,0.1700,-0.0,+9.6,+0.2941,NONE,STOPPED
="2026-09-07 11:11:32",79824,60847,26397,34450,1000000,-0.0015,0.1700,-0.0,+9.7,+0.2855,NONE,STOPPED
="2026-09-07 11:11:33",79824,80841,26397,54443,1000000,-0.0015,0.1700,-0.0,+9.7,+0.2855,NONE,STOPPED
="2026-09-07 11:11:34",79831,80841,26397,54443,1000000,-0.0023,0.1700,+6.7,+16.3,+0.3169,NONE,STOPPED
="2026-09-07 11:11:35",79831,80841,26397,54443,1000000,-0.0026,0.1700,+6.7,+16.3,+0.3287,NONE,STOPPED
="2026-09-07 11:11:36",79831,80841,26397,54443,1000000,-0.0026,0.1700,+6.7,+16.3,+0.3381,NONE,STOPPED
="2026-09-07 11:11:37",79831,80841,26397,54443,1000000,-0.0013,0.1700,+6.6,+16.3,+0.3452,NONE,STOPPED
="2026-09-07 11:11:38",79831,80841,26397,54443,1000000,-0.0013,0.1700,-0.0,+24.8,+0.3503,NONE,STOPPED
="2026-09-07 11:11:39",79831,64853,10409,54443,1000000,-0.0013,0.1700,+6.7,+24.8,+0.3486,NONE,STOPPED
="2026-09-07 11:11:40",79831,64853,10409,54443,1000000,-0.0013,0.1700,+6.7,+24.8,+0.3452,NONE,STOPPED
="2026-09-07 11:11:41",79831,64853,10409,54443,1000000,-0.0013,0.1700,+6.7,+24.8,+0.3404,NONE,STOPPED
="2026-09-07 11:11:42",79831,64853,10409,54443,1000000,-0.0013,0.1700,+6.7,+24.8,+0.3404,NONE,STOPPED
="2026-09-07 11:11:43",79831,64853,10409,54443,1000000,-0.0014,0.1700,+0.0,+24.8,+0.3343,NONE,STOPPED
="2026-09-07 11:11:44",79831,64853,10409,54443,1000000,-0.0015,0.1700,-0.0,+24.8,+0.3188,NONE,STOPPED
="2026-09-07 11:11:45",79831,90902,10409,80492,1000000,-0.0015,0.1700,+0.0,+24.8,+0.3096,NONE,STOPPED
="2026-09-07 11:11:46",79831,90902,10409,80492,1000000,-0.0014,0.1700,+0.0,+24.8,+0.2995,NONE,STOPPED
="2026-09-07 11:11:47",79831,90902,10409,80492,1000000,-0.0009,0.1700,-0.0,+24.7,+0.2887,NONE,STOPPED
="2026-09-07 11:11:48",79831,119212,38719,80492,1000000,-0.0009,0.1700,-0.0,+24.8,+0.2772,NONE,STOPPED
="2026-09-07 11:11:49",79831,119212,38719,80492,1000000,+0.0002,0.1700,+0.0,+24.8,+0.2653,NONE,STOPPED
="2026-09-07 11:11:50",79831,119212,38719,80492,1000000,+0.0014,0.1700,+0.0,+24.8,+0.2528,NONE,STOPPED
="2026-09-07 11:11:51",79831,119212,38719,80492,1000000,+0.0014,0.1700,+0.0,+24.8,+0.2528,NONE,STOPPED
="2026-09-07 11:11:52",79831,119212,38719,80492,1000000,+0.0014,0.1700,-0.0,+24.8,+0.2398,NONE,STOPPED
="2026-09-07 11:11:53",79831,119212,38719,80492,1000000,+0.0014,0.1700,+0.0,+16.5,+0.2129,NONE,STOPPED
="2026-09-07 11:11:54",79831,99079,38719,60360,1000000,+0.0014,0.1700,+0.0,+16.5,+0.2041,NONE,STOPPED
="2026-09-07 11:11:55",79831,99079,38719,60360,1000000,+0.0013,0.1700,-0.0,+16.5,+0.1949,NONE,STOPPED
="2026-09-07 11:11:56",79831,99079,38719,60360,1000000,+0.0013,0.1700,-0.0,+16.5,+0.1854,NONE,STOPPED
="2026-09-07 11:11:57",79831,99079,38719,60360,1000000,+0.0010,0.1700,+0.0,+13.4,+0.1758,NONE,STOPPED
="2026-09-07 11:11:58",79831,99079,38719,60360,1000000,+0.0010,0.1700,-0.0,+6.6,+0.1679,NONE,STOPPED
="2026-09-07 11:11:59",79831,99079,38719,60360,1000000,-0.0005,0.1700,-0.0,+6.6,+0.1638,NONE,STOPPED
="2026-09-07 11:12:00",79831,99079,38719,60360,1000000,-0.0005,0.1700,-0.0,+6.6,+0.1638,NONE,STOPPED
="2026-09-07 11:12:01",79831,99079,38719,60360,1000000,-0.0005,0.1700,+0.0,+6.6,+0.1551,NONE,STOPPED
="2026-09-07 11:12:02",79831,99079,38719,60360,1000000,-0.0012,0.1700,-0.0,+6.6,+0.1504,NONE,STOPPED
="2026-09-07 11:12:03",79831,99079,38719,60360,1000000,-0.0019,0.1700,-0.0,+6.6,+0.1455,NONE,STOPPED
="2026-09-07 11:12:04",79831,99079,38719,60360,1000000,-0.0011,0.1700,+0.0,+6.6,+0.1405,NONE,STOPPED
="2026-09-07 11:12:05",79831,99079,38719,60360,1000000,+0.0004,0.1700,+0.0,+6.6,+0.1405,NONE,STOPPED
="2026-09-07 11:12:06",79831,99079,38719,60360,1000000,-0.0011,0.1700,-0.0,+6.6,+0.1354,NONE,STOPPED
="2026-09-07 11:12:07",79831,99079,38719,60360,1000000,+0.0004,0.1700,-0.0,+6.6,+0.1249,NONE,STOPPED
="2026-09-07 11:12:08",79831,99079,38719,60360,1000000,+0.0002,0.1700,-0.0,+6.6,+0.1195,NONE,STOPPED
="2026-09-07 11:12:09",79831,99079,38719,60360,1000000,+0.0002,0.1700,-0.0,+6.6,+0.1141,NONE,STOPPED
="2026-09-07 11:12:10",79831,99079,38719,60360,1000000,+0.0002,0.1700,+0.0,+6.6,+0.1087,NONE,STOPPED
="2026-09-07 11:12:11",79831,99079,38719,60360,1000000,+0.0002,0.1700,+0.0,+6.6,+0.1033,NONE,STOPPED
="2026-09-07 11:12:12",79831,99079,38719,60360,1000000,+0.0006,0.1700,-0.0,+6.6,+0.0979,NONE,STOPPED
="2026-09-07 11:12:13",79831,99079,38719,60360,1000000,+0.0006,0.1700,+0.0,+6.6,+0.0925,NONE,STOPPED
="2026-09-07 11:12:14",79831,99079,38719,60360,1000000,+0.0003,0.1700,+0.0,+6.6,+0.0871,NONE,STOPPED
="2026-09-07 11:12:15",79831,99079,38719,60360,1000000,+0.0003,0.1700,+0.0,+6.6,+0.0871,NONE,STOPPED
="2026-09-07 11:12:16",79831,99079,38719,60360,1000000,+0.0003,0.1700,+0.0,+6.6,+0.0817,NONE,STOPPED
="2026-09-07 11:12:17",79831,84762,38719,46042,1000000,+0.0003,0.1700,+0.0,+6.7,+0.0711,NONE,STOPPED
="2026-09-07 11:12:18",79831,84762,38719,46042,1000000,+0.0003,0.1700,+0.0,+6.6,+0.0658,NONE,STOPPED
="2026-09-07 11:12:19",79831,84762,38719,46042,1000000,+0.0006,0.1700,+0.0,+6.6,+0.0607,NONE,STOPPED
="2026-09-07 11:12:20",79831,84762,38719,46042,1000000,+0.0007,0.1700,-0.0,+6.6,+0.0555,NONE,STOPPED
="2026-09-07 11:12:21",79831,84762,38719,46042,1000000,+0.0007,0.1700,+0.0,+6.7,+0.0504,NONE,STOPPED
="2026-09-07 11:12:22",79831,84762,38719,46042,1000000,+0.0007,0.1700,-0.0,+6.6,+0.0454,NONE,STOPPED
="2026-09-07 11:12:23",79831,84762,38719,46042,1000000,+0.0007,0.1700,-0.0,+6.6,+0.0405,NONE,STOPPED
="2026-09-07 11:12:24",79831,74353,28310,46042,1000000,-0.0001,0.1700,-0.0,+6.6,+0.0405,NONE,STOPPED
="2026-09-07 11:12:25",79831,74353,28310,46042,1000000,-0.0001,0.1700,-0.0,+6.6,+0.0308,NONE,STOPPED
="2026-09-07 11:12:26",79831,74353,28310,46042,1000000,-0.0001,0.1700,-0.0,+6.6,+0.0261,NONE,STOPPED
="2026-09-07 11:12:27",79831,74353,28310,46042,1000000,-0.0004,0.1700,-0.0,+6.6,+0.0215,NONE,STOPPED
="2026-09-07 11:12:28",79831,74353,28310,46042,1000000,-0.0004,0.1700,-0.0,+6.6,+0.0170,NONE,STOPPED
="2026-09-07 11:12:29",79831,74353,28310,46042,1000000,-0.0004,0.1700,+0.0,+6.7,+0.0126,NONE,STOPPED
="2026-09-07 11:12:30",79831,74353,28310,46042,1000000,-0.0004,0.1700,-0.0,+6.6,+0.0083,NONE,STOPPED
="2026-09-07 11:12:31",79831,74353,28310,46042,1000000,+0.0006,0.1700,+0.0,+6.7,+0.0041,NONE,STOPPED
="2026-09-07 11:12:32",79831,74353,28310,46042,1000000,+0.0006,0.1700,+0.0,-0.0,-0.0001,NONE,STOPPED
="2026-09-07 11:12:33",79831,54359,28310,26048,1000000,+0.0006,0.1700,+0.0,-0.0,-0.0001,NONE,STOPPED
="2026-09-07 11:12:34",79825,54359,28310,26048,1000000,+0.0013,0.1700,-6.4,-6.4,-0.0472,NONE,STOPPED
="2026-09-07 11:12:35",79825,54359,28310,26048,1000000,+0.0013,0.1700,-6.4,-6.4,-0.0672,NONE,STOPPED
="2026-09-07 11:12:36",79825,54359,28310,26048,1000000,+0.0031,0.1700,-6.4,-6.4,-0.0850,NONE,STOPPED
="2026-09-07 11:12:37",79825,54359,28310,26048,1000000,+0.0018,0.1700,-6.4,-6.4,-0.1008,NONE,STOPPED
="2026-09-07 11:12:38",79825,54359,28310,26048,1000000,+0.0018,0.1700,+0.0,-6.4,-0.1147,NONE,STOPPED
="2026-09-07 11:12:39",79825,54359,28310,26048,1000000,+0.0012,0.1700,-0.0,-6.4,-0.1270,NONE,STOPPED
="2026-09-07 11:12:40",79825,54359,28310,26048,1000000,+0.0012,0.1700,-0.0,-6.4,-0.1376,NONE,STOPPED
="2026-09-07 11:12:41",79825,54359,28310,26048,1000000,+0.0012,0.1700,+0.0,-6.4,-0.1468,NONE,STOPPED
="2026-09-07 11:12:42",79825,54359,28310,26048,1000000,+0.0012,0.1700,+0.0,-6.4,-0.1468,NONE,STOPPED
="2026-09-07 11:12:43",79831,71504,28310,43193,1000000,+0.0012,0.1700,+6.4,+0.0,-0.1362,NONE,STOPPED
="2026-09-07 11:12:44",79831,132160,88966,43193,1000000,+0.0012,0.1700,+6.4,-0.0,-0.1193,NONE,STOPPED
="2026-09-07 11:12:45",79831,106111,88966,17144,1000000,+0.0008,0.1700,+6.4,-0.0,-0.1036,NONE,STOPPED
="2026-09-07 11:12:46",79831,106111,88966,17144,1000000,+0.0007,0.1700,+6.4,+0.0,-0.0890,NONE,STOPPED
="2026-09-07 11:12:47",79831,106111,88966,17144,1000000,+0.0007,0.1700,+6.4,+0.0,-0.0756,NONE,STOPPED
="2026-09-07 11:12:48",79831,77800,60655,17144,1000000,-0.0002,0.1700,+6.4,-0.0,-0.0632,NONE,STOPPED
="2026-09-07 11:12:49",79831,77800,60655,17144,1000000,-0.0012,0.1700,+6.4,-0.0,-0.0518,NONE,STOPPED
="2026-09-07 11:12:50",79831,77800,60655,17144,1000000,-0.0012,0.1700,+0.0,+0.0,-0.0412,NONE,STOPPED
="2026-09-07 11:12:51",79831,77800,60655,17144,1000000,-0.0016,0.1700,+0.0,+0.0,-0.0412,NONE,STOPPED
="2026-09-07 11:12:52",79831,77800,60655,17144,1000000,-0.0016,0.1700,+0.0,+0.0,-0.0315,NONE,STOPPED
="2026-09-07 11:12:53",79837,77800,60655,17144,1000000,-0.0015,0.1700,+6.5,+6.5,+0.0110,NONE,STOPPED
="2026-09-07 11:12:54",79837,77800,60655,17144,1000000,-0.0015,0.1700,+6.6,+6.6,+0.0414,NONE,STOPPED
="2026-09-07 11:12:55",79837,77800,60655,17144,1000000,-0.0015,0.1700,+6.5,+6.6,+0.0687,NONE,STOPPED
="2026-09-07 11:12:56",79837,77800,60655,17144,1000000,-0.0015,0.1700,+6.5,+6.5,+0.0932,NONE,STOPPED
="2026-09-07 11:12:57",79837,77800,60655,17144,1000000,-0.0041,0.1700,+6.5,+6.5,+0.1151,NONE,STOPPED
="2026-09-07 11:12:58",79837,77800,60655,17144,1000000,-0.0041,0.1700,+0.0,+6.6,+0.1345,NONE,STOPPED
="2026-09-07 11:12:59",79837,77800,60655,17144,1000000,-0.0041,0.1700,+0.0,+6.5,+0.1517,NONE,STOPPED
="2026-09-07 11:13:00",79837,77800,60655,17144,1000000,-0.0041,0.1700,+0.0,+6.5,+0.1517,NONE,STOPPED
="2026-09-07 11:13:01",79837,77800,60655,17144,1000000,-0.0041,0.1700,+0.0,+6.6,+0.1800,NONE,STOPPED
="2026-09-07 11:13:02",79831,93871,76726,17144,1000000,-0.0035,0.1700,-6.5,+0.0,+0.1660,NONE,STOPPED
="2026-09-07 11:13:03",79831,93871,76726,17144,1000000,-0.0035,0.1700,-6.5,+0.0,+0.1528,NONE,STOPPED
="2026-09-07 11:13:04",79831,93871,76726,17144,1000000,-0.0035,0.1700,-6.5,+0.0,+0.1405,NONE,STOPPED
="2026-09-07 11:13:05",79831,93871,76726,17144,1000000,-0.0042,0.1700,-6.5,+0.0,+0.1289,NONE,STOPPED
="2026-09-07 11:13:06",79831,93871,76726,17144,1000000,-0.0042,0.1700,-6.5,+0.0,+0.1181,NONE,STOPPED
="2026-09-07 11:13:07",79831,93871,76726,17144,1000000,-0.0049,0.1700,-6.5,+0.0,+0.1181,NONE,STOPPED
="2026-09-07 11:13:08",79831,93871,76726,17144,1000000,-0.0046,0.1700,-0.0,+0.0,+0.1081,NONE,STOPPED
="2026-09-07 11:13:09",79831,93871,76726,17144,1000000,-0.0046,0.1700,-0.0,+0.0,+0.0899,NONE,STOPPED
="2026-09-07 11:13:10",79831,93871,76726,17144,1000000,-0.0046,0.1700,-0.0,+0.0,+0.0818,NONE,STOPPED
="2026-09-07 11:13:11",79831,93871,76726,17144,1000000,-0.0046,0.1700,-0.0,+0.0,+0.0741,NONE,STOPPED
="2026-09-07 11:13:12",79831,93871,76726,17144,1000000,-0.0045,0.1700,-0.0,+0.0,+0.0670,NONE,STOPPED
="2026-09-07 11:13:13",79831,93871,76726,17144,1000000,-0.0042,0.1700,-0.0,+0.0,+0.0604,NONE,STOPPED
="2026-09-07 11:13:14",79831,93871,76726,17144,1000000,-0.0042,0.1700,+0.0,+0.0,+0.0543,NONE,STOPPED
="2026-09-07 11:13:15",79831,93871,76726,17144,1000000,-0.0042,0.1700,-0.0,+0.0,+0.0486,NONE,STOPPED
="2026-09-07 11:13:16",79831,93871,76726,17144,1000000,-0.0042,0.1700,+0.0,+0.0,+0.0433,NONE,STOPPED
="2026-09-07 11:13:17",79831,93871,76726,17144,1000000,-0.0042,0.1700,+0.0,+0.0,+0.0433,NONE,STOPPED
="2026-09-07 11:13:18",79847,93871,76726,17144,1000000,-0.0042,0.1700,+16.0,+16.0,+0.1005,NONE,STOPPED
="2026-09-07 11:13:19",79847,93871,76726,17144,1000000,-0.0046,0.1700,+16.0,+16.0,+0.1976,NONE,STOPPED
="2026-09-07 11:13:20",79847,93871,76726,17144,1000000,-0.0047,0.1700,+16.0,+16.0,+0.2383,NONE,STOPPED
="2026-09-07 11:13:21",79847,93871,76726,17144,1000000,-0.0047,0.1700,+15.9,+16.0,+0.2742,NONE,STOPPED
="2026-09-07 11:13:22",79847,93871,76726,17144,1000000,-0.0060,0.1700,-0.0,+16.0,+0.3058,NONE,STOPPED
="2026-09-07 11:13:23",79847,93871,76726,17144,1000000,-0.0060,0.1700,-0.0,+16.0,+0.3332,NONE,STOPPED
="2026-09-07 11:13:24",79847,93871,76726,17144,1000000,-0.0060,0.1700,+16.0,+16.0,+0.3570,NONE,STOPPED
="2026-09-07 11:13:25",79847,93871,76726,17144,1000000,-0.0060,0.1700,-0.0,+16.0,+0.3772,NONE,STOPPED
="2026-09-07 11:13:26",79847,93871,76726,17144,1000000,-0.0054,0.1700,-0.0,+16.0,+0.3943,NONE,STOPPED
="2026-09-07 11:13:27",79847,93871,76726,17144,1000000,-0.0054,0.1700,-0.0,+16.0,+0.3943,NONE,STOPPED
="2026-09-07 11:13:28",79847,93871,76726,17144,1000000,-0.0055,0.1700,-0.0,+16.0,+0.4083,NONE,STOPPED
="2026-09-07 11:13:29",79847,93871,76726,17144,1000000,-0.0054,0.1700,+0.0,+16.0,+0.4286,NONE,STOPPED
="2026-09-07 11:13:30",79847,93871,76726,17144,1000000,-0.0054,0.1700,+0.0,+16.0,+0.4351,NONE,STOPPED
="2026-09-07 11:13:31",79837,142694,125550,17144,1000000,-0.0054,0.1700,-10.3,+5.6,+0.3993,NONE,STOPPED
="2026-09-07 11:13:32",79837,142694,125550,17144,1000000,-0.0055,0.1700,-10.3,+12.0,+0.3656,NONE,STOPPED
="2026-09-07 11:13:33",79837,142694,125550,17144,1000000,-0.0056,0.1700,-10.3,+12.0,+0.3301,NONE,STOPPED
="2026-09-07 11:13:34",79837,142694,125550,17144,1000000,-0.0056,0.1700,-10.3,+12.0,+0.2965,NONE,STOPPED
="2026-09-07 11:13:35",79837,142694,125550,17144,1000000,-0.0073,0.1700,-10.3,+12.0,+0.2647,NONE,STOPPED
="2026-09-07 11:13:36",79837,142694,125550,17144,1000000,-0.0073,0.1700,-10.3,+12.0,+0.2348,NONE,STOPPED
="2026-09-07 11:13:37",79837,142694,125550,17144,1000000,-0.0084,0.1700,-10.3,+12.0,+0.2348,NONE,STOPPED
="2026-09-07 11:13:38",79824,142694,125550,17144,1000000,-0.0084,0.1700,-13.0,-1.0,+0.1559,NONE,STOPPED
="2026-09-07 11:13:39",79824,142694,125550,17144,1000000,-0.0077,0.1700,-13.0,-1.0,+0.0178,NONE,STOPPED
="2026-09-07 11:13:40",79824,142694,125550,17144,1000000,-0.0077,0.1700,-13.0,-1.0,-0.0424,NONE,STOPPED
="2026-09-07 11:13:41",79814,161657,144512,17144,1000000,-0.0077,0.1700,-23.0,-10.9,-0.1358,NONE,STOPPED
="2026-09-07 11:13:42",79814,161657,144512,17144,1000000,-0.0077,0.1700,-10.0,-17.3,-0.2203,NONE,STOPPED
="2026-09-07 11:13:43",79814,144512,144512,0,1000000,-0.0162,0.1700,-10.0,-17.3,-0.2925,NONE,STOPPED
="2026-09-07 11:13:44",79814,83857,83857,0,1000000,-0.0158,0.1700,-10.0,-17.4,-0.3572,NONE,STOPPED
="2026-09-07 11:13:45",79814,83857,83857,0,1000000,-0.0158,0.1700,-10.0,-17.4,-0.4148,NONE,STOPPED
="2026-09-07 11:13:46",79814,83857,83857,0,1000000,-0.0069,0.1700,-0.1,-17.4,-0.4658,NONE,STOPPED
="2026-09-07 11:13:47",79814,83857,83857,0,1000000,-0.0069,0.1700,-0.1,-17.4,-0.4658,NONE,STOPPED
="2026-09-07 11:13:48",79814,83857,83857,0,1000000,-0.0060,0.1700,-0.0,-17.4,-0.5496,NONE,STOPPED
="2026-09-07 11:13:49",79814,83857,83857,0,1000000,-0.0156,0.1700,-0.0,-17.4,-0.5834,NONE,STOPPED
="2026-09-07 11:13:50",79814,83857,83857,0,1000000,-0.0156,0.1700,+0.0,-17.4,-0.6122,NONE,STOPPED
="2026-09-07 11:13:51",79814,83857,83857,0,1000000,-0.0152,0.1700,+0.0,-17.4,-0.6366,NONE,STOPPED
="2026-09-07 11:13:52",79814,83857,83857,0,1000000,-0.0151,0.1700,-0.0,-23.9,-0.6569,NONE,STOPPED
="2026-09-07 11:13:53",79802,101978,101978,0,1000000,-0.0151,0.1700,-11.5,-35.4,-0.7139,NONE,STOPPED
="2026-09-07 11:13:54",79802,101978,101978,0,1000000,-0.0151,0.1700,-11.5,-35.4,-0.7629,NONE,STOPPED
="2026-09-07 11:13:55",79802,101978,101978,0,1000000,-0.0169,0.1700,-11.4,-35.4,-0.8046,NONE,STOPPED
="2026-09-07 11:13:56",79802,101978,101978,0,1000000,-0.0169,0.1700,-11.4,-35.4,-0.8046,NONE,STOPPED
="2026-09-07 11:13:57",79802,101978,101978,0,1000000,-0.0143,0.1700,-11.4,-35.4,-0.8682,NONE,STOPPED
="2026-09-07 11:13:58",79801,116455,116455,0,1000000,-0.0165,0.1700,-1.0,-36.3,-0.8949,NONE,STOPPED
="2026-09-07 11:13:59",79801,116455,116455,0,1000000,-0.0165,0.1700,-1.0,-36.3,-0.9159,NONE,STOPPED
="2026-09-07 11:14:00",79801,116455,116455,0,1000000,-0.0165,0.1700,-1.0,-36.3,-0.9317,NONE,STOPPED
="2026-09-07 11:14:01",79801,116455,116455,0,1000000,-0.0165,0.1700,-1.0,-29.8,-0.9427,NONE,STOPPED
="2026-09-07 11:14:02",79801,100384,100384,0,1000000,-0.0165,0.1700,-1.0,-29.8,-0.9534,NONE,STOPPED
="2026-09-07 11:14:03",79801,100384,100384,0,1000000,-0.0165,0.1700,-0.0,-29.8,-0.9599,NONE,STOPPED
="2026-09-07 11:14:04",79801,100384,100384,0,1000000,-0.0165,0.1700,-1.0,-29.8,-0.9627,NONE,STOPPED
="2026-09-07 11:14:05",79801,100384,100384,0,1000000,-0.0136,0.1700,+0.0,-29.8,-0.9620,NONE,STOPPED
="2026-09-07 11:14:06",79801,100384,100384,0,1000000,-0.0136,0.1700,-0.0,-29.8,-0.9582,NONE,STOPPED
="2026-09-07 11:14:07",79801,100384,100384,0,1000000,-0.0129,0.1700,+0.0,-29.8,-0.9516,NONE,STOPPED
="2026-09-07 11:14:08",79801,100384,100384,0,1000000,-0.0127,0.1700,+0.0,-29.8,-0.9423,NONE,STOPPED
="2026-09-07 11:14:09",79801,100384,100384,0,1000000,-0.0127,0.1700,+0.0,-29.8,-0.9423,NONE,STOPPED
="2026-09-07 11:14:10",79801,100384,100384,0,1000000,-0.0127,0.1700,-0.0,-29.8,-0.9308,NONE,STOPPED
="2026-09-07 11:14:11",79801,100384,100384,0,1000000,-0.0127,0.1700,-0.0,-29.8,-0.9017,NONE,STOPPED
="2026-09-07 11:14:12",79801,100384,100384,0,1000000,-0.0128,0.1700,+0.0,-29.8,-0.8845,NONE,STOPPED
="2026-09-07 11:14:13",79800,122190,122190,0,1000000,-0.0128,0.1700,-0.7,-30.5,-0.8683,NONE,STOPPED
="2026-09-07 11:14:14",79800,122190,122190,0,1000000,-0.0134,0.1700,-1.2,-30.9,-0.8525,NONE,STOPPED
="2026-09-07 11:14:15",79800,122190,122190,0,1000000,-0.0134,0.1700,-1.6,-31.4,-0.8368,NONE,STOPPED
="2026-09-07 11:14:16",79800,122190,122190,0,1000000,-0.0134,0.1700,-1.6,-47.4,-0.8194,NONE,STOPPED
="2026-09-07 11:14:17",79800,122190,122190,0,1000000,-0.0134,0.1700,-1.6,-47.4,-0.7910,NONE,STOPPED
="2026-09-07 11:14:18",79800,138134,138134,0,1000000,-0.0134,0.1700,-0.9,-47.4,-0.7615,NONE,STOPPED
="2026-09-07 11:14:19",79800,138134,138134,0,1000000,-0.0130,0.1700,-0.9,-47.4,-0.7615,NONE,STOPPED
="2026-09-07 11:14:20",79800,138134,138134,0,1000000,-0.0052,0.1700,-0.4,-47.4,-0.7311,NONE,STOPPED
="2026-09-07 11:14:21",79800,138134,138134,0,1000000,-0.0052,0.1700,-0.0,-47.4,-0.6683,NONE,STOPPED
="2026-09-07 11:14:22",79800,138134,138134,0,1000000,-0.0039,0.1700,-0.4,-47.4,-0.6360,NONE,STOPPED
="2026-09-07 11:14:23",79800,138134,138134,0,1000000,-0.0023,0.1700,-0.0,-47.4,-0.6034,NONE,STOPPED
="2026-09-07 11:14:24",79800,138134,138134,0,1000000,-0.0023,0.1700,+0.0,-47.4,-0.5704,NONE,STOPPED
="2026-09-07 11:14:25",79800,138134,138134,0,1000000,-0.0023,0.1700,+0.0,-47.4,-0.5373,NONE,STOPPED
="2026-09-07 11:14:26",79800,138134,138134,0,1000000,-0.0085,0.1700,+0.0,-47.4,-0.5040,NONE,STOPPED
="2026-09-07 11:14:27",79800,138134,138134,0,1000000,-0.0085,0.1700,+0.0,-47.4,-0.4707,NONE,STOPPED
="2026-09-07 11:14:28",79800,138134,138134,0,1000000,-0.0084,0.1700,+0.0,-47.4,-0.4375,NONE,STOPPED
="2026-09-07 11:14:29",79800,138134,138134,0,1000000,-0.0084,0.1700,+0.0,-47.4,-0.4375,NONE,STOPPED
="2026-09-07 11:14:30",79800,138134,138134,0,1000000,-0.0093,0.1700,+0.0,-37.0,-0.3713,NONE,STOPPED
="2026-09-07 11:14:31",79800,89310,89310,0,1000000,-0.0093,0.1700,+0.0,-37.0,-0.3448,NONE,STOPPED
="2026-09-07 11:14:32",79835,312244,89310,222933,1000000,-0.0093,0.1700,+35.8,-1.3,-0.1793,NONE,STOPPED
="2026-09-07 11:14:33",79835,312244,89310,222933,1000000,-0.0091,0.1700,+35.8,-1.3,-0.0280,NONE,STOPPED
="2026-09-07 11:14:34",79835,312244,89310,222933,1000000,-0.0091,0.1700,+35.8,-1.3,+0.1100,NONE,STOPPED
="2026-09-07 11:14:35",79837,312244,89310,222933,1000000,-0.0189,0.1700,+37.0,+0.0,+0.2407,NONE,STOPPED
="2026-09-07 11:14:36",79837,312244,89310,222933,1000000,-0.0189,0.1700,+37.0,+13.0,+0.3593,NONE,STOPPED
="2026-09-07 11:14:37",79837,312244,89310,222933,1000000,-0.0179,0.1700,+1.3,+13.0,+0.4588,NONE,STOPPED
="2026-09-07 11:14:38",79837,312244,89310,222933,1000000,-0.0183,0.1700,+1.3,+13.0,+0.5480,NONE,STOPPED
="2026-09-07 11:14:39",79837,312244,89310,222933,1000000,-0.0183,0.1700,+1.3,+13.0,+0.5480,NONE,STOPPED
="2026-09-07 11:14:40",79837,312244,89310,222933,1000000,-0.0183,0.1700,+0.0,+23.0,+0.6987,NONE,STOPPED
="2026-09-07 11:14:41",79837,293281,70347,222933,1000000,-0.0183,0.1700,+0.0,+23.0,+0.7553,NONE,STOPPED
="2026-09-07 11:14:42",79837,293281,70347,222933,1000000,-0.0183,0.1700,+0.0,+23.0,+0.8045,NONE,STOPPED
="2026-09-07 11:14:43",79837,293281,70347,222933,1000000,-0.0098,0.1700,+1.3,+23.0,+0.8467,NONE,STOPPED
="2026-09-07 11:14:44",79837,293281,70347,222933,1000000,-0.0099,0.1700,+0.0,+23.0,+0.8825,NONE,STOPPED
="2026-09-07 11:14:45",79837,293281,70347,222933,1000000,-0.0099,0.1700,-0.0,+23.0,+0.9124,NONE,STOPPED
="2026-09-07 11:14:46",79837,293281,70347,222933,1000000,-0.0188,0.1700,+0.0,+23.0,+0.9368,NONE,STOPPED
="2026-09-07 11:14:47",79837,293281,70347,222933,1000000,-0.0188,0.1700,+0.0,+23.0,+0.9368,NONE,STOPPED
="2026-09-07 11:14:48",79837,293281,70347,222933,1000000,-0.0194,0.1700,-0.0,+23.0,+0.9711,NONE,STOPPED
="2026-09-07 11:14:49",79837,293281,70347,222933,1000000,-0.0098,0.1700,+0.0,+23.0,+0.9817,NONE,STOPPED
="2026-09-07 11:14:50",79837,293281,70347,222933,1000000,-0.0098,0.1700,-0.0,+23.0,+0.9884,NONE,STOPPED
="2026-09-07 11:14:51",79837,293281,70347,222933,1000000,-0.0092,0.1700,+0.0,+23.0,+0.9916,NONE,STOPPED
="2026-09-07 11:14:52",79837,293281,70347,222933,1000000,-0.0093,0.1700,+0.0,+34.5,+0.9915,NONE,STOPPED
="2026-09-07 11:14:53",79837,275160,52226,222933,1000000,-0.0093,0.1700,-0.0,+34.5,+0.9815,NONE,STOPPED
="2026-09-07 11:14:54",79837,275160,52226,222933,1000000,-0.0093,0.1700,+0.0,+34.5,+0.9690,NONE,STOPPED
="2026-09-07 11:14:55",79837,275160,52226,222933,1000000,-0.0075,0.1700,-0.0,+34.5,+0.9541,NONE,STOPPED
="2026-09-07 11:14:56",79837,275160,52226,222933,1000000,-0.0075,0.1700,-0.0,+34.5,+0.9541,NONE,STOPPED
="2026-09-07 11:14:57",79837,275160,52226,222933,1000000,-0.0076,0.1700,+0.0,+35.4,+0.9186,NONE,STOPPED
="2026-09-07 11:14:58",79837,260683,37749,222933,1000000,-0.0076,0.1700,-0.0,+35.4,+0.8977,NONE,STOPPED
="2026-09-07 11:14:59",79837,260683,37749,222933,1000000,-0.0054,0.1700,-0.0,+35.4,+0.8753,NONE,STOPPED
="2026-09-07 11:15:00",79837,260683,37749,222933,1000000,-0.0053,0.1700,-0.0,+35.4,+0.8516,NONE,STOPPED
="2026-09-07 11:15:01",79837,260683,37749,222933,1000000,-0.0053,0.1700,-0.0,+35.4,+0.8269,NONE,STOPPED
="2026-09-07 11:15:02",79837,260683,37749,222933,1000000,-0.0053,0.1700,+0.0,+35.4,+0.8012,NONE,STOPPED
="2026-09-07 11:15:03",79837,260683,37749,222933,1000000,-0.0053,0.1700,+0.0,+35.4,+0.7747,NONE,STOPPED
="2026-09-07 11:15:04",79837,260683,37749,222933,1000000,-0.0053,0.1700,-0.0,+35.4,+0.7475,NONE,STOPPED
="2026-09-07 11:15:05",79837,260683,37749,222933,1000000,-0.0082,0.1700,+0.0,+35.4,+0.7198,NONE,STOPPED
="2026-09-07 11:15:06",79837,260683,37749,222933,1000000,-0.0082,0.1700,+0.0,+35.4,+0.6915,NONE,STOPPED
="2026-09-07 11:15:07",79837,260683,37749,222933,1000000,-0.0089,0.1700,+0.0,+35.4,+0.6915,NONE,STOPPED
="2026-09-07 11:15:08",79837,260683,37749,222933,1000000,-0.0092,0.1700,+0.0,+35.4,+0.6340,NONE,STOPPED
="2026-09-07 11:15:09",79837,260683,37749,222933,1000000,-0.0089,0.1700,-0.0,+35.4,+0.6049,NONE,STOPPED
="2026-09-07 11:15:10",79844,342453,37749,304703,1000000,-0.0089,0.1700,+7.2,+42.7,+0.6039,NONE,STOPPED
="2026-09-07 11:15:11",79844,342453,37749,304703,1000000,-0.0089,0.1700,+7.2,+42.7,+0.5999,NONE,STOPPED
="2026-09-07 11:15:12",79844,342453,37749,304703,1000000,-0.0089,0.1700,+7.2,+43.3,+0.5934,NONE,STOPPED
="2026-09-07 11:15:13",79854,370091,15944,354147,1000000,-0.0089,0.1700,+17.2,+53.8,+0.6227,NONE,STOPPED
="2026-09-07 11:15:14",79854,370091,15944,354147,1000000,-0.0083,0.1700,+17.2,+54.2,+0.6457,NONE,STOPPED
="2026-09-07 11:15:15",79851,380157,26010,354147,1000000,-0.0075,0.1700,+7.4,+51.6,+0.6528,NONE,STOPPED
="2026-09-07 11:15:16",79851,380157,26010,354147,1000000,-0.0075,0.1700,+7.4,+51.6,+0.6528,NONE,STOPPED
="2026-09-07 11:15:17",79851,380157,26010,354147,1000000,-0.0075,0.1700,+7.4,+51.6,+0.6553,NONE,STOPPED
="2026-09-07 11:15:18",79851,364213,10066,354147,1000000,-0.0075,0.1700,-2.6,+51.6,+0.6513,NONE,STOPPED
="2026-09-07 11:15:19",79851,364213,10066,354147,1000000,-0.0056,0.1700,-2.6,+51.6,+0.6442,NONE,STOPPED
="2026-09-07 11:15:20",79851,364213,10066,354147,1000000,-0.0134,0.1700,+0.0,+51.6,+0.6343,NONE,STOPPED
="2026-09-07 11:15:21",79851,364213,10066,354147,1000000,-0.0134,0.1700,-0.0,+51.6,+0.6218,NONE,STOPPED
="2026-09-07 11:15:22",79851,364213,10066,354147,1000000,-0.0134,0.1700,-0.0,+51.6,+0.6071,NONE,STOPPED
="2026-09-07 11:15:23",79851,364213,10066,354147,1000000,-0.0150,0.1700,-0.0,+51.6,+0.5903,NONE,STOPPED
="2026-09-07 11:15:24",79851,364213,10066,354147,1000000,-0.0150,0.1700,+0.0,+51.6,+0.5717,NONE,STOPPED
="2026-09-07 11:15:25",79851,364213,10066,354147,1000000,-0.0151,0.1700,+0.0,+51.6,+0.5717,NONE,STOPPED
="2026-09-07 11:15:26",79851,364213,10066,354147,1000000,-0.0089,0.1700,-0.0,+51.6,+0.5514,NONE,STOPPED
="2026-09-07 11:15:27",79848,364213,10066,354147,1000000,-0.0089,0.1700,-3.0,+48.7,+0.4951,NONE,STOPPED
="2026-09-07 11:15:28",79847,364213,10066,354147,1000000,-0.0089,0.1700,-3.8,+47.9,+0.4575,NONE,STOPPED
="2026-09-07 11:15:29",79847,364213,10066,354147,1000000,-0.0089,0.1700,-3.8,+47.9,+0.4203,NONE,STOPPED
="2026-09-07 11:15:30",79847,364213,10066,354147,1000000,-0.0080,0.1700,-3.8,+47.9,+0.3836,NONE,STOPPED
="2026-09-07 11:15:31",79847,364213,10066,354147,1000000,-0.0077,0.1700,-3.8,+12.1,+0.3474,NONE,STOPPED
="2026-09-07 11:15:32",79847,141279,10066,131213,1000000,-0.0077,0.1700,-0.8,+12.1,+0.3335,NONE,STOPPED
="2026-09-07 11:15:33",79847,141279,10066,131213,1000000,-0.0078,0.1700,-0.8,+12.1,+0.3196,NONE,STOPPED
="2026-09-07 11:15:34",79847,141279,10066,131213,1000000,-0.0078,0.1700,-0.8,+10.9,+0.3058,NONE,STOPPED
="2026-09-07 11:15:35",79847,141279,10066,131213,1000000,+0.0020,0.1700,-0.8,+10.9,+0.3058,NONE,STOPPED
="2026-09-07 11:15:36",79847,141279,10066,131213,1000000,+0.0020,0.1700,+0.0,+10.9,+0.2947,NONE,STOPPED
="2026-09-07 11:15:37",79847,141279,10066,131213,1000000,+0.0020,0.1700,-0.0,+10.9,+0.2673,NONE,STOPPED
="2026-09-07 11:15:38",79847,141279,10066,131213,1000000,+0.0024,0.1700,+0.0,+10.9,+0.2547,NONE,STOPPED
="2026-09-07 11:15:39",79847,141279,10066,131213,1000000,+0.0024,0.1700,-0.0,+10.8,+0.2423,NONE,STOPPED
="2026-09-07 11:15:40",79847,141279,10066,131213,1000000,+0.0024,0.1700,-0.0,+10.8,+0.2300,NONE,STOPPED
="2026-09-07 11:15:41",79847,141279,10066,131213,1000000,+0.0024,0.1700,+0.0,+10.9,+0.2179,NONE,STOPPED
="2026-09-07 11:15:42",79847,141279,10066,131213,1000000,+0.0024,0.1700,+0.0,+10.9,+0.2060,NONE,STOPPED
="2026-09-07 11:15:43",79847,141279,10066,131213,1000000,+0.0024,0.1700,-0.0,+10.8,+0.1942,NONE,STOPPED
="2026-09-07 11:15:44",79847,141279,10066,131213,1000000,+0.0026,0.1700,+0.0,+10.9,+0.1827,NONE,STOPPED
="2026-09-07 11:15:45",79847,141279,10066,131213,1000000,+0.0026,0.1700,+0.0,+10.9,+0.1827,NONE,STOPPED
="2026-09-07 11:15:46",79847,141279,10066,131213,1000000,+0.0026,0.1700,-0.0,+10.8,+0.1602,NONE,STOPPED
="2026-09-07 11