Timestamp(KST),BTC_Price($),1m_Rolling_Liq($),1m_Long_Liq($),1m_Short_Liq($),Liq_Threshold($),1m_OI_Speed(%),OI_Speed_Threshold(%),1m_Price_Delta($),1m_Price_Slope,Signal,Bot_State
="2026-08-07 06:14:05",0,0,0,0,200000,+0.0000,0.1200,+0.0,+0.0000,NONE,RUNNING
="2026-08-07 06:15:05",64485,48721,0,48721,200000,-0.0012,0.1200,+0.0,+0.0000,NONE,RUNNING
="2026-08-07 06:15:11",64486,110784,46625,64159,200000,-0.0001,0.1200,+0.0,+0.0000,NONE,RUNNING
="2026-08-07 06:15:12",64490,110784,46625,64159,200000,-0.0001,0.1200,+0.0,+0.0000,NONE,RUNNING
="2026-08-07 06:15:14",64491,110784,46625,64159,200000,-0.0001,0.1200,+0.0,+0.0000,NONE,RUNNING
="2026-08-07 06:15:15",64491,110784,46625,64159,200000,-0.0001,0.1200,+0.0,+0.0000,NONE,RUNNING
="2026-08-07 06:15:16",64491,110784,46625,64159,200000,+0.0002,0.1200,+0.0,+0.0000,NONE,RUNNING
="2026-08-07 06:15:17",64494,110784,46625,64159,200000,+0.0013,0.1200,+0.0,+0.0000,NONE,RUNNING
="2026-08-07 06:15:18",64494,110784,46625,64159,200000,+0.0013,0.1200,+0.0,+0.0000,NONE,RUNNING
="2026-08-07 06:15:19",64497,110784,46625,64159,200000,+0.0013,0.1200,+0.0,+0.0000,NONE,RUNNING
="2026-08-07 06:15:20",64498,110784,46625,64159,200000,+0.0013,0.1200,+0.0,+0.0000,NONE,RUNNING
="2026-08-07 06:15:21",64497,110784,46625,64159,200000,+0.0013,0.1200,+0.0,+0.0000,NONE,RUNNING
="2026-08-07 06:15:22",64498,110784,46625,64159,200000,+0.0015,0.1200,+0.0,+0.0000,NONE,RUNNING
="2026-08-07 06:15:23",64498,110784,46625,64159,200000,-0.0019,0.1200,+0.0,+0.0000,NONE,RUNNING
="2026-08-07 06:15:24",64498,110784,46625,64159,200000,-0.0019,0.1200,+0.0,+0.0000,NONE,RUNNING
="2026-08-07 06:15:25",64499,110784,46625,64159,200000,-0.0019,0.1200,+0.0,+0.0000,NONE,RUNNING
="2026-08-07 06:15:26",64499,110784,46625,64159,200000,-0.0020,0.1200,+0.0,+0.0000,NONE,RUNNING
="2026-08-07 06:15:27",64499,110784,46625,64159,200000,-0.0020,0.1200,+0.0,+0.0000,NONE,RUNNING
="2026-08-07 06:15:28",64499,110784,46625,64159,200000,-0.0020,0.1200,+0.0,+0.0000,NONE,RUNNING
="2026-08-07 06:15:29",64499,110784,46625,64159,200000,-0.0020,0.1200,+0.0,+0.0000,NONE,RUNNING
="2026-08-07 06:15:30",64499,110784,46625,64159,200000,-0.0020,0.1200,+0.0,+0.0000,NONE,RUNNING
="2026-08-07 06:15:31",64499,110784,46625,64159,200000,-0.0016,0.1200,+0.0,+0.0000,NONE,RUNNING
="2026-08-07 06:15:32",64499,110784,46625,64159,200000,-0.0014,0.1200,+0.0,+0.0000,NONE,RUNNING
="2026-08-07 06:15:33",64499,110784,46625,64159,200000,-0.0014,0.1200,+0.0,+0.0000,NONE,RUNNING
="2026-08-07 06:15:34",64499,110784,46625,64159,200000,-0.0014,0.1200,+0.0,+0.0000,NONE,RUNNING
="2026-08-07 06:15:35",64499,110784,46625,64159,200000,-0.0015,0.1200,+0.0,+0.0000,NONE,RUNNING
="2026-08-07 06:15:36",64499,110784,46625,64159,200000,-0.0015,0.1200,+0.0,+0.0000,NONE,RUNNING
="2026-08-07 06:15:37",64499,110784,46625,64159,200000,-0.0015,0.1200,+0.0,+0.0000,NONE,RUNNING
="2026-08-07 06:15:38",64499,110784,46625,64159,200000,-0.0019,0.1200,+0.0,+0.0000,NONE,RUNNING
="2026-08-07 06:15:39",64499,110784,46625,64159,200000,-0.0019,0.1200,+0.0,+0.0000,NONE,RUNNING
="2026-08-07 06:15:40",64499,110784,46625,64159,200000,-0.0019,0.1200,+0.0,+0.0000,NONE,RUNNING
="2026-08-07 06:15:41",64499,110784,46625,64159,200000,-0.0009,0.1200,+0.0,+0.0000,NONE,RUNNING
="2026-08-07 06:15:42",64499,110784,46625,64159,200000,-0.0009,0.1200,+0.0,+0.0000,NONE,RUNNING
="2026-08-07 06:15:43",64500,110784,46625,64159,200000,-0.0009,0.1200,+0.0,+0.0000,NONE,RUNNING
="2026-08-07 06:15:44",64501,110784,46625,64159,200000,-0.0009,0.1200,+0.0,+0.0000,NONE,RUNNING
="2026-08-07 06:15:45",64503,110784,46625,64159,200000,-0.0009,0.1200,+0.0,+0.0000,NONE,RUNNING
="2026-08-07 06:15:46",64503,110784,46625,64159,200000,-0.0009,0.1200,+0.0,+0.0000,NONE,RUNNING
="2026-08-07 06:15:47",64505,144433,46625,97808,200000,+0.0003,0.1200,+0.0,+0.0000,NONE,RUNNING
="2026-08-07 06:15:48",64505,144433,46625,97808,200000,+0.0003,0.1200,+0.0,+0.0000,NONE,RUNNING
="2026-08-07 06:15:49",64505,144433,46625,97808,200000,+0.0003,0.1200,+0.0,+0.0000,NONE,RUNNING
="2026-08-07 06:15:50",64505,144433,46625,97808,200000,+0.0038,0.1200,+0.0,+0.0000,NONE,RUNNING
="2026-08-07 06:15:51",64509,144433,46625,97808,200000,+0.0038,0.1200,+0.0,+0.0000,NONE,RUNNING
="2026-08-07 06:15:52",64512,144433,46625,97808,200000,+0.0036,0.1200,+0.0,+0.0000,NONE,RUNNING
="2026-08-07 06:15:53",64513,144433,46625,97808,200000,+0.0036,0.1200,+0.0,+0.0000,NONE,RUNNING
="2026-08-07 06:15:54",64513,144433,46625,97808,200000,+0.0036,0.1200,+0.0,+0.0000,NONE,RUNNING
="2026-08-07 06:15:55",64513,144433,46625,97808,200000,+0.0036,0.1200,+0.0,+0.0000,NONE,RUNNING
="2026-08-07 06:15:56",64513,144433,46625,97808,200000,+0.0054,0.1200,+0.0,+0.0000,NONE,RUNNING
="2026-08-07 06:15:57",64513,144433,46625,97808,200000,+0.0054,0.1200,+0.0,+0.0000,NONE,RUNNING
="2026-08-07 06:15:58",64513,144433,46625,97808,200000,+0.0054,0.1200,+0.0,+0.0000,NONE,RUNNING
="2026-08-07 06:15:59",64513,228357,130548,97808,200000,+0.0054,0.1200,+0.0,+0.0000,NONE,RUNNING
="2026-08-07 06:16:00",64503,228357,130548,97808,200000,+0.0054,0.1200,+0.0,+0.0000,NONE,RUNNING
="2026-08-07 06:16:01",64503,228357,130548,97808,200000,+0.0051,0.1200,+0.0,+0.0000,NONE,RUNNING
="2026-08-07 06:16:02",64502,228357,130548,97808,200000,+0.0015,0.1200,+0.0,+0.0000,NONE,RUNNING
="2026-08-07 06:16:03",64502,228357,130548,97808,200000,+0.0015,0.1200,+0.0,+0.0000,NONE,RUNNING
="2026-08-07 06:16:04",64502,228357,130548,97808,200000,+0.0015,0.1200,+0.0,+0.0000,NONE,RUNNING
="2026-08-07 06:16:05",64502,228357,130548,97808,200000,+0.0017,0.1200,+0.0,+0.0000,NONE,RUNNING
="2026-08-07 06:16:06",64502,228357,130548,97808,200000,+0.0017,0.1200,+0.0,+0.0000,NONE,RUNNING
="2026-08-07 06:16:07",64502,181731,83923,97808,200000,+0.0015,0.1200,+0.0,+0.0000,NONE,RUNNING
="2026-08-07 06:16:08",64502,181731,83923,97808,200000,+0.0025,0.1200,+0.0,+0.0000,NONE,RUNNING
="2026-08-07 06:16:09",64502,181731,83923,97808,200000,+0.0025,0.1200,+0.0,+0.0000,NONE,RUNNING
="2026-08-07 06:16:10",64502,181731,83923,97808,200000,+0.0024,0.1200,+0.0,+0.0000,NONE,RUNNING
="2026-08-07 06:16:11",64502,181731,83923,97808,200000,+0.0024,0.1200,+0.0,+0.0000,NONE,RUNNING
="2026-08-07 06:16:12",64502,117572,83923,33649,200000,+0.0027,0.1200,+0.0,+0.0000,NONE,RUNNING
="2026-08-07 06:16:13",64502,117572,83923,33649,200000,+0.0027,0.1200,+0.0,+0.0000,NONE,RUNNING
="2026-08-07 06:16:14",64502,117572,83923,33649,200000,+0.0027,0.1200,+0.0,+0.0000,NONE,RUNNING
="2026-08-07 06:16:15",64502,117572,83923,33649,200000,+0.0027,0.1200,+0.0,+0.0000,NONE,RUNNING
="2026-08-07 06:16:16",64502,117572,83923,33649,200000,+0.0016,0.1200,+0.0,+0.0000,NONE,RUNNING
="2026-08-07 06:16:17",64502,117572,83923,33649,200000,+0.0016,0.1200,+0.0,+0.0000,NONE,RUNNING
="2026-08-07 06:16:18",64493,162210,128561,33649,200000,+0.0016,0.1200,+0.0,+0.0000,NONE,RUNNING
="2026-08-07 06:16:19",64492,162210,128561,33649,200000,+0.0016,0.1200,+0.0,+0.0000,NONE,RUNNING
="2026-08-07 06:16:20",64492,162210,128561,33649,200000,+0.0016,0.1200,+0.0,+0.0000,NONE,RUNNING
="2026-08-07 06:16:21",64492,162210,128561,33649,200000,-0.0000,0.1200,+0.0,+0.0000,NONE,RUNNING
="2026-08-07 06:16:22",64492,162210,128561,33649,200000,+0.0033,0.1200,+0.0,+0.0000,NONE,RUNNING
="2026-08-07 06:16:23",64492,175690,128561,47129,200000,+0.0033,0.1200,+0.0,+0.0000,NONE,RUNNING
="2026-08-07 06:16:24",64484,175690,128561,47129,200000,+0.0033,0.1200,+0.0,+0.0000,NONE,RUNNING
="2026-08-07 06:16:25",64484,175690,128561,47129,200000,+0.0034,0.1200,+0.0,+0.0000,NONE,RUNNING
="2026-08-07 06:16:26",64484,175690,128561,47129,200000,+0.0030,0.1200,+0.0,+0.0000,NONE,RUNNING
="2026-08-07 06:16:27",64484,189812,142683,47129,200000,+0.0030,0.1200,+0.0,+0.0000,NONE,RUNNING
="2026-08-07 06:16:28",64483,189812,142683,47129,200000,+0.0030,0.1200,+0.0,+0.0000,NONE,RUNNING
="2026-08-07 06:16:29",64482,189812,142683,47129,200000,+0.0030,0.1200,+0.0,+0.0000,NONE,RUNNING
="2026-08-07 06:16:30",64481,189812,142683,47129,200000,+0.0030,0.1200,+0.0,+0.0000,NONE,RUNNING
="2026-08-07 06:16:31",64481,189812,142683,47129,200000,+0.0028,0.1200,+0.0,+0.0000,NONE,RUNNING
="2026-08-07 06:16:32",64481,189812,142683,47129,200000,+0.0028,0.1200,+0.0,+0.0000,NONE,RUNNING
="2026-08-07 06:16:33",64481,189812,142683,47129,200000,+0.0013,0.1200,+0.0,+0.0000,NONE,RUNNING
="2026-08-07 06:16:34",64481,189812,142683,47129,200000,+0.0014,0.1200,+0.0,+0.0000,NONE,RUNNING
="2026-08-07 06:16:35",64481,189812,142683,47129,200000,+0.0014,0.1200,+0.0,+0.0000,NONE,RUNNING
="2026-08-07 06:16:36",64481,189812,142683,47129,200000,+0.0014,0.1200,+0.0,+0.0000,NONE,RUNNING
="2026-08-07 06:16:37",64479,189812,142683,47129,200000,+0.0018,0.1200,+0.0,+0.0000,NONE,RUNNING
="2026-08-07 06:16:39",64479,189812,142683,47129,200000,+0.0018,0.1200,+0.0,+0.0000,NONE,RUNNING
="2026-08-07 06:16:40",64479,189812,142683,47129,200000,+0.0018,0.1200,+0.0,+0.0000,NONE,RUNNING
="2026-08-07 06:16:41",64479,189812,142683,47129,200000,+0.0009,0.1200,+0.0,+0.0000,NONE,RUNNING
="2026-08-07 06:16:42",64479,189812,142683,47129,200000,+0.0009,0.1200,+0.0,+0.0000,NONE,RUNNING
="2026-08-07 06:16:43",64479,189812,142683,47129,200000,-0.0053,0.1200,+0.0,+0.0000,NONE,RUNNING
="2026-08-07 06:16:44",64479,189812,142683,47129,200000,-0.0053,0.1200,+0.0,+0.0000,NONE,RUNNING
="2026-08-07 06:16:45",64479,189812,142683,47129,200000,-0.0053,0.1200,+0.0,+0.0000,NONE,RUNNING
="2026-08-07 06:16:46",64479,189812,142683,47129,200000,-0.0054,0.1200,+0.0,+0.0000,NONE,RUNNING
="2026-08-07 06:16:47",64479,156163,142683,13479,200000,-0.0066,0.1200,+0.0,+0.0000,NONE,RUNNING
="2026-08-07 06:16:48",64479,156163,142683,13479,200000,-0.0066,0.1200,+0.0,+0.0000,NONE,RUNNING
="2026-08-07 06:16:49",64479,156163,142683,13479,200000,-0.0069,0.1200,+0.0,+0.0000,NONE,RUNNING
="2026-08-07 06:16:50",64479,156163,142683,13479,200000,-0.0104,0.1200,+0.0,+0.0000,NONE,RUNNING
="2026-08-07 06:16:51",64479,156163,142683,13479,200000,-0.0104,0.1200,+0.0,+0.0000,NONE,RUNNING
="2026-08-07 06:16:52",64479,156163,142683,13479,200000,-0.0130,0.1200,+0.0,+0.0000,NONE,RUNNING
="2026-08-07 06:16:53",64479,156163,142683,13479,200000,-0.0130,0.1200,+0.0,+0.0000,NONE,RUNNING
="2026-08-07 06:16:54",64479,156163,142683,13479,200000,-0.0130,0.1200,+0.0,+0.0000,NONE,RUNNING
="2026-08-07 06:16:55",64479,156163,142683,13479,200000,-0.0128,0.1200,+0.0,+0.0000,NONE,RUNNING
="2026-08-07 06:16:56",64479,156163,142683,13479,200000,-0.0128,0.1200,+0.0,+0.0000,NONE,RUNNING
="2026-08-07 06:16:57",64479,156163,142683,13479,200000,-0.0147,0.1200,+0.0,+0.0000,NONE,RUNNING
="2026-08-07 06:16:58",64479,175507,162027,13479,200000,-0.0152,0.1200,+0.0,+0.0000,NONE,RUNNING
="2026-08-07 06:16:59",64479,130941,117461,13479,200000,-0.0152,0.1200,+0.0,+0.0000,NONE,RUNNING
="2026-08-07 06:17:00",64479,91583,78103,13479,200000,-0.0152,0.1200,+0.0,+0.0000,NONE,RUNNING
="2026-08-07 06:17:01",64479,91583,78103,13479,200000,-0.0154,0.1200,+0.0,+0.0000,NONE,RUNNING
="2026-08-07 06:17:02",64477,91583,78103,13479,200000,-0.0118,0.1200,+0.0,+0.0000,NONE,RUNNING
="2026-08-07 06:17:03",64477,91583,78103,13479,200000,-0.0118,0.1200,+0.0,+0.0000,NONE,RUNNING
="2026-08-07 06:17:04",64472,91583,78103,13479,200000,-0.0118,0.1200,+0.0,+0.0000,NONE,RUNNING
="2026-08-07 06:17:05",64472,91583,78103,13479,200000,-0.0119,0.1200,+0.0,+0.0000,NONE,RUNNING
="2026-08-07 06:17:06",64472,91583,78103,13479,200000,-0.0119,0.1200,+0.0,+0.0000,NONE,RUNNING
="2026-08-07 06:17:07",64472,91583,78103,13479,200000,-0.0125,0.1200,+0.0,+0.0000,NONE,RUNNING
="2026-08-07 06:17:08",64472,91583,78103,13479,200000,-0.0135,0.1200,+0.0,+0.0000,NONE,RUNNING
="2026-08-07 06:17:09",64472,91583,78103,13479,200000,-0.0141,0.1200,+0.0,+0.0000,NONE,RUNNING
="2026-08-07 06:17:10",64472,91583,78103,13479,200000,-0.0141,0.1200,+0.0,+0.0000,NONE,RUNNING
="2026-08-07 06:17:11",64472,91583,78103,13479,200000,-0.0141,0.1200,+0.0,+0.0000,NONE,RUNNING
="2026-08-07 06:17:12",64472,91583,78103,13479,200000,-0.0143,0.1200,+0.0,+0.0000,NONE,RUNNING
="2026-08-07 06:17:13",64468,91583,78103,13479,200000,-0.0143,0.1200,+0.0,+0.0000,NONE,RUNNING
="2026-08-07 06:17:14",64468,91583,78103,13479,200000,-0.0144,0.1200,+0.0,+0.0000,NONE,RUNNING
="2026-08-07 06:17:15",64468,91583,78103,13479,200000,-0.0144,0.1200,+0.0,+0.0000,NONE,RUNNING
="2026-08-07 06:17:16",64468,91583,78103,13479,200000,-0.0145,0.1200,+0.0,+0.0000,NONE,RUNNING
="2026-08-07 06:17:17",64468,91583,78103,13479,200000,-0.0145,0.1200,+0.0,+0.0000,NONE,RUNNING
="2026-08-07 06:17:18",64468,46945,33465,13479,200000,-0.0145,0.1200,+0.0,+0.0000,NONE,RUNNING
="2026-08-07 06:17:19",64468,158493,33465,125027,200000,-0.0146,0.1200,+0.0,+0.0000,NONE,RUNNING
="2026-08-07 06:17:20",64468,158493,33465,125027,200000,-0.0146,0.1200,+0.0,+0.0000,NONE,RUNNING
="2026-08-07 06:17:21",64468,158493,33465,125027,200000,-0.0129,0.1200,+0.0,+0.0000,NONE,RUNNING
="2026-08-07 06:17:27",0,0,0,0,200000,+0.0000,0.1200,+0.0,+0.0000,NONE,RUNNING
="2026-08-07 06:18:27",64462,97954,46741,51212,200000,+0.0022,0.1200,+0.0,+0.0000,NONE,RUNNING
="2026-08-07 06:19:27",64468,23691,0,23691,200000,+0.0004,0.1200,+0.0,+0.0000,NONE,RUNNING
="2026-08-07 06:20:27",64489,0,0,0,200000,+0.0058,0.1200,+0.0,+0.0000,NONE,RUNNING
="2026-08-07 06:21:07",64480,119564,119564,0,200000,-0.0080,0.1200,+0.0,+0.0000,NONE,RUNNING
="2026-08-07 06:21:08",64480,119564,119564,0,200000,-0.0080,0.1200,+0.0,+0.0000,NONE,RUNNING
="2026-08-07 06:21:09",64479,119564,119564,0,200000,-0.0082,0.1200,+0.0,+0.0000,NONE,RUNNING
="2026-08-07 06:21:16",0,0,0,0,200000,+0.0000,0.1200,+0.0,+0.0000,NONE,RUNNING
="2026-08-07 06:22:16",64475,0,0,0,200000,-0.0052,0.1200,+0.0,+0.0000,NONE,RUNNING
="2026-08-07 06:23:16",64462,24311,13456,10854,200000,-0.0082,0.1200,+0.0,+0.0000,NONE,RUNNING
="2026-08-07 06:23:33",64462,102129,0,102129,200000,-0.0106,0.1200,+0.0,+0.0000,NONE,RUNNING
="2026-08-07 06:23:34",64462,102129,0,102129,200000,-0.0106,0.1200,+0.0,+0.0000,NONE,RUNNING
="2026-08-07 06:23:35",64462,102129,0,102129,200000,-0.0053,0.1200,+0.0,+0.0000,NONE,RUNNING
="2026-08-07 06:23:36",64462,102129,0,102129,200000,-0.0069,0.1200,+0.0,+0.0000,NONE,RUNNING
="2026-08-07 06:23:37",64462,102129,0,102129,200000,-0.0069,0.1200,+0.0,+0.0000,NONE,RUNNING
="2026-08-07 06:23:38",64462,102129,0,102129,200000,-0.0069,0.1200,+0.0,+0.0000,NONE,RUNNING
="2026-08-07 06:23:39",64462,102129,0,102129,200000,-0.0069,0.1200,+0.0,+0.0000,NONE,RUNNING
="2026-08-07 06:23:40",64462,102129,0,102129,200000,-0.0069,0.1200,+0.0,+0.0000,NONE,RUNNING
="2026-08-07 06:23:41",64462,102129,0,102129,200000,-0.0055,0.1200,+0.0,+0.0000,NONE,RUNNING
="2026-08-07 06:23:42",64462,102129,0,102129,200000,-0.0055,0.1200,+0.0,+0.0000,NONE,RUNNING
="2026-08-07 06:23:43",64462,102129,0,102129,200000,-0.0055,0.1200,+0.0,+0.0000,NONE,RUNNING
="2026-08-07 06:23:44",64462,102129,0,102129,200000,-0.0051,0.1200,+0.0,+0.0000,NONE,RUNNING
="2026-08-07 06:23:45",64462,102129,0,102129,200000,-0.0051,0.1200,+0.0,+0.0000,NONE,RUNNING
="2026-08-07 06:23:46",64462,102129,0,102129,200000,-0.0052,0.1200,+0.0,+0.0000,NONE,RUNNING
="2026-08-07 06:23:47",64462,102129,0,102129,200000,-0.0052,0.1200,+0.0,+0.0000,NONE,RUNNING
="2026-08-07 06:23:48",64462,102129,0,102129,200000,-0.0052,0.1200,+0.0,+0.0000,NONE,RUNNING
="2026-08-07 06:23:49",64462,102129,0,102129,200000,-0.0052,0.1200,+0.0,+0.0000,NONE,RUNNING
="2026-08-07 06:23:50",64462,91275,0,91275,200000,-0.0050,0.1200,+0.0,+0.0000,NONE,RUNNING
="2026-08-07 06:23:51",64462,91275,0,91275,200000,-0.0050,0.1200,+0.0,+0.0000,NONE,RUNNING
="2026-08-07 06:23:52",64462,91275,0,91275,200000,-0.0050,0.1200,+0.0,+0.0000,NONE,RUNNING
="2026-08-07 06:23:53",64462,91275,0,91275,200000,-0.0049,0.1200,+0.0,+0.0000,NONE,RUNNING
="2026-08-07 06:23:54",64462,91275,0,91275,200000,-0.0050,0.1200,+0.0,+0.0000,NONE,RUNNING
="2026-08-07 06:23:55",64462,91275,0,91275,200000,-0.0050,0.1200,+0.0,+0.0000,NONE,RUNNING
="2026-08-07 06:24:03",0,0,0,0,200000,+0.0000,0.1200,+0.0,+0.0000,NONE,RUNNING
="2026-08-07 06:25:03",64474,74207,74207,0,200000,-0.0032,0.1200,+0.0,+0.0000,NONE,RUNNING
="2026-08-07 06:26:03",64462,31369,31369,0,200000,-0.0105,0.1200,+0.0,+0.0000,NONE,RUNNING
="2026-08-07 06:27:03",64458,0,0,0,200000,-0.0038,0.1200,+0.0,+0.0000,NONE,RUNNING
="2026-08-07 06:28:00",0,0,0,0,200000,+0.0000,0.1200,+0.0,+0.0000,NONE,RUNNING
="2026-08-07 06:29:00",64453,138554,63008,75545,200000,-0.0053,0.1200,+0.0,+0.0000,NONE,RUNNING
="2026-08-07 06:29:25",0,0,0,0,200000,+0.0000,0.1200,+0.0,+0.0000,NONE,RUNNING
="2026-08-07 06:30:25",64462,407493,67656,339836,200000,+0.0015,0.1200,+0.0,+0.0000,NONE,RUNNING
="2026-08-07 06:31:25",64464,288239,288239,0,200000,-0.0017,0.1200,+0.0,+0.0000,NONE,RUNNING
="2026-08-07 06:32:25",64470,193941,143942,49998,200000,-0.0041,0.1200,+0.0,+0.0000,NONE,RUNNING
="2026-08-07 06:33:25",64469,261798,240411,21387,200000,+0.0018,0.1200,+0.0,+0.0000,NONE,RUNNING
="2026-08-07 06:34:25",64468,0,0,0,200000,-0.0023,0.1200,+0.0,+0.0000,NONE,RUNNING
="2026-08-07 06:35:25",64459,115945,18350,97595,200000,-0.0089,0.1200,+0.0,+0.0000,NONE,RUNNING
="2026-08-07 06:36:25",64435,232981,172760,60220,200000,+0.0093,0.1200,+0.0,+0.0000,NONE,RUNNING
="2026-08-07 06:37:25",64404,778427,741987,36439,200000,+0.0125,0.1200,+0.0,+0.0000,NONE,RUNNING
="2026-08-07 06:38:25",64411,173602,124411,49191,200000,+0.0023,0.1200,+0.0,+0.0000,NONE,RUNNING
="2026-08-07 06:39:25",64415,61009,61009,0,200000,+0.0022,0.1200,+0.0,+0.0000,NONE,RUNNING
="2026-08-07 06:40:25",64416,227548,121812,105736,200000,-0.0113,0.1200,+0.0,+0.0000,NONE,RUNNING
="2026-08-07 06:41:25",64417,0,0,0,200000,-0.0101,0.1200,+0.0,+0.0000,NONE,RUNNING
="2026-08-07 06:42:25",64436,207569,79987,127582,200000,-0.0203,0.1200,+0.0,+0.0000,NONE,RUNNING
="2026-08-07 06:43:25",64457,1275924,152167,1123756,200000,-0.0031,0.1200,+0.0,+0.0000,NONE,RUNNING
="2026-08-07 06:44:25",64472,521658,260596,261062,200000,+0.0023,0.1200,+0.0,+0.0000,NONE,RUNNING
="2026-08-07 06:45:25",64442,292539,257781,34758,200000,+0.0017,0.1200,+0.0,+0.0000,NONE,RUNNING
="2026-08-07 06:46:25",64446,46471,21136,25335,200000,-0.0006,0.1200,+0.0,+0.0000,NONE,RUNNING
="2026-08-07 06:47:25",64454,0,0,0,200000,-0.0042,0.1200,+0.0,+0.0000,NONE,RUNNING
="2026-08-07 06:48:25",64445,97699,48119,49580,200000,-0.0021,0.1200,+0.0,+0.0000,NONE,RUNNING
="2026-08-07 06:49:25",64446,10174,0,10174,200000,+0.0025,0.1200,+0.0,+0.0000,NONE,RUNNING
="2026-08-07 06:50:25",64450,31603,0,31603,200000,-0.0025,0.1200,+0.0,+0.0000,NONE,RUNNING
="2026-08-07 06:51:25",64456,86801,86801,0,200000,+0.0021,0.1200,+0.0,+0.0000,NONE,RUNNING
="2026-08-07 06:52:26",64466,62850,0,62850,200000,+0.0003,0.1200,+0.0,+0.0000,NONE,RUNNING
="2026-08-07 06:53:26",64469,0,0,0,200000,-0.0009,0.1200,+0.0,+0.0000,NONE,RUNNING
="2026-08-07 06:54:26",64480,135868,83036,52831,200000,-0.0034,0.1200,+0.0,+0.0000,NONE,RUNNING
="2026-08-07 06:55:26",64453,0,0,0,200000,+0.0055,0.1200,+0.0,+0.0000,NONE,RUNNING
="2026-08-07 06:56:26",64446,0,0,0,200000,-0.0006,0.1200,+0.0,+0.0000,NONE,RUNNING
="2026-08-07 06:57:26",64450,164641,148338,16302,200000,-0.0048,0.1200,+0.0,+0.0000,NONE,RUNNING
="2026-08-07 06:58:26",64440,100720,100720,0,200000,+0.0083,0.1200,+0.0,+0.0000,NONE,RUNNING
="2026-08-07 06:59:26",64440,48043,15134,32909,200000,-0.0028,0.1200,+0.0,+0.0000,NONE,RUNNING
="2026-08-07 07:00:26",64440,236097,178620,57477,200000,+0.0015,0.1200,+0.0,+0.0000,NONE,RUNNING
="2026-08-07 07:01:26",64384,792947,564628,228318,200000,-0.0119,0.1200,+0.0,+0.0000,NONE,RUNNING
="2026-08-07 07:02:26",64392,158942,51794,107147,200000,-0.0091,0.1200,+0.0,+0.0000,NONE,RUNNING
="2026-08-07 07:03:26",64418,284604,66456,218148,200000,-0.0048,0.1200,+0.0,+0.0000,NONE,RUNNING
="2026-08-07 07:04:26",64400,403937,85620,318317,200000,+0.0027,0.1200,+0.0,+0.0000,NONE,RUNNING
="2026-08-07 07:05:26",64403,56571,0,56571,200000,-0.0033,0.1200,+0.0,+0.0000,NONE,RUNNING
="2026-08-07 07:06:26",64427,148898,47938,100959,200000,-0.0022,0.1200,+0.0,+0.0000,NONE,RUNNING
="2026-08-07 07:07:26",64424,43213,25530,17682,200000,-0.0012,0.1200,+0.0,+0.0000,NONE,RUNNING
="2026-08-07 07:08:26",64402,94285,94285,0,200000,+0.0029,0.1200,+0.0,+0.0000,NONE,RUNNING
="2026-08-07 07:09:26",64406,120771,57767,63004,200000,+0.0027,0.1200,+0.0,+0.0000,NONE,RUNNING
="2026-08-07 07:10:27",64418,49290,0,49290,200000,-0.0021,0.1200,+0.0,+0.0000,NONE,RUNNING
="2026-08-07 07:11:27",64422,168521,79634,88886,200000,+0.0030,0.1200,+0.0,+0.0000,NONE,RUNNING
="2026-08-07 07:12:27",64425,95490,84141,11348,200000,+0.0023,0.1200,+0.0,+0.0000,NONE,RUNNING
="2026-08-07 07:13:27",64436,288832,188633,100198,200000,+0.0015,0.1200,+0.0,+0.0000,NONE,RUNNING
="2026-08-07 07:14:27",64438,115011,67541,47470,200000,+0.0045,0.1200,+0.0,+0.0000,NONE,RUNNING
="2026-08-07 07:15:27",64422,179024,179024,0,200000,+0.0033,0.1200,+0.0,+0.0000,NONE,RUNNING
="2026-08-07 07:16:27",64426,86393,38284,48108,200000,+0.0018,0.1200,+0.0,+0.0000,NONE,RUNNING
="2026-08-07 07:17:27",64417,108191,66207,41984,200000,+0.0034,0.1200,+0.0,+0.0000,NONE,RUNNING
="2026-08-07 07:18:27",64417,67665,67665,0,200000,-0.0003,0.1200,+0.0,+0.0000,NONE,RUNNING
="2026-08-07 07:19:27",64404,210812,210812,0,200000,-0.0007,0.1200,+0.0,+0.0000,NONE,RUNNING
="2026-08-07 07:20:27",64404,0,0,0,200000,+0.0008,0.1200,+0.0,+0.0000,NONE,RUNNING
="2026-08-07 07:21:27",64367,275782,275782,0,200000,+0.0180,0.1200,+0.0,+0.0000,NONE,RUNNING
="2026-08-07 07:22:27",64354,178381,178381,0,200000,+0.0038,0.1200,+0.0,+0.0000,NONE,RUNNING
="2026-08-07 07:23:27",64342,140921,111774,29147,200000,+0.0259,0.1200,+0.0,+0.0000,NONE,RUNNING
="2026-08-07 07:23:41",64330,188542,159395,29147,200000,+0.0623,0.1200,+0.0,+0.0000,NONE,RUNNING
="2026-08-07 07:23:42",64330,188542,159395,29147,200000,+0.0594,0.1200,+0.0,+0.0000,NONE,RUNNING
="2026-08-07 07:23:43",64330,177033,147885,29147,200000,+0.0594,0.1200,+0.0,+0.0000,NONE,RUNNING
="2026-08-07 07:23:44",64330,177033,147885,29147,200000,+0.0594,0.1200,+0.0,+0.0000,NONE,RUNNING
="2026-08-07 07:23:45",64330,177033,147885,29147,200000,+0.0577,0.1200,+0.0,+0.0000,NONE,RUNNING
="2026-08-07 07:23:46",64330,177033,147885,29147,200000,+0.0578,0.1200,+0.0,+0.0000,NONE,RUNNING
="2026-08-07 07:23:47",64330,177033,147885,29147,200000,+0.0578,0.1200,+0.0,+0.0000,NONE,RUNNING
="2026-08-07 07:23:48",64339,277458,147885,129572,200000,+0.0578,0.1200,+0.0,+0.0000,NONE,RUNNING
="2026-08-07 07:23:49",64339,277458,147885,129572,200000,+0.0492,0.1200,+0.0,+0.0000,NONE,RUNNING
="2026-08-07 07:23:50",64342,277458,147885,129572,200000,+0.0512,0.1200,+0.0,+0.0000,NONE,RUNNING
="2026-08-07 07:23:51",64342,277458,147885,129572,200000,+0.0512,0.1200,+0.0,+0.0000,NONE,RUNNING
="2026-08-07 07:23:52",64342,277458,147885,129572,200000,+0.0512,0.1200,+0.0,+0.0000,NONE,RUNNING
="2026-08-07 07:23:53",64341,277458,147885,129572,200000,+0.0512,0.1200,+0.0,+0.0000,NONE,RUNNING
="2026-08-07 07:23:54",64341,277458,147885,129572,200000,+0.0512,0.1200,+0.0,+0.0000,NONE,RUNNING
="2026-08-07 07:23:55",64341,277458,147885,129572,200000,+0.0512,0.1200,+0.0,+0.0000,NONE,RUNNING
="2026-08-07 07:23:56",64342,277458,147885,129572,200000,+0.0512,0.1200,+0.0,+0.0000,NONE,RUNNING
="2026-08-07 07:23:57",64341,277458,147885,129572,200000,+0.0528,0.1200,+0.0,+0.0000,NONE,RUNNING
="2026-08-07 07:23:58",64341,277458,147885,129572,200000,+0.0533,0.1200,+0.0,+0.0000,NONE,RUNNING
="2026-08-07 07:23:59",64342,277458,147885,129572,200000,+0.0533,0.1200,+0.0,+0.0000,NONE,RUNNING
="2026-08-07 07:24:00",64342,277458,147885,129572,200000,+0.0533,0.1200,+0.0,+0.0000,NONE,RUNNING
="2026-08-07 07:24:01",64342,277458,147885,129572,200000,+0.0532,0.1200,+0.0,+0.0000,NONE,RUNNING
="2026-08-07 07:24:02",64342,177193,47620,129572,200000,+0.0532,0.1200,+0.0,+0.0000,NONE,RUNNING
="2026-08-07 07:24:03",64341,177193,47620,129572,200000,+0.0545,0.1200,+0.0,+0.0000,NONE,RUNNING
="2026-08-07 07:24:04",64342,148046,47620,100425,200000,+0.0539,0.1200,+0.0,+0.0000,NONE,RUNNING
="2026-08-07 07:24:05",64342,148046,47620,100425,200000,+0.0539,0.1200,+0.0,+0.0000,NONE,RUNNING
="2026-08-07 07:24:06",64342,148046,47620,100425,200000,+0.0544,0.1200,+0.0,+0.0000,NONE,RUNNING
="2026-08-07 07:24:07",64342,148046,47620,100425,200000,+0.0488,0.1200,+0.0,+0.0000,NONE,RUNNING
="2026-08-07 07:24:08",64341,197363,96938,100425,200000,+0.0488,0.1200,+0.0,+0.0000,NONE,RUNNING
="2026-08-07 07:24:09",64342,197363,96938,100425,200000,+0.0488,0.1200,+0.0,+0.0000,NONE,RUNNING
="2026-08-07 07:24:10",64341,197363,96938,100425,200000,+0.0487,0.1200,+0.0,+0.0000,NONE,RUNNING
="2026-08-07 07:24:11",64341,197363,96938,100425,200000,+0.0487,0.1200,+0.0,+0.0000,NONE,RUNNING
="2026-08-07 07:24:12",64342,197363,96938,100425,200000,+0.0493,0.1200,+0.0,+0.0000,NONE,RUNNING
="2026-08-07 07:24:13",64341,197363,96938,100425,200000,+0.0443,0.1200,+0.0,+0.0000,NONE,RUNNING
="2026-08-07 07:24:14",64341,197363,96938,100425,200000,+0.0443,0.1200,+0.0,+0.0000,NONE,RUNNING
="2026-08-07 07:24:15",64342,197363,96938,100425,200000,+0.0444,0.1200,+0.0,+0.0000,NONE,RUNNING
="2026-08-07 07:24:16",64342,197363,96938,100425,200000,+0.0441,0.1200,+0.0,+0.0000,NONE,RUNNING
="2026-08-07 07:24:17",64341,197363,96938,100425,200000,+0.0441,0.1200,+0.0,+0.0000,NONE,RUNNING
="2026-08-07 07:24:18",64341,197363,96938,100425,200000,+0.0441,0.1200,+0.0,+0.0000,NONE,RUNNING
="2026-08-07 07:24:19",64342,197363,96938,100425,200000,+0.0442,0.1200,+0.0,+0.0000,NONE,RUNNING
="2026-08-07 07:24:20",64342,197363,96938,100425,200000,+0.0442,0.1200,+0.0,+0.0000,NONE,RUNNING
="2026-08-07 07:24:21",64342,197363,96938,100425,200000,+0.0443,0.1200,+0.0,+0.0000,NONE,RUNNING
="2026-08-07 07:24:22",64342,197363,96938,100425,200000,+0.0443,0.1200,+0.0,+0.0000,NONE,RUNNING
="2026-08-07 07:24:23",64342,197363,96938,100425,200000,+0.0443,0.1200,+0.0,+0.0000,NONE,RUNNING
="2026-08-07 07:24:24",64342,197363,96938,100425,200000,+0.0443,0.1200,+0.0,+0.0000,NONE,RUNNING
="2026-08-07 07:24:25",64342,197363,96938,100425,200000,+0.0409,0.1200,+0.0,+0.0000,NONE,RUNNING
="2026-08-07 07:24:26",64341,197363,96938,100425,200000,+0.0409,0.1200,+0.0,+0.0000,NONE,RUNNING
="2026-08-07 07:24:27",64341,176104,75678,100425,200000,+0.0422,0.1200,+0.0,+0.0000,NONE,RUNNING
="2026-08-07 07:24:28",64341,176104,75678,100425,200000,+0.0422,0.1200,+0.0,+0.0000,NONE,RUNNING
="2026-08-07 07:24:29",64342,176104,75678,100425,200000,+0.0412,0.1200,+0.0,+0.0000,NONE,RUNNING
="2026-08-07 07:24:30",64342,176104,75678,100425,200000,+0.0412,0.1200,+0.0,+0.0000,NONE,RUNNING
="2026-08-07 07:24:31",64341,176104,75678,100425,200000,+0.0412,0.1200,+0.0,+0.0000,NONE,RUNNING
="2026-08-07 07:24:33",64341,176104,75678,100425,200000,+0.0412,0.1200,+0.0,+0.0000,NONE,RUNNING
="2026-08-07 07:24:34",64342,176104,75678,100425,200000,+0.0412,0.1200,+0.0,+0.0000,NONE,RUNNING
="2026-08-07 07:24:35",64341,176104,75678,100425,200000,+0.0412,0.1200,+0.0,+0.0000,NONE,RUNNING
="2026-08-07 07:24:36",64341,160752,60327,100425,200000,+0.0411,0.1200,+0.0,+0.0000,NONE,RUNNING
="2026-08-07 07:24:37",64341,160752,60327,100425,200000,+0.0410,0.1200,+0.0,+0.0000,NONE,RUNNING
="2026-08-07 07:24:38",64341,149742,49317,100425,200000,+0.0410,0.1200,+0.0,+0.0000,NONE,RUNNING
="2026-08-07 07:24:39",64341,149742,49317,100425,200000,+0.0381,0.1200,+0.0,+0.0000,NONE,RUNNING
="2026-08-07 07:24:40",64341,149742,49317,100425,200000,+0.0381,0.1200,+0.0,+0.0000,NONE,RUNNING
="2026-08-07 07:24:41",64341,149742,49317,100425,200000,+0.0381,0.1200,+0.0,+0.0000,NONE,RUNNING
="2026-08-07 07:24:42",64342,149742,49317,100425,200000,+0.0059,0.1200,+0.0,+0.0000,NONE,RUNNING
="2026-08-07 07:25:42",64352,228549,64853,163696,200000,+0.0079,0.1200,+0.0,+0.0000,NONE,RUNNING
="2026-08-07 07:26:42",64353,0,0,0,200000,+0.0023,0.1200,+0.0,+0.0000,NONE,RUNNING
="2026-08-07 07:27:42",64365,153692,89117,64574,200000,-0.0034,0.1200,+0.0,+0.0000,NONE,RUNNING
="2026-08-07 07:28:42",64353,129930,111937,17993,200000,+0.0092,0.1200,+0.0,+0.0000,NONE,RUNNING
="2026-08-07 07:29:42",64355,283029,0,283029,200000,+0.0010,0.1200,+0.0,+0.0000,NONE,RUNNING
="2026-08-07 07:30:42",64373,123646,68895,54750,200000,-0.0018,0.1200,+0.0,+0.0000,NONE,RUNNING
="2026-08-07 07:31:42",64364,576385,181736,394648,200000,+0.0021,0.1200,+0.0,+0.0000,NONE,RUNNING
="2026-08-07 07:32:42",64350,87554,74684,12869,200000,-0.0030,0.1200,+0.0,+0.0000,NONE,RUNNING
="2026-08-07 07:33:42",64370,146099,78573,67525,200000,+0.0023,0.1200,+0.0,+0.0000,NONE,RUNNING
="2026-08-07 07:34:42",64386,30114,16631,13483,200000,+0.0004,0.1200,+0.0,+0.0000,NONE,RUNNING
="2026-08-07 07:35:42",64364,79141,68151,10990,200000,+0.0000,0.1200,+0.0,+0.0000,NONE,RUNNING
="2026-08-07 07:36:42",64364,180829,80829,99999,200000,-0.0005,0.1200,+0.0,+0.0000,NONE,RUNNING
="2026-08-07 07:37:42",64364,23176,23176,0,200000,+0.0042,0.1200,+0.0,+0.0000,NONE,RUNNING
="2026-08-07 07:38:42",64367,30793,20793,10000,200000,+0.0047,0.1200,+0.0,+0.0000,NONE,RUNNING
="2026-08-07 07:39:42",64358,215635,90004,125630,200000,+0.0082,0.1200,+0.0,+0.0000,NONE,RUNNING
="2026-08-07 07:40:42",64365,201753,66921,134831,200000,-0.0030,0.1200,+0.0,+0.0000,NONE,RUNNING
="2026-08-07 07:41:42",64366,15999,0,15999,200000,+0.0033,0.1200,+0.0,+0.0000,NONE,RUNNING
="2026-08-07 07:42:42",64350,39621,21437,18184,200000,+0.0045,0.1200,+0.0,+0.0000,NONE,RUNNING
="2026-08-07 07:43:42",64338,60720,60720,0,200000,+0.0009,0.1200,+0.0,+0.0000,NONE,RUNNING
="2026-08-07 07:44:42",64336,99999,0,99999,200000,-0.0019,0.1200,+0.0,+0.0000,NONE,RUNNING
="2026-08-07 07:45:43",64360,255037,100231,154806,200000,-0.0035,0.1200,+0.0,+0.0000,NONE,RUNNING
="2026-08-07 07:46:43",64354,144526,134195,10331,200000,-0.0023,0.1200,+0.0,+0.0000,NONE,RUNNING
="2026-08-07 07:47:43",64350,28736,28736,0,200000,-0.0054,0.1200,+0.0,+0.0000,NONE,RUNNING
="2026-08-07 07:48:43",64364,314530,150850,163680,200000,-0.0001,0.1200,+0.0,+0.0000,NONE,RUNNING
="2026-08-07 07:49:43",64362,0,0,0,200000,+0.0013,0.1200,+0.0,+0.0000,NONE,RUNNING
="2026-08-07 07:50:43",64369,40862,0,40862,200000,+0.0005,0.1200,+0.0,+0.0000,NONE,RUNNING
="2026-08-07 07:51:43",64370,379197,314827,64370,200000,-0.0023,0.1200,+0.0,+0.0000,NONE,RUNNING
="2026-08-07 07:52:43",64360,77383,77383,0,200000,-0.0004,0.1200,+0.0,+0.0000,NONE,RUNNING
="2026-08-07 07:53:43",64360,0,0,0,200000,+0.0015,0.1200,+0.0,+0.0000,NONE,RUNNING
="2026-08-07 07:54:43",64356,121174,105074,16100,200000,-0.0027,0.1200,+0.0,+0.0000,NONE,RUNNING
="2026-08-07 07:55:43",64352,46552,46552,0,200000,+0.0050,0.1200,+0.0,+0.0000,NONE,RUNNING
="2026-08-07 07:56:43",64352,57221,0,57221,200000,+0.0030,0.1200,+0.0,+0.0000,NONE,RUNNING
="2026-08-07 07:57:43",64352,115298,99210,16088,200000,+0.0009,0.1200,+0.0,+0.0000,NONE,RUNNING
="2026-08-07 07:58:43",64352,76495,12143,64352,200000,+0.0006,0.1200,+0.0,+0.0000,NONE,RUNNING
="2026-08-07 07:59:43",64352,0,0,0,200000,+0.0010,0.1200,+0.0,+0.0000,NONE,RUNNING
="2026-08-07 08:00:43",64337,95541,95541,0,200000,-0.0060,0.1200,+0.0,+0.0000,NONE,RUNNING
="2026-08-07 08:01:43",64334,15060,15060,0,200000,-0.0017,0.1200,+0.0,+0.0000,NONE,RUNNING
="2026-08-07 08:02:43",64351,131153,20836,110317,200000,+0.0034,0.1200,+0.0,+0.0000,NONE,RUNNING
="2026-08-07 08:03:43",64354,80889,80889,0,200000,-0.0005,0.1200,+0.0,+0.0000,NONE,RUNNING
="2026-08-07 08:04:43",64353,10436,0,10436,200000,-0.0042,0.1200,+0.0,+0.0000,NONE,RUNNING
="2026-08-07 08:05:43",64357,94505,0,94505,200000,+0.0052,0.1200,+0.0,+0.0000,NONE,RUNNING
="2026-08-07 08:06:43",64348,203909,190909,12999,200000,-0.0028,0.1200,+0.0,+0.0000,NONE,RUNNING
="2026-08-07 08:07:43",64348,11999,11999,0,200000,-0.0000,0.1200,+0.0,+0.0000,NONE,RUNNING
="2026-08-07 08:08:43",64360,137123,0,137123,200000,-0.0032,0.1200,+0.0,+0.0000,NONE,RUNNING
="2026-08-07 08:09:43",64360,57839,57839,0,200000,-0.0032,0.1200,+0.0,+0.0000,NONE,RUNNING
="2026-08-07 08:10:44",64359,0,0,0,200000,+0.0004,0.1200,+0.0,+0.0000,NONE,RUNNING
="2026-08-07 08:11:44",64359,0,0,0,200000,-0.0033,0.1200,+0.0,+0.0000,NONE,RUNNING
="2026-08-07 08:12:44",64359,109663,99221,10442,200000,-0.0029,0.1200,+0.0,+0.0000,NONE,RUNNING
="2026-08-07 08:13:44",64351,13144,13144,0,200000,-0.0008,0.1200,+0.0,+0.0000,NONE,RUNNING
="2026-08-07 08:14:44",64337,131694,131694,0,200000,+0.0016,0.1200,+0.0,+0.0000,NONE,RUNNING
="2026-08-07 08:15:44",64337,163075,163075,0,200000,-0.0009,0.1200,+0.0,+0.0000,NONE,RUNNING
="2026-08-07 08:16:44",64334,105390,105390,0,200000,-0.0054,0.1200,+0.0,+0.0000,NONE,RUNNING
="2026-08-07 08:17:44",64337,99184,0,99184,200000,-0.0016,0.1200,+0.0,+0.0000,NONE,RUNNING
="2026-08-07 08:18:44",64312,175979,175979,0,200000,-0.0145,0.1200,+0.0,+0.0000,NONE,RUNNING
="2026-08-07 08:19:21",64270,693511,663640,29870,200000,+0.0860,0.1200,+0.0,+0.0000,NONE,RUNNING
="2026-08-07 08:19:22",64270,693511,663640,29870,200000,+0.0860,0.1200,+0.0,+0.0000,NONE,RUNNING
="2026-08-07 08:19:23",64270,693511,663640,29870,200000,+0.0863,0.1200,+0.0,+0.0000,NONE,RUNNING
="2026-08-07 08:19:24",64270,693511,663640,29870,200000,+0.0863,0.1200,+0.0,+0.0000,NONE,RUNNING
="2026-08-07 08:19:25",64270,693511,663640,29870,200000,+0.0880,0.1200,+0.0,+0.0000,NONE,RUNNING
="2026-08-07 08:19:26",64270,693511,663640,29870,200000,+0.0884,0.1200,+0.0,+0.0000,NONE,RUNNING
="2026-08-07 08:19:27",64270,693511,663640,29870,200000,+0.0884,0.1200,+0.0,+0.0000,NONE,RUNNING
="2026-08-07 08:19:28",64270,693511,663640,29870,200000,+0.0880,0.1200,+0.0,+0.0000,NONE,RUNNING
="2026-08-07 08:19:29",64270,693511,663640,29870,200000,+0.0881,0.1200,+0.0,+0.0000,NONE,RUNNING
="2026-08-07 08:19:30",64270,693511,663640,29870,200000,+0.0881,0.1200,+0.0,+0.0000,NONE,RUNNING
="2026-08-07 08:19:31",64270,693511,663640,29870,200000,+0.0881,0.1200,+0.0,+0.0000,NONE,RUNNING
="2026-08-07 08:19:32",64270,693511,663640,29870,200000,+0.0885,0.1200,+0.0,+0.0000,NONE,RUNNING
="2026-08-07 08:19:33",64278,706698,663640,43058,200000,+0.0885,0.1200,+0.0,+0.0000,NONE,RUNNING
="2026-08-07 08:19:34",64278,706698,663640,43058,200000,+0.0835,0.1200,+0.0,+0.0000,NONE,RUNNING
="2026-08-07 08:19:35",64278,706698,663640,43058,200000,+0.0835,0.1200,+0.0,+0.0000,NONE,RUNNING
="2026-08-07 08:19:36",64278,706698,663640,43058,200000,+0.0836,0.1200,+0.0,+0.0000,NONE,RUNNING
="2026-08-07 08:19:37",64278,706698,663640,43058,200000,+0.0836,0.1200,+0.0,+0.0000,NONE,RUNNING
="2026-08-07 08:19:38",64278,686089,643031,43058,200000,+0.0836,0.1200,+0.0,+0.0000,NONE,RUNNING
="2026-08-07 08:19:39",64282,686089,643031,43058,200000,+0.0836,0.1200,+0.0,+0.0000,NONE,RUNNING
="2026-08-07 08:19:40",64282,686089,643031,43058,200000,+0.0840,0.1200,+0.0,+0.0000,NONE,RUNNING
="2026-08-07 08:19:41",64282,686089,643031,43058,200000,+0.0838,0.1200,+0.0,+0.0000,NONE,RUNNING
="2026-08-07 08:19:42",64282,686089,643031,43058,200000,+0.0838,0.1200,+0.0,+0.0000,NONE,RUNNING
="2026-08-07 08:19:43",64282,698365,655307,43058,200000,+0.0838,0.1200,+0.0,+0.0000,NONE,RUNNING
="2026-08-07 08:19:44",64276,698365,655307,43058,200000,+0.0838,0.1200,+0.0,+0.0000,NONE,RUNNING
="2026-08-07 08:19:45",64276,698365,655307,43058,200000,+0.0838,0.1200,+0.0,+0.0000,NONE,RUNNING
="2026-08-07 08:19:46",64276,698365,655307,43058,200000,+0.0878,0.1200,+0.0,+0.0000,NONE,RUNNING
="2026-08-07 08:19:47",64276,698365,655307,43058,200000,+0.0878,0.1200,+0.0,+0.0000,NONE,RUNNING
="2026-08-07 08:19:48",64276,698365,655307,43058,200000,+0.0878,0.1200,+0.0,+0.0000,NONE,RUNNING
="2026-08-07 08:19:49",64276,698365,655307,43058,200000,+0.0885,0.1200,+0.0,+0.0000,NONE,RUNNING
="2026-08-07 08:19:50",64276,698365,655307,43058,200000,+0.0866,0.1200,+0.0,+0.0000,NONE,RUNNING
="2026-08-07 08:19:51",64276,698365,655307,43058,200000,+0.0866,0.1200,+0.0,+0.0000,NONE,RUNNING
="2026-08-07 08:19:52",64276,698365,655307,43058,200000,+0.0866,0.1200,+0.0,+0.0000,NONE,RUNNING
="2026-08-07 08:19:53",64276,698365,655307,43058,200000,+0.0866,0.1200,+0.0,+0.0000,NONE,RUNNING
="2026-08-07 08:19:54",64276,698365,655307,43058,200000,+0.0910,0.1200,+0.0,+0.0000,NONE,RUNNING
="2026-08-07 08:19:55",64276,698365,655307,43058,200000,+0.0919,0.1200,+0.0,+0.0000,NONE,RUNNING
="2026-08-07 08:19:56",64276,698365,655307,43058,200000,+0.0919,0.1200,+0.0,+0.0000,NONE,RUNNING
="2026-08-07 08:19:57",64276,698365,655307,43058,200000,+0.0920,0.1200,+0.0,+0.0000,NONE,RUNNING
="2026-08-07 08:19:58",64276,698365,655307,43058,200000,+0.0920,0.1200,+0.0,+0.0000,NONE,RUNNING
="2026-08-07 08:19:59",64276,676922,633864,43058,200000,+0.0920,0.1200,+0.0,+0.0000,NONE,RUNNING
="2026-08-07 08:20:00",64276,200605,157547,43058,200000,+0.0943,0.1200,+0.0,+0.0000,NONE,RUNNING
="2026-08-07 08:20:01",64276,188525,157547,30977,200000,+0.0943,0.1200,+0.0,+0.0000,NONE,RUNNING
="2026-08-07 08:20:02",64276,188525,157547,30977,200000,+0.0943,0.1200,+0.0,+0.0000,NONE,RUNNING
="2026-08-07 08:20:03",64276,188525,157547,30977,200000,+0.0943,0.1200,+0.0,+0.0000,NONE,RUNNING
="2026-08-07 08:20:04",64276,188525,157547,30977,200000,+0.0941,0.1200,+0.0,+0.0000,NONE,RUNNING
="2026-08-07 08:20:05",64276,188525,157547,30977,200000,+0.1000,0.1200,+0.0,+0.0000,NONE,RUNNING
="2026-08-07 08:20:06",64276,186849,155871,30977,200000,+0.1000,0.1200,+0.0,+0.0000,NONE,RUNNING
="2026-08-07 08:20:07",64276,186849,155871,30977,200000,+0.1000,0.1200,+0.0,+0.0000,NONE,RUNNING
="2026-08-07 08:20:08",64276,186849,155871,30977,200000,+0.1000,0.1200,+0.0,+0.0000,NONE,RUNNING
="2026-08-07 08:20:09",64276,186849,155871,30977,200000,+0.1012,0.1200,+0.0,+0.0000,NONE,RUNNING
="2026-08-07 08:20:10",64276,186849,155871,30977,200000,+0.1012,0.1200,+0.0,+0.0000,NONE,RUNNING
="2026-08-07 08:20:11",64276,186849,155871,30977,200000,+0.1009,0.1200,+0.0,+0.0000,NONE,RUNNING
="2026-08-07 08:20:12",64276,186849,155871,30977,200000,+0.0999,0.1200,+0.0,+0.0000,NONE,RUNNING
="2026-08-07 08:20:13",64276,160433,129455,30977,200000,+0.0999,0.1200,+0.0,+0.0000,NONE,RUNNING
="2026-08-07 08:20:14",64276,37297,24109,13187,200000,+0.1009,0.1200,+0.0,+0.0000,NONE,RUNNING
="2026-08-07 08:20:15",64276,37297,24109,13187,200000,+0.1009,0.1200,+0.0,+0.0000,NONE,RUNNING
="2026-08-07 08:20:16",64276,37297,24109,13187,200000,+0.1009,0.1200,+0.0,+0.0000,NONE,RUNNING
="2026-08-07 08:20:17",64276,37297,24109,13187,200000,+0.1006,0.1200,+0.0,+0.0000,NONE,RUNNING
="2026-08-07 08:20:18",64276,37297,24109,13187,200000,+0.1007,0.1200,+0.0,+0.0000,NONE,RUNNING
="2026-08-07 08:20:19",64276,37297,24109,13187,200000,+0.1008,0.1200,+0.0,+0.0000,NONE,RUNNING
="2026-08-07 08:20:20",64276,37297,24109,13187,200000,+0.1008,0.1200,+0.0,+0.0000,NONE,RUNNING
="2026-08-07 08:20:21",64276,37297,24109,13187,200000,+0.0026,0.1200,+0.0,+0.0000,NONE,RUNNING
="2026-08-07 08:20:23",64276,37297,24109,13187,200000,+0.0036,0.1200,+0.0,+0.0000,NONE,RUNNING
="2026-08-07 08:20:24",64276,37297,24109,13187,200000,+0.0036,0.1200,+0.0,+0.0000,NONE,RUNNING
="2026-08-07 08:20:25",64276,37297,24109,13187,200000,+0.0019,0.1200,+0.0,+0.0000,NONE,RUNNING
="2026-08-07 08:20:26",64276,65719,24109,41610,200000,-0.0008,0.1200,+0.0,+0.0000,NONE,RUNNING
="2026-08-07 08:20:27",64276,65719,24109,41610,200000,-0.0008,0.1200,+0.0,+0.0000,NONE,RUNNING
="2026-08-07 08:20:28",64276,65719,24109,41610,200000,-0.0004,0.1200,+0.0,+0.0000,NONE,RUNNING
="2026-08-07 08:20:29",64276,65719,24109,41610,200000,-0.0006,0.1200,+0.0,+0.0000,NONE,RUNNING
="2026-08-07 08:20:30",64276,65719,24109,41610,200000,-0.0006,0.1200,+0.0,+0.0000,NONE,RUNNING
="2026-08-07 08:20:31",64276,65719,24109,41610,200000,-0.0006,0.1200,+0.0,+0.0000,NONE,RUNNING
="2026-08-07 08:20:32",64276,65719,24109,41610,200000,-0.0034,0.1200,+0.0,+0.0000,NONE,RUNNING
="2026-08-07 08:20:33",64276,52532,24109,28422,200000,-0.0034,0.1200,+0.0,+0.0000,NONE,RUNNING
="2026-08-07 08:20:34",64276,117700,89277,28422,200000,+0.0016,0.1200,+0.0,+0.0000,NONE,RUNNING
="2026-08-07 08:20:35",64276,139620,111198,28422,200000,+0.0012,0.1200,+0.0,+0.0000,NONE,RUNNING
="2026-08-07 08:20:36",64276,139620,111198,28422,200000,+0.0012,0.1200,+0.0,+0.0000,NONE,RUNNING
="2026-08-07 08:20:37",64276,139620,111198,28422,200000,+0.0012,0.1200,+0.0,+0.0000,NONE,RUNNING
="2026-08-07 08:20:38",64276,139620,111198,28422,200000,+0.0012,0.1200,+0.0,+0.0000,NONE,RUNNING
="2026-08-07 08:20:39",64276,139620,111198,28422,200000,+0.0012,0.1200,+0.0,+0.0000,NONE,RUNNING
="2026-08-07 08:20:40",64276,139620,111198,28422,200000,+0.0008,0.1200,+0.0,+0.0000,NONE,RUNNING
="2026-08-07 08:20:41",64276,139620,111198,28422,200000,+0.0006,0.1200,+0.0,+0.0000,NONE,RUNNING
="2026-08-07 08:20:42",64276,139620,111198,28422,200000,+0.0006,0.1200,+0.0,+0.0000,NONE,RUNNING
="2026-08-07 08:20:43",64276,139620,111198,28422,200000,+0.0006,0.1200,+0.0,+0.0000,NONE,RUNNING
="2026-08-07 08:20:44",64279,127344,98922,28422,200000,+0.0006,0.1200,+0.0,+0.0000,NONE,RUNNING
="2026-08-07 08:20:45",64279,127344,98922,28422,200000,+0.0006,0.1200,+0.0,+0.0000,NONE,RUNNING
="2026-08-07 08:20:46",64279,127344,98922,28422,200000,-0.0035,0.1200,+0.0,+0.0000,NONE,RUNNING
="2026-08-07 08:20:47",64279,127344,98922,28422,200000,-0.0035,0.1200,+0.0,+0.0000,NONE,RUNNING
="2026-08-07 08:20:48",64279,127344,98922,28422,200000,-0.0053,0.1200,+0.0,+0.0000,NONE,RUNNING
="2026-08-07 08:20:49",64279,127344,98922,28422,200000,-0.0060,0.1200,+0.0,+0.0000,NONE,RUNNING
="2026-08-07 08:20:50",64280,127344,98922,28422,200000,-0.0060,0.1200,+0.0,+0.0000,NONE,RUNNING
="2026-08-07 08:20:51",64280,127344,98922,28422,200000,-0.0059,0.1200,+0.0,+0.0000,NONE,RUNNING
="2026-08-07 08:20:52",64279,127344,98922,28422,200000,-0.0059,0.1200,+0.0,+0.0000,NONE,RUNNING
="2026-08-07 08:20:53",64279,127344,98922,28422,200000,-0.0059,0.1200,+0.0,+0.0000,NONE,RUNNING
="2026-08-07 08:20:54",64280,127344,98922,28422,200000,-0.0059,0.1200,+0.0,+0.0000,NONE,RUNNING
="2026-08-07 08:20:55",64279,127344,98922,28422,200000,-0.0068,0.1200,+0.0,+0.0000,NONE,RUNNING
="2026-08-07 08:20:56",64279,127344,98922,28422,200000,-0.0067,0.1200,+0.0,+0.0000,NONE,RUNNING
="2026-08-07 08:20:57",64279,127344,98922,28422,200000,-0.0067,0.1200,+0.0,+0.0000,NONE,RUNNING
="2026-08-07 08:20:58",64279,127344,98922,28422,200000,-0.0067,0.1200,+0.0,+0.0000,NONE,RUNNING
="2026-08-07 08:20:59",64279,127344,98922,28422,200000,-0.0067,0.1200,+0.0,+0.0000,NONE,RUNNING
="2026-08-07 08:21:00",64280,127344,98922,28422,200000,-0.0066,0.1200,+0.0,+0.0000,NONE,RUNNING
="2026-08-07 08:21:01",64280,127344,98922,28422,200000,-0.0066,0.1200,+0.0,+0.0000,NONE,RUNNING
="2026-08-07 08:21:02",64275,127344,98922,28422,200000,-0.0066,0.1200,+0.0,+0.0000,NONE,RUNNING
="2026-08-07 08:21:03",64275,127344,98922,28422,200000,-0.0066,0.1200,+0.0,+0.0000,NONE,RUNNING
="2026-08-07 08:21:04",64275,127344,98922,28422,200000,-0.0066,0.1200,+0.0,+0.0000,NONE,RUNNING
="2026-08-07 08:21:05",64275,127344,98922,28422,200000,-0.0064,0.1200,+0.0,+0.0000,NONE,RUNNING
="2026-08-07 08:21:06",64275,115511,87088,28422,200000,-0.0062,0.1200,+0.0,+0.0000,NONE,RUNNING
="2026-08-07 08:21:07",64275,115511,87088,28422,200000,-0.0062,0.1200,+0.0,+0.0000,NONE,RUNNING
="2026-08-07 08:21:08",64275,206041,177618,28422,200000,-0.0062,0.1200,+0.0,+0.0000,NONE,RUNNING
="2026-08-07 08:21:09",64275,206041,177618,28422,200000,-0.0062,0.1200,+0.0,+0.0000,NONE,RUNNING
="2026-08-07 08:21:10",64275,206041,177618,28422,200000,-0.0062,0.1200,+0.0,+0.0000,NONE,RUNNING
="2026-08-07 08:21:11",64275,206041,177618,28422,200000,-0.0058,0.1200,+0.0,+0.0000,NONE,RUNNING
="2026-08-07 08:21:12",64275,206041,177618,28422,200000,-0.0061,0.1200,+0.0,+0.0000,NONE,RUNNING
="2026-08-07 08:21:13",64275,206041,177618,28422,200000,-0.0061,0.1200,+0.0,+0.0000,NONE,RUNNING
="2026-08-07 08:22:13",64254,67176,47183,19993,200000,+0.0002,0.1200,+0.0,+0.0000,NONE,RUNNING
="2026-08-07 08:23:13",64244,137833,137833,0,200000,-0.0002,0.1200,+0.0,+0.0000,NONE,RUNNING
="2026-08-07 08:24:13",64247,170313,50945,119368,200000,+0.0140,0.1200,+0.0,+0.0000,NONE,RUNNING
="2026-08-07 08:25:13",64270,265286,63854,201431,200000,-0.0010,0.1200,+0.0,+0.0000,NONE,RUNNING
="2026-08-07 08:26:13",64254,503213,503213,0,200000,-0.0037,0.1200,+0.0,+0.0000,NONE,RUNNING
="2026-08-07 08:27:13",64234,103425,103425,0,200000,-0.0018,0.1200,+0.0,+0.0000,NONE,RUNNING
="2026-08-07 08:28:14",64224,37293,37293,0,200000,+0.1316,0.1200,+0.0,+0.0000,NONE,RUNNING
="2026-08-07 08:28:24",64224,130920,37293,93627,200000,+0.1327,0.1200,+0.0,+0.0000,NONE,RUNNING
="2026-08-07 08:28:25",64227,181349,37293,144055,200000,+0.1336,0.1200,+0.0,+0.0000,NONE,RUNNING
="2026-08-07 08:28:26",64238,181349,37293,144055,200000,+0.1336,0.1200,+0.0,+0.0000,NONE,RUNNING
="2026-08-07 08:28:27",64238,181349,37293,144055,200000,+0.1336,0.1200,+0.0,+0.0000,NONE,RUNNING
="2026-08-07 08:28:28",64238,181349,37293,144055,200000,+0.1318,0.1200,+0.0,+0.0000,NONE,RUNNING
="2026-08-07 08:28:29",64247,181349,37293,144055,200000,+0.1318,0.1200,+0.0,+0.0000,NONE,RUNNING
="2026-08-07 08:28:30",64247,181349,37293,144055,200000,+0.1327,0.1200,+0.0,+0.0000,NONE,RUNNING
="2026-08-07 08:28:31",64247,181349,37293,144055,200000,+0.1325,0.1200,+0.0,+0.0000,NONE,RUNNING
="2026-08-07 08:28:32",64247,181349,37293,144055,200000,+0.1325,0.1200,+0.0,+0.0000,NONE,RUNNING
="2026-08-07 08:28:33",64247,181349,37293,144055,200000,+0.1327,0.1200,+0.0,+0.0000,NONE,RUNNING
="2026-08-07 08:28:34",64247,181349,37293,144055,200000,+0.1325,0.1200,+0.0,+0.0000,NONE,RUNNING
="2026-08-07 08:28:35",64247,181349,37293,144055,200000,+0.1325,0.1200,+0.0,+0.0000,NONE,RUNNING
="2026-08-07 08:28:36",64247,181349,37293,144055,200000,+0.1324,0.1200,+0.0,+0.0000,NONE,RUNNING
="2026-08-07 08:28:37",64247,181349,37293,144055,200000,+0.1325,0.1200,+0.0,+0.0000,NONE,RUNNING
="2026-08-07 08:28:38",64247,181349,37293,144055,200000,+0.1325,0.1200,+0.0,+0.0000,NONE,RUNNING
="2026-08-07 08:28:39",64247,181349,37293,144055,200000,+0.1325,0.1200,+0.0,+0.0000,NONE,RUNNING
="2026-08-07 08:28:40",64247,181349,37293,144055,200000,+0.1325,0.1200,+0.0,+0.0000,NONE,RUNNING
="2026-08-07 08:28:41",64247,181349,37293,144055,200000,+0.1335,0.1200,+0.0,+0.0000,NONE,RUNNING
="2026-08-07 08:28:42",64247,181349,37293,144055,200000,+0.1335,0.1200,+0.0,+0.0000,NONE,RUNNING
="2026-08-07 08:28:43",64247,181349,37293,144055,200000,+0.1334,0.1200,+0.0,+0.0000,NONE,RUNNING
="2026-08-07 08:28:44",64247,181349,37293,144055,200000,+0.1334,0.1200,+0.0,+0.0000,NONE,RUNNING
="2026-08-07 08:28:45",64247,181349,37293,144055,200000,+0.1336,0.1200,+0.0,+0.0000,NONE,RUNNING
="2026-08-07 08:28:46",64247,181349,37293,144055,200000,+0.1336,0.1200,+0.0,+0.0000,NONE,RUNNING
="2026-08-07 08:28:47",64247,181349,37293,144055,200000,+0.1329,0.1200,+0.0,+0.0000,NONE,RUNNING
="2026-08-07 08:28:48",64247,181349,37293,144055,200000,+0.1342,0.1200,+0.0,+0.0000,NONE,RUNNING
="2026-08-07 08:28:49",64247,181349,37293,144055,200000,+0.1342,0.1200,+0.0,+0.0000,NONE,RUNNING
="2026-08-07 08:28:50",64247,181349,37293,144055,200000,+0.1342,0.1200,+0.0,+0.0000,NONE,RUNNING
="2026-08-07 08:28:51",64247,181349,37293,144055,200000,+0.1342,0.1200,+0.0,+0.0000,NONE,RUNNING
="2026-08-07 08:28:52",64247,181349,37293,144055,200000,+0.1339,0.1200,+0.0,+0.0000,NONE,RUNNING
="2026-08-07 08:28:53",64247,181349,37293,144055,200000,+0.1339,0.1200,+0.0,+0.0000,NONE,RUNNING
="2026-08-07 08:28:54",64247,181349,37293,144055,200000,+0.1339,0.1200,+0.0,+0.0000,NONE,RUNNING
="2026-08-07 08:28:55",64247,181349,37293,144055,200000,+0.1347,0.1200,+0.0,+0.0000,NONE,RUNNING
="2026-08-07 08:28:56",64247,181349,37293,144055,200000,+0.1347,0.1200,+0.0,+0.0000,NONE,RUNNING
="2026-08-07 08:28:57",64247,181349,37293,144055,200000,+0.1349,0.1200,+0.0,+0.0000,NONE,RUNNING
="2026-08-07 08:28:58",64247,181349,37293,144055,200000,+0.1349,0.1200,+0.0,+0.0000,NONE,RUNNING
="2026-08-07 08:28:59",64247,181349,37293,144055,200000,+0.1354,0.1200,+0.0,+0.0000,NONE,RUNNING
="2026-08-07 08:29:00",64247,181349,37293,144055,200000,+0.1354,0.1200,+0.0,+0.0000,NONE,RUNNING
="2026-08-07 08:29:01",64247,181349,37293,144055,200000,+0.1355,0.1200,+0.0,+0.0000,NONE,RUNNING
="2026-08-07 08:29:02",64247,181349,37293,144055,200000,+0.1355,0.1200,+0.0,+0.0000,NONE,RUNNING
="2026-08-07 08:29:03",64247,181349,37293,144055,200000,+0.1345,0.1200,+0.0,+0.0000,NONE,RUNNING
="2026-08-07 08:29:04",64247,181349,37293,144055,200000,+0.1345,0.1200,+0.0,+0.0000,NONE,RUNNING
="2026-08-07 08:29:05",64247,181349,37293,144055,200000,+0.1344,0.1200,+0.0,+0.0000,NONE,RUNNING
="2026-08-07 08:29:06",64247,181349,37293,144055,200000,+0.1344,0.1200,+0.0,+0.0000,NONE,RUNNING
="2026-08-07 08:29:07",64247,181349,37293,144055,200000,+0.1344,0.1200,+0.0,+0.0000,NONE,RUNNING
="2026-08-07 08:29:08",64247,144055,0,144055,200000,+0.1344,0.1200,+0.0,+0.0000,NONE,RUNNING
="2026-08-07 08:29:09",64247,144055,0,144055,200000,+0.1344,0.1200,+0.0,+0.0000,NONE,RUNNING
="2026-08-07 08:29:10",64247,144055,0,144055,200000,+0.1337,0.1200,+0.0,+0.0000,NONE,RUNNING
="2026-08-07 08:29:11",64247,144055,0,144055,200000,+0.1337,0.1200,+0.0,+0.0000,NONE,RUNNING
="2026-08-07 08:29:12",64247,144055,0,144055,200000,-0.0018,0.1200,+0.0,+0.0000,NONE,RUNNING
="2026-08-07 08:29:14",64247,144055,0,144055,200000,-0.0018,0.1200,+0.0,+0.0000,NONE,RUNNING
="2026-08-07 08:29:15",64247,144055,0,144055,200000,-0.0019,0.1200,+0.0,+0.0000,NONE,RUNNING
="2026-08-07 08:29:16",64247,144055,0,144055,200000,-0.0020,0.1200,+0.0,+0.0000,NONE,RUNNING
="2026-08-07 08:29:17",64247,144055,0,144055,200000,-0.0020,0.1200,+0.0,+0.0000,NONE,RUNNING
="2026-08-07 08:29:18",64247,163330,0,163330,200000,-0.0020,0.1200,+0.0,+0.0000,NONE,RUNNING
="2026-08-07 08:29:19",64247,163330,0,163330,200000,-0.0020,0.1200,+0.0,+0.0000,NONE,RUNNING
="2026-08-07 08:29:20",64247,163330,0,163330,200000,-0.0020,0.1200,+0.0,+0.0000,NONE,RUNNING
="2026-08-07 08:29:21",64247,163330,0,163330,200000,-0.0020,0.1200,+0.0,+0.0000,NONE,RUNNING
="2026-08-07 08:29:22",64247,163330,0,163330,200000,-0.0020,0.1200,+0.0,+0.0000,NONE,RUNNING
="2026-08-07 08:29:23",64247,163330,0,163330,200000,-0.0018,0.1200,+0.0,+0.0000,NONE,RUNNING
="2026-08-07 08:29:24",64247,163330,0,163330,200000,-0.0007,0.1200,+0.0,+0.0000,NONE,RUNNING
="2026-08-07 08:29:25",64247,69703,0,69703,200000,-0.0007,0.1200,+0.0,+0.0000,NONE,RUNNING
="2026-08-07 08:29:26",64247,19274,0,19274,200000,-0.0016,0.1200,+0.0,+0.0000,NONE,RUNNING
="2026-08-07 08:29:27",64247,19274,0,19274,200000,-0.0016,0.1200,+0.0,+0.0000,NONE,RUNNING
="2026-08-07 08:29:28",64247,19274,0,19274,200000,+0.0002,0.1200,+0.0,+0.0000,NONE,RUNNING
="2026-08-07 08:29:29",64247,19274,0,19274,200000,+0.0002,0.1200,+0.0,+0.0000,NONE,RUNNING
="2026-08-07 08:29:30",64247,19274,0,19274,200000,+0.0005,0.1200,+0.0,+0.0000,NONE,RUNNING
="2026-08-07 08:29:31",64247,19274,0,19274,200000,+0.0005,0.1200,+0.0,+0.0000,NONE,RUNNING
="2026-08-07 08:29:32",64247,19274,0,19274,200000,+0.0007,0.1200,+0.0,+0.0000,NONE,RUNNING
="2026-08-07 08:29:33",64247,19274,0,19274,200000,+0.0007,0.1200,+0.0,+0.0000,NONE,RUNNING
="2026-08-07 08:29:34",64247,19274,0,19274,200000,+0.0009,0.1200,+0.0,+0.0000,NONE,RUNNING
="2026-08-07 08:29:35",64247,19274,0,19274,200000,+0.0000,0.1200,+0.0,+0.0000,NONE,RUNNING
="2026-08-07 08:29:36",64247,19274,0,19274,200000,+0.0000,0.1200,+0.0,+0.0000,NONE,RUNNING
="2026-08-07 08:29:37",64247,19274,0,19274,200000,+0.0000,0.1200,+0.0,+0.0000,NONE,RUNNING
="2026-08-07 08:29:38",64247,19274,0,19274,200000,+0.0000,0.1200,+0.0,+0.0000,NONE,RUNNING
="2026-08-07 08:29:39",64247,19274,0,19274,200000,-0.0001,0.1200,+0.0,+0.0000,NONE,RUNNING
="2026-08-07 08:29:40",64247,19274,0,19274,200000,-0.0001,0.1200,+0.0,+0.0000,NONE,RUNNING
="2026-08-07 08:29:41",64247,19274,0,19274,200000,-0.0011,0.1200,+0.0,+0.0000,NONE,RUNNING
="2026-08-07 08:29:42",64247,19274,0,19274,200000,-0.0011,0.1200,+0.0,+0.0000,NONE,RUNNING
="2026-08-07 08:29:43",64247,19274,0,19274,200000,-0.0010,0.1200,+0.0,+0.0000,NONE,RUNNING
="2026-08-07 08:29:44",64247,19274,0,19274,200000,-0.0010,0.1200,+0.0,+0.0000,NONE,RUNNING
="2026-08-07 08:29:45",64247,19274,0,19274,200000,-0.0011,0.1200,+0.0,+0.0000,NONE,RUNNING
="2026-08-07 08:29:46",64247,19274,0,19274,200000,-0.0004,0.1200,+0.0,+0.0000,NONE,RUNNING
="2026-08-07 08:29:47",64247,19274,0,19274,200000,-0.0004,0.1200,+0.0,+0.0000,NONE,RUNNING
="2026-08-07 08:29:48",64247,19274,0,19274,200000,-0.0004,0.1200,+0.0,+0.0000,NONE,RUNNING
="2026-08-07 08:29:49",64247,19274,0,19274,200000,-0.0003,0.1200,+0.0,+0.0000,NONE,RUNNING
="2026-08-07 08:29:50",64247,19274,0,19274,200000,-0.0003,0.1200,+0.0,+0.0000,NONE,RUNNING
="2026-08-07 08:29:51",64247,19274,0,19274,200000,-0.0010,0.1200,+0.0,+0.0000,NONE,RUNNING
="2026-08-07 08:29:52",64247,19274,0,19274,200000,-0.0010,0.1200,+0.0,+0.0000,NONE,RUNNING
="2026-08-07 08:29:53",64247,19274,0,19274,200000,-0.0008,0.1200,+0.0,+0.0000,NONE,RUNNING
="2026-08-07 08:29:54",64247,19274,0,19274,200000,-0.0007,0.1200,+0.0,+0.0000,NONE,RUNNING
="2026-08-07 08:29:55",64247,19274,0,19274,200000,-0.0007,0.1200,+0.0,+0.0000,NONE,RUNNING
="2026-08-07 08:29:56",64247,19274,0,19274,200000,-0.0007,0.1200,+0.0,+0.0000,NONE,RUNNING
="2026-08-07 08:29:57",64247,19274,0,19274,200000,-0.0007,0.1200,+0.0,+0.0000,NONE,RUNNING
="2026-08-07 08:29:58",64247,19274,0,19274,200000,-0.0007,0.1200,+0.0,+0.0000,NONE,RUNNING
="2026-08-07 08:29:59",64247,19274,0,19274,200000,-0.0011,0.1200,+0.0,+0.0000,NONE,RUNNING
="2026-08-07 08:30:00",64247,19274,0,19274,200000,-0.0011,0.1200,+0.0,+0.0000,NONE,RUNNING
="2026-08-07 08:30:01",64247,19274,0,19274,200000,-0.0011,0.1200,+0.0,+0.0000,NONE,RUNNING
="2026-08-07 08:30:02",64247,75558,56284,19274,200000,-0.0012,0.1200,+0.0,+0.0000,NONE,RUNNING
="2026-08-07 08:30:03",64243,90951,56284,34666,200000,-0.0010,0.1200,+0.0,+0.0000,NONE,RUNNING
="2026-08-07 08:30:04",64243,90951,56284,34666,200000,-0.0010,0.1200,+0.0,+0.0000,NONE,RUNNING
="2026-08-07 08:30:05",64243,90951,56284,34666,200000,-0.0008,0.1200,+0.0,+0.0000,NONE,RUNNING
="2026-08-07 08:30:06",64243,90951,56284,34666,200000,+0.0031,0.1200,+0.0,+0.0000,NONE,RUNNING
="2026-08-07 08:30:07",64243,90951,56284,34666,200000,+0.0031,0.1200,+0.0,+0.0000,NONE,RUNNING
="2026-08-07 08:30:08",64243,90951,56284,34666,200000,+0.0031,0.1200,+0.0,+0.0000,NONE,RUNNING
="2026-08-07 08:30:09",64243,107058,56284,50773,200000,+0.0040,0.1200,+0.0,+0.0000,NONE,RUNNING
="2026-08-07 08:30:10",64243,107058,56284,50773,200000,+0.0045,0.1200,+0.0,+0.0000,NONE,RUNNING
="2026-08-07 08:30:11",64243,107058,56284,50773,200000,+0.0045,0.1200,+0.0,+0.0000,NONE,RUNNING
="2026-08-07 08:30:12",64243,107058,56284,50773,200000,+0.0044,0.1200,+0.0,+0.0000,NONE,RUNNING
="2026-08-07 08:31:12",64247,261895,35078,226817,200000,-0.0160,0.1200,+0.0,+0.0000,NONE,RUNNING
="2026-08-07 08:32:12",64247,0,0,0,200000,+0.0161,0.1200,+0.0,+0.0000,NONE,RUNNING
="2026-08-07 08:33:12",64251,149091,119330,29761,200000,+0.0054,0.1200,+0.0,+0.0000,NONE,RUNNING
="2026-08-07 08:34:12",64251,23867,23867,0,200000,+0.0076,0.1200,+0.0,+0.0000,NONE,RUNNING
="2026-08-07 08:35:12",64243,55860,55860,0,200000,+0.0051,0.1200,+0.0,+0.0000,NONE,RUNNING
="2026-08-07 08:36:13",64243,0,0,0,200000,-0.0050,0.1200,+0.0,+0.0000,NONE,RUNNING
="2026-08-07 08:37:13",64243,54064,54064,0,200000,-0.0031,0.1200,+0.0,+0.0000,NONE,RUNNING
="2026-08-07 08:38:13",64205,7464015,6828717,635298,200000,+0.0155,0.1200,+0.0,+0.0000,NONE,RUNNING
="2026-08-07 08:39:13",64218,260102,25687,234415,200000,+0.0058,0.1200,+0.0,+0.0000,NONE,RUNNING
="2026-08-07 08:40:13",64217,30176,30176,0,200000,-0.0004,0.1200,+0.0,+0.0000,NONE,RUNNING
="2026-08-07 08:41:13",64209,211505,188892,22613,200000,+0.0055,0.1200,+0.0,+0.0000,NONE,RUNNING
="2026-08-07 08:42:13",64215,942594,538998,403595,200000,-0.0052,0.1200,+0.0,+0.0000,NONE,RUNNING
="2026-08-07 08:43:13",64217,351538,0,351538,200000,+0.0017,0.1200,+0.0,+0.0000,NONE,RUNNING
="2026-08-07 08:44:13",64221,1206110,10568,1195542,200000,-0.0051,0.1200,+0.0,+0.0000,NONE,RUNNING
="2026-08-07 08:45:13",64217,41882,41882,0,200000,+0.0063,0.1200,+0.0,+0.0000,NONE,RUNNING
="2026-08-07 08:46:13",64216,11035,11035,0,200000,+0.0028,0.1200,+0.0,+0.0000,NONE,RUNNING
="2026-08-07 08:47:13",64220,687328,133860,553467,200000,+0.0059,0.1200,+0.0,+0.0000,NONE,RUNNING
="2026-08-07 08:48:13",64243,66889,0,66889,200000,+0.0064,0.1200,+0.0,+0.0000,NONE,RUNNING
="2026-08-07 08:49:13",64228,1230153,991584,238568,200000,+0.0160,0.1200,+0.0,+0.0000,NONE,RUNNING
="2026-08-07 08:50:13",64231,137655,0,137655,200000,+0.0026,0.1200,+0.0,+0.0000,NONE,RUNNING
="2026-08-07 08:51:13",64271,279563,0,279563,200000,+0.0008,0.1200,+0.0,+0.0000,NONE,RUNNING
="2026-08-07 08:52:13",64273,192885,71866,121019,200000,-0.0037,0.1200,+0.0,+0.0000,NONE,RUNNING
="2026-08-07 08:53:13",64279,34322,0,34322,200000,-0.0092,0.1200,+0.0,+0.0000,NONE,RUNNING
="2026-08-07 08:54:14",64305,200847,14810,186036,200000,-0.0116,0.1200,+0.0,+0.0000,NONE,RUNNING
="2026-08-07 08:55:14",64305,29243,0,29243,200000,-0.0050,0.1200,+0.0,+0.0000,NONE,RUNNING
="2026-08-07 08:56:14",64320,10563,0,10563,200000,-0.0084,0.1200,+0.0,+0.0000,NONE,RUNNING
="2026-08-07 08:57:14",64320,261159,208124,53035,200000,-0.0046,0.1200,+0.0,+0.0000,NONE,RUNNING
="2026-08-07 08:58:14",64313,50318,50318,0,200000,-0.0050,0.1200,+0.0,+0.0000,NONE,RUNNING
="2026-08-07 08:59:14",64313,198504,198504,0,200000,+0.0032,0.1200,+0.0,+0.0000,NONE,RUNNING
="2026-08-07 09:00:14",64309,214750,116341,98408,200000,+0.0112,0.1200,+0.0,+0.0000,NONE,RUNNING
="2026-08-07 09:01:14",64320,120521,0,120521,200000,-0.0060,0.1200,+0.0,+0.0000,NONE,RUNNING
="2026-08-07 09:02:14",64342,258072,107971,150100,200000,+0.0012,0.1200,+0.0,+0.0000,NONE,RUNNING
="2026-08-07 09:03:14",64344,619736,251083,368652,200000,-0.0222,0.1200,+0.0,+0.0000,NONE,RUNNING
="2026-08-07 09:04:14",64349,19773,0,19773,200000,-0.0082,0.1200,+0.0,+0.0000,NONE,RUNNING
="2026-08-07 09:05:14",64371,146271,0,146271,200000,+0.0013,0.1200,+0.0,+0.0000,NONE,RUNNING
="2026-08-07 09:06:14",64388,218108,15654,202454,200000,+0.0036,0.1200,+0.0,+0.0000,NONE,RUNNING
="2026-08-07 09:07:14",64402,209260,66647,142612,200000,-0.0022,0.1200,+0.0,+0.0000,NONE,RUNNING
="2026-08-07 09:08:14",64402,113244,0,113244,200000,-0.0146,0.1200,+0.0,+0.0000,NONE,RUNNING
="2026-08-07 09:09:14",64400,47227,24701,22526,200000,-0.0040,0.1200,+0.0,+0.0000,NONE,RUNNING
="2026-08-07 09:10:14",64380,131338,58407,72931,200000,+0.0057,0.1200,+0.0,+0.0000,NONE,RUNNING
="2026-08-07 09:11:14",64376,46139,46139,0,200000,-0.0009,0.1200,+0.0,+0.0000,NONE,RUNNING
="2026-08-07 09:12:14",64347,195305,184238,11067,200000,+0.0026,0.1200,+0.0,+0.0000,NONE,RUNNING
="2026-08-07 09:13:15",64310,293653,174032,119621,200000,-0.0098,0.1200,+0.0,+0.0000,NONE,RUNNING
="2026-08-07 09:14:15",64282,207110,173232,33877,200000,-0.0233,0.1200,+0.0,+0.0000,NONE,RUNNING
="2026-08-07 09:15:15",64279,204550,52327,152222,200000,-0.0257,0.1200,+0.0,+0.0000,NONE,RUNNING
="2026-08-07 09:16:15",64238,227019,203669,23350,200000,+0.0004,0.1200,+0.0,+0.0000,NONE,RUNNING
="2026-08-07 09:17:15",64269,104887,0,104887,200000,-0.0430,0.1200,+0.0,+0.0000,NONE,RUNNING
="2026-08-07 09:18:15",64291,431787,11352,420435,200000,-0.0049,0.1200,+0.0,+0.0000,NONE,RUNNING
="2026-08-07 09:19:15",64286,58674,58674,0,200000,+0.0012,0.1200,+0.0,+0.0000,NONE,RUNNING
="2026-08-07 09:20:15",64262,63955,63955,0,200000,-0.0003,0.1200,+0.0,+0.0000,NONE,RUNNING
="2026-08-07 09:21:15",64243,801393,252879,548514,200000,-0.0214,0.1200,+0.0,+0.0000,NONE,RUNNING
="2026-08-07 09:22:15",64263,60368,33554,26814,200000,+0.0003,0.1200,+0.0,+0.0000,NONE,RUNNING
="2026-08-07 09:23:15",64271,32609,21564,11045,200000,-0.0152,0.1200,+0.0,+0.0000,NONE,RUNNING
="2026-08-07 09:24:15",64264,42078,27079,14998,200000,-0.0006,0.1200,+0.0,+0.0000,NONE,RUNNING
="2026-08-07 09:25:15",64264,97956,70218,27737,200000,-0.0015,0.1200,+0.0,+0.0000,NONE,RUNNING
="2026-08-07 09:26:15",64302,161428,0,161428,200000,+0.0090,0.1200,+0.0,+0.0000,NONE,RUNNING
="2026-08-07 09:27:15",64297,87159,49998,37160,200000,+0.0009,0.1200,+0.0,+0.0000,NONE,RUNNING
="2026-08-07 09:28:15",64296,0,0,0,200000,+0.0060,0.1200,+0.0,+0.0000,NONE,RUNNING
="2026-08-07 09:29:15",64280,32177,32177,0,200000,+0.0174,0.1200,+0.0,+0.0000,NONE,RUNNING
="2026-08-07 09:30:15",64265,1521631,1372934,148696,200000,+0.0154,0.1200,+0.0,+0.0000,NONE,RUNNING
="2026-08-07 09:31:15",64237,524313,460029,64284,200000,+0.0001,0.1200,+0.0,+0.0000,NONE,RUNNING
="2026-08-07 09:32:15",64247,107892,61922,45970,200000,-0.0010,0.1200,+0.0,+0.0000,NONE,RUNNING
="2026-08-07 09:33:15",64291,19238,0,19238,200000,+0.0016,0.1200,+0.0,+0.0000,NONE,RUNNING
="2026-08-07 09:34:16",64322,22862,0,22862,200000,-0.0061,0.1200,+0.0,+0.0000,NONE,RUNNING
="2026-08-07 09:35:16",64337,28413,0,28413,200000,+0.0010,0.1200,+0.0,+0.0000,NONE,RUNNING
="2026-08-07 09:36:16",64315,54066,54066,0,200000,+0.0139,0.1200,+0.0,+0.0000,NONE,RUNNING
="2026-08-07 09:37:16",64322,0,0,0,200000,-0.0048,0.1200,+0.0,+0.0000,NONE,RUNNING
="2026-08-07 09:38:16",64286,103647,103647,0,200000,+0.0011,0.1200,+0.0,+0.0000,NONE,RUNNING
="2026-08-07 09:39:16",64264,126606,20526,106079,200000,-0.0052,0.1200,+0.0,+0.0000,NONE,RUNNING
="2026-08-07 09:40:16",64284,75719,0,75719,200000,-0.0020,0.1200,+0.0,+0.0000,NONE,RUNNING
="2026-08-07 09:41:16",64256,115609,115609,0,200000,-0.0006,0.1200,+0.0,+0.0000,NONE,RUNNING
="2026-08-07 09:42:16",64253,90468,62518,27950,200000,-0.0009,0.1200,+0.0,+0.0000,NONE,RUNNING
="2026-08-07 09:43:16",64293,23517,0,23517,200000,-0.0025,0.1200,+0.0,+0.0000,NONE,RUNNING
="2026-08-07 09:44:16",64306,20080,20080,0,200000,+0.0045,0.1200,+0.0,+0.0000,NONE,RUNNING
="2026-08-07 09:45:16",64334,27793,10042,17751,200000,+0.0010,0.1200,+0.0,+0.0000,NONE,RUNNING
="2026-08-07 09:46:16",64330,140070,67545,72525,200000,+0.0032,0.1200,+0.0,+0.0000,NONE,RUNNING
="2026-08-07 09:47:16",64329,115905,104459,11445,200000,+0.0005,0.1200,+0.0,+0.0000,NONE,RUNNING
="2026-08-07 09:48:16",64287,150281,150281,0,200000,+0.0015,0.1200,+0.0,+0.0000,NONE,RUNNING
="2026-08-07 09:49:16",64261,148928,148928,0,200000,-0.0041,0.1200,+0.0,+0.0000,NONE,RUNNING
="2026-08-07 09:50:16",64269,52188,52188,0,200000,+0.0048,0.1200,+0.0,+0.0000,NONE,RUNNING
="2026-08-07 09:51:16",64283,25560,0,25560,200000,-0.0031,0.1200,+0.0,+0.0000,NONE,RUNNING
="2026-08-07 09:52:16",64312,61830,0,61830,200000,-0.0078,0.1200,+0.0,+0.0000,NONE,RUNNING
="2026-08-07 09:53:16",64330,11672,0,11672,200000,-0.0053,0.1200,+0.0,+0.0000,NONE,RUNNING
="2026-08-07 09:54:16",64311,83922,68300,15621,200000,-0.0042,0.1200,+0.0,+0.0000,NONE,RUNNING
="2026-08-07 09:55:16",64309,60891,60891,0,200000,-0.0076,0.1200,+0.0,+0.0000,NONE,RUNNING
="2026-08-07 09:56:16",64279,112268,63316,48952,200000,-0.0010,0.1200,+0.0,+0.0000,NONE,RUNNING
="2026-08-07 09:57:16",64320,127902,0,127902,200000,+0.0025,0.1200,+0.0,+0.0000,NONE,RUNNING
="2026-08-07 09:58:16",64315,235354,90812,144542,200000,-0.0056,0.1200,+0.0,+0.0000,NONE,RUNNING
="2026-08-07 09:59:16",64305,25601,25601,0,200000,+0.0041,0.1200,+0.0,+0.0000,NONE,RUNNING
="2026-08-07 10:00:17",64365,218188,13596,204592,200000,-0.0006,0.1200,+0.0,+0.0000,NONE,RUNNING
="2026-08-07 10:01:17",64379,1630183,28067,1602116,200000,+0.0047,0.1200,+0.0,+0.0000,NONE,RUNNING
="2026-08-07 10:02:17",64401,116942,0,116942,200000,+0.0004,0.1200,+0.0,+0.0000,NONE,RUNNING
="2026-08-07 10:03:17",64408,44830,11038,33791,200000,+0.0031,0.1200,+0.0,+0.0000,NONE,RUNNING
="2026-08-07 10:04:17",64436,260425,114485,145939,200000,-0.0568,0.1200,+0.0,+0.0000,NONE,RUNNING
="2026-08-07 10:04:22",64436,260425,114485,145939,200000,-0.0623,0.1200,+0.0,+0.0000,NONE,RUNNING
="2026-08-07 10:04:23",64436,260425,114485,145939,200000,-0.0623,0.1200,+0.0,+0.0000,NONE,RUNNING
="2026-08-07 10:04:24",64436,260425,114485,145939,200000,-0.0623,0.1200,+0.0,+0.0000,NONE,RUNNING
="2026-08-07 10:04:25",64436,260425,114485,145939,200000,-0.0623,0.1200,+0.0,+0.0000,NONE,RUNNING
="2026-08-07 10:04:26",64436,260425,114485,145939,200000,-0.0623,0.1200,+0.0,+0.0000,NONE,RUNNING
="2026-08-07 10:04:27",64436,260425,114485,145939,200000,-0.0623,0.1200,+0.0,+0.0000,NONE,RUNNING
="2026-08-07 10:04:28",64436,260425,114485,145939,200000,-0.0623,0.1200,+0.0,+0.0000,NONE,RUNNING
="2026-08-07 10:04:29",64436,260425,114485,145939,200000,-0.0623,0.1200,+0.0,+0.0000,NONE,RUNNING
="2026-08-07 10:04:30",64435,246299,114485,131814,200000,-0.0624,0.1200,+0.0,+0.0000,NONE,RUNNING
="2026-08-07 10:04:31",64435,246299,114485,131814,200000,-0.0624,0.1200,+0.0,+0.0000,NONE,RUNNING
="2026-08-07 10:04:32",64435,246299,114485,131814,200000,-0.0641,0.1200,+0.0,+0.0000,NONE,RUNNING
="2026-08-07 10:04:33",64435,246299,114485,131814,200000,-0.0641,0.1200,+0.0,+0.0000,NONE,RUNNING
="2026-08-07 10:04:34",64435,246299,114485,131814,200000,-0.0641,0.1200,+0.0,+0.0000,NONE,RUNNING
="2026-08-07 10:04:35",64435,246299,114485,131814,200000,-0.0641,0.1200,+0.0,+0.0000,NONE,RUNNING
="2026-08-07 10:04:36",64435,246299,114485,131814,200000,-0.0641,0.1200,+0.0,+0.0000,NONE,RUNNING
="2026-08-07 10:04:37",64435,150150,114485,35665,200000,-0.0637,0.1200,+0.0,+0.0000,NONE,RUNNING
="2026-08-07 10:04:38",64435,80272,44607,35665,200000,-0.0674,0.1200,+0.0,+0.0000,NONE,RUNNING
="2026-08-07 10:04:39",64435,80272,44607,35665,200000,-0.0674,0.1200,+0.0,+0.0000,NONE,RUNNING
="2026-08-07 10:04:40",64435,80272,44607,35665,200000,-0.0674,0.1200,+0.0,+0.0000,NONE,RUNNING
="2026-08-07 10:04:41",64435,80272,44607,35665,200000,-0.0669,0.1200,+0.0,+0.0000,NONE,RUNNING
="2026-08-07 10:04:42",64435,80272,44607,35665,200000,-0.0669,0.1200,+0.0,+0.0000,NONE,RUNNING
="2026-08-07 10:04:43",64435,80272,44607,35665,200000,-0.0316,0.1200,+0.0,+0.0000,NONE,RUNNING
="2026-08-07 10:04:44",64435,80272,44607,35665,200000,-0.0316,0.1200,+0.0,+0.0000,NONE,RUNNING
="2026-08-07 10:04:45",64435,80272,44607,35665,200000,-0.0316,0.1200,+0.0,+0.0000,NONE,RUNNING
="2026-08-07 10:04:46",64435,80272,44607,35665,200000,-0.0286,0.1200,+0.0,+0.0000,NONE,RUNNING
="2026-08-07 10:04:47",64435,80272,44607,35665,200000,-0.0286,0.1200,+0.0,+0.0000,NONE,RUNNING
="2026-08-07 10:04:48",64434,80272,44607,35665,200000,-0.0286,0.1200,+0.0,+0.0000,NONE,RUNNING
="2026-08-07 10:04:49",64434,80272,44607,35665,200000,-0.0286,0.1200,+0.0,+0.0000,NONE,RUNNING
="2026-08-07 10:04:50",64434,80272,44607,35665,200000,-0.0287,0.1200,+0.0,+0.0000,NONE,RUNNING
="2026-08-07 10:04:51",64434,80272,44607,35665,200000,-0.0287,0.1200,+0.0,+0.0000,NONE,RUNNING
="2026-08-07 10:04:52",64434,112592,76927,35665,200000,-0.0215,0.1200,+0.0,+0.0000,NONE,RUNNING
="2026-08-07 10:04:53",64429,124446,88781,35665,200000,-0.0215,0.1200,+0.0,+0.0000,NONE,RUNNING
="2026-08-07 10:04:54",64421,124446,88781,35665,200000,-0.0215,0.1200,+0.0,+0.0000,NONE,RUNNING
="2026-08-07 10:04:55",64420,124446,88781,35665,200000,-0.0216,0.1200,+0.0,+0.0000,NONE,RUNNING
="2026-08-07 10:04:56",64416,124446,88781,35665,200000,-0.0257,0.1200,+0.0,+0.0000,NONE,RUNNING
="2026-08-07 10:04:57",64416,79839,44174,35665,200000,-0.0257,0.1200,+0.0,+0.0000,NONE,RUNNING
="2026-08-07 10:04:58",64414,79839,44174,35665,200000,-0.0246,0.1200,+0.0,+0.0000,NONE,RUNNING
="2026-08-07 10:04:59",64414,79839,44174,35665,200000,-0.0246,0.1200,+0.0,+0.0000,NONE,RUNNING
="2026-08-07 10:05:00",64411,79839,44174,35665,200000,-0.0156,0.1200,+0.0,+0.0000,NONE,RUNNING
="2026-08-07 10:05:01",64400,79839,44174,35665,200000,-0.0156,0.1200,+0.0,+0.0000,NONE,RUNNING
="2026-08-07 10:05:02",64400,79839,44174,35665,200000,-0.0156,0.1200,+0.0,+0.0000,NONE,RUNNING
="2026-08-07 10:05:03",64396,79839,44174,35665,200000,-0.0198,0.1200,+0.0,+0.0000,NONE,RUNNING
="2026-08-07 10:05:04",64396,122151,44174,77977,200000,-0.0198,0.1200,+0.0,+0.0000,NONE,RUNNING
="2026-08-07 10:05:05",64405,122151,44174,77977,200000,-0.0198,0.1200,+0.0,+0.0000,NONE,RUNNING
="2026-08-07 10:05:06",64405,122151,44174,77977,200000,-0.0198,0.1200,+0.0,+0.0000,NONE,RUNNING
="2026-08-07 10:05:07",64405,122151,44174,77977,200000,-0.0187,0.1200,+0.0,+0.0000,NONE,RUNNING
="2026-08-07 10:05:08",64405,122151,44174,77977,200000,-0.0179,0.1200,+0.0,+0.0000,NONE,RUNNING
="2026-08-07 10:05:09",64405,122151,44174,77977,200000,-0.0179,0.1200,+0.0,+0.0000,NONE,RUNNING
="2026-08-07 10:05:10",64405,122151,44174,77977,200000,-0.0179,0.1200,+0.0,+0.0000,NONE,RUNNING
="2026-08-07 10:05:11",64405,122151,44174,77977,200000,-0.0179,0.1200,+0.0,+0.0000,NONE,RUNNING
="2026-08-07 10:05:12",64405,122151,44174,77977,200000,-0.0183,0.1200,+0.0,+0.0000,NONE,RUNNING
="2026-08-07 10:05:13",64405,122151,44174,77977,200000,-0.0183,0.1200,+0.0,+0.0000,NONE,RUNNING
="2026-08-07 10:05:15",64405,122151,44174,77977,200000,-0.0183,0.1200,+0.0,+0.0000,NONE,RUNNING
="2026-08-07 10:05:16",64406,122151,44174,77977,200000,-0.0222,0.1200,+0.0,+0.0000,NONE,RUNNING
="2026-08-07 10:05:17",64409,122151,44174,77977,200000,-0.0218,0.1200,+0.0,+0.0000,NONE,RUNNING
="2026-08-07 10:05:18",64409,122151,44174,77977,200000,-0.0269,0.1200,+0.0,+0.0000,NONE,RUNNING
="2026-08-07 10:05:19",64409,122151,44174,77977,200000,-0.0269,0.1200,+0.0,+0.0000,NONE,RUNNING
="2026-08-07 10:05:20",64409,122151,44174,77977,200000,-0.0274,0.1200,+0.0,+0.0000,NONE,RUNNING
="2026-08-07 10:05:21",64409,122151,44174,77977,200000,-0.0274,0.1200,+0.0,+0.0000,NONE,RUNNING
="2026-08-07 10:05:22",64410,122151,44174,77977,200000,-0.0274,0.1200,+0.0,+0.0000,NONE,RUNNING
="2026-08-07 10:05:23",64409,122151,44174,77977,200000,-0.0216,0.1200,+0.0,+0.0000,NONE,RUNNING
="2026-08-07 10:05:24",64411,122151,44174,77977,200000,-0.0216,0.1200,+0.0,+0.0000,NONE,RUNNING
="2026-08-07 10:05:25",64411,122151,44174,77977,200000,-0.0220,0.1200,+0.0,+0.0000,NONE,RUNNING
="2026-08-07 10:05:26",64411,122151,44174,77977,200000,-0.0220,0.1200,+0.0,+0.0000,NONE,RUNNING
="2026-08-07 10:05:27",64413,159157,44174,114983,200000,-0.0210,0.1200,+0.0,+0.0000,NONE,RUNNING
="2026-08-07 10:05:28",64413,159157,44174,114983,200000,-0.0210,0.1200,+0.0,+0.0000,NONE,RUNNING
="2026-08-07 10:05:29",64413,159157,44174,114983,200000,-0.0210,0.1200,+0.0,+0.0000,NONE,RUNNING
="2026-08-07 10:05:30",64413,159157,44174,114983,200000,-0.0210,0.1200,+0.0,+0.0000,NONE,RUNNING
="2026-08-07 10:05:31",64413,159157,44174,114983,200000,-0.0210,0.1200,+0.0,+0.0000,NONE,RUNNING
="2026-08-07 10:05:32",64413,159157,44174,114983,200000,-0.0192,0.1200,+0.0,+0.0000,NONE,RUNNING
="2026-08-07 10:05:33",64413,159157,44174,114983,200000,-0.0190,0.1200,+0.0,+0.0000,NONE,RUNNING
="2026-08-07 10:05:34",64413,159157,44174,114983,200000,-0.0190,0.1200,+0.0,+0.0000,NONE,RUNNING
="2026-08-07 10:05:35",64413,159157,44174,114983,200000,-0.0190,0.1200,+0.0,+0.0000,NONE,RUNNING
="2026-08-07 10:05:36",64413,159157,44174,114983,200000,-0.0190,0.1200,+0.0,+0.0000,NONE,RUNNING
="2026-08-07 10:05:37",64413,159157,44174,114983,200000,-0.0190,0.1200,+0.0,+0.0000,NONE,RUNNING
="2026-08-07 10:06:37",64394,147213,95702,51510,200000,+0.0122,0.1200,+0.0,+0.0000,NONE,RUNNING
="2026-08-07 10:07:37",64396,81951,56937,25014,200000,-0.0064,0.1200,+0.0,+0.0000,NONE,RUNNING
="2026-08-07 10:08:37",64399,19630,19630,0,200000,-0.0060,0.1200,+0.0,+0.0000,NONE,RUNNING
="2026-08-07 10:09:37",64377,81775,81775,0,200000,+0.0005,0.1200,+0.0,+0.0000,NONE,RUNNING
="2026-08-07 10:10:37",64363,25567,25567,0,200000,-0.0027,0.1200,+0.0,+0.0000,NONE,RUNNING
="2026-08-07 10:11:37",64348,73489,26567,46922,200000,+0.0026,0.1200,+0.0,+0.0000,NONE,RUNNING
="2026-08-07 10:12:37",64377,11432,11432,0,200000,+0.0043,0.1200,+0.0,+0.0000,NONE,RUNNING
="2026-08-07 10:13:37",64373,259770,259770,0,200000,-0.0025,0.1200,+0.0,+0.0000,NONE,RUNNING
="2026-08-07 10:14:37",64363,25312,25312,0,200000,+0.0026,0.1200,+0.0,+0.0000,NONE,RUNNING
="2026-08-07 10:15:37",64350,32825,20461,12364,200000,+0.0020,0.1200,+0.0,+0.0000,NONE,RUNNING
="2026-08-07 10:16:37",64326,159099,138642,20456,200000,+0.0062,0.1200,+0.0,+0.0000,NONE,RUNNING
="2026-08-07 10:17:37",64353,131870,75476,56394,200000,-0.0029,0.1200,+0.0,+0.0000,NONE,RUNNING
="2026-08-07 10:18:37",64336,47776,47776,0,200000,-0.0001,0.1200,+0.0,+0.0000,NONE,RUNNING
="2026-08-07 10:19:37",64340,53787,11087,42700,200000,+0.0094,0.1200,+0.0,+0.0000,NONE,RUNNING
="2026-08-07 10:20:37",64337,37556,26443,11113,200000,+0.0164,0.1200,+0.0,+0.0000,NONE,RUNNING
="2026-08-07 10:21:38",64344,12763,12763,0,200000,+0.0024,0.1200,+0.0,+0.0000,NONE,RUNNING
="2026-08-07 10:22:38",64334,31010,20864,10146,200000,+0.0017,0.1200,+0.0,+0.0000,NONE,RUNNING
="2026-08-07 10:23:38",64333,22467,11002,11464,200000,-0.0037,0.1200,+0.0,+0.0000,NONE,RUNNING
="2026-08-07 10:24:38",64345,24321,12869,11451,200000,+0.0021,0.1200,+0.0,+0.0000,NONE,RUNNING
="2026-08-07 10:25:38",64344,1115832,682436,433395,200000,-0.0050,0.1200,+0.0,+0.0000,NONE,RUNNING
="2026-08-07 10:26:38",64367,284935,192437,92497,200000,+0.0020,0.1200,+0.0,+0.0000,NONE,RUNNING
="2026-08-07 10:27:38",64387,99836,33165,66670,200000,-0.0010,0.1200,+0.0,+0.0000,NONE,RUNNING
="2026-08-07 10:28:38",64416,1160815,0,1160815,200000,+0.0068,0.1200,+0.0,+0.0000,NONE,RUNNING
="2026-08-07 10:29:38",64427,172214,10973,161240,200000,+0.0016,0.1200,+0.0,+0.0000,NONE,RUNNING
="2026-08-07 10:30:38",64442,994964,15144,979820,200000,+0.0108,0.1200,+0.0,+0.0000,NONE,RUNNING
="2026-08-07 10:31:38",64427,14894,14894,0,200000,+0.0070,0.1200,+0.0,+0.0000,NONE,RUNNING
="2026-08-07 10:32:38",64444,215392,26873,188518,200000,-0.0013,0.1200,+0.0,+0.0000,NONE,RUNNING
="2026-08-07 10:33:38",64472,113031,35297,77733,200000,+0.0355,0.1200,+0.0,+0.0000,NONE,RUNNING
="2026-08-07 10:34:38",64460,134332,134332,0,200000,-0.0009,0.1200,+0.0,+0.0000,NONE,RUNNING
="2026-08-07 10:35:38",64439,35268,24244,11024,200000,+0.0024,0.1200,+0.0,+0.0000,NONE,RUNNING
="2026-08-07 10:36:38",64437,59009,32746,26263,200000,-0.0030,0.1200,+0.0,+0.0000,NONE,RUNNING
="2026-08-07 10:37:38",64432,129224,11271,117953,200000,-0.0040,0.1200,+0.0,+0.0000,NONE,RUNNING
="2026-08-07 10:38:38",64405,84559,61299,23259,200000,-0.0116,0.1200,+0.0,+0.0000,NONE,RUNNING
="2026-08-07 10:39:38",64390,68027,68027,0,200000,-0.0053,0.1200,+0.0,+0.0000,NONE,RUNNING
="2026-08-07 10:40:38",64308,692610,692610,0,200000,+0.0015,0.1200,+0.0,+0.0000,NONE,RUNNING
="2026-08-07 10:41:38",64352,342939,0,342939,200000,+0.0011,0.1200,+0.0,+0.0000,NONE,RUNNING
="2026-08-07 10:42:38",64345,27088,12703,14385,200000,-0.0096,0.1200,+0.0,+0.0000,NONE,RUNNING
="2026-08-07 10:43:38",64370,0,0,0,200000,+0.0016,0.1200,+0.0,+0.0000,NONE,RUNNING
="2026-08-07 10:44:38",64372,43368,43368,0,200000,+0.0059,0.1200,+0.0,+0.0000,NONE,RUNNING
="2026-08-07 10:45:38",64395,130091,47880,82211,200000,+0.0062,0.1200,+0.0,+0.0000,NONE,RUNNING
="2026-08-07 10:46:39",64424,85304,0,85304,200000,-0.0042,0.1200,+0.0,+0.0000,NONE,RUNNING
="2026-08-07 10:47:39",64390,163333,163333,0,200000,-0.0033,0.1200,+0.0,+0.0000,NONE,RUNNING
="2026-08-07 10:48:39",64397,69501,12877,56624,200000,+0.0058,0.1200,+0.0,+0.0000,NONE,RUNNING
="2026-08-07 10:49:39",64417,88836,0,88836,200000,+0.0034,0.1200,+0.0,+0.0000,NONE,RUNNING
="2026-08-07 10:50:39",64417,245290,147767,97523,200000,-0.0068,0.1200,+0.0,+0.0000,NONE,RUNNING
="2026-08-07 10:51:39",64416,44393,22035,22357,200000,-0.0008,0.1200,+0.0,+0.0000,NONE,RUNNING
="2026-08-07 10:52:39",64417,57015,16939,40075,200000,-0.0018,0.1200,+0.0,+0.0000,NONE,RUNNING
="2026-08-07 10:53:39",64397,35244,35244,0,200000,-0.0011,0.1200,+0.0,+0.0000,NONE,RUNNING
="2026-08-07 10:54:39",64425,1351192,0,1351192,200000,+0.0145,0.1200,+0.0,+0.0000,NONE,RUNNING
="2026-08-07 10:55:39",64419,171863,171863,0,200000,-0.0012,0.1200,+0.0,+0.0000,NONE,RUNNING
="2026-08-07 10:56:39",64396,10211,10211,0,200000,-0.0050,0.1200,+0.0,+0.0000,NONE,RUNNING
="2026-08-07 10:57:39",64422,109626,55817,53809,200000,+0.0036,0.1200,+0.0,+0.0000,NONE,RUNNING
="2026-08-07 10:58:39",64445,74240,10694,63545,200000,-0.0024,0.1200,+0.0,+0.0000,NONE,RUNNING
="2026-08-07 10:59:39",64421,83696,66320,17375,200000,+0.0087,0.1200,+0.0,+0.0000,NONE,RUNNING
="2026-08-07 11:00:39",64427,541908,0,541908,200000,+0.0160,0.1200,+0.0,+0.0000,NONE,RUNNING
="2026-08-07 11:01:39",64429,476881,355558,121323,200000,+0.0106,0.1200,+0.0,+0.0000,NONE,RUNNING
="2026-08-07 11:02:39",64406,48412,34100,14311,200000,+0.0037,0.1200,+0.0,+0.0000,NONE,RUNNING
="2026-08-07 11:03:39",64409,49927,0,49927,200000,+0.0026,0.1200,+0.0,+0.0000,NONE,RUNNING
="2026-08-07 11:04:39",64428,158228,117545,40682,200000,-0.0024,0.1200,+0.0,+0.0000,NONE,RUNNING
="2026-08-07 11:05:39",64394,78094,78094,0,200000,+0.0118,0.1200,+0.0,+0.0000,NONE,RUNNING
="2026-08-07 11:06:39",64396,38713,27685,11027,200000,+0.0023,0.1200,+0.0,+0.0000,NONE,RUNNING
="2026-08-07 11:07:40",64412,21853,21853,0,200000,+0.0001,0.1200,+0.0,+0.0000,NONE,RUNNING
="2026-08-07 11:08:40",64381,170001,170001,0,200000,+0.0023,0.1200,+0.0,+0.0000,NONE,RUNNING
="2026-08-07 11:09:40",64339,283104,155258,127845,200000,-0.0039,0.1200,+0.0,+0.0000,NONE,RUNNING
="2026-08-07 11:10:40",64318,32218,32218,0,200000,+0.0126,0.1200,+0.0,+0.0000,NONE,RUNNING
="2026-08-07 11:11:40",64275,415222,370350,44872,200000,+0.0108,0.1200,+0.0,+0.0000,NONE,RUNNING
="2026-08-07 11:12:40",64359,145255,16497,128758,200000,-0.0217,0.1200,+0.0,+0.0000,NONE,RUNNING
="2026-08-07 11:13:40",64375,140952,51007,89944,200000,-0.0110,0.1200,+0.0,+0.0000,NONE,RUNNING
="2026-08-07 11:14:40",64403,82252,20000,62251,200000,-0.0101,0.1200,+0.0,+0.0000,NONE,RUNNING
="2026-08-07 11:15:33",64517,1385538,556995,828542,200000,-0.1511,0.1200,+0.0,+0.0000,LONG,RUNNING
="2026-08-07 11:15:34",64516,1403206,574663,828542,200000,-0.1511,0.1200,+0.0,+0.0000,LONG,RUNNING
="2026-08-07 11:15:35",64506,1403206,574663,828542,200000,-0.1511,0.1200,+0.0,+0.0000,LONG,RUNNING
="2026-08-07 11:15:36",64506,1428286,599743,828542,200000,-0.1510,0.1200,+0.0,+0.0000,LONG,RUNNING
="2026-08-07 11:15:37",64501,1428286,599743,828542,200000,-0.1788,0.1200,+0.0,+0.0000,LONG,RUNNING
="2026-08-07 11:15:38",64501,1428286,599743,828542,200000,-0.1804,0.1200,+0.0,+0.0000,LONG,RUNNING
="2026-08-07 11:15:39",64501,1428286,599743,828542,200000,-0.1804,0.1200,+0.0,+0.0000,LONG,RUNNING
="2026-08-07 11:15:40",64501,1428286,599743,828542,200000,-0.1785,0.1200,+0.0,+0.0000,LONG,RUNNING
="2026-08-07 11:15:41",64501,1428286,599743,828542,200000,-0.1787,0.1200,+0.0,+0.0000,LONG,RUNNING
="2026-08-07 11:15:42",64501,1357918,509378,848539,200000,-0.1790,0.1200,+0.0,+0.0000,LONG,RUNNING
="2026-08-07 11:15:43",64498,1402828,554288,848539,200000,-0.1790,0.1200,+0.0,+0.0000,LONG,RUNNING
="2026-08-07 11:15:44",64486,1402828,554288,848539,200000,-0.1790,0.1200,+0.0,+0.0000,LONG,RUNNING
="2026-08-07 11:15:46",64486,1402828,554288,848539,200000,-0.1790,0.1200,+0.0,+0.0000,LONG,RUNNING
="2026-08-07 11:15:47",64486,1414324,554288,860036,200000,-0.1769,0.1200,+0.0,+0.0000,LONG,RUNNING
="2026-08-07 11:15:48",64503,1424598,554288,870310,200000,-0.1787,0.1200,+0.0,+0.0000,LONG,RUNNING
="2026-08-07 11:15:49",64503,1424598,554288,870310,200000,-0.1787,0.1200,+0.0,+0.0000,LONG,RUNNING
="2026-08-07 11:15:50",64504,1424598,554288,870310,200000,-0.1787,0.1200,+0.0,+0.0000,LONG,RUNNING
="2026-08-07 11:15:51",64504,1424598,554288,870310,200000,-0.1784,0.1200,+0.0,+0.0000,LONG,RUNNING
="2026-08-07 11:15:52",64503,1424598,554288,870310,200000,-0.1818,0.1200,+0.0,+0.0000,LONG,RUNNING
="2026-08-07 11:15:53",64504,1424598,554288,870310,200000,-0.1818,0.1200,+0.0,+0.0000,LONG,RUNNING
="2026-08-07 11:15:54",64504,1424598,554288,870310,200000,-0.1819,0.1200,+0.0,+0.0000,LONG,RUNNING
="2026-08-07 11:15:55",64504,1424598,554288,870310,200000,-0.1819,0.1200,+0.0,+0.0000,LONG,RUNNING
="2026-08-07 11:15:56",64504,1424598,554288,870310,200000,-0.1884,0.1200,+0.0,+0.0000,LONG,RUNNING
="2026-08-07 11:15:57",64508,1720023,685863,1034159,200000,-0.1934,0.1200,+0.0,+0.0000,LONG,RUNNING
="2026-08-07 11:15:58",64508,1720023,685863,1034159,200000,-0.1934,0.1200,+0.0,+0.0000,LONG,RUNNING
="2026-08-07 11:15:59",64508,1720023,685863,1034159,200000,-0.1935,0.1200,+0.0,+0.0000,LONG,RUNNING
="2026-08-07 11:16:00",64511,1854997,820837,1034159,200000,-0.1935,0.1200,+0.0,+0.0000,LONG,RUNNING
="2026-08-07 11:16:01",64511,1854997,820837,1034159,200000,-0.1935,0.1200,+0.0,+0.0000,LONG,RUNNING
="2026-08-07 11:16:02",64511,1854997,820837,1034159,200000,-0.1782,0.1200,+0.0,+0.0000,LONG,RUNNING
="2026-08-07 11:16:03",64510,1915292,881132,1034159,200000,-0.1786,0.1200,+0.0,+0.0000,LONG,RUNNING
="2026-08-07 11:16:04",64505,1915292,881132,1034159,200000,-0.1786,0.1200,+0.0,+0.0000,LONG,RUNNING
="2026-08-07 11:16:05",64504,1915292,881132,1034159,200000,-0.1790,0.1200,+0.0,+0.0000,LONG,RUNNING
="2026-08-07 11:16:06",64504,1915292,881132,1034159,200000,-0.1805,0.1200,+0.0,+0.0000,LONG,RUNNING
="2026-08-07 11:16:07",64504,1985236,951077,1034159,200000,-0.1805,0.1200,+0.0,+0.0000,LONG,RUNNING
="2026-08-07 11:16:08",64502,1985236,951077,1034159,200000,-0.1805,0.1200,+0.0,+0.0000,LONG,RUNNING
="2026-08-07 11:16:09",64502,1985236,951077,1034159,200000,-0.1808,0.1200,+0.0,+0.0000,LONG,RUNNING
="2026-08-07 11:16:10",64502,1985236,951077,1034159,200000,-0.1808,0.1200,+0.0,+0.0000,LONG,RUNNING
="2026-08-07 11:16:11",64502,1985236,951077,1034159,200000,-0.1808,0.1200,+0.0,+0.0000,LONG,RUNNING
="2026-08-07 11:16:12",64502,2085409,951077,1134332,200000,-0.1829,0.1200,+0.0,+0.0000,LONG,RUNNING
="2026-08-07 11:16:13",64506,2085409,951077,1134332,200000,-0.1829,0.1200,+0.0,+0.0000,LONG,RUNNING
="2026-08-07 11:16:14",64506,2085409,951077,1134332,200000,-0.1833,0.1200,+0.0,+0.0000,LONG,RUNNING
="2026-08-07 11:16:15",64506,2105409,971077,1134332,200000,-0.1855,0.1200,+0.0,+0.0000,LONG,RUNNING
="2026-08-07 11:16:16",64505,2105409,971077,1134332,200000,-0.1855,0.1200,+0.0,+0.0000,LONG,RUNNING
="2026-08-07 11:16:17",64506,2120084,971077,1149007,200000,-0.1855,0.1200,+0.0,+0.0000,LONG,RUNNING
="2026-08-07 11:16:18",64511,2107547,971077,1136470,200000,-0.1992,0.1200,+0.0,+0.0000,LONG,RUNNING
="2026-08-07 11:16:19",64511,2107547,971077,1136470,200000,-0.1993,0.1200,+0.0,+0.0000,LONG,RUNNING
="2026-08-07 11:16:20",64511,2091023,971077,1119946,200000,-0.1999,0.1200,+0.0,+0.0000,LONG,RUNNING
="2026-08-07 11:16:21",64511,2123279,971077,1152202,200000,-0.1999,0.1200,+0.0,+0.0000,LONG,RUNNING
="2026-08-07 11:16:22",64511,2123279,971077,1152202,200000,-0.2029,0.1200,+0.0,+0.0000,LONG,RUNNING
="2026-08-07 11:16:23",64511,2123279,971077,1152202,200000,-0.2027,0.1200,+0.0,+0.0000,LONG,RUNNING
="2026-08-07 11:16:24",64511,2123279,971077,1152202,200000,-0.2027,0.1200,+0.0,+0.0000,LONG,RUNNING
="2026-08-07 11:16:25",64511,2263929,971077,1292852,200000,-0.2027,0.1200,+0.0,+0.0000,LONG,RUNNING
="2026-08-07 11:16:26",64515,2263929,971077,1292852,200000,-0.2029,0.1200,+0.0,+0.0000,LONG,RUNNING
="2026-08-07 11:16:27",64515,2263929,971077,1292852,200000,-0.2029,0.1200,+0.0,+0.0000,LONG,RUNNING
="2026-08-07 11:16:28",64515,2263929,971077,1292852,200000,-0.2023,0.1200,+0.0,+0.0000,LONG,RUNNING
="2026-08-07 11:16:29",64515,1748782,971077,777705,200000,-0.2023,0.1200,+0.0,+0.0000,SHORT,RUNNING
="2026-08-07 11:16:30",64521,1466506,918794,547711,200000,-0.2033,0.1200,+0.0,+0.0000,SHORT,RUNNING
="2026-08-07 11:16:31",64535,1055492,536504,518988,200000,-0.2033,0.1200,+0.0,+0.0000,SHORT,RUNNING
="2026-08-07 11:16:32",64535,1055492,536504,518988,200000,-0.2033,0.1200,+0.0,+0.0000,SHORT,RUNNING
="2026-08-07 11:16:33",64535,1066647,536504,530142,200000,-0.0334,0.1200,+0.0,+0.0000,NONE,RUNNING
="2026-08-07 11:16:34",64544,1016921,486778,530142,200000,-0.0334,0.1200,+0.0,+0.0000,NONE,RUNNING
="2026-08-07 11:16:35",64543,1028185,498042,530142,200000,-0.0334,0.1200,+0.0,+0.0000,NONE,RUNNING
="2026-08-07 11:16:36",64535,1029565,499422,530142,200000,-0.0491,0.1200,+0.0,+0.0000,NONE,RUNNING
="2026-08-07 11:16:37",64533,1029565,499422,530142,200000,-0.0213,0.1200,+0.0,+0.0000,NONE,RUNNING
="2026-08-07 11:16:38",64532,1029565,499422,530142,200000,-0.0213,0.1200,+0.0,+0.0000,NONE,RUNNING
="2026-08-07 11:16:39",64532,1029565,499422,530142,200000,-0.0213,0.1200,+0.0,+0.0000,NONE,RUNNING
="2026-08-07 11:16:40",64532,1029565,499422,530142,200000,-0.0231,0.1200,+0.0,+0.0000,NONE,RUNNING
="2026-08-07 11:16:41",64523,1029565,499422,530142,200000,-0.0248,0.1200,+0.0,+0.0000,NONE,RUNNING
="2026-08-07 11:16:42",64522,1009567,499422,510144,200000,-0.0248,0.1200,+0.0,+0.0000,NONE,RUNNING
="2026-08-07 11:16:43",64522,977478,467333,510144,200000,-0.0245,0.1200,+0.0,+0.0000,NONE,RUNNING
="2026-08-07 11:16:44",64516,977478,467333,510144,200000,-0.0245,0.1200,+0.0,+0.0000,NONE,RUNNING
="2026-08-07 11:16:45",64510,977478,467333,510144,200000,-0.0224,0.1200,+0.0,+0.0000,NONE,RUNNING
="2026-08-07 11:16:46",64508,977478,467333,510144,200000,-0.0245,0.1200,+0.0,+0.0000,NONE,RUNNING
="2026-08-07 11:16:47",64508,955708,467333,488374,200000,-0.0248,0.1200,+0.0,+0.0000,NONE,RUNNING
="2026-08-07 11:16:48",64508,955708,467333,488374,200000,-0.0248,0.1200,+0.0,+0.0000,NONE,RUNNING
="2026-08-07 11:16:49",64508,955708,467333,488374,200000,-0.0248,0.1200,+0.0,+0.0000,NONE,RUNNING
="2026-08-07 11:16:50",64508,955708,467333,488374,200000,-0.0248,0.1200,+0.0,+0.0000,NONE,RUNNING
="2026-08-07 11:16:51",64508,955708,467333,488374,200000,-0.0248,0.1200,+0.0,+0.0000,NONE,RUNNING
="2026-08-07 11:16:52",64508,955708,467333,488374,200000,-0.0215,0.1200,+0.0,+0.0000,NONE,RUNNING
="2026-08-07 11:16:53",64508,955708,467333,488374,200000,-0.0206,0.1200,+0.0,+0.0000,NONE,RUNNING
="2026-08-07 11:16:54",64508,955708,467333,488374,200000,-0.0206,0.1200,+0.0,+0.0000,NONE,RUNNING
="2026-08-07 11:16:55",64508,955708,467333,488374,200000,-0.0141,0.1200,+0.0,+0.0000,NONE,RUNNING
="2026-08-07 11:16:56",64508,660283,335758,324525,200000,-0.0141,0.1200,+0.0,+0.0000,NONE,RUNNING
="2026-08-07 11:16:58",64508,660283,335758,324525,200000,-0.0133,0.1200,+0.0,+0.0000,NONE,RUNNING
="2026-08-07 11:16:59",64508,660283,335758,324525,200000,-0.0132,0.1200,+0.0,+0.0000,NONE,RUNNING
="2026-08-07 11:17:00",64503,536436,211910,324525,200000,-0.0132,0.1200,+0.0,+0.0000,NONE,RUNNING
="2026-08-07 11:17:01",64503,536436,211910,324525,200000,-0.0096,0.1200,+0.0,+0.0000,NONE,RUNNING
="2026-08-07 11:17:02",64503,536436,211910,324525,200000,-0.0248,0.1200,+0.0,+0.0000,NONE,RUNNING
="2026-08-07 11:17:03",64503,488656,164131,324525,200000,-0.0248,0.1200,+0.0,+0.0000,NONE,RUNNING
="2026-08-07 11:17:04",64503,476140,151615,324525,200000,-0.0251,0.1200,+0.0,+0.0000,NONE,RUNNING
="2026-08-07 11:17:05",64503,476140,151615,324525,200000,-0.0247,0.1200,+0.0,+0.0000,NONE,RUNNING
="2026-08-07 11:17:06",64503,476140,151615,324525,200000,-0.0247,0.1200,+0.0,+0.0000,NONE,RUNNING
="2026-08-07 11:17:07",64503,406196,81671,324525,200000,-0.0256,0.1200,+0.0,+0.0000,NONE,RUNNING
="2026-08-07 11:17:08",64503,406196,81671,324525,200000,-0.0256,0.1200,+0.0,+0.0000,NONE,RUNNING
="2026-08-07 11:17:09",64503,406196,81671,324525,200000,-0.0251,0.1200,+0.0,+0.0000,NONE,RUNNING
="2026-08-07 11:17:10",64503,406196,81671,324525,200000,-0.0247,0.1200,+0.0,+0.0000,NONE,RUNNING
="2026-08-07 11:17:11",64503,406196,81671,324525,200000,-0.0247,0.1200,+0.0,+0.0000,NONE,RUNNING
="2026-08-07 11:17:12",64503,406196,81671,324525,200000,-0.0242,0.1200,+0.0,+0.0000,NONE,RUNNING
="2026-08-07 11:17:13",64503,306023,81671,224352,200000,-0.0234,0.1200,+0.0,+0.0000,NONE,RUNNING
="2026-08-07 11:17:14",64503,306023,81671,224352,200000,-0.0231,0.1200,+0.0,+0.0000,NONE,RUNNING
="2026-08-07 11:17:15",64503,306023,81671,224352,200000,-0.0231,0.1200,+0.0,+0.0000,NONE,RUNNING
="2026-08-07 11:17:16",64503,286023,61671,224352,200000,-0.0230,0.1200,+0.0,+0.0000,NONE,RUNNING
="2026-08-07 11:17:17",64503,271348,61671,209677,200000,-0.0230,0.1200,+0.0,+0.0000,NONE,RUNNING
="2026-08-07 11:17:18",64503,271348,61671,209677,200000,-0.0092,0.1200,+0.0,+0.0000,NONE,RUNNING
="2026-08-07 11:17:19",64503,271348,61671,209677,200000,-0.0092,0.1200,+0.0,+0.0000,NONE,RUNNING
="2026-08-07 11:17:20",64509,351282,61671,289611,200000,-0.0086,0.1200,+0.0,+0.0000,NONE,RUNNING
="2026-08-07 11:17:21",64512,351282,61671,289611,200000,-0.0086,0.1200,+0.0,+0.0000,NONE,RUNNING
="2026-08-07 11:17:22",64512,319026,61671,257355,200000,-0.0046,0.1200,+0.0,+0.0000,NONE,RUNNING
="2026-08-07 11:17:23",64516,319026,61671,257355,200000,-0.0048,0.1200,+0.0,+0.0000,NONE,RUNNING
="2026-08-07 11:17:24",64516,319026,61671,257355,200000,-0.0048,0.1200,+0.0,+0.0000,NONE,RUNNING
="2026-08-07 11:17:25",64516,178376,61671,116705,200000,-0.0059,0.1200,+0.0,+0.0000,NONE,RUNNING
="2026-08-07 11:17:26",64516,178376,61671,116705,200000,-0.0057,0.1200,+0.0,+0.0000,NONE,RUNNING
="2026-08-07 11:17:27",64516,178376,61671,116705,200000,-0.0061,0.1200,+0.0,+0.0000,NONE,RUNNING
="2026-08-07 11:17:28",64516,178376,61671,116705,200000,-0.0061,0.1200,+0.0,+0.0000,NONE,RUNNING
="2026-08-07 11:17:29",64516,178376,61671,116705,200000,-0.0061,0.1200,+0.0,+0.0000,NONE,RUNNING
="2026-08-07 11:17:30",64516,178376,61671,116705,200000,-0.0061,0.1200,+0.0,+0.0000,NONE,RUNNING
="2026-08-07 11:17:31",64516,152759,61671,91088,200000,-0.0061,0.1200,+0.0,+0.0000,NONE,RUNNING
="2026-08-07 11:17:32",64516,152759,61671,91088,200000,-0.0061,0.1200,+0.0,+0.0000,NONE,RUNNING
="2026-08-07 11:17:33",64516,141605,61671,79934,200000,-0.0079,0.1200,+0.0,+0.0000,NONE,RUNNING
="2026-08-07 11:18:33",64484,1375225,1352702,22522,200000,-0.0198,0.1200,+0.0,+0.0000,NONE,RUNNING
="2026-08-07 11:19:33",64465,105017,78708,26309,200000,+0.0038,0.1200,+0.0,+0.0000,NONE,RUNNING
="2026-08-07 11:20:33",64450,47157,47157,0,200000,+0.0018,0.1200,+0.0,+0.0000,NONE,RUNNING
="2026-08-07 11:21:33",64382,152767,120517,32249,200000,-0.0035,0.1200,+0.0,+0.0000,NONE,RUNNING
="2026-08-07 11:22:33",64331,755317,557389,197927,200000,+0.0106,0.1200,+0.0,+0.0000,NONE,RUNNING
="2026-08-07 11:23:33",64352,10025,0,10025,200000,-0.0117,0.1200,+0.0,+0.0000,NONE,RUNNING
="2026-08-07 11:24:33",64349,407877,273578,134298,200000,+0.0128,0.1200,+0.0,+0.0000,NONE,RUNNING
="2026-08-07 11:25:33",64327,115282,94282,20999,200000,-0.0014,0.1200,+0.0,+0.0000,NONE,RUNNING
="2026-08-07 11:26:33",64352,260800,0,260800,200000,+0.0256,0.1200,+0.0,+0.0000,NONE,RUNNING
="2026-08-07 11:27:33",64323,43812,11591,32220,200000,+0.0029,0.1200,+0.0,+0.0000,NONE,RUNNING
="2026-08-07 11:28:33",64322,182570,142877,39692,200000,+0.0009,0.1200,+0.0,+0.0000,NONE,RUNNING
="2026-08-07 11:29:33",64310,189239,53435,135803,200000,-0.0156,0.1200,+0.0,+0.0000,NONE,RUNNING
="2026-08-07 11:30:33",64328,264626,10937,253689,200000,-0.0101,0.1200,+0.0,+0.0000,NONE,RUNNING
="2026-08-07 11:31:34",64346,155710,119023,36687,200000,-0.0034,0.1200,+0.0,+0.0000,NONE,RUNNING
="2026-08-07 11:32:34",64309,197312,197312,0,200000,+0.0021,0.1200,+0.0,+0.0000,NONE,RUNNING
="2026-08-07 11:33:34",64335,95292,32798,62494,200000,-0.0057,0.1200,+0.0,+0.0000,NONE,RUNNING
="2026-08-07 11:34:34",64342,54090,54090,0,200000,-0.0087,0.1200,+0.0,+0.0000,NONE,RUNNING
="2026-08-07 11:35:34",64337,105910,82393,23517,200000,+0.0002,0.1200,+0.0,+0.0000,NONE,RUNNING
="2026-08-07 11:36:34",64345,12337,0,12337,200000,-0.0047,0.1200,+0.0,+0.0000,NONE,RUNNING
="2026-08-07 11:37:34",64330,197816,30217,167598,200000,-0.0047,0.1200,+0.0,+0.0000,NONE,RUNNING
="2026-08-07 11:38:34",64322,0,0,0,200000,+0.0055,0.1200,+0.0,+0.0000,NONE,RUNNING
="2026-08-07 11:39:34",64306,92307,92307,0,200000,-0.0020,0.1200,+0.0,+0.0000,NONE,RUNNING
="2026-08-07 11:40:34",64280,42436,42436,0,200000,-0.0020,0.1200,+0.0,+0.0000,NONE,RUNNING
="2026-08-07 11:41:34",64385,1014444,225347,789096,200000,+0.0029,0.1200,+0.0,+0.0000,NONE,RUNNING
="2026-08-07 11:42:34",64384,410081,190043,220038,200000,-0.0018,0.1200,+0.0,+0.0000,NONE,RUNNING
="2026-08-07 11:43:34",64393,71359,17439,53919,200000,+0.0030,0.1200,+0.0,+0.0000,NONE,RUNNING
="2026-08-07 11:44:34",64415,309764,122685,187078,200000,-0.0118,0.1200,+0.0,+0.0000,NONE,RUNNING
="2026-08-07 11:45:34",64408,15808,15808,0,200000,+0.0026,0.1200,+0.0,+0.0000,NONE,RUNNING
="2026-08-07 11:46:34",64414,76525,52397,24127,200000,-0.0048,0.1200,+0.0,+0.0000,NONE,RUNNING
="2026-08-07 11:47:34",64422,47658,0,47658,200000,+0.0022,0.1200,+0.0,+0.0000,NONE,RUNNING
="2026-08-07 11:48:34",64440,277046,129919,147126,200000,-0.0095,0.1200,+0.0,+0.0000,NONE,RUNNING
="2026-08-07 11:49:34",64420,280195,280195,0,200000,-0.0006,0.1200,+0.0,+0.0000,NONE,RUNNING
="2026-08-07 11:50:34",64463,251390,56792,194597,200000,-0.0024,0.1200,+0.0,+0.0000,NONE,RUNNING
="2026-08-07 11:51:34",64471,0,0,0,200000,-0.0121,0.1200,+0.0,+0.0000,NONE,RUNNING
="2026-08-07 11:52:34",64438,309929,275277,34651,200000,+0.0136,0.1200,+0.0,+0.0000,NONE,RUNNING
="2026-08-07 11:53:34",64437,35213,0,35213,200000,+0.0024,0.1200,+0.0,+0.0000,NONE,RUNNING
="2026-08-07 11:54:35",64436,0,0,0,200000,-0.0020,0.1200,+0.0,+0.0000,NONE,RUNNING
="2026-08-07 11:55:35",64431,23410,23410,0,200000,+0.0029,0.1200,+0.0,+0.0000,NONE,RUNNING
="2026-08-07 11:56:35",64419,180311,24446,155864,200000,-0.0025,0.1200,+0.0,+0.0000,NONE,RUNNING
="2026-08-07 11:57:35",64418,41291,13921,27369,200000,-0.0015,0.1200,+0.0,+0.0000,NONE,RUNNING
="2026-08-07 11:58:35",64396,61997,11997,49999,200000,+0.0003,0.1200,+0.0,+0.0000,NONE,RUNNING
="2026-08-07 11:59:35",64399,0,0,0,200000,+0.0018,0.1200,+0.0,+0.0000,NONE,RUNNING
="2026-08-07 12:00:35",64370,299824,299824,0,200000,-0.0006,0.1200,+0.0,+0.0000,NONE,RUNNING
="2026-08-07 12:01:35",64324,391432,227052,164380,200000,+0.0360,0.1200,+0.0,+0.0000,NONE,RUNNING
="2026-08-07 12:02:35",64327,0,0,0,200000,+0.0122,0.1200,+0.0,+0.0000,NONE,RUNNING
="2026-08-07 12:03:35",64352,39725,0,39725,200000,+0.0025,0.1200,+0.0,+0.0000,NONE,RUNNING
="2026-08-07 12:04:35",64358,30768,0,30768,200000,+0.0008,0.1200,+0.0,+0.0000,NONE,RUNNING
="2026-08-07 12:05:35",64357,0,0,0,200000,-0.0005,0.1200,+0.0,+0.0000,NONE,RUNNING
="2026-08-07 12:06:35",64359,15196,0,15196,200000,-0.0036,0.1200,+0.0,+0.0000,NONE,RUNNING
="2026-08-07 12:07:35",64387,51779,40709,11069,200000,+0.0002,0.1200,+0.0,+0.0000,NONE,RUNNING
="2026-08-07 12:08:35",64391,11875,0,11875,200000,-0.0087,0.1200,+0.0,+0.0000,NONE,RUNNING
="2026-08-07 12:09:35",64374,26086,26086,0,200000,+0.0038,0.1200,+0.0,+0.0000,NONE,RUNNING
="2026-08-07 12:10:35",64378,0,0,0,200000,+0.0093,0.1200,+0.0,+0.0000,NONE,RUNNING
="2026-08-07 12:11:35",64378,0,0,0,200000,+0.0016,0.1200,+0.0,+0.0000,NONE,RUNNING
="2026-08-07 12:12:35",64350,79758,66887,12870,200000,-0.0013,0.1200,+0.0,+0.0000,NONE,RUNNING
="2026-08-07 12:13:35",64340,58027,23793,34234,200000,+0.0029,0.1200,+0.0,+0.0000,NONE,RUNNING
="2026-08-07 12:14:35",64336,102043,10427,91616,200000,-0.0002,0.1200,+0.0,+0.0000,NONE,RUNNING
="2026-08-07 12:15:35",64340,13900,0,13900,200000,+0.0006,0.1200,+0.0,+0.0000,NONE,RUNNING
="2026-08-07 12:16:36",64329,0,0,0,200000,+0.0004,0.1200,+0.0,+0.0000,NONE,RUNNING
="2026-08-07 12:17:36",64330,25323,0,25323,200000,+0.0009,0.1200,+0.0,+0.0000,NONE,RUNNING
="2026-08-07 12:18:36",64327,0,0,0,200000,-0.0017,0.1200,+0.0,+0.0000,NONE,RUNNING
="2026-08-07 12:19:36",64320,0,0,0,200000,+0.0008,0.1200,+0.0,+0.0000,NONE,RUNNING
="2026-08-07 12:20:36",64300,94204,54278,39926,200000,+0.0076,0.1200,+0.0,+0.0000,NONE,RUNNING
="2026-08-07 12:21:36",64320,29432,12863,16568,200000,-0.0003,0.1200,+0.0,+0.0000,NONE,RUNNING
="2026-08-07 12:22:36",64294,133909,114946,18963,200000,-0.0013,0.1200,+0.0,+0.0000,NONE,RUNNING
="2026-08-07 12:22:47",64260,375476,327214,48262,200000,-0.1134,0.1200,+0.0,+0.0000,NONE,RUNNING
="2026-08-07 12:22:48",64260,375476,327214,48262,200000,-0.1134,0.1200,+0.0,+0.0000,NONE,RUNNING
="2026-08-07 12:22:49",64260,375476,327214,48262,200000,-0.1133,0.1200,+0.0,+0.0000,NONE,RUNNING
="2026-08-07 12:22:50",64260,356513,327214,29299,200000,-0.1133,0.1200,+0.0,+0.0000,NONE,RUNNING
="2026-08-07 12:22:51",64260,366634,327214,39420,200000,-0.1136,0.1200,+0.0,+0.0000,NONE,RUNNING
="2026-08-07 12:22:52",64263,366634,327214,39420,200000,-0.1136,0.1200,+0.0,+0.0000,NONE,RUNNING
="2026-08-07 12:22:53",64263,316221,276801,39420,200000,-0.1136,0.1200,+0.0,+0.0000,NONE,RUNNING
="2026-08-07 12:22:54",64263,316221,276801,39420,200000,-0.1138,0.1200,+0.0,+0.0000,NONE,RUNNING
="2026-08-07 12:22:55",64264,316221,276801,39420,200000,-0.1094,0.1200,+0.0,+0.0000,NONE,RUNNING
="2026-08-07 12:22:56",64268,316221,276801,39420,200000,-0.1087,0.1200,+0.0,+0.0000,NONE,RUNNING
="2026-08-07 12:22:57",64268,316221,276801,39420,200000,-0.1087,0.1200,+0.0,+0.0000,NONE,RUNNING
="2026-08-07 12:22:58",64268,303355,263934,39420,200000,-0.1087,0.1200,+0.0,+0.0000,NONE,RUNNING
="2026-08-07 12:22:59",64268,303355,263934,39420,200000,-0.1101,0.1200,+0.0,+0.0000,NONE,RUNNING
="2026-08-07 12:23:00",64268,303355,263934,39420,200000,-0.1101,0.1200,+0.0,+0.0000,NONE,RUNNING
="2026-08-07 12:23:01",64268,341146,263934,77211,200000,-0.1101,0.1200,+0.0,+0.0000,NONE,RUNNING
="2026-08-07 12:23:02",64269,341146,263934,77211,200000,-0.1101,0.1200,+0.0,+0.0000,NONE,RUNNING
="2026-08-07 12:23:03",64269,341146,263934,77211,200000,-0.1098,0.1200,+0.0,+0.0000,NONE,RUNNING
="2026-08-07 12:23:04",64269,341146,263934,77211,200000,-0.1095,0.1200,+0.0,+0.0000,NONE,RUNNING
="2026-08-07 12:23:05",64269,341146,263934,77211,200000,-0.1095,0.1200,+0.0,+0.0000,NONE,RUNNING
="2026-08-07 12:23:06",64269,341146,263934,77211,200000,-0.1118,0.1200,+0.0,+0.0000,NONE,RUNNING
="2026-08-07 12:23:07",64269,351276,263934,87342,200000,-0.1121,0.1200,+0.0,+0.0000,NONE,RUNNING
="2026-08-07 12:23:08",64271,351276,263934,87342,200000,-0.1121,0.1200,+0.0,+0.0000,NONE,RUNNING
="2026-08-07 12:23:09",64272,351276,263934,87342,200000,-0.1121,0.1200,+0.0,+0.0000,NONE,RUNNING
="2026-08-07 12:23:10",64272,312468,225126,87342,200000,-0.1121,0.1200,+0.0,+0.0000,NONE,RUNNING
="2026-08-07 12:23:11",64272,312468,225126,87342,200000,-0.1121,0.1200,+0.0,+0.0000,NONE,RUNNING
="2026-08-07 12:23:12",64272,312468,225126,87342,200000,-0.1125,0.1200,+0.0,+0.0000,NONE,RUNNING
="2026-08-07 12:23:13",64272,312468,225126,87342,200000,-0.1125,0.1200,+0.0,+0.0000,NONE,RUNNING
="2026-08-07 12:23:14",64272,312468,225126,87342,200000,-0.1125,0.1200,+0.0,+0.0000,NONE,RUNNING
="2026-08-07 12:23:15",64272,312468,225126,87342,200000,-0.1125,0.1200,+0.0,+0.0000,NONE,RUNNING
="2026-08-07 12:23:16",64272,325323,237980,87342,200000,-0.1125,0.1200,+0.0,+0.0000,NONE,RUNNING
="2026-08-07 12:23:18",64272,325323,237980,87342,200000,-0.1124,0.1200,+0.0,+0.0000,NONE,RUNNING
="2026-08-07 12:23:19",64272,325323,237980,87342,200000,-0.1124,0.1200,+0.0,+0.0000,NONE,RUNNING
="2026-08-07 12:23:20",64273,325323,237980,87342,200000,-0.1124,0.1200,+0.0,+0.0000,NONE,RUNNING
="2026-08-07 12:23:21",64273,325323,237980,87342,200000,-0.1124,0.1200,+0.0,+0.0000,NONE,RUNNING
="2026-08-07 12:23:22",64273,325323,237980,87342,200000,-0.1124,0.1200,+0.0,+0.0000,NONE,RUNNING
="2026-08-07 12:23:23",64273,325323,237980,87342,200000,-0.1124,0.1200,+0.0,+0.0000,NONE,RUNNING
="2026-08-07 12:23:24",64273,325323,237980,87342,200000,-0.1128,0.1200,+0.0,+0.0000,NONE,RUNNING
="2026-08-07 12:23:25",64273,325323,237980,87342,200000,-0.1128,0.1200,+0.0,+0.0000,NONE,RUNNING
="2026-08-07 12:23:26",64273,325323,237980,87342,200000,-0.1128,0.1200,+0.0,+0.0000,NONE,RUNNING
="2026-08-07 12:23:27",64273,325323,237980,87342,200000,-0.1134,0.1200,+0.0,+0.0000,NONE,RUNNING
="2026-08-07 12:23:28",64273,325323,237980,87342,200000,-0.1134,0.1200,+0.0,+0.0000,NONE,RUNNING
="2026-08-07 12:23:29",64273,325323,237980,87342,200000,-0.1140,0.1200,+0.0,+0.0000,NONE,RUNNING
="2026-08-07 12:23:30",64273,325323,237980,87342,200000,-0.1140,0.1200,+0.0,+0.0000,NONE,RUNNING
="2026-08-07 12:23:31",64273,325323,237980,87342,200000,-0.1140,0.1200,+0.0,+0.0000,NONE,RUNNING
="2026-08-07 12:23:32",64273,325323,237980,87342,200000,-0.1142,0.1200,+0.0,+0.0000,NONE,RUNNING
="2026-08-07 12:23:33",64273,325323,237980,87342,200000,-0.1142,0.1200,+0.0,+0.0000,NONE,RUNNING
="2026-08-07 12:23:34",64273,325323,237980,87342,200000,-0.1142,0.1200,+0.0,+0.0000,NONE,RUNNING
="2026-08-07 12:23:35",64273,312464,225122,87342,200000,-0.1142,0.1200,+0.0,+0.0000,NONE,RUNNING
="2026-08-07 12:23:36",64273,312464,225122,87342,200000,-0.1142,0.1200,+0.0,+0.0000,NONE,RUNNING
="2026-08-07 12:23:37",64273,337408,225122,112286,200000,-0.1141,0.1200,+0.0,+0.0000,NONE,RUNNING
="2026-08-07 12:23:38",64273,353155,225122,128033,200000,-0.1141,0.1200,+0.0,+0.0000,NONE,RUNNING
="2026-08-07 12:23:39",64273,353155,225122,128033,200000,-0.1155,0.1200,+0.0,+0.0000,NONE,RUNNING
="2026-08-07 12:23:40",64273,353155,225122,128033,200000,-0.1155,0.1200,+0.0,+0.0000,NONE,RUNNING
="2026-08-07 12:23:41",64273,127539,28804,98734,200000,-0.1154,0.1200,+0.0,+0.0000,NONE,RUNNING
="2026-08-07 12:23:42",64273,140393,41659,98734,200000,-0.1156,0.1200,+0.0,+0.0000,NONE,RUNNING
="2026-08-07 12:23:43",64276,135394,25709,109685,200000,-0.1160,0.1200,+0.0,+0.0000,NONE,RUNNING
="2026-08-07 12:23:44",64280,135394,25709,109685,200000,-0.1160,0.1200,+0.0,+0.0000,NONE,RUNNING
="2026-08-07 12:23:45",64280,135394,25709,109685,200000,-0.1160,0.1200,+0.0,+0.0000,NONE,RUNNING
="2026-08-07 12:23:46",64280,135394,25709,109685,200000,-0.1147,0.1200,+0.0,+0.0000,NONE,RUNNING
="2026-08-07 12:23:47",64280,135394,25709,109685,200000,-0.1147,0.1200,+0.0,+0.0000,NONE,RUNNING
="2026-08-07 12:23:48",64280,135394,25709,109685,200000,-0.0013,0.1200,+0.0,+0.0000,NONE,RUNNING
="2026-08-07 12:23:49",64283,135394,25709,109685,200000,-0.0013,0.1200,+0.0,+0.0000,NONE,RUNNING
="2026-08-07 12:23:50",64284,135394,25709,109685,200000,-0.0013,0.1200,+0.0,+0.0000,NONE,RUNNING
="2026-08-07 12:23:51",64284,125273,25709,99564,200000,-0.0010,0.1200,+0.0,+0.0000,NONE,RUNNING
="2026-08-07 12:23:52",64284,125273,25709,99564,200000,-0.0010,0.1200,+0.0,+0.0000,NONE,RUNNING
="2026-08-07 12:23:53",64284,125273,25709,99564,200000,-0.0041,0.1200,+0.0,+0.0000,NONE,RUNNING
="2026-08-07 12:23:54",64285,125273,25709,99564,200000,-0.0039,0.1200,+0.0,+0.0000,NONE,RUNNING
="2026-08-07 12:23:55",64285,125273,25709,99564,200000,-0.0039,0.1200,+0.0,+0.0000,NONE,RUNNING
="2026-08-07 12:23:56",64285,125273,25709,99564,200000,-0.0039,0.1200,+0.0,+0.0000,NONE,RUNNING
="2026-08-07 12:23:57",64285,125273,25709,99564,200000,-0.0047,0.1200,+0.0,+0.0000,NONE,RUNNING
="2026-08-07 12:23:58",64285,125273,25709,99564,200000,-0.0047,0.1200,+0.0,+0.0000,NONE,RUNNING
="2026-08-07 12:23:59",64286,125273,25709,99564,200000,-0.0040,0.1200,+0.0,+0.0000,NONE,RUNNING
="2026-08-07 12:24:00",64286,125273,25709,99564,200000,-0.0040,0.1200,+0.0,+0.0000,NONE,RUNNING
="2026-08-07 12:24:01",64285,87482,25709,61773,200000,-0.0040,0.1200,+0.0,+0.0000,NONE,RUNNING
="2026-08-07 12:24:02",64285,87482,25709,61773,200000,-0.0040,0.1200,+0.0,+0.0000,NONE,RUNNING
="2026-08-07 12:24:03",64285,87482,25709,61773,200000,-0.0043,0.1200,+0.0,+0.0000,NONE,RUNNING
="2026-08-07 12:24:04",64285,87482,25709,61773,200000,-0.0043,0.1200,+0.0,+0.0000,NONE,RUNNING
="2026-08-07 12:24:05",64285,87482,25709,61773,200000,-0.0036,0.1200,+0.0,+0.0000,NONE,RUNNING
="2026-08-07 12:24:06",64285,87482,25709,61773,200000,-0.0013,0.1200,+0.0,+0.0000,NONE,RUNNING
="2026-08-07 12:24:07",64285,77352,25709,51643,200000,-0.0013,0.1200,+0.0,+0.0000,NONE,RUNNING
="2026-08-07 12:24:08",64285,77352,25709,51643,200000,+0.0015,0.1200,+0.0,+0.0000,NONE,RUNNING
="2026-08-07 12:24:09",64285,77352,25709,51643,200000,+0.0015,0.1200,+0.0,+0.0000,NONE,RUNNING
="2026-08-07 12:24:10",64285,77352,25709,51643,200000,+0.0018,0.1200,+0.0,+0.0000,NONE,RUNNING
="2026-08-07 12:24:11",64285,77352,25709,51643,200000,+0.0018,0.1200,+0.0,+0.0000,NONE,RUNNING
="2026-08-07 12:24:12",64288,77352,25709,51643,200000,+0.0018,0.1200,+0.0,+0.0000,NONE,RUNNING
="2026-08-07 12:24:13",64289,77352,25709,51643,200000,+0.0022,0.1200,+0.0,+0.0000,NONE,RUNNING
="2026-08-07 12:24:14",64290,77352,25709,51643,200000,+0.0011,0.1200,+0.0,+0.0000,NONE,RUNNING
="2026-08-07 12:24:15",64290,77352,25709,51643,200000,+0.0012,0.1200,+0.0,+0.0000,NONE,RUNNING
="2026-08-07 12:24:16",64286,64497,12854,51643,200000,+0.0012,0.1200,+0.0,+0.0000,NONE,RUNNING
="2026-08-07 12:24:17",64286,64497,12854,51643,200000,+0.0012,0.1200,+0.0,+0.0000,NONE,RUNNING
="2026-08-07 12:24:18",64286,64497,12854,51643,200000,+0.0012,0.1200,+0.0,+0.0000,NONE,RUNNING
="2026-08-07 12:24:19",64286,64497,12854,51643,200000,+0.0012,0.1200,+0.0,+0.0000,NONE,RUNNING
="2026-08-07 12:24:20",64286,64497,12854,51643,200000,-0.0067,0.1200,+0.0,+0.0000,NONE,RUNNING
="2026-08-07 12:24:21",64286,64497,12854,51643,200000,-0.0067,0.1200,+0.0,+0.0000,NONE,RUNNING
="2026-08-07 12:24:22",64286,64497,12854,51643,200000,-0.0067,0.1200,+0.0,+0.0000,NONE,RUNNING
="2026-08-07 12:24:23",64286,64497,12854,51643,200000,-0.0067,0.1200,+0.0,+0.0000,NONE,RUNNING
="2026-08-07 12:24:24",64286,64497,12854,51643,200000,-0.0067,0.1200,+0.0,+0.0000,NONE,RUNNING
="2026-08-07 12:24:25",64290,78612,12854,65758,200000,-0.0067,0.1200,+0.0,+0.0000,NONE,RUNNING
="2026-08-07 12:24:26",64295,78612,12854,65758,200000,-0.0064,0.1200,+0.0,+0.0000,NONE,RUNNING
="2026-08-07 12:24:27",64295,78612,12854,65758,200000,-0.0064,0.1200,+0.0,+0.0000,NONE,RUNNING
="2026-08-07 12:24:28",64295,78612,12854,65758,200000,-0.0054,0.1200,+0.0,+0.0000,NONE,RUNNING
="2026-08-07 12:24:29",64296,78612,12854,65758,200000,-0.0054,0.1200,+0.0,+0.0000,NONE,RUNNING
="2026-08-07 12:24:30",64296,78612,12854,65758,200000,-0.0054,0.1200,+0.0,+0.0000,NONE,RUNNING
="2026-08-07 12:24:31",64296,78612,12854,65758,200000,-0.0053,0.1200,+0.0,+0.0000,NONE,RUNNING
="2026-08-07 12:24:32",64296,78612,12854,65758,200000,-0.0054,0.1200,+0.0,+0.0000,NONE,RUNNING
="2026-08-07 12:24:33",64296,78612,12854,65758,200000,-0.0054,0.1200,+0.0,+0.0000,NONE,RUNNING
="2026-08-07 12:24:34",64296,78612,12854,65758,200000,-0.0054,0.1200,+0.0,+0.0000,NONE,RUNNING
="2026-08-07 12:24:35",64296,78612,12854,65758,200000,-0.0054,0.1200,+0.0,+0.0000,NONE,RUNNING
="2026-08-07 12:24:37",64296,53668,12854,40813,200000,-0.0054,0.1200,+0.0,+0.0000,NONE,RUNNING
="2026-08-07 12:24:38",64296,37921,12854,25066,200000,-0.0054,0.1200,+0.0,+0.0000,NONE,RUNNING
="2026-08-07 12:24:39",64299,37921,12854,25066,200000,-0.0056,0.1200,+0.0,+0.0000,NONE,RUNNING
="2026-08-07 12:24:40",64299,37921,12854,25066,200000,-0.0056,0.1200,+0.0,+0.0000,NONE,RUNNING
="2026-08-07 12:24:41",64299,37921,12854,25066,200000,-0.0056,0.1200,+0.0,+0.0000,NONE,RUNNING
="2026-08-07 12:24:42",64299,37921,12854,25066,200000,-0.0057,0.1200,+0.0,+0.0000,NONE,RUNNING
="2026-08-07 12:24:43",64299,14115,0,14115,200000,-0.0053,0.1200,+0.0,+0.0000,NONE,RUNNING
="2026-08-07 12:24:44",64299,14115,0,14115,200000,-0.0053,0.1200,+0.0,+0.0000,NONE,RUNNING
="2026-08-07 12:24:45",64299,14115,0,14115,200000,-0.0058,0.1200,+0.0,+0.0000,NONE,RUNNING
="2026-08-07 12:24:46",64299,14115,0,14115,200000,-0.0058,0.1200,+0.0,+0.0000,NONE,RUNNING
="2026-08-07 12:24:47",64299,14115,0,14115,200000,-0.0070,0.1200,+0.0,+0.0000,NONE,RUNNING
="2026-08-07 12:25:47",64310,73561,73561,0,200000,-0.0048,0.1200,+0.0,+0.0000,NONE,RUNNING
="2026-08-07 12:26:47",64318,43674,32156,11517,200000,+0.0032,0.1200,+0.0,+0.0000,NONE,RUNNING
="2026-08-07 12:27:47",64341,0,0,0,200000,+0.0086,0.1200,+0.0,+0.0000,NONE,RUNNING
="2026-08-07 12:28:47",64328,114510,114510,0,200000,+0.0006,0.1200,+0.0,+0.0000,NONE,RUNNING
="2026-08-07 12:29:47",64320,10979,10979,0,200000,-0.0016,0.1200,+0.0,+0.0000,NONE,RUNNING
="2026-08-07 12:30:47",64342,74644,10983,63661,200000,-0.0035,0.1200,+0.0,+0.0000,NONE,RUNNING
="2026-08-07 12:31:47",64364,132469,43618,88851,200000,-0.0050,0.1200,+0.0,+0.0000,NONE,RUNNING
="2026-08-07 12:32:47",64367,72143,72143,0,200000,-0.0019,0.1200,+0.0,+0.0000,NONE,RUNNING
="2026-08-07 12:33:47",64360,11311,11311,0,200000,+0.0035,0.1200,+0.0,+0.0000,NONE,RUNNING
="2026-08-07 12:34:47",64363,101793,101793,0,200000,-0.0010,0.1200,+0.0,+0.0000,NONE,RUNNING
="2026-08-07 12:35:47",64330,100994,100994,0,200000,+0.0022,0.1200,+0.0,+0.0000,NONE,RUNNING
="2026-08-07 12:36:47",64344,83908,12389,71518,200000,+0.0118,0.1200,+0.0,+0.0000,NONE,RUNNING
="2026-08-07 12:37:47",64336,69057,56058,12999,200000,-0.0027,0.1200,+0.0,+0.0000,NONE,RUNNING
="2026-08-07 12:38:47",64322,144777,71003,73774,200000,+0.0086,0.1200,+0.0,+0.0000,NONE,RUNNING
="2026-08-07 12:39:47",64320,155890,99818,56071,200000,+0.0028,0.1200,+0.0,+0.0000,NONE,RUNNING
="2026-08-07 12:40:47",64342,22555,0,22555,200000,-0.0034,0.1200,+0.0,+0.0000,NONE,RUNNING
="2026-08-07 12:41:47",64345,10177,0,10177,200000,+0.0018,0.1200,+0.0,+0.0000,NONE,RUNNING
="2026-08-07 12:42:47",64336,305853,86651,219201,200000,-0.0035,0.1200,+0.0,+0.0000,NONE,RUNNING
="2026-08-07 12:43:47",64335,0,0,0,200000,+0.0010,0.1200,+0.0,+0.0000,NONE,RUNNING
="2026-08-07 12:44:47",64343,27765,10670,17095,200000,-0.0056,0.1200,+0.0,+0.0000,NONE,RUNNING
="2026-08-07 12:45:48",64337,0,0,0,200000,-0.0004,0.1200,+0.0,+0.0000,NONE,RUNNING
="2026-08-07 12:46:48",64306,33730,33730,0,200000,-0.0001,0.1200,+0.0,+0.0000,NONE,RUNNING
="2026-08-07 12:47:48",64318,92486,53911,38575,200000,-0.0166,0.1200,+0.0,+0.0000,NONE,RUNNING
="2026-08-07 12:48:48",64318,119693,102468,17224,200000,-0.0005,0.1200,+0.0,+0.0000,NONE,RUNNING
="2026-08-07 12:49:48",64324,82591,70275,12315,200000,-0.0000,0.1200,+0.0,+0.0000,NONE,RUNNING
="2026-08-07 12:50:48",64342,39523,0,39523,200000,+0.0090,0.1200,+0.0,+0.0000,NONE,RUNNING
="2026-08-07 12:51:48",64356,321782,94041,227741,200000,+0.0014,0.1200,+0.0,+0.0000,NONE,RUNNING
="2026-08-07 12:52:48",64336,70941,56569,14372,200000,-0.0018,0.1200,+0.0,+0.0000,NONE,RUNNING
="2026-08-07 12:53:48",64318,491202,467353,23848,200000,-0.0037,0.1200,+0.0,+0.0000,NONE,RUNNING
="2026-08-07 12:54:48",64314,79615,0,79615,200000,+0.0091,0.1200,+0.0,+0.0000,NONE,RUNNING
="2026-08-07 12:55:48",64298,110851,86042,24808,200000,+0.0003,0.1200,+0.0,+0.0000,NONE,RUNNING
="2026-08-07 12:56:48",64287,325212,325212,0,200000,+0.0061,0.1200,+0.0,+0.0000,NONE,RUNNING
="2026-08-07 12:57:48",64293,28700,17679,11021,200000,-0.0085,0.1200,+0.0,+0.0000,NONE,RUNNING
="2026-08-07 12:58:48",64293,0,0,0,200000,-0.0021,0.1200,+0.0,+0.0000,NONE,RUNNING
="2026-08-07 12:59:48",64287,10551,0,10551,200000,+0.0043,0.1200,+0.0,+0.0000,NONE,RUNNING
="2026-08-07 13:00:48",64278,43460,10184,33276,200000,-0.0056,0.1200,+0.0,+0.0000,NONE,RUNNING
="2026-08-07 13:01:48",64276,134166,62976,71190,200000,-0.0074,0.1200,+0.0,+0.0000,NONE,RUNNING
="2026-08-07 13:02:48",64269,185847,151492,34354,200000,+0.0031,0.1200,+0.0,+0.0000,NONE,RUNNING
="2026-08-07 13:03:48",64286,26969,0,26969,200000,+0.0021,0.1200,+0.0,+0.0000,NONE,RUNNING
="2026-08-07 13:04:48",64289,30450,0,30450,200000,-0.0023,0.1200,+0.0,+0.0000,NONE,RUNNING
="2026-08-07 13:05:48",64271,83161,55650,27510,200000,+0.0085,0.1200,+0.0,+0.0000,NONE,RUNNING
="2026-08-07 13:06:48",64303,41030,0,41030,200000,-0.0077,0.1200,+0.0,+0.0000,NONE,RUNNING
="2026-08-07 13:07:48",64314,25910,0,25910,200000,+0.0023,0.1200,+0.0,+0.0000,NONE,RUNNING
="2026-08-07 13:08:48",64320,54388,54388,0,200000,+0.0016,0.1200,+0.0,+0.0000,NONE,RUNNING
="2026-08-07 13:09:48",64310,0,0,0,200000,+0.0088,0.1200,+0.0,+0.0000,NONE,RUNNING
="2026-08-07 13:10:49",64322,23968,0,23968,200000,-0.0001,0.1200,+0.0,+0.0000,NONE,RUNNING
="2026-08-07 13:11:49",64316,12280,0,12280,200000,-0.0012,0.1200,+0.0,+0.0000,NONE,RUNNING
="2026-08-07 13:12:49",64310,16291,16291,0,200000,+0.0073,0.1200,+0.0,+0.0000,NONE,RUNNING
="2026-08-07 13:13:49",64310,121899,40515,81384,200000,+0.0043,0.1200,+0.0,+0.0000,NONE,RUNNING
="2026-08-07 13:14:49",64308,0,0,0,200000,-0.0019,0.1200,+0.0,+0.0000,NONE,RUNNING
="2026-08-07 13:15:49",64320,74767,0,74767,200000,+0.0022,0.1200,+0.0,+0.0000,NONE,RUNNING
="2026-08-07 13:16:49",64316,65001,65001,0,200000,+0.0039,0.1200,+0.0,+0.0000,NONE,RUNNING
="2026-08-07 13:17:49",64311,43489,32993,10496,200000,+0.0064,0.1200,+0.0,+0.0000,NONE,RUNNING
="2026-08-07 13:18:49",64314,21174,0,21174,200000,+0.0045,0.1200,+0.0,+0.0000,NONE,RUNNING
="2026-08-07 13:19:49",64334,35760,0,35760,200000,+0.0025,0.1200,+0.0,+0.0000,NONE,RUNNING
="2026-08-07 13:20:49",64350,153805,99631,54173,200000,+0.0006,0.1200,+0.0,+0.0000,NONE,RUNNING
="2026-08-07 13:21:49",64349,146282,127961,18321,200000,+0.0064,0.1200,+0.0,+0.0000,NONE,RUNNING
="2026-08-07 13:22:49",64323,322418,295487,26930,200000,+0.0375,0.1200,+0.0,+0.0000,NONE,RUNNING
="2026-08-07 13:23:49",64317,98158,98158,0,200000,-0.0006,0.1200,+0.0,+0.0000,NONE,RUNNING
="2026-08-07 13:24:49",64317,0,0,0,200000,-0.0022,0.1200,+0.0,+0.0000,NONE,RUNNING
="2026-08-07 13:25:49",64315,11291,11291,0,200000,+0.0014,0.1200,+0.0,+0.0000,NONE,RUNNING
="2026-08-07 13:26:49",64302,97807,97807,0,200000,+0.0032,0.1200,+0.0,+0.0000,NONE,RUNNING
="2026-08-07 13:27:49",64293,53860,53860,0,200000,-0.0049,0.1200,+0.0,+0.0000,NONE,RUNNING
="2026-08-07 13:28:49",64297,495028,250421,244607,200000,+0.0070,0.1200,+0.0,+0.0000,NONE,RUNNING
="2026-08-07 13:29:49",64302,21999,0,21999,200000,-0.0004,0.1200,+0.0,+0.0000,NONE,RUNNING
="2026-08-07 13:30:50",64302,11217,11217,0,200000,-0.0023,0.1200,+0.0,+0.0000,NONE,RUNNING
="2026-08-07 13:31:50",64313,52744,35704,17040,200000,+0.0005,0.1200,+0.0,+0.0000,NONE,RUNNING
="2026-08-07 13:32:50",64311,48582,0,48582,200000,+0.0102,0.1200,+0.0,+0.0000,NONE,RUNNING
="2026-08-07 13:33:50",64325,58072,32161,25910,200000,+0.0473,0.1200,+0.0,+0.0000,NONE,RUNNING
="2026-08-07 13:34:50",64320,0,0,0,200000,-0.0198,0.1200,+0.0,+0.0000,NONE,RUNNING
="2026-08-07 13:35:50",64342,68008,0,68008,200000,+0.0014,0.1200,+0.0,+0.0000,NONE,RUNNING
="2026-08-07 13:36:50",64348,284318,240204,44114,200000,+0.0004,0.1200,+0.0,+0.0000,NONE,RUNNING
="2026-08-07 13:37:50",64315,39735,39735,0,200000,-0.0001,0.1200,+0.0,+0.0000,NONE,RUNNING
="2026-08-07 13:38:50",64269,81891,71401,10490,200000,+0.0133,0.1200,+0.0,+0.0000,NONE,RUNNING
="2026-08-07 13:39:50",64273,327664,88771,238893,200000,-0.0037,0.1200,+0.0,+0.0000,NONE,RUNNING
="2026-08-07 13:40:50",64276,29805,0,29805,200000,+0.0106,0.1200,+0.0,+0.0000,NONE,RUNNING
="2026-08-07 13:41:50",64271,12179,12179,0,200000,-0.0011,0.1200,+0.0,+0.0000,NONE,RUNNING
="2026-08-07 13:42:50",64259,167848,48875,118972,200000,-0.0036,0.1200,+0.0,+0.0000,NONE,RUNNING
="2026-08-07 13:43:50",64258,111138,64190,46947,200000,-0.0131,0.1200,+0.0,+0.0000,NONE,RUNNING
="2026-08-07 13:44:50",64258,31784,31784,0,200000,+0.0081,0.1200,+0.0,+0.0000,NONE,RUNNING
="2026-08-07 13:45:50",64226,379725,367984,11741,200000,+0.0147,0.1200,+0.0,+0.0000,NONE,RUNNING
="2026-08-07 13:46:50",64226,109835,39511,70323,200000,+0.0285,0.1200,+0.0,+0.0000,NONE,RUNNING
="2026-08-07 13:47:50",64244,205343,192142,13201,200000,-0.0076,0.1200,+0.0,+0.0000,NONE,RUNNING
="2026-08-07 13:48:50",64260,0,0,0,200000,-0.0014,0.1200,+0.0,+0.0000,NONE,RUNNING
="2026-08-07 13:49:49",64232,298316,260160,38156,200000,+0.0819,0.1200,+0.0,+0.0000,NONE,RUNNING
="2026-08-07 13:49:50",64232,298316,260160,38156,200000,+0.0817,0.1200,+0.0,+0.0000,NONE,RUNNING
="2026-08-07 13:49:51",64232,298316,260160,38156,200000,+0.0817,0.1200,+0.0,+0.0000,NONE,RUNNING
="2026-08-07 13:49:52",64232,298316,260160,38156,200000,+0.0916,0.1200,+0.0,+0.0000,NONE,RUNNING
="2026-08-07 13:49:53",64232,298316,260160,38156,200000,+0.0916,0.1200,+0.0,+0.0000,NONE,RUNNING
="2026-08-07 13:49:54",64232,298316,260160,38156,200000,+0.0916,0.1200,+0.0,+0.0000,NONE,RUNNING
="2026-08-07 13:49:55",64232,298316,260160,38156,200000,+0.0916,0.1200,+0.0,+0.0000,NONE,RUNNING
="2026-08-07 13:49:56",64232,298316,260160,38156,200000,+0.0916,0.1200,+0.0,+0.0000,NONE,RUNNING
="2026-08-07 13:49:57",64232,298316,260160,38156,200000,+0.0912,0.1200,+0.0,+0.0000,NONE,RUNNING
="2026-08-07 13:49:58",64232,298316,260160,38156,200000,+0.0912,0.1200,+0.0,+0.0000,NONE,RUNNING
="2026-08-07 13:49:59",64232,298316,260160,38156,200000,+0.0912,0.1200,+0.0,+0.0000,NONE,RUNNING
="2026-08-07 13:50:00",64232,298316,260160,38156,200000,+0.0911,0.1200,+0.0,+0.0000,NONE,RUNNING
="2026-08-07 13:50:01",64232,298316,260160,38156,200000,+0.0911,0.1200,+0.0,+0.0000,NONE,RUNNING
="2026-08-07 13:50:02",64228,316450,278294,38156,200000,+0.0911,0.1200,+0.0,+0.0000,NONE,RUNNING
="2026-08-07 13:50:03",64222,316450,278294,38156,200000,+0.0911,0.1200,+0.0,+0.0000,NONE,RUNNING
="2026-08-07 13:50:04",64222,316450,278294,38156,200000,+0.0911,0.1200,+0.0,+0.0000,NONE,RUNNING
="2026-08-07 13:50:05",64222,316450,278294,38156,200000,+0.0908,0.1200,+0.0,+0.0000,NONE,RUNNING
="2026-08-07 13:50:06",64222,316450,278294,38156,200000,+0.0908,0.1200,+0.0,+0.0000,NONE,RUNNING
="2026-08-07 13:50:07",64222,316450,278294,38156,200000,+0.0895,0.1200,+0.0,+0.0000,NONE,RUNNING
="2026-08-07 13:50:08",64222,316450,278294,38156,200000,+0.0895,0.1200,+0.0,+0.0000,NONE,RUNNING
="2026-08-07 13:50:09",64222,299401,278294,21107,200000,+0.0895,0.1200,+0.0,+0.0000,NONE,RUNNING
="2026-08-07 13:50:10",64222,299401,278294,21107,200000,+0.0895,0.1200,+0.0,+0.0000,NONE,RUNNING
="2026-08-07 13:50:11",64222,299401,278294,21107,200000,+0.0895,0.1200,+0.0,+0.0000,NONE,RUNNING
="2026-08-07 13:50:12",64222,282554,261447,21107,200000,+0.0889,0.1200,+0.0,+0.0000,NONE,RUNNING
="2026-08-07 13:50:13",64222,282554,261447,21107,200000,+0.0889,0.1200,+0.0,+0.0000,NONE,RUNNING
="2026-08-07 13:50:14",64222,282554,261447,21107,200000,+0.0888,0.1200,+0.0,+0.0000,NONE,RUNNING
="2026-08-07 13:50:15",64222,282554,261447,21107,200000,+0.0888,0.1200,+0.0,+0.0000,NONE,RUNNING
="2026-08-07 13:50:16",64222,282554,261447,21107,200000,+0.0888,0.1200,+0.0,+0.0000,NONE,RUNNING
="2026-08-07 13:50:17",64222,282554,261447,21107,200000,+0.0889,0.1200,+0.0,+0.0000,NONE,RUNNING
="2026-08-07 13:50:18",64222,282554,261447,21107,200000,+0.0890,0.1200,+0.0,+0.0000,NONE,RUNNING
="2026-08-07 13:50:19",64222,282554,261447,21107,200000,+0.0890,0.1200,+0.0,+0.0000,NONE,RUNNING
="2026-08-07 13:50:20",64222,282554,261447,21107,200000,+0.0889,0.1200,+0.0,+0.0000,NONE,RUNNING
="2026-08-07 13:50:21",64222,282554,261447,21107,200000,+0.0889,0.1200,+0.0,+0.0000,NONE,RUNNING
="2026-08-07 13:50:22",64222,282554,261447,21107,200000,+0.0889,0.1200,+0.0,+0.0000,NONE,RUNNING
="2026-08-07 13:50:23",64222,282554,261447,21107,200000,+0.0884,0.1200,+0.0,+0.0000,NONE,RUNNING
="2026-08-07 13:50:24",64222,282554,261447,21107,200000,+0.0884,0.1200,+0.0,+0.0000,NONE,RUNNING
="2026-08-07 13:50:25",64222,282554,261447,21107,200000,+0.0884,0.1200,+0.0,+0.0000,NONE,RUNNING
="2026-08-07 13:50:26",64222,282554,261447,21107,200000,+0.0883,0.1200,+0.0,+0.0000,NONE,RUNNING
="2026-08-07 13:50:27",64222,282554,261447,21107,200000,+0.0883,0.1200,+0.0,+0.0000,NONE,RUNNING
="2026-08-07 13:50:28",64222,282554,261447,21107,200000,+0.0863,0.1200,+0.0,+0.0000,NONE,RUNNING
="2026-08-07 13:50:29",64222,282554,261447,21107,200000,+0.0863,0.1200,+0.0,+0.0000,NONE,RUNNING
="2026-08-07 13:50:30",64222,282554,261447,21107,200000,+0.0863,0.1200,+0.0,+0.0000,NONE,RUNNING
="2026-08-07 13:50:31",64222,282554,261447,21107,200000,+0.0863,0.1200,+0.0,+0.0000,NONE,RUNNING
="2026-08-07 13:50:32",64222,282554,261447,21107,200000,+0.0860,0.1200,+0.0,+0.0000,NONE,RUNNING
="2026-08-07 13:50:33",64222,282554,261447,21107,200000,+0.0861,0.1200,+0.0,+0.0000,NONE,RUNNING
="2026-08-07 13:50:34",64222,282554,261447,21107,200000,+0.0861,0.1200,+0.0,+0.0000,NONE,RUNNING
="2026-08-07 13:50:35",64222,282554,261447,21107,200000,+0.0858,0.1200,+0.0,+0.0000,NONE,RUNNING
="2026-08-07 13:50:36",64222,282554,261447,21107,200000,+0.0858,0.1200,+0.0,+0.0000,NONE,RUNNING
="2026-08-07 13:50:37",64222,282554,261447,21107,200000,+0.0862,0.1200,+0.0,+0.0000,NONE,RUNNING
="2026-08-07 13:50:38",64222,282554,261447,21107,200000,+0.0863,0.1200,+0.0,+0.0000,NONE,RUNNING
="2026-08-07 13:50:39",64222,39241,18134,21107,200000,+0.0863,0.1200,+0.0,+0.0000,NONE,RUNNING
="2026-08-07 13:50:40",64222,39241,18134,21107,200000,+0.0863,0.1200,+0.0,+0.0000,NONE,RUNNING
="2026-08-07 13:50:41",64222,39241,18134,21107,200000,+0.0863,0.1200,+0.0,+0.0000,NONE,RUNNING
="2026-08-07 13:50:42",64222,39241,18134,21107,200000,+0.0863,0.1200,+0.0,+0.0000,NONE,RUNNING
="2026-08-07 13:50:43",64222,39241,18134,21107,200000,+0.0383,0.1200,+0.0,+0.0000,NONE,RUNNING
="2026-08-07 13:50:44",64222,39241,18134,21107,200000,+0.0385,0.1200,+0.0,+0.0000,NONE,RUNNING
="2026-08-07 13:50:45",64222,18134,18134,0,200000,+0.0385,0.1200,+0.0,+0.0000,NONE,RUNNING
="2026-08-07 13:50:46",64222,18134,18134,0,200000,+0.0385,0.1200,+0.0,+0.0000,NONE,RUNNING
="2026-08-07 13:50:47",64222,18134,18134,0,200000,+0.0385,0.1200,+0.0,+0.0000,NONE,RUNNING
="2026-08-07 13:50:48",64222,18134,18134,0,200000,+0.0384,0.1200,+0.0,+0.0000,NONE,RUNNING
="2026-08-07 13:50:49",64222,18134,18134,0,200000,+0.0071,0.1200,+0.0,+0.0000,NONE,RUNNING
="2026-08-07 13:50:50",64222,18134,18134,0,200000,+0.0071,0.1200,+0.0,+0.0000,NONE,RUNNING
="2026-08-07 13:50:51",64222,18134,18134,0,200000,-0.0027,0.1200,+0.0,+0.0000,NONE,RUNNING
="2026-08-07 13:50:52",64222,18134,18134,0,200000,-0.0027,0.1200,+0.0,+0.0000,NONE,RUNNING
="2026-08-07 13:50:53",64222,18134,18134,0,200000,-0.0027,0.1200,+0.0,+0.0000,NONE,RUNNING
="2026-08-07 13:50:54",64222,18134,18134,0,200000,-0.0028,0.1200,+0.0,+0.0000,NONE,RUNNING
="2026-08-07 13:50:56",64222,18134,18134,0,200000,-0.0028,0.1200,+0.0,+0.0000,NONE,RUNNING
="2026-08-07 13:50:57",64222,18134,18134,0,200000,-0.0028,0.1200,+0.0,+0.0000,NONE,RUNNING
="2026-08-07 13:50:58",64222,18134,18134,0,200000,-0.0044,0.1200,+0.0,+0.0000,NONE,RUNNING
="2026-08-07 13:50:59",64222,18134,18134,0,200000,-0.0043,0.1200,+0.0,+0.0000,NONE,RUNNING
="2026-08-07 13:51:00",64222,18134,18134,0,200000,-0.0043,0.1200,+0.0,+0.0000,NONE,RUNNING
="2026-08-07 13:51:01",64222,18134,18134,0,200000,-0.0043,0.1200,+0.0,+0.0000,NONE,RUNNING
="2026-08-07 13:51:02",64222,0,0,0,200000,-0.0043,0.1200,+0.0,+0.0000,NONE,RUNNING
="2026-08-07 13:51:03",64222,0,0,0,200000,-0.0045,0.1200,+0.0,+0.0000,NONE,RUNNING
="2026-08-07 13:51:04",64222,0,0,0,200000,-0.0045,0.1200,+0.0,+0.0000,NONE,RUNNING
="2026-08-07 13:51:05",64222,0,0,0,200000,-0.0043,0.1200,+0.0,+0.0000,NONE,RUNNING
="2026-08-07 13:51:06",64222,0,0,0,200000,-0.0043,0.1200,+0.0,+0.0000,NONE,RUNNING
="2026-08-07 13:51:07",64222,0,0,0,200000,-0.0043,0.1200,+0.0,+0.0000,NONE,RUNNING
="2026-08-07 13:51:08",64222,0,0,0,200000,-0.0029,0.1200,+0.0,+0.0000,NONE,RUNNING
="2026-08-07 13:51:09",64222,0,0,0,200000,-0.0034,0.1200,+0.0,+0.0000,NONE,RUNNING
="2026-08-07 13:51:10",64222,0,0,0,200000,-0.0034,0.1200,+0.0,+0.0000,NONE,RUNNING
="2026-08-07 13:51:11",64222,0,0,0,200000,-0.0034,0.1200,+0.0,+0.0000,NONE,RUNNING
="2026-08-07 13:51:12",64222,0,0,0,200000,-0.0015,0.1200,+0.0,+0.0000,NONE,RUNNING
="2026-08-07 13:51:13",64222,0,0,0,200000,-0.0015,0.1200,+0.0,+0.0000,NONE,RUNNING
="2026-08-07 13:51:14",64222,0,0,0,200000,-0.0015,0.1200,+0.0,+0.0000,NONE,RUNNING
="2026-08-07 13:51:15",64222,0,0,0,200000,-0.0015,0.1200,+0.0,+0.0000,NONE,RUNNING
="2026-08-07 13:51:16",64222,0,0,0,200000,-0.0015,0.1200,+0.0,+0.0000,NONE,RUNNING
="2026-08-07 13:51:17",64222,0,0,0,200000,-0.0015,0.1200,+0.0,+0.0000,NONE,RUNNING
="2026-08-07 13:51:18",64222,0,0,0,200000,-0.0015,0.1200,+0.0,+0.0000,NONE,RUNNING
="2026-08-07 13:51:19",64222,0,0,0,200000,-0.0022,0.1200,+0.0,+0.0000,NONE,RUNNING
="2026-08-07 13:51:20",64222,0,0,0,200000,-0.0022,0.1200,+0.0,+0.0000,NONE,RUNNING
="2026-08-07 13:51:21",64222,0,0,0,200000,-0.0022,0.1200,+0.0,+0.0000,NONE,RUNNING
="2026-08-07 13:51:22",64222,0,0,0,200000,-0.0028,0.1200,+0.0,+0.0000,NONE,RUNNING
="2026-08-07 13:51:23",64222,0,0,0,200000,-0.0028,0.1200,+0.0,+0.0000,NONE,RUNNING
="2026-08-07 13:51:24",64222,0,0,0,200000,-0.0020,0.1200,+0.0,+0.0000,NONE,RUNNING
="2026-08-07 13:51:25",64222,0,0,0,200000,-0.0020,0.1200,+0.0,+0.0000,NONE,RUNNING
="2026-08-07 13:51:26",64222,0,0,0,200000,-0.0020,0.1200,+0.0,+0.0000,NONE,RUNNING
="2026-08-07 13:51:27",64222,0,0,0,200000,-0.0020,0.1200,+0.0,+0.0000,NONE,RUNNING
="2026-08-07 13:51:28",64222,0,0,0,200000,-0.0059,0.1200,+0.0,+0.0000,NONE,RUNNING
="2026-08-07 13:51:29",64222,0,0,0,200000,-0.0059,0.1200,+0.0,+0.0000,NONE,RUNNING
="2026-08-07 13:51:30",64222,0,0,0,200000,-0.0059,0.1200,+0.0,+0.0000,NONE,RUNNING
="2026-08-07 13:51:31",64222,0,0,0,200000,-0.0059,0.1200,+0.0,+0.0000,NONE,RUNNING
="2026-08-07 13:51:32",64222,0,0,0,200000,-0.0056,0.1200,+0.0,+0.0000,NONE,RUNNING
="2026-08-07 13:51:33",64222,0,0,0,200000,-0.0056,0.1200,+0.0,+0.0000,NONE,RUNNING
="2026-08-07 13:51:34",64222,0,0,0,200000,-0.0057,0.1200,+0.0,+0.0000,NONE,RUNNING
="2026-08-07 13:51:35",64222,0,0,0,200000,-0.0054,0.1200,+0.0,+0.0000,NONE,RUNNING
="2026-08-07 13:51:36",64222,0,0,0,200000,-0.0054,0.1200,+0.0,+0.0000,NONE,RUNNING
="2026-08-07 13:51:37",64222,0,0,0,200000,-0.0054,0.1200,+0.0,+0.0000,NONE,RUNNING
="2026-08-07 13:51:38",64222,0,0,0,200000,-0.0056,0.1200,+0.0,+0.0000,NONE,RUNNING
="2026-08-07 13:52:38",64200,470389,446292,24097,200000,-0.0182,0.1200,+0.0,+0.0000,NONE,RUNNING
="2026-08-07 13:53:38",64195,930032,649191,280840,200000,-0.0133,0.1200,+0.0,+0.0000,NONE,RUNNING
="2026-08-07 13:54:38",64184,50975,0,50975,200000,-0.0003,0.1200,+0.0,+0.0000,NONE,RUNNING
="2026-08-07 13:55:38",64212,158633,91720,66913,200000,+0.0076,0.1200,+0.0,+0.0000,NONE,RUNNING
="2026-08-07 13:56:38",64229,0,0,0,200000,-0.0023,0.1200,+0.0,+0.0000,NONE,RUNNING
="2026-08-07 13:57:38",64220,81428,0,81428,200000,-0.0059,0.1200,+0.0,+0.0000,NONE,RUNNING
="2026-08-07 13:58:38",64246,22300,0,22300,200000,-0.0040,0.1200,+0.0,+0.0000,NONE,RUNNING
="2026-08-07 13:59:38",64252,55805,21834,33971,200000,-0.0056,0.1200,+0.0,+0.0000,NONE,RUNNING
="2026-08-07 14:00:38",64253,308624,308624,0,200000,-0.0307,0.1200,+0.0,+0.0000,NONE,RUNNING
="2026-08-07 14:01:38",64253,73504,73504,0,200000,-0.0015,0.1200,+0.0,+0.0000,NONE,RUNNING
="2026-08-07 14:02:38",64251,76444,76444,0,200000,+0.0007,0.1200,+0.0,+0.0000,NONE,RUNNING
="2026-08-07 14:03:39",64251,0,0,0,200000,-0.0166,0.1200,+0.0,+0.0000,NONE,RUNNING
="2026-08-07 14:04:39",64248,81730,81730,0,200000,-0.0001,0.1200,+0.0,+0.0000,NONE,RUNNING
="2026-08-07 14:05:39",64223,171742,171742,0,200000,+0.0026,0.1200,+0.0,+0.0000,NONE,RUNNING
="2026-08-07 14:06:39",64207,347665,347665,0,200000,-0.0030,0.1200,+0.0,+0.0000,NONE,RUNNING
="2026-08-07 14:07:39",64200,153642,153642,0,200000,-0.0023,0.1200,+0.0,+0.0000,NONE,RUNNING
="2026-08-07 14:08:39",64216,306085,14836,291249,200000,-0.0053,0.1200,+0.0,+0.0000,NONE,RUNNING
="2026-08-07 14:09:39",64247,87645,0,87645,200000,-0.0051,0.1200,+0.0,+0.0000,NONE,RUNNING
="2026-08-07 14:10:39",64234,0,0,0,200000,+0.0025,0.1200,+0.0,+0.0000,NONE,RUNNING
="2026-08-07 14:11:39",64261,58599,0,58599,200000,-0.0059,0.1200,+0.0,+0.0000,NONE,RUNNING
="2026-08-07 14:12:39",64258,0,0,0,200000,-0.0005,0.1200,+0.0,+0.0000,NONE,RUNNING
="2026-08-07 14:13:39",64250,541208,541208,0,200000,-0.0019,0.1200,+0.0,+0.0000,NONE,RUNNING
="2026-08-07 14:14:39",64257,55182,0,55182,200000,+0.0011,0.1200,+0.0,+0.0000,NONE,RUNNING
="2026-08-07 14:15:39",64241,72231,72231,0,200000,+0.0000,0.1200,+0.0,+0.0000,NONE,RUNNING
="2026-08-07 14:16:39",64240,350088,332165,17923,200000,+0.0147,0.1200,+0.0,+0.0000,NONE,RUNNING
="2026-08-07 14:17:39",64234,10398,10398,0,200000,-0.0046,0.1200,+0.0,+0.0000,NONE,RUNNING
="2026-08-07 14:18:39",64223,104319,104319,0,200000,-0.0028,0.1200,+0.0,+0.0000,NONE,RUNNING
="2026-08-07 14:19:39",64211,140861,47863,92997,200000,-0.0008,0.1200,+0.0,+0.0000,NONE,RUNNING
="2026-08-07 14:20:39",64211,16999,16999,0,200000,+0.0001,0.1200,+0.0,+0.0000,NONE,RUNNING
="2026-08-07 14:21:39",64198,104087,13814,90273,200000,-0.0043,0.1200,+0.0,+0.0000,NONE,RUNNING
="2026-08-07 14:22:39",64212,259369,192611,66757,200000,+0.0032,0.1200,+0.0,+0.0000,NONE,RUNNING
="2026-08-07 14:23:39",64177,174706,174706,0,200000,+0.0077,0.1200,+0.0,+0.0000,NONE,RUNNING
="2026-08-07 14:24:39",64179,63428,0,63428,200000,-0.0111,0.1200,+0.0,+0.0000,NONE,RUNNING
="2026-08-07 14:25:39",64182,263535,84512,179023,200000,-0.0012,0.1200,+0.0,+0.0000,NONE,RUNNING
="2026-08-07 14:26:39",64179,27173,27173,0,200000,+0.0135,0.1200,+0.0,+0.0000,NONE,RUNNING
="2026-08-07 14:27:39",64178,93679,93679,0,200000,-0.0015,0.1200,+0.0,+0.0000,NONE,RUNNING
="2026-08-07 14:28:39",64178,0,0,0,200000,+0.0054,0.1200,+0.0,+0.0000,NONE,RUNNING
="2026-08-07 14:29:40",64178,0,0,0,200000,-0.0017,0.1200,+0.0,+0.0000,NONE,RUNNING
="2026-08-07 14:30:40",64179,90981,0,90981,200000,+0.0054,0.1200,+0.0,+0.0000,NONE,RUNNING
="2026-08-07 14:31:40",64184,18394,18394,0,200000,+0.0015,0.1200,+0.0,+0.0000,NONE,RUNNING
="2026-08-07 14:32:40",64190,336766,174446,162320,200000,-0.0098,0.1200,+0.0,+0.0000,NONE,RUNNING
="2026-08-07 14:33:40",64187,43845,12548,31296,200000,+0.0013,0.1200,+0.0,+0.0000,NONE,RUNNING
="2026-08-07 14:34:40",64187,0,0,0,200000,+0.0017,0.1200,+0.0,+0.0000,NONE,RUNNING
="2026-08-07 14:35:40",64199,68265,12196,56068,200000,-0.0043,0.1200,+0.0,+0.0000,NONE,RUNNING
="2026-08-07 14:36:40",64209,112367,61405,50961,200000,+0.0076,0.1200,+0.0,+0.0000,NONE,RUNNING
="2026-08-07 14:37:40",64212,357292,318844,38447,200000,-0.0047,0.1200,+0.0,+0.0000,NONE,RUNNING
="2026-08-07 14:38:40",64223,53014,0,53014,200000,+0.0003,0.1200,+0.0,+0.0000,NONE,RUNNING
="2026-08-07 14:39:40",64223,0,0,0,200000,+0.0068,0.1200,+0.0,+0.0000,NONE,RUNNING
="2026-08-07 14:40:40",64231,237386,0,237386,200000,-0.0007,0.1200,+0.0,+0.0000,NONE,RUNNING
="2026-08-07 14:41:40",64231,0,0,0,200000,-0.0031,0.1200,+0.0,+0.0000,NONE,RUNNING
="2026-08-07 14:42:40",64262,115958,0,115958,200000,-0.0162,0.1200,+0.0,+0.0000,NONE,RUNNING
="2026-08-07 14:43:40",64276,10504,10504,0,200000,-0.0023,0.1200,+0.0,+0.0000,NONE,RUNNING
="2026-08-07 14:44:10",64277,492495,492495,0,200000,+0.0671,0.1200,+0.0,+0.0000,NONE,RUNNING
="2026-08-07 14:44:11",64276,665529,665529,0,200000,+0.0662,0.1200,+0.0,+0.0000,NONE,RUNNING
="2026-08-07 14:44:12",64276,665529,665529,0,200000,+0.0662,0.1200,+0.0,+0.0000,NONE,RUNNING
="2026-08-07 14:44:13",64276,665529,665529,0,200000,+0.0662,0.1200,+0.0,+0.0000,NONE,RUNNING
="2026-08-07 14:44:14",64276,665529,665529,0,200000,+0.0662,0.1200,+0.0,+0.0000,NONE,RUNNING
="2026-08-07 14:44:15",64276,665529,665529,0,200000,+0.0626,0.1200,+0.0,+0.0000,NONE,RUNNING
="2026-08-07 14:44:16",64276,665529,665529,0,200000,+0.0625,0.1200,+0.0,+0.0000,NONE,RUNNING
="2026-08-07 14:44:17",64276,665529,665529,0,200000,+0.0625,0.1200,+0.0,+0.0000,NONE,RUNNING
="2026-08-07 14:44:18",64276,665529,665529,0,200000,+0.0630,0.1200,+0.0,+0.0000,NONE,RUNNING
="2026-08-07 14:44:19",64276,665529,665529,0,200000,+0.0605,0.1200,+0.0,+0.0000,NONE,RUNNING
="2026-08-07 14:44:20",64276,665529,665529,0,200000,+0.0605,0.1200,+0.0,+0.0000,NONE,RUNNING
="2026-08-07 14:44:21",64276,665529,665529,0,200000,+0.0606,0.1200,+0.0,+0.0000,NONE,RUNNING
="2026-08-07 14:44:22",64276,665529,665529,0,200000,+0.0606,0.1200,+0.0,+0.0000,NONE,RUNNING
="2026-08-07 14:44:23",64276,665529,665529,0,200000,+0.0606,0.1200,+0.0,+0.0000,NONE,RUNNING
="2026-08-07 14:44:24",64276,665529,665529,0,200000,+0.0606,0.1200,+0.0,+0.0000,NONE,RUNNING
="2026-08-07 14:44:25",64276,665529,665529,0,200000,+0.0606,0.1200,+0.0,+0.0000,NONE,RUNNING
="2026-08-07 14:44:26",64276,665529,665529,0,200000,+0.0608,0.1200,+0.0,+0.0000,NONE,RUNNING
="2026-08-07 14:44:27",64276,665529,665529,0,200000,+0.0609,0.1200,+0.0,+0.0000,NONE,RUNNING
="2026-08-07 14:44:28",64276,665529,665529,0,200000,+0.0609,0.1200,+0.0,+0.0000,NONE,RUNNING
="2026-08-07 14:44:29",64276,665529,665529,0,200000,+0.0608,0.1200,+0.0,+0.0000,NONE,RUNNING
="2026-08-07 14:44:30",64276,655024,655024,0,200000,+0.0614,0.1200,+0.0,+0.0000,NONE,RUNNING
="2026-08-07 14:44:31",64276,655024,655024,0,200000,+0.0614,0.1200,+0.0,+0.0000,NONE,RUNNING
="2026-08-07 14:44:32",64276,655024,655024,0,200000,+0.0614,0.1200,+0.0,+0.0000,NONE,RUNNING
="2026-08-07 14:44:33",64276,655024,655024,0,200000,+0.0612,0.1200,+0.0,+0.0000,NONE,RUNNING
="2026-08-07 14:44:34",64276,655024,655024,0,200000,+0.0612,0.1200,+0.0,+0.0000,NONE,RUNNING
="2026-08-07 14:44:35",64276,655024,655024,0,200000,+0.0612,0.1200,+0.0,+0.0000,NONE,RUNNING
="2026-08-07 14:44:36",64276,655024,655024,0,200000,+0.0610,0.1200,+0.0,+0.0000,NONE,RUNNING
="2026-08-07 14:44:37",64276,655024,655024,0,200000,+0.0610,0.1200,+0.0,+0.0000,NONE,RUNNING
="2026-08-07 14:44:38",64276,655024,655024,0,200000,+0.0610,0.1200,+0.0,+0.0000,NONE,RUNNING
="2026-08-07 14:44:39",64276,655024,655024,0,200000,+0.0615,0.1200,+0.0,+0.0000,NONE,RUNNING
="2026-08-07 14:44:40",64276,655024,655024,0,200000,-0.0032,0.1200,+0.0,+0.0000,NONE,RUNNING
="2026-08-07 14:44:41",64276,655024,655024,0,200000,-0.0032,0.1200,+0.0,+0.0000,NONE,RUNNING
="2026-08-07 14:44:42",64276,655024,655024,0,200000,-0.0032,0.1200,+0.0,+0.0000,NONE,RUNNING
="2026-08-07 14:44:43",64276,655024,655024,0,200000,-0.0032,0.1200,+0.0,+0.0000,NONE,RUNNING
="2026-08-07 14:44:44",64276,655024,655024,0,200000,-0.0050,0.1200,+0.0,+0.0000,NONE,RUNNING
="2026-08-07 14:44:45",64276,655024,655024,0,200000,-0.0050,0.1200,+0.0,+0.0000,NONE,RUNNING
="2026-08-07 14:44:46",64276,655024,655024,0,200000,-0.0053,0.1200,+0.0,+0.0000,NONE,RUNNING
="2026-08-07 14:44:47",64276,655024,655024,0,200000,-0.0052,0.1200,+0.0,+0.0000,NONE,RUNNING
="2026-08-07 14:44:48",64276,655024,655024,0,200000,-0.0053,0.1200,+0.0,+0.0000,NONE,RUNNING
="2026-08-07 14:44:49",64276,655024,655024,0,200000,-0.0053,0.1200,+0.0,+0.0000,NONE,RUNNING
="2026-08-07 14:44:50",64276,655024,655024,0,200000,-0.0031,0.1200,+0.0,+0.0000,NONE,RUNNING
="2026-08-07 14:44:51",64276,655024,655024,0,200000,-0.0032,0.1200,+0.0,+0.0000,NONE,RUNNING
="2026-08-07 14:44:52",64276,655024,655024,0,200000,-0.0032,0.1200,+0.0,+0.0000,NONE,RUNNING
="2026-08-07 14:44:53",64276,655024,655024,0,200000,-0.0032,0.1200,+0.0,+0.0000,NONE,RUNNING
="2026-08-07 14:44:55",64276,655024,655024,0,200000,-0.0025,0.1200,+0.0,+0.0000,NONE,RUNNING
="2026-08-07 14:44:56",64276,655024,655024,0,200000,-0.0025,0.1200,+0.0,+0.0000,NONE,RUNNING
="2026-08-07 14:44:57",64276,655024,655024,0,200000,-0.0022,0.1200,+0.0,+0.0000,NONE,RUNNING
="2026-08-07 14:44:58",64276,655024,655024,0,200000,-0.0016,0.1200,+0.0,+0.0000,NONE,RUNNING
="2026-08-07 14:44:59",64276,655024,655024,0,200000,-0.0016,0.1200,+0.0,+0.0000,NONE,RUNNING
="2026-08-07 14:45:00",64276,655024,655024,0,200000,-0.0019,0.1200,+0.0,+0.0000,NONE,RUNNING
="2026-08-07 14:45:01",64276,655024,655024,0,200000,-0.0013,0.1200,+0.0,+0.0000,NONE,RUNNING
="2026-08-07 14:45:02",64276,655024,655024,0,200000,-0.0013,0.1200,+0.0,+0.0000,NONE,RUNNING
="2026-08-07 14:45:03",64276,655024,655024,0,200000,-0.0013,0.1200,+0.0,+0.0000,NONE,RUNNING
="2026-08-07 14:45:04",64282,655024,655024,0,200000,-0.0013,0.1200,+0.0,+0.0000,NONE,RUNNING
="2026-08-07 14:45:05",64282,655024,655024,0,200000,-0.0013,0.1200,+0.0,+0.0000,NONE,RUNNING
="2026-08-07 14:45:06",64282,655024,655024,0,200000,-0.0016,0.1200,+0.0,+0.0000,NONE,RUNNING
="2026-08-07 14:45:07",64282,655024,655024,0,200000,+0.0004,0.1200,+0.0,+0.0000,NONE,RUNNING
="2026-08-07 14:45:08",64282,655024,655024,0,200000,+0.0004,0.1200,+0.0,+0.0000,NONE,RUNNING
="2026-08-07 14:45:09",64283,655024,655024,0,200000,+0.0004,0.1200,+0.0,+0.0000,NONE,RUNNING
="2026-08-07 14:45:10",64285,655024,655024,0,200000,-0.0079,0.1200,+0.0,+0.0000,NONE,RUNNING
="2026-08-07 14:45:11",64285,0,0,0,200000,-0.0079,0.1200,+0.0,+0.0000,NONE,RUNNING
="2026-08-07 14:45:12",64285,0,0,0,200000,-0.0070,0.1200,+0.0,+0.0000,NONE,RUNNING
="2026-08-07 14:45:13",64285,0,0,0,200000,-0.0070,0.1200,+0.0,+0.0000,NONE,RUNNING
="2026-08-07 14:45:14",64285,0,0,0,200000,-0.0070,0.1200,+0.0,+0.0000,NONE,RUNNING
="2026-08-07 14:45:15",64287,0,0,0,200000,-0.0034,0.1200,+0.0,+0.0000,NONE,RUNNING
="2026-08-07 14:45:16",64287,0,0,0,200000,-0.0034,0.1200,+0.0,+0.0000,NONE,RUNNING
="2026-08-07 14:45:17",64287,0,0,0,200000,-0.0029,0.1200,+0.0,+0.0000,NONE,RUNNING
="2026-08-07 14:45:18",64287,0,0,0,200000,-0.0034,0.1200,+0.0,+0.0000,NONE,RUNNING
="2026-08-07 14:45:19",64287,0,0,0,200000,-0.0034,0.1200,+0.0,+0.0000,NONE,RUNNING
="2026-08-07 14:45:20",64287,0,0,0,200000,-0.0034,0.1200,+0.0,+0.0000,NONE,RUNNING
="2026-08-07 14:45:21",64287,0,0,0,200000,-0.0035,0.1200,+0.0,+0.0000,NONE,RUNNING
="2026-08-07 14:45:22",64287,0,0,0,200000,-0.0035,0.1200,+0.0,+0.0000,NONE,RUNNING
="2026-08-07 14:45:23",64287,0,0,0,200000,-0.0056,0.1200,+0.0,+0.0000,NONE,RUNNING
="2026-08-07 14:45:24",64287,0,0,0,200000,-0.0056,0.1200,+0.0,+0.0000,NONE,RUNNING
="2026-08-07 14:45:25",64287,0,0,0,200000,-0.0059,0.1200,+0.0,+0.0000,NONE,RUNNING
="2026-08-07 14:45:26",64287,0,0,0,200000,-0.0059,0.1200,+0.0,+0.0000,NONE,RUNNING
="2026-08-07 14:45:27",64287,0,0,0,200000,-0.0060,0.1200,+0.0,+0.0000,NONE,RUNNING
="2026-08-07 14:45:28",64287,0,0,0,200000,-0.0060,0.1200,+0.0,+0.0000,NONE,RUNNING
="2026-08-07 14:45:29",64287,0,0,0,200000,-0.0060,0.1200,+0.0,+0.0000,NONE,RUNNING
="2026-08-07 14:45:30",64287,0,0,0,200000,-0.0065,0.1200,+0.0,+0.0000,NONE,RUNNING
="2026-08-07 14:45:31",64287,0,0,0,200000,-0.0065,0.1200,+0.0,+0.0000,NONE,RUNNING
="2026-08-07 14:45:32",64287,0,0,0,200000,-0.0069,0.1200,+0.0,+0.0000,NONE,RUNNING
="2026-08-07 14:45:33",64287,0,0,0,200000,-0.0067,0.1200,+0.0,+0.0000,NONE,RUNNING
="2026-08-07 14:45:34",64287,0,0,0,200000,-0.0132,0.1200,+0.0,+0.0000,NONE,RUNNING
="2026-08-07 14:45:35",64287,0,0,0,200000,-0.0132,0.1200,+0.0,+0.0000,NONE,RUNNING
="2026-08-07 14:45:36",64287,0,0,0,200000,-0.0130,0.1200,+0.0,+0.0000,NONE,RUNNING
="2026-08-07 14:45:37",64279,143048,143048,0,200000,-0.0130,0.1200,+0.0,+0.0000,NONE,RUNNING
="2026-08-07 14:45:38",64279,154015,154015,0,200000,-0.0135,0.1200,+0.0,+0.0000,NONE,RUNNING
="2026-08-07 14:45:39",64275,154015,154015,0,200000,-0.0140,0.1200,+0.0,+0.0000,NONE,RUNNING
="2026-08-07 14:45:40",64274,154015,154015,0,200000,-0.0140,0.1200,+0.0,+0.0000,NONE,RUNNING
="2026-08-07 14:46:40",64274,463074,305014,158060,200000,-0.0028,0.1200,+0.0,+0.0000,NONE,RUNNING
="2026-08-07 14:47:40",64287,32087,21052,11034,200000,+0.0077,0.1200,+0.0,+0.0000,NONE,RUNNING
="2026-08-07 14:48:40",64314,609998,202723,407274,200000,-0.0281,0.1200,+0.0,+0.0000,NONE,RUNNING
="2026-08-07 14:49:40",64315,22487,10004,12483,200000,+0.0048,0.1200,+0.0,+0.0000,NONE,RUNNING
="2026-08-07 14:50:40",64358,316267,10145,306122,200000,-0.0089,0.1200,+0.0,+0.0000,NONE,RUNNING
="2026-08-07 14:51:40",64389,332237,260989,71248,200000,-0.0198,0.1200,+0.0,+0.0000,NONE,RUNNING
="2026-08-07 14:52:41",64387,3802709,693450,3109259,200000,-0.0010,0.1200,+0.0,+0.0000,NONE,RUNNING
="2026-08-07 14:53:41",64375,327408,148144,179263,200000,-0.0195,0.1200,+0.0,+0.0000,NONE,RUNNING
="2026-08-07 14:54:41",64373,34135,34135,0,200000,+0.0246,0.1200,+0.0,+0.0000,NONE,RUNNING
="2026-08-07 14:55:41",64381,157422,24199,133222,200000,-0.0063,0.1200,+0.0,+0.0000,NONE,RUNNING
="2026-08-07 14:56:41",64372,259350,259350,0,200000,-0.0005,0.1200,+0.0,+0.0000,NONE,RUNNING
="2026-08-07 14:57:41",64370,258124,258124,0,200000,-0.0035,0.1200,+0.0,+0.0000,NONE,RUNNING
="2026-08-07 14:58:41",64346,709790,709790,0,200000,-0.0024,0.1200,+0.0,+0.0000,NONE,RUNNING
="2026-08-07 14:59:41",64347,744245,523660,220585,200000,+0.0023,0.1200,+0.0,+0.0000,NONE,RUNNING
="2026-08-07 15:00:41",64335,93519,52099,41419,200000,+0.0336,0.1200,+0.0,+0.0000,NONE,RUNNING
="2026-08-07 15:01:41",64327,124476,79685,44791,200000,-0.0074,0.1200,+0.0,+0.0000,NONE,RUNNING
="2026-08-07 15:02:41",64320,209591,85958,123632,200000,-0.0205,0.1200,+0.0,+0.0000,NONE,RUNNING
="2026-08-07 15:03:41",64318,0,0,0,200000,-0.0054,0.1200,+0.0,+0.0000,NONE,RUNNING
="2026-08-07 15:04:41",64321,50436,0,50436,200000,+0.0021,0.1200,+0.0,+0.0000,NONE,RUNNING
="2026-08-07 15:05:41",64341,163912,109619,54292,200000,+0.0041,0.1200,+0.0,+0.0000,NONE,RUNNING
="2026-08-07 15:06:41",64360,151400,0,151400,200000,-0.0040,0.1200,+0.0,+0.0000,NONE,RUNNING
="2026-08-07 15:07:41",64348,141067,100720,40346,200000,+0.0023,0.1200,+0.0,+0.0000,NONE,RUNNING
="2026-08-07 15:08:41",64356,188609,62673,125936,200000,+0.0055,0.1200,+0.0,+0.0000,NONE,RUNNING
="2026-08-07 15:09:41",64341,146069,99189,46879,200000,-0.0006,0.1200,+0.0,+0.0000,NONE,RUNNING
="2026-08-07 15:10:41",64360,11072,0,11072,200000,+0.0059,0.1200,+0.0,+0.0000,NONE,RUNNING
="2026-08-07 15:11:42",64378,141632,98586,43045,200000,-0.0034,0.1200,+0.0,+0.0000,NONE,RUNNING
="2026-08-07 15:12:42",64381,0,0,0,200000,+0.0090,0.1200,+0.0,+0.0000,NONE,RUNNING
="2026-08-07 15:13:42",64388,101022,0,101022,200000,+0.0050,0.1200,+0.0,+0.0000,NONE,RUNNING
="2026-08-07 15:14:42",64389,27089,0,27089,200000,+0.0034,0.1200,+0.0,+0.0000,NONE,RUNNING
="2026-08-07 15:15:42",64413,429396,211451,217945,200000,-0.0360,0.1200,+0.0,+0.0000,NONE,RUNNING
="2026-08-07 15:16:42",64396,204874,111811,93063,200000,-0.0111,0.1200,+0.0,+0.0000,NONE,RUNNING
="2026-08-07 15:17:42",64392,31930,11928,20001,200000,-0.0026,0.1200,+0.0,+0.0000,NONE,RUNNING
="2026-08-07 15:18:42",64406,322081,0,322081,200000,+0.0047,0.1200,+0.0,+0.0000,NONE,RUNNING
="2026-08-07 15:20:43",0,0,0,0,200000,+0.0000,0.1200,+0.0,+0.0000,NONE,RUNNING
="2026-08-07 15:23:48",0,0,0,0,200000,+0.0000,0.1200,+0.0,+0.0000,NONE,RUNNING
="2026-08-07 15:24:48",64431,194693,17493,177200,200000,+0.0026,0.1200,+0.0,+0.0000,NONE,RUNNING
="2026-08-07 15:25:48",64439,278665,173639,105025,200000,+0.0006,0.1200,+0.0,+0.0000,NONE,RUNNING
="2026-08-07 15:26:49",64451,182836,0,182836,200000,-0.0170,0.1200,+0.0,+0.0000,NONE,RUNNING
="2026-08-07 15:27:49",64446,395014,254453,140561,200000,-0.0013,0.1200,+0.0,+0.0000,NONE,RUNNING
="2026-08-07 15:28:49",64417,161510,148623,12887,200000,-0.0005,0.1200,+0.0,+0.0000,NONE,RUNNING
="2026-08-07 15:29:49",64416,36801,11035,25766,200000,+0.0149,0.1200,+0.0,+0.0000,NONE,RUNNING
="2026-08-07 15:30:49",64396,260101,89347,170753,200000,-0.0084,0.1200,+0.0,+0.0000,NONE,RUNNING
="2026-08-07 15:31:49",64364,195797,185120,10677,200000,-0.0087,0.1200,+0.0,+0.0000,NONE,RUNNING
="2026-08-07 15:34:32",64344,0,0,0,200000,+0.0000,0.1200,+0.0,+0.0000,NONE,RUNNING
="2026-08-07 15:35:32",64353,203509,0,203509,200000,+0.0005,0.1200,+0.0,+0.0000,NONE,RUNNING
="2026-08-07 15:36:32",64364,146811,0,146811,200000,+0.0047,0.1200,+0.0,+0.0000,NONE,RUNNING
="2026-08-07 15:37:32",64380,116651,14999,101651,200000,+0.0129,0.1200,+0.0,+0.0000,NONE,RUNNING
="2026-08-07 15:38:32",64355,248273,137844,110428,200000,+0.0066,0.1200,+0.0,+0.0000,NONE,RUNNING
="2026-08-07 15:38:59",0,0,0,0,200000,+0.0000,0.1200,+0.0,+0.0000,NONE,RUNNING
="2026-08-07 15:39:39",0,0,0,0,200000,+0.0000,0.1200,+0.0,+0.0000,NONE,RUNNING
="2026-08-07 15:40:40",64364,38616,0,38616,200000,+0.0035,0.1200,+0.0,+0.0000,NONE,RUNNING
="2026-08-07 15:41:40",64358,350280,298788,51491,200000,+0.0015,0.1200,+0.0,+0.0000,NONE,RUNNING
="2026-08-07 15:42:40",64348,70179,44435,25743,200000,+0.0006,0.1200,+0.0,+0.0000,NONE,RUNNING
="2026-08-07 15:43:40",64369,364561,0,364561,200000,-0.0122,0.1200,+0.0,+0.0000,NONE,RUNNING
="2026-08-07 15:44:40",64353,618148,210466,407681,200000,+0.0118,0.1200,+0.0,+0.0000,NONE,RUNNING
="2026-08-07 15:45:40",64353,474797,51159,423638,200000,+0.0046,0.1200,+0.0,+0.0000,NONE,RUNNING
="2026-08-07 15:46:40",64366,195454,40569,154884,200000,-0.0053,0.1200,+0.0,+0.0000,NONE,RUNNING
="2026-08-07 15:47:40",64372,105909,32524,73384,200000,+0.0025,0.1200,+0.0,+0.0000,NONE,RUNNING
="2026-08-07 15:48:38",64313,2521800,2424774,97026,200000,+0.0617,0.1200,+0.0,+0.0000,NONE,RUNNING
="2026-08-07 15:48:39",64313,2521800,2424774,97026,200000,+0.0617,0.1200,+0.0,+0.0000,NONE,RUNNING
="2026-08-07 15:48:40",64313,2521800,2424774,97026,200000,+0.0603,0.1200,+0.0,+0.0000,NONE,RUNNING
="2026-08-07 15:48:41",64313,2521800,2424774,97026,200000,+0.0603,0.1200,+0.0,+0.0000,NONE,RUNNING
="2026-08-07 15:48:42",64313,2521800,2424774,97026,200000,+0.0601,0.1200,+0.0,+0.0000,NONE,RUNNING
="2026-08-07 15:48:43",64313,2521800,2424774,97026,200000,+0.0601,0.1200,+0.0,+0.0000,NONE,RUNNING
="2026-08-07 15:48:44",64313,2521800,2424774,97026,200000,+0.0601,0.1200,+0.0,+0.0000,NONE,RUNNING
="2026-08-07 15:48:45",64313,2521800,2424774,97026,200000,+0.0600,0.1200,+0.0,+0.0000,NONE,RUNNING
="2026-08-07 15:48:46",64306,1810926,1713899,97026,200000,+0.0600,0.1200,+0.0,+0.0000,NONE,RUNNING
="2026-08-07 15:48:47",64306,1810926,1713899,97026,200000,+0.0601,0.1200,+0.0,+0.0000,NONE,RUNNING
="2026-08-07 15:48:48",64306,1810926,1713899,97026,200000,+0.0601,0.1200,+0.0,+0.0000,NONE,RUNNING
="2026-08-07 15:48:49",64306,1447735,1350709,97026,200000,+0.0601,0.1200,+0.0,+0.0000,NONE,RUNNING
="2026-08-07 15:48:50",64306,1392063,1295036,97026,200000,+0.0714,0.1200,+0.0,+0.0000,NONE,RUNNING
="2026-08-07 15:48:51",64306,1374089,1295036,79052,200000,+0.0714,0.1200,+0.0,+0.0000,NONE,RUNNING
="2026-08-07 15:48:52",64306,1360199,1295036,65162,200000,+0.0304,0.1200,+0.0,+0.0000,NONE,RUNNING
="2026-08-07 15:48:53",64306,1360199,1295036,65162,200000,+0.0304,0.1200,+0.0,+0.0000,NONE,RUNNING
="2026-08-07 15:48:54",64306,1360199,1295036,65162,200000,+0.0305,0.1200,+0.0,+0.0000,NONE,RUNNING
="2026-08-07 15:48:55",64306,1052304,987142,65162,200000,+0.0189,0.1200,+0.0,+0.0000,NONE,RUNNING
="2026-08-07 15:48:56",64306,1052304,987142,65162,200000,+0.0189,0.1200,+0.0,+0.0000,NONE,RUNNING
="2026-08-07 15:48:57",64306,1052304,987142,65162,200000,+0.0188,0.1200,+0.0,+0.0000,NONE,RUNNING
="2026-08-07 15:48:58",64306,1052304,987142,65162,200000,+0.0188,0.1200,+0.0,+0.0000,NONE,RUNNING
="2026-08-07 15:48:59",64306,1052304,987142,65162,200000,+0.0186,0.1200,+0.0,+0.0000,NONE,RUNNING
="2026-08-07 15:49:00",64306,1052304,987142,65162,200000,+0.0186,0.1200,+0.0,+0.0000,NONE,RUNNING
="2026-08-07 15:49:01",64306,998459,987142,11317,200000,+0.0184,0.1200,+0.0,+0.0000,NONE,RUNNING
="2026-08-07 15:49:02",64306,998459,987142,11317,200000,+0.0184,0.1200,+0.0,+0.0000,NONE,RUNNING
="2026-08-07 15:49:03",64306,998459,987142,11317,200000,+0.0150,0.1200,+0.0,+0.0000,NONE,RUNNING
="2026-08-07 15:49:04",64306,998459,987142,11317,200000,+0.0150,0.1200,+0.0,+0.0000,NONE,RUNNING
="2026-08-07 15:49:05",64306,998459,987142,11317,200000,+0.0145,0.1200,+0.0,+0.0000,NONE,RUNNING
="2026-08-07 15:49:06",64306,998459,987142,11317,200000,+0.0145,0.1200,+0.0,+0.0000,NONE,RUNNING
="2026-08-07 15:49:07",64306,998459,987142,11317,200000,+0.0145,0.1200,+0.0,+0.0000,NONE,RUNNING
="2026-08-07 15:49:08",64306,998459,987142,11317,200000,+0.0134,0.1200,+0.0,+0.0000,NONE,RUNNING
="2026-08-07 15:49:09",64306,998459,987142,11317,200000,+0.0138,0.1200,+0.0,+0.0000,NONE,RUNNING
="2026-08-07 15:49:10",64306,998459,987142,11317,200000,+0.0120,0.1200,+0.0,+0.0000,NONE,RUNNING
="2026-08-07 15:49:11",64306,998459,987142,11317,200000,+0.0120,0.1200,+0.0,+0.0000,NONE,RUNNING
="2026-08-07 15:49:12",64306,998459,987142,11317,200000,+0.0104,0.1200,+0.0,+0.0000,NONE,RUNNING
="2026-08-07 15:49:13",64306,998459,987142,11317,200000,+0.0104,0.1200,+0.0,+0.0000,NONE,RUNNING
="2026-08-07 15:49:14",64306,998459,987142,11317,200000,+0.0104,0.1200,+0.0,+0.0000,NONE,RUNNING
="2026-08-07 15:49:15",64306,998459,987142,11317,200000,+0.0104,0.1200,+0.0,+0.0000,NONE,RUNNING
="2026-08-07 15:49:16",64306,998459,987142,11317,200000,+0.0098,0.1200,+0.0,+0.0000,NONE,RUNNING
="2026-08-07 15:49:17",64306,998459,987142,11317,200000,+0.0119,0.1200,+0.0,+0.0000,NONE,RUNNING
="2026-08-07 15:49:18",64306,998459,987142,11317,200000,+0.0119,0.1200,+0.0,+0.0000,NONE,RUNNING
="2026-08-07 15:49:19",64306,998459,987142,11317,200000,+0.0119,0.1200,+0.0,+0.0000,NONE,RUNNING
="2026-08-07 15:49:20",64306,998459,987142,11317,200000,+0.0119,0.1200,+0.0,+0.0000,NONE,RUNNING
="2026-08-07 15:49:21",64306,998459,987142,11317,200000,+0.0116,0.1200,+0.0,+0.0000,NONE,RUNNING
="2026-08-07 15:49:22",64306,998459,987142,11317,200000,+0.0116,0.1200,+0.0,+0.0000,NONE,RUNNING
="2026-08-07 15:49:23",64306,1066188,987142,79046,200000,+0.0116,0.1200,+0.0,+0.0000,NONE,RUNNING
="2026-08-07 15:49:24",64311,1066188,987142,79046,200000,+0.0116,0.1200,+0.0,+0.0000,NONE,RUNNING
="2026-08-07 15:49:25",64311,1066188,987142,79046,200000,+0.0116,0.1200,+0.0,+0.0000,NONE,RUNNING
="2026-08-07 15:49:26",64312,1066188,987142,79046,200000,+0.0116,0.1200,+0.0,+0.0000,NONE,RUNNING
="2026-08-07 15:49:27",64312,1066188,987142,79046,200000,+0.0116,0.1200,+0.0,+0.0000,NONE,RUNNING
="2026-08-07 15:49:28",64312,1066188,987142,79046,200000,+0.0143,0.1200,+0.0,+0.0000,NONE,RUNNING
="2026-08-07 15:49:29",64312,1066188,987142,79046,200000,+0.0143,0.1200,+0.0,+0.0000,NONE,RUNNING
="2026-08-07 15:49:30",64312,1066188,987142,79046,200000,+0.0154,0.1200,+0.0,+0.0000,NONE,RUNNING
="2026-08-07 15:49:31",64312,1066188,987142,79046,200000,+0.0154,0.1200,+0.0,+0.0000,NONE,RUNNING
="2026-08-07 15:49:32",64311,1066188,987142,79046,200000,+0.0157,0.1200,+0.0,+0.0000,NONE,RUNNING
="2026-08-07 15:49:33",64311,1066188,987142,79046,200000,+0.0166,0.1200,+0.0,+0.0000,NONE,RUNNING
="2026-08-07 15:49:34",64311,186829,107783,79046,200000,+0.0166,0.1200,+0.0,+0.0000,NONE,RUNNING
="2026-08-07 15:49:35",64312,175512,107783,67729,200000,+0.0166,0.1200,+0.0,+0.0000,NONE,RUNNING
="2026-08-07 15:49:36",64312,175512,107783,67729,200000,+0.0166,0.1200,+0.0,+0.0000,NONE,RUNNING
="2026-08-07 15:49:37",64312,175512,107783,67729,200000,+0.0177,0.1200,+0.0,+0.0000,NONE,RUNNING
="2026-08-07 15:49:38",64312,175512,107783,67729,200000,+0.0117,0.1200,+0.0,+0.0000,NONE,RUNNING
="2026-08-07 15:49:39",64312,175512,107783,67729,200000,+0.0117,0.1200,+0.0,+0.0000,NONE,RUNNING
="2026-08-07 15:49:40",64312,201237,107783,93453,200000,+0.0117,0.1200,+0.0,+0.0000,NONE,RUNNING
="2026-08-07 15:49:41",64312,201237,107783,93453,200000,+0.0119,0.1200,+0.0,+0.0000,NONE,RUNNING
="2026-08-07 15:49:42",64312,201237,107783,93453,200000,+0.0119,0.1200,+0.0,+0.0000,NONE,RUNNING
="2026-08-07 15:49:43",64312,201237,107783,93453,200000,+0.0125,0.1200,+0.0,+0.0000,NONE,RUNNING
="2026-08-07 15:49:44",64312,201237,107783,93453,200000,+0.0125,0.1200,+0.0,+0.0000,NONE,RUNNING
="2026-08-07 15:49:45",64312,93453,0,93453,200000,+0.0125,0.1200,+0.0,+0.0000,NONE,RUNNING
="2026-08-07 15:49:46",64312,93453,0,93453,200000,+0.0125,0.1200,+0.0,+0.0000,NONE,RUNNING
="2026-08-07 15:49:47",64312,93453,0,93453,200000,+0.0125,0.1200,+0.0,+0.0000,NONE,RUNNING
="2026-08-07 15:49:48",64312,93453,0,93453,200000,+0.0125,0.1200,+0.0,+0.0000,NONE,RUNNING
="2026-08-07 15:49:49",64312,93453,0,93453,200000,+0.0125,0.1200,+0.0,+0.0000,NONE,RUNNING
="2026-08-07 15:49:50",64311,93453,0,93453,200000,+0.0011,0.1200,+0.0,+0.0000,NONE,RUNNING
="2026-08-07 15:50:51",64312,136083,63545,72537,200000,+0.0024,0.1200,+0.0,+0.0000,NONE,RUNNING
="2026-08-07 15:51:51",64300,266713,253851,12862,200000,-0.0031,0.1200,+0.0,+0.0000,NONE,RUNNING
="2026-08-07 15:52:51",64291,486822,206691,280130,200000,+0.0123,0.1200,+0.0,+0.0000,NONE,RUNNING
="2026-08-07 15:53:51",64291,88788,63072,25716,200000,-0.0070,0.1200,+0.0,+0.0000,NONE,RUNNING
="2026-08-07 15:54:51",64322,4130034,263326,3866707,200000,-0.0132,0.1200,+0.0,+0.0000,NONE,RUNNING
="2026-08-07 15:55:51",64317,175435,97199,78236,200000,-0.0013,0.1200,+0.0,+0.0000,NONE,RUNNING
="2026-08-07 15:56:51",64329,124144,0,124144,200000,-0.0021,0.1200,+0.0,+0.0000,NONE,RUNNING
="2026-08-07 15:57:51",64329,25731,0,25731,200000,-0.0013,0.1200,+0.0,+0.0000,NONE,RUNNING
="2026-08-07 15:58:51",64336,139363,24990,114372,200000,-0.0034,0.1200,+0.0,+0.0000,NONE,RUNNING
="2026-08-07 15:59:51",64304,3243638,2990015,253623,300000,+0.0133,0.1500,+0.0,+0.0000,NONE,RUNNING
="2026-08-07 16:00:51",64281,229888,148064,81823,300000,-0.0078,0.1500,+0.0,+0.0000,NONE,RUNNING
="2026-08-07 16:01:42",0,0,0,0,300000,+0.0000,0.1500,+0.0,+0.0000,NONE,RUNNING
="2026-08-07 16:02:42",64271,350270,142387,207883,300000,+0.0028,0.1500,+0.0,+0.0000,NONE,RUNNING
="2026-08-07 16:03:42",64287,126323,0,126323,300000,-0.0023,0.1500,+0.0,+0.0000,NONE,RUNNING
="2026-08-07 16:04:42",64306,94053,11543,82509,300000,-0.0006,0.1500,+0.0,+0.0000,NONE,RUNNING
="2026-08-07 16:05:42",64305,311606,101675,209931,300000,+0.0042,0.1500,+0.0,+0.0000,NONE,RUNNING
="2026-08-07 16:06:42",64313,363641,300132,63508,300000,-0.0036,0.1500,+0.0,+0.0000,NONE,RUNNING
="2026-08-07 16:07:42",64319,1179157,1120397,58760,300000,-0.0013,0.1500,+0.0,+0.0000,NONE,RUNNING
="2026-08-07 16:08:43",64338,454307,29532,424775,300000,+0.0036,0.1500,+0.0,+0.0000,NONE,RUNNING
="2026-08-07 16:09:43",64351,27756,12867,14889,300000,-0.0022,0.1500,+0.0,+0.0000,NONE,RUNNING
="2026-08-07 16:10:26",64354,0,0,0,300000,+0.0000,0.1500,+0.0,+0.0000,NONE,RUNNING
="2026-08-07 16:11:26",64350,463109,338195,124913,300000,+0.0145,0.1500,+0.0,+0.0000,NONE,RUNNING
="2026-08-07 16:12:26",64350,248048,19012,229035,300000,+0.0040,0.1500,+0.0,+0.0000,NONE,RUNNING
="2026-08-07 16:13:26",64350,128864,128864,0,300000,+0.0065,0.1500,+0.0,+0.0000,NONE,RUNNING
="2026-08-07 16:14:26",64338,16009,16009,0,300000,+0.0019,0.1500,+0.0,+0.0000,NONE,RUNNING
="2026-08-07 16:15:26",64342,233081,15115,217966,300000,+0.0086,0.1500,+0.0,+0.0000,NONE,RUNNING
="2026-08-07 16:16:26",64338,0,0,0,300000,+0.0047,0.1500,+0.0,+0.0000,NONE,RUNNING
="2026-08-07 16:17:26",64350,121873,0,121873,300000,+0.0047,0.1500,+0.0,+0.0000,NONE,RUNNING
="2026-08-07 16:18:26",64350,224010,122815,101194,300000,+0.0003,0.1500,+0.0,+0.0000,NONE,RUNNING
="2026-08-07 16:19:08",0,0,0,0,300000,+0.0000,0.1500,+0.0,+0.0000,NONE,RUNNING
="2026-08-07 16:20:08",64343,21601,21601,0,300000,-0.0004,0.1500,+0.0,+0.0000,NONE,RUNNING
="2026-08-07 16:21:08",64339,72782,72782,0,300000,+0.0001,0.1500,+0.0,+0.0000,NONE,RUNNING
="2026-08-07 16:21:57",64421,1567613,477188,1090424,300000,-0.1040,0.1500,+0.0,+0.0000,NONE,RUNNING
="2026-08-07 16:21:58",64421,1567613,477188,1090424,300000,-0.1040,0.1500,+0.0,+0.0000,NONE,RUNNING
="2026-08-07 16:21:59",64421,1567613,477188,1090424,300000,-0.1040,0.1500,+0.0,+0.0000,NONE,RUNNING
="2026-08-07 16:22:00",64421,1567613,477188,1090424,300000,-0.1040,0.1500,+0.0,+0.0000,NONE,RUNNING
="2026-08-07 16:22:01",64421,1567613,477188,1090424,300000,-0.1040,0.1500,+0.0,+0.0000,NONE,RUNNING
="2026-08-07 16:22:02",64421,1567613,477188,1090424,300000,-0.1040,0.1500,+0.0,+0.0000,NONE,RUNNING
="2026-08-07 16:22:03",64421,1567613,477188,1090424,300000,-0.1086,0.1500,+0.0,+0.0000,NONE,RUNNING
="2026-08-07 16:22:04",64421,1567613,477188,1090424,300000,-0.1086,0.1500,+0.0,+0.0000,NONE,RUNNING
="2026-08-07 16:22:05",64421,1577810,477188,1100621,300000,-0.1090,0.1500,+0.0,+0.0000,NONE,RUNNING
="2026-08-07 16:22:06",64421,1577810,477188,1100621,300000,-0.1090,0.1500,+0.0,+0.0000,NONE,RUNNING
="2026-08-07 16:22:07",64421,1577810,477188,1100621,300000,-0.1110,0.1500,+0.0,+0.0000,NONE,RUNNING
="2026-08-07 16:22:08",64421,1577810,477188,1100621,300000,-0.1109,0.1500,+0.0,+0.0000,NONE,RUNNING
="2026-08-07 16:22:09",64421,1577810,477188,1100621,300000,-0.1109,0.1500,+0.0,+0.0000,NONE,RUNNING
="2026-08-07 16:22:10",64421,1577810,477188,1100621,300000,-0.1115,0.1500,+0.0,+0.0000,NONE,RUNNING
="2026-08-07 16:22:11",64421,1577810,477188,1100621,300000,-0.1116,0.1500,+0.0,+0.0000,NONE,RUNNING
="2026-08-07 16:22:12",64403,1991101,890480,1100621,300000,-0.1116,0.1500,+0.0,+0.0000,NONE,RUNNING
="2026-08-07 16:22:13",64403,1991101,890480,1100621,300000,-0.1116,0.1500,+0.0,+0.0000,NONE,RUNNING
="2026-08-07 16:22:14",64403,2010403,890480,1119923,300000,-0.1116,0.1500,+0.0,+0.0000,NONE,RUNNING
="2026-08-07 16:22:15",64403,2010403,890480,1119923,300000,-0.1116,0.1500,+0.0,+0.0000,NONE,RUNNING
="2026-08-07 16:22:16",64403,2010403,890480,1119923,300000,-0.1743,0.1500,+0.0,+0.0000,LONG,RUNNING
="2026-08-07 16:22:17",64403,2010403,890480,1119923,300000,-0.1743,0.1500,+0.0,+0.0000,LONG,RUNNING
="2026-08-07 16:22:18",64402,2010403,890480,1119923,300000,-0.1741,0.1500,+0.0,+0.0000,LONG,RUNNING
="2026-08-07 16:22:19",64402,2010403,890480,1119923,300000,-0.1766,0.1500,+0.0,+0.0000,LONG,RUNNING
="2026-08-07 16:22:20",64402,2010403,890480,1119923,300000,-0.1765,0.1500,+0.0,+0.0000,LONG,RUNNING
="2026-08-07 16:22:21",64402,2010403,890480,1119923,300000,-0.1765,0.1500,+0.0,+0.0000,LONG,RUNNING
="2026-08-07 16:22:22",64402,2010403,890480,1119923,300000,-0.1763,0.1500,+0.0,+0.0000,LONG,RUNNING
="2026-08-07 16:22:23",64402,2010403,890480,1119923,300000,-0.1764,0.1500,+0.0,+0.0000,LONG,RUNNING
="2026-08-07 16:22:24",64402,1946064,826140,1119923,300000,-0.1764,0.1500,+0.0,+0.0000,LONG,RUNNING
="2026-08-07 16:22:25",64402,1946064,826140,1119923,300000,-0.1765,0.1500,+0.0,+0.0000,LONG,RUNNING
="2026-08-07 16:22:26",64402,1946064,826140,1119923,300000,-0.1765,0.1500,+0.0,+0.0000,LONG,RUNNING
="2026-08-07 16:22:27",64402,1946064,826140,1119923,300000,-0.1764,0.1500,+0.0,+0.0000,LONG,RUNNING
="2026-08-07 16:22:28",64402,1946064,826140,1119923,300000,-0.1758,0.1500,+0.0,+0.0000,LONG,RUNNING
="2026-08-07 16:22:29",64402,1946064,826140,1119923,300000,-0.1758,0.1500,+0.0,+0.0000,LONG,RUNNING
="2026-08-07 16:22:30",64402,1946064,826140,1119923,300000,-0.1758,0.1500,+0.0,+0.0000,LONG,RUNNING
="2026-08-07 16:22:31",64402,1946064,826140,1119923,300000,-0.1758,0.1500,+0.0,+0.0000,LONG,RUNNING
="2026-08-07 16:22:32",64402,1946064,826140,1119923,300000,-0.1758,0.1500,+0.0,+0.0000,LONG,RUNNING
="2026-08-07 16:22:33",64392,2052044,932120,1119923,300000,-0.1750,0.1500,+0.0,+0.0000,LONG,RUNNING
="2026-08-07 16:22:34",64392,2085110,932120,1152989,300000,-0.1750,0.1500,+0.0,+0.0000,LONG,RUNNING
="2026-08-07 16:22:35",64392,2085110,932120,1152989,300000,-0.1754,0.1500,+0.0,+0.0000,LONG,RUNNING
="2026-08-07 16:22:36",64392,2085110,932120,1152989,300000,-0.1754,0.1500,+0.0,+0.0000,LONG,RUNNING
="2026-08-07 16:22:37",64392,2085110,932120,1152989,300000,-0.1705,0.1500,+0.0,+0.0000,LONG,RUNNING
="2026-08-07 16:22:38",64392,2085110,932120,1152989,300000,-0.1705,0.1500,+0.0,+0.0000,LONG,RUNNING
="2026-08-07 16:22:39",64391,2085110,932120,1152989,300000,-0.1705,0.1500,+0.0,+0.0000,LONG,RUNNING
="2026-08-07 16:22:40",64377,2085110,932120,1152989,300000,-0.1705,0.1500,+0.0,+0.0000,LONG,RUNNING
="2026-08-07 16:22:41",64377,2085110,932120,1152989,300000,-0.1705,0.1500,+0.0,+0.0000,LONG,RUNNING
="2026-08-07 16:22:42",64377,2085110,932120,1152989,300000,-0.1706,0.1500,+0.0,+0.0000,LONG,RUNNING
="2026-08-07 16:22:43",64377,2085110,932120,1152989,300000,-0.1792,0.1500,+0.0,+0.0000,LONG,RUNNING
="2026-08-07 16:22:44",64377,2085110,932120,1152989,300000,-0.1792,0.1500,+0.0,+0.0000,LONG,RUNNING
="2026-08-07 16:22:45",64377,2085110,932120,1152989,300000,-0.1792,0.1500,+0.0,+0.0000,LONG,RUNNING
="2026-08-07 16:22:46",64377,2085110,932120,1152989,300000,-0.1797,0.1500,+0.0,+0.0000,LONG,RUNNING
="2026-08-07 16:22:47",64377,2085110,932120,1152989,300000,-0.1797,0.1500,+0.0,+0.0000,LONG,RUNNING
="2026-08-07 16:22:48",64377,2085110,932120,1152989,300000,-0.1800,0.1500,+0.0,+0.0000,LONG,RUNNING
="2026-08-07 16:22:49",64377,2085110,932120,1152989,300000,-0.1800,0.1500,+0.0,+0.0000,LONG,RUNNING
="2026-08-07 16:22:50",64377,1927053,774063,1152989,300000,-0.1800,0.1500,+0.0,+0.0000,LONG,RUNNING
="2026-08-07 16:22:51",64377,860311,774063,86247,300000,-0.1800,0.1500,+0.0,+0.0000,SHORT,RUNNING
="2026-08-07 16:22:52",64377,836629,774063,62565,300000,-0.1800,0.1500,+0.0,+0.0000,SHORT,RUNNING
="2026-08-07 16:22:53",64377,798952,736387,62565,300000,-0.1815,0.1500,+0.0,+0.0000,SHORT,RUNNING
="2026-08-07 16:22:54",64377,798952,736387,62565,300000,-0.1763,0.1500,+0.0,+0.0000,SHORT,RUNNING
="2026-08-07 16:22:55",64377,581836,519271,62565,300000,-0.1763,0.1500,+0.0,+0.0000,SHORT,RUNNING
="2026-08-07 16:22:56",64377,581836,519271,62565,300000,-0.1763,0.1500,+0.0,+0.0000,SHORT,RUNNING
="2026-08-07 16:22:57",64377,581836,519271,62565,300000,-0.0779,0.1500,+0.0,+0.0000,NONE,RUNNING
="2026-08-07 16:22:58",64377,581836,519271,62565,300000,-0.0779,0.1500,+0.0,+0.0000,NONE,RUNNING
="2026-08-07 16:22:59",64377,581836,519271,62565,300000,-0.0777,0.1500,+0.0,+0.0000,NONE,RUNNING
="2026-08-07 16:23:00",64377,581836,519271,62565,300000,-0.0777,0.1500,+0.0,+0.0000,NONE,RUNNING
="2026-08-07 16:23:01",64377,581836,519271,62565,300000,-0.0777,0.1500,+0.0,+0.0000,NONE,RUNNING
="2026-08-07 16:23:02",64377,687324,624758,62565,300000,-0.0773,0.1500,+0.0,+0.0000,NONE,RUNNING
="2026-08-07 16:23:03",64372,687324,624758,62565,300000,-0.0727,0.1500,+0.0,+0.0000,NONE,RUNNING
="2026-08-07 16:23:05",64372,677126,624758,52368,300000,-0.0727,0.1500,+0.0,+0.0000,NONE,RUNNING
="2026-08-07 16:23:06",64372,677126,624758,52368,300000,-0.0726,0.1500,+0.0,+0.0000,NONE,RUNNING
="2026-08-07 16:23:07",64372,677126,624758,52368,300000,-0.0706,0.1500,+0.0,+0.0000,NONE,RUNNING
="2026-08-07 16:23:08",64372,677126,624758,52368,300000,-0.0706,0.1500,+0.0,+0.0000,NONE,RUNNING
="2026-08-07 16:23:09",64372,677126,624758,52368,300000,-0.0728,0.1500,+0.0,+0.0000,NONE,RUNNING
="2026-08-07 16:23:10",64372,677126,624758,52368,300000,-0.0722,0.1500,+0.0,+0.0000,NONE,RUNNING
="2026-08-07 16:23:11",64372,677126,624758,52368,300000,-0.0723,0.1500,+0.0,+0.0000,NONE,RUNNING
="2026-08-07 16:23:12",64372,263835,211466,52368,300000,-0.0723,0.1500,+0.0,+0.0000,NONE,RUNNING
="2026-08-07 16:23:13",64372,263835,211466,52368,300000,-0.0723,0.1500,+0.0,+0.0000,NONE,RUNNING
="2026-08-07 16:23:14",64372,244533,211466,33066,300000,-0.0724,0.1500,+0.0,+0.0000,NONE,RUNNING
="2026-08-07 16:23:15",64372,244533,211466,33066,300000,-0.0728,0.1500,+0.0,+0.0000,NONE,RUNNING
="2026-08-07 16:23:16",64372,244533,211466,33066,300000,-0.0101,0.1500,+0.0,+0.0000,NONE,RUNNING
="2026-08-07 16:23:17",64372,244533,211466,33066,300000,-0.0101,0.1500,+0.0,+0.0000,NONE,RUNNING
="2026-08-07 16:23:18",64372,244533,211466,33066,300000,-0.0138,0.1500,+0.0,+0.0000,NONE,RUNNING
="2026-08-07 16:23:19",64372,244533,211466,33066,300000,-0.0113,0.1500,+0.0,+0.0000,NONE,RUNNING
="2026-08-07 16:23:20",64372,244533,211466,33066,300000,-0.0113,0.1500,+0.0,+0.0000,NONE,RUNNING
="2026-08-07 16:23:21",64372,244533,211466,33066,300000,-0.0113,0.1500,+0.0,+0.0000,NONE,RUNNING
="2026-08-07 16:23:22",64372,244533,211466,33066,300000,-0.0113,0.1500,+0.0,+0.0000,NONE,RUNNING
="2026-08-07 16:23:23",64372,244533,211466,33066,300000,-0.0115,0.1500,+0.0,+0.0000,NONE,RUNNING
="2026-08-07 16:23:24",64372,244533,211466,33066,300000,-0.0117,0.1500,+0.0,+0.0000,NONE,RUNNING
="2026-08-07 16:23:25",64372,244533,211466,33066,300000,-0.0116,0.1500,+0.0,+0.0000,NONE,RUNNING
="2026-08-07 16:23:26",64372,244533,211466,33066,300000,-0.0116,0.1500,+0.0,+0.0000,NONE,RUNNING
="2026-08-07 16:23:27",64372,244533,211466,33066,300000,-0.0114,0.1500,+0.0,+0.0000,NONE,RUNNING
="2026-08-07 16:23:28",64372,244533,211466,33066,300000,-0.0114,0.1500,+0.0,+0.0000,NONE,RUNNING
="2026-08-07 16:23:29",64372,244533,211466,33066,300000,-0.0119,0.1500,+0.0,+0.0000,NONE,RUNNING
="2026-08-07 16:23:30",64372,244533,211466,33066,300000,-0.0119,0.1500,+0.0,+0.0000,NONE,RUNNING
="2026-08-07 16:23:31",64372,244533,211466,33066,300000,-0.0119,0.1500,+0.0,+0.0000,NONE,RUNNING
="2026-08-07 16:23:32",64372,244533,211466,33066,300000,-0.0119,0.1500,+0.0,+0.0000,NONE,RUNNING
="2026-08-07 16:23:33",64372,138553,105487,33066,300000,-0.0119,0.1500,+0.0,+0.0000,NONE,RUNNING
="2026-08-07 16:23:34",64372,310160,310160,0,300000,-0.0114,0.1500,+0.0,+0.0000,NONE,RUNNING
="2026-08-07 16:23:35",64372,310160,310160,0,300000,-0.0114,0.1500,+0.0,+0.0000,NONE,RUNNING
="2026-08-07 16:23:36",64372,310160,310160,0,300000,-0.0114,0.1500,+0.0,+0.0000,NONE,RUNNING
="2026-08-07 16:23:37",64372,310160,310160,0,300000,-0.0163,0.1500,+0.0,+0.0000,NONE,RUNNING
="2026-08-07 16:23:38",64372,310160,310160,0,300000,-0.0163,0.1500,+0.0,+0.0000,NONE,RUNNING
="2026-08-07 16:23:39",64372,310160,310160,0,300000,-0.0168,0.1500,+0.0,+0.0000,NONE,RUNNING
="2026-08-07 16:23:40",64372,310160,310160,0,300000,-0.0168,0.1500,+0.0,+0.0000,NONE,RUNNING
="2026-08-07 16:23:41",64372,310160,310160,0,300000,-0.0168,0.1500,+0.0,+0.0000,NONE,RUNNING
="2026-08-07 16:23:42",64372,310160,310160,0,300000,-0.0170,0.1500,+0.0,+0.0000,NONE,RUNNING
="2026-08-07 16:23:43",64370,418158,418158,0,300000,-0.0084,0.1500,+0.0,+0.0000,NONE,RUNNING
="2026-08-07 16:23:44",64370,418158,418158,0,300000,-0.0084,0.1500,+0.0,+0.0000,NONE,RUNNING
="2026-08-07 16:23:45",64370,418158,418158,0,300000,-0.0099,0.1500,+0.0,+0.0000,NONE,RUNNING
="2026-08-07 16:23:46",64370,418158,418158,0,300000,-0.0099,0.1500,+0.0,+0.0000,NONE,RUNNING
="2026-08-07 16:23:47",64370,418158,418158,0,300000,-0.0095,0.1500,+0.0,+0.0000,NONE,RUNNING
="2026-08-07 16:23:48",64370,418158,418158,0,300000,-0.0095,0.1500,+0.0,+0.0000,NONE,RUNNING
="2026-08-07 16:23:49",64370,418158,418158,0,300000,-0.0093,0.1500,+0.0,+0.0000,NONE,RUNNING
="2026-08-07 16:23:50",64370,418158,418158,0,300000,-0.0093,0.1500,+0.0,+0.0000,NONE,RUNNING
="2026-08-07 16:23:51",64370,418158,418158,0,300000,-0.0082,0.1500,+0.0,+0.0000,NONE,RUNNING
="2026-08-07 16:23:52",64370,418158,418158,0,300000,-0.0082,0.1500,+0.0,+0.0000,NONE,RUNNING
="2026-08-07 16:23:53",64370,418158,418158,0,300000,-0.0067,0.1500,+0.0,+0.0000,NONE,RUNNING
="2026-08-07 16:23:54",64370,418158,418158,0,300000,-0.0067,0.1500,+0.0,+0.0000,NONE,RUNNING
="2026-08-07 16:23:55",64370,418158,418158,0,300000,-0.0066,0.1500,+0.0,+0.0000,NONE,RUNNING
="2026-08-07 16:23:56",64370,418158,418158,0,300000,-0.0066,0.1500,+0.0,+0.0000,NONE,RUNNING
="2026-08-07 16:23:57",64370,418158,418158,0,300000,-0.0072,0.1500,+0.0,+0.0000,NONE,RUNNING
="2026-08-07 16:23:58",64370,418158,418158,0,300000,-0.0072,0.1500,+0.0,+0.0000,NONE,RUNNING
="2026-08-07 16:23:59",64370,418158,418158,0,300000,-0.0074,0.1500,+0.0,+0.0000,NONE,RUNNING
="2026-08-07 16:24:00",64370,418158,418158,0,300000,-0.0074,0.1500,+0.0,+0.0000,NONE,RUNNING
="2026-08-07 16:24:01",64370,418158,418158,0,300000,-0.0074,0.1500,+0.0,+0.0000,NONE,RUNNING
="2026-08-07 16:24:02",64370,418158,418158,0,300000,-0.0077,0.1500,+0.0,+0.0000,NONE,RUNNING
="2026-08-07 16:25:02",64424,821421,205803,615618,300000,-0.0386,0.1500,+0.0,+0.0000,NONE,RUNNING
="2026-08-07 16:26:02",64423,708761,167516,541244,300000,-0.0546,0.1500,+0.0,+0.0000,NONE,RUNNING
="2026-08-07 16:27:02",64402,349604,164201,185403,300000,+0.0012,0.1500,+0.0,+0.0000,NONE,RUNNING
="2026-08-07 16:28:02",64402,51521,0,51521,300000,-0.0010,0.1500,+0.0,+0.0000,NONE,RUNNING
="2026-08-07 16:29:02",64418,194098,11351,182747,300000,-0.0014,0.1500,+0.0,+0.0000,NONE,RUNNING
="2026-08-07 16:30:02",64408,125196,99429,25767,300000,-0.0047,0.1500,+0.0,+0.0000,NONE,RUNNING
="2026-08-07 16:31:02",64408,64408,0,64408,300000,-0.0021,0.1500,+0.0,+0.0000,NONE,RUNNING
="2026-08-07 16:32:02",64387,92295,66532,25763,300000,+0.0031,0.1500,+0.0,+0.0000,NONE,RUNNING
="2026-08-07 16:33:03",64378,49367,49367,0,300000,-0.0072,0.1500,+0.0,+0.0000,NONE,RUNNING
="2026-08-07 16:34:02",0,0,0,0,300000,+0.0000,0.1500,+0.0,+0.0000,NONE,RUNNING
="2026-08-07 16:35:02",64389,161227,0,161227,300000,-0.0025,0.1500,+0.0,+0.0000,NONE,RUNNING
="2026-08-07 16:36:02",64418,129937,0,129937,300000,-0.0209,0.1500,+0.0,+0.0000,NONE,RUNNING
="2026-08-07 16:37:02",64400,238355,238355,0,300000,-0.0044,0.1500,+0.0,+0.0000,NONE,RUNNING
="2026-08-07 16:38:02",64400,51520,0,51520,300000,-0.0034,0.1500,+0.0,+0.0000,NONE,RUNNING
="2026-08-07 16:39:03",64400,529085,0,529085,300000,-0.0046,0.1500,+0.0,+0.0000,NONE,RUNNING
="2026-08-07 16:40:03",64390,130216,130216,0,300000,-0.0055,0.1500,+0.0,+0.0000,NONE,RUNNING
="2026-08-07 16:41:03",64378,174819,32721,142097,300000,+0.0014,0.1500,+0.0,+0.0000,NONE,RUNNING
="2026-08-07 16:42:03",64385,171192,14004,157187,300000,-0.0042,0.1500,+0.0,+0.0000,NONE,RUNNING
="2026-08-07 16:43:03",64371,66449,66449,0,300000,-0.0005,0.1500,+0.0,+0.0000,NONE,RUNNING
="2026-08-07 16:44:03",64371,0,0,0,300000,-0.0002,0.1500,+0.0,+0.0000,NONE,RUNNING
="2026-08-07 16:45:03",64371,75557,49809,25748,300000,-0.0008,0.1500,+0.0,+0.0000,NONE,RUNNING
="2026-08-07 16:46:03",64370,635694,609946,25748,300000,-0.0054,0.1500,+0.0,+0.0000,NONE,RUNNING
="2026-08-07 16:47:03",64367,0,0,0,300000,-0.0040,0.1500,+0.0,+0.0000,NONE,RUNNING
="2026-08-07 16:48:03",64367,53625,15004,38620,300000,-0.0001,0.1500,+0.0,+0.0000,NONE,RUNNING
="2026-08-07 16:48:33",0,0,0,0,300000,+0.0000,0.1500,+0.0,+0.0000,NONE,RUNNING
="2026-08-07 16:49:33",64367,38620,0,38620,300000,+0.0073,0.1500,+0.0,+0.0000,NONE,RUNNING
="2026-08-07 16:50:33",64367,74714,0,74714,300000,+0.0023,0.1500,+0.0,+0.0000,NONE,RUNNING
="2026-08-07 16:51:33",64367,63831,12337,51494,300000,-0.0073,0.1500,+0.0,+0.0000,NONE,RUNNING
="2026-08-07 16:52:33",64373,67196,0,67196,300000,-0.0078,0.1500,+0.0,+0.0000,NONE,RUNNING
="2026-08-07 16:53:33",64373,275239,223740,51499,300000,-0.0009,0.1500,+0.0,+0.0000,NONE,RUNNING
="2026-08-07 16:54:33",64372,70406,31988,38417,300000,-0.0043,0.1500,+0.0,+0.0000,NONE,RUNNING
="2026-08-07 16:55:33",64364,58082,58082,0,300000,+0.0015,0.1500,+0.0,+0.0000,NONE,RUNNING
="2026-08-07 16:56:33",64358,207717,55624,152093,300000,-0.0225,0.1500,+0.0,+0.0000,NONE,RUNNING
="2026-08-07 16:57:33",64334,220863,220863,0,300000,+0.0001,0.1500,+0.0,+0.0000,NONE,RUNNING
="2026-08-07 16:58:33",64325,209293,80625,128668,300000,+0.0039,0.1500,+0.0,+0.0000,NONE,RUNNING
="2026-08-07 16:59:33",64316,476048,221248,254800,300000,+0.0017,0.1500,+0.0,+0.0000,NONE,RUNNING
="2026-08-07 17:00:33",64304,199680,170094,29586,300000,+0.0053,0.1500,+0.0,+0.0000,NONE,RUNNING
="2026-08-07 17:01:33",64304,294126,127808,166318,300000,-0.0177,0.1500,+0.0,+0.0000,NONE,RUNNING
="2026-08-07 17:02:33",64313,168401,25053,143347,300000,-0.0128,0.1500,+0.0,+0.0000,NONE,RUNNING
="2026-08-07 17:03:33",64315,0,0,0,300000,+0.0054,0.1500,+0.0,+0.0000,NONE,RUNNING
="2026-08-07 17:04:33",64319,180025,38435,141589,300000,-0.0038,0.1500,+0.0,+0.0000,NONE,RUNNING
="2026-08-07 17:05:33",64337,56580,0,56580,300000,-0.0023,0.1500,+0.0,+0.0000,NONE,RUNNING
="2026-08-07 17:06:33",64345,314486,44638,269848,300000,-0.0022,0.1500,+0.0,+0.0000,NONE,RUNNING
="2026-08-07 17:07:33",64324,92571,92571,0,300000,+0.0004,0.1500,+0.0,+0.0000,NONE,RUNNING
="2026-08-07 17:08:34",64332,280638,280638,0,300000,-0.0079,0.1500,+0.0,+0.0000,NONE,RUNNING
="2026-08-07 17:09:34",64326,50206,50206,0,300000,-0.0098,0.1500,+0.0,+0.0000,NONE,RUNNING
="2026-08-07 17:10:34",64336,614823,517289,97534,300000,-0.0077,0.1500,+0.0,+0.0000,NONE,RUNNING
="2026-08-07 17:11:34",64358,191387,160761,30626,300000,-0.0185,0.1500,+0.0,+0.0000,NONE,RUNNING
="2026-08-07 17:12:34",64367,17058,17058,0,300000,-0.0163,0.1500,+0.0,+0.0000,NONE,RUNNING
="2026-08-07 17:13:34",64377,57293,0,57293,300000,-0.0432,0.1500,+0.0,+0.0000,NONE,RUNNING
="2026-08-07 17:14:34",64379,55669,0,55669,300000,-0.0006,0.1500,+0.0,+0.0000,NONE,RUNNING
="2026-08-07 17:15:34",64370,220085,205951,14134,300000,-0.0110,0.1500,+0.0,+0.0000,NONE,RUNNING
="2026-08-07 17:16:34",64414,285914,32880,253033,300000,+0.0058,0.1500,+0.0,+0.0000,NONE,RUNNING
="2026-08-07 17:17:34",64406,271701,127436,144265,300000,+0.0241,0.1500,+0.0,+0.0000,NONE,RUNNING
="2026-08-07 17:18:34",64436,64205,10883,53321,300000,-0.0193,0.1500,+0.0,+0.0000,NONE,RUNNING
="2026-08-07 17:19:34",64425,48719,48719,0,300000,-0.0028,0.1500,+0.0,+0.0000,NONE,RUNNING
="2026-08-07 17:20:34",64422,103398,34532,68866,300000,+0.0015,0.1500,+0.0,+0.0000,NONE,RUNNING
="2026-08-07 17:21:34",64405,707889,692896,14993,300000,+0.0002,0.1500,+0.0,+0.0000,NONE,RUNNING
="2026-08-07 17:22:34",64413,831654,772978,58676,300000,-0.0022,0.1500,+0.0,+0.0000,NONE,RUNNING
="2026-08-07 17:23:34",64413,12094,0,12094,300000,-0.0006,0.1500,+0.0,+0.0000,NONE,RUNNING
="2026-08-07 17:24:34",64423,296599,171009,125590,300000,+0.0065,0.1500,+0.0,+0.0000,NONE,RUNNING
="2026-08-07 17:25:34",64427,245881,0,245881,300000,+0.0007,0.1500,+0.0,+0.0000,NONE,RUNNING
="2026-08-07 17:26:34",64438,77731,31707,46024,300000,-0.0013,0.1500,+0.0,+0.0000,NONE,RUNNING
="2026-08-07 17:27:34",64436,112193,87158,25035,300000,-0.0003,0.1500,+0.0,+0.0000,NONE,RUNNING
="2026-08-07 17:28:35",64450,0,0,0,300000,-0.0018,0.1500,+0.0,+0.0000,NONE,RUNNING
="2026-08-07 17:29:35",64450,316882,283618,33263,300000,-0.0061,0.1500,+0.0,+0.0000,NONE,RUNNING
="2026-08-07 17:30:35",64455,0,0,0,300000,+0.0015,0.1500,+0.0,+0.0000,NONE,RUNNING
="2026-08-07 17:31:35",64465,85394,74990,10404,300000,-0.0058,0.1500,+0.0,+0.0000,NONE,RUNNING
="2026-08-07 17:32:35",64480,576536,218738,357797,300000,-0.0574,0.1500,+0.0,+0.0000,NONE,RUNNING
="2026-08-07 17:33:35",64480,157608,107921,49687,300000,+0.0051,0.1500,+0.0,+0.0000,NONE,RUNNING
="2026-08-07 17:34:35",64524,1105005,34678,1070326,300000,-0.0072,0.1500,+0.0,+0.0000,NONE,RUNNING
="2026-08-07 17:35:35",64510,287041,272527,14514,300000,-0.0130,0.1500,+0.0,+0.0000,NONE,RUNNING
="2026-08-07 17:36:35",64476,551388,428871,122517,300000,-0.0163,0.1500,+0.0,+0.0000,NONE,RUNNING
="2026-08-07 17:37:35",64460,27412,27412,0,300000,+0.0097,0.1500,+0.0,+0.0000,NONE,RUNNING
="2026-08-07 17:38:35",64461,108980,52830,56150,300000,-0.0091,0.1500,+0.0,+0.0000,NONE,RUNNING
="2026-08-07 17:39:35",64484,143698,0,143698,300000,+0.0076,0.1500,+0.0,+0.0000,NONE,RUNNING
="2026-08-07 17:40:35",64497,311094,0,311094,300000,-0.0023,0.1500,+0.0,+0.0000,NONE,RUNNING
="2026-08-07 17:41:35",64523,146351,120907,25444,300000,+0.0012,0.1500,+0.0,+0.0000,NONE,RUNNING
="2026-08-07 17:42:35",64616,1013118,198891,814227,300000,-0.0754,0.1500,+0.0,+0.0000,NONE,RUNNING
="2026-08-07 17:42:36",64616,1013118,198891,814227,300000,-0.0754,0.1500,+0.0,+0.0000,NONE,RUNNING
="2026-08-07 17:42:37",64616,1013118,198891,814227,300000,-0.0754,0.1500,+0.0,+0.0000,NONE,RUNNING
="2026-08-07 17:42:38",64616,1157517,343289,814227,300000,-0.0754,0.1500,+0.0,+0.0000,NONE,RUNNING
="2026-08-07 17:42:39",64604,1157517,343289,814227,300000,-0.0749,0.1500,+0.0,+0.0000,NONE,RUNNING
="2026-08-07 17:42:40",64604,1157517,343289,814227,300000,-0.0783,0.1500,+0.0,+0.0000,NONE,RUNNING
="2026-08-07 17:42:41",64604,1157517,343289,814227,300000,-0.0783,0.1500,+0.0,+0.0000,NONE,RUNNING
="2026-08-07 17:42:42",64598,1167533,353306,814227,300000,-0.0783,0.1500,+0.0,+0.0000,NONE,RUNNING
="2026-08-07 17:42:43",64598,1190556,376328,814227,300000,-0.0783,0.1500,+0.0,+0.0000,NONE,RUNNING
="2026-08-07 17:42:44",64598,1190556,376328,814227,300000,-0.0783,0.1500,+0.0,+0.0000,NONE,RUNNING
="2026-08-07 17:42:45",64596,1190556,376328,814227,300000,-0.1027,0.1500,+0.0,+0.0000,NONE,RUNNING
="2026-08-07 17:42:46",64596,1190556,376328,814227,300000,-0.1027,0.1500,+0.0,+0.0000,NONE,RUNNING
="2026-08-07 17:42:47",64596,1190556,376328,814227,300000,-0.1017,0.1500,+0.0,+0.0000,NONE,RUNNING
="2026-08-07 17:42:48",64596,1190556,376328,814227,300000,-0.1027,0.1500,+0.0,+0.0000,NONE,RUNNING
="2026-08-07 17:42:49",64596,1190556,376328,814227,300000,-0.1027,0.1500,+0.0,+0.0000,NONE,RUNNING
="2026-08-07 17:42:50",64596,1190556,376328,814227,300000,-0.1064,0.1500,+0.0,+0.0000,NONE,RUNNING
="2026-08-07 17:42:51",64596,1190556,376328,814227,300000,-0.1040,0.1500,+0.0,+0.0000,NONE,RUNNING
="2026-08-07 17:42:52",64596,1190556,376328,814227,300000,-0.1040,0.1500,+0.0,+0.0000,NONE,RUNNING
="2026-08-07 17:42:53",64596,1190556,376328,814227,300000,-0.1040,0.1500,+0.0,+0.0000,NONE,RUNNING
="2026-08-07 17:42:54",64607,1190556,376328,814227,300000,-0.1037,0.1500,+0.0,+0.0000,NONE,RUNNING
="2026-08-07 17:42:55",64607,1190556,376328,814227,300000,-0.1037,0.1500,+0.0,+0.0000,NONE,RUNNING
="2026-08-07 17:42:56",64607,1190556,376328,814227,300000,-0.1049,0.1500,+0.0,+0.0000,NONE,RUNNING
="2026-08-07 17:42:57",64607,1190556,376328,814227,300000,-0.1080,0.1500,+0.0,+0.0000,NONE,RUNNING
="2026-08-07 17:42:58",64607,1124070,376328,747742,300000,-0.1080,0.1500,+0.0,+0.0000,NONE,RUNNING
="2026-08-07 17:42:59",64607,1124070,376328,747742,300000,-0.1080,0.1500,+0.0,+0.0000,NONE,RUNNING
="2026-08-07 17:43:00",64607,1101816,396322,705493,300000,-0.1080,0.1500,+0.0,+0.0000,NONE,RUNNING
="2026-08-07 17:43:01",64607,1143864,396322,747541,300000,-0.1080,0.1500,+0.0,+0.0000,NONE,RUNNING
="2026-08-07 17:43:02",64633,1362937,396322,966614,300000,-0.1097,0.1500,+0.0,+0.0000,NONE,RUNNING
="2026-08-07 17:43:03",64634,1461528,494913,966614,300000,-0.1097,0.1500,+0.0,+0.0000,NONE,RUNNING
="2026-08-07 17:43:04",64639,1461528,494913,966614,300000,-0.1090,0.1500,+0.0,+0.0000,NONE,RUNNING
="2026-08-07 17:43:05",64639,1461528,494913,966614,300000,-0.0931,0.1500,+0.0,+0.0000,NONE,RUNNING
="2026-08-07 17:43:06",64639,1461528,494913,966614,300000,-0.0931,0.1500,+0.0,+0.0000,NONE,RUNNING
="2026-08-07 17:43:07",64639,1461528,494913,966614,300000,-0.0931,0.1500,+0.0,+0.0000,NONE,RUNNING
="2026-08-07 17:43:08",64639,1461528,494913,966614,300000,-0.0931,0.1500,+0.0,+0.0000,NONE,RUNNING
="2026-08-07 17:43:09",64639,1526830,494913,1031916,300000,-0.1057,0.1500,+0.0,+0.0000,NONE,RUNNING
="2026-08-07 17:43:10",64642,1005869,468616,537252,300000,-0.1057,0.1500,+0.0,+0.0000,NONE,RUNNING
="2026-08-07 17:43:11",64642,1005869,468616,537252,300000,-0.1108,0.1500,+0.0,+0.0000,NONE,RUNNING
="2026-08-07 17:43:12",64642,984542,468616,515926,300000,-0.1108,0.1500,+0.0,+0.0000,NONE,RUNNING
="2026-08-07 17:43:13",64642,906296,468616,437680,300000,-0.1157,0.1500,+0.0,+0.0000,NONE,RUNNING
="2026-08-07 17:43:14",64642,733702,296022,437680,300000,-0.0514,0.1500,+0.0,+0.0000,NONE,RUNNING
="2026-08-07 17:43:15",64642,733702,296022,437680,300000,-0.0589,0.1500,+0.0,+0.0000,NONE,RUNNING
="2026-08-07 17:43:16",64642,696309,296022,400286,300000,-0.0589,0.1500,+0.0,+0.0000,NONE,RUNNING
="2026-08-07 17:43:17",64642,696309,296022,400286,300000,-0.0582,0.1500,+0.0,+0.0000,NONE,RUNNING
="2026-08-07 17:43:18",64642,696309,296022,400286,300000,-0.0582,0.1500,+0.0,+0.0000,NONE,RUNNING
="2026-08-07 17:43:19",64642,679032,296022,383009,300000,-0.0582,0.1500,+0.0,+0.0000,NONE,RUNNING
="2026-08-07 17:43:20",64642,679032,296022,383009,300000,-0.0547,0.1500,+0.0,+0.0000,NONE,RUNNING
="2026-08-07 17:43:21",64642,679032,296022,383009,300000,-0.0547,0.1500,+0.0,+0.0000,NONE,RUNNING
="2026-08-07 17:43:22",64642,679032,296022,383009,300000,-0.0466,0.1500,+0.0,+0.0000,NONE,RUNNING
="2026-08-07 17:43:23",64642,622445,296022,326423,300000,-0.0462,0.1500,+0.0,+0.0000,NONE,RUNNING
="2026-08-07 17:43:24",64642,622445,296022,326423,300000,-0.0462,0.1500,+0.0,+0.0000,NONE,RUNNING
="2026-08-07 17:43:25",64642,622445,296022,326423,300000,-0.0462,0.1500,+0.0,+0.0000,NONE,RUNNING
="2026-08-07 17:43:26",64642,622445,296022,326423,300000,-0.0468,0.1500,+0.0,+0.0000,NONE,RUNNING
="2026-08-07 17:43:27",64642,622445,296022,326423,300000,-0.0468,0.1500,+0.0,+0.0000,NONE,RUNNING
="2026-08-07 17:43:28",64642,622445,296022,326423,300000,-0.0468,0.1500,+0.0,+0.0000,NONE,RUNNING
="2026-08-07 17:43:29",64642,622445,296022,326423,300000,-0.0441,0.1500,+0.0,+0.0000,NONE,RUNNING
="2026-08-07 17:43:30",64642,622445,296022,326423,300000,-0.0441,0.1500,+0.0,+0.0000,NONE,RUNNING
="2026-08-07 17:43:31",64642,639243,296022,343221,300000,-0.0435,0.1500,+0.0,+0.0000,NONE,RUNNING
="2026-08-07 17:43:32",64642,639243,296022,343221,300000,-0.0435,0.1500,+0.0,+0.0000,NONE,RUNNING
="2026-08-07 17:43:33",64642,838253,495032,343221,300000,-0.0435,0.1500,+0.0,+0.0000,NONE,RUNNING
="2026-08-07 17:43:34",64633,838253,495032,343221,300000,-0.0434,0.1500,+0.0,+0.0000,NONE,RUNNING
="2026-08-07 17:43:35",64633,838253,495032,343221,300000,-0.0409,0.1500,+0.0,+0.0000,NONE,RUNNING
="2026-08-07 17:43:36",64629,838253,495032,343221,300000,-0.0409,0.1500,+0.0,+0.0000,NONE,RUNNING
="2026-08-07 17:43:37",64629,838253,495032,343221,300000,-0.0409,0.1500,+0.0,+0.0000,NONE,RUNNING
="2026-08-07 17:43:38",64629,703887,360666,343221,300000,-0.0415,0.1500,+0.0,+0.0000,NONE,RUNNING
="2026-08-07 17:43:39",64627,703887,360666,343221,300000,-0.0415,0.1500,+0.0,+0.0000,NONE,RUNNING
="2026-08-07 17:43:40",64625,703887,360666,343221,300000,-0.0341,0.1500,+0.0,+0.0000,NONE,RUNNING
="2026-08-07 17:43:41",64625,693870,350649,343221,300000,-0.0341,0.1500,+0.0,+0.0000,NONE,RUNNING
="2026-08-07 17:43:42",64625,693870,350649,343221,300000,-0.0364,0.1500,+0.0,+0.0000,NONE,RUNNING
="2026-08-07 17:43:44",64625,670848,327627,343221,300000,-0.0364,0.1500,+0.0,+0.0000,NONE,RUNNING
="2026-08-07 17:43:45",64619,979517,636296,343221,300000,-0.0120,0.1500,+0.0,+0.0000,NONE,RUNNING
="2026-08-07 17:43:46",64619,979517,636296,343221,300000,-0.0120,0.1500,+0.0,+0.0000,NONE,RUNNING
="2026-08-07 17:43:47",64619,979517,636296,343221,300000,-0.0119,0.1500,+0.0,+0.0000,NONE,RUNNING
="2026-08-07 17:43:48",64619,979517,636296,343221,300000,-0.0119,0.1500,+0.0,+0.0000,NONE,RUNNING
="2026-08-07 17:43:49",64619,979517,636296,343221,300000,-0.0108,0.1500,+0.0,+0.0000,NONE,RUNNING
="2026-08-07 17:43:50",64619,979517,636296,343221,300000,-0.0186,0.1500,+0.0,+0.0000,NONE,RUNNING
="2026-08-07 17:43:51",64619,979517,636296,343221,300000,-0.0186,0.1500,+0.0,+0.0000,NONE,RUNNING
="2026-08-07 17:43:52",64619,979517,636296,343221,300000,-0.0210,0.1500,+0.0,+0.0000,NONE,RUNNING
="2026-08-07 17:43:53",64619,979517,636296,343221,300000,-0.0260,0.1500,+0.0,+0.0000,NONE,RUNNING
="2026-08-07 17:43:54",64619,979517,636296,343221,300000,-0.0260,0.1500,+0.0,+0.0000,NONE,RUNNING
="2026-08-07 17:43:55",64619,979517,636296,343221,300000,-0.0263,0.1500,+0.0,+0.0000,NONE,RUNNING
="2026-08-07 17:43:56",64609,1346752,1003531,343221,300000,-0.0255,0.1500,+0.0,+0.0000,NONE,RUNNING
="2026-08-07 17:43:57",64609,1346752,1003531,343221,300000,-0.0255,0.1500,+0.0,+0.0000,NONE,RUNNING
="2026-08-07 17:43:58",64609,1346752,1003531,343221,300000,-0.0224,0.1500,+0.0,+0.0000,NONE,RUNNING
="2026-08-07 17:43:59",64609,1346752,1003531,343221,300000,-0.0246,0.1500,+0.0,+0.0000,NONE,RUNNING
="2026-08-07 17:44:00",64609,1326758,983537,343221,300000,-0.0246,0.1500,+0.0,+0.0000,NONE,RUNNING
="2026-08-07 17:44:01",64609,1326758,983537,343221,300000,-0.0246,0.1500,+0.0,+0.0000,NONE,RUNNING
="2026-08-07 17:44:02",64609,1186973,983537,203435,300000,-0.0246,0.1500,+0.0,+0.0000,NONE,RUNNING
="2026-08-07 17:44:03",64609,1065637,983537,82100,300000,-0.0244,0.1500,+0.0,+0.0000,NONE,RUNNING
="2026-08-07 17:44:04",64608,967047,884946,82100,300000,-0.0244,0.1500,+0.0,+0.0000,NONE,RUNNING
="2026-08-07 17:44:05",64608,967047,884946,82100,300000,-0.0246,0.1500,+0.0,+0.0000,NONE,RUNNING
="2026-08-07 17:44:06",64608,967047,884946,82100,300000,-0.0246,0.1500,+0.0,+0.0000,NONE,RUNNING
="2026-08-07 17:44:07",64624,1363322,884946,478376,300000,-0.0246,0.1500,+0.0,+0.0000,NONE,RUNNING
="2026-08-07 17:44:08",64630,1363322,884946,478376,300000,-0.0227,0.1500,+0.0,+0.0000,NONE,RUNNING
="2026-08-07 17:44:09",64630,1390975,912599,478376,300000,-0.0227,0.1500,+0.0,+0.0000,NONE,RUNNING
="2026-08-07 17:44:10",64630,1342628,929555,413073,300000,-0.0101,0.1500,+0.0,+0.0000,NONE,RUNNING
="2026-08-07 17:44:11",64630,1342628,929555,413073,300000,-0.0101,0.1500,+0.0,+0.0000,NONE,RUNNING
="2026-08-07 17:44:12",64630,1342628,929555,413073,300000,-0.0057,0.1500,+0.0,+0.0000,NONE,RUNNING
="2026-08-07 17:44:13",64630,1342628,929555,413073,300000,-0.0057,0.1500,+0.0,+0.0000,NONE,RUNNING
="2026-08-07 17:44:14",64630,1342628,929555,413073,300000,-0.0052,0.1500,+0.0,+0.0000,NONE,RUNNING
="2026-08-07 17:45:14",64612,703654,420413,283240,300000,-0.0227,0.1500,+0.0,+0.0000,NONE,RUNNING
="2026-08-07 17:46:14",64595,306090,254418,51672,300000,-0.0231,0.1500,+0.0,+0.0000,NONE,RUNNING
="2026-08-07 17:47:14",64601,668697,447031,221665,300000,-0.0035,0.1500,+0.0,+0.0000,NONE,RUNNING
="2026-08-07 17:47:56",64602,194588,130630,63957,100000,-0.0070,0.0080,+0.0,+0.0000,NONE,RUNNING
="2026-08-07 17:47:57",64602,194588,130630,63957,100000,-0.0087,0.0080,+0.0,+0.0000,SHORT,RUNNING
="2026-08-07 17:47:58",64602,208848,144890,63957,100000,-0.0082,0.0080,+0.0,+0.0000,SHORT,RUNNING
="2026-08-07 17:47:59",64602,208848,144890,63957,100000,-0.0082,0.0080,+0.0,+0.0000,SHORT,RUNNING
="2026-08-07 17:48:00",64602,208848,144890,63957,100000,-0.0083,0.0080,+0.0,+0.0000,SHORT,RUNNING
="2026-08-07 17:48:01",64602,208848,144890,63957,100000,-0.0084,0.0080,+0.0,+0.0000,SHORT,RUNNING
="2026-08-07 17:48:02",64602,208848,144890,63957,100000,-0.0084,0.0080,+0.0,+0.0000,SHORT,RUNNING
="2026-08-07 17:48:03",64602,208848,144890,63957,100000,-0.0043,0.0080,+0.0,+0.0000,NONE,RUNNING
="2026-08-07 17:48:04",64602,208848,144890,63957,100000,-0.0043,0.0080,+0.0,+0.0000,NONE,RUNNING
="2026-08-07 17:48:05",64602,208848,144890,63957,100000,-0.0034,0.0080,+0.0,+0.0000,NONE,RUNNING
="2026-08-07 17:48:06",64602,208848,144890,63957,100000,-0.0034,0.0080,+0.0,+0.0000,NONE,RUNNING
="2026-08-07 17:48:07",64602,208848,144890,63957,100000,-0.0036,0.0080,+0.0,+0.0000,NONE,RUNNING
="2026-08-07 17:48:08",64602,208848,144890,63957,100000,-0.0036,0.0080,+0.0,+0.0000,NONE,RUNNING
="2026-08-07 17:48:09",64602,208848,144890,63957,100000,-0.0019,0.0080,+0.0,+0.0000,NONE,RUNNING
="2026-08-07 17:48:10",64602,208848,144890,63957,100000,-0.0019,0.0080,+0.0,+0.0000,NONE,RUNNING
="2026-08-07 17:48:11",64602,208848,144890,63957,100000,-0.0019,0.0080,+0.0,+0.0000,NONE,RUNNING
="2026-08-07 17:48:12",64602,208848,144890,63957,100000,-0.0015,0.0080,+0.0,+0.0000,NONE,RUNNING
="2026-08-07 17:48:13",64602,208848,144890,63957,100000,-0.0030,0.0080,+0.0,+0.0000,NONE,RUNNING
="2026-08-07 17:48:14",64602,208848,144890,63957,100000,-0.0030,0.0080,+0.0,+0.0000,NONE,RUNNING
="2026-08-07 17:48:15",64602,208848,144890,63957,100000,-0.0030,0.0080,+0.0,+0.0000,NONE,RUNNING
="2026-08-07 17:48:17",64602,208848,144890,63957,100000,-0.0030,0.0080,+0.0,+0.0000,NONE,RUNNING
="2026-08-07 17:48:18",64602,219920,144890,75030,100000,-0.0030,0.0080,+0.0,+0.0000,NONE,RUNNING
="2026-08-07 17:48:19",64602,219920,144890,75030,100000,-0.0036,0.0080,+0.0,+0.0000,NONE,RUNNING
="2026-08-07 17:48:20",64602,219920,144890,75030,100000,-0.0036,0.0080,+0.0,+0.0000,NONE,RUNNING
="2026-08-07 17:48:21",64602,219920,144890,75030,100000,-0.0032,0.0080,+0.0,+0.0000,NONE,RUNNING
="2026-08-07 17:48:22",64602,219920,144890,75030,100000,-0.0031,0.0080,+0.0,+0.0000,NONE,RUNNING
="2026-08-07 17:48:23",64602,219920,144890,75030,100000,-0.0033,0.0080,+0.0,+0.0000,NONE,RUNNING
="2026-08-07 17:48:24",64602,219920,144890,75030,100000,-0.0033,0.0080,+0.0,+0.0000,NONE,RUNNING
="2026-08-07 17:48:25",64602,219920,144890,75030,100000,-0.0033,0.0080,+0.0,+0.0000,NONE,RUNNING
="2026-08-07 17:48:26",64602,219920,144890,75030,100000,+0.0020,0.0080,+0.0,+0.0000,NONE,RUNNING
="2026-08-07 17:48:27",64602,219920,144890,75030,100000,+0.0020,0.0080,+0.0,+0.0000,NONE,RUNNING
="2026-08-07 17:48:28",64602,219920,144890,75030,100000,+0.0022,0.0080,+0.0,+0.0000,NONE,RUNNING
="2026-08-07 17:48:29",64602,219920,144890,75030,100000,+0.0022,0.0080,+0.0,+0.0000,NONE,RUNNING
="2026-08-07 17:48:30",64602,219920,144890,75030,100000,+0.0022,0.0080,+0.0,+0.0000,NONE,RUNNING
="2026-08-07 17:48:31",64602,219920,144890,75030,100000,+0.0022,0.0080,+0.0,+0.0000,NONE,RUNNING
="2026-08-07 17:48:32",64602,219920,144890,75030,100000,+0.0016,0.0080,+0.0,+0.0000,NONE,RUNNING
="2026-08-07 17:48:33",64602,219920,144890,75030,100000,+0.0016,0.0080,+0.0,+0.0000,NONE,RUNNING
="2026-08-07 17:48:34",64602,219920,144890,75030,100000,+0.0047,0.0080,+0.0,+0.0000,NONE,RUNNING
="2026-08-07 17:48:35",64602,244683,144890,99792,100000,+0.0056,0.0080,+0.0,+0.0000,NONE,RUNNING
="2026-08-07 17:48:36",64602,244683,144890,99792,100000,+0.0056,0.0080,+0.0,+0.0000,NONE,RUNNING
="2026-08-07 17:48:37",64602,276984,144890,132093,100000,+0.0056,0.0080,+0.0,+0.0000,NONE,RUNNING
="2026-08-07 17:48:38",64596,447911,315817,132093,100000,+0.0056,0.0080,+0.0,+0.0000,NONE,RUNNING
="2026-08-07 17:48:39",64596,447911,315817,132093,100000,+0.0078,0.0080,+0.0,+0.0000,NONE,RUNNING
="2026-08-07 17:48:40",64596,447911,315817,132093,100000,+0.0077,0.0080,+0.0,+0.0000,NONE,RUNNING
="2026-08-07 17:48:41",64596,447911,315817,132093,100000,+0.0077,0.0080,+0.0,+0.0000,NONE,RUNNING
="2026-08-07 17:48:42",64596,317280,185186,132093,100000,+0.0077,0.0080,+0.0,+0.0000,NONE,RUNNING
="2026-08-07 17:48:43",64596,317280,185186,132093,100000,+0.0077,0.0080,+0.0,+0.0000,NONE,RUNNING
="2026-08-07 17:48:44",64608,344286,185186,159099,100000,+0.0077,0.0080,+0.0,+0.0000,NONE,RUNNING
="2026-08-07 17:48:45",64608,344286,185186,159099,100000,+0.0166,0.0080,+0.0,+0.0000,SHORT,RUNNING
="2026-08-07 17:48:46",64608,344286,185186,159099,100000,+0.0190,0.0080,+0.0,+0.0000,SHORT,RUNNING
="2026-08-07 17:48:47",64608,344286,185186,159099,100000,+0.0214,0.0080,+0.0,+0.0000,SHORT,RUNNING
="2026-08-07 17:48:48",64608,344286,185186,159099,100000,+0.0214,0.0080,+0.0,+0.0000,SHORT,RUNNING
="2026-08-07 17:48:49",64608,344286,185186,159099,100000,+0.0214,0.0080,+0.0,+0.0000,SHORT,RUNNING
="2026-08-07 17:48:50",64608,344286,185186,159099,100000,+0.0221,0.0080,+0.0,+0.0000,SHORT,RUNNING
="2026-08-07 17:48:51",64608,280328,185186,95141,100000,+0.0221,0.0080,+0.0,+0.0000,SHORT,RUNNING
="2026-08-07 17:48:52",64608,280328,185186,95141,100000,+0.0221,0.0080,+0.0,+0.0000,SHORT,RUNNING
="2026-08-07 17:48:53",64608,280328,185186,95141,100000,+0.0221,0.0080,+0.0,+0.0000,SHORT,RUNNING
="2026-08-07 17:48:54",64608,280328,185186,95141,100000,+0.0207,0.0080,+0.0,+0.0000,SHORT,RUNNING
="2026-08-07 17:48:55",64608,280328,185186,95141,100000,+0.0175,0.0080,+0.0,+0.0000,SHORT,RUNNING
="2026-08-07 17:48:56",64608,280328,185186,95141,100000,+0.0175,0.0080,+0.0,+0.0000,SHORT,RUNNING
="2026-08-07 17:48:57",64608,280328,185186,95141,100000,+0.0177,0.0080,+0.0,+0.0000,SHORT,RUNNING
="2026-08-07 17:48:58",64608,266069,170927,95141,100000,+0.0173,0.0080,+0.0,+0.0000,SHORT,RUNNING
="2026-08-07 17:48:59",64608,266069,170927,95141,100000,+0.0173,0.0080,+0.0,+0.0000,SHORT,RUNNING
="2026-08-07 17:49:00",64608,266069,170927,95141,100000,+0.0173,0.0080,+0.0,+0.0000,SHORT,RUNNING
="2026-08-07 17:49:01",64608,266069,170927,95141,100000,+0.0173,0.0080,+0.0,+0.0000,SHORT,RUNNING
="2026-08-07 17:49:02",64609,266069,170927,95141,100000,+0.0174,0.0080,+0.0,+0.0000,SHORT,RUNNING
="2026-08-07 17:49:03",64609,266069,170927,95141,100000,+0.0217,0.0080,+0.0,+0.0000,SHORT,RUNNING
="2026-08-07 17:49:04",64609,266069,170927,95141,100000,+0.0217,0.0080,+0.0,+0.0000,SHORT,RUNNING
="2026-08-07 17:49:05",64609,266069,170927,95141,100000,+0.0208,0.0080,+0.0,+0.0000,SHORT,RUNNING
="2026-08-07 17:49:06",64609,266069,170927,95141,100000,+0.0218,0.0080,+0.0,+0.0000,SHORT,RUNNING
="2026-08-07 17:49:07",64609,266069,170927,95141,100000,+0.0218,0.0080,+0.0,+0.0000,SHORT,RUNNING
="2026-08-07 17:49:08",64609,266069,170927,95141,100000,+0.0220,0.0080,+0.0,+0.0000,SHORT,RUNNING
="2026-08-07 17:49:09",64609,266069,170927,95141,100000,+0.0220,0.0080,+0.0,+0.0000,SHORT,RUNNING
="2026-08-07 17:49:10",64609,266069,170927,95141,100000,+0.0220,0.0080,+0.0,+0.0000,SHORT,RUNNING
="2026-08-07 17:49:11",64610,266069,170927,95141,100000,+0.0220,0.0080,+0.0,+0.0000,SHORT,RUNNING
="2026-08-07 17:49:12",64609,266069,170927,95141,100000,+0.0228,0.0080,+0.0,+0.0000,SHORT,RUNNING
="2026-08-07 17:49:13",64610,266069,170927,95141,100000,+0.0228,0.0080,+0.0,+0.0000,SHORT,RUNNING
="2026-08-07 17:49:14",64609,266069,170927,95141,100000,+0.0242,0.0080,+0.0,+0.0000,SHORT,RUNNING
="2026-08-07 17:49:15",64609,266069,170927,95141,100000,+0.0240,0.0080,+0.0,+0.0000,SHORT,RUNNING
="2026-08-07 17:49:16",64609,266069,170927,95141,100000,+0.0240,0.0080,+0.0,+0.0000,SHORT,RUNNING
="2026-08-07 17:49:17",64609,254996,170927,84069,100000,+0.0240,0.0080,+0.0,+0.0000,SHORT,RUNNING
="2026-08-07 17:49:18",64610,254996,170927,84069,100000,+0.0244,0.0080,+0.0,+0.0000,SHORT,RUNNING
="2026-08-07 17:49:19",64610,254996,170927,84069,100000,+0.0240,0.0080,+0.0,+0.0000,SHORT,RUNNING
="2026-08-07 17:49:20",64610,267706,170927,96779,100000,+0.0240,0.0080,+0.0,+0.0000,SHORT,RUNNING
="2026-08-07 17:49:21",64616,267706,170927,96779,100000,+0.0240,0.0080,+0.0,+0.0000,SHORT,RUNNING
="2026-08-07 17:49:22",64616,302773,205993,96779,100000,+0.0266,0.0080,+0.0,+0.0000,SHORT,RUNNING
="2026-08-07 17:49:23",64616,302773,205993,96779,100000,+0.0267,0.0080,+0.0,+0.0000,SHORT,RUNNING
="2026-08-07 17:49:24",64616,302773,205993,96779,100000,+0.0267,0.0080,+0.0,+0.0000,SHORT,RUNNING
="2026-08-07 17:49:25",64616,302773,205993,96779,100000,+0.0215,0.0080,+0.0,+0.0000,SHORT,RUNNING
="2026-08-07 17:49:26",64616,302773,205993,96779,100000,+0.0215,0.0080,+0.0,+0.0000,SHORT,RUNNING
="2026-08-07 17:49:27",64616,302773,205993,96779,100000,+0.0216,0.0080,+0.0,+0.0000,SHORT,RUNNING
="2026-08-07 17:49:28",64616,302773,205993,96779,100000,+0.0216,0.0080,+0.0,+0.0000,SHORT,RUNNING
="2026-08-07 17:49:29",64616,302773,205993,96779,100000,+0.0216,0.0080,+0.0,+0.0000,SHORT,RUNNING
="2026-08-07 17:49:30",64616,302773,205993,96779,100000,+0.0214,0.0080,+0.0,+0.0000,SHORT,RUNNING
="2026-08-07 17:49:31",64616,302773,205993,96779,100000,+0.0214,0.0080,+0.0,+0.0000,SHORT,RUNNING
="2026-08-07 17:49:32",64616,302773,205993,96779,100000,+0.0220,0.0080,+0.0,+0.0000,SHORT,RUNNING
="2026-08-07 17:49:33",64616,302773,205993,96779,100000,+0.0220,0.0080,+0.0,+0.0000,SHORT,RUNNING
="2026-08-07 17:49:34",64616,278010,205993,72016,100000,+0.0220,0.0080,+0.0,+0.0000,SHORT,RUNNING
="2026-08-07 17:49:35",64613,300269,228252,72016,100000,+0.0211,0.0080,+0.0,+0.0000,SHORT,RUNNING
="2026-08-07 17:49:36",64613,452331,412615,39715,100000,+0.0211,0.0080,+0.0,+0.0000,SHORT,RUNNING
="2026-08-07 17:49:37",64602,281404,241688,39715,100000,+0.0230,0.0080,+0.0,+0.0000,SHORT,RUNNING
="2026-08-07 17:49:38",64602,281404,241688,39715,100000,+0.0208,0.0080,+0.0,+0.0000,SHORT,RUNNING
="2026-08-07 17:49:40",64602,281404,241688,39715,100000,+0.0208,0.0080,+0.0,+0.0000,SHORT,RUNNING
="2026-08-07 17:49:41",64602,281404,241688,39715,100000,+0.0200,0.0080,+0.0,+0.0000,SHORT,RUNNING
="2026-08-07 17:49:42",64602,281404,241688,39715,100000,+0.0200,0.0080,+0.0,+0.0000,SHORT,RUNNING
="2026-08-07 17:49:43",64602,281404,241688,39715,100000,+0.0200,0.0080,+0.0,+0.0000,SHORT,RUNNING
="2026-08-07 17:49:44",64602,254398,241688,12710,100000,+0.0204,0.0080,+0.0,+0.0000,SHORT,RUNNING
="2026-08-07 17:49:45",64602,254398,241688,12710,100000,+0.0115,0.0080,+0.0,+0.0000,SHORT,RUNNING
="2026-08-07 17:49:46",64602,254398,241688,12710,100000,+0.0115,0.0080,+0.0,+0.0000,SHORT,RUNNING
="2026-08-07 17:49:47",64602,254398,241688,12710,100000,+0.0101,0.0080,+0.0,+0.0000,SHORT,RUNNING
="2026-08-07 17:49:48",64602,254398,241688,12710,100000,+0.0101,0.0080,+0.0,+0.0000,SHORT,RUNNING
="2026-08-07 17:49:49",64602,254398,241688,12710,100000,+0.0077,0.0080,+0.0,+0.0000,NONE,RUNNING
="2026-08-07 17:49:50",64602,254398,241688,12710,100000,+0.0075,0.0080,+0.0,+0.0000,NONE,RUNNING
="2026-08-07 17:49:51",64602,254398,241688,12710,100000,+0.0075,0.0080,+0.0,+0.0000,NONE,RUNNING
="2026-08-07 17:49:52",64602,254398,241688,12710,100000,+0.0077,0.0080,+0.0,+0.0000,NONE,RUNNING
="2026-08-07 17:49:53",64602,254398,241688,12710,100000,+0.0077,0.0080,+0.0,+0.0000,NONE,RUNNING
="2026-08-07 17:49:54",64602,254398,241688,12710,100000,+0.0091,0.0080,+0.0,+0.0000,SHORT,RUNNING
="2026-08-07 17:49:55",64602,254398,241688,12710,100000,+0.0091,0.0080,+0.0,+0.0000,SHORT,RUNNING
="2026-08-07 17:49:56",64603,254398,241688,12710,100000,+0.0091,0.0080,+0.0,+0.0000,SHORT,RUNNING
="2026-08-07 17:49:57",64603,254398,241688,12710,100000,+0.0089,0.0080,+0.0,+0.0000,SHORT,RUNNING
="2026-08-07 17:49:58",64603,254398,241688,12710,100000,+0.0089,0.0080,+0.0,+0.0000,SHORT,RUNNING
="2026-08-07 17:49:59",64603,254398,241688,12710,100000,+0.0089,0.0080,+0.0,+0.0000,SHORT,RUNNING
="2026-08-07 17:50:00",64603,254398,241688,12710,100000,+0.0089,0.0080,+0.0,+0.0000,SHORT,RUNNING
="2026-08-07 17:50:01",64603,254398,241688,12710,100000,+0.0111,0.0080,+0.0,+0.0000,SHORT,RUNNING
="2026-08-07 17:50:02",64603,254398,241688,12710,100000,+0.0111,0.0080,+0.0,+0.0000,SHORT,RUNNING
="2026-08-07 17:50:03",64603,254398,241688,12710,100000,+0.0067,0.0080,+0.0,+0.0000,NONE,RUNNING
="2026-08-07 17:50:04",64603,254398,241688,12710,100000,+0.0067,0.0080,+0.0,+0.0000,NONE,RUNNING
="2026-08-07 17:50:05",64603,254398,241688,12710,100000,+0.0069,0.0080,+0.0,+0.0000,NONE,RUNNING
="2026-08-07 17:50:06",64603,254398,241688,12710,100000,+0.0059,0.0080,+0.0,+0.0000,NONE,RUNNING
="2026-08-07 17:50:07",64603,254398,241688,12710,100000,+0.0059,0.0080,+0.0,+0.0000,NONE,RUNNING
="2026-08-07 17:50:08",64603,254398,241688,12710,100000,+0.0057,0.0080,+0.0,+0.0000,NONE,RUNNING
="2026-08-07 17:50:09",64603,254398,241688,12710,100000,+0.0057,0.0080,+0.0,+0.0000,NONE,RUNNING
="2026-08-07 17:50:10",64603,254398,241688,12710,100000,+0.0057,0.0080,+0.0,+0.0000,NONE,RUNNING
="2026-08-07 17:50:11",64603,254398,241688,12710,100000,+0.0057,0.0080,+0.0,+0.0000,NONE,RUNNING
="2026-08-07 17:50:12",64603,254398,241688,12710,100000,+0.0057,0.0080,+0.0,+0.0000,NONE,RUNNING
="2026-08-07 17:50:13",64603,254398,241688,12710,100000,+0.0049,0.0080,+0.0,+0.0000,NONE,RUNNING
="2026-08-07 17:50:14",64603,254398,241688,12710,100000,+0.0050,0.0080,+0.0,+0.0000,NONE,RUNNING
="2026-08-07 17:50:15",64603,254398,241688,12710,100000,+0.0050,0.0080,+0.0,+0.0000,NONE,RUNNING
="2026-08-07 17:50:16",64603,254398,241688,12710,100000,+0.0053,0.0080,+0.0,+0.0000,NONE,RUNNING
="2026-08-07 17:50:17",64603,254398,241688,12710,100000,+0.0064,0.0080,+0.0,+0.0000,NONE,RUNNING
="2026-08-07 17:50:18",64603,254398,241688,12710,100000,+0.0060,0.0080,+0.0,+0.0000,NONE,RUNNING
="2026-08-07 17:50:19",64603,254398,241688,12710,100000,+0.0060,0.0080,+0.0,+0.0000,NONE,RUNNING
="2026-08-07 17:50:20",64603,241688,241688,0,100000,+0.0056,0.0080,+0.0,+0.0000,NONE,RUNNING
="2026-08-07 17:50:21",64603,241688,241688,0,100000,+0.0056,0.0080,+0.0,+0.0000,NONE,RUNNING
="2026-08-07 17:50:22",64603,206622,206622,0,100000,+0.0030,0.0080,+0.0,+0.0000,NONE,RUNNING
="2026-08-07 17:50:23",64603,206622,206622,0,100000,-0.0038,0.0080,+0.0,+0.0000,NONE,RUNNING
="2026-08-07 17:50:24",64603,206622,206622,0,100000,-0.0038,0.0080,+0.0,+0.0000,NONE,RUNNING
="2026-08-07 17:50:25",64603,206622,206622,0,100000,-0.0038,0.0080,+0.0,+0.0000,NONE,RUNNING
="2026-08-07 17:50:26",64603,206622,206622,0,100000,-0.0039,0.0080,+0.0,+0.0000,NONE,RUNNING
="2026-08-07 17:50:27",64603,206622,206622,0,100000,-0.0039,0.0080,+0.0,+0.0000,NONE,RUNNING
="2026-08-07 17:50:28",64603,217383,217383,0,100000,-0.0039,0.0080,+0.0,+0.0000,NONE,RUNNING
="2026-08-07 17:50:29",64603,217383,217383,0,100000,-0.0039,0.0080,+0.0,+0.0000,NONE,RUNNING
="2026-08-07 17:50:30",64603,217383,217383,0,100000,-0.0038,0.0080,+0.0,+0.0000,NONE,RUNNING
="2026-08-07 17:50:31",64603,217383,217383,0,100000,-0.0038,0.0080,+0.0,+0.0000,NONE,RUNNING
="2026-08-07 17:50:32",64605,217383,217383,0,100000,-0.0037,0.0080,+0.0,+0.0000,NONE,RUNNING
="2026-08-07 17:50:33",64605,217383,217383,0,100000,-0.0037,0.0080,+0.0,+0.0000,NONE,RUNNING
="2026-08-07 17:50:34",64606,217383,217383,0,100000,-0.0037,0.0080,+0.0,+0.0000,NONE,RUNNING
="2026-08-07 17:50:35",64606,195123,195123,0,100000,-0.0044,0.0080,+0.0,+0.0000,NONE,RUNNING
="2026-08-07 17:50:36",64606,10760,10760,0,100000,-0.0044,0.0080,+0.0,+0.0000,NONE,RUNNING
="2026-08-07 17:50:37",64606,10760,10760,0,100000,-0.0064,0.0080,+0.0,+0.0000,NONE,RUNNING
="2026-08-07 17:50:38",64606,10760,10760,0,100000,-0.0069,0.0080,+0.0,+0.0000,NONE,RUNNING
="2026-08-07 17:50:39",64606,10760,10760,0,100000,-0.0069,0.0080,+0.0,+0.0000,NONE,RUNNING
="2026-08-07 17:50:40",64606,167406,167406,0,100000,-0.0062,0.0080,+0.0,+0.0000,NONE,RUNNING
="2026-08-07 17:50:41",64602,167406,167406,0,100000,-0.0108,0.0080,+0.0,+0.0000,SHORT,RUNNING
="2026-08-07 17:50:42",64602,167406,167406,0,100000,-0.0108,0.0080,+0.0,+0.0000,SHORT,RUNNING
="2026-08-07 17:50:43",64602,167406,167406,0,100000,-0.0112,0.0080,+0.0,+0.0000,SHORT,RUNNING
="2026-08-07 17:50:44",64602,167406,167406,0,100000,-0.0109,0.0080,+0.0,+0.0000,SHORT,RUNNING
="2026-08-07 17:50:45",64602,167406,167406,0,100000,-0.0109,0.0080,+0.0,+0.0000,SHORT,RUNNING
="2026-08-07 17:50:46",64602,167406,167406,0,100000,-0.0095,0.0080,+0.0,+0.0000,SHORT,RUNNING
="2026-08-07 17:50:47",64602,167406,167406,0,100000,-0.0107,0.0080,+0.0,+0.0000,SHORT,RUNNING
="2026-08-07 17:50:48",64602,167406,167406,0,100000,-0.0107,0.0080,+0.0,+0.0000,SHORT,RUNNING
="2026-08-07 17:50:49",64602,167406,167406,0,100000,-0.0105,0.0080,+0.0,+0.0000,SHORT,RUNNING
="2026-08-07 17:50:50",64602,167406,167406,0,100000,-0.0105,0.0080,+0.0,+0.0000,SHORT,RUNNING
="2026-08-07 17:50:51",64602,167406,167406,0,100000,-0.0106,0.0080,+0.0,+0.0000,SHORT,RUNNING
="2026-08-07 17:50:52",64602,167406,167406,0,100000,-0.0107,0.0080,+0.0,+0.0000,SHORT,RUNNING
="2026-08-07 17:50:53",64602,167406,167406,0,100000,-0.0107,0.0080,+0.0,+0.0000,SHORT,RUNNING
="2026-08-07 17:50:54",64602,263552,167406,96145,100000,-0.0107,0.0080,+0.0,+0.0000,SHORT,RUNNING
="2026-08-07 17:50:55",64602,263552,167406,96145,100000,-0.0107,0.0080,+0.0,+0.0000,SHORT,RUNNING
="2026-08-07 17:50:56",64602,263552,167406,96145,100000,-0.0118,0.0080,+0.0,+0.0000,SHORT,RUNNING
="2026-08-07 17:50:57",64602,263552,167406,96145,100000,-0.0119,0.0080,+0.0,+0.0000,SHORT,RUNNING
="2026-08-07 17:50:58",64602,263552,167406,96145,100000,-0.0119,0.0080,+0.0,+0.0000,SHORT,RUNNING
="2026-08-07 17:50:59",64602,263552,167406,96145,100000,-0.0119,0.0080,+0.0,+0.0000,SHORT,RUNNING
="2026-08-07 17:51:00",64602,263552,167406,96145,100000,-0.0140,0.0080,+0.0,+0.0000,SHORT,RUNNING
="2026-08-07 17:51:02",64602,263552,167406,96145,100000,-0.0140,0.0080,+0.0,+0.0000,SHORT,RUNNING
="2026-08-07 17:51:03",64602,263552,167406,96145,100000,-0.0146,0.0080,+0.0,+0.0000,SHORT,RUNNING
="2026-08-07 17:51:04",64602,263552,167406,96145,100000,-0.0146,0.0080,+0.0,+0.0000,SHORT,RUNNING
="2026-08-07 17:51:05",64602,263552,167406,96145,100000,-0.0148,0.0080,+0.0,+0.0000,SHORT,RUNNING
="2026-08-07 17:51:06",64602,263552,167406,96145,100000,-0.0148,0.0080,+0.0,+0.0000,SHORT,RUNNING
="2026-08-07 17:51:07",64602,263552,167406,96145,100000,-0.0148,0.0080,+0.0,+0.0000,SHORT,RUNNING
="2026-08-07 17:51:08",64602,263552,167406,96145,100000,-0.0145,0.0080,+0.0,+0.0000,SHORT,RUNNING
="2026-08-07 17:51:09",64602,263552,167406,96145,100000,-0.0147,0.0080,+0.0,+0.0000,SHORT,RUNNING
="2026-08-07 17:51:10",64602,263552,167406,96145,100000,-0.0147,0.0080,+0.0,+0.0000,SHORT,RUNNING
="2026-08-07 17:51:11",64602,263552,167406,96145,100000,-0.0147,0.0080,+0.0,+0.0000,SHORT,RUNNING
="2026-08-07 17:51:12",64602,263552,167406,96145,100000,-0.0140,0.0080,+0.0,+0.0000,SHORT,RUNNING
="2026-08-07 17:51:13",64602,263552,167406,96145,100000,-0.0140,0.0080,+0.0,+0.0000,SHORT,RUNNING
="2026-08-07 17:51:14",64602,263552,167406,96145,100000,-0.0141,0.0080,+0.0,+0.0000,SHORT,RUNNING
="2026-08-07 17:51:15",64602,263552,167406,96145,100000,-0.0141,0.0080,+0.0,+0.0000,SHORT,RUNNING
="2026-08-07 17:51:16",64602,263552,167406,96145,100000,-0.0141,0.0080,+0.0,+0.0000,SHORT,RUNNING
="2026-08-07 17:51:17",64602,263552,167406,96145,100000,-0.0152,0.0080,+0.0,+0.0000,SHORT,RUNNING
="2026-08-07 17:51:18",64602,263552,167406,96145,100000,-0.0158,0.0080,+0.0,+0.0000,SHORT,RUNNING
="2026-08-07 17:51:19",64602,263552,167406,96145,100000,-0.0158,0.0080,+0.0,+0.0000,SHORT,RUNNING
="2026-08-07 17:51:20",64602,263552,167406,96145,100000,-0.0154,0.0080,+0.0,+0.0000,SHORT,RUNNING
="2026-08-07 17:51:21",64606,300253,167406,132847,100000,-0.0154,0.0080,+0.0,+0.0000,SHORT,RUNNING
="2026-08-07 17:51:22",64606,300253,167406,132847,100000,-0.0154,0.0080,+0.0,+0.0000,SHORT,RUNNING
="2026-08-07 17:51:23",64606,300253,167406,132847,100000,-0.0086,0.0080,+0.0,+0.0000,SHORT,RUNNING
="2026-08-07 17:51:24",64606,300253,167406,132847,100000,-0.0086,0.0080,+0.0,+0.0000,SHORT,RUNNING
="2026-08-07 17:51:25",64606,300253,167406,132847,100000,-0.0086,0.0080,+0.0,+0.0000,SHORT,RUNNING
="2026-08-07 17:51:26",64606,300253,167406,132847,100000,-0.0085,0.0080,+0.0,+0.0000,SHORT,RUNNING
="2026-08-07 17:51:27",64606,300253,167406,132847,100000,-0.0085,0.0080,+0.0,+0.0000,SHORT,RUNNING
="2026-08-07 17:51:28",64606,289492,156645,132847,100000,-0.0080,0.0080,+0.0,+0.0000,SHORT,RUNNING
="2026-08-07 17:51:29",64606,289492,156645,132847,100000,-0.0080,0.0080,+0.0,+0.0000,SHORT,RUNNING
="2026-08-07 17:51:30",64606,289492,156645,132847,100000,-0.0080,0.0080,+0.0,+0.0000,SHORT,RUNNING
="2026-08-07 17:51:31",64606,289492,156645,132847,100000,-0.0080,0.0080,+0.0,+0.0000,SHORT,RUNNING
="2026-08-07 17:51:32",64606,289492,156645,132847,100000,-0.0081,0.0080,+0.0,+0.0000,SHORT,RUNNING
="2026-08-07 17:51:33",64606,289492,156645,132847,100000,-0.0080,0.0080,+0.0,+0.0000,SHORT,RUNNING
="2026-08-07 17:51:34",64606,289492,156645,132847,100000,-0.0080,0.0080,+0.0,+0.0000,SHORT,RUNNING
="2026-08-07 17:51:35",64606,289492,156645,132847,100000,-0.0080,0.0080,+0.0,+0.0000,SHORT,RUNNING
="2026-08-07 17:51:36",64606,289492,156645,132847,100000,-0.0138,0.0080,+0.0,+0.0000,SHORT,RUNNING
="2026-08-07 17:51:37",64606,289492,156645,132847,100000,-0.0138,0.0080,+0.0,+0.0000,SHORT,RUNNING
="2026-08-07 17:51:38",64606,289492,156645,132847,100000,-0.0133,0.0080,+0.0,+0.0000,SHORT,RUNNING
="2026-08-07 17:51:39",64606,289492,156645,132847,100000,-0.0133,0.0080,+0.0,+0.0000,SHORT,RUNNING
="2026-08-07 17:51:40",64606,132847,0,132847,100000,-0.0133,0.0080,+0.0,+0.0000,LONG,RUNNING
="2026-08-07 17:51:41",64606,132847,0,132847,100000,-0.0087,0.0080,+0.0,+0.0000,LONG,RUNNING
="2026-08-07 17:51:42",64606,132847,0,132847,100000,-0.0113,0.0080,+0.0,+0.0000,LONG,RUNNING
="2026-08-07 17:51:43",64606,132847,0,132847,100000,-0.0113,0.0080,+0.0,+0.0000,LONG,RUNNING
="2026-08-07 17:51:44",64606,132847,0,132847,100000,-0.0116,0.0080,+0.0,+0.0000,LONG,RUNNING
="2026-08-07 17:51:45",64606,132847,0,132847,100000,-0.0116,0.0080,+0.0,+0.0000,LONG,RUNNING
="2026-08-07 17:51:46",64606,132847,0,132847,100000,-0.0121,0.0080,+0.0,+0.0000,LONG,RUNNING
="2026-08-07 17:51:47",64606,132847,0,132847,100000,-0.0109,0.0080,+0.0,+0.0000,LONG,RUNNING
="2026-08-07 17:51:48",64606,132847,0,132847,100000,-0.0109,0.0080,+0.0,+0.0000,LONG,RUNNING
="2026-08-07 17:51:49",64606,132847,0,132847,100000,-0.0108,0.0080,+0.0,+0.0000,LONG,RUNNING
="2026-08-07 17:51:50",64606,132847,0,132847,100000,-0.0108,0.0080,+0.0,+0.0000,LONG,RUNNING
="2026-08-07 17:51:51",64606,132847,0,132847,100000,-0.0151,0.0080,+0.0,+0.0000,LONG,RUNNING
="2026-08-07 17:51:52",64606,132847,0,132847,100000,-0.0151,0.0080,+0.0,+0.0000,LONG,RUNNING
="2026-08-07 17:51:53",64608,132847,0,132847,100000,-0.0151,0.0080,+0.0,+0.0000,LONG,RUNNING
="2026-08-07 17:51:54",64608,36701,0,36701,100000,-0.0151,0.0080,+0.0,+0.0000,NONE,RUNNING
="2026-08-07 17:51:55",64608,36701,0,36701,100000,-0.0148,0.0080,+0.0,+0.0000,NONE,RUNNING
="2026-08-07 17:51:56",64608,36701,0,36701,100000,-0.0148,0.0080,+0.0,+0.0000,NONE,RUNNING
="2026-08-07 17:51:57",64608,36701,0,36701,100000,-0.0126,0.0080,+0.0,+0.0000,NONE,RUNNING
="2026-08-07 17:51:58",64608,36701,0,36701,100000,-0.0126,0.0080,+0.0,+0.0000,NONE,RUNNING
="2026-08-07 17:51:59",64608,36701,0,36701,100000,-0.0126,0.0080,+0.0,+0.0000,NONE,RUNNING
="2026-08-07 17:52:00",64608,36701,0,36701,100000,-0.0126,0.0080,+0.0,+0.0000,NONE,RUNNING
="2026-08-07 17:52:01",64608,36701,0,36701,100000,-0.0126,0.0080,+0.0,+0.0000,NONE,RUNNING
="2026-08-07 17:52:02",64608,36701,0,36701,100000,-0.0126,0.0080,+0.0,+0.0000,NONE,RUNNING
="2026-08-07 17:52:03",64608,36701,0,36701,100000,-0.0119,0.0080,+0.0,+0.0000,NONE,RUNNING
="2026-08-07 17:52:04",64608,36701,0,36701,100000,-0.0121,0.0080,+0.0,+0.0000,NONE,RUNNING
="2026-08-07 17:52:05",64608,36701,0,36701,100000,-0.0121,0.0080,+0.0,+0.0000,NONE,RUNNING
="2026-08-07 17:52:06",64608,36701,0,36701,100000,-0.0121,0.0080,+0.0,+0.0000,NONE,RUNNING
="2026-08-07 17:52:07",64608,36701,0,36701,100000,-0.0118,0.0080,+0.0,+0.0000,NONE,RUNNING
="2026-08-07 17:52:08",64608,36701,0,36701,100000,-0.0118,0.0080,+0.0,+0.0000,NONE,RUNNING
="2026-08-07 17:52:09",64612,36701,0,36701,100000,-0.0116,0.0080,+0.0,+0.0000,NONE,RUNNING
="2026-08-07 17:52:10",64612,36701,0,36701,100000,-0.0116,0.0080,+0.0,+0.0000,NONE,RUNNING
="2026-08-07 17:52:11",64612,36701,0,36701,100000,-0.0123,0.0080,+0.0,+0.0000,NONE,RUNNING
="2026-08-07 17:52:12",64613,36701,0,36701,100000,-0.0123,0.0080,+0.0,+0.0000,NONE,RUNNING
="2026-08-07 17:52:13",64613,36701,0,36701,100000,-0.0139,0.0080,+0.0,+0.0000,NONE,RUNNING
="2026-08-07 17:52:14",64613,36701,0,36701,100000,-0.0139,0.0080,+0.0,+0.0000,NONE,RUNNING
="2026-08-07 17:52:15",64613,50400,0,50400,100000,-0.0139,0.0080,+0.0,+0.0000,NONE,RUNNING
="2026-08-07 17:52:16",64613,50400,0,50400,100000,-0.0139,0.0080,+0.0,+0.0000,NONE,RUNNING
="2026-08-07 17:52:17",64614,50400,0,50400,100000,-0.0139,0.0080,+0.0,+0.0000,NONE,RUNNING
="2026-08-07 17:52:18",64614,50400,0,50400,100000,-0.0133,0.0080,+0.0,+0.0000,NONE,RUNNING
="2026-08-07 17:52:19",64613,50400,0,50400,100000,-0.0133,0.0080,+0.0,+0.0000,NONE,RUNNING
="2026-08-07 17:52:20",64614,13698,0,13698,100000,-0.0133,0.0080,+0.0,+0.0000,NONE,RUNNING
="2026-08-07 17:52:21",64614,41045,27347,13698,100000,-0.0133,0.0080,+0.0,+0.0000,NONE,RUNNING
="2026-08-07 17:52:22",64608,222104,208405,13698,100000,-0.0133,0.0080,+0.0,+0.0000,SHORT,RUNNING
="2026-08-07 17:52:23",64599,222104,208405,13698,100000,-0.0133,0.0080,+0.0,+0.0000,SHORT,RUNNING
="2026-08-07 17:52:24",64599,222104,208405,13698,100000,-0.0133,0.0080,+0.0,+0.0000,SHORT,RUNNING
="2026-08-07 17:52:25",64599,222104,208405,13698,100000,-0.0133,0.0080,+0.0,+0.0000,SHORT,RUNNING
="2026-08-07 17:52:26",64599,222104,208405,13698,100000,-0.0133,0.0080,+0.0,+0.0000,SHORT,RUNNING
="2026-08-07 17:52:27",64599,222104,208405,13698,100000,-0.0138,0.0080,+0.0,+0.0000,SHORT,RUNNING
="2026-08-07 17:52:28",64599,222104,208405,13698,100000,-0.0134,0.0080,+0.0,+0.0000,SHORT,RUNNING
="2026-08-07 17:52:29",64599,222104,208405,13698,100000,-0.0134,0.0080,+0.0,+0.0000,SHORT,RUNNING
="2026-08-07 17:52:31",64599,222104,208405,13698,100000,-0.0134,0.0080,+0.0,+0.0000,SHORT,RUNNING
="2026-08-07 17:52:32",64599,222104,208405,13698,100000,-0.0134,0.0080,+0.0,+0.0000,SHORT,RUNNING
="2026-08-07 17:52:33",64595,222104,208405,13698,100000,-0.0134,0.0080,+0.0,+0.0000,SHORT,RUNNING
="2026-08-07 17:52:34",64595,222104,208405,13698,100000,-0.0134,0.0080,+0.0,+0.0000,SHORT,RUNNING
="2026-08-07 17:52:35",64595,222104,208405,13698,100000,-0.0138,0.0080,+0.0,+0.0000,SHORT,RUNNING
="2026-08-07 17:52:36",64595,222104,208405,13698,100000,-0.0138,0.0080,+0.0,+0.0000,SHORT,RUNNING
="2026-08-07 17:52:37",64595,222104,208405,13698,100000,-0.0073,0.0080,+0.0,+0.0000,NONE,RUNNING
="2026-08-07 17:52:38",64595,222104,208405,13698,100000,-0.0073,0.0080,+0.0,+0.0000,NONE,RUNNING
="2026-08-07 17:52:39",64592,464843,451144,13698,100000,-0.0073,0.0080,+0.0,+0.0000,NONE,RUNNING
="2026-08-07 17:52:40",64592,464843,451144,13698,100000,-0.0073,0.0080,+0.0,+0.0000,NONE,RUNNING
="2026-08-07 17:52:41",64592,464843,451144,13698,100000,-0.0073,0.0080,+0.0,+0.0000,NONE,RUNNING
="2026-08-07 17:52:42",64592,464843,451144,13698,100000,-0.0073,0.0080,+0.0,+0.0000,NONE,RUNNING
="2026-08-07 17:52:43",64592,464843,451144,13698,100000,-0.0046,0.0080,+0.0,+0.0000,NONE,RUNNING
="2026-08-07 17:52:44",64592,540599,526900,13698,100000,-0.0060,0.0080,+0.0,+0.0000,NONE,RUNNING
="2026-08-07 17:52:45",64592,540599,526900,13698,100000,-0.0060,0.0080,+0.0,+0.0000,NONE,RUNNING
="2026-08-07 17:52:46",64592,540599,526900,13698,100000,-0.0055,0.0080,+0.0,+0.0000,NONE,RUNNING
="2026-08-07 17:52:47",64592,540599,526900,13698,100000,-0.0061,0.0080,+0.0,+0.0000,NONE,RUNNING
="2026-08-07 17:52:48",64592,540599,526900,13698,100000,-0.0061,0.0080,+0.0,+0.0000,NONE,RUNNING
="2026-08-07 17:52:49",64592,540599,526900,13698,100000,-0.0062,0.0080,+0.0,+0.0000,NONE,RUNNING
="2026-08-07 17:52:50",64592,540599,526900,13698,100000,-0.0064,0.0080,+0.0,+0.0000,NONE,RUNNING
="2026-08-07 17:52:51",64592,540599,526900,13698,100000,-0.0064,0.0080,+0.0,+0.0000,NONE,RUNNING
="2026-08-07 17:52:52",64592,540599,526900,13698,100000,-0.0019,0.0080,+0.0,+0.0000,NONE,RUNNING
="2026-08-07 17:52:53",64592,540599,526900,13698,100000,-0.0030,0.0080,+0.0,+0.0000,NONE,RUNNING
="2026-08-07 17:52:54",64592,540599,526900,13698,100000,-0.0030,0.0080,+0.0,+0.0000,NONE,RUNNING
="2026-08-07 17:52:55",64592,540599,526900,13698,100000,-0.0034,0.0080,+0.0,+0.0000,NONE,RUNNING
="2026-08-07 17:52:56",64592,540599,526900,13698,100000,-0.0029,0.0080,+0.0,+0.0000,NONE,RUNNING
="2026-08-07 17:52:57",64592,540599,526900,13698,100000,-0.0029,0.0080,+0.0,+0.0000,NONE,RUNNING
="2026-08-07 17:52:58",64592,540599,526900,13698,100000,-0.0040,0.0080,+0.0,+0.0000,NONE,RUNNING
="2026-08-07 17:52:59",64592,540599,526900,13698,100000,-0.0040,0.0080,+0.0,+0.0000,NONE,RUNNING
="2026-08-07 17:53:00",64592,540599,526900,13698,100000,-0.0040,0.0080,+0.0,+0.0000,NONE,RUNNING
="2026-08-07 17:53:01",64592,540599,526900,13698,100000,-0.0040,0.0080,+0.0,+0.0000,NONE,RUNNING
="2026-08-07 17:53:02",64592,540599,526900,13698,100000,-0.0040,0.0080,+0.0,+0.0000,NONE,RUNNING
="2026-08-07 17:53:03",64592,540599,526900,13698,100000,-0.0038,0.0080,+0.0,+0.0000,NONE,RUNNING
="2026-08-07 17:53:04",64592,540599,526900,13698,100000,-0.0038,0.0080,+0.0,+0.0000,NONE,RUNNING
="2026-08-07 17:53:05",64592,540599,526900,13698,100000,-0.0038,0.0080,+0.0,+0.0000,NONE,RUNNING
="2026-08-07 17:53:06",64592,540599,526900,13698,100000,-0.0036,0.0080,+0.0,+0.0000,NONE,RUNNING
="2026-08-07 17:53:07",64592,540599,526900,13698,100000,-0.0039,0.0080,+0.0,+0.0000,NONE,RUNNING
="2026-08-07 17:53:08",64592,540599,526900,13698,100000,-0.0038,0.0080,+0.0,+0.0000,NONE,RUNNING
="2026-08-07 17:53:09",64592,540599,526900,13698,100000,-0.0038,0.0080,+0.0,+0.0000,NONE,RUNNING
="2026-08-07 17:53:10",64592,540599,526900,13698,100000,-0.0039,0.0080,+0.0,+0.0000,NONE,RUNNING
="2026-08-07 17:53:11",64592,564538,526900,37637,100000,-0.0039,0.0080,+0.0,+0.0000,NONE,RUNNING
="2026-08-07 17:53:12",64593,564538,526900,37637,100000,-0.0063,0.0080,+0.0,+0.0000,NONE,RUNNING
="2026-08-07 17:53:13",64593,564538,526900,37637,100000,-0.0046,0.0080,+0.0,+0.0000,NONE,RUNNING
="2026-08-07 17:53:14",64593,584573,526900,57673,100000,-0.0033,0.0080,+0.0,+0.0000,NONE,RUNNING
="2026-08-07 17:53:15",64597,570875,526900,43974,100000,-0.0033,0.0080,+0.0,+0.0000,NONE,RUNNING
="2026-08-07 17:53:16",64597,570875,526900,43974,100000,-0.0033,0.0080,+0.0,+0.0000,NONE,RUNNING
="2026-08-07 17:53:17",64592,570875,526900,43974,100000,-0.0033,0.0080,+0.0,+0.0000,NONE,RUNNING
="2026-08-07 17:53:18",64592,570875,526900,43974,100000,-0.0032,0.0080,+0.0,+0.0000,NONE,RUNNING
="2026-08-07 17:53:19",64592,570875,526900,43974,100000,-0.0033,0.0080,+0.0,+0.0000,NONE,RUNNING
="2026-08-07 17:53:20",64592,570875,526900,43974,100000,-0.0039,0.0080,+0.0,+0.0000,NONE,RUNNING
="2026-08-07 17:53:21",64592,570875,526900,43974,100000,-0.0039,0.0080,+0.0,+0.0000,NONE,RUNNING
="2026-08-07 17:53:22",64592,543528,499553,43974,100000,-0.0039,0.0080,+0.0,+0.0000,NONE,RUNNING
="2026-08-07 17:53:23",64592,362469,318494,43974,100000,-0.0039,0.0080,+0.0,+0.0000,NONE,RUNNING
="2026-08-07 17:53:24",64592,362469,318494,43974,100000,-0.0039,0.0080,+0.0,+0.0000,NONE,RUNNING
="2026-08-07 17:53:25",64592,362469,318494,43974,100000,-0.0039,0.0080,+0.0,+0.0000,NONE,RUNNING
="2026-08-07 17:53:26",64592,362469,318494,43974,100000,-0.0039,0.0080,+0.0,+0.0000,NONE,RUNNING
="2026-08-07 17:53:27",64592,362469,318494,43974,100000,-0.0039,0.0080,+0.0,+0.0000,NONE,RUNNING
="2026-08-07 17:53:28",64592,362469,318494,43974,100000,-0.0043,0.0080,+0.0,+0.0000,NONE,RUNNING
="2026-08-07 17:53:29",64592,362469,318494,43974,100000,-0.0043,0.0080,+0.0,+0.0000,NONE,RUNNING
="2026-08-07 17:53:30",64592,362469,318494,43974,100000,-0.0041,0.0080,+0.0,+0.0000,NONE,RUNNING
="2026-08-07 17:53:31",64592,362469,318494,43974,100000,-0.0041,0.0080,+0.0,+0.0000,NONE,RUNNING
="2026-08-07 17:53:32",64592,362469,318494,43974,100000,-0.0041,0.0080,+0.0,+0.0000,NONE,RUNNING
="2026-08-07 17:53:33",64592,362469,318494,43974,100000,-0.0046,0.0080,+0.0,+0.0000,NONE,RUNNING
="2026-08-07 17:53:34",64592,391342,347367,43974,100000,-0.0043,0.0080,+0.0,+0.0000,NONE,RUNNING
="2026-08-07 17:53:35",64592,391342,347367,43974,100000,-0.0043,0.0080,+0.0,+0.0000,NONE,RUNNING
="2026-08-07 17:53:36",64592,391342,347367,43974,100000,-0.0043,0.0080,+0.0,+0.0000,NONE,RUNNING
="2026-08-07 17:53:37",64592,391342,347367,43974,100000,-0.0043,0.0080,+0.0,+0.0000,NONE,RUNNING
="2026-08-07 17:53:38",64592,148603,104628,43974,100000,-0.0043,0.0080,+0.0,+0.0000,NONE,RUNNING
="2026-08-07 17:53:39",64592,148603,104628,43974,100000,-0.0044,0.0080,+0.0,+0.0000,NONE,RUNNING
="2026-08-07 17:53:40",64592,148603,104628,43974,100000,-0.0044,0.0080,+0.0,+0.0000,NONE,RUNNING
="2026-08-07 17:53:41",64592,148603,104628,43974,100000,-0.0044,0.0080,+0.0,+0.0000,NONE,RUNNING
="2026-08-07 17:53:42",64592,148603,104628,43974,100000,-0.0056,0.0080,+0.0,+0.0000,NONE,RUNNING
="2026-08-07 17:53:43",64592,72847,28873,43974,100000,-0.0056,0.0080,+0.0,+0.0000,NONE,RUNNING
="2026-08-07 17:53:44",64592,72847,28873,43974,100000,-0.0042,0.0080,+0.0,+0.0000,NONE,RUNNING
="2026-08-07 17:53:45",64592,72847,28873,43974,100000,-0.0042,0.0080,+0.0,+0.0000,NONE,RUNNING
="2026-08-07 17:53:46",64592,106504,62529,43974,100000,-0.0042,0.0080,+0.0,+0.0000,NONE,RUNNING
="2026-08-07 17:53:47",64592,106504,62529,43974,100000,-0.0036,0.0080,+0.0,+0.0000,NONE,RUNNING
="2026-08-07 17:53:48",64592,106504,62529,43974,100000,-0.0037,0.0080,+0.0,+0.0000,NONE,RUNNING
="2026-08-07 17:53:49",64589,123222,62529,60692,100000,-0.0037,0.0080,+0.0,+0.0000,NONE,RUNNING
="2026-08-07 17:53:50",64589,123222,62529,60692,100000,-0.0035,0.0080,+0.0,+0.0000,NONE,RUNNING
="2026-08-07 17:53:51",64591,123222,62529,60692,100000,-0.0048,0.0080,+0.0,+0.0000,NONE,RUNNING
="2026-08-07 17:53:52",64591,123222,62529,60692,100000,-0.0037,0.0080,+0.0,+0.0000,NONE,RUNNING
="2026-08-07 17:53:53",64591,123222,62529,60692,100000,-0.0037,0.0080,+0.0,+0.0000,NONE,RUNNING
="2026-08-07 17:53:54",64591,123222,62529,60692,100000,-0.0040,0.0080,+0.0,+0.0000,NONE,RUNNING
="2026-08-07 17:53:55",64591,123222,62529,60692,100000,-0.0040,0.0080,+0.0,+0.0000,NONE,RUNNING
="2026-08-07 17:53:56",64591,123222,62529,60692,100000,-0.0044,0.0080,+0.0,+0.0000,NONE,RUNNING
="2026-08-07 17:53:57",64591,123222,62529,60692,100000,-0.0044,0.0080,+0.0,+0.0000,NONE,RUNNING
="2026-08-07 17:53:58",64591,123222,62529,60692,100000,-0.0044,0.0080,+0.0,+0.0000,NONE,RUNNING
="2026-08-07 17:53:59",64591,123222,62529,60692,100000,-0.0044,0.0080,+0.0,+0.0000,NONE,RUNNING
="2026-08-07 17:54:00",64591,123222,62529,60692,100000,-0.0044,0.0080,+0.0,+0.0000,NONE,RUNNING
="2026-08-07 17:54:01",64591,123222,62529,60692,100000,-0.0044,0.0080,+0.0,+0.0000,NONE,RUNNING
="2026-08-07 17:54:02",64591,123222,62529,60692,100000,-0.0044,0.0080,+0.0,+0.0000,NONE,RUNNING
="2026-08-07 17:54:03",64591,123222,62529,60692,100000,-0.0048,0.0080,+0.0,+0.0000,NONE,RUNNING
="2026-08-07 17:54:04",64591,123222,62529,60692,100000,-0.0050,0.0080,+0.0,+0.0000,NONE,RUNNING
="2026-08-07 17:54:05",64591,123222,62529,60692,100000,-0.0050,0.0080,+0.0,+0.0000,NONE,RUNNING
="2026-08-07 17:54:06",64591,123222,62529,60692,100000,-0.0047,0.0080,+0.0,+0.0000,NONE,RUNNING
="2026-08-07 17:54:08",64591,123222,62529,60692,100000,-0.0048,0.0080,+0.0,+0.0000,NONE,RUNNING
="2026-08-07 17:54:09",64591,123222,62529,60692,100000,-0.0048,0.0080,+0.0,+0.0000,NONE,RUNNING
="2026-08-07 17:54:10",64591,123222,62529,60692,100000,-0.0048,0.0080,+0.0,+0.0000,NONE,RUNNING
="2026-08-07 17:54:11",64591,123222,62529,60692,100000,-0.0060,0.0080,+0.0,+0.0000,NONE,RUNNING
="2026-08-07 17:54:12",64591,99283,62529,36753,100000,-0.0036,0.0080,+0.0,+0.0000,NONE,RUNNING
="2026-08-07 17:54:13",64591,99283,62529,36753,100000,-0.0038,0.0080,+0.0,+0.0000,NONE,RUNNING
="2026-08-07 17:54:14",64591,79247,62529,16717,100000,-0.0052,0.0080,+0.0,+0.0000,NONE,RUNNING
="2026-08-07 17:54:15",64591,79247,62529,16717,100000,-0.0052,0.0080,+0.0,+0.0000,NONE,RUNNING
="2026-08-07 17:54:16",64591,79247,62529,16717,100000,-0.0052,0.0080,+0.0,+0.0000,NONE,RUNNING
="2026-08-07 17:54:17",64591,79247,62529,16717,100000,-0.0052,0.0080,+0.0,+0.0000,NONE,RUNNING
="2026-08-07 17:54:18",64591,79247,62529,16717,100000,-0.0052,0.0080,+0.0,+0.0000,NONE,RUNNING
="2026-08-07 17:54:19",64591,79247,62529,16717,100000,-0.0049,0.0080,+0.0,+0.0000,NONE,RUNNING
="2026-08-07 17:54:20",64591,79247,62529,16717,100000,-0.0043,0.0080,+0.0,+0.0000,NONE,RUNNING
="2026-08-07 17:54:21",64591,79247,62529,16717,100000,-0.0043,0.0080,+0.0,+0.0000,NONE,RUNNING
="2026-08-07 17:54:22",64591,79247,62529,16717,100000,-0.0050,0.0080,+0.0,+0.0000,NONE,RUNNING
="2026-08-07 17:54:23",64591,79247,62529,16717,100000,-0.0050,0.0080,+0.0,+0.0000,NONE,RUNNING
="2026-08-07 17:54:24",64591,79247,62529,16717,100000,-0.0050,0.0080,+0.0,+0.0000,NONE,RUNNING
="2026-08-07 17:54:25",64591,100863,62529,38333,100000,-0.0049,0.0080,+0.0,+0.0000,NONE,RUNNING
="2026-08-07 17:54:26",64592,100863,62529,38333,100000,-0.0049,0.0080,+0.0,+0.0000,NONE,RUNNING
="2026-08-07 17:54:27",64592,100863,62529,38333,100000,-0.0050,0.0080,+0.0,+0.0000,NONE,RUNNING
="2026-08-07 17:54:28",64592,100863,62529,38333,100000,-0.0050,0.0080,+0.0,+0.0000,NONE,RUNNING
="2026-08-07 17:54:29",64592,100863,62529,38333,100000,-0.0050,0.0080,+0.0,+0.0000,NONE,RUNNING
="2026-08-07 17:54:30",64595,100863,62529,38333,100000,-0.0052,0.0080,+0.0,+0.0000,NONE,RUNNING
="2026-08-07 17:54:31",64597,100863,62529,38333,100000,-0.0039,0.0080,+0.0,+0.0000,NONE,RUNNING
="2026-08-07 17:54:32",64597,100863,62529,38333,100000,-0.0034,0.0080,+0.0,+0.0000,NONE,RUNNING
="2026-08-07 17:54:33",64598,100863,62529,38333,100000,-0.0034,0.0080,+0.0,+0.0000,NONE,RUNNING
="2026-08-07 17:54:34",64598,71990,33656,38333,100000,-0.0034,0.0080,+0.0,+0.0000,NONE,RUNNING
="2026-08-07 17:54:35",64598,71990,33656,38333,100000,-0.0034,0.0080,+0.0,+0.0000,NONE,RUNNING
="2026-08-07 17:54:36",64597,71990,33656,38333,100000,-0.0033,0.0080,+0.0,+0.0000,NONE,RUNNING
="2026-08-07 17:54:37",64597,93921,33656,60264,100000,-0.0081,0.0080,+0.0,+0.0000,NONE,RUNNING
="2026-08-07 17:54:38",64597,93921,33656,60264,100000,-0.0081,0.0080,+0.0,+0.0000,NONE,RUNNING
="2026-08-07 17:54:39",64597,93921,33656,60264,100000,-0.0080,0.0080,+0.0,+0.0000,NONE,RUNNING
="2026-08-07 17:54:40",64597,93921,33656,60264,100000,-0.0078,0.0080,+0.0,+0.0000,NONE,RUNNING
="2026-08-07 17:54:41",64597,93921,33656,60264,100000,-0.0078,0.0080,+0.0,+0.0000,NONE,RUNNING
="2026-08-07 17:54:42",64597,93921,33656,60264,100000,-0.0067,0.0080,+0.0,+0.0000,NONE,RUNNING
="2026-08-07 17:54:43",64597,93921,33656,60264,100000,-0.0066,0.0080,+0.0,+0.0000,NONE,RUNNING
="2026-08-07 17:54:44",64597,93921,33656,60264,100000,-0.0066,0.0080,+0.0,+0.0000,NONE,RUNNING
="2026-08-07 17:54:45",64597,93921,33656,60264,100000,-0.0067,0.0080,+0.0,+0.0000,NONE,RUNNING
="2026-08-07 17:54:46",64597,93921,33656,60264,100000,-0.0076,0.0080,+0.0,+0.0000,NONE,RUNNING
="2026-08-07 17:54:47",64597,60264,0,60264,100000,-0.0076,0.0080,+0.0,+0.0000,NONE,RUNNING
="2026-08-07 17:54:48",64597,60264,0,60264,100000,-0.0076,0.0080,+0.0,+0.0000,NONE,RUNNING
="2026-08-07 17:54:49",64597,43547,0,43547,100000,-0.0076,0.0080,+0.0,+0.0000,NONE,RUNNING
="2026-08-07 17:54:50",64597,43547,0,43547,100000,-0.0076,0.0080,+0.0,+0.0000,NONE,RUNNING
="2026-08-07 17:54:51",64597,43547,0,43547,100000,-0.0063,0.0080,+0.0,+0.0000,NONE,RUNNING
="2026-08-07 17:54:52",64597,43547,0,43547,100000,-0.0063,0.0080,+0.0,+0.0000,NONE,RUNNING
="2026-08-07 17:54:53",64597,43547,0,43547,100000,-0.0063,0.0080,+0.0,+0.0000,NONE,RUNNING
="2026-08-07 17:54:54",64597,43547,0,43547,100000,-0.0061,0.0080,+0.0,+0.0000,NONE,RUNNING
="2026-08-07 17:54:55",64597,43547,0,43547,100000,-0.0061,0.0080,+0.0,+0.0000,NONE,RUNNING
="2026-08-07 17:54:56",64597,43547,0,43547,100000,-0.0059,0.0080,+0.0,+0.0000,NONE,RUNNING
="2026-08-07 17:54:57",64597,43547,0,43547,100000,-0.0059,0.0080,+0.0,+0.0000,NONE,RUNNING
="2026-08-07 17:54:58",64597,43547,0,43547,100000,-0.0059,0.0080,+0.0,+0.0000,NONE,RUNNING
="2026-08-07 17:54:59",64597,43547,0,43547,100000,-0.0059,0.0080,+0.0,+0.0000,NONE,RUNNING
="2026-08-07 17:55:00",64597,43547,0,43547,100000,-0.0059,0.0080,+0.0,+0.0000,NONE,RUNNING
="2026-08-07 17:55:01",64597,43547,0,43547,100000,-0.0125,0.0080,+0.0,+0.0000,NONE,RUNNING
="2026-08-07 17:55:02",64597,43547,0,43547,100000,-0.0125,0.0080,+0.0,+0.0000,NONE,RUNNING
="2026-08-07 17:55:03",64597,43547,0,43547,100000,-0.0121,0.0080,+0.0,+0.0000,NONE,RUNNING
="2026-08-07 17:55:04",64597,43547,0,43547,100000,-0.0121,0.0080,+0.0,+0.0000,NONE,RUNNING
="2026-08-07 17:55:05",64597,43547,0,43547,100000,-0.0122,0.0080,+0.0,+0.0000,NONE,RUNNING
="2026-08-07 17:55:06",64597,43547,0,43547,100000,-0.0124,0.0080,+0.0,+0.0000,NONE,RUNNING
="2026-08-07 17:55:07",64597,43547,0,43547,100000,-0.0125,0.0080,+0.0,+0.0000,NONE,RUNNING
="2026-08-07 17:55:08",64597,43547,0,43547,100000,-0.0125,0.0080,+0.0,+0.0000,NONE,RUNNING
="2026-08-07 17:55:09",64597,43547,0,43547,100000,-0.0113,0.0080,+0.0,+0.0000,NONE,RUNNING
="2026-08-07 17:55:10",64597,43547,0,43547,100000,-0.0113,0.0080,+0.0,+0.0000,NONE,RUNNING
="2026-08-07 17:55:11",64597,43547,0,43547,100000,-0.0138,0.0080,+0.0,+0.0000,NONE,RUNNING
="2026-08-07 17:55:12",64597,43547,0,43547,100000,-0.0138,0.0080,+0.0,+0.0000,NONE,RUNNING
="2026-08-07 17:55:13",64597,43547,0,43547,100000,-0.0136,0.0080,+0.0,+0.0000,NONE,RUNNING
="2026-08-07 17:55:14",64597,43547,0,43547,100000,-0.0136,0.0080,+0.0,+0.0000,NONE,RUNNING
="2026-08-07 17:55:15",64597,43547,0,43547,100000,-0.0136,0.0080,+0.0,+0.0000,NONE,RUNNING
="2026-08-07 17:55:16",64597,43547,0,43547,100000,-0.0158,0.0080,+0.0,+0.0000,NONE,RUNNING
="2026-08-07 17:55:17",64597,43547,0,43547,100000,-0.0158,0.0080,+0.0,+0.0000,NONE,RUNNING
="2026-08-07 17:55:18",64597,43547,0,43547,100000,-0.0158,0.0080,+0.0,+0.0000,NONE,RUNNING
="2026-08-07 17:55:19",64597,43547,0,43547,100000,-0.0161,0.0080,+0.0,+0.0000,NONE,RUNNING
="2026-08-07 17:55:20",64597,43547,0,43547,100000,-0.0117,0.0080,+0.0,+0.0000,NONE,RUNNING
="2026-08-07 17:55:21",64599,56904,0,56904,100000,-0.0111,0.0080,+0.0,+0.0000,NONE,RUNNING
="2026-08-07 17:55:22",64600,56904,0,56904,100000,-0.0111,0.0080,+0.0,+0.0000,NONE,RUNNING
="2026-08-07 17:55:23",64600,56904,0,56904,100000,-0.0111,0.0080,+0.0,+0.0000,NONE,RUNNING
="2026-08-07 17:55:24",64599,56904,0,56904,100000,-0.0111,0.0080,+0.0,+0.0000,NONE,RUNNING
="2026-08-07 17:55:25",64599,35287,0,35287,100000,-0.0111,0.0080,+0.0,+0.0000,NONE,RUNNING
="2026-08-07 17:55:26",64599,35287,0,35287,100000,-0.0158,0.0080,+0.0,+0.0000,NONE,RUNNING
="2026-08-07 17:55:27",64599,35287,0,35287,100000,-0.0158,0.0080,+0.0,+0.0000,NONE,RUNNING
="2026-08-07 17:55:28",64600,35287,0,35287,100000,-0.0158,0.0080,+0.0,+0.0000,NONE,RUNNING
="2026-08-07 17:55:29",64600,35287,0,35287,100000,-0.0158,0.0080,+0.0,+0.0000,NONE,RUNNING
="2026-08-07 17:55:30",64600,35287,0,35287,100000,-0.0158,0.0080,+0.0,+0.0000,NONE,RUNNING
="2026-08-07 17:55:31",64599,35287,0,35287,100000,-0.0171,0.0080,+0.0,+0.0000,NONE,RUNNING
="2026-08-07 17:55:32",64600,35287,0,35287,100000,-0.0171,0.0080,+0.0,+0.0000,NONE,RUNNING
="2026-08-07 17:55:33",64600,35287,0,35287,100000,-0.0171,0.0080,+0.0,+0.0000,NONE,RUNNING
="2026-08-07 17:55:34",64600,50349,15061,35287,100000,-0.0171,0.0080,+0.0,+0.0000,NONE,RUNNING
="2026-08-07 17:55:35",64599,50349,15061,35287,100000,-0.0171,0.0080,+0.0,+0.0000,NONE,RUNNING
="2026-08-07 17:55:36",64600,28418,15061,13356,100000,-0.0123,0.0080,+0.0,+0.0000,NONE,RUNNING
="2026-08-07 17:55:37",64599,28418,15061,13356,100000,-0.0123,0.0080,+0.0,+0.0000,NONE,RUNNING
="2026-08-07 17:55:38",64599,28418,15061,13356,100000,-0.0094,0.0080,+0.0,+0.0000,NONE,RUNNING
="2026-08-07 17:55:39",64599,28418,15061,13356,100000,-0.0095,0.0080,+0.0,+0.0000,NONE,RUNNING
="2026-08-07 17:55:40",64599,28418,15061,13356,100000,-0.0095,0.0080,+0.0,+0.0000,NONE,RUNNING
="2026-08-07 17:55:41",64599,28418,15061,13356,100000,-0.0092,0.0080,+0.0,+0.0000,NONE,RUNNING
="2026-08-07 17:55:42",64599,28418,15061,13356,100000,-0.0092,0.0080,+0.0,+0.0000,NONE,RUNNING
="2026-08-07 17:55:43",64599,28418,15061,13356,100000,-0.0092,0.0080,+0.0,+0.0000,NONE,RUNNING
="2026-08-07 17:55:44",64600,128726,115369,13356,100000,-0.0091,0.0080,+0.0,+0.0000,SHORT,RUNNING
="2026-08-07 17:55:45",64599,128726,115369,13356,100000,-0.0091,0.0080,+0.0,+0.0000,SHORT,RUNNING
="2026-08-07 17:55:46",64599,128726,115369,13356,100000,-0.0082,0.0080,+0.0,+0.0000,SHORT,RUNNING
="2026-08-07 17:55:47",64599,128726,115369,13356,100000,-0.0082,0.0080,+0.0,+0.0000,SHORT,RUNNING
="2026-08-07 17:55:48",64599,128726,115369,13356,100000,-0.0082,0.0080,+0.0,+0.0000,SHORT,RUNNING
="2026-08-07 17:55:50",64599,128726,115369,13356,100000,-0.0082,0.0080,+0.0,+0.0000,SHORT,RUNNING
="2026-08-07 17:55:51",64599,128726,115369,13356,100000,-0.0082,0.0080,+0.0,+0.0000,SHORT,RUNNING
="2026-08-07 17:55:52",64599,128726,115369,13356,100000,-0.0082,0.0080,+0.0,+0.0000,SHORT,RUNNING
="2026-08-07 17:55:53",64599,128726,115369,13356,100000,-0.0082,0.0080,+0.0,+0.0000,SHORT,RUNNING
="2026-08-07 17:55:54",64599,128726,115369,13356,100000,-0.0082,0.0080,+0.0,+0.0000,SHORT,RUNNING
="2026-08-07 17:55:55",64599,128726,115369,13356,100000,-0.0082,0.0080,+0.0,+0.0000,SHORT,RUNNING
="2026-08-07 17:55:56",64599,128726,115369,13356,100000,-0.0084,0.0080,+0.0,+0.0000,SHORT,RUNNING
="2026-08-07 17:55:57",64599,128726,115369,13356,100000,-0.0078,0.0080,+0.0,+0.0000,NONE,RUNNING
="2026-08-07 17:55:58",64599,128726,115369,13356,100000,-0.0078,0.0080,+0.0,+0.0000,NONE,RUNNING
="2026-08-07 17:55:59",64599,128726,115369,13356,100000,-0.0079,0.0080,+0.0,+0.0000,NONE,RUNNING
="2026-08-07 17:56:00",64599,128726,115369,13356,100000,-0.0079,0.0080,+0.0,+0.0000,NONE,RUNNING
="2026-08-07 17:56:01",64599,128726,115369,13356,100000,-0.0076,0.0080,+0.0,+0.0000,NONE,RUNNING
="2026-08-07 17:56:02",64599,128726,115369,13356,100000,-0.0011,0.0080,+0.0,+0.0000,NONE,RUNNING
="2026-08-07 17:56:03",64599,128726,115369,13356,100000,-0.0006,0.0080,+0.0,+0.0000,NONE,RUNNING
="2026-08-07 17:56:04",64599,128726,115369,13356,100000,-0.0005,0.0080,+0.0,+0.0000,NONE,RUNNING
="2026-08-07 17:56:05",64599,128726,115369,13356,100000,-0.0005,0.0080,+0.0,+0.0000,NONE,RUNNING
="2026-08-07 17:56:06",64599,128726,115369,13356,100000,-0.0005,0.0080,+0.0,+0.0000,NONE,RUNNING
="2026-08-07 17:56:07",64599,128726,115369,13356,100000,-0.0005,0.0080,+0.0,+0.0000,NONE,RUNNING
="2026-08-07 17:56:08",64599,128726,115369,13356,100000,-0.0005,0.0080,+0.0,+0.0000,NONE,RUNNING
="2026-08-07 17:56:09",64599,128726,115369,13356,100000,-0.0023,0.0080,+0.0,+0.0000,NONE,RUNNING
="2026-08-07 17:56:10",64599,128726,115369,13356,100000,-0.0023,0.0080,+0.0,+0.0000,NONE,RUNNING
="2026-08-07 17:56:11",64599,320975,307618,13356,100000,+0.0002,0.0080,+0.0,+0.0000,NONE,RUNNING
="2026-08-07 17:56:12",64599,320975,307618,13356,100000,+0.0002,0.0080,+0.0,+0.0000,NONE,RUNNING
="2026-08-07 17:56:13",64599,320975,307618,13356,100000,+0.0002,0.0080,+0.0,+0.0000,NONE,RUNNING
="2026-08-07 17:56:14",64599,320975,307618,13356,100000,+0.0002,0.0080,+0.0,+0.0000,NONE,RUNNING
="2026-08-07 17:56:15",64599,320975,307618,13356,100000,+0.0022,0.0080,+0.0,+0.0000,NONE,RUNNING
="2026-08-07 17:56:16",64599,320975,307618,13356,100000,+0.0043,0.0080,+0.0,+0.0000,NONE,RUNNING
="2026-08-07 17:56:17",64599,320975,307618,13356,100000,+0.0043,0.0080,+0.0,+0.0000,NONE,RUNNING
="2026-08-07 17:56:18",64599,320975,307618,13356,100000,+0.0043,0.0080,+0.0,+0.0000,NONE,RUNNING
="2026-08-07 17:56:19",64599,320975,307618,13356,100000,+0.0043,0.0080,+0.0,+0.0000,NONE,RUNNING
="2026-08-07 17:56:20",64598,320975,307618,13356,100000,+0.0000,0.0080,+0.0,+0.0000,NONE,RUNNING
="2026-08-07 17:56:21",64597,404281,404281,0,100000,+0.0000,0.0080,+0.0,+0.0000,NONE,RUNNING
="2026-08-07 17:56:22",64596,404281,404281,0,100000,+0.0006,0.0080,+0.0,+0.0000,NONE,RUNNING
="2026-08-07 17:56:23",64596,404281,404281,0,100000,+0.0006,0.0080,+0.0,+0.0000,NONE,RUNNING
="2026-08-07 17:56:24",64593,404281,404281,0,100000,-0.0030,0.0080,+0.0,+0.0000,NONE,RUNNING
="2026-08-07 17:56:25",64593,404281,404281,0,100000,-0.0030,0.0080,+0.0,+0.0000,NONE,RUNNING
="2026-08-07 17:56:26",64593,404281,404281,0,100000,+0.0017,0.0080,+0.0,+0.0000,NONE,RUNNING
="2026-08-07 17:56:27",64592,404281,404281,0,100000,+0.0017,0.0080,+0.0,+0.0000,NONE,RUNNING
="2026-08-07 17:56:28",64592,432112,432112,0,100000,+0.0064,0.0080,+0.0,+0.0000,NONE,RUNNING
="2026-08-07 17:56:29",64592,660665,660665,0,100000,+0.0064,0.0080,+0.0,+0.0000,NONE,RUNNING
="2026-08-07 17:56:30",64583,660665,660665,0,100000,+0.0047,0.0080,+0.0,+0.0000,NONE,RUNNING
="2026-08-07 17:56:31",64583,660665,660665,0,100000,+0.0047,0.0080,+0.0,+0.0000,NONE,RUNNING
="2026-08-07 17:56:32",64583,660665,660665,0,100000,+0.0047,0.0080,+0.0,+0.0000,NONE,RUNNING
="2026-08-07 17:56:33",64583,660665,660665,0,100000,+0.0047,0.0080,+0.0,+0.0000,NONE,RUNNING
="2026-08-07 17:56:34",64583,645603,645603,0,100000,+0.0060,0.0080,+0.0,+0.0000,NONE,RUNNING
="2026-08-07 17:56:35",64583,645603,645603,0,100000,+0.0060,0.0080,+0.0,+0.0000,NONE,RUNNING
="2026-08-07 17:56:36",64583,645603,645603,0,100000,+0.0060,0.0080,+0.0,+0.0000,NONE,RUNNING
="2026-08-07 17:56:37",64583,645603,645603,0,100000,+0.0060,0.0080,+0.0,+0.0000,NONE,RUNNING
="2026-08-07 17:56:38",64583,645603,645603,0,100000,+0.0030,0.0080,+0.0,+0.0000,NONE,RUNNING
="2026-08-07 17:56:39",64583,645603,645603,0,100000,+0.0038,0.0080,+0.0,+0.0000,NONE,RUNNING
="2026-08-07 17:56:40",64583,645603,645603,0,100000,+0.0038,0.0080,+0.0,+0.0000,NONE,RUNNING
="2026-08-07 17:56:41",64583,645603,645603,0,100000,+0.0035,0.0080,+0.0,+0.0000,NONE,RUNNING
="2026-08-07 17:56:42",64583,645603,645603,0,100000,+0.0035,0.0080,+0.0,+0.0000,NONE,RUNNING
="2026-08-07 17:56:43",64583,645603,645603,0,100000,+0.0035,0.0080,+0.0,+0.0000,NONE,RUNNING
="2026-08-07 17:56:44",64583,645603,645603,0,100000,+0.0035,0.0080,+0.0,+0.0000,NONE,RUNNING
="2026-08-07 17:56:45",64583,545295,545295,0,100000,+0.0035,0.0080,+0.0,+0.0000,NONE,RUNNING
="2026-08-07 17:56:46",64583,545295,545295,0,100000,+0.0053,0.0080,+0.0,+0.0000,NONE,RUNNING
="2026-08-07 17:56:47",64583,545295,545295,0,100000,+0.0053,0.0080,+0.0,+0.0000,NONE,RUNNING
="2026-08-07 17:56:48",64583,545295,545295,0,100000,+0.0056,0.0080,+0.0,+0.0000,NONE,RUNNING
="2026-08-07 17:56:49",64583,545295,545295,0,100000,+0.0056,0.0080,+0.0,+0.0000,NONE,RUNNING
="2026-08-07 17:56:50",64583,545295,545295,0,100000,+0.0056,0.0080,+0.0,+0.0000,NONE,RUNNING
="2026-08-07 17:56:51",64583,545295,545295,0,100000,+0.0056,0.0080,+0.0,+0.0000,NONE,RUNNING
="2026-08-07 17:56:52",64583,545295,545295,0,100000,+0.0056,0.0080,+0.0,+0.0000,NONE,RUNNING
="2026-08-07 17:56:53",64583,545295,545295,0,100000,+0.0056,0.0080,+0.0,+0.0000,NONE,RUNNING
="2026-08-07 17:56:54",64583,545295,545295,0,100000,+0.0056,0.0080,+0.0,+0.0000,NONE,RUNNING
="2026-08-07 17:56:55",64583,545295,545295,0,100000,+0.0058,0.0080,+0.0,+0.0000,NONE,RUNNING
="2026-08-07 17:56:56",64583,545295,545295,0,100000,+0.0058,0.0080,+0.0,+0.0000,NONE,RUNNING
="2026-08-07 17:56:57",64583,545295,545295,0,100000,+0.0053,0.0080,+0.0,+0.0000,NONE,RUNNING
="2026-08-07 17:56:58",64583,545295,545295,0,100000,+0.0057,0.0080,+0.0,+0.0000,NONE,RUNNING
="2026-08-07 17:56:59",64583,565295,565295,0,100000,+0.0055,0.0080,+0.0,+0.0000,NONE,RUNNING
="2026-08-07 17:57:00",64583,565295,565295,0,100000,+0.0055,0.0080,+0.0,+0.0000,NONE,RUNNING
="2026-08-07 17:57:01",64583,565295,565295,0,100000,+0.0055,0.0080,+0.0,+0.0000,NONE,RUNNING
="2026-08-07 17:57:02",64583,565295,565295,0,100000,+0.0050,0.0080,+0.0,+0.0000,NONE,RUNNING
="2026-08-07 17:57:03",64583,565295,565295,0,100000,+0.0050,0.0080,+0.0,+0.0000,NONE,RUNNING
="2026-08-07 17:57:04",64583,565295,565295,0,100000,+0.0049,0.0080,+0.0,+0.0000,NONE,RUNNING
="2026-08-07 17:57:05",64583,565295,565295,0,100000,+0.0049,0.0080,+0.0,+0.0000,NONE,RUNNING
="2026-08-07 17:57:06",64583,565295,565295,0,100000,+0.0049,0.0080,+0.0,+0.0000,NONE,RUNNING
="2026-08-07 17:57:07",64583,565295,565295,0,100000,+0.0048,0.0080,+0.0,+0.0000,NONE,RUNNING
="2026-08-07 17:57:08",64583,565295,565295,0,100000,+0.0066,0.0080,+0.0,+0.0000,NONE,RUNNING
="2026-08-07 17:57:09",64583,565295,565295,0,100000,+0.0066,0.0080,+0.0,+0.0000,NONE,RUNNING
="2026-08-07 17:57:10",64583,565295,565295,0,100000,+0.0066,0.0080,+0.0,+0.0000,NONE,RUNNING
="2026-08-07 17:57:11",64583,373046,373046,0,100000,+0.0067,0.0080,+0.0,+0.0000,NONE,RUNNING
="2026-08-07 17:57:12",64583,373046,373046,0,100000,+0.0067,0.0080,+0.0,+0.0000,NONE,RUNNING
="2026-08-07 17:57:13",64583,373046,373046,0,100000,+0.0068,0.0080,+0.0,+0.0000,NONE,RUNNING
="2026-08-07 17:57:14",64583,373046,373046,0,100000,+0.0048,0.0080,+0.0,+0.0000,NONE,RUNNING
="2026-08-07 17:57:15",64583,373046,373046,0,100000,+0.0048,0.0080,+0.0,+0.0000,NONE,RUNNING
="2026-08-07 17:57:16",64583,373046,373046,0,100000,+0.0048,0.0080,+0.0,+0.0000,NONE,RUNNING
="2026-08-07 17:57:17",64583,373046,373046,0,100000,+0.0048,0.0080,+0.0,+0.0000,NONE,RUNNING
="2026-08-07 17:57:18",64583,373046,373046,0,100000,+0.0048,0.0080,+0.0,+0.0000,NONE,RUNNING
="2026-08-07 17:57:19",64583,373046,373046,0,100000,+0.0057,0.0080,+0.0,+0.0000,NONE,RUNNING
="2026-08-07 17:57:20",64583,373046,373046,0,100000,+0.0057,0.0080,+0.0,+0.0000,NONE,RUNNING
="2026-08-07 17:57:21",64583,276383,276383,0,100000,+0.0051,0.0080,+0.0,+0.0000,NONE,RUNNING
="2026-08-07 17:57:22",64583,276383,276383,0,100000,+0.0051,0.0080,+0.0,+0.0000,NONE,RUNNING
="2026-08-07 17:57:23",64583,276383,276383,0,100000,+0.0087,0.0080,+0.0,+0.0000,SHORT,RUNNING
="2026-08-07 17:57:24",64583,276383,276383,0,100000,+0.0087,0.0080,+0.0,+0.0000,SHORT,RUNNING
="2026-08-07 17:57:26",64583,307351,307351,0,100000,+0.0087,0.0080,+0.0,+0.0000,SHORT,RUNNING
="2026-08-07 17:57:27",64583,307351,307351,0,100000,+0.0081,0.0080,+0.0,+0.0000,SHORT,RUNNING
="2026-08-07 17:57:28",64583,307351,307351,0,100000,+0.0034,0.0080,+0.0,+0.0000,NONE,RUNNING
="2026-08-07 17:57:29",64583,279520,279520,0,100000,+0.0034,0.0080,+0.0,+0.0000,NONE,RUNNING
="2026-08-07 17:57:30",64583,50967,50967,0,100000,+0.0026,0.0080,+0.0,+0.0000,NONE,RUNNING
="2026-08-07 17:57:31",64583,70782,70782,0,100000,+0.0043,0.0080,+0.0,+0.0000,NONE,RUNNING
="2026-08-07 17:57:32",64583,88865,88865,0,100000,+0.0043,0.0080,+0.0,+0.0000,NONE,RUNNING
="2026-08-07 17:57:33",64583,88865,88865,0,100000,+0.0043,0.0080,+0.0,+0.0000,NONE,RUNNING
="2026-08-07 17:57:34",64583,88865,88865,0,100000,+0.0030,0.0080,+0.0,+0.0000,NONE,RUNNING
="2026-08-07 17:57:35",64583,88865,88865,0,100000,+0.0016,0.0080,+0.0,+0.0000,NONE,RUNNING
="2026-08-07 17:57:36",64583,88865,88865,0,100000,+0.0016,0.0080,+0.0,+0.0000,NONE,RUNNING
="2026-08-07 17:57:37",64583,88865,88865,0,100000,+0.0016,0.0080,+0.0,+0.0000,NONE,RUNNING
="2026-08-07 17:57:38",64583,88865,88865,0,100000,+0.0016,0.0080,+0.0,+0.0000,NONE,RUNNING
="2026-08-07 17:57:39",64583,88865,88865,0,100000,+0.0016,0.0080,+0.0,+0.0000,NONE,RUNNING
="2026-08-07 17:57:40",64583,88865,88865,0,100000,+0.0008,0.0080,+0.0,+0.0000,NONE,RUNNING
="2026-08-07 17:57:41",64583,88865,88865,0,100000,+0.0008,0.0080,+0.0,+0.0000,NONE,RUNNING
="2026-08-07 17:57:42",64583,88865,88865,0,100000,-0.0036,0.0080,+0.0,+0.0000,NONE,RUNNING
="2026-08-07 17:57:43",64583,88865,88865,0,100000,-0.0036,0.0080,+0.0,+0.0000,NONE,RUNNING
="2026-08-07 17:57:44",64583,88865,88865,0,100000,-0.0081,0.0080,+0.0,+0.0000,NONE,RUNNING
="2026-08-07 17:57:45",64583,88865,88865,0,100000,-0.0081,0.0080,+0.0,+0.0000,NONE,RUNNING
="2026-08-07 17:57:46",64583,88865,88865,0,100000,-0.0100,0.0080,+0.0,+0.0000,NONE,RUNNING
="2026-08-07 17:57:47",64583,88865,88865,0,100000,-0.0100,0.0080,+0.0,+0.0000,NONE,RUNNING
="2026-08-07 17:57:48",64583,88865,88865,0,100000,-0.0100,0.0080,+0.0,+0.0000,NONE,RUNNING
="2026-08-07 17:57:49",64583,88865,88865,0,100000,-0.0102,0.0080,+0.0,+0.0000,NONE,RUNNING
="2026-08-07 17:57:50",64583,88865,88865,0,100000,-0.0104,0.0080,+0.0,+0.0000,NONE,RUNNING
="2026-08-07 17:57:51",64583,88865,88865,0,100000,-0.0104,0.0080,+0.0,+0.0000,NONE,RUNNING
="2026-08-07 17:57:52",64583,88865,88865,0,100000,-0.0104,0.0080,+0.0,+0.0000,NONE,RUNNING
="2026-08-07 17:57:53",64583,88865,88865,0,100000,-0.0104,0.0080,+0.0,+0.0000,NONE,RUNNING
="2026-08-07 17:57:54",64583,88865,88865,0,100000,-0.0104,0.0080,+0.0,+0.0000,NONE,RUNNING
="2026-08-07 17:57:55",64583,88865,88865,0,100000,-0.0105,0.0080,+0.0,+0.0000,NONE,RUNNING
="2026-08-07 17:57:56",64583,88865,88865,0,100000,-0.0105,0.0080,+0.0,+0.0000,NONE,RUNNING
="2026-08-07 17:57:57",64583,88865,88865,0,100000,-0.0100,0.0080,+0.0,+0.0000,NONE,RUNNING
="2026-08-07 17:57:58",64583,88865,88865,0,100000,-0.0104,0.0080,+0.0,+0.0000,NONE,RUNNING
="2026-08-07 17:57:59",64583,88865,88865,0,100000,-0.0104,0.0080,+0.0,+0.0000,NONE,RUNNING
="2026-08-07 17:58:00",64583,68865,68865,0,100000,-0.0102,0.0080,+0.0,+0.0000,NONE,RUNNING
="2026-08-07 17:58:01",64583,68865,68865,0,100000,-0.0102,0.0080,+0.0,+0.0000,NONE,RUNNING
="2026-08-07 17:58:02",64583,68865,68865,0,100000,-0.0102,0.0080,+0.0,+0.0000,NONE,RUNNING
="2026-08-07 17:58:03",64583,68865,68865,0,100000,-0.0102,0.0080,+0.0,+0.0000,NONE,RUNNING
="2026-08-07 17:58:04",64583,68865,68865,0,100000,-0.0100,0.0080,+0.0,+0.0000,NONE,RUNNING
="2026-08-07 17:58:05",64583,68865,68865,0,100000,-0.0084,0.0080,+0.0,+0.0000,NONE,RUNNING
="2026-08-07 17:58:06",64583,68865,68865,0,100000,-0.0084,0.0080,+0.0,+0.0000,NONE,RUNNING
="2026-08-07 17:58:07",64583,68865,68865,0,100000,-0.0084,0.0080,+0.0,+0.0000,NONE,RUNNING
="2026-08-07 17:58:08",64583,68865,68865,0,100000,-0.0084,0.0080,+0.0,+0.0000,NONE,RUNNING
="2026-08-07 17:58:09",64583,68865,68865,0,100000,-0.0084,0.0080,+0.0,+0.0000,NONE,RUNNING
="2026-08-07 17:58:10",64583,68865,68865,0,100000,-0.0084,0.0080,+0.0,+0.0000,NONE,RUNNING
="2026-08-07 17:58:11",64583,213971,213971,0,100000,-0.0084,0.0080,+0.0,+0.0000,SHORT,RUNNING
="2026-08-07 17:58:12",64583,213971,213971,0,100000,-0.0085,0.0080,+0.0,+0.0000,SHORT,RUNNING
="2026-08-07 17:58:13",64583,227342,227342,0,100000,-0.0085,0.0080,+0.0,+0.0000,SHORT,RUNNING
="2026-08-07 17:58:14",64582,227342,227342,0,100000,-0.0085,0.0080,+0.0,+0.0000,SHORT,RUNNING
="2026-08-07 17:58:15",64582,227342,227342,0,100000,-0.0086,0.0080,+0.0,+0.0000,SHORT,RUNNING
="2026-08-07 17:58:16",64582,227342,227342,0,100000,-0.0086,0.0080,+0.0,+0.0000,SHORT,RUNNING
="2026-08-07 17:58:17",64582,227342,227342,0,100000,-0.0086,0.0080,+0.0,+0.0000,SHORT,RUNNING
="2026-08-07 17:58:18",64582,227342,227342,0,100000,-0.0086,0.0080,+0.0,+0.0000,SHORT,RUNNING
="2026-08-07 17:58:19",64582,227342,227342,0,100000,-0.0096,0.0080,+0.0,+0.0000,SHORT,RUNNING
="2026-08-07 17:58:20",64582,227342,227342,0,100000,-0.0096,0.0080,+0.0,+0.0000,SHORT,RUNNING
="2026-08-07 17:58:21",64582,227342,227342,0,100000,-0.0095,0.0080,+0.0,+0.0000,SHORT,RUNNING
="2026-08-07 17:58:22",64582,227342,227342,0,100000,-0.0095,0.0080,+0.0,+0.0000,SHORT,RUNNING
="2026-08-07 17:58:23",64582,227342,227342,0,100000,-0.0095,0.0080,+0.0,+0.0000,SHORT,RUNNING
="2026-08-07 17:58:24",64582,227342,227342,0,100000,-0.0095,0.0080,+0.0,+0.0000,SHORT,RUNNING
="2026-08-07 17:58:25",64582,227342,227342,0,100000,-0.0089,0.0080,+0.0,+0.0000,SHORT,RUNNING
="2026-08-07 17:58:26",64582,196374,196374,0,100000,-0.0089,0.0080,+0.0,+0.0000,SHORT,RUNNING
="2026-08-07 17:58:27",64582,196374,196374,0,100000,-0.0091,0.0080,+0.0,+0.0000,SHORT,RUNNING
="2026-08-07 17:58:28",64582,196374,196374,0,100000,-0.0091,0.0080,+0.0,+0.0000,SHORT,RUNNING
="2026-08-07 17:58:29",64582,196374,196374,0,100000,-0.0082,0.0080,+0.0,+0.0000,SHORT,RUNNING
="2026-08-07 17:58:30",64582,176560,176560,0,100000,-0.0085,0.0080,+0.0,+0.0000,SHORT,RUNNING
="2026-08-07 17:58:31",64582,158476,158476,0,100000,-0.0085,0.0080,+0.0,+0.0000,SHORT,RUNNING
="2026-08-07 17:58:32",64582,158476,158476,0,100000,-0.0085,0.0080,+0.0,+0.0000,SHORT,RUNNING
="2026-08-07 17:58:33",64582,158476,158476,0,100000,-0.0087,0.0080,+0.0,+0.0000,SHORT,RUNNING
="2026-08-07 17:58:34",64580,313243,313243,0,100000,-0.0072,0.0080,+0.0,+0.0000,NONE,RUNNING
="2026-08-07 17:58:35",64580,313243,313243,0,100000,-0.0072,0.0080,+0.0,+0.0000,NONE,RUNNING
="2026-08-07 17:58:36",64580,313243,313243,0,100000,-0.0131,0.0080,+0.0,+0.0000,SHORT,RUNNING
="2026-08-07 17:58:37",64580,313243,313243,0,100000,-0.0131,0.0080,+0.0,+0.0000,SHORT,RUNNING
="2026-08-07 17:58:38",64580,313243,313243,0,100000,-0.0131,0.0080,+0.0,+0.0000,SHORT,RUNNING
="2026-08-07 17:58:39",64580,313243,313243,0,100000,-0.0131,0.0080,+0.0,+0.0000,SHORT,RUNNING
="2026-08-07 17:58:40",64580,313243,313243,0,100000,-0.0131,0.0080,+0.0,+0.0000,SHORT,RUNNING
="2026-08-07 17:58:41",64580,313243,313243,0,100000,-0.0087,0.0080,+0.0,+0.0000,SHORT,RUNNING
="2026-08-07 17:58:42",64580,313243,313243,0,100000,-0.0087,0.0080,+0.0,+0.0000,SHORT,RUNNING
="2026-08-07 17:58:43",64580,313243,313243,0,100000,-0.0047,0.0080,+0.0,+0.0000,NONE,RUNNING
="2026-08-07 17:58:44",64580,313243,313243,0,100000,-0.0047,0.0080,+0.0,+0.0000,NONE,RUNNING
="2026-08-07 17:58:45",64580,313243,313243,0,100000,-0.0046,0.0080,+0.0,+0.0000,NONE,RUNNING
="2026-08-07 17:58:46",64580,313243,313243,0,100000,-0.0046,0.0080,+0.0,+0.0000,NONE,RUNNING
="2026-08-07 17:58:47",64580,313243,313243,0,100000,-0.0046,0.0080,+0.0,+0.0000,NONE,RUNNING
="2026-08-07 17:58:48",64580,313243,313243,0,100000,-0.0046,0.0080,+0.0,+0.0000,NONE,RUNNING
="2026-08-07 17:58:49",64580,313243,313243,0,100000,-0.0046,0.0080,+0.0,+0.0000,NONE,RUNNING
="2026-08-07 17:58:50",64580,313243,313243,0,100000,-0.0045,0.0080,+0.0,+0.0000,NONE,RUNNING
="2026-08-07 17:58:51",64580,337019,313243,23775,100000,-0.0045,0.0080,+0.0,+0.0000,NONE,RUNNING
="2026-08-07 17:58:52",64591,337019,313243,23775,100000,-0.0045,0.0080,+0.0,+0.0000,NONE,RUNNING
="2026-08-07 17:58:53",64591,337019,313243,23775,100000,-0.0045,0.0080,+0.0,+0.0000,NONE,RUNNING
="2026-08-07 17:58:54",64591,337019,313243,23775,100000,-0.0045,0.0080,+0.0,+0.0000,NONE,RUNNING
="2026-08-07 17:58:55",64591,337019,313243,23775,100000,-0.0031,0.0080,+0.0,+0.0000,NONE,RUNNING
="2026-08-07 17:58:56",64591,337019,313243,23775,100000,-0.0037,0.0080,+0.0,+0.0000,NONE,RUNNING
="2026-08-07 17:58:57",64591,337019,313243,23775,100000,-0.0037,0.0080,+0.0,+0.0000,NONE,RUNNING
="2026-08-07 17:58:58",64591,337019,313243,23775,100000,-0.0040,0.0080,+0.0,+0.0000,NONE,RUNNING
="2026-08-07 17:58:59",64591,337019,313243,23775,100000,-0.0042,0.0080,+0.0,+0.0000,NONE,RUNNING
="2026-08-07 17:59:00",64591,337019,313243,23775,100000,-0.0042,0.0080,+0.0,+0.0000,NONE,RUNNING
="2026-08-07 17:59:02",64591,337019,313243,23775,100000,-0.0042,0.0080,+0.0,+0.0000,NONE,RUNNING
="2026-08-07 17:59:03",64591,337019,313243,23775,100000,-0.0042,0.0080,+0.0,+0.0000,NONE,RUNNING
="2026-08-07 17:59:04",64591,337019,313243,23775,100000,-0.0042,0.0080,+0.0,+0.0000,NONE,RUNNING
="2026-08-07 17:59:05",64591,337019,313243,23775,100000,-0.0042,0.0080,+0.0,+0.0000,NONE,RUNNING
="2026-08-07 17:59:06",64591,337019,313243,23775,100000,-0.0058,0.0080,+0.0,+0.0000,NONE,RUNNING
="2026-08-07 17:59:07",64591,337019,313243,23775,100000,-0.0063,0.0080,+0.0,+0.0000,NONE,RUNNING
="2026-08-07 17:59:08",64596,337019,313243,23775,100000,-0.0063,0.0080,+0.0,+0.0000,NONE,RUNNING
="2026-08-07 17:59:09",64596,337019,313243,23775,100000,-0.0063,0.0080,+0.0,+0.0000,NONE,RUNNING
="2026-08-07 17:59:10",64596,337019,313243,23775,100000,-0.0063,0.0080,+0.0,+0.0000,NONE,RUNNING
="2026-08-07 17:59:11",64599,297541,252496,45044,100000,-0.0066,0.0080,+0.0,+0.0000,NONE,RUNNING
="2026-08-07 17:59:12",64599,213182,168138,45044,100000,-0.0066,0.0080,+0.0,+0.0000,NONE,RUNNING
="2026-08-07 17:59:13",64600,213182,168138,45044,100000,-0.0090,0.0080,+0.0,+0.0000,SHORT,RUNNING
="2026-08-07 17:59:14",64600,199811,154766,45044,100000,-0.0090,0.0080,+0.0,+0.0000,SHORT,RUNNING
="2026-08-07 17:59:15",64600,199811,154766,45044,100000,-0.0089,0.0080,+0.0,+0.0000,SHORT,RUNNING
="2026-08-07 17:59:16",64600,199811,154766,45044,100000,-0.0089,0.0080,+0.0,+0.0000,SHORT,RUNNING
="2026-08-07 17:59:17",64600,199811,154766,45044,100000,-0.0089,0.0080,+0.0,+0.0000,SHORT,RUNNING
="2026-08-07 17:59:18",64600,199811,154766,45044,100000,-0.0089,0.0080,+0.0,+0.0000,SHORT,RUNNING
="2026-08-07 17:59:19",64599,199811,154766,45044,100000,-0.0089,0.0080,+0.0,+0.0000,SHORT,RUNNING
="2026-08-07 17:59:20",64599,199811,154766,45044,100000,-0.0088,0.0080,+0.0,+0.0000,SHORT,RUNNING
="2026-08-07 17:59:21",64599,199811,154766,45044,100000,-0.0088,0.0080,+0.0,+0.0000,SHORT,RUNNING
="2026-08-07 17:59:22",64600,199811,154766,45044,100000,-0.0088,0.0080,+0.0,+0.0000,SHORT,RUNNING
="2026-08-07 17:59:23",64600,199811,154766,45044,100000,-0.0090,0.0080,+0.0,+0.0000,SHORT,RUNNING
="2026-08-07 17:59:24",64599,199811,154766,45044,100000,-0.0090,0.0080,+0.0,+0.0000,SHORT,RUNNING
="2026-08-07 17:59:25",64599,199811,154766,45044,100000,-0.0090,0.0080,+0.0,+0.0000,SHORT,RUNNING
="2026-08-07 17:59:26",64599,199811,154766,45044,100000,-0.0089,0.0080,+0.0,+0.0000,SHORT,RUNNING
="2026-08-07 17:59:27",64600,199811,154766,45044,100000,-0.0087,0.0080,+0.0,+0.0000,SHORT,RUNNING
="2026-08-07 17:59:28",64599,199811,154766,45044,100000,-0.0087,0.0080,+0.0,+0.0000,SHORT,RUNNING
="2026-08-07 17:59:29",64599,199811,154766,45044,100000,-0.0088,0.0080,+0.0,+0.0000,SHORT,RUNNING
="2026-08-07 17:59:30",64599,199811,154766,45044,100000,-0.0086,0.0080,+0.0,+0.0000,SHORT,RUNNING
="2026-08-07 17:59:31",64599,199811,154766,45044,100000,-0.0086,0.0080,+0.0,+0.0000,SHORT,RUNNING
="2026-08-07 17:59:32",64599,225757,154766,70991,100000,-0.0088,0.0080,+0.0,+0.0000,SHORT,RUNNING
="2026-08-07 17:59:33",64599,225757,154766,70991,100000,-0.0088,0.0080,+0.0,+0.0000,SHORT,RUNNING
="2026-08-07 17:59:34",64599,70991,0,70991,100000,-0.0086,0.0080,+0.0,+0.0000,NONE,RUNNING
="2026-08-07 17:59:35",64599,70991,0,70991,100000,-0.0086,0.0080,+0.0,+0.0000,NONE,RUNNING
="2026-08-07 17:59:36",64599,70991,0,70991,100000,-0.0028,0.0080,+0.0,+0.0000,NONE,RUNNING
="2026-08-07 17:59:37",64599,70991,0,70991,100000,-0.0028,0.0080,+0.0,+0.0000,NONE,RUNNING
="2026-08-07 17:59:38",64599,70991,0,70991,100000,-0.0020,0.0080,+0.0,+0.0000,NONE,RUNNING
="2026-08-07 17:59:39",64599,70991,0,70991,100000,-0.0020,0.0080,+0.0,+0.0000,NONE,RUNNING
="2026-08-07 17:59:40",64599,70991,0,70991,100000,-0.0020,0.0080,+0.0,+0.0000,NONE,RUNNING
="2026-08-07 17:59:41",64600,70991,0,70991,100000,-0.0020,0.0080,+0.0,+0.0000,NONE,RUNNING
="2026-08-07 17:59:42",64599,70991,0,70991,100000,-0.0015,0.0080,+0.0,+0.0000,NONE,RUNNING
="2026-08-07 17:59:43",64599,70991,0,70991,100000,-0.0015,0.0080,+0.0,+0.0000,NONE,RUNNING
="2026-08-07 17:59:44",64599,70991,0,70991,100000,-0.0013,0.0080,+0.0,+0.0000,NONE,RUNNING
="2026-08-07 17:59:45",64599,70991,0,70991,100000,-0.0014,0.0080,+0.0,+0.0000,NONE,RUNNING
="2026-08-07 17:59:46",64600,70991,0,70991,100000,-0.0014,0.0080,+0.0,+0.0000,NONE,RUNNING
="2026-08-07 17:59:47",64600,70991,0,70991,100000,-0.0007,0.0080,+0.0,+0.0000,NONE,RUNNING
="2026-08-07 17:59:48",64600,70991,0,70991,100000,-0.0007,0.0080,+0.0,+0.0000,NONE,RUNNING
="2026-08-07 17:59:49",64599,70991,0,70991,100000,-0.0007,0.0080,+0.0,+0.0000,NONE,RUNNING
="2026-08-07 17:59:50",64600,70991,0,70991,100000,-0.0007,0.0080,+0.0,+0.0000,NONE,RUNNING
="2026-08-07 17:59:51",64599,47215,0,47215,100000,+0.0002,0.0080,+0.0,+0.0000,NONE,RUNNING
="2026-08-07 17:59:52",64600,47215,0,47215,100000,+0.0002,0.0080,+0.0,+0.0000,NONE,RUNNING
="2026-08-07 17:59:53",64600,47215,0,47215,100000,+0.0014,0.0080,+0.0,+0.0000,NONE,RUNNING
="2026-08-07 17:59:54",64600,47215,0,47215,100000,+0.0014,0.0080,+0.0,+0.0000,NONE,RUNNING
="2026-08-07 17:59:55",64600,47215,0,47215,100000,+0.0000,0.0080,+0.0,+0.0000,NONE,RUNNING
="2026-08-07 17:59:56",64600,47215,0,47215,100000,+0.0000,0.0080,+0.0,+0.0000,NONE,RUNNING
="2026-08-07 17:59:57",64600,47215,0,47215,100000,-0.0022,0.0080,+0.0,+0.0000,NONE,RUNNING
="2026-08-07 17:59:58",64599,47215,0,47215,100000,-0.0019,0.0080,+0.0,+0.0000,NONE,RUNNING
="2026-08-07 17:59:59",64600,47215,0,47215,100000,-0.0019,0.0080,+0.0,+0.0000,NONE,RUNNING
="2026-08-07 18:00:00",64600,47215,0,47215,100000,-0.0019,0.0080,+0.0,+0.0000,NONE,RUNNING
="2026-08-07 18:00:01",64599,47215,0,47215,100000,-0.0019,0.0080,+0.0,+0.0000,NONE,RUNNING
="2026-08-07 18:00:02",64600,47215,0,47215,100000,-0.0019,0.0080,+0.0,+0.0000,NONE,RUNNING
="2026-08-07 18:00:03",64600,47215,0,47215,100000,-0.0019,0.0080,+0.0,+0.0000,NONE,RUNNING
="2026-08-07 18:00:04",64600,47215,0,47215,100000,-0.0019,0.0080,+0.0,+0.0000,NONE,RUNNING
="2026-08-07 18:00:05",64600,47215,0,47215,100000,-0.0019,0.0080,+0.0,+0.0000,NONE,RUNNING
="2026-08-07 18:00:06",64599,47215,0,47215,100000,-0.0019,0.0080,+0.0,+0.0000,NONE,RUNNING
="2026-08-07 18:00:07",64599,47215,0,47215,100000,-0.0014,0.0080,+0.0,+0.0000,NONE,RUNNING
="2026-08-07 18:00:08",64600,47215,0,47215,100000,-0.0009,0.0080,+0.0,+0.0000,NONE,RUNNING
="2026-08-07 18:00:09",64600,47215,0,47215,100000,-0.0006,0.0080,+0.0,+0.0000,NONE,RUNNING
="2026-08-07 18:00:10",64600,25946,0,25946,100000,-0.0006,0.0080,+0.0,+0.0000,NONE,RUNNING
="2026-08-07 18:00:11",64599,25946,0,25946,100000,-0.0006,0.0080,+0.0,+0.0000,NONE,RUNNING
="2026-08-07 18:00:12",64599,25946,0,25946,100000,+0.0018,0.0080,+0.0,+0.0000,NONE,RUNNING
="2026-08-07 18:00:13",64599,25946,0,25946,100000,+0.0018,0.0080,+0.0,+0.0000,NONE,RUNNING
="2026-08-07 18:00:14",64600,45946,0,45946,100000,+0.0013,0.0080,+0.0,+0.0000,NONE,RUNNING
="2026-08-07 18:00:15",64599,45946,0,45946,100000,+0.0013,0.0080,+0.0,+0.0000,NONE,RUNNING
="2026-08-07 18:00:16",64599,45946,0,45946,100000,+0.0013,0.0080,+0.0,+0.0000,NONE,RUNNING
="2026-08-07 18:00:17",64599,45946,0,45946,100000,+0.0015,0.0080,+0.0,+0.0000,NONE,RUNNING
="2026-08-07 18:00:18",64599,45946,0,45946,100000,+0.0015,0.0080,+0.0,+0.0000,NONE,RUNNING
="2026-08-07 18:00:19",64599,45946,0,45946,100000,+0.0015,0.0080,+0.0,+0.0000,NONE,RUNNING
="2026-08-07 18:00:20",64600,45946,0,45946,100000,+0.0014,0.0080,+0.0,+0.0000,NONE,RUNNING
="2026-08-07 18:00:21",64600,126906,0,126906,100000,+0.0014,0.0080,+0.0,+0.0000,NONE,RUNNING
="2026-08-07 18:00:22",64600,126906,0,126906,100000,+0.0016,0.0080,+0.0,+0.0000,NONE,RUNNING
="2026-08-07 18:00:23",64600,126906,0,126906,100000,+0.0016,0.0080,+0.0,+0.0000,NONE,RUNNING
="2026-08-07 18:00:24",64600,321240,0,321240,100000,+0.0014,0.0080,+0.0,+0.0000,NONE,RUNNING
="2026-08-07 18:00:25",64607,321240,0,321240,100000,+0.0013,0.0080,+0.0,+0.0000,NONE,RUNNING
="2026-08-07 18:00:26",64606,321240,0,321240,100000,+0.0013,0.0080,+0.0,+0.0000,NONE,RUNNING
="2026-08-07 18:00:27",64607,321240,0,321240,100000,+0.0013,0.0080,+0.0,+0.0000,NONE,RUNNING
="2026-08-07 18:00:28",64607,321240,0,321240,100000,+0.0014,0.0080,+0.0,+0.0000,NONE,RUNNING
="2026-08-07 18:00:29",64606,321240,0,321240,100000,+0.0026,0.0080,+0.0,+0.0000,NONE,RUNNING
="2026-08-07 18:00:30",64607,321240,0,321240,100000,+0.0026,0.0080,+0.0,+0.0000,NONE,RUNNING
="2026-08-07 18:00:31",64607,505032,0,505032,100000,+0.0026,0.0080,+0.0,+0.0000,NONE,RUNNING
="2026-08-07 18:00:32",64613,491523,0,491523,100000,+0.0045,0.0080,+0.0,+0.0000,NONE,RUNNING
="2026-08-07 18:00:33",64623,491523,0,491523,100000,+0.0045,0.0080,+0.0,+0.0000,NONE,RUNNING
="2026-08-07 18:00:35",64623,491523,0,491523,100000,+0.0045,0.0080,+0.0,+0.0000,NONE,RUNNING
="2026-08-07 18:00:36",64623,491523,0,491523,100000,+0.0045,0.0080,+0.0,+0.0000,NONE,RUNNING
="2026-08-07 18:00:37",64623,491523,0,491523,100000,+0.0045,0.0080,+0.0,+0.0000,NONE,RUNNING
="2026-08-07 18:00:38",64623,491523,0,491523,100000,+0.0037,0.0080,+0.0,+0.0000,NONE,RUNNING
="2026-08-07 18:00:39",64623,491523,0,491523,100000,+0.0060,0.0080,+0.0,+0.0000,NONE,RUNNING
="2026-08-07 18:00:40",64623,491523,0,491523,100000,+0.0060,0.0080,+0.0,+0.0000,NONE,RUNNING
="2026-08-07 18:00:41",64623,491523,0,491523,100000,+0.0060,0.0080,+0.0,+0.0000,NONE,RUNNING
="2026-08-07 18:00:42",64623,491523,0,491523,100000,+0.0060,0.0080,+0.0,+0.0000,NONE,RUNNING
="2026-08-07 18:00:43",64623,491523,0,491523,100000,+0.0060,0.0080,+0.0,+0.0000,NONE,RUNNING
="2026-08-07 18:00:44",64623,491523,0,491523,100000,+0.0059,0.0080,+0.0,+0.0000,NONE,RUNNING
="2026-08-07 18:00:45",64623,491523,0,491523,100000,+0.0063,0.0080,+0.0,+0.0000,NONE,RUNNING
="2026-08-07 18:00:46",64623,491523,0,491523,100000,+0.0063,0.0080,+0.0,+0.0000,NONE,RUNNING
="2026-08-07 18:00:47",64623,491523,0,491523,100000,+0.0063,0.0080,+0.0,+0.0000,NONE,RUNNING
="2026-08-07 18:00:48",64624,503841,0,503841,100000,+0.0055,0.0080,+0.0,+0.0000,NONE,RUNNING
="2026-08-07 18:00:49",64625,503841,0,503841,100000,+0.0062,0.0080,+0.0,+0.0000,NONE,RUNNING
="2026-08-07 18:00:50",64625,503841,0,503841,100000,+0.0053,0.0080,+0.0,+0.0000,NONE,RUNNING
="2026-08-07 18:00:51",64631,513852,0,513852,100000,+0.0053,0.0080,+0.0,+0.0000,NONE,RUNNING
="2026-08-07 18:00:52",64631,513852,0,513852,100000,+0.0053,0.0080,+0.0,+0.0000,NONE,RUNNING
="2026-08-07 18:00:53",64631,513852,0,513852,100000,+0.0053,0.0080,+0.0,+0.0000,NONE,RUNNING
="2026-08-07 18:00:54",64631,523853,0,523853,100000,+0.0041,0.0080,+0.0,+0.0000,NONE,RUNNING
="2026-08-07 18:00:55",64631,523853,0,523853,100000,-0.0088,0.0080,+0.0,+0.0000,LONG,RUNNING
="2026-08-07 18:00:56",64631,523853,0,523853,100000,-0.0066,0.0080,+0.0,+0.0000,NONE,RUNNING
="2026-08-07 18:00:57",64631,523853,0,523853,100000,-0.0066,0.0080,+0.0,+0.0000,NONE,RUNNING
="2026-08-07 18:00:58",64631,523853,0,523853,100000,-0.0030,0.0080,+0.0,+0.0000,NONE,RUNNING
="2026-08-07 18:00:59",64631,523853,0,523853,100000,-0.0030,0.0080,+0.0,+0.0000,NONE,RUNNING
="2026-08-07 18:01:00",64631,523853,0,523853,100000,-0.0038,0.0080,+0.0,+0.0000,NONE,RUNNING
="2026-08-07 18:01:01",64631,523853,0,523853,100000,-0.0038,0.0080,+0.0,+0.0000,NONE,RUNNING
="2026-08-07 18:01:02",64631,523853,0,523853,100000,-0.0038,0.0080,+0.0,+0.0000,NONE,RUNNING
="2026-08-07 18:01:03",64631,523853,0,523853,100000,-0.0039,0.0080,+0.0,+0.0000,NONE,RUNNING
="2026-08-07 18:01:04",64631,523853,0,523853,100000,-0.0036,0.0080,+0.0,+0.0000,NONE,RUNNING
="2026-08-07 18:01:05",64631,523853,0,523853,100000,-0.0036,0.0080,+0.0,+0.0000,NONE,RUNNING
="2026-08-07 18:01:06",64631,523853,0,523853,100000,-0.0036,0.0080,+0.0,+0.0000,NONE,RUNNING
="2026-08-07 18:01:07",64631,523853,0,523853,100000,-0.0037,0.0080,+0.0,+0.0000,NONE,RUNNING
="2026-08-07 18:01:08",64631,523853,0,523853,100000,-0.0037,0.0080,+0.0,+0.0000,NONE,RUNNING
="2026-08-07 18:01:09",64631,523853,0,523853,100000,-0.0041,0.0080,+0.0,+0.0000,NONE,RUNNING
="2026-08-07 18:01:10",64631,523853,0,523853,100000,-0.0047,0.0080,+0.0,+0.0000,NONE,RUNNING
="2026-08-07 18:01:11",64631,523853,0,523853,100000,-0.0047,0.0080,+0.0,+0.0000,NONE,RUNNING
="2026-08-07 18:01:12",64631,523853,0,523853,100000,-0.0047,0.0080,+0.0,+0.0000,NONE,RUNNING
="2026-08-07 18:01:13",64631,523853,0,523853,100000,-0.0040,0.0080,+0.0,+0.0000,NONE,RUNNING
="2026-08-07 18:01:14",64631,503853,0,503853,100000,-0.0035,0.0080,+0.0,+0.0000,NONE,RUNNING
="2026-08-07 18:01:15",64631,503853,0,503853,100000,-0.0035,0.0080,+0.0,+0.0000,NONE,RUNNING
="2026-08-07 18:01:16",64631,503853,0,503853,100000,-0.0029,0.0080,+0.0,+0.0000,NONE,RUNNING
="2026-08-07 18:01:17",64631,503853,0,503853,100000,-0.0029,0.0080,+0.0,+0.0000,NONE,RUNNING
="2026-08-07 18:01:18",64631,503853,0,503853,100000,-0.0031,0.0080,+0.0,+0.0000,NONE,RUNNING
="2026-08-07 18:01:19",64636,503853,0,503853,100000,-0.0019,0.0080,+0.0,+0.0000,NONE,RUNNING
="2026-08-07 18:01:20",64636,523571,19717,503853,100000,-0.0019,0.0080,+0.0,+0.0000,NONE,RUNNING
="2026-08-07 18:01:21",64637,523571,19717,503853,100000,-0.0019,0.0080,+0.0,+0.0000,NONE,RUNNING
="2026-08-07 18:01:22",64637,442611,19717,422893,100000,-0.0024,0.0080,+0.0,+0.0000,NONE,RUNNING
="2026-08-07 18:01:23",64637,442611,19717,422893,100000,-0.0023,0.0080,+0.0,+0.0000,NONE,RUNNING
="2026-08-07 18:01:24",64637,248276,19717,228558,100000,-0.0023,0.0080,+0.0,+0.0000,NONE,RUNNING
="2026-08-07 18:01:25",64638,248276,19717,228558,100000,-0.0010,0.0080,+0.0,+0.0000,NONE,RUNNING
="2026-08-07 18:01:26",64638,248276,19717,228558,100000,-0.0010,0.0080,+0.0,+0.0000,NONE,RUNNING
="2026-08-07 18:01:27",64637,248276,19717,228558,100000,-0.0010,0.0080,+0.0,+0.0000,NONE,RUNNING
="2026-08-07 18:01:28",64638,428617,200058,228558,100000,-0.0010,0.0080,+0.0,+0.0000,NONE,RUNNING
="2026-08-07 18:01:29",64638,428617,200058,228558,100000,-0.0021,0.0080,+0.0,+0.0000,NONE,RUNNING
="2026-08-07 18:01:30",64638,428617,200058,228558,100000,-0.0021,0.0080,+0.0,+0.0000,NONE,RUNNING
="2026-08-07 18:01:31",64638,428617,200058,228558,100000,+0.0002,0.0080,+0.0,+0.0000,NONE,RUNNING
="2026-08-07 18:01:32",64638,232388,200058,32329,100000,+0.0002,0.0080,+0.0,+0.0000,NONE,RUNNING
="2026-08-07 18:01:33",64638,232388,200058,32329,100000,-0.0015,0.0080,+0.0,+0.0000,NONE,RUNNING
="2026-08-07 18:01:34",64638,232388,200058,32329,100000,-0.0012,0.0080,+0.0,+0.0000,NONE,RUNNING
="2026-08-07 18:01:35",64638,232388,200058,32329,100000,-0.0012,0.0080,+0.0,+0.0000,NONE,RUNNING
="2026-08-07 18:01:36",64638,447871,200058,247813,100000,-0.0012,0.0080,+0.0,+0.0000,NONE,RUNNING
="2026-08-07 18:01:37",64654,447871,200058,247813,100000,+0.0023,0.0080,+0.0,+0.0000,NONE,RUNNING
="2026-08-07 18:01:38",64654,447871,200058,247813,100000,+0.0023,0.0080,+0.0,+0.0000,NONE,RUNNING
="2026-08-07 18:01:39",64654,447871,200058,247813,100000,+0.0000,0.0080,+0.0,+0.0000,NONE,RUNNING
="2026-08-07 18:01:40",64654,447871,200058,247813,100000,-0.0107,0.0080,+0.0,+0.0000,LONG,RUNNING
="2026-08-07 18:01:41",64655,447871,200058,247813,100000,-0.0107,0.0080,+0.0,+0.0000,LONG,RUNNING
="2026-08-07 18:01:42",64655,447871,200058,247813,100000,-0.0107,0.0080,+0.0,+0.0000,LONG,RUNNING
="2026-08-07 18:01:43",64655,447871,200058,247813,100000,-0.0102,0.0080,+0.0,+0.0000,LONG,RUNNING
="2026-08-07 18:01:44",64654,548848,301034,247813,100000,-0.0102,0.0080,+0.0,+0.0000,SHORT,RUNNING
="2026-08-07 18:01:45",64652,682772,434958,247813,100000,-0.0106,0.0080,+0.0,+0.0000,SHORT,RUNNING
="2026-08-07 18:01:46",64652,682772,434958,247813,100000,-0.0106,0.0080,+0.0,+0.0000,SHORT,RUNNING
="2026-08-07 18:01:47",64652,682772,434958,247813,100000,-0.0101,0.0080,+0.0,+0.0000,SHORT,RUNNING
="2026-08-07 18:01:48",64652,670454,434958,235495,100000,-0.0108,0.0080,+0.0,+0.0000,SHORT,RUNNING
="2026-08-07 18:01:49",64652,670454,434958,235495,100000,-0.0108,0.0080,+0.0,+0.0000,SHORT,RUNNING
="2026-08-07 18:01:50",64652,717388,434958,282429,100000,-0.0078,0.0080,+0.0,+0.0000,NONE,RUNNING
="2026-08-07 18:01:51",64652,717388,434958,282429,100000,-0.0078,0.0080,+0.0,+0.0000,NONE,RUNNING
="2026-08-07 18:01:52",64652,717388,434958,282429,100000,-0.0078,0.0080,+0.0,+0.0000,NONE,RUNNING
="2026-08-07 18:01:53",64652,717388,434958,282429,100000,-0.0099,0.0080,+0.0,+0.0000,SHORT,RUNNING
="2026-08-07 18:01:54",64652,707387,434958,272428,100000,+0.0030,0.0080,+0.0,+0.0000,NONE,RUNNING
="2026-08-07 18:01:55",64652,788600,516171,272428,100000,+0.0030,0.0080,+0.0,+0.0000,NONE,RUNNING
="2026-08-07 18:01:56",64652,788600,516171,272428,100000,+0.0030,0.0080,+0.0,+0.0000,NONE,RUNNING
="2026-08-07 18:01:57",64652,788600,516171,272428,100000,-0.0005,0.0080,+0.0,+0.0000,NONE,RUNNING
="2026-08-07 18:01:58",64652,788600,516171,272428,100000,-0.0005,0.0080,+0.0,+0.0000,NONE,RUNNING
="2026-08-07 18:01:59",64652,788600,516171,272428,100000,-0.0016,0.0080,+0.0,+0.0000,NONE,RUNNING
="2026-08-07 18:02:00",64652,788600,516171,272428,100000,-0.0008,0.0080,+0.0,+0.0000,NONE,RUNNING
="2026-08-07 18:02:01",64652,788600,516171,272428,100000,-0.0008,0.0080,+0.0,+0.0000,NONE,RUNNING
="2026-08-07 18:02:02",64652,788600,516171,272428,100000,+0.0007,0.0080,+0.0,+0.0000,NONE,RUNNING
="2026-08-07 18:02:03",64652,788600,516171,272428,100000,+0.0005,0.0080,+0.0,+0.0000,NONE,RUNNING
="2026-08-07 18:02:04",64652,788600,516171,272428,100000,+0.0005,0.0080,+0.0,+0.0000,NONE,RUNNING
="2026-08-07 18:02:05",64652,788600,516171,272428,100000,+0.0005,0.0080,+0.0,+0.0000,NONE,RUNNING
="2026-08-07 18:02:06",64652,855283,516171,339111,100000,+0.0005,0.0080,+0.0,+0.0000,NONE,RUNNING
="2026-08-07 18:02:07",64655,855283,516171,339111,100000,+0.0005,0.0080,+0.0,+0.0000,NONE,RUNNING
="2026-08-07 18:02:08",64656,855283,516171,339111,100000,+0.0006,0.0080,+0.0,+0.0000,NONE,RUNNING
="2026-08-07 18:02:09",64656,855283,516171,339111,100000,+0.0012,0.0080,+0.0,+0.0000,NONE,RUNNING
="2026-08-07 18:02:10",64656,855283,516171,339111,100000,+0.0012,0.0080,+0.0,+0.0000,NONE,RUNNING
="2026-08-07 18:02:11",64656,855283,516171,339111,100000,+0.0020,0.0080,+0.0,+0.0000,NONE,RUNNING
="2026-08-07 18:02:13",64656,855283,516171,339111,100000,+0.0013,0.0080,+0.0,+0.0000,NONE,RUNNING
="2026-08-07 18:02:14",64656,855283,516171,339111,100000,+0.0013,0.0080,+0.0,+0.0000,NONE,RUNNING
="2026-08-07 18:02:15",64656,855283,516171,339111,100000,+0.0024,0.0080,+0.0,+0.0000,NONE,RUNNING
="2026-08-07 18:02:16",64656,855283,516171,339111,100000,+0.0018,0.0080,+0.0,+0.0000,NONE,RUNNING
="2026-08-07 18:02:17",64655,855283,516171,339111,100000,+0.0012,0.0080,+0.0,+0.0000,NONE,RUNNING
="2026-08-07 18:02:18",64656,855283,516171,339111,100000,+0.0012,0.0080,+0.0,+0.0000,NONE,RUNNING
="2026-08-07 18:02:19",64656,855283,516171,339111,100000,-0.0001,0.0080,+0.0,+0.0000,NONE,RUNNING
="2026-08-07 18:02:20",64655,835565,496453,339111,100000,-0.0001,0.0080,+0.0,+0.0000,NONE,RUNNING
="2026-08-07 18:02:21",64656,835565,496453,339111,100000,-0.0001,0.0080,+0.0,+0.0000,NONE,RUNNING
="2026-08-07 18:02:22",64656,835565,496453,339111,100000,-0.0001,0.0080,+0.0,+0.0000,NONE,RUNNING
="2026-08-07 18:02:23",64656,835565,496453,339111,100000,+0.0000,0.0080,+0.0,+0.0000,NONE,RUNNING
="2026-08-07 18:02:24",64656,835565,496453,339111,100000,+0.0000,0.0080,+0.0,+0.0000,NONE,RUNNING
="2026-08-07 18:02:25",64656,835565,496453,339111,100000,+0.0000,0.0080,+0.0,+0.0000,NONE,RUNNING
="2026-08-07 18:02:26",64655,835565,496453,339111,100000,-0.0013,0.0080,+0.0,+0.0000,NONE,RUNNING
="2026-08-07 18:02:27",64656,835565,496453,339111,100000,-0.0019,0.0080,+0.0,+0.0000,NONE,RUNNING
="2026-08-07 18:02:28",64655,655225,316113,339111,100000,-0.0019,0.0080,+0.0,+0.0000,NONE,RUNNING
="2026-08-07 18:02:29",64655,655225,316113,339111,100000,-0.0019,0.0080,+0.0,+0.0000,NONE,RUNNING
="2026-08-07 18:02:30",64656,655225,316113,339111,100000,-0.0026,0.0080,+0.0,+0.0000,NONE,RUNNING
="2026-08-07 18:02:31",64656,655225,316113,339111,100000,-0.0049,0.0080,+0.0,+0.0000,NONE,RUNNING
="2026-08-07 18:02:32",64656,655225,316113,339111,100000,-0.0049,0.0080,+0.0,+0.0000,NONE,RUNNING
="2026-08-07 18:02:33",64655,655225,316113,339111,100000,-0.0049,0.0080,+0.0,+0.0000,NONE,RUNNING
="2026-08-07 18:02:34",64656,655225,316113,339111,100000,-0.0052,0.0080,+0.0,+0.0000,NONE,RUNNING
="2026-08-07 18:02:35",64655,655225,316113,339111,100000,-0.0052,0.0080,+0.0,+0.0000,NONE,RUNNING
="2026-08-07 18:02:36",64656,655225,316113,339111,100000,-0.0052,0.0080,+0.0,+0.0000,NONE,RUNNING
="2026-08-07 18:02:37",64655,439741,316113,123627,100000,-0.0052,0.0080,+0.0,+0.0000,NONE,RUNNING
="2026-08-07 18:02:38",64655,439741,316113,123627,100000,-0.0087,0.0080,+0.0,+0.0000,SHORT,RUNNING
="2026-08-07 18:02:39",64656,439741,316113,123627,100000,-0.0088,0.0080,+0.0,+0.0000,SHORT,RUNNING
="2026-08-07 18:02:40",64656,439741,316113,123627,100000,+0.0019,0.0080,+0.0,+0.0000,NONE,RUNNING
="2026-08-07 18:02:41",64656,439741,316113,123627,100000,+0.0019,0.0080,+0.0,+0.0000,NONE,RUNNING
="2026-08-07 18:02:42",64656,439741,316113,123627,100000,+0.0007,0.0080,+0.0,+0.0000,NONE,RUNNING
="2026-08-07 18:02:43",64656,439741,316113,123627,100000,+0.0002,0.0080,+0.0,+0.0000,NONE,RUNNING
="2026-08-07 18:02:44",64656,439741,316113,123627,100000,+0.0002,0.0080,+0.0,+0.0000,NONE,RUNNING
="2026-08-07 18:02:45",64656,204840,81213,123627,100000,+0.0002,0.0080,+0.0,+0.0000,NONE,RUNNING
="2026-08-07 18:02:46",64656,204840,81213,123627,100000,+0.0002,0.0080,+0.0,+0.0000,NONE,RUNNING
="2026-08-07 18:02:47",64656,204840,81213,123627,100000,-0.0003,0.0080,+0.0,+0.0000,NONE,RUNNING
="2026-08-07 18:02:48",64656,204840,81213,123627,100000,+0.0005,0.0080,+0.0,+0.0000,NONE,RUNNING
="2026-08-07 18:02:49",64656,204840,81213,123627,100000,-0.0025,0.0080,+0.0,+0.0000,NONE,RUNNING
="2026-08-07 18:02:50",64656,204840,81213,123627,100000,-0.0025,0.0080,+0.0,+0.0000,NONE,RUNNING
="2026-08-07 18:02:51",64656,147895,81213,66682,100000,-0.0035,0.0080,+0.0,+0.0000,NONE,RUNNING
="2026-08-07 18:02:52",64656,147895,81213,66682,100000,-0.0035,0.0080,+0.0,+0.0000,NONE,RUNNING
="2026-08-07 18:02:53",64656,147895,81213,66682,100000,-0.0014,0.0080,+0.0,+0.0000,NONE,RUNNING
="2026-08-07 18:02:54",64656,147895,81213,66682,100000,-0.0002,0.0080,+0.0,+0.0000,NONE,RUNNING
="2026-08-07 18:02:55",64656,66682,0,66682,100000,-0.0002,0.0080,+0.0,+0.0000,NONE,RUNNING
="2026-08-07 18:02:56",64656,66682,0,66682,100000,-0.0002,0.0080,+0.0,+0.0000,NONE,RUNNING
="2026-08-07 18:02:57",64656,66682,0,66682,100000,-0.0002,0.0080,+0.0,+0.0000,NONE,RUNNING
="2026-08-07 18:02:58",64656,85096,0,85096,100000,+0.0010,0.0080,+0.0,+0.0000,NONE,RUNNING
="2026-08-07 18:02:59",64657,85096,0,85096,100000,+0.0021,0.0080,+0.0,+0.0000,NONE,RUNNING
="2026-08-07 18:03:00",64657,85096,0,85096,100000,+0.0021,0.0080,+0.0,+0.0000,NONE,RUNNING
="2026-08-07 18:03:01",64658,85096,0,85096,100000,+0.0005,0.0080,+0.0,+0.0000,NONE,RUNNING
="2026-08-07 18:03:02",64657,85096,0,85096,100000,+0.0005,0.0080,+0.0,+0.0000,NONE,RUNNING
="2026-08-07 18:03:03",64657,85096,0,85096,100000,+0.0007,0.0080,+0.0,+0.0000,NONE,RUNNING
="2026-08-07 18:03:04",64657,85096,0,85096,100000,+0.0007,0.0080,+0.0,+0.0000,NONE,RUNNING
="2026-08-07 18:03:05",64657,85096,0,85096,100000,+0.0007,0.0080,+0.0,+0.0000,NONE,RUNNING
="2026-08-07 18:03:06",64658,18413,0,18413,100000,+0.0007,0.0080,+0.0,+0.0000,NONE,RUNNING
="2026-08-07 18:03:07",64658,18413,0,18413,100000,+0.0006,0.0080,+0.0,+0.0000,NONE,RUNNING
="2026-08-07 18:03:08",64657,18413,0,18413,100000,+0.0006,0.0080,+0.0,+0.0000,NONE,RUNNING
="2026-08-07 18:03:09",64658,18413,0,18413,100000,+0.0006,0.0080,+0.0,+0.0000,NONE,RUNNING
="2026-08-07 18:03:10",64658,44798,0,44798,100000,+0.0010,0.0080,+0.0,+0.0000,NONE,RUNNING
="2026-08-07 18:03:11",64658,44798,0,44798,100000,+0.0001,0.0080,+0.0,+0.0000,NONE,RUNNING
="2026-08-07 18:03:12",64657,44798,0,44798,100000,+0.0008,0.0080,+0.0,+0.0000,NONE,RUNNING
="2026-08-07 18:03:13",64657,44798,0,44798,100000,+0.0008,0.0080,+0.0,+0.0000,NONE,RUNNING
="2026-08-07 18:03:14",64657,44798,0,44798,100000,-0.0002,0.0080,+0.0,+0.0000,NONE,RUNNING
="2026-08-07 18:03:15",64658,73173,28374,44798,100000,+0.0002,0.0080,+0.0,+0.0000,NONE,RUNNING
="2026-08-07 18:03:16",64657,73173,28374,44798,100000,+0.0002,0.0080,+0.0,+0.0000,NONE,RUNNING
="2026-08-07 18:03:17",64657,73173,28374,44798,100000,+0.0008,0.0080,+0.0,+0.0000,NONE,RUNNING
="2026-08-07 18:03:18",64657,73173,28374,44798,100000,+0.0008,0.0080,+0.0,+0.0000,NONE,RUNNING
="2026-08-07 18:03:19",64657,73173,28374,44798,100000,+0.0008,0.0080,+0.0,+0.0000,NONE,RUNNING
="2026-08-07 18:03:20",64657,73173,28374,44798,100000,+0.0008,0.0080,+0.0,+0.0000,NONE,RUNNING
="2026-08-07 18:03:21",64658,73173,28374,44798,100000,+0.0008,0.0080,+0.0,+0.0000,NONE,RUNNING
="2026-08-07 18:03:22",64657,73173,28374,44798,100000,+0.0008,0.0080,+0.0,+0.0000,NONE,RUNNING
="2026-08-07 18:03:23",64657,73173,28374,44798,100000,+0.0013,0.0080,+0.0,+0.0000,NONE,RUNNING
="2026-08-07 18:03:24",64659,73173,28374,44798,100000,+0.0013,0.0080,+0.0,+0.0000,NONE,RUNNING
="2026-08-07 18:03:25",64659,73173,28374,44798,100000,+0.0020,0.0080,+0.0,+0.0000,NONE,RUNNING
="2026-08-07 18:03:26",64659,73173,28374,44798,100000,+0.0025,0.0080,+0.0,+0.0000,NONE,RUNNING
="2026-08-07 18:03:27",64659,73173,28374,44798,100000,+0.0061,0.0080,+0.0,+0.0000,NONE,RUNNING
="2026-08-07 18:03:28",64659,73173,28374,44798,100000,+0.0061,0.0080,+0.0,+0.0000,NONE,RUNNING
="2026-08-07 18:03:29",64659,73173,28374,44798,100000,+0.0068,0.0080,+0.0,+0.0000,NONE,RUNNING
="2026-08-07 18:03:30",64659,73173,28374,44798,100000,+0.0068,0.0080,+0.0,+0.0000,NONE,RUNNING
="2026-08-07 18:03:31",64659,73173,28374,44798,100000,+0.0067,0.0080,+0.0,+0.0000,NONE,RUNNING
="2026-08-07 18:03:32",64659,73173,28374,44798,100000,+0.0066,0.0080,+0.0,+0.0000,NONE,RUNNING
="2026-08-07 18:03:33",64659,73173,28374,44798,100000,+0.0071,0.0080,+0.0,+0.0000,NONE,RUNNING
="2026-08-07 18:03:34",64659,111813,67014,44798,100000,+0.0071,0.0080,+0.0,+0.0000,NONE,RUNNING
="2026-08-07 18:03:35",64659,111813,67014,44798,100000,+0.0071,0.0080,+0.0,+0.0000,NONE,RUNNING
="2026-08-07 18:03:36",64659,111813,67014,44798,100000,+0.0071,0.0080,+0.0,+0.0000,NONE,RUNNING
="2026-08-07 18:03:37",64659,111813,67014,44798,100000,+0.0120,0.0080,+0.0,+0.0000,SHORT,RUNNING
="2026-08-07 18:03:38",64659,111813,67014,44798,100000,+0.0120,0.0080,+0.0,+0.0000,SHORT,RUNNING
="2026-08-07 18:03:39",64659,111813,67014,44798,100000,+0.0120,0.0080,+0.0,+0.0000,SHORT,RUNNING
="2026-08-07 18:03:40",64659,111813,67014,44798,100000,+0.0120,0.0080,+0.0,+0.0000,SHORT,RUNNING
="2026-08-07 18:03:41",64659,111813,67014,44798,100000,+0.0132,0.0080,+0.0,+0.0000,SHORT,RUNNING
="2026-08-07 18:03:42",64659,138200,67014,71185,100000,+0.0132,0.0080,+0.0,+0.0000,LONG,RUNNING
="2026-08-07 18:03:43",64659,138200,67014,71185,100000,+0.0121,0.0080,+0.0,+0.0000,LONG,RUNNING
="2026-08-07 18:03:44",64659,138200,67014,71185,100000,+0.0121,0.0080,+0.0,+0.0000,LONG,RUNNING
="2026-08-07 18:03:45",64659,138200,67014,71185,100000,+0.0121,0.0080,+0.0,+0.0000,LONG,RUNNING
="2026-08-07 18:03:46",64659,138200,67014,71185,100000,+0.0126,0.0080,+0.0,+0.0000,LONG,RUNNING
="2026-08-07 18:03:47",64659,138200,67014,71185,100000,+0.0126,0.0080,+0.0,+0.0000,LONG,RUNNING
="2026-08-07 18:03:48",64659,138200,67014,71185,100000,+0.0109,0.0080,+0.0,+0.0000,LONG,RUNNING
="2026-08-07 18:03:49",64659,138200,67014,71185,100000,+0.0109,0.0080,+0.0,+0.0000,LONG,RUNNING
="2026-08-07 18:03:50",64659,138200,67014,71185,100000,+0.0119,0.0080,+0.0,+0.0000,LONG,RUNNING
="2026-08-07 18:03:51",64659,165665,67014,98651,100000,+0.0119,0.0080,+0.0,+0.0000,LONG,RUNNING
="2026-08-07 18:03:52",64665,165665,67014,98651,100000,+0.0115,0.0080,+0.0,+0.0000,LONG,RUNNING
="2026-08-07 18:03:54",64665,289053,67014,222038,100000,+0.0103,0.0080,+0.0,+0.0000,LONG,RUNNING
="2026-08-07 18:03:55",64689,289053,67014,222038,100000,+0.0103,0.0080,+0.0,+0.0000,LONG,RUNNING
="2026-08-07 18:03:56",64689,289053,67014,222038,100000,+0.0150,0.0080,+0.0,+0.0000,LONG,RUNNING
="2026-08-07 18:03:57",64689,289053,67014,222038,100000,+0.0150,0.0080,+0.0,+0.0000,LONG,RUNNING
="2026-08-07 18:03:58",64688,289053,67014,222038,100000,+0.0139,0.0080,+0.0,+0.0000,LONG,RUNNING
="2026-08-07 18:03:59",64689,270639,67014,203624,100000,+0.0974,0.0080,+0.0,+0.0000,LONG,RUNNING
="2026-08-07 18:04:00",64689,270639,67014,203624,100000,+0.0974,0.0080,+0.0,+0.0000,LONG,RUNNING
="2026-08-07 18:04:01",64689,270639,67014,203624,100000,+0.0974,0.0080,+0.0,+0.0000,LONG,RUNNING
="2026-08-07 18:04:02",64688,270639,67014,203624,100000,+0.0974,0.0080,+0.0,+0.0000,LONG,RUNNING
="2026-08-07 18:04:03",64688,270639,67014,203624,100000,+0.0972,0.0080,+0.0,+0.0000,LONG,RUNNING
="2026-08-07 18:04:04",64689,270639,67014,203624,100000,+0.0972,0.0080,+0.0,+0.0000,LONG,RUNNING
="2026-08-07 18:04:05",64689,270639,67014,203624,100000,+0.0971,0.0080,+0.0,+0.0000,LONG,RUNNING
="2026-08-07 18:04:06",64688,270639,67014,203624,100000,+0.0971,0.0080,+0.0,+0.0000,LONG,RUNNING
="2026-08-07 18:04:07",64688,270639,67014,203624,100000,+0.0971,0.0080,+0.0,+0.0000,LONG,RUNNING
="2026-08-07 18:04:08",64689,270639,67014,203624,100000,+0.0962,0.0080,+0.0,+0.0000,LONG,RUNNING
="2026-08-07 18:04:09",64689,270639,67014,203624,100000,+0.0958,0.0080,+0.0,+0.0000,LONG,RUNNING
="2026-08-07 18:04:10",64688,244254,67014,177239,100000,+0.0958,0.0080,+0.0,+0.0000,LONG,RUNNING
="2026-08-07 18:04:11",64689,244254,67014,177239,100000,+0.0958,0.0080,+0.0,+0.0000,LONG,RUNNING
="2026-08-07 18:04:12",64688,244254,67014,177239,100000,+0.0951,0.0080,+0.0,+0.0000,LONG,RUNNING
="2026-08-07 18:04:13",64689,244254,67014,177239,100000,+0.0951,0.0080,+0.0,+0.0000,LONG,RUNNING
="2026-08-07 18:04:14",64688,244254,67014,177239,100000,+0.0952,0.0080,+0.0,+0.0000,LONG,RUNNING
="2026-08-07 18:04:15",64688,244254,67014,177239,100000,+0.0952,0.0080,+0.0,+0.0000,LONG,RUNNING
="2026-08-07 18:04:16",64688,215880,38640,177239,100000,+0.0948,0.0080,+0.0,+0.0000,LONG,RUNNING
="2026-08-07 18:04:17",64689,215880,38640,177239,100000,+0.0970,0.0080,+0.0,+0.0000,LONG,RUNNING
="2026-08-07 18:04:18",64688,215880,38640,177239,100000,+0.0970,0.0080,+0.0,+0.0000,LONG,RUNNING
="2026-08-07 18:04:19",64689,215880,38640,177239,100000,+0.0971,0.0080,+0.0,+0.0000,LONG,RUNNING
="2026-08-07 18:04:20",64689,215880,38640,177239,100000,+0.0971,0.0080,+0.0,+0.0000,LONG,RUNNING
="2026-08-07 18:04:21",64689,215880,38640,177239,100000,+0.0971,0.0080,+0.0,+0.0000,LONG,RUNNING
="2026-08-07 18:04:22",64689,215880,38640,177239,100000,+0.0970,0.0080,+0.0,+0.0000,LONG,RUNNING
="2026-08-07 18:04:23",64689,215880,38640,177239,100000,+0.0966,0.0080,+0.0,+0.0000,LONG,RUNNING
="2026-08-07 18:04:24",64688,215880,38640,177239,100000,+0.0966,0.0080,+0.0,+0.0000,LONG,RUNNING
="2026-08-07 18:04:25",64688,215880,38640,177239,100000,+0.0959,0.0080,+0.0,+0.0000,LONG,RUNNING
="2026-08-07 18:04:26",64688,215880,38640,177239,100000,+0.0959,0.0080,+0.0,+0.0000,LONG,RUNNING
="2026-08-07 18:04:27",64689,215880,38640,177239,100000,+0.0959,0.0080,+0.0,+0.0000,LONG,RUNNING
="2026-08-07 18:04:28",64688,215880,38640,177239,100000,+0.0924,0.0080,+0.0,+0.0000,LONG,RUNNING
="2026-08-07 18:04:29",64688,215880,38640,177239,100000,+0.0924,0.0080,+0.0,+0.0000,LONG,RUNNING
="2026-08-07 18:04:30",64688,215880,38640,177239,100000,+0.0923,0.0080,+0.0,+0.0000,LONG,RUNNING
="2026-08-07 18:04:31",64689,215880,38640,177239,100000,+0.0925,0.0080,+0.0,+0.0000,LONG,RUNNING
="2026-08-07 18:04:32",64688,215880,38640,177239,100000,+0.0925,0.0080,+0.0,+0.0000,LONG,RUNNING
="2026-08-07 18:04:33",64689,215880,38640,177239,100000,+0.0926,0.0080,+0.0,+0.0000,LONG,RUNNING
="2026-08-07 18:04:34",64688,215880,38640,177239,100000,+0.0922,0.0080,+0.0,+0.0000,LONG,RUNNING
="2026-08-07 18:04:35",64688,177239,0,177239,100000,+0.0922,0.0080,+0.0,+0.0000,LONG,RUNNING
="2026-08-07 18:04:36",64689,177239,0,177239,100000,+0.0839,0.0080,+0.0,+0.0000,LONG,RUNNING
="2026-08-07 18:04:37",64689,177239,0,177239,100000,+0.0789,0.0080,+0.0,+0.0000,LONG,RUNNING
="2026-08-07 18:04:38",64689,177239,0,177239,100000,+0.0789,0.0080,+0.0,+0.0000,LONG,RUNNING
="2026-08-07 18:04:39",64688,177239,0,177239,100000,+0.0789,0.0080,+0.0,+0.0000,LONG,RUNNING
="2026-08-07 18:04:40",64688,177239,0,177239,100000,+0.0790,0.0080,+0.0,+0.0000,LONG,RUNNING
="2026-08-07 18:04:41",64689,177239,0,177239,100000,+0.0790,0.0080,+0.0,+0.0000,LONG,RUNNING
="2026-08-07 18:04:42",64689,150853,0,150853,100000,+0.0764,0.0080,+0.0,+0.0000,LONG,RUNNING
="2026-08-07 18:04:43",64688,150853,0,150853,100000,+0.0774,0.0080,+0.0,+0.0000,LONG,RUNNING
="2026-08-07 18:04:44",64688,150853,0,150853,100000,+0.0774,0.0080,+0.0,+0.0000,LONG,RUNNING
="2026-08-07 18:04:45",64688,150853,0,150853,100000,+0.0774,0.0080,+0.0,+0.0000,LONG,RUNNING
="2026-08-07 18:04:46",64688,150853,0,150853,100000,+0.0769,0.0080,+0.0,+0.0000,LONG,RUNNING
="2026-08-07 18:04:47",64689,150853,0,150853,100000,+0.0769,0.0080,+0.0,+0.0000,LONG,RUNNING
="2026-08-07 18:04:48",64688,150853,0,150853,100000,+0.0763,0.0080,+0.0,+0.0000,LONG,RUNNING
="2026-08-07 18:04:49",64689,150853,0,150853,100000,+0.0773,0.0080,+0.0,+0.0000,LONG,RUNNING
="2026-08-07 18:04:50",64688,150853,0,150853,100000,+0.0773,0.0080,+0.0,+0.0000,LONG,RUNNING
="2026-08-07 18:04:51",64688,123387,0,123387,100000,+0.0772,0.0080,+0.0,+0.0000,LONG,RUNNING
="2026-08-07 18:04:52",64689,123387,0,123387,100000,+0.0772,0.0080,+0.0,+0.0000,LONG,RUNNING
="2026-08-07 18:04:53",64688,123387,0,123387,100000,+0.0776,0.0080,+0.0,+0.0000,LONG,RUNNING
="2026-08-07 18:04:54",64688,0,0,0,100000,+0.0776,0.0080,+0.0,+0.0000,NONE,RUNNING
="2026-08-07 18:04:55",64688,0,0,0,100000,+0.0728,0.0080,+0.0,+0.0000,NONE,RUNNING
="2026-08-07 18:04:56",64688,0,0,0,100000,+0.0728,0.0080,+0.0,+0.0000,NONE,RUNNING
="2026-08-07 18:04:57",64689,0,0,0,100000,+0.0749,0.0080,+0.0,+0.0000,NONE,RUNNING
="2026-08-07 18:04:58",64689,0,0,0,100000,-0.0085,0.0080,+0.0,+0.0000,NONE,RUNNING
="2026-08-07 18:04:59",64689,0,0,0,100000,-0.0085,0.0080,+0.0,+0.0000,NONE,RUNNING
="2026-08-07 18:05:00",64688,0,0,0,100000,-0.0085,0.0080,+0.0,+0.0000,NONE,RUNNING
="2026-08-07 18:05:01",64688,215392,215392,0,100000,-0.0086,0.0080,+0.0,+0.0000,SHORT,RUNNING
="2026-08-07 18:05:02",64687,350440,350440,0,100000,-0.0086,0.0080,+0.0,+0.0000,SHORT,RUNNING
="2026-08-07 18:05:03",64682,350440,350440,0,100000,-0.0084,0.0080,+0.0,+0.0000,SHORT,RUNNING
="2026-08-07 18:05:04",64682,396237,363896,32341,100000,-0.0082,0.0080,+0.0,+0.0000,SHORT,RUNNING
="2026-08-07 18:05:05",64682,396237,363896,32341,100000,-0.0082,0.0080,+0.0,+0.0000,SHORT,RUNNING
="2026-08-07 18:05:06",64682,396237,363896,32341,100000,-0.0140,0.0080,+0.0,+0.0000,SHORT,RUNNING
="2026-08-07 18:05:07",64682,396237,363896,32341,100000,-0.0140,0.0080,+0.0,+0.0000,SHORT,RUNNING
="2026-08-07 18:05:08",64682,396237,363896,32341,100000,-0.0131,0.0080,+0.0,+0.0000,SHORT,RUNNING
="2026-08-07 18:05:09",64682,396237,363896,32341,100000,-0.0131,0.0080,+0.0,+0.0000,SHORT,RUNNING
="2026-08-07 18:05:10",64682,396237,363896,32341,100000,-0.0131,0.0080,+0.0,+0.0000,SHORT,RUNNING
="2026-08-07 18:05:11",64682,396237,363896,32341,100000,-0.0131,0.0080,+0.0,+0.0000,SHORT,RUNNING
="2026-08-07 18:05:12",64682,396237,363896,32341,100000,-0.0149,0.0080,+0.0,+0.0000,SHORT,RUNNING
="2026-08-07 18:05:13",64682,396237,363896,32341,100000,-0.0151,0.0080,+0.0,+0.0000,SHORT,RUNNING
="2026-08-07 18:05:14",64682,396237,363896,32341,100000,-0.0151,0.0080,+0.0,+0.0000,SHORT,RUNNING
="2026-08-07 18:05:15",64682,408313,375972,32341,100000,-0.0152,0.0080,+0.0,+0.0000,SHORT,RUNNING
="2026-08-07 18:05:16",64682,408313,375972,32341,100000,-0.0174,0.0080,+0.0,+0.0000,SHORT,RUNNING
="2026-08-07 18:05:17",64682,408313,375972,32341,100000,-0.0174,0.0080,+0.0,+0.0000,SHORT,RUNNING
="2026-08-07 18:05:18",64682,408313,375972,32341,100000,-0.0174,0.0080,+0.0,+0.0000,SHORT,RUNNING
="2026-08-07 18:05:19",64682,408313,375972,32341,100000,-0.0184,0.0080,+0.0,+0.0000,SHORT,RUNNING
="2026-08-07 18:05:20",64682,408313,375972,32341,100000,-0.0184,0.0080,+0.0,+0.0000,SHORT,RUNNING
="2026-08-07 18:05:21",64682,408313,375972,32341,100000,-0.0184,0.0080,+0.0,+0.0000,SHORT,RUNNING
="2026-08-07 18:05:22",64682,408313,375972,32341,100000,-0.0178,0.0080,+0.0,+0.0000,SHORT,RUNNING
="2026-08-07 18:05:23",64682,408313,375972,32341,100000,-0.0178,0.0080,+0.0,+0.0000,SHORT,RUNNING
="2026-08-07 18:05:24",64682,408313,375972,32341,100000,-0.0178,0.0080,+0.0,+0.0000,SHORT,RUNNING
="2026-08-07 18:05:25",64682,408313,375972,32341,100000,-0.0182,0.0080,+0.0,+0.0000,SHORT,RUNNING
="2026-08-07 18:05:26",64682,408313,375972,32341,100000,-0.0182,0.0080,+0.0,+0.0000,SHORT,RUNNING
="2026-08-07 18:05:27",64682,408313,375972,32341,100000,-0.0182,0.0080,+0.0,+0.0000,SHORT,RUNNING
="2026-08-07 18:05:28",64682,408313,375972,32341,100000,-0.0176,0.0080,+0.0,+0.0000,SHORT,RUNNING
="2026-08-07 18:05:30",64682,408313,375972,32341,100000,-0.0176,0.0080,+0.0,+0.0000,SHORT,RUNNING
="2026-08-07 18:05:31",64682,408313,375972,32341,100000,-0.0176,0.0080,+0.0,+0.0000,SHORT,RUNNING
="2026-08-07 18:05:32",64682,408313,375972,32341,100000,-0.0174,0.0080,+0.0,+0.0000,SHORT,RUNNING
="2026-08-07 18:05:33",64682,408313,375972,32341,100000,-0.0176,0.0080,+0.0,+0.0000,SHORT,RUNNING
="2026-08-07 18:05:34",64682,408313,375972,32341,100000,-0.0178,0.0080,+0.0,+0.0000,SHORT,RUNNING
="2026-08-07 18:05:35",64682,408313,375972,32341,100000,-0.0178,0.0080,+0.0,+0.0000,SHORT,RUNNING
="2026-08-07 18:05:36",64682,408313,375972,32341,100000,-0.0095,0.0080,+0.0,+0.0000,SHORT,RUNNING
="2026-08-07 18:05:37",64682,408313,375972,32341,100000,-0.0095,0.0080,+0.0,+0.0000,SHORT,RUNNING
="2026-08-07 18:05:38",64682,408313,375972,32341,100000,-0.0099,0.0080,+0.0,+0.0000,SHORT,RUNNING
="2026-08-07 18:05:39",64682,408313,375972,32341,100000,-0.0099,0.0080,+0.0,+0.0000,SHORT,RUNNING
="2026-08-07 18:05:40",64682,408313,375972,32341,100000,-0.0096,0.0080,+0.0,+0.0000,SHORT,RUNNING
="2026-08-07 18:05:41",64682,408313,375972,32341,100000,-0.0096,0.0080,+0.0,+0.0000,SHORT,RUNNING
="2026-08-07 18:05:42",64682,408313,375972,32341,100000,-0.0070,0.0080,+0.0,+0.0000,NONE,RUNNING
="2026-08-07 18:05:43",64682,408313,375972,32341,100000,-0.0070,0.0080,+0.0,+0.0000,NONE,RUNNING
="2026-08-07 18:05:44",64682,408313,375972,32341,100000,-0.0069,0.0080,+0.0,+0.0000,NONE,RUNNING
="2026-08-07 18:05:45",64682,408313,375972,32341,100000,-0.0069,0.0080,+0.0,+0.0000,NONE,RUNNING
="2026-08-07 18:05:46",64682,463035,430694,32341,100000,-0.0069,0.0080,+0.0,+0.0000,NONE,RUNNING
="2026-08-07 18:05:47",64682,463035,430694,32341,100000,-0.0069,0.0080,+0.0,+0.0000,NONE,RUNNING
="2026-08-07 18:05:48",64682,463035,430694,32341,100000,-0.0062,0.0080,+0.0,+0.0000,NONE,RUNNING
="2026-08-07 18:05:49",64682,463035,430694,32341,100000,-0.0062,0.0080,+0.0,+0.0000,NONE,RUNNING
="2026-08-07 18:05:50",64682,463035,430694,32341,100000,-0.0057,0.0080,+0.0,+0.0000,NONE,RUNNING
="2026-08-07 18:05:51",64682,463035,430694,32341,100000,-0.0056,0.0080,+0.0,+0.0000,NONE,RUNNING
="2026-08-07 18:05:52",64682,463035,430694,32341,100000,-0.0056,0.0080,+0.0,+0.0000,NONE,RUNNING
="2026-08-07 18:05:53",64682,463035,430694,32341,100000,-0.0056,0.0080,+0.0,+0.0000,NONE,RUNNING
="2026-08-07 18:05:54",64682,463035,430694,32341,100000,-0.0056,0.0080,+0.0,+0.0000,NONE,RUNNING
="2026-08-07 18:05:55",64682,463035,430694,32341,100000,-0.0056,0.0080,+0.0,+0.0000,NONE,RUNNING
="2026-08-07 18:05:56",64682,463035,430694,32341,100000,-0.0056,0.0080,+0.0,+0.0000,NONE,RUNNING
="2026-08-07 18:05:57",64682,463035,430694,32341,100000,-0.0099,0.0080,+0.0,+0.0000,SHORT,RUNNING
="2026-08-07 18:05:58",64682,463035,430694,32341,100000,-0.0099,0.0080,+0.0,+0.0000,SHORT,RUNNING
="2026-08-07 18:05:59",64682,463035,430694,32341,100000,-0.0090,0.0080,+0.0,+0.0000,SHORT,RUNNING
="2026-08-07 18:06:00",64682,463035,430694,32341,100000,-0.0090,0.0080,+0.0,+0.0000,SHORT,RUNNING
="2026-08-07 18:06:01",64682,463035,430694,32341,100000,-0.0090,0.0080,+0.0,+0.0000,SHORT,RUNNING
="2026-08-07 18:06:02",64682,112595,80254,32341,100000,-0.0090,0.0080,+0.0,+0.0000,SHORT,RUNNING
="2026-08-07 18:06:03",64682,112595,80254,32341,100000,-0.0090,0.0080,+0.0,+0.0000,SHORT,RUNNING
="2026-08-07 18:06:04",64682,99138,66797,32341,100000,-0.0092,0.0080,+0.0,+0.0000,NONE,RUNNING
="2026-08-07 18:06:05",64682,66797,66797,0,100000,-0.0094,0.0080,+0.0,+0.0000,NONE,RUNNING
="2026-08-07 18:06:06",64682,66797,66797,0,100000,-0.0094,0.0080,+0.0,+0.0000,NONE,RUNNING
="2026-08-07 18:06:07",64682,66797,66797,0,100000,-0.0036,0.0080,+0.0,+0.0000,NONE,RUNNING
="2026-08-07 18:06:08",64682,66797,66797,0,100000,-0.0035,0.0080,+0.0,+0.0000,NONE,RUNNING
="2026-08-07 18:06:09",64682,66797,66797,0,100000,-0.0035,0.0080,+0.0,+0.0000,NONE,RUNNING
="2026-08-07 18:06:10",64682,66797,66797,0,100000,-0.0035,0.0080,+0.0,+0.0000,NONE,RUNNING
="2026-08-07 18:06:11",64682,66797,66797,0,100000,-0.0038,0.0080,+0.0,+0.0000,NONE,RUNNING
="2026-08-07 18:06:12",64682,66797,66797,0,100000,-0.0038,0.0080,+0.0,+0.0000,NONE,RUNNING
="2026-08-07 18:06:13",64682,66797,66797,0,100000,-0.0020,0.0080,+0.0,+0.0000,NONE,RUNNING
="2026-08-07 18:06:14",64682,103614,66797,36816,100000,-0.0020,0.0080,+0.0,+0.0000,NONE,RUNNING
="2026-08-07 18:06:15",64687,91537,54721,36816,100000,-0.0018,0.0080,+0.0,+0.0000,NONE,RUNNING
="2026-08-07 18:06:16",64687,91537,54721,36816,100000,-0.0018,0.0080,+0.0,+0.0000,NONE,RUNNING
="2026-08-07 18:06:17",64687,91537,54721,36816,100000,-0.0018,0.0080,+0.0,+0.0000,NONE,RUNNING
="2026-08-07 18:06:18",64687,91537,54721,36816,100000,-0.0018,0.0080,+0.0,+0.0000,NONE,RUNNING
="2026-08-07 18:06:19",64687,91537,54721,36816,100000,-0.0008,0.0080,+0.0,+0.0000,NONE,RUNNING
="2026-08-07 18:06:20",64687,91537,54721,36816,100000,-0.0012,0.0080,+0.0,+0.0000,NONE,RUNNING
="2026-08-07 18:06:21",64687,91537,54721,36816,100000,-0.0014,0.0080,+0.0,+0.0000,NONE,RUNNING
="2026-08-07 18:06:22",64688,91537,54721,36816,100000,-0.0014,0.0080,+0.0,+0.0000,NONE,RUNNING
="2026-08-07 18:06:23",64688,91537,54721,36816,100000,-0.0013,0.0080,+0.0,+0.0000,NONE,RUNNING
="2026-08-07 18:06:24",64688,91537,54721,36816,100000,-0.0013,0.0080,+0.0,+0.0000,NONE,RUNNING
="2026-08-07 18:06:25",64687,91537,54721,36816,100000,-0.0008,0.0080,+0.0,+0.0000,NONE,RUNNING
="2026-08-07 18:06:26",64687,91537,54721,36816,100000,+0.0005,0.0080,+0.0,+0.0000,NONE,RUNNING
="2026-08-07 18:06:27",64687,91537,54721,36816,100000,+0.0005,0.0080,+0.0,+0.0000,NONE,RUNNING
="2026-08-07 18:06:28",64688,91537,54721,36816,100000,-0.0002,0.0080,+0.0,+0.0000,NONE,RUNNING
="2026-08-07 18:06:29",64688,91537,54721,36816,100000,-0.0001,0.0080,+0.0,+0.0000,NONE,RUNNING
="2026-08-07 18:06:30",64687,91537,54721,36816,100000,-0.0001,0.0080,+0.0,+0.0000,NONE,RUNNING
="2026-08-07 18:06:31",64688,91537,54721,36816,100000,-0.0002,0.0080,+0.0,+0.0000,NONE,RUNNING
="2026-08-07 18:06:32",64688,91537,54721,36816,100000,-0.0002,0.0080,+0.0,+0.0000,NONE,RUNNING
="2026-08-07 18:06:33",64688,91537,54721,36816,100000,-0.0004,0.0080,+0.0,+0.0000,NONE,RUNNING
="2026-08-07 18:06:34",64687,91537,54721,36816,100000,-0.0001,0.0080,+0.0,+0.0000,NONE,RUNNING
="2026-08-07 18:06:35",64687,91537,54721,36816,100000,-0.0006,0.0080,+0.0,+0.0000,NONE,RUNNING
="2026-08-07 18:06:36",64688,91537,54721,36816,100000,-0.0006,0.0080,+0.0,+0.0000,NONE,RUNNING
="2026-08-07 18:06:37",64689,91537,54721,36816,100000,-0.0002,0.0080,+0.0,+0.0000,NONE,RUNNING
="2026-08-07 18:06:38",64689,91537,54721,36816,100000,-0.0002,0.0080,+0.0,+0.0000,NONE,RUNNING
="2026-08-07 18:06:39",64689,91537,54721,36816,100000,-0.0002,0.0080,+0.0,+0.0000,NONE,RUNNING
="2026-08-07 18:06:40",64688,91537,54721,36816,100000,-0.0005,0.0080,+0.0,+0.0000,NONE,RUNNING
="2026-08-07 18:06:41",64688,91537,54721,36816,100000,-0.0007,0.0080,+0.0,+0.0000,NONE,RUNNING
="2026-08-07 18:06:42",64689,91537,54721,36816,100000,-0.0007,0.0080,+0.0,+0.0000,NONE,RUNNING
="2026-08-07 18:06:43",64689,91537,54721,36816,100000,-0.0007,0.0080,+0.0,+0.0000,NONE,RUNNING
="2026-08-07 18:06:44",64689,91537,54721,36816,100000,-0.0015,0.0080,+0.0,+0.0000,NONE,RUNNING
="2026-08-07 18:06:45",64688,36816,0,36816,100000,-0.0015,0.0080,+0.0,+0.0000,NONE,RUNNING
="2026-08-07 18:06:46",64689,36816,0,36816,100000,-0.0016,0.0080,+0.0,+0.0000,NONE,RUNNING
="2026-08-07 18:06:47",64689,36816,0,36816,100000,-0.0016,0.0080,+0.0,+0.0000,NONE,RUNNING
="2026-08-07 18:06:48",64689,86817,0,86817,100000,-0.0016,0.0080,+0.0,+0.0000,NONE,RUNNING
="2026-08-07 18:06:49",64689,86817,0,86817,100000,-0.0022,0.0080,+0.0,+0.0000,NONE,RUNNING
="2026-08-07 18:06:50",64690,98128,11311,86817,100000,-0.0022,0.0080,+0.0,+0.0000,NONE,RUNNING
="2026-08-07 18:06:51",64689,98128,11311,86817,100000,-0.0020,0.0080,+0.0,+0.0000,NONE,RUNNING
="2026-08-07 18:06:52",64689,98128,11311,86817,100000,-0.0020,0.0080,+0.0,+0.0000,NONE,RUNNING
="2026-08-07 18:06:53",64690,98128,11311,86817,100000,-0.0020,0.0080,+0.0,+0.0000,NONE,RUNNING
="2026-08-07 18:06:54",64690,98128,11311,86817,100000,-0.0019,0.0080,+0.0,+0.0000,NONE,RUNNING
="2026-08-07 18:06:55",64689,98128,11311,86817,100000,+0.0002,0.0080,+0.0,+0.0000,NONE,RUNNING
="2026-08-07 18:06:56",64690,98128,11311,86817,100000,+0.0002,0.0080,+0.0,+0.0000,NONE,RUNNING
="2026-08-07 18:06:57",64689,98128,11311,86817,100000,-0.0001,0.0080,+0.0,+0.0000,NONE,RUNNING
="2026-08-07 18:06:59",64690,98128,11311,86817,100000,-0.0011,0.0080,+0.0,+0.0000,NONE,RUNNING
="2026-08-07 18:07:00",64690,98128,11311,86817,100000,-0.0011,0.0080,+0.0,+0.0000,NONE,RUNNING
="2026-08-07 18:07:01",64688,247932,161114,86817,100000,+0.0012,0.0080,+0.0,+0.0000,NONE,RUNNING
="2026-08-07 18:07:02",64688,247932,161114,86817,100000,+0.0012,0.0080,+0.0,+0.0000,NONE,RUNNING
="2026-08-07 18:07:03",64689,247932,161114,86817,100000,+0.0012,0.0080,+0.0,+0.0000,NONE,RUNNING
="2026-08-07 18:07:04",64687,358082,271265,86817,100000,+0.0011,0.0080,+0.0,+0.0000,NONE,RUNNING
="2026-08-07 18:07:05",64686,372018,285201,86817,100000,+0.0011,0.0080,+0.0,+0.0000,NONE,RUNNING
="2026-08-07 18:07:06",64685,372018,285201,86817,100000,+0.0013,0.0080,+0.0,+0.0000,NONE,RUNNING
="2026-08-07 18:07:15",64668,476110,426109,50000,100000,+0.0060,0.0080,+0.0,+0.0000,NONE,RUNNING
="2026-08-07 18:07:16",64668,476110,426109,50000,100000,+0.0060,0.0080,+0.0,+0.0000,NONE,RUNNING
="2026-08-07 18:07:17",64668,476110,426109,50000,100000,+0.0060,0.0080,+0.0,+0.0000,NONE,RUNNING
="2026-08-07 18:07:18",64668,476110,426109,50000,100000,+0.0060,0.0080,+0.0,+0.0000,NONE,RUNNING
="2026-08-07 18:07:19",64668,476110,426109,50000,100000,+0.0061,0.0080,+0.0,+0.0000,NONE,RUNNING
="2026-08-07 18:07:20",64668,476110,426109,50000,100000,+0.0061,0.0080,+0.0,+0.0000,NONE,RUNNING
="2026-08-07 18:07:21",64667,476110,426109,50000,100000,+0.0065,0.0080,+0.0,+0.0000,NONE,RUNNING
="2026-08-07 18:07:22",64667,476110,426109,50000,100000,+0.0044,0.0080,+0.0,+0.0000,NONE,RUNNING
="2026-08-07 18:07:23",64667,476110,426109,50000,100000,+0.0044,0.0080,+0.0,+0.0000,NONE,RUNNING
="2026-08-07 18:07:24",64667,476110,426109,50000,100000,+0.0043,0.0080,+0.0,+0.0000,NONE,RUNNING
="2026-08-07 18:07:25",64667,476110,426109,50000,100000,+0.0043,0.0080,+0.0,+0.0000,NONE,RUNNING
="2026-08-07 18:07:26",64676,476110,426109,50000,100000,+0.0043,0.0080,+0.0,+0.0000,NONE,RUNNING
="2026-08-07 18:07:27",64678,476110,426109,50000,100000,+0.0030,0.0080,+0.0,+0.0000,NONE,RUNNING
="2026-08-07 18:07:28",64679,476110,426109,50000,100000,+0.0212,0.0080,+0.0,+0.0000,SHORT,RUNNING
="2026-08-07 18:07:29",64679,476110,426109,50000,100000,+0.0212,0.0080,+0.0,+0.0000,SHORT,RUNNING
="2026-08-07 18:07:30",64678,476110,426109,50000,100000,+0.0211,0.0080,+0.0,+0.0000,SHORT,RUNNING
="2026-08-07 18:07:31",64678,476110,426109,50000,100000,+0.0216,0.0080,+0.0,+0.0000,SHORT,RUNNING
="2026-08-07 18:07:32",64678,476110,426109,50000,100000,+0.0216,0.0080,+0.0,+0.0000,SHORT,RUNNING
="2026-08-07 18:07:33",64679,476110,426109,50000,100000,+0.0218,0.0080,+0.0,+0.0000,SHORT,RUNNING
="2026-08-07 18:07:34",64679,476110,426109,50000,100000,+0.0218,0.0080,+0.0,+0.0000,SHORT,RUNNING
="2026-08-07 18:07:35",64679,476110,426109,50000,100000,+0.0223,0.0080,+0.0,+0.0000,SHORT,RUNNING
="2026-08-07 18:07:36",64678,476110,426109,50000,100000,+0.0223,0.0080,+0.0,+0.0000,SHORT,RUNNING
="2026-08-07 18:07:37",64678,476110,426109,50000,100000,+0.0208,0.0080,+0.0,+0.0000,SHORT,RUNNING
="2026-08-07 18:07:38",64681,476110,426109,50000,100000,+0.0208,0.0080,+0.0,+0.0000,SHORT,RUNNING
="2026-08-07 18:07:39",64681,476110,426109,50000,100000,+0.0208,0.0080,+0.0,+0.0000,SHORT,RUNNING
="2026-08-07 18:07:40",64681,476110,426109,50000,100000,+0.0210,0.0080,+0.0,+0.0000,SHORT,RUNNING
="2026-08-07 18:07:41",64681,476110,426109,50000,100000,+0.0210,0.0080,+0.0,+0.0000,SHORT,RUNNING
="2026-08-07 18:07:42",64681,476110,426109,50000,100000,+0.0212,0.0080,+0.0,+0.0000,SHORT,RUNNING
="2026-08-07 18:07:43",64681,476110,426109,50000,100000,+0.0204,0.0080,+0.0,+0.0000,SHORT,RUNNING
="2026-08-07 18:07:44",64681,476110,426109,50000,100000,+0.0204,0.0080,+0.0,+0.0000,SHORT,RUNNING
="2026-08-07 18:07:45",64681,476110,426109,50000,100000,+0.0212,0.0080,+0.0,+0.0000,SHORT,RUNNING
="2026-08-07 18:07:46",64681,476110,426109,50000,100000,+0.0212,0.0080,+0.0,+0.0000,SHORT,RUNNING
="2026-08-07 18:07:47",64681,476110,426109,50000,100000,+0.0212,0.0080,+0.0,+0.0000,SHORT,RUNNING
="2026-08-07 18:07:48",64681,476110,426109,50000,100000,+0.0212,0.0080,+0.0,+0.0000,SHORT,RUNNING
="2026-08-07 18:07:49",64681,426109,426109,0,100000,+0.0212,0.0080,+0.0,+0.0000,SHORT,RUNNING
="2026-08-07 18:07:50",64681,426109,426109,0,100000,+0.0210,0.0080,+0.0,+0.0000,SHORT,RUNNING
="2026-08-07 18:07:51",64681,414797,414797,0,100000,+0.0210,0.0080,+0.0,+0.0000,SHORT,RUNNING
="2026-08-07 18:07:52",64681,414797,414797,0,100000,+0.0202,0.0080,+0.0,+0.0000,SHORT,RUNNING
="2026-08-07 18:07:53",64681,414797,414797,0,100000,+0.0202,0.0080,+0.0,+0.0000,SHORT,RUNNING
="2026-08-07 18:07:54",64681,414797,414797,0,100000,+0.0202,0.0080,+0.0,+0.0000,SHORT,RUNNING
="2026-08-07 18:07:55",64681,414797,414797,0,100000,+0.0202,0.0080,+0.0,+0.0000,SHORT,RUNNING
="2026-08-07 18:07:56",64681,447138,447138,0,100000,+0.0202,0.0080,+0.0,+0.0000,SHORT,RUNNING
="2026-08-07 18:07:57",64681,447138,447138,0,100000,+0.0206,0.0080,+0.0,+0.0000,SHORT,RUNNING
="2026-08-07 18:07:58",64681,447138,447138,0,100000,+0.0206,0.0080,+0.0,+0.0000,SHORT,RUNNING
="2026-08-07 18:07:59",64681,447138,447138,0,100000,+0.0228,0.0080,+0.0,+0.0000,SHORT,RUNNING
="2026-08-07 18:08:00",64681,297335,297335,0,100000,+0.0205,0.0080,+0.0,+0.0000,SHORT,RUNNING
="2026-08-07 18:08:01",64681,297335,297335,0,100000,+0.0208,0.0080,+0.0,+0.0000,SHORT,RUNNING
="2026-08-07 18:08:02",64681,297335,297335,0,100000,+0.0208,0.0080,+0.0,+0.0000,SHORT,RUNNING
="2026-08-07 18:08:03",64681,187184,187184,0,100000,+0.0209,0.0080,+0.0,+0.0000,SHORT,RUNNING
="2026-08-07 18:08:04",64681,173248,173248,0,100000,+0.0209,0.0080,+0.0,+0.0000,SHORT,RUNNING
="2026-08-07 18:08:05",64681,173248,173248,0,100000,+0.0239,0.0080,+0.0,+0.0000,SHORT,RUNNING
="2026-08-07 18:08:06",64679,190169,190169,0,100000,+0.0263,0.0080,+0.0,+0.0000,SHORT,RUNNING
="2026-08-07 18:08:07",64679,190169,190169,0,100000,+0.0263,0.0080,+0.0,+0.0000,SHORT,RUNNING
="2026-08-07 18:08:08",64679,190169,190169,0,100000,+0.0263,0.0080,+0.0,+0.0000,SHORT,RUNNING
="2026-08-07 18:08:09",64679,190169,190169,0,100000,+0.0226,0.0080,+0.0,+0.0000,SHORT,RUNNING
="2026-08-07 18:08:10",64679,190169,190169,0,100000,+0.0226,0.0080,+0.0,+0.0000,SHORT,RUNNING
="2026-08-07 18:08:11",64679,254849,254849,0,100000,+0.0211,0.0080,+0.0,+0.0000,SHORT,RUNNING
="2026-08-07 18:08:12",64679,136365,126364,10000,100000,+0.0219,0.0080,+0.0,+0.0000,SHORT,RUNNING
="2026-08-07 18:08:14",64679,136365,126364,10000,100000,+0.0219,0.0080,+0.0,+0.0000,SHORT,RUNNING
="2026-08-07 18:08:15",64679,136365,126364,10000,100000,+0.0223,0.0080,+0.0,+0.0000,SHORT,RUNNING
="2026-08-07 18:08:16",64679,136365,126364,10000,100000,+0.0184,0.0080,+0.0,+0.0000,SHORT,RUNNING
="2026-08-07 18:08:17",64679,136365,126364,10000,100000,+0.0184,0.0080,+0.0,+0.0000,SHORT,RUNNING
="2026-08-07 18:08:18",64679,136365,126364,10000,100000,+0.0186,0.0080,+0.0,+0.0000,SHORT,RUNNING
="2026-08-07 18:08:19",64679,136365,126364,10000,100000,+0.0185,0.0080,+0.0,+0.0000,SHORT,RUNNING
="2026-08-07 18:08:20",64679,136365,126364,10000,100000,+0.0185,0.0080,+0.0,+0.0000,SHORT,RUNNING
="2026-08-07 18:08:21",64679,136365,126364,10000,100000,+0.0186,0.0080,+0.0,+0.0000,SHORT,RUNNING
="2026-08-07 18:08:22",64679,136365,126364,10000,100000,+0.0207,0.0080,+0.0,+0.0000,SHORT,RUNNING
="2026-08-07 18:08:23",64679,136365,126364,10000,100000,+0.0207,0.0080,+0.0,+0.0000,SHORT,RUNNING
="2026-08-07 18:08:24",64680,136365,126364,10000,100000,+0.0207,0.0080,+0.0,+0.0000,SHORT,RUNNING
="2026-08-07 18:08:25",64683,136365,126364,10000,100000,+0.0207,0.0080,+0.0,+0.0000,SHORT,RUNNING
="2026-08-07 18:08:26",64683,136365,126364,10000,100000,+0.0184,0.0080,+0.0,+0.0000,SHORT,RUNNING
="2026-08-07 18:08:27",64683,136365,126364,10000,100000,+0.0184,0.0080,+0.0,+0.0000,SHORT,RUNNING
="2026-08-07 18:08:28",64683,136365,126364,10000,100000,+0.0002,0.0080,+0.0,+0.0000,NONE,RUNNING
="2026-08-07 18:08:29",64683,136365,126364,10000,100000,+0.0002,0.0080,+0.0,+0.0000,NONE,RUNNING
="2026-08-07 18:08:30",64683,136365,126364,10000,100000,+0.0012,0.0080,+0.0,+0.0000,NONE,RUNNING
="2026-08-07 18:08:31",64688,136365,126364,10000,100000,+0.0007,0.0080,+0.0,+0.0000,NONE,RUNNING
="2026-08-07 18:08:32",64688,136365,126364,10000,100000,+0.0007,0.0080,+0.0,+0.0000,NONE,RUNNING
="2026-08-07 18:08:33",64688,136365,126364,10000,100000,+0.0007,0.0080,+0.0,+0.0000,NONE,RUNNING
="2026-08-07 18:08:34",64688,136365,126364,10000,100000,+0.0007,0.0080,+0.0,+0.0000,NONE,RUNNING
="2026-08-07 18:08:35",64688,136365,126364,10000,100000,-0.0007,0.0080,+0.0,+0.0000,NONE,RUNNING
="2026-08-07 18:08:36",64688,136365,126364,10000,100000,-0.0007,0.0080,+0.0,+0.0000,NONE,RUNNING
="2026-08-07 18:08:37",64688,136365,126364,10000,100000,+0.0008,0.0080,+0.0,+0.0000,NONE,RUNNING
="2026-08-07 18:08:38",64688,136365,126364,10000,100000,+0.0008,0.0080,+0.0,+0.0000,NONE,RUNNING
="2026-08-07 18:08:39",64688,136365,126364,10000,100000,+0.0008,0.0080,+0.0,+0.0000,NONE,RUNNING
="2026-08-07 18:08:40",64688,136365,126364,10000,100000,+0.0006,0.0080,+0.0,+0.0000,NONE,RUNNING
="2026-08-07 18:08:41",64688,136365,126364,10000,100000,+0.0006,0.0080,+0.0,+0.0000,NONE,RUNNING
="2026-08-07 18:08:42",64688,136365,126364,10000,100000,-0.0002,0.0080,+0.0,+0.0000,NONE,RUNNING
="2026-08-07 18:08:43",64688,136365,126364,10000,100000,+0.0006,0.0080,+0.0,+0.0000,NONE,RUNNING
="2026-08-07 18:08:44",64688,136365,126364,10000,100000,+0.0007,0.0080,+0.0,+0.0000,NONE,RUNNING
="2026-08-07 18:08:45",64688,136365,126364,10000,100000,+0.0007,0.0080,+0.0,+0.0000,NONE,RUNNING
="2026-08-07 18:08:46",64688,136365,126364,10000,100000,+0.0008,0.0080,+0.0,+0.0000,NONE,RUNNING
="2026-08-07 18:08:47",64688,136365,126364,10000,100000,+0.0008,0.0080,+0.0,+0.0000,NONE,RUNNING
="2026-08-07 18:08:48",64689,136365,126364,10000,100000,+0.0008,0.0080,+0.0,+0.0000,NONE,RUNNING
="2026-08-07 18:08:49",64689,136365,126364,10000,100000,+0.0008,0.0080,+0.0,+0.0000,NONE,RUNNING
="2026-08-07 18:08:50",64689,136365,126364,10000,100000,+0.0008,0.0080,+0.0,+0.0000,NONE,RUNNING
="2026-08-07 18:08:51",64690,136365,126364,10000,100000,-0.0010,0.0080,+0.0,+0.0000,NONE,RUNNING
="2026-08-07 18:08:52",64690,136365,126364,10000,100000,-0.0002,0.0080,+0.0,+0.0000,NONE,RUNNING
="2026-08-07 18:08:53",64690,136365,126364,10000,100000,-0.0002,0.0080,+0.0,+0.0000,NONE,RUNNING
="2026-08-07 18:08:54",64690,136365,126364,10000,100000,-0.0004,0.0080,+0.0,+0.0000,NONE,RUNNING
="2026-08-07 18:08:55",64689,136365,126364,10000,100000,-0.0004,0.0080,+0.0,+0.0000,NONE,RUNNING
="2026-08-07 18:08:56",64690,104024,94024,10000,100000,-0.0004,0.0080,+0.0,+0.0000,NONE,RUNNING
="2026-08-07 18:08:57",64690,104024,94024,10000,100000,-0.0008,0.0080,+0.0,+0.0000,NONE,RUNNING
="2026-08-07 18:08:58",64689,104024,94024,10000,100000,-0.0008,0.0080,+0.0,+0.0000,NONE,RUNNING
="2026-08-07 18:08:59",64690,104024,94024,10000,100000,-0.0030,0.0080,+0.0,+0.0000,NONE,RUNNING
="2026-08-07 18:09:00",64689,104024,94024,10000,100000,-0.0031,0.0080,+0.0,+0.0000,NONE,RUNNING
="2026-08-07 18:09:01",64689,104024,94024,10000,100000,-0.0034,0.0080,+0.0,+0.0000,NONE,RUNNING
="2026-08-07 18:09:02",64689,104024,94024,10000,100000,-0.0034,0.0080,+0.0,+0.0000,NONE,RUNNING
="2026-08-07 18:09:03",64689,104024,94024,10000,100000,-0.0038,0.0080,+0.0,+0.0000,NONE,RUNNING
="2026-08-07 18:09:04",64690,104024,94024,10000,100000,-0.0038,0.0080,+0.0,+0.0000,NONE,RUNNING
="2026-08-07 18:09:05",64690,104024,94024,10000,100000,-0.0068,0.0080,+0.0,+0.0000,NONE,RUNNING
="2026-08-07 18:09:06",64689,74680,64679,10000,100000,-0.0066,0.0080,+0.0,+0.0000,NONE,RUNNING
="2026-08-07 18:09:07",64690,74680,64679,10000,100000,-0.0066,0.0080,+0.0,+0.0000,NONE,RUNNING
="2026-08-07 18:09:08",64690,74680,64679,10000,100000,-0.0066,0.0080,+0.0,+0.0000,NONE,RUNNING
="2026-08-07 18:09:09",64690,74680,64679,10000,100000,-0.0062,0.0080,+0.0,+0.0000,NONE,RUNNING
="2026-08-07 18:09:10",64689,74680,64679,10000,100000,-0.0062,0.0080,+0.0,+0.0000,NONE,RUNNING
="2026-08-07 18:09:11",64690,74680,64679,10000,100000,-0.0047,0.0080,+0.0,+0.0000,NONE,RUNNING
="2026-08-07 18:09:12",64689,0,0,0,100000,-0.0044,0.0080,+0.0,+0.0000,NONE,RUNNING
="2026-08-07 18:09:13",64689,0,0,0,100000,-0.0044,0.0080,+0.0,+0.0000,NONE,RUNNING
="2026-08-07 18:09:14",64689,0,0,0,100000,-0.0048,0.0080,+0.0,+0.0000,NONE,RUNNING
="2026-08-07 18:09:15",64689,0,0,0,100000,-0.0048,0.0080,+0.0,+0.0000,NONE,RUNNING
="2026-08-07 18:09:16",64689,0,0,0,100000,-0.0048,0.0080,+0.0,+0.0000,NONE,RUNNING
="2026-08-07 18:09:17",64689,0,0,0,100000,-0.0050,0.0080,+0.0,+0.0000,NONE,RUNNING
="2026-08-07 18:09:18",64689,0,0,0,100000,-0.0058,0.0080,+0.0,+0.0000,NONE,RUNNING
="2026-08-07 18:09:19",64690,0,0,0,100000,-0.0058,0.0080,+0.0,+0.0000,NONE,RUNNING
="2026-08-07 18:09:20",64690,0,0,0,100000,-0.0058,0.0080,+0.0,+0.0000,NONE,RUNNING
="2026-08-07 18:09:21",64689,0,0,0,100000,-0.0065,0.0080,+0.0,+0.0000,NONE,RUNNING
="2026-08-07 18:09:22",64689,83643,83643,0,100000,-0.0065,0.0080,+0.0,+0.0000,NONE,RUNNING
="2026-08-07 18:09:23",64690,83643,83643,0,100000,-0.0065,0.0080,+0.0,+0.0000,NONE,RUNNING
="2026-08-07 18:09:24",64690,83643,83643,0,100000,-0.0074,0.0080,+0.0,+0.0000,NONE,RUNNING
="2026-08-07 18:09:25",64690,83643,83643,0,100000,-0.0074,0.0080,+0.0,+0.0000,NONE,RUNNING
="2026-08-07 18:09:26",64689,83643,83643,0,100000,-0.0051,0.0080,+0.0,+0.0000,NONE,RUNNING
="2026-08-07 18:09:27",64689,83643,83643,0,100000,-0.0052,0.0080,+0.0,+0.0000,NONE,RUNNING
="2026-08-07 18:09:28",64689,83643,83643,0,100000,-0.0052,0.0080,+0.0,+0.0000,NONE,RUNNING
="2026-08-07 18:09:29",64689,83643,83643,0,100000,-0.0062,0.0080,+0.0,+0.0000,NONE,RUNNING
="2026-08-07 18:09:30",64690,83643,83643,0,100000,-0.0062,0.0080,+0.0,+0.0000,NONE,RUNNING
="2026-08-07 18:09:31",64690,83643,83643,0,100000,-0.0062,0.0080,+0.0,+0.0000,NONE,RUNNING
="2026-08-07 18:09:32",64689,83643,83643,0,100000,-0.0061,0.0080,+0.0,+0.0000,NONE,RUNNING
="2026-08-07 18:09:33",64690,83643,83643,0,100000,-0.0062,0.0080,+0.0,+0.0000,NONE,RUNNING
="2026-08-07 18:09:34",64690,83643,83643,0,100000,-0.0062,0.0080,+0.0,+0.0000,NONE,RUNNING
="2026-08-07 18:09:35",64689,83643,83643,0,100000,-0.0048,0.0080,+0.0,+0.0000,NONE,RUNNING
="2026-08-07 18:09:36",64689,83643,83643,0,100000,-0.0049,0.0080,+0.0,+0.0000,NONE,RUNNING
="2026-08-07 18:09:37",64690,83643,83643,0,100000,-0.0049,0.0080,+0.0,+0.0000,NONE,RUNNING
="2026-08-07 18:09:38",64690,83643,83643,0,100000,-0.0049,0.0080,+0.0,+0.0000,NONE,RUNNING
="2026-08-07 18:09:39",64690,83643,83643,0,100000,-0.0049,0.0080,+0.0,+0.0000,NONE,RUNNING
="2026-08-07 18:09:40",64690,83643,83643,0,100000,-0.0057,0.0080,+0.0,+0.0000,NONE,RUNNING
="2026-08-07 18:09:41",64689,83643,83643,0,100000,-0.0050,0.0080,+0.0,+0.0000,NONE,RUNNING
="2026-08-07 18:09:42",64689,83643,83643,0,100000,-0.0050,0.0080,+0.0,+0.0000,NONE,RUNNING
="2026-08-07 18:09:43",64689,83643,83643,0,100000,-0.0076,0.0080,+0.0,+0.0000,NONE,RUNNING
="2026-08-07 18:09:44",64689,114690,83643,31046,100000,-0.0078,0.0080,+0.0,+0.0000,NONE,RUNNING
="2026-08-07 18:09:45",64689,114690,83643,31046,100000,-0.0078,0.0080,+0.0,+0.0000,NONE,RUNNING
="2026-08-07 18:09:47",64689,179186,148139,31046,100000,-0.0109,0.0080,+0.0,+0.0000,SHORT,RUNNING
="2026-08-07 18:09:48",64689,179186,148139,31046,100000,-0.0109,0.0080,+0.0,+0.0000,SHORT,RUNNING
="2026-08-07 18:09:49",64690,249858,148139,101719,100000,-0.0109,0.0080,+0.0,+0.0000,SHORT,RUNNING
="2026-08-07 18:09:50",64690,249858,148139,101719,100000,-0.0110,0.0080,+0.0,+0.0000,SHORT,RUNNING
="2026-08-07 18:09:51",64689,249858,148139,101719,100000,-0.0092,0.0080,+0.0,+0.0000,SHORT,RUNNING
="2026-08-07 18:09:52",64689,249858,148139,101719,100000,-0.0039,0.0080,+0.0,+0.0000,NONE,RUNNING
="2026-08-07 18:09:53",64689,249858,148139,101719,100000,-0.0039,0.0080,+0.0,+0.0000,NONE,RUNNING
="2026-08-07 18:09:54",64689,249858,148139,101719,100000,-0.0039,0.0080,+0.0,+0.0000,NONE,RUNNING
="2026-08-07 18:09:55",64690,249858,148139,101719,100000,-0.0037,0.0080,+0.0,+0.0000,NONE,RUNNING
="2026-08-07 18:09:56",64690,249858,148139,101719,100000,-0.0037,0.0080,+0.0,+0.0000,NONE,RUNNING
="2026-08-07 18:09:57",64691,249858,148139,101719,100000,-0.0033,0.0080,+0.0,+0.0000,NONE,RUNNING
="2026-08-07 18:09:58",64692,249858,148139,101719,100000,-0.0033,0.0080,+0.0,+0.0000,NONE,RUNNING
="2026-08-07 18:09:59",64691,249858,148139,101719,100000,-0.0039,0.0080,+0.0,+0.0000,NONE,RUNNING
="2026-08-07 18:10:00",64692,249858,148139,101719,100000,-0.0038,0.0080,+0.0,+0.0000,NONE,RUNNING
="2026-08-07 18:10:01",64692,249858,148139,101719,100000,-0.0038,0.0080,+0.0,+0.0000,NONE,RUNNING
="2026-08-07 18:10:02",64691,249858,148139,101719,100000,-0.0038,0.0080,+0.0,+0.0000,NONE,RUNNING
="2026-08-07 18:10:03",64691,249858,148139,101719,100000,-0.0034,0.0080,+0.0,+0.0000,NONE,RUNNING
="2026-08-07 18:10:04",64691,249858,148139,101719,100000,-0.0034,0.0080,+0.0,+0.0000,NONE,RUNNING
="2026-08-07 18:10:05",64692,249858,148139,101719,100000,-0.0033,0.0080,+0.0,+0.0000,NONE,RUNNING
="2026-08-07 18:10:06",64692,249858,148139,101719,100000,-0.0033,0.0080,+0.0,+0.0000,NONE,RUNNING
="2026-08-07 18:10:07",64692,249858,148139,101719,100000,-0.0035,0.0080,+0.0,+0.0000,NONE,RUNNING
="2026-08-07 18:10:08",64692,249858,148139,101719,100000,-0.0036,0.0080,+0.0,+0.0000,NONE,RUNNING
="2026-08-07 18:10:09",64692,249858,148139,101719,100000,-0.0040,0.0080,+0.0,+0.0000,NONE,RUNNING
="2026-08-07 18:10:10",64692,249858,148139,101719,100000,-0.0040,0.0080,+0.0,+0.0000,NONE,RUNNING
="2026-08-07 18:10:11",64692,249858,148139,101719,100000,-0.0035,0.0080,+0.0,+0.0000,NONE,RUNNING
="2026-08-07 18:10:12",64692,249858,148139,101719,100000,-0.0035,0.0080,+0.0,+0.0000,NONE,RUNNING
="2026-08-07 18:10:13",64693,249858,148139,101719,100000,-0.0038,0.0080,+0.0,+0.0000,NONE,RUNNING
="2026-08-07 18:10:14",64693,249858,148139,101719,100000,-0.0036,0.0080,+0.0,+0.0000,NONE,RUNNING
="2026-08-07 18:10:15",64693,249858,148139,101719,100000,-0.0036,0.0080,+0.0,+0.0000,NONE,RUNNING
="2026-08-07 18:10:16",64693,249858,148139,101719,100000,-0.0036,0.0080,+0.0,+0.0000,NONE,RUNNING
="2026-08-07 18:10:17",64693,249858,148139,101719,100000,-0.0036,0.0080,+0.0,+0.0000,NONE,RUNNING
="2026-08-07 18:10:18",64693,249858,148139,101719,100000,-0.0029,0.0080,+0.0,+0.0000,NONE,RUNNING
="2026-08-07 18:10:19",64693,249858,148139,101719,100000,-0.0029,0.0080,+0.0,+0.0000,NONE,RUNNING
="2026-08-07 18:10:20",64693,278447,148139,130308,100000,-0.0027,0.0080,+0.0,+0.0000,NONE,RUNNING
="2026-08-07 18:10:21",64693,278447,148139,130308,100000,-0.0021,0.0080,+0.0,+0.0000,NONE,RUNNING
="2026-08-07 18:10:22",64693,194804,64495,130308,100000,-0.0021,0.0080,+0.0,+0.0000,NONE,RUNNING
="2026-08-07 18:10:23",64693,194804,64495,130308,100000,-0.0020,0.0080,+0.0,+0.0000,NONE,RUNNING
="2026-08-07 18:10:24",64693,194804,64495,130308,100000,-0.0011,0.0080,+0.0,+0.0000,NONE,RUNNING
="2026-08-07 18:10:25",64694,194804,64495,130308,100000,-0.0011,0.0080,+0.0,+0.0000,NONE,RUNNING
="2026-08-07 18:10:26",64694,194804,64495,130308,100000,-0.0011,0.0080,+0.0,+0.0000,NONE,RUNNING
="2026-08-07 18:10:27",64694,194804,64495,130308,100000,-0.0011,0.0080,+0.0,+0.0000,NONE,RUNNING
="2026-08-07 18:10:28",64694,194804,64495,130308,100000,-0.0011,0.0080,+0.0,+0.0000,NONE,RUNNING
="2026-08-07 18:10:29",64694,194804,64495,130308,100000,-0.0001,0.0080,+0.0,+0.0000,NONE,RUNNING
="2026-08-07 18:10:30",64694,194804,64495,130308,100000,-0.0001,0.0080,+0.0,+0.0000,NONE,RUNNING
="2026-08-07 18:10:31",64694,194804,64495,130308,100000,-0.0001,0.0080,+0.0,+0.0000,NONE,RUNNING
="2026-08-07 18:10:32",64694,194804,64495,130308,100000,-0.0001,0.0080,+0.0,+0.0000,NONE,RUNNING
="2026-08-07 18:10:33",64694,194804,64495,130308,100000,-0.0001,0.0080,+0.0,+0.0000,NONE,RUNNING
="2026-08-07 18:10:34",64694,194804,64495,130308,100000,+0.0000,0.0080,+0.0,+0.0000,NONE,RUNNING
="2026-08-07 18:10:35",64707,337516,64495,273020,100000,+0.0001,0.0080,+0.0,+0.0000,NONE,RUNNING
="2026-08-07 18:10:36",64707,348165,64495,283669,100000,+0.0001,0.0080,+0.0,+0.0000,NONE,RUNNING
="2026-08-07 18:10:37",64711,348165,64495,283669,100000,+0.0002,0.0080,+0.0,+0.0000,NONE,RUNNING
="2026-08-07 18:10:38",64711,348165,64495,283669,100000,-0.2978,0.0080,+0.0,+0.0000,LONG,RUNNING
="2026-08-07 18:10:39",64711,348165,64495,283669,100000,-0.2978,0.0080,+0.0,+0.0000,LONG,RUNNING
="2026-08-07 18:10:40",64712,348165,64495,283669,100000,-0.2970,0.0080,+0.0,+0.0000,LONG,RUNNING
="2026-08-07 18:10:41",64711,348165,64495,283669,100000,-0.2970,0.0080,+0.0,+0.0000,LONG,RUNNING
="2026-08-07 18:10:42",64714,348165,64495,283669,100000,-0.2970,0.0080,+0.0,+0.0000,LONG,RUNNING
="2026-08-07 18:10:43",64714,348165,64495,283669,100000,-0.2944,0.0080,+0.0,+0.0000,LONG,RUNNING
="2026-08-07 18:10:44",64714,317119,64495,252623,100000,-0.2864,0.0080,+0.0,+0.0000,LONG,RUNNING
="2026-08-07 18:10:45",64714,317119,64495,252623,100000,-0.2864,0.0080,+0.0,+0.0000,LONG,RUNNING
="2026-08-07 18:10:46",64714,317119,64495,252623,100000,-0.2832,0.0080,+0.0,+0.0000,LONG,RUNNING
="2026-08-07 18:10:47",64714,252623,0,252623,100000,-0.2853,0.0080,+0.0,+0.0000,LONG,RUNNING
="2026-08-07 18:10:48",64713,480303,298353,181950,100000,-0.2853,0.0080,+0.0,+0.0000,SHORT,RUNNING
="2026-08-07 18:10:49",64699,480303,298353,181950,100000,-0.2852,0.0080,+0.0,+0.0000,SHORT,RUNNING
="2026-08-07 18:10:50",64694,480303,298353,181950,100000,-0.2852,0.0080,+0.0,+0.0000,SHORT,RUNNING
="2026-08-07 18:10:51",64694,480303,298353,181950,100000,-0.2855,0.0080,+0.0,+0.0000,SHORT,RUNNING
="2026-08-07 18:10:52",64694,480303,298353,181950,100000,-0.2908,0.0080,+0.0,+0.0000,SHORT,RUNNING
="2026-08-07 18:10:53",64694,480303,298353,181950,100000,-0.2908,0.0080,+0.0,+0.0000,SHORT,RUNNING
="2026-08-07 18:10:54",64694,480303,298353,181950,100000,-0.2916,0.0080,+0.0,+0.0000,SHORT,RUNNING
="2026-08-07 18:10:55",64694,480303,298353,181950,100000,-0.2916,0.0080,+0.0,+0.0000,SHORT,RUNNING
="2026-08-07 18:10:56",64694,480303,298353,181950,100000,-0.2916,0.0080,+0.0,+0.0000,SHORT,RUNNING
="2026-08-07 18:10:57",64694,480303,298353,181950,100000,-0.2913,0.0080,+0.0,+0.0000,SHORT,RUNNING
="2026-08-07 18:10:58",64694,480303,298353,181950,100000,-0.2907,0.0080,+0.0,+0.0000,SHORT,RUNNING
="2026-08-07 18:10:59",64694,480303,298353,181950,100000,-0.2907,0.0080,+0.0,+0.0000,SHORT,RUNNING
="2026-08-07 18:11:00",64694,480303,298353,181950,100000,-0.2912,0.0080,+0.0,+0.0000,SHORT,RUNNING
="2026-08-07 18:11:01",64694,480303,298353,181950,100000,-0.2912,0.0080,+0.0,+0.0000,SHORT,RUNNING
="2026-08-07 18:11:02",64696,480303,298353,181950,100000,-0.2912,0.0080,+0.0,+0.0000,SHORT,RUNNING
="2026-08-07 18:11:03",64696,480303,298353,181950,100000,-0.2912,0.0080,+0.0,+0.0000,SHORT,RUNNING
="2026-08-07 18:11:04",64701,480303,298353,181950,100000,-0.2912,0.0080,+0.0,+0.0000,SHORT,RUNNING
="2026-08-07 18:11:05",64701,480303,298353,181950,100000,-0.2912,0.0080,+0.0,+0.0000,SHORT,RUNNING
="2026-08-07 18:11:06",64701,480303,298353,181950,100000,-0.2923,0.0080,+0.0,+0.0000,SHORT,RUNNING
="2026-08-07 18:11:07",64701,480303,298353,181950,100000,-0.2923,0.0080,+0.0,+0.0000,SHORT,RUNNING
="2026-08-07 18:11:08",64701,480303,298353,181950,100000,-0.2923,0.0080,+0.0,+0.0000,SHORT,RUNNING
="2026-08-07 18:11:09",64701,480303,298353,181950,100000,-0.2923,0.0080,+0.0,+0.0000,SHORT,RUNNING
="2026-08-07 18:11:10",64701,480303,298353,181950,100000,-0.2923,0.0080,+0.0,+0.0000,SHORT,RUNNING
="2026-08-07 18:11:11",64701,480303,298353,181950,100000,-0.2928,0.0080,+0.0,+0.0000,SHORT,RUNNING
="2026-08-07 18:11:13",64701,480303,298353,181950,100000,-0.2928,0.0080,+0.0,+0.0000,SHORT,RUNNING
="2026-08-07 18:11:14",64701,480303,298353,181950,100000,-0.2928,0.0080,+0.0,+0.0000,SHORT,RUNNING
="2026-08-07 18:11:15",64701,480303,298353,181950,100000,-0.2931,0.0080,+0.0,+0.0000,SHORT,RUNNING
="2026-08-07 18:11:16",64701,480303,298353,181950,100000,-0.2970,0.0080,+0.0,+0.0000,SHORT,RUNNING
="2026-08-07 18:11:17",64703,702405,298353,404051,100000,-0.2970,0.0080,+0.0,+0.0000,LONG,RUNNING
="2026-08-07 18:11:18",64703,702405,298353,404051,100000,-0.2970,0.0080,+0.0,+0.0000,LONG,RUNNING
="2026-08-07 18:11:19",64703,702405,298353,404051,100000,-0.2986,0.0080,+0.0,+0.0000,LONG,RUNNING
="2026-08-07 18:11:20",64703,702405,298353,404051,100000,-0.2986,0.0080,+0.0,+0.0000,LONG,RUNNING
="2026-08-07 18:11:21",64703,673815,298353,375462,100000,-0.2988,0.0080,+0.0,+0.0000,LONG,RUNNING
="2026-08-07 18:11:22",64703,673815,298353,375462,100000,-0.2988,0.0080,+0.0,+0.0000,LONG,RUNNING
="2026-08-07 18:11:23",64703,673815,298353,375462,100000,-0.2988,0.0080,+0.0,+0.0000,LONG,RUNNING
="2026-08-07 18:11:24",64703,673815,298353,375462,100000,-0.2989,0.0080,+0.0,+0.0000,LONG,RUNNING
="2026-08-07 18:11:25",64703,673815,298353,375462,100000,-0.2994,0.0080,+0.0,+0.0000,LONG,RUNNING
="2026-08-07 18:11:26",64703,673815,298353,375462,100000,-0.2994,0.0080,+0.0,+0.0000,LONG,RUNNING
="2026-08-07 18:11:27",64703,673815,298353,375462,100000,-0.2993,0.0080,+0.0,+0.0000,LONG,RUNNING
="2026-08-07 18:11:28",64703,673815,298353,375462,100000,-0.2997,0.0080,+0.0,+0.0000,LONG,RUNNING
="2026-08-07 18:11:29",64703,673815,298353,375462,100000,-0.2997,0.0080,+0.0,+0.0000,LONG,RUNNING
="2026-08-07 18:11:30",64718,685561,298353,387208,100000,-0.3007,0.0080,+0.0,+0.0000,LONG,RUNNING
="2026-08-07 18:11:31",64720,685561,298353,387208,100000,-0.2999,0.0080,+0.0,+0.0000,LONG,RUNNING
="2026-08-07 18:11:32",64720,685561,298353,387208,100000,-0.2999,0.0080,+0.0,+0.0000,LONG,RUNNING
="2026-08-07 18:11:33",64721,685561,298353,387208,100000,-0.2999,0.0080,+0.0,+0.0000,LONG,RUNNING
="2026-08-07 18:11:34",64721,685561,298353,387208,100000,-0.2993,0.0080,+0.0,+0.0000,LONG,RUNNING
="2026-08-07 18:11:35",64721,542849,298353,244496,100000,-0.2993,0.0080,+0.0,+0.0000,SHORT,RUNNING
="2026-08-07 18:11:36",64720,532200,298353,233846,100000,-0.2994,0.0080,+0.0,+0.0000,SHORT,RUNNING
="2026-08-07 18:11:37",64725,548194,298353,249841,100000,-0.2994,0.0080,+0.0,+0.0000,SHORT,RUNNING
="2026-08-07 18:11:38",64727,548194,298353,249841,100000,-0.0015,0.0080,+0.0,+0.0000,NONE,RUNNING
="2026-08-07 18:11:39",64727,548194,298353,249841,100000,-0.0015,0.0080,+0.0,+0.0000,NONE,RUNNING
="2026-08-07 18:11:40",64737,548194,298353,249841,100000,-0.0166,0.0080,+0.0,+0.0000,SHORT,RUNNING
="2026-08-07 18:11:41",64737,548194,298353,249841,100000,-0.0166,0.0080,+0.0,+0.0000,SHORT,RUNNING
="2026-08-07 18:11:42",64738,548194,298353,249841,100000,-0.0163,0.0080,+0.0,+0.0000,SHORT,RUNNING
="2026-08-07 18:11:43",64738,548194,298353,249841,100000,-0.0163,0.0080,+0.0,+0.0000,SHORT,RUNNING
="2026-08-07 18:11:44",64738,548194,298353,249841,100000,-0.0163,0.0080,+0.0,+0.0000,SHORT,RUNNING
="2026-08-07 18:11:45",64738,548194,298353,249841,100000,-0.0242,0.0080,+0.0,+0.0000,SHORT,RUNNING
="2026-08-07 18:11:46",64737,548194,298353,249841,100000,-0.0242,0.0080,+0.0,+0.0000,SHORT,RUNNING
="2026-08-07 18:11:47",64737,548194,298353,249841,100000,-0.0242,0.0080,+0.0,+0.0000,SHORT,RUNNING
="2026-08-07 18:11:48",64738,307553,57712,249841,100000,-0.0222,0.0080,+0.0,+0.0000,LONG,RUNNING
="2026-08-07 18:11:49",64741,249841,0,249841,100000,-0.0218,0.0080,+0.0,+0.0000,LONG,RUNNING
="2026-08-07 18:11:50",64742,249841,0,249841,100000,-0.0218,0.0080,+0.0,+0.0000,LONG,RUNNING
="2026-08-07 18:11:51",64743,249841,0,249841,100000,-0.0215,0.0080,+0.0,+0.0000,LONG,RUNNING
="2026-08-07 18:11:52",64743,249841,0,249841,100000,-0.0149,0.0080,+0.0,+0.0000,LONG,RUNNING
="2026-08-07 18:11:53",64743,249841,0,249841,100000,-0.0142,0.0080,+0.0,+0.0000,LONG,RUNNING
="2026-08-07 18:11:54",64745,249841,0,249841,100000,-0.0142,0.0080,+0.0,+0.0000,LONG,RUNNING
="2026-08-07 18:11:55",64749,347042,0,347042,100000,-0.0503,0.0080,+0.0,+0.0000,LONG,RUNNING
="2026-08-07 18:11:56",64753,347042,0,347042,100000,-0.0503,0.0080,+0.0,+0.0000,LONG,RUNNING
="2026-08-07 18:11:57",64753,347042,0,347042,100000,-0.0506,0.0080,+0.0,+0.0000,LONG,RUNNING
="2026-08-07 18:11:58",64755,347042,0,347042,100000,-0.0877,0.0080,+0.0,+0.0000,LONG,RUNNING
="2026-08-07 18:11:59",64756,347042,0,347042,100000,-0.0877,0.0080,+0.0,+0.0000,LONG,RUNNING
="2026-08-07 18:12:00",64760,358986,0,358986,100000,-0.0872,0.0080,+0.0,+0.0000,LONG,RUNNING
="2026-08-07 18:12:01",64762,358986,0,358986,100000,-0.0941,0.0080,+0.0,+0.0000,LONG,RUNNING
="2026-08-07 18:12:02",64767,358986,0,358986,100000,-0.0941,0.0080,+0.0,+0.0000,LONG,RUNNING
="2026-08-07 18:12:03",64768,358986,0,358986,100000,-0.0941,0.0080,+0.0,+0.0000,LONG,RUNNING
="2026-08-07 18:12:04",64773,391372,32386,358986,100000,-0.0977,0.0080,+0.0,+0.0000,LONG,RUNNING
="2026-08-07 18:12:05",64770,603183,244197,358986,100000,-0.0977,0.0080,+0.0,+0.0000,LONG,RUNNING
="2026-08-07 18:12:06",64747,613607,254621,358986,100000,-0.0966,0.0080,+0.0,+0.0000,LONG,RUNNING
="2026-08-07 18:12:07",64753,613607,254621,358986,100000,-0.0967,0.0080,+0.0,+0.0000,LONG,RUNNING
="2026-08-07 18:12:08",64753,640811,254621,386189,100000,-0.0967,0.0080,+0.0,+0.0000,LONG,RUNNING
="2026-08-07 18:12:09",64755,640811,254621,386189,100000,-0.0966,0.0080,+0.0,+0.0000,LONG,RUNNING
="2026-08-07 18:12:10",64751,640811,254621,386189,100000,-0.0966,0.0080,+0.0,+0.0000,LONG,RUNNING
="2026-08-07 18:12:11",64751,640811,254621,386189,100000,-0.0966,0.0080,+0.0,+0.0000,LONG,RUNNING
="2026-08-07 18:12:12",64751,640811,254621,386189,100000,-0.0966,0.0080,+0.0,+0.0000,LONG,RUNNING
="2026-08-07 18:12:13",64751,640811,254621,386189,100000,-0.0983,0.0080,+0.0,+0.0000,LONG,RUNNING
="2026-08-07 18:12:14",64751,688480,302290,386189,100000,-0.0983,0.0080,+0.0,+0.0000,LONG,RUNNING
="2026-08-07 18:12:15",64743,688480,302290,386189,100000,-0.0943,0.0080,+0.0,+0.0000,LONG,RUNNING
="2026-08-07 18:12:16",64740,840469,676381,164088,100000,-0.0932,0.0080,+0.0,+0.0000,SHORT,RUNNING
="2026-08-07 18:12:17",64740,840469,676381,164088,100000,-0.0932,0.0080,+0.0,+0.0000,SHORT,RUNNING
="2026-08-07 18:12:18",64740,840469,676381,164088,100000,-0.0916,0.0080,+0.0,+0.0000,SHORT,RUNNING
="2026-08-07 18:12:19",64740,840469,676381,164088,100000,-0.0916,0.0080,+0.0,+0.0000,SHORT,RUNNING
="2026-08-07 18:12:20",64740,840469,676381,164088,100000,-0.0916,0.0080,+0.0,+0.0000,SHORT,RUNNING
="2026-08-07 18:12:21",64736,840469,676381,164088,100000,-0.0916,0.0080,+0.0,+0.0000,SHORT,RUNNING
="2026-08-07 18:12:22",64736,840469,676381,164088,100000,-0.1020,0.0080,+0.0,+0.0000,SHORT,RUNNING
="2026-08-07 18:12:23",64736,840469,676381,164088,100000,-0.1020,0.0080,+0.0,+0.0000,SHORT,RUNNING
="2026-08-07 18:12:24",64732,840469,676381,164088,100000,-0.1015,0.0080,+0.0,+0.0000,SHORT,RUNNING
="2026-08-07 18:12:25",64732,840469,676381,164088,100000,-0.1015,0.0080,+0.0,+0.0000,SHORT,RUNNING
="2026-08-07 18:12:26",64732,840469,676381,164088,100000,-0.1029,0.0080,+0.0,+0.0000,SHORT,RUNNING
="2026-08-07 18:12:27",64732,840469,676381,164088,100000,-0.1025,0.0080,+0.0,+0.0000,SHORT,RUNNING
="2026-08-07 18:12:28",64732,904195,676381,227814,100000,-0.0993,0.0080,+0.0,+0.0000,SHORT,RUNNING
="2026-08-07 18:12:29",64732,892449,676381,216068,100000,-0.0993,0.0080,+0.0,+0.0000,SHORT,RUNNING
="2026-08-07 18:12:30",64732,892449,676381,216068,100000,-0.0993,0.0080,+0.0,+0.0000,SHORT,RUNNING
="2026-08-07 18:12:31",64732,892449,676381,216068,100000,-0.1001,0.0080,+0.0,+0.0000,SHORT,RUNNING
="2026-08-07 18:12:32",64732,892449,676381,216068,100000,-0.1001,0.0080,+0.0,+0.0000,SHORT,RUNNING
="2026-08-07 18:12:33",64732,1011345,795277,216068,100000,-0.1007,0.0080,+0.0,+0.0000,SHORT,RUNNING
="2026-08-07 18:12:34",64723,1038647,822579,216068,100000,-0.1007,0.0080,+0.0,+0.0000,SHORT,RUNNING
="2026-08-07 18:12:35",64721,1038647,822579,216068,100000,-0.1029,0.0080,+0.0,+0.0000,SHORT,RUNNING
="2026-08-07 18:12:36",64721,1022653,822579,200074,100000,-0.1029,0.0080,+0.0,+0.0000,SHORT,RUNNING
="2026-08-07 18:12:37",64721,1022653,822579,200074,100000,-0.1029,0.0080,+0.0,+0.0000,SHORT,RUNNING
="2026-08-07 18:12:38",64721,1022653,822579,200074,100000,-0.1060,0.0080,+0.0,+0.0000,SHORT,RUNNING
="2026-08-07 18:12:39",64721,1022653,822579,200074,100000,-0.0909,0.0080,+0.0,+0.0000,SHORT,RUNNING
="2026-08-07 18:12:40",64721,1022653,822579,200074,100000,-0.0909,0.0080,+0.0,+0.0000,SHORT,RUNNING
="2026-08-07 18:12:41",64721,1022653,822579,200074,100000,-0.0909,0.0080,+0.0,+0.0000,SHORT,RUNNING
="2026-08-07 18:12:42",64721,1022653,822579,200074,100000,-0.0911,0.0080,+0.0,+0.0000,SHORT,RUNNING
="2026-08-07 18:12:43",64721,1022653,822579,200074,100000,-0.0926,0.0080,+0.0,+0.0000,SHORT,RUNNING
="2026-08-07 18:12:45",64721,1022653,822579,200074,100000,-0.0926,0.0080,+0.0,+0.0000,SHORT,RUNNING
="2026-08-07 18:12:46",64721,1022653,822579,200074,100000,-0.0927,0.0080,+0.0,+0.0000,SHORT,RUNNING
="2026-08-07 18:12:47",64721,1022653,822579,200074,100000,-0.0934,0.0080,+0.0,+0.0000,SHORT,RUNNING
="2026-08-07 18:12:48",64721,1022653,822579,200074,100000,-0.0934,0.0080,+0.0,+0.0000,SHORT,RUNNING
="2026-08-07 18:12:49",64721,1022653,822579,200074,100000,-0.0938,0.0080,+0.0,+0.0000,SHORT,RUNNING
="2026-08-07 18:12:50",64724,1041890,822579,219311,100000,-0.0938,0.0080,+0.0,+0.0000,SHORT,RUNNING
="2026-08-07 18:12:51",64723,1041890,822579,219311,100000,-0.0949,0.0080,+0.0,+0.0000,SHORT,RUNNING
="2026-08-07 18:12:52",64723,1041890,822579,219311,100000,-0.1014,0.0080,+0.0,+0.0000,SHORT,RUNNING
="2026-08-07 18:12:53",64723,1041890,822579,219311,100000,-0.1014,0.0080,+0.0,+0.0000,SHORT,RUNNING
="2026-08-07 18:12:54",64723,1041890,822579,219311,100000,-0.0996,0.0080,+0.0,+0.0000,SHORT,RUNNING
="2026-08-07 18:12:55",64724,1041890,822579,219311,100000,-0.0635,0.0080,+0.0,+0.0000,SHORT,RUNNING
="2026-08-07 18:12:56",64724,944689,822579,122109,100000,-0.0635,0.0080,+0.0,+0.0000,SHORT,RUNNING
="2026-08-07 18:12:57",64724,944689,822579,122109,100000,-0.0634,0.0080,+0.0,+0.0000,SHORT,RUNNING
="2026-08-07 18:12:58",64724,944689,822579,122109,100000,-0.0263,0.0080,+0.0,+0.0000,SHORT,RUNNING
="2026-08-07 18:12:59",64724,944689,822579,122109,100000,-0.0263,0.0080,+0.0,+0.0000,SHORT,RUNNING
="2026-08-07 18:13:00",64724,932745,822579,110166,100000,-0.0264,0.0080,+0.0,+0.0000,SHORT,RUNNING
="2026-08-07 18:13:01",64724,932745,822579,110166,100000,-0.0196,0.0080,+0.0,+0.0000,SHORT,RUNNING
="2026-08-07 18:13:02",64725,932745,822579,110166,100000,-0.0196,0.0080,+0.0,+0.0000,SHORT,RUNNING
="2026-08-07 18:13:03",64725,932745,822579,110166,100000,-0.0198,0.0080,+0.0,+0.0000,SHORT,RUNNING
="2026-08-07 18:13:04",64725,932745,822579,110166,100000,-0.0162,0.0080,+0.0,+0.0000,SHORT,RUNNING
="2026-08-07 18:13:05",64727,824269,714103,110166,100000,-0.0134,0.0080,+0.0,+0.0000,SHORT,RUNNING
="2026-08-07 18:13:06",64727,678124,567957,110166,100000,-0.0134,0.0080,+0.0,+0.0000,SHORT,RUNNING
="2026-08-07 18:13:07",64727,678124,567957,110166,100000,-0.0132,0.0080,+0.0,+0.0000,SHORT,RUNNING
="2026-08-07 18:13:08",64727,678124,567957,110166,100000,-0.0132,0.0080,+0.0,+0.0000,SHORT,RUNNING
="2026-08-07 18:13:09",64727,650920,567957,82962,100000,-0.0139,0.0080,+0.0,+0.0000,SHORT,RUNNING
="2026-08-07 18:13:10",64727,650920,567957,82962,100000,-0.0139,0.0080,+0.0,+0.0000,SHORT,RUNNING
="2026-08-07 18:13:11",64727,650920,567957,82962,100000,-0.0139,0.0080,+0.0,+0.0000,SHORT,RUNNING
="2026-08-07 18:13:12",64727,650920,567957,82962,100000,-0.0138,0.0080,+0.0,+0.0000,SHORT,RUNNING
="2026-08-07 18:13:13",64727,650920,567957,82962,100000,-0.0122,0.0080,+0.0,+0.0000,SHORT,RUNNING
="2026-08-07 18:13:14",64727,650920,567957,82962,100000,-0.0122,0.0080,+0.0,+0.0000,SHORT,RUNNING
="2026-08-07 18:13:15",64727,603252,520289,82962,100000,-0.0144,0.0080,+0.0,+0.0000,SHORT,RUNNING
="2026-08-07 18:13:16",64727,240390,157427,82962,100000,-0.0144,0.0080,+0.0,+0.0000,SHORT,RUNNING
="2026-08-07 18:13:17",64727,240390,157427,82962,100000,-0.0155,0.0080,+0.0,+0.0000,SHORT,RUNNING
="2026-08-07 18:13:18",64727,240390,157427,82962,100000,-0.0131,0.0080,+0.0,+0.0000,SHORT,RUNNING
="2026-08-07 18:13:19",64727,240390,157427,82962,100000,-0.0131,0.0080,+0.0,+0.0000,SHORT,RUNNING
="2026-08-07 18:13:20",64727,240390,157427,82962,100000,-0.0131,0.0080,+0.0,+0.0000,SHORT,RUNNING
="2026-08-07 18:13:21",64727,285345,202383,82962,100000,-0.0131,0.0080,+0.0,+0.0000,SHORT,RUNNING
="2026-08-07 18:13:22",64721,285345,202383,82962,100000,-0.0027,0.0080,+0.0,+0.0000,NONE,RUNNING
="2026-08-07 18:13:23",64721,285345,202383,82962,100000,-0.0027,0.0080,+0.0,+0.0000,NONE,RUNNING
="2026-08-07 18:13:24",64721,285345,202383,82962,100000,-0.0008,0.0080,+0.0,+0.0000,NONE,RUNNING
="2026-08-07 18:13:25",64721,285345,202383,82962,100000,+0.0006,0.0080,+0.0,+0.0000,NONE,RUNNING
="2026-08-07 18:13:26",64721,285345,202383,82962,100000,+0.0006,0.0080,+0.0,+0.0000,NONE,RUNNING
="2026-08-07 18:13:27",64721,285345,202383,82962,100000,+0.0010,0.0080,+0.0,+0.0000,NONE,RUNNING
="2026-08-07 18:13:28",64721,221620,202383,19237,100000,+0.0010,0.0080,+0.0,+0.0000,NONE,RUNNING
="2026-08-07 18:13:29",64721,221620,202383,19237,100000,-0.0023,0.0080,+0.0,+0.0000,NONE,RUNNING
="2026-08-07 18:13:30",64721,221620,202383,19237,100000,-0.0016,0.0080,+0.0,+0.0000,NONE,RUNNING
="2026-08-07 18:13:31",64721,245017,225780,19237,100000,-0.0016,0.0080,+0.0,+0.0000,NONE,RUNNING
="2026-08-07 18:13:32",64721,245017,225780,19237,100000,-0.0016,0.0080,+0.0,+0.0000,NONE,RUNNING
="2026-08-07 18:13:33",64721,245017,225780,19237,100000,-0.0015,0.0080,+0.0,+0.0000,NONE,RUNNING
="2026-08-07 18:13:34",64721,98819,79582,19237,100000,-0.0015,0.0080,+0.0,+0.0000,NONE,RUNNING
="2026-08-07 18:13:35",64721,98819,79582,19237,100000,+0.0007,0.0080,+0.0,+0.0000,NONE,RUNNING
="2026-08-07 18:13:36",64721,98819,79582,19237,100000,+0.0010,0.0080,+0.0,+0.0000,NONE,RUNNING
="2026-08-07 18:13:37",64721,98819,79582,19237,100000,+0.0010,0.0080,+0.0,+0.0000,NONE,RUNNING
="2026-08-07 18:13:38",64721,98819,79582,19237,100000,+0.0041,0.0080,+0.0,+0.0000,NONE,RUNNING
="2026-08-07 18:13:39",64721,98819,79582,19237,100000,+0.0042,0.0080,+0.0,+0.0000,NONE,RUNNING
="2026-08-07 18:13:40",64721,98819,79582,19237,100000,+0.0042,0.0080,+0.0,+0.0000,NONE,RUNNING
="2026-08-07 18:13:41",64721,98819,79582,19237,100000,+0.0042,0.0080,+0.0,+0.0000,NONE,RUNNING
="2026-08-07 18:13:42",64721,98819,79582,19237,100000,+0.0042,0.0080,+0.0,+0.0000,NONE,RUNNING
="2026-08-07 18:13:43",64721,98819,79582,19237,100000,+0.0042,0.0080,+0.0,+0.0000,NONE,RUNNING
="2026-08-07 18:13:44",64721,98819,79582,19237,100000,+0.0057,0.0080,+0.0,+0.0000,NONE,RUNNING
="2026-08-07 18:13:45",64721,98819,79582,19237,100000,+0.0057,0.0080,+0.0,+0.0000,NONE,RUNNING
="2026-08-07 18:13:46",64721,98819,79582,19237,100000,+0.0044,0.0080,+0.0,+0.0000,NONE,RUNNING
="2026-08-07 18:13:47",64721,98819,79582,19237,100000,+0.0051,0.0080,+0.0,+0.0000,NONE,RUNNING
="2026-08-07 18:13:48",64721,98819,79582,19237,100000,+0.0051,0.0080,+0.0,+0.0000,NONE,RUNNING
="2026-08-07 18:13:49",64721,79582,79582,0,100000,+0.0053,0.0080,+0.0,+0.0000,NONE,RUNNING
="2026-08-07 18:13:50",64721,79582,79582,0,100000,+0.0063,0.0080,+0.0,+0.0000,NONE,RUNNING
="2026-08-07 18:13:51",64721,79582,79582,0,100000,+0.0063,0.0080,+0.0,+0.0000,NONE,RUNNING
="2026-08-07 18:13:52",64721,79582,79582,0,100000,+0.0062,0.0080,+0.0,+0.0000,NONE,RUNNING
="2026-08-07 18:13:53",64721,79582,79582,0,100000,+0.0044,0.0080,+0.0,+0.0000,NONE,RUNNING
="2026-08-07 18:13:54",64721,79582,79582,0,100000,+0.0048,0.0080,+0.0,+0.0000,NONE,RUNNING
="2026-08-07 18:13:55",64721,79582,79582,0,100000,+0.0048,0.0080,+0.0,+0.0000,NONE,RUNNING
="2026-08-07 18:13:56",64721,79582,79582,0,100000,+0.0047,0.0080,+0.0,+0.0000,NONE,RUNNING
="2026-08-07 18:13:57",64721,79582,79582,0,100000,+0.0049,0.0080,+0.0,+0.0000,NONE,RUNNING
="2026-08-07 18:13:58",64721,79582,79582,0,100000,+0.0049,0.0080,+0.0,+0.0000,NONE,RUNNING
="2026-08-07 18:13:59",64721,79582,79582,0,100000,+0.0050,0.0080,+0.0,+0.0000,NONE,RUNNING
="2026-08-07 18:14:00",64721,79582,79582,0,100000,+0.0050,0.0080,+0.0,+0.0000,NONE,RUNNING
="2026-08-07 18:14:01",64721,79582,79582,0,100000,+0.0048,0.0080,+0.0,+0.0000,NONE,RUNNING
="2026-08-07 18:14:02",64721,79582,79582,0,100000,+0.0050,0.0080,+0.0,+0.0000,NONE,RUNNING
="2026-08-07 18:14:03",64721,179663,79582,100080,100000,+0.0050,0.0080,+0.0,+0.0000,NONE,RUNNING
="2026-08-07 18:14:04",64735,179663,79582,100080,100000,+0.0040,0.0080,+0.0,+0.0000,NONE,RUNNING
="2026-08-07 18:14:05",64735,179663,79582,100080,100000,+0.0011,0.0080,+0.0,+0.0000,NONE,RUNNING
="2026-08-07 18:14:06",64735,179663,79582,100080,100000,+0.0147,0.0080,+0.0,+0.0000,LONG,RUNNING
="2026-08-07 18:14:07",64735,179663,79582,100080,100000,+0.0147,0.0080,+0.0,+0.0000,LONG,RUNNING
="2026-08-07 18:14:08",64735,179663,79582,100080,100000,+0.0154,0.0080,+0.0,+0.0000,LONG,RUNNING
="2026-08-07 18:14:09",64735,179663,79582,100080,100000,+0.0154,0.0080,+0.0,+0.0000,LONG,RUNNING
="2026-08-07 18:14:10",64735,179663,79582,100080,100000,+0.0154,0.0080,+0.0,+0.0000,LONG,RUNNING
="2026-08-07 18:14:11",64735,179663,79582,100080,100000,+0.0153,0.0080,+0.0,+0.0000,LONG,RUNNING
="2026-08-07 18:14:12",64735,179663,79582,100080,100000,+0.0141,0.0080,+0.0,+0.0000,LONG,RUNNING
="2026-08-07 18:14:13",64737,179663,79582,100080,100000,+0.0141,0.0080,+0.0,+0.0000,LONG,RUNNING
="2026-08-07 18:14:14",64737,179663,79582,100080,100000,+0.0141,0.0080,+0.0,+0.0000,LONG,RUNNING
="2026-08-07 18:14:15",64737,168433,68352,100080,100000,+0.0163,0.0080,+0.0,+0.0000,LONG,RUNNING
="2026-08-07 18:14:17",64739,168433,68352,100080,100000,+0.0141,0.0080,+0.0,+0.0000,LONG,RUNNING
="2026-08-07 18:14:18",64739,168433,68352,100080,100000,+0.0141,0.0080,+0.0,+0.0000,LONG,RUNNING
="2026-08-07 18:14:19",64739,168433,68352,100080,100000,+0.0118,0.0080,+0.0,+0.0000,LONG,RUNNING
="2026-08-07 18:14:20",64739,168433,68352,100080,100000,+0.0118,0.0080,+0.0,+0.0000,LONG,RUNNING
="2026-08-07 18:14:21",64739,168433,68352,100080,100000,+0.0118,0.0080,+0.0,+0.0000,LONG,RUNNING
="2026-08-07 18:14:22",64739,123478,23397,100080,100000,+0.0118,0.0080,+0.0,+0.0000,LONG,RUNNING
="2026-08-07 18:14:23",64739,123478,23397,100080,100000,+0.0115,0.0080,+0.0,+0.0000,LONG,RUNNING
="2026-08-07 18:14:24",64739,123478,23397,100080,100000,+0.0115,0.0080,+0.0,+0.0000,LONG,RUNNING
="2026-08-07 18:14:25",64739,123478,23397,100080,100000,+0.0096,0.0080,+0.0,+0.0000,LONG,RUNNING
="2026-08-07 18:14:26",64739,123478,23397,100080,100000,+0.0056,0.0080,+0.0,+0.0000,NONE,RUNNING
="2026-08-07 18:14:27",64739,123478,23397,100080,100000,+0.0053,0.0080,+0.0,+0.0000,NONE,RUNNING
="2026-08-07 18:14:28",64739,123478,23397,100080,100000,+0.0053,0.0080,+0.0,+0.0000,NONE,RUNNING
="2026-08-07 18:14:29",64739,123478,23397,100080,100000,+0.0066,0.0080,+0.0,+0.0000,NONE,RUNNING
="2026-08-07 18:14:30",64739,123478,23397,100080,100000,+0.0066,0.0080,+0.0,+0.0000,NONE,RUNNING
="2026-08-07 18:14:31",64739,100080,0,100080,100000,+0.0060,0.0080,+0.0,+0.0000,NONE,RUNNING
="2026-08-07 18:14:32",64739,100080,0,100080,100000,+0.0055,0.0080,+0.0,+0.0000,NONE,RUNNING
="2026-08-07 18:14:33",64739,100080,0,100080,100000,+0.0054,0.0080,+0.0,+0.0000,NONE,RUNNING
="2026-08-07 18:14:34",64739,100080,0,100080,100000,+0.0054,0.0080,+0.0,+0.0000,NONE,RUNNING
="2026-08-07 18:14:35",64739,100080,0,100080,100000,+0.0054,0.0080,+0.0,+0.0000,NONE,RUNNING
="2026-08-07 18:14:36",64739,100080,0,100080,100000,+0.0052,0.0080,+0.0,+0.0000,NONE,RUNNING
="2026-08-07 18:14:37",64739,100080,0,100080,100000,+0.0052,0.0080,+0.0,+0.0000,NONE,RUNNING
="2026-08-07 18:14:38",64739,100080,0,100080,100000,+0.0045,0.0080,+0.0,+0.0000,NONE,RUNNING
="2026-08-07 18:14:39",64739,100080,0,100080,100000,+0.0044,0.0080,+0.0,+0.0000,NONE,RUNNING
="2026-08-07 18:14:40",64739,100080,0,100080,100000,+0.0044,0.0080,+0.0,+0.0000,NONE,RUNNING
="2026-08-07 18:14:41",64739,100080,0,100080,100000,+0.0044,0.0080,+0.0,+0.0000,NONE,RUNNING
="2026-08-07 18:14:42",64739,100080,0,100080,100000,+0.0043,0.0080,+0.0,+0.0000,NONE,RUNNING
="2026-08-07 18:14:43",64739,100080,0,100080,100000,+0.0043,0.0080,+0.0,+0.0000,NONE,RUNNING
="2026-08-07 18:14:44",64739,100080,0,100080,100000,+0.0043,0.0080,+0.0,+0.0000,NONE,RUNNING
="2026-08-07 18:14:45",64739,184228,84147,100080,100000,+0.0043,0.0080,+0.0,+0.0000,NONE,RUNNING
="2026-08-07 18:14:46",64733,242453,142372,100080,100000,+0.0056,0.0080,+0.0,+0.0000,NONE,RUNNING
="2026-08-07 18:14:47",64733,242453,142372,100080,100000,+0.0045,0.0080,+0.0,+0.0000,NONE,RUNNING
="2026-08-07 18:14:48",64733,242453,142372,100080,100000,+0.0045,0.0080,+0.0,+0.0000,NONE,RUNNING
="2026-08-07 18:14:49",64733,242453,142372,100080,100000,+0.0043,0.0080,+0.0,+0.0000,NONE,RUNNING
="2026-08-07 18:14:50",64733,242453,142372,100080,100000,+0.0043,0.0080,+0.0,+0.0000,NONE,RUNNING
="2026-08-07 18:14:51",64733,254273,154193,100080,100000,+0.0043,0.0080,+0.0,+0.0000,NONE,RUNNING
="2026-08-07 18:14:52",64733,254273,154193,100080,100000,+0.0044,0.0080,+0.0,+0.0000,NONE,RUNNING
="2026-08-07 18:14:53",64733,254273,154193,100080,100000,+0.0060,0.0080,+0.0,+0.0000,NONE,RUNNING
="2026-08-07 18:14:54",64733,254273,154193,100080,100000,+0.0057,0.0080,+0.0,+0.0000,NONE,RUNNING
="2026-08-07 18:14:55",64733,254273,154193,100080,100000,+0.0057,0.0080,+0.0,+0.0000,NONE,RUNNING
="2026-08-07 18:14:56",64733,254273,154193,100080,100000,+0.0072,0.0080,+0.0,+0.0000,NONE,RUNNING
="2026-08-07 18:14:57",64733,254273,154193,100080,100000,+0.0070,0.0080,+0.0,+0.0000,NONE,RUNNING
="2026-08-07 18:14:58",64733,254273,154193,100080,100000,+0.0070,0.0080,+0.0,+0.0000,NONE,RUNNING
="2026-08-07 18:14:59",64733,254273,154193,100080,100000,+0.0070,0.0080,+0.0,+0.0000,NONE,RUNNING
="2026-08-07 18:15:00",64733,254273,154193,100080,100000,+0.0070,0.0080,+0.0,+0.0000,NONE,RUNNING
="2026-08-07 18:15:01",64733,254273,154193,100080,100000,+0.0072,0.0080,+0.0,+0.0000,NONE,RUNNING
="2026-08-07 18:15:02",64733,254273,154193,100080,100000,+0.0063,0.0080,+0.0,+0.0000,NONE,RUNNING
="2026-08-07 18:15:03",64733,154193,154193,0,100000,+0.0063,0.0080,+0.0,+0.0000,NONE,RUNNING
="2026-08-07 18:15:04",64733,154193,154193,0,100000,+0.0073,0.0080,+0.0,+0.0000,NONE,RUNNING
="2026-08-07 18:15:05",64733,154193,154193,0,100000,+0.0060,0.0080,+0.0,+0.0000,NONE,RUNNING
="2026-08-07 18:15:06",64733,154193,154193,0,100000,-0.0076,0.0080,+0.0,+0.0000,NONE,RUNNING
="2026-08-07 18:15:07",64733,283659,154193,129466,100000,-0.0076,0.0080,+0.0,+0.0000,NONE,RUNNING
="2026-08-07 18:15:08",64733,283659,154193,129466,100000,-0.0076,0.0080,+0.0,+0.0000,NONE,RUNNING
="2026-08-07 18:15:09",64733,283659,154193,129466,100000,-0.0069,0.0080,+0.0,+0.0000,NONE,RUNNING
="2026-08-07 18:15:10",64733,283659,154193,129466,100000,-0.0069,0.0080,+0.0,+0.0000,NONE,RUNNING
="2026-08-07 18:15:11",64733,283659,154193,129466,100000,-0.0067,0.0080,+0.0,+0.0000,NONE,RUNNING
="2026-08-07 18:15:12",64735,283659,154193,129466,100000,-0.0067,0.0080,+0.0,+0.0000,NONE,RUNNING
="2026-08-07 18:15:13",64735,283659,154193,129466,100000,-0.0056,0.0080,+0.0,+0.0000,NONE,RUNNING
="2026-08-07 18:15:14",64735,283659,154193,129466,100000,-0.0056,0.0080,+0.0,+0.0000,NONE,RUNNING
="2026-08-07 18:15:15",64735,283659,154193,129466,100000,-0.0056,0.0080,+0.0,+0.0000,NONE,RUNNING
="2026-08-07 18:15:16",64735,283659,154193,129466,100000,-0.0034,0.0080,+0.0,+0.0000,NONE,RUNNING
="2026-08-07 18:15:17",64735,283659,154193,129466,100000,-0.0034,0.0080,+0.0,+0.0000,NONE,RUNNING
="2026-08-07 18:15:18",64735,283659,154193,129466,100000,-0.0080,0.0080,+0.0,+0.0000,SHORT,RUNNING
="2026-08-07 18:15:19",64735,283659,154193,129466,100000,-0.0081,0.0080,+0.0,+0.0000,SHORT,RUNNING
="2026-08-07 18:15:20",64735,283659,154193,129466,100000,-0.0081,0.0080,+0.0,+0.0000,SHORT,RUNNING
="2026-08-07 18:15:21",64735,283659,154193,129466,100000,-0.0082,0.0080,+0.0,+0.0000,SHORT,RUNNING
="2026-08-07 18:15:22",64735,283659,154193,129466,100000,-0.0078,0.0080,+0.0,+0.0000,NONE,RUNNING
="2026-08-07 18:15:23",64735,283659,154193,129466,100000,-0.0078,0.0080,+0.0,+0.0000,NONE,RUNNING
="2026-08-07 18:15:24",64735,283659,154193,129466,100000,-0.0084,0.0080,+0.0,+0.0000,SHORT,RUNNING
="2026-08-07 18:15:25",64735,283659,154193,129466,100000,-0.0044,0.0080,+0.0,+0.0000,NONE,RUNNING
="2026-08-07 18:15:26",64735,283659,154193,129466,100000,-0.0044,0.0080,+0.0,+0.0000,NONE,RUNNING
="2026-08-07 18:15:27",64735,283659,154193,129466,100000,-0.0096,0.0080,+0.0,+0.0000,SHORT,RUNNING
="2026-08-07 18:15:28",64735,283659,154193,129466,100000,-0.0109,0.0080,+0.0,+0.0000,SHORT,RUNNING
="2026-08-07 18:15:29",64735,283659,154193,129466,100000,-0.0109,0.0080,+0.0,+0.0000,SHORT,RUNNING
="2026-08-07 18:15:30",64735,283659,154193,129466,100000,-0.0109,0.0080,+0.0,+0.0000,SHORT,RUNNING
="2026-08-07 18:15:31",64735,283659,154193,129466,100000,-0.0105,0.0080,+0.0,+0.0000,SHORT,RUNNING
="2026-08-07 18:15:32",64735,283659,154193,129466,100000,-0.0105,0.0080,+0.0,+0.0000,SHORT,RUNNING
="2026-08-07 18:15:33",64735,283659,154193,129466,100000,-0.0090,0.0080,+0.0,+0.0000,SHORT,RUNNING
="2026-08-07 18:15:34",64735,283659,154193,129466,100000,-0.0090,0.0080,+0.0,+0.0000,SHORT,RUNNING
="2026-08-07 18:15:35",64735,283659,154193,129466,100000,-0.0090,0.0080,+0.0,+0.0000,SHORT,RUNNING
="2026-08-07 18:15:36",64735,283659,154193,129466,100000,-0.0092,0.0080,+0.0,+0.0000,SHORT,RUNNING
="2026-08-07 18:15:37",64735,283659,154193,129466,100000,-0.0085,0.0080,+0.0,+0.0000,SHORT,RUNNING
="2026-08-07 18:15:38",64735,327146,154193,172953,100000,-0.0085,0.0080,+0.0,+0.0000,LONG,RUNNING
="2026-08-07 18:15:39",64741,327146,154193,172953,100000,-0.0085,0.0080,+0.0,+0.0000,LONG,RUNNING
="2026-08-07 18:15:40",64741,327146,154193,172953,100000,-0.0085,0.0080,+0.0,+0.0000,LONG,RUNNING
="2026-08-07 18:15:41",64741,327146,154193,172953,100000,-0.0085,0.0080,+0.0,+0.0000,LONG,RUNNING
="2026-08-07 18:15:42",64741,327146,154193,172953,100000,-0.0093,0.0080,+0.0,+0.0000,LONG,RUNNING
="2026-08-07 18:15:43",64741,327146,154193,172953,100000,-0.0093,0.0080,+0.0,+0.0000,LONG,RUNNING
="2026-08-07 18:15:44",64741,327146,154193,172953,100000,-0.0093,0.0080,+0.0,+0.0000,LONG,RUNNING
="2026-08-07 18:15:45",64741,184773,11820,172953,100000,-0.0078,0.0080,+0.0,+0.0000,NONE,RUNNING
="2026-08-07 18:15:46",64741,184773,11820,172953,100000,-0.0078,0.0080,+0.0,+0.0000,NONE,RUNNING
="2026-08-07 18:15:47",64741,184773,11820,172953,100000,-0.0068,0.0080,+0.0,+0.0000,NONE,RUNNING
="2026-08-07 18:15:48",64741,184773,11820,172953,100000,-0.0063,0.0080,+0.0,+0.0000,NONE,RUNNING
="2026-08-07 18:15:49",64741,184773,11820,172953,100000,-0.0063,0.0080,+0.0,+0.0000,NONE,RUNNING
="2026-08-07 18:15:50",64741,172953,0,172953,100000,-0.0063,0.0080,+0.0,+0.0000,NONE,RUNNING
="2026-08-07 18:15:51",64741,172953,0,172953,100000,-0.0060,0.0080,+0.0,+0.0000,NONE,RUNNING
="2026-08-07 18:15:52",64741,172953,0,172953,100000,-0.0076,0.0080,+0.0,+0.0000,NONE,RUNNING
="2026-08-07 18:15:53",64741,172953,0,172953,100000,-0.0076,0.0080,+0.0,+0.0000,NONE,RUNNING
="2026-08-07 18:15:54",64741,172953,0,172953,100000,-0.0076,0.0080,+0.0,+0.0000,NONE,RUNNING
="2026-08-07 18:15:56",64741,172953,0,172953,100000,-0.0093,0.0080,+0.0,+0.0000,LONG,RUNNING
="2026-08-07 18:15:57",64741,172953,0,172953,100000,-0.0093,0.0080,+0.0,+0.0000,LONG,RUNNING
="2026-08-07 18:15:58",64741,172953,0,172953,100000,-0.0093,0.0080,+0.0,+0.0000,LONG,RUNNING
="2026-08-07 18:15:59",64741,172953,0,172953,100000,-0.0090,0.0080,+0.0,+0.0000,LONG,RUNNING
="2026-08-07 18:16:00",64745,192953,0,192953,100000,-0.0090,0.0080,+0.0,+0.0000,LONG,RUNNING
="2026-08-07 18:16:01",64748,192953,0,192953,100000,-0.0090,0.0080,+0.0,+0.0000,LONG,RUNNING
="2026-08-07 18:16:02",64748,192953,0,192953,100000,-0.0081,0.0080,+0.0,+0.0000,LONG,RUNNING
="2026-08-07 18:16:03",64748,192953,0,192953,100000,-0.0081,0.0080,+0.0,+0.0000,LONG,RUNNING
="2026-08-07 18:16:04",64748,192953,0,192953,100000,-0.0081,0.0080,+0.0,+0.0000,LONG,RUNNING
="2026-08-07 18:16:05",64748,192953,0,192953,100000,-0.0083,0.0080,+0.0,+0.0000,LONG,RUNNING
="2026-08-07 18:16:06",64748,192953,0,192953,100000,-0.0083,0.0080,+0.0,+0.0000,LONG,RUNNING
="2026-08-07 18:16:07",64743,515304,322351,192953,100000,-0.0083,0.0080,+0.0,+0.0000,SHORT,RUNNING
="2026-08-07 18:16:08",64743,385838,322351,63486,100000,-0.0078,0.0080,+0.0,+0.0000,NONE,RUNNING
="2026-08-07 18:16:09",64743,398786,322351,76435,100000,-0.0086,0.0080,+0.0,+0.0000,SHORT,RUNNING
="2026-08-07 18:16:10",64743,398786,322351,76435,100000,-0.0086,0.0080,+0.0,+0.0000,SHORT,RUNNING
="2026-08-07 18:16:11",64747,398786,322351,76435,100000,-0.0086,0.0080,+0.0,+0.0000,SHORT,RUNNING
="2026-08-07 18:16:12",64747,398786,322351,76435,100000,-0.0087,0.0080,+0.0,+0.0000,SHORT,RUNNING
="2026-08-07 18:16:13",64747,398786,322351,76435,100000,-0.0012,0.0080,+0.0,+0.0000,NONE,RUNNING
="2026-08-07 18:16:14",64747,398786,322351,76435,100000,-0.0012,0.0080,+0.0,+0.0000,NONE,RUNNING
="2026-08-07 18:16:15",64747,398786,322351,76435,100000,-0.0012,0.0080,+0.0,+0.0000,NONE,RUNNING
="2026-08-07 18:16:16",64747,398786,322351,76435,100000,-0.0007,0.0080,+0.0,+0.0000,NONE,RUNNING
="2026-08-07 18:16:17",64747,398786,322351,76435,100000,-0.0007,0.0080,+0.0,+0.0000,NONE,RUNNING
="2026-08-07 18:16:18",64741,1027838,951403,76435,100000,+0.0039,0.0080,+0.0,+0.0000,NONE,RUNNING
="2026-08-07 18:16:19",64742,1027838,951403,76435,100000,+0.0034,0.0080,+0.0,+0.0000,NONE,RUNNING
="2026-08-07 18:16:20",64742,1027838,951403,76435,100000,+0.0034,0.0080,+0.0,+0.0000,NONE,RUNNING
="2026-08-07 18:16:21",64742,1027838,951403,76435,100000,+0.0035,0.0080,+0.0,+0.0000,NONE,RUNNING
="2026-08-07 18:16:22",64742,1027838,951403,76435,100000,+0.0035,0.0080,+0.0,+0.0000,NONE,RUNNING
="2026-08-07 18:16:23",64742,1027838,951403,76435,100000,+0.0033,0.0080,+0.0,+0.0000,NONE,RUNNING
="2026-08-07 18:16:24",64742,1027838,951403,76435,100000,+0.0038,0.0080,+0.0,+0.0000,NONE,RUNNING
="2026-08-07 18:16:25",64742,1067499,991064,76435,100000,+0.0038,0.0080,+0.0,+0.0000,NONE,RUNNING
="2026-08-07 18:16:26",64742,1093782,1017346,76435,100000,+0.0038,0.0080,+0.0,+0.0000,NONE,RUNNING
="2026-08-07 18:16:27",64742,1109608,1033172,76435,100000,+0.0090,0.0080,+0.0,+0.0000,SHORT,RUNNING
="2026-08-07 18:16:28",64742,1109608,1033172,76435,100000,+0.0090,0.0080,+0.0,+0.0000,SHORT,RUNNING
="2026-08-07 18:16:29",64742,1109608,1033172,76435,100000,+0.0126,0.0080,+0.0,+0.0000,SHORT,RUNNING
="2026-08-07 18:16:30",64742,1109608,1033172,76435,100000,+0.0126,0.0080,+0.0,+0.0000,SHORT,RUNNING
="2026-08-07 18:16:31",64742,1109608,1033172,76435,100000,+0.0126,0.0080,+0.0,+0.0000,SHORT,RUNNING
="2026-08-07 18:16:32",64742,1109608,1033172,76435,100000,+0.0128,0.0080,+0.0,+0.0000,SHORT,RUNNING
="2026-08-07 18:16:33",64742,1109608,1033172,76435,100000,+0.0114,0.0080,+0.0,+0.0000,SHORT,RUNNING
="2026-08-07 18:16:34",64742,1109608,1033172,76435,100000,+0.0114,0.0080,+0.0,+0.0000,SHORT,RUNNING
="2026-08-07 18:16:35",64742,1109608,1033172,76435,100000,+0.0101,0.0080,+0.0,+0.0000,SHORT,RUNNING
="2026-08-07 18:16:36",64742,1109608,1033172,76435,100000,+0.0102,0.0080,+0.0,+0.0000,SHORT,RUNNING
="2026-08-07 18:16:37",64742,1109608,1033172,76435,100000,+0.0102,0.0080,+0.0,+0.0000,SHORT,RUNNING
="2026-08-07 18:16:38",64742,1066121,1033172,32948,100000,+0.0107,0.0080,+0.0,+0.0000,SHORT,RUNNING
="2026-08-07 18:16:39",64742,1066121,1033172,32948,100000,+0.0107,0.0080,+0.0,+0.0000,SHORT,RUNNING
="2026-08-07 18:16:40",64742,1066121,1033172,32948,100000,+0.0107,0.0080,+0.0,+0.0000,SHORT,RUNNING
="2026-08-07 18:16:41",64742,1066121,1033172,32948,100000,+0.0107,0.0080,+0.0,+0.0000,SHORT,RUNNING
="2026-08-07 18:16:42",64742,1066121,1033172,32948,100000,+0.0107,0.0080,+0.0,+0.0000,SHORT,RUNNING
="2026-08-07 18:16:43",64742,1066121,1033172,32948,100000,+0.0116,0.0080,+0.0,+0.0000,SHORT,RUNNING
="2026-08-07 18:16:44",64742,1066121,1033172,32948,100000,+0.0078,0.0080,+0.0,+0.0000,NONE,RUNNING
="2026-08-07 18:16:45",64742,1066121,1033172,32948,100000,+0.0078,0.0080,+0.0,+0.0000,NONE,RUNNING
="2026-08-07 18:16:46",64742,1066121,1033172,32948,100000,+0.0067,0.0080,+0.0,+0.0000,NONE,RUNNING
="2026-08-07 18:16:47",64742,1066121,1033172,32948,100000,+0.0067,0.0080,+0.0,+0.0000,NONE,RUNNING
="2026-08-07 18:16:48",64742,1066121,1033172,32948,100000,+0.0067,0.8080,+0.0,+0.0000,NONE,RUNNING
="2026-08-07 18:16:49",64742,1066121,1033172,32948,100000,+0.0062,0.8080,+0.0,+0.0000,NONE,RUNNING
="2026-08-07 18:16:50",64742,1066121,1033172,32948,100000,+0.0040,0.8080,+0.0,+0.0000,NONE,RUNNING
="2026-08-07 18:16:51",64742,1066121,1033172,32948,100000,+0.0037,0.8080,+0.0,+0.0000,NONE,RUNNING
="2026-08-07 18:16:52",64742,1066121,1033172,32948,100000,+0.0037,0.8080,+0.0,+0.0000,NONE,RUNNING
="2026-08-07 18:16:53",64742,1066121,1033172,32948,100000,+0.0037,0.8080,+0.0,+0.0000,NONE,RUNNING
="2026-08-07 18:16:54",64742,1066121,1033172,32948,100000,+0.0039,0.8080,+0.0,+0.0000,NONE,RUNNING
="2026-08-07 18:16:55",64742,1066121,1033172,32948,100000,+0.0039,0.8080,+0.0,+0.0000,NONE,RUNNING
="2026-08-07 18:16:56",64742,1066121,1033172,32948,100000,+0.0045,0.8080,+0.0,+0.0000,NONE,RUNNING
="2026-08-07 18:16:57",64742,1066121,1033172,32948,100000,+0.0045,0.8080,+0.0,+0.0000,NONE,RUNNING
="2026-08-07 18:16:58",64742,1066121,1033172,32948,100000,+0.0042,0.8080,+0.0,+0.0000,NONE,RUNNING
="2026-08-07 18:16:59",64742,1066121,1033172,32948,100000,+0.0037,0.8080,+0.0,+0.0000,NONE,RUNNING
="2026-08-07 18:17:00",64742,1046121,1033172,12948,100000,+0.0037,0.8080,+0.0,+0.0000,NONE,RUNNING
="2026-08-07 18:17:01",64742,1046121,1033172,12948,100000,+0.0037,0.8080,+0.0,+0.0000,NONE,RUNNING
="2026-08-07 18:17:02",64742,1046121,1033172,12948,100000,+0.0039,0.8080,+0.0,+0.0000,NONE,RUNNING
="2026-08-07 18:17:03",64742,1046121,1033172,12948,100000,+0.0055,0.8080,+0.0,+0.0000,NONE,RUNNING
="2026-08-07 18:17:04",64742,1067247,1033172,34074,100000,+0.0055,0.8080,+0.0,+0.0000,NONE,RUNNING
="2026-08-07 18:17:05",64743,1067247,1033172,34074,100000,+0.0051,0.8080,+0.0,+0.0000,NONE,RUNNING
="2026-08-07 18:17:06",64743,744896,710821,34074,100000,+0.0051,0.8080,+0.0,+0.0000,NONE,RUNNING
="2026-08-07 18:17:07",64743,744896,710821,34074,100000,+0.0046,0.8080,+0.0,+0.0000,NONE,RUNNING
="2026-08-07 18:17:08",64743,731947,710821,21126,100000,+0.0046,0.8080,+0.0,+0.0000,NONE,RUNNING
="2026-08-07 18:17:09",64743,731947,710821,21126,100000,+0.0046,0.8080,+0.0,+0.0000,NONE,RUNNING
="2026-08-07 18:17:10",64743,731947,710821,21126,100000,+0.0046,0.8080,+0.0,+0.0000,NONE,RUNNING
="2026-08-07 18:17:11",64743,731947,710821,21126,100000,+0.0046,0.8080,+0.0,+0.0000,NONE,RUNNING
="2026-08-07 18:17:12",64743,731947,710821,21126,100000,+0.0012,0.8080,+0.0,+0.0000,NONE,RUNNING
="2026-08-07 18:17:13",64743,731947,710821,21126,100000,-0.0064,0.8080,+0.0,+0.0000,NONE,RUNNING
="2026-08-07 18:17:14",64744,731947,710821,21126,100000,-0.0064,0.8080,+0.0,+0.0000,NONE,RUNNING
="2026-08-07 18:17:15",64744,731947,710821,21126,100000,-0.0063,0.8080,+0.0,+0.0000,NONE,RUNNING
="2026-08-07 18:17:16",64744,731947,710821,21126,100000,-0.0067,0.8080,+0.0,+0.0000,NONE,RUNNING
="2026-08-07 18:17:17",64744,142219,81769,60449,100000,-0.0067,0.8080,+0.0,+0.0000,NONE,RUNNING
="2026-08-07 18:17:18",64749,142219,81769,60449,100000,-0.0067,0.8080,+0.0,+0.0000,NONE,RUNNING
="2026-08-07 18:17:19",64751,142219,81769,60449,100000,-0.0062,0.8080,+0.0,+0.0000,NONE,RUNNING
="2026-08-07 18:17:20",64751,142219,81769,60449,100000,-0.0062,0.8080,+0.0,+0.0000,NONE,RUNNING
="2026-08-07 18:17:21",64751,142219,81769,60449,100000,-0.0059,0.8080,+0.0,+0.0000,NONE,RUNNING
="2026-08-07 18:17:22",64753,142219,81769,60449,100000,-0.0059,0.8080,+0.0,+0.0000,NONE,RUNNING
="2026-08-07 18:17:23",64754,142219,81769,60449,100000,-0.0030,0.8080,+0.0,+0.0000,NONE,RUNNING
="2026-08-07 18:17:24",64754,102558,42108,60449,100000,-0.0030,0.8080,+0.0,+0.0000,NONE,RUNNING
="2026-08-07 18:17:25",64754,76275,15826,60449,100000,-0.0029,0.8080,+0.0,+0.0000,NONE,RUNNING
="2026-08-07 18:17:26",64753,60449,0,60449,100000,-0.0034,0.8080,+0.0,+0.0000,NONE,RUNNING
="2026-08-07 18:17:27",64753,60449,0,60449,100000,-0.0034,0.8080,+0.0,+0.0000,NONE,RUNNING
="2026-08-07 18:17:28",64754,60449,0,60449,100000,-0.0070,0.8080,+0.0,+0.0000,NONE,RUNNING
="2026-08-07 18:17:29",64753,60449,0,60449,100000,-0.0070,0.8080,+0.0,+0.0000,NONE,RUNNING
="2026-08-07 18:17:30",64753,60449,0,60449,100000,-0.0069,0.8080,+0.0,+0.0000,NONE,RUNNING
="2026-08-07 18:17:31",64754,60449,0,60449,100000,-0.0071,0.8080,+0.0,+0.0000,NONE,RUNNING
="2026-08-07 18:17:33",64754,60449,0,60449,100000,-0.0071,0.8080,+0.0,+0.0000,NONE,RUNNING
="2026-08-07 18:17:34",64755,60449,0,60449,100000,-0.0071,0.8080,+0.0,+0.0000,NONE,RUNNING
="2026-08-07 18:17:35",64756,60449,0,60449,100000,-0.0059,0.8080,+0.0,+0.0000,NONE,RUNNING
="2026-08-07 18:17:36",64755,60449,0,60449,100000,-0.0059,0.8080,+0.0,+0.0000,NONE,RUNNING
="2026-08-07 18:17:37",64755,60449,0,60449,100000,-0.0052,0.8080,+0.0,+0.0000,NONE,RUNNING
="2026-08-07 18:17:38",64756,60449,0,60449,100000,-0.0056,0.8080,+0.0,+0.0000,NONE,RUNNING
="2026-08-07 18:17:39",64755,60449,0,60449,100000,-0.0077,0.8080,+0.0,+0.0000,NONE,RUNNING
="2026-08-07 18:17:40",64755,60449,0,60449,100000,-0.0077,0.8080,+0.0,+0.0000,NONE,RUNNING
="2026-08-07 18:17:41",64755,60449,0,60449,100000,-0.0078,0.8080,+0.0,+0.0000,NONE,RUNNING
="2026-08-07 18:17:42",64756,60449,0,60449,100000,-0.0078,0.8080,+0.0,+0.0000,NONE,RUNNING
="2026-08-07 18:17:43",64756,60449,0,60449,100000,-0.0074,0.8080,+0.0,+0.0000,NONE,RUNNING
="2026-08-07 18:17:44",64756,60449,0,60449,100000,-0.0036,0.8080,+0.0,+0.0000,NONE,RUNNING
="2026-08-07 18:17:45",64756,60449,0,60449,100000,-0.0036,0.8080,+0.0,+0.0000,NONE,RUNNING
="2026-08-07 18:17:46",64756,60449,0,60449,100000,-0.0031,0.8080,+0.0,+0.0000,NONE,RUNNING
="2026-08-07 18:17:47",64756,60449,0,60449,100000,-0.0035,0.8080,+0.0,+0.0000,NONE,RUNNING
="2026-08-07 18:17:48",64757,60449,0,60449,100000,-0.0035,0.8080,+0.0,+0.0000,NONE,RUNNING
="2026-08-07 18:18:48",64765,0,0,0,100000,+0.0160,0.8080,+0.0,+0.0000,NONE,RUNNING
="2026-08-07 18:19:48",64775,380439,166172,214266,100000,+0.0576,0.8080,+0.0,+0.0000,NONE,RUNNING
="2026-08-07 18:20:09",0,0,0,0,100000,+0.0000,0.8080,+0.0,+0.0000,NONE,RUNNING
="2026-08-07 18:21:10",64741,865321,695438,169883,100000,+0.0366,0.8080,+0.0,+0.0000,NONE,RUNNING
="2026-08-07 18:22:10",64784,73584,46520,27064,100000,+0.0087,0.8080,+0.0,+0.0000,NONE,RUNNING
="2026-08-07 18:23:13",0,0,0,0,100000,+0.0000,0.8080,+0.0,+0.0000,NONE,RUNNING
="2026-08-07 18:24:13",64787,279137,195657,83479,100000,+0.0018,0.8080,+0.0,+0.0000,NONE,RUNNING
="2026-08-07 18:25:13",64853,9571190,1224680,8346509,100000,+0.1002,0.8080,+0.0,+0.0000,NONE,RUNNING
="2026-08-07 18:26:13",64838,875053,720846,154206,100000,+0.1158,0.8080,+0.0,+0.0000,NONE,RUNNING
="2026-08-07 18:27:13",64820,1040883,1040883,0,100000,+0.0149,0.8080,+0.0,+0.0000,NONE,RUNNING
="2026-08-07 18:28:13",64809,456248,397131,59117,100000,+0.0088,0.8080,+0.0,+0.0000,NONE,RUNNING
="2026-08-07 18:29:13",64840,607146,16039,591107,100000,+0.0172,0.8080,+0.0,+0.0000,NONE,RUNNING
="2026-08-07 18:30:13",64818,831946,775912,56034,100000,+0.0113,0.8080,+0.0,+0.0000,NONE,RUNNING
="2026-08-07 18:31:14",64843,545855,411086,134768,100000,-0.0100,0.8080,+0.0,+0.0000,NONE,RUNNING
="2026-08-07 18:32:14",64872,431200,216679,214521,100000,+0.0224,0.8080,+0.0,+0.0000,NONE,RUNNING
="2026-08-07 18:33:14",64932,1380638,502437,878201,100000,+0.0931,0.8080,+0.0,+0.0000,NONE,RUNNING
="2026-08-07 18:34:14",64932,2874725,998776,1875949,100000,+0.0135,0.8080,+0.0,+0.0000,NONE,RUNNING
="2026-08-07 18:35:14",64920,2157338,896717,1260620,100000,+0.0185,0.8080,+0.0,+0.0000,NONE,RUNNING
="2026-08-07 18:36:14",64937,426789,206009,220779,100000,+0.0345,0.8080,+0.0,+0.0000,NONE,RUNNING
="2026-08-07 18:37:14",64939,531047,489495,41552,100000,+0.0155,0.8080,+0.0,+0.0000,NONE,RUNNING
="2026-08-07 18:38:14",64934,906210,459987,446222,100000,-0.0163,0.8080,+0.0,+0.0000,NONE,RUNNING
="2026-08-07 18:38:54",0,0,0,0,300000,+0.0000,0.1500,+0.0,+0.0000,NONE,RUNNING
="2026-08-07 18:39:54",64923,719386,695818,23567,300000,+0.0073,0.1500,+0.0,+0.0000,NONE,RUNNING
="2026-08-07 18:40:54",64911,4095537,689420,3406116,300000,+0.0106,0.1500,+0.0,+0.0000,NONE,RUNNING
="2026-08-07 18:41:54",64895,649576,573640,75935,300000,-0.0303,0.1500,+0.0,+0.0000,NONE,RUNNING
="2026-08-07 18:42:54",64896,257014,257014,0,300000,+0.0052,0.1500,+0.0,+0.0000,NONE,RUNNING
="2026-08-07 18:43:54",64900,950596,722385,228210,300000,+0.0163,0.1500,+0.0,+0.0000,NONE,RUNNING
="2026-08-07 18:44:54",64905,364648,116973,247675,300000,+0.0185,0.1500,+0.0,+0.0000,NONE,RUNNING
="2026-08-07 18:45:54",64909,668625,655583,13042,300000,+0.0170,0.1500,+0.0,+0.0000,NONE,RUNNING
="2026-08-07 18:46:54",64893,1058317,1058317,0,300000,+0.0260,0.1500,+0.0,+0.0000,NONE,RUNNING
="2026-08-07 18:47:54",64887,182372,113408,68964,300000,+0.0139,0.1500,+0.0,+0.0000,NONE,RUNNING
="2026-08-07 18:48:54",64865,634024,634024,0,300000,+0.0276,0.1500,+0.0,+0.0000,NONE,RUNNING
="2026-08-07 18:49:55",64893,409020,214007,195012,300000,+0.0186,0.1500,+0.0,+0.0000,NONE,RUNNING
="2026-08-07 18:50:34",0,0,0,0,300000,+0.0000,0.1500,+0.0,+0.0000,NONE,RUNNING
="2026-08-07 18:51:34",64880,299320,299320,0,300000,-0.0041,0.1500,+0.0,+0.0000,NONE,RUNNING
="2026-08-07 18:52:34",64881,105260,105260,0,300000,+0.0056,0.1500,+0.0,+0.0000,NONE,RUNNING
="2026-08-07 18:53:35",64845,491241,426507,64733,300000,+0.0196,0.1500,+0.0,+0.0000,NONE,RUNNING
="2026-08-07 18:54:35",64856,292882,113625,179256,300000,+0.0042,0.1500,+0.0,+0.0000,NONE,RUNNING
="2026-08-07 18:55:35",64849,102482,102482,0,300000,+0.0091,0.1500,+0.0,+0.0000,NONE,RUNNING
="2026-08-07 18:56:35",64840,111163,111163,0,300000,+0.0059,0.1500,+0.0,+0.0000,NONE,RUNNING
="2026-08-07 18:57:35",64828,300125,287759,12366,300000,-0.0662,0.1500,+0.0,+0.0000,NONE,RUNNING
="2026-08-07 18:58:35",64828,154848,154848,0,300000,+0.0037,0.1500,+0.0,+0.0000,NONE,RUNNING
="2026-08-07 18:59:35",64839,309670,297630,12039,300000,+0.0049,0.1500,+0.0,+0.0000,NONE,RUNNING
="2026-08-07 19:00:35",64851,208943,145510,63433,300000,+0.0393,0.1500,+0.0,+0.0000,NONE,RUNNING
="2026-08-07 19:01:35",64819,902584,731483,171100,300000,+0.0568,0.1500,+0.0,+0.0000,NONE,RUNNING
="2026-08-07 19:02:35",64820,495019,48140,446878,300000,+0.0584,0.1500,+0.0,+0.0000,NONE,RUNNING
="2026-08-07 19:03:35",64839,39527,0,39527,300000,+0.0082,0.1500,+0.0,+0.0000,NONE,RUNNING
="2026-08-07 19:04:35",64849,81266,0,81266,300000,-0.0030,0.1500,+0.0,+0.0000,NONE,RUNNING
="2026-08-07 19:05:35",64861,339341,155717,183624,300000,-0.0011,0.1500,+0.0,+0.0000,NONE,RUNNING
="2026-08-07 19:06:35",64822,330471,262071,68400,300000,-0.0023,0.1500,+0.0,+0.0000,NONE,RUNNING
="2026-08-07 19:07:35",64832,43232,16950,26282,300000,-0.0013,0.1500,+0.0,+0.0000,NONE,RUNNING
="2026-08-07 19:08:35",64832,17288,17288,0,300000,-0.0013,0.1500,+0.0,+0.0000,NONE,RUNNING
="2026-08-07 19:09:35",64850,79012,0,79012,300000,+0.0070,0.1500,+0.0,+0.0000,NONE,RUNNING
="2026-08-07 19:10:35",64833,140626,140626,0,300000,+0.0131,0.1500,+0.0,+0.0000,NONE,RUNNING
="2026-08-07 19:11:35",64830,158006,158006,0,300000,+0.0053,0.1500,+0.0,+0.0000,NONE,RUNNING
="2026-08-07 19:12:35",64831,78192,46428,31764,300000,+0.0018,0.1500,+0.0,+0.0000,NONE,RUNNING
="2026-08-07 19:12:51",64841,240068,55499,184569,300000,+0.0905,0.1500,+0.0,+0.0000,NONE,RUNNING
="2026-08-07 19:12:52",64845,260081,75511,184569,300000,+0.0905,0.1500,+0.0,+0.0000,NONE,RUNNING
="2026-08-07 19:12:53",64846,280093,95523,184569,300000,+0.0905,0.1500,+0.0,+0.0000,NONE,RUNNING
="2026-08-07 19:12:54",64845,300107,115538,184569,300000,+0.0106,0.1500,+0.0,+0.0000,NONE,RUNNING
="2026-08-07 19:12:55",64845,340136,155566,184569,300000,+0.0106,0.1500,+0.0,+0.0000,NONE,RUNNING
="2026-08-07 19:12:56",64846,360150,175580,184569,300000,+0.0105,0.1500,+0.0,+0.0000,NONE,RUNNING
="2026-08-07 19:12:57",64846,400178,215609,184569,300000,+0.0897,0.1500,+0.0,+0.0000,NONE,RUNNING
="2026-08-07 19:12:58",64846,420193,235624,184569,300000,+0.0897,0.1500,+0.0,+0.0000,NONE,RUNNING
="2026-08-07 19:12:59",64846,440208,255638,184569,300000,+0.0897,0.1500,+0.0,+0.0000,NONE,RUNNING
="2026-08-07 19:13:00",64846,480236,295667,184569,300000,+0.0897,0.1500,+0.0,+0.0000,NONE,RUNNING
="2026-08-07 19:13:01",64846,500250,315681,184569,300000,+0.0904,0.1500,+0.0,+0.0000,NONE,RUNNING
="2026-08-07 19:13:02",64849,540281,355711,184569,300000,+0.0904,0.1500,+0.0,+0.0000,NONE,RUNNING
="2026-08-07 19:13:03",64849,560295,375725,184569,300000,+0.0903,0.1500,+0.0,+0.0000,NONE,RUNNING
="2026-08-07 19:13:04",64849,600326,415757,184569,300000,+0.0903,0.1500,+0.0,+0.0000,NONE,RUNNING
="2026-08-07 19:13:05",64849,620341,435772,184569,300000,+0.0903,0.1500,+0.0,+0.0000,NONE,RUNNING
="2026-08-07 19:13:06",64849,640357,455787,184569,300000,+0.0903,0.1500,+0.0,+0.0000,NONE,RUNNING
="2026-08-07 19:13:07",64849,680388,495818,184569,300000,+0.0904,0.1500,+0.0,+0.0000,NONE,RUNNING
="2026-08-07 19:13:08",64849,700403,515834,184569,300000,+0.0904,0.1500,+0.0,+0.0000,NONE,RUNNING
="2026-08-07 19:13:09",64849,740434,555864,184569,300000,+0.0936,0.1500,+0.0,+0.0000,NONE,RUNNING
="2026-08-07 19:13:10",64849,760449,575880,184569,300000,+0.0936,0.1500,+0.0,+0.0000,NONE,RUNNING
="2026-08-07 19:13:11",64849,780465,595896,184569,300000,+0.0944,0.1500,+0.0,+0.0000,NONE,RUNNING
="2026-08-07 19:13:12",64849,818555,633986,184569,300000,+0.0944,0.1500,+0.0,+0.0000,NONE,RUNNING
="2026-08-07 19:13:13",64848,838570,654000,184569,300000,+0.0939,0.1500,+0.0,+0.0000,NONE,RUNNING
="2026-08-07 19:13:14",64847,869059,684489,184569,300000,+0.0939,0.1500,+0.0,+0.0000,NONE,RUNNING
="2026-08-07 19:13:15",64846,924707,740138,184569,300000,+0.0939,0.1500,+0.0,+0.0000,NONE,RUNNING
="2026-08-07 19:13:16",64844,912956,760151,152804,300000,+0.0940,0.1500,+0.0,+0.0000,NONE,RUNNING
="2026-08-07 19:13:17",64844,932971,780166,152804,300000,+0.0940,0.1500,+0.0,+0.0000,NONE,RUNNING
="2026-08-07 19:13:18",64844,932971,780166,152804,300000,+0.0955,0.1500,+0.0,+0.0000,NONE,RUNNING
="2026-08-07 19:13:19",64844,932971,780166,152804,300000,+0.0955,0.1500,+0.0,+0.0000,NONE,RUNNING
="2026-08-07 19:13:20",64844,932971,780166,152804,300000,+0.0955,0.1500,+0.0,+0.0000,NONE,RUNNING
="2026-08-07 19:13:21",64844,932971,780166,152804,300000,+0.0941,0.1500,+0.0,+0.0000,NONE,RUNNING
="2026-08-07 19:13:22",64844,932971,780166,152804,300000,+0.0942,0.1500,+0.0,+0.0000,NONE,RUNNING
="2026-08-07 19:13:23",64844,932971,780166,152804,300000,+0.0924,0.1500,+0.0,+0.0000,NONE,RUNNING
="2026-08-07 19:13:24",64844,932971,780166,152804,300000,+0.0924,0.1500,+0.0,+0.0000,NONE,RUNNING
="2026-08-07 19:13:25",64844,932971,780166,152804,300000,+0.0924,0.1500,+0.0,+0.0000,NONE,RUNNING
="2026-08-07 19:13:26",64844,932971,780166,152804,300000,+0.0924,0.1500,+0.0,+0.0000,NONE,RUNNING
="2026-08-07 19:13:27",64844,932971,780166,152804,300000,+0.0930,0.1500,+0.0,+0.0000,NONE,RUNNING
="2026-08-07 19:13:28",64844,932971,780166,152804,300000,+0.0927,0.1500,+0.0,+0.0000,NONE,RUNNING
="2026-08-07 19:13:29",64844,932971,780166,152804,300000,+0.0927,0.1500,+0.0,+0.0000,NONE,RUNNING
="2026-08-07 19:13:30",64844,932971,780166,152804,300000,+0.0929,0.1500,+0.0,+0.0000,NONE,RUNNING
="2026-08-07 19:13:31",64844,932971,780166,152804,300000,+0.0929,0.1500,+0.0,+0.0000,NONE,RUNNING
="2026-08-07 19:13:32",64844,932971,780166,152804,300000,+0.0916,0.1500,+0.0,+0.0000,NONE,RUNNING
="2026-08-07 19:13:33",64844,932971,780166,152804,300000,+0.0916,0.1500,+0.0,+0.0000,NONE,RUNNING
="2026-08-07 19:13:34",64844,932971,780166,152804,300000,+0.0916,0.1500,+0.0,+0.0000,NONE,RUNNING
="2026-08-07 19:13:35",64844,932971,780166,152804,300000,+0.0916,0.1500,+0.0,+0.0000,NONE,RUNNING
="2026-08-07 19:13:36",64844,932971,780166,152804,300000,+0.0916,0.1500,+0.0,+0.0000,NONE,RUNNING
="2026-08-07 19:13:37",64844,932971,780166,152804,300000,+0.0939,0.1500,+0.0,+0.0000,NONE,RUNNING
="2026-08-07 19:13:38",64844,932971,780166,152804,300000,+0.0939,0.1500,+0.0,+0.0000,NONE,RUNNING
="2026-08-07 19:13:39",64844,887806,735001,152804,300000,+0.0949,0.1500,+0.0,+0.0000,NONE,RUNNING
="2026-08-07 19:13:40",64844,887806,735001,152804,300000,+0.0949,0.1500,+0.0,+0.0000,NONE,RUNNING
="2026-08-07 19:13:41",64844,887806,735001,152804,300000,+0.0949,0.1500,+0.0,+0.0000,NONE,RUNNING
="2026-08-07 19:13:42",64844,887806,735001,152804,300000,+0.0948,0.1500,+0.0,+0.0000,NONE,RUNNING
="2026-08-07 19:13:43",64844,887806,735001,152804,300000,+0.0948,0.1500,+0.0,+0.0000,NONE,RUNNING
="2026-08-07 19:13:44",64844,887806,735001,152804,300000,+0.0930,0.1500,+0.0,+0.0000,NONE,RUNNING
="2026-08-07 19:13:45",64844,877471,724667,152804,300000,+0.0932,0.1500,+0.0,+0.0000,NONE,RUNNING
="2026-08-07 19:13:46",64844,785495,724667,60828,300000,+0.0932,0.1500,+0.0,+0.0000,NONE,RUNNING
="2026-08-07 19:13:47",64844,785495,724667,60828,300000,+0.0932,0.1500,+0.0,+0.0000,NONE,RUNNING
="2026-08-07 19:13:48",64844,785495,724667,60828,300000,+0.0930,0.1500,+0.0,+0.0000,NONE,RUNNING
="2026-08-07 19:13:49",64846,785495,724667,60828,300000,+0.0928,0.1500,+0.0,+0.0000,NONE,RUNNING
="2026-08-07 19:13:50",64846,724667,724667,0,300000,+0.0928,0.1500,+0.0,+0.0000,NONE,RUNNING
="2026-08-07 19:13:51",64846,724667,724667,0,300000,+0.0023,0.1500,+0.0,+0.0000,NONE,RUNNING
="2026-08-07 19:13:52",64846,684642,684642,0,300000,+0.0021,0.1500,+0.0,+0.0000,NONE,RUNNING
="2026-08-07 19:13:53",64846,664628,664628,0,300000,+0.0021,0.1500,+0.0,+0.0000,NONE,RUNNING
="2026-08-07 19:13:54",64846,644614,644614,0,300000,+0.0820,0.1500,+0.0,+0.0000,NONE,RUNNING
="2026-08-07 19:13:55",64846,604585,604585,0,300000,+0.0820,0.1500,+0.0,+0.0000,NONE,RUNNING
="2026-08-07 19:13:56",64846,584571,584571,0,300000,+0.0820,0.1500,+0.0,+0.0000,NONE,RUNNING
="2026-08-07 19:13:58",64846,544542,544542,0,300000,+0.0028,0.1500,+0.0,+0.0000,NONE,RUNNING
="2026-08-07 19:13:59",64846,524527,524527,0,300000,+0.0028,0.1500,+0.0,+0.0000,NONE,RUNNING
="2026-08-07 19:14:00",64846,504513,504513,0,300000,+0.0028,0.1500,+0.0,+0.0000,NONE,RUNNING
="2026-08-07 19:14:01",64846,464485,464485,0,300000,+0.0022,0.1500,+0.0,+0.0000,NONE,RUNNING
="2026-08-07 19:14:02",64846,424454,424454,0,300000,+0.0022,0.1500,+0.0,+0.0000,NONE,RUNNING
="2026-08-07 19:14:03",64846,404440,404440,0,300000,+0.0022,0.1500,+0.0,+0.0000,NONE,RUNNING
="2026-08-07 19:14:04",64846,384424,384424,0,300000,+0.0022,0.1500,+0.0,+0.0000,NONE,RUNNING
="2026-08-07 19:14:05",64846,344394,344394,0,300000,+0.0022,0.1500,+0.0,+0.0000,NONE,RUNNING
="2026-08-07 19:14:06",64846,324378,324378,0,300000,+0.0022,0.1500,+0.0,+0.0000,NONE,RUNNING
="2026-08-07 19:14:07",64846,304363,304363,0,300000,+0.0022,0.1500,+0.0,+0.0000,NONE,RUNNING
="2026-08-07 19:14:08",64846,264332,264332,0,300000,+0.0022,0.1500,+0.0,+0.0000,NONE,RUNNING
="2026-08-07 19:14:09",64846,244317,244317,0,300000,+0.0019,0.1500,+0.0,+0.0000,NONE,RUNNING
="2026-08-07 19:14:10",64846,204286,204286,0,300000,+0.0019,0.1500,+0.0,+0.0000,NONE,RUNNING
="2026-08-07 19:14:11",64846,184270,184270,0,300000,-0.0006,0.1500,+0.0,+0.0000,NONE,RUNNING
="2026-08-07 19:14:12",64846,166195,166195,0,300000,-0.0006,0.1500,+0.0,+0.0000,NONE,RUNNING
="2026-08-07 19:14:13",64846,126165,126165,0,300000,-0.0006,0.1500,+0.0,+0.0000,NONE,RUNNING
="2026-08-07 19:14:14",64846,106150,106150,0,300000,-0.0001,0.1500,+0.0,+0.0000,NONE,RUNNING
="2026-08-07 19:14:15",64846,95676,95676,0,300000,-0.0002,0.1500,+0.0,+0.0000,NONE,RUNNING
="2026-08-07 19:14:16",64846,20014,20014,0,300000,-0.0002,0.1500,+0.0,+0.0000,NONE,RUNNING
="2026-08-07 19:14:17",64846,0,0,0,300000,-0.0003,0.1500,+0.0,+0.0000,NONE,RUNNING
="2026-08-07 19:14:18",64846,0,0,0,300000,-0.0003,0.1500,+0.0,+0.0000,NONE,RUNNING
="2026-08-07 19:14:19",64846,0,0,0,300000,-0.0004,0.1500,+0.0,+0.0000,NONE,RUNNING
="2026-08-07 19:14:20",64846,0,0,0,300000,-0.0006,0.1500,+0.0,+0.0000,NONE,RUNNING
="2026-08-07 19:14:21",64846,0,0,0,300000,-0.0006,0.1500,+0.0,+0.0000,NONE,RUNNING
="2026-08-07 19:14:22",64846,0,0,0,300000,-0.0007,0.1500,+0.0,+0.0000,NONE,RUNNING
="2026-08-07 19:14:23",64846,0,0,0,300000,-0.0008,0.1500,+0.0,+0.0000,NONE,RUNNING
="2026-08-07 19:14:24",64846,0,0,0,300000,-0.0008,0.1500,+0.0,+0.0000,NONE,RUNNING
="2026-08-07 19:14:25",64846,0,0,0,300000,-0.0008,0.1500,+0.0,+0.0000,NONE,RUNNING
="2026-08-07 19:14:26",64846,0,0,0,300000,-0.0008,0.1500,+0.0,+0.0000,NONE,RUNNING
="2026-08-07 19:14:27",64846,0,0,0,300000,-0.0008,0.1500,+0.0,+0.0000,NONE,RUNNING
="2026-08-07 19:14:28",64846,0,0,0,300000,-0.0005,0.1500,+0.0,+0.0000,NONE,RUNNING
="2026-08-07 19:14:29",64846,0,0,0,300000,-0.0005,0.1500,+0.0,+0.0000,NONE,RUNNING
="2026-08-07 19:14:30",64846,0,0,0,300000,-0.0005,0.1500,+0.0,+0.0000,NONE,RUNNING
="2026-08-07 19:14:31",64846,0,0,0,300000,-0.0005,0.1500,+0.0,+0.0000,NONE,RUNNING
="2026-08-07 19:14:32",64846,0,0,0,300000,-0.0005,0.1500,+0.0,+0.0000,NONE,RUNNING
="2026-08-07 19:14:33",64846,0,0,0,300000,-0.0004,0.1500,+0.0,+0.0000,NONE,RUNNING
="2026-08-07 19:14:34",64846,0,0,0,300000,-0.0004,0.1500,+0.0,+0.0000,NONE,RUNNING
="2026-08-07 19:14:35",64846,0,0,0,300000,-0.0004,0.1500,+0.0,+0.0000,NONE,RUNNING
="2026-08-07 19:14:36",64846,0,0,0,300000,-0.0004,0.1500,+0.0,+0.0000,NONE,RUNNING
="2026-08-07 19:14:37",64850,0,0,0,300000,-0.0027,0.1500,+0.0,+0.0000,NONE,RUNNING
="2026-08-07 19:14:38",64850,0,0,0,300000,-0.0027,0.1500,+0.0,+0.0000,NONE,RUNNING
="2026-08-07 19:14:39",64849,0,0,0,300000,-0.0044,0.1500,+0.0,+0.0000,NONE,RUNNING
="2026-08-07 19:14:40",64850,0,0,0,300000,-0.0044,0.1500,+0.0,+0.0000,NONE,RUNNING
="2026-08-07 19:14:41",64850,0,0,0,300000,-0.0044,0.1500,+0.0,+0.0000,NONE,RUNNING
="2026-08-07 19:14:42",64850,0,0,0,300000,+0.0004,0.1500,+0.0,+0.0000,NONE,RUNNING
="2026-08-07 19:14:43",64849,0,0,0,300000,+0.0004,0.1500,+0.0,+0.0000,NONE,RUNNING
="2026-08-07 19:14:44",64849,10909,10909,0,300000,+0.0022,0.1500,+0.0,+0.0000,NONE,RUNNING
="2026-08-07 19:14:45",64849,10909,10909,0,300000,+0.0017,0.1500,+0.0,+0.0000,NONE,RUNNING
="2026-08-07 19:14:46",64849,10909,10909,0,300000,+0.0017,0.1500,+0.0,+0.0000,NONE,RUNNING
="2026-08-07 19:14:47",64849,10909,10909,0,300000,+0.0017,0.1500,+0.0,+0.0000,NONE,RUNNING
="2026-08-07 19:14:48",64850,10909,10909,0,300000,+0.0018,0.1500,+0.0,+0.0000,NONE,RUNNING
="2026-08-07 19:14:49",64846,10909,10909,0,300000,+0.0019,0.1500,+0.0,+0.0000,NONE,RUNNING
="2026-08-07 19:14:50",64846,10909,10909,0,300000,+0.0019,0.1500,+0.0,+0.0000,NONE,RUNNING
="2026-08-07 19:14:51",64846,10909,10909,0,300000,-0.0019,0.1500,+0.0,+0.0000,NONE,RUNNING
="2026-08-07 19:14:52",64846,10909,10909,0,300000,-0.0019,0.1500,+0.0,+0.0000,NONE,RUNNING
="2026-08-07 19:14:53",64846,10909,10909,0,300000,-0.0017,0.1500,+0.0,+0.0000,NONE,RUNNING
="2026-08-07 19:14:54",64846,10909,10909,0,300000,-0.0017,0.1500,+0.0,+0.0000,NONE,RUNNING
="2026-08-07 19:14:55",64846,10909,10909,0,300000,-0.0017,0.1500,+0.0,+0.0000,NONE,RUNNING
="2026-08-07 19:14:56",64846,10909,10909,0,300000,-0.0017,0.1500,+0.0,+0.0000,NONE,RUNNING
="2026-08-07 19:14:57",64846,10909,10909,0,300000,-0.0018,0.1500,+0.0,+0.0000,NONE,RUNNING
="2026-08-07 19:15:57",64846,33003,0,33003,300000,-0.0032,0.1500,+0.0,+0.0000,NONE,RUNNING
="2026-08-07 19:16:57",64843,150180,150180,0,300000,+0.0054,0.1500,+0.0,+0.0000,NONE,RUNNING
="2026-08-07 19:17:57",64844,89133,89133,0,300000,+0.0042,0.1500,+0.0,+0.0000,NONE,RUNNING
="2026-08-07 19:18:57",64853,227063,180132,46930,300000,+0.0000,0.1500,+0.0,+0.0000,NONE,RUNNING
="2026-08-07 19:19:57",64861,139823,139823,0,300000,-0.0116,0.1500,+0.0,+0.0000,NONE,RUNNING
="2026-08-07 19:20:57",64856,28879,28879,0,300000,+0.0036,0.1500,+0.0,+0.0000,NONE,RUNNING
="2026-08-07 19:21:58",64862,84419,0,84419,300000,-0.0045,0.1500,+0.0,+0.0000,NONE,RUNNING
="2026-08-07 19:22:58",64844,2115594,2104894,10699,300000,+0.0200,0.1500,+0.0,+0.0000,NONE,RUNNING
="2026-08-07 19:23:58",64830,64418,29439,34979,300000,+0.0012,0.1500,+0.0,+0.0000,NONE,RUNNING
="2026-08-07 19:24:58",64812,683217,323771,359446,300000,+0.0087,0.1500,+0.0,+0.0000,NONE,RUNNING
="2026-08-07 19:25:58",64815,0,0,0,300000,+0.0028,0.1500,+0.0,+0.0000,NONE,RUNNING
="2026-08-07 19:26:58",64815,960295,960295,0,300000,-0.0334,0.1500,+0.0,+0.0000,NONE,RUNNING
="2026-08-07 19:27:40",0,0,0,0,300000,+0.0000,0.1500,+0.0,+0.0000,NONE,RUNNING
="2026-08-07 19:28:40",64867,86791,64859,21931,100000,+0.0026,0.0400,+0.0,+0.0000,NONE,RUNNING
="2026-08-07 19:28:44",64867,86791,64859,21931,100000,+0.0057,0.0080,+0.0,+0.0000,NONE,RUNNING
="2026-08-07 19:28:45",64867,86791,64859,21931,100000,+0.0057,0.0080,+0.0,+0.0000,NONE,RUNNING
="2026-08-07 19:28:46",64867,86791,64859,21931,100000,+0.0057,0.0080,+0.0,+0.0000,NONE,RUNNING
="2026-08-07 19:28:47",64867,86791,64859,21931,100000,+0.0057,0.0080,+0.0,+0.0000,NONE,RUNNING
="2026-08-07 19:28:48",64867,86791,64859,21931,100000,+0.0057,0.0080,+0.0,+0.0000,NONE,RUNNING
="2026-08-07 19:28:49",64867,86791,64859,21931,100000,+0.0114,0.0080,+0.0,+0.0000,NONE,RUNNING
="2026-08-07 19:28:50",64867,86791,64859,21931,100000,+0.0132,0.0080,+0.0,+0.0000,NONE,RUNNING
="2026-08-07 19:28:51",64867,86791,64859,21931,100000,+0.0132,0.0080,+0.0,+0.0000,NONE,RUNNING
="2026-08-07 19:28:52",64867,86791,64859,21931,100000,+0.0132,0.0080,+0.0,+0.0000,NONE,RUNNING
="2026-08-07 19:28:53",64867,86791,64859,21931,100000,+0.0132,0.0080,+0.0,+0.0000,NONE,RUNNING
="2026-08-07 19:28:54",64867,86791,64859,21931,100000,+0.0130,0.0080,+0.0,+0.0000,NONE,RUNNING
="2026-08-07 19:28:55",64867,86791,64859,21931,100000,+0.0130,0.0080,+0.0,+0.0000,NONE,RUNNING
="2026-08-07 19:28:56",64867,86791,64859,21931,100000,+0.0131,0.0080,+0.0,+0.0000,NONE,RUNNING
="2026-08-07 19:28:57",64867,86791,64859,21931,100000,+0.0131,0.0080,+0.0,+0.0000,NONE,RUNNING
="2026-08-07 19:28:58",64867,127454,64859,62595,100000,+0.0131,0.0080,+0.0,+0.0000,SHORT,RUNNING
="2026-08-07 19:28:59",64875,127454,64859,62595,100000,+0.0131,0.0080,+0.0,+0.0000,SHORT,RUNNING
="2026-08-07 19:29:00",64876,127454,64859,62595,100000,+0.0103,0.0080,+0.0,+0.0000,SHORT,RUNNING
="2026-08-07 19:29:01",64877,127454,64859,62595,100000,+0.0103,0.0080,+0.0,+0.0000,SHORT,RUNNING
="2026-08-07 19:29:02",64877,127454,64859,62595,100000,+0.0103,0.0080,+0.0,+0.0000,SHORT,RUNNING
="2026-08-07 19:29:03",64877,127454,64859,62595,100000,+0.0118,0.0080,+0.0,+0.0000,SHORT,RUNNING
="2026-08-07 19:29:04",64878,127454,64859,62595,100000,+0.0118,0.0080,+0.0,+0.0000,SHORT,RUNNING
="2026-08-07 19:29:05",64877,127454,64859,62595,100000,+0.0118,0.0080,+0.0,+0.0000,SHORT,RUNNING
="2026-08-07 19:29:06",64879,127454,64859,62595,100000,+0.0128,0.0080,+0.0,+0.0000,SHORT,RUNNING
="2026-08-07 19:29:07",64880,127454,64859,62595,100000,+0.0128,0.0080,+0.0,+0.0000,SHORT,RUNNING
="2026-08-07 19:29:08",64880,127454,64859,62595,100000,+0.0128,0.0080,+0.0,+0.0000,SHORT,RUNNING
="2026-08-07 19:29:09",64880,141884,64859,77024,100000,+0.0128,0.0080,+0.0,+0.0000,LONG,RUNNING
="2026-08-07 19:29:10",64884,141884,64859,77024,100000,+0.0128,0.0080,+0.0,+0.0000,LONG,RUNNING
="2026-08-07 19:29:11",64883,141884,64859,77024,100000,+0.0101,0.0080,+0.0,+0.0000,LONG,RUNNING
="2026-08-07 19:29:12",64883,141884,64859,77024,100000,+0.0101,0.0080,+0.0,+0.0000,LONG,RUNNING
="2026-08-07 19:29:13",64886,141884,64859,77024,100000,+0.0099,0.0080,+0.0,+0.0000,LONG,RUNNING
="2026-08-07 19:29:14",64886,119952,64859,55092,100000,+0.0099,0.0080,+0.0,+0.0000,SHORT,RUNNING
="2026-08-07 19:29:15",64886,119952,64859,55092,100000,+0.0100,0.0080,+0.0,+0.0000,SHORT,RUNNING
="2026-08-07 19:29:16",64889,119952,64859,55092,100000,+0.0100,0.0080,+0.0,+0.0000,SHORT,RUNNING
="2026-08-07 19:29:17",64889,119952,64859,55092,100000,+0.0100,0.0080,+0.0,+0.0000,SHORT,RUNNING
="2026-08-07 19:29:18",64889,119952,64859,55092,100000,+0.0100,0.0080,+0.0,+0.0000,SHORT,RUNNING
="2026-08-07 19:29:19",64889,119952,64859,55092,100000,+0.0087,0.0080,+0.0,+0.0000,SHORT,RUNNING
="2026-08-07 19:29:20",64889,55092,0,55092,100000,+0.0087,0.0080,+0.0,+0.0000,NONE,RUNNING
="2026-08-07 19:29:21",64889,55092,0,55092,100000,+0.0087,0.0080,+0.0,+0.0000,NONE,RUNNING
="2026-08-07 19:29:22",64889,55092,0,55092,100000,+0.0081,0.0080,+0.0,+0.0000,NONE,RUNNING
="2026-08-07 19:29:23",64892,55092,0,55092,100000,+0.0081,0.0080,+0.0,+0.0000,NONE,RUNNING
="2026-08-07 19:29:24",64895,55092,0,55092,100000,+0.0085,0.0080,+0.0,+0.0000,NONE,RUNNING
="2026-08-07 19:29:25",64895,55092,0,55092,100000,+0.0085,0.0080,+0.0,+0.0000,NONE,RUNNING
="2026-08-07 19:29:26",64895,55092,0,55092,100000,+0.0089,0.0080,+0.0,+0.0000,NONE,RUNNING
="2026-08-07 19:29:27",64895,55092,0,55092,100000,+0.0089,0.0080,+0.0,+0.0000,NONE,RUNNING
="2026-08-07 19:29:28",64895,55092,0,55092,100000,+0.0089,0.0080,+0.0,+0.0000,NONE,RUNNING
="2026-08-07 19:29:29",64895,55092,0,55092,100000,+0.0071,0.0080,+0.0,+0.0000,NONE,RUNNING
="2026-08-07 19:29:30",64895,55092,0,55092,100000,+0.0071,0.0080,+0.0,+0.0000,NONE,RUNNING
="2026-08-07 19:29:31",64895,55092,0,55092,100000,+0.0021,0.0080,+0.0,+0.0000,NONE,RUNNING
="2026-08-07 19:29:32",64895,55092,0,55092,100000,+0.0021,0.0080,+0.0,+0.0000,NONE,RUNNING
="2026-08-07 19:29:33",64895,55092,0,55092,100000,+0.0021,0.0080,+0.0,+0.0000,NONE,RUNNING
="2026-08-07 19:29:34",64895,55092,0,55092,100000,+0.0021,0.0080,+0.0,+0.0000,NONE,RUNNING
="2026-08-07 19:29:35",64895,55092,0,55092,100000,+0.0009,0.0080,+0.0,+0.0000,NONE,RUNNING
="2026-08-07 19:29:36",64895,55092,0,55092,100000,+0.0009,0.0080,+0.0,+0.0000,NONE,RUNNING
="2026-08-07 19:29:37",64895,55092,0,55092,100000,+0.0011,0.0080,+0.0,+0.0000,NONE,RUNNING
="2026-08-07 19:29:38",64895,55092,0,55092,100000,+0.0014,0.0080,+0.0,+0.0000,NONE,RUNNING
="2026-08-07 19:29:40",64895,55092,0,55092,100000,+0.0014,0.0080,+0.0,+0.0000,NONE,RUNNING
="2026-08-07 19:29:41",64895,55092,0,55092,100000,+0.0009,0.0080,+0.0,+0.0000,NONE,RUNNING
="2026-08-07 19:29:42",64895,55092,0,55092,100000,+0.0009,0.0080,+0.0,+0.0000,NONE,RUNNING
="2026-08-07 19:29:43",64895,55092,0,55092,100000,+0.0009,0.0080,+0.0,+0.0000,NONE,RUNNING
="2026-08-07 19:29:44",64895,55092,0,55092,100000,+0.0010,0.0080,+0.0,+0.0000,NONE,RUNNING
="2026-08-07 19:29:45",64895,55092,0,55092,100000,-0.0038,0.0080,+0.0,+0.0000,NONE,RUNNING
="2026-08-07 19:29:46",64895,55092,0,55092,100000,-0.0038,0.0080,+0.0,+0.0000,NONE,RUNNING
="2026-08-07 19:29:47",64895,55092,0,55092,100000,-0.0045,0.0080,+0.0,+0.0000,NONE,RUNNING
="2026-08-07 19:29:48",64895,55092,0,55092,100000,-0.0045,0.0080,+0.0,+0.0000,NONE,RUNNING
="2026-08-07 19:29:49",64895,55092,0,55092,100000,-0.0045,0.0080,+0.0,+0.0000,NONE,RUNNING
="2026-08-07 19:29:50",64895,55092,0,55092,100000,-0.0028,0.0080,+0.0,+0.0000,NONE,RUNNING
="2026-08-07 19:29:51",64895,55092,0,55092,100000,-0.0046,0.0080,+0.0,+0.0000,NONE,RUNNING
="2026-08-07 19:29:52",64895,55092,0,55092,100000,-0.0048,0.0080,+0.0,+0.0000,NONE,RUNNING
="2026-08-07 19:29:53",64895,55092,0,55092,100000,-0.0048,0.0080,+0.0,+0.0000,NONE,RUNNING
="2026-08-07 19:29:54",64895,55092,0,55092,100000,-0.0046,0.0080,+0.0,+0.0000,NONE,RUNNING
="2026-08-07 19:29:55",64895,55092,0,55092,100000,-0.0046,0.0080,+0.0,+0.0000,NONE,RUNNING
="2026-08-07 19:29:56",64895,55092,0,55092,100000,-0.0046,0.0080,+0.0,+0.0000,NONE,RUNNING
="2026-08-07 19:29:57",64895,55092,0,55092,100000,-0.0046,0.0080,+0.0,+0.0000,NONE,RUNNING
="2026-08-07 19:29:58",64895,55092,0,55092,100000,-0.0037,0.0080,+0.0,+0.0000,NONE,RUNNING
="2026-08-07 19:29:59",64895,14429,0,14429,100000,-0.0037,0.0080,+0.0,+0.0000,NONE,RUNNING
="2026-08-07 19:30:00",64895,14429,0,14429,100000,-0.0009,0.0080,+0.0,+0.0000,NONE,RUNNING
="2026-08-07 19:30:01",64895,14429,0,14429,100000,-0.0011,0.0080,+0.0,+0.0000,NONE,RUNNING
="2026-08-07 19:30:02",64895,14429,0,14429,100000,-0.0011,0.0080,+0.0,+0.0000,NONE,RUNNING
="2026-08-07 19:30:03",64895,14429,0,14429,100000,-0.0025,0.0080,+0.0,+0.0000,NONE,RUNNING
="2026-08-07 19:30:04",64895,14429,0,14429,100000,-0.0025,0.0080,+0.0,+0.0000,NONE,RUNNING
="2026-08-07 19:30:05",64895,14429,0,14429,100000,-0.0025,0.0080,+0.0,+0.0000,NONE,RUNNING
="2026-08-07 19:30:06",64895,14429,0,14429,100000,-0.0036,0.0080,+0.0,+0.0000,NONE,RUNNING
="2026-08-07 19:30:07",64895,14429,0,14429,100000,-0.0036,0.0080,+0.0,+0.0000,NONE,RUNNING
="2026-08-07 19:30:08",64895,14429,0,14429,100000,-0.0030,0.0080,+0.0,+0.0000,NONE,RUNNING
="2026-08-07 19:30:09",64895,0,0,0,100000,-0.0029,0.0080,+0.0,+0.0000,NONE,RUNNING
="2026-08-07 19:30:10",64895,0,0,0,100000,+0.0083,0.0080,+0.0,+0.0000,NONE,RUNNING
="2026-08-07 19:30:11",64895,0,0,0,100000,+0.0083,0.0080,+0.0,+0.0000,NONE,RUNNING
="2026-08-07 19:30:12",64895,0,0,0,100000,+0.0083,0.0080,+0.0,+0.0000,NONE,RUNNING
="2026-08-07 19:30:13",64895,0,0,0,100000,+0.0083,0.0080,+0.0,+0.0000,NONE,RUNNING
="2026-08-07 19:30:14",64895,0,0,0,100000,+0.0083,0.0080,+0.0,+0.0000,NONE,RUNNING
="2026-08-07 19:30:15",64895,0,0,0,100000,+0.0082,0.0080,+0.0,+0.0000,NONE,RUNNING
="2026-08-07 19:30:16",64895,0,0,0,100000,+0.0082,0.0080,+0.0,+0.0000,NONE,RUNNING
="2026-08-07 19:30:17",64895,0,0,0,100000,+0.0099,0.0080,+0.0,+0.0000,NONE,RUNNING
="2026-08-07 19:30:18",64895,0,0,0,100000,+0.0099,0.0080,+0.0,+0.0000,NONE,RUNNING
="2026-08-07 19:30:19",64895,0,0,0,100000,+0.0099,0.0080,+0.0,+0.0000,NONE,RUNNING
="2026-08-07 19:30:20",64895,0,0,0,100000,+0.0099,0.0080,+0.0,+0.0000,NONE,RUNNING
="2026-08-07 19:30:21",64895,0,0,0,100000,+0.0105,0.0080,+0.0,+0.0000,NONE,RUNNING
="2026-08-07 19:30:22",64895,10014,10014,0,100000,+0.0105,0.0080,+0.0,+0.0000,NONE,RUNNING
="2026-08-07 19:30:23",64895,10014,10014,0,100000,+0.0092,0.0080,+0.0,+0.0000,NONE,RUNNING
="2026-08-07 19:30:24",64895,10014,10014,0,100000,+0.0092,0.0080,+0.0,+0.0000,NONE,RUNNING
="2026-08-07 19:30:25",64895,10014,10014,0,100000,+0.0087,0.0080,+0.0,+0.0000,NONE,RUNNING
="2026-08-07 19:30:26",64895,10014,10014,0,100000,+0.0116,0.0080,+0.0,+0.0000,NONE,RUNNING
="2026-08-07 19:30:27",64895,10014,10014,0,100000,+0.0116,0.0080,+0.0,+0.0000,NONE,RUNNING
="2026-08-07 19:30:28",64895,10014,10014,0,100000,+0.0116,0.0080,+0.0,+0.0000,NONE,RUNNING
="2026-08-07 19:30:29",64895,10014,10014,0,100000,+0.0116,0.0080,+0.0,+0.0000,NONE,RUNNING
="2026-08-07 19:30:30",64895,10014,10014,0,100000,+0.0166,0.0080,+0.0,+0.0000,NONE,RUNNING
="2026-08-07 19:30:31",64895,10014,10014,0,100000,+0.0162,0.0080,+0.0,+0.0000,NONE,RUNNING
="2026-08-07 19:30:32",64895,10014,10014,0,100000,+0.0162,0.0080,+0.0,+0.0000,NONE,RUNNING
="2026-08-07 19:30:33",64895,10014,10014,0,100000,+0.0162,0.0080,+0.0,+0.0000,NONE,RUNNING
="2026-08-07 19:30:34",64895,10014,10014,0,100000,+0.0161,0.0080,+0.0,+0.0000,NONE,RUNNING
="2026-08-07 19:30:35",64895,36138,10014,26124,100000,+0.0161,0.0080,+0.0,+0.0000,NONE,RUNNING
="2026-08-07 19:30:36",64895,36138,10014,26124,100000,+0.0161,0.0080,+0.0,+0.0000,NONE,RUNNING
="2026-08-07 19:30:37",64895,36138,10014,26124,100000,+0.0159,0.0080,+0.0,+0.0000,NONE,RUNNING
="2026-08-07 19:30:38",64895,36138,10014,26124,100000,+0.0139,0.0080,+0.0,+0.0000,NONE,RUNNING
="2026-08-07 19:30:39",64895,36138,10014,26124,100000,+0.0139,0.0080,+0.0,+0.0000,NONE,RUNNING
="2026-08-07 19:30:40",64884,68300,42175,26124,100000,+0.0144,0.0080,+0.0,+0.0000,NONE,RUNNING
="2026-08-07 19:30:41",64884,68300,42175,26124,100000,+0.0144,0.0080,+0.0,+0.0000,NONE,RUNNING
="2026-08-07 19:30:42",64884,68300,42175,26124,100000,+0.0144,0.0080,+0.0,+0.0000,NONE,RUNNING
="2026-08-07 19:30:43",64884,68300,42175,26124,100000,+0.0144,0.0080,+0.0,+0.0000,NONE,RUNNING
="2026-08-07 19:30:44",64884,68300,42175,26124,100000,+0.0257,0.0080,+0.0,+0.0000,NONE,RUNNING
="2026-08-07 19:30:45",64884,68300,42175,26124,100000,+0.0257,0.0080,+0.0,+0.0000,NONE,RUNNING
="2026-08-07 19:30:46",64884,68300,42175,26124,100000,+0.0264,0.0080,+0.0,+0.0000,NONE,RUNNING
="2026-08-07 19:30:47",64884,68300,42175,26124,100000,+0.0264,0.0080,+0.0,+0.0000,NONE,RUNNING
="2026-08-07 19:30:48",64884,68300,42175,26124,100000,+0.0264,0.0080,+0.0,+0.0000,NONE,RUNNING
="2026-08-07 19:30:49",64884,68300,42175,26124,100000,+0.0247,0.0080,+0.0,+0.0000,NONE,RUNNING
="2026-08-07 19:30:50",64884,68300,42175,26124,100000,+0.0247,0.0080,+0.0,+0.0000,NONE,RUNNING
="2026-08-07 19:30:51",64884,68300,42175,26124,100000,+0.0248,0.0080,+0.0,+0.0000,NONE,RUNNING
="2026-08-07 19:30:52",64886,68300,42175,26124,100000,+0.0248,0.0080,+0.0,+0.0000,NONE,RUNNING
="2026-08-07 19:30:53",64886,68300,42175,26124,100000,+0.0268,0.0080,+0.0,+0.0000,NONE,RUNNING
="2026-08-07 19:30:54",64886,68300,42175,26124,100000,+0.0268,0.0080,+0.0,+0.0000,NONE,RUNNING
="2026-08-07 19:30:55",64886,98973,42175,56797,100000,+0.0268,0.0080,+0.0,+0.0000,NONE,RUNNING
="2026-08-07 19:30:56",64886,98973,42175,56797,100000,+0.0268,0.0080,+0.0,+0.0000,NONE,RUNNING
="2026-08-07 19:30:57",64886,98973,42175,56797,100000,+0.0268,0.0080,+0.0,+0.0000,NONE,RUNNING
="2026-08-07 19:30:58",64886,98973,42175,56797,100000,+0.0258,0.0080,+0.0,+0.0000,NONE,RUNNING
="2026-08-07 19:30:59",64886,98973,42175,56797,100000,+0.0282,0.0080,+0.0,+0.0000,NONE,RUNNING
="2026-08-07 19:31:00",64886,98973,42175,56797,100000,+0.0282,0.0080,+0.0,+0.0000,NONE,RUNNING
="2026-08-07 19:31:01",64890,98973,42175,56797,100000,+0.0284,0.0080,+0.0,+0.0000,NONE,RUNNING
="2026-08-07 19:31:02",64893,114434,57637,56797,100000,+0.0284,0.0080,+0.0,+0.0000,SHORT,RUNNING
="2026-08-07 19:31:03",64893,154458,97660,56797,100000,+0.0284,0.0080,+0.0,+0.0000,SHORT,RUNNING
="2026-08-07 19:31:04",64893,174471,117674,56797,100000,+0.0284,0.0080,+0.0,+0.0000,SHORT,RUNNING
="2026-08-07 19:31:05",64893,194484,137687,56797,100000,+0.0284,0.0080,+0.0,+0.0000,SHORT,RUNNING
="2026-08-07 19:31:06",64893,234511,177713,56797,100000,+0.0278,0.0080,+0.0,+0.0000,SHORT,RUNNING
="2026-08-07 19:31:07",64893,254524,197727,56797,100000,+0.0278,0.0080,+0.0,+0.0000,SHORT,RUNNING
="2026-08-07 19:31:08",64893,274537,217740,56797,100000,+0.0247,0.0080,+0.0,+0.0000,SHORT,RUNNING
="2026-08-07 19:31:10",64893,274537,217740,56797,100000,+0.0247,0.0080,+0.0,+0.0000,SHORT,RUNNING
="2026-08-07 19:31:11",64893,292873,236076,56797,100000,+0.0134,0.0080,+0.0,+0.0000,SHORT,RUNNING
="2026-08-07 19:31:12",64893,292873,236076,56797,100000,+0.0134,0.0080,+0.0,+0.0000,SHORT,RUNNING
="2026-08-07 19:31:13",64893,292873,236076,56797,100000,+0.0115,0.0080,+0.0,+0.0000,SHORT,RUNNING
="2026-08-07 19:31:14",64893,292873,236076,56797,100000,+0.0115,0.0080,+0.0,+0.0000,SHORT,RUNNING
="2026-08-07 19:31:15",64893,292873,236076,56797,100000,+0.0115,0.0080,+0.0,+0.0000,SHORT,RUNNING
="2026-08-07 19:31:16",64893,292873,236076,56797,100000,+0.0115,0.0080,+0.0,+0.0000,SHORT,RUNNING
="2026-08-07 19:31:17",64893,292873,236076,56797,100000,+0.0098,0.0080,+0.0,+0.0000,SHORT,RUNNING
="2026-08-07 19:31:18",64893,292873,236076,56797,100000,+0.0098,0.0080,+0.0,+0.0000,SHORT,RUNNING
="2026-08-07 19:31:19",64893,292873,236076,56797,100000,+0.0119,0.0080,+0.0,+0.0000,SHORT,RUNNING
="2026-08-07 19:31:20",64893,292873,236076,56797,100000,+0.0119,0.0080,+0.0,+0.0000,SHORT,RUNNING
="2026-08-07 19:31:21",64895,354616,297819,56797,100000,+0.0119,0.0080,+0.0,+0.0000,SHORT,RUNNING
="2026-08-07 19:31:22",64895,564602,287804,276797,100000,+0.0119,0.0080,+0.0,+0.0000,SHORT,RUNNING
="2026-08-07 19:31:23",64895,564602,287804,276797,100000,+0.0132,0.0080,+0.0,+0.0000,SHORT,RUNNING
="2026-08-07 19:31:24",64895,564602,287804,276797,100000,+0.0132,0.0080,+0.0,+0.0000,SHORT,RUNNING
="2026-08-07 19:31:25",64895,564602,287804,276797,100000,+0.0133,0.0080,+0.0,+0.0000,SHORT,RUNNING
="2026-08-07 19:31:26",64895,564602,287804,276797,100000,+0.0104,0.0080,+0.0,+0.0000,SHORT,RUNNING
="2026-08-07 19:31:27",64895,564602,287804,276797,100000,+0.0104,0.0080,+0.0,+0.0000,SHORT,RUNNING
="2026-08-07 19:31:28",64895,564602,287804,276797,100000,+0.0105,0.0080,+0.0,+0.0000,SHORT,RUNNING
="2026-08-07 19:31:29",64895,564602,287804,276797,100000,+0.0105,0.0080,+0.0,+0.0000,SHORT,RUNNING
="2026-08-07 19:31:30",64895,564602,287804,276797,100000,+0.0105,0.0080,+0.0,+0.0000,SHORT,RUNNING
="2026-08-07 19:31:31",64895,564602,287804,276797,100000,+0.0105,0.0080,+0.0,+0.0000,SHORT,RUNNING
="2026-08-07 19:31:32",64895,574737,297939,276797,100000,+0.0109,0.0080,+0.0,+0.0000,SHORT,RUNNING
="2026-08-07 19:31:33",64895,574737,297939,276797,100000,+0.0193,0.0080,+0.0,+0.0000,SHORT,RUNNING
="2026-08-07 19:31:34",64895,574737,297939,276797,100000,+0.0193,0.0080,+0.0,+0.0000,SHORT,RUNNING
="2026-08-07 19:31:35",64895,548613,297939,250673,100000,+0.0193,0.0080,+0.0,+0.0000,SHORT,RUNNING
="2026-08-07 19:31:36",64895,559180,308506,250673,100000,+0.0193,0.0080,+0.0,+0.0000,SHORT,RUNNING
="2026-08-07 19:31:37",64895,559180,308506,250673,100000,+0.0193,0.0080,+0.0,+0.0000,SHORT,RUNNING
="2026-08-07 19:31:38",64895,559180,308506,250673,100000,+0.0212,0.0080,+0.0,+0.0000,SHORT,RUNNING
="2026-08-07 19:31:39",64895,559180,308506,250673,100000,+0.0204,0.0080,+0.0,+0.0000,SHORT,RUNNING
="2026-08-07 19:31:40",64895,527018,276345,250673,100000,+0.0204,0.0080,+0.0,+0.0000,SHORT,RUNNING
="2026-08-07 19:31:41",64895,527018,276345,250673,100000,+0.0204,0.0080,+0.0,+0.0000,SHORT,RUNNING
="2026-08-07 19:31:42",64895,527018,276345,250673,100000,+0.0204,0.0080,+0.0,+0.0000,SHORT,RUNNING
="2026-08-07 19:31:43",64895,527018,276345,250673,100000,+0.0219,0.0080,+0.0,+0.0000,SHORT,RUNNING
="2026-08-07 19:31:44",64895,540225,289552,250673,100000,+0.0105,0.0080,+0.0,+0.0000,SHORT,RUNNING
="2026-08-07 19:31:45",64895,540225,289552,250673,100000,+0.0105,0.0080,+0.0,+0.0000,SHORT,RUNNING
="2026-08-07 19:31:46",64895,540225,289552,250673,100000,+0.0105,0.0080,+0.0,+0.0000,SHORT,RUNNING
="2026-08-07 19:31:47",64895,540225,289552,250673,100000,+0.0106,0.0080,+0.0,+0.0000,SHORT,RUNNING
="2026-08-07 19:31:48",64895,540225,289552,250673,100000,+0.0145,0.0080,+0.0,+0.0000,SHORT,RUNNING
="2026-08-07 19:31:49",64902,628166,289552,338614,100000,+0.0145,0.0080,+0.0,+0.0000,LONG,RUNNING
="2026-08-07 19:31:50",64902,628166,289552,338614,100000,+0.0145,0.0080,+0.0,+0.0000,LONG,RUNNING
="2026-08-07 19:31:51",64901,628166,289552,338614,100000,+0.0145,0.0080,+0.0,+0.0000,LONG,RUNNING
="2026-08-07 19:31:52",64903,628166,289552,338614,100000,+0.0145,0.0080,+0.0,+0.0000,LONG,RUNNING
="2026-08-07 19:31:53",64907,728699,289552,439147,100000,+0.0126,0.0080,+0.0,+0.0000,LONG,RUNNING
="2026-08-07 19:31:54",64910,728699,289552,439147,100000,+0.0126,0.0080,+0.0,+0.0000,LONG,RUNNING
="2026-08-07 19:31:55",64909,728699,289552,439147,100000,+0.0144,0.0080,+0.0,+0.0000,LONG,RUNNING
="2026-08-07 19:31:56",64909,698026,289552,408474,100000,+0.0144,0.0080,+0.0,+0.0000,LONG,RUNNING
="2026-08-07 19:31:57",64909,698026,289552,408474,100000,+0.0217,0.0080,+0.0,+0.0000,LONG,RUNNING
="2026-08-07 19:31:58",64910,708671,289552,419119,100000,+0.0217,0.0080,+0.0,+0.0000,LONG,RUNNING
="2026-08-07 19:31:59",64913,708671,289552,419119,100000,+0.0192,0.0080,+0.0,+0.0000,LONG,RUNNING
="2026-08-07 19:32:00",64913,708671,289552,419119,100000,+0.0192,0.0080,+0.0,+0.0000,LONG,RUNNING
="2026-08-07 19:32:01",64916,708671,289552,419119,100000,+0.0193,0.0080,+0.0,+0.0000,LONG,RUNNING
="2026-08-07 19:32:02",64915,693209,274090,419119,100000,+0.0192,0.0080,+0.0,+0.0000,LONG,RUNNING
="2026-08-07 19:32:03",64915,673199,254080,419119,100000,+0.0192,0.0080,+0.0,+0.0000,LONG,RUNNING
="2026-08-07 19:32:04",64916,653186,234067,419119,100000,+0.0110,0.0080,+0.0,+0.0000,LONG,RUNNING
="2026-08-07 19:32:05",64916,613160,194040,419119,100000,+0.0110,0.0080,+0.0,+0.0000,LONG,RUNNING
="2026-08-07 19:32:06",64916,593146,174027,419119,100000,+0.0110,0.0080,+0.0,+0.0000,LONG,RUNNING
="2026-08-07 19:32:07",64916,553120,134001,419119,100000,+0.0110,0.0080,+0.0,+0.0000,LONG,RUNNING
="2026-08-07 19:32:08",64915,533107,113987,419119,100000,+0.0110,0.0080,+0.0,+0.0000,LONG,RUNNING
="2026-08-07 19:32:09",64916,533107,113987,419119,100000,+0.0138,0.0080,+0.0,+0.0000,LONG,RUNNING
="2026-08-07 19:32:10",64915,533107,113987,419119,100000,+0.0138,0.0080,+0.0,+0.0000,LONG,RUNNING
="2026-08-07 19:32:11",64916,514771,95652,419119,100000,+0.0158,0.0080,+0.0,+0.0000,LONG,RUNNING
="2026-08-07 19:32:12",64915,514771,95652,419119,100000,+0.0158,0.0080,+0.0,+0.0000,LONG,RUNNING
="2026-08-07 19:32:13",64915,514771,95652,419119,100000,+0.0151,0.0080,+0.0,+0.0000,LONG,RUNNING
="2026-08-07 19:32:14",64915,514771,95652,419119,100000,+0.0151,0.0080,+0.0,+0.0000,LONG,RUNNING
="2026-08-07 19:32:15",64915,514771,95652,419119,100000,+0.0151,0.0080,+0.0,+0.0000,LONG,RUNNING
="2026-08-07 19:32:16",64915,767465,348346,419119,100000,+0.0151,0.0080,+0.0,+0.0000,LONG,RUNNING
="2026-08-07 19:32:17",64912,785034,365915,419119,100000,+0.0151,0.0080,+0.0,+0.0000,LONG,RUNNING
="2026-08-07 19:32:18",64912,785034,365915,419119,100000,+0.0130,0.0080,+0.0,+0.0000,LONG,RUNNING
="2026-08-07 19:32:19",64911,785034,365915,419119,100000,+0.0196,0.0080,+0.0,+0.0000,LONG,RUNNING
="2026-08-07 19:32:20",64904,740806,321687,419119,100000,+0.0196,0.0080,+0.0,+0.0000,LONG,RUNNING
="2026-08-07 19:32:21",64904,520806,321687,199119,100000,+0.0196,0.0080,+0.0,+0.0000,SHORT,RUNNING
="2026-08-07 19:32:22",64904,520806,321687,199119,100000,+0.0196,0.0080,+0.0,+0.0000,SHORT,RUNNING
="2026-08-07 19:32:23",64904,520806,321687,199119,100000,+0.0196,0.0080,+0.0,+0.0000,SHORT,RUNNING
="2026-08-07 19:32:24",64904,520806,321687,199119,100000,+0.0195,0.0080,+0.0,+0.0000,SHORT,RUNNING
="2026-08-07 19:32:25",64904,520806,321687,199119,100000,+0.0213,0.0080,+0.0,+0.0000,SHORT,RUNNING
="2026-08-07 19:32:26",64904,520806,321687,199119,100000,+0.0213,0.0080,+0.0,+0.0000,SHORT,RUNNING
="2026-08-07 19:32:27",64904,520806,321687,199119,100000,+0.0212,0.0080,+0.0,+0.0000,SHORT,RUNNING
="2026-08-07 19:32:28",64904,520806,321687,199119,100000,+0.0212,0.0080,+0.0,+0.0000,SHORT,RUNNING
="2026-08-07 19:32:29",64904,520806,321687,199119,100000,+0.0212,0.0080,+0.0,+0.0000,SHORT,RUNNING
="2026-08-07 19:32:30",64904,553334,354215,199119,100000,+0.0212,0.0080,+0.0,+0.0000,SHORT,RUNNING
="2026-08-07 19:32:31",64904,553334,354215,199119,100000,+0.0220,0.0080,+0.0,+0.0000,SHORT,RUNNING
="2026-08-07 19:32:32",64904,543199,344080,199119,100000,+0.0136,0.0080,+0.0,+0.0000,SHORT,RUNNING
="2026-08-07 19:32:33",64904,543199,344080,199119,100000,+0.0136,0.0080,+0.0,+0.0000,SHORT,RUNNING
="2026-08-07 19:32:34",64904,543199,344080,199119,100000,+0.0139,0.0080,+0.0,+0.0000,SHORT,RUNNING
="2026-08-07 19:32:35",64904,532632,333513,199119,100000,+0.0139,0.0080,+0.0,+0.0000,SHORT,RUNNING
="2026-08-07 19:32:36",64904,532632,333513,199119,100000,+0.0139,0.0080,+0.0,+0.0000,SHORT,RUNNING
="2026-08-07 19:32:37",64904,532632,333513,199119,100000,+0.0139,0.0080,+0.0,+0.0000,SHORT,RUNNING
="2026-08-07 19:32:38",64904,532632,333513,199119,100000,+0.0140,0.0080,+0.0,+0.0000,SHORT,RUNNING
="2026-08-07 19:32:39",64904,532632,333513,199119,100000,+0.0149,0.0080,+0.0,+0.0000,SHORT,RUNNING
="2026-08-07 19:32:40",64904,532632,333513,199119,100000,+0.0125,0.0080,+0.0,+0.0000,SHORT,RUNNING
="2026-08-07 19:32:41",64904,687741,488621,199119,100000,+0.0125,0.0080,+0.0,+0.0000,SHORT,RUNNING
="2026-08-07 19:32:42",64902,687741,488621,199119,100000,+0.0110,0.0080,+0.0,+0.0000,SHORT,RUNNING
="2026-08-07 19:32:43",64902,687741,488621,199119,100000,+0.0099,0.0080,+0.0,+0.0000,SHORT,RUNNING
="2026-08-07 19:32:44",64902,695663,496544,199119,100000,+0.0099,0.0080,+0.0,+0.0000,SHORT,RUNNING
="2026-08-07 19:32:45",64900,695663,496544,199119,100000,+0.0099,0.0080,+0.0,+0.0000,SHORT,RUNNING
="2026-08-07 19:32:46",64900,695663,496544,199119,100000,+0.0099,0.0080,+0.0,+0.0000,SHORT,RUNNING
="2026-08-07 19:32:47",64900,695663,496544,199119,100000,+0.0060,0.0080,+0.0,+0.0000,NONE,RUNNING
="2026-08-07 19:32:48",64900,607722,496544,111178,100000,+0.0060,0.0080,+0.0,+0.0000,NONE,RUNNING
="2026-08-07 19:32:50",64900,607722,496544,111178,100000,+0.0043,0.0080,+0.0,+0.0000,NONE,RUNNING
="2026-08-07 19:32:51",64900,607722,496544,111178,100000,+0.0043,0.0080,+0.0,+0.0000,NONE,RUNNING
="2026-08-07 19:32:52",64900,607722,496544,111178,100000,+0.0043,0.0080,+0.0,+0.0000,NONE,RUNNING
="2026-08-07 19:32:53",64900,507189,496544,10645,100000,+0.0043,0.0080,+0.0,+0.0000,NONE,RUNNING
="2026-08-07 19:32:54",64900,507189,496544,10645,100000,+0.0043,0.0080,+0.0,+0.0000,NONE,RUNNING
="2026-08-07 19:32:55",64900,507189,496544,10645,100000,+0.0025,0.0080,+0.0,+0.0000,NONE,RUNNING
="2026-08-07 19:32:56",64900,507189,496544,10645,100000,+0.0027,0.0080,+0.0,+0.0000,NONE,RUNNING
="2026-08-07 19:32:57",64900,507189,496544,10645,100000,+0.0027,0.0080,+0.0,+0.0000,NONE,RUNNING
="2026-08-07 19:32:58",64900,496544,496544,0,100000,-0.0046,0.0080,+0.0,+0.0000,NONE,RUNNING
="2026-08-07 19:32:59",64900,496544,496544,0,100000,-0.0048,0.0080,+0.0,+0.0000,NONE,RUNNING
="2026-08-07 19:33:00",64900,496544,496544,0,100000,-0.0048,0.0080,+0.0,+0.0000,NONE,RUNNING
="2026-08-07 19:33:01",64900,496544,496544,0,100000,-0.0048,0.0080,+0.0,+0.0000,NONE,RUNNING
="2026-08-07 19:33:02",64900,496544,496544,0,100000,-0.0049,0.0080,+0.0,+0.0000,NONE,RUNNING
="2026-08-07 19:33:03",64900,496544,496544,0,100000,-0.0049,0.0080,+0.0,+0.0000,NONE,RUNNING
="2026-08-07 19:33:04",64900,496544,496544,0,100000,+0.0032,0.0080,+0.0,+0.0000,NONE,RUNNING
="2026-08-07 19:33:05",64900,496544,496544,0,100000,+0.0029,0.0080,+0.0,+0.0000,NONE,RUNNING
="2026-08-07 19:33:06",64900,532491,532491,0,100000,+0.0029,0.0080,+0.0,+0.0000,NONE,RUNNING
="2026-08-07 19:33:07",64900,532491,532491,0,100000,+0.0029,0.0080,+0.0,+0.0000,NONE,RUNNING
="2026-08-07 19:33:08",64900,532491,532491,0,100000,+0.0029,0.0080,+0.0,+0.0000,NONE,RUNNING
="2026-08-07 19:33:09",64900,532491,532491,0,100000,+0.0029,0.0080,+0.0,+0.0000,NONE,RUNNING
="2026-08-07 19:33:10",64900,532491,532491,0,100000,+0.0032,0.0080,+0.0,+0.0000,NONE,RUNNING
="2026-08-07 19:33:11",64900,532491,532491,0,100000,+0.0032,0.0080,+0.0,+0.0000,NONE,RUNNING
="2026-08-07 19:33:12",64900,532491,532491,0,100000,+0.0030,0.0080,+0.0,+0.0000,NONE,RUNNING
="2026-08-07 19:33:13",64900,532491,532491,0,100000,+0.0030,0.0080,+0.0,+0.0000,NONE,RUNNING
="2026-08-07 19:33:14",64900,532491,532491,0,100000,+0.0037,0.0080,+0.0,+0.0000,NONE,RUNNING
="2026-08-07 19:33:15",64900,532491,532491,0,100000,+0.0037,0.0080,+0.0,+0.0000,NONE,RUNNING
="2026-08-07 19:33:16",64900,279796,279796,0,100000,+0.0037,0.0080,+0.0,+0.0000,NONE,RUNNING
="2026-08-07 19:33:17",64900,262228,262228,0,100000,+0.0036,0.0080,+0.0,+0.0000,NONE,RUNNING
="2026-08-07 19:33:18",64900,262228,262228,0,100000,+0.0036,0.0080,+0.0,+0.0000,NONE,RUNNING
="2026-08-07 19:33:19",64900,262228,262228,0,100000,-0.0030,0.0080,+0.0,+0.0000,NONE,RUNNING
="2026-08-07 19:33:20",64900,244712,244712,0,100000,-0.0030,0.0080,+0.0,+0.0000,NONE,RUNNING
="2026-08-07 19:33:21",64900,244712,244712,0,100000,-0.0035,0.0080,+0.0,+0.0000,NONE,RUNNING
="2026-08-07 19:33:22",64900,380528,380528,0,100000,-0.0035,0.0080,+0.0,+0.0000,NONE,RUNNING
="2026-08-07 19:33:23",64900,380528,380528,0,100000,-0.0035,0.0080,+0.0,+0.0000,NONE,RUNNING
="2026-08-07 19:33:24",64900,380528,380528,0,100000,-0.0035,0.0080,+0.0,+0.0000,NONE,RUNNING
="2026-08-07 19:33:25",64900,380528,380528,0,100000,-0.0035,0.0080,+0.0,+0.0000,NONE,RUNNING
="2026-08-07 19:33:26",64900,380528,380528,0,100000,-0.0053,0.0080,+0.0,+0.0000,NONE,RUNNING
="2026-08-07 19:33:27",64900,380528,380528,0,100000,-0.0049,0.0080,+0.0,+0.0000,NONE,RUNNING
="2026-08-07 19:33:28",64900,380528,380528,0,100000,-0.0049,0.0080,+0.0,+0.0000,NONE,RUNNING
="2026-08-07 19:33:29",64900,380528,380528,0,100000,-0.0049,0.0080,+0.0,+0.0000,NONE,RUNNING
="2026-08-07 19:33:30",64900,380528,380528,0,100000,-0.0059,0.0080,+0.0,+0.0000,NONE,RUNNING
="2026-08-07 19:33:31",64900,348000,348000,0,100000,-0.0066,0.0080,+0.0,+0.0000,NONE,RUNNING
="2026-08-07 19:33:32",64900,348000,348000,0,100000,-0.0067,0.0080,+0.0,+0.0000,NONE,RUNNING
="2026-08-07 19:33:33",64900,348000,348000,0,100000,-0.0067,0.0080,+0.0,+0.0000,NONE,RUNNING
="2026-08-07 19:33:34",64900,348000,348000,0,100000,-0.0069,0.0080,+0.0,+0.0000,NONE,RUNNING
="2026-08-07 19:33:35",64900,348000,348000,0,100000,-0.0069,0.0080,+0.0,+0.0000,NONE,RUNNING
="2026-08-07 19:33:36",64900,348000,348000,0,100000,-0.0076,0.0080,+0.0,+0.0000,NONE,RUNNING
="2026-08-07 19:33:37",64900,348000,348000,0,100000,-0.0077,0.0080,+0.0,+0.0000,NONE,RUNNING
="2026-08-07 19:33:38",64900,348000,348000,0,100000,-0.0077,0.0080,+0.0,+0.0000,NONE,RUNNING
="2026-08-07 19:33:39",64900,348000,348000,0,100000,-0.0077,0.0080,+0.0,+0.0000,NONE,RUNNING
="2026-08-07 19:33:40",64900,348000,348000,0,100000,-0.0077,0.0080,+0.0,+0.0000,NONE,RUNNING
="2026-08-07 19:33:41",64900,192892,192892,0,100000,-0.0053,0.0080,+0.0,+0.0000,NONE,RUNNING
="2026-08-07 19:33:42",64900,192892,192892,0,100000,-0.0053,0.0080,+0.0,+0.0000,NONE,RUNNING
="2026-08-07 19:33:43",64900,192892,192892,0,100000,-0.0053,0.0080,+0.0,+0.0000,NONE,RUNNING
="2026-08-07 19:33:44",64900,171762,171762,0,100000,-0.0044,0.0080,+0.0,+0.0000,NONE,RUNNING
="2026-08-07 19:33:45",64900,171762,171762,0,100000,-0.0044,0.0080,+0.0,+0.0000,NONE,RUNNING
="2026-08-07 19:33:46",64900,171762,171762,0,100000,-0.0044,0.0080,+0.0,+0.0000,NONE,RUNNING
="2026-08-07 19:33:47",64900,186901,186901,0,100000,-0.0044,0.0080,+0.0,+0.0000,NONE,RUNNING
="2026-08-07 19:33:48",64900,186901,186901,0,100000,-0.0044,0.0080,+0.0,+0.0000,NONE,RUNNING
="2026-08-07 19:33:49",64900,186901,186901,0,100000,-0.0027,0.0080,+0.0,+0.0000,NONE,RUNNING
="2026-08-07 19:33:50",64900,186901,186901,0,100000,-0.0027,0.0080,+0.0,+0.0000,NONE,RUNNING
="2026-08-07 19:33:51",64900,186901,186901,0,100000,-0.0036,0.0080,+0.0,+0.0000,NONE,RUNNING
="2026-08-07 19:33:52",64900,186901,186901,0,100000,-0.0036,0.0080,+0.0,+0.0000,NONE,RUNNING
="2026-08-07 19:33:53",64900,186901,186901,0,100000,-0.0036,0.0080,+0.0,+0.0000,NONE,RUNNING
="2026-08-07 19:33:54",64900,186901,186901,0,100000,-0.0036,0.0080,+0.0,+0.0000,NONE,RUNNING
="2026-08-07 19:33:55",64900,186901,186901,0,100000,-0.0036,0.0080,+0.0,+0.0000,NONE,RUNNING
="2026-08-07 19:33:56",64900,186901,186901,0,100000,-0.0038,0.0080,+0.0,+0.0000,NONE,RUNNING
="2026-08-07 19:33:57",64900,186901,186901,0,100000,-0.0038,0.0080,+0.0,+0.0000,NONE,RUNNING
="2026-08-07 19:33:58",64900,186901,186901,0,100000,-0.0038,0.0080,+0.0,+0.0000,NONE,RUNNING
="2026-08-07 19:33:59",64900,186901,186901,0,100000,-0.0036,0.0080,+0.0,+0.0000,NONE,RUNNING
="2026-08-07 19:34:00",64900,186901,186901,0,100000,-0.0041,0.0080,+0.0,+0.0000,NONE,RUNNING
="2026-08-07 19:34:01",64900,186901,186901,0,100000,-0.0041,0.0080,+0.0,+0.0000,NONE,RUNNING
="2026-08-07 19:34:02",64900,186901,186901,0,100000,-0.0040,0.0080,+0.0,+0.0000,NONE,RUNNING
="2026-08-07 19:34:03",64900,186901,186901,0,100000,-0.0040,0.0080,+0.0,+0.0000,NONE,RUNNING
="2026-08-07 19:34:04",64900,186901,186901,0,100000,-0.0040,0.0080,+0.0,+0.0000,NONE,RUNNING
="2026-08-07 19:34:05",64900,186901,186901,0,100000,-0.0036,0.0080,+0.0,+0.0000,NONE,RUNNING
="2026-08-07 19:34:06",64900,150954,150954,0,100000,-0.0035,0.0080,+0.0,+0.0000,NONE,RUNNING
="2026-08-07 19:34:07",64900,150954,150954,0,100000,-0.0035,0.0080,+0.0,+0.0000,NONE,RUNNING
="2026-08-07 19:34:08",64900,150954,150954,0,100000,-0.0035,0.0080,+0.0,+0.0000,NONE,RUNNING
="2026-08-07 19:34:09",64900,150954,150954,0,100000,-0.0035,0.0080,+0.0,+0.0000,NONE,RUNNING
="2026-08-07 19:34:10",64900,150954,150954,0,100000,-0.0035,0.0080,+0.0,+0.0000,NONE,RUNNING
="2026-08-07 19:34:11",64900,150954,150954,0,100000,-0.0034,0.0080,+0.0,+0.0000,NONE,RUNNING
="2026-08-07 19:34:12",64900,150954,150954,0,100000,-0.0031,0.0080,+0.0,+0.0000,NONE,RUNNING
="2026-08-07 19:34:13",64900,150954,150954,0,100000,-0.0031,0.0080,+0.0,+0.0000,NONE,RUNNING
="2026-08-07 19:34:14",64900,150954,150954,0,100000,-0.0030,0.0080,+0.0,+0.0000,NONE,RUNNING
="2026-08-07 19:34:15",64900,150954,150954,0,100000,-0.0031,0.0080,+0.0,+0.0000,NONE,RUNNING
="2026-08-07 19:34:16",64900,150954,150954,0,100000,-0.0031,0.0080,+0.0,+0.0000,NONE,RUNNING
="2026-08-07 19:34:17",64900,150954,150954,0,100000,-0.0030,0.0080,+0.0,+0.0000,NONE,RUNNING
="2026-08-07 19:34:18",64900,150954,150954,0,100000,-0.0030,0.0080,+0.0,+0.0000,NONE,RUNNING
="2026-08-07 19:34:19",64900,150954,150954,0,100000,-0.0030,0.0080,+0.0,+0.0000,NONE,RUNNING
="2026-08-07 19:34:20",64900,150954,150954,0,100000,-0.0025,0.0080,+0.0,+0.0000,NONE,RUNNING
="2026-08-07 19:34:21",64900,15138,15138,0,100000,-0.0025,0.0080,+0.0,+0.0000,NONE,RUNNING
="2026-08-07 19:34:22",64900,29941,29941,0,100000,-0.0025,0.0080,+0.0,+0.0000,NONE,RUNNING
="2026-08-07 19:34:23",64900,29941,29941,0,100000,-0.0025,0.0080,+0.0,+0.0000,NONE,RUNNING
="2026-08-07 19:34:24",64900,29941,29941,0,100000,-0.0025,0.0080,+0.0,+0.0000,NONE,RUNNING
="2026-08-07 19:34:25",64900,29941,29941,0,100000,-0.0025,0.0080,+0.0,+0.0000,NONE,RUNNING
="2026-08-07 19:34:26",64900,29941,29941,0,100000,-0.0029,0.0080,+0.0,+0.0000,NONE,RUNNING
="2026-08-07 19:34:27",64900,29941,29941,0,100000,-0.0046,0.0080,+0.0,+0.0000,NONE,RUNNING
="2026-08-07 19:34:28",64900,80684,80684,0,100000,-0.0046,0.0080,+0.0,+0.0000,NONE,RUNNING
="2026-08-07 19:34:29",64899,80684,80684,0,100000,-0.0036,0.0080,+0.0,+0.0000,NONE,RUNNING
="2026-08-07 19:34:30",64900,80684,80684,0,100000,-0.0034,0.0080,+0.0,+0.0000,NONE,RUNNING
="2026-08-07 19:34:32",64899,80684,80684,0,100000,-0.0034,0.0080,+0.0,+0.0000,NONE,RUNNING
="2026-08-07 19:34:33",64899,80684,80684,0,100000,-0.0033,0.0080,+0.0,+0.0000,NONE,RUNNING
="2026-08-07 19:34:34",64899,80684,80684,0,100000,-0.0033,0.0080,+0.0,+0.0000,NONE,RUNNING
="2026-08-07 19:34:35",64899,80684,80684,0,100000,-0.0033,0.0080,+0.0,+0.0000,NONE,RUNNING
="2026-08-07 19:34:36",64899,80684,80684,0,100000,-0.0027,0.0080,+0.0,+0.0000,NONE,RUNNING
="2026-08-07 19:34:37",64899,80684,80684,0,100000,+0.0009,0.0080,+0.0,+0.0000,NONE,RUNNING
="2026-08-07 19:34:38",64899,80684,80684,0,100000,+0.0009,0.0080,+0.0,+0.0000,NONE,RUNNING
="2026-08-07 19:34:39",64900,80684,80684,0,100000,+0.0009,0.0080,+0.0,+0.0000,NONE,RUNNING
="2026-08-07 19:34:40",64888,221782,221782,0,100000,+0.0009,0.0080,+0.0,+0.0000,NONE,RUNNING
="2026-08-07 19:34:41",64880,221782,221782,0,100000,+0.0009,0.0080,+0.0,+0.0000,NONE,RUNNING
="2026-08-07 19:34:42",64880,221782,221782,0,100000,+0.0009,0.0080,+0.0,+0.0000,NONE,RUNNING
="2026-08-07 19:34:43",64880,221782,221782,0,100000,-0.0342,0.0080,+0.0,+0.0000,SHORT,RUNNING
="2026-08-07 19:34:44",64880,221782,221782,0,100000,-0.0342,0.0080,+0.0,+0.0000,SHORT,RUNNING
="2026-08-07 19:34:45",64880,221782,221782,0,100000,-0.0340,0.0080,+0.0,+0.0000,SHORT,RUNNING
="2026-08-07 19:34:46",64880,221782,221782,0,100000,-0.0371,0.0080,+0.0,+0.0000,SHORT,RUNNING
="2026-08-07 19:34:47",64880,206643,206643,0,100000,-0.0371,0.0080,+0.0,+0.0000,SHORT,RUNNING
="2026-08-07 19:34:48",64880,206643,206643,0,100000,-0.0371,0.0080,+0.0,+0.0000,SHORT,RUNNING
="2026-08-07 19:34:49",64880,206643,206643,0,100000,-0.0371,0.0080,+0.0,+0.0000,SHORT,RUNNING
="2026-08-07 19:34:50",64880,206643,206643,0,100000,-0.0372,0.0080,+0.0,+0.0000,SHORT,RUNNING
="2026-08-07 19:34:51",64880,206643,206643,0,100000,-0.0362,0.0080,+0.0,+0.0000,SHORT,RUNNING
="2026-08-07 19:34:52",64880,206643,206643,0,100000,-0.0362,0.0080,+0.0,+0.0000,SHORT,RUNNING
="2026-08-07 19:34:53",64880,206643,206643,0,100000,-0.0365,0.0080,+0.0,+0.0000,SHORT,RUNNING
="2026-08-07 19:34:54",64880,206643,206643,0,100000,-0.0365,0.0080,+0.0,+0.0000,SHORT,RUNNING
="2026-08-07 19:34:55",64880,206643,206643,0,100000,-0.0365,0.0080,+0.0,+0.0000,SHORT,RUNNING
="2026-08-07 19:34:56",64880,206643,206643,0,100000,-0.0367,0.0080,+0.0,+0.0000,SHORT,RUNNING
="2026-08-07 19:34:57",64880,206643,206643,0,100000,-0.0367,0.0080,+0.0,+0.0000,SHORT,RUNNING
="2026-08-07 19:34:58",64880,206643,206643,0,100000,-0.0380,0.0080,+0.0,+0.0000,SHORT,RUNNING
="2026-08-07 19:34:59",64880,206643,206643,0,100000,-0.0380,0.0080,+0.0,+0.0000,SHORT,RUNNING
="2026-08-07 19:35:00",64877,320133,320133,0,100000,-0.0376,0.0080,+0.0,+0.0000,SHORT,RUNNING
="2026-08-07 19:35:01",64877,320133,320133,0,100000,-0.0376,0.0080,+0.0,+0.0000,SHORT,RUNNING
="2026-08-07 19:35:02",64877,320133,320133,0,100000,-0.0379,0.0080,+0.0,+0.0000,SHORT,RUNNING
="2026-08-07 19:35:03",64877,320133,320133,0,100000,-0.0379,0.0080,+0.0,+0.0000,SHORT,RUNNING
="2026-08-07 19:35:04",64877,320133,320133,0,100000,-0.0379,0.0080,+0.0,+0.0000,SHORT,RUNNING
="2026-08-07 19:35:05",64877,320133,320133,0,100000,-0.0379,0.0080,+0.0,+0.0000,SHORT,RUNNING
="2026-08-07 19:35:06",64877,320133,320133,0,100000,-0.0379,0.0080,+0.0,+0.0000,SHORT,RUNNING
="2026-08-07 19:35:07",64877,320133,320133,0,100000,-0.0379,0.0080,+0.0,+0.0000,SHORT,RUNNING
="2026-08-07 19:35:08",64877,320133,320133,0,100000,-0.0379,0.0080,+0.0,+0.0000,SHORT,RUNNING
="2026-08-07 19:35:09",64877,320133,320133,0,100000,-0.0379,0.0080,+0.0,+0.0000,SHORT,RUNNING
="2026-08-07 19:35:10",64877,320133,320133,0,100000,-0.0367,0.0080,+0.0,+0.0000,SHORT,RUNNING
="2026-08-07 19:35:11",64877,320133,320133,0,100000,-0.0367,0.0080,+0.0,+0.0000,SHORT,RUNNING
="2026-08-07 19:35:12",64877,320133,320133,0,100000,-0.0370,0.0080,+0.0,+0.0000,SHORT,RUNNING
="2026-08-07 19:35:13",64877,320133,320133,0,100000,-0.0370,0.0080,+0.0,+0.0000,SHORT,RUNNING
="2026-08-07 19:35:14",64877,320133,320133,0,100000,-0.0370,0.0080,+0.0,+0.0000,SHORT,RUNNING
="2026-08-07 19:35:15",64877,320133,320133,0,100000,-0.0369,0.0080,+0.0,+0.0000,SHORT,RUNNING
="2026-08-07 19:35:16",64877,320133,320133,0,100000,-0.0369,0.0080,+0.0,+0.0000,SHORT,RUNNING
="2026-08-07 19:35:17",64877,320133,320133,0,100000,-0.0366,0.0080,+0.0,+0.0000,SHORT,RUNNING
="2026-08-07 19:35:18",64877,320133,320133,0,100000,-0.0366,0.0080,+0.0,+0.0000,SHORT,RUNNING
="2026-08-07 19:35:19",64877,320133,320133,0,100000,-0.0366,0.0080,+0.0,+0.0000,SHORT,RUNNING
="2026-08-07 19:35:20",64877,320133,320133,0,100000,-0.0366,0.0080,+0.0,+0.0000,SHORT,RUNNING
="2026-08-07 19:35:21",64877,320133,320133,0,100000,-0.0366,0.0080,+0.0,+0.0000,SHORT,RUNNING
="2026-08-07 19:35:22",64877,358250,358250,0,100000,-0.0352,0.0080,+0.0,+0.0000,SHORT,RUNNING
="2026-08-07 19:35:23",64877,358250,358250,0,100000,-0.0352,0.0080,+0.0,+0.0000,SHORT,RUNNING
="2026-08-07 19:35:24",64877,358250,358250,0,100000,-0.0352,0.0080,+0.0,+0.0000,SHORT,RUNNING
="2026-08-07 19:35:25",64877,358250,358250,0,100000,-0.0352,0.0080,+0.0,+0.0000,SHORT,RUNNING
="2026-08-07 19:35:26",64877,358250,358250,0,100000,-0.0335,0.0080,+0.0,+0.0000,SHORT,RUNNING
="2026-08-07 19:35:27",64877,358250,358250,0,100000,-0.0319,0.0080,+0.0,+0.0000,SHORT,RUNNING
="2026-08-07 19:35:28",64877,358250,358250,0,100000,-0.0319,0.0080,+0.0,+0.0000,SHORT,RUNNING
="2026-08-07 19:35:29",64877,307507,307507,0,100000,-0.0320,0.0080,+0.0,+0.0000,SHORT,RUNNING
="2026-08-07 19:35:30",64877,307507,307507,0,100000,-0.0320,0.0080,+0.0,+0.0000,SHORT,RUNNING
="2026-08-07 19:35:31",64877,307507,307507,0,100000,-0.0323,0.0080,+0.0,+0.0000,SHORT,RUNNING
="2026-08-07 19:35:32",64877,560735,307507,253227,100000,-0.0297,0.0080,+0.0,+0.0000,SHORT,RUNNING
="2026-08-07 19:35:33",64887,560735,307507,253227,100000,-0.0297,0.0080,+0.0,+0.0000,SHORT,RUNNING
="2026-08-07 19:35:34",64887,560735,307507,253227,100000,-0.0297,0.0080,+0.0,+0.0000,SHORT,RUNNING
="2026-08-07 19:35:35",64887,560735,307507,253227,100000,-0.0302,0.0080,+0.0,+0.0000,SHORT,RUNNING
="2026-08-07 19:35:36",64887,560735,307507,253227,100000,-0.0302,0.0080,+0.0,+0.0000,SHORT,RUNNING
="2026-08-07 19:35:37",64887,560735,307507,253227,100000,-0.0337,0.0080,+0.0,+0.0000,SHORT,RUNNING
="2026-08-07 19:35:38",64887,560735,307507,253227,100000,-0.0337,0.0080,+0.0,+0.0000,SHORT,RUNNING
="2026-08-07 19:35:39",64887,419637,166409,253227,100000,-0.0337,0.0080,+0.0,+0.0000,LONG,RUNNING
="2026-08-07 19:35:40",64887,419637,166409,253227,100000,-0.0337,0.0080,+0.0,+0.0000,LONG,RUNNING
="2026-08-07 19:35:41",64887,419637,166409,253227,100000,-0.0323,0.0080,+0.0,+0.0000,LONG,RUNNING
="2026-08-07 19:35:42",64887,419637,166409,253227,100000,-0.0323,0.0080,+0.0,+0.0000,LONG,RUNNING
="2026-08-07 19:35:43",64887,419637,166409,253227,100000,+0.0027,0.0080,+0.0,+0.0000,NONE,RUNNING
="2026-08-07 19:35:44",64887,419637,166409,253227,100000,+0.0027,0.0080,+0.0,+0.0000,NONE,RUNNING
="2026-08-07 19:35:45",64887,435897,182669,253227,100000,+0.0058,0.0080,+0.0,+0.0000,NONE,RUNNING
="2026-08-07 19:35:46",64887,435897,182669,253227,100000,+0.0058,0.0080,+0.0,+0.0000,NONE,RUNNING
="2026-08-07 19:35:47",64887,435897,182669,253227,100000,+0.0060,0.0080,+0.0,+0.0000,NONE,RUNNING
="2026-08-07 19:35:48",64887,435897,182669,253227,100000,+0.0061,0.0080,+0.0,+0.0000,NONE,RUNNING
="2026-08-07 19:35:49",64887,435897,182669,253227,100000,+0.0061,0.0080,+0.0,+0.0000,NONE,RUNNING
="2026-08-07 19:35:50",64887,435897,182669,253227,100000,+0.0061,0.0080,+0.0,+0.0000,NONE,RUNNING
="2026-08-07 19:35:51",64887,455909,202681,253227,100000,+0.0061,0.0080,+0.0,+0.0000,NONE,RUNNING
="2026-08-07 19:35:52",64887,475923,222695,253227,100000,+0.0064,0.0080,+0.0,+0.0000,NONE,RUNNING
="2026-08-07 19:35:53",64887,495936,242708,253227,100000,+0.0067,0.0080,+0.0,+0.0000,NONE,RUNNING
="2026-08-07 19:35:54",64886,510927,257699,253227,100000,+0.0067,0.0080,+0.0,+0.0000,NONE,RUNNING
="2026-08-07 19:35:55",64885,548909,295681,253227,100000,+0.0069,0.0080,+0.0,+0.0000,NONE,RUNNING
="2026-08-07 19:35:56",64885,568922,315694,253227,100000,+0.0069,0.0080,+0.0,+0.0000,NONE,RUNNING
="2026-08-07 19:35:57",64885,624345,371117,253227,100000,+0.0069,0.0080,+0.0,+0.0000,NONE,RUNNING
="2026-08-07 19:35:58",64884,639015,385787,253227,100000,+0.0083,0.0080,+0.0,+0.0000,SHORT,RUNNING
="2026-08-07 19:35:59",64884,525526,272298,253227,100000,+0.0093,0.0080,+0.0,+0.0000,SHORT,RUNNING
="2026-08-07 19:36:00",64884,565413,312185,253227,100000,+0.0093,0.0080,+0.0,+0.0000,SHORT,RUNNING
="2026-08-07 19:36:02",64884,585425,332197,253227,100000,+0.0096,0.0080,+0.0,+0.0000,SHORT,RUNNING
="2026-08-07 19:36:03",64884,585425,332197,253227,100000,+0.0096,0.0080,+0.0,+0.0000,SHORT,RUNNING
="2026-08-07 19:36:04",64883,598545,345317,253227,100000,+0.0095,0.0080,+0.0,+0.0000,SHORT,RUNNING
="2026-08-07 19:36:05",64883,609383,356156,253227,100000,+0.0094,0.0080,+0.0,+0.0000,SHORT,RUNNING
="2026-08-07 19:36:06",64883,670806,396181,274625,100000,+0.0107,0.0080,+0.0,+0.0000,SHORT,RUNNING
="2026-08-07 19:36:07",64883,680808,406183,274625,100000,+0.0107,0.0080,+0.0,+0.0000,SHORT,RUNNING
="2026-08-07 19:36:08",64883,680808,406183,274625,100000,+0.0107,0.0080,+0.0,+0.0000,SHORT,RUNNING
="2026-08-07 19:36:09",64883,690812,416187,274625,100000,+0.0107,0.0080,+0.0,+0.0000,SHORT,RUNNING
="2026-08-07 19:36:10",64883,710478,435853,274625,100000,+0.0107,0.0080,+0.0,+0.0000,SHORT,RUNNING
="2026-08-07 19:36:11",64883,727154,452528,274625,100000,+0.0094,0.0080,+0.0,+0.0000,SHORT,RUNNING
="2026-08-07 19:36:12",64883,737514,462888,274625,100000,+0.0094,0.0080,+0.0,+0.0000,SHORT,RUNNING
="2026-08-07 19:36:13",64883,777228,502603,274625,100000,+0.0094,0.0080,+0.0,+0.0000,SHORT,RUNNING
="2026-08-07 19:36:14",64883,777228,502603,274625,100000,+0.0094,0.0080,+0.0,+0.0000,SHORT,RUNNING
="2026-08-07 19:36:15",64883,791122,516497,274625,100000,+0.0103,0.0080,+0.0,+0.0000,SHORT,RUNNING
="2026-08-07 19:36:16",64883,827271,552645,274625,100000,+0.0103,0.0080,+0.0,+0.0000,SHORT,RUNNING
="2026-08-07 19:36:17",64883,847283,572658,274625,100000,+0.0100,0.0080,+0.0,+0.0000,SHORT,RUNNING
="2026-08-07 19:36:18",64883,867295,592670,274625,100000,+0.0100,0.0080,+0.0,+0.0000,SHORT,RUNNING
="2026-08-07 19:36:19",64883,867295,592670,274625,100000,+0.0113,0.0080,+0.0,+0.0000,SHORT,RUNNING
="2026-08-07 19:36:20",64883,867295,592670,274625,100000,+0.0113,0.0080,+0.0,+0.0000,SHORT,RUNNING
="2026-08-07 19:36:21",64883,867295,592670,274625,100000,+0.0113,0.0080,+0.0,+0.0000,SHORT,RUNNING
="2026-08-07 19:36:22",64883,814375,539749,274625,100000,+0.0114,0.0080,+0.0,+0.0000,SHORT,RUNNING
="2026-08-07 19:36:23",64883,814375,539749,274625,100000,+0.0100,0.0080,+0.0,+0.0000,SHORT,RUNNING
="2026-08-07 19:36:24",64883,814375,539749,274625,100000,+0.0100,0.0080,+0.0,+0.0000,SHORT,RUNNING
="2026-08-07 19:36:25",64883,814375,539749,274625,100000,+0.0143,0.0080,+0.0,+0.0000,SHORT,RUNNING
="2026-08-07 19:36:26",64883,814375,539749,274625,100000,+0.0126,0.0080,+0.0,+0.0000,SHORT,RUNNING
="2026-08-07 19:36:27",64883,814375,539749,274625,100000,+0.0126,0.0080,+0.0,+0.0000,SHORT,RUNNING
="2026-08-07 19:36:28",64883,814375,539749,274625,100000,+0.0130,0.0080,+0.0,+0.0000,SHORT,RUNNING
="2026-08-07 19:36:29",64883,814375,539749,274625,100000,+0.0131,0.0080,+0.0,+0.0000,SHORT,RUNNING
="2026-08-07 19:36:30",64883,814375,539749,274625,100000,+0.0131,0.0080,+0.0,+0.0000,SHORT,RUNNING
="2026-08-07 19:36:31",64883,814375,539749,274625,100000,+0.0132,0.0080,+0.0,+0.0000,SHORT,RUNNING
="2026-08-07 19:36:32",64883,578640,539749,38890,100000,+0.0106,0.0080,+0.0,+0.0000,SHORT,RUNNING
="2026-08-07 19:36:33",64883,620391,598994,21397,100000,+0.0106,0.0080,+0.0,+0.0000,SHORT,RUNNING
="2026-08-07 19:36:34",64882,620391,598994,21397,100000,+0.0121,0.0080,+0.0,+0.0000,SHORT,RUNNING
="2026-08-07 19:36:35",64882,620391,598994,21397,100000,+0.0126,0.0080,+0.0,+0.0000,SHORT,RUNNING
="2026-08-07 19:36:36",64882,620391,598994,21397,100000,+0.0126,0.0080,+0.0,+0.0000,SHORT,RUNNING
="2026-08-07 19:36:37",64882,620391,598994,21397,100000,+0.0126,0.0080,+0.0,+0.0000,SHORT,RUNNING
="2026-08-07 19:36:38",64882,620391,598994,21397,100000,+0.0126,0.0080,+0.0,+0.0000,SHORT,RUNNING
="2026-08-07 19:36:39",64882,620391,598994,21397,100000,+0.0144,0.0080,+0.0,+0.0000,SHORT,RUNNING
="2026-08-07 19:36:40",64882,620391,598994,21397,100000,+0.0144,0.0080,+0.0,+0.0000,SHORT,RUNNING
="2026-08-07 19:36:41",64882,620391,598994,21397,100000,+0.0130,0.0080,+0.0,+0.0000,SHORT,RUNNING
="2026-08-07 19:36:42",64882,620391,598994,21397,100000,+0.0130,0.0080,+0.0,+0.0000,SHORT,RUNNING
="2026-08-07 19:36:43",64882,620391,598994,21397,100000,+0.0130,0.0080,+0.0,+0.0000,SHORT,RUNNING
="2026-08-07 19:36:44",64882,620391,598994,21397,100000,+0.0130,0.0080,+0.0,+0.0000,SHORT,RUNNING
="2026-08-07 19:36:45",64882,620391,598994,21397,100000,+0.0130,0.0080,+0.0,+0.0000,SHORT,RUNNING
="2026-08-07 19:36:46",64882,604131,582734,21397,100000,+0.0137,0.0080,+0.0,+0.0000,SHORT,RUNNING
="2026-08-07 19:36:47",64882,604131,582734,21397,100000,+0.0135,0.0080,+0.0,+0.0000,SHORT,RUNNING
="2026-08-07 19:36:48",64882,604131,582734,21397,100000,+0.0200,0.0080,+0.0,+0.0000,SHORT,RUNNING
="2026-08-07 19:36:49",64882,604131,582734,21397,100000,+0.0200,0.0080,+0.0,+0.0000,SHORT,RUNNING
="2026-08-07 19:36:50",64882,604131,582734,21397,100000,+0.0200,0.0080,+0.0,+0.0000,SHORT,RUNNING
="2026-08-07 19:36:55",0,0,0,0,100000,+0.0000,0.0080,+0.0,+0.0000,NONE,RUNNING
="2026-08-07 19:37:34",64882,177110,177110,0,100000,+0.0139,0.0080,+0.0,+0.0000,SHORT,RUNNING
="2026-08-07 19:37:35",64880,177110,177110,0,100000,+0.0139,0.0080,+0.0,+0.0000,SHORT,RUNNING
="2026-08-07 19:37:36",64880,177110,177110,0,100000,+0.0139,0.0080,+0.0,+0.0000,SHORT,RUNNING
="2026-08-07 19:37:37",64880,448327,448327,0,100000,+0.0139,0.0080,+0.0,+0.0000,SHORT,RUNNING
="2026-08-07 19:37:38",64870,490541,490541,0,100000,+0.0139,0.0080,+0.0,+0.0000,SHORT,RUNNING
="2026-08-07 19:37:39",64870,490541,490541,0,100000,+0.0139,0.0080,+0.0,+0.0000,SHORT,RUNNING
="2026-08-07 19:37:40",64863,490541,490541,0,100000,+0.0108,0.0080,+0.0,+0.0000,SHORT,RUNNING
="2026-08-07 19:37:41",64863,490541,490541,0,100000,+0.0108,0.0080,+0.0,+0.0000,SHORT,RUNNING
="2026-08-07 19:37:42",64863,490541,490541,0,100000,+0.0108,0.0080,+0.0,+0.0000,SHORT,RUNNING
="2026-08-07 19:37:43",64860,490541,490541,0,100000,+0.0127,0.0080,+0.0,+0.0000,SHORT,RUNNING
="2026-08-07 19:37:44",64860,490541,490541,0,100000,+0.0127,0.0080,+0.0,+0.0000,SHORT,RUNNING
="2026-08-07 19:37:45",64860,490541,490541,0,100000,+0.0127,0.0080,+0.0,+0.0000,SHORT,RUNNING
="2026-08-07 19:37:46",64860,490541,490541,0,100000,+0.0127,0.0080,+0.0,+0.0000,SHORT,RUNNING
="2026-08-07 19:37:47",64860,490541,490541,0,100000,+0.0106,0.0080,+0.0,+0.0000,SHORT,RUNNING
="2026-08-07 19:37:48",64860,490541,490541,0,100000,+0.0106,0.0080,+0.0,+0.0000,SHORT,RUNNING
="2026-08-07 19:37:49",64860,490541,490541,0,100000,+0.0094,0.0080,+0.0,+0.0000,SHORT,RUNNING
="2026-08-07 19:37:50",64860,490541,490541,0,100000,+0.0094,0.0080,+0.0,+0.0000,SHORT,RUNNING
="2026-08-07 19:37:51",64860,490541,490541,0,100000,+0.0094,0.0080,+0.0,+0.0000,SHORT,RUNNING
="2026-08-07 19:37:52",64860,490541,490541,0,100000,+0.0094,0.0080,+0.0,+0.0000,SHORT,RUNNING
="2026-08-07 19:37:53",64860,490541,490541,0,100000,+0.0094,0.0080,+0.0,+0.0000,SHORT,RUNNING
="2026-08-07 19:37:54",64860,490541,490541,0,100000,+0.0094,0.0080,+0.0,+0.0000,SHORT,RUNNING
="2026-08-07 19:37:55",64860,490541,490541,0,100000,+0.0094,0.0080,+0.0,+0.0000,SHORT,RUNNING
="2026-08-07 19:37:56",64860,490541,490541,0,100000,+0.0095,0.0080,+0.0,+0.0000,SHORT,RUNNING
="2026-08-07 19:37:57",64860,490541,490541,0,100000,+0.0095,0.0080,+0.0,+0.0000,SHORT,RUNNING
="2026-08-07 19:37:58",64860,490541,490541,0,100000,+0.0095,0.0080,+0.0,+0.0000,SHORT,RUNNING
="2026-08-07 19:37:59",64860,479895,479895,0,100000,+0.0108,0.0080,+0.0,+0.0000,SHORT,RUNNING
="2026-08-07 19:38:00",64860,479895,479895,0,100000,+0.0095,0.0080,+0.0,+0.0000,SHORT,RUNNING
="2026-08-07 19:38:01",64860,479895,479895,0,100000,+0.0095,0.0080,+0.0,+0.0000,SHORT,RUNNING
="2026-08-07 19:38:02",64860,479895,479895,0,100000,+0.0095,0.0080,+0.0,+0.0000,SHORT,RUNNING
="2026-08-07 19:38:03",64860,479895,479895,0,100000,+0.0079,0.0080,+0.0,+0.0000,NONE,RUNNING
="2026-08-07 19:38:04",64860,479895,479895,0,100000,+0.0079,0.0080,+0.0,+0.0000,NONE,RUNNING
="2026-08-07 19:38:05",64860,479895,479895,0,100000,+0.0079,0.0080,+0.0,+0.0000,NONE,RUNNING
="2026-08-07 19:38:06",64860,479895,479895,0,100000,+0.0079,0.0080,+0.0,+0.0000,NONE,RUNNING
="2026-08-07 19:38:07",64860,479895,479895,0,100000,+0.0079,0.0080,+0.0,+0.0000,NONE,RUNNING
="2026-08-07 19:38:09",64860,479895,479895,0,100000,+0.0079,0.0080,+0.0,+0.0000,NONE,RUNNING
="2026-08-07 19:38:10",64860,479895,479895,0,100000,+0.0079,0.0080,+0.0,+0.0000,NONE,RUNNING
="2026-08-07 19:38:11",64860,479895,479895,0,100000,+0.0066,0.0080,+0.0,+0.0000,NONE,RUNNING
="2026-08-07 19:38:12",64860,479895,479895,0,100000,+0.0067,0.0080,+0.0,+0.0000,NONE,RUNNING
="2026-08-07 19:38:13",64860,479895,479895,0,100000,+0.0045,0.0080,+0.0,+0.0000,NONE,RUNNING
="2026-08-07 19:38:14",64860,479895,479895,0,100000,+0.0045,0.0080,+0.0,+0.0000,NONE,RUNNING
="2026-08-07 19:38:15",64860,479895,479895,0,100000,+0.0062,0.0080,+0.0,+0.0000,NONE,RUNNING
="2026-08-07 19:38:16",64860,479895,479895,0,100000,+0.0062,0.0080,+0.0,+0.0000,NONE,RUNNING
="2026-08-07 19:38:17",64860,479895,479895,0,100000,+0.0062,0.0080,+0.0,+0.0000,NONE,RUNNING
="2026-08-07 19:38:18",64860,479895,479895,0,100000,+0.0062,0.0080,+0.0,+0.0000,NONE,RUNNING
="2026-08-07 19:38:19",64860,479895,479895,0,100000,+0.0062,0.0080,+0.0,+0.0000,NONE,RUNNING
="2026-08-07 19:38:20",64860,479895,479895,0,100000,+0.0045,0.0080,+0.0,+0.0000,NONE,RUNNING
="2026-08-07 19:38:21",64860,479895,479895,0,100000,+0.0072,0.0080,+0.0,+0.0000,NONE,RUNNING
="2026-08-07 19:38:22",64860,479895,479895,0,100000,+0.0072,0.0080,+0.0,+0.0000,NONE,RUNNING
="2026-08-07 19:38:23",64860,479895,479895,0,100000,+0.0081,0.0080,+0.0,+0.0000,SHORT,RUNNING
="2026-08-07 19:38:24",64860,479895,479895,0,100000,+0.0080,0.0080,+0.0,+0.0000,SHORT,RUNNING
="2026-08-07 19:38:25",64860,479895,479895,0,100000,+0.0080,0.0080,+0.0,+0.0000,SHORT,RUNNING
="2026-08-07 19:38:26",64860,479895,479895,0,100000,+0.0049,0.0080,+0.0,+0.0000,NONE,RUNNING
="2026-08-07 19:38:27",64860,479895,479895,0,100000,+0.0049,0.0080,+0.0,+0.0000,NONE,RUNNING
="2026-08-07 19:38:28",64860,479895,479895,0,100000,+0.0049,0.0080,+0.0,+0.0000,NONE,RUNNING
="2026-08-07 19:38:29",64862,460450,460450,0,100000,+0.0032,0.0080,+0.0,+0.0000,NONE,RUNNING
="2026-08-07 19:38:30",64863,460450,460450,0,100000,+0.0047,0.0080,+0.0,+0.0000,NONE,RUNNING
="2026-08-07 19:38:31",64863,460450,460450,0,100000,+0.0047,0.0080,+0.0,+0.0000,NONE,RUNNING
="2026-08-07 19:38:32",64863,460450,460450,0,100000,+0.0047,0.0080,+0.0,+0.0000,NONE,RUNNING
="2026-08-07 19:38:33",64863,460450,460450,0,100000,+0.0047,0.0080,+0.0,+0.0000,NONE,RUNNING
="2026-08-07 19:38:34",64863,460450,460450,0,100000,+0.0047,0.0080,+0.0,+0.0000,NONE,RUNNING
="2026-08-07 19:38:35",64863,313431,313431,0,100000,+0.0029,0.0080,+0.0,+0.0000,NONE,RUNNING
="2026-08-07 19:38:36",64863,313431,313431,0,100000,+0.0032,0.0080,+0.0,+0.0000,NONE,RUNNING
="2026-08-07 19:38:37",64863,204424,204424,0,100000,+0.0032,0.0080,+0.0,+0.0000,NONE,RUNNING
="2026-08-07 19:38:38",64863,0,0,0,100000,+0.0032,0.0080,+0.0,+0.0000,NONE,RUNNING
="2026-08-07 19:38:39",64863,0,0,0,100000,+0.0032,0.0080,+0.0,+0.0000,NONE,RUNNING
="2026-08-07 19:38:40",64863,0,0,0,100000,+0.0063,0.0080,+0.0,+0.0000,NONE,RUNNING
="2026-08-07 19:38:41",64863,0,0,0,100000,+0.0063,0.0080,+0.0,+0.0000,NONE,RUNNING
="2026-08-07 19:38:42",64863,0,0,0,100000,+0.0063,0.0080,+0.0,+0.0000,NONE,RUNNING
="2026-08-07 19:38:43",64863,0,0,0,100000,+0.0063,0.0080,+0.0,+0.0000,NONE,RUNNING
="2026-08-07 19:38:44",64863,0,0,0,100000,+0.0044,0.0080,+0.0,+0.0000,NONE,RUNNING
="2026-08-07 19:38:45",64863,0,0,0,100000,+0.0063,0.0080,+0.0,+0.0000,NONE,RUNNING
="2026-08-07 19:38:46",64863,0,0,0,100000,+0.0063,0.0080,+0.0,+0.0000,NONE,RUNNING
="2026-08-07 19:38:47",64863,0,0,0,100000,+0.0084,0.0080,+0.0,+0.0000,NONE,RUNNING
="2026-08-07 19:38:48",64863,0,0,0,100000,+0.0066,0.0080,+0.0,+0.0000,NONE,RUNNING
="2026-08-07 19:38:49",64863,0,0,0,100000,+0.0066,0.0080,+0.0,+0.0000,NONE,RUNNING
="2026-08-07 19:38:50",64863,0,0,0,100000,+0.0078,0.0080,+0.0,+0.0000,NONE,RUNNING
="2026-08-07 19:38:51",64863,0,0,0,100000,+0.0095,0.0080,+0.0,+0.0000,NONE,RUNNING
="2026-08-07 19:38:52",64863,0,0,0,100000,+0.0095,0.0080,+0.0,+0.0000,NONE,RUNNING
="2026-08-07 19:38:53",64863,0,0,0,100000,+0.0095,0.0080,+0.0,+0.0000,NONE,RUNNING
="2026-08-07 19:38:54",64863,0,0,0,100000,+0.0095,0.0080,+0.0,+0.0000,NONE,RUNNING
="2026-08-07 19:38:55",64863,0,0,0,100000,+0.0095,0.0080,+0.0,+0.0000,NONE,RUNNING
="2026-08-07 19:38:56",64863,0,0,0,100000,+0.0095,0.0080,+0.0,+0.0000,NONE,RUNNING
="2026-08-07 19:38:57",64863,0,0,0,100000,+0.0095,0.0080,+0.0,+0.0000,NONE,RUNNING
="2026-08-07 19:38:58",64863,0,0,0,100000,+0.0105,0.0080,+0.0,+0.0000,NONE,RUNNING
="2026-08-07 19:38:59",64863,0,0,0,100000,+0.0105,0.0080,+0.0,+0.0000,NONE,RUNNING
="2026-08-07 19:39:00",64863,0,0,0,100000,+0.0092,0.0080,+0.0,+0.0000,NONE,RUNNING
="2026-08-07 19:39:01",64863,0,0,0,100000,+0.0091,0.0080,+0.0,+0.0000,NONE,RUNNING
="2026-08-07 19:39:02",64863,0,0,0,100000,+0.0091,0.0080,+0.0,+0.0000,NONE,RUNNING
="2026-08-07 19:39:03",64863,0,0,0,100000,+0.0091,0.0080,+0.0,+0.0000,NONE,RUNNING
="2026-08-07 19:39:04",64863,0,0,0,100000,+0.0091,0.0080,+0.0,+0.0000,NONE,RUNNING
="2026-08-07 19:39:05",64863,0,0,0,100000,+0.0090,0.0080,+0.0,+0.0000,NONE,RUNNING
="2026-08-07 19:39:06",64863,0,0,0,100000,+0.0088,0.0080,+0.0,+0.0000,NONE,RUNNING
="2026-08-07 19:39:07",64863,0,0,0,100000,+0.0088,0.0080,+0.0,+0.0000,NONE,RUNNING
="2026-08-07 19:39:08",64863,0,0,0,100000,+0.0088,0.0080,+0.0,+0.0000,NONE,RUNNING
="2026-08-07 19:39:09",64863,0,0,0,100000,+0.0088,0.0080,+0.0,+0.0000,NONE,RUNNING
="2026-08-07 19:39:10",64863,0,0,0,100000,+0.0087,0.0080,+0.0,+0.0000,NONE,RUNNING
="2026-08-07 19:39:11",64863,0,0,0,100000,+0.0086,0.0080,+0.0,+0.0000,NONE,RUNNING
="2026-08-07 19:39:12",64863,0,0,0,100000,+0.0086,0.0080,+0.0,+0.0000,NONE,RUNNING
="2026-08-07 19:39:13",64863,0,0,0,100000,+0.0086,0.0080,+0.0,+0.0000,NONE,RUNNING
="2026-08-07 19:39:14",64863,0,0,0,100000,+0.0086,0.0080,+0.0,+0.0000,NONE,RUNNING
="2026-08-07 19:39:15",64863,0,0,0,100000,+0.0069,0.0080,+0.0,+0.0000,NONE,RUNNING
="2026-08-07 19:39:16",64863,0,0,0,100000,+0.0069,0.0080,+0.0,+0.0000,NONE,RUNNING
="2026-08-07 19:39:17",64863,0,0,0,100000,+0.0069,0.0080,+0.0,+0.0000,NONE,RUNNING
="2026-08-07 19:39:18",64863,11006,0,11006,100000,+0.0069,0.0080,+0.0,+0.0000,NONE,RUNNING
="2026-08-07 19:39:19",64863,11006,0,11006,100000,+0.0089,0.0080,+0.0,+0.0000,NONE,RUNNING
="2026-08-07 19:39:20",64863,11006,0,11006,100000,+0.0061,0.0080,+0.0,+0.0000,NONE,RUNNING
="2026-08-07 19:39:21",64863,11006,0,11006,100000,+0.0061,0.0080,+0.0,+0.0000,NONE,RUNNING
="2026-08-07 19:39:22",64863,11006,0,11006,100000,+0.0061,0.0080,+0.0,+0.0000,NONE,RUNNING
="2026-08-07 19:39:23",64863,11006,0,11006,100000,+0.0061,0.0080,+0.0,+0.0000,NONE,RUNNING
="2026-08-07 19:39:24",64863,11006,0,11006,100000,+0.0063,0.0080,+0.0,+0.0000,NONE,RUNNING
="2026-08-07 19:39:25",64863,11006,0,11006,100000,+0.0062,0.0080,+0.0,+0.0000,NONE,RUNNING
="2026-08-07 19:39:26",64863,11006,0,11006,100000,+0.0062,0.0080,+0.0,+0.0000,NONE,RUNNING
="2026-08-07 19:39:27",64863,11006,0,11006,100000,+0.0062,0.0080,+0.0,+0.0000,NONE,RUNNING
="2026-08-07 19:39:28",64863,11006,0,11006,100000,+0.0062,0.0080,+0.0,+0.0000,NONE,RUNNING
="2026-08-07 19:39:29",64863,11006,0,11006,100000,+0.0048,0.0080,+0.0,+0.0000,NONE,RUNNING
="2026-08-07 19:39:30",64863,11006,0,11006,100000,+0.0048,0.0080,+0.0,+0.0000,NONE,RUNNING
="2026-08-07 19:39:31",64863,11006,0,11006,100000,+0.0048,0.0080,+0.0,+0.0000,NONE,RUNNING
="2026-08-07 19:39:32",64863,11006,0,11006,100000,+0.0132,0.0080,+0.0,+0.0000,NONE,RUNNING
="2026-08-07 19:39:33",64863,11006,0,11006,100000,+0.0132,0.0080,+0.0,+0.0000,NONE,RUNNING
="2026-08-07 19:40:09",64863,62268,51262,11006,100000,+0.0102,0.0080,+0.0,+0.0000,NONE,RUNNING
="2026-08-07 19:40:10",64863,73467,62461,11006,100000,+0.0103,0.0080,+0.0,+0.0000,NONE,RUNNING
="2026-08-07 19:40:11",64863,73467,62461,11006,100000,+0.0136,0.0080,+0.0,+0.0000,NONE,RUNNING
="2026-08-07 19:40:12",64863,93480,82474,11006,100000,+0.0136,0.0080,+0.0,+0.0000,NONE,RUNNING
="2026-08-07 19:40:13",64863,133505,122498,11006,100000,+0.0136,0.0080,+0.0,+0.0000,SHORT,RUNNING
="2026-08-07 19:40:14",64863,133505,122498,11006,100000,+0.0136,0.0080,+0.0,+0.0000,SHORT,RUNNING
="2026-08-07 19:40:15",64863,173529,162523,11006,100000,+0.0136,0.0080,+0.0,+0.0000,SHORT,RUNNING
="2026-08-07 19:40:16",64863,183818,172812,11006,100000,+0.0136,0.0080,+0.0,+0.0000,SHORT,RUNNING
="2026-08-07 19:40:17",64860,203830,192824,11006,100000,+0.0146,0.0080,+0.0,+0.0000,SHORT,RUNNING
="2026-08-07 19:40:18",64860,192824,192824,0,100000,+0.0146,0.0080,+0.0,+0.0000,SHORT,RUNNING
="2026-08-07 19:40:19",64860,192824,192824,0,100000,+0.0126,0.0080,+0.0,+0.0000,SHORT,RUNNING
="2026-08-07 19:40:20",64860,192824,192824,0,100000,+0.0126,0.0080,+0.0,+0.0000,SHORT,RUNNING
="2026-08-07 19:40:21",64860,192824,192824,0,100000,+0.0126,0.0080,+0.0,+0.0000,SHORT,RUNNING
="2026-08-07 19:40:22",64860,206266,206266,0,100000,+0.0126,0.0080,+0.0,+0.0000,SHORT,RUNNING
="2026-08-07 19:40:23",64860,206266,206266,0,100000,+0.0122,0.0080,+0.0,+0.0000,SHORT,RUNNING
="2026-08-07 19:40:24",64860,206266,206266,0,100000,+0.0122,0.0080,+0.0,+0.0000,SHORT,RUNNING
="2026-08-07 19:40:25",64860,206266,206266,0,100000,+0.0122,0.0080,+0.0,+0.0000,SHORT,RUNNING
="2026-08-07 19:40:26",64860,206266,206266,0,100000,+0.0120,0.0080,+0.0,+0.0000,SHORT,RUNNING
="2026-08-07 19:40:27",64860,206266,206266,0,100000,+0.0120,0.0080,+0.0,+0.0000,SHORT,RUNNING
="2026-08-07 19:40:28",64860,206266,206266,0,100000,+0.0120,0.0080,+0.0,+0.0000,SHORT,RUNNING
="2026-08-07 19:40:29",64860,206266,206266,0,100000,+0.0120,0.0080,+0.0,+0.0000,SHORT,RUNNING
="2026-08-07 19:40:30",64860,206266,206266,0,100000,+0.0120,0.0080,+0.0,+0.0000,SHORT,RUNNING
="2026-08-07 19:40:31",64860,206266,206266,0,100000,+0.0036,0.0080,+0.0,+0.0000,NONE,RUNNING
="2026-08-07 19:40:32",64860,206266,206266,0,100000,+0.0036,0.0080,+0.0,+0.0000,NONE,RUNNING
="2026-08-07 19:40:33",64860,206266,206266,0,100000,+0.0039,0.0080,+0.0,+0.0000,NONE,RUNNING
="2026-08-07 19:40:34",64860,206266,206266,0,100000,+0.0039,0.0080,+0.0,+0.0000,NONE,RUNNING
="2026-08-07 19:40:35",64860,206266,206266,0,100000,+0.0039,0.0080,+0.0,+0.0000,NONE,RUNNING
="2026-08-07 19:40:36",64860,206266,206266,0,100000,+0.0039,0.0080,+0.0,+0.0000,NONE,RUNNING
="2026-08-07 19:40:38",64860,206266,206266,0,100000,+0.0039,0.0080,+0.0,+0.0000,NONE,RUNNING
="2026-08-07 19:40:39",64860,206266,206266,0,100000,+0.0038,0.0080,+0.0,+0.0000,NONE,RUNNING
="2026-08-07 19:40:40",64863,224566,206266,18299,100000,+0.0038,0.0080,+0.0,+0.0000,NONE,RUNNING
="2026-08-07 19:40:41",64863,224566,206266,18299,100000,+0.0034,0.0080,+0.0,+0.0000,NONE,RUNNING
="2026-08-07 19:40:42",64863,224566,206266,18299,100000,+0.0016,0.0080,+0.0,+0.0000,NONE,RUNNING
="2026-08-07 19:40:43",64863,224566,206266,18299,100000,+0.0016,0.0080,+0.0,+0.0000,NONE,RUNNING
="2026-08-07 19:40:44",64863,224566,206266,18299,100000,+0.0016,0.0080,+0.0,+0.0000,NONE,RUNNING
="2026-08-07 19:40:45",64863,224566,206266,18299,100000,+0.0022,0.0080,+0.0,+0.0000,NONE,RUNNING
="2026-08-07 19:40:46",64863,224566,206266,18299,100000,+0.0022,0.0080,+0.0,+0.0000,NONE,RUNNING
="2026-08-07 19:40:47",64863,224566,206266,18299,100000,+0.0031,0.0080,+0.0,+0.0000,NONE,RUNNING
="2026-08-07 19:40:48",64863,224566,206266,18299,100000,+0.0031,0.0080,+0.0,+0.0000,NONE,RUNNING
="2026-08-07 19:40:49",64863,204490,186191,18299,100000,+0.0027,0.0080,+0.0,+0.0000,NONE,RUNNING
="2026-08-07 19:40:50",64863,204490,186191,18299,100000,+0.0027,0.0080,+0.0,+0.0000,NONE,RUNNING
="2026-08-07 19:40:51",64863,204490,186191,18299,100000,+0.0027,0.0080,+0.0,+0.0000,NONE,RUNNING
="2026-08-07 19:40:52",64863,204490,186191,18299,100000,+0.0027,0.0080,+0.0,+0.0000,NONE,RUNNING
="2026-08-07 19:40:53",64863,204490,186191,18299,100000,+0.0024,0.0080,+0.0,+0.0000,NONE,RUNNING
="2026-08-07 19:40:54",64863,204490,186191,18299,100000,+0.0024,0.0080,+0.0,+0.0000,NONE,RUNNING
="2026-08-07 19:40:55",64863,204490,186191,18299,100000,+0.0024,0.0080,+0.0,+0.0000,NONE,RUNNING
="2026-08-07 19:40:56",64863,204490,186191,18299,100000,+0.0026,0.0080,+0.0,+0.0000,NONE,RUNNING
="2026-08-07 19:40:57",64863,204490,186191,18299,100000,+0.0026,0.0080,+0.0,+0.0000,NONE,RUNNING
="2026-08-07 19:40:58",64863,204490,186191,18299,100000,-0.0018,0.0080,+0.0,+0.0000,NONE,RUNNING
="2026-08-07 19:40:59",64863,204490,186191,18299,100000,-0.0018,0.0080,+0.0,+0.0000,NONE,RUNNING
="2026-08-07 19:41:00",64863,204490,186191,18299,100000,-0.0018,0.0080,+0.0,+0.0000,NONE,RUNNING
="2026-08-07 19:41:01",64863,204490,186191,18299,100000,-0.0018,0.0080,+0.0,+0.0000,NONE,RUNNING
="2026-08-07 19:41:02",64863,204490,186191,18299,100000,-0.0019,0.0080,+0.0,+0.0000,NONE,RUNNING
="2026-08-07 19:41:03",64863,204490,186191,18299,100000,-0.0019,0.0080,+0.0,+0.0000,NONE,RUNNING
="2026-08-07 19:41:04",64863,204490,186191,18299,100000,-0.0019,0.0080,+0.0,+0.0000,NONE,RUNNING
="2026-08-07 19:41:05",64863,204490,186191,18299,100000,-0.0019,0.0080,+0.0,+0.0000,NONE,RUNNING
="2026-08-07 19:41:06",64863,187343,169043,18299,100000,-0.0019,0.0080,+0.0,+0.0000,NONE,RUNNING
="2026-08-07 19:41:07",64863,187343,169043,18299,100000,-0.0020,0.0080,+0.0,+0.0000,NONE,RUNNING
="2026-08-07 19:41:08",64863,187343,169043,18299,100000,-0.0020,0.0080,+0.0,+0.0000,NONE,RUNNING
="2026-08-07 19:41:09",64863,187343,169043,18299,100000,-0.0020,0.0080,+0.0,+0.0000,NONE,RUNNING
="2026-08-07 19:41:10",64863,162104,143804,18299,100000,-0.0020,0.0080,+0.0,+0.0000,NONE,RUNNING
="2026-08-07 19:41:11",64863,162104,143804,18299,100000,-0.0052,0.0080,+0.0,+0.0000,NONE,RUNNING
="2026-08-07 19:41:17",0,0,0,0,100000,+0.0000,0.0080,+0.0,+0.0000,NONE,RUNNING
="2026-08-07 19:42:17",64869,35582,23993,11589,100000,-0.0034,0.0080,+0.0,+0.0000,NONE,RUNNING
="2026-08-07 19:42:48",64878,115010,0,115010,100000,-0.0059,0.0080,+0.0,+0.0000,NONE,RUNNING
="2026-08-07 19:42:49",64880,115010,0,115010,100000,-0.0059,0.0080,+0.0,+0.0000,NONE,RUNNING
="2026-08-07 19:42:50",64880,115010,0,115010,100000,-0.0060,0.0080,+0.0,+0.0000,NONE,RUNNING
="2026-08-07 19:42:51",64880,115010,0,115010,100000,-0.0060,0.0080,+0.0,+0.0000,NONE,RUNNING
="2026-08-07 19:42:52",64880,115010,0,115010,100000,-0.0060,0.0080,+0.0,+0.0000,NONE,RUNNING
="2026-08-07 19:42:53",64880,115010,0,115010,100000,-0.0051,0.0080,+0.0,+0.0000,NONE,RUNNING
="2026-08-07 19:42:54",64880,115010,0,115010,100000,-0.0050,0.0080,+0.0,+0.0000,NONE,RUNNING
="2026-08-07 19:42:55",64880,115010,0,115010,100000,-0.0050,0.0080,+0.0,+0.0000,NONE,RUNNING
="2026-08-07 19:42:56",64880,115010,0,115010,100000,-0.0050,0.0080,+0.0,+0.0000,NONE,RUNNING
="2026-08-07 19:42:57",64880,115010,0,115010,100000,-0.0050,0.0080,+0.0,+0.0000,NONE,RUNNING
="2026-08-07 19:42:58",64880,115010,0,115010,100000,-0.0050,0.0080,+0.0,+0.0000,NONE,RUNNING
="2026-08-07 19:42:59",64880,115010,0,115010,100000,-0.0050,0.0080,+0.0,+0.0000,NONE,RUNNING
="2026-08-07 19:43:00",64880,115010,0,115010,100000,-0.0028,0.0080,+0.0,+0.0000,NONE,RUNNING
="2026-08-07 19:43:01",64880,115010,0,115010,100000,-0.0028,0.0080,+0.0,+0.0000,NONE,RUNNING
="2026-08-07 19:43:02",64880,115010,0,115010,100000,-0.0028,0.0080,+0.0,+0.0000,NONE,RUNNING
="2026-08-07 19:43:03",64880,115010,0,115010,100000,-0.0028,0.0080,+0.0,+0.0000,NONE,RUNNING
="2026-08-07 19:43:04",64880,115010,0,115010,100000,-0.0028,0.0080,+0.0,+0.0000,NONE,RUNNING
="2026-08-07 19:43:05",64880,115010,0,115010,100000,-0.0026,0.0080,+0.0,+0.0000,NONE,RUNNING
="2026-08-07 19:43:06",64880,115010,0,115010,100000,-0.0021,0.0080,+0.0,+0.0000,NONE,RUNNING
="2026-08-07 19:43:07",64873,189762,74752,115010,100000,-0.0021,0.0080,+0.0,+0.0000,NONE,RUNNING
="2026-08-07 19:43:08",64873,225746,74752,150994,100000,-0.0021,0.0080,+0.0,+0.0000,NONE,RUNNING
="2026-08-07 19:43:09",64873,225746,74752,150994,100000,-0.0021,0.0080,+0.0,+0.0000,NONE,RUNNING
="2026-08-07 19:43:10",64873,267265,116271,150994,100000,-0.0021,0.0080,+0.0,+0.0000,NONE,RUNNING
="2026-08-07 19:43:11",64873,267265,116271,150994,100000,-0.0021,0.0080,+0.0,+0.0000,NONE,RUNNING
="2026-08-07 19:43:12",64873,267265,116271,150994,100000,+0.0032,0.0080,+0.0,+0.0000,NONE,RUNNING
="2026-08-07 19:43:13",64873,255675,116271,139404,100000,+0.0032,0.0080,+0.0,+0.0000,NONE,RUNNING
="2026-08-07 19:43:14",64873,255675,116271,139404,100000,+0.0029,0.0080,+0.0,+0.0000,NONE,RUNNING
="2026-08-07 19:43:15",64873,255675,116271,139404,100000,+0.0017,0.0080,+0.0,+0.0000,NONE,RUNNING
="2026-08-07 19:43:16",64870,318736,179332,139404,100000,+0.0017,0.0080,+0.0,+0.0000,NONE,RUNNING
="2026-08-07 19:43:17",64866,318736,179332,139404,100000,+0.0062,0.0080,+0.0,+0.0000,NONE,RUNNING
="2026-08-07 19:43:18",64866,318736,179332,139404,100000,+0.0062,0.0080,+0.0,+0.0000,NONE,RUNNING
="2026-08-07 19:43:19",64866,318736,179332,139404,100000,+0.0062,0.0080,+0.0,+0.0000,NONE,RUNNING
="2026-08-07 19:43:20",64866,318736,179332,139404,100000,+0.0062,0.0080,+0.0,+0.0000,NONE,RUNNING
="2026-08-07 19:43:21",64866,333543,194139,139404,100000,+0.0062,0.0080,+0.0,+0.0000,NONE,RUNNING
="2026-08-07 19:43:22",64866,333543,194139,139404,100000,+0.0064,0.0080,+0.0,+0.0000,NONE,RUNNING
="2026-08-07 19:43:23",64863,333543,194139,139404,100000,+0.0076,0.0080,+0.0,+0.0000,NONE,RUNNING
="2026-08-07 19:43:24",64863,333543,194139,139404,100000,+0.0076,0.0080,+0.0,+0.0000,NONE,RUNNING
="2026-08-07 19:43:25",64863,333543,194139,139404,100000,+0.0076,0.0080,+0.0,+0.0000,NONE,RUNNING
="2026-08-07 19:43:26",64863,333543,194139,139404,100000,+0.0075,0.0080,+0.0,+0.0000,NONE,RUNNING
="2026-08-07 19:43:27",64863,333543,194139,139404,100000,+0.0075,0.0080,+0.0,+0.0000,NONE,RUNNING
="2026-08-07 19:43:28",64863,333543,194139,139404,100000,-0.0001,0.0080,+0.0,+0.0000,NONE,RUNNING
="2026-08-07 19:43:29",64863,333543,194139,139404,100000,+0.0000,0.0080,+0.0,+0.0000,NONE,RUNNING
="2026-08-07 19:43:30",64863,345822,206418,139404,100000,-0.0019,0.0080,+0.0,+0.0000,NONE,RUNNING
="2026-08-07 19:43:31",64863,345822,206418,139404,100000,-0.0019,0.0080,+0.0,+0.0000,NONE,RUNNING
="2026-08-07 19:43:32",64863,366956,237552,129404,100000,-0.0019,0.0080,+0.0,+0.0000,NONE,RUNNING
="2026-08-07 19:43:33",64863,366956,237552,129404,100000,-0.0019,0.0080,+0.0,+0.0000,NONE,RUNNING
="2026-08-07 19:43:34",64863,366956,237552,129404,100000,-0.0019,0.0080,+0.0,+0.0000,NONE,RUNNING
="2026-08-07 19:43:35",64860,405459,276055,129404,100000,-0.0020,0.0080,+0.0,+0.0000,NONE,RUNNING
="2026-08-07 19:43:36",64857,405459,276055,129404,100000,-0.0020,0.0080,+0.0,+0.0000,NONE,RUNNING
="2026-08-07 19:43:37",64857,442005,312601,129404,100000,-0.0049,0.0080,+0.0,+0.0000,NONE,RUNNING
="2026-08-07 19:43:38",64856,442005,312601,129404,100000,-0.0062,0.0080,+0.0,+0.0000,NONE,RUNNING
="2026-08-07 19:43:39",64855,442005,312601,129404,100000,-0.0062,0.0080,+0.0,+0.0000,NONE,RUNNING
="2026-08-07 19:43:40",64855,442005,312601,129404,100000,-0.0069,0.0080,+0.0,+0.0000,NONE,RUNNING
="2026-08-07 19:43:41",64855,442005,312601,129404,100000,-0.0066,0.0080,+0.0,+0.0000,NONE,RUNNING
="2026-08-07 19:43:42",64855,442005,312601,129404,100000,-0.0066,0.0080,+0.0,+0.0000,NONE,RUNNING
="2026-08-07 19:43:43",64855,442005,312601,129404,100000,-0.0067,0.0080,+0.0,+0.0000,NONE,RUNNING
="2026-08-07 19:43:44",64855,442005,312601,129404,100000,-0.0067,0.0080,+0.0,+0.0000,NONE,RUNNING
="2026-08-07 19:43:45",64855,442005,312601,129404,100000,-0.0068,0.0080,+0.0,+0.0000,NONE,RUNNING
="2026-08-07 19:43:46",64855,442005,312601,129404,100000,-0.0070,0.0080,+0.0,+0.0000,NONE,RUNNING
="2026-08-07 19:43:47",64855,442005,312601,129404,100000,-0.0061,0.0080,+0.0,+0.0000,NONE,RUNNING
="2026-08-07 19:43:48",64855,348585,312601,35983,100000,-0.0061,0.0080,+0.0,+0.0000,NONE,RUNNING
="2026-08-07 19:43:49",64855,348585,312601,35983,100000,-0.0061,0.0080,+0.0,+0.0000,NONE,RUNNING
="2026-08-07 19:43:50",64855,348585,312601,35983,100000,-0.0061,0.0080,+0.0,+0.0000,NONE,RUNNING
="2026-08-07 19:43:51",64855,348585,312601,35983,100000,-0.0061,0.0080,+0.0,+0.0000,NONE,RUNNING
="2026-08-07 19:43:52",64855,348585,312601,35983,100000,-0.0061,0.0080,+0.0,+0.0000,NONE,RUNNING
="2026-08-07 19:43:53",64855,348585,312601,35983,100000,-0.0062,0.0080,+0.0,+0.0000,NONE,RUNNING
="2026-08-07 19:43:54",64855,348585,312601,35983,100000,-0.0062,0.0080,+0.0,+0.0000,NONE,RUNNING
="2026-08-07 19:43:55",64855,348585,312601,35983,100000,-0.0062,0.0080,+0.0,+0.0000,NONE,RUNNING
="2026-08-07 19:43:56",64855,348585,312601,35983,100000,-0.0063,0.0080,+0.0,+0.0000,NONE,RUNNING
="2026-08-07 19:43:57",64855,348585,312601,35983,100000,-0.0063,0.0080,+0.0,+0.0000,NONE,RUNNING
="2026-08-07 19:43:58",64855,348585,312601,35983,100000,-0.0063,0.0080,+0.0,+0.0000,NONE,RUNNING
="2026-08-07 19:44:00",64855,348585,312601,35983,100000,-0.0063,0.0080,+0.0,+0.0000,NONE,RUNNING
="2026-08-07 19:44:01",64855,348585,312601,35983,100000,-0.0084,0.0080,+0.0,+0.0000,SHORT,RUNNING
="2026-08-07 19:44:02",64855,367158,331174,35983,100000,-0.0084,0.0080,+0.0,+0.0000,SHORT,RUNNING
="2026-08-07 19:44:03",64855,367158,331174,35983,100000,-0.0098,0.0080,+0.0,+0.0000,SHORT,RUNNING
="2026-08-07 19:44:04",64855,367158,331174,35983,100000,-0.0098,0.0080,+0.0,+0.0000,SHORT,RUNNING
="2026-08-07 19:44:05",64855,367158,331174,35983,100000,-0.0098,0.0080,+0.0,+0.0000,SHORT,RUNNING
="2026-08-07 19:44:06",64855,367158,331174,35983,100000,-0.0098,0.0080,+0.0,+0.0000,SHORT,RUNNING
="2026-08-07 19:44:07",64855,292405,256422,35983,100000,-0.0103,0.0080,+0.0,+0.0000,SHORT,RUNNING
="2026-08-07 19:44:08",64855,256422,256422,0,100000,-0.0103,0.0080,+0.0,+0.0000,SHORT,RUNNING
="2026-08-07 19:44:09",64855,256422,256422,0,100000,-0.0103,0.0080,+0.0,+0.0000,SHORT,RUNNING
="2026-08-07 19:44:10",64855,256422,256422,0,100000,-0.0103,0.0080,+0.0,+0.0000,SHORT,RUNNING
="2026-08-07 19:44:11",64856,214902,214902,0,100000,-0.0103,0.0080,+0.0,+0.0000,SHORT,RUNNING
="2026-08-07 19:44:12",64856,214902,214902,0,100000,-0.0155,0.0080,+0.0,+0.0000,SHORT,RUNNING
="2026-08-07 19:44:13",64858,214902,214902,0,100000,-0.0155,0.0080,+0.0,+0.0000,SHORT,RUNNING
="2026-08-07 19:44:14",64858,214902,214902,0,100000,-0.0151,0.0080,+0.0,+0.0000,SHORT,RUNNING
="2026-08-07 19:44:21",0,0,0,0,100000,+0.0000,0.0080,+0.0,+0.0000,NONE,RUNNING
="2026-08-07 19:45:21",64861,566191,489548,76643,100000,+0.0033,0.0080,+0.0,+0.0000,NONE,RUNNING
="2026-08-07 19:45:27",64861,566191,489548,76643,100000,+0.0044,0.0080,+0.0,+0.0000,NONE,RUNNING
="2026-08-07 19:45:28",64861,566191,489548,76643,100000,+0.0044,0.0080,+0.0,+0.0000,NONE,RUNNING
="2026-08-07 19:45:29",64861,566191,489548,76643,100000,+0.0044,0.0080,+0.0,+0.0000,NONE,RUNNING
="2026-08-07 19:45:30",64861,371602,294959,76643,100000,+0.0044,0.0080,+0.0,+0.0000,NONE,RUNNING
="2026-08-07 19:45:31",64861,371602,294959,76643,100000,+0.0032,0.0080,+0.0,+0.0000,NONE,RUNNING
="2026-08-07 19:45:32",64861,371602,294959,76643,100000,+0.0032,0.0080,+0.0,+0.0000,NONE,RUNNING
="2026-08-07 19:45:33",64861,371602,294959,76643,100000,+0.0040,0.0080,+0.0,+0.0000,NONE,RUNNING
="2026-08-07 19:45:34",64861,371602,294959,76643,100000,+0.0041,0.0080,+0.0,+0.0000,NONE,RUNNING
="2026-08-07 19:45:35",64861,371602,294959,76643,100000,+0.0041,0.0080,+0.0,+0.0000,NONE,RUNNING
="2026-08-07 19:45:36",64861,371602,294959,76643,100000,+0.0040,0.0080,+0.0,+0.0000,NONE,RUNNING
="2026-08-07 19:45:37",64861,371602,294959,76643,100000,+0.0052,0.0080,+0.0,+0.0000,NONE,RUNNING
="2026-08-07 19:45:38",64861,371602,294959,76643,100000,+0.0052,0.0080,+0.0,+0.0000,NONE,RUNNING
="2026-08-07 19:45:39",64861,371602,294959,76643,100000,+0.0052,0.0080,+0.0,+0.0000,NONE,RUNNING
="2026-08-07 19:45:40",64861,371602,294959,76643,100000,+0.0052,0.0080,+0.0,+0.0000,NONE,RUNNING
="2026-08-07 19:45:41",64861,371602,294959,76643,100000,+0.0052,0.0080,+0.0,+0.0000,NONE,RUNNING
="2026-08-07 19:45:42",64861,371602,294959,76643,100000,+0.0051,0.0080,+0.0,+0.0000,NONE,RUNNING
="2026-08-07 19:45:43",64865,460644,359586,101057,100000,+0.0052,0.0080,+0.0,+0.0000,NONE,RUNNING
="2026-08-07 19:45:44",64869,460644,359586,101057,100000,+0.0052,0.0080,+0.0,+0.0000,NONE,RUNNING
="2026-08-07 19:45:45",64871,460644,359586,101057,100000,+0.0018,0.0080,+0.0,+0.0000,NONE,RUNNING
="2026-08-07 19:45:46",64872,460644,359586,101057,100000,+0.0046,0.0080,+0.0,+0.0000,NONE,RUNNING
="2026-08-07 19:45:47",64872,460644,359586,101057,100000,+0.0046,0.0080,+0.0,+0.0000,NONE,RUNNING
="2026-08-07 19:45:48",64872,460644,359586,101057,100000,+0.0046,0.0080,+0.0,+0.0000,NONE,RUNNING
="2026-08-07 19:45:49",64878,460644,359586,101057,100000,+0.0046,0.0080,+0.0,+0.0000,NONE,RUNNING
="2026-08-07 19:45:50",64878,460644,359586,101057,100000,+0.0046,0.0080,+0.0,+0.0000,NONE,RUNNING
="2026-08-07 19:45:51",64877,460644,359586,101057,100000,+0.0045,0.0080,+0.0,+0.0000,NONE,RUNNING
="2026-08-07 19:45:52",64878,460644,359586,101057,100000,+0.0118,0.0080,+0.0,+0.0000,SHORT,RUNNING
="2026-08-07 19:45:53",64877,460644,359586,101057,100000,+0.0118,0.0080,+0.0,+0.0000,SHORT,RUNNING
="2026-08-07 19:45:54",64877,460644,359586,101057,100000,+0.0117,0.0080,+0.0,+0.0000,SHORT,RUNNING
="2026-08-07 19:45:55",64877,460644,359586,101057,100000,+0.0117,0.0080,+0.0,+0.0000,SHORT,RUNNING
="2026-08-07 19:45:56",64877,460644,359586,101057,100000,+0.0117,0.0080,+0.0,+0.0000,SHORT,RUNNING
="2026-08-07 19:45:57",64877,460644,359586,101057,100000,+0.0116,0.0080,+0.0,+0.0000,SHORT,RUNNING
="2026-08-07 19:45:58",64877,460644,359586,101057,100000,+0.0116,0.0080,+0.0,+0.0000,SHORT,RUNNING
="2026-08-07 19:45:59",64877,460644,359586,101057,100000,+0.0116,0.0080,+0.0,+0.0000,SHORT,RUNNING
="2026-08-07 19:46:01",64877,460644,359586,101057,100000,+0.0116,0.0080,+0.0,+0.0000,SHORT,RUNNING
="2026-08-07 19:46:02",64878,434695,333638,101057,100000,+0.0072,0.0080,+0.0,+0.0000,NONE,RUNNING
="2026-08-07 19:46:03",64878,424580,323522,101057,100000,+0.0072,0.0080,+0.0,+0.0000,NONE,RUNNING
="2026-08-07 19:46:04",64877,424580,323522,101057,100000,+0.0070,0.0080,+0.0,+0.0000,NONE,RUNNING
="2026-08-07 19:46:05",64878,387513,286455,101057,100000,+0.0070,0.0080,+0.0,+0.0000,NONE,RUNNING
="2026-08-07 19:46:06",64878,369506,268448,101057,100000,+0.0070,0.0080,+0.0,+0.0000,NONE,RUNNING
="2026-08-07 19:46:07",64878,369506,268448,101057,100000,+0.0068,0.0080,+0.0,+0.0000,NONE,RUNNING
="2026-08-07 19:46:08",64878,357727,256669,101057,100000,+0.0052,0.0080,+0.0,+0.0000,NONE,RUNNING
="2026-08-07 19:46:09",64878,347630,246572,101057,100000,+0.0052,0.0080,+0.0,+0.0000,NONE,RUNNING
="2026-08-07 19:46:10",64878,347630,246572,101057,100000,+0.0053,0.0080,+0.0,+0.0000,NONE,RUNNING
="2026-08-07 19:46:11",64877,311003,209945,101057,100000,+0.0053,0.0080,+0.0,+0.0000,NONE,RUNNING
="2026-08-07 19:46:12",64878,293960,192902,101057,100000,+0.0053,0.0080,+0.0,+0.0000,NONE,RUNNING
="2026-08-07 19:46:13",64877,263676,162618,101057,100000,+0.0051,0.0080,+0.0,+0.0000,NONE,RUNNING
="2026-08-07 19:46:14",64877,250670,149612,101057,100000,+0.0051,0.0080,+0.0,+0.0000,NONE,RUNNING
="2026-08-07 19:46:15",64877,253993,152936,101057,100000,+0.0053,0.0080,+0.0,+0.0000,NONE,RUNNING
="2026-08-07 19:46:16",64878,143527,119112,24414,100000,+0.0053,0.0080,+0.0,+0.0000,NONE,RUNNING
="2026-08-07 19:46:17",64877,125677,101263,24414,100000,+0.0053,0.0080,+0.0,+0.0000,NONE,RUNNING
="2026-08-07 19:46:18",64868,224419,200004,24414,100000,+0.0053,0.0080,+0.0,+0.0000,NONE,RUNNING
="2026-08-07 19:46:19",64868,224419,200004,24414,100000,+0.0053,0.0080,+0.0,+0.0000,NONE,RUNNING
="2026-08-07 19:46:20",64868,224419,200004,24414,100000,+0.0053,0.0080,+0.0,+0.0000,NONE,RUNNING
="2026-08-07 19:46:21",64868,224419,200004,24414,100000,+0.0053,0.0080,+0.0,+0.0000,NONE,RUNNING
="2026-08-07 19:46:22",64868,224419,200004,24414,100000,+0.0052,0.0080,+0.0,+0.0000,NONE,RUNNING
="2026-08-07 19:46:23",64868,224419,200004,24414,100000,+0.0052,0.0080,+0.0,+0.0000,NONE,RUNNING
="2026-08-07 19:46:24",64868,224419,200004,24414,100000,-0.0103,0.0080,+0.0,+0.0000,SHORT,RUNNING
="2026-08-07 19:46:25",64868,224419,200004,24414,100000,-0.0103,0.0080,+0.0,+0.0000,SHORT,RUNNING
="2026-08-07 19:46:26",64868,224419,200004,24414,100000,-0.0103,0.0080,+0.0,+0.0000,SHORT,RUNNING
="2026-08-07 19:46:27",64868,224419,200004,24414,100000,-0.0103,0.0080,+0.0,+0.0000,SHORT,RUNNING
="2026-08-07 19:46:28",64868,224419,200004,24414,100000,-0.0111,0.0080,+0.0,+0.0000,SHORT,RUNNING
="2026-08-07 19:46:29",64868,224419,200004,24414,100000,-0.0100,0.0080,+0.0,+0.0000,SHORT,RUNNING
="2026-08-07 19:46:30",64868,224419,200004,24414,100000,-0.0100,0.0080,+0.0,+0.0000,SHORT,RUNNING
="2026-08-07 19:46:31",64868,224419,200004,24414,100000,-0.0087,0.0080,+0.0,+0.0000,SHORT,RUNNING
="2026-08-07 19:46:32",64868,224419,200004,24414,100000,-0.0081,0.0080,+0.0,+0.0000,SHORT,RUNNING
="2026-08-07 19:46:33",64868,224419,200004,24414,100000,-0.0081,0.0080,+0.0,+0.0000,SHORT,RUNNING
="2026-08-07 19:46:34",64868,224419,200004,24414,100000,-0.0081,0.0080,+0.0,+0.0000,SHORT,RUNNING
="2026-08-07 19:46:35",64868,224419,200004,24414,100000,-0.0081,0.0080,+0.0,+0.0000,SHORT,RUNNING
="2026-08-07 19:46:36",64868,224419,200004,24414,100000,-0.0081,0.0080,+0.0,+0.0000,SHORT,RUNNING
="2026-08-07 19:46:37",64868,224419,200004,24414,100000,-0.0093,0.0080,+0.0,+0.0000,SHORT,RUNNING
="2026-08-07 19:46:38",64868,224419,200004,24414,100000,-0.0095,0.0080,+0.0,+0.0000,SHORT,RUNNING
="2026-08-07 19:46:39",64868,224419,200004,24414,100000,-0.0095,0.0080,+0.0,+0.0000,SHORT,RUNNING
="2026-08-07 19:46:40",64868,224419,200004,24414,100000,-0.0095,0.0080,+0.0,+0.0000,SHORT,RUNNING
="2026-08-07 19:46:41",64868,224419,200004,24414,100000,-0.0095,0.0080,+0.0,+0.0000,SHORT,RUNNING
="2026-08-07 19:46:42",64868,224419,200004,24414,100000,-0.0096,0.0080,+0.0,+0.0000,SHORT,RUNNING
="2026-08-07 19:46:43",64868,135378,135378,0,100000,-0.0097,0.0080,+0.0,+0.0000,SHORT,RUNNING
="2026-08-07 19:46:44",64868,135378,135378,0,100000,-0.0097,0.0080,+0.0,+0.0000,SHORT,RUNNING
="2026-08-07 19:46:45",64868,135378,135378,0,100000,-0.0097,0.0080,+0.0,+0.0000,SHORT,RUNNING
="2026-08-07 19:46:46",64868,150306,150306,0,100000,-0.0126,0.0080,+0.0,+0.0000,SHORT,RUNNING
="2026-08-07 19:46:47",64868,150306,150306,0,100000,-0.0126,0.0080,+0.0,+0.0000,SHORT,RUNNING
="2026-08-07 19:46:48",64868,150306,150306,0,100000,-0.0128,0.0080,+0.0,+0.0000,SHORT,RUNNING
="2026-08-07 19:46:49",64868,150306,150306,0,100000,-0.0128,0.0080,+0.0,+0.0000,SHORT,RUNNING
="2026-08-07 19:46:50",64868,150306,150306,0,100000,-0.0128,0.0080,+0.0,+0.0000,SHORT,RUNNING
="2026-08-07 19:46:51",64868,150306,150306,0,100000,-0.0128,0.0080,+0.0,+0.0000,SHORT,RUNNING
="2026-08-07 19:46:52",64868,150306,150306,0,100000,-0.0128,0.0080,+0.0,+0.0000,SHORT,RUNNING
="2026-08-07 19:46:53",64868,150306,150306,0,100000,-0.0201,0.0080,+0.0,+0.0000,SHORT,RUNNING
="2026-08-07 19:46:54",64868,150306,150306,0,100000,-0.0201,0.0080,+0.0,+0.0000,SHORT,RUNNING
="2026-08-07 19:46:55",64868,150306,150306,0,100000,-0.0201,0.0080,+0.0,+0.0000,SHORT,RUNNING
="2026-08-07 19:46:56",64868,150306,150306,0,100000,-0.0201,0.0080,+0.0,+0.0000,SHORT,RUNNING
="2026-08-07 19:46:57",64868,150306,150306,0,100000,-0.0205,0.0080,+0.0,+0.0000,SHORT,RUNNING
="2026-08-07 19:46:58",64868,150306,150306,0,100000,-0.0205,0.0080,+0.0,+0.0000,SHORT,RUNNING
="2026-08-07 19:46:59",64868,150306,150306,0,100000,-0.0205,0.0080,+0.0,+0.0000,SHORT,RUNNING
="2026-08-07 19:47:00",64868,150306,150306,0,100000,-0.0205,0.0080,+0.0,+0.0000,SHORT,RUNNING
="2026-08-07 19:47:01",64868,150306,150306,0,100000,-0.0205,0.0080,+0.0,+0.0000,SHORT,RUNNING
="2026-08-07 19:47:02",64868,150306,150306,0,100000,-0.0162,0.0080,+0.0,+0.0000,SHORT,RUNNING
="2026-08-07 19:47:03",64868,150306,150306,0,100000,-0.0161,0.0080,+0.0,+0.0000,SHORT,RUNNING
="2026-08-07 19:47:04",64868,150306,150306,0,100000,-0.0161,0.0080,+0.0,+0.0000,SHORT,RUNNING
="2026-08-07 19:47:11",0,0,0,0,100000,+0.0000,0.0080,+0.0,+0.0000,NONE,RUNNING
="2026-08-07 19:47:28",64877,261140,261140,0,100000,+0.0043,0.0080,+0.0,+0.0000,NONE,RUNNING
="2026-08-07 19:47:29",64877,261140,261140,0,100000,+0.0043,0.0080,+0.0,+0.0000,NONE,RUNNING
="2026-08-07 19:47:30",64880,261140,261140,0,100000,+0.0043,0.0080,+0.0,+0.0000,NONE,RUNNING
="2026-08-07 19:47:31",64881,261140,261140,0,100000,+0.0043,0.0080,+0.0,+0.0000,NONE,RUNNING
="2026-08-07 19:47:32",64881,261140,261140,0,100000,+0.0043,0.0080,+0.0,+0.0000,NONE,RUNNING
="2026-08-07 19:47:33",64881,261140,261140,0,100000,+0.0043,0.0080,+0.0,+0.0000,NONE,RUNNING
="2026-08-07 19:47:34",64881,261140,261140,0,100000,+0.0043,0.0080,+0.0,+0.0000,NONE,RUNNING
="2026-08-07 19:47:35",64881,261140,261140,0,100000,+0.0043,0.0080,+0.0,+0.0000,NONE,RUNNING
="2026-08-07 19:47:36",64881,261140,261140,0,100000,+0.0043,0.0080,+0.0,+0.0000,NONE,RUNNING
="2026-08-07 19:47:37",64881,261140,261140,0,100000,+0.0043,0.0080,+0.0,+0.0000,NONE,RUNNING
="2026-08-07 19:47:38",64881,261140,261140,0,100000,+0.0043,0.0080,+0.0,+0.0000,NONE,RUNNING
="2026-08-07 19:47:39",64881,261140,261140,0,100000,+0.0043,0.0080,+0.0,+0.0000,NONE,RUNNING
="2026-08-07 19:47:40",64881,261140,261140,0,100000,+0.0043,0.0080,+0.0,+0.0000,NONE,RUNNING
="2026-08-07 19:47:41",64881,261140,261140,0,100000,+0.0053,0.0080,+0.0,+0.0000,NONE,RUNNING
="2026-08-07 19:47:42",64881,261140,261140,0,100000,+0.0053,0.0080,+0.0,+0.0000,NONE,RUNNING
="2026-08-07 19:47:43",64881,261140,261140,0,100000,+0.0050,0.0080,+0.0,+0.0000,NONE,RUNNING
="2026-08-07 19:47:44",64881,261140,261140,0,100000,+0.0050,0.0080,+0.0,+0.0000,NONE,RUNNING
="2026-08-07 19:47:45",64881,261140,261140,0,100000,+0.0050,0.0080,+0.0,+0.0000,NONE,RUNNING
="2026-08-07 19:47:46",64881,261140,261140,0,100000,+0.0050,0.0080,+0.0,+0.0000,NONE,RUNNING
="2026-08-07 19:47:47",64881,261140,261140,0,100000,+0.0049,0.0080,+0.0,+0.0000,NONE,RUNNING
="2026-08-07 19:47:48",64881,261140,261140,0,100000,+0.0049,0.0080,+0.0,+0.0000,NONE,RUNNING
="2026-08-07 19:47:49",64881,261140,261140,0,100000,+0.0046,0.0080,+0.0,+0.0000,NONE,RUNNING
="2026-08-07 19:47:50",64881,261140,261140,0,100000,+0.0046,0.0080,+0.0,+0.0000,NONE,RUNNING
="2026-08-07 19:47:51",64881,261140,261140,0,100000,+0.0046,0.0080,+0.0,+0.0000,NONE,RUNNING
="2026-08-07 19:47:52",64881,261140,261140,0,100000,+0.0046,0.0080,+0.0,+0.0000,NONE,RUNNING
="2026-08-07 19:47:53",64881,261140,261140,0,100000,+0.0046,0.0080,+0.0,+0.0000,NONE,RUNNING
="2026-08-07 19:47:54",64881,261140,261140,0,100000,+0.0046,0.0080,+0.0,+0.0000,NONE,RUNNING
="2026-08-07 19:47:55",64881,261140,261140,0,100000,+0.0046,0.0080,+0.0,+0.0000,NONE,RUNNING
="2026-08-07 19:47:56",64881,261140,261140,0,100000,+0.0038,0.0080,+0.0,+0.0000,NONE,RUNNING
="2026-08-07 19:47:57",64881,261140,261140,0,100000,+0.0038,0.0080,+0.0,+0.0000,NONE,RUNNING
="2026-08-07 19:47:58",64881,261140,261140,0,100000,+0.0038,0.0080,+0.0,+0.0000,NONE,RUNNING
="2026-08-07 19:47:59",64881,261140,261140,0,100000,+0.0038,0.0080,+0.0,+0.0000,NONE,RUNNING
="2026-08-07 19:48:00",64883,261140,261140,0,100000,+0.0038,0.0080,+0.0,+0.0000,NONE,RUNNING
="2026-08-07 19:48:01",64884,261140,261140,0,100000,+0.0038,0.0080,+0.0,+0.0000,NONE,RUNNING
="2026-08-07 19:48:02",64887,261140,261140,0,100000,+0.0036,0.0080,+0.0,+0.0000,NONE,RUNNING
="2026-08-07 19:48:03",64887,261140,261140,0,100000,+0.0036,0.0080,+0.0,+0.0000,NONE,RUNNING
="2026-08-07 19:48:04",64887,261140,261140,0,100000,+0.0036,0.0080,+0.0,+0.0000,NONE,RUNNING
="2026-08-07 19:48:05",64887,261140,261140,0,100000,+0.0040,0.0080,+0.0,+0.0000,NONE,RUNNING
="2026-08-07 19:48:06",64887,261140,261140,0,100000,+0.0040,0.0080,+0.0,+0.0000,NONE,RUNNING
="2026-08-07 19:48:07",64887,261140,261140,0,100000,+0.0016,0.0080,+0.0,+0.0000,NONE,RUNNING
="2026-08-07 19:48:08",64887,261140,261140,0,100000,+0.0016,0.0080,+0.0,+0.0000,NONE,RUNNING
="2026-08-07 19:48:09",64887,261140,261140,0,100000,+0.0016,0.0080,+0.0,+0.0000,NONE,RUNNING
="2026-08-07 19:48:10",64887,261140,261140,0,100000,+0.0016,0.0080,+0.0,+0.0000,NONE,RUNNING
="2026-08-07 19:48:11",64887,261140,261140,0,100000,+0.0020,0.0080,+0.0,+0.0000,NONE,RUNNING
="2026-08-07 19:48:12",64887,80049,80049,0,100000,+0.0015,0.0080,+0.0,+0.0000,NONE,RUNNING
="2026-08-07 19:48:13",64887,80049,80049,0,100000,+0.0015,0.0080,+0.0,+0.0000,NONE,RUNNING
="2026-08-07 19:48:14",64887,80049,80049,0,100000,-0.0028,0.0080,+0.0,+0.0000,NONE,RUNNING
="2026-08-07 19:48:15",64887,80049,80049,0,100000,-0.0051,0.0080,+0.0,+0.0000,NONE,RUNNING
="2026-08-07 19:48:16",64887,80049,80049,0,100000,-0.0051,0.0080,+0.0,+0.0000,NONE,RUNNING
="2026-08-07 19:48:17",64887,80049,80049,0,100000,-0.0051,0.0080,+0.0,+0.0000,NONE,RUNNING
="2026-08-07 19:48:18",64887,60033,60033,0,100000,-0.0051,0.0080,+0.0,+0.0000,NONE,RUNNING
="2026-08-07 19:48:19",64887,40025,40025,0,100000,-0.0051,0.0080,+0.0,+0.0000,NONE,RUNNING
="2026-08-07 19:48:20",64887,20012,20012,0,100000,-0.0052,0.0080,+0.0,+0.0000,NONE,RUNNING
="2026-08-07 19:48:21",64887,0,0,0,100000,-0.0056,0.0080,+0.0,+0.0000,NONE,RUNNING
="2026-08-07 19:48:22",64887,0,0,0,100000,-0.0056,0.0080,+0.0,+0.0000,NONE,RUNNING
="2026-08-07 19:48:23",64887,0,0,0,100000,-0.0056,0.0080,+0.0,+0.0000,NONE,RUNNING
="2026-08-07 19:48:24",64887,0,0,0,100000,-0.0056,0.0080,+0.0,+0.0000,NONE,RUNNING
="2026-08-07 19:48:25",64887,0,0,0,100000,-0.0064,0.0080,+0.0,+0.0000,NONE,RUNNING
="2026-08-07 19:48:26",64887,0,0,0,100000,-0.0061,0.0080,+0.0,+0.0000,NONE,RUNNING
="2026-08-07 19:48:27",64887,0,0,0,100000,-0.0061,0.0080,+0.0,+0.0000,NONE,RUNNING
="2026-08-07 19:48:28",64887,0,0,0,100000,-0.0060,0.0080,+0.0,+0.0000,NONE,RUNNING
="2026-08-07 19:48:29",64887,0,0,0,100000,-0.0060,0.0080,+0.0,+0.0000,NONE,RUNNING
="2026-08-07 19:48:30",64887,0,0,0,100000,-0.0060,0.0080,+0.0,+0.0000,NONE,RUNNING
="2026-08-07 19:48:31",64887,0,0,0,100000,-0.0060,0.0080,+0.0,+0.0000,NONE,RUNNING
="2026-08-07 19:48:33",64887,0,0,0,100000,-0.0060,0.0080,+0.0,+0.0000,NONE,RUNNING
="2026-08-07 19:48:34",64887,0,0,0,100000,-0.0060,0.0080,+0.0,+0.0000,NONE,RUNNING
="2026-08-07 19:48:35",64887,0,0,0,100000,-0.0060,0.0080,+0.0,+0.0000,NONE,RUNNING
="2026-08-07 19:48:36",64887,0,0,0,100000,-0.0056,0.0080,+0.0,+0.0000,NONE,RUNNING
="2026-08-07 19:48:37",64887,0,0,0,100000,-0.0056,0.0080,+0.0,+0.0000,NONE,RUNNING
="2026-08-07 19:48:38",64887,0,0,0,100000,-0.0056,0.0080,+0.0,+0.0000,NONE,RUNNING
="2026-08-07 19:48:39",64887,0,0,0,100000,-0.0056,0.0080,+0.0,+0.0000,NONE,RUNNING
="2026-08-07 19:48:40",64887,0,0,0,100000,-0.0056,0.0080,+0.0,+0.0000,NONE,RUNNING
="2026-08-07 19:48:41",64887,0,0,0,100000,-0.0066,0.0080,+0.0,+0.0000,NONE,RUNNING
="2026-08-07 19:48:42",64887,0,0,0,100000,-0.0065,0.0080,+0.0,+0.0000,NONE,RUNNING
="2026-08-07 19:48:43",64887,0,0,0,100000,-0.0065,0.0080,+0.0,+0.0000,NONE,RUNNING
="2026-08-07 19:48:44",64887,0,0,0,100000,-0.0062,0.0080,+0.0,+0.0000,NONE,RUNNING
="2026-08-07 19:48:45",64887,0,0,0,100000,-0.0062,0.0080,+0.0,+0.0000,NONE,RUNNING
="2026-08-07 19:48:46",64887,0,0,0,100000,-0.0062,0.0080,+0.0,+0.0000,NONE,RUNNING
="2026-08-07 19:48:47",64887,0,0,0,100000,-0.0061,0.0080,+0.0,+0.0000,NONE,RUNNING
="2026-08-07 19:48:48",64887,0,0,0,100000,-0.0065,0.0080,+0.0,+0.0000,NONE,RUNNING
="2026-08-07 19:48:49",64887,0,0,0,100000,-0.0065,0.0080,+0.0,+0.0000,NONE,RUNNING
="2026-08-07 19:48:50",64887,0,0,0,100000,-0.0063,0.0080,+0.0,+0.0000,NONE,RUNNING
="2026-08-07 19:48:51",64887,0,0,0,100000,-0.0041,0.0080,+0.0,+0.0000,NONE,RUNNING
="2026-08-07 19:48:52",64887,0,0,0,100000,-0.0041,0.0080,+0.0,+0.0000,NONE,RUNNING
="2026-08-07 19:48:53",64888,0,0,0,100000,-0.0041,0.0080,+0.0,+0.0000,NONE,RUNNING
="2026-08-07 19:48:54",64887,0,0,0,100000,-0.0040,0.0080,+0.0,+0.0000,NONE,RUNNING
="2026-08-07 19:48:55",64887,0,0,0,100000,-0.0040,0.0080,+0.0,+0.0000,NONE,RUNNING
="2026-08-07 19:48:56",64888,0,0,0,100000,-0.0032,0.0080,+0.0,+0.0000,NONE,RUNNING
="2026-08-07 19:48:57",64887,0,0,0,100000,-0.0032,0.0080,+0.0,+0.0000,NONE,RUNNING
="2026-08-07 19:48:58",64892,0,0,0,100000,-0.0032,0.0080,+0.0,+0.0000,NONE,RUNNING
="2026-08-07 19:48:59",64891,0,0,0,100000,-0.0032,0.0080,+0.0,+0.0000,NONE,RUNNING
="2026-08-07 19:49:00",64891,0,0,0,100000,-0.0027,0.0080,+0.0,+0.0000,NONE,RUNNING
="2026-08-07 19:49:01",64891,0,0,0,100000,-0.0027,0.0080,+0.0,+0.0000,NONE,RUNNING
="2026-08-07 19:49:02",64891,0,0,0,100000,-0.0025,0.0080,+0.0,+0.0000,NONE,RUNNING
="2026-08-07 19:49:03",64891,0,0,0,100000,-0.0025,0.0080,+0.0,+0.0000,NONE,RUNNING
="2026-08-07 19:49:04",64891,0,0,0,100000,-0.0025,0.0080,+0.0,+0.0000,NONE,RUNNING
="2026-08-07 19:49:05",64891,0,0,0,100000,-0.0029,0.0080,+0.0,+0.0000,NONE,RUNNING
="2026-08-07 19:49:06",64894,0,0,0,100000,-0.0029,0.0080,+0.0,+0.0000,NONE,RUNNING
="2026-08-07 19:49:07",64894,0,0,0,100000,-0.0028,0.0080,+0.0,+0.0000,NONE,RUNNING
="2026-08-07 19:49:08",64894,0,0,0,100000,-0.0004,0.0080,+0.0,+0.0000,NONE,RUNNING
="2026-08-07 19:49:09",64894,0,0,0,100000,-0.0004,0.0080,+0.0,+0.0000,NONE,RUNNING
="2026-08-07 19:49:10",64894,0,0,0,100000,-0.0004,0.0080,+0.0,+0.0000,NONE,RUNNING
="2026-08-07 19:49:11",64894,0,0,0,100000,-0.0008,0.0080,+0.0,+0.0000,NONE,RUNNING
="2026-08-07 19:49:12",64894,0,0,0,100000,-0.0004,0.0080,+0.0,+0.0000,NONE,RUNNING
="2026-08-07 19:49:13",64894,0,0,0,100000,-0.0004,0.0080,+0.0,+0.0000,NONE,RUNNING
="2026-08-07 19:49:14",64894,0,0,0,100000,+0.0039,0.0080,+0.0,+0.0000,NONE,RUNNING
="2026-08-07 19:49:15",64894,0,0,0,100000,+0.0039,0.0080,+0.0,+0.0000,NONE,RUNNING
="2026-08-07 19:49:16",64894,0,0,0,100000,+0.0039,0.0080,+0.0,+0.0000,NONE,RUNNING
="2026-08-07 19:49:17",64894,0,0,0,100000,+0.0039,0.0080,+0.0,+0.0000,NONE,RUNNING
="2026-08-07 19:49:18",64894,0,0,0,100000,+0.0035,0.0080,+0.0,+0.0000,NONE,RUNNING
="2026-08-07 19:49:19",64894,0,0,0,100000,+0.0035,0.0080,+0.0,+0.0000,NONE,RUNNING
="2026-08-07 19:50:19",64891,684030,624943,59086,100000,-0.0017,0.0080,+0.0,+0.0000,NONE,RUNNING
="2026-08-07 19:50:40",64897,140379,81292,59086,100000,+0.0145,0.0080,+0.0,+0.0000,SHORT,RUNNING
="2026-08-07 19:50:41",64897,172572,113485,59086,100000,+0.0145,0.0080,+0.0,+0.0000,SHORT,RUNNING
="2026-08-07 19:50:42",64897,172572,113485,59086,100000,+0.0145,0.0080,+0.0,+0.0000,SHORT,RUNNING
="2026-08-07 19:50:43",64897,161866,102779,59086,100000,+0.0140,0.0080,+0.0,+0.0000,SHORT,RUNNING
="2026-08-07 19:50:44",64897,151808,92721,59086,100000,+0.0139,0.0080,+0.0,+0.0000,SHORT,RUNNING
="2026-08-07 19:50:45",64899,151808,92721,59086,100000,+0.0139,0.0080,+0.0,+0.0000,SHORT,RUNNING
="2026-08-07 19:50:46",64899,151808,92721,59086,100000,+0.0139,0.0080,+0.0,+0.0000,SHORT,RUNNING
="2026-08-07 19:50:47",64902,151808,92721,59086,100000,+0.0139,0.0080,+0.0,+0.0000,SHORT,RUNNING
="2026-08-07 19:50:48",64901,151808,92721,59086,100000,+0.0139,0.0080,+0.0,+0.0000,SHORT,RUNNING
="2026-08-07 19:50:49",64901,162515,103428,59086,100000,+0.0140,0.0080,+0.0,+0.0000,SHORT,RUNNING
="2026-08-07 19:50:50",64901,230364,171277,59086,100000,+0.0150,0.0080,+0.0,+0.0000,SHORT,RUNNING
="2026-08-07 19:50:51",64901,230364,171277,59086,100000,+0.0150,0.0080,+0.0,+0.0000,SHORT,RUNNING
="2026-08-07 19:50:52",64901,230364,171277,59086,100000,+0.0197,0.0080,+0.0,+0.0000,SHORT,RUNNING
="2026-08-07 19:50:53",64902,230364,171277,59086,100000,+0.0197,0.0080,+0.0,+0.0000,SHORT,RUNNING
="2026-08-07 19:50:55",64905,230364,171277,59086,100000,+0.0198,0.0080,+0.0,+0.0000,SHORT,RUNNING
="2026-08-07 19:50:56",64905,230364,171277,59086,100000,+0.0198,0.0080,+0.0,+0.0000,SHORT,RUNNING
="2026-08-07 19:50:57",64905,230364,171277,59086,100000,+0.0199,0.0080,+0.0,+0.0000,SHORT,RUNNING
="2026-08-07 19:50:58",64905,230364,171277,59086,100000,+0.0181,0.0080,+0.0,+0.0000,SHORT,RUNNING
="2026-08-07 19:50:59",64906,230364,171277,59086,100000,+0.0181,0.0080,+0.0,+0.0000,SHORT,RUNNING
="2026-08-07 19:51:00",64906,230364,171277,59086,100000,+0.0181,0.0080,+0.0,+0.0000,SHORT,RUNNING
="2026-08-07 19:51:01",64907,230364,171277,59086,100000,+0.0181,0.0080,+0.0,+0.0000,SHORT,RUNNING
="2026-08-07 19:51:02",64907,230364,171277,59086,100000,+0.0181,0.0080,+0.0,+0.0000,SHORT,RUNNING
="2026-08-07 19:51:03",64907,230364,171277,59086,100000,+0.0192,0.0080,+0.0,+0.0000,SHORT,RUNNING
="2026-08-07 19:51:04",64907,230364,171277,59086,100000,+0.0192,0.0080,+0.0,+0.0000,SHORT,RUNNING
="2026-08-07 19:51:05",64906,212672,153585,59086,100000,+0.0192,0.0080,+0.0,+0.0000,SHORT,RUNNING
="2026-08-07 19:51:06",64906,212672,153585,59086,100000,+0.0192,0.0080,+0.0,+0.0000,SHORT,RUNNING
="2026-08-07 19:51:07",64907,212672,153585,59086,100000,+0.0192,0.0080,+0.0,+0.0000,SHORT,RUNNING
="2026-08-07 19:51:08",64906,212672,153585,59086,100000,+0.0183,0.0080,+0.0,+0.0000,SHORT,RUNNING
="2026-08-07 19:51:09",64907,212672,153585,59086,100000,+0.0185,0.0080,+0.0,+0.0000,SHORT,RUNNING
="2026-08-07 19:51:10",64907,212672,153585,59086,100000,+0.0185,0.0080,+0.0,+0.0000,SHORT,RUNNING
="2026-08-07 19:51:11",64907,180541,121454,59086,100000,+0.0182,0.0080,+0.0,+0.0000,SHORT,RUNNING
="2026-08-07 19:51:12",64907,180541,121454,59086,100000,+0.0184,0.0080,+0.0,+0.0000,SHORT,RUNNING
="2026-08-07 19:51:13",64907,180541,121454,59086,100000,+0.0184,0.0080,+0.0,+0.0000,SHORT,RUNNING
="2026-08-07 19:51:14",64907,180541,121454,59086,100000,+0.0189,0.0080,+0.0,+0.0000,SHORT,RUNNING
="2026-08-07 19:51:15",64907,169835,110748,59086,100000,+0.0198,0.0080,+0.0,+0.0000,SHORT,RUNNING
="2026-08-07 19:51:16",64907,169835,110748,59086,100000,+0.0198,0.0080,+0.0,+0.0000,SHORT,RUNNING
="2026-08-07 19:51:17",64906,110748,110748,0,100000,+0.0198,0.0080,+0.0,+0.0000,SHORT,RUNNING
="2026-08-07 19:51:18",64907,110748,110748,0,100000,+0.0198,0.0080,+0.0,+0.0000,SHORT,RUNNING
="2026-08-07 19:51:19",64907,110748,110748,0,100000,+0.0203,0.0080,+0.0,+0.0000,SHORT,RUNNING
="2026-08-07 19:51:20",64907,110748,110748,0,100000,+0.0203,0.0080,+0.0,+0.0000,SHORT,RUNNING
="2026-08-07 19:51:21",64907,110748,110748,0,100000,+0.0205,0.0080,+0.0,+0.0000,SHORT,RUNNING
="2026-08-07 19:51:22",64906,121459,121459,0,100000,+0.0205,0.0080,+0.0,+0.0000,SHORT,RUNNING
="2026-08-07 19:51:23",64906,121459,121459,0,100000,+0.0206,0.0080,+0.0,+0.0000,SHORT,RUNNING
="2026-08-07 19:51:24",64907,121459,121459,0,100000,+0.0206,0.0080,+0.0,+0.0000,SHORT,RUNNING
="2026-08-07 19:51:25",64906,121459,121459,0,100000,+0.0192,0.0080,+0.0,+0.0000,SHORT,RUNNING
="2026-08-07 19:51:26",64906,121459,121459,0,100000,+0.0192,0.0080,+0.0,+0.0000,SHORT,RUNNING
="2026-08-07 19:51:27",64907,121459,121459,0,100000,+0.0192,0.0080,+0.0,+0.0000,SHORT,RUNNING
="2026-08-07 19:51:28",64906,121459,121459,0,100000,+0.0192,0.0080,+0.0,+0.0000,SHORT,RUNNING
="2026-08-07 19:51:29",64907,121459,121459,0,100000,+0.0192,0.0080,+0.0,+0.0000,SHORT,RUNNING
="2026-08-07 19:51:30",64907,121459,121459,0,100000,+0.0192,0.0080,+0.0,+0.0000,SHORT,RUNNING
="2026-08-07 19:51:31",64907,121459,121459,0,100000,+0.0192,0.0080,+0.0,+0.0000,SHORT,RUNNING
="2026-08-07 19:51:32",64906,121459,121459,0,100000,+0.0171,0.0080,+0.0,+0.0000,SHORT,RUNNING
="2026-08-07 19:51:33",64906,121459,121459,0,100000,+0.0171,0.0080,+0.0,+0.0000,SHORT,RUNNING
="2026-08-07 19:51:34",64907,121459,121459,0,100000,+0.0140,0.0080,+0.0,+0.0000,SHORT,RUNNING
="2026-08-07 19:51:35",64907,141487,141487,0,100000,+0.0140,0.0080,+0.0,+0.0000,SHORT,RUNNING
="2026-08-07 19:51:36",64907,141487,141487,0,100000,+0.0138,0.0080,+0.0,+0.0000,SHORT,RUNNING
="2026-08-07 19:51:37",64906,141487,141487,0,100000,+0.0138,0.0080,+0.0,+0.0000,SHORT,RUNNING
="2026-08-07 19:51:38",64906,141487,141487,0,100000,+0.0138,0.0080,+0.0,+0.0000,SHORT,RUNNING
="2026-08-07 19:51:39",64906,141487,141487,0,100000,+0.0138,0.0080,+0.0,+0.0000,SHORT,RUNNING
="2026-08-07 19:51:40",64906,141487,141487,0,100000,+0.0138,0.0080,+0.0,+0.0000,SHORT,RUNNING
="2026-08-07 19:51:41",64907,143622,109294,34328,100000,+0.0033,0.0080,+0.0,+0.0000,NONE,RUNNING
="2026-08-07 19:51:42",64907,143622,109294,34328,100000,+0.0033,0.0080,+0.0,+0.0000,NONE,RUNNING
="2026-08-07 19:51:43",64906,143622,109294,34328,100000,+0.0033,0.0080,+0.0,+0.0000,NONE,RUNNING
="2026-08-07 19:51:44",64907,143622,109294,34328,100000,+0.0034,0.0080,+0.0,+0.0000,NONE,RUNNING
="2026-08-07 19:51:45",64906,143622,109294,34328,100000,+0.0034,0.0080,+0.0,+0.0000,NONE,RUNNING
="2026-08-07 19:51:46",64906,143622,109294,34328,100000,+0.0034,0.0080,+0.0,+0.0000,NONE,RUNNING
="2026-08-07 19:51:47",64907,143622,109294,34328,100000,+0.0034,0.0080,+0.0,+0.0000,NONE,RUNNING
="2026-08-07 19:51:48",64906,143622,109294,34328,100000,+0.0034,0.0080,+0.0,+0.0000,NONE,RUNNING
="2026-08-07 19:51:49",64907,143622,109294,34328,100000,+0.0041,0.0080,+0.0,+0.0000,NONE,RUNNING
="2026-08-07 19:51:50",64907,65066,30738,34328,100000,+0.0031,0.0080,+0.0,+0.0000,NONE,RUNNING
="2026-08-07 19:51:51",64907,65066,30738,34328,100000,+0.0031,0.0080,+0.0,+0.0000,NONE,RUNNING
="2026-08-07 19:51:52",64906,65066,30738,34328,100000,+0.0031,0.0080,+0.0,+0.0000,NONE,RUNNING
="2026-08-07 19:51:53",64906,65066,30738,34328,100000,+0.0031,0.0080,+0.0,+0.0000,NONE,RUNNING
="2026-08-07 19:51:54",64907,65066,30738,34328,100000,+0.0031,0.0080,+0.0,+0.0000,NONE,RUNNING
="2026-08-07 19:51:55",64906,65066,30738,34328,100000,+0.0031,0.0080,+0.0,+0.0000,NONE,RUNNING
="2026-08-07 19:51:56",64907,65066,30738,34328,100000,+0.0031,0.0080,+0.0,+0.0000,NONE,RUNNING
="2026-08-07 19:51:57",64906,123123,30738,92384,100000,+0.0031,0.0080,+0.0,+0.0000,NONE,RUNNING
="2026-08-07 19:51:58",64910,123123,30738,92384,100000,+0.0024,0.0080,+0.0,+0.0000,NONE,RUNNING
="2026-08-07 19:51:59",64910,123123,30738,92384,100000,+0.0024,0.0080,+0.0,+0.0000,NONE,RUNNING
="2026-08-07 19:52:00",64910,123123,30738,92384,100000,+0.0043,0.0080,+0.0,+0.0000,NONE,RUNNING
="2026-08-07 19:52:01",64910,123123,30738,92384,100000,+0.0043,0.0080,+0.0,+0.0000,NONE,RUNNING
="2026-08-07 19:52:02",64910,123123,30738,92384,100000,+0.0033,0.0080,+0.0,+0.0000,NONE,RUNNING
="2026-08-07 19:52:03",64910,123123,30738,92384,100000,+0.0033,0.0080,+0.0,+0.0000,NONE,RUNNING
="2026-08-07 19:52:04",64910,123123,30738,92384,100000,+0.0030,0.0080,+0.0,+0.0000,NONE,RUNNING
="2026-08-07 19:52:05",64910,123123,30738,92384,100000,+0.0030,0.0080,+0.0,+0.0000,NONE,RUNNING
="2026-08-07 19:52:06",64910,123123,30738,92384,100000,+0.0030,0.0080,+0.0,+0.0000,NONE,RUNNING
="2026-08-07 19:52:07",64910,123123,30738,92384,100000,+0.0027,0.0080,+0.0,+0.0000,NONE,RUNNING
="2026-08-07 19:52:08",64910,123123,30738,92384,100000,+0.0025,0.0080,+0.0,+0.0000,NONE,RUNNING
="2026-08-07 19:52:09",64910,123123,30738,92384,100000,+0.0027,0.0080,+0.0,+0.0000,NONE,RUNNING
="2026-08-07 19:52:10",64910,185144,92759,92384,100000,+0.0027,0.0080,+0.0,+0.0000,NONE,RUNNING
="2026-08-07 19:52:11",64906,185144,92759,92384,100000,+0.0025,0.0080,+0.0,+0.0000,NONE,RUNNING
="2026-08-07 19:52:12",64907,185144,92759,92384,100000,+0.0126,0.0080,+0.0,+0.0000,SHORT,RUNNING
="2026-08-07 19:52:13",64907,185144,92759,92384,100000,+0.0126,0.0080,+0.0,+0.0000,SHORT,RUNNING
="2026-08-07 19:52:14",64907,185144,92759,92384,100000,+0.0117,0.0080,+0.0,+0.0000,SHORT,RUNNING
="2026-08-07 19:52:15",64907,185144,92759,92384,100000,+0.0117,0.0080,+0.0,+0.0000,SHORT,RUNNING
="2026-08-07 19:52:16",64907,185144,92759,92384,100000,-0.0016,0.0080,+0.0,+0.0000,NONE,RUNNING
="2026-08-07 19:52:17",64907,185144,92759,92384,100000,-0.0016,0.0080,+0.0,+0.0000,NONE,RUNNING
="2026-08-07 19:52:18",64907,185144,92759,92384,100000,-0.0016,0.0080,+0.0,+0.0000,NONE,RUNNING
="2026-08-07 19:52:19",64907,185144,92759,92384,100000,-0.0014,0.0080,+0.0,+0.0000,NONE,RUNNING
="2026-08-07 19:52:20",64907,185144,92759,92384,100000,-0.0016,0.0080,+0.0,+0.0000,NONE,RUNNING
="2026-08-07 19:52:21",64906,174433,82049,92384,100000,-0.0007,0.0080,+0.0,+0.0000,NONE,RUNNING
="2026-08-07 19:52:23",64906,174433,82049,92384,100000,-0.0007,0.0080,+0.0,+0.0000,NONE,RUNNING
="2026-08-07 19:52:24",64906,174433,82049,92384,100000,-0.0007,0.0080,+0.0,+0.0000,NONE,RUNNING
="2026-08-07 19:52:25",64900,292974,200590,92384,100000,-0.0007,0.0080,+0.0,+0.0000,NONE,RUNNING
="2026-08-07 19:52:26",64899,292974,200590,92384,100000,-0.0007,0.0080,+0.0,+0.0000,NONE,RUNNING
="2026-08-07 19:52:27",64899,292974,200590,92384,100000,-0.0008,0.0080,+0.0,+0.0000,NONE,RUNNING
="2026-08-07 19:52:28",64891,292974,200590,92384,100000,-0.0086,0.0080,+0.0,+0.0000,SHORT,RUNNING
="2026-08-07 19:52:29",64888,292974,200590,92384,100000,-0.0086,0.0080,+0.0,+0.0000,SHORT,RUNNING
="2026-08-07 19:52:30",64888,292974,200590,92384,100000,-0.0086,0.0080,+0.0,+0.0000,SHORT,RUNNING
="2026-08-07 19:52:31",64888,292974,200590,92384,100000,-0.0016,0.0080,+0.0,+0.0000,NONE,RUNNING
="2026-08-07 19:52:32",64888,292974,200590,92384,100000,-0.0016,0.0080,+0.0,+0.0000,NONE,RUNNING
="2026-08-07 19:52:33",64888,292974,200590,92384,100000,-0.0016,0.0080,+0.0,+0.0000,NONE,RUNNING
="2026-08-07 19:52:34",64888,292974,200590,92384,100000,-0.0016,0.0080,+0.0,+0.0000,NONE,RUNNING
="2026-08-07 19:52:35",64888,292974,200590,92384,100000,-0.0016,0.0080,+0.0,+0.0000,NONE,RUNNING
="2026-08-07 19:52:36",64888,272946,180561,92384,100000,-0.0016,0.0080,+0.0,+0.0000,NONE,RUNNING
="2026-08-07 19:52:37",64888,272946,180561,92384,100000,-0.0014,0.0080,+0.0,+0.0000,NONE,RUNNING
="2026-08-07 19:52:38",64888,272946,180561,92384,100000,-0.0043,0.0080,+0.0,+0.0000,NONE,RUNNING
="2026-08-07 19:52:39",64888,272946,180561,92384,100000,-0.0043,0.0080,+0.0,+0.0000,NONE,RUNNING
="2026-08-07 19:52:40",64888,272946,180561,92384,100000,-0.0043,0.0080,+0.0,+0.0000,NONE,RUNNING
="2026-08-07 19:52:41",64888,272946,180561,92384,100000,-0.0039,0.0080,+0.0,+0.0000,NONE,RUNNING
="2026-08-07 19:52:42",64888,238618,180561,58056,100000,-0.0039,0.0080,+0.0,+0.0000,NONE,RUNNING
="2026-08-07 19:52:43",64888,238618,180561,58056,100000,-0.0039,0.0080,+0.0,+0.0000,NONE,RUNNING
="2026-08-07 19:52:44",64888,238618,180561,58056,100000,-0.0039,0.0080,+0.0,+0.0000,NONE,RUNNING
="2026-08-07 19:52:45",64888,238618,180561,58056,100000,-0.0039,0.0080,+0.0,+0.0000,NONE,RUNNING
="2026-08-07 19:52:46",64888,238618,180561,58056,100000,-0.0039,0.0080,+0.0,+0.0000,NONE,RUNNING
="2026-08-07 19:52:47",64888,238618,180561,58056,100000,-0.0039,0.0080,+0.0,+0.0000,NONE,RUNNING
="2026-08-07 19:52:48",64888,238618,180561,58056,100000,-0.0046,0.0080,+0.0,+0.0000,NONE,RUNNING
="2026-08-07 19:52:49",64888,238618,180561,58056,100000,-0.0046,0.0080,+0.0,+0.0000,NONE,RUNNING
="2026-08-07 19:52:50",64888,238618,180561,58056,100000,-0.0044,0.0080,+0.0,+0.0000,NONE,RUNNING
="2026-08-07 19:52:51",64888,238618,180561,58056,100000,-0.0045,0.0080,+0.0,+0.0000,NONE,RUNNING
="2026-08-07 19:52:52",64888,238618,180561,58056,100000,-0.0045,0.0080,+0.0,+0.0000,NONE,RUNNING
="2026-08-07 19:52:53",64888,238618,180561,58056,100000,-0.0015,0.0080,+0.0,+0.0000,NONE,RUNNING
="2026-08-07 19:52:54",64888,238618,180561,58056,100000,-0.0015,0.0080,+0.0,+0.0000,NONE,RUNNING
="2026-08-07 19:52:55",64888,238618,180561,58056,100000,-0.0016,0.0080,+0.0,+0.0000,NONE,RUNNING
="2026-08-07 19:52:56",64888,238618,180561,58056,100000,-0.0016,0.0080,+0.0,+0.0000,NONE,RUNNING
="2026-08-07 19:52:57",64888,238618,180561,58056,100000,-0.0009,0.0080,+0.0,+0.0000,NONE,RUNNING
="2026-08-07 19:52:58",64888,180561,180561,0,100000,-0.0009,0.0080,+0.0,+0.0000,NONE,RUNNING
="2026-08-07 19:52:59",64888,180561,180561,0,100000,-0.0009,0.0080,+0.0,+0.0000,NONE,RUNNING
="2026-08-07 19:53:00",64888,180561,180561,0,100000,-0.0009,0.0080,+0.0,+0.0000,NONE,RUNNING
="2026-08-07 19:53:01",64888,180561,180561,0,100000,-0.0028,0.0080,+0.0,+0.0000,NONE,RUNNING
="2026-08-07 19:53:02",64888,180561,180561,0,100000,-0.0137,0.0080,+0.0,+0.0000,SHORT,RUNNING
="2026-08-07 19:53:03",64888,180561,180561,0,100000,-0.0134,0.0080,+0.0,+0.0000,SHORT,RUNNING
="2026-08-07 19:53:04",64888,180561,180561,0,100000,-0.0134,0.0080,+0.0,+0.0000,SHORT,RUNNING
="2026-08-07 19:53:05",64888,180561,180561,0,100000,-0.0138,0.0080,+0.0,+0.0000,SHORT,RUNNING
="2026-08-07 19:53:06",64888,180561,180561,0,100000,-0.0135,0.0080,+0.0,+0.0000,SHORT,RUNNING
="2026-08-07 19:53:07",64888,180561,180561,0,100000,-0.0135,0.0080,+0.0,+0.0000,SHORT,RUNNING
="2026-08-07 19:53:08",64888,180561,180561,0,100000,-0.0156,0.0080,+0.0,+0.0000,SHORT,RUNNING
="2026-08-07 19:53:09",64888,180561,180561,0,100000,-0.0157,0.0080,+0.0,+0.0000,SHORT,RUNNING
="2026-08-07 19:53:10",64888,118540,118540,0,100000,-0.0157,0.0080,+0.0,+0.0000,SHORT,RUNNING
="2026-08-07 19:53:11",64888,118540,118540,0,100000,-0.0158,0.0080,+0.0,+0.0000,SHORT,RUNNING
="2026-08-07 19:53:12",64888,118540,118540,0,100000,-0.0158,0.0080,+0.0,+0.0000,SHORT,RUNNING
="2026-08-07 19:53:13",64888,118540,118540,0,100000,-0.0259,0.0080,+0.0,+0.0000,SHORT,RUNNING
="2026-08-07 19:53:14",64888,118540,118540,0,100000,-0.0259,0.0080,+0.0,+0.0000,SHORT,RUNNING
="2026-08-07 19:53:15",64888,118540,118540,0,100000,-0.0259,0.0080,+0.0,+0.0000,SHORT,RUNNING
="2026-08-07 19:53:16",64888,118540,118540,0,100000,-0.0126,0.0080,+0.0,+0.0000,SHORT,RUNNING
="2026-08-07 19:53:17",64888,118540,118540,0,100000,-0.0126,0.0080,+0.0,+0.0000,SHORT,RUNNING
="2026-08-07 19:53:18",64888,118540,118540,0,100000,-0.0126,0.0080,+0.0,+0.0000,SHORT,RUNNING
="2026-08-07 19:53:19",64888,118540,118540,0,100000,-0.0128,0.0080,+0.0,+0.0000,SHORT,RUNNING
="2026-08-07 19:53:20",64888,118540,118540,0,100000,-0.0117,0.0080,+0.0,+0.0000,SHORT,RUNNING
="2026-08-07 19:53:21",64888,118540,118540,0,100000,-0.0117,0.0080,+0.0,+0.0000,SHORT,RUNNING
="2026-08-07 19:53:22",64888,118540,118540,0,100000,-0.0126,0.0080,+0.0,+0.0000,SHORT,RUNNING
="2026-08-07 19:53:23",64888,118540,118540,0,100000,-0.0127,0.0080,+0.0,+0.0000,SHORT,RUNNING
="2026-08-07 19:53:24",64888,118540,118540,0,100000,-0.0127,0.0080,+0.0,+0.0000,SHORT,RUNNING
="2026-08-07 19:53:25",64888,0,0,0,100000,-0.0127,0.0080,+0.0,+0.0000,NONE,RUNNING
="2026-08-07 19:53:26",64888,0,0,0,100000,-0.0127,0.0080,+0.0,+0.0000,NONE,RUNNING
="2026-08-07 19:53:27",64888,0,0,0,100000,-0.0127,0.0080,+0.0,+0.0000,NONE,RUNNING
="2026-08-07 19:53:28",64888,74234,0,74234,100000,-0.0048,0.0080,+0.0,+0.0000,NONE,RUNNING
="2026-08-07 19:53:29",64888,74234,0,74234,100000,-0.0048,0.0080,+0.0,+0.0000,NONE,RUNNING
="2026-08-07 19:53:30",64888,74234,0,74234,100000,-0.0048,0.0080,+0.0,+0.0000,NONE,RUNNING
="2026-08-07 19:53:31",64888,74234,0,74234,100000,-0.0119,0.0080,+0.0,+0.0000,NONE,RUNNING
="2026-08-07 19:53:32",64888,74234,0,74234,100000,-0.0120,0.0080,+0.0,+0.0000,NONE,RUNNING
="2026-08-07 19:53:33",64888,74234,0,74234,100000,-0.0120,0.0080,+0.0,+0.0000,NONE,RUNNING
="2026-08-07 19:53:34",64888,74234,0,74234,100000,-0.0120,0.0080,+0.0,+0.0000,NONE,RUNNING
="2026-08-07 19:53:35",64888,74234,0,74234,100000,-0.0113,0.0080,+0.0,+0.0000,NONE,RUNNING
="2026-08-07 19:53:36",64888,74234,0,74234,100000,-0.0113,0.0080,+0.0,+0.0000,NONE,RUNNING
="2026-08-07 19:53:37",64888,74234,0,74234,100000,-0.0084,0.0080,+0.0,+0.0000,NONE,RUNNING
="2026-08-07 19:53:38",64888,74234,0,74234,100000,-0.0087,0.0080,+0.0,+0.0000,NONE,RUNNING
="2026-08-07 19:53:39",64888,74234,0,74234,100000,-0.0091,0.0080,+0.0,+0.0000,NONE,RUNNING
="2026-08-07 19:53:40",64888,74234,0,74234,100000,-0.0091,0.0080,+0.0,+0.0000,NONE,RUNNING
="2026-08-07 19:53:41",64888,74234,0,74234,100000,-0.0092,0.0080,+0.0,+0.0000,NONE,RUNNING
="2026-08-07 19:53:42",64888,74234,0,74234,100000,-0.0092,0.0080,+0.0,+0.0000,NONE,RUNNING
="2026-08-07 19:53:43",64888,74234,0,74234,100000,-0.0091,0.0080,+0.0,+0.0000,NONE,RUNNING
="2026-08-07 19:53:44",64888,74234,0,74234,100000,-0.0093,0.0080,+0.0,+0.0000,NONE,RUNNING
="2026-08-07 19:53:45",64888,74234,0,74234,100000,-0.0093,0.0080,+0.0,+0.0000,NONE,RUNNING
="2026-08-07 19:53:46",64888,74234,0,74234,100000,-0.0093,0.0080,+0.0,+0.0000,NONE,RUNNING
="2026-08-07 19:53:47",64888,74234,0,74234,100000,-0.0094,0.0080,+0.0,+0.0000,NONE,RUNNING
="2026-08-07 19:53:48",64888,74234,0,74234,100000,-0.0094,0.0080,+0.0,+0.0000,NONE,RUNNING
="2026-08-07 19:53:49",64888,74234,0,74234,100000,-0.0096,0.0080,+0.0,+0.0000,NONE,RUNNING
="2026-08-07 19:53:50",64888,74234,0,74234,100000,-0.0097,0.0080,+0.0,+0.0000,NONE,RUNNING
="2026-08-07 19:53:51",64888,74234,0,74234,100000,-0.0097,0.0080,+0.0,+0.0000,NONE,RUNNING
="2026-08-07 19:53:52",64888,74234,0,74234,100000,-0.0126,0.0080,+0.0,+0.0000,NONE,RUNNING
="2026-08-07 19:53:53",64888,74234,0,74234,100000,-0.0126,0.0080,+0.0,+0.0000,NONE,RUNNING
="2026-08-07 19:53:55",64888,74234,0,74234,100000,-0.0126,0.0080,+0.0,+0.0000,NONE,RUNNING
="2026-08-07 19:53:56",64888,74234,0,74234,100000,-0.0126,0.0080,+0.0,+0.0000,NONE,RUNNING
="2026-08-07 19:53:57",64888,74234,0,74234,100000,-0.0142,0.0080,+0.0,+0.0000,NONE,RUNNING
="2026-08-07 19:53:58",64888,74234,0,74234,100000,-0.0142,0.0080,+0.0,+0.0000,NONE,RUNNING
="2026-08-07 19:53:59",64888,74234,0,74234,100000,-0.0141,0.0080,+0.0,+0.0000,NONE,RUNNING
="2026-08-07 19:54:00",64888,74234,0,74234,100000,-0.0143,0.0080,+0.0,+0.0000,NONE,RUNNING
="2026-08-07 19:54:01",64888,74234,0,74234,100000,-0.0035,0.0080,+0.0,+0.0000,NONE,RUNNING
="2026-08-07 19:54:02",64888,74234,0,74234,100000,-0.0035,0.0080,+0.0,+0.0000,NONE,RUNNING
="2026-08-07 19:54:03",64888,74234,0,74234,100000,-0.0035,0.0080,+0.0,+0.0000,NONE,RUNNING
="2026-08-07 19:54:04",64888,74234,0,74234,100000,-0.0035,0.0080,+0.0,+0.0000,NONE,RUNNING
="2026-08-07 19:54:05",64888,74234,0,74234,100000,-0.0031,0.0080,+0.0,+0.0000,NONE,RUNNING
="2026-08-07 19:54:06",64888,74234,0,74234,100000,+0.0018,0.0080,+0.0,+0.0000,NONE,RUNNING
="2026-08-07 19:54:07",64888,74234,0,74234,100000,+0.0018,0.0080,+0.0,+0.0000,NONE,RUNNING
="2026-08-07 19:54:08",64888,74234,0,74234,100000,+0.0038,0.0080,+0.0,+0.0000,NONE,RUNNING
="2026-08-07 19:54:09",64888,74234,0,74234,100000,+0.0038,0.0080,+0.0,+0.0000,NONE,RUNNING
="2026-08-07 19:54:10",64888,74234,0,74234,100000,+0.0042,0.0080,+0.0,+0.0000,NONE,RUNNING
="2026-08-07 19:54:11",64888,74234,0,74234,100000,+0.0043,0.0080,+0.0,+0.0000,NONE,RUNNING
="2026-08-07 19:54:12",64888,74234,0,74234,100000,+0.0043,0.0080,+0.0,+0.0000,NONE,RUNNING
="2026-08-07 19:54:13",64888,74234,0,74234,100000,+0.0043,0.0080,+0.0,+0.0000,NONE,RUNNING
="2026-08-07 19:54:14",64888,74234,0,74234,100000,+0.0043,0.0080,+0.0,+0.0000,NONE,RUNNING
="2026-08-07 19:54:15",64888,74234,0,74234,100000,+0.0034,0.0080,+0.0,+0.0000,NONE,RUNNING
="2026-08-07 19:54:16",64888,74234,0,74234,100000,+0.0034,0.0080,+0.0,+0.0000,NONE,RUNNING
="2026-08-07 19:54:17",64888,74234,0,74234,100000,+0.0034,0.0080,+0.0,+0.0000,NONE,RUNNING
="2026-08-07 19:54:18",64888,74234,0,74234,100000,+0.0034,0.0080,+0.0,+0.0000,NONE,RUNNING
="2026-08-07 19:54:19",64888,74234,0,74234,100000,+0.0034,0.0080,+0.0,+0.0000,NONE,RUNNING
="2026-08-07 19:54:20",64888,74234,0,74234,100000,+0.0023,0.0080,+0.0,+0.0000,NONE,RUNNING
="2026-08-07 19:54:21",64888,74234,0,74234,100000,+0.0023,0.0080,+0.0,+0.0000,NONE,RUNNING
="2026-08-07 19:54:22",64888,74234,0,74234,100000,+0.0020,0.0080,+0.0,+0.0000,NONE,RUNNING
="2026-08-07 19:54:23",64888,74234,0,74234,100000,+0.0021,0.0080,+0.0,+0.0000,NONE,RUNNING
="2026-08-07 19:54:24",64888,74234,0,74234,100000,+0.0021,0.0080,+0.0,+0.0000,NONE,RUNNING
="2026-08-07 19:54:25",64888,74234,0,74234,100000,+0.0004,0.0080,+0.0,+0.0000,NONE,RUNNING
="2026-08-07 19:54:26",64888,74234,0,74234,100000,+0.0004,0.0080,+0.0,+0.0000,NONE,RUNNING
="2026-08-07 19:54:27",64888,74234,0,74234,100000,+0.0004,0.0080,+0.0,+0.0000,NONE,RUNNING
="2026-08-07 19:54:28",64890,162770,0,162770,100000,+0.0004,0.0080,+0.0,+0.0000,NONE,RUNNING
="2026-08-07 19:54:29",64890,88535,0,88535,100000,+0.0004,0.0080,+0.0,+0.0000,NONE,RUNNING
="2026-08-07 19:54:30",64890,88535,0,88535,100000,+0.0004,0.0080,+0.0,+0.0000,NONE,RUNNING
="2026-08-07 19:54:31",64890,88535,0,88535,100000,+0.0008,0.0080,+0.0,+0.0000,NONE,RUNNING
="2026-08-07 19:54:32",64890,88535,0,88535,100000,+0.0009,0.0080,+0.0,+0.0000,NONE,RUNNING
="2026-08-07 19:54:33",64890,88535,0,88535,100000,+0.0009,0.0080,+0.0,+0.0000,NONE,RUNNING
="2026-08-07 19:54:34",64890,88535,0,88535,100000,+0.0009,0.0080,+0.0,+0.0000,NONE,RUNNING
="2026-08-07 19:54:35",64892,88535,0,88535,100000,+0.0003,0.0080,+0.0,+0.0000,NONE,RUNNING
="2026-08-07 19:54:36",64892,88535,0,88535,100000,+0.0003,0.0080,+0.0,+0.0000,NONE,RUNNING
="2026-08-07 19:54:37",64892,88535,0,88535,100000,+0.0003,0.0080,+0.0,+0.0000,NONE,RUNNING
="2026-08-07 19:54:38",64892,122883,0,122883,100000,+0.0007,0.0080,+0.0,+0.0000,NONE,RUNNING
="2026-08-07 19:54:39",64892,122883,0,122883,100000,+0.0020,0.0080,+0.0,+0.0000,NONE,RUNNING
="2026-08-07 19:54:40",64892,122883,0,122883,100000,+0.0020,0.0080,+0.0,+0.0000,NONE,RUNNING
="2026-08-07 19:54:41",64892,122883,0,122883,100000,+0.0020,0.0080,+0.0,+0.0000,NONE,RUNNING
="2026-08-07 19:54:42",64892,122883,0,122883,100000,+0.0020,0.0080,+0.0,+0.0000,NONE,RUNNING
="2026-08-07 19:54:43",64892,122883,0,122883,100000,+0.0020,0.0080,+0.0,+0.0000,NONE,RUNNING
="2026-08-07 19:54:44",64892,122883,0,122883,100000,+0.0022,0.0080,+0.0,+0.0000,NONE,RUNNING
="2026-08-07 19:54:45",64892,122883,0,122883,100000,+0.0022,0.0080,+0.0,+0.0000,NONE,RUNNING
="2026-08-07 19:54:46",64892,122883,0,122883,100000,+0.0035,0.0080,+0.0,+0.0000,NONE,RUNNING
="2026-08-07 19:54:47",64892,122883,0,122883,100000,+0.0036,0.0080,+0.0,+0.0000,NONE,RUNNING
="2026-08-07 19:54:48",64892,122883,0,122883,100000,+0.0036,0.0080,+0.0,+0.0000,NONE,RUNNING
="2026-08-07 19:54:49",64892,122883,0,122883,100000,+0.0042,0.0080,+0.0,+0.0000,NONE,RUNNING
="2026-08-07 19:54:50",64892,122883,0,122883,100000,+0.0044,0.0080,+0.0,+0.0000,NONE,RUNNING
="2026-08-07 19:54:51",64893,376512,0,376512,100000,+0.0044,0.0080,+0.0,+0.0000,NONE,RUNNING
="2026-08-07 19:54:52",64893,376512,0,376512,100000,+0.0044,0.0080,+0.0,+0.0000,NONE,RUNNING
="2026-08-07 19:54:53",64893,376512,0,376512,100000,+0.0044,0.0080,+0.0,+0.0000,NONE,RUNNING
="2026-08-07 19:54:54",64893,376512,0,376512,100000,+0.0044,0.0080,+0.0,+0.0000,NONE,RUNNING
="2026-08-07 19:54:55",64893,376512,0,376512,100000,+0.0044,0.0080,+0.0,+0.0000,NONE,RUNNING
="2026-08-07 19:54:56",64893,376512,0,376512,100000,+0.0059,0.0080,+0.0,+0.0000,NONE,RUNNING
="2026-08-07 19:54:57",64893,416902,40390,376512,100000,+0.0059,0.0080,+0.0,+0.0000,NONE,RUNNING
="2026-08-07 19:54:58",64893,416902,40390,376512,100000,+0.0059,0.0080,+0.0,+0.0000,NONE,RUNNING
="2026-08-07 19:54:59",64893,416902,40390,376512,100000,+0.0061,0.0080,+0.0,+0.0000,NONE,RUNNING
="2026-08-07 19:55:00",64893,416902,40390,376512,100000,+0.0061,0.0080,+0.0,+0.0000,NONE,RUNNING
="2026-08-07 19:55:01",64893,416902,40390,376512,100000,+0.0064,0.0080,+0.0,+0.0000,NONE,RUNNING
="2026-08-07 19:55:02",64893,416902,40390,376512,100000,+0.0064,0.0080,+0.0,+0.0000,NONE,RUNNING
="2026-08-07 19:55:03",64893,416902,40390,376512,100000,+0.0064,0.0080,+0.0,+0.0000,NONE,RUNNING
="2026-08-07 19:55:04",64893,416902,40390,376512,100000,+0.0065,0.0080,+0.0,+0.0000,NONE,RUNNING
="2026-08-07 19:55:05",64893,416902,40390,376512,100000,+0.0065,0.0080,+0.0,+0.0000,NONE,RUNNING
="2026-08-07 19:55:06",64893,416902,40390,376512,100000,+0.0017,0.0080,+0.0,+0.0000,NONE,RUNNING
="2026-08-07 19:55:07",64893,416902,40390,376512,100000,+0.0017,0.0080,+0.0,+0.0000,NONE,RUNNING
="2026-08-07 19:55:08",64893,416902,40390,376512,100000,+0.0013,0.0080,+0.0,+0.0000,NONE,RUNNING
="2026-08-07 19:55:09",64893,416902,40390,376512,100000,+0.0013,0.0080,+0.0,+0.0000,NONE,RUNNING
="2026-08-07 19:55:10",64893,416902,40390,376512,100000,+0.0014,0.0080,+0.0,+0.0000,NONE,RUNNING
="2026-08-07 19:55:11",64893,416902,40390,376512,100000,+0.0014,0.0080,+0.0,+0.0000,NONE,RUNNING
="2026-08-07 19:55:12",64893,416902,40390,376512,100000,+0.0014,0.0080,+0.0,+0.0000,NONE,RUNNING
="2026-08-07 19:55:13",64893,416902,40390,376512,100000,+0.0014,0.0080,+0.0,+0.0000,NONE,RUNNING
="2026-08-07 19:55:14",64893,416902,40390,376512,100000,+0.0023,0.0080,+0.0,+0.0000,NONE,RUNNING
="2026-08-07 19:55:15",64893,416902,40390,376512,100000,+0.0023,0.0080,+0.0,+0.0000,NONE,RUNNING
="2026-08-07 19:55:16",64893,416902,40390,376512,100000,+0.0028,0.0080,+0.0,+0.0000,NONE,RUNNING
="2026-08-07 19:55:17",64893,416902,40390,376512,100000,+0.0028,0.0080,+0.0,+0.0000,NONE,RUNNING
="2026-08-07 19:55:18",64893,416902,40390,376512,100000,+0.0028,0.0080,+0.0,+0.0000,NONE,RUNNING
="2026-08-07 19:55:20",64893,416902,40390,376512,100000,+0.0029,0.0080,+0.0,+0.0000,NONE,RUNNING
="2026-08-07 19:55:21",64893,416902,40390,376512,100000,+0.0029,0.0080,+0.0,+0.0000,NONE,RUNNING
="2026-08-07 19:55:22",64893,416902,40390,376512,100000,+0.0032,0.0080,+0.0,+0.0000,NONE,RUNNING
="2026-08-07 19:55:23",64893,416902,40390,376512,100000,+0.0032,0.0080,+0.0,+0.0000,NONE,RUNNING
="2026-08-07 19:55:24",64893,416902,40390,376512,100000,+0.0032,0.0080,+0.0,+0.0000,NONE,RUNNING
="2026-08-07 19:55:25",64893,416902,40390,376512,100000,+0.0049,0.0080,+0.0,+0.0000,NONE,RUNNING
="2026-08-07 19:55:26",64893,416902,40390,376512,100000,+0.0078,0.0080,+0.0,+0.0000,NONE,RUNNING
="2026-08-07 19:55:27",64893,416902,40390,376512,100000,+0.0078,0.0080,+0.0,+0.0000,NONE,RUNNING
="2026-08-07 19:55:28",64893,328367,40390,287977,100000,+0.0078,0.0080,+0.0,+0.0000,NONE,RUNNING
="2026-08-07 19:55:29",64893,328367,40390,287977,100000,+0.0078,0.0080,+0.0,+0.0000,NONE,RUNNING
="2026-08-07 19:55:30",64893,328367,40390,287977,100000,+0.0078,0.0080,+0.0,+0.0000,NONE,RUNNING
="2026-08-07 19:55:31",64893,328367,40390,287977,100000,+0.0074,0.0080,+0.0,+0.0000,NONE,RUNNING
="2026-08-07 19:55:32",64893,328367,40390,287977,100000,+0.0074,0.0080,+0.0,+0.0000,NONE,RUNNING
="2026-08-07 19:55:33",64893,328367,40390,287977,100000,+0.0074,0.0080,+0.0,+0.0000,NONE,RUNNING
="2026-08-07 19:55:34",64893,328367,40390,287977,100000,+0.0074,0.0080,+0.0,+0.0000,NONE,RUNNING
="2026-08-07 19:55:35",64893,328367,40390,287977,100000,+0.0092,0.0080,+0.0,+0.0000,LONG,RUNNING
="2026-08-07 19:55:36",64893,328367,40390,287977,100000,+0.0092,0.0080,+0.0,+0.0000,LONG,RUNNING
="2026-08-07 19:55:37",64893,328367,40390,287977,100000,+0.0092,0.0080,+0.0,+0.0000,LONG,RUNNING
="2026-08-07 19:55:38",64893,328367,40390,287977,100000,+0.0092,0.0080,+0.0,+0.0000,LONG,RUNNING
="2026-08-07 19:55:39",64893,294018,40390,253628,100000,+0.0092,0.0080,+0.0,+0.0000,LONG,RUNNING
="2026-08-07 19:55:40",64893,294018,40390,253628,100000,+0.0078,0.0080,+0.0,+0.0000,NONE,RUNNING
="2026-08-07 19:55:41",64893,294018,40390,253628,100000,+0.0078,0.0080,+0.0,+0.0000,NONE,RUNNING
="2026-08-07 19:55:42",64893,294018,40390,253628,100000,+0.0078,0.0080,+0.0,+0.0000,NONE,RUNNING
="2026-08-07 19:55:43",64893,294018,40390,253628,100000,+0.0078,0.0080,+0.0,+0.0000,NONE,RUNNING
="2026-08-07 19:55:44",64893,294018,40390,253628,100000,+0.0078,0.0080,+0.0,+0.0000,NONE,RUNNING
="2026-08-07 19:55:45",64893,294018,40390,253628,100000,+0.0078,0.0080,+0.0,+0.0000,NONE,RUNNING
="2026-08-07 19:55:46",64893,294018,40390,253628,100000,+0.0065,0.0080,+0.0,+0.0000,NONE,RUNNING
="2026-08-07 19:55:47",64893,294018,40390,253628,100000,+0.0065,0.0080,+0.0,+0.0000,NONE,RUNNING
="2026-08-07 19:55:59",0,0,0,0,100000,+0.0000,0.0080,+0.0,+0.0000,NONE,RUNNING
="2026-08-07 19:56:59",64893,0,0,0,100000,-0.0027,0.0080,+0.0,+0.0000,NONE,RUNNING
="2026-08-07 19:57:36",64893,53808,0,53808,100000,-0.0041,0.0080,+0.0,+0.0000,NONE,RUNNING
="2026-08-07 19:57:37",64893,53808,0,53808,100000,-0.0041,0.0080,+0.0,+0.0000,NONE,RUNNING
="2026-08-07 19:57:38",64893,53808,0,53808,100000,-0.0038,0.0080,+0.0,+0.0000,NONE,RUNNING
="2026-08-07 19:57:39",64893,53808,0,53808,100000,-0.0038,0.0080,+0.0,+0.0000,NONE,RUNNING
="2026-08-07 19:57:40",64893,53808,0,53808,100000,-0.0024,0.0080,+0.0,+0.0000,NONE,RUNNING
="2026-08-07 19:57:41",64893,53808,0,53808,100000,-0.0024,0.0080,+0.0,+0.0000,NONE,RUNNING
="2026-08-07 19:57:42",64893,53808,0,53808,100000,-0.0024,0.0080,+0.0,+0.0000,NONE,RUNNING
="2026-08-07 19:57:43",64893,53808,0,53808,100000,-0.0025,0.0080,+0.0,+0.0000,NONE,RUNNING
="2026-08-07 19:57:44",64893,53808,0,53808,100000,-0.0028,0.0080,+0.0,+0.0000,NONE,RUNNING
="2026-08-07 19:57:45",64893,53808,0,53808,100000,-0.0028,0.0080,+0.0,+0.0000,NONE,RUNNING
="2026-08-07 19:57:46",64893,53808,0,53808,100000,-0.0028,0.0080,+0.0,+0.0000,NONE,RUNNING
="2026-08-07 19:57:47",64893,53808,0,53808,100000,-0.0028,0.0080,+0.0,+0.0000,NONE,RUNNING
="2026-08-07 19:57:48",64893,53808,0,53808,100000,-0.0028,0.0080,+0.0,+0.0000,NONE,RUNNING
="2026-08-07 19:57:49",64893,53808,0,53808,100000,-0.0027,0.0080,+0.0,+0.0000,NONE,RUNNING
="2026-08-07 19:57:50",64893,53808,0,53808,100000,-0.0027,0.0080,+0.0,+0.0000,NONE,RUNNING
="2026-08-07 19:57:51",64893,53808,0,53808,100000,-0.0027,0.0080,+0.0,+0.0000,NONE,RUNNING
="2026-08-07 19:57:52",64893,53808,0,53808,100000,-0.0034,0.0080,+0.0,+0.0000,NONE,RUNNING
="2026-08-07 19:57:53",64893,53808,0,53808,100000,-0.0034,0.0080,+0.0,+0.0000,NONE,RUNNING
="2026-08-07 19:57:54",64893,53808,0,53808,100000,-0.0032,0.0080,+0.0,+0.0000,NONE,RUNNING
="2026-08-07 19:57:55",64893,53808,0,53808,100000,-0.0033,0.0080,+0.0,+0.0000,NONE,RUNNING
="2026-08-07 19:57:56",64893,53808,0,53808,100000,-0.0033,0.0080,+0.0,+0.0000,NONE,RUNNING
="2026-08-07 19:57:57",64893,53808,0,53808,100000,-0.0033,0.0080,+0.0,+0.0000,NONE,RUNNING
="2026-08-07 19:57:58",64893,53808,0,53808,100000,+0.0012,0.0080,+0.0,+0.0000,NONE,RUNNING
="2026-08-07 19:57:59",64893,53808,0,53808,100000,+0.0012,0.0080,+0.0,+0.0000,NONE,RUNNING
="2026-08-07 19:58:00",64893,53808,0,53808,100000,+0.0012,0.0080,+0.0,+0.0000,NONE,RUNNING
="2026-08-07 19:58:01",64893,53808,0,53808,100000,+0.0012,0.0080,+0.0,+0.0000,NONE,RUNNING
="2026-08-07 19:58:02",64893,53808,0,53808,100000,-0.0006,0.0080,+0.0,+0.0000,NONE,RUNNING
="2026-08-07 19:58:03",64893,53808,0,53808,100000,-0.0006,0.0080,+0.0,+0.0000,NONE,RUNNING
="2026-08-07 19:58:04",64893,53808,0,53808,100000,-0.0008,0.0080,+0.0,+0.0000,NONE,RUNNING
="2026-08-07 19:58:05",64893,53808,0,53808,100000,-0.0009,0.0080,+0.0,+0.0000,NONE,RUNNING
="2026-08-07 19:58:06",64893,53808,0,53808,100000,-0.0009,0.0080,+0.0,+0.0000,NONE,RUNNING
="2026-08-07 19:58:07",64893,53808,0,53808,100000,-0.0016,0.0080,+0.0,+0.0000,NONE,RUNNING
="2026-08-07 19:58:08",64893,53808,0,53808,100000,-0.0016,0.0080,+0.0,+0.0000,NONE,RUNNING
="2026-08-07 19:58:09",64893,53808,0,53808,100000,-0.0006,0.0080,+0.0,+0.0000,NONE,RUNNING
="2026-08-07 19:58:10",64894,53808,0,53808,100000,+0.0001,0.0080,+0.0,+0.0000,NONE,RUNNING
="2026-08-07 19:58:11",64893,53808,0,53808,100000,+0.0001,0.0080,+0.0,+0.0000,NONE,RUNNING
="2026-08-07 19:58:12",64894,53808,0,53808,100000,+0.0001,0.0080,+0.0,+0.0000,NONE,RUNNING
="2026-08-07 19:58:14",64893,53808,0,53808,100000,-0.0007,0.0080,+0.0,+0.0000,NONE,RUNNING
="2026-08-07 19:58:15",64893,53808,0,53808,100000,+0.0002,0.0080,+0.0,+0.0000,NONE,RUNNING
="2026-08-07 19:58:16",64893,53808,0,53808,100000,+0.0002,0.0080,+0.0,+0.0000,NONE,RUNNING
="2026-08-07 19:58:17",64893,53808,0,53808,100000,+0.0003,0.0080,+0.0,+0.0000,NONE,RUNNING
="2026-08-07 19:58:18",64894,0,0,0,100000,+0.0002,0.0080,+0.0,+0.0000,NONE,RUNNING
="2026-08-07 19:58:19",64894,0,0,0,100000,+0.0002,0.0080,+0.0,+0.0000,NONE,RUNNING
="2026-08-07 19:58:20",64894,0,0,0,100000,+0.0002,0.0080,+0.0,+0.0000,NONE,RUNNING
="2026-08-07 19:58:21",64894,0,0,0,100000,+0.0001,0.0080,+0.0,+0.0000,NONE,RUNNING
="2026-08-07 19:58:22",64893,0,0,0,100000,+0.0001,0.0080,+0.0,+0.0000,NONE,RUNNING
="2026-08-07 19:58:23",64893,0,0,0,100000,-0.0000,0.0080,+0.0,+0.0000,NONE,RUNNING
="2026-08-07 19:58:24",64894,0,0,0,100000,-0.0000,0.0080,+0.0,+0.0000,NONE,RUNNING
="2026-08-07 19:58:25",64894,0,0,0,100000,-0.0010,0.0080,+0.0,+0.0000,NONE,RUNNING
="2026-08-07 19:58:26",64894,0,0,0,100000,-0.0010,0.0080,+0.0,+0.0000,NONE,RUNNING
="2026-08-07 19:58:27",64894,0,0,0,100000,-0.0010,0.0080,+0.0,+0.0000,NONE,RUNNING
="2026-08-07 19:58:28",64894,0,0,0,100000,-0.0010,0.0080,+0.0,+0.0000,NONE,RUNNING
="2026-08-07 19:58:29",64894,0,0,0,100000,-0.0007,0.0080,+0.0,+0.0000,NONE,RUNNING
="2026-08-07 19:58:30",64893,120128,120128,0,100000,-0.0007,0.0080,+0.0,+0.0000,NONE,RUNNING
="2026-08-07 19:58:31",64893,120128,120128,0,100000,+0.0022,0.0080,+0.0,+0.0000,NONE,RUNNING
="2026-08-07 19:58:32",64893,120128,120128,0,100000,+0.0020,0.0080,+0.0,+0.0000,NONE,RUNNING
="2026-08-07 19:58:33",64893,120128,120128,0,100000,+0.0020,0.0080,+0.0,+0.0000,NONE,RUNNING
="2026-08-07 19:58:34",64893,120128,120128,0,100000,+0.0020,0.0080,+0.0,+0.0000,NONE,RUNNING
="2026-08-07 19:58:35",64893,120128,120128,0,100000,+0.0020,0.0080,+0.0,+0.0000,NONE,RUNNING
="2026-08-07 19:58:36",64893,162309,120128,42181,100000,+0.0020,0.0080,+0.0,+0.0000,NONE,RUNNING
="2026-08-07 19:58:37",64893,162309,120128,42181,100000,+0.0020,0.0080,+0.0,+0.0000,NONE,RUNNING
="2026-08-07 19:59:37",64893,35234,0,35234,100000,-0.0016,0.0080,+0.0,+0.0000,NONE,RUNNING
="2026-08-07 20:00:07",64900,145540,130493,15046,100000,-0.0045,0.0080,+0.0,+0.0000,NONE,RUNNING
="2026-08-07 20:00:08",64900,165553,150506,15046,100000,-0.0045,0.0080,+0.0,+0.0000,NONE,RUNNING
="2026-08-07 20:00:09",64898,266018,250971,15046,100000,-0.0045,0.0080,+0.0,+0.0000,NONE,RUNNING
="2026-08-07 20:00:10",64893,266018,250971,15046,100000,-0.0045,0.0080,+0.0,+0.0000,NONE,RUNNING
="2026-08-07 20:00:11",64893,266018,250971,15046,100000,+0.0009,0.0080,+0.0,+0.0000,NONE,RUNNING
="2026-08-07 20:00:12",64893,266018,250971,15046,100000,+0.0008,0.0080,+0.0,+0.0000,NONE,RUNNING
="2026-08-07 20:00:13",64893,266018,250971,15046,100000,+0.0008,0.0080,+0.0,+0.0000,NONE,RUNNING
="2026-08-07 20:00:14",64893,266018,250971,15046,100000,+0.0008,0.0080,+0.0,+0.0000,NONE,RUNNING
="2026-08-07 20:00:15",64893,266018,250971,15046,100000,+0.0010,0.0080,+0.0,+0.0000,NONE,RUNNING
="2026-08-07 20:00:16",64893,266018,250971,15046,100000,+0.0010,0.0080,+0.0,+0.0000,NONE,RUNNING
="2026-08-07 20:00:17",64893,266018,250971,15046,100000,+0.0015,0.0080,+0.0,+0.0000,NONE,RUNNING
="2026-08-07 20:00:18",64893,266018,250971,15046,100000,+0.0015,0.0080,+0.0,+0.0000,NONE,RUNNING
="2026-08-07 20:00:19",64893,266018,250971,15046,100000,+0.0016,0.0080,+0.0,+0.0000,NONE,RUNNING
="2026-08-07 20:00:20",64893,266018,250971,15046,100000,+0.0017,0.0080,+0.0,+0.0000,NONE,RUNNING
="2026-08-07 20:00:21",64893,266018,250971,15046,100000,+0.0017,0.0080,+0.0,+0.0000,NONE,RUNNING
="2026-08-07 20:00:22",64893,337776,250971,86805,100000,+0.0017,0.0080,+0.0,+0.0000,NONE,RUNNING
="2026-08-07 20:00:23",64897,337776,250971,86805,100000,+0.0017,0.0080,+0.0,+0.0000,NONE,RUNNING
="2026-08-07 20:00:24",64898,337776,250971,86805,100000,+0.0017,0.0080,+0.0,+0.0000,NONE,RUNNING
="2026-08-07 20:00:25",64898,337776,250971,86805,100000,+0.0016,0.0080,+0.0,+0.0000,NONE,RUNNING
="2026-08-07 20:00:26",64898,337776,250971,86805,100000,-0.0009,0.0080,+0.0,+0.0000,NONE,RUNNING
="2026-08-07 20:00:27",64898,337776,250971,86805,100000,-0.0009,0.0080,+0.0,+0.0000,NONE,RUNNING
="2026-08-07 20:00:28",64898,337776,250971,86805,100000,-0.0009,0.0080,+0.0,+0.0000,NONE,RUNNING
="2026-08-07 20:00:29",64898,337776,250971,86805,100000,-0.0009,0.0080,+0.0,+0.0000,NONE,RUNNING
="2026-08-07 20:00:30",64898,337776,250971,86805,100000,-0.0009,0.0080,+0.0,+0.0000,NONE,RUNNING
="2026-08-07 20:00:31",64898,337776,250971,86805,100000,-0.0005,0.0080,+0.0,+0.0000,NONE,RUNNING
="2026-08-07 20:00:32",64898,337776,250971,86805,100000,-0.0014,0.0080,+0.0,+0.0000,NONE,RUNNING
="2026-08-07 20:00:33",64898,337776,250971,86805,100000,-0.0014,0.0080,+0.0,+0.0000,NONE,RUNNING
="2026-08-07 20:00:34",64898,337776,250971,86805,100000,-0.0014,0.0080,+0.0,+0.0000,NONE,RUNNING
="2026-08-07 20:00:35",64898,337776,250971,86805,100000,-0.0014,0.0080,+0.0,+0.0000,NONE,RUNNING
="2026-08-07 20:00:36",64899,337776,250971,86805,100000,-0.0014,0.0080,+0.0,+0.0000,NONE,RUNNING
="2026-08-07 20:00:38",64899,337776,250971,86805,100000,-0.0014,0.0080,+0.0,+0.0000,NONE,RUNNING
="2026-08-07 20:00:39",64909,369778,250971,118807,100000,-0.0014,0.0080,+0.0,+0.0000,NONE,RUNNING
="2026-08-07 20:00:40",64909,369778,250971,118807,100000,-0.0014,0.0080,+0.0,+0.0000,NONE,RUNNING
="2026-08-07 20:00:41",64909,369778,250971,118807,100000,-0.0014,0.0080,+0.0,+0.0000,NONE,RUNNING
="2026-08-07 20:00:42",64909,369778,250971,118807,100000,-0.0038,0.0080,+0.0,+0.0000,NONE,RUNNING
="2026-08-07 20:00:43",64909,369778,250971,118807,100000,-0.0038,0.0080,+0.0,+0.0000,NONE,RUNNING
="2026-08-07 20:00:44",64909,369778,250971,118807,100000,-0.0038,0.0080,+0.0,+0.0000,NONE,RUNNING
="2026-08-07 20:00:45",64913,369778,250971,118807,100000,-0.0038,0.0080,+0.0,+0.0000,NONE,RUNNING
="2026-08-07 20:00:46",64913,369778,250971,118807,100000,-0.0038,0.0080,+0.0,+0.0000,NONE,RUNNING
="2026-08-07 20:00:47",64913,369778,250971,118807,100000,-0.0037,0.0080,+0.0,+0.0000,NONE,RUNNING
="2026-08-07 20:00:48",64913,380342,250971,129370,100000,-0.0033,0.0080,+0.0,+0.0000,NONE,RUNNING
="2026-08-07 20:00:49",64927,485391,277617,207774,100000,-0.0033,0.0080,+0.0,+0.0000,NONE,RUNNING
="2026-08-07 20:00:50",64927,485391,277617,207774,100000,-0.0030,0.0080,+0.0,+0.0000,NONE,RUNNING
="2026-08-07 20:00:51",64927,485391,277617,207774,100000,-0.0030,0.0080,+0.0,+0.0000,NONE,RUNNING
="2026-08-07 20:00:52",64927,485391,277617,207774,100000,-0.0030,0.0080,+0.0,+0.0000,NONE,RUNNING
="2026-08-07 20:00:53",64927,485391,277617,207774,100000,-0.0030,0.0080,+0.0,+0.0000,NONE,RUNNING
="2026-08-07 20:00:54",64927,485391,277617,207774,100000,-0.0030,0.0080,+0.0,+0.0000,NONE,RUNNING
="2026-08-07 20:00:55",64927,485391,277617,207774,100000,-0.0025,0.0080,+0.0,+0.0000,NONE,RUNNING
="2026-08-07 20:00:56",64927,485391,277617,207774,100000,-0.0025,0.0080,+0.0,+0.0000,NONE,RUNNING
="2026-08-07 20:00:57",64927,485391,277617,207774,100000,-0.0008,0.0080,+0.0,+0.0000,NONE,RUNNING
="2026-08-07 20:00:58",64927,485391,277617,207774,100000,-0.0008,0.0080,+0.0,+0.0000,NONE,RUNNING
="2026-08-07 20:00:59",64927,485391,277617,207774,100000,-0.0007,0.0080,+0.0,+0.0000,NONE,RUNNING
="2026-08-07 20:01:00",64927,485391,277617,207774,100000,-0.0007,0.0080,+0.0,+0.0000,NONE,RUNNING
="2026-08-07 20:01:01",64927,496399,288625,207774,100000,-0.0007,0.0080,+0.0,+0.0000,NONE,RUNNING
="2026-08-07 20:01:02",64927,481352,288625,192727,100000,-0.0007,0.0080,+0.0,+0.0000,NONE,RUNNING
="2026-08-07 20:01:03",64927,481352,288625,192727,100000,-0.0000,0.0080,+0.0,+0.0000,NONE,RUNNING
="2026-08-07 20:01:04",64927,450922,258195,192727,100000,-0.0000,0.0080,+0.0,+0.0000,NONE,RUNNING
="2026-08-07 20:01:05",64927,410896,218169,192727,100000,-0.0000,0.0080,+0.0,+0.0000,NONE,RUNNING
="2026-08-07 20:01:06",64922,507893,315166,192727,100000,-0.0000,0.0080,+0.0,+0.0000,NONE,RUNNING
="2026-08-07 20:01:07",64922,487881,295153,192727,100000,+0.0018,0.0080,+0.0,+0.0000,NONE,RUNNING
="2026-08-07 20:01:08",64922,447855,255128,192727,100000,+0.0053,0.0080,+0.0,+0.0000,NONE,RUNNING
="2026-08-07 20:01:09",64922,367402,174674,192727,100000,+0.0053,0.0080,+0.0,+0.0000,NONE,RUNNING
="2026-08-07 20:01:10",64922,347390,154663,192727,100000,+0.0053,0.0080,+0.0,+0.0000,NONE,RUNNING
="2026-08-07 20:01:11",64922,347390,154663,192727,100000,-0.0000,0.0080,+0.0,+0.0000,NONE,RUNNING
="2026-08-07 20:01:12",64922,347390,154663,192727,100000,-0.0000,0.0080,+0.0,+0.0000,NONE,RUNNING
="2026-08-07 20:01:13",64922,347390,154663,192727,100000,-0.0005,0.0080,+0.0,+0.0000,NONE,RUNNING
="2026-08-07 20:01:14",64922,358799,166071,192727,100000,-0.0005,0.0080,+0.0,+0.0000,NONE,RUNNING
="2026-08-07 20:01:15",64922,358799,166071,192727,100000,-0.0005,0.0080,+0.0,+0.0000,NONE,RUNNING
="2026-08-07 20:01:16",64922,358799,166071,192727,100000,-0.0005,0.0080,+0.0,+0.0000,NONE,RUNNING
="2026-08-07 20:01:17",64922,398903,206175,192727,100000,-0.0011,0.0080,+0.0,+0.0000,NONE,RUNNING
="2026-08-07 20:01:18",64921,398903,206175,192727,100000,-0.0011,0.0080,+0.0,+0.0000,NONE,RUNNING
="2026-08-07 20:01:19",64921,398903,206175,192727,100000,+0.0002,0.0080,+0.0,+0.0000,NONE,RUNNING
="2026-08-07 20:01:20",64921,398903,206175,192727,100000,+0.0001,0.0080,+0.0,+0.0000,NONE,RUNNING
="2026-08-07 20:01:21",64921,398903,206175,192727,100000,+0.0001,0.0080,+0.0,+0.0000,NONE,RUNNING
="2026-08-07 20:01:22",64921,327145,206175,120969,100000,+0.0001,0.0080,+0.0,+0.0000,NONE,RUNNING
="2026-08-07 20:01:23",64921,327145,206175,120969,100000,+0.0001,0.0080,+0.0,+0.0000,NONE,RUNNING
="2026-08-07 20:01:24",64921,327145,206175,120969,100000,+0.0001,0.0080,+0.0,+0.0000,NONE,RUNNING
="2026-08-07 20:01:25",64921,327145,206175,120969,100000,+0.0025,0.0080,+0.0,+0.0000,NONE,RUNNING
="2026-08-07 20:01:26",64921,327145,206175,120969,100000,+0.0050,0.0080,+0.0,+0.0000,NONE,RUNNING
="2026-08-07 20:01:27",64921,327145,206175,120969,100000,+0.0051,0.0080,+0.0,+0.0000,NONE,RUNNING
="2026-08-07 20:01:28",64921,327145,206175,120969,100000,+0.0051,0.0080,+0.0,+0.0000,NONE,RUNNING
="2026-08-07 20:01:29",64921,327145,206175,120969,100000,+0.0051,0.0080,+0.0,+0.0000,NONE,RUNNING
="2026-08-07 20:01:30",64921,327145,206175,120969,100000,+0.0051,0.0080,+0.0,+0.0000,NONE,RUNNING
="2026-08-07 20:01:31",64921,327145,206175,120969,100000,+0.0051,0.0080,+0.0,+0.0000,NONE,RUNNING
="2026-08-07 20:01:32",64921,327145,206175,120969,100000,+0.0051,0.0080,+0.0,+0.0000,NONE,RUNNING
="2026-08-07 20:01:33",64921,327145,206175,120969,100000,+0.0060,0.0080,+0.0,+0.0000,NONE,RUNNING
="2026-08-07 20:01:34",64921,327145,206175,120969,100000,+0.0065,0.0080,+0.0,+0.0000,NONE,RUNNING
="2026-08-07 20:01:35",64921,327145,206175,120969,100000,+0.0065,0.0080,+0.0,+0.0000,NONE,RUNNING
="2026-08-07 20:01:36",64921,327145,206175,120969,100000,+0.0065,0.0080,+0.0,+0.0000,NONE,RUNNING
="2026-08-07 20:01:37",64921,327145,206175,120969,100000,+0.0066,0.0080,+0.0,+0.0000,NONE,RUNNING
="2026-08-07 20:01:38",64921,295142,206175,88966,100000,+0.0066,0.0080,+0.0,+0.0000,NONE,RUNNING
="2026-08-07 20:01:39",64921,295142,206175,88966,100000,+0.0066,0.0080,+0.0,+0.0000,NONE,RUNNING
="2026-08-07 20:01:40",64921,295142,206175,88966,100000,+0.0066,0.0080,+0.0,+0.0000,NONE,RUNNING
="2026-08-07 20:01:41",64921,295142,206175,88966,100000,+0.0066,0.0080,+0.0,+0.0000,NONE,RUNNING
="2026-08-07 20:01:42",64921,295142,206175,88966,100000,+0.0090,0.0080,+0.0,+0.0000,SHORT,RUNNING
="2026-08-07 20:01:43",64921,295142,206175,88966,100000,+0.0060,0.0080,+0.0,+0.0000,NONE,RUNNING
="2026-08-07 20:01:44",64921,295142,206175,88966,100000,+0.0060,0.0080,+0.0,+0.0000,NONE,RUNNING
="2026-08-07 20:01:45",64921,295142,206175,88966,100000,+0.0060,0.0080,+0.0,+0.0000,NONE,RUNNING
="2026-08-07 20:01:46",64921,295142,206175,88966,100000,+0.0051,0.0080,+0.0,+0.0000,NONE,RUNNING
="2026-08-07 20:01:47",64921,295142,206175,88966,100000,+0.0051,0.0080,+0.0,+0.0000,NONE,RUNNING
="2026-08-07 20:01:48",64921,257933,179529,78403,100000,+0.0047,0.0080,+0.0,+0.0000,NONE,RUNNING
="2026-08-07 20:01:49",64921,179529,179529,0,100000,+0.0046,0.0080,+0.0,+0.0000,NONE,RUNNING
="2026-08-07 20:01:50",64921,179529,179529,0,100000,+0.0046,0.0080,+0.0,+0.0000,NONE,RUNNING
="2026-08-07 20:01:51",64921,179529,179529,0,100000,+0.0046,0.0080,+0.0,+0.0000,NONE,RUNNING
="2026-08-07 20:01:52",64921,179529,179529,0,100000,+0.0053,0.0080,+0.0,+0.0000,NONE,RUNNING
="2026-08-07 20:01:53",64921,224700,224700,0,100000,+0.0048,0.0080,+0.0,+0.0000,NONE,RUNNING
="2026-08-07 20:01:54",64903,241960,241960,0,100000,+0.0048,0.0080,+0.0,+0.0000,NONE,RUNNING
="2026-08-07 20:01:55",64903,241960,241960,0,100000,+0.0048,0.0080,+0.0,+0.0000,NONE,RUNNING
="2026-08-07 20:01:56",64903,241960,241960,0,100000,+0.0031,0.0080,+0.0,+0.0000,NONE,RUNNING
="2026-08-07 20:01:57",64903,241960,241960,0,100000,+0.0031,0.0080,+0.0,+0.0000,NONE,RUNNING
="2026-08-07 20:01:58",64903,241960,241960,0,100000,+0.0108,0.0080,+0.0,+0.0000,SHORT,RUNNING
="2026-08-07 20:01:59",64903,241960,241960,0,100000,+0.0108,0.0080,+0.0,+0.0000,SHORT,RUNNING
="2026-08-07 20:02:00",64903,241960,241960,0,100000,+0.0108,0.0080,+0.0,+0.0000,SHORT,RUNNING
="2026-08-07 20:02:01",64903,230952,230952,0,100000,+0.0108,0.0080,+0.0,+0.0000,SHORT,RUNNING
="2026-08-07 20:02:02",64903,230952,230952,0,100000,+0.0102,0.0080,+0.0,+0.0000,SHORT,RUNNING
="2026-08-07 20:02:03",64903,230952,230952,0,100000,+0.0096,0.0080,+0.0,+0.0000,SHORT,RUNNING
="2026-08-07 20:02:04",64903,230952,230952,0,100000,+0.0095,0.0080,+0.0,+0.0000,SHORT,RUNNING
="2026-08-07 20:02:05",64903,113942,113942,0,100000,+0.0095,0.0080,+0.0,+0.0000,SHORT,RUNNING
="2026-08-07 20:02:06",64903,113942,113942,0,100000,+0.0077,0.0080,+0.0,+0.0000,NONE,RUNNING
="2026-08-07 20:02:07",64903,113942,113942,0,100000,+0.0077,0.0080,+0.0,+0.0000,NONE,RUNNING
="2026-08-07 20:02:08",64903,113942,113942,0,100000,+0.0078,0.0080,+0.0,+0.0000,NONE,RUNNING
="2026-08-07 20:02:09",64903,113942,113942,0,100000,+0.0078,0.0080,+0.0,+0.0000,NONE,RUNNING
="2026-08-07 20:02:10",64903,113942,113942,0,100000,+0.0078,0.0080,+0.0,+0.0000,NONE,RUNNING
="2026-08-07 20:02:12",64903,174742,113942,60799,100000,+0.0078,0.0080,+0.0,+0.0000,NONE,RUNNING
="2026-08-07 20:02:13",64911,193580,132780,60799,100000,+0.0083,0.0080,+0.0,+0.0000,SHORT,RUNNING
="2026-08-07 20:02:14",64911,182172,121372,60799,100000,+0.0061,0.0080,+0.0,+0.0000,NONE,RUNNING
="2026-08-07 20:02:15",64912,182172,121372,60799,100000,+0.0061,0.0080,+0.0,+0.0000,NONE,RUNNING
="2026-08-07 20:02:16",64912,214383,153584,60799,100000,+0.0061,0.0080,+0.0,+0.0000,NONE,RUNNING
="2026-08-07 20:02:17",64912,214383,153584,60799,100000,+0.0065,0.0080,+0.0,+0.0000,NONE,RUNNING
="2026-08-07 20:02:18",64912,174279,113480,60799,100000,+0.0065,0.0080,+0.0,+0.0000,NONE,RUNNING
="2026-08-07 20:02:19",64912,174279,113480,60799,100000,+0.0053,0.0080,+0.0,+0.0000,NONE,RUNNING
="2026-08-07 20:02:20",64912,174279,113480,60799,100000,+0.0053,0.0080,+0.0,+0.0000,NONE,RUNNING
="2026-08-07 20:02:21",64912,174279,113480,60799,100000,+0.0053,0.0080,+0.0,+0.0000,NONE,RUNNING
="2026-08-07 20:02:22",64912,174279,113480,60799,100000,+0.0053,0.0080,+0.0,+0.0000,NONE,RUNNING
="2026-08-07 20:02:23",64912,174279,113480,60799,100000,+0.0053,0.0080,+0.0,+0.0000,NONE,RUNNING
="2026-08-07 20:02:24",64912,174279,113480,60799,100000,+0.0050,0.0080,+0.0,+0.0000,NONE,RUNNING
="2026-08-07 20:02:25",64912,174279,113480,60799,100000,+0.0026,0.0080,+0.0,+0.0000,NONE,RUNNING
="2026-08-07 20:02:26",64912,206484,145685,60799,100000,+0.0026,0.0080,+0.0,+0.0000,NONE,RUNNING
="2026-08-07 20:02:27",64912,206484,145685,60799,100000,+0.0026,0.0080,+0.0,+0.0000,NONE,RUNNING
="2026-08-07 20:02:28",64912,206484,145685,60799,100000,+0.0026,0.0080,+0.0,+0.0000,NONE,RUNNING
="2026-08-07 20:02:29",64912,206484,145685,60799,100000,+0.0026,0.0080,+0.0,+0.0000,NONE,RUNNING
="2026-08-07 20:02:30",64912,206484,145685,60799,100000,+0.0012,0.0080,+0.0,+0.0000,NONE,RUNNING
="2026-08-07 20:02:31",64912,206484,145685,60799,100000,+0.0012,0.0080,+0.0,+0.0000,NONE,RUNNING
="2026-08-07 20:02:32",64912,206484,145685,60799,100000,+0.0012,0.0080,+0.0,+0.0000,NONE,RUNNING
="2026-08-07 20:02:33",64912,206484,145685,60799,100000,+0.0015,0.0080,+0.0,+0.0000,NONE,RUNNING
="2026-08-07 20:02:34",64912,206484,145685,60799,100000,+0.0010,0.0080,+0.0,+0.0000,NONE,RUNNING
="2026-08-07 20:02:35",64912,206484,145685,60799,100000,+0.0010,0.0080,+0.0,+0.0000,NONE,RUNNING
="2026-08-07 20:02:36",64912,392241,331441,60799,100000,+0.0010,0.0080,+0.0,+0.0000,NONE,RUNNING
="2026-08-07 20:02:37",64912,392241,331441,60799,100000,+0.0009,0.0080,+0.0,+0.0000,NONE,RUNNING
="2026-08-07 20:02:38",64912,392241,331441,60799,100000,+0.0009,0.0080,+0.0,+0.0000,NONE,RUNNING
="2026-08-07 20:02:39",64912,392241,331441,60799,100000,+0.0011,0.0080,+0.0,+0.0000,NONE,RUNNING
="2026-08-07 20:02:40",64912,392241,331441,60799,100000,+0.0011,0.0080,+0.0,+0.0000,NONE,RUNNING
="2026-08-07 20:02:41",64912,392241,331441,60799,100000,+0.0011,0.0080,+0.0,+0.0000,NONE,RUNNING
="2026-08-07 20:02:42",64912,392241,331441,60799,100000,+0.0011,0.0080,+0.0,+0.0000,NONE,RUNNING
="2026-08-07 20:02:43",64912,392241,331441,60799,100000,+0.0041,0.0080,+0.0,+0.0000,NONE,RUNNING
="2026-08-07 20:02:44",64912,392241,331441,60799,100000,+0.0035,0.0080,+0.0,+0.0000,NONE,RUNNING
="2026-08-07 20:02:45",64912,392241,331441,60799,100000,+0.0035,0.0080,+0.0,+0.0000,NONE,RUNNING
="2026-08-07 20:02:46",64912,392241,331441,60799,100000,+0.0044,0.0080,+0.0,+0.0000,NONE,RUNNING
="2026-08-07 20:02:47",64912,392241,331441,60799,100000,+0.0044,0.0080,+0.0,+0.0000,NONE,RUNNING
="2026-08-07 20:02:48",64912,392241,331441,60799,100000,+0.0048,0.0080,+0.0,+0.0000,NONE,RUNNING
="2026-08-07 20:02:49",64912,404151,331441,72709,100000,+0.0048,0.0080,+0.0,+0.0000,NONE,RUNNING
="2026-08-07 20:02:50",64912,404151,331441,72709,100000,+0.0049,0.0080,+0.0,+0.0000,NONE,RUNNING
="2026-08-07 20:02:51",64912,404151,331441,72709,100000,+0.0049,0.0080,+0.0,+0.0000,NONE,RUNNING
="2026-08-07 20:02:52",64912,447376,331441,115935,100000,+0.0042,0.0080,+0.0,+0.0000,NONE,RUNNING
="2026-08-07 20:02:53",64917,402206,286271,115935,100000,+0.0042,0.0080,+0.0,+0.0000,NONE,RUNNING
="2026-08-07 20:02:54",64917,384946,269011,115935,100000,+0.0041,0.0080,+0.0,+0.0000,NONE,RUNNING
="2026-08-07 20:02:55",64917,384946,269011,115935,100000,+0.0041,0.0080,+0.0,+0.0000,NONE,RUNNING
="2026-08-07 20:02:56",64917,384946,269011,115935,100000,+0.0041,0.0080,+0.0,+0.0000,NONE,RUNNING
="2026-08-07 20:02:57",64918,384946,269011,115935,100000,+0.0042,0.0080,+0.0,+0.0000,NONE,RUNNING
="2026-08-07 20:02:58",64918,384946,269011,115935,100000,-0.0035,0.0080,+0.0,+0.0000,NONE,RUNNING
="2026-08-07 20:02:59",64918,384946,269011,115935,100000,-0.0035,0.0080,+0.0,+0.0000,NONE,RUNNING
="2026-08-07 20:03:00",64918,384946,269011,115935,100000,-0.0062,0.0080,+0.0,+0.0000,NONE,RUNNING
="2026-08-07 20:03:01",64918,384946,269011,115935,100000,-0.0062,0.0080,+0.0,+0.0000,NONE,RUNNING
="2026-08-07 20:03:02",64918,384946,269011,115935,100000,-0.0056,0.0080,+0.0,+0.0000,NONE,RUNNING
="2026-08-07 20:03:03",64917,405483,269011,136472,100000,-0.0054,0.0080,+0.0,+0.0000,NONE,RUNNING
="2026-08-07 20:03:04",64921,405483,269011,136472,100000,-0.0054,0.0080,+0.0,+0.0000,NONE,RUNNING
="2026-08-07 20:03:05",64921,405483,269011,136472,100000,-0.0054,0.0080,+0.0,+0.0000,NONE,RUNNING
="2026-08-07 20:03:06",64921,405483,269011,136472,100000,-0.0054,0.0080,+0.0,+0.0000,NONE,RUNNING
="2026-08-07 20:03:07",64921,405483,269011,136472,100000,-0.0054,0.0080,+0.0,+0.0000,NONE,RUNNING
="2026-08-07 20:03:08",64921,462646,269011,193634,100000,-0.0055,0.0080,+0.0,+0.0000,NONE,RUNNING
="2026-08-07 20:03:09",64932,462646,269011,193634,100000,-0.0032,0.0080,+0.0,+0.0000,NONE,RUNNING
="2026-08-07 20:03:10",64932,525794,332159,193634,100000,-0.0032,0.0080,+0.0,+0.0000,NONE,RUNNING
="2026-08-07 20:03:11",64929,479279,346444,132835,100000,-0.0032,0.0080,+0.0,+0.0000,NONE,RUNNING
="2026-08-07 20:03:12",64929,460441,327606,132835,100000,-0.0032,0.0080,+0.0,+0.0000,NONE,RUNNING
="2026-08-07 20:03:13",64929,510530,377695,132835,100000,-0.0032,0.0080,+0.0,+0.0000,NONE,RUNNING
="2026-08-07 20:03:14",64929,510530,377695,132835,100000,-0.0010,0.0080,+0.0,+0.0000,NONE,RUNNING
="2026-08-07 20:03:15",64929,510530,377695,132835,100000,-0.0039,0.0080,+0.0,+0.0000,NONE,RUNNING
="2026-08-07 20:03:16",64929,478318,345483,132835,100000,-0.0039,0.0080,+0.0,+0.0000,NONE,RUNNING
="2026-08-07 20:03:17",64929,538475,405640,132835,100000,-0.0044,0.0080,+0.0,+0.0000,NONE,RUNNING
="2026-08-07 20:03:18",64920,538475,405640,132835,100000,-0.0046,0.0080,+0.0,+0.0000,NONE,RUNNING
="2026-08-07 20:03:19",64920,538475,405640,132835,100000,-0.0046,0.0080,+0.0,+0.0000,NONE,RUNNING
="2026-08-07 20:03:20",64920,538475,405640,132835,100000,-0.0046,0.0080,+0.0,+0.0000,NONE,RUNNING
="2026-08-07 20:03:21",64920,538475,405640,132835,100000,-0.0037,0.0080,+0.0,+0.0000,NONE,RUNNING
="2026-08-07 20:03:22",64920,538475,405640,132835,100000,-0.0037,0.0080,+0.0,+0.0000,NONE,RUNNING
="2026-08-07 20:03:23",64920,538475,405640,132835,100000,-0.0034,0.0080,+0.0,+0.0000,NONE,RUNNING
="2026-08-07 20:03:24",64920,538475,405640,132835,100000,-0.0034,0.0080,+0.0,+0.0000,NONE,RUNNING
="2026-08-07 20:03:25",64920,506270,373435,132835,100000,-0.0042,0.0080,+0.0,+0.0000,NONE,RUNNING
="2026-08-07 20:03:26",64920,506270,373435,132835,100000,-0.0042,0.0080,+0.0,+0.0000,NONE,RUNNING
="2026-08-07 20:03:27",64920,506270,373435,132835,100000,-0.0050,0.0080,+0.0,+0.0000,NONE,RUNNING
="2026-08-07 20:03:28",64920,506270,373435,132835,100000,-0.0050,0.0080,+0.0,+0.0000,NONE,RUNNING
="2026-08-07 20:03:29",64920,506270,373435,132835,100000,-0.0037,0.0080,+0.0,+0.0000,NONE,RUNNING
="2026-08-07 20:03:30",64920,506270,373435,132835,100000,-0.0037,0.0080,+0.0,+0.0000,NONE,RUNNING
="2026-08-07 20:03:31",64920,506270,373435,132835,100000,-0.0039,0.0080,+0.0,+0.0000,NONE,RUNNING
="2026-08-07 20:03:32",64920,506270,373435,132835,100000,-0.0041,0.0080,+0.0,+0.0000,NONE,RUNNING
="2026-08-07 20:03:33",64926,506270,373435,132835,100000,-0.0044,0.0080,+0.0,+0.0000,NONE,RUNNING
="2026-08-07 20:03:34",64926,506270,373435,132835,100000,-0.0044,0.0080,+0.0,+0.0000,NONE,RUNNING
="2026-08-07 20:03:35",64926,320514,187678,132835,100000,-0.0044,0.0080,+0.0,+0.0000,NONE,RUNNING
="2026-08-07 20:03:36",64926,320514,187678,132835,100000,-0.0043,0.0080,+0.0,+0.0000,NONE,RUNNING
="2026-08-07 20:03:37",64926,320514,187678,132835,100000,-0.0043,0.0080,+0.0,+0.0000,NONE,RUNNING
="2026-08-07 20:03:38",64926,365170,187678,177491,100000,-0.0045,0.0080,+0.0,+0.0000,NONE,RUNNING
="2026-08-07 20:03:39",64928,365170,187678,177491,100000,-0.0045,0.0080,+0.0,+0.0000,NONE,RUNNING
="2026-08-07 20:03:40",64928,365170,187678,177491,100000,-0.0045,0.0080,+0.0,+0.0000,NONE,RUNNING
="2026-08-07 20:03:41",64927,365170,187678,177491,100000,-0.0045,0.0080,+0.0,+0.0000,NONE,RUNNING
="2026-08-07 20:03:42",64927,365170,187678,177491,100000,-0.0045,0.0080,+0.0,+0.0000,NONE,RUNNING
="2026-08-07 20:03:43",64928,365170,187678,177491,100000,-0.0128,0.0080,+0.0,+0.0000,SHORT,RUNNING
="2026-08-07 20:03:44",64928,365170,187678,177491,100000,-0.0122,0.0080,+0.0,+0.0000,SHORT,RUNNING
="2026-08-07 20:03:45",64927,450337,187678,262658,100000,-0.0126,0.0080,+0.0,+0.0000,LONG,RUNNING
="2026-08-07 20:03:47",64932,460364,187678,272685,100000,-0.0126,0.0080,+0.0,+0.0000,LONG,RUNNING
="2026-08-07 20:03:48",64941,480380,207695,272685,100000,-0.0130,0.0080,+0.0,+0.0000,LONG,RUNNING
="2026-08-07 20:03:49",64941,500389,227704,272685,100000,-0.0130,0.0080,+0.0,+0.0000,LONG,RUNNING
="2026-08-07 20:03:50",64941,508492,247717,260775,100000,-0.0121,0.0080,+0.0,+0.0000,LONG,RUNNING
="2026-08-07 20:03:51",64941,508492,247717,260775,100000,-0.0121,0.0080,+0.0,+0.0000,LONG,RUNNING
="2026-08-07 20:03:52",64941,508492,247717,260775,100000,-0.0147,0.0080,+0.0,+0.0000,LONG,RUNNING
="2026-08-07 20:03:53",64941,465266,247717,217549,100000,-0.0147,0.0080,+0.0,+0.0000,SHORT,RUNNING
="2026-08-07 20:03:54",64941,465266,247717,217549,100000,-0.0147,0.0080,+0.0,+0.0000,SHORT,RUNNING
="2026-08-07 20:03:55",64941,465266,247717,217549,100000,-0.0148,0.0080,+0.0,+0.0000,SHORT,RUNNING
="2026-08-07 20:03:56",64941,465266,247717,217549,100000,-0.0148,0.0080,+0.0,+0.0000,SHORT,RUNNING
="2026-08-07 20:03:57",64941,465266,247717,217549,100000,-0.0148,0.0080,+0.0,+0.0000,SHORT,RUNNING
="2026-08-07 20:03:58",64941,465266,247717,217549,100000,-0.0138,0.0080,+0.0,+0.0000,SHORT,RUNNING
="2026-08-07 20:03:59",64941,465266,247717,217549,100000,-0.0138,0.0080,+0.0,+0.0000,SHORT,RUNNING
="2026-08-07 20:04:00",64941,465266,247717,217549,100000,-0.0111,0.0080,+0.0,+0.0000,SHORT,RUNNING
="2026-08-07 20:04:01",64941,465266,247717,217549,100000,-0.0111,0.0080,+0.0,+0.0000,SHORT,RUNNING
="2026-08-07 20:04:02",64941,465266,247717,217549,100000,-0.0110,0.0080,+0.0,+0.0000,SHORT,RUNNING
="2026-08-07 20:04:03",64941,454923,247717,207206,100000,-0.0110,0.0080,+0.0,+0.0000,SHORT,RUNNING
="2026-08-07 20:04:04",64942,454923,247717,207206,100000,-0.0154,0.0080,+0.0,+0.0000,SHORT,RUNNING
="2026-08-07 20:04:05",64943,454923,247717,207206,100000,-0.0154,0.0080,+0.0,+0.0000,SHORT,RUNNING
="2026-08-07 20:04:06",64943,481545,247717,233828,100000,-0.0154,0.0080,+0.0,+0.0000,SHORT,RUNNING
="2026-08-07 20:04:07",64955,528332,247717,280615,100000,-0.0154,0.0080,+0.0,+0.0000,LONG,RUNNING
="2026-08-07 20:04:08",64955,548348,267733,280615,100000,-0.0154,0.0080,+0.0,+0.0000,LONG,RUNNING
="2026-08-07 20:04:09",64955,511193,287741,223452,100000,-0.0177,0.0080,+0.0,+0.0000,SHORT,RUNNING
="2026-08-07 20:04:10",64955,498065,274613,223452,100000,-0.0177,0.0080,+0.0,+0.0000,SHORT,RUNNING
="2026-08-07 20:04:11",64955,433761,210308,223452,100000,-0.0424,0.0080,+0.0,+0.0000,LONG,RUNNING
="2026-08-07 20:04:12",64955,433761,210308,223452,100000,-0.0424,0.0080,+0.0,+0.0000,LONG,RUNNING
="2026-08-07 20:04:13",64955,433761,210308,223452,100000,-0.0424,0.0080,+0.0,+0.0000,LONG,RUNNING
="2026-08-07 20:04:14",64955,383672,160219,223452,100000,-0.0398,0.0080,+0.0,+0.0000,LONG,RUNNING
="2026-08-07 20:04:15",64955,383672,160219,223452,100000,-0.0369,0.0080,+0.0,+0.0000,LONG,RUNNING
="2026-08-07 20:04:16",64955,383672,160219,223452,100000,-0.0369,0.0080,+0.0,+0.0000,LONG,RUNNING
="2026-08-07 20:04:17",64955,323515,100062,223452,100000,-0.0368,0.0080,+0.0,+0.0000,LONG,RUNNING
="2026-08-07 20:04:18",64955,323515,100062,223452,100000,-0.0368,0.0080,+0.0,+0.0000,LONG,RUNNING
="2026-08-07 20:04:19",64955,323515,100062,223452,100000,-0.0365,0.0080,+0.0,+0.0000,LONG,RUNNING
="2026-08-07 20:04:20",64955,323515,100062,223452,100000,-0.0362,0.0080,+0.0,+0.0000,LONG,RUNNING
="2026-08-07 20:04:21",64955,323515,100062,223452,100000,-0.0372,0.0080,+0.0,+0.0000,LONG,RUNNING
="2026-08-07 20:04:22",64955,323515,100062,223452,100000,-0.0373,0.0080,+0.0,+0.0000,LONG,RUNNING
="2026-08-07 20:04:23",64955,323515,100062,223452,100000,-0.0373,0.0080,+0.0,+0.0000,LONG,RUNNING
="2026-08-07 20:04:24",64955,323515,100062,223452,100000,-0.0364,0.0080,+0.0,+0.0000,LONG,RUNNING
="2026-08-07 20:04:25",64955,323515,100062,223452,100000,-0.0364,0.0080,+0.0,+0.0000,LONG,RUNNING
="2026-08-07 20:04:26",64955,323515,100062,223452,100000,-0.0384,0.0080,+0.0,+0.0000,LONG,RUNNING
="2026-08-07 20:04:27",64955,323515,100062,223452,100000,-0.0384,0.0080,+0.0,+0.0000,LONG,RUNNING
="2026-08-07 20:04:28",64955,323515,100062,223452,100000,-0.0375,0.0080,+0.0,+0.0000,LONG,RUNNING
="2026-08-07 20:04:29",64955,323515,100062,223452,100000,-0.0375,0.0080,+0.0,+0.0000,LONG,RUNNING
="2026-08-07 20:04:30",64955,323515,100062,223452,100000,-0.0375,0.0080,+0.0,+0.0000,LONG,RUNNING
="2026-08-07 20:04:31",64955,323515,100062,223452,100000,-0.0374,0.0080,+0.0,+0.0000,LONG,RUNNING
="2026-08-07 20:04:32",64955,323515,100062,223452,100000,-0.0356,0.0080,+0.0,+0.0000,LONG,RUNNING
="2026-08-07 20:04:33",64955,323515,100062,223452,100000,-0.0353,0.0080,+0.0,+0.0000,LONG,RUNNING
="2026-08-07 20:04:34",64955,323515,100062,223452,100000,-0.0353,0.0080,+0.0,+0.0000,LONG,RUNNING
="2026-08-07 20:04:35",64955,323515,100062,223452,100000,-0.0348,0.0080,+0.0,+0.0000,LONG,RUNNING
="2026-08-07 20:04:36",64958,371310,100062,271247,100000,-0.0348,0.0080,+0.0,+0.0000,LONG,RUNNING
="2026-08-07 20:04:37",64969,479635,100062,379573,100000,-0.0350,0.0080,+0.0,+0.0000,LONG,RUNNING
="2026-08-07 20:04:38",64971,479635,100062,379573,100000,-0.0356,0.0080,+0.0,+0.0000,LONG,RUNNING
="2026-08-07 20:04:39",64971,449103,114186,334917,100000,-0.0356,0.0080,+0.0,+0.0000,LONG,RUNNING
="2026-08-07 20:04:40",64965,449103,114186,334917,100000,-0.0356,0.0080,+0.0,+0.0000,LONG,RUNNING
="2026-08-07 20:04:41",64965,449103,114186,334917,100000,-0.0476,0.0080,+0.0,+0.0000,LONG,RUNNING
="2026-08-07 20:04:42",64966,449103,114186,334917,100000,-0.0476,0.0080,+0.0,+0.0000,LONG,RUNNING
="2026-08-07 20:04:43",64966,449103,114186,334917,100000,-0.0392,0.0080,+0.0,+0.0000,LONG,RUNNING
="2026-08-07 20:04:44",64971,449103,114186,334917,100000,-0.0400,0.0080,+0.0,+0.0000,LONG,RUNNING
="2026-08-07 20:04:45",64971,363935,114186,249749,100000,-0.0400,0.0080,+0.0,+0.0000,LONG,RUNNING
="2026-08-07 20:04:46",64971,353909,114186,239723,100000,-0.0396,0.0080,+0.0,+0.0000,LONG,RUNNING
="2026-08-07 20:04:47",64973,403968,114186,289782,100000,-0.0413,0.0080,+0.0,+0.0000,LONG,RUNNING
="2026-08-07 20:04:48",64973,376937,87155,289782,100000,-0.0413,0.0080,+0.0,+0.0000,LONG,RUNNING
="2026-08-07 20:04:49",64973,356924,67142,289782,100000,-0.0422,0.0080,+0.0,+0.0000,LONG,RUNNING
="2026-08-07 20:04:50",64971,356924,67142,289782,100000,-0.0397,0.0080,+0.0,+0.0000,LONG,RUNNING
="2026-08-07 20:04:51",64971,356924,67142,289782,100000,-0.0397,0.0080,+0.0,+0.0000,LONG,RUNNING
="2026-08-07 20:04:52",64971,356924,67142,289782,100000,-0.0372,0.0080,+0.0,+0.0000,LONG,RUNNING
="2026-08-07 20:04:53",64968,356924,67142,289782,100000,-0.0321,0.0080,+0.0,+0.0000,LONG,RUNNING
="2026-08-07 20:04:54",64963,439016,149234,289782,100000,-0.0320,0.0080,+0.0,+0.0000,LONG,RUNNING
="2026-08-07 20:04:55",64963,439016,149234,289782,100000,-0.0320,0.0080,+0.0,+0.0000,LONG,RUNNING
="2026-08-07 20:04:56",64963,439016,149234,289782,100000,-0.0319,0.0080,+0.0,+0.0000,LONG,RUNNING
="2026-08-07 20:04:57",64963,439016,149234,289782,100000,-0.0319,0.0080,+0.0,+0.0000,LONG,RUNNING
="2026-08-07 20:05:04",0,0,0,0,100000,+0.0000,0.0080,+0.0,+0.0000,NONE,RUNNING
="2026-08-07 20:05:37",64963,61280,61280,0,100000,-0.0054,0.0080,+0.0,+0.0000,NONE,RUNNING
="2026-08-07 20:05:38",64963,61280,61280,0,100000,-0.0054,0.0080,+0.0,+0.0000,NONE,RUNNING
="2026-08-07 20:05:39",64963,61280,61280,0,100000,-0.0054,0.0080,+0.0,+0.0000,NONE,RUNNING
="2026-08-07 20:05:40",64963,61280,61280,0,100000,-0.0054,0.0080,+0.0,+0.0000,NONE,RUNNING
="2026-08-07 20:05:41",64963,61280,61280,0,100000,-0.0054,0.0080,+0.0,+0.0000,NONE,RUNNING
="2026-08-07 20:05:42",64963,61280,61280,0,100000,-0.0054,0.0080,+0.0,+0.0000,NONE,RUNNING
="2026-08-07 20:05:43",64963,61280,61280,0,100000,-0.0085,0.0080,+0.0,+0.0000,NONE,RUNNING
="2026-08-07 20:05:44",64963,61280,61280,0,100000,-0.0085,0.0080,+0.0,+0.0000,NONE,RUNNING
="2026-08-07 20:05:45",64963,61280,61280,0,100000,-0.0085,0.0080,+0.0,+0.0000,NONE,RUNNING
="2026-08-07 20:05:46",64963,61280,61280,0,100000,-0.0085,0.0080,+0.0,+0.0000,NONE,RUNNING
="2026-08-07 20:05:47",64963,61280,61280,0,100000,-0.0085,0.0080,+0.0,+0.0000,NONE,RUNNING
="2026-08-07 20:05:48",64963,61280,61280,0,100000,-0.0085,0.0080,+0.0,+0.0000,NONE,RUNNING
="2026-08-07 20:05:49",64963,186596,186596,0,100000,-0.0095,0.0080,+0.0,+0.0000,SHORT,RUNNING
="2026-08-07 20:05:50",64963,186596,186596,0,100000,-0.0095,0.0080,+0.0,+0.0000,SHORT,RUNNING
="2026-08-07 20:05:51",64963,186596,186596,0,100000,-0.0095,0.0080,+0.0,+0.0000,SHORT,RUNNING
="2026-08-07 20:05:52",64963,237599,237599,0,100000,-0.0103,0.0080,+0.0,+0.0000,SHORT,RUNNING
="2026-08-07 20:05:53",64960,237599,237599,0,100000,-0.0103,0.0080,+0.0,+0.0000,SHORT,RUNNING
="2026-08-07 20:05:54",64960,237599,237599,0,100000,-0.0103,0.0080,+0.0,+0.0000,SHORT,RUNNING
="2026-08-07 20:05:55",64960,237599,237599,0,100000,-0.0103,0.0080,+0.0,+0.0000,SHORT,RUNNING
="2026-08-07 20:05:56",64960,237599,237599,0,100000,-0.0103,0.0080,+0.0,+0.0000,SHORT,RUNNING
="2026-08-07 20:05:57",64960,237599,237599,0,100000,-0.0103,0.0080,+0.0,+0.0000,SHORT,RUNNING
="2026-08-07 20:05:58",64960,237599,237599,0,100000,+0.0105,0.0080,+0.0,+0.0000,SHORT,RUNNING
="2026-08-07 20:05:59",64960,237599,237599,0,100000,+0.0105,0.0080,+0.0,+0.0000,SHORT,RUNNING
="2026-08-07 20:06:00",64959,237599,237599,0,100000,+0.0105,0.0080,+0.0,+0.0000,SHORT,RUNNING
="2026-08-07 20:06:01",64959,237599,237599,0,100000,+0.0105,0.0080,+0.0,+0.0000,SHORT,RUNNING
="2026-08-07 20:06:02",64959,237599,237599,0,100000,+0.0105,0.0080,+0.0,+0.0000,SHORT,RUNNING
="2026-08-07 20:06:03",64960,237599,237599,0,100000,+0.0105,0.0080,+0.0,+0.0000,SHORT,RUNNING
="2026-08-07 20:06:04",64960,237599,237599,0,100000,+0.0104,0.0080,+0.0,+0.0000,SHORT,RUNNING
="2026-08-07 20:06:05",64959,237599,237599,0,100000,+0.0105,0.0080,+0.0,+0.0000,SHORT,RUNNING
="2026-08-07 20:06:06",64959,237599,237599,0,100000,+0.0105,0.0080,+0.0,+0.0000,SHORT,RUNNING
="2026-08-07 20:06:07",64960,237599,237599,0,100000,+0.0114,0.0080,+0.0,+0.0000,SHORT,RUNNING
="2026-08-07 20:06:08",64960,225861,225861,0,100000,+0.0114,0.0080,+0.0,+0.0000,SHORT,RUNNING
="2026-08-07 20:06:09",64960,225861,225861,0,100000,+0.0114,0.0080,+0.0,+0.0000,SHORT,RUNNING
="2026-08-07 20:06:10",64960,225861,225861,0,100000,+0.0121,0.0080,+0.0,+0.0000,SHORT,RUNNING
="2026-08-07 20:06:11",64961,225861,225861,0,100000,+0.0121,0.0080,+0.0,+0.0000,SHORT,RUNNING
="2026-08-07 20:06:12",64961,225861,225861,0,100000,+0.0120,0.0080,+0.0,+0.0000,SHORT,RUNNING
="2026-08-07 20:06:13",64961,207197,207197,0,100000,+0.0120,0.0080,+0.0,+0.0000,SHORT,RUNNING
="2026-08-07 20:06:14",64961,207197,207197,0,100000,+0.0147,0.0080,+0.0,+0.0000,SHORT,RUNNING
="2026-08-07 20:06:15",64961,207197,207197,0,100000,+0.0147,0.0080,+0.0,+0.0000,SHORT,RUNNING
="2026-08-07 20:06:16",64961,207197,207197,0,100000,+0.0147,0.0080,+0.0,+0.0000,SHORT,RUNNING
="2026-08-07 20:06:17",64962,207197,207197,0,100000,+0.0185,0.0080,+0.0,+0.0000,SHORT,RUNNING
="2026-08-07 20:06:18",64962,207197,207197,0,100000,+0.0196,0.0080,+0.0,+0.0000,SHORT,RUNNING
="2026-08-07 20:06:19",64963,207197,207197,0,100000,+0.0196,0.0080,+0.0,+0.0000,SHORT,RUNNING
="2026-08-07 20:06:20",64963,207197,207197,0,100000,+0.0196,0.0080,+0.0,+0.0000,SHORT,RUNNING
="2026-08-07 20:06:21",64963,207197,207197,0,100000,+0.0196,0.0080,+0.0,+0.0000,SHORT,RUNNING
="2026-08-07 20:06:22",64963,207197,207197,0,100000,+0.0206,0.0080,+0.0,+0.0000,SHORT,RUNNING
="2026-08-07 20:06:23",64963,207197,207197,0,100000,+0.0238,0.0080,+0.0,+0.0000,SHORT,RUNNING
="2026-08-07 20:06:24",64963,207197,207197,0,100000,+0.0238,0.0080,+0.0,+0.0000,SHORT,RUNNING
="2026-08-07 20:06:25",64963,207197,207197,0,100000,+0.0238,0.0080,+0.0,+0.0000,SHORT,RUNNING
="2026-08-07 20:06:27",64963,207197,207197,0,100000,+0.0238,0.0080,+0.0,+0.0000,SHORT,RUNNING
="2026-08-07 20:06:28",64963,207197,207197,0,100000,+0.0251,0.0080,+0.0,+0.0000,SHORT,RUNNING
="2026-08-07 20:06:29",64963,207197,207197,0,100000,+0.0255,0.0080,+0.0,+0.0000,SHORT,RUNNING
="2026-08-07 20:06:30",64963,207197,207197,0,100000,+0.0255,0.0080,+0.0,+0.0000,SHORT,RUNNING
="2026-08-07 20:06:31",64963,207197,207197,0,100000,+0.0255,0.0080,+0.0,+0.0000,SHORT,RUNNING
="2026-08-07 20:06:32",64963,220420,207197,13222,100000,+0.0255,0.0080,+0.0,+0.0000,SHORT,RUNNING
="2026-08-07 20:06:33",64960,220420,207197,13222,100000,+0.0272,0.0080,+0.0,+0.0000,SHORT,RUNNING
="2026-08-07 20:06:34",64960,220420,207197,13222,100000,+0.0260,0.0080,+0.0,+0.0000,SHORT,RUNNING
="2026-08-07 20:06:35",64960,220420,207197,13222,100000,+0.0260,0.0080,+0.0,+0.0000,SHORT,RUNNING
="2026-08-07 20:06:36",64960,220420,207197,13222,100000,+0.0260,0.0080,+0.0,+0.0000,SHORT,RUNNING
="2026-08-07 20:06:37",64960,220420,207197,13222,100000,+0.0270,0.0080,+0.0,+0.0000,SHORT,RUNNING
="2026-08-07 20:06:38",64960,199541,186319,13222,100000,+0.0313,0.0080,+0.0,+0.0000,SHORT,RUNNING
="2026-08-07 20:06:39",64960,199541,186319,13222,100000,+0.0313,0.0080,+0.0,+0.0000,SHORT,RUNNING
="2026-08-07 20:06:40",64960,199541,186319,13222,100000,+0.0313,0.0080,+0.0,+0.0000,SHORT,RUNNING
="2026-08-07 20:06:41",64960,199541,186319,13222,100000,+0.0313,0.0080,+0.0,+0.0000,SHORT,RUNNING
="2026-08-07 20:06:42",64960,199541,186319,13222,100000,+0.0313,0.0080,+0.0,+0.0000,SHORT,RUNNING
="2026-08-07 20:06:43",64960,199541,186319,13222,100000,+0.0345,0.0080,+0.0,+0.0000,SHORT,RUNNING
="2026-08-07 20:06:44",64963,199541,186319,13222,100000,+0.0329,0.0080,+0.0,+0.0000,SHORT,RUNNING
="2026-08-07 20:06:45",64963,199541,186319,13222,100000,+0.0329,0.0080,+0.0,+0.0000,SHORT,RUNNING
="2026-08-07 20:06:46",64963,199541,186319,13222,100000,+0.0329,0.0080,+0.0,+0.0000,SHORT,RUNNING
="2026-08-07 20:06:47",64963,199541,186319,13222,100000,+0.0325,0.0080,+0.0,+0.0000,SHORT,RUNNING
="2026-08-07 20:06:48",64963,199541,186319,13222,100000,+0.0325,0.0080,+0.0,+0.0000,SHORT,RUNNING
="2026-08-07 20:06:49",64963,74225,61003,13222,100000,+0.0336,0.0080,+0.0,+0.0000,NONE,RUNNING
="2026-08-07 20:06:50",64963,86779,73556,13222,100000,+0.0336,0.0080,+0.0,+0.0000,NONE,RUNNING
="2026-08-07 20:06:51",64963,86779,73556,13222,100000,+0.0336,0.0080,+0.0,+0.0000,NONE,RUNNING
="2026-08-07 20:06:52",64963,35776,22553,13222,100000,+0.0344,0.0080,+0.0,+0.0000,NONE,RUNNING
="2026-08-07 20:06:53",64963,35776,22553,13222,100000,+0.0344,0.0080,+0.0,+0.0000,NONE,RUNNING
="2026-08-07 20:06:54",64963,35776,22553,13222,100000,+0.0366,0.0080,+0.0,+0.0000,NONE,RUNNING
="2026-08-07 20:06:55",64963,35776,22553,13222,100000,+0.0366,0.0080,+0.0,+0.0000,NONE,RUNNING
="2026-08-07 20:06:56",64963,35776,22553,13222,100000,+0.0366,0.0080,+0.0,+0.0000,NONE,RUNNING
="2026-08-07 20:06:57",64963,35776,22553,13222,100000,+0.0366,0.0080,+0.0,+0.0000,NONE,RUNNING
="2026-08-07 20:06:58",64963,35776,22553,13222,100000,+0.0158,0.0080,+0.0,+0.0000,NONE,RUNNING
="2026-08-07 20:06:59",64963,35776,22553,13222,100000,+0.0158,0.0080,+0.0,+0.0000,NONE,RUNNING
="2026-08-07 20:07:00",64963,35776,22553,13222,100000,+0.0165,0.0080,+0.0,+0.0000,NONE,RUNNING
="2026-08-07 20:07:01",64964,35776,22553,13222,100000,+0.0165,0.0080,+0.0,+0.0000,NONE,RUNNING
="2026-08-07 20:07:02",64964,35776,22553,13222,100000,+0.0165,0.0080,+0.0,+0.0000,NONE,RUNNING
="2026-08-07 20:07:03",64964,35776,22553,13222,100000,+0.0193,0.0080,+0.0,+0.0000,NONE,RUNNING
="2026-08-07 20:07:04",64963,35776,22553,13222,100000,+0.0193,0.0080,+0.0,+0.0000,NONE,RUNNING
="2026-08-07 20:07:05",64964,35776,22553,13222,100000,+0.0193,0.0080,+0.0,+0.0000,NONE,RUNNING
="2026-08-07 20:07:06",64963,35776,22553,13222,100000,+0.0193,0.0080,+0.0,+0.0000,NONE,RUNNING
="2026-08-07 20:07:07",64963,35776,22553,13222,100000,+0.0184,0.0080,+0.0,+0.0000,NONE,RUNNING
="2026-08-07 20:07:08",64963,35776,22553,13222,100000,+0.0184,0.0080,+0.0,+0.0000,NONE,RUNNING
="2026-08-07 20:07:09",64964,35776,22553,13222,100000,+0.0174,0.0080,+0.0,+0.0000,NONE,RUNNING
="2026-08-07 20:07:10",64964,35776,22553,13222,100000,+0.0167,0.0080,+0.0,+0.0000,NONE,RUNNING
="2026-08-07 20:07:11",64964,35776,22553,13222,100000,+0.0167,0.0080,+0.0,+0.0000,NONE,RUNNING
="2026-08-07 20:07:12",64964,35776,22553,13222,100000,+0.0167,0.0080,+0.0,+0.0000,NONE,RUNNING
="2026-08-07 20:07:13",64970,25776,12553,13222,100000,+0.0140,0.0080,+0.0,+0.0000,NONE,RUNNING
="2026-08-07 20:07:14",64970,25776,12553,13222,100000,+0.0140,0.0080,+0.0,+0.0000,NONE,RUNNING
="2026-08-07 20:07:15",64970,25776,12553,13222,100000,+0.0141,0.0080,+0.0,+0.0000,NONE,RUNNING
="2026-08-07 20:07:16",64969,25776,12553,13222,100000,+0.0103,0.0080,+0.0,+0.0000,NONE,RUNNING
="2026-08-07 20:07:17",64969,25776,12553,13222,100000,+0.0103,0.0080,+0.0,+0.0000,NONE,RUNNING
="2026-08-07 20:07:18",64970,25776,12553,13222,100000,+0.0103,0.0080,+0.0,+0.0000,NONE,RUNNING
="2026-08-07 20:07:19",64969,25776,12553,13222,100000,+0.0103,0.0080,+0.0,+0.0000,NONE,RUNNING
="2026-08-07 20:07:20",64970,25776,12553,13222,100000,+0.0103,0.0080,+0.0,+0.0000,NONE,RUNNING
="2026-08-07 20:07:21",64970,25776,12553,13222,100000,+0.0091,0.0080,+0.0,+0.0000,NONE,RUNNING
="2026-08-07 20:07:22",64970,25776,12553,13222,100000,+0.0091,0.0080,+0.0,+0.0000,NONE,RUNNING
="2026-08-07 20:07:23",64970,25776,12553,13222,100000,+0.0081,0.0080,+0.0,+0.0000,NONE,RUNNING
="2026-08-07 20:07:24",64970,25776,12553,13222,100000,+0.0080,0.0080,+0.0,+0.0000,NONE,RUNNING
="2026-08-07 20:07:25",64970,25776,12553,13222,100000,+0.0080,0.0080,+0.0,+0.0000,NONE,RUNNING
="2026-08-07 20:07:26",64970,25776,12553,13222,100000,+0.0080,0.0080,+0.0,+0.0000,NONE,RUNNING
="2026-08-07 20:07:27",64970,25776,12553,13222,100000,+0.0077,0.0080,+0.0,+0.0000,NONE,RUNNING
="2026-08-07 20:07:28",64970,25776,12553,13222,100000,+0.0077,0.0080,+0.0,+0.0000,NONE,RUNNING
="2026-08-07 20:07:29",64970,25776,12553,13222,100000,+0.0073,0.0080,+0.0,+0.0000,NONE,RUNNING
="2026-08-07 20:07:30",64971,25776,12553,13222,100000,+0.0088,0.0080,+0.0,+0.0000,NONE,RUNNING
="2026-08-07 20:07:31",64971,12553,12553,0,100000,+0.0088,0.0080,+0.0,+0.0000,NONE,RUNNING
="2026-08-07 20:07:32",64971,12553,12553,0,100000,+0.0071,0.0080,+0.0,+0.0000,NONE,RUNNING
="2026-08-07 20:07:33",64971,12553,12553,0,100000,+0.0101,0.0080,+0.0,+0.0000,NONE,RUNNING
="2026-08-07 20:07:34",64971,12553,12553,0,100000,+0.0101,0.0080,+0.0,+0.0000,NONE,RUNNING
="2026-08-07 20:07:35",64972,12553,12553,0,100000,+0.0101,0.0080,+0.0,+0.0000,NONE,RUNNING
="2026-08-07 20:07:36",64971,12553,12553,0,100000,+0.0101,0.0080,+0.0,+0.0000,NONE,RUNNING
="2026-08-07 20:07:37",64972,12553,12553,0,100000,+0.0110,0.0080,+0.0,+0.0000,NONE,RUNNING
="2026-08-07 20:07:38",64971,12553,12553,0,100000,+0.0067,0.0080,+0.0,+0.0000,NONE,RUNNING
="2026-08-07 20:07:39",64972,12553,12553,0,100000,+0.0069,0.0080,+0.0,+0.0000,NONE,RUNNING
="2026-08-07 20:07:40",64972,12553,12553,0,100000,+0.0069,0.0080,+0.0,+0.0000,NONE,RUNNING
="2026-08-07 20:07:41",64972,12553,12553,0,100000,+0.0068,0.0080,+0.0,+0.0000,NONE,RUNNING
="2026-08-07 20:07:42",64971,12553,12553,0,100000,+0.0068,0.0080,+0.0,+0.0000,NONE,RUNNING
="2026-08-07 20:07:43",64971,12553,12553,0,100000,+0.0068,0.0080,+0.0,+0.0000,NONE,RUNNING
="2026-08-07 20:07:44",64971,12553,12553,0,100000,+0.0084,0.0080,+0.0,+0.0000,NONE,RUNNING
="2026-08-07 20:07:45",64971,12553,12553,0,100000,+0.0084,0.0080,+0.0,+0.0000,NONE,RUNNING
="2026-08-07 20:07:46",64972,12553,12553,0,100000,+0.0084,0.0080,+0.0,+0.0000,NONE,RUNNING
="2026-08-07 20:07:47",64972,12553,12553,0,100000,+0.0087,0.0080,+0.0,+0.0000,NONE,RUNNING
="2026-08-07 20:07:48",64972,12553,12553,0,100000,+0.0087,0.0080,+0.0,+0.0000,NONE,RUNNING
="2026-08-07 20:07:49",64972,12553,12553,0,100000,+0.0087,0.0080,+0.0,+0.0000,NONE,RUNNING
="2026-08-07 20:07:50",64972,0,0,0,100000,+0.0087,0.0080,+0.0,+0.0000,NONE,RUNNING
="2026-08-07 20:07:51",64972,0,0,0,100000,+0.0087,0.0080,+0.0,+0.0000,NONE,RUNNING
="2026-08-07 20:08:51",64973,43160,28388,14772,100000,+0.0102,0.0080,+0.0,+0.0000,NONE,RUNNING
="2026-08-07 20:08:57",64973,150635,28388,122247,100000,+0.0144,0.0080,+0.0,+0.0000,LONG,RUNNING
="2026-08-07 20:08:58",64973,150635,28388,122247,100000,+0.0146,0.0080,+0.0,+0.0000,LONG,RUNNING
="2026-08-07 20:08:59",64974,150635,28388,122247,100000,+0.0146,0.0080,+0.0,+0.0000,LONG,RUNNING
="2026-08-07 20:09:00",64974,150635,28388,122247,100000,+0.0146,0.0080,+0.0,+0.0000,LONG,RUNNING
="2026-08-07 20:09:01",64974,150635,28388,122247,100000,+0.0144,0.0080,+0.0,+0.0000,LONG,RUNNING
="2026-08-07 20:09:02",64974,150635,28388,122247,100000,+0.0146,0.0080,+0.0,+0.0000,LONG,RUNNING
="2026-08-07 20:09:03",64974,150635,28388,122247,100000,+0.0108,0.0080,+0.0,+0.0000,LONG,RUNNING
="2026-08-07 20:09:04",64974,150635,28388,122247,100000,+0.0108,0.0080,+0.0,+0.0000,LONG,RUNNING
="2026-08-07 20:09:05",64974,150635,28388,122247,100000,+0.0108,0.0080,+0.0,+0.0000,LONG,RUNNING
="2026-08-07 20:09:06",64974,150635,28388,122247,100000,+0.0112,0.0080,+0.0,+0.0000,LONG,RUNNING
="2026-08-07 20:09:07",64974,150635,28388,122247,100000,+0.0112,0.0080,+0.0,+0.0000,LONG,RUNNING
="2026-08-07 20:09:08",64974,150635,28388,122247,100000,+0.0113,0.0080,+0.0,+0.0000,LONG,RUNNING
="2026-08-07 20:09:09",64974,135863,28388,107475,100000,+0.0097,0.0080,+0.0,+0.0000,LONG,RUNNING
="2026-08-07 20:09:11",64974,135863,28388,107475,100000,+0.0097,0.0080,+0.0,+0.0000,LONG,RUNNING
="2026-08-07 20:09:12",64974,135863,28388,107475,100000,+0.0099,0.0080,+0.0,+0.0000,LONG,RUNNING
="2026-08-07 20:09:13",64974,135863,28388,107475,100000,+0.0099,0.0080,+0.0,+0.0000,LONG,RUNNING
="2026-08-07 20:09:14",64974,135863,28388,107475,100000,+0.0099,0.0080,+0.0,+0.0000,LONG,RUNNING
="2026-08-07 20:09:15",64974,135863,28388,107475,100000,+0.0104,0.0080,+0.0,+0.0000,LONG,RUNNING
="2026-08-07 20:09:16",64974,135863,28388,107475,100000,+0.0104,0.0080,+0.0,+0.0000,LONG,RUNNING
="2026-08-07 20:09:17",64974,135863,28388,107475,100000,+0.0100,0.0080,+0.0,+0.0000,LONG,RUNNING
="2026-08-07 20:09:18",64974,135863,28388,107475,100000,+0.0100,0.0080,+0.0,+0.0000,LONG,RUNNING
="2026-08-07 20:09:19",64974,135863,28388,107475,100000,+0.0089,0.0080,+0.0,+0.0000,LONG,RUNNING
="2026-08-07 20:09:20",64974,135863,28388,107475,100000,+0.0089,0.0080,+0.0,+0.0000,LONG,RUNNING
="2026-08-07 20:09:21",64974,135863,28388,107475,100000,+0.0087,0.0080,+0.0,+0.0000,LONG,RUNNING
="2026-08-07 20:09:22",64974,135863,28388,107475,100000,+0.0087,0.0080,+0.0,+0.0000,LONG,RUNNING
="2026-08-07 20:09:23",64974,135863,28388,107475,100000,+0.0086,0.0080,+0.0,+0.0000,LONG,RUNNING
="2026-08-07 20:09:24",64974,135863,28388,107475,100000,+0.0086,0.0080,+0.0,+0.0000,LONG,RUNNING
="2026-08-07 20:09:25",64974,135863,28388,107475,100000,+0.0086,0.0080,+0.0,+0.0000,LONG,RUNNING
="2026-08-07 20:09:26",64974,135863,28388,107475,100000,+0.0086,0.0080,+0.0,+0.0000,LONG,RUNNING
="2026-08-07 20:09:27",64974,135863,28388,107475,100000,+0.0118,0.0080,+0.0,+0.0000,LONG,RUNNING
="2026-08-07 20:09:28",64974,135863,28388,107475,100000,+0.0118,0.0080,+0.0,+0.0000,LONG,RUNNING
="2026-08-07 20:09:29",64974,135863,28388,107475,100000,+0.0114,0.0080,+0.0,+0.0000,LONG,RUNNING
="2026-08-07 20:09:30",64974,135863,28388,107475,100000,+0.0114,0.0080,+0.0,+0.0000,LONG,RUNNING
="2026-08-07 20:09:31",64974,135863,28388,107475,100000,+0.0114,0.0080,+0.0,+0.0000,LONG,RUNNING
="2026-08-07 20:09:32",64974,135863,28388,107475,100000,+0.0098,0.0080,+0.0,+0.0000,LONG,RUNNING
="2026-08-07 20:09:33",64974,135863,28388,107475,100000,+0.0098,0.0080,+0.0,+0.0000,LONG,RUNNING
="2026-08-07 20:09:34",64974,135863,28388,107475,100000,+0.0073,0.0080,+0.0,+0.0000,NONE,RUNNING
="2026-08-07 20:09:35",64974,135863,28388,107475,100000,+0.0073,0.0080,+0.0,+0.0000,NONE,RUNNING
="2026-08-07 20:09:36",64974,135863,28388,107475,100000,+0.0073,0.0080,+0.0,+0.0000,NONE,RUNNING
="2026-08-07 20:09:37",64974,135863,28388,107475,100000,+0.0075,0.0080,+0.0,+0.0000,NONE,RUNNING
="2026-08-07 20:09:38",64974,135863,28388,107475,100000,+0.0074,0.0080,+0.0,+0.0000,NONE,RUNNING
="2026-08-07 20:09:39",64974,135863,28388,107475,100000,+0.0071,0.0080,+0.0,+0.0000,NONE,RUNNING
="2026-08-07 20:09:40",64974,135863,28388,107475,100000,+0.0071,0.0080,+0.0,+0.0000,NONE,RUNNING
="2026-08-07 20:09:41",64974,135863,28388,107475,100000,+0.0073,0.0080,+0.0,+0.0000,NONE,RUNNING
="2026-08-07 20:09:42",64974,135863,28388,107475,100000,+0.0073,0.0080,+0.0,+0.0000,NONE,RUNNING
="2026-08-07 20:09:43",64974,135863,28388,107475,100000,+0.0099,0.0080,+0.0,+0.0000,LONG,RUNNING
="2026-08-07 20:09:44",64974,107475,0,107475,100000,+0.0100,0.0080,+0.0,+0.0000,LONG,RUNNING
="2026-08-07 20:09:45",64974,107475,0,107475,100000,+0.0100,0.0080,+0.0,+0.0000,LONG,RUNNING
="2026-08-07 20:09:46",64974,107475,0,107475,100000,+0.0100,0.0080,+0.0,+0.0000,LONG,RUNNING
="2026-08-07 20:09:47",64974,107475,0,107475,100000,+0.0100,0.0080,+0.0,+0.0000,LONG,RUNNING
="2026-08-07 20:09:48",64976,107475,0,107475,100000,+0.0093,0.0080,+0.0,+0.0000,LONG,RUNNING
="2026-08-07 20:09:49",64976,107475,0,107475,100000,+0.0093,0.0080,+0.0,+0.0000,LONG,RUNNING
="2026-08-07 20:09:50",64976,107475,0,107475,100000,+0.0093,0.0080,+0.0,+0.0000,LONG,RUNNING
="2026-08-07 20:09:51",64976,107475,0,107475,100000,+0.0125,0.0080,+0.0,+0.0000,LONG,RUNNING
="2026-08-07 20:09:52",64976,107475,0,107475,100000,+0.0125,0.0080,+0.0,+0.0000,LONG,RUNNING
="2026-08-07 20:09:53",64975,107475,0,107475,100000,+0.0123,0.0080,+0.0,+0.0000,LONG,RUNNING
="2026-08-07 20:09:54",64975,107475,0,107475,100000,+0.0123,0.0080,+0.0,+0.0000,LONG,RUNNING
="2026-08-07 20:09:55",64975,107475,0,107475,100000,+0.0121,0.0080,+0.0,+0.0000,LONG,RUNNING
="2026-08-07 20:09:56",64976,107475,0,107475,100000,+0.0083,0.0080,+0.0,+0.0000,LONG,RUNNING
="2026-08-07 20:09:57",64975,107475,0,107475,100000,+0.0083,0.0080,+0.0,+0.0000,LONG,RUNNING
="2026-08-07 20:09:58",64976,0,0,0,100000,+0.0111,0.0080,+0.0,+0.0000,NONE,RUNNING
="2026-08-07 20:09:59",64976,0,0,0,100000,+0.0111,0.0080,+0.0,+0.0000,NONE,RUNNING
="2026-08-07 20:10:00",64976,0,0,0,100000,+0.0095,0.0080,+0.0,+0.0000,NONE,RUNNING
="2026-08-07 20:10:01",64976,0,0,0,100000,+0.0095,0.0080,+0.0,+0.0000,NONE,RUNNING
="2026-08-07 20:10:02",64976,0,0,0,100000,+0.0093,0.0080,+0.0,+0.0000,NONE,RUNNING
="2026-08-07 20:10:03",64976,0,0,0,100000,+0.0093,0.0080,+0.0,+0.0000,NONE,RUNNING
="2026-08-07 20:10:04",64976,0,0,0,100000,+0.0094,0.0080,+0.0,+0.0000,NONE,RUNNING
="2026-08-07 20:10:05",64976,0,0,0,100000,+0.0094,0.0080,+0.0,+0.0000,NONE,RUNNING
="2026-08-07 20:10:06",64976,0,0,0,100000,+0.0086,0.0080,+0.0,+0.0000,NONE,RUNNING
="2026-08-07 20:10:07",64976,0,0,0,100000,+0.0087,0.0080,+0.0,+0.0000,NONE,RUNNING
="2026-08-07 20:10:08",64976,0,0,0,100000,+0.0087,0.0080,+0.0,+0.0000,NONE,RUNNING
="2026-08-07 20:10:09",64976,0,0,0,100000,+0.0085,0.0080,+0.0,+0.0000,NONE,RUNNING
="2026-08-07 20:10:10",64976,0,0,0,100000,+0.0089,0.0080,+0.0,+0.0000,NONE,RUNNING
="2026-08-07 20:10:11",64976,0,0,0,100000,+0.0088,0.0080,+0.0,+0.0000,NONE,RUNNING
="2026-08-07 20:10:12",64976,0,0,0,100000,+0.0088,0.0080,+0.0,+0.0000,NONE,RUNNING
="2026-08-07 20:10:13",64976,0,0,0,100000,+0.0078,0.0080,+0.0,+0.0000,NONE,RUNNING
="2026-08-07 20:10:14",64976,150007,150007,0,100000,+0.0073,0.0080,+0.0,+0.0000,NONE,RUNNING
="2026-08-07 20:10:15",64976,150007,150007,0,100000,+0.0073,0.0080,+0.0,+0.0000,NONE,RUNNING
="2026-08-07 20:10:16",64976,150007,150007,0,100000,+0.0076,0.0080,+0.0,+0.0000,NONE,RUNNING
="2026-08-07 20:10:17",64977,150007,150007,0,100000,+0.0076,0.0080,+0.0,+0.0000,NONE,RUNNING
="2026-08-07 20:10:18",64977,150007,150007,0,100000,+0.0087,0.0080,+0.0,+0.0000,SHORT,RUNNING
="2026-08-07 20:10:19",64977,150007,150007,0,100000,+0.0089,0.0080,+0.0,+0.0000,SHORT,RUNNING
="2026-08-07 20:10:20",64977,150007,150007,0,100000,+0.0092,0.0080,+0.0,+0.0000,SHORT,RUNNING
="2026-08-07 20:10:21",64977,150007,150007,0,100000,+0.0092,0.0080,+0.0,+0.0000,SHORT,RUNNING
="2026-08-07 20:10:22",64976,150007,150007,0,100000,+0.0093,0.0080,+0.0,+0.0000,SHORT,RUNNING
="2026-08-07 20:10:23",64976,150007,150007,0,100000,+0.0093,0.0080,+0.0,+0.0000,SHORT,RUNNING
="2026-08-07 20:10:24",64976,150007,150007,0,100000,+0.0093,0.0080,+0.0,+0.0000,SHORT,RUNNING
="2026-08-07 20:10:25",64976,150007,150007,0,100000,+0.0093,0.0080,+0.0,+0.0000,SHORT,RUNNING
="2026-08-07 20:10:26",64976,150007,150007,0,100000,+0.0093,0.0080,+0.0,+0.0000,SHORT,RUNNING
="2026-08-07 20:10:27",64976,150007,150007,0,100000,+0.0061,0.0080,+0.0,+0.0000,NONE,RUNNING
="2026-08-07 20:10:28",64977,150007,150007,0,100000,+0.0064,0.0080,+0.0,+0.0000,NONE,RUNNING
="2026-08-07 20:10:29",64977,150007,150007,0,100000,+0.0064,0.0080,+0.0,+0.0000,NONE,RUNNING
="2026-08-07 20:10:30",64977,150007,150007,0,100000,+0.0064,0.0080,+0.0,+0.0000,NONE,RUNNING
="2026-08-07 20:10:31",64977,150007,150007,0,100000,+0.0078,0.0080,+0.0,+0.0000,NONE,RUNNING
="2026-08-07 20:10:32",64977,150007,150007,0,100000,+0.0078,0.0080,+0.0,+0.0000,NONE,RUNNING
="2026-08-07 20:10:33",64977,150007,150007,0,100000,+0.0102,0.0080,+0.0,+0.0000,SHORT,RUNNING
="2026-08-07 20:10:34",64977,150007,150007,0,100000,+0.0104,0.0080,+0.0,+0.0000,SHORT,RUNNING
="2026-08-07 20:10:35",64977,150007,150007,0,100000,+0.0104,0.0080,+0.0,+0.0000,SHORT,RUNNING
="2026-08-07 20:10:36",64977,150007,150007,0,100000,+0.0101,0.0080,+0.0,+0.0000,SHORT,RUNNING
="2026-08-07 20:10:37",64977,150007,150007,0,100000,+0.0101,0.0080,+0.0,+0.0000,SHORT,RUNNING
="2026-08-07 20:10:38",64977,150007,150007,0,100000,+0.0107,0.0080,+0.0,+0.0000,SHORT,RUNNING
="2026-08-07 20:10:39",64977,150007,150007,0,100000,+0.0110,0.0080,+0.0,+0.0000,SHORT,RUNNING
="2026-08-07 20:10:40",64977,150007,150007,0,100000,+0.0107,0.0080,+0.0,+0.0000,SHORT,RUNNING
="2026-08-07 20:10:41",64977,150007,150007,0,100000,+0.0107,0.0080,+0.0,+0.0000,SHORT,RUNNING
="2026-08-07 20:10:42",64977,150007,150007,0,100000,+0.0081,0.0080,+0.0,+0.0000,SHORT,RUNNING
="2026-08-07 20:10:43",64977,150007,150007,0,100000,+0.0089,0.0080,+0.0,+0.0000,SHORT,RUNNING
="2026-08-07 20:10:44",64977,150007,150007,0,100000,+0.0089,0.0080,+0.0,+0.0000,SHORT,RUNNING
="2026-08-07 20:10:45",64977,150007,150007,0,100000,+0.0089,0.0080,+0.0,+0.0000,SHORT,RUNNING
="2026-08-07 20:10:46",64977,150007,150007,0,100000,+0.0090,0.0080,+0.0,+0.0000,SHORT,RUNNING
="2026-08-07 20:10:47",64977,150007,150007,0,100000,+0.0090,0.0080,+0.0,+0.0000,SHORT,RUNNING
="2026-08-07 20:10:48",64977,150007,150007,0,100000,+0.0086,0.0080,+0.0,+0.0000,SHORT,RUNNING
="2026-08-07 20:10:49",64977,150007,150007,0,100000,+0.0087,0.0080,+0.0,+0.0000,SHORT,RUNNING
="2026-08-07 20:10:50",64977,150007,150007,0,100000,+0.0087,0.0080,+0.0,+0.0000,SHORT,RUNNING
="2026-08-07 20:10:51",64977,150007,150007,0,100000,+0.0043,0.0080,+0.0,+0.0000,NONE,RUNNING
="2026-08-07 20:10:52",64977,150007,150007,0,100000,+0.0043,0.0080,+0.0,+0.0000,NONE,RUNNING
="2026-08-07 20:10:54",64977,150007,150007,0,100000,+0.0045,0.0080,+0.0,+0.0000,NONE,RUNNING
="2026-08-07 20:10:55",64977,150007,150007,0,100000,+0.0045,0.0080,+0.0,+0.0000,NONE,RUNNING
="2026-08-07 20:10:56",64977,150007,150007,0,100000,+0.0048,0.0080,+0.0,+0.0000,NONE,RUNNING
="2026-08-07 20:10:57",64977,150007,150007,0,100000,+0.0048,0.0080,+0.0,+0.0000,NONE,RUNNING
="2026-08-07 20:10:58",64977,150007,150007,0,100000,+0.0048,0.0080,+0.0,+0.0000,NONE,RUNNING
="2026-08-07 20:10:59",64977,150007,150007,0,100000,+0.0027,0.0080,+0.0,+0.0000,NONE,RUNNING
="2026-08-07 20:11:00",64977,150007,150007,0,100000,+0.0027,0.0080,+0.0,+0.0000,NONE,RUNNING
="2026-08-07 20:11:01",64977,150007,150007,0,100000,+0.0027,0.0080,+0.0,+0.0000,NONE,RUNNING
="2026-08-07 20:11:02",64977,150007,150007,0,100000,+0.0043,0.0080,+0.0,+0.0000,NONE,RUNNING
="2026-08-07 20:11:03",64977,150007,150007,0,100000,+0.0047,0.0080,+0.0,+0.0000,NONE,RUNNING
="2026-08-07 20:11:04",64976,150007,150007,0,100000,+0.0046,0.0080,+0.0,+0.0000,NONE,RUNNING
="2026-08-07 20:11:05",64977,150007,150007,0,100000,+0.0046,0.0080,+0.0,+0.0000,NONE,RUNNING
="2026-08-07 20:11:06",64976,150007,150007,0,100000,+0.0046,0.0080,+0.0,+0.0000,NONE,RUNNING
="2026-08-07 20:11:07",64976,216178,216178,0,100000,+0.0046,0.0080,+0.0,+0.0000,NONE,RUNNING
="2026-08-07 20:11:08",64977,216178,216178,0,100000,-0.0109,0.0080,+0.0,+0.0000,SHORT,RUNNING
="2026-08-07 20:11:09",64977,216178,216178,0,100000,-0.0109,0.0080,+0.0,+0.0000,SHORT,RUNNING
="2026-08-07 20:11:10",64977,216178,216178,0,100000,-0.0113,0.0080,+0.0,+0.0000,SHORT,RUNNING
="2026-08-07 20:11:11",64976,216178,216178,0,100000,-0.0114,0.0080,+0.0,+0.0000,SHORT,RUNNING
="2026-08-07 20:11:12",64977,216178,216178,0,100000,-0.0114,0.0080,+0.0,+0.0000,SHORT,RUNNING
="2026-08-07 20:11:13",64976,216178,216178,0,100000,-0.0114,0.0080,+0.0,+0.0000,SHORT,RUNNING
="2026-08-07 20:11:14",64977,216178,216178,0,100000,-0.0104,0.0080,+0.0,+0.0000,SHORT,RUNNING
="2026-08-07 20:11:15",64977,66170,66170,0,100000,-0.0106,0.0080,+0.0,+0.0000,NONE,RUNNING
="2026-08-07 20:11:16",64976,66170,66170,0,100000,-0.0109,0.0080,+0.0,+0.0000,NONE,RUNNING
="2026-08-07 20:11:17",64976,66170,66170,0,100000,-0.0109,0.0080,+0.0,+0.0000,NONE,RUNNING
="2026-08-07 20:11:18",64976,66170,66170,0,100000,-0.0109,0.0080,+0.0,+0.0000,NONE,RUNNING
="2026-08-07 20:11:19",64977,66170,66170,0,100000,-0.0109,0.0080,+0.0,+0.0000,NONE,RUNNING
="2026-08-07 20:11:20",64976,66170,66170,0,100000,-0.0102,0.0080,+0.0,+0.0000,NONE,RUNNING
="2026-08-07 20:11:21",64977,66170,66170,0,100000,-0.0102,0.0080,+0.0,+0.0000,NONE,RUNNING
="2026-08-07 20:11:22",64977,66170,66170,0,100000,-0.0102,0.0080,+0.0,+0.0000,NONE,RUNNING
="2026-08-07 20:11:23",64977,66170,66170,0,100000,-0.0105,0.0080,+0.0,+0.0000,NONE,RUNNING
="2026-08-07 20:11:24",64976,253285,253285,0,100000,-0.0105,0.0080,+0.0,+0.0000,SHORT,RUNNING
="2026-08-07 20:11:25",64968,253285,253285,0,100000,-0.0105,0.0080,+0.0,+0.0000,SHORT,RUNNING
="2026-08-07 20:11:26",64968,253285,253285,0,100000,-0.0016,0.0080,+0.0,+0.0000,NONE,RUNNING
="2026-08-07 20:11:27",64968,253285,253285,0,100000,-0.0016,0.0080,+0.0,+0.0000,NONE,RUNNING
="2026-08-07 20:11:28",64968,253285,253285,0,100000,-0.0016,0.0080,+0.0,+0.0000,NONE,RUNNING
="2026-08-07 20:11:29",64968,253285,253285,0,100000,-0.0019,0.0080,+0.0,+0.0000,NONE,RUNNING
="2026-08-07 20:11:30",64968,253285,253285,0,100000,-0.0019,0.0080,+0.0,+0.0000,NONE,RUNNING
="2026-08-07 20:11:31",64968,253285,253285,0,100000,-0.0033,0.0080,+0.0,+0.0000,NONE,RUNNING
="2026-08-07 20:11:32",64968,253285,253285,0,100000,-0.0042,0.0080,+0.0,+0.0000,NONE,RUNNING
="2026-08-07 20:11:33",64968,253285,253285,0,100000,-0.0042,0.0080,+0.0,+0.0000,NONE,RUNNING
="2026-08-07 20:11:34",64968,253285,253285,0,100000,-0.0043,0.0080,+0.0,+0.0000,NONE,RUNNING
="2026-08-07 20:11:35",64968,272347,272347,0,100000,-0.0043,0.0080,+0.0,+0.0000,NONE,RUNNING
="2026-08-07 20:11:36",64968,272347,272347,0,100000,-0.0054,0.0080,+0.0,+0.0000,NONE,RUNNING
="2026-08-07 20:11:37",64968,272347,272347,0,100000,-0.0060,0.0080,+0.0,+0.0000,NONE,RUNNING
="2026-08-07 20:11:38",64968,272347,272347,0,100000,-0.0060,0.0080,+0.0,+0.0000,NONE,RUNNING
="2026-08-07 20:11:39",64968,272347,272347,0,100000,-0.0060,0.0080,+0.0,+0.0000,NONE,RUNNING
="2026-08-07 20:11:40",64968,272347,272347,0,100000,-0.0057,0.0080,+0.0,+0.0000,NONE,RUNNING
="2026-08-07 20:11:41",64968,272347,272347,0,100000,-0.0057,0.0080,+0.0,+0.0000,NONE,RUNNING
="2026-08-07 20:11:42",64968,272347,272347,0,100000,-0.0062,0.0080,+0.0,+0.0000,NONE,RUNNING
="2026-08-07 20:11:43",64968,383989,383989,0,100000,-0.0062,0.0080,+0.0,+0.0000,NONE,RUNNING
="2026-08-07 20:11:44",64968,383989,383989,0,100000,-0.0071,0.0080,+0.0,+0.0000,NONE,RUNNING
="2026-08-07 20:11:45",64968,383989,383989,0,100000,-0.0073,0.0080,+0.0,+0.0000,NONE,RUNNING
="2026-08-07 20:11:46",64968,383989,383989,0,100000,-0.0073,0.0080,+0.0,+0.0000,NONE,RUNNING
="2026-08-07 20:11:47",64968,383989,383989,0,100000,-0.0074,0.0080,+0.0,+0.0000,NONE,RUNNING
="2026-08-07 20:11:48",64968,383989,383989,0,100000,-0.0081,0.0080,+0.0,+0.0000,SHORT,RUNNING
="2026-08-07 20:11:49",64968,383989,383989,0,100000,-0.0081,0.0080,+0.0,+0.0000,SHORT,RUNNING
="2026-08-07 20:11:50",64968,461952,383989,77962,100000,-0.0081,0.0080,+0.0,+0.0000,SHORT,RUNNING
="2026-08-07 20:11:51",64968,461952,383989,77962,100000,-0.0081,0.0080,+0.0,+0.0000,SHORT,RUNNING
="2026-08-07 20:11:52",64968,461952,383989,77962,100000,-0.0081,0.0080,+0.0,+0.0000,SHORT,RUNNING
="2026-08-07 20:11:53",64968,461952,383989,77962,100000,-0.0083,0.0080,+0.0,+0.0000,SHORT,RUNNING
="2026-08-07 20:11:54",64968,461952,383989,77962,100000,-0.0091,0.0080,+0.0,+0.0000,SHORT,RUNNING
="2026-08-07 20:11:55",64968,461952,383989,77962,100000,-0.0091,0.0080,+0.0,+0.0000,SHORT,RUNNING
="2026-08-07 20:11:56",64968,461952,383989,77962,100000,-0.0091,0.0080,+0.0,+0.0000,SHORT,RUNNING
="2026-08-07 20:11:57",64968,461952,383989,77962,100000,-0.0080,0.0080,+0.0,+0.0000,SHORT,RUNNING
="2026-08-07 20:11:58",64968,461952,383989,77962,100000,-0.0080,0.0080,+0.0,+0.0000,SHORT,RUNNING
="2026-08-07 20:11:59",64968,461952,383989,77962,100000,-0.0085,0.0080,+0.0,+0.0000,SHORT,RUNNING
="2026-08-07 20:12:00",64968,461952,383989,77962,100000,-0.0082,0.0080,+0.0,+0.0000,SHORT,RUNNING
="2026-08-07 20:12:01",64968,461952,383989,77962,100000,-0.0082,0.0080,+0.0,+0.0000,SHORT,RUNNING
="2026-08-07 20:12:02",64968,461952,383989,77962,100000,-0.0086,0.0080,+0.0,+0.0000,SHORT,RUNNING
="2026-08-07 20:12:03",64968,461952,383989,77962,100000,-0.0086,0.0080,+0.0,+0.0000,SHORT,RUNNING
="2026-08-07 20:12:04",64968,482204,383989,98215,100000,-0.0086,0.0080,+0.0,+0.0000,SHORT,RUNNING
="2026-08-07 20:12:05",64970,482204,383989,98215,100000,-0.0086,0.0080,+0.0,+0.0000,SHORT,RUNNING
="2026-08-07 20:12:06",64970,416034,317818,98215,100000,-0.0132,0.0080,+0.0,+0.0000,SHORT,RUNNING
="2026-08-07 20:12:07",64970,416034,317818,98215,100000,+0.0023,0.0080,+0.0,+0.0000,NONE,RUNNING
="2026-08-07 20:12:08",64970,416034,317818,98215,100000,+0.0023,0.0080,+0.0,+0.0000,NONE,RUNNING
="2026-08-07 20:12:09",64971,416034,317818,98215,100000,+0.0023,0.0080,+0.0,+0.0000,NONE,RUNNING
="2026-08-07 20:12:10",64971,416034,317818,98215,100000,+0.0021,0.0080,+0.0,+0.0000,NONE,RUNNING
="2026-08-07 20:12:11",64971,416034,317818,98215,100000,+0.0021,0.0080,+0.0,+0.0000,NONE,RUNNING
="2026-08-07 20:12:12",64971,416034,317818,98215,100000,+0.0023,0.0080,+0.0,+0.0000,NONE,RUNNING
="2026-08-07 20:12:13",64971,416034,317818,98215,100000,+0.0023,0.0080,+0.0,+0.0000,NONE,RUNNING
="2026-08-07 20:12:14",64971,416034,317818,98215,100000,+0.0025,0.0080,+0.0,+0.0000,NONE,RUNNING
="2026-08-07 20:12:15",64971,416034,317818,98215,100000,+0.0025,0.0080,+0.0,+0.0000,NONE,RUNNING
="2026-08-07 20:12:16",64971,416034,317818,98215,100000,+0.0030,0.0080,+0.0,+0.0000,NONE,RUNNING
="2026-08-07 20:12:17",64971,416034,317818,98215,100000,+0.0030,0.0080,+0.0,+0.0000,NONE,RUNNING
="2026-08-07 20:12:18",64971,416034,317818,98215,100000,+0.0002,0.0080,+0.0,+0.0000,NONE,RUNNING
="2026-08-07 20:12:19",64971,416034,317818,98215,100000,+0.0002,0.0080,+0.0,+0.0000,NONE,RUNNING
="2026-08-07 20:12:21",64971,416034,317818,98215,100000,-0.0007,0.0080,+0.0,+0.0000,NONE,RUNNING
="2026-08-07 20:12:22",64971,416034,317818,98215,100000,+0.0023,0.0080,+0.0,+0.0000,NONE,RUNNING
="2026-08-07 20:12:23",64971,442033,317818,124214,100000,+0.0023,0.0080,+0.0,+0.0000,NONE,RUNNING
="2026-08-07 20:12:24",64971,442033,317818,124214,100000,+0.0024,0.0080,+0.0,+0.0000,NONE,RUNNING
="2026-08-07 20:12:25",64971,254919,130704,124214,100000,+0.0026,0.0080,+0.0,+0.0000,NONE,RUNNING
="2026-08-07 20:12:26",64971,254919,130704,124214,100000,+0.0026,0.0080,+0.0,+0.0000,NONE,RUNNING
="2026-08-07 20:12:27",64971,254919,130704,124214,100000,-0.0063,0.0080,+0.0,+0.0000,NONE,RUNNING
="2026-08-07 20:12:28",64971,254919,130704,124214,100000,-0.0058,0.0080,+0.0,+0.0000,NONE,RUNNING
="2026-08-07 20:12:29",64970,269905,145690,124214,100000,-0.0058,0.0080,+0.0,+0.0000,NONE,RUNNING
="2026-08-07 20:12:30",64970,269905,145690,124214,100000,-0.0058,0.0080,+0.0,+0.0000,NONE,RUNNING
="2026-08-07 20:12:31",64970,269905,145690,124214,100000,-0.0058,0.0080,+0.0,+0.0000,NONE,RUNNING
="2026-08-07 20:12:32",64970,269905,145690,124214,100000,-0.0015,0.0080,+0.0,+0.0000,NONE,RUNNING
="2026-08-07 20:12:33",64970,269905,145690,124214,100000,-0.0015,0.0080,+0.0,+0.0000,NONE,RUNNING
="2026-08-07 20:12:34",64970,302617,178402,124214,100000,-0.0015,0.0080,+0.0,+0.0000,NONE,RUNNING
="2026-08-07 20:12:35",64970,283555,159340,124214,100000,-0.0015,0.0080,+0.0,+0.0000,NONE,RUNNING
="2026-08-07 20:12:36",64970,283555,159340,124214,100000,-0.0004,0.0080,+0.0,+0.0000,NONE,RUNNING
="2026-08-07 20:12:37",64970,283555,159340,124214,100000,-0.0004,0.0080,+0.0,+0.0000,NONE,RUNNING
="2026-08-07 20:12:38",64965,322739,198524,124214,100000,-0.0006,0.0080,+0.0,+0.0000,NONE,RUNNING
="2026-08-07 20:12:39",64965,322739,198524,124214,100000,-0.0006,0.0080,+0.0,+0.0000,NONE,RUNNING
="2026-08-07 20:12:40",64965,322739,198524,124214,100000,-0.0008,0.0080,+0.0,+0.0000,NONE,RUNNING
="2026-08-07 20:12:41",64965,322739,198524,124214,100000,-0.0008,0.0080,+0.0,+0.0000,NONE,RUNNING
="2026-08-07 20:12:42",64965,322739,198524,124214,100000,-0.0008,0.0080,+0.0,+0.0000,NONE,RUNNING
="2026-08-07 20:12:43",64965,322739,198524,124214,100000,-0.0003,0.0080,+0.0,+0.0000,NONE,RUNNING
="2026-08-07 20:12:44",64965,211097,86882,124214,100000,-0.0076,0.0080,+0.0,+0.0000,NONE,RUNNING
="2026-08-07 20:12:45",64965,211097,86882,124214,100000,-0.0073,0.0080,+0.0,+0.0000,NONE,RUNNING
="2026-08-07 20:12:46",64965,211097,86882,124214,100000,-0.0132,0.0080,+0.0,+0.0000,LONG,RUNNING
="2026-08-07 20:12:47",64965,211097,86882,124214,100000,-0.0132,0.0080,+0.0,+0.0000,LONG,RUNNING
="2026-08-07 20:12:48",64965,211097,86882,124214,100000,-0.0125,0.0080,+0.0,+0.0000,LONG,RUNNING
="2026-08-07 20:12:49",64965,211097,86882,124214,100000,-0.0125,0.0080,+0.0,+0.0000,LONG,RUNNING
="2026-08-07 20:12:50",64965,133134,86882,46252,100000,-0.0125,0.0080,+0.0,+0.0000,SHORT,RUNNING
="2026-08-07 20:12:51",64965,133134,86882,46252,100000,-0.0125,0.0080,+0.0,+0.0000,SHORT,RUNNING
="2026-08-07 20:12:52",64965,133134,86882,46252,100000,-0.0117,0.0080,+0.0,+0.0000,SHORT,RUNNING
="2026-08-07 20:12:53",64965,133134,86882,46252,100000,-0.0117,0.0080,+0.0,+0.0000,SHORT,RUNNING
="2026-08-07 20:12:54",64962,148734,102482,46252,100000,-0.0117,0.0080,+0.0,+0.0000,SHORT,RUNNING
="2026-08-07 20:12:55",64962,148734,102482,46252,100000,-0.0109,0.0080,+0.0,+0.0000,SHORT,RUNNING
="2026-08-07 20:12:56",64962,148734,102482,46252,100000,-0.0109,0.0080,+0.0,+0.0000,SHORT,RUNNING
="2026-08-07 20:12:57",64962,148734,102482,46252,100000,-0.0121,0.0080,+0.0,+0.0000,SHORT,RUNNING
="2026-08-07 20:12:58",64962,148734,102482,46252,100000,-0.0121,0.0080,+0.0,+0.0000,SHORT,RUNNING
="2026-08-07 20:12:59",64962,148734,102482,46252,100000,-0.0087,0.0080,+0.0,+0.0000,SHORT,RUNNING
="2026-08-07 20:13:00",64962,148734,102482,46252,100000,-0.0090,0.0080,+0.0,+0.0000,SHORT,RUNNING
="2026-08-07 20:13:01",64962,148734,102482,46252,100000,-0.0083,0.0080,+0.0,+0.0000,SHORT,RUNNING
="2026-08-07 20:13:02",64962,148734,102482,46252,100000,-0.0083,0.0080,+0.0,+0.0000,SHORT,RUNNING
="2026-08-07 20:13:03",64962,148734,102482,46252,100000,-0.0082,0.0080,+0.0,+0.0000,SHORT,RUNNING
="2026-08-07 20:13:04",64962,128481,102482,25999,100000,-0.0082,0.0080,+0.0,+0.0000,SHORT,RUNNING
="2026-08-07 20:13:05",64962,149878,123878,25999,100000,-0.0082,0.0080,+0.0,+0.0000,SHORT,RUNNING
="2026-08-07 20:13:06",64959,149878,123878,25999,100000,-0.0036,0.0080,+0.0,+0.0000,NONE,RUNNING
="2026-08-07 20:13:07",64959,149878,123878,25999,100000,-0.0036,0.0080,+0.0,+0.0000,NONE,RUNNING
="2026-08-07 20:13:08",64959,149878,123878,25999,100000,-0.0084,0.0080,+0.0,+0.0000,SHORT,RUNNING
="2026-08-07 20:13:09",64959,149878,123878,25999,100000,-0.0082,0.0080,+0.0,+0.0000,SHORT,RUNNING
="2026-08-07 20:13:10",64959,149878,123878,25999,100000,-0.0082,0.0080,+0.0,+0.0000,SHORT,RUNNING
="2026-08-07 20:13:11",64959,149878,123878,25999,100000,-0.0082,0.0080,+0.0,+0.0000,SHORT,RUNNING
="2026-08-07 20:13:12",64959,149878,123878,25999,100000,-0.0082,0.0080,+0.0,+0.0000,SHORT,RUNNING
="2026-08-07 20:13:13",64958,164688,138689,25999,100000,-0.0062,0.0080,+0.0,+0.0000,NONE,RUNNING
="2026-08-07 20:13:14",64956,164688,138689,25999,100000,-0.0062,0.0080,+0.0,+0.0000,NONE,RUNNING
="2026-08-07 20:13:15",64956,164688,138689,25999,100000,-0.0067,0.0080,+0.0,+0.0000,NONE,RUNNING
="2026-08-07 20:13:16",64956,164688,138689,25999,100000,-0.0067,0.0080,+0.0,+0.0000,NONE,RUNNING
="2026-08-07 20:13:17",64956,164688,138689,25999,100000,+0.0142,0.0080,+0.0,+0.0000,SHORT,RUNNING
="2026-08-07 20:13:18",64956,164688,138689,25999,100000,+0.0170,0.0080,+0.0,+0.0000,SHORT,RUNNING
="2026-08-07 20:13:19",64956,164688,138689,25999,100000,+0.0170,0.0080,+0.0,+0.0000,SHORT,RUNNING
="2026-08-07 20:13:20",64955,164688,138689,25999,100000,+0.0171,0.0080,+0.0,+0.0000,SHORT,RUNNING
="2026-08-07 20:13:21",64955,164688,138689,25999,100000,+0.0141,0.0080,+0.0,+0.0000,SHORT,RUNNING
="2026-08-07 20:13:22",64955,164688,138689,25999,100000,+0.0141,0.0080,+0.0,+0.0000,SHORT,RUNNING
="2026-08-07 20:13:23",64963,588458,138689,449769,100000,+0.0168,0.0080,+0.0,+0.0000,LONG,RUNNING
="2026-08-07 20:13:24",64962,588458,138689,449769,100000,+0.0166,0.0080,+0.0,+0.0000,LONG,RUNNING
="2026-08-07 20:13:25",64963,588458,138689,449769,100000,+0.0166,0.0080,+0.0,+0.0000,LONG,RUNNING
="2026-08-07 20:13:26",64962,588458,138689,449769,100000,+0.0294,0.0080,+0.0,+0.0000,LONG,RUNNING
="2026-08-07 20:13:27",64962,588458,138689,449769,100000,+0.0289,0.0080,+0.0,+0.0000,LONG,RUNNING
="2026-08-07 20:13:28",64963,573472,123702,449769,100000,+0.0289,0.0080,+0.0,+0.0000,LONG,RUNNING
="2026-08-07 20:13:29",64963,573472,123702,449769,100000,+0.0226,0.0080,+0.0,+0.0000,LONG,RUNNING
="2026-08-07 20:13:30",64963,573472,123702,449769,100000,+0.0192,0.0080,+0.0,+0.0000,LONG,RUNNING
="2026-08-07 20:13:31",64963,573472,123702,449769,100000,+0.0192,0.0080,+0.0,+0.0000,LONG,RUNNING
="2026-08-07 20:13:32",64963,573472,123702,449769,100000,+0.0192,0.0080,+0.0,+0.0000,LONG,RUNNING
="2026-08-07 20:13:33",64963,573472,123702,449769,100000,+0.0193,0.0080,+0.0,+0.0000,LONG,RUNNING
="2026-08-07 20:13:34",64963,540760,90990,449769,100000,+0.0193,0.0080,+0.0,+0.0000,LONG,RUNNING
="2026-08-07 20:13:35",64963,540760,90990,449769,100000,+0.0193,0.0080,+0.0,+0.0000,LONG,RUNNING
="2026-08-07 20:13:36",64963,540760,90990,449769,100000,+0.0194,0.0080,+0.0,+0.0000,LONG,RUNNING
="2026-08-07 20:13:37",64963,501575,51806,449769,100000,+0.0194,0.0080,+0.0,+0.0000,LONG,RUNNING
="2026-08-07 20:13:38",64963,501575,51806,449769,100000,+0.0204,0.0080,+0.0,+0.0000,LONG,RUNNING
="2026-08-07 20:13:39",64967,501575,51806,449769,100000,+0.0204,0.0080,+0.0,+0.0000,LONG,RUNNING
="2026-08-07 20:13:40",64967,501575,51806,449769,100000,+0.0206,0.0080,+0.0,+0.0000,LONG,RUNNING
="2026-08-07 20:13:41",64967,501575,51806,449769,100000,+0.0206,0.0080,+0.0,+0.0000,LONG,RUNNING
="2026-08-07 20:13:42",64967,501575,51806,449769,100000,+0.0279,0.0080,+0.0,+0.0000,LONG,RUNNING
="2026-08-07 20:13:43",64967,501575,51806,449769,100000,+0.0279,0.0080,+0.0,+0.0000,LONG,RUNNING
="2026-08-07 20:13:44",64967,501575,51806,449769,100000,+0.0269,0.0080,+0.0,+0.0000,LONG,RUNNING
="2026-08-07 20:13:45",64967,501575,51806,449769,100000,+0.0269,0.0080,+0.0,+0.0000,LONG,RUNNING
="2026-08-07 20:13:46",64967,501575,51806,449769,100000,+0.0328,0.0080,+0.0,+0.0000,LONG,RUNNING
="2026-08-07 20:13:47",64967,501575,51806,449769,100000,+0.0328,0.0080,+0.0,+0.0000,LONG,RUNNING
="2026-08-07 20:13:48",64967,501575,51806,449769,100000,+0.0328,0.0080,+0.0,+0.0000,LONG,RUNNING
="2026-08-07 20:13:49",64967,501575,51806,449769,100000,+0.0328,0.0080,+0.0,+0.0000,LONG,RUNNING
="2026-08-07 20:13:50",64967,560437,110667,449769,100000,+0.0330,0.0080,+0.0,+0.0000,LONG,RUNNING
="2026-08-07 20:13:51",64967,560437,110667,449769,100000,+0.0330,0.0080,+0.0,+0.0000,LONG,RUNNING
="2026-08-07 20:13:52",64967,560437,110667,449769,100000,+0.0322,0.0080,+0.0,+0.0000,LONG,RUNNING
="2026-08-07 20:13:53",64967,544837,95067,449769,100000,+0.0322,0.0080,+0.0,+0.0000,LONG,RUNNING
="2026-08-07 20:13:54",64967,544837,95067,449769,100000,+0.0322,0.0080,+0.0,+0.0000,LONG,RUNNING
="2026-08-07 20:13:55",64966,544837,95067,449769,100000,+0.0322,0.0080,+0.0,+0.0000,LONG,RUNNING
="2026-08-07 20:13:56",64966,544837,95067,449769,100000,+0.0322,0.0080,+0.0,+0.0000,LONG,RUNNING
="2026-08-07 20:13:57",64966,544837,95067,449769,100000,+0.0323,0.0080,+0.0,+0.0000,LONG,RUNNING
="2026-08-07 20:13:58",64966,544837,95067,449769,100000,+0.0289,0.0080,+0.0,+0.0000,LONG,RUNNING
="2026-08-07 20:13:59",64966,544837,95067,449769,100000,+0.0289,0.0080,+0.0,+0.0000,LONG,RUNNING
="2026-08-07 20:14:01",64966,544837,95067,449769,100000,+0.0286,0.0080,+0.0,+0.0000,LONG,RUNNING
="2026-08-07 20:14:02",64966,544837,95067,449769,100000,+0.0278,0.0080,+0.0,+0.0000,LONG,RUNNING
="2026-08-07 20:14:03",64966,544837,95067,449769,100000,+0.0278,0.0080,+0.0,+0.0000,LONG,RUNNING
="2026-08-07 20:14:04",64966,544837,95067,449769,100000,+0.0278,0.0080,+0.0,+0.0000,LONG,RUNNING
="2026-08-07 20:14:05",64966,544837,95067,449769,100000,+0.0277,0.0080,+0.0,+0.0000,LONG,RUNNING
="2026-08-07 20:14:06",64966,523440,73671,449769,100000,+0.0277,0.0080,+0.0,+0.0000,LONG,RUNNING
="2026-08-07 20:14:07",64966,523440,73671,449769,100000,+0.0275,0.0080,+0.0,+0.0000,LONG,RUNNING
="2026-08-07 20:14:08",64966,523440,73671,449769,100000,+0.0323,0.0080,+0.0,+0.0000,LONG,RUNNING
="2026-08-07 20:14:09",64966,523440,73671,449769,100000,+0.0318,0.0080,+0.0,+0.0000,LONG,RUNNING
="2026-08-07 20:14:10",64966,523440,73671,449769,100000,+0.0318,0.0080,+0.0,+0.0000,LONG,RUNNING
="2026-08-07 20:14:11",64966,523440,73671,449769,100000,+0.0318,0.0080,+0.0,+0.0000,LONG,RUNNING
="2026-08-07 20:14:12",64966,523440,73671,449769,100000,+0.0318,0.0080,+0.0,+0.0000,LONG,RUNNING
="2026-08-07 20:14:13",64966,508630,58861,449769,100000,+0.0313,0.0080,+0.0,+0.0000,LONG,RUNNING
="2026-08-07 20:14:14",64966,508630,58861,449769,100000,+0.0290,0.0080,+0.0,+0.0000,LONG,RUNNING
="2026-08-07 20:14:15",64966,508630,58861,449769,100000,+0.0290,0.0080,+0.0,+0.0000,LONG,RUNNING
="2026-08-07 20:14:16",64966,508630,58861,449769,100000,+0.0426,0.0080,+0.0,+0.0000,LONG,RUNNING
="2026-08-07 20:14:17",64962,508630,58861,449769,100000,+0.0217,0.0080,+0.0,+0.0000,LONG,RUNNING
="2026-08-07 20:14:18",64963,508630,58861,449769,100000,+0.0217,0.0080,+0.0,+0.0000,LONG,RUNNING
="2026-08-07 20:14:19",64963,508630,58861,449769,100000,+0.0217,0.0080,+0.0,+0.0000,LONG,RUNNING
="2026-08-07 20:14:20",64962,508630,58861,449769,100000,+0.0216,0.0080,+0.0,+0.0000,LONG,RUNNING
="2026-08-07 20:14:21",64962,519695,69926,449769,100000,+0.0216,0.0080,+0.0,+0.0000,LONG,RUNNING
="2026-08-07 20:14:22",64963,519695,69926,449769,100000,+0.0225,0.0080,+0.0,+0.0000,LONG,RUNNING
="2026-08-07 20:14:23",64963,69926,69926,0,100000,+0.0198,0.0080,+0.0,+0.0000,NONE,RUNNING
="2026-08-07 20:14:24",64962,69926,69926,0,100000,+0.0198,0.0080,+0.0,+0.0000,NONE,RUNNING
="2026-08-07 20:14:25",64963,69926,69926,0,100000,+0.0199,0.0080,+0.0,+0.0000,NONE,RUNNING
="2026-08-07 20:14:26",64963,69926,69926,0,100000,+0.0199,0.0080,+0.0,+0.0000,NONE,RUNNING
="2026-08-07 20:14:27",64962,69926,69926,0,100000,+0.0071,0.0080,+0.0,+0.0000,NONE,RUNNING
="2026-08-07 20:14:28",64962,69926,69926,0,100000,+0.0060,0.0080,+0.0,+0.0000,NONE,RUNNING
="2026-08-07 20:14:29",64963,69926,69926,0,100000,+0.0123,0.0080,+0.0,+0.0000,NONE,RUNNING
="2026-08-07 20:14:30",64963,69926,69926,0,100000,+0.0123,0.0080,+0.0,+0.0000,NONE,RUNNING
="2026-08-07 20:14:31",64963,69926,69926,0,100000,+0.0121,0.0080,+0.0,+0.0000,NONE,RUNNING
="2026-08-07 20:14:32",64963,69926,69926,0,100000,+0.0120,0.0080,+0.0,+0.0000,NONE,RUNNING
="2026-08-07 20:14:33",64963,69926,69926,0,100000,+0.0213,0.0080,+0.0,+0.0000,NONE,RUNNING
="2026-08-07 20:14:34",64963,69926,69926,0,100000,+0.0213,0.0080,+0.0,+0.0000,NONE,RUNNING
="2026-08-07 20:14:35",64963,69926,69926,0,100000,+0.0213,0.0080,+0.0,+0.0000,NONE,RUNNING
="2026-08-07 20:14:36",64962,69926,69926,0,100000,+0.0213,0.0080,+0.0,+0.0000,NONE,RUNNING
="2026-08-07 20:14:37",64962,69926,69926,0,100000,+0.0209,0.0080,+0.0,+0.0000,NONE,RUNNING
="2026-08-07 20:14:38",64962,69926,69926,0,100000,+0.0209,0.0080,+0.0,+0.0000,NONE,RUNNING
="2026-08-07 20:14:39",64962,69926,69926,0,100000,+0.0199,0.0080,+0.0,+0.0000,NONE,RUNNING
="2026-08-07 20:14:40",64963,69926,69926,0,100000,+0.0199,0.0080,+0.0,+0.0000,NONE,RUNNING
="2026-08-07 20:14:41",64963,69926,69926,0,100000,+0.0199,0.0080,+0.0,+0.0000,NONE,RUNNING
="2026-08-07 20:14:42",64962,69926,69926,0,100000,+0.0198,0.0080,+0.0,+0.0000,NONE,RUNNING
="2026-08-07 20:14:43",64962,69926,69926,0,100000,+0.0198,0.0080,+0.0,+0.0000,NONE,RUNNING
="2026-08-07 20:14:44",64962,69926,69926,0,100000,+0.0208,0.0080,+0.0,+0.0000,NONE,RUNNING
="2026-08-07 20:14:45",64962,69926,69926,0,100000,+0.0208,0.0080,+0.0,+0.0000,NONE,RUNNING
="2026-08-07 20:14:46",64962,69926,69926,0,100000,+0.0212,0.0080,+0.0,+0.0000,NONE,RUNNING
="2026-08-07 20:14:47",64962,69926,69926,0,100000,+0.0212,0.0080,+0.0,+0.0000,NONE,RUNNING
="2026-08-07 20:14:48",64963,69926,69926,0,100000,+0.0212,0.0080,+0.0,+0.0000,NONE,RUNNING
="2026-08-07 20:14:49",64962,69926,69926,0,100000,+0.0212,0.0080,+0.0,+0.0000,NONE,RUNNING
="2026-08-07 20:14:50",64963,69926,69926,0,100000,+0.0212,0.0080,+0.0,+0.0000,NONE,RUNNING
="2026-08-07 20:14:51",64963,11065,11065,0,100000,+0.0210,0.0080,+0.0,+0.0000,NONE,RUNNING
="2026-08-07 20:14:52",64963,11065,11065,0,100000,+0.0214,0.0080,+0.0,+0.0000,NONE,RUNNING
="2026-08-07 20:14:53",64963,11065,11065,0,100000,+0.0214,0.0080,+0.0,+0.0000,NONE,RUNNING
="2026-08-07 20:14:54",64963,11065,11065,0,100000,+0.0214,0.0080,+0.0,+0.0000,NONE,RUNNING
="2026-08-07 20:14:55",64963,11065,11065,0,100000,+0.0224,0.0080,+0.0,+0.0000,NONE,RUNNING
="2026-08-07 20:14:56",64963,11065,11065,0,100000,+0.0222,0.0080,+0.0,+0.0000,NONE,RUNNING
="2026-08-07 20:14:57",64963,11065,11065,0,100000,+0.0222,0.0080,+0.0,+0.0000,NONE,RUNNING
="2026-08-07 20:14:58",64963,11065,11065,0,100000,+0.0221,0.0080,+0.0,+0.0000,NONE,RUNNING
="2026-08-07 20:14:59",64963,11065,11065,0,100000,+0.0221,0.0080,+0.0,+0.0000,NONE,RUNNING
="2026-08-07 20:15:00",64963,11065,11065,0,100000,+0.0225,0.0080,+0.0,+0.0000,NONE,RUNNING
="2026-08-07 20:15:01",64962,11065,11065,0,100000,+0.0225,0.0080,+0.0,+0.0000,NONE,RUNNING
="2026-08-07 20:15:02",64962,11065,11065,0,100000,+0.0225,0.0080,+0.0,+0.0000,NONE,RUNNING
="2026-08-07 20:15:03",64963,11065,11065,0,100000,+0.0225,0.0080,+0.0,+0.0000,NONE,RUNNING
="2026-08-07 20:15:04",64962,11065,11065,0,100000,+0.0225,0.0080,+0.0,+0.0000,NONE,RUNNING
="2026-08-07 20:15:05",64963,11065,11065,0,100000,+0.0228,0.0080,+0.0,+0.0000,NONE,RUNNING
="2026-08-07 20:15:06",64962,11065,11065,0,100000,+0.0230,0.0080,+0.0,+0.0000,NONE,RUNNING
="2026-08-07 20:15:07",64963,11065,11065,0,100000,+0.0231,0.0080,+0.0,+0.0000,NONE,RUNNING
="2026-08-07 20:15:08",64963,11065,11065,0,100000,+0.0231,0.0080,+0.0,+0.0000,NONE,RUNNING
="2026-08-07 20:15:09",64962,11065,11065,0,100000,+0.0236,0.0080,+0.0,+0.0000,NONE,RUNNING
="2026-08-07 20:15:10",64962,11065,11065,0,100000,+0.0241,0.0080,+0.0,+0.0000,NONE,RUNNING
="2026-08-07 20:15:11",64962,11065,11065,0,100000,+0.0241,0.0080,+0.0,+0.0000,NONE,RUNNING
="2026-08-07 20:15:12",64962,11065,11065,0,100000,+0.0246,0.0080,+0.0,+0.0000,NONE,RUNNING
="2026-08-07 20:15:13",64962,11065,11065,0,100000,+0.0246,0.0080,+0.0,+0.0000,NONE,RUNNING
="2026-08-07 20:15:14",64963,11065,11065,0,100000,+0.0246,0.0080,+0.0,+0.0000,NONE,RUNNING
="2026-08-07 20:15:15",64963,11065,11065,0,100000,+0.0111,0.0080,+0.0,+0.0000,NONE,RUNNING
="2026-08-07 20:15:16",64962,11065,11065,0,100000,+0.0111,0.0080,+0.0,+0.0000,NONE,RUNNING
="2026-08-07 20:15:17",64963,11065,11065,0,100000,+0.0101,0.0080,+0.0,+0.0000,NONE,RUNNING
="2026-08-07 20:15:18",64962,11065,11065,0,100000,+0.0101,0.0080,+0.0,+0.0000,NONE,RUNNING
="2026-08-07 20:15:19",64963,11065,11065,0,100000,+0.0137,0.0080,+0.0,+0.0000,NONE,RUNNING
="2026-08-07 20:15:20",64962,11065,11065,0,100000,+0.0137,0.0080,+0.0,+0.0000,NONE,RUNNING
="2026-08-07 20:15:21",64962,0,0,0,100000,+0.0128,0.0080,+0.0,+0.0000,NONE,RUNNING
="2026-08-07 20:15:22",64963,0,0,0,100000,+0.0128,0.0080,+0.0,+0.0000,NONE,RUNNING
="2026-08-07 20:15:23",64963,0,0,0,100000,+0.0128,0.0080,+0.0,+0.0000,NONE,RUNNING
="2026-08-07 20:15:24",64963,0,0,0,100000,+0.0127,0.0080,+0.0,+0.0000,NONE,RUNNING
="2026-08-07 20:15:25",64963,0,0,0,100000,+0.0127,0.0080,+0.0,+0.0000,NONE,RUNNING
="2026-08-07 20:15:26",64963,0,0,0,100000,+0.0127,0.0080,+0.0,+0.0000,NONE,RUNNING
="2026-08-07 20:15:27",64963,0,0,0,100000,+0.0138,0.0080,+0.0,+0.0000,NONE,RUNNING
="2026-08-07 20:15:28",64962,0,0,0,100000,+0.0140,0.0080,+0.0,+0.0000,NONE,RUNNING
="2026-08-07 20:15:29",64963,0,0,0,100000,+0.0140,0.0080,+0.0,+0.0000,NONE,RUNNING
="2026-08-07 20:15:31",64963,0,0,0,100000,+0.0141,0.0080,+0.0,+0.0000,NONE,RUNNING
="2026-08-07 20:15:32",64963,0,0,0,100000,+0.0141,0.0080,+0.0,+0.0000,NONE,RUNNING
="2026-08-07 20:15:33",64963,0,0,0,100000,+0.0143,0.0080,+0.0,+0.0000,NONE,RUNNING
="2026-08-07 20:15:34",64967,22071,0,22071,100000,+0.0050,0.0080,+0.0,+0.0000,NONE,RUNNING
="2026-08-07 20:15:35",64967,22071,0,22071,100000,+0.0050,0.0080,+0.0,+0.0000,NONE,RUNNING
="2026-08-07 20:15:36",64967,22071,0,22071,100000,+0.0048,0.0080,+0.0,+0.0000,NONE,RUNNING
="2026-08-07 20:15:37",64967,22071,0,22071,100000,+0.0052,0.0080,+0.0,+0.0000,NONE,RUNNING
="2026-08-07 20:15:38",64967,22071,0,22071,100000,+0.0052,0.0080,+0.0,+0.0000,NONE,RUNNING
="2026-08-07 20:15:39",64967,22071,0,22071,100000,+0.0056,0.0080,+0.0,+0.0000,NONE,RUNNING
="2026-08-07 20:15:40",64968,22071,0,22071,100000,+0.0056,0.0080,+0.0,+0.0000,NONE,RUNNING
="2026-08-07 20:15:41",64967,22071,0,22071,100000,+0.0056,0.0080,+0.0,+0.0000,NONE,RUNNING
="2026-08-07 20:15:42",64968,22071,0,22071,100000,+0.0056,0.0080,+0.0,+0.0000,NONE,RUNNING
="2026-08-07 20:15:43",64968,22071,0,22071,100000,+0.0057,0.0080,+0.0,+0.0000,NONE,RUNNING
="2026-08-07 20:15:44",64968,22071,0,22071,100000,+0.0057,0.0080,+0.0,+0.0000,NONE,RUNNING
="2026-08-07 20:15:45",64968,42070,0,42070,100000,+0.0060,0.0080,+0.0,+0.0000,NONE,RUNNING
="2026-08-07 20:15:46",64968,42070,0,42070,100000,+0.0056,0.0080,+0.0,+0.0000,NONE,RUNNING
="2026-08-07 20:15:47",64968,42070,0,42070,100000,+0.0056,0.0080,+0.0,+0.0000,NONE,RUNNING
="2026-08-07 20:15:48",64968,62070,0,62070,100000,+0.0054,0.0080,+0.0,+0.0000,NONE,RUNNING
="2026-08-07 20:15:49",64969,62070,0,62070,100000,+0.0054,0.0080,+0.0,+0.0000,NONE,RUNNING
="2026-08-07 20:15:50",64969,62070,0,62070,100000,+0.0054,0.0080,+0.0,+0.0000,NONE,RUNNING
="2026-08-07 20:15:56",0,0,0,0,100000,+0.0000,0.0080,+0.0,+0.0000,NONE,RUNNING
="2026-08-07 20:16:06",64963,59998,0,59998,100000,-0.0304,0.0080,+0.0,+0.0000,NONE,RUNNING
="2026-08-07 20:16:07",64963,79998,0,79998,100000,-0.0304,0.0080,+0.0,+0.0000,NONE,RUNNING
="2026-08-07 20:16:08",64963,79998,0,79998,100000,-0.0304,0.0080,+0.0,+0.0000,NONE,RUNNING
="2026-08-07 20:16:09",64963,79998,0,79998,100000,-0.0304,0.0080,+0.0,+0.0000,NONE,RUNNING
="2026-08-07 20:16:10",64965,79998,0,79998,100000,-0.0304,0.0080,+0.0,+0.0000,NONE,RUNNING
="2026-08-07 20:16:11",64965,79998,0,79998,100000,-0.0304,0.0080,+0.0,+0.0000,NONE,RUNNING
="2026-08-07 20:16:12",64965,79998,0,79998,100000,-0.0304,0.0080,+0.0,+0.0000,NONE,RUNNING
="2026-08-07 20:16:13",64965,99998,0,99998,100000,-0.0311,0.0080,+0.0,+0.0000,NONE,RUNNING
="2026-08-07 20:16:14",64965,99998,0,99998,100000,-0.0311,0.0080,+0.0,+0.0000,NONE,RUNNING
="2026-08-07 20:16:15",64965,99998,0,99998,100000,-0.0311,0.0080,+0.0,+0.0000,NONE,RUNNING
="2026-08-07 20:16:16",64965,119997,0,119997,100000,-0.0320,0.0080,+0.0,+0.0000,LONG,RUNNING
="2026-08-07 20:16:17",64965,119997,0,119997,100000,-0.0320,0.0080,+0.0,+0.0000,LONG,RUNNING
="2026-08-07 20:16:18",64965,119997,0,119997,100000,-0.0320,0.0080,+0.0,+0.0000,LONG,RUNNING
="2026-08-07 20:16:19",64965,139997,0,139997,100000,-0.0321,0.0080,+0.0,+0.0000,LONG,RUNNING
="2026-08-07 20:16:20",64965,139997,0,139997,100000,-0.0321,0.0080,+0.0,+0.0000,LONG,RUNNING
="2026-08-07 20:16:21",64965,139997,0,139997,100000,-0.0321,0.0080,+0.0,+0.0000,LONG,RUNNING
="2026-08-07 20:16:22",64965,159997,0,159997,100000,-0.0336,0.0080,+0.0,+0.0000,LONG,RUNNING
="2026-08-07 20:16:23",64965,159997,0,159997,100000,-0.0336,0.0080,+0.0,+0.0000,LONG,RUNNING
="2026-08-07 20:16:24",64965,159997,0,159997,100000,-0.0336,0.0080,+0.0,+0.0000,LONG,RUNNING
="2026-08-07 20:16:25",64965,179996,0,179996,100000,-0.0336,0.0080,+0.0,+0.0000,LONG,RUNNING
="2026-08-07 20:16:26",64965,179996,0,179996,100000,-0.0336,0.0080,+0.0,+0.0000,LONG,RUNNING
="2026-08-07 20:16:27",64965,179996,0,179996,100000,-0.0336,0.0080,+0.0,+0.0000,LONG,RUNNING
="2026-08-07 20:16:28",64968,179996,0,179996,100000,-0.0336,0.0080,+0.0,+0.0000,LONG,RUNNING
="2026-08-07 20:16:29",64968,179996,0,179996,100000,-0.0336,0.0080,+0.0,+0.0000,LONG,RUNNING
="2026-08-07 20:16:30",64968,179996,0,179996,100000,-0.0336,0.0080,+0.0,+0.0000,LONG,RUNNING
="2026-08-07 20:16:31",64970,179996,0,179996,100000,-0.0339,0.0080,+0.0,+0.0000,LONG,RUNNING
="2026-08-07 20:16:32",64969,179996,0,179996,100000,-0.0339,0.0080,+0.0,+0.0000,LONG,RUNNING
="2026-08-07 20:16:33",64970,179996,0,179996,100000,-0.0340,0.0080,+0.0,+0.0000,LONG,RUNNING
="2026-08-07 20:16:34",64971,193001,0,193001,100000,-0.0340,0.0080,+0.0,+0.0000,LONG,RUNNING
="2026-08-07 20:16:35",64971,193001,0,193001,100000,-0.0340,0.0080,+0.0,+0.0000,LONG,RUNNING
="2026-08-07 20:16:36",64971,193001,0,193001,100000,-0.0340,0.0080,+0.0,+0.0000,LONG,RUNNING
="2026-08-07 20:16:37",64971,213001,0,213001,100000,-0.0347,0.0080,+0.0,+0.0000,LONG,RUNNING
="2026-08-07 20:16:38",64971,213001,0,213001,100000,-0.0347,0.0080,+0.0,+0.0000,LONG,RUNNING
="2026-08-07 20:16:39",64971,213001,0,213001,100000,-0.0347,0.0080,+0.0,+0.0000,LONG,RUNNING
="2026-08-07 20:16:40",64973,213001,0,213001,100000,-0.0367,0.0080,+0.0,+0.0000,LONG,RUNNING
="2026-08-07 20:16:41",64973,213001,0,213001,100000,-0.0367,0.0080,+0.0,+0.0000,LONG,RUNNING
="2026-08-07 20:16:42",64973,213001,0,213001,100000,-0.0367,0.0080,+0.0,+0.0000,LONG,RUNNING
="2026-08-07 20:16:43",64973,233001,0,233001,100000,-0.0384,0.0080,+0.0,+0.0000,LONG,RUNNING
="2026-08-07 20:16:44",64973,233001,0,233001,100000,-0.0384,0.0080,+0.0,+0.0000,LONG,RUNNING
="2026-08-07 20:16:45",64973,233001,0,233001,100000,-0.0384,0.0080,+0.0,+0.0000,LONG,RUNNING
="2026-08-07 20:16:46",64973,253000,0,253000,100000,-0.0384,0.0080,+0.0,+0.0000,LONG,RUNNING
="2026-08-07 20:16:47",64973,253000,0,253000,100000,-0.0384,0.0080,+0.0,+0.0000,LONG,RUNNING
="2026-08-07 20:16:48",64973,253000,0,253000,100000,-0.0384,0.0080,+0.0,+0.0000,LONG,RUNNING
="2026-08-07 20:16:49",64973,273000,0,273000,100000,-0.0384,0.0080,+0.0,+0.0000,LONG,RUNNING
="2026-08-07 20:16:50",64973,273000,0,273000,100000,-0.0384,0.0080,+0.0,+0.0000,LONG,RUNNING
="2026-08-07 20:16:51",64973,273000,0,273000,100000,-0.0384,0.0080,+0.0,+0.0000,LONG,RUNNING
="2026-08-07 20:16:52",64973,292999,0,292999,100000,-0.0384,0.0080,+0.0,+0.0000,LONG,RUNNING
="2026-08-07 20:16:53",64973,292999,0,292999,100000,-0.0396,0.0080,+0.0,+0.0000,LONG,RUNNING
="2026-08-07 20:16:54",64973,292999,0,292999,100000,-0.0396,0.0080,+0.0,+0.0000,LONG,RUNNING
="2026-08-07 20:16:55",64973,312999,0,312999,100000,-0.0397,0.0080,+0.0,+0.0000,LONG,RUNNING
="2026-08-07 20:16:56",64973,355465,42465,312999,100000,-0.0397,0.0080,+0.0,+0.0000,LONG,RUNNING
="2026-08-07 20:16:57",64971,335465,42465,293000,100000,-0.0397,0.0080,+0.0,+0.0000,LONG,RUNNING
="2026-08-07 20:16:58",64971,744554,42465,702088,100000,-0.0397,0.0080,+0.0,+0.0000,LONG,RUNNING
="2026-08-07 20:16:59",64971,744554,42465,702088,100000,-0.0396,0.0080,+0.0,+0.0000,LONG,RUNNING
="2026-08-07 20:17:00",64971,724554,42465,682088,100000,-0.0403,0.0080,+0.0,+0.0000,LONG,RUNNING
="2026-08-07 20:17:01",64971,744554,42465,702088,100000,-0.0400,0.0080,+0.0,+0.0000,LONG,RUNNING
="2026-08-07 20:17:02",64971,744554,42465,702088,100000,-0.0400,0.0080,+0.0,+0.0000,LONG,RUNNING
="2026-08-07 20:17:03",64971,789526,42465,747060,100000,-0.0404,0.0080,+0.0,+0.0000,LONG,RUNNING
="2026-08-07 20:17:04",64971,809525,42465,767060,100000,-0.0404,0.0080,+0.0,+0.0000,LONG,RUNNING
="2026-08-07 20:17:05",64971,809525,42465,767060,100000,-0.0406,0.0080,+0.0,+0.0000,LONG,RUNNING
="2026-08-07 20:17:06",64971,789526,42465,747060,100000,-0.0091,0.0080,+0.0,+0.0000,LONG,RUNNING
="2026-08-07 20:17:07",64971,809525,42465,767060,100000,-0.0091,0.0080,+0.0,+0.0000,LONG,RUNNING
="2026-08-07 20:17:08",64971,809525,42465,767060,100000,-0.0091,0.0080,+0.0,+0.0000,LONG,RUNNING
="2026-08-07 20:17:09",64971,809525,42465,767060,100000,-0.0091,0.0080,+0.0,+0.0000,LONG,RUNNING
="2026-08-07 20:17:10",64971,829525,42465,787059,100000,-0.0091,0.0080,+0.0,+0.0000,LONG,RUNNING
="2026-08-07 20:17:11",64971,829525,42465,787059,100000,-0.0091,0.0080,+0.0,+0.0000,LONG,RUNNING
="2026-08-07 20:17:12",64971,809525,42465,767060,100000,-0.0084,0.0080,+0.0,+0.0000,LONG,RUNNING
="2026-08-07 20:17:13",64971,821668,42465,779202,100000,-0.0084,0.0080,+0.0,+0.0000,LONG,RUNNING
="2026-08-07 20:17:14",64973,821668,42465,779202,100000,-0.0081,0.0080,+0.0,+0.0000,LONG,RUNNING
="2026-08-07 20:17:15",64973,801668,42465,759202,100000,-0.0073,0.0080,+0.0,+0.0000,NONE,RUNNING
="2026-08-07 20:17:16",64973,821668,42465,779202,100000,-0.0073,0.0080,+0.0,+0.0000,NONE,RUNNING
="2026-08-07 20:17:17",64973,821668,42465,779202,100000,-0.0073,0.0080,+0.0,+0.0000,NONE,RUNNING
="2026-08-07 20:17:18",64973,801668,42465,759202,100000,-0.0071,0.0080,+0.0,+0.0000,NONE,RUNNING
="2026-08-07 20:17:19",64973,821458,42465,778993,100000,-0.0071,0.0080,+0.0,+0.0000,NONE,RUNNING
="2026-08-07 20:17:20",64973,821458,42465,778993,100000,-0.0070,0.0080,+0.0,+0.0000,NONE,RUNNING
="2026-08-07 20:17:21",64973,801459,42465,758993,100000,-0.0056,0.0080,+0.0,+0.0000,NONE,RUNNING
="2026-08-07 20:17:22",64973,801459,42465,758993,100000,-0.0047,0.0080,+0.0,+0.0000,NONE,RUNNING
="2026-08-07 20:17:23",64973,821458,42465,778992,100000,-0.0047,0.0080,+0.0,+0.0000,NONE,RUNNING
="2026-08-07 20:17:24",64973,801458,42465,758993,100000,-0.0047,0.0080,+0.0,+0.0000,NONE,RUNNING
="2026-08-07 20:17:25",64973,801458,42465,758993,100000,-0.0047,0.0080,+0.0,+0.0000,NONE,RUNNING
="2026-08-07 20:17:27",64973,821458,42465,778992,100000,-0.0047,0.0080,+0.0,+0.0000,NONE,RUNNING
="2026-08-07 20:17:28",64973,821458,42465,778992,100000,-0.0047,0.0080,+0.0,+0.0000,NONE,RUNNING
="2026-08-07 20:17:29",64973,821458,42465,778992,100000,-0.0048,0.0080,+0.0,+0.0000,NONE,RUNNING
="2026-08-07 20:17:30",64973,841458,42465,798992,100000,-0.0048,0.0080,+0.0,+0.0000,NONE,RUNNING
="2026-08-07 20:17:31",64973,841458,42465,798992,100000,-0.0045,0.0080,+0.0,+0.0000,NONE,RUNNING
="2026-08-07 20:17:32",64973,841458,42465,798992,100000,-0.0045,0.0080,+0.0,+0.0000,NONE,RUNNING
="2026-08-07 20:17:33",64973,861457,42465,818992,100000,-0.0045,0.0080,+0.0,+0.0000,NONE,RUNNING
="2026-08-07 20:17:34",64973,848452,42465,805987,100000,-0.0045,0.0080,+0.0,+0.0000,NONE,RUNNING
="2026-08-07 20:17:35",64973,848452,42465,805987,100000,-0.0044,0.0080,+0.0,+0.0000,NONE,RUNNING
="2026-08-07 20:17:36",64973,868452,42465,825986,100000,-0.0044,0.0080,+0.0,+0.0000,NONE,RUNNING
="2026-08-07 20:17:37",64973,848452,42465,805987,100000,-0.0044,0.0080,+0.0,+0.0000,NONE,RUNNING
="2026-08-07 20:17:38",64973,848452,42465,805987,100000,-0.0037,0.0080,+0.0,+0.0000,NONE,RUNNING
="2026-08-07 20:17:39",64973,868452,42465,825986,100000,-0.0037,0.0080,+0.0,+0.0000,NONE,RUNNING
="2026-08-07 20:17:40",64973,998400,42465,955934,100000,-0.0017,0.0080,+0.0,+0.0000,NONE,RUNNING
="2026-08-07 20:17:41",64973,998400,42465,955934,100000,-0.0019,0.0080,+0.0,+0.0000,NONE,RUNNING
="2026-08-07 20:17:42",64973,1018399,42465,975934,100000,-0.0019,0.0080,+0.0,+0.0000,NONE,RUNNING
="2026-08-07 20:17:43",64973,998400,42465,955934,100000,-0.0002,0.0080,+0.0,+0.0000,NONE,RUNNING
="2026-08-07 20:17:44",64973,998400,42465,955934,100000,-0.0002,0.0080,+0.0,+0.0000,NONE,RUNNING
="2026-08-07 20:17:45",64973,1018399,42465,975934,100000,-0.0003,0.0080,+0.0,+0.0000,NONE,RUNNING
="2026-08-07 20:17:46",64973,1018399,42465,975934,100000,-0.0003,0.0080,+0.0,+0.0000,NONE,RUNNING
="2026-08-07 20:17:47",64973,998400,42465,955934,100000,-0.0003,0.0080,+0.0,+0.0000,NONE,RUNNING
="2026-08-07 20:17:48",64973,1018399,42465,975934,100000,-0.0003,0.0080,+0.0,+0.0000,NONE,RUNNING
="2026-08-07 20:17:49",64973,1083373,42465,1040908,100000,-0.0004,0.0080,+0.0,+0.0000,NONE,RUNNING
="2026-08-07 20:17:50",64973,1063374,42465,1020908,100000,-0.0004,0.0080,+0.0,+0.0000,NONE,RUNNING
="2026-08-07 20:17:51",64973,1083373,42465,1040908,100000,+0.0006,0.0080,+0.0,+0.0000,NONE,RUNNING
="2026-08-07 20:17:52",64973,1083373,42465,1040908,100000,+0.0019,0.0080,+0.0,+0.0000,NONE,RUNNING
="2026-08-07 20:17:53",64973,1063374,42465,1020908,100000,+0.0019,0.0080,+0.0,+0.0000,NONE,RUNNING
="2026-08-07 20:17:54",64973,1083373,42465,1040908,100000,+0.0019,0.0080,+0.0,+0.0000,NONE,RUNNING
="2026-08-07 20:17:55",64973,1083373,42465,1040908,100000,+0.0019,0.0080,+0.0,+0.0000,NONE,RUNNING
="2026-08-07 20:17:56",64973,1063374,42465,1020908,100000,+0.0019,0.0080,+0.0,+0.0000,NONE,RUNNING
="2026-08-07 20:17:57",64973,1040908,0,1040908,100000,+0.0023,0.0080,+0.0,+0.0000,NONE,RUNNING
="2026-08-07 20:17:58",64973,1040908,0,1040908,100000,+0.0023,0.0080,+0.0,+0.0000,NONE,RUNNING
="2026-08-07 20:17:59",64973,631819,0,631819,100000,+0.0023,0.0080,+0.0,+0.0000,NONE,RUNNING
="2026-08-07 20:18:00",64973,651819,0,651819,100000,+0.0023,0.0080,+0.0,+0.0000,NONE,RUNNING
="2026-08-07 20:18:01",64973,651819,0,651819,100000,-0.0004,0.0080,+0.0,+0.0000,NONE,RUNNING
="2026-08-07 20:18:02",64973,631819,0,631819,100000,-0.0007,0.0080,+0.0,+0.0000,NONE,RUNNING
="2026-08-07 20:18:03",64974,577445,0,577445,100000,-0.0007,0.0080,+0.0,+0.0000,NONE,RUNNING
="2026-08-07 20:18:04",64974,588919,0,588919,100000,-0.0007,0.0080,+0.0,+0.0000,NONE,RUNNING
="2026-08-07 20:18:05",64975,568919,0,568919,100000,-0.0005,0.0080,+0.0,+0.0000,NONE,RUNNING
="2026-08-07 20:18:06",64975,588919,0,588919,100000,-0.0001,0.0080,+0.0,+0.0000,NONE,RUNNING
="2026-08-07 20:18:07",64976,588919,0,588919,100000,-0.0001,0.0080,+0.0,+0.0000,NONE,RUNNING
="2026-08-07 20:18:08",64976,568919,0,568919,100000,-0.0001,0.0080,+0.0,+0.0000,NONE,RUNNING
="2026-08-07 20:18:09",64976,586939,0,586939,100000,+0.0200,0.0080,+0.0,+0.0000,LONG,RUNNING
="2026-08-07 20:18:10",64977,586939,0,586939,100000,+0.0199,0.0080,+0.0,+0.0000,LONG,RUNNING
="2026-08-07 20:18:11",64977,863921,296982,566939,100000,+0.0199,0.0080,+0.0,+0.0000,LONG,RUNNING
="2026-08-07 20:18:12",64977,883921,296982,586938,100000,+0.0208,0.0080,+0.0,+0.0000,LONG,RUNNING
="2026-08-07 20:18:13",64977,949149,296982,652166,100000,+0.0206,0.0080,+0.0,+0.0000,LONG,RUNNING
="2026-08-07 20:18:14",64977,937006,296982,640024,100000,+0.0206,0.0080,+0.0,+0.0000,LONG,RUNNING
="2026-08-07 20:18:15",64977,937006,296982,640024,100000,+0.0203,0.0080,+0.0,+0.0000,LONG,RUNNING
="2026-08-07 20:18:16",64977,937006,296982,640024,100000,+0.0203,0.0080,+0.0,+0.0000,LONG,RUNNING
="2026-08-07 20:18:17",64977,917007,296982,620024,100000,+0.0203,0.0080,+0.0,+0.0000,LONG,RUNNING
="2026-08-07 20:18:18",64977,917007,296982,620024,100000,+0.0203,0.0080,+0.0,+0.0000,LONG,RUNNING
="2026-08-07 20:18:19",64977,917007,296982,620024,100000,+0.0202,0.0080,+0.0,+0.0000,LONG,RUNNING
="2026-08-07 20:18:20",64977,897217,296982,600234,100000,+0.0202,0.0080,+0.0,+0.0000,LONG,RUNNING
="2026-08-07 20:18:21",64977,897217,296982,600234,100000,+0.0202,0.0080,+0.0,+0.0000,LONG,RUNNING
="2026-08-07 20:18:22",64977,962194,296982,665212,100000,+0.0202,0.0080,+0.0,+0.0000,LONG,RUNNING
="2026-08-07 20:18:23",64977,942194,296982,645212,100000,+0.0193,0.0080,+0.0,+0.0000,LONG,RUNNING
="2026-08-07 20:18:24",64977,942194,296982,645212,100000,+0.0193,0.0080,+0.0,+0.0000,LONG,RUNNING
="2026-08-07 20:18:25",64977,942194,296982,645212,100000,+0.0193,0.0080,+0.0,+0.0000,LONG,RUNNING
="2026-08-07 20:18:26",64977,987172,296982,690190,100000,+0.0193,0.0080,+0.0,+0.0000,LONG,RUNNING
="2026-08-07 20:18:27",64977,987172,296982,690190,100000,+0.0193,0.0080,+0.0,+0.0000,LONG,RUNNING
="2026-08-07 20:18:28",64977,987172,296982,690190,100000,+0.0193,0.0080,+0.0,+0.0000,LONG,RUNNING
="2026-08-07 20:18:29",64977,967173,296982,670190,100000,+0.0195,0.0080,+0.0,+0.0000,LONG,RUNNING
="2026-08-07 20:18:30",64977,967173,296982,670190,100000,+0.0202,0.0080,+0.0,+0.0000,LONG,RUNNING
="2026-08-07 20:18:31",64977,967173,296982,670190,100000,+0.0202,0.0080,+0.0,+0.0000,LONG,RUNNING
="2026-08-07 20:18:32",64977,947173,296982,650191,100000,+0.0202,0.0080,+0.0,+0.0000,LONG,RUNNING
="2026-08-07 20:18:33",64977,947173,296982,650191,100000,+0.0202,0.0080,+0.0,+0.0000,LONG,RUNNING
="2026-08-07 20:18:34",64977,947173,296982,650191,100000,+0.0202,0.0080,+0.0,+0.0000,LONG,RUNNING
="2026-08-07 20:18:35",64977,989175,296982,692193,100000,+0.0202,0.0080,+0.0,+0.0000,LONG,RUNNING
="2026-08-07 20:18:36",64977,989175,296982,692193,100000,+0.0202,0.0080,+0.0,+0.0000,LONG,RUNNING
="2026-08-07 20:18:37",64977,989175,296982,692193,100000,+0.0201,0.0080,+0.0,+0.0000,LONG,RUNNING
="2026-08-07 20:18:38",64977,969176,296982,672193,100000,+0.0201,0.0080,+0.0,+0.0000,LONG,RUNNING
="2026-08-07 20:18:39",64977,839228,296982,542245,100000,+0.0211,0.0080,+0.0,+0.0000,LONG,RUNNING
="2026-08-07 20:18:40",64977,940463,398218,542245,100000,+0.0211,0.0080,+0.0,+0.0000,LONG,RUNNING
="2026-08-07 20:18:41",64977,982079,398218,583861,100000,+0.0213,0.0080,+0.0,+0.0000,LONG,RUNNING
="2026-08-07 20:18:42",64977,982079,398218,583861,100000,+0.0214,0.0080,+0.0,+0.0000,LONG,RUNNING
="2026-08-07 20:18:43",64977,982079,398218,583861,100000,+0.0214,0.0080,+0.0,+0.0000,LONG,RUNNING
="2026-08-07 20:18:44",64977,962079,398218,563861,100000,+0.0215,0.0080,+0.0,+0.0000,LONG,RUNNING
="2026-08-07 20:18:45",64977,962079,398218,563861,100000,+0.0216,0.0080,+0.0,+0.0000,LONG,RUNNING
="2026-08-07 20:18:46",64977,1027057,398218,628839,100000,+0.0216,0.0080,+0.0,+0.0000,LONG,RUNNING
="2026-08-07 20:18:47",64977,1007058,398218,608840,100000,+0.0216,0.0080,+0.0,+0.0000,LONG,RUNNING
="2026-08-07 20:18:48",64977,942084,398218,543866,100000,+0.0216,0.0080,+0.0,+0.0000,LONG,RUNNING
="2026-08-07 20:18:49",64977,942084,398218,543866,100000,+0.0216,0.0080,+0.0,+0.0000,LONG,RUNNING
="2026-08-07 20:18:50",64977,922084,398218,523866,100000,+0.0206,0.0080,+0.0,+0.0000,LONG,RUNNING
="2026-08-07 20:18:51",64977,922084,398218,523866,100000,+0.0210,0.0080,+0.0,+0.0000,LONG,RUNNING
="2026-08-07 20:18:52",64977,922084,398218,523866,100000,+0.0210,0.0080,+0.0,+0.0000,LONG,RUNNING
="2026-08-07 20:18:54",64977,902085,398218,503867,100000,+0.0210,0.0080,+0.0,+0.0000,LONG,RUNNING
="2026-08-07 20:18:55",64977,902085,398218,503867,100000,+0.0210,0.0080,+0.0,+0.0000,LONG,RUNNING
="2026-08-07 20:18:56",64977,902085,398218,503867,100000,+0.0210,0.0080,+0.0,+0.0000,LONG,RUNNING
="2026-08-07 20:18:57",64977,882085,398218,483867,100000,+0.0207,0.0080,+0.0,+0.0000,LONG,RUNNING
="2026-08-07 20:18:58",64977,882085,398218,483867,100000,+0.0207,0.0080,+0.0,+0.0000,LONG,RUNNING
="2026-08-07 20:18:59",64983,1035679,398218,637461,100000,+0.0207,0.0080,+0.0,+0.0000,LONG,RUNNING
="2026-08-07 20:19:00",64984,1034871,398218,636653,100000,+0.0207,0.0080,+0.0,+0.0000,LONG,RUNNING
="2026-08-07 20:19:01",64986,1068638,398218,670420,100000,+0.0233,0.0080,+0.0,+0.0000,LONG,RUNNING
="2026-08-07 20:19:02",64986,1068638,398218,670420,100000,+0.0693,0.0080,+0.0,+0.0000,LONG,RUNNING
="2026-08-07 20:19:03",64987,1122190,398218,723972,100000,+0.0693,0.0080,+0.0,+0.0000,LONG,RUNNING
="2026-08-07 20:19:04",64987,1110715,398218,712497,100000,+0.0693,0.0080,+0.0,+0.0000,LONG,RUNNING
="2026-08-07 20:19:05",64987,1110715,398218,712497,100000,+0.0693,0.0080,+0.0,+0.0000,LONG,RUNNING
="2026-08-07 20:19:06",64986,1090716,398218,692498,100000,+0.0693,0.0080,+0.0,+0.0000,LONG,RUNNING
="2026-08-07 20:19:07",64986,1090716,398218,692498,100000,+0.1600,0.0080,+0.0,+0.0000,LONG,RUNNING
="2026-08-07 20:19:08",64986,1090716,398218,692498,100000,+0.1600,0.0080,+0.0,+0.0000,LONG,RUNNING
="2026-08-07 20:19:09",64988,1072696,398218,674478,100000,+0.1399,0.0080,+0.0,+0.0000,LONG,RUNNING
="2026-08-07 20:19:10",64988,1138790,464311,674478,100000,+0.1399,0.0080,+0.0,+0.0000,LONG,RUNNING
="2026-08-07 20:19:11",64988,841808,167329,674478,100000,+0.1356,0.0080,+0.0,+0.0000,LONG,RUNNING
="2026-08-07 20:19:12",64988,821808,167329,654479,100000,+0.1347,0.0080,+0.0,+0.0000,LONG,RUNNING
="2026-08-07 20:19:13",64988,756580,167329,589251,100000,+0.1347,0.0080,+0.0,+0.0000,LONG,RUNNING
="2026-08-07 20:19:14",64988,756580,167329,589251,100000,+0.1298,0.0080,+0.0,+0.0000,LONG,RUNNING
="2026-08-07 20:19:15",64996,923367,215262,708105,100000,+0.1302,0.0080,+0.0,+0.0000,LONG,RUNNING
="2026-08-07 20:19:16",64979,923367,215262,708105,100000,+0.1302,0.0080,+0.0,+0.0000,LONG,RUNNING
="2026-08-07 20:19:17",64986,923367,215262,708105,100000,+0.1233,0.0080,+0.0,+0.0000,LONG,RUNNING
="2026-08-07 20:19:18",64986,923367,215262,708105,100000,+0.1232,0.0080,+0.0,+0.0000,LONG,RUNNING
="2026-08-07 20:19:19",64995,923367,215262,708105,100000,+0.1171,0.0080,+0.0,+0.0000,LONG,RUNNING
="2026-08-07 20:19:20",64998,979919,215262,764656,100000,+0.1171,0.0080,+0.0,+0.0000,LONG,RUNNING
="2026-08-07 20:19:21",64998,979919,215262,764656,100000,+0.1171,0.0080,+0.0,+0.0000,LONG,RUNNING
="2026-08-07 20:19:22",64999,4232294,451061,3781232,100000,+0.1147,0.0080,+0.0,+0.0000,LONG,RUNNING
="2026-08-07 20:19:23",65007,4260934,544679,3716255,100000,+0.1147,0.0080,+0.0,+0.0000,LONG,RUNNING
="2026-08-07 20:19:24",64991,4288724,572469,3716255,100000,+0.1147,0.0080,+0.0,+0.0000,LONG,RUNNING
="2026-08-07 20:19:25",64991,4288724,572469,3716255,100000,+0.1147,0.0080,+0.0,+0.0000,LONG,RUNNING
="2026-08-07 20:19:26",64978,4263030,611753,3651277,100000,+0.1147,0.0080,+0.0,+0.0000,LONG,RUNNING
="2026-08-07 20:19:27",64978,4303573,652295,3651277,100000,+0.1147,0.0080,+0.0,+0.0000,LONG,RUNNING
="2026-08-07 20:19:28",64967,4338639,687361,3651277,100000,+0.1147,0.0080,+0.0,+0.0000,LONG,RUNNING
="2026-08-07 20:19:29",64966,4348812,697534,3651277,100000,+0.1561,0.0080,+0.0,+0.0000,LONG,RUNNING
="2026-08-07 20:19:30",64963,4348812,697534,3651277,100000,+0.1554,0.0080,+0.0,+0.0000,LONG,RUNNING
="2026-08-07 20:19:31",64963,4348812,697534,3651277,100000,+0.1554,0.0080,+0.0,+0.0000,LONG,RUNNING
="2026-08-07 20:19:32",64963,4559253,907976,3651277,100000,+0.1574,0.0080,+0.0,+0.0000,LONG,RUNNING
="2026-08-07 20:19:33",64956,4559253,907976,3651277,100000,+0.1574,0.0080,+0.0,+0.0000,LONG,RUNNING
="2026-08-07 20:19:34",64954,4559253,907976,3651277,100000,+0.1574,0.0080,+0.0,+0.0000,LONG,RUNNING
="2026-08-07 20:19:35",64954,4497252,907976,3589275,100000,+0.2077,0.0080,+0.0,+0.0000,LONG,RUNNING
="2026-08-07 20:19:36",64954,4497252,907976,3589275,100000,+0.2077,0.0080,+0.0,+0.0000,LONG,RUNNING
="2026-08-07 20:19:37",64949,4497252,907976,3589275,100000,+0.2077,0.0080,+0.0,+0.0000,LONG,RUNNING
="2026-08-07 20:19:38",64949,4497252,907976,3589275,100000,+0.2073,0.0080,+0.0,+0.0000,LONG,RUNNING
="2026-08-07 20:19:39",64949,4507644,918368,3589275,100000,+0.2063,0.0080,+0.0,+0.0000,LONG,RUNNING
="2026-08-07 20:19:40",64949,4615069,1025793,3589275,100000,+0.2063,0.0080,+0.0,+0.0000,LONG,RUNNING
="2026-08-07 20:19:41",64940,4452218,924557,3527660,100000,+0.2063,0.0080,+0.0,+0.0000,LONG,RUNNING
="2026-08-07 20:19:42",64934,4467752,940091,3527660,100000,+0.2063,0.0080,+0.0,+0.0000,LONG,RUNNING
="2026-08-07 20:19:43",64934,4467752,940091,3527660,100000,+0.2063,0.0080,+0.0,+0.0000,LONG,RUNNING
="2026-08-07 20:19:44",64934,4467752,940091,3527660,100000,+0.2038,0.0080,+0.0,+0.0000,LONG,RUNNING
="2026-08-07 20:19:45",64934,4467752,940091,3527660,100000,+0.2038,0.0080,+0.0,+0.0000,LONG,RUNNING
="2026-08-07 20:19:46",64934,4402774,940091,3462682,100000,+0.2038,0.0080,+0.0,+0.0000,LONG,RUNNING
="2026-08-07 20:19:47",64934,4402774,940091,3462682,100000,+0.1973,0.0080,+0.0,+0.0000,LONG,RUNNING
="2026-08-07 20:19:48",64934,4402774,940091,3462682,100000,+0.1973,0.0080,+0.0,+0.0000,LONG,RUNNING
="2026-08-07 20:19:49",64934,4402774,940091,3462682,100000,+0.1973,0.0080,+0.0,+0.0000,LONG,RUNNING
="2026-08-07 20:19:50",64934,4402774,940091,3462682,100000,+0.1973,0.0080,+0.0,+0.0000,LONG,RUNNING
="2026-08-07 20:19:51",64934,4402774,940091,3462682,100000,+0.1969,0.0080,+0.0,+0.0000,LONG,RUNNING
="2026-08-07 20:19:52",64934,4402774,940091,3462682,100000,+0.1969,0.0080,+0.0,+0.0000,LONG,RUNNING
="2026-08-07 20:19:53",64934,4402774,940091,3462682,100000,+0.1930,0.0080,+0.0,+0.0000,LONG,RUNNING
="2026-08-07 20:19:54",64934,4402774,940091,3462682,100000,+0.1930,0.0080,+0.0,+0.0000,LONG,RUNNING
="2026-08-07 20:19:55",64934,4402774,940091,3462682,100000,+0.1930,0.0080,+0.0,+0.0000,LONG,RUNNING
="2026-08-07 20:19:56",64934,4402774,940091,3462682,100000,+0.1933,0.0080,+0.0,+0.0000,LONG,RUNNING
="2026-08-07 20:19:57",64934,4402774,940091,3462682,100000,+0.1933,0.0080,+0.0,+0.0000,LONG,RUNNING
="2026-08-07 20:19:58",64934,4249180,940091,3309088,100000,+0.1933,0.0080,+0.0,+0.0000,LONG,RUNNING
="2026-08-07 20:19:59",64934,4229988,940091,3289896,100000,+0.1902,0.0080,+0.0,+0.0000,LONG,RUNNING
="2026-08-07 20:20:00",64934,4196221,940091,3256129,100000,+0.1902,0.0080,+0.0,+0.0000,LONG,RUNNING
="2026-08-07 20:20:01",64934,4196221,940091,3256129,100000,+0.1441,0.0080,+0.0,+0.0000,LONG,RUNNING
="2026-08-07 20:20:02",64934,4132072,940091,3191980,100000,+0.1424,0.0080,+0.0,+0.0000,LONG,RUNNING
="2026-08-07 20:20:03",64934,4132072,940091,3191980,100000,+0.1424,0.0080,+0.0,+0.0000,LONG,RUNNING
="2026-08-07 20:20:04",64934,4132072,940091,3191980,100000,+0.1424,0.0080,+0.0,+0.0000,LONG,RUNNING
="2026-08-07 20:20:05",64934,4132072,940091,3191980,100000,+0.1424,0.0080,+0.0,+0.0000,LONG,RUNNING
="2026-08-07 20:20:06",64934,4132072,940091,3191980,100000,+0.0515,0.0080,+0.0,+0.0000,LONG,RUNNING
="2026-08-07 20:20:07",64934,4132072,940091,3191980,100000,+0.0515,0.0080,+0.0,+0.0000,LONG,RUNNING
="2026-08-07 20:20:08",64934,4552756,940091,3612665,100000,+0.0508,0.0080,+0.0,+0.0000,LONG,RUNNING
="2026-08-07 20:20:09",64943,4486663,873998,3612665,100000,+0.0508,0.0080,+0.0,+0.0000,LONG,RUNNING
="2026-08-07 20:20:10",64953,4486663,873998,3612665,100000,+0.0551,0.0080,+0.0,+0.0000,LONG,RUNNING
="2026-08-07 20:20:12",64956,4486663,873998,3612665,100000,+0.0549,0.0080,+0.0,+0.0000,LONG,RUNNING
="2026-08-07 20:20:13",64956,4486663,873998,3612665,100000,+0.0549,0.0080,+0.0,+0.0000,LONG,RUNNING
="2026-08-07 20:20:14",64955,4486663,873998,3612665,100000,+0.0598,0.0080,+0.0,+0.0000,LONG,RUNNING
="2026-08-07 20:20:15",64955,4319876,826064,3493811,100000,+0.0598,0.0080,+0.0,+0.0000,LONG,RUNNING
="2026-08-07 20:20:16",64958,4319876,826064,3493811,100000,+0.0597,0.0080,+0.0,+0.0000,LONG,RUNNING
="2026-08-07 20:20:17",64958,4319876,826064,3493811,100000,+0.0666,0.0080,+0.0,+0.0000,LONG,RUNNING
="2026-08-07 20:20:18",64958,4319876,826064,3493811,100000,+0.0669,0.0080,+0.0,+0.0000,LONG,RUNNING
="2026-08-07 20:20:19",64958,4319876,826064,3493811,100000,+0.0730,0.0080,+0.0,+0.0000,LONG,RUNNING
="2026-08-07 20:20:20",64967,4263324,826064,3437259,100000,+0.0730,0.0080,+0.0,+0.0000,LONG,RUNNING
="2026-08-07 20:20:21",64967,4263324,826064,3437259,100000,+0.0729,0.0080,+0.0,+0.0000,LONG,RUNNING
="2026-08-07 20:20:22",64967,4148330,826064,3322265,100000,+0.0729,0.0080,+0.0,+0.0000,LONG,RUNNING
="2026-08-07 20:20:23",64967,917331,496647,420684,100000,+0.0753,0.0080,+0.0,+0.0000,SHORT,RUNNING
="2026-08-07 20:20:24",64967,889542,468857,420684,100000,+0.0753,0.0080,+0.0,+0.0000,SHORT,RUNNING
="2026-08-07 20:20:25",64967,889542,468857,420684,100000,+0.0752,0.0080,+0.0,+0.0000,SHORT,RUNNING
="2026-08-07 20:20:26",64967,850258,429573,420684,100000,+0.0752,0.0080,+0.0,+0.0000,SHORT,RUNNING
="2026-08-07 20:20:27",64967,850258,429573,420684,100000,+0.0752,0.0080,+0.0,+0.0000,SHORT,RUNNING
="2026-08-07 20:20:28",64967,774649,353965,420684,100000,+0.0750,0.0080,+0.0,+0.0000,LONG,RUNNING
="2026-08-07 20:20:29",64967,764476,343792,420684,100000,+0.0337,0.0080,+0.0,+0.0000,LONG,RUNNING
="2026-08-07 20:20:30",64970,764476,343792,420684,100000,+0.0337,0.0080,+0.0,+0.0000,LONG,RUNNING
="2026-08-07 20:20:31",64971,764476,343792,420684,100000,+0.0337,0.0080,+0.0,+0.0000,LONG,RUNNING
="2026-08-07 20:20:32",64971,554035,133351,420684,100000,+0.0316,0.0080,+0.0,+0.0000,LONG,RUNNING
="2026-08-07 20:20:33",64973,554035,133351,420684,100000,+0.0314,0.0080,+0.0,+0.0000,LONG,RUNNING
="2026-08-07 20:20:34",64973,554035,133351,420684,100000,+0.0314,0.0080,+0.0,+0.0000,LONG,RUNNING
="2026-08-07 20:20:35",64973,554035,133351,420684,100000,-0.0188,0.0080,+0.0,+0.0000,LONG,RUNNING
="2026-08-07 20:20:36",64973,554035,133351,420684,100000,-0.0188,0.0080,+0.0,+0.0000,LONG,RUNNING
="2026-08-07 20:20:37",64973,554035,133351,420684,100000,-0.0188,0.0080,+0.0,+0.0000,LONG,RUNNING
="2026-08-07 20:20:38",64973,554035,133351,420684,100000,-0.0184,0.0080,+0.0,+0.0000,LONG,RUNNING
="2026-08-07 20:20:39",64973,543643,122959,420684,100000,-0.0184,0.0080,+0.0,+0.0000,LONG,RUNNING
="2026-08-07 20:20:40",64973,436217,15533,420684,100000,-0.0176,0.0080,+0.0,+0.0000,LONG,RUNNING
="2026-08-07 20:20:41",64973,436217,15533,420684,100000,-0.0176,0.0080,+0.0,+0.0000,LONG,RUNNING
="2026-08-07 20:20:42",64973,420684,0,420684,100000,-0.0176,0.0080,+0.0,+0.0000,LONG,RUNNING
="2026-08-07 20:20:43",64973,420684,0,420684,100000,-0.0176,0.0080,+0.0,+0.0000,LONG,RUNNING
="2026-08-07 20:20:44",64973,420684,0,420684,100000,-0.0152,0.0080,+0.0,+0.0000,LONG,RUNNING
="2026-08-07 20:20:45",64977,420684,0,420684,100000,-0.0152,0.0080,+0.0,+0.0000,LONG,RUNNING
="2026-08-07 20:20:46",64978,420684,0,420684,100000,-0.0154,0.0080,+0.0,+0.0000,LONG,RUNNING
="2026-08-07 20:20:47",64979,420684,0,420684,100000,-0.0089,0.0080,+0.0,+0.0000,LONG,RUNNING
="2026-08-07 20:20:48",64979,420684,0,420684,100000,-0.0089,0.0080,+0.0,+0.0000,LONG,RUNNING
="2026-08-07 20:20:49",64979,420684,0,420684,100000,-0.0091,0.0080,+0.0,+0.0000,LONG,RUNNING
="2026-08-07 20:20:50",64979,420684,0,420684,100000,-0.0091,0.0080,+0.0,+0.0000,LONG,RUNNING
="2026-08-07 20:20:51",64979,420684,0,420684,300000,-0.0091,0.1500,+0.0,+0.0000,NONE,RUNNING
="2026-08-07 20:20:52",64979,420684,0,420684,300000,-0.0091,0.1500,+0.0,+0.0000,NONE,RUNNING
="2026-08-07 20:20:53",64982,505243,0,505243,300000,-0.0052,0.1500,+0.0,+0.0000,NONE,RUNNING
="2026-08-07 20:20:54",64983,505243,0,505243,300000,-0.0052,0.1500,+0.0,+0.0000,NONE,RUNNING
="2026-08-07 20:20:55",64983,505243,0,505243,300000,-0.0045,0.1500,+0.0,+0.0000,NONE,RUNNING
="2026-08-07 20:20:56",64983,505243,0,505243,300000,-0.0049,0.1500,+0.0,+0.0000,NONE,RUNNING
="2026-08-07 20:20:57",64983,505243,0,505243,300000,-0.0049,0.1500,+0.0,+0.0000,NONE,RUNNING
="2026-08-07 20:20:58",64983,505243,0,505243,300000,-0.0049,0.1500,+0.0,+0.0000,NONE,RUNNING
="2026-08-07 20:20:59",64983,505243,0,505243,300000,-0.0049,0.1500,+0.0,+0.0000,NONE,RUNNING
="2026-08-07 20:21:00",64983,505243,0,505243,300000,-0.0017,0.1500,+0.0,+0.0000,NONE,RUNNING
="2026-08-07 20:21:01",64983,505243,0,505243,300000,+0.0032,0.1500,+0.0,+0.0000,NONE,RUNNING
="2026-08-07 20:21:02",64986,505243,0,505243,300000,+0.0032,0.1500,+0.0,+0.0000,NONE,RUNNING
="2026-08-07 20:21:03",64986,505243,0,505243,300000,+0.0049,0.1500,+0.0,+0.0000,NONE,RUNNING
="2026-08-07 20:21:04",64987,505243,0,505243,300000,-0.0135,0.1500,+0.0,+0.0000,NONE,RUNNING
="2026-08-07 20:21:05",64987,505243,0,505243,300000,-0.0138,0.1500,+0.0,+0.0000,NONE,RUNNING
="2026-08-07 20:21:06",64999,608022,0,608022,300000,-0.0138,0.1500,+0.0,+0.0000,NONE,RUNNING
="2026-08-07 20:21:07",65006,608022,0,608022,300000,-0.0138,0.1500,+0.0,+0.0000,NONE,RUNNING
="2026-08-07 20:21:08",65007,622187,14164,608022,300000,-0.0138,0.1500,+0.0,+0.0000,NONE,RUNNING
="2026-08-07 20:21:09",65009,201502,14164,187337,300000,-0.0131,0.1500,+0.0,+0.0000,NONE,RUNNING
="2026-08-07 20:21:10",65009,201502,14164,187337,300000,-0.0036,0.1500,+0.0,+0.0000,NONE,RUNNING
="2026-08-07 20:21:11",65009,201502,14164,187337,300000,-0.0034,0.1500,+0.0,+0.0000,NONE,RUNNING
="2026-08-07 20:21:12",65009,201502,14164,187337,300000,-0.0034,0.1500,+0.0,+0.0000,NONE,RUNNING
="2026-08-07 20:21:13",65017,201502,14164,187337,300000,-0.0018,0.1500,+0.0,+0.0000,NONE,RUNNING
="2026-08-07 20:21:14",65017,201502,14164,187337,300000,-0.0018,0.1500,+0.0,+0.0000,NONE,RUNNING
="2026-08-07 20:21:15",65017,201502,14164,187337,300000,-0.0017,0.1500,+0.0,+0.0000,NONE,RUNNING
="2026-08-07 20:21:16",65017,201502,14164,187337,300000,-0.0018,0.1500,+0.0,+0.0000,NONE,RUNNING
="2026-08-07 20:21:17",65017,201502,14164,187337,300000,-0.0021,0.1500,+0.0,+0.0000,NONE,RUNNING
="2026-08-07 20:21:18",65017,214948,27610,187337,300000,-0.0021,0.1500,+0.0,+0.0000,NONE,RUNNING
="2026-08-07 20:21:19",65017,214948,27610,187337,300000,-0.0119,0.1500,+0.0,+0.0000,NONE,RUNNING
="2026-08-07 20:21:20",65017,214948,27610,187337,300000,-0.0119,0.1500,+0.0,+0.0000,NONE,RUNNING
="2026-08-07 20:21:21",65017,214948,27610,187337,300000,-0.0118,0.1500,+0.0,+0.0000,NONE,RUNNING
="2026-08-07 20:21:22",65017,214948,27610,187337,300000,-0.0118,0.1500,+0.0,+0.0000,NONE,RUNNING
="2026-08-07 20:21:23",65017,214948,27610,187337,300000,-0.0114,0.1500,+0.0,+0.0000,NONE,RUNNING
="2026-08-07 20:21:24",65018,214948,27610,187337,300000,-0.0114,0.1500,+0.0,+0.0000,NONE,RUNNING
="2026-08-07 20:21:25",65018,320621,27610,293010,300000,-0.0142,0.1500,+0.0,+0.0000,NONE,RUNNING
="2026-08-07 20:21:26",65018,320621,27610,293010,300000,-0.0142,0.1500,+0.0,+0.0000,NONE,RUNNING
="2026-08-07 20:21:27",65018,320621,27610,293010,300000,-0.0140,0.1500,+0.0,+0.0000,NONE,RUNNING
="2026-08-07 20:21:28",65017,320621,27610,293010,300000,-0.0046,0.1500,+0.0,+0.0000,NONE,RUNNING
="2026-08-07 20:21:29",65017,320621,27610,293010,300000,-0.0046,0.1500,+0.0,+0.0000,NONE,RUNNING
="2026-08-07 20:21:30",65018,320621,27610,293010,300000,-0.0046,0.1500,+0.0,+0.0000,NONE,RUNNING
="2026-08-07 20:21:31",65017,320621,27610,293010,300000,-0.0046,0.1500,+0.0,+0.0000,NONE,RUNNING
="2026-08-07 20:21:32",65018,320621,27610,293010,300000,-0.0046,0.1500,+0.0,+0.0000,NONE,RUNNING
="2026-08-07 20:21:33",65017,337017,44007,293010,300000,-0.0044,0.1500,+0.0,+0.0000,NONE,RUNNING
="2026-08-07 20:21:34",65017,337017,44007,293010,300000,-0.0044,0.1500,+0.0,+0.0000,NONE,RUNNING
="2026-08-07 20:21:35",65018,337017,44007,293010,300000,-0.0050,0.1500,+0.0,+0.0000,NONE,RUNNING
="2026-08-07 20:21:36",65018,379124,70180,308944,300000,-0.0050,0.1500,+0.0,+0.0000,NONE,RUNNING
="2026-08-07 20:21:37",65020,430606,85208,345397,300000,-0.0062,0.1500,+0.0,+0.0000,NONE,RUNNING
="2026-08-07 20:21:38",65024,430606,85208,345397,300000,-0.0062,0.1500,+0.0,+0.0000,NONE,RUNNING
="2026-08-07 20:21:39",65024,430606,85208,345397,300000,-0.0062,0.1500,+0.0,+0.0000,NONE,RUNNING
="2026-08-07 20:21:40",65024,430606,85208,345397,300000,-0.0019,0.1500,+0.0,+0.0000,NONE,RUNNING
="2026-08-07 20:21:41",65025,430606,85208,345397,300000,-0.0019,0.1500,+0.0,+0.0000,NONE,RUNNING
="2026-08-07 20:21:42",65025,530778,85208,445570,300000,-0.0019,0.1500,+0.0,+0.0000,NONE,RUNNING
="2026-08-07 20:21:43",65034,530778,85208,445570,300000,-0.0006,0.1500,+0.0,+0.0000,NONE,RUNNING
="2026-08-07 20:21:44",65034,530778,85208,445570,300000,-0.0006,0.1500,+0.0,+0.0000,NONE,RUNNING
="2026-08-07 20:21:46",65033,530778,85208,445570,300000,-0.0005,0.1500,+0.0,+0.0000,NONE,RUNNING
="2026-08-07 20:21:47",65033,530778,85208,445570,300000,-0.0005,0.1500,+0.0,+0.0000,NONE,RUNNING
="2026-08-07 20:21:48",65033,530778,85208,445570,300000,-0.0005,0.1500,+0.0,+0.0000,NONE,RUNNING
="2026-08-07 20:21:49",65033,530778,85208,445570,300000,-0.0003,0.1500,+0.0,+0.0000,NONE,RUNNING
="2026-08-07 20:21:50",65033,530778,85208,445570,300000,-0.0222,0.1500,+0.0,+0.0000,NONE,RUNNING
="2026-08-07 20:21:51",65033,530778,85208,445570,300000,-0.0222,0.1500,+0.0,+0.0000,NONE,RUNNING
="2026-08-07 20:22:14",65099,1884468,143788,1740679,300000,+0.1093,0.1500,+0.0,+0.0000,NONE,RUNNING
="2026-08-07 20:22:15",65106,1884468,143788,1740679,300000,+0.1093,0.1500,+0.0,+0.0000,NONE,RUNNING
="2026-08-07 20:22:16",65111,1884468,143788,1740679,300000,+0.1093,0.1500,+0.0,+0.0000,NONE,RUNNING
="2026-08-07 20:22:17",65120,2087376,206832,1880544,300000,+0.1094,0.1500,+0.0,+0.0000,NONE,RUNNING
="2026-08-07 20:22:18",65120,2087376,206832,1880544,300000,+0.1094,0.1500,+0.0,+0.0000,NONE,RUNNING
="2026-08-07 20:22:19",65119,2105636,225092,1880544,300000,+0.1094,0.1500,+0.0,+0.0000,NONE,RUNNING
="2026-08-07 20:22:20",65115,2105636,225092,1880544,300000,+0.1115,0.1500,+0.0,+0.0000,NONE,RUNNING
="2026-08-07 20:22:21",65104,2267093,386549,1880544,300000,+0.1115,0.1500,+0.0,+0.0000,NONE,RUNNING
="2026-08-07 20:22:22",65104,2267093,386549,1880544,300000,+0.1112,0.1500,+0.0,+0.0000,NONE,RUNNING
="2026-08-07 20:22:23",65104,2267093,386549,1880544,300000,+0.1112,0.1500,+0.0,+0.0000,NONE,RUNNING
="2026-08-07 20:22:24",65106,2267093,386549,1880544,300000,+0.1112,0.1500,+0.0,+0.0000,NONE,RUNNING
="2026-08-07 20:22:25",65106,2267093,386549,1880544,300000,+0.1140,0.1500,+0.0,+0.0000,NONE,RUNNING
="2026-08-07 20:22:26",65106,2161420,386549,1774871,300000,+0.1140,0.1500,+0.0,+0.0000,NONE,RUNNING
="2026-08-07 20:22:27",65104,2161420,386549,1774871,300000,+0.1002,0.1500,+0.0,+0.0000,NONE,RUNNING
="2026-08-07 20:22:28",65104,2161420,386549,1774871,300000,+0.0907,0.1500,+0.0,+0.0000,NONE,RUNNING
="2026-08-07 20:22:29",65104,2161420,386549,1774871,300000,+0.0907,0.1500,+0.0,+0.0000,NONE,RUNNING
="2026-08-07 20:22:30",65104,2161420,386549,1774871,300000,+0.0907,0.1500,+0.0,+0.0000,NONE,RUNNING
="2026-08-07 20:22:31",65104,2161420,386549,1774871,300000,+0.0907,0.1500,+0.0,+0.0000,NONE,RUNNING
="2026-08-07 20:22:32",65104,2161420,386549,1774871,300000,+0.0907,0.1500,+0.0,+0.0000,NONE,RUNNING
="2026-08-07 20:22:33",65104,2157307,370152,1787154,300000,+0.0887,0.1500,+0.0,+0.0000,NONE,RUNNING
="2026-08-07 20:22:34",65104,2157307,370152,1787154,300000,+0.0887,0.1500,+0.0,+0.0000,NONE,RUNNING
="2026-08-07 20:22:35",65104,2157307,370152,1787154,300000,+0.0893,0.1500,+0.0,+0.0000,NONE,RUNNING
="2026-08-07 20:22:36",65104,2115200,343979,1771220,300000,+0.0893,0.1500,+0.0,+0.0000,NONE,RUNNING
="2026-08-07 20:22:37",65104,2078747,343979,1734767,300000,+0.0904,0.1500,+0.0,+0.0000,NONE,RUNNING
="2026-08-07 20:22:38",65104,2164825,328951,1835874,300000,+0.0882,0.1500,+0.0,+0.0000,NONE,RUNNING
="2026-08-07 20:22:39",65107,2190868,354994,1835874,300000,+0.0882,0.1500,+0.0,+0.0000,NONE,RUNNING
="2026-08-07 20:22:40",65112,2190868,354994,1835874,300000,+0.0831,0.1500,+0.0,+0.0000,NONE,RUNNING
="2026-08-07 20:22:41",65112,2190868,354994,1835874,300000,+0.0831,0.1500,+0.0,+0.0000,NONE,RUNNING
="2026-08-07 20:22:42",65112,2169407,354994,1814413,300000,+0.0840,0.1500,+0.0,+0.0000,NONE,RUNNING
="2026-08-07 20:22:43",65113,2090695,354994,1735701,300000,+0.0827,0.1500,+0.0,+0.0000,NONE,RUNNING
="2026-08-07 20:22:44",65117,2090695,354994,1735701,300000,+0.0827,0.1500,+0.0,+0.0000,NONE,RUNNING
="2026-08-07 20:22:45",65117,2090695,354994,1735701,300000,+0.0839,0.1500,+0.0,+0.0000,NONE,RUNNING
="2026-08-07 20:22:46",65118,2587888,479850,2108038,300000,+0.0839,0.1500,+0.0,+0.0000,NONE,RUNNING
="2026-08-07 20:22:47",65134,2621370,513331,2108038,300000,+0.0839,0.1500,+0.0,+0.0000,NONE,RUNNING
="2026-08-07 20:22:48",65140,2691126,513331,2177794,300000,+0.0676,0.1500,+0.0,+0.0000,NONE,RUNNING
="2026-08-07 20:22:49",65140,2706365,528571,2177794,300000,+0.0896,0.1500,+0.0,+0.0000,NONE,RUNNING
="2026-08-07 20:22:50",65140,2718424,528571,2189853,300000,+0.0896,0.1500,+0.0,+0.0000,NONE,RUNNING
="2026-08-07 20:22:51",65140,2718424,528571,2189853,300000,+0.0896,0.1500,+0.0,+0.0000,NONE,RUNNING
="2026-08-07 20:22:52",65150,2839251,528571,2310680,300000,+0.0923,0.1500,+0.0,+0.0000,NONE,RUNNING
="2026-08-07 20:22:53",65155,2839251,528571,2310680,300000,+0.0923,0.1500,+0.0,+0.0000,NONE,RUNNING
="2026-08-07 20:22:54",65156,2849676,528571,2321105,300000,+0.0781,0.1500,+0.0,+0.0000,NONE,RUNNING
="2026-08-07 20:22:55",65157,2849676,528571,2321105,300000,+0.0781,0.1500,+0.0,+0.0000,NONE,RUNNING
="2026-08-07 20:22:56",65157,2849676,528571,2321105,300000,+0.0775,0.1500,+0.0,+0.0000,NONE,RUNNING
="2026-08-07 20:22:57",65157,2849676,528571,2321105,300000,+0.0612,0.1500,+0.0,+0.0000,NONE,RUNNING
="2026-08-07 20:22:58",65157,2849676,528571,2321105,300000,+0.0612,0.1500,+0.0,+0.0000,NONE,RUNNING
="2026-08-07 20:22:59",65157,2861246,540141,2321105,300000,+0.0616,0.1500,+0.0,+0.0000,NONE,RUNNING
="2026-08-07 20:23:00",65157,2861246,540141,2321105,300000,+0.0616,0.1500,+0.0,+0.0000,NONE,RUNNING
="2026-08-07 20:23:01",65157,2861246,540141,2321105,300000,+0.0616,0.1500,+0.0,+0.0000,NONE,RUNNING
="2026-08-07 20:23:02",65157,2925247,540141,2385106,300000,+0.0618,0.1500,+0.0,+0.0000,NONE,RUNNING
="2026-08-07 20:23:03",65166,2925247,540141,2385106,300000,+0.0650,0.1500,+0.0,+0.0000,NONE,RUNNING
="2026-08-07 20:23:04",65167,2991866,572730,2419136,300000,+0.0650,0.1500,+0.0,+0.0000,NONE,RUNNING
="2026-08-07 20:23:05",65178,2991866,572730,2419136,300000,+0.0529,0.1500,+0.0,+0.0000,NONE,RUNNING
="2026-08-07 20:23:06",65178,2991866,572730,2419136,300000,+0.0529,0.1500,+0.0,+0.0000,NONE,RUNNING
="2026-08-07 20:23:07",65178,3008680,589544,2419136,300000,+0.0377,0.1500,+0.0,+0.0000,NONE,RUNNING
="2026-08-07 20:23:08",65178,2298640,526884,1771755,300000,+0.0377,0.1500,+0.0,+0.0000,NONE,RUNNING
="2026-08-07 20:23:09",65178,2361245,688685,1672560,300000,+0.0544,0.1500,+0.0,+0.0000,NONE,RUNNING
="2026-08-07 20:23:10",65171,2386542,688685,1697856,300000,+0.0550,0.1500,+0.0,+0.0000,NONE,RUNNING
="2026-08-07 20:23:11",65171,2431500,688685,1742814,300000,+0.0550,0.1500,+0.0,+0.0000,NONE,RUNNING
="2026-08-07 20:23:12",65178,2412558,703187,1709371,300000,+0.0506,0.1500,+0.0,+0.0000,NONE,RUNNING
="2026-08-07 20:23:13",65178,2258582,703187,1555395,300000,+0.0506,0.1500,+0.0,+0.0000,NONE,RUNNING
="2026-08-07 20:23:14",65178,1710130,703187,1006943,300000,-0.0686,0.1500,+0.0,+0.0000,NONE,RUNNING
="2026-08-07 20:23:15",65178,1710130,703187,1006943,300000,-0.0686,0.1500,+0.0,+0.0000,NONE,RUNNING
="2026-08-07 20:23:17",65178,1570265,703187,867078,300000,-0.0651,0.1500,+0.0,+0.0000,NONE,RUNNING
="2026-08-07 20:23:18",65178,1507222,640143,867078,300000,-0.0651,0.1500,+0.0,+0.0000,NONE,RUNNING
="2026-08-07 20:23:19",65178,1475516,608438,867078,300000,-0.0651,0.1500,+0.0,+0.0000,NONE,RUNNING
="2026-08-07 20:23:20",65178,1475516,608438,867078,300000,-0.0657,0.1500,+0.0,+0.0000,NONE,RUNNING
="2026-08-07 20:23:21",65179,1314059,446981,867078,300000,-0.0580,0.1500,+0.0,+0.0000,NONE,RUNNING
="2026-08-07 20:23:22",65181,1330452,446981,883471,300000,-0.0580,0.1500,+0.0,+0.0000,NONE,RUNNING
="2026-08-07 20:23:23",65189,1344033,446981,897052,300000,-0.0580,0.1500,+0.0,+0.0000,NONE,RUNNING
="2026-08-07 20:23:24",65189,1344033,446981,897052,300000,-0.0580,0.1500,+0.0,+0.0000,NONE,RUNNING
="2026-08-07 20:23:25",65189,1356564,446981,909583,300000,-0.0731,0.1500,+0.0,+0.0000,NONE,RUNNING
="2026-08-07 20:23:26",65189,1386564,446981,939583,300000,-0.0731,0.1500,+0.0,+0.0000,NONE,RUNNING
="2026-08-07 20:23:27",65189,1450585,446981,1003604,300000,-0.0593,0.1500,+0.0,+0.0000,NONE,RUNNING
="2026-08-07 20:23:28",65189,1450585,446981,1003604,300000,-0.0593,0.1500,+0.0,+0.0000,NONE,RUNNING
="2026-08-07 20:23:29",65189,1450585,446981,1003604,300000,-0.0517,0.1500,+0.0,+0.0000,NONE,RUNNING
="2026-08-07 20:23:30",65189,1517782,446981,1070801,300000,-0.0517,0.1500,+0.0,+0.0000,NONE,RUNNING
="2026-08-07 20:23:31",65205,2399846,446981,1952865,300000,-0.0517,0.1500,+0.0,+0.0000,NONE,RUNNING
="2026-08-07 20:23:32",65205,2436295,483429,1952865,300000,-0.0528,0.1500,+0.0,+0.0000,NONE,RUNNING
="2026-08-07 20:23:33",65205,2441021,483429,1957591,300000,-0.0507,0.1500,+0.0,+0.0000,NONE,RUNNING
="2026-08-07 20:23:34",65211,2441021,483429,1957591,300000,-0.0606,0.1500,+0.0,+0.0000,NONE,RUNNING
="2026-08-07 20:23:35",65211,2441021,483429,1957591,300000,-0.0606,0.1500,+0.0,+0.0000,NONE,RUNNING
="2026-08-07 20:23:36",65211,2441021,483429,1957591,300000,-0.0606,0.1500,+0.0,+0.0000,NONE,RUNNING
="2026-08-07 20:23:37",65211,2628984,671393,1957591,300000,-0.0688,0.1500,+0.0,+0.0000,NONE,RUNNING
="2026-08-07 20:23:38",65191,2623288,681430,1941857,300000,-0.0688,0.1500,+0.0,+0.0000,NONE,RUNNING
="2026-08-07 20:23:39",65191,2719952,850707,1869245,300000,-0.0666,0.1500,+0.0,+0.0000,NONE,RUNNING
="2026-08-07 20:23:40",65168,2759127,889881,1869245,300000,-0.0598,0.1500,+0.0,+0.0000,NONE,RUNNING
="2026-08-07 20:23:41",65175,3020515,889881,2130634,300000,-0.0598,0.1500,+0.0,+0.0000,NONE,RUNNING
="2026-08-07 20:23:42",65178,3020515,889881,2130634,300000,-0.0606,0.1500,+0.0,+0.0000,NONE,RUNNING
="2026-08-07 20:23:43",65190,3034406,889881,2144525,300000,-0.0513,0.1500,+0.0,+0.0000,NONE,RUNNING
="2026-08-07 20:23:44",65190,3049924,905398,2144525,300000,-0.0513,0.1500,+0.0,+0.0000,NONE,RUNNING
="2026-08-07 20:23:45",65187,3049924,905398,2144525,300000,-0.0526,0.1500,+0.0,+0.0000,NONE,RUNNING
="2026-08-07 20:23:46",65187,2661940,889752,1772188,300000,-0.0526,0.1500,+0.0,+0.0000,NONE,RUNNING
="2026-08-07 20:23:47",65187,2519249,747061,1772188,300000,-0.0539,0.1500,+0.0,+0.0000,NONE,RUNNING
="2026-08-07 20:23:48",65187,2449493,747061,1702432,300000,-0.0375,0.1500,+0.0,+0.0000,NONE,RUNNING
="2026-08-07 20:23:49",65187,2449493,747061,1702432,300000,-0.0394,0.1500,+0.0,+0.0000,NONE,RUNNING
="2026-08-07 20:23:50",65187,2468626,731821,1736804,300000,-0.0394,0.1500,+0.0,+0.0000,NONE,RUNNING
="2026-08-07 20:23:51",65187,2456567,731821,1724745,300000,-0.0394,0.1500,+0.0,+0.0000,NONE,RUNNING
="2026-08-07 20:23:52",65187,2335740,731821,1603918,300000,-0.0386,0.1500,+0.0,+0.0000,NONE,RUNNING
="2026-08-07 20:23:53",65187,2335740,731821,1603918,300000,-0.0386,0.1500,+0.0,+0.0000,NONE,RUNNING
="2026-08-07 20:23:54",65185,2325315,731821,1593493,300000,-0.0244,0.1500,+0.0,+0.0000,NONE,RUNNING
="2026-08-07 20:23:55",65171,2496217,902723,1593493,300000,-0.0244,0.1500,+0.0,+0.0000,NONE,RUNNING
="2026-08-07 20:23:56",65171,2496217,902723,1593493,300000,-0.0244,0.1500,+0.0,+0.0000,NONE,RUNNING
="2026-08-07 20:23:57",65157,2496217,902723,1593493,300000,-0.0081,0.1500,+0.0,+0.0000,NONE,RUNNING
="2026-08-07 20:24:20",65141,2899893,1416649,1483243,300000,+0.0759,0.1500,+0.0,+0.0000,NONE,RUNNING
="2026-08-07 20:24:21",65134,2883501,1416649,1466851,300000,+0.0759,0.1500,+0.0,+0.0000,NONE,RUNNING
="2026-08-07 20:24:22",65134,2869919,1416649,1453269,300000,+0.0759,0.1500,+0.0,+0.0000,NONE,RUNNING
="2026-08-07 20:24:23",65133,2869919,1416649,1453269,300000,+0.0759,0.1500,+0.0,+0.0000,NONE,RUNNING
="2026-08-07 20:24:24",65133,2941147,1416649,1524497,300000,+0.0893,0.1500,+0.0,+0.0000,NONE,RUNNING
="2026-08-07 20:24:25",65151,2931193,1449225,1481967,300000,+0.1045,0.1500,+0.0,+0.0000,NONE,RUNNING
="2026-08-07 20:24:26",65151,2931193,1449225,1481967,300000,+0.1049,0.1500,+0.0,+0.0000,NONE,RUNNING
="2026-08-07 20:24:34",0,0,0,0,300000,+0.0000,0.1500,+0.0,+0.0000,NONE,RUNNING
="2026-08-07 20:25:34",65135,449854,315404,134449,300000,-0.0654,0.1500,+0.0,+0.0000,NONE,RUNNING
="2026-08-07 20:26:34",65085,550133,463157,86975,300000,+0.0033,0.1500,+0.0,+0.0000,NONE,RUNNING
="2026-08-07 20:27:34",65113,578801,255040,323761,300000,+0.0157,0.1500,+0.0,+0.0000,NONE,RUNNING
="2026-08-07 20:28:35",65116,146959,58692,88266,300000,-0.0082,0.1500,+0.0,+0.0000,NONE,RUNNING
="2026-08-07 20:29:35",65088,476066,411084,64981,300000,-0.0042,0.1500,+0.0,+0.0000,NONE,RUNNING
="2026-08-07 20:30:35",65053,517552,439409,78142,300000,+0.0146,0.1500,+0.0,+0.0000,NONE,RUNNING
="2026-08-07 20:31:35",65073,211139,63231,147908,300000,-0.0060,0.1500,+0.0,+0.0000,NONE,RUNNING
="2026-08-07 20:32:35",65056,274310,260481,13829,300000,+0.0063,0.1500,+0.0,+0.0000,NONE,RUNNING
="2026-08-07 20:33:35",65022,738173,706269,31903,300000,-0.0058,0.1500,+0.0,+0.0000,NONE,RUNNING
="2026-08-07 20:34:35",65027,325392,10331,315061,300000,-0.0038,0.1500,+0.0,+0.0000,NONE,RUNNING
="2026-08-07 20:35:35",65030,271355,177162,94193,300000,+0.0162,0.1500,+0.0,+0.0000,NONE,RUNNING
="2026-08-07 20:36:35",65051,421473,206574,214899,300000,-0.0004,0.1500,+0.0,+0.0000,NONE,RUNNING
="2026-08-07 20:37:35",65040,333864,259789,74074,300000,-0.0013,0.1500,+0.0,+0.0000,NONE,RUNNING
="2026-08-07 20:38:35",65034,262628,218412,44216,300000,+0.0066,0.1500,+0.0,+0.0000,NONE,RUNNING
="2026-08-07 20:39:35",65075,734757,265078,469678,300000,-0.0046,0.1500,+0.0,+0.0000,NONE,RUNNING
="2026-08-07 20:40:35",65069,443789,263660,180129,300000,-0.0126,0.1500,+0.0,+0.0000,NONE,RUNNING
="2026-08-07 20:41:35",65048,240983,98210,142773,300000,+0.0024,0.1500,+0.0,+0.0000,NONE,RUNNING
="2026-08-07 20:42:35",65053,72689,62675,10013,300000,+0.0035,0.1500,+0.0,+0.0000,NONE,RUNNING
="2026-08-07 20:43:35",65053,59321,59321,0,300000,-0.0312,0.1500,+0.0,+0.0000,NONE,RUNNING
="2026-08-07 20:44:35",65044,1066005,374678,691326,300000,-0.0205,0.1500,+0.0,+0.0000,NONE,RUNNING
="2026-08-07 20:45:04",65026,620375,620375,0,300000,-0.0782,0.1500,+0.0,+0.0000,NONE,RUNNING
="2026-08-07 20:45:05",65026,620375,620375,0,300000,-0.0782,0.1500,+0.0,+0.0000,NONE,RUNNING
="2026-08-07 20:45:06",65026,453497,453497,0,300000,-0.0784,0.1500,+0.0,+0.0000,NONE,RUNNING
="2026-08-07 20:45:07",65026,453497,453497,0,300000,-0.0805,0.1500,+0.0,+0.0000,NONE,RUNNING
="2026-08-07 20:45:08",65026,453497,453497,0,300000,-0.0805,0.1500,+0.0,+0.0000,NONE,RUNNING
="2026-08-07 20:45:09",65026,453497,453497,0,300000,-0.0805,0.1500,+0.0,+0.0000,NONE,RUNNING
="2026-08-07 20:45:10",65026,453497,453497,0,300000,-0.0805,0.1500,+0.0,+0.0000,NONE,RUNNING
="2026-08-07 20:45:11",65026,453497,453497,0,300000,-0.0805,0.1500,+0.0,+0.0000,NONE,RUNNING
="2026-08-07 20:45:12",65026,453497,453497,0,300000,-0.0654,0.1500,+0.0,+0.0000,NONE,RUNNING
="2026-08-07 20:45:13",65026,453497,453497,0,300000,-0.0659,0.1500,+0.0,+0.0000,NONE,RUNNING
="2026-08-07 20:45:14",65026,441160,441160,0,300000,-0.0659,0.1500,+0.0,+0.0000,NONE,RUNNING
="2026-08-07 20:45:15",65026,349209,349209,0,300000,-0.0646,0.1500,+0.0,+0.0000,NONE,RUNNING
="2026-08-07 20:45:16",65026,349209,349209,0,300000,-0.0646,0.1500,+0.0,+0.0000,NONE,RUNNING
="2026-08-07 20:45:17",65026,349209,349209,0,300000,-0.0651,0.1500,+0.0,+0.0000,NONE,RUNNING
="2026-08-07 20:45:18",65026,349209,349209,0,300000,-0.0651,0.1500,+0.0,+0.0000,NONE,RUNNING
="2026-08-07 20:45:19",65026,349209,349209,0,300000,-0.0651,0.1500,+0.0,+0.0000,NONE,RUNNING
="2026-08-07 20:45:20",65026,349209,349209,0,300000,-0.0653,0.1500,+0.0,+0.0000,NONE,RUNNING
="2026-08-07 20:45:21",65026,349209,349209,0,300000,-0.0608,0.1500,+0.0,+0.0000,NONE,RUNNING
="2026-08-07 20:45:22",65026,349209,349209,0,300000,-0.0608,0.1500,+0.0,+0.0000,NONE,RUNNING
="2026-08-07 20:45:23",65026,349209,349209,0,300000,-0.0608,0.1500,+0.0,+0.0000,NONE,RUNNING
="2026-08-07 20:45:24",65026,349209,349209,0,300000,-0.0608,0.1500,+0.0,+0.0000,NONE,RUNNING
="2026-08-07 20:45:25",65026,349209,349209,0,300000,-0.0608,0.1500,+0.0,+0.0000,NONE,RUNNING
="2026-08-07 20:45:26",65026,349209,349209,0,300000,-0.0606,0.1500,+0.0,+0.0000,NONE,RUNNING
="2026-08-07 20:45:27",65026,349209,349209,0,300000,-0.0606,0.1500,+0.0,+0.0000,NONE,RUNNING
="2026-08-07 20:45:28",65026,349209,349209,0,300000,-0.0611,0.1500,+0.0,+0.0000,NONE,RUNNING
="2026-08-07 20:45:29",65026,349209,349209,0,300000,-0.0619,0.1500,+0.0,+0.0000,NONE,RUNNING
="2026-08-07 20:45:30",65026,349209,349209,0,300000,-0.0619,0.1500,+0.0,+0.0000,NONE,RUNNING
="2026-08-07 20:45:31",65026,349209,349209,0,300000,-0.0619,0.1500,+0.0,+0.0000,NONE,RUNNING
="2026-08-07 20:45:32",65026,349209,349209,0,300000,-0.0620,0.1500,+0.0,+0.0000,NONE,RUNNING
="2026-08-07 20:45:33",65026,349209,349209,0,300000,-0.0620,0.1500,+0.0,+0.0000,NONE,RUNNING
="2026-08-07 20:45:34",65026,349209,349209,0,300000,-0.0619,0.1500,+0.0,+0.0000,NONE,RUNNING
="2026-08-07 20:45:35",65026,349209,349209,0,300000,-0.0647,0.1500,+0.0,+0.0000,NONE,RUNNING
="2026-08-07 20:45:36",65026,428823,349209,79614,300000,-0.0636,0.1500,+0.0,+0.0000,NONE,RUNNING
="2026-08-07 20:45:38",65029,415863,336249,79614,300000,-0.0636,0.1500,+0.0,+0.0000,NONE,RUNNING
="2026-08-07 20:45:39",65030,415863,336249,79614,300000,-0.0711,0.1500,+0.0,+0.0000,NONE,RUNNING
="2026-08-07 20:45:40",65031,415863,336249,79614,300000,-0.0711,0.1500,+0.0,+0.0000,NONE,RUNNING
="2026-08-07 20:45:41",65031,415863,336249,79614,300000,-0.0710,0.1500,+0.0,+0.0000,NONE,RUNNING
="2026-08-07 20:45:42",65031,415863,336249,79614,300000,-0.0710,0.1500,+0.0,+0.0000,NONE,RUNNING
="2026-08-07 20:45:43",65031,415863,336249,79614,300000,-0.0730,0.1500,+0.0,+0.0000,NONE,RUNNING
="2026-08-07 20:45:44",65031,415863,336249,79614,300000,-0.0730,0.1500,+0.0,+0.0000,NONE,RUNNING
="2026-08-07 20:45:45",65031,415863,336249,79614,300000,-0.0732,0.1500,+0.0,+0.0000,NONE,RUNNING
="2026-08-07 20:45:46",65031,415863,336249,79614,300000,-0.0732,0.1500,+0.0,+0.0000,NONE,RUNNING
="2026-08-07 20:45:47",65031,415863,336249,79614,300000,-0.0732,0.1500,+0.0,+0.0000,NONE,RUNNING
="2026-08-07 20:45:48",65031,415863,336249,79614,300000,-0.0742,0.1500,+0.0,+0.0000,NONE,RUNNING
="2026-08-07 20:45:49",65031,415863,336249,79614,300000,-0.0742,0.1500,+0.0,+0.0000,NONE,RUNNING
="2026-08-07 20:45:50",65031,415863,336249,79614,300000,-0.0750,0.1500,+0.0,+0.0000,NONE,RUNNING
="2026-08-07 20:45:51",65031,415863,336249,79614,300000,-0.0758,0.1500,+0.0,+0.0000,NONE,RUNNING
="2026-08-07 20:45:52",65031,415863,336249,79614,300000,-0.0758,0.1500,+0.0,+0.0000,NONE,RUNNING
="2026-08-07 20:45:53",65031,98386,18772,79614,300000,-0.0780,0.1500,+0.0,+0.0000,NONE,RUNNING
="2026-08-07 20:45:54",65031,98386,18772,79614,300000,-0.0799,0.1500,+0.0,+0.0000,NONE,RUNNING
="2026-08-07 20:45:55",65031,98386,18772,79614,300000,-0.0799,0.1500,+0.0,+0.0000,NONE,RUNNING
="2026-08-07 20:45:56",65031,98386,18772,79614,300000,-0.0242,0.1500,+0.0,+0.0000,NONE,RUNNING
="2026-08-07 20:45:57",65031,98386,18772,79614,300000,-0.0242,0.1500,+0.0,+0.0000,NONE,RUNNING
="2026-08-07 20:45:58",65031,98386,18772,79614,300000,-0.0241,0.1500,+0.0,+0.0000,NONE,RUNNING
="2026-08-07 20:45:59",65034,143631,18772,124858,300000,-0.0241,0.1500,+0.0,+0.0000,NONE,RUNNING
="2026-08-07 20:46:00",65035,143631,18772,124858,300000,-0.0241,0.1500,+0.0,+0.0000,NONE,RUNNING
="2026-08-07 20:46:01",65035,124858,0,124858,300000,-0.0226,0.1500,+0.0,+0.0000,NONE,RUNNING
="2026-08-07 20:46:02",65035,124858,0,124858,300000,-0.0226,0.1500,+0.0,+0.0000,NONE,RUNNING
="2026-08-07 20:46:03",65035,124858,0,124858,300000,-0.0220,0.1500,+0.0,+0.0000,NONE,RUNNING
="2026-08-07 20:46:04",65035,124858,0,124858,300000,-0.0220,0.1500,+0.0,+0.0000,NONE,RUNNING
="2026-08-07 20:46:05",65037,157458,0,157458,300000,-0.0175,0.1500,+0.0,+0.0000,NONE,RUNNING
="2026-08-07 20:46:06",65043,157458,0,157458,300000,-0.0232,0.1500,+0.0,+0.0000,NONE,RUNNING
="2026-08-07 20:46:07",65043,157458,0,157458,300000,-0.0232,0.1500,+0.0,+0.0000,NONE,RUNNING
="2026-08-07 20:46:08",65043,157458,0,157458,300000,-0.0211,0.1500,+0.0,+0.0000,NONE,RUNNING
="2026-08-07 20:46:09",65043,157458,0,157458,300000,-0.0233,0.1500,+0.0,+0.0000,NONE,RUNNING
="2026-08-07 20:46:10",65043,204980,0,204980,300000,-0.0233,0.1500,+0.0,+0.0000,NONE,RUNNING
="2026-08-07 20:46:11",65043,204980,0,204980,300000,-0.0233,0.1500,+0.0,+0.0000,NONE,RUNNING
="2026-08-07 20:46:12",65043,204980,0,204980,300000,-0.0233,0.1500,+0.0,+0.0000,NONE,RUNNING
="2026-08-07 20:46:13",65043,204980,0,204980,300000,-0.0233,0.1500,+0.0,+0.0000,NONE,RUNNING
="2026-08-07 20:46:14",65043,204980,0,204980,300000,-0.0228,0.1500,+0.0,+0.0000,NONE,RUNNING
="2026-08-07 20:46:15",65043,204980,0,204980,300000,-0.0228,0.1500,+0.0,+0.0000,NONE,RUNNING
="2026-08-07 20:46:16",65043,204980,0,204980,300000,-0.0222,0.1500,+0.0,+0.0000,NONE,RUNNING
="2026-08-07 20:46:17",65043,204980,0,204980,300000,-0.0222,0.1500,+0.0,+0.0000,NONE,RUNNING
="2026-08-07 20:46:18",65043,204980,0,204980,300000,-0.0216,0.1500,+0.0,+0.0000,NONE,RUNNING
="2026-08-07 20:46:19",65043,204980,0,204980,300000,-0.0216,0.1500,+0.0,+0.0000,NONE,RUNNING
="2026-08-07 20:46:20",65043,204980,0,204980,300000,-0.0214,0.1500,+0.0,+0.0000,NONE,RUNNING
="2026-08-07 20:46:21",65043,204980,0,204980,300000,-0.0214,0.1500,+0.0,+0.0000,NONE,RUNNING
="2026-08-07 20:46:22",65043,262200,0,262200,300000,-0.0213,0.1500,+0.0,+0.0000,NONE,RUNNING
="2026-08-07 20:46:23",65043,262200,0,262200,300000,-0.0213,0.1500,+0.0,+0.0000,NONE,RUNNING
="2026-08-07 20:46:24",65043,262200,0,262200,300000,-0.0212,0.1500,+0.0,+0.0000,NONE,RUNNING
="2026-08-07 20:46:25",65043,262200,0,262200,300000,-0.0212,0.1500,+0.0,+0.0000,NONE,RUNNING
="2026-08-07 20:46:26",65043,262200,0,262200,300000,-0.0214,0.1500,+0.0,+0.0000,NONE,RUNNING
="2026-08-07 20:46:27",65043,262200,0,262200,300000,-0.0214,0.1500,+0.0,+0.0000,NONE,RUNNING
="2026-08-07 20:46:28",65043,262200,0,262200,300000,-0.0214,0.1500,+0.0,+0.0000,NONE,RUNNING
="2026-08-07 20:46:29",65043,262200,0,262200,300000,-0.0205,0.1500,+0.0,+0.0000,NONE,RUNNING
="2026-08-07 20:46:30",65043,262200,0,262200,300000,-0.0205,0.1500,+0.0,+0.0000,NONE,RUNNING
="2026-08-07 20:46:31",65043,262200,0,262200,300000,-0.0201,0.1500,+0.0,+0.0000,NONE,RUNNING
="2026-08-07 20:46:32",65043,262200,0,262200,300000,-0.0201,0.1500,+0.0,+0.0000,NONE,RUNNING
="2026-08-07 20:46:33",65043,262200,0,262200,300000,-0.0201,0.1500,+0.0,+0.0000,NONE,RUNNING
="2026-08-07 20:46:34",65043,262200,0,262200,300000,-0.0201,0.1500,+0.0,+0.0000,NONE,RUNNING
="2026-08-07 20:46:35",65043,262200,0,262200,300000,-0.0201,0.1500,+0.0,+0.0000,NONE,RUNNING
="2026-08-07 20:46:36",65043,182586,0,182586,300000,-0.0173,0.1500,+0.0,+0.0000,NONE,RUNNING
="2026-08-07 20:46:37",65043,182586,0,182586,300000,-0.0164,0.1500,+0.0,+0.0000,NONE,RUNNING
="2026-08-07 20:46:38",65043,182586,0,182586,300000,-0.0089,0.1500,+0.0,+0.0000,NONE,RUNNING
="2026-08-07 20:46:39",65043,182586,0,182586,300000,-0.0089,0.1500,+0.0,+0.0000,NONE,RUNNING
="2026-08-07 20:46:40",65043,182586,0,182586,300000,-0.0088,0.1500,+0.0,+0.0000,NONE,RUNNING
="2026-08-07 20:46:41",65043,193243,0,193243,300000,-0.0088,0.1500,+0.0,+0.0000,NONE,RUNNING
="2026-08-07 20:46:42",65043,193243,0,193243,300000,-0.0088,0.1500,+0.0,+0.0000,NONE,RUNNING
="2026-08-07 20:46:43",65043,193243,0,193243,300000,-0.0088,0.1500,+0.0,+0.0000,NONE,RUNNING
="2026-08-07 20:46:44",65043,193243,0,193243,300000,-0.0088,0.1500,+0.0,+0.0000,NONE,RUNNING
="2026-08-07 20:46:45",65043,193243,0,193243,300000,-0.0087,0.1500,+0.0,+0.0000,NONE,RUNNING
="2026-08-07 20:46:46",65043,193243,0,193243,300000,-0.0093,0.1500,+0.0,+0.0000,NONE,RUNNING
="2026-08-07 20:46:47",65043,208370,15126,193243,300000,-0.0093,0.1500,+0.0,+0.0000,NONE,RUNNING
="2026-08-07 20:46:48",65043,208370,15126,193243,300000,-0.0082,0.1500,+0.0,+0.0000,NONE,RUNNING
="2026-08-07 20:46:49",65043,208370,15126,193243,300000,-0.0082,0.1500,+0.0,+0.0000,NONE,RUNNING
="2026-08-07 20:46:50",65043,208370,15126,193243,300000,-0.0082,0.1500,+0.0,+0.0000,NONE,RUNNING
="2026-08-07 20:46:51",65043,208370,15126,193243,300000,-0.0075,0.1500,+0.0,+0.0000,NONE,RUNNING
="2026-08-07 20:47:51",65043,13008,13008,0,300000,-0.0014,0.1500,+0.0,+0.0000,NONE,RUNNING
="2026-08-07 20:48:51",65035,260107,260107,0,300000,+0.0041,0.1500,+0.0,+0.0000,NONE,RUNNING
="2026-08-07 20:49:51",65044,292873,63548,229324,300000,+0.0106,0.1500,+0.0,+0.0000,NONE,RUNNING
="2026-08-07 20:50:51",65044,10498,0,10498,300000,-0.0155,0.1500,+0.0,+0.0000,NONE,RUNNING
="2026-08-07 20:51:52",65036,468909,296149,172760,300000,+0.0032,0.1500,+0.0,+0.0000,NONE,RUNNING
="2026-08-07 20:52:52",65000,444028,393100,50927,300000,+0.0055,0.1500,+0.0,+0.0000,NONE,RUNNING
="2026-08-07 20:53:52",65011,195077,24877,170200,300000,+0.0330,0.1500,+0.0,+0.0000,NONE,RUNNING
="2026-08-07 20:54:52",65023,335819,220143,115675,300000,+0.0055,0.1500,+0.0,+0.0000,NONE,RUNNING
="2026-08-07 20:55:52",65018,268050,175604,92445,300000,+0.0137,0.1500,+0.0,+0.0000,NONE,RUNNING
="2026-08-07 20:56:52",65018,205363,195339,10023,300000,+0.0051,0.1500,+0.0,+0.0000,NONE,RUNNING
="2026-08-07 20:57:52",65018,41106,0,41106,300000,-0.0045,0.1500,+0.0,+0.0000,NONE,RUNNING
="2026-08-07 20:58:52",65020,154223,45785,108438,300000,+0.0063,0.1500,+0.0,+0.0000,NONE,RUNNING
="2026-08-07 20:59:52",65029,285237,0,285237,300000,+0.0117,0.1500,+0.0,+0.0000,NONE,RUNNING
="2026-08-07 21:00:52",65029,164529,47839,116689,300000,-0.0050,0.1500,+0.0,+0.0000,NONE,RUNNING
="2026-08-07 21:01:52",65043,1300551,157482,1143069,300000,+0.0223,0.1500,+0.0,+0.0000,NONE,RUNNING
="2026-08-07 21:02:52",65064,284078,206518,77560,300000,-0.0073,0.1500,+0.0,+0.0000,NONE,RUNNING
="2026-08-07 21:03:49",65037,701696,483732,217963,300000,+0.0856,0.1500,+0.0,+0.0000,NONE,RUNNING
="2026-08-07 21:03:50",65037,701696,483732,217963,300000,+0.0856,0.1500,+0.0,+0.0000,NONE,RUNNING
="2026-08-07 21:03:51",65037,701696,483732,217963,300000,+0.0856,0.1500,+0.0,+0.0000,NONE,RUNNING
="2026-08-07 21:03:52",65037,701696,483732,217963,300000,+0.0856,0.1500,+0.0,+0.0000,NONE,RUNNING
="2026-08-07 21:03:53",65037,701696,483732,217963,300000,+0.0856,0.1500,+0.0,+0.0000,NONE,RUNNING
="2026-08-07 21:03:54",65037,701696,483732,217963,300000,+0.0975,0.1500,+0.0,+0.0000,NONE,RUNNING
="2026-08-07 21:03:55",65037,689330,483732,205597,300000,+0.1014,0.1500,+0.0,+0.0000,NONE,RUNNING
="2026-08-07 21:03:56",65037,689330,483732,205597,300000,+0.1014,0.1500,+0.0,+0.0000,NONE,RUNNING
="2026-08-07 21:03:57",65037,689330,483732,205597,300000,+0.1014,0.1500,+0.0,+0.0000,NONE,RUNNING
="2026-08-07 21:03:58",65037,689330,483732,205597,300000,+0.1016,0.1500,+0.0,+0.0000,NONE,RUNNING
="2026-08-07 21:03:59",65037,700632,495035,205597,300000,+0.1016,0.1500,+0.0,+0.0000,NONE,RUNNING
="2026-08-07 21:04:00",65037,690101,495035,195066,300000,+0.1039,0.1500,+0.0,+0.0000,NONE,RUNNING
="2026-08-07 21:04:01",65037,700701,495035,205666,300000,+0.1027,0.1500,+0.0,+0.0000,NONE,RUNNING
="2026-08-07 21:04:02",65037,700701,495035,205666,300000,+0.1027,0.1500,+0.0,+0.0000,NONE,RUNNING
="2026-08-07 21:04:03",65037,700701,495035,205666,300000,+0.1077,0.1500,+0.0,+0.0000,NONE,RUNNING
="2026-08-07 21:04:04",65037,700701,495035,205666,300000,+0.1074,0.1500,+0.0,+0.0000,NONE,RUNNING
="2026-08-07 21:04:05",65037,700701,495035,205666,300000,+0.1074,0.1500,+0.0,+0.0000,NONE,RUNNING
="2026-08-07 21:04:06",65037,678010,495035,182975,300000,+0.1074,0.1500,+0.0,+0.0000,NONE,RUNNING
="2026-08-07 21:04:07",65037,667691,495035,172656,300000,+0.1074,0.1500,+0.0,+0.0000,NONE,RUNNING
="2026-08-07 21:04:08",65037,544736,444873,99862,300000,+0.1074,0.1500,+0.0,+0.0000,NONE,RUNNING
="2026-08-07 21:04:09",65037,452675,352812,99862,300000,+0.1082,0.1500,+0.0,+0.0000,NONE,RUNNING
="2026-08-07 21:04:10",65037,427454,327591,99862,300000,+0.1082,0.1500,+0.0,+0.0000,NONE,RUNNING
="2026-08-07 21:04:11",65037,427454,327591,99862,300000,+0.1086,0.1500,+0.0,+0.0000,NONE,RUNNING
="2026-08-07 21:04:12",65037,427454,327591,99862,300000,+0.1086,0.1500,+0.0,+0.0000,NONE,RUNNING
="2026-08-07 21:04:13",65037,427454,327591,99862,300000,+0.1086,0.1500,+0.0,+0.0000,NONE,RUNNING
="2026-08-07 21:04:14",65037,427454,327591,99862,300000,+0.1086,0.1500,+0.0,+0.0000,NONE,RUNNING
="2026-08-07 21:04:15",65037,427454,327591,99862,300000,+0.1235,0.1500,+0.0,+0.0000,NONE,RUNNING
="2026-08-07 21:04:16",65037,427454,327591,99862,300000,+0.1235,0.1500,+0.0,+0.0000,NONE,RUNNING
="2026-08-07 21:04:17",65037,427454,327591,99862,300000,+0.1243,0.1500,+0.0,+0.0000,NONE,RUNNING
="2026-08-07 21:04:18",65037,427454,327591,99862,300000,+0.1208,0.1500,+0.0,+0.0000,NONE,RUNNING
="2026-08-07 21:04:19",65037,427454,327591,99862,300000,+0.1211,0.1500,+0.0,+0.0000,NONE,RUNNING
="2026-08-07 21:04:20",65037,427454,327591,99862,300000,+0.1211,0.1500,+0.0,+0.0000,NONE,RUNNING
="2026-08-07 21:04:21",65037,388440,299080,89360,300000,+0.1210,0.1500,+0.0,+0.0000,NONE,RUNNING
="2026-08-07 21:04:22",65037,388440,299080,89360,300000,+0.1210,0.1500,+0.0,+0.0000,NONE,RUNNING
="2026-08-07 21:04:23",65037,388440,299080,89360,300000,+0.1210,0.1500,+0.0,+0.0000,NONE,RUNNING
="2026-08-07 21:04:24",65037,388440,299080,89360,300000,+0.1210,0.1500,+0.0,+0.0000,NONE,RUNNING
="2026-08-07 21:04:25",65037,388440,299080,89360,300000,+0.1196,0.1500,+0.0,+0.0000,NONE,RUNNING
="2026-08-07 21:04:26",65037,388440,299080,89360,300000,+0.1215,0.1500,+0.0,+0.0000,NONE,RUNNING
="2026-08-07 21:04:27",65037,388440,299080,89360,300000,+0.1210,0.1500,+0.0,+0.0000,NONE,RUNNING
="2026-08-07 21:04:28",65037,388440,299080,89360,300000,+0.1210,0.1500,+0.0,+0.0000,NONE,RUNNING
="2026-08-07 21:04:29",65037,388440,299080,89360,300000,+0.1215,0.1500,+0.0,+0.0000,NONE,RUNNING
="2026-08-07 21:04:30",65037,388440,299080,89360,300000,+0.1224,0.1500,+0.0,+0.0000,NONE,RUNNING
="2026-08-07 21:04:31",65037,388440,299080,89360,300000,+0.1224,0.1500,+0.0,+0.0000,NONE,RUNNING
="2026-08-07 21:04:32",65037,388440,299080,89360,300000,+0.1224,0.1500,+0.0,+0.0000,NONE,RUNNING
="2026-08-07 21:04:33",65037,388440,299080,89360,300000,+0.1224,0.1500,+0.0,+0.0000,NONE,RUNNING
="2026-08-07 21:04:34",65037,388440,299080,89360,300000,+0.1230,0.1500,+0.0,+0.0000,NONE,RUNNING
="2026-08-07 21:04:35",65037,388440,299080,89360,300000,+0.1230,0.1500,+0.0,+0.0000,NONE,RUNNING
="2026-08-07 21:04:36",65037,388440,299080,89360,300000,+0.1230,0.1500,+0.0,+0.0000,NONE,RUNNING
="2026-08-07 21:04:37",65037,388440,299080,89360,300000,+0.1240,0.1500,+0.0,+0.0000,NONE,RUNNING
="2026-08-07 21:04:38",65037,388440,299080,89360,300000,+0.1240,0.1500,+0.0,+0.0000,NONE,RUNNING
="2026-08-07 21:04:39",65037,388440,299080,89360,300000,+0.1227,0.1500,+0.0,+0.0000,NONE,RUNNING
="2026-08-07 21:04:40",65037,388440,299080,89360,300000,+0.1307,0.1500,+0.0,+0.0000,NONE,RUNNING
="2026-08-07 21:04:41",65037,388440,299080,89360,300000,+0.1307,0.1500,+0.0,+0.0000,NONE,RUNNING
="2026-08-07 21:04:42",65037,388440,299080,89360,300000,+0.1307,0.1500,+0.0,+0.0000,NONE,RUNNING
="2026-08-07 21:04:43",65037,388440,299080,89360,300000,+0.1307,0.1500,+0.0,+0.0000,NONE,RUNNING
="2026-08-07 21:04:44",65037,134072,44711,89360,300000,+0.1310,0.1500,+0.0,+0.0000,NONE,RUNNING
="2026-08-07 21:04:45",65038,70557,44711,25846,300000,+0.1310,0.1500,+0.0,+0.0000,NONE,RUNNING
="2026-08-07 21:04:46",65037,53595,27749,25846,300000,+0.1335,0.1500,+0.0,+0.0000,NONE,RUNNING
="2026-08-07 21:04:47",65037,38349,27749,10599,300000,+0.1335,0.1500,+0.0,+0.0000,NONE,RUNNING
="2026-08-07 21:04:48",65037,38349,27749,10599,300000,+0.1335,0.1500,+0.0,+0.0000,NONE,RUNNING
="2026-08-07 21:04:49",65037,38349,27749,10599,300000,+0.0165,0.1500,+0.0,+0.0000,NONE,RUNNING
="2026-08-07 21:04:50",65037,38349,27749,10599,300000,+0.0165,0.1500,+0.0,+0.0000,NONE,RUNNING
="2026-08-07 21:04:51",65037,38349,27749,10599,300000,+0.0165,0.1500,+0.0,+0.0000,NONE,RUNNING
="2026-08-07 21:04:52",65044,60734,27749,32984,300000,+0.0165,0.1500,+0.0,+0.0000,NONE,RUNNING
="2026-08-07 21:04:53",65044,60734,27749,32984,300000,+0.0170,0.1500,+0.0,+0.0000,NONE,RUNNING
="2026-08-07 21:04:54",65044,60734,27749,32984,300000,+0.0170,0.1500,+0.0,+0.0000,NONE,RUNNING
="2026-08-07 21:04:55",65044,60734,27749,32984,300000,+0.0131,0.1500,+0.0,+0.0000,NONE,RUNNING
="2026-08-07 21:04:56",65044,60734,27749,32984,300000,+0.0191,0.1500,+0.0,+0.0000,NONE,RUNNING
="2026-08-07 21:04:57",65044,60734,27749,32984,300000,+0.0191,0.1500,+0.0,+0.0000,NONE,RUNNING
="2026-08-07 21:04:58",65044,60734,27749,32984,300000,+0.0188,0.1500,+0.0,+0.0000,NONE,RUNNING
="2026-08-07 21:04:59",65044,49432,16447,32984,300000,+0.0190,0.1500,+0.0,+0.0000,NONE,RUNNING
="2026-08-07 21:05:00",65044,52585,30201,22384,300000,+0.0201,0.1500,+0.0,+0.0000,NONE,RUNNING
="2026-08-07 21:05:01",65044,73220,30201,43019,300000,+0.0201,0.1500,+0.0,+0.0000,NONE,RUNNING
="2026-08-07 21:05:02",65059,91273,30201,61072,300000,+0.0203,0.1500,+0.0,+0.0000,NONE,RUNNING
="2026-08-07 21:05:03",65059,91273,30201,61072,300000,+0.0203,0.1500,+0.0,+0.0000,NONE,RUNNING
="2026-08-07 21:05:04",65059,91273,30201,61072,300000,+0.0206,0.1500,+0.0,+0.0000,NONE,RUNNING
="2026-08-07 21:05:05",65059,91273,30201,61072,300000,+0.0238,0.1500,+0.0,+0.0000,NONE,RUNNING
="2026-08-07 21:05:06",65059,91273,30201,61072,300000,+0.0238,0.1500,+0.0,+0.0000,NONE,RUNNING
="2026-08-07 21:05:07",65059,91273,30201,61072,300000,+0.0238,0.1500,+0.0,+0.0000,NONE,RUNNING
="2026-08-07 21:05:08",65059,240790,179717,61072,300000,+0.0238,0.1500,+0.0,+0.0000,NONE,RUNNING
="2026-08-07 21:05:09",65052,240790,179717,61072,300000,+0.0238,0.1500,+0.0,+0.0000,NONE,RUNNING
="2026-08-07 21:05:10",65045,240790,179717,61072,300000,+0.0234,0.1500,+0.0,+0.0000,NONE,RUNNING
="2026-08-07 21:05:11",65042,240790,179717,61072,300000,+0.0250,0.1500,+0.0,+0.0000,NONE,RUNNING
="2026-08-07 21:05:12",65042,240790,179717,61072,300000,+0.0250,0.1500,+0.0,+0.0000,NONE,RUNNING
="2026-08-07 21:05:13",65042,240790,179717,61072,300000,+0.0250,0.1500,+0.0,+0.0000,NONE,RUNNING
="2026-08-07 21:05:14",65042,240790,179717,61072,300000,+0.0244,0.1500,+0.0,+0.0000,NONE,RUNNING
="2026-08-07 21:05:15",65042,240790,179717,61072,300000,+0.0244,0.1500,+0.0,+0.0000,NONE,RUNNING
="2026-08-07 21:05:16",65042,240790,179717,61072,300000,+0.0236,0.1500,+0.0,+0.0000,NONE,RUNNING
="2026-08-07 21:05:17",65042,436393,179717,256676,300000,+0.0212,0.1500,+0.0,+0.0000,NONE,RUNNING
="2026-08-07 21:05:18",65052,436393,179717,256676,300000,+0.0212,0.1500,+0.0,+0.0000,NONE,RUNNING
="2026-08-07 21:05:19",65052,436393,179717,256676,300000,+0.0209,0.1500,+0.0,+0.0000,NONE,RUNNING
="2026-08-07 21:05:21",65052,436393,179717,256676,300000,+0.0209,0.1500,+0.0,+0.0000,NONE,RUNNING
="2026-08-07 21:05:22",65052,436393,179717,256676,300000,+0.0233,0.1500,+0.0,+0.0000,NONE,RUNNING
="2026-08-07 21:05:23",65052,436393,179717,256676,300000,+0.0233,0.1500,+0.0,+0.0000,NONE,RUNNING
="2026-08-07 21:05:24",65052,436393,179717,256676,300000,+0.0233,0.1500,+0.0,+0.0000,NONE,RUNNING
="2026-08-07 21:05:25",65052,436393,179717,256676,300000,+0.0228,0.1500,+0.0,+0.0000,NONE,RUNNING
="2026-08-07 21:05:26",65052,436393,179717,256676,300000,+0.0209,0.1500,+0.0,+0.0000,NONE,RUNNING
="2026-08-07 21:05:27",65053,436393,179717,256676,300000,+0.0209,0.1500,+0.0,+0.0000,NONE,RUNNING
="2026-08-07 21:05:28",65053,436393,179717,256676,300000,+0.0194,0.1500,+0.0,+0.0000,NONE,RUNNING
="2026-08-07 21:05:29",65054,436393,179717,256676,300000,+0.0189,0.1500,+0.0,+0.0000,NONE,RUNNING
="2026-08-07 21:05:30",65054,436393,179717,256676,300000,+0.0189,0.1500,+0.0,+0.0000,NONE,RUNNING
="2026-08-07 21:05:31",65054,436393,179717,256676,300000,+0.0173,0.1500,+0.0,+0.0000,NONE,RUNNING
="2026-08-07 21:05:32",65054,436393,179717,256676,300000,+0.0173,0.1500,+0.0,+0.0000,NONE,RUNNING
="2026-08-07 21:05:33",65054,436393,179717,256676,300000,+0.0173,0.1500,+0.0,+0.0000,NONE,RUNNING
="2026-08-07 21:05:34",65054,436393,179717,256676,300000,+0.0173,0.1500,+0.0,+0.0000,NONE,RUNNING
="2026-08-07 21:05:35",65054,436393,179717,256676,300000,+0.0168,0.1500,+0.0,+0.0000,NONE,RUNNING
="2026-08-07 21:05:36",65049,449558,192881,256676,300000,+0.0168,0.1500,+0.0,+0.0000,NONE,RUNNING
="2026-08-07 21:05:37",65049,449558,192881,256676,300000,+0.0167,0.1500,+0.0,+0.0000,NONE,RUNNING
="2026-08-07 21:05:38",65049,449558,192881,256676,300000,+0.0163,0.1500,+0.0,+0.0000,NONE,RUNNING
="2026-08-07 21:05:39",65049,449558,192881,256676,300000,+0.0163,0.1500,+0.0,+0.0000,NONE,RUNNING
="2026-08-07 21:05:40",65049,449558,192881,256676,300000,+0.0163,0.1500,+0.0,+0.0000,NONE,RUNNING
="2026-08-07 21:05:41",65049,449558,192881,256676,300000,+0.0083,0.1500,+0.0,+0.0000,NONE,RUNNING
="2026-08-07 21:05:42",65049,449558,192881,256676,300000,+0.0083,0.1500,+0.0,+0.0000,NONE,RUNNING
="2026-08-07 21:05:43",65049,449558,192881,256676,300000,+0.0070,0.1500,+0.0,+0.0000,NONE,RUNNING
="2026-08-07 21:06:43",65038,365343,106045,259297,300000,+0.0425,0.1500,+0.0,+0.0000,NONE,RUNNING
="2026-08-07 21:07:43",65054,72479,13449,59030,300000,-0.0062,0.1500,+0.0,+0.0000,NONE,RUNNING
="2026-08-07 21:08:43",65085,587216,182935,404280,300000,-0.0201,0.1500,+0.0,+0.0000,NONE,RUNNING
="2026-08-07 21:09:43",65125,165554,23449,142105,300000,-0.0158,0.1500,+0.0,+0.0000,NONE,RUNNING
="2026-08-07 21:10:07",65175,390005,42182,347822,300000,+0.1107,0.1500,+0.0,+0.0000,NONE,RUNNING
="2026-08-07 21:10:08",65175,390005,42182,347822,300000,+0.1107,0.1500,+0.0,+0.0000,NONE,RUNNING
="2026-08-07 21:10:09",65175,390005,42182,347822,300000,+0.1193,0.1500,+0.0,+0.0000,NONE,RUNNING
="2026-08-07 21:10:10",65175,390005,42182,347822,300000,+0.1193,0.1500,+0.0,+0.0000,NONE,RUNNING
="2026-08-07 21:10:11",65177,390005,42182,347822,300000,+0.1193,0.1500,+0.0,+0.0000,NONE,RUNNING
="2026-08-07 21:10:12",65177,390005,42182,347822,300000,+0.1200,0.1500,+0.0,+0.0000,NONE,RUNNING
="2026-08-07 21:10:13",65177,390005,42182,347822,300000,+0.1200,0.1500,+0.0,+0.0000,NONE,RUNNING
="2026-08-07 21:10:14",65182,390005,42182,347822,300000,+0.1011,0.1500,+0.0,+0.0000,NONE,RUNNING
="2026-08-07 21:10:15",65182,390005,42182,347822,300000,+0.1017,0.1500,+0.0,+0.0000,NONE,RUNNING
="2026-08-07 21:10:16",65182,390005,42182,347822,300000,+0.1017,0.1500,+0.0,+0.0000,NONE,RUNNING
="2026-08-07 21:10:17",65182,390005,42182,347822,300000,+0.1039,0.1500,+0.0,+0.0000,NONE,RUNNING
="2026-08-07 21:10:18",65182,446634,42182,404451,300000,+0.1041,0.1500,+0.0,+0.0000,NONE,RUNNING
="2026-08-07 21:10:19",65185,446634,42182,404451,300000,+0.1041,0.1500,+0.0,+0.0000,NONE,RUNNING
="2026-08-07 21:10:20",65186,446634,42182,404451,300000,+0.1042,0.1500,+0.0,+0.0000,NONE,RUNNING
="2026-08-07 21:10:21",65186,446634,42182,404451,300000,+0.1070,0.1500,+0.0,+0.0000,NONE,RUNNING
="2026-08-07 21:10:22",65186,416947,42182,374765,300000,+0.1068,0.1500,+0.0,+0.0000,NONE,RUNNING
="2026-08-07 21:10:23",65186,416947,42182,374765,300000,+0.1068,0.1500,+0.0,+0.0000,NONE,RUNNING
="2026-08-07 21:10:24",65186,416947,42182,374765,300000,+0.1068,0.1500,+0.0,+0.0000,NONE,RUNNING
="2026-08-07 21:10:25",65186,526612,151847,374765,300000,+0.1068,0.1500,+0.0,+0.0000,NONE,RUNNING
="2026-08-07 21:10:26",65176,576214,151847,424366,300000,+0.1129,0.1500,+0.0,+0.0000,NONE,RUNNING
="2026-08-07 21:10:27",65176,576214,151847,424366,300000,+0.1153,0.1500,+0.0,+0.0000,NONE,RUNNING
="2026-08-07 21:10:28",65154,576214,151847,424366,300000,+0.1153,0.1500,+0.0,+0.0000,NONE,RUNNING
="2026-08-07 21:10:29",65154,576214,151847,424366,300000,+0.1148,0.1500,+0.0,+0.0000,NONE,RUNNING
="2026-08-07 21:10:30",65156,576214,151847,424366,300000,+0.1165,0.1500,+0.0,+0.0000,NONE,RUNNING
="2026-08-07 21:10:31",65156,576214,151847,424366,300000,+0.1165,0.1500,+0.0,+0.0000,NONE,RUNNING
="2026-08-07 21:10:32",65157,563996,151847,412149,300000,+0.1201,0.1500,+0.0,+0.0000,NONE,RUNNING
="2026-08-07 21:10:33",65174,577716,151847,425869,300000,+0.1198,0.1500,+0.0,+0.0000,NONE,RUNNING
="2026-08-07 21:10:34",65174,577716,151847,425869,300000,+0.1198,0.1500,+0.0,+0.0000,NONE,RUNNING
="2026-08-07 21:10:35",65166,707042,281172,425869,300000,+0.1195,0.1500,+0.0,+0.0000,NONE,RUNNING
="2026-08-07 21:10:36",65155,740289,281172,459116,300000,+0.1179,0.1500,+0.0,+0.0000,NONE,RUNNING
="2026-08-07 21:10:37",65155,769759,310642,459116,300000,+0.1179,0.1500,+0.0,+0.0000,NONE,RUNNING
="2026-08-07 21:10:38",65150,1059097,287193,771903,300000,+0.1215,0.1500,+0.0,+0.0000,NONE,RUNNING
="2026-08-07 21:10:39",65171,1059097,287193,771903,300000,+0.1215,0.1500,+0.0,+0.0000,NONE,RUNNING
="2026-08-07 21:10:40",65172,1059097,287193,771903,300000,+0.1175,0.1500,+0.0,+0.0000,NONE,RUNNING
="2026-08-07 21:10:41",65173,1059097,287193,771903,300000,+0.1228,0.1500,+0.0,+0.0000,NONE,RUNNING
="2026-08-07 21:10:42",65173,1075308,287193,788115,300000,+0.1228,0.1500,+0.0,+0.0000,NONE,RUNNING
="2026-08-07 21:10:43",65165,1099969,311854,788115,300000,+0.1228,0.1500,+0.0,+0.0000,NONE,RUNNING
="2026-08-07 21:10:44",65161,1099969,311854,788115,300000,+0.1228,0.1500,+0.0,+0.0000,NONE,RUNNING
="2026-08-07 21:10:45",65161,1099969,311854,788115,300000,+0.1246,0.1500,+0.0,+0.0000,NONE,RUNNING
="2026-08-07 21:10:46",65161,1099969,311854,788115,300000,+0.1246,0.1500,+0.0,+0.0000,NONE,RUNNING
="2026-08-07 21:10:47",65169,1089209,311854,777355,300000,+0.1288,0.1500,+0.0,+0.0000,NONE,RUNNING
="2026-08-07 21:10:48",65173,1089209,311854,777355,300000,+0.1288,0.1500,+0.0,+0.0000,NONE,RUNNING
="2026-08-07 21:10:49",65173,1089209,311854,777355,300000,+0.1288,0.1500,+0.0,+0.0000,NONE,RUNNING
="2026-08-07 21:10:50",65177,1089209,311854,777355,300000,+0.1290,0.1500,+0.0,+0.0000,NONE,RUNNING
="2026-08-07 21:10:51",65182,1089209,311854,777355,300000,+0.1347,0.1500,+0.0,+0.0000,NONE,RUNNING
="2026-08-07 21:10:52",65182,932529,311854,620675,300000,+0.1347,0.1500,+0.0,+0.0000,NONE,RUNNING
="2026-08-07 21:10:53",65183,955156,334480,620675,300000,+0.1348,0.1500,+0.0,+0.0000,NONE,RUNNING
="2026-08-07 21:10:54",65189,936423,315748,620675,300000,+0.1348,0.1500,+0.0,+0.0000,NONE,RUNNING
="2026-08-07 21:10:55",65189,1114663,315748,798915,300000,+0.1306,0.1500,+0.0,+0.0000,NONE,RUNNING
="2026-08-07 21:10:56",65208,1114663,315748,798915,300000,+0.1378,0.1500,+0.0,+0.0000,NONE,RUNNING
="2026-08-07 21:10:57",65213,1114663,315748,798915,300000,+0.1378,0.1500,+0.0,+0.0000,NONE,RUNNING
="2026-08-07 21:10:58",65213,1101941,330438,771503,300000,+0.1378,0.1500,+0.0,+0.0000,NONE,RUNNING
="2026-08-07 21:10:59",65213,1101941,330438,771503,300000,+0.1378,0.1500,+0.0,+0.0000,NONE,RUNNING
="2026-08-07 21:11:00",65213,1078834,330438,748396,300000,+0.1377,0.1500,+0.0,+0.0000,NONE,RUNNING
="2026-08-07 21:11:02",65206,1091851,343455,748396,300000,+0.1377,0.1500,+0.0,+0.0000,NONE,RUNNING
="2026-08-07 21:11:03",65206,1091851,343455,748396,300000,+0.1692,0.1500,+0.0,+0.0000,LONG,RUNNING
="2026-08-07 21:11:04",65229,1218339,421063,797276,300000,+0.1692,0.1500,+0.0,+0.0000,LONG,RUNNING
="2026-08-07 21:11:05",65223,1177098,421063,756035,300000,+0.1765,0.1500,+0.0,+0.0000,LONG,RUNNING
="2026-08-07 21:11:06",65206,1177098,421063,756035,300000,+0.1763,0.1500,+0.0,+0.0000,LONG,RUNNING
="2026-08-07 21:11:07",65198,1177098,421063,756035,300000,+0.1763,0.1500,+0.0,+0.0000,LONG,RUNNING
="2026-08-07 21:11:08",65192,1216447,460412,756035,300000,+0.0439,0.1500,+0.0,+0.0000,NONE,RUNNING
="2026-08-07 21:11:09",65192,1284347,528312,756035,300000,-0.0008,0.1500,+0.0,+0.0000,NONE,RUNNING
="2026-08-07 21:11:10",65192,1284347,528312,756035,300000,-0.0008,0.1500,+0.0,+0.0000,NONE,RUNNING
="2026-08-07 21:11:11",65192,1284347,528312,756035,300000,-0.0023,0.1500,+0.0,+0.0000,NONE,RUNNING
="2026-08-07 21:11:12",65192,1284347,528312,756035,300000,-0.0023,0.1500,+0.0,+0.0000,NONE,RUNNING
="2026-08-07 21:11:13",65193,1284347,528312,756035,300000,+0.0165,0.1500,+0.0,+0.0000,NONE,RUNNING
="2026-08-07 21:11:14",65195,1284347,528312,756035,300000,+0.0165,0.1500,+0.0,+0.0000,NONE,RUNNING
="2026-08-07 21:11:15",65195,1284347,528312,756035,300000,+0.0165,0.1500,+0.0,+0.0000,NONE,RUNNING
="2026-08-07 21:11:16",65195,1284347,528312,756035,300000,+0.0165,0.1500,+0.0,+0.0000,NONE,RUNNING
="2026-08-07 21:11:17",65203,1311817,528312,783505,300000,+0.0143,0.1500,+0.0,+0.0000,NONE,RUNNING
="2026-08-07 21:11:18",65203,1311817,528312,783505,300000,+0.0128,0.1500,+0.0,+0.0000,NONE,RUNNING
="2026-08-07 21:11:19",65223,1255188,528312,726876,300000,+0.0127,0.1500,+0.0,+0.0000,NONE,RUNNING
="2026-08-07 21:11:20",65223,1255188,528312,726876,300000,+0.0127,0.1500,+0.0,+0.0000,NONE,RUNNING
="2026-08-07 21:11:21",65201,1323873,596996,726876,300000,+0.0127,0.1500,+0.0,+0.0000,NONE,RUNNING
="2026-08-07 21:11:22",65201,1352735,596996,755739,300000,+0.0151,0.1500,+0.0,+0.0000,NONE,RUNNING
="2026-08-07 21:11:23",65222,1352735,596996,755739,300000,+0.0151,0.1500,+0.0,+0.0000,NONE,RUNNING
="2026-08-07 21:11:24",65224,1352735,596996,755739,300000,+0.0219,0.1500,+0.0,+0.0000,NONE,RUNNING
="2026-08-07 21:11:25",65225,1341784,586045,755739,300000,+0.0219,0.1500,+0.0,+0.0000,NONE,RUNNING
="2026-08-07 21:11:26",65225,1193469,487331,706137,300000,+0.0158,0.1500,+0.0,+0.0000,NONE,RUNNING
="2026-08-07 21:11:27",65234,1203859,497722,706137,300000,+0.0158,0.1500,+0.0,+0.0000,NONE,RUNNING
="2026-08-07 21:11:28",65263,1655071,512881,1142190,300000,-0.0007,0.1500,+0.0,+0.0000,NONE,RUNNING
="2026-08-07 21:11:29",65242,1672903,530712,1142190,300000,-0.0007,0.1500,+0.0,+0.0000,NONE,RUNNING
="2026-08-07 21:11:30",65243,1672903,530712,1142190,300000,-0.0013,0.1500,+0.0,+0.0000,NONE,RUNNING
="2026-08-07 21:11:31",65243,1672903,530712,1142190,300000,-0.0013,0.1500,+0.0,+0.0000,NONE,RUNNING
="2026-08-07 21:11:32",65248,1691809,549619,1142190,300000,-0.0049,0.1500,+0.0,+0.0000,NONE,RUNNING
="2026-08-07 21:11:33",65248,1667487,549619,1117868,300000,-0.0452,0.1500,+0.0,+0.0000,NONE,RUNNING
="2026-08-07 21:11:34",65263,1714760,549619,1165140,300000,-0.0452,0.1500,+0.0,+0.0000,NONE,RUNNING
="2026-08-07 21:11:35",65263,1585434,420294,1165140,300000,-0.0448,0.1500,+0.0,+0.0000,NONE,RUNNING
="2026-08-07 21:11:36",65265,1552187,420294,1131893,300000,-0.0448,0.1500,+0.0,+0.0000,NONE,RUNNING
="2026-08-07 21:11:37",65265,1552187,420294,1131893,300000,-0.0454,0.1500,+0.0,+0.0000,NONE,RUNNING
="2026-08-07 21:11:38",65264,1209930,390823,819106,300000,-0.0489,0.1500,+0.0,+0.0000,NONE,RUNNING
="2026-08-07 21:11:39",65265,1209930,390823,819106,300000,-0.0531,0.1500,+0.0,+0.0000,NONE,RUNNING
="2026-08-07 21:11:40",65264,1209930,390823,819106,300000,-0.0531,0.1500,+0.0,+0.0000,NONE,RUNNING
="2026-08-07 21:11:41",65264,1209930,390823,819106,300000,-0.0584,0.1500,+0.0,+0.0000,NONE,RUNNING
="2026-08-07 21:11:42",65264,1193718,390823,802894,300000,-0.0675,0.1500,+0.0,+0.0000,NONE,RUNNING
="2026-08-07 21:11:43",65265,1169057,366163,802894,300000,-0.0675,0.1500,+0.0,+0.0000,NONE,RUNNING
="2026-08-07 21:11:44",65265,1261206,366163,895042,300000,-0.0675,0.1500,+0.0,+0.0000,NONE,RUNNING
="2026-08-07 21:11:45",65269,1261206,366163,895042,300000,-0.0675,0.1500,+0.0,+0.0000,NONE,RUNNING
="2026-08-07 21:11:46",65270,1261206,366163,895042,300000,-0.0675,0.1500,+0.0,+0.0000,NONE,RUNNING
="2026-08-07 21:11:47",65265,2035835,1140792,895042,300000,-0.0717,0.1500,+0.0,+0.0000,NONE,RUNNING
="2026-08-07 21:11:48",65250,2035835,1140792,895042,300000,-0.0717,0.1500,+0.0,+0.0000,NONE,RUNNING
="2026-08-07 21:11:49",65250,2035835,1140792,895042,300000,-0.0755,0.1500,+0.0,+0.0000,NONE,RUNNING
="2026-08-07 21:11:50",65250,2110892,1201751,909140,300000,-0.0757,0.1500,+0.0,+0.0000,NONE,RUNNING
="2026-08-07 21:11:51",65231,2110892,1201751,909140,300000,-0.0757,0.1500,+0.0,+0.0000,NONE,RUNNING
="2026-08-07 21:11:52",65232,2110892,1201751,909140,300000,-0.0634,0.1500,+0.0,+0.0000,NONE,RUNNING
="2026-08-07 21:11:53",65232,2176721,1267580,909140,300000,-0.0635,0.1500,+0.0,+0.0000,NONE,RUNNING
="2026-08-07 21:11:54",65228,2154094,1244953,909140,300000,-0.0655,0.1500,+0.0,+0.0000,NONE,RUNNING
="2026-08-07 21:11:55",65228,2154094,1244953,909140,300000,-0.0655,0.1500,+0.0,+0.0000,NONE,RUNNING
="2026-08-07 21:11:56",65228,1975853,1244953,730900,300000,-0.0727,0.1500,+0.0,+0.0000,NONE,RUNNING
="2026-08-07 21:11:57",65228,1997167,1266267,730900,300000,-0.0736,0.1500,+0.0,+0.0000,NONE,RUNNING
="2026-08-07 21:11:58",65228,1992480,1251576,740903,300000,-0.0736,0.1500,+0.0,+0.0000,NONE,RUNNING
="2026-08-07 21:11:59",65228,1992480,1251576,740903,300000,-0.0736,0.1500,+0.0,+0.0000,NONE,RUNNING
="2026-08-07 21:12:00",65232,2050065,1251576,798488,300000,-0.0736,0.1500,+0.0,+0.0000,NONE,RUNNING
="2026-08-07 21:12:01",65237,2052907,1238560,814346,300000,-0.0736,0.1500,+0.0,+0.0000,NONE,RUNNING
="2026-08-07 21:12:02",65245,2066825,1238560,828265,300000,-0.1050,0.1500,+0.0,+0.0000,NONE,RUNNING
="2026-08-07 21:12:03",65249,1981829,1238560,743268,300000,-0.1050,0.1500,+0.0,+0.0000,NONE,RUNNING
="2026-08-07 21:12:04",65279,2237221,1425959,811261,300000,-0.1133,0.1500,+0.0,+0.0000,NONE,RUNNING
="2026-08-07 21:12:05",65263,2249961,1425959,824001,300000,-0.1131,0.1500,+0.0,+0.0000,NONE,RUNNING
="2026-08-07 21:12:06",65263,2286920,1425959,860960,300000,-0.1131,0.1500,+0.0,+0.0000,NONE,RUNNING
="2026-08-07 21:12:07",65273,2298080,1437119,860960,300000,-0.0936,0.1500,+0.0,+0.0000,NONE,RUNNING
="2026-08-07 21:12:08",65264,2205979,1345018,860960,300000,-0.0490,0.1500,+0.0,+0.0000,NONE,RUNNING
="2026-08-07 21:12:09",65264,2205979,1345018,860960,300000,-0.0490,0.1500,+0.0,+0.0000,NONE,RUNNING
="2026-08-07 21:12:10",65264,2205979,1345018,860960,300000,-0.0463,0.1500,+0.0,+0.0000,NONE,RUNNING
="2026-08-07 21:12:11",65269,2205979,1345018,860960,300000,-0.0463,0.1500,+0.0,+0.0000,NONE,RUNNING
="2026-08-07 21:12:12",65264,2335332,1474372,860960,300000,-0.0448,0.1500,+0.0,+0.0000,NONE,RUNNING
="2026-08-07 21:12:13",65250,2335332,1474372,860960,300000,-0.0536,0.1500,+0.0,+0.0000,NONE,RUNNING
="2026-08-07 21:12:14",65250,2335332,1474372,860960,300000,-0.0535,0.1500,+0.0,+0.0000,NONE,RUNNING
="2026-08-07 21:12:15",65244,2409446,1548485,860960,300000,-0.0535,0.1500,+0.0,+0.0000,NONE,RUNNING
="2026-08-07 21:12:16",65240,2381976,1548485,833490,300000,-0.0579,0.1500,+0.0,+0.0000,NONE,RUNNING
="2026-08-07 21:12:17",65240,2381976,1548485,833490,300000,-0.0565,0.1500,+0.0,+0.0000,NONE,RUNNING
="2026-08-07 21:12:18",65240,2381976,1548485,833490,300000,-0.0565,0.1500,+0.0,+0.0000,NONE,RUNNING
="2026-08-07 21:12:19",65240,2381976,1548485,833490,300000,-0.0565,0.1500,+0.0,+0.0000,NONE,RUNNING
="2026-08-07 21:12:20",65240,2313292,1479801,833490,300000,-0.0565,0.1500,+0.0,+0.0000,NONE,RUNNING
="2026-08-07 21:12:21",65238,2313292,1479801,833490,300000,-0.0587,0.1500,+0.0,+0.0000,NONE,RUNNING
="2026-08-07 21:12:22",65236,2284429,1479801,804627,300000,-0.0651,0.1500,+0.0,+0.0000,NONE,RUNNING
="2026-08-07 21:12:23",65236,2301600,1496972,804627,300000,-0.0719,0.1500,+0.0,+0.0000,NONE,RUNNING
="2026-08-07 21:12:24",65235,2345336,1496972,848364,300000,-0.0719,0.1500,+0.0,+0.0000,NONE,RUNNING
="2026-08-07 21:12:25",65229,2345336,1496972,848364,300000,-0.0696,0.1500,+0.0,+0.0000,NONE,RUNNING
="2026-08-07 21:12:27",65229,2334946,1486581,848364,300000,-0.0525,0.1500,+0.0,+0.0000,NONE,RUNNING
="2026-08-07 21:12:28",65229,1883734,1471422,412311,300000,-0.0525,0.1500,+0.0,+0.0000,NONE,RUNNING
="2026-08-07 21:12:29",65229,1865902,1453591,412311,300000,-0.0511,0.1500,+0.0,+0.0000,NONE,RUNNING
="2026-08-07 21:12:30",65229,1865902,1453591,412311,300000,-0.0511,0.1500,+0.0,+0.0000,NONE,RUNNING
="2026-08-07 21:12:31",65229,1865902,1453591,412311,300000,-0.0505,0.1500,+0.0,+0.0000,NONE,RUNNING
="2026-08-07 21:12:32",65229,1865902,1453591,412311,300000,-0.0505,0.1500,+0.0,+0.0000,NONE,RUNNING
="2026-08-07 21:12:33",65229,1846996,1434684,412311,300000,-0.0505,0.1500,+0.0,+0.0000,NONE,RUNNING
="2026-08-07 21:12:34",65229,1864953,1499913,365039,300000,-0.0102,0.1500,+0.0,+0.0000,NONE,RUNNING
="2026-08-07 21:12:35",65229,1864953,1499913,365039,300000,-0.0068,0.1500,+0.0,+0.0000,NONE,RUNNING
="2026-08-07 21:12:36",65229,1864953,1499913,365039,300000,-0.0063,0.1500,+0.0,+0.0000,NONE,RUNNING
="2026-08-07 21:12:37",65229,1864953,1499913,365039,300000,-0.0063,0.1500,+0.0,+0.0000,NONE,RUNNING
="2026-08-07 21:12:38",65229,1864953,1499913,365039,300000,-0.0037,0.1500,+0.0,+0.0000,NONE,RUNNING
="2026-08-07 21:12:39",65229,1886690,1499913,386776,300000,+0.0005,0.1500,+0.0,+0.0000,NONE,RUNNING
="2026-08-07 21:12:40",65229,1897417,1499913,397503,300000,+0.0005,0.1500,+0.0,+0.0000,NONE,RUNNING
="2026-08-07 21:12:41",65229,1897417,1499913,397503,300000,-0.0015,0.1500,+0.0,+0.0000,NONE,RUNNING
="2026-08-07 21:12:42",65229,1897417,1499913,397503,300000,+0.0076,0.1500,+0.0,+0.0000,NONE,RUNNING
="2026-08-07 21:12:43",65229,1897417,1499913,397503,300000,+0.0076,0.1500,+0.0,+0.0000,NONE,RUNNING
="2026-08-07 21:12:44",65229,1805268,1499913,305354,300000,+0.0076,0.1500,+0.0,+0.0000,NONE,RUNNING
="2026-08-07 21:12:45",65229,1805268,1499913,305354,300000,+0.0079,0.1500,+0.0,+0.0000,NONE,RUNNING
="2026-08-07 21:12:46",65229,1805268,1499913,305354,300000,+0.0079,0.1500,+0.0,+0.0000,NONE,RUNNING
="2026-08-07 21:12:47",65229,1261426,956071,305354,300000,+0.0079,0.1500,+0.0,+0.0000,NONE,RUNNING
="2026-08-07 21:12:48",65229,1030639,725284,305354,300000,+0.0079,0.1500,+0.0,+0.0000,NONE,RUNNING
="2026-08-07 21:12:49",65229,1056191,740394,315797,300000,+0.0117,0.1500,+0.0,+0.0000,NONE,RUNNING
="2026-08-07 21:12:50",65218,981134,679434,301699,300000,+0.0126,0.1500,+0.0,+0.0000,NONE,RUNNING
="2026-08-07 21:12:51",65218,981134,679434,301699,300000,+0.0126,0.1500,+0.0,+0.0000,NONE,RUNNING
="2026-08-07 21:12:52",65218,981134,679434,301699,300000,+0.0003,0.1500,+0.0,+0.0000,NONE,RUNNING
="2026-08-07 21:12:53",65218,928666,626966,301699,300000,-0.0034,0.1500,+0.0,+0.0000,NONE,RUNNING
="2026-08-07 21:12:54",65218,915305,613605,301699,300000,-0.0013,0.1500,+0.0,+0.0000,NONE,RUNNING
="2026-08-07 21:12:55",65218,915305,613605,301699,300000,-0.0013,0.1500,+0.0,+0.0000,NONE,RUNNING
="2026-08-07 21:12:56",65218,915305,613605,301699,300000,-0.0034,0.1500,+0.0,+0.0000,NONE,RUNNING
="2026-08-07 21:12:57",65218,966517,613605,352911,300000,-0.0034,0.1500,+0.0,+0.0000,NONE,RUNNING
="2026-08-07 21:12:58",65222,957592,592291,365301,300000,-0.0026,0.1500,+0.0,+0.0000,NONE,RUNNING
="2026-08-07 21:12:59",65222,959298,592291,367006,300000,-0.0026,0.1500,+0.0,+0.0000,NONE,RUNNING
="2026-08-07 21:13:00",65222,916846,607424,309421,300000,+0.0043,0.1500,+0.0,+0.0000,NONE,RUNNING
="2026-08-07 21:13:01",65224,952690,607424,345265,300000,+0.0043,0.1500,+0.0,+0.0000,NONE,RUNNING
="2026-08-07 21:13:02",65225,938771,607424,331347,300000,+0.0043,0.1500,+0.0,+0.0000,NONE,RUNNING
="2026-08-07 21:13:03",65225,938771,607424,331347,300000,+0.0043,0.1500,+0.0,+0.0000,NONE,RUNNING
="2026-08-07 21:13:04",65225,909128,607424,301703,300000,+0.0125,0.1500,+0.0,+0.0000,NONE,RUNNING
="2026-08-07 21:13:05",65225,593032,342417,250614,300000,+0.0127,0.1500,+0.0,+0.0000,NONE,RUNNING
="2026-08-07 21:13:06",65225,556073,342417,213655,300000,+0.0127,0.1500,+0.0,+0.0000,NONE,RUNNING
="2026-08-07 21:13:07",65225,529764,316109,213655,300000,-0.0068,0.1500,+0.0,+0.0000,NONE,RUNNING
="2026-08-07 21:13:08",65226,529764,316109,213655,300000,-0.0068,0.1500,+0.0,+0.0000,NONE,RUNNING
="2026-08-07 21:14:08",65222,747959,542715,205244,300000,+0.0081,0.1500,+0.0,+0.0000,NONE,RUNNING
="2026-08-07 21:15:08",65233,901605,204523,697081,300000,-0.0016,0.1500,+0.0,+0.0000,NONE,RUNNING
="2026-08-07 21:16:08",65212,446684,352695,93988,300000,-0.0082,0.1500,+0.0,+0.0000,NONE,RUNNING
="2026-08-07 21:17:08",65176,654018,184425,469592,300000,+0.0000,0.1500,+0.0,+0.0000,NONE,RUNNING
="2026-08-07 21:18:08",65202,723763,505720,218042,300000,+0.0091,0.1500,+0.0,+0.0000,NONE,RUNNING
="2026-08-07 21:19:08",65176,59614,59614,0,300000,+0.0114,0.1500,+0.0,+0.0000,NONE,RUNNING
="2026-08-07 21:20:08",65163,241217,162678,78539,300000,+0.0131,0.1500,+0.0,+0.0000,NONE,RUNNING
="2026-08-07 21:21:08",65128,654889,442839,212050,300000,+0.0089,0.1500,+0.0,+0.0000,NONE,RUNNING
="2026-08-07 21:22:08",65142,153269,69034,84234,300000,-0.0023,0.1500,+0.0,+0.0000,NONE,RUNNING
="2026-08-07 21:23:08",65123,230631,186414,44216,300000,+0.0091,0.1500,+0.0,+0.0000,NONE,RUNNING
="2026-08-07 21:24:08",65119,324119,251731,72388,300000,+0.0063,0.1500,+0.0,+0.0000,NONE,RUNNING
="2026-08-07 21:25:08",65104,32543,16263,16279,300000,-0.0021,0.1500,+0.0,+0.0000,NONE,RUNNING
="2026-08-07 21:26:08",65090,304724,56115,248608,300000,-0.0184,0.1500,+0.0,+0.0000,NONE,RUNNING
="2026-08-07 21:27:09",65104,742106,507451,234654,300000,-0.0075,0.1500,+0.0,+0.0000,NONE,RUNNING
="2026-08-07 21:28:09",65103,115282,105281,10000,300000,-0.0011,0.1500,+0.0,+0.0000,NONE,RUNNING
="2026-08-07 21:29:09",65135,142429,25267,117162,300000,+0.0007,0.1500,+0.0,+0.0000,NONE,RUNNING
="2026-08-07 21:30:09",65207,10143434,3652687,6490747,300000,+0.0453,0.1500,+0.0,+0.0000,NONE,RUNNING
="2026-08-07 21:30:11",65216,10414559,3675131,6739427,300000,-0.0859,0.1500,+0.0,+0.0000,NONE,RUNNING
="2026-08-07 21:30:12",65210,10459174,3691733,6767441,300000,-0.0859,0.1500,+0.0,+0.0000,NONE,RUNNING
="2026-08-07 21:30:13",65206,10577114,3691733,6885381,300000,-0.0873,0.1500,+0.0,+0.0000,NONE,RUNNING
="2026-08-07 21:30:14",65202,10577114,3691733,6885381,300000,-0.0873,0.1500,+0.0,+0.0000,NONE,RUNNING
="2026-08-07 21:30:15",65213,10678626,3691733,6986893,300000,-0.0873,0.1500,+0.0,+0.0000,NONE,RUNNING
="2026-08-07 21:30:16",65226,10678626,3691733,6986893,300000,-0.0873,0.1500,+0.0,+0.0000,NONE,RUNNING
="2026-08-07 21:30:17",65196,10773079,3786186,6986893,300000,-0.1652,0.1500,+0.0,+0.0000,LONG,RUNNING
="2026-08-07 21:30:18",65170,10819575,3803782,7015792,300000,-0.1652,0.1500,+0.0,+0.0000,LONG,RUNNING
="2026-08-07 21:30:19",65163,10819575,3803782,7015792,300000,-0.1663,0.1500,+0.0,+0.0000,LONG,RUNNING
="2026-08-07 21:30:20",65172,10856805,3822513,7034292,300000,-0.1663,0.1500,+0.0,+0.0000,LONG,RUNNING
="2026-08-07 21:30:21",65154,10856805,3822513,7034292,300000,-0.1618,0.1500,+0.0,+0.0000,LONG,RUNNING
="2026-08-07 21:30:22",65161,10856805,3822513,7034292,300000,-0.1618,0.1500,+0.0,+0.0000,LONG,RUNNING
="2026-08-07 21:30:23",65161,10856805,3822513,7034292,300000,-0.1618,0.1500,+0.0,+0.0000,LONG,RUNNING
="2026-08-07 21:30:24",65161,10856805,3822513,7034292,300000,-0.1619,0.1500,+0.0,+0.0000,LONG,RUNNING
="2026-08-07 21:30:25",65123,10907520,3858173,7049347,300000,-0.1619,0.1500,+0.0,+0.0000,LONG,RUNNING
="2026-08-07 21:30:26",65116,11020955,3936269,7084685,300000,-0.1634,0.1500,+0.0,+0.0000,LONG,RUNNING
="2026-08-07 21:30:27",65128,11020955,3936269,7084685,300000,-0.1354,0.1500,+0.0,+0.0000,NONE,RUNNING
="2026-08-07 21:30:28",65122,11039905,3955219,7084685,300000,-0.1354,0.1500,+0.0,+0.0000,NONE,RUNNING
="2026-08-07 21:30:29",65118,11066204,3981519,7084685,300000,-0.1354,0.1500,+0.0,+0.0000,NONE,RUNNING
="2026-08-07 21:30:30",65100,11166491,4081806,7084685,300000,-0.1288,0.1500,+0.0,+0.0000,NONE,RUNNING
="2026-08-07 21:30:31",65098,11186490,4081806,7104684,300000,-0.1305,0.1500,+0.0,+0.0000,NONE,RUNNING
="2026-08-07 21:30:32",65096,11186490,4081806,7104684,300000,-0.1305,0.1500,+0.0,+0.0000,NONE,RUNNING
="2026-08-07 21:30:33",65096,11186490,4081806,7104684,300000,-0.1305,0.1500,+0.0,+0.0000,NONE,RUNNING
="2026-08-07 21:30:34",65084,11186490,4081806,7104684,300000,-0.1448,0.1500,+0.0,+0.0000,NONE,RUNNING
="2026-08-07 21:30:35",65076,11199505,4081806,7117699,300000,-0.1448,0.1500,+0.0,+0.0000,NONE,RUNNING
="2026-08-07 21:30:36",65076,11199505,4081806,7117699,300000,-0.1447,0.1500,+0.0,+0.0000,NONE,RUNNING
="2026-08-07 21:30:37",65060,11217574,4099874,7117699,300000,-0.1550,0.1500,+0.0,+0.0000,LONG,RUNNING
="2026-08-07 21:30:38",65056,11217574,4099874,7117699,300000,-0.1550,0.1500,+0.0,+0.0000,LONG,RUNNING
="2026-08-07 21:30:39",65070,11195235,4099874,7095360,300000,-0.1612,0.1500,+0.0,+0.0000,LONG,RUNNING
="2026-08-07 21:30:40",65071,11195235,4099874,7095360,300000,-0.1612,0.1500,+0.0,+0.0000,LONG,RUNNING
="2026-08-07 21:30:41",65070,11195235,4099874,7095360,300000,-0.1636,0.1500,+0.0,+0.0000,LONG,RUNNING
="2026-08-07 21:30:42",65070,11195235,4099874,7095360,300000,-0.1809,0.1500,+0.0,+0.0000,LONG,RUNNING
="2026-08-07 21:30:43",65052,11195235,4099874,7095360,300000,-0.1809,0.1500,+0.0,+0.0000,LONG,RUNNING
="2026-08-07 21:30:44",65037,11218487,4123126,7095360,300000,-0.1809,0.1500,+0.0,+0.0000,LONG,RUNNING
="2026-08-07 21:30:45",65037,11193024,4123126,7069898,300000,-0.1762,0.1500,+0.0,+0.0000,LONG,RUNNING
="2026-08-07 21:30:46",65054,10767626,3697728,7069898,300000,-0.1762,0.1500,+0.0,+0.0000,LONG,RUNNING
="2026-08-07 21:30:47",65067,10348446,3653871,6694575,300000,-0.1767,0.1500,+0.0,+0.0000,LONG,RUNNING
="2026-08-07 21:30:48",65066,10205307,3510732,6694575,300000,-0.1818,0.1500,+0.0,+0.0000,LONG,RUNNING
="2026-08-07 21:30:49",65066,10172958,3478383,6694575,300000,-0.1825,0.1500,+0.0,+0.0000,LONG,RUNNING
="2026-08-07 21:30:50",65053,10149879,3478383,6671495,300000,-0.1825,0.1500,+0.0,+0.0000,LONG,RUNNING
="2026-08-07 21:30:51",65039,10173628,3478383,6695244,300000,-0.1825,0.1500,+0.0,+0.0000,LONG,RUNNING
="2026-08-07 21:30:52",65048,10173628,3478383,6695244,300000,-0.2001,0.1500,+0.0,+0.0000,LONG,RUNNING
="2026-08-07 21:30:53",65073,10149295,3478383,6670911,300000,-0.2001,0.1500,+0.0,+0.0000,LONG,RUNNING
="2026-08-07 21:30:54",65073,10090224,3478383,6611841,300000,-0.1957,0.1500,+0.0,+0.0000,LONG,RUNNING
="2026-08-07 21:30:55",65073,10090224,3478383,6611841,300000,-0.1957,0.1500,+0.0,+0.0000,LONG,RUNNING
="2026-08-07 21:30:56",65073,10077147,3478383,6598764,300000,-0.1841,0.1500,+0.0,+0.0000,LONG,RUNNING
="2026-08-07 21:30:57",65067,10077147,3478383,6598764,300000,-0.1841,0.1500,+0.0,+0.0000,LONG,RUNNING
="2026-08-07 21:30:58",65052,10043080,3478383,6564697,300000,-0.1882,0.1500,+0.0,+0.0000,LONG,RUNNING
="2026-08-07 21:30:59",65047,10042136,3490936,6551200,300000,-0.1833,0.1500,+0.0,+0.0000,LONG,RUNNING
="2026-08-07 21:31:00",65046,9909123,3517977,6391145,300000,-0.1833,0.1500,+0.0,+0.0000,LONG,RUNNING
="2026-08-07 21:31:01",65029,9060846,3651114,5409732,300000,-0.1890,0.1500,+0.0,+0.0000,LONG,RUNNING
="2026-08-07 21:31:02",65010,8762588,3561989,5200599,300000,-0.1890,0.1500,+0.0,+0.0000,LONG,RUNNING
="2026-08-07 21:31:03",65021,6302634,3198386,3104247,300000,-0.1890,0.1500,+0.0,+0.0000,SHORT,RUNNING
="2026-08-07 21:31:04",65032,2612838,1163943,1448894,300000,-0.2021,0.1500,+0.0,+0.0000,LONG,RUNNING
="2026-08-07 21:31:05",65033,2313547,900546,1413001,300000,-0.2153,0.1500,+0.0,+0.0000,LONG,RUNNING
="2026-08-07 21:31:06",65031,1960118,807509,1152609,300000,-0.2153,0.1500,+0.0,+0.0000,LONG,RUNNING
="2026-08-07 21:31:07",65027,1827693,794392,1033301,300000,-0.2153,0.1500,+0.0,+0.0000,LONG,RUNNING
="2026-08-07 21:31:08",65018,1814073,794392,1019680,300000,-0.1910,0.1500,+0.0,+0.0000,LONG,RUNNING
="2026-08-07 21:31:09",65010,1522205,771948,750257,300000,-0.1910,0.1500,+0.0,+0.0000,SHORT,RUNNING
="2026-08-07 21:31:10",65010,1377913,771948,605964,300000,-0.1821,0.1500,+0.0,+0.0000,SHORT,RUNNING
="2026-08-07 21:31:11",65010,1333297,755346,577951,300000,-0.0547,0.1500,+0.0,+0.0000,NONE,RUNNING
="2026-08-07 21:31:12",65010,1289588,766700,522888,300000,-0.0547,0.1500,+0.0,+0.0000,NONE,RUNNING
="2026-08-07 21:31:13",65000,1237111,777100,460010,300000,-0.0547,0.1500,+0.0,+0.0000,NONE,RUNNING
="2026-08-07 21:31:14",64994,1180854,787987,392867,300000,-0.0557,0.1500,+0.0,+0.0000,NONE,RUNNING
="2026-08-07 21:31:15",64994,1169884,811385,358498,300000,-0.0557,0.1500,+0.0,+0.0000,NONE,RUNNING
="2026-08-07 21:31:16",64988,1087854,729356,358498,300000,-0.0557,0.1500,+0.0,+0.0000,NONE,RUNNING
="2026-08-07 21:31:17",64990,1070258,711759,358498,300000,-0.0549,0.1500,+0.0,+0.0000,NONE,RUNNING
="2026-08-07 21:31:18",64990,1041359,711759,329599,300000,+0.0197,0.1500,+0.0,+0.0000,NONE,RUNNING
="2026-08-07 21:31:19",64990,1090892,779792,311100,300000,+0.0197,0.1500,+0.0,+0.0000,NONE,RUNNING
="2026-08-07 21:31:20",64990,1082253,761061,321192,300000,+0.0229,0.1500,+0.0,+0.0000,NONE,RUNNING
="2026-08-07 21:31:21",64997,1094055,761061,332993,300000,+0.0229,0.1500,+0.0,+0.0000,NONE,RUNNING
="2026-08-07 21:31:22",65006,1104081,761061,343020,300000,+0.0436,0.1500,+0.0,+0.0000,NONE,RUNNING
="2026-08-07 21:31:23",65015,1116093,761061,355031,300000,+0.0436,0.1500,+0.0,+0.0000,NONE,RUNNING
="2026-08-07 21:31:24",65016,1065378,725401,339976,300000,+0.0436,0.1500,+0.0,+0.0000,NONE,RUNNING
="2026-08-07 21:31:25",65016,951943,647305,304638,300000,+0.0436,0.1500,+0.0,+0.0000,NONE,RUNNING
="2026-08-07 21:31:26",65015,951943,647305,304638,300000,+0.0261,0.1500,+0.0,+0.0000,NONE,RUNNING
="2026-08-07 21:31:28",65016,932993,628354,304638,300000,+0.0261,0.1500,+0.0,+0.0000,NONE,RUNNING
="2026-08-07 21:31:29",65014,944426,639787,304638,300000,+0.0261,0.1500,+0.0,+0.0000,NONE,RUNNING
="2026-08-07 21:31:30",65000,817839,513201,304638,300000,+0.0261,0.1500,+0.0,+0.0000,NONE,RUNNING
="2026-08-07 21:31:31",65013,850818,513201,337617,300000,+0.0681,0.1500,+0.0,+0.0000,NONE,RUNNING
="2026-08-07 21:31:32",65013,959437,610722,348714,300000,+0.0681,0.1500,+0.0,+0.0000,NONE,RUNNING
="2026-08-07 21:31:33",65013,978128,629413,348714,300000,+0.0681,0.1500,+0.0,+0.0000,NONE,RUNNING
="2026-08-07 21:31:34",65013,978128,629413,348714,300000,+0.0825,0.1500,+0.0,+0.0000,NONE,RUNNING
="2026-08-07 21:31:35",65013,978128,629413,348714,300000,+0.0825,0.1500,+0.0,+0.0000,NONE,RUNNING
="2026-08-07 21:31:36",65013,965112,629413,335699,300000,+0.0823,0.1500,+0.0,+0.0000,NONE,RUNNING
="2026-08-07 21:31:37",65013,947044,611344,335699,300000,+0.1119,0.1500,+0.0,+0.0000,NONE,RUNNING
="2026-08-07 21:31:38",65023,1018377,611344,407032,300000,+0.1119,0.1500,+0.0,+0.0000,NONE,RUNNING
="2026-08-07 21:31:39",65027,920716,611344,309372,300000,+0.1182,0.1500,+0.0,+0.0000,NONE,RUNNING
="2026-08-07 21:31:40",65030,920716,611344,309372,300000,+0.1182,0.1500,+0.0,+0.0000,NONE,RUNNING
="2026-08-07 21:31:41",65040,920716,611344,309372,300000,+0.1299,0.1500,+0.0,+0.0000,NONE,RUNNING
="2026-08-07 21:31:42",65040,920716,611344,309372,300000,+0.1472,0.1500,+0.0,+0.0000,NONE,RUNNING
="2026-08-07 21:31:43",65048,920716,611344,309372,300000,+0.1472,0.1500,+0.0,+0.0000,NONE,RUNNING
="2026-08-07 21:31:44",65048,897465,588093,309372,300000,+0.1472,0.1500,+0.0,+0.0000,NONE,RUNNING
="2026-08-07 21:31:45",65048,897465,588093,309372,300000,+0.1426,0.1500,+0.0,+0.0000,NONE,RUNNING
="2026-08-07 21:31:46",65053,883117,588093,295024,300000,+0.1426,0.1500,+0.0,+0.0000,NONE,RUNNING
="2026-08-07 21:31:47",65057,883117,588093,295024,300000,+0.1402,0.1500,+0.0,+0.0000,NONE,RUNNING
="2026-08-07 21:31:48",65061,883117,588093,295024,300000,+0.1402,0.1500,+0.0,+0.0000,NONE,RUNNING
="2026-08-07 21:31:49",65061,883117,588093,295024,300000,+0.1453,0.1500,+0.0,+0.0000,NONE,RUNNING
="2026-08-07 21:31:50",65063,911697,616673,295024,300000,+0.1453,0.1500,+0.0,+0.0000,NONE,RUNNING
="2026-08-07 21:31:51",65064,911697,616673,295024,300000,+0.1453,0.1500,+0.0,+0.0000,NONE,RUNNING
="2026-08-07 21:31:52",65050,887947,616673,271274,300000,+0.1453,0.1500,+0.0,+0.0000,NONE,RUNNING
="2026-08-07 21:31:53",65063,887947,616673,271274,300000,+0.1505,0.1500,+0.0,+0.0000,SHORT,RUNNING
="2026-08-07 21:31:54",65063,887947,616673,271274,300000,+0.1461,0.1500,+0.0,+0.0000,NONE,RUNNING
="2026-08-07 21:31:55",65078,887947,616673,271274,300000,+0.2028,0.1500,+0.0,+0.0000,SHORT,RUNNING
="2026-08-07 21:31:56",65082,900724,629449,271274,300000,+0.2028,0.1500,+0.0,+0.0000,SHORT,RUNNING
="2026-08-07 21:31:57",65082,900724,629449,271274,300000,+0.2028,0.1500,+0.0,+0.0000,SHORT,RUNNING
="2026-08-07 21:31:58",65083,900724,629449,271274,300000,+0.2069,0.1500,+0.0,+0.0000,SHORT,RUNNING
="2026-08-07 21:31:59",65066,888170,616895,271274,300000,+0.2107,0.1500,+0.0,+0.0000,SHORT,RUNNING
="2026-08-07 21:32:00",65066,893662,589854,303808,300000,+0.2107,0.1500,+0.0,+0.0000,SHORT,RUNNING
="2026-08-07 21:32:01",65067,893662,589854,303808,300000,+0.2162,0.1500,+0.0,+0.0000,SHORT,RUNNING
="2026-08-07 21:32:02",65081,1309387,324293,985093,300000,+0.2162,0.1500,+0.0,+0.0000,LONG,RUNNING
="2026-08-07 21:32:03",65077,1289377,324293,965084,300000,+0.2162,0.1500,+0.0,+0.0000,LONG,RUNNING
="2026-08-07 21:32:04",65077,1289377,324293,965084,300000,+0.2293,0.1500,+0.0,+0.0000,LONG,RUNNING
="2026-08-07 21:32:05",65061,1289377,324293,965084,300000,+0.2421,0.1500,+0.0,+0.0000,LONG,RUNNING
="2026-08-07 21:32:06",65040,1258568,305495,953072,300000,+0.2421,0.1500,+0.0,+0.0000,LONG,RUNNING
="2026-08-07 21:32:07",65053,1276181,305495,970685,300000,+0.2130,0.1500,+0.0,+0.0000,LONG,RUNNING
="2026-08-07 21:32:08",65054,1276181,305495,970685,300000,+0.2312,0.1500,+0.0,+0.0000,LONG,RUNNING
="2026-08-07 21:32:09",65061,1276181,305495,970685,300000,+0.2312,0.1500,+0.0,+0.0000,LONG,RUNNING
="2026-08-07 21:32:10",65069,1287285,305495,981790,300000,+0.2312,0.1500,+0.0,+0.0000,LONG,RUNNING
="2026-08-07 21:32:11",65084,1309099,327309,981790,300000,+0.2316,0.1500,+0.0,+0.0000,LONG,RUNNING
="2026-08-07 21:32:12",65070,1309099,327309,981790,300000,+0.2316,0.1500,+0.0,+0.0000,LONG,RUNNING
="2026-08-07 21:32:13",65070,1298358,305555,992802,300000,+0.2326,0.1500,+0.0,+0.0000,LONG,RUNNING
="2026-08-07 21:32:14",65085,1287471,294668,992802,300000,+0.2298,0.1500,+0.0,+0.0000,LONG,RUNNING
="2026-08-07 21:32:15",65098,1341488,294668,1046820,300000,+0.2298,0.1500,+0.0,+0.0000,LONG,RUNNING
="2026-08-07 21:32:16",65102,1305667,258846,1046820,300000,+0.2291,0.1500,+0.0,+0.0000,LONG,RUNNING
="2026-08-07 21:32:17",65115,1320813,258846,1061966,300000,+0.2364,0.1500,+0.0,+0.0000,LONG,RUNNING
="2026-08-07 21:32:18",65120,1320813,258846,1061966,300000,+0.2364,0.1500,+0.0,+0.0000,LONG,RUNNING
="2026-08-07 21:32:19",65120,1355311,258846,1096465,300000,+0.2364,0.1500,+0.0,+0.0000,LONG,RUNNING
="2026-08-07 21:32:20",65139,1287279,190814,1096465,300000,+0.2346,0.1500,+0.0,+0.0000,LONG,RUNNING
="2026-08-07 21:32:21",65140,1277187,190814,1086373,300000,+0.2346,0.1500,+0.0,+0.0000,LONG,RUNNING
="2026-08-07 21:32:22",65141,1407810,285441,1122368,300000,+0.2346,0.1500,+0.0,+0.0000,LONG,RUNNING
="2026-08-07 21:32:23",65147,1385772,285441,1100330,300000,+0.2065,0.1500,+0.0,+0.0000,LONG,RUNNING
="2026-08-07 21:32:24",65156,1411104,285441,1125662,300000,+0.2065,0.1500,+0.0,+0.0000,LONG,RUNNING
="2026-08-07 21:32:25",65167,1411104,285441,1125662,300000,+0.2065,0.1500,+0.0,+0.0000,LONG,RUNNING
="2026-08-07 21:32:26",65167,1443167,317504,1125662,300000,+0.2217,0.1500,+0.0,+0.0000,LONG,RUNNING
="2026-08-07 21:32:27",65166,1443167,317504,1125662,300000,+0.2217,0.1500,+0.0,+0.0000,LONG,RUNNING
="2026-08-07 21:32:28",65166,1431734,306071,1125662,300000,+0.2217,0.1500,+0.0,+0.0000,LONG,RUNNING
="2026-08-07 21:32:29",65173,1455733,306071,1149661,300000,+0.2103,0.1500,+0.0,+0.0000,LONG,RUNNING
="2026-08-07 21:32:30",65166,1402755,306071,1096684,300000,+0.1616,0.1500,+0.0,+0.0000,LONG,RUNNING
="2026-08-07 21:32:31",65166,1391657,306071,1085586,300000,+0.1616,0.1500,+0.0,+0.0000,LONG,RUNNING
="2026-08-07 21:32:32",65166,1294136,208550,1085586,300000,+0.1616,0.1500,+0.0,+0.0000,LONG,RUNNING
="2026-08-07 21:32:33",65166,1275445,189859,1085586,300000,+0.1616,0.1500,+0.0,+0.0000,LONG,RUNNING
="2026-08-07 21:32:34",65172,1275445,189859,1085586,300000,+0.1617,0.1500,+0.0,+0.0000,LONG,RUNNING
="2026-08-07 21:32:35",65172,1291969,206382,1085586,300000,+0.1731,0.1500,+0.0,+0.0000,LONG,RUNNING
="2026-08-07 21:32:36",65172,1291969,206382,1085586,300000,+0.1731,0.1500,+0.0,+0.0000,LONG,RUNNING
="2026-08-07 21:32:37",65172,1220636,206382,1014253,300000,+0.1435,0.1500,+0.0,+0.0000,NONE,RUNNING
="2026-08-07 21:32:38",65166,1261673,247419,1014253,300000,+0.1435,0.1500,+0.0,+0.0000,NONE,RUNNING
="2026-08-07 21:32:39",65166,1287019,247419,1039600,300000,+0.1435,0.1500,+0.0,+0.0000,NONE,RUNNING
="2026-08-07 21:32:40",65169,1287019,247419,1039600,300000,+0.1319,0.1500,+0.0,+0.0000,NONE,RUNNING
="2026-08-07 21:32:41",65170,1287019,247419,1039600,300000,+0.1319,0.1500,+0.0,+0.0000,NONE,RUNNING
="2026-08-07 21:32:42",65170,1287019,247419,1039600,300000,+0.1395,0.1500,+0.0,+0.0000,NONE,RUNNING
="2026-08-07 21:32:43",65169,1287019,247419,1039600,300000,+0.1395,0.1500,+0.0,+0.0000,NONE,RUNNING
="2026-08-07 21:32:44",65174,1362200,312594,1049605,300000,+0.1373,0.1500,+0.0,+0.0000,NONE,RUNNING
="2026-08-07 21:32:45",65194,1362200,312594,1049605,300000,+0.1373,0.1500,+0.0,+0.0000,NONE,RUNNING
="2026-08-07 21:32:46",65185,1362200,312594,1049605,300000,+0.1396,0.1500,+0.0,+0.0000,NONE,RUNNING
="2026-08-07 21:32:47",65175,1362200,312594,1049605,300000,+0.1396,0.1500,+0.0,+0.0000,NONE,RUNNING
="2026-08-07 21:32:48",65175,1362200,312594,1049605,300000,+0.1396,0.1500,+0.0,+0.0000,NONE,RUNNING
="2026-08-07 21:32:49",65174,1361316,311711,1049605,300000,+0.1396,0.1500,+0.0,+0.0000,NONE,RUNNING
="2026-08-07 21:32:50",65164,1361316,311711,1049605,300000,+0.1396,0.1500,+0.0,+0.0000,NONE,RUNNING
="2026-08-07 21:32:51",65164,1361316,311711,1049605,300000,+0.1507,0.1500,+0.0,+0.0000,LONG,RUNNING
="2026-08-07 21:32:52",65171,1361316,311711,1049605,300000,+0.1455,0.1500,+0.0,+0.0000,NONE,RUNNING
="2026-08-07 21:32:53",65172,1361316,311711,1049605,300000,+0.1395,0.1500,+0.0,+0.0000,NONE,RUNNING
="2026-08-07 21:32:54",65172,1361316,311711,1049605,300000,+0.1395,0.1500,+0.0,+0.0000,NONE,RUNNING
="2026-08-07 21:32:55",65171,1348540,298935,1049605,300000,+0.0828,0.1500,+0.0,+0.0000,NONE,RUNNING
="2026-08-07 21:32:56",65171,1348540,298935,1049605,300000,+0.0873,0.1500,+0.0,+0.0000,NONE,RUNNING
="2026-08-07 21:32:57",65171,1348540,298935,1049605,300000,+0.0873,0.1500,+0.0,+0.0000,NONE,RUNNING
="2026-08-07 21:32:58",65156,1348540,298935,1049605,300000,+0.0836,0.1500,+0.0,+0.0000,NONE,RUNNING
="2026-08-07 21:32:59",65154,1316007,298935,1017072,300000,+0.0841,0.1500,+0.0,+0.0000,NONE,RUNNING
="2026-08-07 21:33:00",65154,1383313,366240,1017072,300000,+0.0841,0.1500,+0.0,+0.0000,NONE,RUNNING
="2026-08-07 21:33:01",65144,792736,516863,275872,300000,+0.0846,0.1500,+0.0,+0.0000,NONE,RUNNING
="2026-08-07 21:33:03",65128,802783,526911,275872,300000,+0.0846,0.1500,+0.0,+0.0000,NONE,RUNNING
="2026-08-07 21:33:04",65131,880977,526911,354066,300000,+0.0846,0.1500,+0.0,+0.0000,NONE,RUNNING
="2026-08-07 21:33:05",65131,880977,526911,354066,300000,+0.0719,0.1500,+0.0,+0.0000,NONE,RUNNING
="2026-08-07 21:33:06",65131,880977,526911,354066,300000,+0.0719,0.1500,+0.0,+0.0000,NONE,RUNNING
="2026-08-07 21:33:07",65131,863364,526911,336453,300000,+0.0792,0.1500,+0.0,+0.0000,NONE,RUNNING
="2026-08-07 21:33:08",65131,892086,526911,365175,300000,+0.0792,0.1500,+0.0,+0.0000,NONE,RUNNING
="2026-08-07 21:33:09",65129,892086,526911,365175,300000,+0.0610,0.1500,+0.0,+0.0000,NONE,RUNNING
="2026-08-07 21:33:10",65129,892086,526911,365175,300000,+0.0610,0.1500,+0.0,+0.0000,NONE,RUNNING
="2026-08-07 21:33:11",65129,880982,526911,354071,300000,+0.0516,0.1500,+0.0,+0.0000,NONE,RUNNING
="2026-08-07 21:33:12",65129,891733,505097,386636,300000,+0.0615,0.1500,+0.0,+0.0000,NONE,RUNNING
="2026-08-07 21:33:13",65129,880721,505097,375623,300000,+0.0615,0.1500,+0.0,+0.0000,NONE,RUNNING
="2026-08-07 21:33:14",65140,880721,505097,375623,300000,+0.0615,0.1500,+0.0,+0.0000,NONE,RUNNING
="2026-08-07 21:33:15",65133,881932,560326,321605,300000,+0.0642,0.1500,+0.0,+0.0000,NONE,RUNNING
="2026-08-07 21:33:16",65140,881932,560326,321605,300000,+0.0636,0.1500,+0.0,+0.0000,NONE,RUNNING
="2026-08-07 21:33:17",65118,902551,580945,321605,300000,+0.0636,0.1500,+0.0,+0.0000,NONE,RUNNING
="2026-08-07 21:33:18",65128,904990,580945,324044,300000,+0.0563,0.1500,+0.0,+0.0000,NONE,RUNNING
="2026-08-07 21:33:19",65143,886836,580945,305890,300000,+0.0570,0.1500,+0.0,+0.0000,NONE,RUNNING
="2026-08-07 21:33:20",65143,886836,580945,305890,300000,+0.0570,0.1500,+0.0,+0.0000,NONE,RUNNING
="2026-08-07 21:33:21",65124,912467,580945,331522,300000,+0.0510,0.1500,+0.0,+0.0000,NONE,RUNNING
="2026-08-07 21:33:22",65130,864670,580945,283724,300000,+0.0512,0.1500,+0.0,+0.0000,NONE,RUNNING
="2026-08-07 21:33:23",65133,860931,577206,283724,300000,+0.0586,0.1500,+0.0,+0.0000,NONE,RUNNING
="2026-08-07 21:33:24",65124,860931,577206,283724,300000,+0.0586,0.1500,+0.0,+0.0000,NONE,RUNNING
="2026-08-07 21:33:25",65124,835599,577206,258392,300000,+0.0586,0.1500,+0.0,+0.0000,NONE,RUNNING
="2026-08-07 21:33:26",65114,803537,545144,258392,300000,+0.0329,0.1500,+0.0,+0.0000,NONE,RUNNING
="2026-08-07 21:33:27",65114,803537,545144,258392,300000,+0.0329,0.1500,+0.0,+0.0000,NONE,RUNNING
="2026-08-07 21:33:28",65114,803537,545144,258392,300000,-0.0167,0.1500,+0.0,+0.0000,NONE,RUNNING
="2026-08-07 21:33:29",65108,779538,545144,234393,300000,-0.0167,0.1500,+0.0,+0.0000,NONE,RUNNING
="2026-08-07 21:33:30",65108,779538,545144,234393,300000,-0.0060,0.1500,+0.0,+0.0000,NONE,RUNNING
="2026-08-07 21:33:31",65108,789619,545144,244475,300000,-0.0060,0.1500,+0.0,+0.0000,NONE,RUNNING
="2026-08-07 21:33:32",65117,789619,545144,244475,300000,-0.0060,0.1500,+0.0,+0.0000,NONE,RUNNING
="2026-08-07 21:33:33",65118,789619,545144,244475,300000,-0.0060,0.1500,+0.0,+0.0000,NONE,RUNNING
="2026-08-07 21:33:34",65117,789619,545144,244475,300000,-0.0012,0.1500,+0.0,+0.0000,NONE,RUNNING
="2026-08-07 21:33:35",65119,825126,580650,244475,300000,-0.0012,0.1500,+0.0,+0.0000,NONE,RUNNING
="2026-08-07 21:33:36",65119,808603,564127,244475,300000,-0.0127,0.1500,+0.0,+0.0000,NONE,RUNNING
="2026-08-07 21:33:37",65119,808603,564127,244475,300000,-0.0122,0.1500,+0.0,+0.0000,NONE,RUNNING
="2026-08-07 21:33:38",65120,767565,523090,244475,300000,-0.0122,0.1500,+0.0,+0.0000,NONE,RUNNING
="2026-08-07 21:33:39",65119,742219,523090,219128,300000,-0.0110,0.1500,+0.0,+0.0000,NONE,RUNNING
="2026-08-07 21:33:40",65119,780693,523090,257602,300000,-0.0110,0.1500,+0.0,+0.0000,NONE,RUNNING
="2026-08-07 21:33:41",65124,780693,523090,257602,300000,-0.0110,0.1500,+0.0,+0.0000,NONE,RUNNING
="2026-08-07 21:33:42",65124,795507,537905,257602,300000,-0.0186,0.1500,+0.0,+0.0000,NONE,RUNNING
="2026-08-07 21:33:43",65125,795507,537905,257602,300000,-0.0171,0.1500,+0.0,+0.0000,NONE,RUNNING
="2026-08-07 21:33:44",65126,730332,472730,257602,300000,-0.0171,0.1500,+0.0,+0.0000,NONE,RUNNING
="2026-08-07 21:33:45",65114,769768,522171,247597,300000,-0.0149,0.1500,+0.0,+0.0000,NONE,RUNNING
="2026-08-07 21:33:46",65100,784485,536888,247597,300000,-0.0149,0.1500,+0.0,+0.0000,NONE,RUNNING
="2026-08-07 21:33:47",65092,796936,549339,247597,300000,-0.0149,0.1500,+0.0,+0.0000,NONE,RUNNING
="2026-08-07 21:33:48",65092,796936,549339,247597,300000,-0.0149,0.1500,+0.0,+0.0000,NONE,RUNNING
="2026-08-07 21:33:49",65100,769240,521642,247597,300000,+0.0019,0.1500,+0.0,+0.0000,NONE,RUNNING
="2026-08-07 21:33:50",65101,769240,521642,247597,300000,+0.0019,0.1500,+0.0,+0.0000,NONE,RUNNING
="2026-08-07 21:33:51",65103,769240,521642,247597,300000,-0.0091,0.1500,+0.0,+0.0000,NONE,RUNNING
="2026-08-07 21:33:52",65123,769240,521642,247597,300000,-0.0075,0.1500,+0.0,+0.0000,NONE,RUNNING
="2026-08-07 21:33:53",65118,769240,521642,247597,300000,-0.0075,0.1500,+0.0,+0.0000,NONE,RUNNING
="2026-08-07 21:33:54",65118,769240,521642,247597,300000,-0.0014,0.1500,+0.0,+0.0000,NONE,RUNNING
="2026-08-07 21:33:55",65111,769240,521642,247597,300000,-0.0014,0.1500,+0.0,+0.0000,NONE,RUNNING
="2026-08-07 21:33:56",65110,769240,521642,247597,300000,-0.0014,0.1500,+0.0,+0.0000,NONE,RUNNING
="2026-08-07 21:33:57",65110,769240,521642,247597,300000,-0.0060,0.1500,+0.0,+0.0000,NONE,RUNNING
="2026-08-07 21:33:58",65110,769240,521642,247597,300000,-0.0023,0.1500,+0.0,+0.0000,NONE,RUNNING
="2026-08-07 21:33:59",65110,769240,521642,247597,300000,-0.0023,0.1500,+0.0,+0.0000,NONE,RUNNING
="2026-08-07 21:34:00",65113,769240,521642,247597,300000,-0.0028,0.1500,+0.0,+0.0000,NONE,RUNNING
="2026-08-07 21:34:01",65113,578069,330472,247597,300000,+0.0002,0.1500,+0.0,+0.0000,NONE,RUNNING
="2026-08-07 21:34:02",65112,541264,293666,247597,300000,+0.0002,0.1500,+0.0,+0.0000,NONE,RUNNING
="2026-08-07 21:34:03",65112,463070,293666,169403,300000,+0.0002,0.1500,+0.0,+0.0000,NONE,RUNNING
="2026-08-07 21:34:04",65112,463070,293666,169403,300000,+0.0002,0.1500,+0.0,+0.0000,NONE,RUNNING
="2026-08-07 21:34:05",65112,463070,293666,169403,300000,+0.0016,0.1500,+0.0,+0.0000,NONE,RUNNING
="2026-08-07 21:34:06",65112,477241,307838,169403,300000,-0.0058,0.1500,+0.0,+0.0000,NONE,RUNNING
="2026-08-07 21:34:07",65106,466367,325686,140680,300000,-0.0058,0.1500,+0.0,+0.0000,NONE,RUNNING
="2026-08-07 21:35:07",64986,2158198,1651530,506668,300000,+0.0152,0.1500,+0.0,+0.0000,NONE,RUNNING
="2026-08-07 21:36:07",65098,573219,267537,305682,300000,-0.0107,0.1500,+0.0,+0.0000,NONE,RUNNING
="2026-08-07 21:37:07",65023,497019,241811,255208,300000,+0.0312,0.1500,+0.0,+0.0000,NONE,RUNNING
="2026-08-07 21:37:33",65037,327094,104995,222099,300000,+0.1028,0.1500,+0.0,+0.0000,NONE,RUNNING
="2026-08-07 21:37:34",65047,370697,104995,265702,300000,+0.1028,0.1500,+0.0,+0.0000,NONE,RUNNING
="2026-08-07 21:37:35",65047,370697,104995,265702,300000,+0.1030,0.1500,+0.0,+0.0000,NONE,RUNNING
="2026-08-07 21:37:36",65038,416260,150558,265702,300000,+0.1030,0.1500,+0.0,+0.0000,NONE,RUNNING
="2026-08-07 21:37:37",65038,426266,150558,275708,300000,+0.1030,0.1500,+0.0,+0.0000,NONE,RUNNING
="2026-08-07 21:37:38",65038,426266,150558,275708,300000,+0.1027,0.1500,+0.0,+0.0000,NONE,RUNNING
="2026-08-07 21:37:39",65038,416262,150558,265703,300000,+0.1027,0.1500,+0.0,+0.0000,NONE,RUNNING
="2026-08-07 21:37:40",65038,397173,121463,275709,300000,+0.1409,0.1500,+0.0,+0.0000,NONE,RUNNING
="2026-08-07 21:37:41",65038,397173,121463,275709,300000,+0.1409,0.1500,+0.0,+0.0000,NONE,RUNNING
="2026-08-07 21:37:42",65038,387168,121463,265704,300000,+0.1317,0.1500,+0.0,+0.0000,NONE,RUNNING
="2026-08-07 21:37:43",65038,397173,121463,275710,300000,+0.1317,0.1500,+0.0,+0.0000,NONE,RUNNING
="2026-08-07 21:37:44",65038,369340,121463,247876,300000,+0.1317,0.1500,+0.0,+0.0000,NONE,RUNNING
="2026-08-07 21:37:45",65038,369340,121463,247876,300000,+0.1209,0.1500,+0.0,+0.0000,NONE,RUNNING
="2026-08-07 21:37:46",65038,379344,121463,257881,300000,+0.1222,0.1500,+0.0,+0.0000,NONE,RUNNING
="2026-08-07 21:37:47",65038,379344,121463,257881,300000,+0.1222,0.1500,+0.0,+0.0000,NONE,RUNNING
="2026-08-07 21:37:48",65047,369340,121463,247876,300000,+0.1208,0.1500,+0.0,+0.0000,NONE,RUNNING
="2026-08-07 21:37:49",65047,379345,121463,257881,300000,+0.1216,0.1500,+0.0,+0.0000,NONE,RUNNING
="2026-08-07 21:37:50",65053,403370,121463,281906,300000,+0.1216,0.1500,+0.0,+0.0000,NONE,RUNNING
="2026-08-07 21:37:51",65053,468423,186517,281906,300000,+0.1193,0.1500,+0.0,+0.0000,NONE,RUNNING
="2026-08-07 21:37:52",65053,468423,186517,281906,300000,+0.1193,0.1500,+0.0,+0.0000,NONE,RUNNING
="2026-08-07 21:37:53",65055,468423,186517,281906,300000,+0.1193,0.1500,+0.0,+0.0000,NONE,RUNNING
="2026-08-07 21:37:54",65055,490102,186517,303585,300000,+0.1189,0.1500,+0.0,+0.0000,NONE,RUNNING
="2026-08-07 21:37:55",65061,490102,186517,303585,300000,+0.1189,0.1500,+0.0,+0.0000,NONE,RUNNING
="2026-08-07 21:37:56",65061,480096,186517,293579,300000,+0.1186,0.1500,+0.0,+0.0000,NONE,RUNNING
="2026-08-07 21:37:57",65061,490101,186517,303584,300000,+0.1186,0.1500,+0.0,+0.0000,NONE,RUNNING
="2026-08-07 21:37:58",65061,414201,110617,303584,300000,+0.1192,0.1500,+0.0,+0.0000,NONE,RUNNING
="2026-08-07 21:37:59",65061,404196,110617,293579,300000,+0.1192,0.1500,+0.0,+0.0000,NONE,RUNNING
="2026-08-07 21:38:00",65061,414201,110617,303584,300000,+0.1182,0.1500,+0.0,+0.0000,NONE,RUNNING
="2026-08-07 21:38:01",65062,414201,110617,303584,300000,+0.1147,0.1500,+0.0,+0.0000,NONE,RUNNING
="2026-08-07 21:38:02",65061,404196,110617,293578,300000,+0.1147,0.1500,+0.0,+0.0000,NONE,RUNNING
="2026-08-07 21:38:03",65061,414200,110617,303583,300000,+0.1152,0.1500,+0.0,+0.0000,NONE,RUNNING
="2026-08-07 21:38:04",65061,414200,110617,303583,300000,+0.1152,0.1500,+0.0,+0.0000,NONE,RUNNING
="2026-08-07 21:38:05",65061,403425,110617,292807,300000,+0.1158,0.1500,+0.0,+0.0000,NONE,RUNNING
="2026-08-07 21:38:06",65061,413429,110617,302812,300000,+0.1114,0.1500,+0.0,+0.0000,NONE,RUNNING
="2026-08-07 21:38:07",65061,413429,110617,302812,300000,+0.1111,0.1500,+0.0,+0.0000,NONE,RUNNING
="2026-08-07 21:38:08",65061,403424,110617,292807,300000,+0.1111,0.1500,+0.0,+0.0000,NONE,RUNNING
="2026-08-07 21:38:09",65061,403424,110617,292807,300000,+0.1111,0.1500,+0.0,+0.0000,NONE,RUNNING
="2026-08-07 21:38:10",65063,403424,110617,292807,300000,+0.1111,0.1500,+0.0,+0.0000,NONE,RUNNING
="2026-08-07 21:38:11",65064,393419,110617,282802,300000,+0.1121,0.1500,+0.0,+0.0000,NONE,RUNNING
="2026-08-07 21:38:12",65064,403424,110617,292806,300000,+0.1038,0.1500,+0.0,+0.0000,NONE,RUNNING
="2026-08-07 21:38:13",65063,403424,110617,292806,300000,+0.1061,0.1500,+0.0,+0.0000,NONE,RUNNING
="2026-08-07 21:38:14",65063,393419,110617,282801,300000,+0.1061,0.1500,+0.0,+0.0000,NONE,RUNNING
="2026-08-07 21:38:15",65064,403424,110617,292806,300000,+0.1048,0.1500,+0.0,+0.0000,NONE,RUNNING
="2026-08-07 21:38:16",65063,403424,110617,292806,300000,+0.1050,0.1500,+0.0,+0.0000,NONE,RUNNING
="2026-08-07 21:38:17",65063,393418,110617,282801,300000,+0.1050,0.1500,+0.0,+0.0000,NONE,RUNNING
="2026-08-07 21:38:18",65063,403423,110617,292806,300000,+0.1034,0.1500,+0.0,+0.0000,NONE,RUNNING
="2026-08-07 21:38:19",65064,393418,110617,282801,300000,+0.1066,0.1500,+0.0,+0.0000,NONE,RUNNING
="2026-08-07 21:38:20",65064,393418,110617,282801,300000,+0.1066,0.1500,+0.0,+0.0000,NONE,RUNNING
="2026-08-07 21:38:21",65064,370912,110617,260295,300000,+0.1037,0.1500,+0.0,+0.0000,NONE,RUNNING
="2026-08-07 21:38:22",65063,370912,110617,260295,300000,+0.1038,0.1500,+0.0,+0.0000,NONE,RUNNING
="2026-08-07 21:38:23",65064,370912,110617,260295,300000,+0.1038,0.1500,+0.0,+0.0000,NONE,RUNNING
="2026-08-07 21:38:24",65064,380917,110617,270300,300000,+0.1018,0.1500,+0.0,+0.0000,NONE,RUNNING
="2026-08-07 21:38:25",65063,429133,110617,318516,300000,+0.1018,0.1500,+0.0,+0.0000,NONE,RUNNING
="2026-08-07 21:38:26",65089,549649,124809,424840,300000,+0.1086,0.1500,+0.0,+0.0000,NONE,RUNNING
="2026-08-07 21:38:27",65097,559653,124809,434844,300000,+0.0951,0.1500,+0.0,+0.0000,NONE,RUNNING
="2026-08-07 21:38:28",65098,559653,124809,434844,300000,+0.0951,0.1500,+0.0,+0.0000,NONE,RUNNING
="2026-08-07 21:38:29",65097,559653,124809,434844,300000,+0.2430,0.1500,+0.0,+0.0000,LONG,RUNNING
="2026-08-07 21:38:30",65107,672285,124809,547476,300000,+0.2426,0.1500,+0.0,+0.0000,LONG,RUNNING
="2026-08-07 21:38:31",65121,662279,124809,537470,300000,+0.2493,0.1500,+0.0,+0.0000,LONG,RUNNING
="2026-08-07 21:38:32",65121,651372,124809,526563,300000,+0.2493,0.1500,+0.0,+0.0000,LONG,RUNNING
="2026-08-07 21:38:33",65129,607770,124809,482960,300000,+0.2044,0.1500,+0.0,+0.0000,LONG,RUNNING
="2026-08-07 21:38:34",65129,607770,124809,482960,300000,+0.2044,0.1500,+0.0,+0.0000,LONG,RUNNING
="2026-08-07 21:38:35",65129,562206,79245,482960,300000,+0.2043,0.1500,+0.0,+0.0000,LONG,RUNNING
="2026-08-07 21:38:36",65129,562205,79245,482959,300000,+0.2043,0.1500,+0.0,+0.0000,LONG,RUNNING
="2026-08-07 21:38:37",65131,562205,79245,482959,300000,+0.2043,0.1500,+0.0,+0.0000,LONG,RUNNING
="2026-08-07 21:38:38",65131,562205,79245,482959,300000,+0.1991,0.1500,+0.0,+0.0000,LONG,RUNNING
="2026-08-07 21:38:39",65124,583106,100147,482958,300000,+0.1609,0.1500,+0.0,+0.0000,LONG,RUNNING
="2026-08-07 21:38:40",65125,583106,100147,482958,300000,+0.1609,0.1500,+0.0,+0.0000,LONG,RUNNING
="2026-08-07 21:38:41",65125,593110,100147,492962,300000,+0.1611,0.1500,+0.0,+0.0000,LONG,RUNNING
="2026-08-07 21:38:42",65125,583105,100147,482957,300000,+0.1623,0.1500,+0.0,+0.0000,LONG,RUNNING
="2026-08-07 21:38:43",65125,583105,100147,482957,300000,+0.1623,0.1500,+0.0,+0.0000,LONG,RUNNING
="2026-08-07 21:38:44",65125,603119,100147,502971,300000,+0.1591,0.1500,+0.0,+0.0000,LONG,RUNNING
="2026-08-07 21:38:45",65125,593114,100147,492967,300000,+0.1578,0.1500,+0.0,+0.0000,LONG,RUNNING
="2026-08-07 21:38:46",65125,593114,100147,492967,300000,+0.1578,0.1500,+0.0,+0.0000,LONG,RUNNING
="2026-08-07 21:38:47",65125,603120,100147,502972,300000,+0.1595,0.1500,+0.0,+0.0000,LONG,RUNNING
="2026-08-07 21:38:48",65125,593115,100147,492967,300000,+0.1587,0.1500,+0.0,+0.0000,LONG,RUNNING
="2026-08-07 21:38:49",65153,653349,164064,489285,300000,+0.1587,0.1500,+0.0,+0.0000,LONG,RUNNING
="2026-08-07 21:38:50",65145,598299,99010,499289,300000,+0.1587,0.1500,+0.0,+0.0000,LONG,RUNNING
="2026-08-07 21:38:51",65146,588294,99010,489284,300000,+0.1587,0.1500,+0.0,+0.0000,LONG,RUNNING
="2026-08-07 21:38:52",65142,626684,137399,489284,300000,+0.1587,0.1500,+0.0,+0.0000,LONG,RUNNING
="2026-08-07 21:38:53",65142,636689,137399,499290,300000,+0.1770,0.1500,+0.0,+0.0000,LONG,RUNNING
="2026-08-07 21:38:54",65142,605005,137399,467605,300000,+0.1770,0.1500,+0.0,+0.0000,LONG,RUNNING
="2026-08-07 21:38:55",65145,698796,231190,467605,300000,+0.1773,0.1500,+0.0,+0.0000,LONG,RUNNING
="2026-08-07 21:38:56",65142,698796,231190,467605,300000,+0.1772,0.1500,+0.0,+0.0000,LONG,RUNNING
="2026-08-07 21:38:57",65142,698797,231190,467607,300000,+0.1766,0.1500,+0.0,+0.0000,LONG,RUNNING
="2026-08-07 21:38:58",65142,714299,246692,467607,300000,+0.1766,0.1500,+0.0,+0.0000,LONG,RUNNING
="2026-08-07 21:38:59",65128,724305,246692,477612,300000,+0.1732,0.1500,+0.0,+0.0000,LONG,RUNNING
="2026-08-07 21:39:00",65128,733244,246692,486551,300000,+0.1732,0.1500,+0.0,+0.0000,LONG,RUNNING
="2026-08-07 21:39:01",65128,733244,246692,486551,300000,+0.1767,0.1500,+0.0,+0.0000,LONG,RUNNING
="2026-08-07 21:39:02",65130,757806,246692,511113,300000,+0.1767,0.1500,+0.0,+0.0000,LONG,RUNNING
="2026-08-07 21:39:03",65131,747801,246692,501108,300000,+0.1790,0.1500,+0.0,+0.0000,LONG,RUNNING
="2026-08-07 21:39:04",65130,777997,276888,501108,300000,+0.1784,0.1500,+0.0,+0.0000,LONG,RUNNING
="2026-08-07 21:39:05",65125,788002,276888,511114,300000,+0.1778,0.1500,+0.0,+0.0000,LONG,RUNNING
="2026-08-07 21:39:06",65125,777998,276888,501109,300000,+0.1780,0.1500,+0.0,+0.0000,LONG,RUNNING
="2026-08-07 21:39:07",65125,777998,276888,501109,300000,+0.1780,0.1500,+0.0,+0.0000,LONG,RUNNING
="2026-08-07 21:39:08",65125,788002,276888,511114,300000,+0.1794,0.1500,+0.0,+0.0000,LONG,RUNNING
="2026-08-07 21:39:09",65129,788002,276888,511114,300000,+0.1794,0.1500,+0.0,+0.0000,LONG,RUNNING
="2026-08-07 21:39:10",65125,806609,295495,511114,300000,+0.1783,0.1500,+0.0,+0.0000,LONG,RUNNING
="2026-08-07 21:39:11",65120,816615,295495,521119,300000,+0.1777,0.1500,+0.0,+0.0000,LONG,RUNNING
="2026-08-07 21:39:12",65120,806610,295495,511114,300000,+0.1753,0.1500,+0.0,+0.0000,LONG,RUNNING
="2026-08-07 21:39:14",65120,806610,295495,511114,300000,+0.1753,0.1500,+0.0,+0.0000,LONG,RUNNING
="2026-08-07 21:39:15",65120,806610,295495,511115,300000,+0.1753,0.1500,+0.0,+0.0000,LONG,RUNNING
="2026-08-07 21:39:16",65120,806610,295495,511115,300000,+0.1746,0.1500,+0.0,+0.0000,LONG,RUNNING
="2026-08-07 21:39:17",65120,806610,295495,511115,300000,+0.1744,0.1500,+0.0,+0.0000,LONG,RUNNING
="2026-08-07 21:39:18",65120,806610,295495,511115,300000,+0.1744,0.1500,+0.0,+0.0000,LONG,RUNNING
="2026-08-07 21:39:19",65121,806610,295495,511115,300000,+0.1760,0.1500,+0.0,+0.0000,LONG,RUNNING
="2026-08-07 21:39:20",65123,806610,295495,511115,300000,+0.1729,0.1500,+0.0,+0.0000,LONG,RUNNING
="2026-08-07 21:39:21",65123,806611,295495,511115,300000,+0.1729,0.1500,+0.0,+0.0000,LONG,RUNNING
="2026-08-07 21:39:22",65124,806611,295495,511115,300000,+0.1715,0.1500,+0.0,+0.0000,LONG,RUNNING
="2026-08-07 21:39:23",65123,806611,295495,511115,300000,+0.1715,0.1500,+0.0,+0.0000,LONG,RUNNING
="2026-08-07 21:39:24",65123,806611,295495,511115,300000,+0.1715,0.1500,+0.0,+0.0000,LONG,RUNNING
="2026-08-07 21:39:25",65123,806611,295495,511115,300000,+0.1715,0.1500,+0.0,+0.0000,LONG,RUNNING
="2026-08-07 21:39:26",65126,647884,281303,366580,300000,+0.1647,0.1500,+0.0,+0.0000,LONG,RUNNING
="2026-08-07 21:39:27",65125,647884,281303,366580,300000,+0.1647,0.1500,+0.0,+0.0000,LONG,RUNNING
="2026-08-07 21:39:28",65125,637880,281303,356576,300000,+0.1647,0.1500,+0.0,+0.0000,LONG,RUNNING
="2026-08-07 21:39:29",65125,637880,281303,356576,300000,+0.0170,0.1500,+0.0,+0.0000,NONE,RUNNING
="2026-08-07 21:39:30",65125,550254,281303,268950,300000,+0.0170,0.1500,+0.0,+0.0000,NONE,RUNNING
="2026-08-07 21:39:31",65125,535254,281303,253950,300000,+0.0172,0.1500,+0.0,+0.0000,NONE,RUNNING
="2026-08-07 21:39:32",65125,545259,281303,263955,300000,+0.0105,0.1500,+0.0,+0.0000,NONE,RUNNING
="2026-08-07 21:39:33",65126,545259,281303,263955,300000,+0.0105,0.1500,+0.0,+0.0000,NONE,RUNNING
="2026-08-07 21:39:34",65126,545259,281303,263955,300000,+0.0099,0.1500,+0.0,+0.0000,NONE,RUNNING
="2026-08-07 21:39:35",65125,555264,281303,273960,300000,+0.0100,0.1500,+0.0,+0.0000,NONE,RUNNING
="2026-08-07 21:39:36",65126,545260,281303,263956,300000,+0.0100,0.1500,+0.0,+0.0000,NONE,RUNNING
="2026-08-07 21:39:37",65125,545260,281303,263956,300000,+0.0099,0.1500,+0.0,+0.0000,NONE,RUNNING
="2026-08-07 21:39:38",65125,555265,281303,273961,300000,+0.0150,0.1500,+0.0,+0.0000,NONE,RUNNING
="2026-08-07 21:39:39",65125,524358,260401,263956,300000,+0.0150,0.1500,+0.0,+0.0000,NONE,RUNNING
="2026-08-07 21:39:40",65132,560765,278386,282378,300000,+0.0152,0.1500,+0.0,+0.0000,NONE,RUNNING
="2026-08-07 21:39:41",65129,570770,278386,292384,300000,+0.0149,0.1500,+0.0,+0.0000,NONE,RUNNING
="2026-08-07 21:39:42",65129,560766,278386,282379,300000,+0.0149,0.1500,+0.0,+0.0000,NONE,RUNNING
="2026-08-07 21:39:43",65129,560766,278386,282379,300000,+0.0279,0.1500,+0.0,+0.0000,NONE,RUNNING
="2026-08-07 21:39:44",65129,560761,278386,282374,300000,+0.0311,0.1500,+0.0,+0.0000,NONE,RUNNING
="2026-08-07 21:39:45",65129,550756,278386,272369,300000,+0.0311,0.1500,+0.0,+0.0000,NONE,RUNNING
="2026-08-07 21:39:46",65129,550756,278386,272369,300000,+0.0313,0.1500,+0.0,+0.0000,NONE,RUNNING
="2026-08-07 21:39:47",65130,561006,288636,272369,300000,+0.0297,0.1500,+0.0,+0.0000,NONE,RUNNING
="2026-08-07 21:39:48",65140,551001,288636,262364,300000,+0.0297,0.1500,+0.0,+0.0000,NONE,RUNNING
="2026-08-07 21:39:49",65142,483159,241137,242021,300000,+0.0242,0.1500,+0.0,+0.0000,NONE,RUNNING
="2026-08-07 21:39:50",65143,466742,224720,242021,300000,+0.0242,0.1500,+0.0,+0.0000,NONE,RUNNING
="2026-08-07 21:39:51",65153,456738,224720,232017,300000,+0.0242,0.1500,+0.0,+0.0000,NONE,RUNNING
="2026-08-07 21:39:52",65153,466741,224720,242021,300000,+0.0242,0.1500,+0.0,+0.0000,NONE,RUNNING
="2026-08-07 21:39:53",65153,428352,186331,242021,300000,+0.0242,0.1500,+0.0,+0.0000,NONE,RUNNING
="2026-08-07 21:39:54",65153,418346,186331,232015,300000,+0.0059,0.1500,+0.0,+0.0000,NONE,RUNNING
="2026-08-07 21:39:55",65153,428351,186331,242020,300000,+0.0059,0.1500,+0.0,+0.0000,NONE,RUNNING
="2026-08-07 21:39:56",65153,334560,92540,242020,300000,+0.0045,0.1500,+0.0,+0.0000,NONE,RUNNING
="2026-08-07 21:39:57",65153,497497,265483,232014,300000,+0.0046,0.1500,+0.0,+0.0000,NONE,RUNNING
="2026-08-07 21:39:58",65142,491999,249980,242018,300000,-0.0021,0.1500,+0.0,+0.0000,NONE,RUNNING
="2026-08-07 21:39:59",65142,491999,249980,242018,300000,-0.0021,0.1500,+0.0,+0.0000,NONE,RUNNING
="2026-08-07 21:40:00",65142,463049,249980,213069,300000,+0.0013,0.1500,+0.0,+0.0000,NONE,RUNNING
="2026-08-07 21:40:01",65142,473054,249980,223073,300000,+0.0013,0.1500,+0.0,+0.0000,NONE,RUNNING
="2026-08-07 21:40:02",65134,508782,300265,208516,300000,-0.0010,0.1500,+0.0,+0.0000,NONE,RUNNING
="2026-08-07 21:40:03",65141,3824205,300265,3523939,300000,-0.0010,0.1500,+0.0,+0.0000,NONE,RUNNING
="2026-08-07 21:40:04",65141,3794009,270069,3523939,300000,-0.0236,0.1500,+0.0,+0.0000,NONE,RUNNING
="2026-08-07 21:40:05",65148,3814259,270069,3544189,300000,-0.0229,0.1500,+0.0,+0.0000,NONE,RUNNING
="2026-08-07 21:40:06",65148,3814259,270069,3544189,300000,-0.0229,0.1500,+0.0,+0.0000,NONE,RUNNING
="2026-08-07 21:40:07",65148,3824264,270069,3554195,300000,-0.0164,0.1500,+0.0,+0.0000,NONE,RUNNING
="2026-08-07 21:40:08",65148,3814260,270069,3544190,300000,-0.0164,0.1500,+0.0,+0.0000,NONE,RUNNING
="2026-08-07 21:40:09",65148,3814260,270069,3544190,300000,-0.0177,0.1500,+0.0,+0.0000,NONE,RUNNING
="2026-08-07 21:40:10",65148,3824265,270069,3554196,300000,-0.0257,0.1500,+0.0,+0.0000,NONE,RUNNING
="2026-08-07 21:40:11",65148,3795652,251462,3544190,300000,-0.0257,0.1500,+0.0,+0.0000,NONE,RUNNING
="2026-08-07 21:40:12",65148,3795652,251462,3544190,300000,-0.0251,0.1500,+0.0,+0.0000,NONE,RUNNING
="2026-08-07 21:40:13",65148,3805658,251462,3554196,300000,-0.0256,0.1500,+0.0,+0.0000,NONE,RUNNING
="2026-08-07 21:40:14",65148,3795653,251462,3544191,300000,-0.0256,0.1500,+0.0,+0.0000,NONE,RUNNING
="2026-08-07 21:40:15",65148,3795653,251462,3544191,300000,-0.0248,0.1500,+0.0,+0.0000,NONE,RUNNING
="2026-08-07 21:40:16",65148,3806707,251462,3555245,300000,-0.0248,0.1500,+0.0,+0.0000,NONE,RUNNING
="2026-08-07 21:40:17",65148,3806707,251462,3555245,300000,-0.0248,0.1500,+0.0,+0.0000,NONE,RUNNING
="2026-08-07 21:40:18",65148,3806707,251462,3555245,300000,-0.0265,0.1500,+0.0,+0.0000,NONE,RUNNING
="2026-08-07 21:40:19",65148,3806707,251462,3555245,300000,-0.0268,0.1500,+0.0,+0.0000,NONE,RUNNING
="2026-08-07 21:40:20",65148,3806708,251462,3555246,300000,-0.0268,0.1500,+0.0,+0.0000,NONE,RUNNING
="2026-08-07 21:40:21",65148,3806708,251462,3555246,300000,-0.0255,0.1500,+0.0,+0.0000,NONE,RUNNING
="2026-08-07 21:40:22",65148,3816713,251462,3565251,300000,-0.0252,0.1500,+0.0,+0.0000,NONE,RUNNING
="2026-08-07 21:40:23",65149,3806708,251462,3555246,300000,-0.0252,0.1500,+0.0,+0.0000,NONE,RUNNING
="2026-08-07 21:40:24",65150,3834601,251462,3583139,300000,-0.0252,0.1500,+0.0,+0.0000,NONE,RUNNING
="2026-08-07 21:40:25",65151,3834601,251462,3583139,300000,-0.0252,0.1500,+0.0,+0.0000,NONE,RUNNING
="2026-08-07 21:40:26",65151,3824596,251462,3573134,300000,-0.0252,0.1500,+0.0,+0.0000,NONE,RUNNING
="2026-08-07 21:40:27",65151,3824596,251462,3573134,300000,-0.0252,0.1500,+0.0,+0.0000,NONE,RUNNING
="2026-08-07 21:40:28",65151,3841091,251462,3589629,300000,-0.0240,0.1500,+0.0,+0.0000,NONE,RUNNING
="2026-08-07 21:41:28",65170,536572,221846,314725,300000,-0.0034,0.1500,+0.0,+0.0000,NONE,RUNNING
="2026-08-07 21:42:28",65182,810094,298787,511307,300000,+0.0035,0.1500,+0.0,+0.0000,NONE,RUNNING
="2026-08-07 21:43:28",65158,632168,342143,290025,300000,+0.0088,0.1500,+0.0,+0.0000,NONE,RUNNING
="2026-08-07 21:44:29",65155,2238409,1608482,629927,300000,+0.0355,0.1500,+0.0,+0.0000,NONE,RUNNING
="2026-08-07 21:45:29",65209,1595617,639494,956122,300000,+0.0237,0.1500,+0.0,+0.0000,NONE,RUNNING
="2026-08-07 21:46:29",65219,2038138,1267452,770686,300000,+0.0498,0.1500,+0.0,+0.0000,NONE,RUNNING
="2026-08-07 21:47:29",65238,825881,94069,731812,300000,+0.0242,0.1500,+0.0,+0.0000,NONE,RUNNING
="2026-08-07 21:48:29",65249,878207,605663,272543,300000,+0.0237,0.1500,+0.0,+0.0000,NONE,RUNNING
="2026-08-07 21:49:29",65237,1616340,1115924,500415,300000,-0.0058,0.1500,+0.0,+0.0000,NONE,RUNNING
="2026-08-07 21:50:29",65277,1236278,344548,891729,300000,-0.0724,0.1500,+0.0,+0.0000,NONE,RUNNING
="2026-08-07 21:50:30",65277,1246282,344548,901733,300000,-0.0751,0.1500,+0.0,+0.0000,NONE,RUNNING
="2026-08-07 21:50:31",65277,1236277,344548,891728,300000,-0.0730,0.1500,+0.0,+0.0000,NONE,RUNNING
="2026-08-07 21:50:32",65277,1236277,344548,891728,300000,-0.0751,0.1500,+0.0,+0.0000,NONE,RUNNING
="2026-08-07 21:50:34",65277,1236277,344548,891728,300000,-0.0754,0.1500,+0.0,+0.0000,NONE,RUNNING
="2026-08-07 21:50:35",65277,1226271,344548,881722,300000,-0.0771,0.1500,+0.0,+0.0000,NONE,RUNNING
="2026-08-07 21:50:36",65277,1242401,360678,881722,300000,-0.0753,0.1500,+0.0,+0.0000,NONE,RUNNING
="2026-08-07 21:50:37",65277,1234180,342453,891727,300000,-0.0753,0.1500,+0.0,+0.0000,NONE,RUNNING
="2026-08-07 21:50:38",65277,1224175,342453,881722,300000,-0.0752,0.1500,+0.0,+0.0000,NONE,RUNNING
="2026-08-07 21:50:39",65277,1224175,342453,881722,300000,-0.0752,0.1500,+0.0,+0.0000,NONE,RUNNING
="2026-08-07 21:50:40",65275,1387156,495429,891727,300000,-0.0748,0.1500,+0.0,+0.0000,NONE,RUNNING
="2026-08-07 21:50:41",65275,1377151,495429,881722,300000,-0.0759,0.1500,+0.0,+0.0000,NONE,RUNNING
="2026-08-07 21:50:42",65274,1377151,495429,881722,300000,-0.0759,0.1500,+0.0,+0.0000,NONE,RUNNING
="2026-08-07 21:50:43",65275,1387156,495429,891727,300000,-0.0759,0.1500,+0.0,+0.0000,NONE,RUNNING
="2026-08-07 21:50:44",65274,1377151,495429,881722,300000,-0.0764,0.1500,+0.0,+0.0000,NONE,RUNNING
="2026-08-07 21:50:45",65274,1377151,495429,881722,300000,-0.0764,0.1500,+0.0,+0.0000,NONE,RUNNING
="2026-08-07 21:50:46",65275,1377151,495429,881721,300000,-0.0744,0.1500,+0.0,+0.0000,NONE,RUNNING
="2026-08-07 21:50:47",65274,1377151,495429,881721,300000,-0.0734,0.1500,+0.0,+0.0000,NONE,RUNNING
="2026-08-07 21:50:48",65275,1343207,495429,847777,300000,-0.0733,0.1500,+0.0,+0.0000,NONE,RUNNING
="2026-08-07 21:50:49",65274,1367300,495429,871871,300000,-0.0733,0.1500,+0.0,+0.0000,NONE,RUNNING
="2026-08-07 21:50:50",65285,1414497,495429,919067,300000,-0.0733,0.1500,+0.0,+0.0000,NONE,RUNNING
="2026-08-07 21:50:51",65286,1434632,495429,939202,300000,-0.0733,0.1500,+0.0,+0.0000,NONE,RUNNING
="2026-08-07 21:50:52",65286,1414043,495429,918614,300000,-0.0733,0.1500,+0.0,+0.0000,NONE,RUNNING
="2026-08-07 21:50:53",65295,1461149,495429,965719,300000,-0.0733,0.1500,+0.0,+0.0000,NONE,RUNNING
="2026-08-07 21:50:54",65296,1775182,495429,1279753,300000,-0.0761,0.1500,+0.0,+0.0000,NONE,RUNNING
="2026-08-07 21:50:55",65299,1765177,495429,1269748,300000,-0.0780,0.1500,+0.0,+0.0000,NONE,RUNNING
="2026-08-07 21:50:56",65299,1748659,495429,1253230,300000,-0.0859,0.1500,+0.0,+0.0000,NONE,RUNNING
="2026-08-07 21:50:57",65299,1758663,495429,1263234,300000,-0.0859,0.1500,+0.0,+0.0000,NONE,RUNNING
="2026-08-07 21:50:58",65299,1730467,495429,1235037,300000,-0.0862,0.1500,+0.0,+0.0000,NONE,RUNNING
="2026-08-07 21:50:59",65300,1730467,495429,1235037,300000,-0.0862,0.1500,+0.0,+0.0000,NONE,RUNNING
="2026-08-07 21:51:00",65301,1730467,495429,1235037,300000,-0.0945,0.1500,+0.0,+0.0000,NONE,RUNNING
="2026-08-07 21:51:01",65305,1734725,495429,1239295,300000,-0.0950,0.1500,+0.0,+0.0000,NONE,RUNNING
="2026-08-07 21:51:02",65287,1964410,725115,1239295,300000,-0.0950,0.1500,+0.0,+0.0000,NONE,RUNNING
="2026-08-07 21:51:03",65286,2005291,745035,1260255,300000,-0.0974,0.1500,+0.0,+0.0000,NONE,RUNNING
="2026-08-07 21:51:04",65293,1995286,745035,1250250,300000,-0.1007,0.1500,+0.0,+0.0000,NONE,RUNNING
="2026-08-07 21:51:05",65293,2005909,745035,1260874,300000,-0.1007,0.1500,+0.0,+0.0000,NONE,RUNNING
="2026-08-07 21:51:06",65298,2016364,745035,1271328,300000,-0.1007,0.1500,+0.0,+0.0000,NONE,RUNNING
="2026-08-07 21:51:07",65301,2016364,745035,1271328,300000,-0.1007,0.1500,+0.0,+0.0000,NONE,RUNNING
="2026-08-07 21:51:08",65301,2002609,745035,1257573,300000,-0.1007,0.1500,+0.0,+0.0000,NONE,RUNNING
="2026-08-07 21:51:09",65301,2002610,745035,1257574,300000,-0.1338,0.1500,+0.0,+0.0000,NONE,RUNNING
="2026-08-07 21:51:10",65298,2029478,783430,1246048,300000,-0.1328,0.1500,+0.0,+0.0000,NONE,RUNNING
="2026-08-07 21:51:11",65298,1966605,783430,1183175,300000,-0.1328,0.1500,+0.0,+0.0000,NONE,RUNNING
="2026-08-07 21:51:12",65298,1936170,783430,1152740,300000,-0.1322,0.1500,+0.0,+0.0000,NONE,RUNNING
="2026-08-07 21:51:13",65298,1893262,783430,1109832,300000,-0.1309,0.1500,+0.0,+0.0000,NONE,RUNNING
="2026-08-07 21:51:14",65298,1936980,783430,1153549,300000,-0.1309,0.1500,+0.0,+0.0000,NONE,RUNNING
="2026-08-07 21:51:15",65304,1644093,457106,1186986,300000,-0.1308,0.1500,+0.0,+0.0000,NONE,RUNNING
="2026-08-07 21:51:16",65303,1644093,457106,1186986,300000,-0.1085,0.1500,+0.0,+0.0000,NONE,RUNNING
="2026-08-07 21:51:17",65303,1364364,457106,907257,300000,-0.1085,0.1500,+0.0,+0.0000,NONE,RUNNING
="2026-08-07 21:51:18",65304,1364364,457106,907257,300000,-0.1062,0.1500,+0.0,+0.0000,NONE,RUNNING
="2026-08-07 21:51:19",65303,1345710,457106,888604,300000,-0.0770,0.1500,+0.0,+0.0000,NONE,RUNNING
="2026-08-07 21:51:20",65303,1345710,457106,888604,300000,-0.0770,0.1500,+0.0,+0.0000,NONE,RUNNING
="2026-08-07 21:51:21",65303,1330755,457106,873648,300000,-0.0784,0.1500,+0.0,+0.0000,NONE,RUNNING
="2026-08-07 21:51:22",65303,1286557,457106,829450,300000,-0.0778,0.1500,+0.0,+0.0000,NONE,RUNNING
="2026-08-07 21:51:23",65301,1285926,457106,828819,300000,-0.0778,0.1500,+0.0,+0.0000,NONE,RUNNING
="2026-08-07 21:51:24",65301,1275921,457106,818814,300000,-0.0768,0.1500,+0.0,+0.0000,NONE,RUNNING
="2026-08-07 21:51:25",65298,1275921,457106,818814,300000,-0.0759,0.1500,+0.0,+0.0000,NONE,RUNNING
="2026-08-07 21:51:26",65287,1497210,474176,1023033,300000,-0.0759,0.1500,+0.0,+0.0000,NONE,RUNNING
="2026-08-07 21:51:27",65289,1497210,474176,1023033,300000,-0.0719,0.1500,+0.0,+0.0000,NONE,RUNNING
="2026-08-07 21:51:28",65287,1497210,474176,1023033,300000,-0.0522,0.1500,+0.0,+0.0000,NONE,RUNNING
="2026-08-07 21:51:29",65287,1496938,474176,1022761,300000,-0.0522,0.1500,+0.0,+0.0000,NONE,RUNNING
="2026-08-07 21:51:30",65287,1498887,486130,1012757,300000,-0.0522,0.1500,+0.0,+0.0000,NONE,RUNNING
="2026-08-07 21:51:31",65287,1538724,525967,1012757,300000,-0.0490,0.1500,+0.0,+0.0000,NONE,RUNNING
="2026-08-07 21:51:32",65284,1548729,525967,1022761,300000,-0.0490,0.1500,+0.0,+0.0000,NONE,RUNNING
="2026-08-07 21:51:33",65284,1548729,525967,1022761,300000,-0.0485,0.1500,+0.0,+0.0000,NONE,RUNNING
="2026-08-07 21:51:34",65290,1548729,525967,1022761,300000,-0.0485,0.1500,+0.0,+0.0000,NONE,RUNNING
="2026-08-07 21:51:35",65293,1555692,522925,1032766,300000,-0.0468,0.1500,+0.0,+0.0000,NONE,RUNNING
="2026-08-07 21:51:36",65293,1545687,522925,1022762,300000,-0.0468,0.1500,+0.0,+0.0000,NONE,RUNNING
="2026-08-07 21:51:37",65294,1545687,522925,1022762,300000,-0.0468,0.1500,+0.0,+0.0000,NONE,RUNNING
="2026-08-07 21:51:38",65294,1545687,522925,1022762,300000,-0.0469,0.1500,+0.0,+0.0000,NONE,RUNNING
="2026-08-07 21:51:39",65298,1382706,369949,1012757,300000,-0.0469,0.1500,+0.0,+0.0000,NONE,RUNNING
="2026-08-07 21:51:40",65298,1382706,369949,1012757,300000,-0.0393,0.1500,+0.0,+0.0000,NONE,RUNNING
="2026-08-07 21:51:41",65298,1392711,369949,1022762,300000,-0.0393,0.1500,+0.0,+0.0000,NONE,RUNNING
="2026-08-07 21:51:42",65298,1382707,369949,1012757,300000,-0.0407,0.1500,+0.0,+0.0000,NONE,RUNNING
="2026-08-07 21:51:43",65299,1669776,369949,1299827,300000,-0.0407,0.1500,+0.0,+0.0000,NONE,RUNNING
="2026-08-07 21:51:44",65299,1679781,369949,1309832,300000,-0.0402,0.1500,+0.0,+0.0000,NONE,RUNNING
="2026-08-07 21:51:45",65299,1899683,383147,1516535,300000,-0.0402,0.1500,+0.0,+0.0000,NONE,RUNNING
="2026-08-07 21:51:46",65299,1899683,383147,1516535,300000,-0.0402,0.1500,+0.0,+0.0000,NONE,RUNNING
="2026-08-07 21:51:47",65299,1899683,383147,1516535,300000,-0.0412,0.1500,+0.0,+0.0000,NONE,RUNNING
="2026-08-07 21:51:48",65301,1855580,383147,1472432,300000,-0.0412,0.1500,+0.0,+0.0000,NONE,RUNNING
="2026-08-07 21:51:49",65301,1808383,383147,1425235,300000,-0.0415,0.1500,+0.0,+0.0000,NONE,RUNNING
="2026-08-07 21:51:50",65301,1808259,383147,1425111,300000,-0.0415,0.1500,+0.0,+0.0000,NONE,RUNNING
="2026-08-07 21:51:51",65299,1798254,383147,1415106,300000,-0.0397,0.1500,+0.0,+0.0000,NONE,RUNNING
="2026-08-07 21:51:52",65299,1776269,383147,1393121,300000,-0.0397,0.1500,+0.0,+0.0000,NONE,RUNNING
="2026-08-07 21:51:53",65299,1761154,383147,1378006,300000,-0.0369,0.1500,+0.0,+0.0000,NONE,RUNNING
="2026-08-07 21:51:54",65299,1447121,383147,1063973,300000,-0.0369,0.1500,+0.0,+0.0000,NONE,RUNNING
="2026-08-07 21:51:55",65299,1447121,383147,1063973,300000,-0.0369,0.1500,+0.0,+0.0000,NONE,RUNNING
="2026-08-07 21:51:56",65299,2044376,383147,1661228,300000,-0.0291,0.1500,+0.0,+0.0000,NONE,RUNNING
="2026-08-07 21:51:57",65300,2044376,383147,1661228,300000,-0.0291,0.1500,+0.0,+0.0000,NONE,RUNNING
="2026-08-07 21:51:58",65300,2054381,383147,1671233,300000,-0.0294,0.1500,+0.0,+0.0000,NONE,RUNNING
="2026-08-07 21:51:59",65301,2054381,383147,1671233,300000,-0.0211,0.1500,+0.0,+0.0000,NONE,RUNNING
="2026-08-07 21:52:00",65301,2040118,383147,1656971,300000,-0.0211,0.1500,+0.0,+0.0000,NONE,RUNNING
="2026-08-07 21:52:01",65299,1880623,223651,1656971,300000,-0.0203,0.1500,+0.0,+0.0000,NONE,RUNNING
="2026-08-07 21:52:02",65299,2455426,133541,2321884,300000,-0.0180,0.1500,+0.0,+0.0000,NONE,RUNNING
="2026-08-07 21:52:03",65300,2455426,133541,2321884,300000,-0.0209,0.1500,+0.0,+0.0000,NONE,RUNNING
="2026-08-07 21:52:04",65300,2444802,133541,2311261,300000,-0.0209,0.1500,+0.0,+0.0000,NONE,RUNNING
="2026-08-07 21:52:05",65300,2576966,276158,2300807,300000,-0.0209,0.1500,+0.0,+0.0000,NONE,RUNNING
="2026-08-07 21:52:06",65294,2576966,276158,2300807,300000,-0.0212,0.1500,+0.0,+0.0000,NONE,RUNNING
="2026-08-07 21:52:07",65294,2586971,276158,2310812,300000,-0.0212,0.1500,+0.0,+0.0000,NONE,RUNNING
="2026-08-07 21:52:08",65294,2611122,310314,2300808,300000,+0.0119,0.1500,+0.0,+0.0000,NONE,RUNNING
="2026-08-07 21:52:09",65268,2588356,287548,2300808,300000,+0.0119,0.1500,+0.0,+0.0000,NONE,RUNNING
="2026-08-07 21:52:10",65256,2618350,287548,2330802,300000,+0.0167,0.1500,+0.0,+0.0000,NONE,RUNNING
="2026-08-07 21:52:11",65256,2608345,287548,2320796,300000,+0.0161,0.1500,+0.0,+0.0000,NONE,RUNNING
="2026-08-07 21:52:12",65256,2608345,287548,2320796,300000,+0.0161,0.1500,+0.0,+0.0000,NONE,RUNNING
="2026-08-07 21:52:13",65256,2546434,287548,2258886,300000,+0.0293,0.1500,+0.0,+0.0000,NONE,RUNNING
="2026-08-07 21:52:15",65258,2502992,287548,2215444,300000,+0.0293,0.1500,+0.0,+0.0000,NONE,RUNNING
="2026-08-07 21:52:16",65258,2502992,287548,2215444,300000,+0.0293,0.1500,+0.0,+0.0000,NONE,RUNNING
="2026-08-07 21:52:17",65258,2553242,327792,2225450,300000,+0.0293,0.1500,+0.0,+0.0000,NONE,RUNNING
="2026-08-07 21:52:18",65258,2543237,327792,2215444,300000,+0.0270,0.1500,+0.0,+0.0000,NONE,RUNNING
="2026-08-07 21:52:19",65272,2543237,327792,2215444,300000,+0.0237,0.1500,+0.0,+0.0000,NONE,RUNNING
="2026-08-07 21:52:20",65284,2557348,327792,2229555,300000,+0.0237,0.1500,+0.0,+0.0000,NONE,RUNNING
="2026-08-07 21:52:21",65289,2558286,327792,2230493,300000,+0.0237,0.1500,+0.0,+0.0000,NONE,RUNNING
="2026-08-07 21:52:22",65289,2558286,327792,2230493,300000,+0.0251,0.1500,+0.0,+0.0000,NONE,RUNNING
="2026-08-07 21:52:23",65296,2558286,327792,2230493,300000,+0.0251,0.1500,+0.0,+0.0000,NONE,RUNNING
="2026-08-07 21:52:24",65296,2548281,327792,2220488,300000,+0.0242,0.1500,+0.0,+0.0000,NONE,RUNNING
="2026-08-07 21:52:25",65296,2558286,327792,2230494,300000,+0.0302,0.1500,+0.0,+0.0000,NONE,RUNNING
="2026-08-07 21:52:26",65296,2401616,310722,2090893,300000,+0.0302,0.1500,+0.0,+0.0000,NONE,RUNNING
="2026-08-07 21:52:27",65296,2391611,310722,2080888,300000,+0.0302,0.1500,+0.0,+0.0000,NONE,RUNNING
="2026-08-07 21:53:27",65331,1827964,350019,1477944,300000,-0.0352,0.1500,+0.0,+0.0000,NONE,RUNNING
="2026-08-07 21:54:27",65333,1300648,137714,1162934,300000,-0.0034,0.1500,+0.0,+0.0000,NONE,RUNNING
="2026-08-07 21:54:58",65345,2217995,151081,2066914,300000,-0.0889,0.1500,+0.0,+0.0000,NONE,RUNNING
="2026-08-07 21:55:00",65345,2217995,151081,2066914,300000,-0.0889,0.1500,+0.0,+0.0000,NONE,RUNNING
="2026-08-07 21:55:01",65345,2169900,112991,2056909,300000,-0.0898,0.1500,+0.0,+0.0000,NONE,RUNNING
="2026-08-07 21:55:02",65354,2678132,112991,2565141,300000,-0.0898,0.1500,+0.0,+0.0000,NONE,RUNNING
="2026-08-07 21:55:03",65350,2678132,112991,2565141,300000,-0.0898,0.1500,+0.0,+0.0000,NONE,RUNNING
="2026-08-07 21:55:04",65350,2698147,133005,2565141,300000,-0.0913,0.1500,+0.0,+0.0000,NONE,RUNNING
="2026-08-07 21:55:05",65350,2728155,153008,2575147,300000,-0.0951,0.1500,+0.0,+0.0000,NONE,RUNNING
="2026-08-07 21:55:06",65350,2757745,182598,2575147,300000,-0.0951,0.1500,+0.0,+0.0000,NONE,RUNNING
="2026-08-07 21:55:07",65350,2790008,202613,2587394,300000,-0.0939,0.1500,+0.0,+0.0000,NONE,RUNNING
="2026-08-07 21:55:08",65350,2909835,312436,2597399,300000,-0.0939,0.1500,+0.0,+0.0000,NONE,RUNNING
="2026-08-07 21:55:09",65350,2909835,312436,2597399,300000,-0.0882,0.1500,+0.0,+0.0000,NONE,RUNNING
="2026-08-07 21:55:10",65363,3692329,406453,3285876,300000,-0.0882,0.1500,+0.0,+0.0000,NONE,RUNNING
="2026-08-07 21:55:11",65363,3702334,406453,3295881,300000,-0.0926,0.1500,+0.0,+0.0000,NONE,RUNNING
="2026-08-07 21:55:12",65368,3718696,406453,3312243,300000,-0.0926,0.1500,+0.0,+0.0000,NONE,RUNNING
="2026-08-07 21:55:13",65371,3729292,416502,3312789,300000,-0.0926,0.1500,+0.0,+0.0000,NONE,RUNNING
="2026-08-07 21:55:14",65371,3678192,416502,3261689,300000,-0.1163,0.1500,+0.0,+0.0000,NONE,RUNNING
="2026-08-07 21:55:15",65371,3668187,416502,3251684,300000,-0.1163,0.1500,+0.0,+0.0000,NONE,RUNNING
="2026-08-07 21:55:16",65371,3668187,416502,3251684,300000,-0.1165,0.1500,+0.0,+0.0000,NONE,RUNNING
="2026-08-07 21:55:17",65371,3661221,399532,3261688,300000,-0.1165,0.1500,+0.0,+0.0000,NONE,RUNNING
="2026-08-07 21:55:18",65371,3651215,399532,3251683,300000,-0.1165,0.1500,+0.0,+0.0000,NONE,RUNNING
="2026-08-07 21:55:19",65371,3682971,399532,3283438,300000,-0.1165,0.1500,+0.0,+0.0000,NONE,RUNNING
="2026-08-07 21:55:20",65371,3682971,399532,3283438,300000,-0.1095,0.1500,+0.0,+0.0000,NONE,RUNNING
="2026-08-07 21:55:21",65373,3624318,327330,3296988,300000,-0.1157,0.1500,+0.0,+0.0000,NONE,RUNNING
="2026-08-07 21:55:22",65373,3611671,327330,3284340,300000,-0.1157,0.1500,+0.0,+0.0000,NONE,RUNNING
="2026-08-07 21:55:23",65373,3133093,327330,2805762,300000,-0.1157,0.1500,+0.0,+0.0000,NONE,RUNNING
="2026-08-07 21:55:24",65373,3168087,327330,2840756,300000,-0.1135,0.1500,+0.0,+0.0000,NONE,RUNNING
="2026-08-07 21:55:25",65373,2896835,327330,2569505,300000,-0.1135,0.1500,+0.0,+0.0000,NONE,RUNNING
="2026-08-07 21:55:26",65373,2896835,327330,2569505,300000,-0.1135,0.1500,+0.0,+0.0000,NONE,RUNNING
="2026-08-07 21:55:27",65373,2886830,327330,2559499,300000,-0.1135,0.1500,+0.0,+0.0000,NONE,RUNNING
="2026-08-07 21:55:28",65368,2379399,337627,2041772,300000,-0.1134,0.1500,+0.0,+0.0000,NONE,RUNNING
="2026-08-07 21:55:29",65360,2421199,379427,2041772,300000,-0.1134,0.1500,+0.0,+0.0000,NONE,RUNNING
="2026-08-07 21:55:30",65382,5479485,623169,4856315,300000,-0.1013,0.1500,+0.0,+0.0000,NONE,RUNNING
="2026-08-07 21:55:31",65369,5844979,623169,5221809,300000,-0.1004,0.1500,+0.0,+0.0000,NONE,RUNNING
="2026-08-07 21:55:32",65370,5900420,623169,5277250,300000,-0.1004,0.1500,+0.0,+0.0000,NONE,RUNNING
="2026-08-07 21:55:33",65385,5863379,623169,5240209,300000,-0.1004,0.1500,+0.0,+0.0000,NONE,RUNNING
="2026-08-07 21:55:34",65385,5965587,623169,5342418,300000,-0.0971,0.1500,+0.0,+0.0000,NONE,RUNNING
="2026-08-07 21:55:35",65390,6248616,623169,5625446,300000,-0.0986,0.1500,+0.0,+0.0000,NONE,RUNNING
="2026-08-07 21:55:36",65390,6238610,623169,5615441,300000,-0.1349,0.1500,+0.0,+0.0000,NONE,RUNNING
="2026-08-07 21:55:37",65390,6248615,623169,5625445,300000,-0.1349,0.1500,+0.0,+0.0000,NONE,RUNNING
="2026-08-07 21:55:38",65390,6238610,623169,5615440,300000,-0.1319,0.1500,+0.0,+0.0000,NONE,RUNNING
="2026-08-07 21:55:39",65390,6238610,623169,5615440,300000,-0.2418,0.1500,+0.0,+0.0000,LONG,RUNNING
="2026-08-07 21:55:40",65390,6248615,623169,5625445,300000,-0.2419,0.1500,+0.0,+0.0000,LONG,RUNNING
="2026-08-07 21:55:41",65390,6227084,611644,5615440,300000,-0.2419,0.1500,+0.0,+0.0000,LONG,RUNNING
="2026-08-07 21:55:42",65390,6227084,611644,5615440,300000,-0.2432,0.1500,+0.0,+0.0000,LONG,RUNNING
="2026-08-07 21:55:43",65382,6296955,671509,5625446,300000,-0.2432,0.1500,+0.0,+0.0000,LONG,RUNNING
="2026-08-07 21:55:44",65373,6274656,659215,5615441,300000,-0.2278,0.1500,+0.0,+0.0000,LONG,RUNNING
="2026-08-07 21:55:45",65373,6284661,659215,5625446,300000,-0.2278,0.1500,+0.0,+0.0000,LONG,RUNNING
="2026-08-07 21:55:46",65366,6284661,659215,5625446,300000,-0.2354,0.1500,+0.0,+0.0000,LONG,RUNNING
="2026-08-07 21:55:47",65356,6319594,689385,5630209,300000,-0.2357,0.1500,+0.0,+0.0000,LONG,RUNNING
="2026-08-07 21:55:48",65356,6329599,689385,5640213,300000,-0.2357,0.1500,+0.0,+0.0000,LONG,RUNNING
="2026-08-07 21:55:49",65356,6329599,689385,5640213,300000,-0.2357,0.1500,+0.0,+0.0000,LONG,RUNNING
="2026-08-07 21:55:50",65356,6319594,689385,5630208,300000,-0.2269,0.1500,+0.0,+0.0000,LONG,RUNNING
="2026-08-07 21:55:51",65356,6311518,689385,5622133,300000,-0.2269,0.1500,+0.0,+0.0000,LONG,RUNNING
="2026-08-07 21:55:52",65360,6311518,689385,5622133,300000,-0.2326,0.1500,+0.0,+0.0000,LONG,RUNNING
="2026-08-07 21:55:53",65360,6336890,689385,5647505,300000,-0.2297,0.1500,+0.0,+0.0000,LONG,RUNNING
="2026-08-07 21:55:54",65361,6255334,689385,5565948,300000,-0.2297,0.1500,+0.0,+0.0000,LONG,RUNNING
="2026-08-07 21:55:55",65350,5924788,689385,5235402,300000,-0.2275,0.1500,+0.0,+0.0000,LONG,RUNNING
="2026-08-07 21:55:56",65346,5930450,705052,5225397,300000,-0.2275,0.1500,+0.0,+0.0000,LONG,RUNNING
="2026-08-07 21:55:57",65346,5940456,705052,5235403,300000,-0.2275,0.1500,+0.0,+0.0000,LONG,RUNNING
="2026-08-07 21:55:58",65346,5950911,715508,5235403,300000,-0.2257,0.1500,+0.0,+0.0000,LONG,RUNNING
="2026-08-07 21:55:59",65346,5940907,715508,5225399,300000,-0.1689,0.1500,+0.0,+0.0000,LONG,RUNNING
="2026-08-07 21:56:00",65346,5950913,715508,5235405,300000,-0.1689,0.1500,+0.0,+0.0000,LONG,RUNNING
="2026-08-07 21:56:01",65346,5950913,715508,5235405,300000,-0.1700,0.1500,+0.0,+0.0000,LONG,RUNNING
="2026-08-07 21:56:02",65336,5442680,715508,4727172,300000,-0.1700,0.1500,+0.0,+0.0000,LONG,RUNNING
="2026-08-07 21:56:03",65334,5447360,710182,4737178,300000,-0.1700,0.1500,+0.0,+0.0000,LONG,RUNNING
="2026-08-07 21:56:04",65334,5417352,690179,4727172,300000,-0.1680,0.1500,+0.0,+0.0000,LONG,RUNNING
="2026-08-07 21:56:05",65334,5399256,672083,4727172,300000,-0.1642,0.1500,+0.0,+0.0000,LONG,RUNNING
="2026-08-07 21:56:06",65331,5385520,660589,4724930,300000,-0.1642,0.1500,+0.0,+0.0000,LONG,RUNNING
="2026-08-07 21:56:07",65329,5245677,530751,4714925,300000,-0.1607,0.1500,+0.0,+0.0000,LONG,RUNNING
="2026-08-07 21:56:08",65329,5255682,530751,4724930,300000,-0.1664,0.1500,+0.0,+0.0000,LONG,RUNNING
="2026-08-07 21:56:09",65329,4463184,436735,4026449,300000,-0.1664,0.1500,+0.0,+0.0000,LONG,RUNNING
="2026-08-07 21:56:10",65328,4488704,472260,4016443,300000,-0.1611,0.1500,+0.0,+0.0000,LONG,RUNNING
="2026-08-07 21:56:11",65311,4498709,472260,4026448,300000,-0.1572,0.1500,+0.0,+0.0000,LONG,RUNNING
="2026-08-07 21:56:12",65311,4461747,462211,3999536,300000,-0.1572,0.1500,+0.0,+0.0000,LONG,RUNNING
="2026-08-07 21:56:13",65312,4472643,483111,3989532,300000,-0.1574,0.1500,+0.0,+0.0000,LONG,RUNNING
="2026-08-07 21:56:14",65311,4513998,514460,3999537,300000,-0.1359,0.1500,+0.0,+0.0000,NONE,RUNNING
="2026-08-07 21:56:15",65311,4534898,535360,3999537,300000,-0.1359,0.1500,+0.0,+0.0000,NONE,RUNNING
="2026-08-07 21:56:16",65311,4524894,535360,3989533,300000,-0.1351,0.1500,+0.0,+0.0000,NONE,RUNNING
="2026-08-07 21:56:17",65312,4534899,535360,3999538,300000,-0.1351,0.1500,+0.0,+0.0000,NONE,RUNNING
="2026-08-07 21:56:18",65312,4503143,535360,3967782,300000,-0.1351,0.1500,+0.0,+0.0000,NONE,RUNNING
="2026-08-07 21:56:19",65312,4503143,535360,3967782,300000,-0.1339,0.1500,+0.0,+0.0000,NONE,RUNNING
="2026-08-07 21:56:20",65311,4839708,861920,3977788,300000,-0.1277,0.1500,+0.0,+0.0000,NONE,RUNNING
="2026-08-07 21:56:21",65311,4816153,861920,3954233,300000,-0.1277,0.1500,+0.0,+0.0000,NONE,RUNNING
="2026-08-07 21:56:22",65311,4806149,861920,3944228,300000,-0.1241,0.1500,+0.0,+0.0000,NONE,RUNNING
="2026-08-07 21:56:23",65312,4771154,861920,3909233,300000,-0.1263,0.1500,+0.0,+0.0000,NONE,RUNNING
="2026-08-07 21:56:24",65312,4771154,861920,3909233,300000,-0.1263,0.1500,+0.0,+0.0000,NONE,RUNNING
="2026-08-07 21:56:25",65311,4771154,861920,3909234,300000,-0.1267,0.1500,+0.0,+0.0000,NONE,RUNNING
="2026-08-07 21:56:26",65311,4771154,861920,3909234,300000,-0.1267,0.1500,+0.0,+0.0000,NONE,RUNNING
="2026-08-07 21:56:27",65306,4771154,861920,3909234,300000,-0.1266,0.1500,+0.0,+0.0000,NONE,RUNNING
="2026-08-07 21:56:28",65306,4709052,809823,3899228,300000,-0.1317,0.1500,+0.0,+0.0000,NONE,RUNNING
="2026-08-07 21:56:29",65308,4684666,785437,3899228,300000,-0.1317,0.1500,+0.0,+0.0000,NONE,RUNNING
="2026-08-07 21:56:30",65308,1660767,586088,1074679,300000,-0.1438,0.1500,+0.0,+0.0000,NONE,RUNNING
="2026-08-07 21:56:31",65308,1305278,586088,719190,300000,-0.1422,0.1500,+0.0,+0.0000,NONE,RUNNING
="2026-08-07 21:56:32",65308,1284306,620556,663749,300000,-0.1422,0.1500,+0.0,+0.0000,NONE,RUNNING
="2026-08-07 21:56:33",65303,1274302,620556,653745,300000,-0.1456,0.1500,+0.0,+0.0000,NONE,RUNNING
="2026-08-07 21:56:34",65300,916019,640567,275451,300000,-0.1462,0.1500,+0.0,+0.0000,NONE,RUNNING
="2026-08-07 21:56:36",65296,946638,671186,275451,300000,-0.1462,0.1500,+0.0,+0.0000,NONE,RUNNING
="2026-08-07 21:56:37",65287,936633,671186,265446,300000,-0.1099,0.1500,+0.0,+0.0000,NONE,RUNNING
="2026-08-07 21:56:38",65287,946638,671186,275451,300000,-0.1194,0.1500,+0.0,+0.0000,NONE,RUNNING
="2026-08-07 21:56:39",65287,946638,671186,275451,300000,-0.1194,0.1500,+0.0,+0.0000,NONE,RUNNING
="2026-08-07 21:56:40",65287,936634,671186,265447,300000,-0.0095,0.1500,+0.0,+0.0000,NONE,RUNNING
="2026-08-07 21:56:41",65287,946639,671186,275452,300000,-0.0095,0.1500,+0.0,+0.0000,NONE,RUNNING
="2026-08-07 21:56:42",65287,946639,671186,275452,300000,-0.0082,0.1500,+0.0,+0.0000,NONE,RUNNING
="2026-08-07 21:56:43",65287,886773,621326,265446,300000,-0.0082,0.1500,+0.0,+0.0000,NONE,RUNNING
="2026-08-07 21:56:44",65287,886774,611321,275452,300000,-0.0071,0.1500,+0.0,+0.0000,NONE,RUNNING
="2026-08-07 21:56:45",65285,921621,646168,275452,300000,+0.0005,0.1500,+0.0,+0.0000,NONE,RUNNING
="2026-08-07 21:56:46",65273,911616,646168,265447,300000,+0.0005,0.1500,+0.0,+0.0000,NONE,RUNNING
="2026-08-07 21:56:47",65272,841477,615998,225479,300000,+0.0028,0.1500,+0.0,+0.0000,NONE,RUNNING
="2026-08-07 21:56:48",65272,841477,615998,225479,300000,+0.0028,0.1500,+0.0,+0.0000,NONE,RUNNING
="2026-08-07 21:56:49",65268,892599,647000,245599,300000,+0.0028,0.1500,+0.0,+0.0000,NONE,RUNNING
="2026-08-07 21:56:50",65272,902604,647000,255604,300000,+0.0062,0.1500,+0.0,+0.0000,NONE,RUNNING
="2026-08-07 21:56:51",65272,892599,647000,245599,300000,+0.0062,0.1500,+0.0,+0.0000,NONE,RUNNING
="2026-08-07 21:56:52",65272,892599,647000,245599,300000,+0.0118,0.1500,+0.0,+0.0000,NONE,RUNNING
="2026-08-07 21:56:53",65273,929765,674161,255604,300000,+0.0128,0.1500,+0.0,+0.0000,NONE,RUNNING
="2026-08-07 21:56:54",65273,905297,685071,220226,300000,+0.0128,0.1500,+0.0,+0.0000,NONE,RUNNING
="2026-08-07 21:56:55",65273,905297,685071,220226,300000,+0.0106,0.1500,+0.0,+0.0000,NONE,RUNNING
="2026-08-07 21:56:56",65273,899635,669403,230231,300000,+0.0113,0.1500,+0.0,+0.0000,NONE,RUNNING
="2026-08-07 21:56:57",65273,889629,669403,220225,300000,+0.0113,0.1500,+0.0,+0.0000,NONE,RUNNING
="2026-08-07 21:56:58",65273,879174,658948,220225,300000,+0.0095,0.1500,+0.0,+0.0000,NONE,RUNNING
="2026-08-07 21:56:59",65273,899344,658948,240396,300000,+0.0100,0.1500,+0.0,+0.0000,NONE,RUNNING
="2026-08-07 21:57:00",65273,915793,658948,256845,300000,+0.0100,0.1500,+0.0,+0.0000,NONE,RUNNING
="2026-08-07 21:57:01",65280,944662,658948,285714,300000,+0.0111,0.1500,+0.0,+0.0000,NONE,RUNNING
="2026-08-07 21:57:02",65289,994449,658948,335501,300000,+0.0127,0.1500,+0.0,+0.0000,NONE,RUNNING
="2026-08-07 21:57:03",65293,969755,644259,325495,300000,+0.0127,0.1500,+0.0,+0.0000,NONE,RUNNING
="2026-08-07 21:57:04",65293,979760,644259,335500,300000,+0.0107,0.1500,+0.0,+0.0000,NONE,RUNNING
="2026-08-07 21:57:05",65293,979760,644259,335500,300000,+0.0107,0.1500,+0.0,+0.0000,NONE,RUNNING
="2026-08-07 21:57:06",65293,969755,644259,325495,300000,+0.0098,0.1500,+0.0,+0.0000,NONE,RUNNING
="2026-08-07 21:57:07",65294,979760,644259,335500,300000,+0.0063,0.1500,+0.0,+0.0000,NONE,RUNNING
="2026-08-07 21:57:08",65293,979760,644259,335500,300000,+0.0197,0.1500,+0.0,+0.0000,NONE,RUNNING
="2026-08-07 21:57:09",65293,969755,644259,325495,300000,+0.0197,0.1500,+0.0,+0.0000,NONE,RUNNING
="2026-08-07 21:57:10",65293,979760,644259,335500,300000,+0.0143,0.1500,+0.0,+0.0000,NONE,RUNNING
="2026-08-07 21:57:11",65294,944235,608734,335500,300000,+0.0137,0.1500,+0.0,+0.0000,NONE,RUNNING
="2026-08-07 21:57:12",65293,934229,608734,325495,300000,+0.0137,0.1500,+0.0,+0.0000,NONE,RUNNING
="2026-08-07 21:57:13",65294,923335,587834,335501,300000,+0.0139,0.1500,+0.0,+0.0000,NONE,RUNNING
="2026-08-07 21:57:14",65293,913330,587834,325496,300000,+0.0139,0.1500,+0.0,+0.0000,NONE,RUNNING
="2026-08-07 21:57:15",65293,861081,535584,325496,300000,+0.0139,0.1500,+0.0,+0.0000,NONE,RUNNING
="2026-08-07 21:57:16",65293,892934,535584,357349,300000,+0.0139,0.1500,+0.0,+0.0000,NONE,RUNNING
="2026-08-07 21:57:17",65293,882928,535584,347344,300000,+0.0135,0.1500,+0.0,+0.0000,NONE,RUNNING
="2026-08-07 21:57:18",65293,882928,535584,347344,300000,+0.0135,0.1500,+0.0,+0.0000,NONE,RUNNING
="2026-08-07 21:57:19",65293,882928,535584,347344,300000,+0.0135,0.1500,+0.0,+0.0000,NONE,RUNNING
="2026-08-07 21:57:20",65294,546363,209024,337339,300000,+0.0123,0.1500,+0.0,+0.0000,NONE,RUNNING
="2026-08-07 21:57:21",65294,546363,209024,337339,300000,+0.0123,0.1500,+0.0,+0.0000,NONE,RUNNING
="2026-08-07 21:57:22",65295,546363,209024,337339,300000,+0.0088,0.1500,+0.0,+0.0000,NONE,RUNNING
="2026-08-07 21:57:23",65296,536358,209024,327333,300000,+0.0088,0.1500,+0.0,+0.0000,NONE,RUNNING
="2026-08-07 21:57:24",65296,536358,209024,327333,300000,+0.0117,0.1500,+0.0,+0.0000,NONE,RUNNING
="2026-08-07 21:57:25",65294,546363,209024,337338,300000,+0.0117,0.1500,+0.0,+0.0000,NONE,RUNNING
="2026-08-07 21:57:26",65294,546505,219171,327333,300000,+0.0122,0.1500,+0.0,+0.0000,NONE,RUNNING
="2026-08-07 21:57:27",65294,566093,219171,346922,300000,+0.0155,0.1500,+0.0,+0.0000,NONE,RUNNING
="2026-08-07 21:57:28",65294,576098,219171,356927,300000,+0.0205,0.1500,+0.0,+0.0000,NONE,RUNNING
="2026-08-07 21:57:29",65294,576098,219171,356927,300000,+0.0205,0.1500,+0.0,+0.0000,NONE,RUNNING
="2026-08-07 21:57:30",65294,556092,199165,356927,300000,+0.0205,0.1500,+0.0,+0.0000,NONE,RUNNING
="2026-08-07 21:57:31",65294,566097,199165,366932,300000,+0.0190,0.1500,+0.0,+0.0000,NONE,RUNNING
="2026-08-07 21:57:32",65294,556092,199165,356927,300000,+0.0190,0.1500,+0.0,+0.0000,NONE,RUNNING
="2026-08-07 21:57:33",65294,540239,183312,356927,300000,+0.0188,0.1500,+0.0,+0.0000,NONE,RUNNING
="2026-08-07 21:57:34",65294,530233,163300,366932,300000,+0.0194,0.1500,+0.0,+0.0000,NONE,RUNNING
="2026-08-07 21:57:35",65294,489608,132681,356926,300000,+0.0194,0.1500,+0.0,+0.0000,NONE,RUNNING
="2026-08-07 21:57:36",65294,489608,132681,356926,300000,+0.0194,0.1500,+0.0,+0.0000,NONE,RUNNING
="2026-08-07 21:57:37",65294,499613,132681,366932,300000,+0.0194,0.1500,+0.0,+0.0000,NONE,RUNNING
="2026-08-07 21:57:38",65294,489608,132681,356926,300000,+0.0290,0.1500,+0.0,+0.0000,NONE,RUNNING
="2026-08-07 21:58:38",65261,287278,138613,148664,300000,+0.0053,0.1500,+0.0,+0.0000,NONE,RUNNING
="2026-08-07 21:59:38",65284,646902,383594,263308,300000,+0.0397,0.1500,+0.0,+0.0000,NONE,RUNNING
="2026-08-07 22:00:38",65290,644938,271330,373608,300000,+0.0276,0.1500,+0.0,+0.0000,NONE,RUNNING
="2026-08-07 22:01:38",65218,669181,459071,210109,300000,+0.0103,0.1500,+0.0,+0.0000,NONE,RUNNING
="2026-08-07 22:02:38",65195,1129545,804505,325039,300000,+0.0060,0.1500,+0.0,+0.0000,NONE,RUNNING
="2026-08-07 22:03:39",65227,832602,561038,271564,300000,-0.0012,0.1500,+0.0,+0.0000,NONE,RUNNING
="2026-08-07 22:04:39",65278,260787,44865,215921,300000,+0.0104,0.1500,+0.0,+0.0000,NONE,RUNNING
="2026-08-07 22:05:39",65266,923828,476432,447396,300000,+0.0289,0.1500,+0.0,+0.0000,NONE,RUNNING
="2026-08-07 22:06:39",65276,340780,69268,271511,300000,+0.0118,0.1500,+0.0,+0.0000,NONE,RUNNING
="2026-08-07 22:07:39",65313,533759,98718,435041,300000,+0.0164,0.1500,+0.0,+0.0000,NONE,RUNNING
="2026-08-07 22:08:39",65259,770981,325708,445272,300000,+0.0092,0.1500,+0.0,+0.0000,NONE,RUNNING
="2026-08-07 22:09:39",65255,204546,74477,130069,300000,+0.0104,0.1500,+0.0,+0.0000,NONE,RUNNING
="2026-08-07 22:10:39",65238,153339,79406,73932,300000,+0.0018,0.1500,+0.0,+0.0000,NONE,RUNNING
="2026-08-07 22:11:39",65217,534882,227552,307330,300000,+0.0004,0.1500,+0.0,+0.0000,NONE,RUNNING
="2026-08-07 22:12:39",65228,318568,168471,150096,300000,+0.0025,0.1500,+0.0,+0.0000,NONE,RUNNING
="2026-08-07 22:13:39",65227,304641,90428,214213,300000,+0.0031,0.1500,+0.0,+0.0000,NONE,RUNNING
="2026-08-07 22:14:39",65227,445284,35856,409427,300000,+0.0072,0.1500,+0.0,+0.0000,NONE,RUNNING
="2026-08-07 22:15:39",65215,353645,143538,210107,300000,+0.0081,0.1500,+0.0,+0.0000,NONE,RUNNING
="2026-08-07 22:16:39",65216,166073,36027,130045,300000,+0.0029,0.1500,+0.0,+0.0000,NONE,RUNNING
="2026-08-07 22:17:39",65226,471396,198545,272850,300000,-0.0091,0.1500,+0.0,+0.0000,NONE,RUNNING
="2026-08-07 22:18:39",65232,298609,99466,199142,300000,-0.0027,0.1500,+0.0,+0.0000,NONE,RUNNING
="2026-08-07 22:19:39",65269,483233,66237,416996,300000,+0.0015,0.1500,+0.0,+0.0000,NONE,RUNNING
="2026-08-07 22:20:39",65272,531192,255082,276109,300000,+0.0012,0.1500,+0.0,+0.0000,NONE,RUNNING
="2026-08-07 22:21:40",65277,132779,11848,120931,300000,+0.0057,0.1500,+0.0,+0.0000,NONE,RUNNING
="2026-08-07 22:22:40",65250,898488,706245,192242,300000,+0.0046,0.1500,+0.0,+0.0000,NONE,RUNNING
="2026-08-07 22:23:40",65227,381782,64512,317269,300000,+0.0013,0.1500,+0.0,+0.0000,NONE,RUNNING
="2026-08-07 22:24:40",65212,258927,58811,200115,300000,+0.0041,0.1500,+0.0,+0.0000,NONE,RUNNING
="2026-08-07 22:25:01",65166,828968,582465,246503,300000,+0.0900,0.1500,+0.0,+0.0000,NONE,RUNNING
="2026-08-07 22:25:02",65142,796845,550342,246503,300000,+0.0900,0.1500,+0.0,+0.0000,NONE,RUNNING
="2026-08-07 22:25:03",65142,782896,536393,246502,300000,+0.0896,0.1500,+0.0,+0.0000,NONE,RUNNING
="2026-08-07 22:25:04",65142,782896,536393,246502,300000,+0.0770,0.1500,+0.0,+0.0000,NONE,RUNNING
="2026-08-07 22:25:05",65142,782896,536393,246502,300000,+0.0770,0.1500,+0.0,+0.0000,NONE,RUNNING
="2026-08-07 22:25:06",65146,782895,536393,246501,300000,+0.0770,0.1500,+0.0,+0.0000,NONE,RUNNING
="2026-08-07 22:25:07",65146,782895,536393,246501,300000,+0.0770,0.1500,+0.0,+0.0000,NONE,RUNNING
="2026-08-07 22:25:08",65146,782895,536393,246501,300000,+0.0727,0.1500,+0.0,+0.0000,NONE,RUNNING
="2026-08-07 22:25:09",65148,792967,546465,246501,300000,+0.0727,0.1500,+0.0,+0.0000,NONE,RUNNING
="2026-08-07 22:25:10",65154,792967,546465,246501,300000,+0.0714,0.1500,+0.0,+0.0000,NONE,RUNNING
="2026-08-07 22:25:11",65159,792967,546465,246501,300000,+0.0711,0.1500,+0.0,+0.0000,NONE,RUNNING
="2026-08-07 22:25:12",65160,792966,546465,246501,300000,+0.0711,0.1500,+0.0,+0.0000,NONE,RUNNING
="2026-08-07 22:25:13",65159,792966,546465,246501,300000,+0.0711,0.1500,+0.0,+0.0000,NONE,RUNNING
="2026-08-07 22:25:14",65160,792966,546465,246501,300000,+0.0781,0.1500,+0.0,+0.0000,NONE,RUNNING
="2026-08-07 22:25:15",65172,792966,546465,246501,300000,+0.0781,0.1500,+0.0,+0.0000,NONE,RUNNING
="2026-08-07 22:25:16",65173,792966,546465,246501,300000,+0.0781,0.1500,+0.0,+0.0000,NONE,RUNNING
="2026-08-07 22:25:17",65173,792966,546465,246501,300000,+0.0756,0.1500,+0.0,+0.0000,NONE,RUNNING
="2026-08-07 22:25:18",65173,782961,546465,236495,300000,+0.0756,0.1500,+0.0,+0.0000,NONE,RUNNING
="2026-08-07 22:25:19",65173,782961,546465,236495,300000,+0.0748,0.1500,+0.0,+0.0000,NONE,RUNNING
="2026-08-07 22:25:20",65173,782961,546465,236495,300000,+0.0748,0.1500,+0.0,+0.0000,NONE,RUNNING
="2026-08-07 22:25:21",65173,772955,546465,226490,300000,+0.0748,0.1500,+0.0,+0.0000,NONE,RUNNING
="2026-08-07 22:25:22",65173,772955,546465,226490,300000,+0.0748,0.1500,+0.0,+0.0000,NONE,RUNNING
="2026-08-07 22:25:23",65173,772955,546465,226490,300000,+0.0749,0.1500,+0.0,+0.0000,NONE,RUNNING
="2026-08-07 22:25:24",65173,772954,546465,226489,300000,+0.0749,0.1500,+0.0,+0.0000,NONE,RUNNING
="2026-08-07 22:25:25",65173,772954,546465,226489,300000,+0.0747,0.1500,+0.0,+0.0000,NONE,RUNNING
="2026-08-07 22:25:26",65173,772954,546465,226489,300000,+0.0747,0.1500,+0.0,+0.0000,NONE,RUNNING
="2026-08-07 22:25:27",65173,772954,546465,226488,300000,+0.0747,0.1500,+0.0,+0.0000,NONE,RUNNING
="2026-08-07 22:25:28",65173,772954,546465,226488,300000,+0.0751,0.1500,+0.0,+0.0000,NONE,RUNNING
="2026-08-07 22:25:29",65173,772954,546465,226488,300000,+0.0763,0.1500,+0.0,+0.0000,NONE,RUNNING
="2026-08-07 22:25:30",65173,772953,546465,226488,300000,+0.0763,0.1500,+0.0,+0.0000,NONE,RUNNING
="2026-08-07 22:25:31",65173,772953,546465,226488,300000,+0.0763,0.1500,+0.0,+0.0000,NONE,RUNNING
="2026-08-07 22:25:32",65173,772953,546465,226488,300000,+0.0768,0.1500,+0.0,+0.0000,NONE,RUNNING
="2026-08-07 22:25:33",65174,772952,546465,226486,300000,+0.0768,0.1500,+0.0,+0.0000,NONE,RUNNING
="2026-08-07 22:25:34",65174,772952,546465,226486,300000,+0.0767,0.1500,+0.0,+0.0000,NONE,RUNNING
="2026-08-07 22:25:35",65174,782957,546465,236491,300000,+0.0767,0.1500,+0.0,+0.0000,NONE,RUNNING
="2026-08-07 22:25:36",65174,772950,546465,226485,300000,+0.0767,0.1500,+0.0,+0.0000,NONE,RUNNING
="2026-08-07 22:25:37",65174,772950,546465,226485,300000,+0.0763,0.1500,+0.0,+0.0000,NONE,RUNNING
="2026-08-07 22:25:38",65174,782955,546465,236490,300000,+0.0771,0.1500,+0.0,+0.0000,NONE,RUNNING
="2026-08-07 22:25:39",65174,772949,546465,226484,300000,+0.0771,0.1500,+0.0,+0.0000,NONE,RUNNING
="2026-08-07 22:25:40",65174,772949,546465,226484,300000,+0.0767,0.1500,+0.0,+0.0000,NONE,RUNNING
="2026-08-07 22:25:41",65174,772949,546465,226483,300000,+0.0742,0.1500,+0.0,+0.0000,NONE,RUNNING
="2026-08-07 22:25:42",65174,772949,546465,226483,300000,+0.0742,0.1500,+0.0,+0.0000,NONE,RUNNING
="2026-08-07 22:25:43",65174,772949,546465,226483,300000,+0.0753,0.1500,+0.0,+0.0000,NONE,RUNNING
="2026-08-07 22:25:44",65174,782954,546465,236489,300000,+0.0753,0.1500,+0.0,+0.0000,NONE,RUNNING
="2026-08-07 22:25:45",65174,772948,546465,226483,300000,+0.0753,0.1500,+0.0,+0.0000,NONE,RUNNING
="2026-08-07 22:25:46",65174,772948,546465,226483,300000,+0.0751,0.1500,+0.0,+0.0000,NONE,RUNNING
="2026-08-07 22:25:47",65174,782954,546465,236488,300000,+0.0746,0.1500,+0.0,+0.0000,NONE,RUNNING
="2026-08-07 22:25:49",65174,772948,546465,226483,300000,+0.0746,0.1500,+0.0,+0.0000,NONE,RUNNING
="2026-08-07 22:25:50",65174,772948,546465,226483,300000,+0.0740,0.1500,+0.0,+0.0000,NONE,RUNNING
="2026-08-07 22:25:51",65174,772948,546465,226483,300000,+0.0740,0.1500,+0.0,+0.0000,NONE,RUNNING
="2026-08-07 22:25:52",65163,1388906,1162423,226483,300000,+0.0738,0.1500,+0.0,+0.0000,NONE,RUNNING
="2026-08-07 22:25:53",65163,1388906,1162423,226483,300000,+0.0721,0.1500,+0.0,+0.0000,NONE,RUNNING
="2026-08-07 22:25:54",65163,1398912,1162423,236488,300000,+0.0721,0.1500,+0.0,+0.0000,NONE,RUNNING
="2026-08-07 22:25:55",65163,949792,769698,180094,300000,+0.0733,0.1500,+0.0,+0.0000,NONE,RUNNING
="2026-08-07 22:25:56",65163,926017,735917,190100,300000,+0.0733,0.1500,+0.0,+0.0000,NONE,RUNNING
="2026-08-07 22:25:57",65163,916012,735917,180094,300000,+0.0763,0.1500,+0.0,+0.0000,NONE,RUNNING
="2026-08-07 22:25:58",65163,916012,735917,180094,300000,+0.0763,0.1500,+0.0,+0.0000,NONE,RUNNING
="2026-08-07 22:25:59",65170,926017,735917,190099,300000,+0.0389,0.1500,+0.0,+0.0000,NONE,RUNNING
="2026-08-07 22:26:00",65172,934913,735917,198995,300000,+0.0389,0.1500,+0.0,+0.0000,NONE,RUNNING
="2026-08-07 22:26:01",65172,886457,687462,198995,300000,+0.0387,0.1500,+0.0,+0.0000,NONE,RUNNING
="2026-08-07 22:26:02",65174,835028,626029,208999,300000,-0.0098,0.1500,+0.0,+0.0000,NONE,RUNNING
="2026-08-07 22:26:03",65183,837561,626029,211532,300000,-0.0098,0.1500,+0.0,+0.0000,NONE,RUNNING
="2026-08-07 22:26:04",65183,837561,626029,211532,300000,-0.0098,0.1500,+0.0,+0.0000,NONE,RUNNING
="2026-08-07 22:26:05",65183,847566,626029,221537,300000,+0.0027,0.1500,+0.0,+0.0000,NONE,RUNNING
="2026-08-07 22:26:06",65183,837561,626029,211532,300000,+0.0027,0.1500,+0.0,+0.0000,NONE,RUNNING
="2026-08-07 22:26:07",65183,837561,626029,211532,300000,+0.0032,0.1500,+0.0,+0.0000,NONE,RUNNING
="2026-08-07 22:26:08",65183,847566,626029,221537,300000,+0.0076,0.1500,+0.0,+0.0000,NONE,RUNNING
="2026-08-07 22:26:09",65183,827489,615957,211531,300000,+0.0076,0.1500,+0.0,+0.0000,NONE,RUNNING
="2026-08-07 22:26:10",65183,827489,615957,211531,300000,+0.0067,0.1500,+0.0,+0.0000,NONE,RUNNING
="2026-08-07 22:26:11",65183,837494,615957,221536,300000,+0.0070,0.1500,+0.0,+0.0000,NONE,RUNNING
="2026-08-07 22:26:12",65183,827489,615957,211531,300000,+0.0070,0.1500,+0.0,+0.0000,NONE,RUNNING
="2026-08-07 22:26:13",65183,827489,615957,211531,300000,+0.0068,0.1500,+0.0,+0.0000,NONE,RUNNING
="2026-08-07 22:26:14",65173,837494,615957,221536,300000,+0.0068,0.1500,+0.0,+0.0000,NONE,RUNNING
="2026-08-07 22:26:15",65173,827488,615957,211531,300000,-0.0002,0.1500,+0.0,+0.0000,NONE,RUNNING
="2026-08-07 22:26:16",65173,827488,615957,211531,300000,+0.0002,0.1500,+0.0,+0.0000,NONE,RUNNING
="2026-08-07 22:26:17",65165,837494,615957,221536,300000,+0.0027,0.1500,+0.0,+0.0000,NONE,RUNNING
="2026-08-07 22:26:18",65165,837494,615957,221536,300000,+0.0027,0.1500,+0.0,+0.0000,NONE,RUNNING
="2026-08-07 22:26:19",65170,837494,615957,221536,300000,+0.0017,0.1500,+0.0,+0.0000,NONE,RUNNING
="2026-08-07 22:26:20",65170,847499,615957,231541,300000,+0.0017,0.1500,+0.0,+0.0000,NONE,RUNNING
="2026-08-07 22:26:21",65170,847499,615957,231541,300000,+0.0017,0.1500,+0.0,+0.0000,NONE,RUNNING
="2026-08-07 22:26:22",65170,847499,615957,231541,300000,-0.0017,0.1500,+0.0,+0.0000,NONE,RUNNING
="2026-08-07 22:26:23",65170,857504,615957,241546,300000,-0.0018,0.1500,+0.0,+0.0000,NONE,RUNNING
="2026-08-07 22:26:24",65170,847499,615957,231541,300000,-0.0018,0.1500,+0.0,+0.0000,NONE,RUNNING
="2026-08-07 22:26:25",65170,872492,640951,231541,300000,+0.0119,0.1500,+0.0,+0.0000,NONE,RUNNING
="2026-08-07 22:26:26",65183,872492,640951,231541,300000,+0.0119,0.1500,+0.0,+0.0000,NONE,RUNNING
="2026-08-07 22:26:27",65183,862488,640951,221536,300000,+0.0119,0.1500,+0.0,+0.0000,NONE,RUNNING
="2026-08-07 22:26:28",65183,862488,640951,221536,300000,+0.0119,0.1500,+0.0,+0.0000,NONE,RUNNING
="2026-08-07 22:26:29",65190,862488,640951,221536,300000,+0.0106,0.1500,+0.0,+0.0000,NONE,RUNNING
="2026-08-07 22:26:30",65191,852483,640951,211531,300000,+0.0106,0.1500,+0.0,+0.0000,NONE,RUNNING
="2026-08-07 22:26:31",65190,852483,640951,211531,300000,+0.0158,0.1500,+0.0,+0.0000,NONE,RUNNING
="2026-08-07 22:26:32",65190,852483,640951,211531,300000,+0.0154,0.1500,+0.0,+0.0000,NONE,RUNNING
="2026-08-07 22:26:33",65195,842478,640951,201527,300000,+0.0154,0.1500,+0.0,+0.0000,NONE,RUNNING
="2026-08-07 22:26:34",65195,842478,640951,201527,300000,+0.0128,0.1500,+0.0,+0.0000,NONE,RUNNING
="2026-08-07 22:26:35",65195,842478,640951,201527,300000,+0.0128,0.1500,+0.0,+0.0000,NONE,RUNNING
="2026-08-07 22:26:36",65195,832473,640951,191522,300000,+0.0128,0.1500,+0.0,+0.0000,NONE,RUNNING
="2026-08-07 22:26:37",65195,842478,640951,201527,300000,+0.0120,0.1500,+0.0,+0.0000,NONE,RUNNING
="2026-08-07 22:26:38",65195,842478,640951,201527,300000,+0.0120,0.1500,+0.0,+0.0000,NONE,RUNNING
="2026-08-07 22:26:39",65195,832473,640951,191522,300000,+0.0116,0.1500,+0.0,+0.0000,NONE,RUNNING
="2026-08-07 22:26:40",65196,842478,640951,201527,300000,+0.0109,0.1500,+0.0,+0.0000,NONE,RUNNING
="2026-08-07 22:26:41",65196,842478,640951,201527,300000,+0.0109,0.1500,+0.0,+0.0000,NONE,RUNNING
="2026-08-07 22:26:42",65196,832472,640951,191521,300000,+0.0134,0.1500,+0.0,+0.0000,NONE,RUNNING
="2026-08-07 22:26:43",65195,842477,640951,201526,300000,+0.0138,0.1500,+0.0,+0.0000,NONE,RUNNING
="2026-08-07 22:26:44",65196,842477,640951,201526,300000,+0.0138,0.1500,+0.0,+0.0000,NONE,RUNNING
="2026-08-07 22:26:45",65196,832472,640951,191521,300000,+0.0138,0.1500,+0.0,+0.0000,NONE,RUNNING
="2026-08-07 22:26:46",65196,842477,640951,201526,300000,+0.0141,0.1500,+0.0,+0.0000,NONE,RUNNING
="2026-08-07 22:26:47",65195,832471,640951,191520,300000,+0.0141,0.1500,+0.0,+0.0000,NONE,RUNNING
="2026-08-07 22:26:48",65196,832471,640951,191520,300000,+0.0147,0.1500,+0.0,+0.0000,NONE,RUNNING
="2026-08-07 22:26:49",65196,842476,640951,201525,300000,+0.0147,0.1500,+0.0,+0.0000,NONE,RUNNING
="2026-08-07 22:26:50",65195,852029,660510,191519,300000,+0.0145,0.1500,+0.0,+0.0000,NONE,RUNNING
="2026-08-07 22:26:51",65195,852029,660510,191519,300000,+0.0147,0.1500,+0.0,+0.0000,NONE,RUNNING
="2026-08-07 22:26:52",65189,256150,54624,201525,300000,+0.0148,0.1500,+0.0,+0.0000,NONE,RUNNING
="2026-08-07 22:26:53",65189,246144,54624,191520,300000,+0.0148,0.1500,+0.0,+0.0000,NONE,RUNNING
="2026-08-07 22:26:54",65189,246144,54624,191520,300000,+0.0137,0.1500,+0.0,+0.0000,NONE,RUNNING
="2026-08-07 22:26:55",65189,256150,54624,201525,300000,+0.0137,0.1500,+0.0,+0.0000,NONE,RUNNING
="2026-08-07 22:26:56",65189,258106,66585,191520,300000,+0.0184,0.1500,+0.0,+0.0000,NONE,RUNNING
="2026-08-07 22:26:57",65189,258106,66585,191520,300000,+0.0154,0.1500,+0.0,+0.0000,NONE,RUNNING
="2026-08-07 22:27:57",65182,344358,90026,254331,300000,+0.0052,0.1500,+0.0,+0.0000,NONE,RUNNING
="2026-08-07 22:28:39",65126,1147908,602285,545622,300000,+0.0982,0.1500,+0.0,+0.0000,NONE,RUNNING
="2026-08-07 22:28:40",65126,1147908,602285,545622,300000,+0.0982,0.1500,+0.0,+0.0000,NONE,RUNNING
="2026-08-07 22:28:41",65126,1124681,602285,522395,300000,+0.0949,0.1500,+0.0,+0.0000,NONE,RUNNING
="2026-08-07 22:28:42",65126,1124681,602285,522395,300000,+0.0951,0.1500,+0.0,+0.0000,NONE,RUNNING
="2026-08-07 22:28:43",65126,1124681,602285,522395,300000,+0.0951,0.1500,+0.0,+0.0000,NONE,RUNNING
="2026-08-07 22:28:44",65126,1324403,785591,538811,300000,+0.0929,0.1500,+0.0,+0.0000,NONE,RUNNING
="2026-08-07 22:28:45",65117,1314398,785591,528806,300000,+0.0903,0.1500,+0.0,+0.0000,NONE,RUNNING
="2026-08-07 22:28:46",65114,1314398,785591,528806,300000,+0.0903,0.1500,+0.0,+0.0000,NONE,RUNNING
="2026-08-07 22:28:47",65114,1449188,785591,663596,300000,+0.0903,0.1500,+0.0,+0.0000,NONE,RUNNING
="2026-08-07 22:28:48",65119,1587523,923926,663596,300000,+0.0903,0.1500,+0.0,+0.0000,NONE,RUNNING
="2026-08-07 22:28:49",65119,1546522,923926,622595,300000,+0.0903,0.1500,+0.0,+0.0000,NONE,RUNNING
="2026-08-07 22:28:50",65115,1556527,923926,632601,300000,+0.0903,0.1500,+0.0,+0.0000,NONE,RUNNING
="2026-08-07 22:28:51",65115,1546522,923926,622596,300000,+0.0921,0.1500,+0.0,+0.0000,NONE,RUNNING
="2026-08-07 22:28:52",65116,1626261,923926,702334,300000,+0.1214,0.1500,+0.0,+0.0000,NONE,RUNNING
="2026-08-07 22:28:53",65120,1663196,950857,712339,300000,+0.1214,0.1500,+0.0,+0.0000,NONE,RUNNING
="2026-08-07 22:28:54",65121,1590331,887997,702333,300000,+0.1212,0.1500,+0.0,+0.0000,NONE,RUNNING
="2026-08-07 22:28:55",65121,1590331,887997,702333,300000,+0.1212,0.1500,+0.0,+0.0000,NONE,RUNNING
="2026-08-07 22:28:56",65124,1600336,887997,712338,300000,+0.1233,0.1500,+0.0,+0.0000,NONE,RUNNING
="2026-08-07 22:28:57",65125,1590330,887997,702333,300000,+0.1213,0.1500,+0.0,+0.0000,NONE,RUNNING
="2026-08-07 22:28:58",65125,1569451,867117,702333,300000,+0.1213,0.1500,+0.0,+0.0000,NONE,RUNNING
="2026-08-07 22:28:59",65129,1569451,867117,702333,300000,+0.1215,0.1500,+0.0,+0.0000,NONE,RUNNING
="2026-08-07 22:29:00",65129,1442604,750276,692328,500000,+0.1171,0.1800,+0.0,+0.0000,NONE,RUNNING
="2026-08-07 22:29:01",65129,1431999,739670,692328,500000,+0.1171,0.1800,+0.0,+0.0000,NONE,RUNNING
="2026-08-07 22:29:02",65130,1431999,739670,692328,500000,+0.1171,0.1800,+0.0,+0.0000,NONE,RUNNING
="2026-08-07 22:29:03",65131,1421993,739670,682322,500000,+0.1171,0.1800,+0.0,+0.0000,NONE,RUNNING
="2026-08-07 22:29:04",65132,1421993,739670,682322,500000,+0.1171,0.1800,+0.0,+0.0000,NONE,RUNNING
="2026-08-07 22:29:05",65134,1421993,739670,682322,500000,+0.1164,0.1800,+0.0,+0.0000,NONE,RUNNING
="2026-08-07 22:29:06",65134,1440856,768538,672317,500000,+0.1166,0.1800,+0.0,+0.0000,NONE,RUNNING
="2026-08-07 22:29:07",65140,1440856,768538,672317,500000,+0.1166,0.1800,+0.0,+0.0000,NONE,RUNNING
="2026-08-07 22:29:08",65147,1453383,768538,684845,500000,+0.1164,0.1800,+0.0,+0.0000,NONE,RUNNING
="2026-08-07 22:29:09",65154,1443378,768538,674840,500000,+0.1164,0.1800,+0.0,+0.0000,NONE,RUNNING
="2026-08-07 22:29:10",65158,1409919,725073,684845,500000,+0.1164,0.1800,+0.0,+0.0000,NONE,RUNNING
="2026-08-07 22:29:11",65158,1409919,725073,684845,500000,+0.1164,0.1800,+0.0,+0.0000,NONE,RUNNING
="2026-08-07 22:29:13",65158,1399913,725073,674839,500000,+0.1127,0.1800,+0.0,+0.0000,NONE,RUNNING
="2026-08-07 22:29:14",65158,1409918,725073,684845,500000,+0.1030,0.1800,+0.0,+0.0000,NONE,RUNNING
="2026-08-07 22:29:15",65158,1399913,725073,674839,500000,+0.1054,0.1800,+0.0,+0.0000,NONE,RUNNING
="2026-08-07 22:29:16",65158,1356153,725073,631079,500000,+0.1059,0.1800,+0.0,+0.0000,NONE,RUNNING
="2026-08-07 22:29:17",65158,1366158,725073,641084,500000,+0.1059,0.1800,+0.0,+0.0000,NONE,RUNNING
="2026-08-07 22:29:18",65158,1356152,725073,631078,500000,+0.1059,0.1800,+0.0,+0.0000,NONE,RUNNING
="2026-08-07 22:29:19",65158,1356152,725073,631078,500000,+0.1059,0.1800,+0.0,+0.0000,NONE,RUNNING
="2026-08-07 22:29:20",65158,1405252,725073,680179,500000,+0.1059,0.1800,+0.0,+0.0000,NONE,RUNNING
="2026-08-07 22:29:21",65158,1127703,725073,402629,500000,+0.1048,0.1800,+0.0,+0.0000,NONE,RUNNING
="2026-08-07 22:29:22",65158,1127703,725073,402629,500000,+0.1053,0.1800,+0.0,+0.0000,NONE,RUNNING
="2026-08-07 22:29:23",65158,1137708,725073,412634,500000,+0.1053,0.1800,+0.0,+0.0000,NONE,RUNNING
="2026-08-07 22:29:24",65159,1127703,725073,402629,500000,+0.1053,0.1800,+0.0,+0.0000,NONE,RUNNING
="2026-08-07 22:29:25",65159,1127703,725073,402629,500000,+0.1053,0.1800,+0.0,+0.0000,NONE,RUNNING
="2026-08-07 22:29:26",65159,1137708,725073,412634,500000,+0.1053,0.1800,+0.0,+0.0000,NONE,RUNNING
="2026-08-07 22:29:27",65159,1137708,725073,412634,500000,+0.1037,0.1800,+0.0,+0.0000,NONE,RUNNING
="2026-08-07 22:29:28",65159,1170190,757556,412634,500000,+0.1037,0.1800,+0.0,+0.0000,NONE,RUNNING
="2026-08-07 22:29:29",65159,1180196,757556,422640,500000,+0.1037,0.1800,+0.0,+0.0000,NONE,RUNNING
="2026-08-07 22:29:30",65159,1170191,757556,412635,500000,+0.1028,0.1800,+0.0,+0.0000,NONE,RUNNING
="2026-08-07 22:29:31",65159,1170191,757556,412635,500000,+0.1035,0.1800,+0.0,+0.0000,NONE,RUNNING
="2026-08-07 22:29:32",65159,1180196,757556,422640,500000,+0.1035,0.1800,+0.0,+0.0000,NONE,RUNNING
="2026-08-07 22:29:33",65159,1180196,757556,422640,500000,+0.1035,0.1800,+0.0,+0.0000,NONE,RUNNING
="2026-08-07 22:29:34",65159,984966,562325,422640,500000,+0.1035,0.1800,+0.0,+0.0000,NONE,RUNNING
="2026-08-07 22:29:35",65159,916003,483357,432645,500000,+0.1035,0.1800,+0.0,+0.0000,NONE,RUNNING
="2026-08-07 22:29:36",65159,905996,483357,422639,500000,+0.1035,0.1800,+0.0,+0.0000,NONE,RUNNING
="2026-08-07 22:29:37",65159,905996,483357,422639,500000,+0.1029,0.1800,+0.0,+0.0000,NONE,RUNNING
="2026-08-07 22:29:38",65159,842565,409921,432644,500000,+0.1043,0.1800,+0.0,+0.0000,NONE,RUNNING
="2026-08-07 22:29:39",65159,832560,409921,422639,500000,+0.1043,0.1800,+0.0,+0.0000,NONE,RUNNING
="2026-08-07 22:29:40",65159,832560,409921,422639,500000,+0.0141,0.1800,+0.0,+0.0000,NONE,RUNNING
="2026-08-07 22:29:41",65159,832560,409921,422639,500000,+0.0151,0.1800,+0.0,+0.0000,NONE,RUNNING
="2026-08-07 22:29:42",65159,832560,409921,422639,500000,+0.0151,0.1800,+0.0,+0.0000,NONE,RUNNING
="2026-08-07 22:29:43",65159,842565,409921,432644,500000,+0.0149,0.1800,+0.0,+0.0000,NONE,RUNNING
="2026-08-07 22:29:44",65159,793066,376837,416229,500000,+0.0152,0.1800,+0.0,+0.0000,NONE,RUNNING
="2026-08-07 22:29:45",65159,642844,226615,416229,500000,+0.0177,0.1800,+0.0,+0.0000,NONE,RUNNING
="2026-08-07 22:29:46",65159,652849,226615,426234,500000,+0.0177,0.1800,+0.0,+0.0000,NONE,RUNNING
="2026-08-07 22:29:47",65159,518059,226615,291444,500000,+0.0182,0.1800,+0.0,+0.0000,NONE,RUNNING
="2026-08-07 22:29:48",65159,379724,88280,291444,500000,+0.0182,0.1800,+0.0,+0.0000,NONE,RUNNING
="2026-08-07 22:29:49",65159,389729,88280,301449,500000,+0.0182,0.1800,+0.0,+0.0000,NONE,RUNNING
="2026-08-07 22:29:50",65159,379724,88280,291444,500000,+0.0182,0.1800,+0.0,+0.0000,NONE,RUNNING
="2026-08-07 22:29:51",65159,379724,88280,291444,500000,-0.0111,0.1800,+0.0,+0.0000,NONE,RUNNING
="2026-08-07 22:29:52",65159,309991,88280,221711,500000,-0.0111,0.1800,+0.0,+0.0000,NONE,RUNNING
="2026-08-07 22:29:53",65159,273055,61349,211706,500000,-0.0108,0.1800,+0.0,+0.0000,NONE,RUNNING
="2026-08-07 22:29:54",65159,273055,61349,211706,500000,-0.0106,0.1800,+0.0,+0.0000,NONE,RUNNING
="2026-08-07 22:29:55",65159,296079,74368,221711,500000,-0.0106,0.1800,+0.0,+0.0000,NONE,RUNNING
="2026-08-07 22:29:56",65159,317776,74368,243407,500000,-0.0104,0.1800,+0.0,+0.0000,NONE,RUNNING
="2026-08-07 22:29:57",65159,317776,74368,243407,500000,-0.0104,0.1800,+0.0,+0.0000,NONE,RUNNING
="2026-08-07 22:29:58",65159,317776,74368,243407,500000,-0.0084,0.1800,+0.0,+0.0000,NONE,RUNNING
="2026-08-07 22:29:59",65162,317776,74368,243407,500000,-0.0084,0.1800,+0.0,+0.0000,NONE,RUNNING
="2026-08-07 22:30:00",65163,317776,74368,243407,500000,-0.0084,0.1800,+0.0,+0.0000,NONE,RUNNING
="2026-08-07 22:30:01",65165,327781,74368,253412,500000,-0.0023,0.1800,+0.0,+0.0000,NONE,RUNNING
="2026-08-07 22:30:02",65163,553073,87487,465586,500000,-0.0023,0.1800,+0.0,+0.0000,NONE,RUNNING
="2026-08-07 22:30:03",65169,591314,115723,475591,500000,-0.0023,0.1800,+0.0,+0.0000,NONE,RUNNING
="2026-08-07 22:30:04",65163,591314,115723,475591,500000,-0.0023,0.1800,+0.0,+0.0000,NONE,RUNNING
="2026-08-07 22:30:05",65163,591314,115723,475591,500000,-0.0011,0.1800,+0.0,+0.0000,NONE,RUNNING
="2026-08-07 22:30:06",65162,632881,147284,485596,500000,-0.0011,0.1800,+0.0,+0.0000,NONE,RUNNING
="2026-08-07 22:30:07",65155,604013,118416,485596,500000,-0.0013,0.1800,+0.0,+0.0000,NONE,RUNNING
="2026-08-07 22:30:08",65154,591486,118416,473069,500000,+0.0032,0.1800,+0.0,+0.0000,NONE,RUNNING
="2026-08-07 22:30:09",65148,601491,118416,483074,500000,+0.0032,0.1800,+0.0,+0.0000,NONE,RUNNING
="2026-08-07 22:30:10",65148,601491,118416,483074,500000,+0.0032,0.1800,+0.0,+0.0000,NONE,RUNNING
="2026-08-07 22:30:11",65146,613209,140139,473069,500000,+0.0032,0.1800,+0.0,+0.0000,NONE,RUNNING
="2026-08-07 22:30:12",65146,623215,140139,483076,500000,+0.0129,0.1800,+0.0,+0.0000,NONE,RUNNING
="2026-08-07 22:30:13",65137,623215,140139,483076,500000,+0.0129,0.1800,+0.0,+0.0000,NONE,RUNNING
="2026-08-07 22:30:14",65137,613210,140139,473071,500000,+0.0180,0.1800,+0.0,+0.0000,NONE,RUNNING
="2026-08-07 22:30:15",65137,623215,140139,483076,500000,+0.0180,0.1800,+0.0,+0.0000,NONE,RUNNING
="2026-08-07 22:30:16",65127,623215,140139,483076,500000,+0.0174,0.1800,+0.0,+0.0000,NONE,RUNNING
="2026-08-07 22:30:17",65127,613210,140139,473071,500000,+0.0246,0.1800,+0.0,+0.0000,NONE,RUNNING
="2026-08-07 22:30:18",65144,649181,140139,509042,500000,+0.0247,0.1800,+0.0,+0.0000,NONE,RUNNING
="2026-08-07 22:30:19",65144,610085,140139,469946,500000,+0.0247,0.1800,+0.0,+0.0000,NONE,RUNNING
="2026-08-07 22:30:20",65144,600080,140139,459941,500000,+0.0242,0.1800,+0.0,+0.0000,NONE,RUNNING
="2026-08-07 22:30:21",65130,651550,154247,497302,500000,+0.0242,0.1800,+0.0,+0.0000,NONE,RUNNING
="2026-08-07 22:30:22",65119,651550,154247,497302,500000,+0.0237,0.1800,+0.0,+0.0000,NONE,RUNNING
="2026-08-07 22:30:23",65118,641545,154247,487297,500000,+0.0246,0.1800,+0.0,+0.0000,NONE,RUNNING
="2026-08-07 22:30:24",65118,651551,154247,497303,500000,+0.0246,0.1800,+0.0,+0.0000,NONE,RUNNING
="2026-08-07 22:30:25",65118,641546,154247,487298,500000,+0.0246,0.1800,+0.0,+0.0000,NONE,RUNNING
="2026-08-07 22:30:26",65118,641546,154247,487298,500000,+0.0246,0.1800,+0.0,+0.0000,NONE,RUNNING
="2026-08-07 22:30:27",65116,651552,154247,497304,500000,+0.0246,0.1800,+0.0,+0.0000,NONE,RUNNING
="2026-08-07 22:30:28",65116,609064,121765,487298,500000,+0.0246,0.1800,+0.0,+0.0000,NONE,RUNNING
="2026-08-07 22:30:29",65116,609064,121765,487298,500000,+0.0246,0.1800,+0.0,+0.0000,NONE,RUNNING
="2026-08-07 22:30:30",65116,619070,121765,497304,500000,+0.0240,0.1800,+0.0,+0.0000,NONE,RUNNING
="2026-08-07 22:30:31",65106,668115,160796,507319,500000,+0.0233,0.1800,+0.0,+0.0000,NONE,RUNNING
="2026-08-07 22:30:32",65106,678121,160796,517324,500000,+0.0249,0.1800,+0.0,+0.0000,NONE,RUNNING
="2026-08-07 22:30:33",65106,678121,160796,517324,500000,+0.0249,0.1800,+0.0,+0.0000,NONE,RUNNING
="2026-08-07 22:30:34",65106,668115,160796,507319,500000,+0.0249,0.1800,+0.0,+0.0000,NONE,RUNNING
="2026-08-07 22:30:35",65106,668115,160796,507319,500000,+0.0254,0.1800,+0.0,+0.0000,NONE,RUNNING
="2026-08-07 22:30:36",65115,678121,160796,517324,500000,+0.0254,0.1800,+0.0,+0.0000,NONE,RUNNING
="2026-08-07 22:30:37",65118,668116,160796,507319,500000,+0.0240,0.1800,+0.0,+0.0000,NONE,RUNNING
="2026-08-07 22:30:38",65118,678121,160796,517325,500000,+0.0237,0.1800,+0.0,+0.0000,NONE,RUNNING
="2026-08-07 22:31:38",65195,602795,142868,459927,500000,+0.0068,0.1800,+0.0,+0.0000,NONE,RUNNING
="2026-08-07 22:32:39",65230,879894,230555,649339,500000,-0.0046,0.1800,+0.0,+0.0000,NONE,RUNNING
="2026-08-07 22:33:39",65271,1276629,451568,825061,500000,+0.0457,0.1800,+0.0,+0.0000,NONE,RUNNING
="2026-08-07 22:34:39",65301,866808,165041,701766,500000,+0.0460,0.1800,+0.0,+0.0000,NONE,RUNNING
="2026-08-07 22:35:39",65270,868298,503809,364488,500000,+0.0108,0.1800,+0.0,+0.0000,NONE,RUNNING
="2026-08-07 22:36:39",65222,620579,202884,417695,500000,+0.0155,0.1800,+0.0,+0.0000,NONE,RUNNING
="2026-08-07 22:37:39",65199,970199,263214,706985,500000,+0.0125,0.1800,+0.0,+0.0000,NONE,RUNNING
="2026-08-07 22:38:39",65158,602423,215069,387354,500000,+0.0064,0.1800,+0.0,+0.0000,NONE,RUNNING
="2026-08-07 22:39:39",65296,1233061,241924,991137,500000,+0.0103,0.1800,+0.0,+0.0000,NONE,RUNNING
="2026-08-07 22:40:39",65278,1605507,1047146,558361,500000,+0.0146,0.1800,+0.0,+0.0000,NONE,RUNNING
="2026-08-07 22:41:39",65256,700467,234974,465493,500000,+0.0144,0.1800,+0.0,+0.0000,NONE,RUNNING
="2026-08-07 22:42:39",65204,1399635,727295,672340,500000,+0.0166,0.1800,+0.0,+0.0000,NONE,RUNNING
="2026-08-07 22:43:39",65270,906255,358598,547656,500000,+0.0697,0.1800,+0.0,+0.0000,NONE,RUNNING
="2026-08-07 22:44:01",65293,890332,343841,546490,500000,+0.0908,0.1800,+0.0,+0.0000,NONE,RUNNING
="2026-08-07 22:44:02",65293,900337,343841,556495,500000,+0.0908,0.1800,+0.0,+0.0000,NONE,RUNNING
="2026-08-07 22:44:03",65293,890315,343841,546473,500000,+0.0911,0.1800,+0.0,+0.0000,NONE,RUNNING
="2026-08-07 22:44:04",65295,856775,343841,512934,500000,+0.0911,0.1800,+0.0,+0.0000,NONE,RUNNING
="2026-08-07 22:44:05",65296,866780,343841,522939,500000,+0.0913,0.1800,+0.0,+0.0000,NONE,RUNNING
="2026-08-07 22:44:06",65301,866780,343841,522939,500000,+0.0913,0.1800,+0.0,+0.0000,NONE,RUNNING
="2026-08-07 22:44:07",65301,914424,343841,570583,500000,+0.0942,0.1800,+0.0,+0.0000,NONE,RUNNING
="2026-08-07 22:44:08",65307,914424,343841,570583,500000,+0.0942,0.1800,+0.0,+0.0000,NONE,RUNNING
="2026-08-07 22:44:09",65314,904419,343841,560578,500000,+0.0905,0.1800,+0.0,+0.0000,NONE,RUNNING
="2026-08-07 22:44:10",65317,904419,343841,560578,500000,+0.0905,0.1800,+0.0,+0.0000,NONE,RUNNING
="2026-08-07 22:44:11",65319,888669,328092,560577,500000,+0.0978,0.1800,+0.0,+0.0000,NONE,RUNNING
="2026-08-07 22:44:12",65319,870519,328092,542426,500000,+0.0978,0.1800,+0.0,+0.0000,NONE,RUNNING
="2026-08-07 22:44:13",65321,870519,328092,542426,500000,+0.1064,0.1800,+0.0,+0.0000,NONE,RUNNING
="2026-08-07 22:44:14",65319,850267,328092,522174,500000,+0.1064,0.1800,+0.0,+0.0000,NONE,RUNNING
="2026-08-07 22:44:15",65319,850267,328092,522174,500000,+0.1044,0.1800,+0.0,+0.0000,NONE,RUNNING
="2026-08-07 22:44:16",65319,829200,328092,501107,500000,+0.1062,0.1800,+0.0,+0.0000,NONE,RUNNING
="2026-08-07 22:44:17",65308,750848,328092,422755,500000,+0.1062,0.1800,+0.0,+0.0000,NONE,RUNNING
="2026-08-07 22:44:18",65308,750848,328092,422755,500000,+0.0939,0.1800,+0.0,+0.0000,NONE,RUNNING
="2026-08-07 22:44:19",65308,612980,328092,284887,500000,+0.0858,0.1800,+0.0,+0.0000,NONE,RUNNING
="2026-08-07 22:44:20",65309,601566,328092,273474,500000,+0.0858,0.1800,+0.0,+0.0000,NONE,RUNNING
="2026-08-07 22:44:21",65309,601566,328092,273474,500000,+0.0858,0.1800,+0.0,+0.0000,NONE,RUNNING
="2026-08-07 22:44:22",65309,731943,448463,283479,500000,+0.0848,0.1800,+0.0,+0.0000,NONE,RUNNING
="2026-08-07 22:44:23",65298,721937,448463,273473,500000,+0.0848,0.1800,+0.0,+0.0000,NONE,RUNNING
="2026-08-07 22:44:24",65289,721937,448463,273473,500000,+0.0706,0.1800,+0.0,+0.0000,NONE,RUNNING
="2026-08-07 22:44:25",65289,731942,448463,283479,500000,+0.0699,0.1800,+0.0,+0.0000,NONE,RUNNING
="2026-08-07 22:44:26",65289,571551,298078,273473,500000,+0.0699,0.1800,+0.0,+0.0000,NONE,RUNNING
="2026-08-07 22:44:27",65282,571551,298078,273473,500000,+0.0699,0.1800,+0.0,+0.0000,NONE,RUNNING
="2026-08-07 22:44:28",65274,581557,298078,283479,500000,+0.0699,0.1800,+0.0,+0.0000,NONE,RUNNING
="2026-08-07 22:44:29",65271,571552,298078,273473,500000,+0.0700,0.1800,+0.0,+0.0000,NONE,RUNNING
="2026-08-07 22:44:30",65271,571552,298078,273473,500000,+0.0700,0.1800,+0.0,+0.0000,NONE,RUNNING
="2026-08-07 22:44:31",65294,593415,233472,359942,500000,+0.0601,0.1800,+0.0,+0.0000,NONE,RUNNING
="2026-08-07 22:44:32",65300,600322,183905,416416,500000,+0.0586,0.1800,+0.0,+0.0000,NONE,RUNNING
="2026-08-07 22:44:33",65298,600322,183905,416416,500000,+0.0435,0.1800,+0.0,+0.0000,NONE,RUNNING
="2026-08-07 22:44:34",65298,610327,183905,426421,500000,+0.0435,0.1800,+0.0,+0.0000,NONE,RUNNING
="2026-08-07 22:44:35",65298,600322,183905,416416,500000,+0.0435,0.1800,+0.0,+0.0000,NONE,RUNNING
="2026-08-07 22:44:36",65298,600322,183905,416416,500000,+0.0435,0.1800,+0.0,+0.0000,NONE,RUNNING
="2026-08-07 22:44:37",65298,563095,136672,426422,500000,+0.0440,0.1800,+0.0,+0.0000,NONE,RUNNING
="2026-08-07 22:44:38",65297,553089,136672,416416,500000,+0.0440,0.1800,+0.0,+0.0000,NONE,RUNNING
="2026-08-07 22:44:39",65290,553089,136672,416416,500000,+0.0423,0.1800,+0.0,+0.0000,NONE,RUNNING
="2026-08-07 22:44:40",65290,563095,136672,426422,500000,+0.0423,0.1800,+0.0,+0.0000,NONE,RUNNING
="2026-08-07 22:44:41",65290,536787,120371,416416,500000,+0.0427,0.1800,+0.0,+0.0000,NONE,RUNNING
="2026-08-07 22:44:42",65290,536787,120371,416416,500000,+0.0427,0.1800,+0.0,+0.0000,NONE,RUNNING
="2026-08-07 22:44:43",65290,546793,120371,426422,500000,+0.0427,0.1800,+0.0,+0.0000,NONE,RUNNING
="2026-08-07 22:44:44",65285,536787,120371,416416,500000,+0.0428,0.1800,+0.0,+0.0000,NONE,RUNNING
="2026-08-07 22:44:45",65284,536787,120371,416416,500000,+0.0432,0.1800,+0.0,+0.0000,NONE,RUNNING
="2026-08-07 22:44:46",65284,548267,120371,427896,500000,+0.0432,0.1800,+0.0,+0.0000,NONE,RUNNING
="2026-08-07 22:44:47",65286,538261,120371,417890,500000,+0.0417,0.1800,+0.0,+0.0000,NONE,RUNNING
="2026-08-07 22:44:48",65288,538261,120371,417890,500000,+0.0417,0.1800,+0.0,+0.0000,NONE,RUNNING
="2026-08-07 22:44:49",65288,538261,120371,417890,500000,+0.0417,0.1800,+0.0,+0.0000,NONE,RUNNING
="2026-08-07 22:44:50",65296,538262,120371,417890,500000,+0.0518,0.1800,+0.0,+0.0000,NONE,RUNNING
="2026-08-07 22:44:51",65297,521536,120371,401165,500000,+0.0518,0.1800,+0.0,+0.0000,NONE,RUNNING
="2026-08-07 22:44:52",65297,511530,120371,391159,500000,+0.0518,0.1800,+0.0,+0.0000,NONE,RUNNING
="2026-08-07 22:44:53",65309,517530,120371,397159,500000,+0.0518,0.1800,+0.0,+0.0000,NONE,RUNNING
="2026-08-07 22:44:54",65309,517530,120371,397159,500000,+0.0518,0.1800,+0.0,+0.0000,NONE,RUNNING
="2026-08-07 22:44:55",65309,545482,120371,425111,500000,+0.0525,0.1800,+0.0,+0.0000,NONE,RUNNING
="2026-08-07 22:44:56",65313,545482,120371,425111,500000,+0.0534,0.1800,+0.0,+0.0000,NONE,RUNNING
="2026-08-07 22:44:57",65313,703062,181879,521182,500000,+0.0534,0.1800,+0.0,+0.0000,NONE,RUNNING
="2026-08-07 22:44:58",65308,713066,181879,531187,500000,+0.0335,0.1800,+0.0,+0.0000,NONE,RUNNING
="2026-08-07 22:44:59",65308,713066,181879,531187,500000,+0.0524,0.1800,+0.0,+0.0000,NONE,RUNNING
="2026-08-07 22:45:00",65308,713066,181879,531187,500000,+0.0524,0.1800,+0.0,+0.0000,NONE,RUNNING
="2026-08-07 22:45:01",65302,769659,181879,587780,500000,+0.0516,0.1800,+0.0,+0.0000,NONE,RUNNING
="2026-08-07 22:45:02",65308,769659,181879,587780,500000,+0.0516,0.1800,+0.0,+0.0000,NONE,RUNNING
="2026-08-07 22:45:03",65308,769659,181879,587780,500000,+0.0514,0.1800,+0.0,+0.0000,NONE,RUNNING
="2026-08-07 22:45:04",65308,769660,181879,587780,500000,+0.0514,0.1800,+0.0,+0.0000,NONE,RUNNING
="2026-08-07 22:45:05",65305,802739,181879,620859,500000,+0.0532,0.1800,+0.0,+0.0000,NONE,RUNNING
="2026-08-07 22:45:06",65305,802739,181879,620859,500000,+0.0532,0.1800,+0.0,+0.0000,NONE,RUNNING
="2026-08-07 22:45:07",65305,755094,181879,573215,500000,+0.0452,0.1800,+0.0,+0.0000,NONE,RUNNING
="2026-08-07 22:45:08",65315,1389710,816495,573215,500000,+0.0452,0.1800,+0.0,+0.0000,NONE,RUNNING
="2026-08-07 22:45:09",65314,1389710,816495,573215,500000,+0.0452,0.1800,+0.0,+0.0000,NONE,RUNNING
="2026-08-07 22:45:10",65316,1379705,816495,563210,500000,+0.0379,0.1800,+0.0,+0.0000,NONE,RUNNING
="2026-08-07 22:45:11",65315,1379705,816495,563210,500000,+0.0473,0.1800,+0.0,+0.0000,NONE,RUNNING
="2026-08-07 22:45:12",65315,1379705,816495,563210,500000,+0.0473,0.1800,+0.0,+0.0000,NONE,RUNNING
="2026-08-07 22:45:13",65315,1369700,816495,553204,500000,+0.0386,0.1800,+0.0,+0.0000,NONE,RUNNING
="2026-08-07 22:45:14",65315,1369700,816495,553204,500000,+0.0387,0.1800,+0.0,+0.0000,NONE,RUNNING
="2026-08-07 22:45:15",65315,1369700,816495,553204,500000,+0.0387,0.1800,+0.0,+0.0000,NONE,RUNNING
="2026-08-07 22:45:16",65321,1359694,816495,543198,500000,+0.0369,0.1800,+0.0,+0.0000,NONE,RUNNING
="2026-08-07 22:45:17",65321,1359694,816495,543198,500000,+0.0375,0.1800,+0.0,+0.0000,NONE,RUNNING
="2026-08-07 22:45:18",65321,1401473,816495,584977,500000,+0.0375,0.1800,+0.0,+0.0000,NONE,RUNNING
="2026-08-07 22:46:19",65190,502773,356458,146315,500000,+0.0387,0.1800,+0.0,+0.0000,NONE,RUNNING
="2026-08-07 22:47:19",65162,414702,176738,237963,500000,-0.0092,0.1800,+0.0,+0.0000,NONE,RUNNING
="2026-08-07 22:48:19",65120,963943,367863,596079,500000,-0.0343,0.1800,+0.0,+0.0000,NONE,RUNNING
="2026-08-07 22:49:16",65135,1221696,527278,694417,500000,+0.1010,0.1800,+0.0,+0.0000,NONE,RUNNING
="2026-08-07 22:49:17",65135,1174527,470104,704422,500000,+0.1010,0.1800,+0.0,+0.0000,NONE,RUNNING
="2026-08-07 22:49:18",65114,1164522,470104,694417,500000,+0.1027,0.1800,+0.0,+0.0000,NONE,RUNNING
="2026-08-07 22:49:19",65114,1174527,480109,694417,500000,+0.1253,0.1800,+0.0,+0.0000,NONE,RUNNING
="2026-08-07 22:49:20",65117,1174527,480109,694417,500000,+0.1253,0.1800,+0.0,+0.0000,NONE,RUNNING
="2026-08-07 22:49:21",65121,1109386,414969,694417,500000,+0.1253,0.1800,+0.0,+0.0000,NONE,RUNNING
="2026-08-07 22:49:22",65122,1109386,424974,684411,500000,+0.1110,0.1800,+0.0,+0.0000,NONE,RUNNING
="2026-08-07 22:49:23",65135,1125572,441160,684411,500000,+0.1152,0.1800,+0.0,+0.0000,NONE,RUNNING
="2026-08-07 22:49:24",65135,1101548,427142,674406,500000,+0.1113,0.1800,+0.0,+0.0000,NONE,RUNNING
="2026-08-07 22:49:25",65147,1111554,437148,674406,500000,+0.1113,0.1800,+0.0,+0.0000,NONE,RUNNING
="2026-08-07 22:49:26",65148,1131563,447152,684410,500000,+0.1105,0.1800,+0.0,+0.0000,NONE,RUNNING
="2026-08-07 22:49:27",65153,1088612,414206,674405,500000,+0.1101,0.1800,+0.0,+0.0000,NONE,RUNNING
="2026-08-07 22:49:28",65153,1088612,414206,674405,500000,+0.1101,0.1800,+0.0,+0.0000,NONE,RUNNING
="2026-08-07 22:49:29",65147,1021525,424210,597314,500000,+0.1105,0.1800,+0.0,+0.0000,NONE,RUNNING
="2026-08-07 22:49:30",65140,1021525,434215,587309,500000,+0.1111,0.1800,+0.0,+0.0000,NONE,RUNNING
="2026-08-07 22:49:31",65138,1031530,444220,587309,500000,+0.1111,0.1800,+0.0,+0.0000,NONE,RUNNING
="2026-08-07 22:49:32",65145,1118946,521633,597313,500000,+0.1083,0.1800,+0.0,+0.0000,NONE,RUNNING
="2026-08-07 22:49:33",65139,1108942,521633,587309,500000,+0.1083,0.1800,+0.0,+0.0000,NONE,RUNNING
="2026-08-07 22:49:34",65137,1118947,531638,587309,500000,+0.1083,0.1800,+0.0,+0.0000,NONE,RUNNING
="2026-08-07 22:49:35",65142,1128924,541642,587281,500000,+0.1083,0.1800,+0.0,+0.0000,NONE,RUNNING
="2026-08-07 22:49:36",65142,1118919,541642,577276,500000,+0.1083,0.1800,+0.0,+0.0000,NONE,RUNNING
="2026-08-07 22:49:37",65142,1108914,531637,577276,500000,+0.0929,0.1800,+0.0,+0.0000,NONE,RUNNING
="2026-08-07 22:49:38",65173,1220996,521634,699361,500000,+0.0977,0.1800,+0.0,+0.0000,NONE,RUNNING
="2026-08-07 22:49:39",65185,1209762,521634,688128,500000,+0.0977,0.1800,+0.0,+0.0000,NONE,RUNNING
="2026-08-07 22:49:40",65202,1209762,521634,688128,500000,+0.0800,0.1800,+0.0,+0.0000,NONE,RUNNING
="2026-08-07 22:49:41",65198,1209762,521634,688128,500000,+0.0783,0.1800,+0.0,+0.0000,NONE,RUNNING
="2026-08-07 22:49:42",65199,1200764,511628,689135,500000,+0.0783,0.1800,+0.0,+0.0000,NONE,RUNNING
="2026-08-07 22:49:43",65215,1243598,501623,741974,500000,+0.0794,0.1800,+0.0,+0.0000,NONE,RUNNING
="2026-08-07 22:49:44",65216,1330121,501623,828498,500000,+0.0794,0.1800,+0.0,+0.0000,NONE,RUNNING
="2026-08-07 22:49:45",65223,1320118,501624,818493,500000,+0.0579,0.1800,+0.0,+0.0000,NONE,RUNNING
="2026-08-07 22:49:46",65216,1398443,579950,818493,500000,+0.0579,0.1800,+0.0,+0.0000,NONE,RUNNING
="2026-08-07 22:49:47",65223,1408449,579950,828499,500000,+0.0244,0.1800,+0.0,+0.0000,NONE,RUNNING
="2026-08-07 22:49:48",65219,1360274,579949,780325,500000,+0.0245,0.1800,+0.0,+0.0000,NONE,RUNNING
="2026-08-07 22:49:49",65216,1360274,579949,780325,500000,+0.0245,0.1800,+0.0,+0.0000,NONE,RUNNING
="2026-08-07 22:49:50",65216,1380284,589954,790329,500000,+0.0245,0.1800,+0.0,+0.0000,NONE,RUNNING
="2026-08-07 22:49:51",65216,1330476,579948,750528,500000,+0.0122,0.1800,+0.0,+0.0000,NONE,RUNNING
="2026-08-07 22:49:52",65216,1350487,589954,760533,500000,+0.0122,0.1800,+0.0,+0.0000,NONE,RUNNING
="2026-08-07 22:49:53",65216,1340482,589954,750528,500000,+0.0132,0.1800,+0.0,+0.0000,NONE,RUNNING
="2026-08-07 22:49:54",65213,1357146,579948,777197,500000,+0.0132,0.1800,+0.0,+0.0000,NONE,RUNNING
="2026-08-07 22:49:55",65216,1377153,589952,787201,500000,+0.0132,0.1800,+0.0,+0.0000,NONE,RUNNING
="2026-08-07 22:49:56",65216,1367149,589952,777196,500000,+0.0118,0.1800,+0.0,+0.0000,NONE,RUNNING
="2026-08-07 22:49:57",65221,1403146,534676,868470,500000,+0.0118,0.1800,+0.0,+0.0000,NONE,RUNNING
="2026-08-07 22:49:58",65223,1446360,524673,921687,500000,+0.0148,0.1800,+0.0,+0.0000,NONE,RUNNING
="2026-08-07 22:49:59",65223,1446360,534678,911682,500000,+0.0148,0.1800,+0.0,+0.0000,NONE,RUNNING
="2026-08-07 22:50:00",65223,1436356,524674,911682,500000,+0.0148,0.1800,+0.0,+0.0000,NONE,RUNNING
="2026-08-07 22:50:01",65214,1446361,524674,921687,500000,+0.0131,0.1800,+0.0,+0.0000,NONE,RUNNING
="2026-08-07 22:50:02",65204,1416346,504664,911682,500000,+0.0106,0.1800,+0.0,+0.0000,NONE,RUNNING
="2026-08-07 22:50:03",65200,1416346,504664,911682,500000,+0.0106,0.1800,+0.0,+0.0000,NONE,RUNNING
="2026-08-07 22:50:04",65192,1431920,510233,921686,500000,+0.0082,0.1800,+0.0,+0.0000,NONE,RUNNING
="2026-08-07 22:50:05",65195,1702635,780948,921686,500000,+0.0079,0.1800,+0.0,+0.0000,NONE,RUNNING
="2026-08-07 22:50:06",65189,1712640,790953,921686,500000,+0.0079,0.1800,+0.0,+0.0000,NONE,RUNNING
="2026-08-07 22:50:07",65193,1790964,859273,931690,500000,+0.0080,0.1800,+0.0,+0.0000,NONE,RUNNING
="2026-08-07 22:50:08",65190,1780960,859273,921687,500000,+0.0080,0.1800,+0.0,+0.0000,NONE,RUNNING
="2026-08-07 22:50:09",65190,1984124,1062437,921687,500000,+0.0079,0.1800,+0.0,+0.0000,NONE,RUNNING
="2026-08-07 22:50:10",65190,1994127,1062436,931691,500000,+0.0079,0.1800,+0.0,+0.0000,NONE,RUNNING
="2026-08-07 22:50:11",65190,1837529,1062436,775093,500000,+0.0082,0.1800,+0.0,+0.0000,NONE,RUNNING
="2026-08-07 22:50:13",65189,1608483,1009838,598644,500000,+0.0082,0.1800,+0.0,+0.0000,NONE,RUNNING
="2026-08-07 22:50:14",65189,1653328,999833,653495,500000,+0.0095,0.1800,+0.0,+0.0000,NONE,RUNNING
="2026-08-07 22:50:15",65217,1726961,999833,727127,500000,+0.0096,0.1800,+0.0,+0.0000,NONE,RUNNING
="2026-08-07 22:50:16",65217,1737911,1010783,727127,500000,+0.0096,0.1800,+0.0,+0.0000,NONE,RUNNING
="2026-08-07 22:50:17",65226,1747916,1020788,727127,500000,-0.0099,0.1800,+0.0,+0.0000,NONE,RUNNING
="2026-08-07 22:50:18",65236,1782924,1030794,752129,500000,-0.0099,0.1800,+0.0,+0.0000,NONE,RUNNING
="2026-08-07 22:50:19",65236,1772919,1020790,752129,500000,+0.0087,0.1800,+0.0,+0.0000,NONE,RUNNING
="2026-08-07 22:50:20",65236,1782924,1020790,762134,500000,+0.0087,0.1800,+0.0,+0.0000,NONE,RUNNING
="2026-08-07 22:50:21",65236,1782924,1020790,762134,500000,-0.0139,0.1800,+0.0,+0.0000,NONE,RUNNING
="2026-08-07 22:50:22",65239,1772918,1010784,762134,500000,-0.0139,0.1800,+0.0,+0.0000,NONE,RUNNING
="2026-08-07 22:50:23",65239,1766738,994599,772139,500000,-0.0181,0.1800,+0.0,+0.0000,NONE,RUNNING
="2026-08-07 22:50:24",65239,1776743,1004604,772139,500000,-0.0181,0.1800,+0.0,+0.0000,NONE,RUNNING
="2026-08-07 22:50:25",65246,1766737,994598,772139,500000,-0.0105,0.1800,+0.0,+0.0000,NONE,RUNNING
="2026-08-07 22:50:26",65243,1916949,1070892,846057,500000,-0.0098,0.1800,+0.0,+0.0000,NONE,RUNNING
="2026-08-07 22:50:27",65234,1906942,1070889,836053,500000,-0.0098,0.1800,+0.0,+0.0000,NONE,RUNNING
="2026-08-07 22:50:28",65246,2057291,1070889,986401,500000,-0.0099,0.1800,+0.0,+0.0000,NONE,RUNNING
="2026-08-07 22:50:29",65246,2057290,1060884,996406,500000,-0.0099,0.1800,+0.0,+0.0000,NONE,RUNNING
="2026-08-07 22:50:30",65246,2047286,1060884,986401,500000,-0.0102,0.1800,+0.0,+0.0000,NONE,RUNNING
="2026-08-07 22:50:31",65240,2047285,1060883,986401,500000,-0.0083,0.1800,+0.0,+0.0000,NONE,RUNNING
="2026-08-07 22:50:32",65240,2047284,1050878,996405,500000,-0.0083,0.1800,+0.0,+0.0000,NONE,RUNNING
="2026-08-07 22:50:33",65240,1969871,983469,986401,500000,+0.0026,0.1800,+0.0,+0.0000,NONE,RUNNING
="2026-08-07 22:50:34",65240,2025105,973464,1051641,500000,+0.0026,0.1800,+0.0,+0.0000,NONE,RUNNING
="2026-08-07 22:50:35",65240,2049485,973465,1076020,500000,+0.0026,0.1800,+0.0,+0.0000,NONE,RUNNING
="2026-08-07 22:50:36",65244,2059488,983468,1076020,500000,+0.0026,0.1800,+0.0,+0.0000,NONE,RUNNING
="2026-08-07 22:50:37",65244,2069493,993473,1076020,500000,+0.0277,0.1800,+0.0,+0.0000,NONE,RUNNING
="2026-08-07 22:50:38",65247,2005401,993473,1011928,500000,+0.0229,0.1800,+0.0,+0.0000,NONE,RUNNING
="2026-08-07 22:50:39",65247,1957413,993473,963939,500000,+0.0229,0.1800,+0.0,+0.0000,NONE,RUNNING
="2026-08-07 22:51:15",65259,1153694,495634,658060,500000,+0.0936,0.1800,+0.0,+0.0000,NONE,RUNNING
="2026-08-07 22:51:16",65259,1153693,495633,658060,500000,+0.0936,0.1800,+0.0,+0.0000,NONE,RUNNING
="2026-08-07 22:51:17",65254,1128689,505635,623053,500000,+0.0936,0.1800,+0.0,+0.0000,NONE,RUNNING
="2026-08-07 22:51:18",65254,1128689,505635,623053,500000,+0.0754,0.1800,+0.0,+0.0000,NONE,RUNNING
="2026-08-07 22:51:19",65236,1194820,535258,659561,500000,+0.0754,0.1800,+0.0,+0.0000,NONE,RUNNING
="2026-08-07 22:51:20",65249,1194820,535258,659561,500000,+0.0754,0.1800,+0.0,+0.0000,NONE,RUNNING
="2026-08-07 22:51:21",65250,1321008,661447,659561,500000,+0.0754,0.1800,+0.0,+0.0000,NONE,RUNNING
="2026-08-07 22:51:22",65234,1349061,699504,649556,500000,+0.0754,0.1800,+0.0,+0.0000,NONE,RUNNING
="2026-08-07 22:51:23",65217,1339056,689499,649556,500000,+0.0754,0.1800,+0.0,+0.0000,NONE,RUNNING
="2026-08-07 22:51:24",65208,1349061,699505,649556,500000,+0.0678,0.1800,+0.0,+0.0000,NONE,RUNNING
="2026-08-07 22:51:26",65215,1225476,649837,575638,500000,+0.0642,0.1800,+0.0,+0.0000,NONE,RUNNING
="2026-08-07 22:51:27",65206,1198850,623212,575638,500000,+0.0642,0.1800,+0.0,+0.0000,NONE,RUNNING
="2026-08-07 22:51:28",65206,1048501,623212,425289,500000,+0.0643,0.1800,+0.0,+0.0000,NONE,RUNNING
="2026-08-07 22:51:29",65206,1051538,623212,428326,500000,+0.0709,0.1800,+0.0,+0.0000,NONE,RUNNING
="2026-08-07 22:51:30",65176,1303250,874923,428326,500000,+0.0709,0.1800,+0.0,+0.0000,NONE,RUNNING
="2026-08-07 22:51:31",65164,1327999,899673,428326,500000,+0.0690,0.1800,+0.0,+0.0000,NONE,RUNNING
="2026-08-07 22:51:32",65160,1317995,899673,418322,500000,+0.0690,0.1800,+0.0,+0.0000,NONE,RUNNING
="2026-08-07 22:51:33",65158,1317996,899674,418322,500000,+0.0609,0.1800,+0.0,+0.0000,NONE,RUNNING
="2026-08-07 22:51:34",65156,1252756,899674,353082,500000,+0.0609,0.1800,+0.0,+0.0000,NONE,RUNNING
="2026-08-07 22:51:35",65156,1218373,899674,318699,500000,+0.0647,0.1800,+0.0,+0.0000,NONE,RUNNING
="2026-08-07 22:51:36",65157,1208369,889670,318699,500000,+0.0647,0.1800,+0.0,+0.0000,NONE,RUNNING
="2026-08-07 22:51:37",65169,1198364,879665,318699,500000,+0.0396,0.1800,+0.0,+0.0000,NONE,RUNNING
="2026-08-07 22:51:38",65164,1188359,879665,308694,500000,+0.0396,0.1800,+0.0,+0.0000,NONE,RUNNING
="2026-08-07 22:51:39",65179,1329972,899675,430297,500000,+0.0396,0.1800,+0.0,+0.0000,NONE,RUNNING
="2026-08-07 22:51:40",65179,1339977,909679,430297,500000,+0.0397,0.1800,+0.0,+0.0000,NONE,RUNNING
="2026-08-07 22:51:41",65160,1309961,889668,420292,500000,+0.0376,0.1800,+0.0,+0.0000,NONE,RUNNING
="2026-08-07 22:51:42",65146,1379660,959368,420292,500000,+0.0376,0.1800,+0.0,+0.0000,NONE,RUNNING
="2026-08-07 22:51:43",65140,1387300,967007,420292,500000,+0.0376,0.1800,+0.0,+0.0000,NONE,RUNNING
="2026-08-07 22:51:44",65142,1367290,957003,410287,500000,+0.0387,0.1800,+0.0,+0.0000,NONE,RUNNING
="2026-08-07 22:51:45",65139,1405702,995415,410287,500000,+0.0397,0.1800,+0.0,+0.0000,NONE,RUNNING
="2026-08-07 22:51:46",65138,1415706,1005419,410287,500000,+0.0397,0.1800,+0.0,+0.0000,NONE,RUNNING
="2026-08-07 22:51:47",65135,1395697,995414,400282,500000,+0.0367,0.1800,+0.0,+0.0000,NONE,RUNNING
="2026-08-07 22:51:48",65135,1405702,1005419,400282,500000,+0.0211,0.1800,+0.0,+0.0000,NONE,RUNNING
="2026-08-07 22:51:49",65135,1385691,995413,390277,500000,+0.0211,0.1800,+0.0,+0.0000,NONE,RUNNING
="2026-08-07 22:51:50",65134,1410893,1020615,390277,500000,+0.0211,0.1800,+0.0,+0.0000,NONE,RUNNING
="2026-08-07 22:51:51",65142,1384691,1010610,374080,500000,+0.0195,0.1800,+0.0,+0.0000,NONE,RUNNING
="2026-08-07 22:51:52",65138,1377926,1023371,354554,500000,+0.0195,0.1800,+0.0,+0.0000,NONE,RUNNING
="2026-08-07 22:51:53",65138,1278881,1033377,245503,500000,+0.0195,0.1800,+0.0,+0.0000,NONE,RUNNING
="2026-08-07 22:51:54",65137,1288886,1043383,245503,500000,+0.0195,0.1800,+0.0,+0.0000,NONE,RUNNING
="2026-08-07 22:51:55",65137,1278881,1043383,235498,500000,+0.0218,0.1800,+0.0,+0.0000,NONE,RUNNING
="2026-08-07 22:51:56",65142,1268877,1033379,235498,500000,+0.0168,0.1800,+0.0,+0.0000,NONE,RUNNING
="2026-08-07 22:51:57",65142,1272669,1037171,235498,500000,+0.0168,0.1800,+0.0,+0.0000,NONE,RUNNING
="2026-08-07 22:51:58",65142,1262664,1027165,235498,500000,+0.0168,0.1800,+0.0,+0.0000,NONE,RUNNING
="2026-08-07 22:51:59",65148,1262664,1027165,235498,500000,+0.0168,0.1800,+0.0,+0.0000,NONE,RUNNING
="2026-08-07 22:52:00",65149,1282673,1047174,235498,500000,+0.0168,0.1800,+0.0,+0.0000,NONE,RUNNING
="2026-08-07 22:52:01",65154,1262662,1037168,225494,500000,+0.0148,0.1800,+0.0,+0.0000,NONE,RUNNING
="2026-08-07 22:52:02",65157,1272666,1037168,235498,500000,+0.0135,0.1800,+0.0,+0.0000,NONE,RUNNING
="2026-08-07 22:52:03",65144,1262660,1027162,235498,500000,+0.0135,0.1800,+0.0,+0.0000,NONE,RUNNING
="2026-08-07 22:52:04",65144,1218323,1017156,201166,500000,+0.0108,0.1800,+0.0,+0.0000,NONE,RUNNING
="2026-08-07 22:52:05",65154,1238333,1027162,211171,500000,+0.0108,0.1800,+0.0,+0.0000,NONE,RUNNING
="2026-08-07 22:52:06",65154,1212415,1001244,211171,500000,+0.0134,0.1800,+0.0,+0.0000,NONE,RUNNING
="2026-08-07 22:52:07",65145,1212414,1001244,211169,500000,+0.0140,0.1800,+0.0,+0.0000,NONE,RUNNING
="2026-08-07 22:52:08",65145,1183947,972777,211169,500000,+0.0140,0.1800,+0.0,+0.0000,NONE,RUNNING
="2026-08-07 22:52:09",65145,1173943,962773,211169,500000,+0.0140,0.1800,+0.0,+0.0000,NONE,RUNNING
="2026-08-07 22:52:10",65145,1487170,972777,514393,500000,+0.0122,0.1800,+0.0,+0.0000,NONE,RUNNING
="2026-08-07 22:52:11",65153,1432369,917976,514393,500000,+0.0172,0.1800,+0.0,+0.0000,NONE,RUNNING
="2026-08-07 22:52:12",65153,1442374,927981,514393,500000,+0.0172,0.1800,+0.0,+0.0000,NONE,RUNNING
="2026-08-07 22:52:13",65159,1442374,927981,514393,500000,+0.0172,0.1800,+0.0,+0.0000,NONE,RUNNING
="2026-08-07 22:52:14",65159,1442375,927981,514393,500000,+0.0106,0.1800,+0.0,+0.0000,NONE,RUNNING
="2026-08-07 22:52:15",65144,1452378,937984,514393,500000,+0.0106,0.1800,+0.0,+0.0000,NONE,RUNNING
="2026-08-07 22:52:16",65140,1452379,927980,524398,500000,-0.0038,0.1800,+0.0,+0.0000,NONE,RUNNING
="2026-08-07 22:52:17",65140,1452377,927979,524398,500000,+0.0016,0.1800,+0.0,+0.0000,NONE,RUNNING
="2026-08-07 22:53:17",65156,4240504,1103909,3136595,500000,+0.0590,0.1800,+0.0,+0.0000,NONE,RUNNING
="2026-08-07 22:53:20",65160,4227846,1091252,3136594,500000,+0.0917,0.1800,+0.0,+0.0000,NONE,RUNNING
="2026-08-07 22:53:21",65160,4237850,1101256,3136594,500000,+0.0917,0.1800,+0.0,+0.0000,NONE,RUNNING
="2026-08-07 22:53:22",65160,4247854,1101255,3146598,500000,+0.1095,0.1800,+0.0,+0.0000,NONE,RUNNING
="2026-08-07 22:53:23",65157,4237848,1101254,3136594,500000,+0.1095,0.1800,+0.0,+0.0000,NONE,RUNNING
="2026-08-07 22:53:24",65157,4237848,1101254,3136594,500000,+0.1095,0.1800,+0.0,+0.0000,NONE,RUNNING
="2026-08-07 22:53:25",65166,4237847,1091249,3146597,500000,+0.1095,0.1800,+0.0,+0.0000,NONE,RUNNING
="2026-08-07 22:53:26",65167,4180207,1043613,3136593,500000,+0.1104,0.1800,+0.0,+0.0000,NONE,RUNNING
="2026-08-07 22:53:27",65167,4162624,1026030,3136593,500000,+0.1104,0.1800,+0.0,+0.0000,NONE,RUNNING
="2026-08-07 22:53:28",65176,4162626,1016028,3146598,500000,+0.1104,0.1800,+0.0,+0.0000,NONE,RUNNING
="2026-08-07 22:53:29",65176,4142616,1006023,3136592,500000,+0.1117,0.1800,+0.0,+0.0000,NONE,RUNNING
="2026-08-07 22:53:30",65176,4142614,1006022,3136592,500000,+0.1117,0.1800,+0.0,+0.0000,NONE,RUNNING
="2026-08-07 22:53:31",65176,4152618,1006022,3146596,500000,+0.1327,0.1800,+0.0,+0.0000,NONE,RUNNING
="2026-08-07 22:53:32",65180,4142613,1006022,3136591,500000,+0.1327,0.1800,+0.0,+0.0000,NONE,RUNNING
="2026-08-07 22:53:33",65188,4142613,1006022,3136591,500000,+0.1283,0.1800,+0.0,+0.0000,NONE,RUNNING
="2026-08-07 22:53:34",65178,4142613,996016,3146596,500000,+0.1283,0.1800,+0.0,+0.0000,NONE,RUNNING
="2026-08-07 22:53:35",65176,4135476,998885,3136591,500000,+0.1283,0.1800,+0.0,+0.0000,NONE,RUNNING
="2026-08-07 22:53:36",65163,4172929,1036337,3136591,500000,+0.1290,0.1800,+0.0,+0.0000,NONE,RUNNING
="2026-08-07 22:53:37",65163,4150703,1004107,3146596,500000,+0.1290,0.1800,+0.0,+0.0000,NONE,RUNNING
="2026-08-07 22:53:38",65162,4140698,1004107,3136591,500000,+0.1361,0.1800,+0.0,+0.0000,NONE,RUNNING
="2026-08-07 22:53:39",65167,4130694,994103,3136591,500000,+0.1358,0.1800,+0.0,+0.0000,NONE,RUNNING
="2026-08-07 22:53:40",65166,4130694,984098,3146596,500000,+0.1358,0.1800,+0.0,+0.0000,NONE,RUNNING
="2026-08-07 22:53:41",65162,3735852,934382,2801469,500000,+0.1351,0.1800,+0.0,+0.0000,NONE,RUNNING
="2026-08-07 22:53:42",65162,3643199,876734,2766465,500000,+0.1301,0.1800,+0.0,+0.0000,NONE,RUNNING
="2026-08-07 22:53:43",65162,3653200,876730,2776469,500000,+0.1301,0.1800,+0.0,+0.0000,NONE,RUNNING
="2026-08-07 22:53:44",65161,3633190,866725,2766464,500000,+0.1317,0.1800,+0.0,+0.0000,NONE,RUNNING
="2026-08-07 22:53:45",65156,3623184,856720,2766464,500000,+0.1317,0.1800,+0.0,+0.0000,NONE,RUNNING
="2026-08-07 22:53:46",65156,3643192,866723,2776468,500000,+0.1325,0.1800,+0.0,+0.0000,NONE,RUNNING
="2026-08-07 22:53:47",65164,3613986,876728,2737258,500000,+0.1325,0.1800,+0.0,+0.0000,NONE,RUNNING
="2026-08-07 22:53:48",65164,3623991,876728,2747263,500000,+0.1078,0.1800,+0.0,+0.0000,NONE,RUNNING
="2026-08-07 22:53:49",65158,3613986,876728,2737258,500000,+0.1078,0.1800,+0.0,+0.0000,NONE,RUNNING
="2026-08-07 22:53:50",65156,3418054,680796,2737258,500000,+0.1078,0.1800,+0.0,+0.0000,NONE,RUNNING
="2026-08-07 22:53:51",65155,3441955,694692,2747263,500000,+0.1048,0.1800,+0.0,+0.0000,NONE,RUNNING
="2026-08-07 22:53:52",65140,3421948,684689,2737259,500000,+0.1048,0.1800,+0.0,+0.0000,NONE,RUNNING
="2026-08-07 22:53:53",65132,3443087,705827,2737259,500000,+0.1046,0.1800,+0.0,+0.0000,NONE,RUNNING
="2026-08-07 22:53:54",65124,3463094,715831,2747263,500000,+0.1046,0.1800,+0.0,+0.0000,NONE,RUNNING
="2026-08-07 22:53:55",65124,3453089,715831,2737257,500000,+0.1046,0.1800,+0.0,+0.0000,NONE,RUNNING
="2026-08-07 22:53:56",65131,3482035,744777,2737257,500000,+0.1054,0.1800,+0.0,+0.0000,NONE,RUNNING
="2026-08-07 22:53:57",65137,3516985,754782,2762203,500000,+0.1049,0.1800,+0.0,+0.0000,NONE,RUNNING
="2026-08-07 22:53:58",65133,2862687,718424,2144262,500000,+0.1049,0.1800,+0.0,+0.0000,NONE,RUNNING
="2026-08-07 22:53:59",65132,2551667,407404,2144262,500000,+0.1039,0.1800,+0.0,+0.0000,NONE,RUNNING
="2026-08-07 22:54:00",65127,1722761,407404,1315357,500000,+0.1039,0.1800,+0.0,+0.0000,NONE,RUNNING
="2026-08-07 22:54:01",65127,1712758,407404,1305354,500000,+0.1047,0.1800,+0.0,+0.0000,NONE,RUNNING
="2026-08-07 22:54:02",65127,1722984,417629,1305354,500000,+0.1256,0.1800,+0.0,+0.0000,NONE,RUNNING
="2026-08-07 22:54:03",65113,1780155,464797,1315358,500000,+0.1256,0.1800,+0.0,+0.0000,NONE,RUNNING
="2026-08-07 22:54:04",65112,1770151,464797,1305354,500000,+0.1237,0.1800,+0.0,+0.0000,NONE,RUNNING
="2026-08-07 22:54:05",65111,755567,468677,286889,500000,+0.1236,0.1800,+0.0,+0.0000,NONE,RUNNING
="2026-08-07 22:54:06",65111,745532,458670,286861,500000,+0.1236,0.1800,+0.0,+0.0000,NONE,RUNNING
="2026-08-07 22:54:07",65117,745533,468676,276857,500000,+0.1117,0.1800,+0.0,+0.0000,NONE,RUNNING
="2026-08-07 22:54:08",65129,735529,458672,276857,500000,+0.1117,0.1800,+0.0,+0.0000,NONE,RUNNING
="2026-08-07 22:54:09",65129,735529,448668,286861,500000,+0.0953,0.1800,+0.0,+0.0000,NONE,RUNNING
="2026-08-07 22:54:10",65126,663695,448667,215028,500000,+0.0953,0.1800,+0.0,+0.0000,NONE,RUNNING
="2026-08-07 22:54:11",65122,663696,448667,215028,500000,+0.1128,0.1800,+0.0,+0.0000,NONE,RUNNING
="2026-08-07 22:54:12",65122,683702,458670,225032,500000,+0.1128,0.1800,+0.0,+0.0000,NONE,RUNNING
="2026-08-07 22:54:13",65118,673697,458670,215027,500000,+0.0964,0.1800,+0.0,+0.0000,NONE,RUNNING
="2026-08-07 22:54:14",65118,673697,458670,215027,500000,+0.0991,0.1800,+0.0,+0.0000,NONE,RUNNING
="2026-08-07 22:54:15",65118,680723,455691,225031,500000,+0.1128,0.1800,+0.0,+0.0000,NONE,RUNNING
="2026-08-07 22:54:16",65118,660715,445688,215027,500000,+0.1128,0.1800,+0.0,+0.0000,NONE,RUNNING
="2026-08-07 22:54:17",65128,650710,435682,215027,500000,+0.1128,0.1800,+0.0,+0.0000,NONE,RUNNING
="2026-08-07 22:54:18",65132,752697,527666,225030,500000,+0.0909,0.1800,+0.0,+0.0000,NONE,RUNNING
="2026-08-07 22:54:19",65119,742693,527666,215026,500000,+0.0909,0.1800,+0.0,+0.0000,NONE,RUNNING
="2026-08-07 22:54:20",65119,742691,527664,215026,500000,+0.0909,0.1800,+0.0,+0.0000,NONE,RUNNING
="2026-08-07 22:54:21",65118,742691,517660,225031,500000,+0.0909,0.1800,+0.0,+0.0000,NONE,RUNNING
="2026-08-07 22:54:22",65115,732687,517660,215027,500000,+0.0731,0.1800,+0.0,+0.0000,NONE,RUNNING
="2026-08-07 22:54:23",65115,732687,517659,215027,500000,+0.0747,0.1800,+0.0,+0.0000,NONE,RUNNING
="2026-08-07 22:54:24",65115,742692,527664,215028,500000,+0.0747,0.1800,+0.0,+0.0000,NONE,RUNNING
="2026-08-07 22:54:25",65125,752696,537668,215028,500000,+0.0747,0.1800,+0.0,+0.0000,NONE,RUNNING
="2026-08-07 22:54:26",65125,762700,547672,215028,500000,+0.0747,0.1800,+0.0,+0.0000,NONE,RUNNING
="2026-08-07 22:54:27",65125,1515041,1273225,241815,500000,+0.0747,0.1800,+0.0,+0.0000,NONE,RUNNING
="2026-08-07 22:54:28",65125,1515041,1273225,241815,500000,+0.0734,0.1800,+0.0,+0.0000,NONE,RUNNING
="2026-08-07 22:54:29",65119,1525046,1273225,251820,500000,+0.0734,0.1800,+0.0,+0.0000,NONE,RUNNING
="2026-08-07 22:54:30",65118,1505038,1263221,241816,500000,+0.0935,0.1800,+0.0,+0.0000,NONE,RUNNING
="2026-08-07 22:54:32",65113,1505038,1263221,241816,500000,+0.0724,0.1800,+0.0,+0.0000,NONE,RUNNING
="2026-08-07 22:54:33",65124,1515043,1263221,251821,500000,+0.0724,0.1800,+0.0,+0.0000,NONE,RUNNING
="2026-08-07 22:54:34",65118,1505038,1263221,241816,500000,+0.0708,0.1800,+0.0,+0.0000,NONE,RUNNING
="2026-08-07 22:54:35",65113,1505038,1263221,241816,500000,+0.0708,0.1800,+0.0,+0.0000,NONE,RUNNING
="2026-08-07 22:54:36",65113,1474719,1222899,251820,500000,+0.0729,0.1800,+0.0,+0.0000,NONE,RUNNING
="2026-08-07 22:54:37",65114,1464715,1222899,241815,500000,+0.0729,0.1800,+0.0,+0.0000,NONE,RUNNING
="2026-08-07 22:54:38",65118,1477362,1222899,254462,500000,+0.0658,0.1800,+0.0,+0.0000,NONE,RUNNING
="2026-08-07 22:54:39",65121,1487364,1222898,264466,500000,+0.0649,0.1800,+0.0,+0.0000,NONE,RUNNING
="2026-08-07 22:54:40",65135,1487364,1232903,254461,500000,+0.0649,0.1800,+0.0,+0.0000,NONE,RUNNING
="2026-08-07 22:54:41",65125,1487364,1232903,254461,500000,+0.0656,0.1800,+0.0,+0.0000,NONE,RUNNING
="2026-08-07 22:54:42",65118,1477360,1222899,254461,500000,+0.0652,0.1800,+0.0,+0.0000,NONE,RUNNING
="2026-08-07 22:54:43",65124,1477361,1222901,254460,500000,+0.0652,0.1800,+0.0,+0.0000,NONE,RUNNING
="2026-08-07 22:54:44",65125,1487366,1232906,254460,500000,+0.0636,0.1800,+0.0,+0.0000,NONE,RUNNING
="2026-08-07 22:54:45",65125,1497370,1242909,254460,500000,+0.0636,0.1800,+0.0,+0.0000,NONE,RUNNING
="2026-08-07 22:54:46",65125,1497370,1242910,254459,500000,+0.0703,0.1800,+0.0,+0.0000,NONE,RUNNING
="2026-08-07 22:54:47",65126,1497370,1242910,254459,500000,+0.0695,0.1800,+0.0,+0.0000,NONE,RUNNING
="2026-08-07 22:54:48",65127,1517379,1262920,254459,500000,+0.0695,0.1800,+0.0,+0.0000,NONE,RUNNING
="2026-08-07 22:54:49",65126,1527382,1272924,254458,500000,+0.0695,0.1800,+0.0,+0.0000,NONE,RUNNING
="2026-08-07 22:54:50",65125,1537387,1282928,254458,500000,+0.0695,0.1800,+0.0,+0.0000,NONE,RUNNING
="2026-08-07 22:54:51",65125,1553504,1289042,264462,500000,+0.0695,0.1800,+0.0,+0.0000,NONE,RUNNING
="2026-08-07 22:54:52",65126,1553503,1299046,254457,500000,+0.0695,0.1800,+0.0,+0.0000,NONE,RUNNING
="2026-08-07 22:54:53",65126,1522361,1267903,254457,500000,+0.0697,0.1800,+0.0,+0.0000,NONE,RUNNING
="2026-08-07 22:54:54",65125,1552371,1287910,264461,500000,+0.0822,0.1800,+0.0,+0.0000,NONE,RUNNING
="2026-08-07 22:54:55",65131,1542368,1287910,254457,500000,+0.0822,0.1800,+0.0,+0.0000,NONE,RUNNING
="2026-08-07 22:54:56",65139,1545351,1277905,267445,500000,+0.0822,0.1800,+0.0,+0.0000,NONE,RUNNING
="2026-08-07 22:54:57",65140,1526409,1248960,277449,500000,+0.0813,0.1800,+0.0,+0.0000,NONE,RUNNING
="2026-08-07 22:54:58",65139,1511467,1258964,252503,500000,+0.0813,0.1800,+0.0,+0.0000,NONE,RUNNING
="2026-08-07 22:54:59",65136,1501463,1248959,252503,500000,+0.0823,0.1800,+0.0,+0.0000,NONE,RUNNING
="2026-08-07 22:55:00",65136,1511467,1258964,252503,500000,+0.0817,0.1800,+0.0,+0.0000,NONE,RUNNING
="2026-08-07 22:55:01",65136,1521472,1268968,252503,500000,+0.0817,0.1800,+0.0,+0.0000,NONE,RUNNING
="2026-08-07 22:55:02",65136,1511468,1258964,252503,500000,+0.0608,0.1800,+0.0,+0.0000,NONE,RUNNING
="2026-08-07 22:55:03",65152,1444071,1191567,252503,500000,+0.0608,0.1800,+0.0,+0.0000,NONE,RUNNING
="2026-08-07 22:55:04",65152,1448818,1196315,252503,500000,+0.0617,0.1800,+0.0,+0.0000,NONE,RUNNING
="2026-08-07 22:55:05",65151,1444937,1192434,252503,500000,+0.0618,0.1800,+0.0,+0.0000,NONE,RUNNING
="2026-08-07 22:55:06",65149,1475367,1212859,262508,500000,+0.0618,0.1800,+0.0,+0.0000,NONE,RUNNING
="2026-08-07 22:55:07",65149,1455358,1202853,252504,500000,+0.0624,0.1800,+0.0,+0.0000,NONE,RUNNING
="2026-08-07 22:55:08",65148,1477044,1224540,252504,500000,+0.0624,0.1800,+0.0,+0.0000,NONE,RUNNING
="2026-08-07 22:55:09",65141,1477044,1224540,252504,500000,+0.0633,0.1800,+0.0,+0.0000,NONE,RUNNING
="2026-08-07 22:55:10",65141,1477044,1224540,252504,500000,+0.0619,0.1800,+0.0,+0.0000,NONE,RUNNING
="2026-08-07 22:55:11",65146,1457038,1204534,252504,500000,+0.0444,0.1800,+0.0,+0.0000,NONE,RUNNING
="2026-08-07 22:55:12",65146,1457038,1204534,252504,500000,+0.0443,0.1800,+0.0,+0.0000,NONE,RUNNING
="2026-08-07 22:55:13",65146,1447035,1194531,252504,500000,+0.0443,0.1800,+0.0,+0.0000,NONE,RUNNING
="2026-08-07 22:55:14",65146,1447035,1194531,252504,500000,+0.0443,0.1800,+0.0,+0.0000,NONE,RUNNING
="2026-08-07 22:55:15",65144,1447035,1194531,252504,500000,+0.0462,0.1800,+0.0,+0.0000,NONE,RUNNING
="2026-08-07 22:55:16",65142,1447035,1194531,252504,500000,+0.0462,0.1800,+0.0,+0.0000,NONE,RUNNING
="2026-08-07 22:55:17",65142,1468035,1194531,273503,500000,+0.0462,0.1800,+0.0,+0.0000,NONE,RUNNING
="2026-08-07 22:55:18",65142,1376051,1102547,273504,500000,+0.0440,0.1800,+0.0,+0.0000,NONE,RUNNING
="2026-08-07 22:55:19",65142,1389819,1116315,273504,500000,+0.0440,0.1800,+0.0,+0.0000,NONE,RUNNING
="2026-08-07 22:55:20",65132,1389819,1116315,273504,500000,+0.0440,0.1800,+0.0,+0.0000,NONE,RUNNING
="2026-08-07 22:55:21",65130,1379814,1106310,273503,500000,+0.0499,0.1800,+0.0,+0.0000,NONE,RUNNING
="2026-08-07 22:55:22",65130,1369810,1096307,273503,500000,+0.0499,0.1800,+0.0,+0.0000,NONE,RUNNING
="2026-08-07 22:55:23",65130,1486240,1086303,399937,500000,+0.0499,0.1800,+0.0,+0.0000,NONE,RUNNING
="2026-08-07 22:55:24",65150,1498711,1086303,412407,500000,+0.0482,0.1800,+0.0,+0.0000,NONE,RUNNING
="2026-08-07 22:55:25",65149,1492884,1080476,412407,500000,+0.0557,0.1800,+0.0,+0.0000,NONE,RUNNING
="2026-08-07 22:55:26",65146,1512890,1090478,422411,500000,+0.0557,0.1800,+0.0,+0.0000,NONE,RUNNING
="2026-08-07 22:55:27",65145,760548,374929,385619,500000,+0.0557,0.1800,+0.0,+0.0000,NONE,RUNNING
="2026-08-07 22:55:28",65141,777807,392187,385619,500000,+0.0557,0.1800,+0.0,+0.0000,NONE,RUNNING
="2026-08-07 22:55:29",65140,815333,419709,395624,500000,+0.0557,0.1800,+0.0,+0.0000,NONE,RUNNING
="2026-08-07 22:55:30",65135,805329,419709,385619,500000,+0.0356,0.1800,+0.0,+0.0000,NONE,RUNNING
="2026-08-07 22:56:30",65054,2360442,2024522,335919,500000,-0.0106,0.1800,+0.0,+0.0000,NONE,RUNNING
="2026-08-07 22:57:30",65035,1837517,1638648,198868,500000,-0.0443,0.1800,+0.0,+0.0000,NONE,RUNNING
="2026-08-07 22:58:30",65048,710486,473958,236528,500000,+0.0165,0.1800,+0.0,+0.0000,NONE,RUNNING
="2026-08-07 22:59:30",65004,2190833,1928786,262047,500000,+0.0176,0.1800,+0.0,+0.0000,NONE,RUNNING
="2026-08-07 23:00:20",64986,2518230,2006642,511587,500000,-0.0951,0.1800,+0.0,+0.0000,NONE,RUNNING
="2026-08-07 23:00:21",64986,2430761,1929176,501584,500000,-0.0951,0.1800,+0.0,+0.0000,NONE,RUNNING
="2026-08-07 23:00:22",64993,2430761,1929176,501584,500000,-0.0951,0.1800,+0.0,+0.0000,NONE,RUNNING
="2026-08-07 23:00:23",64988,2495052,1899161,595891,500000,-0.0999,0.1800,+0.0,+0.0000,NONE,RUNNING
="2026-08-07 23:00:24",64994,2485049,1899161,585887,500000,-0.0999,0.1800,+0.0,+0.0000,NONE,RUNNING
="2026-08-07 23:00:25",64994,2495052,1909165,585887,500000,-0.0999,0.1800,+0.0,+0.0000,NONE,RUNNING
="2026-08-07 23:00:26",65004,2439806,1869146,570660,500000,-0.1013,0.1800,+0.0,+0.0000,NONE,RUNNING
="2026-08-07 23:00:27",65007,2429012,1868356,560656,500000,-0.1016,0.1800,+0.0,+0.0000,NONE,RUNNING
="2026-08-07 23:00:28",65009,2355779,1795123,560656,500000,-0.1016,0.1800,+0.0,+0.0000,NONE,RUNNING
="2026-08-07 23:00:29",65009,2369015,1808359,560656,500000,-0.1001,0.1800,+0.0,+0.0000,NONE,RUNNING
="2026-08-07 23:00:30",65009,2320837,1770184,550652,500000,-0.1025,0.1800,+0.0,+0.0000,NONE,RUNNING
="2026-08-07 23:00:31",65004,2316949,1766297,550652,500000,-0.1025,0.1800,+0.0,+0.0000,NONE,RUNNING
="2026-08-07 23:00:32",65004,2296939,1736282,560656,500000,-0.0904,0.1800,+0.0,+0.0000,NONE,RUNNING
="2026-08-07 23:00:34",65004,2251899,1701246,550653,500000,-0.0878,0.1800,+0.0,+0.0000,NONE,RUNNING
="2026-08-07 23:00:35",65008,2212975,1681636,531338,500000,-0.0878,0.1800,+0.0,+0.0000,NONE,RUNNING
="2026-08-07 23:00:36",65023,2252120,1671636,580484,500000,-0.0859,0.1800,+0.0,+0.0000,NONE,RUNNING
="2026-08-07 23:00:37",65030,2252124,1681643,570481,500000,-0.0951,0.1800,+0.0,+0.0000,NONE,RUNNING
="2026-08-07 23:00:38",65026,2208330,1637849,570481,500000,-0.0976,0.1800,+0.0,+0.0000,NONE,RUNNING
="2026-08-07 23:00:39",65026,2066652,1511147,555505,500000,-0.1118,0.1800,+0.0,+0.0000,NONE,RUNNING
="2026-08-07 23:00:40",65041,2020551,1463375,557175,500000,-0.1118,0.1800,+0.0,+0.0000,NONE,RUNNING
="2026-08-07 23:00:41",65035,1733840,1391131,342708,500000,-0.1118,0.1800,+0.0,+0.0000,NONE,RUNNING
="2026-08-07 23:00:42",65032,1726422,1373708,352713,500000,-0.1118,0.1800,+0.0,+0.0000,NONE,RUNNING
="2026-08-07 23:00:43",65027,1657149,1314439,342709,500000,-0.1002,0.1800,+0.0,+0.0000,NONE,RUNNING
="2026-08-07 23:00:44",65027,790700,447990,342709,500000,-0.0979,0.1800,+0.0,+0.0000,NONE,RUNNING
="2026-08-07 23:00:45",65028,810707,457993,352713,500000,-0.0979,0.1800,+0.0,+0.0000,NONE,RUNNING
="2026-08-07 23:00:46",65028,808547,455834,352713,500000,-0.0979,0.1800,+0.0,+0.0000,NONE,RUNNING
="2026-08-07 23:00:47",65034,838559,475841,362717,500000,-0.0978,0.1800,+0.0,+0.0000,NONE,RUNNING
="2026-08-07 23:00:48",65034,818552,465838,352714,500000,-0.0978,0.1800,+0.0,+0.0000,NONE,RUNNING
="2026-08-07 23:00:49",65034,818552,465838,352714,500000,+0.0035,0.1800,+0.0,+0.0000,NONE,RUNNING
="2026-08-07 23:00:50",65034,868979,506261,362717,500000,+0.0035,0.1800,+0.0,+0.0000,NONE,RUNNING
="2026-08-07 23:00:51",65034,878983,516265,362717,500000,+0.0016,0.1800,+0.0,+0.0000,NONE,RUNNING
="2026-08-07 23:00:52",65034,878983,516265,362717,500000,+0.0029,0.1800,+0.0,+0.0000,NONE,RUNNING
="2026-08-07 23:00:53",65033,902677,529956,372721,500000,+0.0033,0.1800,+0.0,+0.0000,NONE,RUNNING
="2026-08-07 23:00:54",65027,882671,519953,362717,500000,+0.0033,0.1800,+0.0,+0.0000,NONE,RUNNING
="2026-08-07 23:00:55",65022,882671,519953,362717,500000,+0.0035,0.1800,+0.0,+0.0000,NONE,RUNNING
="2026-08-07 23:00:56",65016,882672,509949,372722,500000,+0.0035,0.1800,+0.0,+0.0000,NONE,RUNNING
="2026-08-07 23:00:57",65012,882670,519952,362718,500000,+0.0035,0.1800,+0.0,+0.0000,NONE,RUNNING
="2026-08-07 23:00:58",65012,862663,499944,362718,500000,+0.0029,0.1800,+0.0,+0.0000,NONE,RUNNING
="2026-08-07 23:00:59",65016,862663,489941,372722,500000,+0.0046,0.1800,+0.0,+0.0000,NONE,RUNNING
="2026-08-07 23:01:00",65018,867443,489941,377501,500000,+0.0046,0.1800,+0.0,+0.0000,NONE,RUNNING
="2026-08-07 23:01:01",65024,867443,489941,377501,500000,+0.0046,0.1800,+0.0,+0.0000,NONE,RUNNING
="2026-08-07 23:01:02",65022,867443,479937,387505,500000,+0.0046,0.1800,+0.0,+0.0000,NONE,RUNNING
="2026-08-07 23:01:03",65015,880924,503422,377502,500000,+0.0031,0.1800,+0.0,+0.0000,NONE,RUNNING
="2026-08-07 23:01:04",64996,977092,599590,377502,500000,+0.0073,0.1800,+0.0,+0.0000,NONE,RUNNING
="2026-08-07 23:01:05",64996,904710,527208,377502,500000,+0.0071,0.1800,+0.0,+0.0000,NONE,RUNNING
="2026-08-07 23:01:06",64996,877186,537210,339975,500000,+0.0071,0.1800,+0.0,+0.0000,NONE,RUNNING
="2026-08-07 23:01:07",64989,877186,537210,339975,500000,-0.0067,0.1800,+0.0,+0.0000,NONE,RUNNING
="2026-08-07 23:01:08",64989,848472,508496,339975,500000,-0.0067,0.1800,+0.0,+0.0000,NONE,RUNNING
="2026-08-07 23:01:09",65003,838469,498494,339975,500000,-0.0058,0.1800,+0.0,+0.0000,NONE,RUNNING
="2026-08-07 23:01:10",64999,838469,498494,339975,500000,+0.0152,0.1800,+0.0,+0.0000,NONE,RUNNING
="2026-08-07 23:01:11",64994,847266,497287,349979,500000,+0.0152,0.1800,+0.0,+0.0000,NONE,RUNNING
="2026-08-07 23:01:12",64989,827257,487281,339976,500000,+0.0152,0.1800,+0.0,+0.0000,NONE,RUNNING
="2026-08-07 23:01:13",64989,837260,497284,339976,500000,+0.0119,0.1800,+0.0,+0.0000,NONE,RUNNING
="2026-08-07 23:01:14",64984,864369,524393,339976,500000,+0.0130,0.1800,+0.0,+0.0000,NONE,RUNNING
="2026-08-07 23:01:15",64981,864369,524393,339976,500000,+0.0130,0.1800,+0.0,+0.0000,NONE,RUNNING
="2026-08-07 23:01:16",64993,840247,500271,339976,500000,+0.0130,0.1800,+0.0,+0.0000,NONE,RUNNING
="2026-08-07 23:01:17",64993,863781,523806,339975,500000,+0.0128,0.1800,+0.0,+0.0000,NONE,RUNNING
="2026-08-07 23:01:18",64993,863781,523806,339975,500000,+0.0147,0.1800,+0.0,+0.0000,NONE,RUNNING
="2026-08-07 23:01:19",64991,863781,523806,339975,500000,+0.0160,0.1800,+0.0,+0.0000,NONE,RUNNING
="2026-08-07 23:01:20",64993,1107735,523806,583928,500000,+0.0160,0.1800,+0.0,+0.0000,NONE,RUNNING
="2026-08-07 23:01:21",64993,1117740,533811,583928,500000,+0.0186,0.1800,+0.0,+0.0000,NONE,RUNNING
="2026-08-07 23:01:22",65005,1127744,533811,593932,500000,+0.0186,0.1800,+0.0,+0.0000,NONE,RUNNING
="2026-08-07 23:01:23",65015,1127745,543817,583928,500000,+0.0186,0.1800,+0.0,+0.0000,NONE,RUNNING
="2026-08-07 23:01:24",65010,1063449,563823,499626,500000,+0.0186,0.1800,+0.0,+0.0000,NONE,RUNNING
="2026-08-07 23:01:25",65015,1063450,553819,509630,500000,+0.0186,0.1800,+0.0,+0.0000,NONE,RUNNING
="2026-08-07 23:01:26",65020,1053442,553816,499626,500000,+0.0200,0.1800,+0.0,+0.0000,NONE,RUNNING
="2026-08-07 23:01:27",65013,1063447,563821,499626,500000,+0.0219,0.1800,+0.0,+0.0000,NONE,RUNNING
="2026-08-07 23:01:28",65013,1063448,553817,509630,500000,+0.0219,0.1800,+0.0,+0.0000,NONE,RUNNING
="2026-08-07 23:01:29",65010,1046331,536701,509630,500000,+0.0204,0.1800,+0.0,+0.0000,NONE,RUNNING
="2026-08-07 23:01:30",65010,1036326,526696,509630,500000,+0.0204,0.1800,+0.0,+0.0000,NONE,RUNNING
="2026-08-07 23:01:31",65006,1036327,516693,519634,500000,+0.0204,0.1800,+0.0,+0.0000,NONE,RUNNING
="2026-08-07 23:01:32",64996,1036327,516693,519634,500000,+0.0083,0.1800,+0.0,+0.0000,NONE,RUNNING
="2026-08-07 23:01:33",64994,1026323,516692,509630,500000,+0.0132,0.1800,+0.0,+0.0000,NONE,RUNNING
="2026-08-07 23:01:34",64994,1026321,506687,519634,500000,+0.0113,0.1800,+0.0,+0.0000,NONE,RUNNING
="2026-08-07 23:01:35",64994,1026321,506687,519634,500000,+0.0113,0.1800,+0.0,+0.0000,NONE,RUNNING
="2026-08-07 23:01:36",64990,967169,496680,470488,500000,+0.0129,0.1800,+0.0,+0.0000,NONE,RUNNING
="2026-08-07 23:01:37",64978,967166,486673,480492,500000,+0.0129,0.1800,+0.0,+0.0000,NONE,RUNNING
="2026-08-07 23:01:38",64978,944993,474504,470489,500000,+0.0154,0.1800,+0.0,+0.0000,NONE,RUNNING
="2026-08-07 23:01:39",64978,934989,464500,470489,500000,+0.0156,0.1800,+0.0,+0.0000,NONE,RUNNING
="2026-08-07 23:01:40",64979,923313,454494,468819,500000,+0.0156,0.1800,+0.0,+0.0000,NONE,RUNNING
="2026-08-07 23:01:41",64979,903306,444491,458814,500000,+0.0156,0.1800,+0.0,+0.0000,NONE,RUNNING
="2026-08-07 23:01:42",64976,903306,434487,468818,500000,+0.0156,0.1800,+0.0,+0.0000,NONE,RUNNING
="2026-08-07 23:01:43",64976,903306,434487,468818,500000,+0.0156,0.1800,+0.0,+0.0000,NONE,RUNNING
="2026-08-07 23:01:44",64975,883299,424484,458814,500000,+0.0132,0.1800,+0.0,+0.0000,NONE,RUNNING
="2026-08-07 23:01:45",64975,883299,414481,468818,500000,+0.0110,0.1800,+0.0,+0.0000,NONE,RUNNING
="2026-08-07 23:01:46",64975,873296,404477,468818,500000,+0.0110,0.1800,+0.0,+0.0000,NONE,RUNNING
="2026-08-07 23:01:47",64974,853288,394473,458814,500000,+0.0110,0.1800,+0.0,+0.0000,NONE,RUNNING
="2026-08-07 23:01:48",64964,896937,428118,468818,500000,+0.0114,0.1800,+0.0,+0.0000,NONE,RUNNING
="2026-08-07 23:02:48",65001,963672,605839,357832,500000,-0.0464,0.1800,+0.0,+0.0000,NONE,RUNNING
="2026-08-07 23:03:48",64955,987384,640479,346904,500000,-0.0212,0.1800,+0.0,+0.0000,NONE,RUNNING
="2026-08-07 23:04:48",64870,2151759,1712302,439456,500000,-0.0591,0.1800,+0.0,+0.0000,NONE,RUNNING
="2026-08-07 23:05:04",64835,1704233,1121858,582374,500000,-0.1193,0.1800,+0.0,+0.0000,NONE,RUNNING
="2026-08-07 23:05:05",64852,1747746,1121858,625887,500000,-0.1193,0.1800,+0.0,+0.0000,NONE,RUNNING
="2026-08-07 23:05:06",64855,1703546,1077659,625887,500000,-0.1193,0.1800,+0.0,+0.0000,NONE,RUNNING
="2026-08-07 23:05:07",64845,1530225,964254,565971,500000,-0.1193,0.1800,+0.0,+0.0000,NONE,RUNNING
="2026-08-07 23:05:08",64845,1530225,964254,565971,500000,-0.1193,0.1800,+0.0,+0.0000,NONE,RUNNING
="2026-08-07 23:05:09",64849,1709092,937598,771494,500000,-0.1218,0.1800,+0.0,+0.0000,NONE,RUNNING
="2026-08-07 23:05:10",64849,1709092,937598,771493,500000,-0.1218,0.1800,+0.0,+0.0000,NONE,RUNNING
="2026-08-07 23:05:11",64849,1709092,937598,771493,500000,-0.1300,0.1800,+0.0,+0.0000,NONE,RUNNING
="2026-08-07 23:05:12",64852,1736168,964674,771493,500000,-0.1284,0.1800,+0.0,+0.0000,NONE,RUNNING
="2026-08-07 23:05:13",64855,1765877,994384,771492,500000,-0.1284,0.1800,+0.0,+0.0000,NONE,RUNNING
="2026-08-07 23:05:14",64855,1723820,978851,744968,500000,-0.1627,0.1800,+0.0,+0.0000,NONE,RUNNING
="2026-08-07 23:05:15",64855,1680563,978851,701711,500000,-0.1364,0.1800,+0.0,+0.0000,NONE,RUNNING
="2026-08-07 23:05:16",64855,1586721,871505,715216,500000,-0.1364,0.1800,+0.0,+0.0000,NONE,RUNNING
="2026-08-07 23:05:17",64857,1588547,873331,715216,500000,-0.1392,0.1800,+0.0,+0.0000,NONE,RUNNING
="2026-08-07 23:05:18",64859,1632461,906759,725702,500000,-0.1392,0.1800,+0.0,+0.0000,NONE,RUNNING
="2026-08-07 23:05:19",64868,1632461,906759,725701,500000,-0.1392,0.1800,+0.0,+0.0000,NONE,RUNNING
="2026-08-07 23:05:20",64867,1420893,695191,725701,500000,-0.1408,0.1800,+0.0,+0.0000,NONE,RUNNING
="2026-08-07 23:05:21",64868,1364926,639224,725701,500000,-0.1408,0.1800,+0.0,+0.0000,NONE,RUNNING
="2026-08-07 23:05:22",64866,1374930,639224,735705,500000,-0.1370,0.1800,+0.0,+0.0000,NONE,RUNNING
="2026-08-07 23:05:23",64864,1361038,625332,735705,500000,-0.1366,0.1800,+0.0,+0.0000,NONE,RUNNING
="2026-08-07 23:05:24",64867,1233340,497635,735705,500000,-0.1378,0.1800,+0.0,+0.0000,NONE,RUNNING
="2026-08-07 23:05:25",64867,1244662,508955,735706,500000,-0.1378,0.1800,+0.0,+0.0000,NONE,RUNNING
="2026-08-07 23:05:27",64856,1244662,508955,735706,500000,-0.1378,0.1800,+0.0,+0.0000,NONE,RUNNING
="2026-08-07 23:05:28",64854,1197077,451367,745710,500000,-0.1379,0.1800,+0.0,+0.0000,NONE,RUNNING
="2026-08-07 23:05:29",64872,1197093,451367,745726,500000,-0.1379,0.1800,+0.0,+0.0000,NONE,RUNNING
="2026-08-07 23:05:30",64873,1223377,451367,772010,500000,-0.1419,0.1800,+0.0,+0.0000,NONE,RUNNING
="2026-08-07 23:05:31",64876,1233380,451367,782013,500000,-0.1405,0.1800,+0.0,+0.0000,NONE,RUNNING
="2026-08-07 23:05:32",64866,1207747,435738,772009,500000,-0.1405,0.1800,+0.0,+0.0000,NONE,RUNNING
="2026-08-07 23:05:33",64876,1207747,435738,772009,500000,-0.1446,0.1800,+0.0,+0.0000,NONE,RUNNING
="2026-08-07 23:05:34",64876,1217751,435738,782012,500000,-0.1350,0.1800,+0.0,+0.0000,NONE,RUNNING
="2026-08-07 23:05:35",64876,1207746,435738,772008,500000,-0.1350,0.1800,+0.0,+0.0000,NONE,RUNNING
="2026-08-07 23:05:36",64890,1207746,435738,772008,500000,-0.1468,0.1800,+0.0,+0.0000,NONE,RUNNING
="2026-08-07 23:05:37",64890,1217750,435738,782011,500000,-0.1468,0.1800,+0.0,+0.0000,NONE,RUNNING
="2026-08-07 23:05:38",64892,1197076,425069,772006,500000,-0.1468,0.1800,+0.0,+0.0000,NONE,RUNNING
="2026-08-07 23:05:39",64892,1176250,425069,751181,500000,-0.1468,0.1800,+0.0,+0.0000,NONE,RUNNING
="2026-08-07 23:05:40",64886,1204610,443425,761185,500000,-0.1771,0.1800,+0.0,+0.0000,NONE,RUNNING
="2026-08-07 23:05:41",64887,1194606,443425,751181,500000,-0.1694,0.1800,+0.0,+0.0000,NONE,RUNNING
="2026-08-07 23:05:42",64887,1194606,443425,751181,500000,-0.1694,0.1800,+0.0,+0.0000,NONE,RUNNING
="2026-08-07 23:05:43",64883,1219066,457881,761184,500000,-0.1652,0.1800,+0.0,+0.0000,NONE,RUNNING
="2026-08-07 23:05:44",64882,1230895,457881,773013,500000,-0.1652,0.1800,+0.0,+0.0000,NONE,RUNNING
="2026-08-07 23:05:45",64882,1220516,447503,773013,500000,-0.1679,0.1800,+0.0,+0.0000,NONE,RUNNING
="2026-08-07 23:05:46",64880,1230520,447503,783017,500000,-0.1679,0.1800,+0.0,+0.0000,NONE,RUNNING
="2026-08-07 23:05:47",64880,1220517,447503,773014,500000,-0.1679,0.1800,+0.0,+0.0000,NONE,RUNNING
="2026-08-07 23:05:48",64880,1220517,447503,773014,500000,-0.1679,0.1800,+0.0,+0.0000,NONE,RUNNING
="2026-08-07 23:05:49",64880,1131661,447503,684158,500000,-0.1526,0.1800,+0.0,+0.0000,NONE,RUNNING
="2026-08-07 23:05:50",64880,1121658,447503,674155,500000,-0.1526,0.1800,+0.0,+0.0000,NONE,RUNNING
="2026-08-07 23:05:51",64861,1131662,447503,684159,500000,-0.1596,0.1800,+0.0,+0.0000,NONE,RUNNING
="2026-08-07 23:05:52",64854,1143227,459068,684159,500000,-0.1596,0.1800,+0.0,+0.0000,NONE,RUNNING
="2026-08-07 23:05:53",64854,1003475,329320,674155,500000,-0.1596,0.1800,+0.0,+0.0000,NONE,RUNNING
="2026-08-07 23:05:54",64853,1013479,329320,684159,500000,-0.1596,0.1800,+0.0,+0.0000,NONE,RUNNING
="2026-08-07 23:05:55",64852,1003474,329320,674154,500000,-0.1596,0.1800,+0.0,+0.0000,NONE,RUNNING
="2026-08-07 23:05:56",64852,1003474,329320,674154,500000,-0.1609,0.1800,+0.0,+0.0000,NONE,RUNNING
="2026-08-07 23:05:57",64852,928149,253995,674154,500000,-0.1666,0.1800,+0.0,+0.0000,NONE,RUNNING
="2026-08-07 23:05:58",64844,958106,253995,704111,500000,-0.1666,0.1800,+0.0,+0.0000,NONE,RUNNING
="2026-08-07 23:05:59",64842,892447,253995,638452,500000,-0.1601,0.1800,+0.0,+0.0000,NONE,RUNNING
="2026-08-07 23:06:00",64828,1001208,362755,638452,500000,-0.1590,0.1800,+0.0,+0.0000,NONE,RUNNING
="2026-08-07 23:06:01",64824,1001208,362755,638452,500000,-0.1590,0.1800,+0.0,+0.0000,NONE,RUNNING
="2026-08-07 23:06:02",64816,978702,340249,638452,500000,-0.1609,0.1800,+0.0,+0.0000,NONE,RUNNING
="2026-08-07 23:06:03",64814,968555,330102,638452,500000,-0.2033,0.1800,+0.0,+0.0000,LONG,RUNNING
="2026-08-07 23:06:04",64812,901304,330102,571201,500000,-0.2033,0.1800,+0.0,+0.0000,LONG,RUNNING
="2026-08-07 23:06:05",64808,847788,330102,517685,500000,-0.1536,0.1800,+0.0,+0.0000,NONE,RUNNING
="2026-08-07 23:06:06",64808,868598,350912,517685,500000,-0.1505,0.1800,+0.0,+0.0000,NONE,RUNNING
="2026-08-07 23:06:07",64808,890280,350912,539368,500000,-0.1505,0.1800,+0.0,+0.0000,NONE,RUNNING
="2026-08-07 23:06:08",64812,890280,350912,539368,500000,-0.1505,0.1800,+0.0,+0.0000,NONE,RUNNING
="2026-08-07 23:06:09",64812,684757,350912,333844,500000,-0.1700,0.1800,+0.0,+0.0000,NONE,RUNNING
="2026-08-07 23:06:10",64811,914155,350912,563242,500000,-0.1700,0.1800,+0.0,+0.0000,NONE,RUNNING
="2026-08-07 23:06:11",64815,914155,350912,563242,500000,-0.1618,0.1800,+0.0,+0.0000,NONE,RUNNING
="2026-08-07 23:06:12",64817,884548,311301,573247,500000,-0.1632,0.1800,+0.0,+0.0000,NONE,RUNNING
="2026-08-07 23:06:13",64817,874545,311301,563243,500000,-0.1632,0.1800,+0.0,+0.0000,NONE,RUNNING
="2026-08-07 23:06:14",64830,844834,281590,563243,500000,-0.1288,0.1800,+0.0,+0.0000,NONE,RUNNING
="2026-08-07 23:06:15",64845,854838,281590,573247,500000,-0.1288,0.1800,+0.0,+0.0000,NONE,RUNNING
="2026-08-07 23:06:16",64854,809046,259308,549738,500000,-0.1495,0.1800,+0.0,+0.0000,NONE,RUNNING
="2026-08-07 23:06:17",64846,795335,245597,549738,500000,-0.1467,0.1800,+0.0,+0.0000,NONE,RUNNING
="2026-08-07 23:06:18",64845,794853,245597,549256,500000,-0.1467,0.1800,+0.0,+0.0000,NONE,RUNNING
="2026-08-07 23:06:19",64846,751421,212168,539252,500000,-0.1586,0.1800,+0.0,+0.0000,NONE,RUNNING
="2026-08-07 23:06:20",64845,734706,195453,539252,500000,-0.1586,0.1800,+0.0,+0.0000,NONE,RUNNING
="2026-08-07 23:06:21",64846,744709,195453,549255,500000,-0.1571,0.1800,+0.0,+0.0000,NONE,RUNNING
="2026-08-07 23:06:22",64846,734705,195453,539251,500000,-0.1576,0.1800,+0.0,+0.0000,NONE,RUNNING
="2026-08-07 23:06:23",64840,734705,195453,539251,500000,-0.1580,0.1800,+0.0,+0.0000,NONE,RUNNING
="2026-08-07 23:06:24",64843,734705,195453,539251,500000,-0.1580,0.1800,+0.0,+0.0000,NONE,RUNNING
="2026-08-07 23:06:25",64846,713380,184132,529247,500000,-0.1597,0.1800,+0.0,+0.0000,NONE,RUNNING
="2026-08-07 23:06:26",64840,713380,184132,529247,500000,-0.1597,0.1800,+0.0,+0.0000,NONE,RUNNING
="2026-08-07 23:06:27",64845,723384,184132,539251,500000,-0.1725,0.1800,+0.0,+0.0000,NONE,RUNNING
="2026-08-07 23:06:28",64840,703360,184132,519227,500000,-0.1725,0.1800,+0.0,+0.0000,NONE,RUNNING
="2026-08-07 23:06:29",64840,703360,184132,519227,500000,-0.1686,0.1800,+0.0,+0.0000,NONE,RUNNING
="2026-08-07 23:06:30",64828,687081,184132,502948,500000,-0.1695,0.1800,+0.0,+0.0000,NONE,RUNNING
="2026-08-07 23:06:31",64828,677077,184132,492945,500000,-0.1695,0.1800,+0.0,+0.0000,NONE,RUNNING
="2026-08-07 23:06:32",64830,677077,184132,492945,500000,-0.1654,0.1800,+0.0,+0.0000,NONE,RUNNING
="2026-08-07 23:06:33",64824,687082,184132,502949,500000,-0.1654,0.1800,+0.0,+0.0000,NONE,RUNNING
="2026-08-07 23:06:34",64824,677078,184132,492946,500000,-0.1615,0.1800,+0.0,+0.0000,NONE,RUNNING
="2026-08-07 23:06:35",64824,677078,184132,492946,500000,-0.1615,0.1800,+0.0,+0.0000,NONE,RUNNING
="2026-08-07 23:06:36",64824,687083,184132,502950,500000,-0.1498,0.1800,+0.0,+0.0000,NONE,RUNNING
="2026-08-07 23:06:37",64826,677079,184132,492946,500000,-0.1547,0.1800,+0.0,+0.0000,NONE,RUNNING
="2026-08-07 23:06:38",64826,677079,184132,492946,500000,-0.1547,0.1800,+0.0,+0.0000,NONE,RUNNING
="2026-08-07 23:06:39",64826,658723,165777,492945,500000,-0.1243,0.1800,+0.0,+0.0000,NONE,RUNNING
="2026-08-07 23:06:40",64837,658723,165777,492945,500000,-0.1255,0.1800,+0.0,+0.0000,NONE,RUNNING
="2026-08-07 23:06:41",64836,658723,165777,492945,500000,-0.1255,0.1800,+0.0,+0.0000,NONE,RUNNING
="2026-08-07 23:06:42",64836,658724,165777,492946,500000,-0.1255,0.1800,+0.0,+0.0000,NONE,RUNNING
="2026-08-07 23:06:43",64827,644267,151320,492946,500000,-0.1331,0.1800,+0.0,+0.0000,NONE,RUNNING
="2026-08-07 23:06:44",64829,622436,151320,471115,500000,-0.1304,0.1800,+0.0,+0.0000,NONE,RUNNING
="2026-08-07 23:06:45",64844,612432,151320,461112,500000,-0.1304,0.1800,+0.0,+0.0000,NONE,RUNNING
="2026-08-07 23:06:46",64851,612432,151320,461112,500000,-0.1366,0.1800,+0.0,+0.0000,NONE,RUNNING
="2026-08-07 23:06:47",64854,612432,151320,461112,500000,-0.1366,0.1800,+0.0,+0.0000,NONE,RUNNING
="2026-08-07 23:06:48",64863,602428,151320,451108,500000,-0.1366,0.1800,+0.0,+0.0000,NONE,RUNNING
="2026-08-07 23:06:49",64873,602428,151320,451108,500000,-0.1366,0.1800,+0.0,+0.0000,NONE,RUNNING
="2026-08-07 23:06:50",64873,620933,169825,451108,500000,-0.1366,0.1800,+0.0,+0.0000,NONE,RUNNING
="2026-08-07 23:06:51",64868,674804,223696,451107,500000,-0.1296,0.1800,+0.0,+0.0000,NONE,RUNNING
="2026-08-07 23:06:52",64867,674804,223696,451107,500000,-0.1297,0.1800,+0.0,+0.0000,NONE,RUNNING
="2026-08-07 23:06:53",64871,688854,223696,465157,500000,-0.1297,0.1800,+0.0,+0.0000,NONE,RUNNING
="2026-08-07 23:06:54",64878,688854,223696,465157,500000,-0.1297,0.1800,+0.0,+0.0000,NONE,RUNNING
="2026-08-07 23:06:55",64871,688854,223696,465157,500000,-0.1413,0.1800,+0.0,+0.0000,NONE,RUNNING
="2026-08-07 23:06:56",64871,688854,223696,465157,500000,-0.1356,0.1800,+0.0,+0.0000,NONE,RUNNING
="2026-08-07 23:06:57",64879,658897,223696,435200,500000,-0.1356,0.1800,+0.0,+0.0000,NONE,RUNNING
="2026-08-07 23:06:58",64880,658897,223696,435200,500000,-0.1356,0.1800,+0.0,+0.0000,NONE,RUNNING
="2026-08-07 23:06:59",64880,658897,223696,435200,500000,-0.1356,0.1800,+0.0,+0.0000,NONE,RUNNING
="2026-08-07 23:07:00",64880,540131,114936,425195,500000,-0.1366,0.1800,+0.0,+0.0000,NONE,RUNNING
="2026-08-07 23:07:01",64881,529946,104751,425195,500000,-0.1324,0.1800,+0.0,+0.0000,NONE,RUNNING
="2026-08-07 23:07:02",64880,544782,119586,425195,500000,-0.1324,0.1800,+0.0,+0.0000,NONE,RUNNING
="2026-08-07 23:07:03",64874,544782,119586,425195,500000,-0.0900,0.1800,+0.0,+0.0000,NONE,RUNNING
="2026-08-07 23:07:04",64872,557107,131911,425195,500000,-0.0900,0.1800,+0.0,+0.0000,NONE,RUNNING
="2026-08-07 23:07:06",64864,562505,127305,435200,500000,-0.0900,0.1800,+0.0,+0.0000,NONE,RUNNING
="2026-08-07 23:07:07",64856,552501,127305,425196,500000,-0.0931,0.1800,+0.0,+0.0000,NONE,RUNNING
="2026-08-07 23:07:08",64849,530818,127305,403513,500000,-0.1014,0.1800,+0.0,+0.0000,NONE,RUNNING
="2026-08-07 23:07:09",64848,540822,127305,413517,500000,-0.1014,0.1800,+0.0,+0.0000,NONE,RUNNING
="2026-08-07 23:07:10",64837,541588,138074,403513,500000,-0.0818,0.1800,+0.0,+0.0000,NONE,RUNNING
="2026-08-07 23:07:11",64837,312190,138074,174115,500000,-0.0785,0.1800,+0.0,+0.0000,NONE,RUNNING
="2026-08-07 23:07:12",64837,322194,138074,184119,500000,-0.0772,0.1800,+0.0,+0.0000,NONE,RUNNING
="2026-08-07 23:07:13",64844,312189,138074,174115,500000,-0.0772,0.1800,+0.0,+0.0000,NONE,RUNNING
="2026-08-07 23:07:14",64839,312189,138074,174115,500000,-0.0779,0.1800,+0.0,+0.0000,NONE,RUNNING
="2026-08-07 23:07:15",64847,368764,138074,230689,500000,-0.0779,0.1800,+0.0,+0.0000,NONE,RUNNING
="2026-08-07 23:07:16",64847,358761,138074,220686,500000,-0.0571,0.1800,+0.0,+0.0000,NONE,RUNNING
="2026-08-07 23:07:17",64842,358761,138074,220686,500000,-0.0559,0.1800,+0.0,+0.0000,NONE,RUNNING
="2026-08-07 23:07:18",64840,368765,138074,230690,500000,-0.0559,0.1800,+0.0,+0.0000,NONE,RUNNING
="2026-08-07 23:07:19",64840,358761,138074,220686,500000,-0.0440,0.1800,+0.0,+0.0000,NONE,RUNNING
="2026-08-07 23:07:20",64840,358761,138074,220686,500000,-0.0440,0.1800,+0.0,+0.0000,NONE,RUNNING
="2026-08-07 23:07:21",64828,386553,155862,230690,500000,-0.0439,0.1800,+0.0,+0.0000,NONE,RUNNING
="2026-08-07 23:07:22",64820,464459,243772,220687,500000,-0.0434,0.1800,+0.0,+0.0000,NONE,RUNNING
="2026-08-07 23:07:23",64814,464459,243772,220687,500000,-0.0434,0.1800,+0.0,+0.0000,NONE,RUNNING
="2026-08-07 23:07:24",64814,497263,243772,253491,500000,-0.0199,0.1800,+0.0,+0.0000,NONE,RUNNING
="2026-08-07 23:07:25",64818,497263,243772,253491,500000,-0.0182,0.1800,+0.0,+0.0000,NONE,RUNNING
="2026-08-07 23:07:26",64818,507267,243772,263495,500000,-0.0339,0.1800,+0.0,+0.0000,NONE,RUNNING
="2026-08-07 23:07:27",64823,497263,243772,253491,500000,-0.0339,0.1800,+0.0,+0.0000,NONE,RUNNING
="2026-08-07 23:07:28",64830,497263,243772,253491,500000,-0.0211,0.1800,+0.0,+0.0000,NONE,RUNNING
="2026-08-07 23:07:29",64830,507267,243772,263495,500000,-0.0220,0.1800,+0.0,+0.0000,NONE,RUNNING
="2026-08-07 23:07:30",64837,497262,243772,253490,500000,-0.0220,0.1800,+0.0,+0.0000,NONE,RUNNING
="2026-08-07 23:07:31",64837,497262,243772,253490,500000,-0.0211,0.1800,+0.0,+0.0000,NONE,RUNNING
="2026-08-07 23:07:32",64824,507267,243772,263494,500000,-0.0233,0.1800,+0.0,+0.0000,NONE,RUNNING
="2026-08-07 23:07:33",64824,497262,243772,253490,500000,-0.0233,0.1800,+0.0,+0.0000,NONE,RUNNING
="2026-08-07 23:07:34",64824,497262,243772,253490,500000,-0.0272,0.1800,+0.0,+0.0000,NONE,RUNNING
="2026-08-07 23:07:35",64824,507267,243772,263494,500000,-0.0272,0.1800,+0.0,+0.0000,NONE,RUNNING
="2026-08-07 23:07:36",64824,497262,243772,253490,500000,-0.0272,0.1800,+0.0,+0.0000,NONE,RUNNING
="2026-08-07 23:07:37",64824,497262,243772,253490,500000,-0.0223,0.1800,+0.0,+0.0000,NONE,RUNNING
="2026-08-07 23:07:38",64832,497262,243772,253490,500000,-0.0129,0.1800,+0.0,+0.0000,NONE,RUNNING
="2026-08-07 23:07:39",64840,487259,243772,243487,500000,-0.0129,0.1800,+0.0,+0.0000,NONE,RUNNING
="2026-08-07 23:07:40",64844,487259,243772,243487,500000,-0.0116,0.1800,+0.0,+0.0000,NONE,RUNNING
="2026-08-07 23:07:41",64836,497263,243772,253491,500000,-0.0116,0.1800,+0.0,+0.0000,NONE,RUNNING
="2026-08-07 23:07:42",64834,487259,243772,243487,500000,-0.0117,0.1800,+0.0,+0.0000,NONE,RUNNING
="2026-08-07 23:07:43",64842,487259,243772,243487,500000,-0.0042,0.1800,+0.0,+0.0000,NONE,RUNNING
="2026-08-07 23:07:44",64842,497263,243772,253491,500000,-0.0042,0.1800,+0.0,+0.0000,NONE,RUNNING
="2026-08-07 23:07:45",64837,497263,243772,253491,500000,-0.0042,0.1800,+0.0,+0.0000,NONE,RUNNING
="2026-08-07 23:07:46",64837,497263,243772,253491,500000,+0.0020,0.1800,+0.0,+0.0000,NONE,RUNNING
="2026-08-07 23:07:47",64837,507268,243772,263496,500000,+0.0020,0.1800,+0.0,+0.0000,NONE,RUNNING
="2026-08-07 23:07:48",64836,507268,243772,263496,500000,-0.0023,0.1800,+0.0,+0.0000,NONE,RUNNING
="2026-08-07 23:07:49",64832,507268,243772,263496,500000,-0.0023,0.1800,+0.0,+0.0000,NONE,RUNNING
="2026-08-07 23:07:50",64832,498768,225267,273500,500000,-0.0023,0.1800,+0.0,+0.0000,NONE,RUNNING
="2026-08-07 23:07:51",64828,498768,225267,273500,500000,-0.0083,0.1800,+0.0,+0.0000,NONE,RUNNING
="2026-08-07 23:07:52",64825,423327,159830,263497,500000,-0.0081,0.1800,+0.0,+0.0000,NONE,RUNNING
="2026-08-07 23:07:53",64825,419281,159830,259451,500000,-0.0081,0.1800,+0.0,+0.0000,NONE,RUNNING
="2026-08-07 23:07:54",64826,409277,159830,249446,500000,-0.0092,0.1800,+0.0,+0.0000,NONE,RUNNING
="2026-08-07 23:07:55",64831,409277,159830,249446,500000,+0.0024,0.1800,+0.0,+0.0000,NONE,RUNNING
="2026-08-07 23:07:56",64831,419281,159830,259451,500000,-0.0008,0.1800,+0.0,+0.0000,NONE,RUNNING
="2026-08-07 23:07:57",64843,409277,159830,249446,500000,-0.0008,0.1800,+0.0,+0.0000,NONE,RUNNING
="2026-08-07 23:07:58",64845,409277,159830,249446,500000,-0.0008,0.1800,+0.0,+0.0000,NONE,RUNNING
="2026-08-07 23:07:59",64848,409277,159830,249446,500000,+0.0003,0.1800,+0.0,+0.0000,NONE,RUNNING
="2026-08-07 23:08:00",64848,424538,159830,264707,500000,+0.0003,0.1800,+0.0,+0.0000,NONE,RUNNING
="2026-08-07 23:08:01",64853,424538,159830,264707,500000,+0.0003,0.1800,+0.0,+0.0000,NONE,RUNNING
="2026-08-07 23:08:02",64856,424538,159830,264707,500000,-0.0039,0.1800,+0.0,+0.0000,NONE,RUNNING
="2026-08-07 23:08:03",64856,399698,144995,254702,500000,-0.0066,0.1800,+0.0,+0.0000,NONE,RUNNING
="2026-08-07 23:08:04",64849,409702,144995,264706,500000,-0.0066,0.1800,+0.0,+0.0000,NONE,RUNNING
="2026-08-07 23:08:05",64844,381173,116466,264706,500000,-0.0066,0.1800,+0.0,+0.0000,NONE,RUNNING
="2026-08-07 23:08:06",64844,371169,116466,254702,500000,-0.0210,0.1800,+0.0,+0.0000,NONE,RUNNING
="2026-08-07 23:08:07",64859,401593,116466,285126,500000,-0.0127,0.1800,+0.0,+0.0000,NONE,RUNNING
="2026-08-07 23:08:08",64860,401593,116466,285126,500000,-0.0127,0.1800,+0.0,+0.0000,NONE,RUNNING
="2026-08-07 23:09:08",64823,378518,255696,122821,500000,-0.0242,0.1800,+0.0,+0.0000,NONE,RUNNING
="2026-08-07 23:10:08",64818,331867,51448,280418,500000,-0.0047,0.1800,+0.0,+0.0000,NONE,RUNNING
="2026-08-07 23:11:08",64889,524216,147559,376656,500000,-0.0560,0.1800,+0.0,+0.0000,NONE,RUNNING
="2026-08-07 23:12:08",64792,730160,492650,237509,500000,+0.0037,0.1800,+0.0,+0.0000,NONE,RUNNING
="2026-08-07 23:13:09",64816,586389,194296,392093,500000,-0.0425,0.1800,+0.0,+0.0000,NONE,RUNNING
="2026-08-07 23:14:09",64884,528418,117957,410461,500000,-0.0265,0.1800,+0.0,+0.0000,NONE,RUNNING
="2026-08-07 23:15:09",64801,272586,13449,259137,500000,+0.0394,0.1800,+0.0,+0.0000,NONE,RUNNING
="2026-08-07 23:16:09",64888,445279,45339,399939,500000,+0.0236,0.1800,+0.0,+0.0000,NONE,RUNNING
="2026-08-07 23:17:09",64892,315032,124945,190086,500000,+0.0079,0.1800,+0.0,+0.0000,NONE,RUNNING
="2026-08-07 23:18:09",64885,510395,135470,374924,500000,-0.0464,0.1800,+0.0,+0.0000,NONE,RUNNING
="2026-08-07 23:19:09",64950,652707,279921,372785,500000,-0.0044,0.1800,+0.0,+0.0000,NONE,RUNNING
="2026-08-07 23:20:09",65012,705710,101746,603963,500000,+0.0714,0.1800,+0.0,+0.0000,NONE,RUNNING
="2026-08-07 23:21:09",65059,573687,41621,532066,500000,+0.0063,0.1800,+0.0,+0.0000,NONE,RUNNING
="2026-08-07 23:22:09",65058,1003957,197417,806540,500000,+0.0379,0.1800,+0.0,+0.0000,NONE,RUNNING
="2026-08-07 23:23:09",65014,666082,255259,410823,500000,+0.0240,0.1800,+0.0,+0.0000,NONE,RUNNING
="2026-08-07 23:24:09",65037,660971,32507,628463,500000,+0.0057,0.1800,+0.0,+0.0000,NONE,RUNNING
="2026-08-07 23:25:09",65091,301058,10684,290374,500000,+0.0054,0.1800,+0.0,+0.0000,NONE,RUNNING
="2026-08-07 23:26:09",65086,423091,210900,212191,500000,-0.0111,0.1800,+0.0,+0.0000,NONE,RUNNING
="2026-08-07 23:27:09",65168,509739,47084,462655,500000,-0.0195,0.1800,+0.0,+0.0000,NONE,RUNNING
="2026-08-07 23:28:09",65188,642665,184177,458487,500000,-0.0222,0.1800,+0.0,+0.0000,NONE,RUNNING
="2026-08-07 23:29:09",65179,488796,144716,344080,500000,+0.0274,0.1800,+0.0,+0.0000,NONE,RUNNING
="2026-08-07 23:30:09",65154,940759,237817,702942,500000,+0.0224,0.1800,+0.0,+0.0000,NONE,RUNNING
="2026-08-07 23:31:09",65145,503791,157828,345963,500000,+0.0398,0.1800,+0.0,+0.0000,NONE,RUNNING
="2026-08-07 23:32:10",65120,752126,145209,606917,500000,+0.0104,0.1800,+0.0,+0.0000,NONE,RUNNING
="2026-08-07 23:33:10",65152,789239,338818,450421,500000,+0.0272,0.1800,+0.0,+0.0000,NONE,RUNNING
="2026-08-07 23:34:10",65140,246222,47889,198332,500000,+0.0012,0.1800,+0.0,+0.0000,NONE,RUNNING
="2026-08-07 23:35:10",65194,612471,86873,525597,500000,+0.0142,0.1800,+0.0,+0.0000,NONE,RUNNING
="2026-08-07 23:36:10",65176,463687,129898,333788,500000,+0.0136,0.1800,+0.0,+0.0000,NONE,RUNNING
="2026-08-07 23:37:10",65208,1530699,550825,979874,500000,+0.0260,0.1800,+0.0,+0.0000,NONE,RUNNING
="2026-08-07 23:38:10",65239,1159211,545169,614041,500000,+0.0415,0.1800,+0.0,+0.0000,NONE,RUNNING
="2026-08-07 23:39:10",65233,752981,425175,327806,500000,+0.0304,0.1800,+0.0,+0.0000,NONE,RUNNING
="2026-08-07 23:40:10",65149,621589,479803,141785,500000,+0.0006,0.1800,+0.0,+0.0000,NONE,RUNNING
="2026-08-07 23:41:10",65175,441607,197427,244179,500000,+0.0120,0.1800,+0.0,+0.0000,NONE,RUNNING
="2026-08-07 23:42:10",65211,694420,277433,416986,500000,+0.0150,0.1800,+0.0,+0.0000,NONE,RUNNING
="2026-08-07 23:43:10",65152,914420,331436,582984,500000,+0.0049,0.1800,+0.0,+0.0000,NONE,RUNNING
="2026-08-07 23:44:10",65115,308889,138803,170086,500000,+0.0074,0.1800,+0.0,+0.0000,NONE,RUNNING
="2026-08-07 23:45:10",65102,320944,148063,172881,500000,+0.0188,0.1800,+0.0,+0.0000,NONE,RUNNING
="2026-08-07 23:46:10",65140,234473,57239,177233,500000,+0.0166,0.1800,+0.0,+0.0000,NONE,RUNNING
="2026-08-07 23:47:11",65138,398943,176031,222911,500000,+0.0062,0.1800,+0.0,+0.0000,NONE,RUNNING
="2026-08-07 23:48:11",65144,1698178,816586,881591,500000,+0.0062,0.1800,+0.0,+0.0000,NONE,RUNNING
="2026-08-07 23:49:11",65117,491481,253357,238124,500000,+0.0008,0.1800,+0.0,+0.0000,NONE,RUNNING
="2026-08-07 23:50:11",65109,624824,303737,321086,500000,+0.0059,0.1800,+0.0,+0.0000,NONE,RUNNING
="2026-08-07 23:51:11",65080,526811,356729,170082,500000,+0.0006,0.1800,+0.0,+0.0000,NONE,RUNNING
="2026-08-07 23:52:11",64977,741944,671906,70037,500000,+0.0242,0.1800,+0.0,+0.0000,NONE,RUNNING
="2026-08-07 23:53:11",65022,438228,195973,242255,500000,-0.0082,0.1800,+0.0,+0.0000,NONE,RUNNING
="2026-08-07 23:54:11",65015,649790,105044,544746,500000,+0.0029,0.1800,+0.0,+0.0000,NONE,RUNNING
="2026-08-07 23:55:11",65017,692490,401863,290627,500000,+0.0106,0.1800,+0.0,+0.0000,NONE,RUNNING
="2026-08-07 23:56:11",65042,372701,46754,325946,500000,+0.0087,0.1800,+0.0,+0.0000,NONE,RUNNING
="2026-08-07 23:57:11",64997,501488,323995,177492,500000,+0.0179,0.1800,+0.0,+0.0000,NONE,RUNNING
="2026-08-07 23:58:11",64982,157698,127683,30014,500000,-0.0160,0.1800,+0.0,+0.0000,NONE,RUNNING
="2026-08-07 23:59:11",64996,321240,138060,183180,500000,+0.0119,0.1800,+0.0,+0.0000,NONE,RUNNING
